pair,strategy,entry_time,entry_price,exit_time,exit_price,exit_reason,qty,fees_quote,pnl,pnl_pct,duration_hours,entry_client_order_id,exit_client_order_id
ETH/USDT,supertrend,2021-08-15 21:00,3266.19,2021-08-16 13:59,3209.77,trailing,0.4219,2.7338406160,-26.5374386160,-0.019258,17.00,tb-supertrend-ETHUSDT-1629057600-B,tb-supertrend-ETHUSDT-1629118800-T
BTC/USDT,supertrend,2021-08-15 23:00,47305.10,2021-08-16 13:59,46648.89,trailing,0.03603,3.3870544670,-27.0303007670,-0.015859,15.00,tb-supertrend-BTCUSDT-1629064800-B,tb-supertrend-BTCUSDT-1629118800-T
LINK/USDT,supertrend,2021-08-15 23:00,27.796,2021-08-16 19:59,28.674,trailing,36.99,2.08993714000,30.38728286000,0.029555,21.00,tb-supertrend-LINKUSDT-1629064800-B,tb-supertrend-LINKUSDT-1629140400-T
LINK/USDT,supertrend,2021-08-17 12:00,29.982,2021-08-17 17:59,27.981,stop,25.62,1.48591152000,-52.75153152000,-0.068674,6.00,tb-supertrend-LINKUSDT-1629198000-B,tb-supertrend-LINKUSDT-1629219600-X
BNB/USDT,supertrend,2021-08-17 12:00,433.44,2021-08-17 19:59,413.98,stop,2.674,2.2673014000,-54.3033414000,-0.046853,8.00,tb-supertrend-BNBUSDT-1629198000-B,tb-supertrend-BNBUSDT-1629226800-X
LTC/USDT,supertrend,2021-08-23 03:00,189.73,2021-08-24 01:59,183.27,trailing,6.013,2.2441771100,-41.0881571100,-0.036016,23.00,tb-supertrend-LTCUSDT-1629684000-B,tb-supertrend-LTCUSDT-1629766800-T
ETH/USDT,supertrend,2021-08-23 01:00,3255.35,2021-08-24 13:59,3261.15,trailing,0.4815,3.1393224300,-0.3466224300,-0.000221,37.00,tb-supertrend-ETHUSDT-1629676800-B,tb-supertrend-ETHUSDT-1629810000-T
LINK/USDT,supertrend,2021-08-23 03:00,28.566,2021-08-24 13:59,28.017,trailing,37.24,2.10829356000,-22.55305356000,-0.021201,35.00,tb-supertrend-LINKUSDT-1629684000-B,tb-supertrend-LINKUSDT-1629810000-T
SOL/USDT,supertrend,2021-08-24 03:00,76.34,2021-08-24 14:59,73.72,trailing,9.859,1.4802049400,-27.3107849400,-0.036287,12.00,tb-supertrend-SOLUSDT-1629770400-B,tb-supertrend-SOLUSDT-1629813600-T
BNB/USDT,supertrend,2021-08-25 07:00,494.25,2021-08-25 09:59,469.63,stop,2.062,1.9890033100,-52.7554433100,-0.051764,3.00,tb-supertrend-BNBUSDT-1629871200-B,tb-supertrend-BNBUSDT-1629882000-X
BTC/USDT,supertrend,2021-08-25 19:00,49022.49,2021-08-26 03:59,47805.34,trailing,0.03399,3.2931388447,-44.6640673447,-0.026805,9.00,tb-supertrend-BTCUSDT-1629914400-B,tb-supertrend-BTCUSDT-1629946800-T
ETH/USDT,supertrend,2021-08-25 18:00,3231.28,2021-08-26 04:59,3129.88,trailing,0.3861,2.4573363900,-41.6078763900,-0.033350,11.00,tb-supertrend-ETHUSDT-1629910800-B,tb-supertrend-ETHUSDT-1629950400-T
SOL/USDT,supertrend,2021-08-26 01:00,73.41,2021-08-26 05:59,68.53,trailing,10.244,1.4548408700,-51.4455608700,-0.068411,5.00,tb-supertrend-SOLUSDT-1629936000-B,tb-supertrend-SOLUSDT-1629954000-T
ADA/USDT,supertrend,2021-08-27 12:00,2.7215,2021-08-28 11:59,2.7957,trailing,277.0,1.529080850000,19.024319150000,0.025236,24.00,tb-supertrend-ADAUSDT-1630062000-B,tb-supertrend-ADAUSDT-1630148400-T
ETH/USDT,supertrend,2021-08-27 15:00,3235.30,2021-08-29 03:59,3204.15,trailing,0.4472,2.8813396900,-16.8116196900,-0.011620,37.00,tb-supertrend-ETHUSDT-1630072800-B,tb-supertrend-ETHUSDT-1630206000-T
SOL/USDT,supertrend,2021-08-26 14:00,73.29,2021-08-29 09:59,91.42,trailing,7.676,1.2649002800,137.9009797200,0.245125,68.00,tb-supertrend-SOLUSDT-1629982800-B,tb-supertrend-SOLUSDT-1630227600-T
ETH/USDT,supertrend,2021-08-30 17:00,3275.15,2021-08-30 23:59,3234.82,trailing,0.5126,3.3389757100,-24.0121337100,-0.014303,7.00,tb-supertrend-ETHUSDT-1630339200-B,tb-supertrend-ETHUSDT-1630364400-T
LINK/USDT,supertrend,2021-08-30 19:00,25.612,2021-08-30 23:59,25.268,trailing,48.73,2.48066300000,-19.24378300000,-0.015419,5.00,tb-supertrend-LINKUSDT-1630346400-B,tb-supertrend-LINKUSDT-1630364400-T
LTC/USDT,supertrend,2021-08-30 20:00,176.06,2021-08-30 23:59,169.64,trailing,7.843,2.7127335800,-53.0647935800,-0.038429,4.00,tb-supertrend-LTCUSDT-1630350000-B,tb-supertrend-LTCUSDT-1630364400-T
LTC/USDT,supertrend,2021-08-31 12:00,175.15,2021-09-03 00:59,180.22,trailing,6.492,2.3082880900,30.6061519100,0.026917,61.00,tb-supertrend-LTCUSDT-1630407600-B,tb-supertrend-LTCUSDT-1630627200-T
ETH/USDT,supertrend,2021-08-31 08:00,3364.83,2021-09-03 01:59,3702.59,trailing,0.3695,2.6127576270,122.1895623730,0.098278,66.00,tb-supertrend-ETHUSDT-1630393200-B,tb-supertrend-ETHUSDT-1630630800-T
LINK/USDT,supertrend,2021-08-31 12:00,26.964,2021-09-03 01:59,29.169,trailing,32.59,1.83045303000,70.03049697000,0.079693,62.00,tb-supertrend-LINKUSDT-1630407600-B,tb-supertrend-LINKUSDT-1630630800-T
BTC/USDT,supertrend,2021-09-03 09:00,50086.88,2021-09-04 17:59,49431.65,trailing,0.03576,3.5607861040,-26.9918109040,-0.015070,33.00,tb-supertrend-BTCUSDT-1630656000-B,tb-supertrend-BTCUSDT-1630774800-T
BNB/USDT,supertrend,2021-09-04 13:00,505.21,2021-09-05 06:59,488.38,trailing,3.073,3.0553229100,-54.7739129100,-0.035281,18.00,tb-supertrend-BNBUSDT-1630756800-B,tb-supertrend-BNBUSDT-1630821600-T
ADA/USDT,supertrend,2021-09-05 21:00,2.9529,2021-09-06 11:59,2.8655,trailing,498.7,2.903112530000,-46.489492530000,-0.031569,15.00,tb-supertrend-ADAUSDT-1630872000-B,tb-supertrend-ADAUSDT-1630926000-T
LINK/USDT,supertrend,2021-09-05 16:00,31.513,2021-09-06 12:59,33.176,trailing,38.00,2.45944252000,60.73455748000,0.050718,21.00,tb-supertrend-LINKUSDT-1630854000-B,tb-supertrend-LINKUSDT-1630929600-T
XRP/USDT,supertrend,2021-09-05 16:00,1.2903,2021-09-06 12:59,1.3285,trailing,1156.4,3.029928680000,41.144551320000,0.027575,21.00,tb-supertrend-XRPUSDT-1630854000-B,tb-supertrend-XRPUSDT-1630929600-T
SOL/USDT,supertrend,2021-09-08 20:00,195.05,2021-09-09 18:59,185.99,trailing,1.622,0.6184369800,-15.3137569800,-0.048404,23.00,tb-supertrend-SOLUSDT-1631127600-B,tb-supertrend-SOLUSDT-1631210400-T
XRP/USDT,supertrend,2021-09-10 02:00,1.2185,2021-09-10 03:59,1.1221,stop,520.3,1.218545280000,-51.375465280000,-0.081036,2.00,tb-supertrend-XRPUSDT-1631235600-B,tb-supertrend-XRPUSDT-1631242800-X
BNB/USDT,supertrend,2021-09-10 02:00,440.28,2021-09-10 07:59,418.17,trailing,2.040,1.7525588400,-46.8569588400,-0.052169,6.00,tb-supertrend-BNBUSDT-1631235600-B,tb-supertrend-BNBUSDT-1631257200-T
ADA/USDT,supertrend,2021-09-15 14:00,2.5061,2021-09-16 02:59,2.4428,trailing,403.3,1.997144420000,-27.526034420000,-0.027234,13.00,tb-supertrend-ADAUSDT-1631710800-B,tb-supertrend-ADAUSDT-1631757600-T
XRP/USDT,supertrend,2021-09-15 15:00,1.1022,2021-09-16 14:59,1.0885,trailing,1429.8,3.133916160000,-22.722176160000,-0.014418,24.00,tb-supertrend-XRPUSDT-1631714400-B,tb-supertrend-XRPUSDT-1631800800-T
LTC/USDT,supertrend,2021-09-15 22:00,191.49,2021-09-16 20:59,183.47,stop,6.357,2.3849611500,-53.3681011500,-0.043841,23.00,tb-supertrend-LTCUSDT-1631739600-B,tb-supertrend-LTCUSDT-1631822400-X
BNB/USDT,supertrend,2021-09-18 07:00,419.94,2021-09-18 20:59,408.27,trailing,3.468,2.8739120400,-43.3454720400,-0.029763,14.00,tb-supertrend-BNBUSDT-1631944800-B,tb-supertrend-BNBUSDT-1631995200-T
BTC/USDT,supertrend,2021-09-18 05:00,48425.96,2021-09-19 01:59,47635.74,trailing,0.03972,3.8175077596,-35.2050461596,-0.018303,21.00,tb-supertrend-BTCUSDT-1631937600-B,tb-supertrend-BTCUSDT-1632013200-T
SOL/USDT,supertrend,2021-09-18 07:00,155.82,2021-09-19 11:59,158.19,trailing,3.862,1.2133299000,7.9396101000,0.013194,29.00,tb-supertrend-SOLUSDT-1631944800-B,tb-supertrend-SOLUSDT-1632049200-T
BNB/USDT,supertrend,2021-09-19 17:00,418.24,2021-09-19 22:59,406.38,stop,4.313,3.5586772600,-54.7108572600,-0.030330,6.00,tb-supertrend-BNBUSDT-1632067200-B,tb-supertrend-BNBUSDT-1632088800-X
LINK/USDT,supertrend,2021-10-07 14:00,27.716,2021-10-08 03:59,26.329,trailing,30.83,1.66731599000,-44.42852599000,-0.051995,14.00,tb-supertrend-LINKUSDT-1633611600-B,tb-supertrend-LINKUSDT-1633662000-T
SOL/USDT,supertrend,2021-10-08 11:00,164.96,2021-10-08 23:59,157.43,trailing,4.947,1.5956881300,-38.8465981300,-0.047603,13.00,tb-supertrend-SOLUSDT-1633687200-B,tb-supertrend-SOLUSDT-1633734000-T
LTC/USDT,supertrend,2021-10-11 08:00,184.87,2021-10-11 11:59,177.19,trailing,6.287,2.2775653100,-50.5617253100,-0.043502,4.00,tb-supertrend-LTCUSDT-1633935600-B,tb-supertrend-LTCUSDT-1633950000-T
BNB/USDT,supertrend,2021-10-11 08:00,420.64,2021-10-11 19:59,410.23,trailing,3.901,3.2429064300,-43.8523164300,-0.026724,12.00,tb-supertrend-BNBUSDT-1633935600-B,tb-supertrend-BNBUSDT-1633978800-T
ETH/USDT,supertrend,2021-10-11 08:00,3584.23,2021-10-11 20:59,3481.11,trailing,0.3788,2.6777844860,-41.7396404860,-0.030743,13.00,tb-supertrend-ETHUSDT-1633935600-B,tb-supertrend-ETHUSDT-1633982400-T
BNB/USDT,supertrend,2021-10-12 14:00,431.87,2021-10-13 05:59,438.79,trailing,2.064,1.7983378500,12.4845421500,0.014006,16.00,tb-supertrend-BNBUSDT-1634043600-B,tb-supertrend-BNBUSDT-1634101200-T
SOL/USDT,supertrend,2021-10-12 17:00,149.69,2021-10-13 13:59,145.00,trailing,4.417,1.3023941800,-22.0181241800,-0.033301,21.00,tb-supertrend-SOLUSDT-1634054400-B,tb-supertrend-SOLUSDT-1634130000-T
LINK/USDT,supertrend,2021-10-13 21:00,25.331,2021-10-15 00:59,26.258,trailing,37.24,1.92218760000,32.59929240000,0.034558,28.00,tb-supertrend-LINKUSDT-1634155200-B,tb-supertrend-LINKUSDT-1634256000-T
BTC/USDT,supertrend,2021-10-13 17:00,57055.62,2021-10-16 12:59,60660.76,trailing,0.02109,2.4843501244,73.5480524756,0.061122,68.00,tb-supertrend-BTCUSDT-1634140800-B,tb-supertrend-BTCUSDT-1634385600-T
LTC/USDT,supertrend,2021-10-13 13:00,178.36,2021-10-16 20:59,185.61,trailing,5.259,1.9151883900,36.2125616100,0.038606,80.00,tb-supertrend-LTCUSDT-1634126400-B,tb-supertrend-LTCUSDT-1634414400-T
SOL/USDT,supertrend,2021-10-15 05:00,155.00,2021-10-16 21:59,156.73,trailing,6.559,2.0457220700,9.3013479300,0.009149,41.00,tb-supertrend-SOLUSDT-1634270400-B,tb-supertrend-SOLUSDT-1634418000-T
BTC/USDT,supertrend,2021-10-18 00:00,61651.38,2021-10-18 09:59,60680.53,trailing,0.02559,3.1323231156,-27.9763746156,-0.017733,10.00,tb-supertrend-BTCUSDT-1634511600-B,tb-supertrend-BTCUSDT-1634547600-T
ETH/USDT,supertrend,2021-10-18 00:00,3854.70,2021-10-18 10:59,3746.39,trailing,0.3325,2.5289043100,-38.5419793100,-0.030071,11.00,tb-supertrend-ETHUSDT-1634511600-B,tb-supertrend-ETHUSDT-1634551200-T
BNB/USDT,supertrend,2021-10-18 01:00,474.25,2021-10-19 14:59,479.41,trailing,3.326,3.1737701600,13.9883898400,0.008868,38.00,tb-supertrend-BNBUSDT-1634515200-B,tb-supertrend-BNBUSDT-1634652000-T
BTC/USDT,supertrend,2021-10-19 17:00,63295.33,2021-10-21 01:59,65019.93,trailing,0.02300,2.9531498399,36.7126501601,0.025218,33.00,tb-supertrend-BTCUSDT-1634659200-B,tb-supertrend-BTCUSDT-1634778000-T
ETH/USDT,supertrend,2021-10-19 23:00,3886.21,2021-10-21 12:59,4141.77,trailing,0.3875,3.1123967390,95.9171032610,0.063694,38.00,tb-supertrend-ETHUSDT-1634680800-B,tb-supertrend-ETHUSDT-1634817600-T
XRP/USDT,supertrend,2021-10-20 09:00,1.1174,2021-10-21 12:59,1.1177,trailing,1426.6,3.190269760000,-2.762289760000,-0.001733,28.00,tb-supertrend-XRPUSDT-1634716800-B,tb-supertrend-XRPUSDT-1634817600-T
BNB/USDT,supertrend,2021-10-22 09:00,498.20,2021-10-22 14:59,480.00,trailing,2.612,2.5565530000,-50.0949530000,-0.038496,6.00,tb-supertrend-BNBUSDT-1634889600-B,tb-supertrend-BNBUSDT-1634911200-T
ETH/USDT,supertrend,2021-10-23 18:00,4113.77,2021-10-24 11:59,4046.39,trailing,0.3446,2.8136366400,-26.0327846400,-0.018364,18.00,tb-supertrend-ETHUSDT-1635008400-B,tb-supertrend-ETHUSDT-1635073200-T
LTC/USDT,supertrend,2021-10-24 04:00,198.70,2021-10-24 11:59,192.58,trailing,7.687,3.0093589600,-50.0537989600,-0.032770,8.00,tb-supertrend-LTCUSDT-1635044400-B,tb-supertrend-LTCUSDT-1635073200-T
SOL/USDT,supertrend,2021-10-24 22:00,200.21,2021-10-26 04:59,206.53,trailing,4.422,1.7996053300,26.1474346700,0.029534,31.00,tb-supertrend-SOLUSDT-1635109200-B,tb-supertrend-SOLUSDT-1635220800-T
BTC/USDT,supertrend,2021-10-25 01:00,61937.03,2021-10-26 04:59,62153.85,trailing,0.02709,3.3634800536,2.5101737464,0.001496,28.00,tb-supertrend-BTCUSDT-1635120000-B,tb-supertrend-BTCUSDT-1635220800-T
ETH/USDT,supertrend,2021-10-25 01:00,4140.24,2021-10-26 14:59,4133.71,trailing,0.3584,2.9670397720,-5.3073917720,-0.003577,38.00,tb-supertrend-ETHUSDT-1635120000-B,tb-supertrend-ETHUSDT-1635256800-T
LTC/USDT,supertrend,2021-10-27 00:00,197.90,2021-10-27 07:59,194.67,trailing,6.803,2.6720390100,-24.6457290100,-0.018306,8.00,tb-supertrend-LTCUSDT-1635289200-B,tb-supertrend-LTCUSDT-1635318000-T
ADA/USDT,supertrend,2021-10-28 09:00,2.0572,2021-10-28 18:59,1.9476,trailing,359.6,1.440948960000,-40.853108960000,-0.055224,10.00,tb-supertrend-ADAUSDT-1635408000-B,tb-supertrend-ADAUSDT-1635444000-T
BTC/USDT,supertrend,2021-10-28 09:00,60681.50,2021-10-28 18:59,59726.26,trailing,0.02329,2.8061171800,-25.0536567800,-0.017727,10.00,tb-supertrend-BTCUSDT-1635408000-B,tb-supertrend-BTCUSDT-1635444000-T
LINK/USDT,supertrend,2021-10-29 03:00,31.584,2021-10-30 02:59,30.408,trailing,25.73,1.59600168000,-31.85448168000,-0.039198,24.00,tb-supertrend-LINKUSDT-1635472800-B,tb-supertrend-LINKUSDT-1635559200-T
LTC/USDT,supertrend,2021-10-28 20:00,193.39,2021-10-30 08:59,191.03,trailing,4.892,1.8815495900,-13.4266695900,-0.014192,37.00,tb-supertrend-LTCUSDT-1635447600-B,tb-supertrend-LTCUSDT-1635580800-T
BNB/USDT,supertrend,2021-10-28 09:00,479.96,2021-10-30 13:59,516.66,trailing,2.219,2.2129396600,79.2243603400,0.074387,53.00,tb-supertrend-BNBUSDT-1635408000-B,tb-supertrend-BNBUSDT-1635598800-T
ADA/USDT,supertrend,2021-10-31 03:00,2.0091,2021-10-31 10:59,1.9378,trailing,660.8,2.609517890000,-49.724557890000,-0.037454,8.00,tb-supertrend-ADAUSDT-1635645600-B,tb-supertrend-ADAUSDT-1635674400-T
LINK/USDT,supertrend,2021-11-01 01:00,30.381,2021-11-01 04:59,29.209,trailing,40.96,2.44232545000,-50.44744545000,-0.040539,4.00,tb-supertrend-LINKUSDT-1635724800-B,tb-supertrend-LINKUSDT-1635739200-T
BTC/USDT,supertrend,2021-11-01 08:00,62300.65,2021-11-01 18:59,60433.77,trailing,0.02250,2.7633934745,-44.7681934745,-0.031937,11.00,tb-supertrend-BTCUSDT-1635750000-B,tb-supertrend-BTCUSDT-1635789600-T
BNB/USDT,supertrend,2021-11-01 10:00,534.97,2021-11-03 00:59,547.01,trailing,2.584,2.7974412300,28.3139187700,0.020482,39.00,tb-supertrend-BNBUSDT-1635757200-B,tb-supertrend-BNBUSDT-1635897600-T
LTC/USDT,supertrend,2021-11-01 23:00,197.00,2021-11-03 12:59,199.27,trailing,5.923,2.3482892100,11.0969207900,0.009510,38.00,tb-supertrend-LTCUSDT-1635804000-B,tb-supertrend-LTCUSDT-1635940800-T
BNB/USDT,supertrend,2021-11-03 19:00,563.63,2021-11-03 22:59,547.33,trailing,2.152,2.3924768100,-37.4700768100,-0.030892,4.00,tb-supertrend-BNBUSDT-1635962400-B,tb-supertrend-BNBUSDT-1635976800-T
SOL/USDT,supertrend,2021-10-31 16:00,195.38,2021-11-05 12:59,235.10,trailing,4.172,1.7969394600,163.9149005400,0.201092,117.00,tb-supertrend-SOLUSDT-1635692400-B,tb-supertrend-SOLUSDT-1636113600-T
LINK/USDT,supertrend,2021-11-05 13:00,33.097,2021-11-06 07:59,32.098,trailing,33.23,2.16775373000,-35.36452373000,-0.032155,19.00,tb-supertrend-LINKUSDT-1636113600-B,tb-supertrend-LINKUSDT-1636182000-T
BNB/USDT,supertrend,2021-11-05 04:00,581.57,2021-11-06 12:59,596.52,trailing,2.385,2.8114893600,32.8442606400,0.023679,33.00,tb-supertrend-BNBUSDT-1636081200-B,tb-supertrend-BNBUSDT-1636200000-T
XRP/USDT,supertrend,2021-11-07 06:00,1.1714,2021-11-09 11:59,1.2310,trailing,1202.2,2.889688100000,68.761431900000,0.048827,54.00,tb-supertrend-XRPUSDT-1636261200-B,tb-supertrend-XRPUSDT-1636455600-T
BTC/USDT,supertrend,2021-11-07 01:00,62044.04,2021-11-09 15:59,66697.37,trailing,0.03025,3.8969094116,136.8663230884,0.072924,63.00,tb-supertrend-BTCUSDT-1636243200-B,tb-supertrend-BTCUSDT-1636470000-T
ETH/USDT,supertrend,2021-11-06 20:00,4502.73,2021-11-09 19:59,4721.65,trailing,0.4022,3.7122970010,84.3373269990,0.046570,72.00,tb-supertrend-ETHUSDT-1636225200-B,tb-supertrend-ETHUSDT-1636484400-T
BNB/USDT,supertrend,2021-11-10 10:00,648.10,2021-11-10 19:59,636.50,trailing,2.470,3.1749063000,-31.8269063000,-0.019882,10.00,tb-supertrend-BNBUSDT-1636534800-B,tb-supertrend-BNBUSDT-1636570800-T
LINK/USDT,supertrend,2021-11-10 14:00,36.674,2021-11-10 19:59,35.926,trailing,25.60,1.85966022000,-21.00846022000,-0.022377,6.00,tb-supertrend-LINKUSDT-1636549200-B,tb-supertrend-LINKUSDT-1636570800-T
XRP/USDT,supertrend,2021-11-10 14:00,1.3153,2021-11-10 20:59,1.2583,trailing,743.6,1.914781200000,-44.299981200000,-0.045294,7.00,tb-supertrend-XRPUSDT-1636549200-B,tb-supertrend-XRPUSDT-1636574400-T
SOL/USDT,supertrend,2021-11-11 06:00,243.44,2021-11-11 23:59,234.12,trailing,3.412,1.6304084800,-33.4302484800,-0.040247,18.00,tb-supertrend-SOLUSDT-1636606800-B,tb-supertrend-SOLUSDT-1636671600-T
BNB/USDT,supertrend,2021-11-13 12:00,633.87,2021-11-14 08:59,635.71,trailing,2.777,3.5275252700,1.5821547300,0.000899,21.00,tb-supertrend-BNBUSDT-1636801200-B,tb-supertrend-BNBUSDT-1636876800-T
LTC/USDT,supertrend,2021-11-13 15:00,260.93,2021-11-14 08:59,249.42,trailing,2.865,1.4629355400,-34.4390855400,-0.046068,18.00,tb-supertrend-LTCUSDT-1636812000-B,tb-supertrend-LTCUSDT-1636876800-T
SOL/USDT,supertrend,2021-11-13 15:00,235.24,2021-11-14 16:59,233.34,trailing,5.444,2.5523609600,-12.8959609600,-0.010070,26.00,tb-supertrend-SOLUSDT-1636812000-B,tb-supertrend-SOLUSDT-1636905600-T
LINK/USDT,supertrend,2021-11-15 01:00,34.129,2021-11-15 15:59,33.211,trailing,39.40,2.65456116000,-38.82376116000,-0.028872,15.00,tb-supertrend-LINKUSDT-1636934400-B,tb-supertrend-LINKUSDT-1636988400-T
XRP/USDT,supertrend,2021-11-15 01:00,1.2137,2021-11-15 16:59,1.1812,trailing,1460.5,3.499572000000,-50.965822000000,-0.028752,16.00,tb-supertrend-XRPUSDT-1636934400-B,tb-supertrend-XRPUSDT-1636992000-T
ETH/USDT,supertrend,2021-11-15 01:00,4683.79,2021-11-15 16:59,4618.37,trailing,0.3785,3.5227410810,-28.2842110810,-0.015954,16.00,tb-supertrend-ETHUSDT-1636934400-B,tb-supertrend-ETHUSDT-1636992000-T
BNB/USDT,supertrend,2023-01-16 02:00,306.22,2023-01-16 08:59,297.96,trailing,5.925,3.5816038200,-52.5221038200,-0.028948,7.00,tb-supertrend-BNBUSDT-1673830800-B,tb-supertrend-BNBUSDT-1673856000-T
XRP/USDT,supertrend,2023-01-16 04:00,0.4062,2023-01-16 08:59,0.3909,trailing,3423.0,2.729895000000,-55.101795000000,-0.039630,5.00,tb-supertrend-XRPUSDT-1673838000-B,tb-supertrend-XRPUSDT-1673856000-T
ADA/USDT,supertrend,2023-01-16 05:00,0.3618,2023-01-16 08:59,0.3478,trailing,3575.6,2.538548240000,-52.596948240000,-0.040658,4.00,tb-supertrend-ADAUSDT-1673841600-B,tb-supertrend-ADAUSDT-1673856000-T
LINK/USDT,supertrend,2023-01-17 20:00,6.878,2023-01-18 10:59,6.691,trailing,180.70,2.45322512000,-36.24412512000,-0.029162,15.00,tb-supertrend-LINKUSDT-1673982000-B,tb-supertrend-LINKUSDT-1674036000-T
LTC/USDT,supertrend,2023-01-17 12:00,88.15,2023-01-18 15:59,85.55,trailing,18.069,3.1402601500,-50.1196601500,-0.031467,28.00,tb-supertrend-LTCUSDT-1673953200-B,tb-supertrend-LTCUSDT-1674054000-T
XRP/USDT,supertrend,2023-01-17 21:00,0.3953,2023-01-18 15:59,0.3834,trailing,3856.9,3.004909700000,-48.902019700000,-0.032075,19.00,tb-supertrend-XRPUSDT-1673985600-B,tb-supertrend-XRPUSDT-1674054000-T
BNB/USDT,supertrend,2023-01-20 02:00,295.80,2023-01-20 05:59,288.94,trailing,4.993,2.9210858200,-37.1730658200,-0.025169,4.00,tb-supertrend-BNBUSDT-1674176400-B,tb-supertrend-BNBUSDT-1674190800-T
ETH/USDT,supertrend,2023-01-19 20:00,1555.06,2023-01-21 10:59,1620.19,trailing,1.1705,3.7184962020,72.5161687980,0.039840,39.00,tb-supertrend-ETHUSDT-1674154800-B,tb-supertrend-ETHUSDT-1674295200-T
LTC/USDT,supertrend,2023-01-20 11:00,84.80,2023-01-21 23:59,87.62,trailing,17.302,2.9847372400,45.8069027600,0.031220,37.00,tb-supertrend-LTCUSDT-1674208800-B,tb-supertrend-LTCUSDT-1674342000-T
BTC/USDT,supertrend,2023-01-19 20:00,21134.29,2023-01-22 11:59,22692.48,trailing,0.09314,4.0841387896,141.0456778104,0.071653,64.00,tb-supertrend-BTCUSDT-1674154800-B,tb-supertrend-BTCUSDT-1674385200-T
LINK/USDT,supertrend,2023-01-22 17:00,7.166,2023-01-22 20:59,6.841,trailing,144.49,2.02494633000,-48.98419633000,-0.047309,4.00,tb-supertrend-LINKUSDT-1674403200-B,tb-supertrend-LINKUSDT-1674417600-T
LTC/USDT,supertrend,2023-01-23 12:00,92.19,2023-01-24 13:59,89.32,trailing,15.322,2.7825712600,-46.7567112600,-0.033101,26.00,tb-supertrend-LTCUSDT-1674471600-B,tb-supertrend-LTCUSDT-1674565200-T
XRP/USDT,supertrend,2023-01-23 08:00,0.4144,2023-01-24 21:59,0.4141,trailing,3740.5,3.100578970000,-4.222728970000,-0.002724,38.00,tb-supertrend-XRPUSDT-1674457200-B,tb-supertrend-XRPUSDT-1674594000-T
SOL/USDT,supertrend,2023-01-25 13:00,24.33,2023-01-25 15:59,22.96,stop,37.304,1.7650307000,-52.8715107000,-0.058254,3.00,tb-supertrend-SOLUSDT-1674648000-B,tb-supertrend-SOLUSDT-1674658800-X
BTC/USDT,supertrend,2023-01-25 22:00,23639.75,2023-01-25 22:59,22954.51,stop,0.06756,3.1495629925,-49.4443773925,-0.030959,1.00,tb-supertrend-BTCUSDT-1674680400-B,tb-supertrend-BTCUSDT-1674684000-X
ETH/USDT,supertrend,2023-01-25 21:00,1583.86,2023-01-26 16:59,1580.03,trailing,1.2124,3.8379592520,-8.4814512520,-0.004417,20.00,tb-supertrend-ETHUSDT-1674676800-B,tb-supertrend-ETHUSDT-1674748800-T
ADA/USDT,supertrend,2023-01-25 21:00,0.3675,2023-01-27 01:59,0.3707,trailing,3955.6,2.921493920000,9.736426080000,0.006698,29.00,tb-supertrend-ADAUSDT-1674676800-B,tb-supertrend-ADAUSDT-1674781200-T
LTC/USDT,supertrend,2023-01-28 04:00,89.61,2023-01-28 13:59,87.48,trailing,22.131,3.9212398200,-51.0602698200,-0.025747,10.00,tb-supertrend-LTCUSDT-1674874800-B,tb-supertrend-LTCUSDT-1674910800-T
XRP/USDT,supertrend,2023-01-29 19:00,0.4155,2023-01-30 02:59,0.4097,trailing,3620.7,2.989338990000,-23.989398990000,-0.015946,8.00,tb-supertrend-XRPUSDT-1675015200-B,tb-supertrend-XRPUSDT-1675044000-T
LINK/USDT,supertrend,2023-01-29 10:00,7.400,2023-01-30 07:59,7.206,trailing,223.31,3.26336786000,-46.58550786000,-0.028191,22.00,tb-supertrend-LINKUSDT-1674982800-B,tb-supertrend-LINKUSDT-1675062000-T
ETH/USDT,supertrend,2023-01-29 02:00,1605.90,2023-01-30 08:59,1615.84,trailing,1.2421,4.0038109200,8.3426630800,0.004182,31.00,tb-supertrend-ETHUSDT-1674954000-B,tb-supertrend-ETHUSDT-1675065600-T
ADA/USDT,supertrend,2023-01-31 16:00,0.3968,2023-01-31 21:59,0.3822,stop,3475.3,2.708647500000,-53.448027500000,-0.038759,6.00,tb-supertrend-ADAUSDT-1675177200-B,tb-supertrend-ADAUSDT-1675198800-X
SOL/USDT,supertrend,2023-02-01 20:00,24.29,2023-02-02 14:59,24.64,trailing,36.782,1.8006419900,11.0730580100,0.012394,19.00,tb-supertrend-SOLUSDT-1675278000-B,tb-supertrend-SOLUSDT-1675346400-T
ADA/USDT,supertrend,2023-02-01 20:00,0.3883,2023-02-02 21:59,0.3963,trailing,2961.2,2.324522420000,21.365077580000,0.018581,26.00,tb-supertrend-ADAUSDT-1675278000-B,tb-supertrend-ADAUSDT-1675371600-T
BNB/USDT,supertrend,2023-02-01 20:00,315.13,2023-02-02 21:59,321.99,trailing,6.036,3.8478622300,37.5590977700,0.019746,26.00,tb-supertrend-BNBUSDT-1675278000-B,tb-supertrend-BNBUSDT-1675371600-T
BNB/USDT,supertrend,2023-02-03 13:00,335.17,2023-02-04 09:59,327.04,trailing,4.799,3.1796216400,-42.1954916400,-0.026233,21.00,tb-supertrend-BNBUSDT-1675425600-B,tb-supertrend-BNBUSDT-1675501200-T
ETH/USDT,supertrend,2023-02-04 14:00,1687.60,2023-02-05 03:59,1653.93,trailing,1.4780,4.9413127400,-54.7055727400,-0.021932,14.00,tb-supertrend-ETHUSDT-1675515600-B,tb-supertrend-ETHUSDT-1675566000-T
ADA/USDT,supertrend,2023-02-06 01:00,0.4004,2023-02-06 05:59,0.3878,trailing,4128.2,3.255528920000,-55.270848920000,-0.033438,5.00,tb-supertrend-ADAUSDT-1675641600-B,tb-supertrend-ADAUSDT-1675659600-T
LTC/USDT,supertrend,2023-02-06 18:00,97.84,2023-02-06 23:59,95.42,trailing,20.383,3.9412732200,-53.2681332200,-0.026711,6.00,tb-supertrend-LTCUSDT-1675702800-B,tb-supertrend-LTCUSDT-1675724400-T
LINK/USDT,supertrend,2023-02-07 13:00,7.067,2023-02-07 18:59,6.911,trailing,312.38,4.36870908000,-53.09998908000,-0.024053,6.00,tb-supertrend-LINKUSDT-1675771200-B,tb-supertrend-LINKUSDT-1675792800-T
BTC/USDT,supertrend,2023-02-07 18:00,23329.49,2023-02-07 18:59,22894.07,stop,0.08193,3.7891959298,-39.4631565298,-0.020646,1.00,tb-supertrend-BTCUSDT-1675789200-B,tb-supertrend-BTCUSDT-1675792800-X
ETH/USDT,supertrend,2023-02-07 18:00,1675.09,2023-02-07 18:59,1633.94,stop,0.8558,2.8333754530,-38.0495454530,-0.026542,1.00,tb-supertrend-ETHUSDT-1675789200-B,tb-supertrend-ETHUSDT-1675792800-X
XRP/USDT,supertrend,2023-02-07 21:00,0.4025,2023-02-08 16:59,0.3960,trailing,4652.3,3.716753300000,-33.956703300000,-0.018134,20.00,tb-supertrend-XRPUSDT-1675800000-B,tb-supertrend-XRPUSDT-1675872000-T
LINK/USDT,supertrend,2023-02-09 08:00,7.462,2023-02-09 19:59,7.286,trailing,136.27,2.01075464000,-25.99427464000,-0.025564,12.00,tb-supertrend-LINKUSDT-1675926000-B,tb-supertrend-LINKUSDT-1675969200-T
XRP/USDT,supertrend,2023-02-09 15:00,0.4049,2023-02-09 19:59,0.3939,stop,4783.1,3.822683800000,-56.436783800000,-0.029141,5.00,tb-supertrend-XRPUSDT-1675951200-B,tb-supertrend-XRPUSDT-1675969200-X
LTC/USDT,supertrend,2023-02-11 04:00,94.82,2023-02-12 21:59,92.77,trailing,15.367,2.8842126500,-34.3865626500,-0.023599,42.00,tb-supertrend-LTCUSDT-1676084400-B,tb-supertrend-LTCUSDT-1676235600-T
ADA/USDT,supertrend,2023-02-11 23:00,0.3691,2023-02-12 21:59,0.3647,trailing,5522.5,4.054477460000,-28.353477460000,-0.013910,23.00,tb-supertrend-ADAUSDT-1676152800-B,tb-supertrend-ADAUSDT-1676235600-T
BTC/USDT,supertrend,2023-02-12 00:00,21905.75,2023-02-12 21:59,21706.17,trailing,0.06974,3.0430287075,-16.9617379075,-0.011103,22.00,tb-supertrend-BTCUSDT-1676156400-B,tb-supertrend-BTCUSDT-1676235600-T
ADA/USDT,supertrend,2023-02-14 10:00,0.3624,2023-02-16 07:59,0.4045,trailing,5087.3,3.903298610000,210.272031390000,0.114053,46.00,tb-supertrend-ADAUSDT-1676365200-B,tb-supertrend-ADAUSDT-1676530800-T
SOL/USDT,supertrend,2023-02-14 10:00,21.51,2023-02-16 21:59,22.97,trailing,51.117,2.2748026800,72.3560173200,0.065807,60.00,tb-supertrend-SOLUSDT-1676365200-B,tb-supertrend-SOLUSDT-1676581200-T
LTC/USDT,supertrend,2023-02-14 15:00,94.77,2023-02-16 22:59,100.08,trailing,14.910,2.9066350500,76.2654649500,0.053973,56.00,tb-supertrend-LTCUSDT-1676383200-B,tb-supertrend-LTCUSDT-1676584800-T
LINK/USDT,supertrend,2023-02-17 18:00,7.451,2023-02-19 17:59,7.866,trailing,162.64,2.49242355000,65.00317645000,0.053640,48.00,tb-supertrend-LINKUSDT-1676653200-B,tb-supertrend-LINKUSDT-1676826000-T
SOL/USDT,supertrend,2023-02-17 20:00,23.51,2023-02-19 17:59,24.20,trailing,54.227,2.5884632200,34.8281667800,0.027319,46.00,tb-supertrend-SOLUSDT-1676660400-B,tb-supertrend-SOLUSDT-1676826000-T
BTC/USDT,supertrend,2023-02-17 20:00,24573.54,2023-02-19 17:59,24505.53,trailing,0.06048,2.9700222970,-7.0832670970,-0.004766,46.00,tb-supertrend-BTCUSDT-1676660400-B,tb-supertrend-BTCUSDT-1676826000-T
BNB/USDT,supertrend,2023-02-20 11:00,319.94,2023-02-20 16:59,312.90,trailing,4.681,2.9639237400,-35.9181637400,-0.023983,6.00,tb-supertrend-BNBUSDT-1676887200-B,tb-supertrend-BNBUSDT-1676908800-T
ETH/USDT,supertrend,2023-02-20 10:00,1715.16,2023-02-21 08:59,1678.71,trailing,1.1642,3.9532016440,-46.3882916440,-0.023231,23.00,tb-supertrend-ETHUSDT-1676883600-B,tb-supertrend-ETHUSDT-1676966400-T
BTC/USDT,supertrend,2023-02-20 10:00,24932.33,2023-02-21 12:59,24501.93,trailing,0.07982,3.9478372170,-38.3023652170,-0.019246,27.00,tb-supertrend-BTCUSDT-1676883600-B,tb-supertrend-BTCUSDT-1676980800-T
BNB/USDT,supertrend,2023-02-23 00:00,313.13,2023-02-23 11:59,307.89,trailing,6.868,4.2673572700,-40.2556772700,-0.018719,12.00,tb-supertrend-BNBUSDT-1677106800-B,tb-supertrend-BNBUSDT-1677150000-T
ETH/USDT,supertrend,2023-02-23 03:00,1675.35,2023-02-23 11:59,1636.52,trailing,0.9623,3.1886878550,-40.5547968550,-0.025155,9.00,tb-supertrend-ETHUSDT-1677117600-B,tb-supertrend-ETHUSDT-1677150000-T
LINK/USDT,supertrend,2023-02-22 23:00,7.699,2023-02-23 18:59,7.726,trailing,163.33,2.52067408000,1.88923592000,0.001502,20.00,tb-supertrend-LINKUSDT-1677103200-B,tb-supertrend-LINKUSDT-1677175200-T
SOL/USDT,supertrend,2023-02-26 03:00,22.71,2023-02-27 08:59,22.67,trailing,50.222,2.2802325700,-4.2891125700,-0.003761,30.00,tb-supertrend-SOLUSDT-1677376800-B,tb-supertrend-SOLUSDT-1677484800-T
ETH/USDT,supertrend,2023-02-26 03:00,1607.03,2023-02-27 16:59,1627.92,trailing,1.5211,4.9232536910,26.8525253090,0.010985,38.00,tb-supertrend-ETHUSDT-1677376800-B,tb-supertrend-ETHUSDT-1677513600-T
BTC/USDT,supertrend,2023-02-26 03:00,23283.77,2023-02-27 16:59,23343.42,trailing,0.06650,3.1023379989,0.8643870011,0.000558,38.00,tb-supertrend-BTCUSDT-1677376800-B,tb-supertrend-BTCUSDT-1677513600-T
XRP/USDT,supertrend,2023-02-27 15:00,0.3793,2023-02-28 02:59,0.3719,stop,3809.8,2.863401030000,-31.055921030000,-0.021491,12.00,tb-supertrend-XRPUSDT-1677506400-B,tb-supertrend-XRPUSDT-1677549600-X
LTC/USDT,supertrend,2023-02-28 16:00,95.88,2023-02-28 21:59,93.84,stop,25.478,4.8361790400,-56.8112990400,-0.023256,6.00,tb-supertrend-LTCUSDT-1677596400-B,tb-supertrend-LTCUSDT-1677618000-X
XRP/USDT,supertrend,2023-03-03 23:00,0.3760,2023-03-04 19:59,0.3710,trailing,5716.1,4.272107500000,-32.852607500000,-0.015286,21.00,tb-supertrend-XRPUSDT-1677880800-B,tb-supertrend-XRPUSDT-1677956400-T
BNB/USDT,supertrend,2023-03-16 07:00,316.04,2023-03-16 12:59,309.23,trailing,4.409,2.7583956300,-32.7836856300,-0.023527,6.00,tb-supertrend-BNBUSDT-1678946400-B,tb-supertrend-BNBUSDT-1678968000-T
ETH/USDT,supertrend,2023-03-17 02:00,1699.18,2023-03-17 14:59,1701.50,trailing,0.8997,3.0612909760,-0.9739869760,-0.000637,13.00,tb-supertrend-ETHUSDT-1679014800-B,tb-supertrend-ETHUSDT-1679061600-T
LINK/USDT,supertrend,2023-03-17 04:00,6.931,2023-03-18 15:59,6.978,trailing,165.23,2.29936234000,5.46644766000,0.004773,36.00,tb-supertrend-LINKUSDT-1679022000-B,tb-supertrend-LINKUSDT-1679151600-T
BTC/USDT,supertrend,2023-03-17 02:00,25715.11,2023-03-18 16:59,26676.13,trailing,0.05245,2.7494634461,47.6560355539,0.035333,39.00,tb-supertrend-BTCUSDT-1679014800-B,tb-supertrend-BTCUSDT-1679155200-T
ETH/USDT,supertrend,2023-03-19 19:00,1825.97,2023-03-20 00:59,1767.80,stop,0.8879,3.1925517560,-54.8416947560,-0.033826,6.00,tb-supertrend-ETHUSDT-1679248800-B,tb-supertrend-ETHUSDT-1679270400-X
ADA/USDT,supertrend,2023-03-19 19:00,0.3513,2023-03-20 02:59,0.3384,trailing,3990.8,2.753859960000,-54.235179960000,-0.038685,8.00,tb-supertrend-ADAUSDT-1679248800-B,tb-supertrend-ADAUSDT-1679277600-T
LINK/USDT,supertrend,2023-03-19 19:00,7.244,2023-03-20 03:59,6.985,stop,198.44,2.82505156000,-54.22101156000,-0.037719,9.00,tb-supertrend-LINKUSDT-1679248800-B,tb-supertrend-LINKUSDT-1679281200-X
LINK/USDT,supertrend,2023-03-20 11:00,7.374,2023-03-20 23:59,7.024,stop,142.18,2.04821374000,-51.81121374000,-0.049418,13.00,tb-supertrend-LINKUSDT-1679306400-B,tb-supertrend-LINKUSDT-1679353200-X
XRP/USDT,supertrend,2023-03-21 10:00,0.3879,2023-03-21 22:59,0.4554,trailing,3503.5,2.955897990000,233.530352010000,0.171839,13.00,tb-supertrend-XRPUSDT-1679389200-B,tb-supertrend-XRPUSDT-1679436000-T
BNB/USDT,supertrend,2023-03-22 07:00,339.58,2023-03-22 09:59,331.28,stop,5.363,3.5998596600,-48.1127596600,-0.026419,3.00,tb-supertrend-BNBUSDT-1679464800-B,tb-supertrend-BNBUSDT-1679475600-X
ETH/USDT,supertrend,2023-03-21 13:00,1809.13,2023-03-22 17:59,1773.93,trailing,0.8052,2.8867081330,-31.2297481330,-0.021439,29.00,tb-supertrend-ETHUSDT-1679400000-B,tb-supertrend-ETHUSDT-1679504400-T
LINK/USDT,supertrend,2023-03-21 13:00,7.323,2023-03-22 18:59,7.303,trailing,133.42,1.95242614000,-4.62082614000,-0.004729,30.00,tb-supertrend-LINKUSDT-1679400000-B,tb-supertrend-LINKUSDT-1679508000-T
ADA/USDT,supertrend,2023-03-23 15:00,0.3785,2023-03-24 04:59,0.3643,trailing,2653.0,1.971670350000,-39.644270350000,-0.039480,14.00,tb-supertrend-ADAUSDT-1679580000-B,tb-supertrend-ADAUSDT-1679630400-T
XRP/USDT,supertrend,2023-03-23 08:00,0.4478,2023-03-24 08:59,0.4295,trailing,1512.1,1.327281810000,-28.998711810000,-0.042827,25.00,tb-supertrend-XRPUSDT-1679554800-B,tb-supertrend-XRPUSDT-1679644800-T
ETH/USDT,supertrend,2023-03-23 15:00,1807.14,2023-03-24 08:59,1789.45,trailing,0.9272,3.3365653880,-19.7387333880,-0.011780,18.00,tb-supertrend-ETHUSDT-1679580000-B,tb-supertrend-ETHUSDT-1679644800-T
ETH/USDT,supertrend,2023-03-26 09:00,1778.30,2023-03-26 14:59,1753.21,trailing,1.0188,3.5998585200,-29.1615505200,-0.016096,6.00,tb-supertrend-ETHUSDT-1679817600-B,tb-supertrend-ETHUSDT-1679839200-T
XRP/USDT,supertrend,2023-03-25 05:00,0.4490,2023-03-26 16:59,0.4433,trailing,2238.0,1.998000100000,-14.754600100000,-0.014683,36.00,tb-supertrend-XRPUSDT-1679716800-B,tb-supertrend-XRPUSDT-1679846400-T
LTC/USDT,supertrend,2023-03-26 06:00,94.67,2023-03-27 02:59,91.61,trailing,13.656,2.5451650600,-44.3325250600,-0.034292,21.00,tb-supertrend-LTCUSDT-1679806800-B,tb-supertrend-LTCUSDT-1679882400-T
XRP/USDT,supertrend,2023-03-28 05:00,0.4869,2023-03-29 15:59,0.5364,trailing,1634.8,1.673718570000,79.248881430000,0.099561,35.00,tb-supertrend-XRPUSDT-1679976000-B,tb-supertrend-XRPUSDT-1680102000-T
ADA/USDT,supertrend,2023-03-28 14:00,0.3567,2023-03-30 00:59,0.3755,trailing,4070.2,2.981662910000,73.538097090000,0.050652,35.00,tb-supertrend-ADAUSDT-1680008400-B,tb-supertrend-ADAUSDT-1680134400-T
ETH/USDT,supertrend,2023-03-28 19:00,1780.79,2023-03-30 00:59,1777.51,trailing,0.9539,3.3960431610,-6.5248351610,-0.003841,30.00,tb-supertrend-ETHUSDT-1680026400-B,tb-supertrend-ETHUSDT-1680134400-T
ADA/USDT,supertrend,2023-03-31 10:00,0.3860,2023-04-01 06:59,0.3927,trailing,3939.2,3.068999040000,23.323640960000,0.015339,21.00,tb-supertrend-ADAUSDT-1680253200-B,tb-supertrend-ADAUSDT-1680328800-T
LINK/USDT,supertrend,2023-03-31 08:00,7.527,2023-04-01 14:59,7.450,trailing,188.43,2.82354624000,-17.33265624000,-0.012221,31.00,tb-supertrend-LINKUSDT-1680246000-B,tb-supertrend-LINKUSDT-1680357600-T
ETH/USDT,supertrend,2023-03-31 14:00,1829.96,2023-04-01 16:59,1805.29,trailing,0.9103,3.3109980380,-25.7680990380,-0.015469,27.00,tb-supertrend-ETHUSDT-1680267600-B,tb-supertrend-ETHUSDT-1680364800-T
XRP/USDT,supertrend,2023-04-02 17:00,0.5259,2023-04-03 01:59,0.5048,trailing,2136.3,2.203041390000,-47.278971390000,-0.042083,9.00,tb-supertrend-XRPUSDT-1680451200-B,tb-supertrend-XRPUSDT-1680483600-T
ADA/USDT,supertrend,2023-04-03 07:00,0.3874,2023-04-03 14:59,0.3871,trailing,3929.5,3.044947350000,-4.223797350000,-0.002775,8.00,tb-supertrend-ADAUSDT-1680501600-B,tb-supertrend-ADAUSDT-1680530400-T
BNB/USDT,supertrend,2023-04-03 09:00,314.03,2023-04-03 14:59,309.52,trailing,4.784,2.9846333500,-24.5604733500,-0.016348,6.00,tb-supertrend-BNBUSDT-1680508800-B,tb-supertrend-BNBUSDT-1680530400-T
BTC/USDT,supertrend,2023-04-03 09:00,28391.67,2023-04-03 20:59,27791.13,trailing,0.07055,3.9659678721,-46.3340648721,-0.023132,12.00,tb-supertrend-BTCUSDT-1680508800-B,tb-supertrend-BTCUSDT-1680552000-T
SOL/USDT,supertrend,2023-04-03 19:00,20.68,2023-04-03 21:59,20.14,trailing,68.472,2.7964539600,-39.7713339600,-0.028087,3.00,tb-supertrend-SOLUSDT-1680544800-B,tb-supertrend-SOLUSDT-1680555600-T
LINK/USDT,supertrend,2023-04-04 19:00,7.426,2023-04-05 12:59,7.397,trailing,223.97,3.32161529000,-9.81674529000,-0.005902,18.00,tb-supertrend-LINKUSDT-1680631200-B,tb-supertrend-LINKUSDT-1680696000-T
BTC/USDT,supertrend,2023-04-05 01:00,28719.14,2023-04-05 14:59,28182.37,trailing,0.06752,3.8440002926,-40.0867106926,-0.020673,14.00,tb-supertrend-BTCUSDT-1680652800-B,tb-supertrend-BTCUSDT-1680703200-T
BNB/USDT,supertrend,2023-04-05 04:00,315.23,2023-04-05 15:59,311.26,trailing,4.613,2.8915745200,-21.2051845200,-0.014582,12.00,tb-supertrend-BNBUSDT-1680663600-B,tb-supertrend-BNBUSDT-1680706800-T
ADA/USDT,supertrend,2023-04-05 13:00,0.3997,2023-04-05 15:59,0.3879,stop,3763.6,2.965730220000,-47.376210220000,-0.031494,3.00,tb-supertrend-ADAUSDT-1680696000-B,tb-supertrend-ADAUSDT-1680706800-X
LINK/USDT,supertrend,2023-04-08 06:00,7.310,2023-04-08 12:59,7.184,trailing,197.73,2.86736062000,-27.78134062000,-0.019220,7.00,tb-supertrend-LINKUSDT-1680930000-B,tb-supertrend-LINKUSDT-1680955200-T
XRP/USDT,supertrend,2023-04-06 18:00,0.5102,2023-04-08 17:59,0.5039,trailing,3120.8,3.166435920000,-22.827475920000,-0.014337,48.00,tb-supertrend-XRPUSDT-1680800400-B,tb-supertrend-XRPUSDT-1680973200-T
ADA/USDT,supertrend,2023-04-08 03:00,0.3874,2023-04-08 22:59,0.3821,trailing,4975.0,3.830199500000,-30.197699500000,-0.015668,20.00,tb-supertrend-ADAUSDT-1680919200-B,tb-supertrend-ADAUSDT-1680991200-T
ETH/USDT,supertrend,2023-04-09 20:00,1860.11,2023-04-11 17:59,1891.09,trailing,0.6971,2.6162635980,18.9798944020,0.014637,46.00,tb-supertrend-ETHUSDT-1681066800-B,tb-supertrend-ETHUSDT-1681232400-T
LINK/USDT,supertrend,2023-04-09 20:00,7.217,2023-04-12 00:59,7.265,trailing,319.62,4.63104628000,10.71071372000,0.004643,53.00,tb-supertrend-LINKUSDT-1681066800-B,tb-supertrend-LINKUSDT-1681257600-T
BTC/USDT,supertrend,2023-04-09 20:00,28196.70,2023-04-12 15:59,29735.21,trailing,0.06131,3.5537791760,90.7722689240,0.052508,68.00,tb-supertrend-BTCUSDT-1681066800-B,tb-supertrend-BTCUSDT-1681311600-T
ADA/USDT,supertrend,2023-04-12 13:00,0.4031,2023-04-13 07:59,0.3982,trailing,4366.5,3.500650090000,-24.896500090000,-0.014145,19.00,tb-supertrend-ADAUSDT-1681300800-B,tb-supertrend-ADAUSDT-1681369200-T
LTC/USDT,supertrend,2023-04-13 09:00,93.91,2023-04-14 12:59,95.44,trailing,20.965,3.9716948600,28.1047551400,0.014275,28.00,tb-supertrend-LTCUSDT-1681372800-B,tb-supertrend-LTCUSDT-1681473600-T
BNB/USDT,supertrend,2023-04-13 10:00,323.15,2023-04-14 14:59,328.47,trailing,4.571,2.9801707700,21.3375492300,0.014445,29.00,tb-supertrend-BNBUSDT-1681376400-B,tb-supertrend-BNBUSDT-1681480800-T
ETH/USDT,supertrend,2023-04-12 15:00,1918.28,2023-04-14 15:59,2062.65,trailing,0.7508,2.9904168680,105.4025791320,0.073184,49.00,tb-supertrend-ETHUSDT-1681308000-B,tb-supertrend-ETHUSDT-1681484400-T
BNB/USDT,supertrend,2023-04-15 10:00,334.67,2023-04-17 00:59,341.77,trailing,7.076,4.7891668000,45.4504332000,0.019193,39.00,tb-supertrend-BNBUSDT-1681549200-B,tb-supertrend-BNBUSDT-1681689600-T
LINK/USDT,supertrend,2023-04-15 15:00,7.972,2023-04-17 00:59,7.901,trailing,201.53,3.20055981000,-17.50918981000,-0.010898,34.00,tb-supertrend-LINKUSDT-1681567200-B,tb-supertrend-LINKUSDT-1681689600-T
LTC/USDT,supertrend,2023-04-16 13:00,97.92,2023-04-17 00:59,98.39,trailing,14.032,2.7560907200,3.8389492800,0.002794,12.00,tb-supertrend-LTCUSDT-1681646400-B,tb-supertrend-LTCUSDT-1681689600-T
ETH/USDT,supertrend,2023-04-18 07:00,2108.86,2023-04-18 17:59,2075.86,trailing,0.9430,3.9482998200,-35.0672998200,-0.017634,11.00,tb-supertrend-ETHUSDT-1681797600-B,tb-supertrend-ETHUSDT-1681837200-T
BNB/USDT,supertrend,2023-04-18 07:00,346.40,2023-04-18 18:59,339.54,trailing,4.305,2.9547037000,-32.4870037000,-0.021785,12.00,tb-supertrend-BNBUSDT-1681797600-B,tb-supertrend-BNBUSDT-1681840800-T
LTC/USDT,supertrend,2023-04-18 03:00,102.20,2023-04-19 04:59,100.36,trailing,15.133,3.0669756800,-30.9116956800,-0.019987,26.00,tb-supertrend-LTCUSDT-1681783200-B,tb-supertrend-LTCUSDT-1681876800-T
BNB/USDT,supertrend,2023-04-21 08:00,330.36,2023-04-21 19:59,320.87,trailing,4.798,3.1262533400,-48.6592733400,-0.030699,12.00,tb-supertrend-BNBUSDT-1682060400-B,tb-supertrend-BNBUSDT-1682103600-T
ADA/USDT,supertrend,2023-04-22 15:00,0.3976,2023-04-23 14:59,0.3887,trailing,4327.2,3.404226800000,-41.916306800000,-0.024363,24.00,tb-supertrend-ADAUSDT-1682172000-B,tb-supertrend-ADAUSDT-1682258400-T
XRP/USDT,supertrend,2023-04-22 15:00,0.4737,2023-04-23 15:59,0.4619,trailing,2876.1,2.692252890000,-36.630232890000,-0.026886,25.00,tb-supertrend-XRPUSDT-1682172000-B,tb-supertrend-XRPUSDT-1682262000-T
XRP/USDT,supertrend,2023-04-24 01:00,0.4826,2023-04-24 06:59,0.4638,trailing,2534.8,2.400189480000,-50.054429480000,-0.040918,6.00,tb-supertrend-XRPUSDT-1682294400-B,tb-supertrend-XRPUSDT-1682316000-T
LTC/USDT,supertrend,2023-04-24 01:00,88.08,2023-04-24 17:59,85.69,trailing,18.408,3.2004316800,-47.1955516800,-0.029108,17.00,tb-supertrend-LTCUSDT-1682294400-B,tb-supertrend-LTCUSDT-1682355600-T
BNB/USDT,supertrend,2023-04-22 15:00,330.26,2023-04-26 19:59,337.73,trailing,4.747,3.1725998300,32.2874901700,0.020595,101.00,tb-supertrend-BNBUSDT-1682172000-B,tb-supertrend-BNBUSDT-1682535600-T
BTC/USDT,supertrend,2023-04-25 21:00,28030.97,2023-04-26 19:59,29146.40,trailing,0.06787,3.8825902718,71.8216438282,0.037752,23.00,tb-supertrend-BTCUSDT-1682452800-B,tb-supertrend-BTCUSDT-1682535600-T
LINK/USDT,supertrend,2023-04-25 21:00,7.214,2023-04-26 19:59,7.284,trailing,197.81,2.86929218000,10.97740782000,0.007693,23.00,tb-supertrend-LINKUSDT-1682452800-B,tb-supertrend-LINKUSDT-1682535600-T
ADA/USDT,supertrend,2023-04-27 01:00,0.4111,2023-04-28 11:59,0.4031,trailing,2194.9,1.787992000000,-19.347192000000,-0.021442,35.00,tb-supertrend-ADAUSDT-1682553600-B,tb-supertrend-ADAUSDT-1682679600-T
BTC/USDT,supertrend,2023-04-27 19:00,29831.67,2023-04-28 13:59,29051.33,trailing,0.04058,2.3909637221,-34.0571609221,-0.028133,19.00,tb-supertrend-BTCUSDT-1682618400-B,tb-supertrend-BTCUSDT-1682686800-T
ETH/USDT,supertrend,2023-04-27 19:00,1931.35,2023-04-28 13:59,1881.87,trailing,0.6565,2.5047308800,-34.9883508800,-0.027595,19.00,tb-supertrend-ETHUSDT-1682618400-B,tb-supertrend-ETHUSDT-1682686800-T
LINK/USDT,supertrend,2023-04-29 14:00,7.219,2023-04-29 17:59,7.059,trailing,310.21,4.43148846000,-54.06508846000,-0.024143,4.00,tb-supertrend-LINKUSDT-1682773200-B,tb-supertrend-LINKUSDT-1682787600-T
LTC/USDT,supertrend,2023-04-29 22:00,91.36,2023-04-30 18:59,89.72,trailing,24.680,4.4713384000,-44.9465384000,-0.019934,21.00,tb-supertrend-LTCUSDT-1682802000-B,tb-supertrend-LTCUSDT-1682877600-T
ADA/USDT,supertrend,2023-04-30 16:00,0.4078,2023-04-30 19:59,0.4005,trailing,4229.5,3.420458390000,-34.295808390000,-0.019884,4.00,tb-supertrend-ADAUSDT-1682866800-B,tb-supertrend-ADAUSDT-1682881200-T
BNB/USDT,supertrend,2023-04-30 17:00,333.27,2023-05-01 15:59,331.61,trailing,3.879,2.5804026000,-9.0195426000,-0.006977,23.00,tb-supertrend-BNBUSDT-1682870400-B,tb-supertrend-BNBUSDT-1682953200-T
LINK/USDT,supertrend,2023-05-03 19:00,7.074,2023-05-04 13:59,6.989,trailing,250.62,3.52630830000,-24.82900830000,-0.014005,19.00,tb-supertrend-LINKUSDT-1683136800-B,tb-supertrend-LINKUSDT-1683205200-T
LTC/USDT,supertrend,2023-05-03 22:00,89.28,2023-05-04 13:59,87.25,trailing,18.609,3.2867430900,-41.0630130900,-0.024716,16.00,tb-supertrend-LTCUSDT-1683147600-B,tb-supertrend-LTCUSDT-1683205200-T
XRP/USDT,supertrend,2023-05-03 22:00,0.4643,2023-05-04 13:59,0.4551,trailing,3031.0,2.788140730000,-30.673340730000,-0.021796,16.00,tb-supertrend-XRPUSDT-1683147600-B,tb-supertrend-XRPUSDT-1683205200-T
ETH/USDT,supertrend,2023-05-05 12:00,1915.02,2023-05-06 06:59,1953.88,trailing,1.1704,4.5304585820,40.9512854180,0.018271,19.00,tb-supertrend-ETHUSDT-1683284400-B,tb-supertrend-ETHUSDT-1683352800-T
LINK/USDT,supertrend,2023-05-05 15:00,7.135,2023-05-06 07:59,7.099,trailing,186.47,2.65556963000,-9.36848963000,-0.007042,17.00,tb-supertrend-LINKUSDT-1683295200-B,tb-supertrend-LINKUSDT-1683356400-T
SOL/USDT,supertrend,2023-05-05 15:00,22.41,2023-05-06 12:59,22.37,trailing,62.597,2.8045054900,-5.3083854900,-0.003784,22.00,tb-supertrend-SOLUSDT-1683295200-B,tb-supertrend-SOLUSDT-1683374400-T
BNB/USDT,supertrend,2023-05-07 15:00,325.86,2023-05-07 22:59,322.01,stop,6.898,4.4712882800,-31.0285882800,-0.013804,8.00,tb-supertrend-BNBUSDT-1683468000-B,tb-supertrend-BNBUSDT-1683496800-X
SOL/USDT,supertrend,2023-05-07 16:00,22.51,2023-05-07 23:59,21.99,trailing,74.922,3.3357172500,-42.2951572500,-0.025079,8.00,tb-supertrend-SOLUSDT-1683471600-B,tb-supertrend-SOLUSDT-1683500400-T
BNB/USDT,supertrend,2023-06-23 16:00,248.20,2023-06-24 13:59,242.48,trailing,6.497,3.1896853600,-40.3525253600,-0.025024,22.00,tb-supertrend-BNBUSDT-1687532400-B,tb-supertrend-BNBUSDT-1687611600-T
LINK/USDT,supertrend,2023-06-23 08:00,5.846,2023-06-24 15:59,5.920,trailing,231.43,2.72440842000,14.40141158000,0.010645,32.00,tb-supertrend-LINKUSDT-1687503600-B,tb-supertrend-LINKUSDT-1687618800-T
SOL/USDT,supertrend,2023-06-23 16:00,17.02,2023-06-24 15:59,16.84,trailing,65.545,2.2204770200,-14.0185770200,-0.012566,24.00,tb-supertrend-SOLUSDT-1687532400-B,tb-supertrend-SOLUSDT-1687618800-T
ADA/USDT,supertrend,2023-06-25 04:00,0.2974,2023-06-25 20:59,0.2906,trailing,4830.4,2.841732460000,-35.688452460000,-0.024843,17.00,tb-supertrend-ADAUSDT-1687662000-B,tb-supertrend-ADAUSDT-1687723200-T
SOL/USDT,supertrend,2023-06-25 08:00,17.31,2023-06-26 01:59,16.63,trailing,66.562,2.2602740500,-47.5224340500,-0.041245,18.00,tb-supertrend-SOLUSDT-1687676400-B,tb-supertrend-SOLUSDT-1687741200-T
BNB/USDT,supertrend,2023-06-25 09:00,241.69,2023-06-26 01:59,235.55,trailing,6.440,3.0751174300,-42.6167174300,-0.027380,17.00,tb-supertrend-BNBUSDT-1687680000-B,tb-supertrend-BNBUSDT-1687741200-T
LTC/USDT,supertrend,2023-06-26 14:00,90.16,2023-06-26 16:59,87.23,stop,15.937,2.8285069900,-49.5239169900,-0.034466,3.00,tb-supertrend-LTCUSDT-1687784400-B,tb-supertrend-LTCUSDT-1687795200-X
ETH/USDT,supertrend,2023-06-27 17:00,1912.88,2023-06-28 00:59,1871.58,trailing,0.8531,3.2302444200,-38.4632744200,-0.023570,8.00,tb-supertrend-ETHUSDT-1687881600-B,tb-supertrend-ETHUSDT-1687910400-T
SOL/USDT,supertrend,2023-06-27 22:00,16.94,2023-06-28 00:59,16.29,stop,70.993,2.3603170700,-48.5057670700,-0.040333,3.00,tb-supertrend-SOLUSDT-1687899600-B,tb-supertrend-SOLUSDT-1687910400-X
BTC/USDT,supertrend,2023-06-27 12:00,30790.55,2023-06-28 07:59,30252.13,trailing,0.07065,4.3151285815,-42.3545015815,-0.019470,20.00,tb-supertrend-BTCUSDT-1687863600-B,tb-supertrend-BTCUSDT-1687935600-T
ETH/USDT,supertrend,2023-06-29 11:00,1872.45,2023-06-29 17:59,1839.50,trailing,0.7590,2.8188680100,-27.8279180100,-0.019581,7.00,tb-supertrend-ETHUSDT-1688032800-B,tb-supertrend-ETHUSDT-1688058000-T
BTC/USDT,supertrend,2023-06-29 11:00,30758.52,2023-06-29 20:59,30223.01,trailing,0.06160,3.7586153484,-36.7460313484,-0.019394,10.00,tb-supertrend-BTCUSDT-1688032800-B,tb-supertrend-BTCUSDT-1688068800-T
SOL/USDT,supertrend,2023-06-29 10:00,17.26,2023-06-30 13:59,18.09,trailing,57.583,2.0365601300,45.7573298700,0.046039,28.00,tb-supertrend-SOLUSDT-1688029200-B,tb-supertrend-SOLUSDT-1688130000-T
ADA/USDT,supertrend,2023-06-30 03:00,0.2792,2023-06-30 13:59,0.2854,trailing,5174.6,2.923031000000,29.159489000000,0.020183,11.00,tb-supertrend-ADAUSDT-1688090400-B,tb-supertrend-ADAUSDT-1688130000-T
XRP/USDT,supertrend,2023-06-30 04:00,0.4804,2023-06-30 13:59,0.4682,trailing,3158.6,2.997785240000,-41.532705240000,-0.027371,10.00,tb-supertrend-XRPUSDT-1688094000-B,tb-supertrend-XRPUSDT-1688130000-T
ETH/USDT,supertrend,2023-06-30 18:00,1935.67,2023-07-02 02:59,1908.06,trailing,0.6274,2.4129111670,-19.7354251670,-0.016251,33.00,tb-supertrend-ETHUSDT-1688144400-B,tb-supertrend-ETHUSDT-1688263200-T
BNB/USDT,supertrend,2023-07-01 01:00,243.69,2023-07-02 03:59,242.54,trailing,5.892,2.8663293000,-9.6421293000,-0.006715,27.00,tb-supertrend-BNBUSDT-1688169600-B,tb-supertrend-BNBUSDT-1688266800-T
XRP/USDT,supertrend,2023-07-02 03:00,0.4838,2023-07-02 04:59,0.4788,trailing,3306.9,3.184866860000,-19.719366860000,-0.012326,2.00,tb-supertrend-XRPUSDT-1688263200-B,tb-supertrend-XRPUSDT-1688270400-T
LINK/USDT,supertrend,2023-06-30 18:00,6.395,2023-07-04 06:59,6.462,trailing,107.27,1.37987384000,5.80721616000,0.008465,85.00,tb-supertrend-LINKUSDT-1688144400-B,tb-supertrend-LINKUSDT-1688450400-T
BTC/USDT,supertrend,2023-07-03 03:00,30816.50,2023-07-04 15:59,30842.65,trailing,0.06332,3.9064145350,-2.2505965350,-0.001153,37.00,tb-supertrend-BTCUSDT-1688349600-B,tb-supertrend-BTCUSDT-1688482800-T
ADA/USDT,supertrend,2023-07-03 20:00,0.2989,2023-07-04 19:59,0.2912,trailing,4896.0,2.890624100000,-40.589824100000,-0.027736,24.00,tb-supertrend-ADAUSDT-1688410800-B,tb-supertrend-ADAUSDT-1688497200-T
BTC/USDT,supertrend,2023-07-06 07:00,30753.96,2023-07-06 11:59,30775.94,trailing,0.06041,3.7191740408,-2.3913622408,-0.001287,5.00,tb-supertrend-BTCUSDT-1688623200-B,tb-supertrend-BTCUSDT-1688641200-T
ETH/USDT,supertrend,2023-07-06 09:00,1952.96,2023-07-06 11:59,1919.03,stop,0.7135,2.7642272380,-26.9732822380,-0.019357,3.00,tb-supertrend-ETHUSDT-1688630400-B,tb-supertrend-ETHUSDT-1688641200-X
SOL/USDT,supertrend,2023-07-06 02:00,19.71,2023-07-06 12:59,19.39,trailing,51.909,2.0306668200,-18.6415468200,-0.018220,11.00,tb-supertrend-SOLUSDT-1688605200-B,tb-supertrend-SOLUSDT-1688644800-T
ADA/USDT,supertrend,2023-07-08 16:00,0.2896,2023-07-09 10:59,0.2850,trailing,6016.8,3.459019840000,-31.136299840000,-0.017869,19.00,tb-supertrend-ADAUSDT-1688828400-B,tb-supertrend-ADAUSDT-1688896800-T
ETH/USDT,supertrend,2023-07-09 00:00,1868.98,2023-07-09 14:59,1854.93,trailing,0.8915,3.3215478520,-15.8471228520,-0.009511,15.00,tb-supertrend-ETHUSDT-1688857200-B,tb-supertrend-ETHUSDT-1688911200-T
XRP/USDT,supertrend,2023-07-10 11:00,0.4738,2023-07-11 13:59,0.4710,trailing,3448.2,3.259517660000,-12.914477660000,-0.007905,27.00,tb-supertrend-XRPUSDT-1688983200-B,tb-supertrend-XRPUSDT-1689080400-T
BNB/USDT,supertrend,2023-07-10 10:00,241.19,2023-07-12 12:59,245.86,trailing,7.565,3.6864627700,31.6420872300,0.017342,51.00,tb-supertrend-BNBUSDT-1688979600-B,tb-supertrend-BNBUSDT-1689163200-T
ADA/USDT,supertrend,2023-07-10 16:00,0.2884,2023-07-12 16:59,0.2881,trailing,4248.2,2.450327420000,-3.724787420000,-0.003040,49.00,tb-supertrend-ADAUSDT-1689001200-B,tb-supertrend-ADAUSDT-1689177600-T
ETH/USDT,supertrend,2023-07-12 15:00,1897.14,2023-07-12 19:59,1868.29,stop,0.9426,3.5511914540,-30.7452014540,-0.017193,5.00,tb-supertrend-ETHUSDT-1689170400-B,tb-supertrend-ETHUSDT-1689188400-X
BTC/USDT,supertrend,2023-07-13 14:00,30724.77,2023-07-14 13:59,31018.39,trailing,0.04429,2.7361407918,10.2682890082,0.007546,24.00,tb-supertrend-BTCUSDT-1689253200-B,tb-supertrend-BTCUSDT-1689339600-T
LTC/USDT,supertrend,2023-07-13 06:00,98.23,2023-07-14 16:59,99.25,trailing,16.438,3.2478461500,13.5189138500,0.008372,35.00,tb-supertrend-LTCUSDT-1689224400-B,tb-supertrend-LTCUSDT-1689350400-T
SOL/USDT,supertrend,2023-07-13 12:00,22.47,2023-07-14 17:59,26.89,trailing,57.186,2.8240042200,249.9381157800,0.194509,30.00,tb-supertrend-SOLUSDT-1689246000-B,tb-supertrend-SOLUSDT-1689354000-T
SOL/USDT,supertrend,2023-07-15 10:00,28.82,2023-07-16 02:59,27.20,trailing,19.413,1.0880926600,-32.5371526600,-0.058156,17.00,tb-supertrend-SOLUSDT-1689411600-B,tb-supertrend-SOLUSDT-1689472800-T
XRP/USDT,supertrend,2023-07-16 12:00,0.7511,2023-07-17 09:59,0.7341,trailing,1010.2,1.501175250000,-18.674575250000,-0.024612,22.00,tb-supertrend-XRPUSDT-1689505200-B,tb-supertrend-XRPUSDT-1689584400-T
BNB/USDT,supertrend,2023-07-18 02:00,246.90,2023-07-18 06:59,241.34,trailing,7.395,3.6125100000,-44.7287100000,-0.024498,5.00,tb-supertrend-BNBUSDT-1689642000-B,tb-supertrend-BNBUSDT-1689660000-T
LINK/USDT,supertrend,2023-07-17 17:00,6.800,2023-07-18 11:59,6.943,trailing,185.64,2.55254252000,23.99397748000,0.019007,19.00,tb-supertrend-LINKUSDT-1689609600-B,tb-supertrend-LINKUSDT-1689678000-T
LTC/USDT,supertrend,2023-07-19 03:00,94.00,2023-07-19 15:59,91.38,trailing,16.193,3.0034563400,-45.4291163400,-0.029846,13.00,tb-supertrend-LTCUSDT-1689732000-B,tb-supertrend-LTCUSDT-1689778800-T
XRP/USDT,supertrend,2023-07-19 00:00,0.7796,2023-07-20 14:59,0.7977,trailing,1086.2,1.714120820000,17.946099180000,0.021193,39.00,tb-supertrend-XRPUSDT-1689721200-B,tb-supertrend-XRPUSDT-1689861600-T
ADA/USDT,supertrend,2023-07-19 01:00,0.3159,2023-07-20 14:59,0.3180,trailing,3628.0,2.300958030000,5.317841970000,0.004640,38.00,tb-supertrend-ADAUSDT-1689724800-B,tb-supertrend-ADAUSDT-1689861600-T
LINK/USDT,supertrend,2023-07-19 20:00,7.044,2023-07-22 08:59,8.063,trailing,173.07,2.61583641000,173.74249359000,0.142516,61.00,tb-supertrend-LINKUSDT-1689793200-B,tb-supertrend-LINKUSDT-1690012800-T
BNB/USDT,supertrend,2023-07-21 13:00,245.19,2023-07-22 10:59,242.03,trailing,7.447,3.6302888600,-27.1628088600,-0.014876,22.00,tb-supertrend-BNBUSDT-1689940800-B,tb-supertrend-BNBUSDT-1690020000-T
LTC/USDT,supertrend,2023-07-21 19:00,94.69,2023-07-22 10:59,93.23,trailing,14.461,2.7189314700,-23.8319914700,-0.017404,16.00,tb-supertrend-LTCUSDT-1689962400-B,tb-supertrend-LTCUSDT-1690020000-T
SOL/USDT,supertrend,2023-10-19 12:00,24.34,2023-10-22 07:59,28.52,trailing,68.533,3.6243338400,282.8436061600,0.169561,68.00,tb-supertrend-SOLUSDT-1697713200-B,tb-supertrend-SOLUSDT-1697958000-T
LTC/USDT,supertrend,2023-10-19 16:00,61.60,2023-10-22 07:59,63.86,trailing,33.777,4.2397568200,72.0962631800,0.034651,64.00,tb-supertrend-LTCUSDT-1697727600-B,tb-supertrend-LTCUSDT-1697958000-T
ADA/USDT,supertrend,2023-10-19 16:00,0.2457,2023-10-22 07:59,0.2566,trailing,6350.8,3.191579320000,66.032140680000,0.042318,64.00,tb-supertrend-ADAUSDT-1697727600-B,tb-supertrend-ADAUSDT-1697958000-T
LTC/USDT,supertrend,2023-10-22 18:00,65.62,2023-10-24 06:59,68.83,trailing,28.734,3.8651892800,88.3709507200,0.046868,37.00,tb-supertrend-LTCUSDT-1697994000-B,tb-supertrend-LTCUSDT-1698127200-T
SOL/USDT,supertrend,2023-10-23 23:00,32.48,2023-10-24 16:59,30.38,trailing,25.223,1.5863622600,-54.5546622600,-0.066592,18.00,tb-supertrend-SOLUSDT-1698098400-B,tb-supertrend-SOLUSDT-1698163200-T
ADA/USDT,supertrend,2023-10-26 04:00,0.2905,2023-10-26 14:59,0.2839,trailing,4959.2,2.850016980000,-35.580736980000,-0.024698,11.00,tb-supertrend-ADAUSDT-1698289200-B,tb-supertrend-ADAUSDT-1698328800-T
ETH/USDT,supertrend,2023-10-26 08:00,1853.05,2023-10-26 14:59,1794.79,stop,0.9574,3.4942950700,-59.2724190700,-0.033410,7.00,tb-supertrend-ETHUSDT-1698303600-B,tb-supertrend-ETHUSDT-1698328800-X
BNB/USDT,supertrend,2023-10-26 09:00,227.96,2023-10-26 14:59,221.68,stop,7.931,3.5679185200,-53.3745985200,-0.029522,6.00,tb-supertrend-BNBUSDT-1698307200-B,tb-supertrend-BNBUSDT-1698328800-X
BNB/USDT,supertrend,2023-10-27 12:00,228.06,2023-10-27 17:59,222.60,trailing,8.753,3.9466795200,-51.7380595200,-0.025918,6.00,tb-supertrend-BNBUSDT-1698404400-B,tb-supertrend-BNBUSDT-1698426000-T
ADA/USDT,supertrend,2023-10-28 03:00,0.2961,2023-10-28 19:59,0.2892,trailing,5024.0,2.942057310000,-37.607657310000,-0.025281,17.00,tb-supertrend-ADAUSDT-1698458400-B,tb-supertrend-ADAUSDT-1698519600-T
LINK/USDT,supertrend,2023-10-28 04:00,11.417,2023-10-28 22:59,10.942,trailing,66.26,1.48230653000,-32.95580653000,-0.043564,19.00,tb-supertrend-LINKUSDT-1698462000-B,tb-supertrend-LINKUSDT-1698530400-T
BTC/USDT,supertrend,2023-10-29 13:00,34488.84,2023-10-30 02:59,34175.07,trailing,0.05529,3.7984969140,-21.1468402140,-0.011090,14.00,tb-supertrend-BTCUSDT-1698580800-B,tb-supertrend-BTCUSDT-1698631200-T
ETH/USDT,supertrend,2023-10-29 13:00,1802.26,2023-10-30 02:59,1775.62,stop,0.7937,2.8412051600,-23.9853731600,-0.016768,14.00,tb-supertrend-ETHUSDT-1698580800-B,tb-supertrend-ETHUSDT-1698631200-X
XRP/USDT,supertrend,2023-10-29 10:00,0.5522,2023-10-30 06:59,0.5486,trailing,4607.5,5.074531340000,-21.661531340000,-0.008514,21.00,tb-supertrend-XRPUSDT-1698570000-B,tb-supertrend-XRPUSDT-1698645600-T
LINK/USDT,supertrend,2023-10-30 10:00,11.433,2023-10-31 13:59,11.126,trailing,94.79,2.13951091000,-31.24004091000,-0.028826,28.00,tb-supertrend-LINKUSDT-1698656400-B,tb-supertrend-LINKUSDT-1698757200-T
BTC/USDT,supertrend,2023-11-01 13:00,34860.19,2023-11-01 14:59,34298.26,stop,0.07224,4.9987952408,-45.5926184408,-0.018105,2.00,tb-supertrend-BTCUSDT-1698840000-B,tb-supertrend-BTCUSDT-1698847200-X
ADA/USDT,supertrend,2023-11-01 19:00,0.2983,2023-11-02 15:59,0.3002,trailing,4589.4,2.748128080000,5.971731920000,0.004362,21.00,tb-supertrend-ADAUSDT-1698861600-B,tb-supertrend-ADAUSDT-1698937200-T
LTC/USDT,supertrend,2023-11-01 21:00,69.99,2023-11-02 16:59,68.17,trailing,19.960,2.7590734000,-39.0862734000,-0.027979,20.00,tb-supertrend-LTCUSDT-1698868800-B,tb-supertrend-LTCUSDT-1698940800-T
BNB/USDT,supertrend,2023-11-01 21:00,228.96,2023-11-03 10:59,226.51,trailing,7.931,3.6141642500,-23.0451142500,-0.012691,38.00,tb-supertrend-BNBUSDT-1698868800-B,tb-supertrend-BNBUSDT-1699005600-T
LINK/USDT,supertrend,2023-11-03 16:00,11.293,2023-11-05 13:59,11.837,trailing,88.75,2.05380387000,46.22619613000,0.046122,46.00,tb-supertrend-LINKUSDT-1699023600-B,tb-supertrend-LINKUSDT-1699189200-T
SOL/USDT,supertrend,2023-11-04 08:00,41.81,2023-11-05 13:59,40.77,trailing,19.465,1.6082559000,-21.8518559000,-0.026851,30.00,tb-supertrend-SOLUSDT-1699081200-B,tb-supertrend-SOLUSDT-1699189200-T
ETH/USDT,supertrend,2023-11-03 21:00,1831.62,2023-11-05 21:59,1854.47,trailing,1.2244,4.5156297040,23.4619102960,0.010462,49.00,tb-supertrend-ETHUSDT-1699041600-B,tb-supertrend-ETHUSDT-1699218000-T
SOL/USDT,supertrend,2023-11-07 00:00,42.25,2023-11-07 02:59,40.33,stop,27.463,2.2690775400,-54.9980375400,-0.047399,3.00,tb-supertrend-SOLUSDT-1699311600-B,tb-supertrend-SOLUSDT-1699322400-X
BTC/USDT,supertrend,2023-11-07 19:00,35447.76,2023-11-08 15:59,35072.98,trailing,0.06286,4.4354150568,-27.9940858568,-0.012563,21.00,tb-supertrend-BTCUSDT-1699380000-B,tb-supertrend-BTCUSDT-1699455600-T
LINK/USDT,supertrend,2023-11-06 05:00,12.429,2023-11-09 16:59,14.765,trailing,84.62,2.30227489000,195.37004511000,0.185759,84.00,tb-supertrend-LINKUSDT-1699243200-B,tb-supertrend-LINKUSDT-1699545600-T
ADA/USDT,supertrend,2023-11-07 21:00,0.3558,2023-11-09 16:59,0.3698,trailing,2947.1,2.139483160000,39.119916840000,0.037308,44.00,tb-supertrend-ADAUSDT-1699387200-B,tb-supertrend-ADAUSDT-1699545600-T
LTC/USDT,supertrend,2023-11-09 03:00,74.62,2023-11-09 16:59,73.85,trailing,26.254,3.8999461200,-24.1155261200,-0.012310,14.00,tb-supertrend-LTCUSDT-1699495200-B,tb-supertrend-LTCUSDT-1699545600-T
BNB/USDT,supertrend,2023-11-10 02:00,255.11,2023-11-10 14:59,248.31,trailing,5.329,2.6842558400,-38.9214558400,-0.028630,13.00,tb-supertrend-BNBUSDT-1699578000-B,tb-supertrend-BNBUSDT-1699624800-T
BTC/USDT,supertrend,2023-11-10 17:00,37452.23,2023-11-11 21:59,36880.47,trailing,0.05365,3.9901964933,-34.6651204933,-0.017252,29.00,tb-supertrend-BTCUSDT-1699632000-B,tb-supertrend-BTCUSDT-1699736400-T
SOL/USDT,supertrend,2023-11-10 07:00,48.85,2023-11-11 23:59,56.20,trailing,13.583,1.4275780500,98.4074719500,0.148309,41.00,tb-supertrend-SOLUSDT-1699596000-B,tb-supertrend-SOLUSDT-1699743600-T
LINK/USDT,supertrend,2023-11-10 23:00,15.385,2023-11-13 03:59,15.505,trailing,50.27,1.55376340000,4.47863660000,0.005791,53.00,tb-supertrend-LINKUSDT-1699653600-B,tb-supertrend-LINKUSDT-1699844400-T
ETH/USDT,supertrend,2023-11-13 16:00,2109.45,2023-11-13 21:59,2053.11,stop,0.9743,4.0576916550,-58.9497536550,-0.028683,6.00,tb-supertrend-ETHUSDT-1699887600-B,tb-supertrend-ETHUSDT-1699909200-X
XRP/USDT,supertrend,2023-11-13 21:00,0.7129,2023-11-13 21:59,0.6785,stop,1538.0,2.141113840000,-55.048313840000,-0.050206,1.00,tb-supertrend-XRPUSDT-1699905600-B,tb-supertrend-XRPUSDT-1699909200-X
BNB/USDT,supertrend,2023-11-14 09:00,246.90,2023-11-14 18:59,240.78,stop,8.932,4.3581798600,-59.0220198600,-0.026764,10.00,tb-supertrend-BNBUSDT-1699948800-B,tb-supertrend-BNBUSDT-1699984800-X
SOL/USDT,supertrend,2023-11-14 15:00,57.45,2023-11-14 18:59,52.30,stop,9.976,1.0954405000,-52.4718405000,-0.091555,4.00,tb-supertrend-SOLUSDT-1699970400-B,tb-supertrend-SOLUSDT-1699984800-X
ADA/USDT,supertrend,2023-11-14 15:00,0.3719,2023-11-14 18:59,0.3543,stop,2990.1,2.172526320000,-54.798286320000,-0.049278,4.00,tb-supertrend-ADAUSDT-1699970400-B,tb-supertrend-ADAUSDT-1699984800-X
LINK/USDT,supertrend,2023-11-15 12:00,15.163,2023-11-16 12:59,14.377,trailing,56.53,1.67080598000,-46.10338598000,-0.053786,25.00,tb-supertrend-LINKUSDT-1700046000-B,tb-supertrend-LINKUSDT-1700136000-T
ADA/USDT,supertrend,2023-11-15 12:00,0.3729,2023-11-16 13:59,0.3857,trailing,3139.9,2.383121420000,37.807598580000,0.032290,26.00,tb-supertrend-ADAUSDT-1700046000-B,tb-supertrend-ADAUSDT-1700139600-T
BNB/USDT,supertrend,2023-11-15 13:00,251.21,2023-11-16 13:59,248.11,trailing,7.565,3.7793654800,-27.2308654800,-0.014329,25.00,tb-supertrend-BNBUSDT-1700049600-B,tb-supertrend-BNBUSDT-1700139600-T
ADA/USDT,supertrend,2023-11-18 17:00,0.3708,2023-11-20 14:59,0.3836,trailing,3201.7,2.416586120000,38.565173880000,0.032484,46.00,tb-supertrend-ADAUSDT-1700323200-B,tb-supertrend-ADAUSDT-1700488800-T
ETH/USDT,supertrend,2023-11-18 19:00,1971.34,2023-11-20 14:59,1993.54,trailing,1.0998,4.3629406300,20.0526193700,0.009249,44.00,tb-supertrend-ETHUSDT-1700330400-B,tb-supertrend-ETHUSDT-1700488800-T
LINK/USDT,supertrend,2023-11-19 04:00,14.130,2023-11-20 14:59,14.632,trailing,73.78,2.12319076000,34.91436924000,0.033491,35.00,tb-supertrend-LINKUSDT-1700362800-B,tb-supertrend-LINKUSDT-1700488800-T
ETH/USDT,supertrend,2023-11-22 11:00,2029.22,2023-11-23 11:59,2038.50,trailing,0.8962,3.6473169620,4.6694190380,0.002568,25.00,tb-supertrend-ETHUSDT-1700647200-B,tb-supertrend-ETHUSDT-1700737200-T
BTC/USDT,supertrend,2023-11-22 19:00,37272.39,2023-11-23 15:59,36902.75,trailing,0.05456,4.0492319818,-24.2167903818,-0.011908,21.00,tb-supertrend-BTCUSDT-1700676000-B,tb-supertrend-BTCUSDT-1700751600-T
SOL/USDT,supertrend,2023-11-22 20:00,57.45,2023-11-23 19:59,56.05,trailing,15.038,1.7077322000,-22.7609322000,-0.026346,24.00,tb-supertrend-SOLUSDT-1700679600-B,tb-supertrend-SOLUSDT-1700766000-T
LTC/USDT,supertrend,2023-11-24 16:00,70.68,2023-11-26 09:59,70.72,trailing,35.066,4.9608768800,-3.5582368800,-0.001436,42.00,tb-supertrend-LTCUSDT-1700838000-B,tb-supertrend-LTCUSDT-1700989200-T
LINK/USDT,supertrend,2023-11-27 01:00,15.257,2023-11-27 03:59,14.629,stop,82.74,2.47414077000,-54.43486077000,-0.043121,3.00,tb-supertrend-LINKUSDT-1701043200-B,tb-supertrend-LINKUSDT-1701054000-X
ETH/USDT,supertrend,2023-11-28 17:00,2060.69,2023-11-29 14:59,2032.35,trailing,0.7465,3.0571029170,-24.2129129170,-0.015740,22.00,tb-supertrend-ETHUSDT-1701187200-B,tb-supertrend-ETHUSDT-1701266400-T
BTC/USDT,supertrend,2023-11-28 16:00,37588.23,2023-11-29 15:59,37623.57,trailing,0.06553,4.9312604280,-2.6154302280,-0.001062,24.00,tb-supertrend-BTCUSDT-1701183600-B,tb-supertrend-BTCUSDT-1701270000-T
SOL/USDT,supertrend,2023-11-28 17:00,57.38,2023-11-29 21:59,58.59,trailing,21.540,2.4992561600,23.5641438400,0.019065,29.00,tb-supertrend-SOLUSDT-1701187200-B,tb-supertrend-SOLUSDT-1701291600-T
ADA/USDT,supertrend,2023-12-01 10:00,0.3836,2023-12-03 11:59,0.3911,trailing,3611.1,2.798938490000,24.284311510000,0.017531,50.00,tb-supertrend-ADAUSDT-1701421200-B,tb-supertrend-ADAUSDT-1701601200-T
XRP/USDT,supertrend,2023-12-01 05:00,0.6125,2023-12-03 15:59,0.6172,trailing,3015.6,3.710182070000,10.463137930000,0.005665,59.00,tb-supertrend-XRPUSDT-1701403200-B,tb-supertrend-XRPUSDT-1701615600-T
ADA/USDT,supertrend,2023-12-03 23:00,0.3986,2023-12-04 11:59,0.4001,trailing,4656.3,3.720860230000,3.263589770000,0.001758,13.00,tb-supertrend-ADAUSDT-1701640800-B,tb-supertrend-ADAUSDT-1701687600-T
LTC/USDT,supertrend,2023-12-04 01:00,72.90,2023-12-04 11:59,72.65,trailing,19.088,2.7797164000,-7.5517164000,-0.005427,11.00,tb-supertrend-LTCUSDT-1701648000-B,tb-supertrend-LTCUSDT-1701687600-T
ETH/USDT,supertrend,2023-12-01 02:00,2092.70,2023-12-04 15:59,2202.28,trailing,1.1766,5.0559847100,123.8758432900,0.050310,86.00,tb-supertrend-ETHUSDT-1701392400-B,tb-supertrend-ETHUSDT-1701702000-T
XRP/USDT,supertrend,2023-12-05 18:00,0.6259,2023-12-06 05:59,0.6099,trailing,2678.6,3.311903810000,-46.169503810000,-0.027539,12.00,tb-supertrend-XRPUSDT-1701795600-B,tb-supertrend-XRPUSDT-1701838800-T
ETH/USDT,supertrend,2023-12-05 18:00,2296.45,2023-12-06 11:59,2245.88,trailing,0.7806,3.5475799600,-43.0225219600,-0.024000,18.00,tb-supertrend-ETHUSDT-1701795600-B,tb-supertrend-ETHUSDT-1701860400-T
ADA/USDT,supertrend,2023-12-05 18:00,0.4143,2023-12-07 09:59,0.4317,trailing,3634.6,3.076404510000,60.165635490000,0.039956,40.00,tb-supertrend-ADAUSDT-1701795600-B,tb-supertrend-ADAUSDT-1701939600-T
BTC/USDT,supertrend,2023-12-08 15:00,44050.92,2023-12-09 08:59,43791.16,trailing,0.05080,4.4650207212,-17.6608287212,-0.007892,18.00,tb-supertrend-BTCUSDT-1702044000-B,tb-supertrend-BTCUSDT-1702108800-T
LINK/USDT,supertrend,2023-12-07 22:00,15.673,2023-12-09 14:59,16.455,trailing,65.16,2.09455759000,48.86056241000,0.047844,41.00,tb-supertrend-LINKUSDT-1701982800-B,tb-supertrend-LINKUSDT-1702130400-T
ETH/USDT,supertrend,2023-12-10 21:00,2380.97,2023-12-11 01:59,2337.56,stop,1.0505,4.9594348320,-50.5616398320,-0.020215,5.00,tb-supertrend-ETHUSDT-1702238400-B,tb-supertrend-ETHUSDT-1702256400-X
SOL/USDT,supertrend,2023-12-11 00:00,75.03,2023-12-11 02:59,71.51,stop,14.783,2.1674262700,-54.2035862700,-0.048869,3.00,tb-supertrend-SOLUSDT-1702249200-B,tb-supertrend-SOLUSDT-1702260000-X
ADA/USDT,supertrend,2023-12-12 07:00,0.5748,2023-12-12 17:59,0.5577,trailing,1339.0,1.517222220000,-24.414122220000,-0.031721,11.00,tb-supertrend-ADAUSDT-1702360800-B,tb-supertrend-ADAUSDT-1702400400-T
BNB/USDT,supertrend,2023-12-11 13:00,242.89,2023-12-13 03:59,245.91,trailing,5.259,2.5720565400,13.3101234600,0.010420,39.00,tb-supertrend-BNBUSDT-1702296000-B,tb-supertrend-BNBUSDT-1702436400-T
ADA/USDT,supertrend,2023-12-13 14:00,0.6126,2023-12-14 13:59,0.6281,trailing,1048.8,1.301920020000,14.954479980000,0.023276,24.00,tb-supertrend-ADAUSDT-1702472400-B,tb-supertrend-ADAUSDT-1702558800-T
BTC/USDT,supertrend,2023-12-13 16:00,42023.05,2023-12-14 13:59,42323.09,trailing,0.05141,4.3387564435,11.0862999565,0.005132,22.00,tb-supertrend-BTCUSDT-1702479600-B,tb-supertrend-BTCUSDT-1702558800-T
ETH/USDT,supertrend,2023-12-13 16:00,2222.13,2023-12-14 13:59,2251.48,trailing,0.7972,3.5681396000,19.8296804000,0.011194,22.00,tb-supertrend-ETHUSDT-1702479600-B,tb-supertrend-ETHUSDT-1702558800-T
LTC/USDT,supertrend,2023-12-17 05:00,72.73,2023-12-17 22:59,71.77,trailing,34.155,4.9379430500,-37.7267430500,-0.015187,18.00,tb-supertrend-LTCUSDT-1702785600-B,tb-supertrend-LTCUSDT-1702850400-T
ETH/USDT,supertrend,2023-12-17 21:00,2251.49,2023-12-17 23:59,2206.11,trailing,0.8272,3.6893530590,-41.2276890590,-0.022136,3.00,tb-supertrend-ETHUSDT-1702843200-B,tb-supertrend-ETHUSDT-1702854000-T
ADA/USDT,supertrend,2023-12-18 21:00,0.5847,2023-12-19 12:59,0.5879,trailing,1868.3,2.191879510000,3.786680490000,0.003466,16.00,tb-supertrend-ADAUSDT-1702929600-B,tb-supertrend-ADAUSDT-1702987200-T
SOL/USDT,supertrend,2023-12-18 19:00,72.48,2023-12-19 14:59,72.84,trailing,12.110,1.7607674400,2.5988325600,0.002961,20.00,tb-supertrend-SOLUSDT-1702922400-B,tb-supertrend-SOLUSDT-1702994400-T
BTC/USDT,supertrend,2023-12-18 21:00,42055.04,2023-12-19 14:59,42367.00,trailing,0.05090,4.2996051384,11.5791588616,0.005409,18.00,tb-supertrend-BTCUSDT-1702929600-B,tb-supertrend-BTCUSDT-1702994400-T
ETH/USDT,supertrend,2023-12-20 14:00,2252.50,2023-12-20 19:59,2194.15,stop,0.7339,3.2651984400,-46.0882634400,-0.027880,6.00,tb-supertrend-ETHUSDT-1703077200-B,tb-supertrend-ETHUSDT-1703098800-X
SOL/USDT,supertrend,2023-12-20 09:00,76.56,2023-12-22 09:59,91.59,trailing,13.788,2.3195240400,204.9141159600,0.194119,49.00,tb-supertrend-SOLUSDT-1703059200-B,tb-supertrend-SOLUSDT-1703235600-T
LINK/USDT,supertrend,2023-12-21 11:00,14.793,2023-12-23 03:59,14.920,trailing,102.46,3.04602121000,9.96639879000,0.006575,41.00,tb-supertrend-LINKUSDT-1703152800-B,tb-supertrend-LINKUSDT-1703300400-T
BTC/USDT,supertrend,2023-12-20 14:00,43856.98,2023-12-23 04:59,43339.29,trailing,0.05025,4.3842439838,-30.3981664838,-0.013793,63.00,tb-supertrend-BTCUSDT-1703077200-B,tb-supertrend-BTCUSDT-1703304000-T
ADA/USDT,supertrend,2023-12-24 02:00,0.6256,2023-12-24 05:59,0.6034,stop,2388.1,2.936476340000,-55.952296340000,-0.037451,4.00,tb-supertrend-ADAUSDT-1703379600-B,tb-supertrend-ADAUSDT-1703394000-X
XRP/USDT,supertrend,2023-12-25 10:00,0.6430,2023-12-26 05:59,0.6277,trailing,2888.7,3.672535790000,-47.869645790000,-0.025772,20.00,tb-supertrend-XRPUSDT-1703494800-B,tb-supertrend-XRPUSDT-1703566800-T
BTC/USDT,supertrend,2023-12-25 15:00,43761.45,2023-12-26 05:59,43125.66,trailing,0.04625,4.0207169150,-33.4260044150,-0.016515,15.00,tb-supertrend-BTCUSDT-1703512800-B,tb-supertrend-BTCUSDT-1703566800-T
ADA/USDT,supertrend,2023-12-25 17:00,0.6230,2023-12-26 05:59,0.6062,trailing,2320.3,2.853607960000,-41.834647960000,-0.028940,13.00,tb-supertrend-ADAUSDT-1703520000-B,tb-supertrend-ADAUSDT-1703566800-T
LTC/USDT,supertrend,2023-12-26 12:00,73.57,2023-12-26 17:59,71.84,trailing,25.163,3.6608646500,-47.1928546500,-0.025493,6.00,tb-supertrend-LTCUSDT-1703588400-B,tb-supertrend-LTCUSDT-1703610000-T
ETH/USDT,supertrend,2023-12-27 11:00,2283.16,2023-12-28 07:59,2361.00,trailing,1.0713,4.9778000840,78.4121919160,0.032058,21.00,tb-supertrend-ETHUSDT-1703671200-B,tb-supertrend-ETHUSDT-1703746800-T
BTC/USDT,supertrend,2023-12-27 11:00,43281.96,2023-12-28 12:59,42761.26,trailing,0.04237,3.6478153332,-25.7098743332,-0.014020,26.00,tb-supertrend-BTCUSDT-1703671200-B,tb-supertrend-BTCUSDT-1703764800-T
LINK/USDT,supertrend,2023-12-27 11:00,15.471,2023-12-28 13:59,16.590,trailing,84.55,2.71214994000,91.89930006000,0.070255,27.00,tb-supertrend-LINKUSDT-1703671200-B,tb-supertrend-LINKUSDT-1703768400-T
SOL/USDT,supertrend,2023-12-29 07:00,108.40,2023-12-30 08:59,102.65,trailing,6.213,1.3120124500,-37.0367624500,-0.054992,26.00,tb-supertrend-SOLUSDT-1703829600-B,tb-supertrend-SOLUSDT-1703923200-T
BNB/USDT,supertrend,2023-12-31 05:00,323.15,2023-12-31 15:59,314.67,trailing,5.608,3.5788334600,-51.1346734600,-0.028217,11.00,tb-supertrend-BNBUSDT-1703995200-B,tb-supertrend-BNBUSDT-1704034800-T
BTC/USDT,supertrend,2023-12-30 18:00,42573.98,2023-12-31 22:59,42043.16,trailing,0.05808,4.9171179272,-35.7471435272,-0.014457,29.00,tb-supertrend-BTCUSDT-1703955600-B,tb-supertrend-BTCUSDT-1704060000-T
LTC/USDT,supertrend,2023-12-31 18:00,74.38,2023-12-31 22:59,72.99,trailing,24.759,3.6505933300,-38.0656033300,-0.020670,5.00,tb-supertrend-LTCUSDT-1704042000-B,tb-supertrend-LTCUSDT-1704060000-T
SOL/USDT,supertrend,2023-12-31 21:00,105.01,2023-12-31 22:59,100.64,stop,11.801,2.4281357700,-53.9985057700,-0.043574,2.00,tb-supertrend-SOLUSDT-1704052800-B,tb-supertrend-SOLUSDT-1704060000-X
XRP/USDT,supertrend,2024-01-01 18:00,0.6246,2024-01-02 14:59,0.6252,trailing,3888.3,4.862033280000,-2.529053280000,-0.001041,21.00,tb-supertrend-XRPUSDT-1704128400-B,tb-supertrend-XRPUSDT-1704204000-T
ETH/USDT,supertrend,2024-01-01 19:00,2331.56,2024-01-02 14:59,2367.91,trailing,0.7809,3.6716813720,24.7140336280,0.013574,20.00,tb-supertrend-ETHUSDT-1704132000-B,tb-supertrend-ETHUSDT-1704204000-T
ADA/USDT,supertrend,2024-01-01 20:00,0.6197,2024-01-02 14:59,0.6142,trailing,2203.6,2.720447350000,-14.840247350000,-0.010867,19.00,tb-supertrend-ADAUSDT-1704135600-B,tb-supertrend-ADAUSDT-1704204000-T
BNB/USDT,supertrend,2024-01-03 07:00,320.14,2024-01-03 12:59,319.29,trailing,6.093,3.8982879700,-9.0773379700,-0.004654,6.00,tb-supertrend-BNBUSDT-1704261600-B,tb-supertrend-BNBUSDT-1704283200-T
SOL/USDT,supertrend,2024-01-04 20:00,105.38,2024-01-05 01:59,99.14,trailing,6.732,1.3775663000,-43.3852463000,-0.061156,6.00,tb-supertrend-SOLUSDT-1704394800-B,tb-supertrend-SOLUSDT-1704416400-T
BTC/USDT,supertrend,2024-01-04 21:00,44201.91,2024-01-05 01:59,43027.68,trailing,0.03597,3.1394164291,-45.3764695291,-0.028540,5.00,tb-supertrend-BTCUSDT-1704398400-B,tb-supertrend-BTCUSDT-1704416400-T
LTC/USDT,supertrend,2024-01-07 07:00,66.28,2024-01-07 15:59,64.85,trailing,35.150,4.6116055800,-54.8761055800,-0.023555,9.00,tb-supertrend-LTCUSDT-1704607200-B,tb-supertrend-LTCUSDT-1704639600-T
LTC/USDT,supertrend,2024-01-10 04:00,67.69,2024-01-10 12:59,65.34,trailing,18.878,2.5126264500,-46.8759264500,-0.036683,9.00,tb-supertrend-LTCUSDT-1704855600-B,tb-supertrend-LTCUSDT-1704888000-T
LINK/USDT,supertrend,2024-01-10 10:00,14.386,2024-01-10 12:59,13.622,stop,65.15,1.82572822000,-51.60032822000,-0.055055,3.00,tb-supertrend-LINKUSDT-1704877200-B,tb-supertrend-LINKUSDT-1704888000-X
ADA/USDT,supertrend,2024-01-10 21:00,0.5312,2024-01-11 16:59,0.5737,trailing,1316.5,1.455344530000,54.495905470000,0.077926,20.00,tb-supertrend-ADAUSDT-1704916800-B,tb-supertrend-ADAUSDT-1704988800-T
XRP/USDT,supertrend,2024-01-10 20:00,0.5801,2024-01-12 01:59,0.5926,trailing,1919.7,2.252392390000,21.743857610000,0.019525,30.00,tb-supertrend-XRPUSDT-1704913200-B,tb-supertrend-XRPUSDT-1705021200-T
ETH/USDT,supertrend,2024-01-09 23:00,2345.60,2024-01-12 08:59,2583.11,trailing,0.4975,2.4532060300,115.7080189700,0.099155,58.00,tb-supertrend-ETHUSDT-1704837600-B,tb-supertrend-ETHUSDT-1705046400-T
ETH/USDT,supertrend,2024-01-16 16:00,2564.56,2024-01-17 07:59,2552.03,trailing,0.7988,4.0891837360,-14.0981477360,-0.006882,16.00,tb-supertrend-ETHUSDT-1705417200-B,tb-supertrend-ETHUSDT-1705474800-T
ADA/USDT,supertrend,2024-01-16 17:00,0.5453,2024-01-17 07:59,0.5294,trailing,2646.3,2.845450920000,-44.921620920000,-0.031130,15.00,tb-supertrend-ADAUSDT-1705420800-B,tb-supertrend-ADAUSDT-1705474800-T
SOL/USDT,supertrend,2024-01-16 22:00,98.56,2024-01-17 08:59,96.34,trailing,13.191,2.5723057400,-31.8563257400,-0.024503,11.00,tb-supertrend-SOLUSDT-1705438800-B,tb-supertrend-SOLUSDT-1705478400-T
BNB/USDT,supertrend,2024-01-18 15:00,315.63,2024-01-18 19:59,308.23,trailing,6.859,4.2812651500,-55.0378651500,-0.025423,5.00,tb-supertrend-BNBUSDT-1705586400-B,tb-supertrend-BNBUSDT-1705604400-T
BTC/USDT,supertrend,2024-01-31 16:00,43447.84,2024-01-31 20:59,42698.52,trailing,0.05064,4.3650585380,-42.3106233380,-0.019230,5.00,tb-supertrend-BTCUSDT-1706713200-B,tb-supertrend-BTCUSDT-1706731200-T
ETH/USDT,supertrend,2024-01-31 17:00,2350.62,2024-01-31 20:59,2291.09,trailing,0.7777,3.6117383600,-49.9082193600,-0.027301,4.00,tb-supertrend-ETHUSDT-1706716800-B,tb-supertrend-ETHUSDT-1706731200-T
LINK/USDT,supertrend,2024-02-10 22:00,18.786,2024-02-12 02:59,19.896,trailing,95.70,3.70374600000,102.52325400000,0.057026,29.00,tb-supertrend-LINKUSDT-1707598800-B,tb-supertrend-LINKUSDT-1707703200-T
ETH/USDT,supertrend,2024-02-12 15:00,2533.25,2024-02-13 13:59,2615.18,trailing,0.9959,5.1298546850,76.4642323150,0.030309,23.00,tb-supertrend-ETHUSDT-1707746400-B,tb-supertrend-ETHUSDT-1707829200-T
ADA/USDT,supertrend,2024-02-12 16:00,0.5572,2024-02-13 13:59,0.5445,trailing,2858.4,3.150715160000,-39.452395160000,-0.024771,22.00,tb-supertrend-ADAUSDT-1707750000-B,tb-supertrend-ADAUSDT-1707829200-T
SOL/USDT,supertrend,2024-02-12 16:00,109.09,2024-02-13 13:59,110.54,trailing,13.064,2.8707735800,16.0720264200,0.011277,22.00,tb-supertrend-SOLUSDT-1707750000-B,tb-supertrend-SOLUSDT-1707829200-T
BTC/USDT,supertrend,2024-02-14 09:00,50859.52,2024-02-15 21:59,51313.28,trailing,0.04366,4.4634074192,15.3477541808,0.006912,37.00,tb-supertrend-BTCUSDT-1707897600-B,tb-supertrend-BTCUSDT-1708030800-T
ETH/USDT,supertrend,2024-02-14 09:00,2712.63,2024-02-16 14:59,2778.22,trailing,0.7247,3.9813890950,43.5516839050,0.022154,54.00,tb-supertrend-ETHUSDT-1707897600-B,tb-supertrend-ETHUSDT-1708092000-T
ADA/USDT,supertrend,2024-02-14 09:00,0.5595,2024-02-16 14:59,0.5863,trailing,2662.2,3.051859410000,68.295100590000,0.045851,54.00,tb-supertrend-ADAUSDT-1707897600-B,tb-supertrend-ADAUSDT-1708092000-T
ADA/USDT,supertrend,2024-02-17 21:00,0.6004,2024-02-18 20:59,0.6123,trailing,2553.2,3.097826680000,27.285253320000,0.017799,24.00,tb-supertrend-ADAUSDT-1708200000-B,tb-supertrend-ADAUSDT-1708286400-T
LINK/USDT,supertrend,2024-02-17 18:00,19.954,2024-02-19 10:59,19.737,trailing,70.45,2.79782727000,-18.08547727000,-0.012865,41.00,tb-supertrend-LINKUSDT-1708189200-B,tb-supertrend-LINKUSDT-1708336800-T
BTC/USDT,supertrend,2024-02-17 22:00,51907.41,2024-02-20 00:59,51565.74,trailing,0.03531,3.6557132235,-15.7200809235,-0.008577,51.00,tb-supertrend-BTCUSDT-1708203600-B,tb-supertrend-BTCUSDT-1708387200-T
BTC/USDT,supertrend,2024-02-20 14:00,52945.83,2024-02-20 14:59,51920.18,stop,0.03758,3.9429824846,-42.4869094846,-0.021353,1.00,tb-supertrend-BTCUSDT-1708434000-B,tb-supertrend-BTCUSDT-1708437600-X
BNB/USDT,supertrend,2024-02-20 06:00,357.92,2024-02-20 15:59,349.72,trailing,6.438,4.5582917600,-57.3498917600,-0.024888,10.00,tb-supertrend-BNBUSDT-1708405200-B,tb-supertrend-BNBUSDT-1708441200-T
ETH/USDT,supertrend,2024-02-22 09:00,3026.82,2024-02-22 13:59,2927.08,stop,0.5468,3.2574086080,-57.7952406080,-0.034920,5.00,tb-supertrend-ETHUSDT-1708588800-B,tb-supertrend-ETHUSDT-1708606800-X
LINK/USDT,supertrend,2024-02-22 09:00,18.984,2024-02-22 13:59,18.306,trailing,78.18,2.91685092000,-55.92289092000,-0.037680,5.00,tb-supertrend-LINKUSDT-1708588800-B,tb-supertrend-LINKUSDT-1708606800-T
BNB/USDT,supertrend,2024-02-21 08:00,361.13,2024-02-23 07:59,374.28,trailing,5.289,3.8917502700,65.6585997300,0.034376,48.00,tb-supertrend-BNBUSDT-1708498800-B,tb-supertrend-BNBUSDT-1708671600-T
XRP/USDT,supertrend,2024-02-24 10:00,0.5456,2024-02-26 02:59,0.5391,trailing,3476.5,3.772869150000,-26.370119150000,-0.013903,41.00,tb-supertrend-XRPUSDT-1708765200-B,tb-supertrend-XRPUSDT-1708912800-T
LTC/USDT,supertrend,2024-02-24 01:00,69.48,2024-02-26 05:59,69.50,trailing,36.400,5.0614427600,-4.3334427600,-0.001713,53.00,tb-supertrend-LTCUSDT-1708732800-B,tb-supertrend-LTCUSDT-1708923600-T
ETH/USDT,supertrend,2024-02-24 18:00,2999.80,2024-02-26 09:59,3047.76,trailing,0.4742,2.8692528500,19.8733791500,0.013971,40.00,tb-supertrend-ETHUSDT-1708794000-B,tb-supertrend-ETHUSDT-1708938000-T
BTC/USDT,supertrend,2024-02-26 15:00,51790.41,2024-02-28 17:59,60038.03,trailing,0.04877,5.4564625362,396.7799648638,0.157090,51.00,tb-supertrend-BTCUSDT-1708956000-B,tb-supertrend-BTCUSDT-1709139600-T
ADA/USDT,supertrend,2024-02-26 16:00,0.6072,2024-02-28 17:59,0.6221,trailing,2494.0,3.067392200000,34.093207800000,0.022513,50.00,tb-supertrend-ADAUSDT-1708959600-B,tb-supertrend-ADAUSDT-1709139600-T
ETH/USDT,supertrend,2024-02-26 16:00,3151.89,2024-02-28 17:59,3299.56,trailing,0.4810,3.1047233950,67.9245466050,0.044803,50.00,tb-supertrend-ETHUSDT-1708959600-B,tb-supertrend-ETHUSDT-1709139600-T
LTC/USDT,supertrend,2024-02-29 05:00,83.48,2024-02-29 22:59,79.12,trailing,10.121,1.6465928800,-45.7741528800,-0.054177,18.00,tb-supertrend-LTCUSDT-1709179200-B,tb-supertrend-LTCUSDT-1709244000-T
XRP/USDT,supertrend,2024-02-29 17:00,0.6130,2024-03-01 14:59,0.5866,trailing,1463.8,1.756893980000,-40.401213980000,-0.045025,22.00,tb-supertrend-XRPUSDT-1709222400-B,tb-supertrend-XRPUSDT-1709301600-T
ADA/USDT,supertrend,2024-03-02 00:00,0.7211,2024-03-02 09:59,0.7201,trailing,1528.7,2.204316200000,-3.733016200000,-0.003386,10.00,tb-supertrend-ADAUSDT-1709334000-B,tb-supertrend-ADAUSDT-1709370000-T
LINK/USDT,supertrend,2024-03-02 02:00,20.469,2024-03-03 07:59,20.742,trailing,73.60,3.03476712000,17.05803288000,0.011323,30.00,tb-supertrend-LINKUSDT-1709341200-B,tb-supertrend-LINKUSDT-1709449200-T
BNB/USDT,supertrend,2024-03-02 04:00,414.53,2024-03-03 07:59,406.65,trailing,4.769,3.9182800700,-41.4980000700,-0.020992,28.00,tb-supertrend-BNBUSDT-1709348400-B,tb-supertrend-BNBUSDT-1709449200-T
ADA/USDT,supertrend,2024-03-04 03:00,0.7542,2024-03-05 05:59,0.7498,trailing,1502.8,2.261417920000,-8.873737920000,-0.007829,27.00,tb-supertrend-ADAUSDT-1709517600-B,tb-supertrend-ADAUSDT-1709614800-T
XRP/USDT,supertrend,2024-03-04 07:00,0.6450,2024-03-05 05:59,0.6297,trailing,1936.1,2.469236670000,-32.091566670000,-0.025698,23.00,tb-supertrend-XRPUSDT-1709532000-B,tb-supertrend-XRPUSDT-1709614800-T
ETH/USDT,supertrend,2024-03-03 17:00,3487.48,2024-03-05 16:59,3668.11,trailing,0.6938,4.9669895800,120.3541044200,0.049741,48.00,tb-supertrend-ETHUSDT-1709481600-B,tb-supertrend-ETHUSDT-1709654400-T
LINK/USDT,supertrend,2024-03-05 06:00,21.012,2024-03-05 16:59,20.029,trailing,50.01,2.05372113000,-51.21355113000,-0.048737,11.00,tb-supertrend-LINKUSDT-1709614800-B,tb-supertrend-LINKUSDT-1709654400-T
BNB/USDT,supertrend,2024-03-06 08:00,411.43,2024-03-08 15:59,467.84,trailing,2.248,1.9778332500,124.8318467500,0.134969,56.00,tb-supertrend-BNBUSDT-1709708400-B,tb-supertrend-BNBUSDT-1709910000-T
ETH/USDT,supertrend,2024-03-06 06:00,3776.98,2024-03-08 16:59,3851.61,trailing,0.1989,1.5180819480,13.3258250520,0.017738,59.00,tb-supertrend-ETHUSDT-1709701200-B,tb-supertrend-ETHUSDT-1709913600-T
BTC/USDT,supertrend,2024-03-06 12:00,67435.92,2024-03-08 16:59,66672.19,trailing,0.01404,1.8842265852,-12.6069957852,-0.013315,53.00,tb-supertrend-BTCUSDT-1709722800-B,tb-supertrend-BTCUSDT-1709913600-T
LINK/USDT,supertrend,2024-03-10 23:00,20.702,2024-03-11 00:59,20.621,trailing,67.16,2.77670182000,-8.21666182000,-0.005910,2.00,tb-supertrend-LINKUSDT-1710108000-B,tb-supertrend-LINKUSDT-1710115200-T
ETH/USDT,supertrend,2024-03-11 08:00,4009.41,2024-03-12 08:59,3965.71,trailing,0.3722,2.9699434260,-19.2350834260,-0.012890,25.00,tb-supertrend-ETHUSDT-1710140400-B,tb-supertrend-ETHUSDT-1710230400-T
BTC/USDT,supertrend,2024-03-11 08:00,71162.03,2024-03-12 15:59,70668.05,trailing,0.02741,3.8896973532,-17.4296891532,-0.008936,32.00,tb-supertrend-BTCUSDT-1710140400-B,tb-supertrend-BTCUSDT-1710255600-T
SOL/USDT,supertrend,2024-03-11 08:00,148.15,2024-03-12 16:59,146.33,trailing,6.781,1.9979059300,-14.3393259300,-0.014274,33.00,tb-supertrend-SOLUSDT-1710140400-B,tb-supertrend-SOLUSDT-1710259200-T
BTC/USDT,supertrend,2024-03-13 08:00,73000.87,2024-03-13 13:59,71512.56,trailing,0.02809,4.0615722744,-45.8682001744,-0.022368,6.00,tb-supertrend-BTCUSDT-1710313200-B,tb-supertrend-BTCUSDT-1710334800-T
ETH/USDT,supertrend,2024-03-13 09:00,4071.89,2024-03-13 13:59,3963.23,trailing,0.4685,3.7664896700,-54.6736996700,-0.028660,5.00,tb-supertrend-ETHUSDT-1710316800-B,tb-supertrend-ETHUSDT-1710334800-T
ADA/USDT,supertrend,2024-03-13 09:00,0.7709,2024-03-13 13:59,0.7415,trailing,1776.5,2.688166220000,-54.917266220000,-0.040100,5.00,tb-supertrend-ADAUSDT-1710316800-B,tb-supertrend-ADAUSDT-1710334800-T
LINK/USDT,supertrend,2024-03-14 10:00,21.158,2024-03-14 15:59,20.655,trailing,68.99,2.88615993000,-37.58812993000,-0.025751,6.00,tb-supertrend-LINKUSDT-1710406800-B,tb-supertrend-LINKUSDT-1710428400-T
SOL/USDT,supertrend,2024-03-15 00:00,177.01,2024-03-15 08:59,169.55,trailing,3.845,1.3332312400,-30.0169312400,-0.044103,9.00,tb-supertrend-SOLUSDT-1710457200-B,tb-supertrend-SOLUSDT-1710489600-T
BNB/USDT,supertrend,2024-03-15 19:00,613.83,2024-03-16 13:59,592.75,trailing,1.159,1.3996538800,-25.8313738800,-0.036309,19.00,tb-supertrend-BNBUSDT-1710525600-B,tb-supertrend-BNBUSDT-1710594000-T
SOL/USDT,supertrend,2024-03-16 06:00,192.62,2024-03-16 19:59,180.50,trailing,3.097,1.1563231200,-38.6919631200,-0.064860,14.00,tb-supertrend-SOLUSDT-1710565200-B,tb-supertrend-SOLUSDT-1710615600-T
ETH/USDT,supertrend,2024-03-17 16:00,3635.68,2024-03-18 13:59,3521.99,trailing,0.3220,2.3062240120,-38.9144040120,-0.033241,22.00,tb-supertrend-ETHUSDT-1710687600-B,tb-supertrend-ETHUSDT-1710766800-T
BTC/USDT,supertrend,2024-03-17 16:00,68101.45,2024-03-18 14:59,66552.60,trailing,0.02000,2.6951240435,-33.6721240435,-0.024722,23.00,tb-supertrend-BTCUSDT-1710687600-B,tb-supertrend-BTCUSDT-1710770400-T
ADA/USDT,supertrend,2024-03-17 16:00,0.6853,2024-03-18 14:59,0.6561,trailing,1201.5,1.612582990000,-36.696382990000,-0.044568,23.00,tb-supertrend-ADAUSDT-1710687600-B,tb-supertrend-ADAUSDT-1710770400-T
LTC/USDT,supertrend,2024-03-19 00:00,86.94,2024-03-19 01:59,82.30,stop,11.403,1.9308870000,-54.8408070000,-0.055318,2.00,tb-supertrend-LTCUSDT-1710802800-B,tb-supertrend-LTCUSDT-1710810000-X
XRP/USDT,supertrend,2024-03-18 23:00,0.6344,2024-03-19 02:59,0.6108,trailing,1857.3,2.313915320000,-46.146195320000,-0.039164,4.00,tb-supertrend-XRPUSDT-1710799200-B,tb-supertrend-XRPUSDT-1710813600-T
ETH/USDT,supertrend,2024-03-20 13:00,3361.54,2024-03-20 16:59,3185.87,trailing,0.2538,1.6627411240,-46.2477871240,-0.054208,4.00,tb-supertrend-ETHUSDT-1710936000-B,tb-supertrend-ETHUSDT-1710950400-T
SOL/USDT,supertrend,2024-03-20 19:00,184.20,2024-03-21 18:59,179.57,trailing,2.808,1.0220187600,-14.0230587600,-0.027112,24.00,tb-supertrend-SOLUSDT-1710957600-B,tb-supertrend-SOLUSDT-1711044000-T
BTC/USDT,supertrend,2024-03-20 19:00,65545.76,2024-03-21 18:59,65338.25,trailing,0.01458,1.9095997860,-4.9350955860,-0.005164,24.00,tb-supertrend-BTCUSDT-1710957600-B,tb-supertrend-BTCUSDT-1711044000-T
LINK/USDT,supertrend,2024-03-20 19:00,18.035,2024-03-22 11:59,17.931,trailing,38.98,1.40267608000,-5.45659608000,-0.007762,41.00,tb-supertrend-LINKUSDT-1710957600-B,tb-supertrend-LINKUSDT-1711105200-T
LTC/USDT,supertrend,2024-03-23 02:00,84.82,2024-03-26 14:59,89.25,trailing,15.836,2.7579296400,67.3955503600,0.050175,85.00,tb-supertrend-LTCUSDT-1711155600-B,tb-supertrend-LTCUSDT-1711461600-T
LINK/USDT,supertrend,2024-03-23 10:00,18.433,2024-03-26 14:59,19.831,trailing,64.51,2.46970095000,87.71527905000,0.073765,77.00,tb-supertrend-LINKUSDT-1711184400-B,tb-supertrend-LINKUSDT-1711461600-T
ADA/USDT,supertrend,2024-03-23 14:00,0.6348,2024-03-26 14:59,0.6605,trailing,2216.1,2.871974370000,54.081795630000,0.038444,73.00,tb-supertrend-ADAUSDT-1711198800-B,tb-supertrend-ADAUSDT-1711461600-T
LTC/USDT,supertrend,2024-03-26 19:00,93.99,2024-03-27 14:59,92.86,trailing,11.396,2.1304704800,-15.0079504800,-0.014012,20.00,tb-supertrend-LTCUSDT-1711476000-B,tb-supertrend-LTCUSDT-1711548000-T
BTC/USDT,supertrend,2024-03-28 15:00,71681.05,2024-03-29 03:59,70157.47,trailing,0.02813,3.9920679980,-46.8503733980,-0.023235,13.00,tb-supertrend-BTCUSDT-1711634400-B,tb-supertrend-BTCUSDT-1711681200-T
ETH/USDT,supertrend,2024-03-28 15:00,3614.59,2024-03-29 07:59,3530.40,trailing,0.4534,3.2413457610,-41.4130917610,-0.025270,17.00,tb-supertrend-ETHUSDT-1711634400-B,tb-supertrend-ETHUSDT-1711695600-T
BNB/USDT,supertrend,2024-03-28 01:00,588.98,2024-03-30 06:59,602.35,trailing,2.771,3.3029423700,33.7453276300,0.020676,54.00,tb-supertrend-BNBUSDT-1711584000-B,tb-supertrend-BNBUSDT-1711778400-T
ADA/USDT,supertrend,2024-03-29 14:00,0.6614,2024-03-30 15:59,0.6485,trailing,2392.4,3.135392120000,-33.997352120000,-0.021486,26.00,tb-supertrend-ADAUSDT-1711717200-B,tb-supertrend-ADAUSDT-1711810800-T
XRP/USDT,supertrend,2024-03-29 12:00,0.6307,2024-03-30 21:59,0.6203,trailing,2814.3,3.522518330000,-32.791238330000,-0.018474,34.00,tb-supertrend-XRPUSDT-1711710000-B,tb-supertrend-XRPUSDT-1711832400-T
ETH/USDT,supertrend,2024-03-31 06:00,3611.41,2024-04-01 05:59,3579.69,trailing,0.6980,5.0219157870,-27.1624757870,-0.010775,24.00,tb-supertrend-ETHUSDT-1711861200-B,tb-supertrend-ETHUSDT-1711947600-T
BTC/USDT,supertrend,2024-03-31 12:00,70510.73,2024-04-01 05:59,70228.39,trailing,0.02681,3.7753311332,-11.3448665332,-0.006001,18.00,tb-supertrend-BTCUSDT-1711882800-B,tb-supertrend-BTCUSDT-1711947600-T
LTC/USDT,supertrend,2024-03-31 20:00,104.80,2024-04-01 05:59,106.19,trailing,13.531,2.8563728900,15.9517171100,0.011249,10.00,tb-supertrend-LTCUSDT-1711911600-B,tb-supertrend-LTCUSDT-1711947600-T
LTC/USDT,supertrend,2024-04-02 12:00,102.72,2024-04-03 08:59,100.39,trailing,6.711,1.3637902500,-17.0004202500,-0.024661,21.00,tb-supertrend-LTCUSDT-1712055600-B,tb-supertrend-LTCUSDT-1712131200-T
SOL/USDT,supertrend,2024-04-03 04:00,188.85,2024-04-04 03:59,181.64,trailing,4.599,1.7048277600,-34.8636177600,-0.040141,24.00,tb-supertrend-SOLUSDT-1712113200-B,tb-supertrend-SOLUSDT-1712199600-T
LTC/USDT,supertrend,2024-04-06 11:00,102.03,2024-04-07 17:59,101.71,trailing,12.939,2.6375182500,-6.7779982500,-0.005134,31.00,tb-supertrend-LTCUSDT-1712397600-B,tb-supertrend-LTCUSDT-1712509200-T
XRP/USDT,supertrend,2024-04-06 16:00,0.5953,2024-04-07 19:59,0.5907,trailing,3648.1,4.328849210000,-21.110109210000,-0.009720,28.00,tb-supertrend-XRPUSDT-1712415600-B,tb-supertrend-XRPUSDT-1712516400-T
LTC/USDT,supertrend,2024-04-08 09:00,104.64,2024-04-09 00:59,102.45,trailing,14.388,2.9811805200,-34.4909005200,-0.022909,16.00,tb-supertrend-LTCUSDT-1712563200-B,tb-supertrend-LTCUSDT-1712620800-T
ADA/USDT,supertrend,2024-04-08 08:00,0.5961,2024-04-09 07:59,0.6006,trailing,3502.6,4.193707380000,11.567992620000,0.005540,24.00,tb-supertrend-ADAUSDT-1712559600-B,tb-supertrend-ADAUSDT-1712646000-T
ETH/USDT,supertrend,2024-04-06 21:00,3368.43,2024-04-09 08:59,3615.91,trailing,0.4836,3.3793110430,116.3020169570,0.071396,60.00,tb-supertrend-ETHUSDT-1712433600-B,tb-supertrend-ETHUSDT-1712649600-T
BNB/USDT,supertrend,2024-04-10 16:00,594.29,2024-04-11 09:59,598.90,trailing,2.928,3.4954431900,10.0026368100,0.005748,18.00,tb-supertrend-BNBUSDT-1712761200-B,tb-supertrend-BNBUSDT-1712826000-T
SOL/USDT,supertrend,2024-04-10 23:00,174.32,2024-04-12 12:59,170.25,trailing,6.320,2.1789026400,-27.9013026400,-0.025326,38.00,tb-supertrend-SOLUSDT-1712786400-B,tb-supertrend-SOLUSDT-1712923200-T
BTC/USDT,supertrend,2024-04-10 20:00,70224.17,2024-04-12 13:59,69735.23,trailing,0.02670,3.7390227041,-16.7937207041,-0.008957,42.00,tb-supertrend-BTCUSDT-1712775600-B,tb-supertrend-BTCUSDT-1712926800-T
LINK/USDT,supertrend,2024-04-19 07:00,13.874,2024-04-21 16:59,14.548,trailing,59.27,1.68540438000,38.26257562000,0.046530,58.00,tb-supertrend-LINKUSDT-1713506400-B,tb-supertrend-LINKUSDT-1713715200-T
LTC/USDT,supertrend,2024-04-22 21:00,86.41,2024-04-23 04:59,84.23,trailing,22.048,3.7642581500,-51.8288981500,-0.027204,8.00,tb-supertrend-LTCUSDT-1713816000-B,tb-supertrend-LTCUSDT-1713844800-T
ETH/USDT,supertrend,2024-04-19 07:00,3110.04,2024-04-23 07:59,3151.61,trailing,0.3440,2.1552516160,12.1448283840,0.011352,97.00,tb-supertrend-ETHUSDT-1713506400-B,tb-supertrend-ETHUSDT-1713855600-T
BTC/USDT,supertrend,2024-04-19 07:00,64753.62,2024-04-23 11:59,65721.48,trailing,0.01606,2.0967251796,13.4471064204,0.012931,101.00,tb-supertrend-BTCUSDT-1713506400-B,tb-supertrend-BTCUSDT-1713870000-T
BNB/USDT,supertrend,2024-05-17 08:00,579.76,2024-05-18 13:59,574.88,trailing,2.854,3.2970818400,-17.2246018400,-0.010410,30.00,tb-supertrend-BNBUSDT-1715929200-B,tb-supertrend-BNBUSDT-1716037200-T
ETH/USDT,supertrend,2024-05-17 08:00,3030.71,2024-05-19 11:59,3088.91,trailing,0.7277,4.4556720450,37.8964679550,0.017183,52.00,tb-supertrend-ETHUSDT-1715929200-B,tb-supertrend-ETHUSDT-1716116400-T
ETH/USDT,supertrend,2024-05-20 05:00,3129.85,2024-05-20 06:59,3064.27,trailing,0.5943,3.6830434250,-42.6572374250,-0.022933,2.00,tb-supertrend-ETHUSDT-1716177600-B,tb-supertrend-ETHUSDT-1716184800-T
SOL/USDT,supertrend,2024-05-20 03:00,173.11,2024-05-21 12:59,179.62,trailing,8.101,2.8590237200,49.8784862800,0.035567,34.00,tb-supertrend-SOLUSDT-1716170400-B,tb-supertrend-SOLUSDT-1716292800-T
LINK/USDT,supertrend,2024-05-16 19:00,14.447,2024-05-21 15:59,16.536,trailing,84.90,2.63175693000,174.72434307000,0.142452,117.00,tb-supertrend-LINKUSDT-1715882400-B,tb-supertrend-LINKUSDT-1716303600-T
BTC/USDT,supertrend,2024-05-20 16:00,67554.84,2024-05-21 15:59,69802.31,trailing,0.02737,3.7614918360,57.7517620640,0.031234,24.00,tb-supertrend-BTCUSDT-1716217200-B,tb-supertrend-BTCUSDT-1716303600-T
ETH/USDT,supertrend,2024-05-23 11:00,3835.87,2024-05-23 12:59,3779.66,trailing,0.4339,3.3062963980,-27.6958153980,-0.016640,2.00,tb-supertrend-ETHUSDT-1716458400-B,tb-supertrend-ETHUSDT-1716465600-T
LINK/USDT,supertrend,2024-05-24 01:00,16.935,2024-05-25 08:59,16.992,trailing,56.00,1.90092810000,1.29107190000,0.001361,32.00,tb-supertrend-LINKUSDT-1716508800-B,tb-supertrend-LINKUSDT-1716624000-T
LTC/USDT,supertrend,2024-05-24 01:00,86.42,2024-05-25 12:59,84.63,trailing,14.706,2.5167576000,-28.8404976000,-0.022693,36.00,tb-supertrend-LTCUSDT-1716508800-B,tb-supertrend-LTCUSDT-1716638400-T
BTC/USDT,supertrend,2024-05-24 18:00,69056.86,2024-05-26 15:59,68559.19,trailing,0.02918,4.0177080406,-18.5397186406,-0.009200,46.00,tb-supertrend-BTCUSDT-1716570000-B,tb-supertrend-BTCUSDT-1716735600-T
ETH/USDT,supertrend,2024-05-26 10:00,3807.60,2024-05-27 19:59,3863.00,trailing,0.5409,4.1513121000,25.8145479000,0.012534,34.00,tb-supertrend-ETHUSDT-1716714000-B,tb-supertrend-ETHUSDT-1716836400-T
BNB/USDT,supertrend,2024-05-27 03:00,607.12,2024-05-27 19:59,603.49,trailing,3.366,4.0773417400,-16.2959217400,-0.007974,17.00,tb-supertrend-BNBUSDT-1716775200-B,tb-supertrend-BNBUSDT-1716836400-T
SOL/USDT,supertrend,2024-05-27 12:00,168.07,2024-05-28 03:59,166.10,trailing,9.119,3.0489769300,-21.0134069300,-0.013711,16.00,tb-supertrend-SOLUSDT-1716807600-B,tb-supertrend-SOLUSDT-1716865200-T
SOL/USDT,supertrend,2024-05-29 04:00,172.70,2024-05-29 12:59,167.13,trailing,8.503,2.8911287900,-50.2528387900,-0.034221,9.00,tb-supertrend-SOLUSDT-1716951600-B,tb-supertrend-SOLUSDT-1716984000-T
LINK/USDT,supertrend,2024-05-29 13:00,19.103,2024-05-30 06:59,18.403,trailing,69.57,2.61062963000,-51.30962963000,-0.038608,18.00,tb-supertrend-LINKUSDT-1716984000-B,tb-supertrend-LINKUSDT-1717048800-T
BNB/USDT,supertrend,2024-05-30 18:00,600.40,2024-05-30 20:59,590.87,stop,2.489,2.9668722300,-26.6870422300,-0.017858,3.00,tb-supertrend-BNBUSDT-1717088400-B,tb-supertrend-BNBUSDT-1717099200-X
BTC/USDT,supertrend,2024-05-30 17:00,68813.36,2024-05-31 06:59,68140.70,trailing,0.02895,3.9668844428,-23.4403914428,-0.011766,14.00,tb-supertrend-BTCUSDT-1717084800-B,tb-supertrend-BTCUSDT-1717135200-T
LTC/USDT,supertrend,2024-05-30 14:00,84.86,2024-05-31 13:59,83.48,trailing,25.344,4.2686153200,-39.2433353200,-0.018247,24.00,tb-supertrend-LTCUSDT-1717074000-B,tb-supertrend-LTCUSDT-1717160400-T
LINK/USDT,supertrend,2024-05-31 20:00,18.268,2024-06-02 09:59,18.228,trailing,79.04,2.88610528000,-6.04770528000,-0.004188,38.00,tb-supertrend-LINKUSDT-1717182000-B,tb-supertrend-LINKUSDT-1717318800-T
BTC/USDT,supertrend,2024-06-02 12:00,68388.04,2024-06-02 18:59,67572.55,stop,0.03664,4.9843315372,-34.8638851372,-0.013914,7.00,tb-supertrend-BTCUSDT-1717326000-B,tb-supertrend-BTCUSDT-1717351200-X
LTC/USDT,supertrend,2024-06-03 02:00,83.84,2024-06-03 14:59,82.58,trailing,22.343,3.7202503800,-31.8724303800,-0.017015,13.00,tb-supertrend-LTCUSDT-1717376400-B,tb-supertrend-LTCUSDT-1717423200-T
ADA/USDT,supertrend,2024-06-03 07:00,0.4555,2024-06-04 08:59,0.4524,trailing,3085.0,2.802283550000,-12.365783550000,-0.008800,26.00,tb-supertrend-ADAUSDT-1717394400-B,tb-supertrend-ADAUSDT-1717488000-T
ETH/USDT,supertrend,2024-06-04 17:00,3826.34,2024-06-06 13:59,3817.13,trailing,0.3649,2.7906327420,-6.1513617420,-0.004406,45.00,tb-supertrend-ETHUSDT-1717516800-B,tb-supertrend-ETHUSDT-1717678800-T
BNB/USDT,supertrend,2024-06-03 01:00,606.01,2024-06-06 16:59,698.23,trailing,4.121,5.3778030900,374.6608169100,0.150022,88.00,tb-supertrend-BNBUSDT-1717372800-B,tb-supertrend-BNBUSDT-1717689600-T
LTC/USDT,supertrend,2024-06-04 17:00,83.15,2024-06-06 20:59,84.22,trailing,22.401,3.7511678200,20.2179021800,0.010854,52.00,tb-supertrend-LTCUSDT-1717516800-B,tb-supertrend-LTCUSDT-1717704000-T
ADA/USDT,supertrend,2024-06-07 09:00,0.4655,2024-06-07 17:59,0.4707,trailing,5552.1,5.200482820000,23.670437180000,0.009159,9.00,tb-supertrend-ADAUSDT-1717747200-B,tb-supertrend-ADAUSDT-1717779600-T
BTC/USDT,supertrend,2024-06-09 13:00,69852.39,2024-06-09 13:59,69257.07,stop,0.03706,5.1581906790,-27.2207498790,-0.010515,1.00,tb-supertrend-BTCUSDT-1717934400-B,tb-supertrend-BTCUSDT-1717938000-X
ETH/USDT,supertrend,2024-06-09 22:00,3722.14,2024-06-10 03:59,3677.22,trailing,0.4077,3.0185801380,-21.3324641380,-0.014057,6.00,tb-supertrend-ETHUSDT-1717966800-B,tb-supertrend-ETHUSDT-1717988400-T
SOL/USDT,supertrend,2024-06-09 15:00,161.67,2024-06-10 04:59,159.01,trailing,13.813,4.4318162200,-41.1743962200,-0.018438,14.00,tb-supertrend-SOLUSDT-1717941600-B,tb-supertrend-SOLUSDT-1717992000-T
ADA/USDT,supertrend,2024-06-09 19:00,0.4442,2024-06-10 06:59,0.4367,trailing,4558.4,4.017537880000,-38.205537880000,-0.018868,12.00,tb-supertrend-ADAUSDT-1717956000-B,tb-supertrend-ADAUSDT-1717999200-T
ADA/USDT,supertrend,2024-06-10 10:00,0.4501,2024-06-10 13:59,0.4388,stop,4923.4,4.378660760000,-60.013080760000,-0.027081,4.00,tb-supertrend-ADAUSDT-1718010000-B,tb-supertrend-ADAUSDT-1718024400-X
XRP/USDT,supertrend,2024-06-10 15:00,0.5039,2024-06-10 20:59,0.4949,trailing,5045.3,5.041815530000,-50.449515530000,-0.019844,6.00,tb-supertrend-XRPUSDT-1718028000-B,tb-supertrend-XRPUSDT-1718049600-T
LTC/USDT,supertrend,2024-06-10 16:00,80.55,2024-06-10 22:59,79.22,stop,17.760,2.8389651000,-26.4597651000,-0.018496,7.00,tb-supertrend-LTCUSDT-1718031600-B,tb-supertrend-LTCUSDT-1718056800-X
SOL/USDT,supertrend,2024-06-10 16:00,162.70,2024-06-10 23:59,158.18,stop,11.719,3.7623451200,-56.7322251200,-0.029754,8.00,tb-supertrend-SOLUSDT-1718031600-B,tb-supertrend-SOLUSDT-1718060400-X
ETH/USDT,supertrend,2024-06-12 13:00,3645.69,2024-06-12 18:59,3547.21,stop,0.5502,3.9597209920,-58.1434169920,-0.028987,6.00,tb-supertrend-ETHUSDT-1718193600-B,tb-supertrend-ETHUSDT-1718215200-X
BNB/USDT,supertrend,2024-06-12 10:00,617.54,2024-06-12 19:59,611.71,trailing,2.727,3.3540173700,-19.2524273700,-0.011432,10.00,tb-supertrend-BNBUSDT-1718182800-B,tb-supertrend-BNBUSDT-1718218800-T
BTC/USDT,supertrend,2024-06-12 13:00,69477.97,2024-06-12 19:59,68417.99,trailing,0.02282,3.1488701445,-27.3376137445,-0.017242,7.00,tb-supertrend-BTCUSDT-1718193600-B,tb-supertrend-BTCUSDT-1718218800-T
BTC/USDT,supertrend,2024-06-16 11:00,66849.75,2024-06-17 01:59,66186.72,trailing,0.03092,4.1161616400,-24.6170492400,-0.011910,15.00,tb-supertrend-BTCUSDT-1718532000-B,tb-supertrend-BTCUSDT-1718586000-T
LINK/USDT,supertrend,2024-06-16 12:00,14.956,2024-06-17 02:59,14.826,trailing,103.71,3.09033638000,-16.57263638000,-0.010685,15.00,tb-supertrend-LINKUSDT-1718535600-B,tb-supertrend-LINKUSDT-1718589600-T
ETH/USDT,supertrend,2024-06-14 22:00,3511.22,2024-06-17 05:59,3560.27,trailing,0.4721,3.3402060420,19.8162989580,0.011954,56.00,tb-supertrend-ETHUSDT-1718398800-B,tb-supertrend-ETHUSDT-1718600400-T
ADA/USDT,supertrend,2024-07-21 22:00,0.4401,2024-07-22 05:59,0.4310,trailing,3109.3,2.709919550000,-31.004549550000,-0.022657,8.00,tb-supertrend-ADAUSDT-1721595600-B,tb-supertrend-ADAUSDT-1721624400-T
ETH/USDT,supertrend,2024-07-21 23:00,3540.55,2024-07-22 06:59,3458.80,trailing,0.5871,4.1114427150,-52.1068677150,-0.025068,8.00,tb-supertrend-ETHUSDT-1721599200-B,tb-supertrend-ETHUSDT-1721628000-T
XRP/USDT,supertrend,2024-07-22 10:00,0.6031,2024-07-23 05:59,0.5969,trailing,1974.3,2.370366200000,-14.611026200000,-0.012271,20.00,tb-supertrend-XRPUSDT-1721638800-B,tb-supertrend-XRPUSDT-1721710800-T
ETH/USDT,supertrend,2024-07-23 09:00,3528.53,2024-07-23 13:59,3430.37,trailing,0.5245,3.6520601730,-55.1369801730,-0.029792,5.00,tb-supertrend-ETHUSDT-1721721600-B,tb-supertrend-ETHUSDT-1721739600-T
LTC/USDT,supertrend,2024-07-24 00:00,73.07,2024-07-24 21:59,71.67,trailing,20.735,3.0027183700,-32.0317183700,-0.021142,22.00,tb-supertrend-LTCUSDT-1721775600-B,tb-supertrend-LTCUSDT-1721854800-T
XRP/USDT,supertrend,2024-07-24 09:00,0.6153,2024-07-25 01:59,0.6032,trailing,2083.3,2.539793180000,-27.747723180000,-0.021647,17.00,tb-supertrend-XRPUSDT-1721808000-B,tb-supertrend-XRPUSDT-1721869200-T
SOL/USDT,supertrend,2024-07-24 15:00,181.29,2024-07-25 01:59,173.88,stop,6.934,2.4640178100,-53.8449578100,-0.042834,11.00,tb-supertrend-SOLUSDT-1721829600-B,tb-supertrend-SOLUSDT-1721869200-X
BNB/USDT,supertrend,2024-07-26 01:00,574.85,2024-07-27 15:59,581.66,trailing,3.276,3.7910261600,18.5185338400,0.009834,39.00,tb-supertrend-BNBUSDT-1721952000-B,tb-supertrend-BNBUSDT-1722092400-T
ETH/USDT,supertrend,2024-07-26 03:00,3251.51,2024-07-27 18:59,3249.18,trailing,0.4099,2.6662585840,-3.6213255840,-0.002717,40.00,tb-supertrend-ETHUSDT-1721959200-B,tb-supertrend-ETHUSDT-1722103200-T
BTC/USDT,supertrend,2024-07-25 22:00,65969.69,2024-07-27 19:59,67993.62,trailing,0.02782,3.7288383765,52.5768942235,0.028648,46.00,tb-supertrend-BTCUSDT-1721941200-B,tb-supertrend-BTCUSDT-1722106800-T
SOL/USDT,supertrend,2024-07-29 01:00,188.48,2024-07-29 14:59,187.48,trailing,7.849,2.9524178800,-10.8014178800,-0.007301,14.00,tb-supertrend-SOLUSDT-1722211200-B,tb-supertrend-SOLUSDT-1722261600-T
XRP/USDT,supertrend,2024-07-28 10:00,0.6105,2024-07-29 15:59,0.5973,trailing,2726.3,3.294534540000,-39.281694540000,-0.023601,30.00,tb-supertrend-XRPUSDT-1722157200-B,tb-supertrend-XRPUSDT-1722265200-T
LINK/USDT,supertrend,2024-07-29 01:00,13.568,2024-07-29 15:59,13.526,trailing,143.72,3.89598488000,-9.93222488000,-0.005093,15.00,tb-supertrend-LINKUSDT-1722211200-B,tb-supertrend-LINKUSDT-1722265200-T
XRP/USDT,supertrend,2024-07-30 11:00,0.6250,2024-07-31 20:59,0.6257,trailing,2263.3,2.832146810000,-1.247836810000,-0.000882,34.00,tb-supertrend-XRPUSDT-1722333600-B,tb-supertrend-XRPUSDT-1722456000-T
BNB/USDT,supertrend,2024-07-30 23:00,583.57,2024-07-31 20:59,578.47,trailing,3.526,4.0996873200,-22.0822873200,-0.010732,22.00,tb-supertrend-BNBUSDT-1722376800-B,tb-supertrend-BNBUSDT-1722456000-T
LTC/USDT,supertrend,2024-08-01 23:00,70.01,2024-08-02 06:59,67.35,trailing,18.297,2.5146061100,-51.1846261100,-0.039958,8.00,tb-supertrend-LTCUSDT-1722549600-B,tb-supertrend-LTCUSDT-1722578400-T
BTC/USDT,supertrend,2024-08-01 21:00,64889.54,2024-08-02 14:59,63588.47,trailing,0.02662,3.4220313110,-38.0565147110,-0.022032,18.00,tb-supertrend-BTCUSDT-1722542400-B,tb-supertrend-BTCUSDT-1722607200-T
BNB/USDT,supertrend,2024-08-01 21:00,571.85,2024-08-02 14:59,561.08,trailing,3.223,3.6537207900,-38.3654307900,-0.020816,18.00,tb-supertrend-BNBUSDT-1722542400-B,tb-supertrend-BNBUSDT-1722607200-T
LTC/USDT,supertrend,2024-09-25 17:00,67.84,2024-09-25 23:59,66.35,stop,36.344,4.8795114400,-59.0320714400,-0.023942,7.00,tb-supertrend-LTCUSDT-1727280000-B,tb-supertrend-LTCUSDT-1727305200-X
ADA/USDT,supertrend,2024-09-29 19:00,0.4047,2024-09-30 00:59,0.3949,trailing,5331.5,4.265252780000,-56.513952780000,-0.026192,6.00,tb-supertrend-ADAUSDT-1727632800-B,tb-supertrend-ADAUSDT-1727654400-T
LTC/USDT,supertrend,2024-09-29 20:00,70.37,2024-09-30 00:59,68.91,stop,27.167,3.7857901200,-43.4496101200,-0.022728,5.00,tb-supertrend-LTCUSDT-1727636400-B,tb-supertrend-LTCUSDT-1727654400-X
SOL/USDT,supertrend,2024-10-15 14:00,158.87,2024-10-15 14:59,153.05,stop,8.806,2.7481973500,-53.9991173500,-0.038598,1.00,tb-supertrend-SOLUSDT-1728997200-B,tb-supertrend-SOLUSDT-1729000800-X
XRP/USDT,supertrend,2024-10-16 20:00,0.5538,2024-10-17 18:59,0.5456,trailing,3985.1,4.383434140000,-37.061254140000,-0.016793,23.00,tb-supertrend-XRPUSDT-1729105200-B,tb-supertrend-XRPUSDT-1729188000-T
BNB/USDT,supertrend,2024-10-18 15:00,600.80,2024-10-19 17:00,594.60,trailing,2.605,3.1158194000,-19.2668194000,-0.012310,26.00,tb-supertrend-BNBUSDT-1729260000-B,tb-supertrend-BNBUSDT-1729357200-T
LINK/USDT,supertrend,2024-10-18 07:00,11.353,2024-10-20 03:59,11.271,trailing,138.81,3.14202686000,-14.52444686000,-0.009217,45.00,tb-supertrend-LINKUSDT-1729231200-B,tb-supertrend-LINKUSDT-1729393200-T
SOL/USDT,supertrend,2024-10-18 07:00,154.01,2024-10-21 12:59,165.24,trailing,11.510,3.6764156200,125.5808843800,0.070843,78.00,tb-supertrend-SOLUSDT-1729231200-B,tb-supertrend-SOLUSDT-1729512000-T
XRP/USDT,supertrend,2024-10-20 23:00,0.5493,2024-10-21 13:59,0.5464,trailing,3551.6,3.893465600000,-14.193105600000,-0.007275,15.00,tb-supertrend-XRPUSDT-1729461600-B,tb-supertrend-XRPUSDT-1729515600-T
LINK/USDT,supertrend,2024-10-22 07:00,12.095,2024-10-23 03:59,11.724,trailing,124.66,2.97084889000,-49.21970889000,-0.032644,21.00,tb-supertrend-LINKUSDT-1729576800-B,tb-supertrend-LINKUSDT-1729652400-T
SOL/USDT,supertrend,2024-10-22 15:00,170.51,2024-10-23 05:59,164.31,trailing,6.835,2.2896882700,-44.6666882700,-0.038326,15.00,tb-supertrend-SOLUSDT-1729605600-B,tb-supertrend-SOLUSDT-1729659600-T
LINK/USDT,supertrend,2024-10-24 01:00,11.544,2024-10-25 06:59,11.631,trailing,118.82,2.75503878000,7.58230122000,0.005528,30.00,tb-supertrend-LINKUSDT-1729728000-B,tb-supertrend-LINKUSDT-1729836000-T
BTC/USDT,supertrend,2024-10-24 01:00,67566.87,2024-10-25 07:59,67161.42,trailing,0.03549,4.7842096911,-19.1736301911,-0.007996,31.00,tb-supertrend-BTCUSDT-1729728000-B,tb-supertrend-BTCUSDT-1729839600-T
BNB/USDT,supertrend,2024-10-24 01:00,590.38,2024-10-25 07:59,586.82,trailing,2.465,2.9035691400,-11.6789691400,-0.008025,31.00,tb-supertrend-BNBUSDT-1729728000-B,tb-supertrend-BNBUSDT-1729839600-T
ETH/USDT,supertrend,2024-10-25 10:00,2544.32,2024-10-25 17:59,2486.04,trailing,0.7621,3.8356728080,-48.2508608080,-0.024884,8.00,tb-supertrend-ETHUSDT-1729846800-B,tb-supertrend-ETHUSDT-1729875600-T
ADA/USDT,supertrend,2024-10-27 14:00,0.3384,2024-10-28 03:59,0.3345,trailing,4476.4,3.013692360000,-20.471652360000,-0.013514,14.00,tb-supertrend-ADAUSDT-1730034000-B,tb-supertrend-ADAUSDT-1730084400-T
SOL/USDT,supertrend,2024-10-26 21:00,172.89,2024-10-28 05:59,172.93,trailing,8.370,2.8960694100,-2.5612694100,-0.001770,33.00,tb-supertrend-SOLUSDT-1729972800-B,tb-supertrend-SOLUSDT-1730091600-T
LTC/USDT,supertrend,2024-10-27 12:00,69.84,2024-10-28 15:59,70.07,trailing,28.904,4.0459840000,2.6019360000,0.001289,28.00,tb-supertrend-LTCUSDT-1730026800-B,tb-supertrend-LTCUSDT-1730127600-T
ETH/USDT,supertrend,2024-10-28 10:00,2547.39,2024-10-28 15:59,2494.40,trailing,0.7341,3.7032159510,-42.6031749510,-0.022782,6.00,tb-supertrend-ETHUSDT-1730106000-B,tb-supertrend-ETHUSDT-1730127600-T
LINK/USDT,supertrend,2024-10-28 10:00,11.163,2024-10-28 15:59,10.826,trailing,125.66,2.76458893000,-45.11200893000,-0.032160,6.00,tb-supertrend-LINKUSDT-1730106000-B,tb-supertrend-LINKUSDT-1730127600-T
XRP/USDT,supertrend,2024-10-29 03:00,0.5248,2024-10-29 20:59,0.5211,trailing,2812.4,2.943011080000,-13.348891080000,-0.009044,18.00,tb-supertrend-XRPUSDT-1730167200-B,tb-supertrend-XRPUSDT-1730232000-T
LTC/USDT,supertrend,2024-10-29 02:00,71.98,2024-10-30 07:59,72.40,trailing,27.336,3.9487871200,7.5323328800,0.003828,30.00,tb-supertrend-LTCUSDT-1730163600-B,tb-supertrend-LTCUSDT-1730271600-T
ADA/USDT,supertrend,2024-10-28 20:00,0.3430,2024-10-30 12:59,0.3504,trailing,4499.4,3.121461760000,30.174098240000,0.019552,41.00,tb-supertrend-ADAUSDT-1730142000-B,tb-supertrend-ADAUSDT-1730289600-T
XRP/USDT,supertrend,2024-11-01 04:00,0.5204,2024-11-01 21:59,0.5069,trailing,3764.9,3.869659290000,-54.695809290000,-0.027917,18.00,tb-supertrend-XRPUSDT-1730430000-B,tb-supertrend-XRPUSDT-1730494800-T
ADA/USDT,supertrend,2024-11-01 13:00,0.3542,2024-11-02 14:59,0.3496,trailing,4403.3,3.100636440000,-23.355816440000,-0.014975,26.00,tb-supertrend-ADAUSDT-1730462400-B,tb-supertrend-ADAUSDT-1730556000-T
LTC/USDT,supertrend,2024-11-01 13:00,70.18,2024-11-02 14:59,69.15,trailing,21.087,2.9395956700,-24.6592056700,-0.016663,26.00,tb-supertrend-LTCUSDT-1730462400-B,tb-supertrend-LTCUSDT-1730556000-T
BTC/USDT,supertrend,2024-11-03 22:00,69283.65,2024-11-04 16:59,67926.11,trailing,0.03368,4.6239960580,-50.3459432580,-0.021576,19.00,tb-supertrend-BTCUSDT-1730667600-B,tb-supertrend-BTCUSDT-1730736000-T
BNB/USDT,supertrend,2024-11-04 03:00,564.63,2024-11-04 17:59,553.16,trailing,2.324,2.5994378500,-29.2557178500,-0.022295,15.00,tb-supertrend-BNBUSDT-1730685600-B,tb-supertrend-BNBUSDT-1730739600-T
XRP/USDT,supertrend,2024-11-04 02:00,0.5075,2024-11-04 21:59,0.5027,trailing,3449.8,3.486764210000,-20.045804210000,-0.011450,20.00,tb-supertrend-XRPUSDT-1730682000-B,tb-supertrend-XRPUSDT-1730754000-T
BNB/USDT,supertrend,2024-11-05 08:00,561.66,2024-11-07 06:59,591.39,trailing,3.153,3.6378132900,90.1008767100,0.050878,47.00,tb-supertrend-BNBUSDT-1730790000-B,tb-supertrend-BNBUSDT-1730959200-T
XRP/USDT,supertrend,2024-11-05 08:00,0.5159,2024-11-07 14:59,0.5401,trailing,4168.5,4.404102780000,96.473597220000,0.044860,55.00,tb-supertrend-XRPUSDT-1730790000-B,tb-supertrend-XRPUSDT-1730988000-T
BNB/USDT,supertrend,2024-11-09 01:00,609.09,2024-11-09 14:59,616.74,trailing,3.170,3.8883174600,20.3621825400,0.010546,14.00,tb-supertrend-BNBUSDT-1731110400-B,tb-supertrend-BNBUSDT-1731160800-T
BTC/USDT,supertrend,2024-11-05 09:00,69176.08,2024-11-09 17:59,75870.98,trailing,0.01920,2.7862870776,125.7557929224,0.094683,105.00,tb-supertrend-BTCUSDT-1730793600-B,tb-supertrend-BTCUSDT-1731171600-T
LTC/USDT,supertrend,2024-11-11 16:00,78.64,2024-11-12 04:59,76.40,trailing,14.233,2.2078639200,-34.0897839200,-0.030457,13.00,tb-supertrend-LTCUSDT-1731337200-B,tb-supertrend-LTCUSDT-1731384000-T
SOL/USDT,supertrend,2024-11-11 12:00,218.06,2024-11-12 10:59,212.43,trailing,4.367,1.8810401300,-26.4672501300,-0.027794,23.00,tb-supertrend-SOLUSDT-1731322800-B,tb-supertrend-SOLUSDT-1731405600-T
ETH/USDT,supertrend,2024-11-11 17:00,3283.27,2024-11-12 10:59,3256.32,trailing,0.3493,2.2855920990,-11.6992270990,-0.010201,18.00,tb-supertrend-ETHUSDT-1731340800-B,tb-supertrend-ETHUSDT-1731405600-T
LINK/USDT,supertrend,2024-11-13 15:00,14.399,2024-11-13 19:59,13.393,trailing,46.76,1.30027387000,-48.34083387000,-0.071797,5.00,tb-supertrend-LINKUSDT-1731506400-B,tb-supertrend-LINKUSDT-1731524400-T
BNB/USDT,supertrend,2024-11-13 15:00,638.67,2024-11-13 20:59,606.30,stop,1.523,1.8973666500,-51.1968766500,-0.052634,6.00,tb-supertrend-BNBUSDT-1731506400-B,tb-supertrend-BNBUSDT-1731528000-X
ADA/USDT,supertrend,2024-11-13 15:00,0.6065,2024-11-14 11:59,0.5602,trailing,819.3,0.956423160000,-38.890013160000,-0.078264,21.00,tb-supertrend-ADAUSDT-1731506400-B,tb-supertrend-ADAUSDT-1731582000-T
SOL/USDT,supertrend,2024-11-15 22:00,219.21,2024-11-16 16:59,213.17,trailing,4.677,2.0233373100,-30.2724173100,-0.029527,19.00,tb-supertrend-SOLUSDT-1731704400-B,tb-supertrend-SOLUSDT-1731772800-T
LINK/USDT,supertrend,2024-11-15 21:00,13.808,2024-11-17 01:59,14.160,trailing,62.52,1.74952592000,20.25751408000,0.023466,29.00,tb-supertrend-LINKUSDT-1731700800-B,tb-supertrend-LINKUSDT-1731805200-T
BTC/USDT,supertrend,2024-11-15 21:00,91630.89,2024-11-17 02:59,89793.69,trailing,0.01448,2.6288605350,-29.2315165350,-0.022031,30.00,tb-supertrend-BTCUSDT-1731700800-B,tb-supertrend-BTCUSDT-1731808800-T
BNB/USDT,supertrend,2024-11-17 05:00,631.16,2024-11-17 17:59,619.06,trailing,2.189,2.7386250600,-29.2255250600,-0.021153,13.00,tb-supertrend-BNBUSDT-1731816000-B,tb-supertrend-BNBUSDT-1731862800-T
LTC/USDT,supertrend,2024-11-18 04:00,94.82,2024-11-18 14:59,88.34,trailing,6.779,1.2423053800,-45.1702253800,-0.070273,11.00,tb-supertrend-LTCUSDT-1731898800-B,tb-supertrend-LTCUSDT-1731938400-T
XRP/USDT,supertrend,2024-11-18 06:00,1.1629,2024-11-19 08:59,1.0824,trailing,400.2,0.899150510000,-33.115250510000,-0.071156,27.00,tb-supertrend-XRPUSDT-1731906000-B,tb-supertrend-XRPUSDT-1732003200-T
LINK/USDT,supertrend,2024-11-18 04:00,14.399,2024-11-19 09:59,14.701,trailing,65.87,1.91782493000,17.97491507000,0.018952,30.00,tb-supertrend-LINKUSDT-1731898800-B,tb-supertrend-LINKUSDT-1732006800-T
ETH/USDT,supertrend,2024-11-18 17:00,3174.34,2024-11-19 09:59,3095.79,trailing,0.4089,2.5654433260,-34.6845383260,-0.026722,17.00,tb-supertrend-ETHUSDT-1731945600-B,tb-supertrend-ETHUSDT-1732006800-T
LINK/USDT,supertrend,2024-11-20 14:00,15.141,2024-11-20 17:59,14.340,stop,59.77,1.76298783000,-49.63875783000,-0.054851,4.00,tb-supertrend-LINKUSDT-1732107600-B,tb-supertrend-LINKUSDT-1732122000-X
BTC/USDT,supertrend,2024-11-19 13:00,92652.93,2024-11-21 15:59,95490.03,trailing,0.02143,4.0346832178,56.7643697822,0.028589,51.00,tb-supertrend-BTCUSDT-1732017600-B,tb-supertrend-BTCUSDT-1732201200-T
ETH/USDT,supertrend,2024-11-21 12:00,3154.04,2024-11-22 13:59,3265.02,trailing,0.5015,3.2210510140,52.4354189860,0.033150,26.00,tb-supertrend-ETHUSDT-1732186800-B,tb-supertrend-ETHUSDT-1732280400-T
LTC/USDT,supertrend,2024-11-21 07:00,90.37,2024-11-23 17:59,97.00,trailing,7.868,1.4749501200,50.6898898800,0.071291,59.00,tb-supertrend-LTCUSDT-1732168800-B,tb-supertrend-LTCUSDT-1732381200-T
ADA/USDT,supertrend,2024-11-22 02:00,0.8600,2024-11-24 11:59,1.0235,trailing,736.7,1.388262450000,119.062187550000,0.187925,58.00,tb-supertrend-ADAUSDT-1732237200-B,tb-supertrend-ADAUSDT-1732446000-T
BTC/USDT,supertrend,2024-11-25 06:00,98278.86,2024-11-25 14:59,96594.46,trailing,0.02230,4.3486234038,-41.9107434038,-0.019123,9.00,tb-supertrend-BTCUSDT-1732510800-B,tb-supertrend-BTCUSDT-1732543200-T
XRP/USDT,supertrend,2024-11-25 09:00,1.5214,2024-11-25 14:59,1.3976,trailing,349.5,1.020799060000,-44.288899060000,-0.083292,6.00,tb-supertrend-XRPUSDT-1732521600-B,tb-supertrend-XRPUSDT-1732543200-T
LINK/USDT,supertrend,2024-11-24 23:00,18.117,2024-11-25 21:59,17.412,trailing,35.67,1.26804411000,-26.41539411000,-0.040876,23.00,tb-supertrend-LINKUSDT-1732485600-B,tb-supertrend-LINKUSDT-1732568400-T
LINK/USDT,supertrend,2024-11-27 05:00,17.866,2024-11-28 08:59,17.721,trailing,37.55,1.33700649000,-6.78175649000,-0.010109,28.00,tb-supertrend-LINKUSDT-1732680000-B,tb-supertrend-LINKUSDT-1732780800-T
LTC/USDT,supertrend,2024-11-27 08:00,95.64,2024-11-28 11:59,94.08,trailing,9.540,1.8108852000,-16.6932852000,-0.018296,28.00,tb-supertrend-LTCUSDT-1732690800-B,tb-supertrend-LTCUSDT-1732791600-T
ADA/USDT,supertrend,2024-11-27 08:00,0.9849,2024-11-28 15:59,0.9729,trailing,599.5,1.174390530000,-8.368390530000,-0.014173,32.00,tb-supertrend-ADAUSDT-1732690800-B,tb-supertrend-ADAUSDT-1732806000-T
LTC/USDT,supertrend,2024-11-29 14:00,98.66,2024-11-30 03:59,100.45,trailing,14.596,2.9076894600,23.2191505400,0.016124,14.00,tb-supertrend-LTCUSDT-1732885200-B,tb-supertrend-LTCUSDT-1732935600-T
SOL/USDT,supertrend,2024-11-29 12:00,245.72,2024-11-30 14:59,238.44,trailing,6.413,3.1066381200,-49.7932781200,-0.031599,27.00,tb-supertrend-SOLUSDT-1732878000-B,tb-supertrend-SOLUSDT-1732975200-T
LINK/USDT,supertrend,2024-11-29 15:00,18.317,2024-12-01 01:59,18.410,trailing,65.27,2.39845348000,3.67165652000,0.003071,35.00,tb-supertrend-LINKUSDT-1732888800-B,tb-supertrend-LINKUSDT-1733014800-T
LTC/USDT,supertrend,2024-12-01 16:00,108.92,2024-12-02 03:59,118.97,trailing,8.693,1.9820280500,85.3826219500,0.090176,12.00,tb-supertrend-LTCUSDT-1733065200-B,tb-supertrend-LTCUSDT-1733108400-T
ETH/USDT,supertrend,2024-11-30 04:00,3664.44,2024-12-02 04:59,3645.49,trailing,0.4450,3.2547510700,-11.6875010700,-0.007167,49.00,tb-supertrend-ETHUSDT-1732935600-B,tb-supertrend-ETHUSDT-1733112000-T
ADA/USDT,supertrend,2024-12-01 21:00,1.1189,2024-12-02 08:59,1.0931,trailing,858.3,1.899566610000,-24.043706610000,-0.025036,12.00,tb-supertrend-ADAUSDT-1733083200-B,tb-supertrend-ADAUSDT-1733126400-T
BTC/USDT,supertrend,2024-12-02 16:00,97242.11,2024-12-02 17:59,94858.82,stop,0.02119,4.0735359742,-54.5754510742,-0.026486,2.00,tb-supertrend-BTCUSDT-1733151600-B,tb-supertrend-BTCUSDT-1733158800-X
ADA/USDT,supertrend,2024-12-02 16:00,1.2085,2024-12-03 13:59,1.1701,trailing,384.0,0.913865800000,-15.659465800000,-0.033744,22.00,tb-supertrend-ADAUSDT-1733151600-B,tb-supertrend-ADAUSDT-1733230800-T
LTC/USDT,supertrend,2024-12-02 20:00,132.86,2024-12-03 13:59,125.92,trailing,3.018,0.7815294800,-21.7264494800,-0.054185,18.00,tb-supertrend-LTCUSDT-1733166000-B,tb-supertrend-LTCUSDT-1733230800-T
BNB/USDT,supertrend,2024-12-03 06:00,656.87,2024-12-03 13:59,634.95,stop,2.245,2.9021065100,-52.1125065100,-0.035338,8.00,tb-supertrend-BNBUSDT-1733202000-B,tb-supertrend-BNBUSDT-1733230800-X
BNB/USDT,supertrend,2024-12-03 19:00,679.16,2024-12-04 16:59,737.09,trailing,1.574,2.2305358200,88.9512841800,0.083210,22.00,tb-supertrend-BNBUSDT-1733248800-B,tb-supertrend-BNBUSDT-1733328000-T
SOL/USDT,supertrend,2024-12-03 22:00,237.95,2024-12-04 16:59,228.13,trailing,3.496,1.6303674800,-35.9610874800,-0.043229,19.00,tb-supertrend-SOLUSDT-1733259600-B,tb-supertrend-SOLUSDT-1733328000-T
BTC/USDT,supertrend,2024-12-04 21:00,98945.46,2024-12-05 18:59,100264.03,trailing,0.01914,3.8148485436,21.4225812564,0.011312,22.00,tb-supertrend-BTCUSDT-1733342400-B,tb-supertrend-BTCUSDT-1733421600-T
ETH/USDT,supertrend,2024-12-04 01:00,3699.26,2024-12-05 20:59,3792.37,trailing,0.3922,2.9396969860,33.5780450140,0.023144,44.00,tb-supertrend-ETHUSDT-1733270400-B,tb-supertrend-ETHUSDT-1733428800-T
SOL/USDT,supertrend,2024-12-05 10:00,238.05,2024-12-05 20:59,229.22,trailing,3.692,1.7261130400,-34.3264730400,-0.039057,11.00,tb-supertrend-SOLUSDT-1733389200-B,tb-supertrend-SOLUSDT-1733428800-T
LINK/USDT,supertrend,2024-12-06 20:00,24.950,2024-12-07 10:59,24.814,trailing,28.76,1.43196114000,-5.34332114000,-0.007446,15.00,tb-supertrend-LINKUSDT-1733511600-B,tb-supertrend-LINKUSDT-1733565600-T
BTC/USDT,supertrend,2024-12-06 18:00,101045.75,2024-12-07 13:59,99149.32,trailing,0.01291,2.5865392675,-27.0694505675,-0.020751,20.00,tb-supertrend-BTCUSDT-1733504400-B,tb-supertrend-BTCUSDT-1733576400-T
ETH/USDT,supertrend,2024-12-06 15:00,3992.45,2024-12-07 14:59,3970.79,trailing,0.2984,2.3774285550,-8.8407725550,-0.007421,24.00,tb-supertrend-ETHUSDT-1733493600-B,tb-supertrend-ETHUSDT-1733580000-T
ADA/USDT,supertrend,2024-12-11 13:00,1.0672,2024-12-12 19:59,1.1040,trailing,566.1,1.229756640000,19.602723360000,0.032447,31.00,tb-supertrend-ADAUSDT-1733918400-B,tb-supertrend-ADAUSDT-1734030000-T
XRP/USDT,supertrend,2024-12-10 21:00,2.2996,2024-12-12 22:59,2.3236,trailing,149.1,0.689779040000,2.888620960000,0.008425,50.00,tb-supertrend-XRPUSDT-1733860800-B,tb-supertrend-XRPUSDT-1734040800-T
SOL/USDT,supertrend,2024-12-11 11:00,224.41,2024-12-13 01:59,225.29,trailing,4.199,1.8894123500,1.8057076500,0.001916,39.00,tb-supertrend-SOLUSDT-1733911200-B,tb-supertrend-SOLUSDT-1734051600-T
BNB/USDT,supertrend,2024-12-13 20:00,728.99,2024-12-14 12:59,714.91,trailing,1.976,2.8546043800,-30.6766843800,-0.021296,17.00,tb-supertrend-BNBUSDT-1734116400-B,tb-supertrend-BNBUSDT-1734177600-T
BTC/USDT,supertrend,2024-12-13 18:00,101941.36,2024-12-14 20:59,100550.01,trailing,0.02007,4.0670600360,-31.9914545360,-0.015636,27.00,tb-supertrend-BTCUSDT-1734109200-B,tb-supertrend-BTCUSDT-1734206400-T
SOL/USDT,supertrend,2024-12-16 00:00,224.71,2024-12-16 09:59,218.63,trailing,6.476,2.8726428100,-42.2467228100,-0.029031,10.00,tb-supertrend-SOLUSDT-1734303600-B,tb-supertrend-SOLUSDT-1734339600-T
ETH/USDT,supertrend,2024-12-16 00:00,3967.01,2024-12-16 11:59,3904.14,trailing,0.4830,3.8037489550,-34.1699589550,-0.017833,12.00,tb-supertrend-ETHUSDT-1734303600-B,tb-supertrend-ETHUSDT-1734346800-T
ADA/USDT,supertrend,2024-12-16 00:00,1.1017,2024-12-16 11:59,1.0608,trailing,933.3,2.019362950000,-40.191332950000,-0.039088,12.00,tb-supertrend-ADAUSDT-1734303600-B,tb-supertrend-ADAUSDT-1734346800-T
ADA/USDT,supertrend,2024-12-16 17:00,1.1110,2024-12-17 00:59,1.0586,trailing,742.7,1.612250720000,-40.529730720000,-0.049119,8.00,tb-supertrend-ADAUSDT-1734364800-B,tb-supertrend-ADAUSDT-1734393600-T
ETH/USDT,supertrend,2024-12-16 18:00,4041.77,2024-12-17 00:59,3956.30,trailing,0.3864,3.0920709560,-36.1176789560,-0.023127,7.00,tb-supertrend-ETHUSDT-1734368400-B,tb-supertrend-ETHUSDT-1734393600-T
XRP/USDT,supertrend,2024-12-16 17:00,2.5215,2024-12-17 15:59,2.5614,trailing,358.9,1.825261410000,12.494848590000,0.013807,23.00,tb-supertrend-XRPUSDT-1734364800-B,tb-supertrend-XRPUSDT-1734447600-T
SOL/USDT,supertrend,2024-12-17 10:00,222.36,2024-12-17 15:59,218.09,trailing,5.604,2.4696159600,-26.3986959600,-0.021185,6.00,tb-supertrend-SOLUSDT-1734426000-B,tb-supertrend-SOLUSDT-1734447600-T
ETH/USDT,supertrend,2024-12-20 18:00,3444.69,2024-12-21 13:59,3377.69,trailing,0.1860,1.2696516180,-13.7316516180,-0.021432,20.00,tb-supertrend-ETHUSDT-1734714000-B,tb-supertrend-ETHUSDT-1734786000-T
XRP/USDT,supertrend,2024-12-20 18:00,2.2653,2024-12-21 13:59,2.2018,trailing,186.3,0.832673790000,-12.662723790000,-0.030005,20.00,tb-supertrend-XRPUSDT-1734714000-B,tb-supertrend-XRPUSDT-1734786000-T
LINK/USDT,supertrend,2024-12-20 18:00,22.996,2024-12-21 13:59,22.696,trailing,18.87,0.86266796000,-6.52366796000,-0.015034,20.00,tb-supertrend-LINKUSDT-1734714000-B,tb-supertrend-LINKUSDT-1734786000-T
LTC/USDT,supertrend,2024-12-27 10:00,105.83,2024-12-27 14:59,101.46,trailing,10.072,2.0889890100,-46.1036290100,-0.043252,5.00,tb-supertrend-LTCUSDT-1735290000-B,tb-supertrend-LTCUSDT-1735308000-T
ETH/USDT,supertrend,2024-12-27 10:00,3429.93,2024-12-27 15:59,3317.71,trailing,0.3979,2.6862579290,-47.3385959290,-0.034686,6.00,tb-supertrend-ETHUSDT-1735290000-B,tb-supertrend-ETHUSDT-1735311600-T
ADA/USDT,supertrend,2024-12-27 10:00,0.9037,2024-12-28 06:59,0.8688,trailing,1027.0,1.821351570000,-37.663651570000,-0.040581,21.00,tb-supertrend-ADAUSDT-1735290000-B,tb-supertrend-ADAUSDT-1735365600-T
BNB/USDT,supertrend,2025-01-03 16:00,711.46,2025-01-04 15:59,709.29,trailing,3.082,4.3815973400,-11.0695373400,-0.005048,24.00,tb-supertrend-BNBUSDT-1735916400-B,tb-supertrend-BNBUSDT-1736002800-T
ADA/USDT,supertrend,2025-01-19 02:00,1.1395,2025-01-19 05:59,1.0683,stop,635.0,1.402750650000,-46.614750650000,-0.064422,4.00,tb-supertrend-ADAUSDT-1737248400-B,tb-supertrend-ADAUSDT-1737262800-X
LINK/USDT,supertrend,2025-01-19 15:00,25.531,2025-01-19 21:59,24.476,trailing,21.53,1.07741664000,-23.79156664000,-0.043282,7.00,tb-supertrend-LINKUSDT-1737295200-B,tb-supertrend-LINKUSDT-1737320400-T
ETH/USDT,supertrend,2025-01-19 15:00,3387.92,2025-01-19 21:59,3274.90,trailing,0.2594,1.7293518840,-31.0467398840,-0.035327,7.00,tb-supertrend-ETHUSDT-1737295200-B,tb-supertrend-ETHUSDT-1737320400-T
LTC/USDT,supertrend,2025-01-19 16:00,124.56,2025-01-19 22:59,116.92,trailing,5.209,1.2586166800,-41.0553766800,-0.063276,7.00,tb-supertrend-LTCUSDT-1737298800-B,tb-supertrend-LTCUSDT-1737324000-T
BNB/USDT,supertrend,2025-01-20 07:00,705.26,2025-01-20 16:59,681.44,trailing,1.763,2.4461626200,-44.4408226200,-0.035742,10.00,tb-supertrend-BNBUSDT-1737352800-B,tb-supertrend-BNBUSDT-1737388800-T
BTC/USDT,supertrend,2025-01-20 07:00,107697.33,2025-01-20 17:59,103244.82,trailing,0.00831,1.7540062356,-38.7543643356,-0.043303,11.00,tb-supertrend-BTCUSDT-1737352800-B,tb-supertrend-BTCUSDT-1737392400-T
ADA/USDT,supertrend,2025-01-20 08:00,1.0799,2025-01-20 17:59,1.0106,trailing,466.3,0.975340100000,-33.289930100000,-0.066110,10.00,tb-supertrend-ADAUSDT-1737356400-B,tb-supertrend-ADAUSDT-1737392400-T
LINK/USDT,supertrend,2025-01-21 17:00,26.283,2025-01-22 13:59,25.552,trailing,18.74,0.97191356000,-14.67085356000,-0.029786,21.00,tb-supertrend-LINKUSDT-1737475200-B,tb-supertrend-LINKUSDT-1737550800-T
BTC/USDT,supertrend,2025-01-21 19:00,107074.91,2025-01-22 13:59,104270.42,trailing,0.00939,1.9856033940,-28.3197644940,-0.028167,19.00,tb-supertrend-BTCUSDT-1737482400-B,tb-supertrend-BTCUSDT-1737550800-T
SOL/USDT,supertrend,2025-01-21 19:00,259.94,2025-01-23 02:59,250.95,trailing,1.914,0.9783633400,-18.1852233400,-0.036551,32.00,tb-supertrend-SOLUSDT-1737482400-B,tb-supertrend-SOLUSDT-1737597600-T
LTC/USDT,supertrend,2025-01-23 16:00,116.20,2025-01-24 20:59,116.78,trailing,8.686,2.0247100800,3.0131699200,0.002985,29.00,tb-supertrend-LTCUSDT-1737644400-B,tb-supertrend-LTCUSDT-1737748800-T
LINK/USDT,supertrend,2025-01-23 15:00,25.722,2025-01-25 00:59,25.057,trailing,30.08,1.52846120000,-21.53166120000,-0.027829,34.00,tb-supertrend-LINKUSDT-1737640800-B,tb-supertrend-LINKUSDT-1737763200-T
BTC/USDT,supertrend,2025-01-23 15:00,105424.03,2025-01-25 08:59,104158.68,trailing,0.01304,2.7350670218,-19.2352310218,-0.013992,42.00,tb-supertrend-BTCUSDT-1737640800-B,tb-supertrend-BTCUSDT-1737792000-T
BNB/USDT,supertrend,2025-01-26 05:00,691.81,2025-01-26 09:59,684.66,trailing,2.649,3.6483444600,-22.5886944600,-0.012326,5.00,tb-supertrend-BNBUSDT-1737864000-B,tb-supertrend-BNBUSDT-1737882000-T
SOL/USDT,supertrend,2025-01-25 18:00,258.40,2025-01-26 21:59,251.02,trailing,4.139,2.1097813800,-32.6556013800,-0.030533,28.00,tb-supertrend-SOLUSDT-1737824400-B,tb-supertrend-SOLUSDT-1737925200-T
BTC/USDT,supertrend,2025-01-27 15:00,102124.73,2025-01-27 18:59,98694.48,stop,0.01290,2.5926103016,-46.8428353016,-0.035557,4.00,tb-supertrend-BTCUSDT-1737986400-B,tb-supertrend-BTCUSDT-1738000800-X
BNB/USDT,supertrend,2025-01-27 15:00,668.06,2025-01-28 14:59,668.09,trailing,2.232,2.9842909800,-2.9173309800,-0.001956,24.00,tb-supertrend-BNBUSDT-1737986400-B,tb-supertrend-BNBUSDT-1738072800-T
ADA/USDT,supertrend,2025-01-27 21:00,0.9337,2025-01-28 20:59,0.9177,trailing,763.8,1.414846280000,-13.635646280000,-0.019120,24.00,tb-supertrend-ADAUSDT-1738008000-B,tb-supertrend-ADAUSDT-1738094400-T
XRP/USDT,supertrend,2025-01-27 15:00,2.9587,2025-01-28 21:59,3.0364,trailing,212.9,1.277244400000,15.265085600000,0.024234,31.00,tb-supertrend-XRPUSDT-1737986400-B,tb-supertrend-XRPUSDT-1738098000-T
BNB/USDT,supertrend,2025-01-29 05:00,677.99,2025-01-29 13:59,664.73,trailing,2.986,4.0113958900,-43.6057558900,-0.021539,9.00,tb-supertrend-BNBUSDT-1738123200-B,tb-supertrend-BNBUSDT-1738155600-T
BTC/USDT,supertrend,2025-01-29 21:00,104402.31,2025-01-31 03:59,103726.94,trailing,0.01540,3.2072785002,-13.6079765002,-0.008464,31.00,tb-supertrend-BTCUSDT-1738180800-B,tb-supertrend-BTCUSDT-1738292400-T
LTC/USDT,supertrend,2025-01-29 22:00,117.21,2025-01-31 03:59,126.10,trailing,6.240,1.5190748700,53.9545251300,0.073770,30.00,tb-supertrend-LTCUSDT-1738184400-B,tb-supertrend-LTCUSDT-1738292400-T
ADA/USDT,supertrend,2025-01-31 12:00,0.9761,2025-01-31 18:59,0.9425,trailing,1238.4,2.377263170000,-43.987503170000,-0.036389,7.00,tb-supertrend-ADAUSDT-1738321200-B,tb-supertrend-ADAUSDT-1738346400-T
LINK/USDT,supertrend,2025-01-29 21:00,24.089,2025-01-31 20:59,24.618,trailing,26.71,1.30168664000,12.82790336000,0.019937,48.00,tb-supertrend-LINKUSDT-1738180800-B,tb-supertrend-LINKUSDT-1738353600-T
BNB/USDT,supertrend,2025-02-08 14:00,595.79,2025-02-09 12:59,622.50,trailing,3.641,4.4381770500,92.8129329500,0.042785,23.00,tb-supertrend-BNBUSDT-1739019600-B,tb-supertrend-BNBUSDT-1739102400-T
SOL/USDT,supertrend,2025-02-08 22:00,199.22,2025-02-09 12:59,200.38,trailing,7.646,3.0569353600,5.8124246400,0.003816,15.00,tb-supertrend-SOLUSDT-1739048400-B,tb-supertrend-SOLUSDT-1739102400-T
LINK/USDT,supertrend,2025-02-09 04:00,18.958,2025-02-09 13:59,18.226,trailing,59.34,2.20763604000,-45.64451604000,-0.040574,10.00,tb-supertrend-LINKUSDT-1739070000-B,tb-supertrend-LINKUSDT-1739106000-T
BTC/USDT,supertrend,2025-02-10 08:00,97624.69,2025-02-11 13:59,96915.35,trailing,0.02352,4.5785104795,-21.2621872795,-0.009260,30.00,tb-supertrend-BTCUSDT-1739170800-B,tb-supertrend-BTCUSDT-1739278800-T
LTC/USDT,supertrend,2025-02-10 01:00,110.64,2025-02-11 18:59,121.86,trailing,7.700,1.7911351200,84.6028648800,0.099308,42.00,tb-supertrend-LTCUSDT-1739145600-B,tb-supertrend-LTCUSDT-1739296800-T
ADA/USDT,supertrend,2025-02-10 09:00,0.7048,2025-02-11 18:59,0.7537,trailing,1243.6,1.814706840000,58.997333160000,0.067311,34.00,tb-supertrend-ADAUSDT-1739174400-B,tb-supertrend-ADAUSDT-1739296800-T
BTC/USDT,supertrend,2025-02-12 17:00,97180.12,2025-02-13 06:59,95758.94,trailing,0.02073,4.0025421212,-33.4636035212,-0.016611,14.00,tb-supertrend-BTCUSDT-1739376000-B,tb-supertrend-BTCUSDT-1739426400-T
ETH/USDT,supertrend,2025-02-12 22:00,2687.69,2025-02-13 11:59,2649.73,trailing,0.4919,2.6268207460,-21.2993447460,-0.016111,14.00,tb-supertrend-ETHUSDT-1739394000-B,tb-supertrend-ETHUSDT-1739444400-T
LTC/USDT,supertrend,2025-02-12 20:00,124.05,2025-02-13 13:59,119.47,trailing,5.856,1.4267974200,-28.2472774200,-0.038885,18.00,tb-supertrend-LTCUSDT-1739386800-B,tb-supertrend-LTCUSDT-1739451600-T
SOL/USDT,supertrend,2025-02-14 04:00,197.40,2025-02-15 00:59,197.00,trailing,8.589,3.3892782000,-6.8248782000,-0.004025,21.00,tb-supertrend-SOLUSDT-1739502000-B,tb-supertrend-SOLUSDT-1739577600-T
ETH/USDT,supertrend,2025-02-14 15:00,2726.20,2025-02-15 07:59,2695.49,trailing,0.7430,4.0304966300,-26.8480266300,-0.013255,17.00,tb-supertrend-ETHUSDT-1739541600-B,tb-supertrend-ETHUSDT-1739602800-T
BTC/USDT,supertrend,2025-02-14 17:00,97854.02,2025-02-15 17:59,97187.44,trailing,0.01624,3.1694303952,-13.9946895952,-0.008806,25.00,tb-supertrend-BTCUSDT-1739548800-B,tb-supertrend-BTCUSDT-1739638800-T
SOL/USDT,supertrend,2025-04-24 19:00,152.18,2025-04-25 21:59,149.57,trailing,9.031,2.7266260500,-26.2975360500,-0.019135,27.00,tb-supertrend-SOLUSDT-1745517600-B,tb-supertrend-SOLUSDT-1745614800-T
ADA/USDT,supertrend,2025-04-24 15:00,0.7137,2025-04-26 13:59,0.7022,trailing,1710.7,2.423464790000,-22.096514790000,-0.018098,47.00,tb-supertrend-ADAUSDT-1745503200-B,tb-supertrend-ADAUSDT-1745672400-T
LINK/USDT,supertrend,2025-04-24 17:00,15.030,2025-04-26 13:59,14.699,trailing,76.09,2.26328201000,-27.44907201000,-0.024002,45.00,tb-supertrend-LINKUSDT-1745510400-B,tb-supertrend-LINKUSDT-1745672400-T
XRP/USDT,supertrend,2025-04-26 08:00,2.2243,2025-04-27 01:59,2.1745,trailing,812.6,3.576466750000,-44.043946750000,-0.024368,18.00,tb-supertrend-XRPUSDT-1745650800-B,tb-supertrend-XRPUSDT-1745715600-T
BNB/USDT,supertrend,2025-04-27 22:00,607.81,2025-04-28 01:59,598.77,stop,3.307,3.9925913000,-33.8878713000,-0.016859,4.00,tb-supertrend-BNBUSDT-1745787600-B,tb-supertrend-BNBUSDT-1745802000-X
BTC/USDT,supertrend,2025-04-28 07:00,94773.17,2025-04-28 13:59,93849.51,trailing,0.01678,3.1669840360,-18.6659988360,-0.011737,7.00,tb-supertrend-BTCUSDT-1745820000-B,tb-supertrend-BTCUSDT-1745845200-T
SOL/USDT,supertrend,2025-04-28 06:00,150.04,2025-04-28 14:59,147.45,trailing,10.955,3.2606533900,-31.6341033900,-0.019246,9.00,tb-supertrend-SOLUSDT-1745816400-B,tb-supertrend-SOLUSDT-1745848800-T
XRP/USDT,supertrend,2025-04-27 13:00,2.2194,2025-04-28 15:59,2.2536,trailing,841.7,3.766921560000,25.019218440000,0.013393,27.00,tb-supertrend-XRPUSDT-1745755200-B,tb-supertrend-XRPUSDT-1745852400-T
ETH/USDT,supertrend,2025-04-29 07:00,1824.79,2025-04-29 23:59,1781.90,trailing,0.9769,3.5252002510,-45.4244412510,-0.025482,17.00,tb-supertrend-ETHUSDT-1745906400-B,tb-supertrend-ETHUSDT-1745967600-T
SOL/USDT,supertrend,2025-05-01 01:00,148.27,2025-05-02 06:59,149.02,trailing,10.246,3.0476643100,4.6368356900,0.003052,30.00,tb-supertrend-SOLUSDT-1746057600-B,tb-supertrend-SOLUSDT-1746165600-T
ETH/USDT,supertrend,2025-05-01 06:00,1817.27,2025-05-02 07:59,1814.88,trailing,0.9376,3.4073211120,-5.6481851120,-0.003315,26.00,tb-supertrend-ETHUSDT-1746075600-B,tb-supertrend-ETHUSDT-1746169200-T
LINK/USDT,supertrend,2025-05-01 06:00,14.700,2025-05-02 12:59,14.497,trailing,100.04,2.92248488000,-23.23060488000,-0.015797,31.00,tb-supertrend-LINKUSDT-1746075600-B,tb-supertrend-LINKUSDT-1746187200-T
ADA/USDT,supertrend,2025-05-03 15:00,0.7203,2025-05-04 00:59,0.6971,trailing,2230.5,3.163167390000,-54.910767390000,-0.034178,10.00,tb-supertrend-ADAUSDT-1746280800-B,tb-supertrend-ADAUSDT-1746316800-T
LTC/USDT,supertrend,2025-05-05 06:00,88.40,2025-05-05 15:59,86.06,trailing,18.133,3.1651627800,-45.5963827800,-0.028445,10.00,tb-supertrend-LTCUSDT-1746421200-B,tb-supertrend-LTCUSDT-1746457200-T
BNB/USDT,supertrend,2025-05-05 11:00,595.10,2025-05-06 11:59,592.44,trailing,3.412,4.0542668800,-13.1301868800,-0.006467,25.00,tb-supertrend-BNBUSDT-1746439200-B,tb-supertrend-BNBUSDT-1746529200-T
LTC/USDT,supertrend,2025-05-06 20:00,84.51,2025-05-07 14:59,88.96,trailing,15.933,2.7652496700,68.1366003300,0.050603,19.00,tb-supertrend-LTCUSDT-1746558000-B,tb-supertrend-LTCUSDT-1746626400-T
ETH/USDT,supertrend,2025-05-06 23:00,1814.73,2025-05-07 16:59,1799.75,trailing,0.8134,2.9416512890,-15.1263832890,-0.010248,18.00,tb-supertrend-ETHUSDT-1746568800-B,tb-supertrend-ETHUSDT-1746633600-T
BTC/USDT,supertrend,2025-05-06 19:00,95257.50,2025-05-07 18:59,95930.64,trailing,0.02536,4.8513889550,12.2194414450,0.005058,24.00,tb-supertrend-BTCUSDT-1746554400-B,tb-supertrend-BTCUSDT-1746640800-T
BNB/USDT,supertrend,2025-05-08 03:00,608.13,2025-05-10 11:59,653.14,trailing,3.453,4.3575978300,151.0619321700,0.071939,57.00,tb-supertrend-BNBUSDT-1746669600-B,tb-supertrend-BNBUSDT-1746874800-T
ADA/USDT,supertrend,2025-05-08 03:00,0.6981,2025-05-11 06:59,0.7987,trailing,1906.8,2.855494440000,188.968585560000,0.141960,76.00,tb-supertrend-ADAUSDT-1746669600-B,tb-supertrend-ADAUSDT-1746943200-T
LTC/USDT,supertrend,2025-05-08 03:00,91.97,2025-05-11 07:59,100.91,trailing,12.829,2.4756531300,112.2156068700,0.095107,77.00,tb-supertrend-LTCUSDT-1746669600-B,tb-supertrend-LTCUSDT-1746946800-T
BNB/USDT,supertrend,2025-05-12 09:00,670.05,2025-05-12 14:59,665.30,trailing,2.933,3.9185917000,-17.8503417000,-0.009083,6.00,tb-supertrend-BNBUSDT-1747036800-B,tb-supertrend-BNBUSDT-1747058400-T
LINK/USDT,supertrend,2025-05-12 08:00,17.546,2025-05-12 17:59,16.627,trailing,55.54,1.89902118000,-52.94028118000,-0.054325,10.00,tb-supertrend-LINKUSDT-1747033200-B,tb-supertrend-LINKUSDT-1747069200-T
ADA/USDT,supertrend,2025-05-12 09:00,0.8336,2025-05-12 18:59,0.7975,trailing,1180.8,1.927003200000,-44.553883200000,-0.045264,10.00,tb-supertrend-ADAUSDT-1747036800-B,tb-supertrend-ADAUSDT-1747072800-T
BTC/USDT,supertrend,2025-05-13 18:00,104476.71,2025-05-14 08:59,103137.95,trailing,0.02118,4.4004127991,-32.7553495991,-0.014803,15.00,tb-supertrend-BTCUSDT-1747155600-B,tb-supertrend-BTCUSDT-1747209600-T
LINK/USDT,supertrend,2025-05-13 18:00,17.215,2025-05-14 08:59,16.891,trailing,62.18,2.12191613000,-22.26823613000,-0.020803,15.00,tb-supertrend-LINKUSDT-1747155600-B,tb-supertrend-LINKUSDT-1747209600-T
ETH/USDT,supertrend,2025-05-13 14:00,2554.76,2025-05-14 09:59,2582.10,trailing,0.4740,2.4361490200,10.5230109800,0.008690,20.00,tb-supertrend-ETHUSDT-1747141200-B,tb-supertrend-ETHUSDT-1747213200-T
BNB/USDT,supertrend,2025-05-15 17:00,661.08,2025-05-16 17:59,647.30,trailing,2.842,3.7203992000,-42.8831592000,-0.022825,25.00,tb-supertrend-BNBUSDT-1747324800-B,tb-supertrend-BNBUSDT-1747414800-T
BTC/USDT,supertrend,2025-05-15 17:00,104053.98,2025-05-17 01:59,102549.90,trailing,0.02407,4.9760770080,-41.1792826080,-0.016442,33.00,tb-supertrend-BTCUSDT-1747324800-B,tb-supertrend-BTCUSDT-1747443600-T
LTC/USDT,supertrend,2025-05-16 14:00,101.59,2025-05-17 01:59,98.44,trailing,13.360,2.6738230600,-44.7578230600,-0.032977,12.00,tb-supertrend-LTCUSDT-1747400400-B,tb-supertrend-LTCUSDT-1747443600-T
ETH/USDT,supertrend,2025-05-18 14:00,2547.28,2025-05-18 17:59,2501.01,trailing,0.6659,3.3634394080,-34.1746324080,-0.020147,4.00,tb-supertrend-ETHUSDT-1747573200-B,tb-supertrend-ETHUSDT-1747587600-T
LINK/USDT,supertrend,2025-05-18 09:00,15.852,2025-05-18 18:59,15.721,trailing,90.13,2.84725969000,-14.65428969000,-0.010257,10.00,tb-supertrend-LINKUSDT-1747555200-B,tb-supertrend-LINKUSDT-1747591200-T
SOL/USDT,supertrend,2025-05-18 09:00,171.53,2025-05-18 18:59,170.78,trailing,9.785,3.3512186500,-10.6899686500,-0.006369,10.00,tb-supertrend-SOLUSDT-1747555200-B,tb-supertrend-SOLUSDT-1747591200-T
SOL/USDT,supertrend,2025-05-19 00:00,173.65,2025-05-19 02:59,165.80,stop,6.548,2.2239341500,-53.6257341500,-0.047162,3.00,tb-supertrend-SOLUSDT-1747609200-B,tb-supertrend-SOLUSDT-1747620000-X
BTC/USDT,supertrend,2025-05-18 23:00,106139.97,2025-05-19 03:59,104107.91,trailing,0.02315,4.8704226246,-51.9126116246,-0.021127,5.00,tb-supertrend-BTCUSDT-1747605600-B,tb-supertrend-BTCUSDT-1747623600-T
BNB/USDT,supertrend,2025-05-19 00:00,652.85,2025-05-19 03:59,637.75,stop,2.388,3.0839113500,-39.1427113500,-0.025107,4.00,tb-supertrend-BNBUSDT-1747609200-B,tb-supertrend-BNBUSDT-1747623600-X
LINK/USDT,supertrend,2025-05-20 02:00,16.123,2025-05-20 12:59,15.458,trailing,62.68,1.98062569000,-43.66282569000,-0.043205,11.00,tb-supertrend-LINKUSDT-1747702800-B,tb-supertrend-LINKUSDT-1747742400-T
BTC/USDT,supertrend,2025-05-19 16:00,104996.00,2025-05-20 13:59,104338.56,trailing,0.02046,4.2861349800,-17.7373573800,-0.008257,22.00,tb-supertrend-BTCUSDT-1747666800-B,tb-supertrend-BTCUSDT-1747746000-T
ETH/USDT,supertrend,2025-05-19 17:00,2515.01,2025-05-20 13:59,2468.34,trailing,0.3977,1.9828843010,-20.5435433010,-0.020539,21.00,tb-supertrend-ETHUSDT-1747670400-B,tb-supertrend-ETHUSDT-1747746000-T
ADA/USDT,supertrend,2025-05-21 04:00,0.7536,2025-05-21 17:59,0.7436,trailing,1849.8,2.770952400000,-21.268952400000,-0.015257,14.00,tb-supertrend-ADAUSDT-1747796400-B,tb-supertrend-ADAUSDT-1747846800-T
ETH/USDT,supertrend,2025-05-21 06:00,2598.81,2025-05-21 17:59,2499.69,trailing,0.4917,2.5082318520,-51.2455358520,-0.040103,12.00,tb-supertrend-ETHUSDT-1747803600-B,tb-supertrend-ETHUSDT-1747846800-T
BNB/USDT,supertrend,2025-05-21 03:00,652.63,2025-05-23 11:59,676.03,trailing,3.679,4.8907506600,81.1978493400,0.033818,57.00,tb-supertrend-BNBUSDT-1747792800-B,tb-supertrend-BNBUSDT-1747998000-T
ETH/USDT,supertrend,2025-05-22 04:00,2634.50,2025-05-23 11:59,2619.35,trailing,0.3693,1.9413006100,-7.5361956100,-0.007746,32.00,tb-supertrend-ETHUSDT-1747882800-B,tb-supertrend-ETHUSDT-1747998000-T
BNB/USDT,supertrend,2025-05-24 11:00,677.76,2025-05-24 23:59,665.61,trailing,3.483,4.6816687500,-47.0001187500,-0.019910,13.00,tb-supertrend-BNBUSDT-1748080800-B,tb-supertrend-BNBUSDT-1748127600-T
ADA/USDT,supertrend,2025-05-25 23:00,0.7605,2025-05-26 17:59,0.7516,trailing,1908.0,2.886607800000,-19.867807800000,-0.013692,19.00,tb-supertrend-ADAUSDT-1748210400-B,tb-supertrend-ADAUSDT-1748278800-T
BTC/USDT,supertrend,2025-05-25 23:00,109384.33,2025-05-27 01:59,108411.64,trailing,0.02183,4.7577675538,-25.9915902538,-0.010885,27.00,tb-supertrend-BTCUSDT-1748210400-B,tb-supertrend-BTCUSDT-1748307600-T
ETH/USDT,supertrend,2025-05-25 23:00,2554.26,2025-05-27 01:59,2520.49,trailing,0.5596,2.8413626520,-21.7390546520,-0.015209,27.00,tb-supertrend-ETHUSDT-1748210400-B,tb-supertrend-ETHUSDT-1748307600-T
SOL/USDT,supertrend,2025-05-27 16:00,178.81,2025-05-28 06:59,173.93,trailing,8.903,3.1420535100,-46.5886935100,-0.029265,15.00,tb-supertrend-SOLUSDT-1748358000-B,tb-supertrend-SOLUSDT-1748412000-T
LINK/USDT,supertrend,2025-05-27 09:00,15.962,2025-05-28 15:59,15.508,trailing,83.13,2.61753768000,-40.35855768000,-0.030415,31.00,tb-supertrend-LINKUSDT-1748332800-B,tb-supertrend-LINKUSDT-1748444400-T
LTC/USDT,supertrend,2025-05-27 17:00,96.71,2025-05-28 15:59,94.62,trailing,16.988,3.2520548200,-38.7569748200,-0.023590,23.00,tb-supertrend-LTCUSDT-1748361600-B,tb-supertrend-LTCUSDT-1748444400-T
LINK/USDT,supertrend,2025-05-29 01:00,16.073,2025-05-29 13:59,15.560,trailing,74.52,2.35857700000,-40.58733700000,-0.033886,13.00,tb-supertrend-LINKUSDT-1748476800-B,tb-supertrend-LINKUSDT-1748523600-T
ADA/USDT,supertrend,2025-05-29 03:00,0.7663,2025-05-29 13:59,0.7436,trailing,1936.3,2.925151970000,-46.879161970000,-0.031594,11.00,tb-supertrend-ADAUSDT-1748484000-B,tb-supertrend-ADAUSDT-1748523600-T
LTC/USDT,supertrend,2025-05-29 03:00,98.52,2025-05-29 14:59,95.32,trailing,13.754,2.6674546400,-46.6802546400,-0.034449,12.00,tb-supertrend-LTCUSDT-1748484000-B,tb-supertrend-LTCUSDT-1748527200-T
XRP/USDT,supertrend,2025-05-31 17:00,2.1954,2025-06-01 08:59,2.1413,trailing,698.3,3.029854390000,-40.807884390000,-0.026619,16.00,tb-supertrend-XRPUSDT-1748707200-B,tb-supertrend-XRPUSDT-1748764800-T
BTC/USDT,supertrend,2025-05-31 22:00,105072.89,2025-06-01 09:59,103771.42,trailing,0.01831,3.8260407737,-27.6559564737,-0.014375,12.00,tb-supertrend-BTCUSDT-1748725200-B,tb-supertrend-BTCUSDT-1748768400-T
SOL/USDT,supertrend,2025-06-01 17:00,156.20,2025-06-02 09:59,153.40,trailing,9.645,2.9876540000,-29.9936540000,-0.019909,17.00,tb-supertrend-SOLUSDT-1748793600-B,tb-supertrend-SOLUSDT-1748854800-T
ADA/USDT,supertrend,2025-06-01 17:00,0.6840,2025-06-02 11:59,0.6630,trailing,1921.0,2.588955000000,-42.929955000000,-0.032672,19.00,tb-supertrend-ADAUSDT-1748793600-B,tb-supertrend-ADAUSDT-1748862000-T
BNB/USDT,supertrend,2025-06-02 18:00,662.15,2025-06-03 12:59,661.52,trailing,2.172,2.8769976900,-4.2453576900,-0.002952,19.00,tb-supertrend-BNBUSDT-1748883600-B,tb-supertrend-BNBUSDT-1748952000-T
ETH/USDT,supertrend,2025-06-02 16:00,2549.48,2025-06-03 21:59,2579.45,trailing,0.6853,3.5166403700,17.0218006300,0.009743,30.00,tb-supertrend-ETHUSDT-1748876400-B,tb-supertrend-ETHUSDT-1748984400-T
LTC/USDT,supertrend,2025-06-01 17:00,88.33,2025-06-04 17:59,88.79,trailing,17.949,3.1807168200,5.0758231800,0.003202,73.00,tb-supertrend-LTCUSDT-1748793600-B,tb-supertrend-LTCUSDT-1749056400-T
BNB/USDT,supertrend,2025-06-04 08:00,672.21,2025-06-04 20:59,663.21,trailing,2.794,3.7331801100,-28.8791801100,-0.015376,13.00,tb-supertrend-BNBUSDT-1749020400-B,tb-supertrend-BNBUSDT-1749067200-T
BTC/USDT,supertrend,2025-06-05 13:00,105860.90,2025-06-05 13:59,104414.96,stop,0.02142,4.5072847450,-35.4793195450,-0.015647,1.00,tb-supertrend-BTCUSDT-1749124800-B,tb-supertrend-BTCUSDT-1749128400-X
ADA/USDT,supertrend,2025-06-05 13:00,0.6888,2025-06-05 14:59,0.6685,stop,2402.5,3.262635250000,-52.033385250000,-0.031443,2.00,tb-supertrend-ADAUSDT-1749124800-B,tb-supertrend-ADAUSDT-1749132000-X
ADA/USDT,supertrend,2025-06-06 13:00,0.6578,2025-06-08 09:59,0.6541,trailing,1922.6,2.523574540000,-9.637194540000,-0.007620,45.00,tb-supertrend-ADAUSDT-1749211200-B,tb-supertrend-ADAUSDT-1749373200-T
BTC/USDT,supertrend,2025-06-06 11:00,103883.60,2025-06-08 10:59,104820.81,trailing,0.02162,4.5153058500,15.7471743500,0.007011,48.00,tb-supertrend-BTCUSDT-1749204000-B,tb-supertrend-BTCUSDT-1749376800-T
LTC/USDT,supertrend,2025-06-08 17:00,88.55,2025-06-08 23:59,86.97,trailing,16.700,2.9326893500,-29.3186893500,-0.019826,7.00,tb-supertrend-LTCUSDT-1749398400-B,tb-supertrend-LTCUSDT-1749423600-T
XRP/USDT,supertrend,2025-06-06 14:00,2.1737,2025-06-09 02:59,2.2372,trailing,629.8,2.779506410000,37.212793590000,0.027183,61.00,tb-supertrend-XRPUSDT-1749214800-B,tb-supertrend-XRPUSDT-1749434400-T
ADA/USDT,supertrend,2025-06-08 14:00,0.6709,2025-06-09 04:59,0.6588,trailing,2547.2,3.388756180000,-34.209876180000,-0.020018,15.00,tb-supertrend-ADAUSDT-1749387600-B,tb-supertrend-ADAUSDT-1749441600-T
BTC/USDT,supertrend,2025-06-09 10:00,106825.76,2025-06-10 14:59,108631.54,trailing,0.02097,4.5213443500,33.3458622500,0.014886,29.00,tb-supertrend-BTCUSDT-1749459600-B,tb-supertrend-BTCUSDT-1749564000-T
SOL/USDT,supertrend,2025-06-09 11:00,155.67,2025-06-10 14:59,156.68,trailing,10.801,3.3754047200,7.5336052800,0.004481,28.00,tb-supertrend-SOLUSDT-1749463200-B,tb-supertrend-SOLUSDT-1749564000-T
ADA/USDT,supertrend,2025-06-10 23:00,0.7159,2025-06-11 19:59,0.7011,trailing,1690.2,2.396230430000,-27.411190430000,-0.022654,21.00,tb-supertrend-ADAUSDT-1749592800-B,tb-supertrend-ADAUSDT-1749668400-T
BNB/USDT,supertrend,2025-06-10 20:00,668.88,2025-06-11 21:59,663.13,trailing,2.894,3.8568435800,-20.4973435800,-0.010589,26.00,tb-supertrend-BNBUSDT-1749582000-B,tb-supertrend-BNBUSDT-1749675600-T
ETH/USDT,supertrend,2025-06-09 11:00,2539.93,2025-06-11 22:59,2764.20,trailing,0.4965,2.6347705100,108.7152844900,0.086208,60.00,tb-supertrend-ETHUSDT-1749463200-B,tb-supertrend-ETHUSDT-1749679200-T
BTC/USDT,supertrend,2025-06-14 00:00,106278.73,2025-06-14 09:59,104660.33,trailing,0.01810,3.8201225576,-33.1131625576,-0.017214,10.00,tb-supertrend-BTCUSDT-1749855600-B,tb-supertrend-BTCUSDT-1749891600-T
LTC/USDT,supertrend,2025-06-13 23:00,86.13,2025-06-14 16:59,84.64,trailing,15.912,2.7186703200,-26.4275503200,-0.019283,18.00,tb-supertrend-LTCUSDT-1749852000-B,tb-supertrend-LTCUSDT-1749916800-T
BNB/USDT,supertrend,2025-06-15 05:00,650.50,2025-06-15 20:59,643.22,trailing,3.461,4.4801669200,-29.6762469200,-0.013181,16.00,tb-supertrend-BNBUSDT-1749960000-B,tb-supertrend-BNBUSDT-1750017600-T
SOL/USDT,supertrend,2025-06-15 06:00,147.67,2025-06-16 22:59,153.17,trailing,11.437,3.4424791200,59.4610208800,0.035207,41.00,tb-supertrend-SOLUSDT-1749963600-B,tb-supertrend-SOLUSDT-1750111200-T
LINK/USDT,supertrend,2025-06-16 02:00,13.447,2025-06-16 22:59,13.730,trailing,115.37,3.13702413000,29.51268587000,0.019024,21.00,tb-supertrend-LINKUSDT-1750035600-B,tb-supertrend-LINKUSDT-1750111200-T
ADA/USDT,supertrend,2025-06-16 02:00,0.6386,2025-06-16 22:59,0.6375,trailing,2246.1,2.867716990000,-5.338426990000,-0.003722,21.00,tb-supertrend-ADAUSDT-1750035600-B,tb-supertrend-ADAUSDT-1750111200-T
BTC/USDT,supertrend,2025-06-29 10:00,108107.43,2025-06-29 14:59,107585.03,trailing,0.01571,3.3906906939,-11.5975946939,-0.006829,5.00,tb-supertrend-BTCUSDT-1751187600-B,tb-supertrend-BTCUSDT-1751205600-T
ETH/USDT,supertrend,2025-06-29 11:00,2461.38,2025-06-29 16:59,2427.37,trailing,0.5176,2.5318938260,-20.1354698260,-0.015805,6.00,tb-supertrend-ETHUSDT-1751191200-B,tb-supertrend-ETHUSDT-1751212800-T
BNB/USDT,supertrend,2025-06-29 06:00,650.91,2025-06-29 21:59,646.38,trailing,3.479,4.5158755500,-20.2757455500,-0.008954,16.00,tb-supertrend-BNBUSDT-1751173200-B,tb-supertrend-BNBUSDT-1751230800-T
ADA/USDT,supertrend,2025-06-29 23:00,0.5808,2025-06-30 06:59,0.5640,trailing,2816.7,3.226242480000,-50.546802480000,-0.030898,8.00,tb-supertrend-ADAUSDT-1751234400-B,tb-supertrend-ADAUSDT-1751263200-T
BTC/USDT,supertrend,2025-06-30 00:00,108573.65,2025-06-30 06:59,107578.91,trailing,0.01697,3.6702804135,-20.5510182135,-0.011154,7.00,tb-supertrend-BTCUSDT-1751238000-B,tb-supertrend-BTCUSDT-1751263200-T
XRP/USDT,supertrend,2025-06-30 18:00,2.2177,2025-06-30 23:59,2.2535,trailing,1007.3,4.506279230000,31.555060770000,0.014126,6.00,tb-supertrend-XRPUSDT-1751302800-B,tb-supertrend-XRPUSDT-1751324400-T
ADA/USDT,supertrend,2025-06-30 20:00,0.5908,2025-07-01 00:59,0.5697,trailing,2270.3,2.636041990000,-50.539371990000,-0.037680,5.00,tb-supertrend-ADAUSDT-1751310000-B,tb-supertrend-ADAUSDT-1751328000-T
LINK/USDT,supertrend,2025-06-30 20:00,13.648,2025-07-01 02:59,13.206,trailing,98.21,2.63869614000,-46.04751614000,-0.034354,7.00,tb-supertrend-LINKUSDT-1751310000-B,tb-supertrend-LINKUSDT-1751335200-T
BNB/USDT,supertrend,2025-07-02 07:00,657.12,2025-07-03 15:59,656.63,trailing,3.374,4.4352209800,-6.0884809800,-0.002746,33.00,tb-supertrend-BNBUSDT-1751436000-B,tb-supertrend-BNBUSDT-1751554800-T
ADA/USDT,supertrend,2025-07-02 11:00,0.5611,2025-07-03 15:59,0.5882,trailing,2224.2,2.557563590000,57.718256410000,0.046249,29.00,tb-supertrend-ADAUSDT-1751450400-B,tb-supertrend-ADAUSDT-1751554800-T
BTC/USDT,supertrend,2025-07-02 07:00,107228.42,2025-07-04 05:59,108740.13,trailing,0.01550,3.3496570984,20.0818479016,0.012083,47.00,tb-supertrend-BTCUSDT-1751436000-B,tb-supertrend-BTCUSDT-1751605200-T
BNB/USDT,supertrend,2025-07-06 13:00,658.86,2025-07-07 16:59,657.50,trailing,2.544,3.3507964200,-6.8106364200,-0.004063,28.00,tb-supertrend-BNBUSDT-1751803200-B,tb-supertrend-BNBUSDT-1751904000-T
SOL/USDT,supertrend,2025-07-06 14:00,151.68,2025-07-07 16:59,149.65,trailing,8.291,2.4996921500,-19.3304221500,-0.015371,27.00,tb-supertrend-SOLUSDT-1751806800-B,tb-supertrend-SOLUSDT-1751904000-T
XRP/USDT,supertrend,2025-07-06 09:00,2.2472,2025-07-07 18:59,2.2843,trailing,994.8,4.510183400000,32.396896600000,0.014492,34.00,tb-supertrend-XRPUSDT-1751788800-B,tb-supertrend-XRPUSDT-1751911200-T
SOL/USDT,supertrend,2025-07-08 13:00,152.72,2025-07-08 16:59,149.26,stop,14.158,4.2777236400,-53.2644036400,-0.024634,4.00,tb-supertrend-SOLUSDT-1751976000-B,tb-supertrend-SOLUSDT-1751990400-X
BTC/USDT,supertrend,2025-07-08 13:00,109167.09,2025-07-08 16:59,107930.76,stop,0.01553,3.3737129495,-22.5739178495,-0.013315,4.00,tb-supertrend-BTCUSDT-1751976000-B,tb-supertrend-BTCUSDT-1751990400-X
LTC/USDT,supertrend,2025-07-08 19:00,87.72,2025-07-11 21:59,94.22,trailing,21.661,3.9429321800,136.8535678200,0.072024,75.00,tb-supertrend-LTCUSDT-1751997600-B,tb-supertrend-LTCUSDT-1752267600-T
ADA/USDT,supertrend,2025-07-08 19:00,0.5929,2025-07-11 21:59,0.7145,trailing,2402.7,3.142772230000,289.025547770000,0.202887,75.00,tb-supertrend-ADAUSDT-1751997600-B,tb-supertrend-ADAUSDT-1752267600-T
LINK/USDT,supertrend,2025-07-08 14:00,13.638,2025-07-11 22:59,15.153,trailing,93.30,2.68756410000,138.66193590000,0.108975,81.00,tb-supertrend-LINKUSDT-1751979600-B,tb-supertrend-LINKUSDT-1752271200-T
LTC/USDT,supertrend,2025-07-13 12:00,95.03,2025-07-13 22:59,93.68,trailing,18.847,3.5584229400,-29.0018729400,-0.016193,11.00,tb-supertrend-LTCUSDT-1752404400-B,tb-supertrend-LTCUSDT-1752444000-T
SOL/USDT,supertrend,2025-07-14 03:00,165.23,2025-07-14 18:59,162.67,trailing,10.469,3.4346026300,-30.2352426300,-0.017479,16.00,tb-supertrend-SOLUSDT-1752458400-B,tb-supertrend-SOLUSDT-1752516000-T
LINK/USDT,supertrend,2025-07-13 13:00,15.511,2025-07-14 19:59,15.659,trailing,98.61,3.07522480000,11.51905520000,0.007531,31.00,tb-supertrend-LINKUSDT-1752408000-B,tb-supertrend-LINKUSDT-1752519600-T
ADA/USDT,supertrend,2025-07-13 08:00,0.7417,2025-07-14 20:59,0.7259,trailing,1290.0,1.894168210000,-22.276168210000,-0.023282,37.00,tb-supertrend-ADAUSDT-1752390000-B,tb-supertrend-ADAUSDT-1752523200-T
ETH/USDT,supertrend,2025-07-15 14:00,3057.81,2025-07-15 14:59,2961.58,stop,0.5185,3.1228884010,-53.0181434010,-0.033440,1.00,tb-supertrend-ETHUSDT-1752584400-B,tb-supertrend-ETHUSDT-1752588000-X
LTC/USDT,supertrend,2025-07-15 22:00,96.45,2025-07-17 01:59,95.84,trailing,11.950,2.2990229000,-9.5885229000,-0.008319,28.00,tb-supertrend-LTCUSDT-1752613200-B,tb-supertrend-LTCUSDT-1752714000-T
LINK/USDT,supertrend,2025-07-15 18:00,16.173,2025-07-18 14:59,18.081,trailing,57.86,1.98290682000,108.41397318000,0.115855,69.00,tb-supertrend-LINKUSDT-1752598800-B,tb-supertrend-LINKUSDT-1752847200-T
BNB/USDT,supertrend,2025-07-15 23:00,692.33,2025-07-18 15:59,732.18,trailing,2.608,3.7171990700,100.2116009300,0.055501,65.00,tb-supertrend-BNBUSDT-1752616800-B,tb-supertrend-BNBUSDT-1752850800-T
LTC/USDT,supertrend,2025-07-19 20:00,112.87,2025-07-21 19:59,114.76,trailing,7.631,1.7379474900,12.6846425100,0.014727,48.00,tb-supertrend-LTCUSDT-1752951600-B,tb-supertrend-LTCUSDT-1753124400-T
LINK/USDT,supertrend,2025-07-20 01:00,18.467,2025-07-21 19:59,19.241,trailing,61.22,2.30977645000,45.07450355000,0.039870,43.00,tb-supertrend-LINKUSDT-1752969600-B,tb-supertrend-LINKUSDT-1753124400-T
BNB/USDT,supertrend,2025-07-20 09:00,752.30,2025-07-21 19:59,754.98,trailing,2.498,3.7674423400,2.9271976600,0.001558,35.00,tb-supertrend-BNBUSDT-1752998400-B,tb-supertrend-BNBUSDT-1753124400-T
BTC/USDT,supertrend,2025-07-22 13:00,119532.29,2025-07-23 09:59,117974.71,trailing,0.02000,4.7537259687,-35.9053259687,-0.015019,21.00,tb-supertrend-BTCUSDT-1753185600-B,tb-supertrend-BTCUSDT-1753261200-T
LTC/USDT,supertrend,2025-07-23 00:00,119.90,2025-07-23 12:59,115.49,trailing,8.859,2.0863991100,-41.1545891100,-0.038745,13.00,tb-supertrend-LTCUSDT-1753225200-B,tb-supertrend-LTCUSDT-1753272000-T
BNB/USDT,supertrend,2025-07-23 00:00,788.27,2025-07-23 13:59,783.32,trailing,2.212,3.4787218900,-14.4281218900,-0.008275,14.00,tb-supertrend-BNBUSDT-1753225200-B,tb-supertrend-BNBUSDT-1753275600-T
ADA/USDT,supertrend,2025-07-24 15:00,0.8335,2025-07-25 03:59,0.7844,trailing,855.0,1.384054650000,-43.364554650000,-0.060850,13.00,tb-supertrend-ADAUSDT-1753365600-B,tb-supertrend-ADAUSDT-1753412400-T
ETH/USDT,supertrend,2025-07-24 15:00,3741.92,2025-07-25 03:59,3600.41,trailing,0.3131,2.3003802900,-46.6071612900,-0.039781,13.00,tb-supertrend-ETHUSDT-1753365600-B,tb-supertrend-ETHUSDT-1753412400-T
LTC/USDT,supertrend,2025-07-25 12:00,115.92,2025-07-25 15:59,109.73,trailing,7.744,1.7483609600,-49.6837209600,-0.055347,4.00,tb-supertrend-LTCUSDT-1753441200-B,tb-supertrend-LTCUSDT-1753455600-T
SOL/USDT,supertrend,2025-07-25 23:00,186.47,2025-07-26 23:59,184.14,trailing,6.503,2.4113821200,-17.5633721200,-0.014484,25.00,tb-supertrend-SOLUSDT-1753480800-B,tb-supertrend-SOLUSDT-1753570800-T
BTC/USDT,supertrend,2025-07-26 00:00,117849.54,2025-07-28 13:59,118185.77,trailing,0.01356,3.2029957932,1.3562830068,0.000849,62.00,tb-supertrend-BTCUSDT-1753484400-B,tb-supertrend-BTCUSDT-1753707600-T
XRP/USDT,supertrend,2025-07-27 05:00,3.2162,2025-07-28 13:59,3.2136,trailing,466.0,2.997894900000,-4.209494900000,-0.002809,33.00,tb-supertrend-XRPUSDT-1753588800-B,tb-supertrend-XRPUSDT-1753707600-T
BNB/USDT,supertrend,2025-07-25 23:00,785.00,2025-07-28 14:59,833.23,trailing,2.197,3.5576063100,102.4037036900,0.059377,64.00,tb-supertrend-BNBUSDT-1753480800-B,tb-supertrend-BNBUSDT-1753711200-T
ETH/USDT,supertrend,2025-07-29 08:00,3885.12,2025-07-29 14:59,3772.24,trailing,0.4192,3.2119078740,-50.5312038740,-0.031027,7.00,tb-supertrend-ETHUSDT-1753772400-B,tb-supertrend-ETHUSDT-1753797600-T
LINK/USDT,supertrend,2025-07-31 04:00,18.097,2025-07-31 13:59,17.576,trailing,65.39,2.33392426000,-36.40211426000,-0.030762,10.00,tb-supertrend-LINKUSDT-1753930800-B,tb-supertrend-LINKUSDT-1753966800-T
ETH/USDT,supertrend,2025-07-31 05:00,3878.80,2025-07-31 13:59,3785.43,trailing,0.4300,3.2975583000,-43.4466583000,-0.026049,9.00,tb-supertrend-ETHUSDT-1753934400-B,tb-supertrend-ETHUSDT-1753966800-T
BTC/USDT,supertrend,2025-07-31 07:00,118929.18,2025-07-31 18:59,117434.81,trailing,0.01369,3.2382016078,-23.6961269078,-0.014554,12.00,tb-supertrend-BTCUSDT-1753941600-B,tb-supertrend-BTCUSDT-1753984800-T
BNB/USDT,supertrend,2025-07-31 17:00,814.93,2025-07-31 21:59,790.67,stop,2.046,3.2875023900,-52.9234623900,-0.031741,5.00,tb-supertrend-BNBUSDT-1753977600-B,tb-supertrend-BNBUSDT-1753995600-X
