pair,strategy,entry_time,entry_price,exit_time,exit_price,exit_reason,qty,fees_quote,pnl,pnl_pct,duration_hours,entry_client_order_id,exit_client_order_id
BTC/USDT,pullback_rsi,2019-09-14 00:00,10349.31,2019-09-14 16:00,10352.60,signal,0.06790,1.4063841407,-1.1829931407,-0.001683,16.00,tb-pullback_rsi-BTCUSDT-1568404800-B,tb-pullback_rsi-BTCUSDT-1568462400-S
LTC/USDT,pullback_rsi,2019-09-21 00:00,75.10,2019-09-23 00:00,72.22,signal,4.825,0.7111945000,-14.6071945000,-0.040312,48.00,tb-pullback_rsi-LTCUSDT-1569009600-B,tb-pullback_rsi-LTCUSDT-1569182400-S
ETH/USDT,pullback_rsi,2019-10-27 00:00,179.51,2019-10-27 16:00,183.64,signal,1.7548,0.6375787360,6.6097452640,0.020983,16.00,tb-pullback_rsi-ETHUSDT-1572120000-B,tb-pullback_rsi-ETHUSDT-1572177600-S
LINK/USDT,pullback_rsi,2019-10-27 00:00,2.734,2019-10-28 04:00,2.833,signal,90.47,0.50391989000,8.45261011000,0.034173,28.00,tb-pullback_rs-LINKUSDT-1572120000-B,tb-pullback_rs-LINKUSDT-1572220800-S
BTC/USDT,pullback_rsi,2019-10-29 04:00,9290.43,2019-10-29 08:00,9436.83,signal,0.03331,0.6241766505,4.2524073495,0.013741,4.00,tb-pullback_rsi-BTCUSDT-1572307200-B,tb-pullback_rsi-BTCUSDT-1572321600-S
LINK/USDT,pullback_rsi,2019-10-29 04:00,2.686,2019-10-29 08:00,2.739,signal,103.69,0.56281371000,4.93275629000,0.017711,4.00,tb-pullback_rs-LINKUSDT-1572307200-B,tb-pullback_rs-LINKUSDT-1572321600-S
BNB/USDT,pullback_rsi,2019-10-30 20:00,19.79,2019-10-31 00:00,20.03,signal,16.188,0.6449425900,3.2401774100,0.010114,4.00,tb-pullback_rsi-BNBUSDT-1572451200-B,tb-pullback_rsi-BNBUSDT-1572465600-S
LINK/USDT,pullback_rsi,2019-10-30 16:00,2.595,2019-10-31 00:00,2.603,signal,114.12,0.59350716000,0.31945284000,0.001079,8.00,tb-pullback_rs-LINKUSDT-1572436800-B,tb-pullback_rs-LINKUSDT-1572465600-S
ETH/USDT,pullback_rsi,2019-10-31 16:00,181.80,2019-10-31 20:00,182.85,signal,2.2182,0.8092847700,1.5198252300,0.003769,4.00,tb-pullback_rsi-ETHUSDT-1572523200-B,tb-pullback_rsi-ETHUSDT-1572537600-S
XRP/USDT,pullback_rsi,2019-10-31 16:00,0.2934,2019-11-01 00:00,0.2944,signal,1571.2,0.924020800000,0.647179200000,0.001404,8.00,tb-pullback_rsi-XRPUSDT-1572523200-B,tb-pullback_rsi-XRPUSDT-1572552000-S
LTC/USDT,pullback_rsi,2019-11-01 08:00,57.79,2019-11-01 12:00,58.20,signal,6.750,0.7833370300,1.9841629700,0.005087,4.00,tb-pullback_rsi-LTCUSDT-1572580800-B,tb-pullback_rsi-LTCUSDT-1572595200-S
BNB/USDT,pullback_rsi,2019-11-01 12:00,19.89,2019-11-02 00:00,19.98,signal,19.274,0.7688521800,0.9658078200,0.002519,12.00,tb-pullback_rsi-BNBUSDT-1572595200-B,tb-pullback_rsi-BNBUSDT-1572638400-S
XRP/USDT,pullback_rsi,2019-11-01 20:00,0.2898,2019-11-02 00:00,0.2913,signal,1852.1,1.076805930000,1.701344070000,0.003170,4.00,tb-pullback_rsi-XRPUSDT-1572624000-B,tb-pullback_rsi-XRPUSDT-1572638400-S
LTC/USDT,pullback_rsi,2019-11-03 16:00,57.89,2019-11-04 00:00,58.26,signal,9.764,1.1346675000,2.4780125000,0.004384,8.00,tb-pullback_rsi-LTCUSDT-1572782400-B,tb-pullback_rsi-LTCUSDT-1572811200-S
ADA/USDT,pullback_rsi,2019-11-03 16:00,0.0417,2019-11-04 12:00,0.0424,signal,13299.5,1.119046730000,8.190603270000,0.014769,20.00,tb-pullback_rsi-ADAUSDT-1572782400-B,tb-pullback_rsi-ADAUSDT-1572854400-S
ETH/USDT,pullback_rsi,2019-11-05 12:00,186.07,2019-11-05 16:00,190.30,signal,3.4809,1.3107575780,13.4134494220,0.020710,4.00,tb-pullback_rsi-ETHUSDT-1572940800-B,tb-pullback_rsi-ETHUSDT-1572955200-S
BNB/USDT,pullback_rsi,2019-11-07 16:00,20.23,2019-11-08 00:00,20.42,signal,29.920,1.2168549000,4.4679451000,0.007382,8.00,tb-pullback_rsi-BNBUSDT-1573128000-B,tb-pullback_rsi-BNBUSDT-1573156800-S
XRP/USDT,pullback_rsi,2019-11-07 16:00,0.2894,2019-11-08 15:59,0.2718,stop,1440.7,0.808954940000,-26.165274940000,-0.062756,24.00,tb-pullback_rsi-XRPUSDT-1573128000-B,tb-pullback_rsi-XRPUSDT-1573214400-X
ADA/USDT,pullback_rsi,2019-11-08 20:00,0.0423,2019-11-09 04:00,0.0424,signal,11958.5,1.013392550000,0.182457450000,0.000361,8.00,tb-pullback_rsi-ADAUSDT-1573228800-B,tb-pullback_rsi-ADAUSDT-1573257600-S
ETH/USDT,pullback_rsi,2019-11-08 20:00,184.11,2019-11-09 04:00,184.47,signal,3.4154,1.2594925190,-0.0299485190,-0.000048,8.00,tb-pullback_rsi-ETHUSDT-1573228800-B,tb-pullback_rsi-ETHUSDT-1573257600-S
BTC/USDT,pullback_rsi,2020-01-31 16:00,9343.86,2020-02-01 04:00,9427.03,signal,0.06712,1.2605562034,4.3218141966,0.006891,12.00,tb-pullback_rsi-BTCUSDT-1580472000-B,tb-pullback_rsi-BTCUSDT-1580515200-S
LINK/USDT,pullback_rsi,2020-02-01 00:00,2.828,2020-02-01 04:00,2.845,signal,149.60,0.84910500000,1.69409500000,0.004004,4.00,tb-pullback_rs-LINKUSDT-1580500800-B,tb-pullback_rs-LINKUSDT-1580515200-S
ADA/USDT,pullback_rsi,2020-02-03 04:00,0.0563,2020-02-03 20:00,0.0573,signal,5496.0,0.624660880000,4.871339120000,0.015743,16.00,tb-pullback_rsi-ADAUSDT-1580688000-B,tb-pullback_rsi-ADAUSDT-1580745600-S
BTC/USDT,pullback_rsi,2020-02-04 16:00,9211.63,2020-02-05 04:00,9234.57,signal,0.07662,1.4140847710,0.3435780290,0.000487,12.00,tb-pullback_rsi-BTCUSDT-1580817600-B,tb-pullback_rsi-BTCUSDT-1580860800-S
LINK/USDT,pullback_rsi,2020-02-03 20:00,2.785,2020-02-05 04:00,2.750,signal,162.46,0.89968955000,-6.58578955000,-0.014556,32.00,tb-pullback_rs-LINKUSDT-1580745600-B,tb-pullback_rs-LINKUSDT-1580860800-S
ADA/USDT,pullback_rsi,2020-02-08 08:00,0.0601,2020-02-08 12:00,0.0608,signal,6348.6,0.767930380000,3.676089620000,0.009635,4.00,tb-pullback_rsi-ADAUSDT-1581134400-B,tb-pullback_rsi-ADAUSDT-1581148800-S
XRP/USDT,pullback_rsi,2020-02-08 08:00,0.2746,2020-02-08 12:00,0.2786,signal,1418.1,0.784904820000,4.887495180000,0.012551,4.00,tb-pullback_rsi-XRPUSDT-1581134400-B,tb-pullback_rsi-XRPUSDT-1581148800-S
LINK/USDT,pullback_rsi,2020-02-09 20:00,3.314,2020-02-10 00:00,3.490,signal,92.13,0.62718392000,15.58769608000,0.051054,4.00,tb-pullback_rs-LINKUSDT-1581264000-B,tb-pullback_rs-LINKUSDT-1581278400-S
ETH/USDT,pullback_rsi,2020-02-10 16:00,223.46,2020-02-11 12:00,222.48,signal,1.8890,0.8428052340,-2.6940252340,-0.006382,20.00,tb-pullback_rsi-ETHUSDT-1581336000-B,tb-pullback_rsi-ETHUSDT-1581408000-S
LTC/USDT,pullback_rsi,2020-02-10 16:00,74.39,2020-02-11 12:00,74.43,signal,4.942,0.7358403900,-0.5381603900,-0.001464,20.00,tb-pullback_rsi-LTCUSDT-1581336000-B,tb-pullback_rsi-LTCUSDT-1581408000-S
LINK/USDT,pullback_rsi,2020-02-13 16:00,4.028,2020-02-14 12:00,4.016,signal,58.04,0.46711544000,-1.16359544000,-0.004977,20.00,tb-pullback_rs-LINKUSDT-1581595200-B,tb-pullback_rs-LINKUSDT-1581667200-S
BTC/USDT,pullback_rsi,2020-02-13 16:00,10259.36,2020-02-14 20:00,10334.97,signal,0.05969,1.2298911200,3.2832697800,0.005361,28.00,tb-pullback_rsi-BTCUSDT-1581595200-B,tb-pullback_rsi-BTCUSDT-1581696000-S
LTC/USDT,pullback_rsi,2020-02-16 00:00,76.78,2020-02-16 04:00,79.54,signal,3.876,0.6062034400,10.0915565600,0.033910,4.00,tb-pullback_rsi-LTCUSDT-1581796800-B,tb-pullback_rsi-LTCUSDT-1581811200-S
BTC/USDT,pullback_rsi,2020-02-16 00:00,9909.42,2020-02-17 15:59,9486.83,stop,0.06005,1.1654384704,-26.5419679704,-0.044604,40.00,tb-pullback_rsi-BTCUSDT-1581796800-B,tb-pullback_rsi-BTCUSDT-1581940800-X
LINK/USDT,pullback_rsi,2020-02-17 16:00,4.267,2020-02-17 20:00,4.328,signal,34.00,0.29240068000,1.78159932000,0.012280,4.00,tb-pullback_rs-LINKUSDT-1581940800-B,tb-pullback_rs-LINKUSDT-1581955200-S
XRP/USDT,pullback_rsi,2020-02-17 00:00,0.2927,2020-02-17 20:00,0.2839,signal,673.4,0.388487330000,-6.314407330000,-0.032036,20.00,tb-pullback_rsi-XRPUSDT-1581883200-B,tb-pullback_rsi-XRPUSDT-1581955200-S
ETH/USDT,pullback_rsi,2020-02-20 04:00,260.94,2020-02-21 04:00,261.86,signal,0.9133,0.4777341820,0.3625018180,0.001521,24.00,tb-pullback_rsi-ETHUSDT-1582156800-B,tb-pullback_rsi-ETHUSDT-1582243200-S
LTC/USDT,pullback_rsi,2020-02-20 04:00,71.08,2020-02-21 04:00,72.25,signal,2.887,0.4140069500,2.9637830500,0.014443,24.00,tb-pullback_rsi-LTCUSDT-1582156800-B,tb-pullback_rsi-LTCUSDT-1582243200-S
BTC/USDT,pullback_rsi,2020-02-22 12:00,9637.92,2020-02-22 20:00,9663.07,signal,0.06730,1.2996312804,0.3929637196,0.000606,8.00,tb-pullback_rsi-BTCUSDT-1582358400-B,tb-pullback_rsi-BTCUSDT-1582387200-S
ADA/USDT,pullback_rsi,2020-02-22 12:00,0.0579,2020-02-23 00:00,0.0581,signal,5194.8,0.602897880000,0.436062120000,0.001450,12.00,tb-pullback_rsi-ADAUSDT-1582358400-B,tb-pullback_rsi-ADAUSDT-1582401600-S
LINK/USDT,pullback_rsi,2020-02-23 04:00,4.223,2020-02-23 08:00,4.335,signal,52.72,0.45143114000,5.45320886000,0.024494,4.00,tb-pullback_rs-LINKUSDT-1582416000-B,tb-pullback_rs-LINKUSDT-1582430400-S
XRP/USDT,pullback_rsi,2020-02-25 00:00,0.2705,2020-02-25 19:59,0.2528,stop,1430.5,0.748986400000,-26.068836400000,-0.067370,20.00,tb-pullback_rsi-XRPUSDT-1582574400-B,tb-pullback_rsi-XRPUSDT-1582646400-X
BTC/USDT,pullback_rsi,2020-02-25 00:00,9660.35,2020-02-25 19:59,9280.73,stop,0.06684,1.2666980085,-26.6404988085,-0.041258,20.00,tb-pullback_rsi-BTCUSDT-1582574400-B,tb-pullback_rsi-BTCUSDT-1582646400-X
ETH/USDT,pullback_rsi,2020-02-26 20:00,229.89,2020-02-27 16:00,230.90,signal,1.0871,0.5011776880,0.5967933120,0.002388,20.00,tb-pullback_rsi-ETHUSDT-1582732800-B,tb-pullback_rsi-ETHUSDT-1582804800-S
ADA/USDT,pullback_rsi,2020-05-01 04:00,0.0485,2020-05-01 08:00,0.0509,signal,5134.5,0.510621500000,11.812178500000,0.047434,4.00,tb-pullback_rsi-ADAUSDT-1588291200-B,tb-pullback_rsi-ADAUSDT-1588305600-S
XRP/USDT,pullback_rsi,2020-05-01 04:00,0.2135,2020-05-01 08:00,0.2195,signal,1549.6,0.671318400000,8.626281600000,0.026074,4.00,tb-pullback_rsi-XRPUSDT-1588291200-B,tb-pullback_rsi-XRPUSDT-1588305600-S
BNB/USDT,pullback_rsi,2020-05-03 20:00,17.04,2020-05-04 16:00,16.97,signal,30.489,1.0374591300,-3.1716891300,-0.006105,20.00,tb-pullback_rsi-BNBUSDT-1588521600-B,tb-pullback_rsi-BNBUSDT-1588593600-S
LINK/USDT,pullback_rsi,2020-05-03 20:00,3.691,2020-05-04 16:00,3.772,signal,119.88,0.89514427000,8.81513573000,0.019922,20.00,tb-pullback_rs-LINKUSDT-1588521600-B,tb-pullback_rs-LINKUSDT-1588593600-S
LINK/USDT,pullback_rsi,2020-05-07 04:00,3.623,2020-05-07 20:00,3.769,signal,116.24,0.85968084000,16.11135916000,0.038257,16.00,tb-pullback_rs-LINKUSDT-1588809600-B,tb-pullback_rs-LINKUSDT-1588867200-S
LTC/USDT,pullback_rsi,2020-05-07 04:00,45.90,2020-05-07 20:00,47.68,signal,8.858,0.8293447400,14.9378952600,0.036740,16.00,tb-pullback_rsi-LTCUSDT-1588809600-B,tb-pullback_rsi-LTCUSDT-1588867200-S
BTC/USDT,pullback_rsi,2020-05-10 08:00,8816.68,2020-05-11 12:00,8921.70,signal,0.03286,0.5832358320,2.8677213680,0.009898,28.00,tb-pullback_rsi-BTCUSDT-1589083200-B,tb-pullback_rsi-BTCUSDT-1589184000-S
ETH/USDT,pullback_rsi,2020-05-10 08:00,190.83,2020-05-11 12:00,189.00,signal,1.5042,0.5716456140,-3.3243316140,-0.011581,28.00,tb-pullback_rsi-ETHUSDT-1589083200-B,tb-pullback_rsi-ETHUSDT-1589184000-S
LINK/USDT,pullback_rsi,2020-05-12 04:00,3.660,2020-05-12 08:00,3.679,signal,64.87,0.47633713000,0.75619287000,0.003185,4.00,tb-pullback_rs-LINKUSDT-1589241600-B,tb-pullback_rs-LINKUSDT-1589256000-S
ADA/USDT,pullback_rsi,2020-05-15 08:00,0.0509,2020-05-15 16:00,0.0512,signal,7638.3,0.780262360000,1.511227640000,0.003887,8.00,tb-pullback_rsi-ADAUSDT-1589515200-B,tb-pullback_rsi-ADAUSDT-1589544000-S
BNB/USDT,pullback_rsi,2020-05-15 08:00,16.26,2020-05-16 12:00,16.11,signal,25.534,0.8269583400,-4.6570583400,-0.011217,28.00,tb-pullback_rsi-BNBUSDT-1589515200-B,tb-pullback_rsi-BNBUSDT-1589616000-S
LINK/USDT,pullback_rsi,2020-05-16 04:00,3.702,2020-05-16 20:00,3.764,signal,105.80,0.79031002000,5.76928998000,0.014730,16.00,tb-pullback_rs-LINKUSDT-1589587200-B,tb-pullback_rs-LINKUSDT-1589644800-S
LTC/USDT,pullback_rsi,2020-05-19 08:00,44.71,2020-05-19 12:00,45.09,signal,10.989,0.9873040100,3.1885159900,0.006490,4.00,tb-pullback_rsi-LTCUSDT-1589860800-B,tb-pullback_rsi-LTCUSDT-1589875200-S
LINK/USDT,pullback_rsi,2020-05-19 08:00,3.843,2020-05-20 00:00,3.944,signal,124.99,0.97379672000,11.65019328000,0.024254,16.00,tb-pullback_rs-LINKUSDT-1589860800-B,tb-pullback_rs-LINKUSDT-1589918400-S
BTC/USDT,pullback_rsi,2020-05-20 20:00,9536.76,2020-05-21 15:59,9002.37,stop,0.04741,0.8794169896,-26.2148468896,-0.057980,20.00,tb-pullback_rsi-BTCUSDT-1589990400-B,tb-pullback_rsi-BTCUSDT-1590062400-X
ETH/USDT,pullback_rsi,2020-05-20 20:00,209.70,2020-05-21 15:59,198.90,stop,2.3495,0.9605089800,-26.3351089800,-0.053452,20.00,tb-pullback_rsi-ETHUSDT-1589990400-B,tb-pullback_rsi-ETHUSDT-1590062400-X
BNB/USDT,pullback_rsi,2020-05-22 08:00,16.31,2020-05-22 12:00,16.54,signal,28.305,0.9302922400,5.5798577600,0.012087,4.00,tb-pullback_rsi-BNBUSDT-1590120000-B,tb-pullback_rsi-BNBUSDT-1590134400-S
BTC/USDT,pullback_rsi,2020-05-22 08:00,9086.36,2020-05-22 12:00,9161.41,signal,0.04602,0.8402166952,2.6135843048,0.006250,4.00,tb-pullback_rsi-BTCUSDT-1590120000-B,tb-pullback_rsi-BTCUSDT-1590134400-S
LINK/USDT,pullback_rsi,2020-05-23 20:00,3.995,2020-05-24 08:00,3.997,signal,98.99,0.79152758000,-0.59354758000,-0.001501,12.00,tb-pullback_rs-LINKUSDT-1590249600-B,tb-pullback_rs-LINKUSDT-1590292800-S
ADA/USDT,pullback_rsi,2020-05-24 20:00,0.0542,2020-05-25 20:00,0.0539,signal,6748.0,0.729827360000,-2.754227360000,-0.007531,24.00,tb-pullback_rsi-ADAUSDT-1590336000-B,tb-pullback_rsi-ADAUSDT-1590422400-S
ETH/USDT,pullback_rsi,2020-05-25 04:00,202.43,2020-05-25 20:00,204.57,signal,2.2937,0.9340014900,3.9745165100,0.008560,16.00,tb-pullback_rsi-ETHUSDT-1590364800-B,tb-pullback_rsi-ETHUSDT-1590422400-S
LINK/USDT,pullback_rsi,2020-05-26 20:00,3.803,2020-05-27 00:00,3.841,signal,125.53,0.96004571000,3.81009429000,0.007981,4.00,tb-pullback_rs-LINKUSDT-1590508800-B,tb-pullback_rs-LINKUSDT-1590523200-S
ETH/USDT,pullback_rsi,2020-05-26 20:00,199.40,2020-05-27 04:00,201.57,signal,2.6595,1.0669181000,4.7041969000,0.008871,8.00,tb-pullback_rsi-ETHUSDT-1590508800-B,tb-pullback_rsi-ETHUSDT-1590537600-S
ADA/USDT,pullback_rsi,2020-06-01 04:00,0.0809,2020-06-02 00:00,0.0809,signal,2260.2,0.365886430000,-0.365886430000,-0.002001,20.00,tb-pullback_rsi-ADAUSDT-1590969600-B,tb-pullback_rsi-ADAUSDT-1591041600-S
ADA/USDT,pullback_rsi,2020-06-02 20:00,0.0776,2020-06-03 12:00,0.0815,signal,2472.2,0.393521020000,9.248058980000,0.048206,16.00,tb-pullback_rsi-ADAUSDT-1591113600-B,tb-pullback_rsi-ADAUSDT-1591171200-S
BTC/USDT,pullback_rsi,2020-06-02 20:00,9512.45,2020-06-03 12:00,9613.11,signal,0.04779,0.9144861380,3.8960552620,0.008570,16.00,tb-pullback_rsi-BTCUSDT-1591113600-B,tb-pullback_rsi-BTCUSDT-1591171200-S
LINK/USDT,pullback_rsi,2020-06-04 16:00,4.453,2020-06-05 04:00,4.456,signal,86.67,0.77254380000,-0.51253380000,-0.001328,12.00,tb-pullback_rs-LINKUSDT-1591272000-B,tb-pullback_rs-LINKUSDT-1591315200-S
BTC/USDT,pullback_rsi,2020-06-05 16:00,9716.62,2020-06-06 12:00,9689.00,signal,0.06203,1.2044107720,-2.9176793720,-0.004841,20.00,tb-pullback_rsi-BTCUSDT-1591358400-B,tb-pullback_rsi-BTCUSDT-1591430400-S
LTC/USDT,pullback_rsi,2020-06-05 20:00,47.28,2020-06-06 12:00,47.05,signal,10.333,0.9752319700,-3.3518219700,-0.006861,16.00,tb-pullback_rsi-LTCUSDT-1591372800-B,tb-pullback_rsi-LTCUSDT-1591430400-S
LTC/USDT,pullback_rsi,2020-06-09 00:00,46.48,2020-06-10 16:00,46.16,signal,14.575,1.3509252000,-6.0149252000,-0.008879,40.00,tb-pullback_rsi-LTCUSDT-1591646400-B,tb-pullback_rsi-LTCUSDT-1591790400-S
LINK/USDT,pullback_rsi,2020-06-10 00:00,4.440,2020-06-11 00:00,4.418,signal,150.12,1.33047336000,-4.63311336000,-0.006951,24.00,tb-pullback_rs-LINKUSDT-1591732800-B,tb-pullback_rs-LINKUSDT-1591819200-S
BTC/USDT,pullback_rsi,2020-06-12 04:00,9368.84,2020-06-12 08:00,9434.76,signal,0.06492,1.2213855316,3.0581408684,0.005028,4.00,tb-pullback_rsi-BTCUSDT-1591920000-B,tb-pullback_rsi-BTCUSDT-1591934400-S
ETH/USDT,pullback_rsi,2020-06-12 04:00,233.69,2020-06-12 12:00,237.25,signal,2.1774,1.0259388740,6.7256051260,0.013218,8.00,tb-pullback_rsi-ETHUSDT-1591920000-B,tb-pullback_rsi-ETHUSDT-1591948800-S
ADA/USDT,pullback_rsi,2020-06-15 16:00,0.0738,2020-06-15 20:00,0.0774,signal,4203.9,0.635947020000,14.498092980000,0.046731,4.00,tb-pullback_rsi-ADAUSDT-1592222400-B,tb-pullback_rsi-ADAUSDT-1592236800-S
ETH/USDT,pullback_rsi,2020-06-15 16:00,226.55,2020-06-15 20:00,232.21,signal,2.3558,1.0812905300,12.2525374700,0.022957,4.00,tb-pullback_rsi-ETHUSDT-1592222400-B,tb-pullback_rsi-ETHUSDT-1592236800-S
ADA/USDT,pullback_rsi,2020-06-22 04:00,0.0801,2020-06-22 08:00,0.0802,signal,6040.3,0.968748700000,-0.364718700000,-0.000754,4.00,tb-pullback_rsi-ADAUSDT-1592784000-B,tb-pullback_rsi-ADAUSDT-1592798400-S
BTC/USDT,pullback_rsi,2020-06-22 04:00,9390.39,2020-06-22 08:00,9414.30,signal,0.10239,1.9264451550,0.5216997450,0.000543,4.00,tb-pullback_rsi-BTCUSDT-1592784000-B,tb-pullback_rsi-BTCUSDT-1592798400-S
ETH/USDT,pullback_rsi,2020-06-24 20:00,233.93,2020-06-25 12:00,234.27,signal,2.4789,1.1612058020,-0.3183798020,-0.000549,16.00,tb-pullback_rsi-ETHUSDT-1593014400-B,tb-pullback_rsi-ETHUSDT-1593072000-S
LINK/USDT,pullback_rsi,2020-06-24 20:00,4.668,2020-06-25 12:00,4.774,signal,77.03,0.72769070000,7.43748930000,0.020684,16.00,tb-pullback_rs-LINKUSDT-1593014400-B,tb-pullback_rs-LINKUSDT-1593072000-S
ADA/USDT,pullback_rsi,2020-06-26 12:00,0.0814,2020-06-27 08:00,0.0808,signal,5343.6,0.867171480000,-4.073331480000,-0.009365,20.00,tb-pullback_rsi-ADAUSDT-1593158400-B,tb-pullback_rsi-ADAUSDT-1593230400-S
ETH/USDT,pullback_rsi,2020-06-26 12:00,231.00,2020-06-27 08:00,230.40,signal,2.5924,1.1967339600,-2.7521739600,-0.004596,20.00,tb-pullback_rsi-ETHUSDT-1593158400-B,tb-pullback_rsi-ETHUSDT-1593230400-S
ADA/USDT,pullback_rsi,2020-07-22 12:00,0.1223,2020-07-23 00:00,0.1237,signal,3807.3,0.937072770000,4.393147230000,0.009435,12.00,tb-pullback_rsi-ADAUSDT-1595404800-B,tb-pullback_rsi-ADAUSDT-1595448000-S
LINK/USDT,pullback_rsi,2020-07-25 04:00,7.674,2020-07-25 20:00,7.672,signal,38.85,0.59649906000,-0.67419906000,-0.002261,16.00,tb-pullback_rs-LINKUSDT-1595635200-B,tb-pullback_rs-LINKUSDT-1595692800-S
BNB/USDT,pullback_rsi,2020-07-27 00:00,19.57,2020-07-27 15:59,18.55,stop,24.861,0.9481905700,-26.3064105700,-0.054069,16.00,tb-pullback_rsi-BNBUSDT-1595793600-B,tb-pullback_rsi-BNBUSDT-1595851200-X
LINK/USDT,pullback_rsi,2020-07-27 20:00,7.132,2020-07-28 08:00,7.320,signal,32.79,0.47416636000,5.69035364000,0.024332,12.00,tb-pullback_rs-LINKUSDT-1595865600-B,tb-pullback_rs-LINKUSDT-1595908800-S
ADA/USDT,pullback_rsi,2020-07-27 20:00,0.1427,2020-07-28 20:00,0.1458,signal,1501.1,0.433295670000,4.220114330000,0.019701,24.00,tb-pullback_rsi-ADAUSDT-1595865600-B,tb-pullback_rsi-ADAUSDT-1595952000-S
BNB/USDT,pullback_rsi,2020-07-29 20:00,20.05,2020-07-30 20:00,19.97,signal,21.026,0.8419016200,-2.5239816200,-0.005987,24.00,tb-pullback_rsi-BNBUSDT-1596038400-B,tb-pullback_rsi-BNBUSDT-1596124800-S
ETH/USDT,pullback_rsi,2020-07-30 08:00,319.18,2020-07-30 20:00,333.11,signal,1.2332,0.8048189600,16.3736570400,0.041598,12.00,tb-pullback_rsi-ETHUSDT-1596081600-B,tb-pullback_rsi-ETHUSDT-1596124800-S
BTC/USDT,pullback_rsi,2020-08-02 20:00,11208.41,2020-08-03 12:00,11225.53,signal,0.03205,0.7194561169,-0.1707601169,-0.000475,16.00,tb-pullback_rsi-BTCUSDT-1596384000-B,tb-pullback_rsi-BTCUSDT-1596441600-S
LTC/USDT,pullback_rsi,2020-08-04 16:00,57.87,2020-08-05 08:00,57.85,signal,4.855,0.5621099500,-0.6592099500,-0.002346,16.00,tb-pullback_rsi-LTCUSDT-1596542400-B,tb-pullback_rsi-LTCUSDT-1596600000-S
XRP/USDT,pullback_rsi,2020-08-04 16:00,0.3032,2020-08-05 12:00,0.3053,signal,658.9,0.401152890000,0.982537110000,0.004918,20.00,tb-pullback_rsi-XRPUSDT-1596542400-B,tb-pullback_rsi-XRPUSDT-1596614400-S
BNB/USDT,pullback_rsi,2020-08-07 04:00,22.78,2020-08-07 19:59,21.49,stop,19.729,0.8738584300,-26.3242684300,-0.058573,16.00,tb-pullback_rsi-BNBUSDT-1596758400-B,tb-pullback_rsi-BNBUSDT-1596816000-X
ADA/USDT,pullback_rsi,2020-08-08 00:00,0.1390,2020-08-08 08:00,0.1419,signal,2793.4,0.785055260000,7.315804740000,0.018841,8.00,tb-pullback_rsi-ADAUSDT-1596830400-B,tb-pullback_rsi-ADAUSDT-1596859200-S
ETH/USDT,pullback_rsi,2020-08-08 00:00,379.53,2020-08-08 12:00,391.42,signal,0.9313,0.7183652690,10.3547917310,0.029296,12.00,tb-pullback_rsi-ETHUSDT-1596830400-B,tb-pullback_rsi-ETHUSDT-1596873600-S
BTC/USDT,pullback_rsi,2020-08-09 20:00,11634.83,2020-08-10 00:00,11675.84,signal,0.05930,1.3830208188,1.0488721812,0.001520,4.00,tb-pullback_rsi-BTCUSDT-1596988800-B,tb-pullback_rsi-BTCUSDT-1597003200-S
XRP/USDT,pullback_rsi,2020-08-09 20:00,0.2882,2020-08-10 04:00,0.2944,signal,1273.1,0.742082720000,7.151137280000,0.019490,8.00,tb-pullback_rsi-XRPUSDT-1596988800-B,tb-pullback_rsi-XRPUSDT-1597017600-S
ADA/USDT,pullback_rsi,2020-08-10 16:00,0.1451,2020-08-11 15:59,0.1357,stop,2701.5,0.758987480000,-26.153087480000,-0.066719,24.00,tb-pullback_rsi-ADAUSDT-1597060800-B,tb-pullback_rsi-ADAUSDT-1597147200-X
ETH/USDT,pullback_rsi,2020-08-11 12:00,391.66,2020-08-11 23:59,371.76,stop,1.2731,0.9724191640,-26.3071091640,-0.052760,12.00,tb-pullback_rsi-ETHUSDT-1597132800-B,tb-pullback_rsi-ETHUSDT-1597176000-X
BNB/USDT,pullback_rsi,2020-08-12 00:00,21.31,2020-08-12 08:00,21.53,signal,19.819,0.8494721600,3.5107078400,0.008312,8.00,tb-pullback_rsi-BNBUSDT-1597176000-B,tb-pullback_rsi-BNBUSDT-1597204800-S
ADA/USDT,pullback_rsi,2020-08-12 12:00,0.1340,2020-08-12 16:00,0.1358,signal,2275.3,0.614184140000,3.481355860000,0.011418,4.00,tb-pullback_rsi-ADAUSDT-1597219200-B,tb-pullback_rsi-ADAUSDT-1597233600-S
LTC/USDT,pullback_rsi,2020-08-11 20:00,55.22,2020-08-12 16:00,54.67,signal,6.267,0.6890671700,-4.1359171700,-0.011951,20.00,tb-pullback_rsi-LTCUSDT-1597161600-B,tb-pullback_rsi-LTCUSDT-1597233600-S
BNB/USDT,pullback_rsi,2020-08-13 20:00,21.37,2020-08-14 00:00,21.76,signal,19.238,0.8301623400,6.6726576600,0.016231,4.00,tb-pullback_rsi-BNBUSDT-1597334400-B,tb-pullback_rsi-BNBUSDT-1597348800-S
BNB/USDT,pullback_rsi,2020-08-16 08:00,23.33,2020-08-16 20:00,23.60,signal,18.170,0.8531613700,4.0527386300,0.009560,12.00,tb-pullback_rsi-BNBUSDT-1597550400-B,tb-pullback_rsi-BNBUSDT-1597593600-S
ETH/USDT,pullback_rsi,2020-08-16 16:00,430.55,2020-08-17 00:00,433.39,signal,0.9526,0.8234197900,1.8819642100,0.004589,8.00,tb-pullback_rsi-ETHUSDT-1597579200-B,tb-pullback_rsi-ETHUSDT-1597608000-S
LTC/USDT,pullback_rsi,2020-08-18 16:00,65.24,2020-08-18 20:00,66.40,signal,4.296,0.5658516400,4.4175083600,0.015762,4.00,tb-pullback_rsi-LTCUSDT-1597752000-B,tb-pullback_rsi-LTCUSDT-1597766400-S
LINK/USDT,pullback_rsi,2020-08-18 04:00,17.098,2020-08-19 12:00,16.526,signal,9.22,0.31018426000,-5.58402426000,-0.035422,32.00,tb-pullback_rs-LINKUSDT-1597708800-B,tb-pullback_rs-LINKUSDT-1597824000-S
ADA/USDT,pullback_rsi,2020-08-19 08:00,0.1333,2020-08-20 12:00,0.1302,signal,2695.6,0.710650510000,-9.067010510000,-0.025234,28.00,tb-pullback_rsi-ADAUSDT-1597809600-B,tb-pullback_rsi-ADAUSDT-1597910400-S
ETH/USDT,pullback_rsi,2020-08-20 00:00,407.67,2020-08-20 12:00,411.26,signal,0.9179,0.7521035130,2.5431574870,0.006796,12.00,tb-pullback_rsi-ETHUSDT-1597867200-B,tb-pullback_rsi-ETHUSDT-1597910400-S
LINK/USDT,pullback_rsi,2020-08-21 20:00,14.448,2020-08-22 08:00,14.808,signal,9.58,0.28041696000,3.16838304000,0.022891,12.00,tb-pullback_rs-LINKUSDT-1598025600-B,tb-pullback_rs-LINKUSDT-1598068800-S
BTC/USDT,pullback_rsi,2020-08-21 16:00,11725.88,2020-08-23 00:00,11657.67,signal,0.06586,1.5408614184,-6.0331720184,-0.007812,32.00,tb-pullback_rsi-BTCUSDT-1598011200-B,tb-pullback_rsi-BTCUSDT-1598126400-S
BNB/USDT,pullback_rsi,2020-08-23 16:00,21.83,2020-08-24 04:00,22.20,signal,20.385,0.8980099800,6.6444400200,0.014931,12.00,tb-pullback_rsi-BNBUSDT-1598184000-B,tb-pullback_rsi-BNBUSDT-1598227200-S
BTC/USDT,pullback_rsi,2020-08-25 12:00,11620.25,2020-08-25 19:59,11317.70,stop,0.08424,1.9333387325,-27.4201507325,-0.028011,8.00,tb-pullback_rsi-BTCUSDT-1598342400-B,tb-pullback_rsi-BTCUSDT-1598371200-X
LINK/USDT,pullback_rsi,2020-08-25 08:00,14.993,2020-08-26 04:00,14.642,signal,13.59,0.40303951000,-5.17312951000,-0.025389,20.00,tb-pullback_rs-LINKUSDT-1598328000-B,tb-pullback_rs-LINKUSDT-1598400000-S
ETH/USDT,pullback_rsi,2020-08-26 00:00,383.11,2020-08-26 16:00,389.66,signal,1.0480,0.8102843810,6.0541156190,0.015079,16.00,tb-pullback_rsi-ETHUSDT-1598385600-B,tb-pullback_rsi-ETHUSDT-1598443200-S
LTC/USDT,pullback_rsi,2020-08-26 12:00,57.95,2020-08-26 16:00,58.83,signal,6.350,0.7419586500,4.8460413500,0.013169,4.00,tb-pullback_rsi-LTCUSDT-1598428800-B,tb-pullback_rsi-LTCUSDT-1598443200-S
BTC/USDT,pullback_rsi,2020-08-28 00:00,11336.05,2020-08-28 04:00,11374.39,signal,0.06462,1.4683421545,1.0091886455,0.001378,4.00,tb-pullback_rsi-BTCUSDT-1598558400-B,tb-pullback_rsi-BTCUSDT-1598572800-S
LINK/USDT,pullback_rsi,2020-08-31 04:00,16.755,2020-09-01 03:59,15.135,stop,15.48,0.49399230000,-25.57159230000,-0.098592,24.00,tb-pullback_rs-LINKUSDT-1598832000-B,tb-pullback_rs-LINKUSDT-1598918400-X
LTC/USDT,pullback_rsi,2020-09-02 20:00,57.98,2020-09-03 15:59,53.42,stop,5.494,0.6123794800,-25.6650194800,-0.080570,20.00,tb-pullback_rsi-LTCUSDT-1599062400-B,tb-pullback_rsi-LTCUSDT-1599134400-X
BTC/USDT,pullback_rsi,2020-09-02 20:00,11394.91,2020-09-03 15:59,10941.10,stop,0.05552,1.2407789678,-26.4363101678,-0.041787,20.00,tb-pullback_rsi-BTCUSDT-1599062400-B,tb-pullback_rsi-BTCUSDT-1599134400-X
BNB/USDT,pullback_rsi,2020-10-05 16:00,28.52,2020-10-06 04:00,28.65,signal,15.232,0.8712697600,1.1088902400,0.002553,12.00,tb-pullback_rsi-BNBUSDT-1601899200-B,tb-pullback_rsi-BNBUSDT-1601942400-S
BNB/USDT,pullback_rsi,2020-10-07 00:00,27.71,2020-10-07 20:00,27.66,signal,15.060,0.8343155600,-1.5873155600,-0.003804,20.00,tb-pullback_rsi-BNBUSDT-1602014400-B,tb-pullback_rsi-BNBUSDT-1602086400-S
BNB/USDT,pullback_rsi,2020-10-08 12:00,26.86,2020-10-08 16:00,27.42,signal,16.226,0.8812039000,8.2053561000,0.018827,4.00,tb-pullback_rsi-BNBUSDT-1602144000-B,tb-pullback_rsi-BNBUSDT-1602158400-S
ETH/USDT,pullback_rsi,2020-10-12 16:00,385.77,2020-10-12 20:00,387.86,signal,1.4658,1.1345655110,1.9289564890,0.003411,4.00,tb-pullback_rsi-ETHUSDT-1602504000-B,tb-pullback_rsi-ETHUSDT-1602518400-S
XRP/USDT,pullback_rsi,2020-10-12 16:00,0.2566,2020-10-13 08:00,0.2571,signal,2476.7,1.272922290000,-0.034572290000,-0.000054,16.00,tb-pullback_rsi-XRPUSDT-1602504000-B,tb-pullback_rsi-XRPUSDT-1602561600-S
LINK/USDT,pullback_rsi,2020-10-14 00:00,11.008,2020-10-14 04:00,11.217,signal,24.83,0.55217699000,4.63729301000,0.016966,4.00,tb-pullback_rs-LINKUSDT-1602619200-B,tb-pullback_rs-LINKUSDT-1602633600-S
XRP/USDT,pullback_rsi,2020-10-15 00:00,0.2492,2020-10-16 07:59,0.2386,stop,2383.6,1.163318160000,-26.429478160000,-0.044495,32.00,tb-pullback_rsi-XRPUSDT-1602705600-B,tb-pullback_rsi-XRPUSDT-1602820800-X
ADA/USDT,pullback_rsi,2020-10-15 00:00,0.1071,2020-10-17 00:00,0.1040,signal,3192.3,0.674237250000,-10.570367250000,-0.030917,48.00,tb-pullback_rsi-ADAUSDT-1602705600-B,tb-pullback_rsi-ADAUSDT-1602878400-S
ETH/USDT,pullback_rsi,2020-10-16 12:00,370.13,2020-10-17 04:00,368.09,signal,1.4180,1.0473511550,-3.9400711550,-0.007507,16.00,tb-pullback_rsi-ETHUSDT-1602835200-B,tb-pullback_rsi-ETHUSDT-1602892800-S
BNB/USDT,pullback_rsi,2020-10-19 08:00,30.01,2020-10-19 16:00,30.33,signal,19.740,1.1917118000,5.1250882000,0.008651,8.00,tb-pullback_rsi-BNBUSDT-1603080000-B,tb-pullback_rsi-BNBUSDT-1603108800-S
ADA/USDT,pullback_rsi,2020-10-20 16:00,0.1028,2020-10-21 04:00,0.1044,signal,4364.3,0.904735280000,6.078144720000,0.013548,12.00,tb-pullback_rsi-ADAUSDT-1603195200-B,tb-pullback_rsi-ADAUSDT-1603238400-S
ETH/USDT,pullback_rsi,2020-10-20 16:00,371.22,2020-10-21 04:00,377.76,signal,1.7981,1.3474091380,10.4121648620,0.015599,12.00,tb-pullback_rsi-ETHUSDT-1603195200-B,tb-pullback_rsi-ETHUSDT-1603238400-S
XRP/USDT,pullback_rsi,2020-10-24 00:00,0.2549,2020-10-24 12:00,0.2553,signal,2340.3,1.194632820000,-0.258512820000,-0.000433,12.00,tb-pullback_rsi-XRPUSDT-1603483200-B,tb-pullback_rsi-XRPUSDT-1603526400-S
LTC/USDT,pullback_rsi,2020-10-25 16:00,59.31,2020-10-25 20:00,59.21,signal,6.136,0.7276538900,-1.3412538900,-0.003686,4.00,tb-pullback_rsi-LTCUSDT-1603627200-B,tb-pullback_rsi-LTCUSDT-1603641600-S
ADA/USDT,pullback_rsi,2020-10-25 16:00,0.1072,2020-10-26 15:59,0.1019,stop,4755.9,0.994973250000,-26.201243250000,-0.051392,24.00,tb-pullback_rsi-ADAUSDT-1603627200-B,tb-pullback_rsi-ADAUSDT-1603713600-X
LTC/USDT,pullback_rsi,2020-10-26 12:00,57.97,2020-10-27 08:00,57.93,signal,6.470,0.7502787900,-1.0090787900,-0.002690,20.00,tb-pullback_rsi-LTCUSDT-1603699200-B,tb-pullback_rsi-LTCUSDT-1603771200-S
LINK/USDT,pullback_rsi,2020-10-26 20:00,11.726,2020-10-27 12:00,12.070,signal,23.90,0.56907618000,7.65252382000,0.027306,16.00,tb-pullback_rs-LINKUSDT-1603728000-B,tb-pullback_rs-LINKUSDT-1603785600-S
ETH/USDT,pullback_rsi,2020-10-28 16:00,387.74,2020-10-29 04:00,391.78,signal,1.2010,0.9367075820,3.9153324180,0.008408,12.00,tb-pullback_rsi-ETHUSDT-1603886400-B,tb-pullback_rsi-ETHUSDT-1603929600-S
LINK/USDT,pullback_rsi,2020-10-28 16:00,11.513,2020-10-29 04:00,11.737,signal,24.57,0.57159789000,4.93208211000,0.017436,12.00,tb-pullback_rs-LINKUSDT-1603886400-B,tb-pullback_rs-LINKUSDT-1603929600-S
BNB/USDT,pullback_rsi,2020-10-29 16:00,30.17,2020-10-30 07:59,28.66,stop,16.579,0.9758554600,-26.0101454600,-0.052001,16.00,tb-pullback_rsi-BNBUSDT-1603972800-B,tb-pullback_rsi-BNBUSDT-1604030400-X
LTC/USDT,pullback_rsi,2020-10-29 16:00,55.51,2020-10-31 04:00,54.32,signal,5.757,0.6326243700,-7.4834543700,-0.023417,36.00,tb-pullback_rsi-LTCUSDT-1603972800-B,tb-pullback_rsi-LTCUSDT-1604102400-S
LINK/USDT,pullback_rsi,2020-10-30 16:00,11.101,2020-10-31 12:00,11.242,signal,25.20,0.56337663000,2.98982337000,0.010688,20.00,tb-pullback_rs-LINKUSDT-1604059200-B,tb-pullback_rs-LINKUSDT-1604131200-S
BTC/USDT,pullback_rsi,2020-11-02 16:00,13505.35,2020-11-03 12:00,13525.38,signal,0.04144,1.1208287215,-0.2907855215,-0.000520,20.00,tb-pullback_rsi-BTCUSDT-1604318400-B,tb-pullback_rsi-BTCUSDT-1604390400-S
LTC/USDT,pullback_rsi,2020-11-03 08:00,52.67,2020-11-03 20:00,53.33,signal,7.118,0.7549293600,3.9429506400,0.010517,12.00,tb-pullback_rsi-LTCUSDT-1604376000-B,tb-pullback_rsi-LTCUSDT-1604419200-S
ADA/USDT,pullback_rsi,2020-11-08 00:00,0.1014,2020-11-08 12:00,0.1064,signal,2451.3,0.509633640000,11.746866360000,0.047259,12.00,tb-pullback_rsi-ADAUSDT-1604779200-B,tb-pullback_rsi-ADAUSDT-1604822400-S
BTC/USDT,pullback_rsi,2020-11-08 00:00,14825.71,2020-11-08 12:00,15163.52,signal,0.02487,0.7462769190,7.6550577810,0.020761,12.00,tb-pullback_rsi-BTCUSDT-1604779200-B,tb-pullback_rsi-BTCUSDT-1604822400-S
XRP/USDT,pullback_rsi,2020-11-09 12:00,0.2557,2020-11-10 08:00,0.2604,signal,1782.2,0.920253680000,7.456086320000,0.016362,20.00,tb-pullback_rsi-XRPUSDT-1604908800-B,tb-pullback_rsi-XRPUSDT-1604980800-S
LTC/USDT,pullback_rsi,2020-11-09 12:00,61.80,2020-11-11 04:00,59.66,signal,4.848,0.5891470800,-10.9638670800,-0.036594,40.00,tb-pullback_rsi-LTCUSDT-1604908800-B,tb-pullback_rsi-LTCUSDT-1605052800-S
LTC/USDT,pullback_rsi,2020-11-12 08:00,59.41,2020-11-13 00:00,60.68,signal,6.253,0.7513386400,7.1899713600,0.019354,16.00,tb-pullback_rsi-LTCUSDT-1605153600-B,tb-pullback_rsi-LTCUSDT-1605211200-S
ADA/USDT,pullback_rsi,2020-11-13 00:00,0.1047,2020-11-13 04:00,0.1056,signal,3971.0,0.835520100000,2.738379900000,0.006586,4.00,tb-pullback_rsi-ADAUSDT-1605211200-B,tb-pullback_rsi-ADAUSDT-1605225600-S
LINK/USDT,pullback_rsi,2020-11-13 04:00,12.738,2020-11-13 12:00,12.801,signal,21.48,0.54895986000,0.80428014000,0.002939,8.00,tb-pullback_rs-LINKUSDT-1605225600-B,tb-pullback_rs-LINKUSDT-1605254400-S
ADA/USDT,pullback_rsi,2020-11-14 16:00,0.1030,2020-11-15 00:00,0.1040,signal,4441.4,0.919833300000,3.521566700000,0.007698,8.00,tb-pullback_rsi-ADAUSDT-1605355200-B,tb-pullback_rsi-ADAUSDT-1605384000-S
ETH/USDT,pullback_rsi,2020-11-16 00:00,448.30,2020-11-16 08:00,454.34,signal,1.0725,0.9685745300,5.5093254700,0.011459,8.00,tb-pullback_rsi-ETHUSDT-1605470400-B,tb-pullback_rsi-ETHUSDT-1605499200-S
LINK/USDT,pullback_rsi,2020-11-14 16:00,12.550,2020-11-16 08:00,12.296,signal,26.00,0.64637250000,-7.25037250000,-0.022220,40.00,tb-pullback_rs-LINKUSDT-1605355200-B,tb-pullback_rs-LINKUSDT-1605499200-S
LTC/USDT,pullback_rsi,2020-11-18 20:00,72.95,2020-11-19 04:00,74.09,signal,3.166,0.4658204400,3.1434195600,0.013610,8.00,tb-pullback_rsi-LTCUSDT-1605715200-B,tb-pullback_rsi-LTCUSDT-1605744000-S
XRP/USDT,pullback_rsi,2020-11-18 12:00,0.2952,2020-11-19 16:00,0.2981,signal,1148.8,0.681937280000,2.649582720000,0.007813,28.00,tb-pullback_rsi-XRPUSDT-1605686400-B,tb-pullback_rsi-XRPUSDT-1605787200-S
BTC/USDT,pullback_rsi,2020-11-22 16:00,18304.56,2020-11-22 20:00,18564.30,signal,0.02339,0.8629117752,5.2124068248,0.012174,4.00,tb-pullback_rsi-BTCUSDT-1606046400-B,tb-pullback_rsi-BTCUSDT-1606060800-S
LTC/USDT,pullback_rsi,2020-11-22 16:00,82.66,2020-11-22 20:00,84.55,signal,2.641,0.4418495900,4.5496404100,0.020841,4.00,tb-pullback_rsi-LTCUSDT-1606046400-B,tb-pullback_rsi-LTCUSDT-1606060800-S
LTC/USDT,pullback_rsi,2020-11-25 08:00,88.17,2020-11-25 12:00,90.00,signal,2.352,0.4193203500,3.8848396500,0.018733,4.00,tb-pullback_rsi-LTCUSDT-1606276800-B,tb-pullback_rsi-LTCUSDT-1606291200-S
ETH/USDT,pullback_rsi,2020-11-25 08:00,593.12,2020-11-26 03:59,543.01,stop,0.4969,0.5648395580,-25.4644985580,-0.086402,20.00,tb-pullback_rsi-ETHUSDT-1606276800-B,tb-pullback_rsi-ETHUSDT-1606348800-X
ADA/USDT,pullback_rsi,2020-11-26 12:00,0.1367,2020-11-27 00:00,0.1382,signal,690.9,0.190024100000,0.846325900000,0.008961,12.00,tb-pullback_rsi-ADAUSDT-1606377600-B,tb-pullback_rsi-ADAUSDT-1606420800-S
XRP/USDT,pullback_rsi,2020-11-26 12:00,0.5299,2020-11-27 04:00,0.5428,signal,134.0,0.143847780000,1.584752220000,0.022318,16.00,tb-pullback_rsi-XRPUSDT-1606377600-B,tb-pullback_rsi-XRPUSDT-1606435200-S
ETH/USDT,pullback_rsi,2020-11-27 20:00,506.96,2020-11-28 00:00,518.33,signal,0.4372,0.4485102720,4.5224537280,0.020404,4.00,tb-pullback_rsi-ETHUSDT-1606492800-B,tb-pullback_rsi-ETHUSDT-1606507200-S
LTC/USDT,pullback_rsi,2020-11-27 20:00,68.26,2020-11-28 00:00,69.14,signal,2.075,0.2853097800,1.5406902200,0.010878,4.00,tb-pullback_rsi-LTCUSDT-1606492800-B,tb-pullback_rsi-LTCUSDT-1606507200-S
XRP/USDT,pullback_rsi,2020-11-30 00:00,0.6058,2020-11-30 04:00,0.6290,signal,225.9,0.279123060000,4.961756940000,0.036257,4.00,tb-pullback_rsi-XRPUSDT-1606680000-B,tb-pullback_rsi-XRPUSDT-1606694400-S
BTC/USDT,pullback_rsi,2020-12-02 08:00,19134.06,2020-12-02 12:00,19117.74,signal,0.01690,0.6468381052,-0.9226461052,-0.002853,4.00,tb-pullback_rsi-BTCUSDT-1606881600-B,tb-pullback_rsi-BTCUSDT-1606896000-S
ADA/USDT,pullback_rsi,2020-12-02 08:00,0.1589,2020-12-03 00:00,0.1583,signal,1061.4,0.336850870000,-0.973690870000,-0.005773,16.00,tb-pullback_rsi-ADAUSDT-1606881600-B,tb-pullback_rsi-ADAUSDT-1606939200-S
XRP/USDT,pullback_rsi,2020-12-04 08:00,0.6169,2020-12-04 23:59,0.5511,stop,378.0,0.441750760000,-25.314150760000,-0.108557,16.00,tb-pullback_rsi-XRPUSDT-1607054400-B,tb-pullback_rsi-XRPUSDT-1607112000-X
LINK/USDT,pullback_rsi,2020-12-04 08:00,13.653,2020-12-04 23:59,12.563,stop,22.84,0.59918303000,-25.49478303000,-0.081757,16.00,tb-pullback_rs-LINKUSDT-1607054400-B,tb-pullback_rs-LINKUSDT-1607112000-X
LTC/USDT,pullback_rsi,2020-12-05 04:00,80.56,2020-12-05 12:00,82.79,signal,2.618,0.4278919800,5.4102480200,0.025652,8.00,tb-pullback_rsi-LTCUSDT-1607126400-B,tb-pullback_rsi-LTCUSDT-1607155200-S
XRP/USDT,pullback_rsi,2020-12-05 04:00,0.5719,2020-12-05 12:00,0.5869,signal,357.6,0.414615640000,4.949384360000,0.024201,8.00,tb-pullback_rsi-XRPUSDT-1607126400-B,tb-pullback_rsi-XRPUSDT-1607155200-S
LINK/USDT,pullback_rsi,2020-12-06 16:00,13.139,2020-12-06 20:00,13.370,signal,26.97,0.71534190000,5.51472810000,0.015563,4.00,tb-pullback_rs-LINKUSDT-1607256000-B,tb-pullback_rs-LINKUSDT-1607270400-S
LTC/USDT,pullback_rsi,2020-12-06 20:00,82.39,2020-12-07 00:00,83.49,signal,3.495,0.5800801600,3.2644198400,0.011337,4.00,tb-pullback_rsi-LTCUSDT-1607270400-B,tb-pullback_rsi-LTCUSDT-1607284800-S
BNB/USDT,pullback_rsi,2020-12-07 00:00,29.51,2020-12-08 11:59,28.14,stop,18.265,1.0535379400,-26.0765879400,-0.048380,36.00,tb-pullback_rsi-BNBUSDT-1607284800-B,tb-pullback_rsi-BNBUSDT-1607414400-X
BTC/USDT,pullback_rsi,2020-12-08 16:00,18819.32,2020-12-09 03:59,18058.80,stop,0.03271,1.2070360800,-26.0836452800,-0.042372,12.00,tb-pullback_rsi-BTCUSDT-1607428800-B,tb-pullback_rsi-BTCUSDT-1607472000-X
ADA/USDT,pullback_rsi,2020-12-08 16:00,0.1472,2020-12-09 07:59,0.1356,stop,2132.8,0.603479680000,-25.343959680000,-0.080727,16.00,tb-pullback_rsi-ADAUSDT-1607428800-B,tb-pullback_rsi-ADAUSDT-1607486400-X
ETH/USDT,pullback_rsi,2020-12-09 12:00,562.18,2020-12-09 16:00,567.43,signal,0.6681,0.7550859640,2.7524390360,0.007328,4.00,tb-pullback_rsi-ETHUSDT-1607500800-B,tb-pullback_rsi-ETHUSDT-1607515200-S
LTC/USDT,pullback_rsi,2020-12-09 12:00,76.58,2020-12-10 00:00,77.37,signal,3.531,0.5439037700,2.2455862300,0.008305,12.00,tb-pullback_rsi-LTCUSDT-1607500800-B,tb-pullback_rsi-LTCUSDT-1607544000-S
ETH/USDT,pullback_rsi,2020-12-10 16:00,557.92,2020-12-10 20:00,565.18,signal,0.6890,0.7742064440,4.2279335560,0.010999,4.00,tb-pullback_rsi-ETHUSDT-1607601600-B,tb-pullback_rsi-ETHUSDT-1607616000-S
XRP/USDT,pullback_rsi,2020-12-11 16:00,0.5605,2020-12-11 20:00,0.5690,signal,404.0,0.456598250000,2.977401750000,0.013149,4.00,tb-pullback_rsi-XRPUSDT-1607688000-B,tb-pullback_rsi-XRPUSDT-1607702400-S
ADA/USDT,pullback_rsi,2020-12-11 16:00,0.1417,2020-12-12 04:00,0.1448,signal,1878.7,0.538516780000,5.285453220000,0.019854,12.00,tb-pullback_rsi-ADAUSDT-1607688000-B,tb-pullback_rsi-ADAUSDT-1607731200-S
XRP/USDT,pullback_rsi,2020-12-13 08:00,0.5060,2020-12-13 12:00,0.5110,signal,355.3,0.361542500000,1.414957500000,0.007870,4.00,tb-pullback_rsi-XRPUSDT-1607832000-B,tb-pullback_rsi-XRPUSDT-1607846400-S
ETH/USDT,pullback_rsi,2020-12-14 16:00,584.12,2020-12-15 00:00,585.99,signal,0.8488,0.9937150740,0.5935409260,0.001197,8.00,tb-pullback_rsi-ETHUSDT-1607947200-B,tb-pullback_rsi-ETHUSDT-1607976000-S
XRP/USDT,pullback_rsi,2020-12-14 16:00,0.4989,2020-12-15 04:00,0.5007,signal,447.5,0.447570450000,0.357929550000,0.001603,12.00,tb-pullback_rsi-XRPUSDT-1607947200-B,tb-pullback_rsi-XRPUSDT-1607990400-S
LTC/USDT,pullback_rsi,2020-12-16 08:00,80.32,2020-12-16 12:00,82.28,signal,4.138,0.6732404000,7.4372396000,0.022377,4.00,tb-pullback_rsi-LTCUSDT-1608091200-B,tb-pullback_rsi-LTCUSDT-1608105600-S
BNB/USDT,pullback_rsi,2020-12-16 08:00,29.32,2020-12-16 16:00,30.14,signal,23.317,1.3871325000,17.7328075000,0.025938,8.00,tb-pullback_rsi-BNBUSDT-1608091200-B,tb-pullback_rsi-BNBUSDT-1608120000-S
ADA/USDT,pullback_rsi,2020-12-18 20:00,0.1626,2020-12-19 04:00,0.1654,signal,1683.9,0.552595620000,4.162324380000,0.015202,8.00,tb-pullback_rsi-ADAUSDT-1608307200-B,tb-pullback_rsi-ADAUSDT-1608336000-S
LINK/USDT,pullback_rsi,2020-12-20 08:00,13.485,2020-12-20 16:00,13.592,signal,24.64,0.66758183000,1.96889817000,0.005926,8.00,tb-pullback_rs-LINKUSDT-1608436800-B,tb-pullback_rs-LINKUSDT-1608465600-S
ADA/USDT,pullback_rsi,2020-12-20 08:00,0.1665,2020-12-21 11:59,0.1542,stop,2023.4,0.649254030000,-25.537074030000,-0.075801,28.00,tb-pullback_rsi-ADAUSDT-1608436800-B,tb-pullback_rsi-ADAUSDT-1608537600-X
XRP/USDT,pullback_rsi,2020-12-21 04:00,0.5623,2020-12-22 03:59,0.4971,stop,378.2,0.400890000000,-25.059530000000,-0.117837,24.00,tb-pullback_rsi-XRPUSDT-1608508800-B,tb-pullback_rsi-XRPUSDT-1608595200-X
ADA/USDT,pullback_rsi,2020-12-21 16:00,0.1519,2020-12-22 04:00,0.1567,signal,1676.8,0.517718710000,7.530921290000,0.029567,12.00,tb-pullback_rsi-ADAUSDT-1608552000-B,tb-pullback_rsi-ADAUSDT-1608595200-S
BNB/USDT,pullback_rsi,2020-12-22 04:00,32.44,2020-12-22 16:00,33.31,signal,8.457,0.5563397100,6.8012502900,0.024791,12.00,tb-pullback_rsi-BNBUSDT-1608595200-B,tb-pullback_rsi-BNBUSDT-1608638400-S
LTC/USDT,pullback_rsi,2020-12-22 12:00,106.13,2020-12-22 16:00,111.35,signal,1.591,0.3462229400,7.9587970600,0.047135,4.00,tb-pullback_rsi-LTCUSDT-1608624000-B,tb-pullback_rsi-LTCUSDT-1608638400-S
ETH/USDT,pullback_rsi,2020-12-23 16:00,606.05,2020-12-23 23:59,557.97,stop,0.5129,0.5973894850,-25.2576214850,-0.081255,8.00,tb-pullback_rsi-ETHUSDT-1608724800-B,tb-pullback_rsi-ETHUSDT-1608753600-X
ETH/USDT,pullback_rsi,2020-12-24 08:00,580.79,2020-12-24 16:00,592.33,signal,0.4577,0.5372274180,4.7446305820,0.017849,8.00,tb-pullback_rsi-ETHUSDT-1608782400-B,tb-pullback_rsi-ETHUSDT-1608811200-S
LTC/USDT,pullback_rsi,2020-12-23 16:00,105.45,2020-12-24 16:00,107.81,signal,1.428,0.3047461800,3.0653338200,0.020356,24.00,tb-pullback_rsi-LTCUSDT-1608724800-B,tb-pullback_rsi-LTCUSDT-1608811200-S
ADA/USDT,pullback_rsi,2020-12-26 12:00,0.1536,2020-12-26 20:00,0.1568,signal,1390.1,0.431702080000,4.016617920000,0.018811,8.00,tb-pullback_rsi-ADAUSDT-1608969600-B,tb-pullback_rsi-ADAUSDT-1608998400-S
LINK/USDT,pullback_rsi,2020-12-27 16:00,12.899,2020-12-27 20:00,12.721,signal,14.05,0.36021898000,-2.86111898000,-0.015787,4.00,tb-pullback_rs-LINKUSDT-1609070400-B,tb-pullback_rs-LINKUSDT-1609084800-S
BTC/USDT,pullback_rsi,2020-12-28 04:00,27289.30,2020-12-29 00:00,27065.88,signal,0.01148,0.6245432500,-3.1894048500,-0.010181,20.00,tb-pullback_rsi-BTCUSDT-1609113600-B,tb-pullback_rsi-BTCUSDT-1609185600-S
LTC/USDT,pullback_rsi,2020-12-29 08:00,127.07,2020-12-30 00:00,128.73,signal,1.450,0.3711641400,2.0358358600,0.011049,16.00,tb-pullback_rsi-LTCUSDT-1609214400-B,tb-pullback_rsi-LTCUSDT-1609272000-S
ETH/USDT,pullback_rsi,2021-01-02 00:00,729.28,2021-01-02 08:00,734.75,signal,0.4884,0.7153968920,1.9561511080,0.005492,8.00,tb-pullback_rsi-ETHUSDT-1609531200-B,tb-pullback_rsi-ETHUSDT-1609560000-S
LTC/USDT,pullback_rsi,2021-01-01 04:00,131.73,2021-01-02 16:00,131.06,signal,1.781,0.4682924500,-1.6615624500,-0.007082,36.00,tb-pullback_rsi-LTCUSDT-1609459200-B,tb-pullback_rsi-LTCUSDT-1609588800-S
ADA/USDT,pullback_rsi,2021-01-02 16:00,0.1791,2021-01-02 20:00,0.1831,signal,1402.8,0.508362810000,5.102837190000,0.020310,4.00,tb-pullback_rsi-ADAUSDT-1609588800-B,tb-pullback_rsi-ADAUSDT-1609603200-S
BNB/USDT,pullback_rsi,2021-01-04 16:00,39.88,2021-01-05 00:00,41.10,signal,6.696,0.5425212400,7.6265987600,0.028560,8.00,tb-pullback_rsi-BNBUSDT-1609761600-B,tb-pullback_rsi-BNBUSDT-1609790400-S
BTC/USDT,pullback_rsi,2021-01-04 16:00,31761.59,2021-01-05 12:00,31760.77,signal,0.00658,0.4182947481,-0.4236903481,-0.002027,20.00,tb-pullback_rsi-BTCUSDT-1609761600-B,tb-pullback_rsi-BTCUSDT-1609833600-S
LTC/USDT,pullback_rsi,2021-01-08 08:00,163.99,2021-01-08 12:00,171.75,signal,1.017,0.3417755600,7.5501444400,0.045271,4.00,tb-pullback_rsi-LTCUSDT-1610078400-B,tb-pullback_rsi-LTCUSDT-1610092800-S
ADA/USDT,pullback_rsi,2021-01-08 08:00,0.3147,2021-01-09 04:00,0.3075,signal,352.7,0.219575820000,-2.759015820000,-0.024857,20.00,tb-pullback_rsi-ADAUSDT-1610078400-B,tb-pullback_rsi-ADAUSDT-1610150400-S
ETH/USDT,pullback_rsi,2021-01-11 20:00,984.65,2021-01-12 00:00,1086.45,signal,0.1024,0.2122775700,10.2120424300,0.101282,4.00,tb-pullback_rsi-ETHUSDT-1610380800-B,tb-pullback_rsi-ETHUSDT-1610395200-S
LINK/USDT,pullback_rsi,2021-01-11 20:00,13.561,2021-01-12 00:00,14.623,signal,7.95,0.22419841000,8.21870159000,0.076233,4.00,tb-pullback_rs-LINKUSDT-1610380800-B,tb-pullback_rs-LINKUSDT-1610395200-S
LINK/USDT,pullback_rsi,2021-01-13 08:00,14.453,2021-01-13 12:00,14.592,signal,8.95,0.26009728000,0.98395272000,0.007607,4.00,tb-pullback_rs-LINKUSDT-1610510400-B,tb-pullback_rs-LINKUSDT-1610524800-S
BNB/USDT,pullback_rsi,2021-01-15 20:00,40.17,2021-01-16 04:00,41.63,signal,6.561,0.5369709900,9.0420890100,0.034308,8.00,tb-pullback_rsi-BNBUSDT-1610726400-B,tb-pullback_rsi-BNBUSDT-1610755200-S
LTC/USDT,pullback_rsi,2021-01-15 20:00,138.90,2021-01-16 12:00,149.12,signal,1.082,0.3119154400,10.7461245600,0.071503,16.00,tb-pullback_rsi-LTCUSDT-1610726400-B,tb-pullback_rsi-LTCUSDT-1610784000-S
LINK/USDT,pullback_rsi,2021-01-17 04:00,20.914,2021-01-17 16:00,21.044,signal,6.36,0.26706202000,0.55973798000,0.004208,12.00,tb-pullback_rs-LINKUSDT-1610841600-B,tb-pullback_rs-LINKUSDT-1610884800-S
LTC/USDT,pullback_rsi,2021-01-17 12:00,142.26,2021-01-18 16:00,151.22,signal,1.257,0.3691888800,10.8935311200,0.060919,28.00,tb-pullback_rsi-LTCUSDT-1610870400-B,tb-pullback_rsi-LTCUSDT-1610971200-S
BNB/USDT,pullback_rsi,2021-01-20 08:00,42.29,2021-01-20 20:00,42.20,signal,5.832,0.4929994200,-1.0178794200,-0.004127,12.00,tb-pullback_rsi-BNBUSDT-1611115200-B,tb-pullback_rsi-BNBUSDT-1611158400-S
BTC/USDT,pullback_rsi,2021-01-20 08:00,35690.70,2021-01-21 00:00,35450.49,signal,0.00749,0.5332044200,-2.3323773200,-0.008725,16.00,tb-pullback_rsi-BTCUSDT-1611115200-B,tb-pullback_rsi-BTCUSDT-1611172800-S
ETH/USDT,pullback_rsi,2021-01-21 20:00,1231.64,2021-01-22 03:59,1045.81,stop,0.1328,0.3026916900,-24.9809156900,-0.152731,8.00,tb-pullback_rsi-ETHUSDT-1611244800-B,tb-pullback_rsi-ETHUSDT-1611273600-X
BTC/USDT,pullback_rsi,2021-01-21 20:00,32484.90,2021-01-22 12:00,31696.23,signal,0.00665,0.4271293640,-5.6717848640,-0.026255,16.00,tb-pullback_rsi-BTCUSDT-1611244800-B,tb-pullback_rsi-BTCUSDT-1611302400-S
ADA/USDT,pullback_rsi,2021-01-22 04:00,0.3239,2021-01-22 16:00,0.3507,signal,434.9,0.293545490000,11.361774510000,0.080658,12.00,tb-pullback_rsi-ADAUSDT-1611273600-B,tb-pullback_rsi-ADAUSDT-1611316800-S
BTC/USDT,pullback_rsi,2021-01-25 00:00,32275.58,2021-01-25 04:00,33551.38,signal,0.00811,0.5341793996,9.8125586004,0.037488,4.00,tb-pullback_rsi-BTCUSDT-1611518400-B,tb-pullback_rsi-BTCUSDT-1611532800-S
LTC/USDT,pullback_rsi,2021-01-25 00:00,141.09,2021-01-25 04:00,146.90,signal,1.817,0.5235600100,10.0332099900,0.039137,4.00,tb-pullback_rsi-LTCUSDT-1611518400-B,tb-pullback_rsi-LTCUSDT-1611532800-S
ADA/USDT,pullback_rsi,2021-01-26 08:00,0.3418,2021-01-27 00:00,0.3432,signal,682.2,0.467546260000,0.487533740000,0.002091,16.00,tb-pullback_rsi-ADAUSDT-1611633600-B,tb-pullback_rsi-ADAUSDT-1611691200-S
LINK/USDT,pullback_rsi,2021-01-26 08:00,22.896,2021-01-27 00:00,23.079,signal,8.24,0.37906296000,1.12885704000,0.005983,16.00,tb-pullback_rs-LINKUSDT-1611633600-B,tb-pullback_rs-LINKUSDT-1611691200-S
ETH/USDT,pullback_rsi,2021-01-27 16:00,1282.05,2021-01-28 04:00,1286.66,signal,0.1521,0.3909572050,0.3102237950,0.001591,12.00,tb-pullback_rsi-ETHUSDT-1611748800-B,tb-pullback_rsi-ETHUSDT-1611792000-S
LINK/USDT,pullback_rsi,2021-01-27 16:00,21.560,2021-01-28 04:00,22.698,signal,8.77,0.38835826000,9.59190174000,0.050729,12.00,tb-pullback_rs-LINKUSDT-1611748800-B,tb-pullback_rs-LINKUSDT-1611792000-S
LINK/USDT,pullback_rsi,2021-01-30 08:00,22.661,2021-01-30 16:00,23.122,signal,9.39,0.43012898000,3.89866102000,0.018322,8.00,tb-pullback_rs-LINKUSDT-1611979200-B,tb-pullback_rs-LINKUSDT-1612008000-S
BTC/USDT,pullback_rsi,2021-02-01 00:00,33109.52,2021-02-01 04:00,33556.46,signal,0.00747,0.4983259696,2.8403158304,0.011484,4.00,tb-pullback_rsi-BTCUSDT-1612123200-B,tb-pullback_rsi-BTCUSDT-1612137600-S
LINK/USDT,pullback_rsi,2021-01-31 20:00,22.478,2021-02-01 20:00,22.415,signal,10.50,0.47182606000,-1.13332606000,-0.004802,24.00,tb-pullback_rs-LINKUSDT-1612108800-B,tb-pullback_rs-LINKUSDT-1612195200-S
XRP/USDT,pullback_rsi,2021-02-02 04:00,0.3726,2021-02-03 08:00,0.3827,signal,132.9,0.100453890000,1.241836110000,0.025078,28.00,tb-pullback_rsi-XRPUSDT-1612224000-B,tb-pullback_rsi-XRPUSDT-1612324800-S
LINK/USDT,pullback_rsi,2021-02-04 20:00,24.395,2021-02-05 00:00,24.471,signal,9.83,0.48059673000,0.26648327000,0.001111,4.00,tb-pullback_rs-LINKUSDT-1612454400-B,tb-pullback_rs-LINKUSDT-1612468800-S
LTC/USDT,pullback_rsi,2021-02-04 20:00,147.54,2021-02-05 08:00,151.97,signal,1.594,0.4777140200,6.5837059800,0.027994,12.00,tb-pullback_rsi-LTCUSDT-1612454400-B,tb-pullback_rsi-LTCUSDT-1612497600-S
BTC/USDT,pullback_rsi,2021-02-10 20:00,45212.65,2021-02-11 12:00,46038.44,signal,0.00592,0.5406585745,4.3480182255,0.016245,16.00,tb-pullback_rsi-BTCUSDT-1612972800-B,tb-pullback_rsi-BTCUSDT-1613030400-S
ETH/USDT,pullback_rsi,2021-02-10 20:00,1743.60,2021-02-11 12:00,1762.47,signal,0.1465,0.5139879800,2.2504670200,0.008810,16.00,tb-pullback_rsi-ETHUSDT-1612972800-B,tb-pullback_rsi-ETHUSDT-1613030400-S
BNB/USDT,pullback_rsi,2021-02-13 16:00,130.79,2021-02-13 20:00,132.94,signal,1.225,0.3233308300,2.3104191700,0.014420,4.00,tb-pullback_rsi-BNBUSDT-1613217600-B,tb-pullback_rsi-BNBUSDT-1613232000-S
ADA/USDT,pullback_rsi,2021-02-13 16:00,0.8972,2021-02-14 00:00,0.9125,signal,187.8,0.340041100000,2.533298900000,0.015035,8.00,tb-pullback_rsi-ADAUSDT-1613217600-B,tb-pullback_rsi-ADAUSDT-1613246400-S
ADA/USDT,pullback_rsi,2021-02-14 20:00,0.8456,2021-02-15 03:59,0.7224,stop,201.3,0.315892080000,-25.116052080000,-0.147551,8.00,tb-pullback_rsi-ADAUSDT-1613318400-B,tb-pullback_rsi-ADAUSDT-1613347200-X
ETH/USDT,pullback_rsi,2021-02-15 08:00,1750.56,2021-02-15 12:00,1786.86,signal,0.1753,0.6204598400,5.7429301600,0.018714,4.00,tb-pullback_rsi-ETHUSDT-1613361600-B,tb-pullback_rsi-ETHUSDT-1613376000-S
XRP/USDT,pullback_rsi,2021-02-15 08:00,0.5630,2021-02-15 20:00,0.5782,signal,250.3,0.285811260000,3.518748740000,0.024970,12.00,tb-pullback_rsi-XRPUSDT-1613361600-B,tb-pullback_rsi-XRPUSDT-1613404800-S
BNB/USDT,pullback_rsi,2021-02-17 00:00,130.25,2021-02-17 08:00,130.82,signal,1.624,0.4242381800,0.5014418200,0.002371,8.00,tb-pullback_rsi-BNBUSDT-1613505600-B,tb-pullback_rsi-BNBUSDT-1613534400-S
LINK/USDT,pullback_rsi,2021-02-17 00:00,31.979,2021-02-17 12:00,31.911,signal,5.68,0.36321499000,-0.74945499000,-0.004126,12.00,tb-pullback_rs-LINKUSDT-1613505600-B,tb-pullback_rs-LINKUSDT-1613548800-S
BNB/USDT,pullback_rsi,2021-02-21 04:00,268.69,2021-02-21 12:00,284.33,signal,0.348,0.1927196500,5.2500003500,0.056147,8.00,tb-pullback_rsi-BNBUSDT-1613865600-B,tb-pullback_rsi-BNBUSDT-1613894400-S
XRP/USDT,pullback_rsi,2021-02-21 04:00,0.5255,2021-02-21 12:00,0.5488,signal,341.8,0.367405940000,7.596534060000,0.042293,8.00,tb-pullback_rsi-XRPUSDT-1613865600-B,tb-pullback_rsi-XRPUSDT-1613894400-S
ETH/USDT,pullback_rsi,2021-02-22 08:00,1887.56,2021-02-22 15:59,1739.60,stop,0.1679,0.6093776760,-25.4518616760,-0.080310,8.00,tb-pullback_rsi-ETHUSDT-1613966400-B,tb-pullback_rsi-ETHUSDT-1613995200-X
ADA/USDT,pullback_rsi,2021-02-22 08:00,1.0710,2021-02-22 15:59,0.9215,stop,165.8,0.330570700000,-25.117670700000,-0.141451,8.00,tb-pullback_rsi-ADAUSDT-1613966400-B,tb-pullback_rsi-ADAUSDT-1613995200-X
ETH/USDT,pullback_rsi,2021-02-22 20:00,1747.29,2021-02-23 11:59,1549.52,stop,0.1247,0.4114616610,-25.0733806610,-0.115075,16.00,tb-pullback_rsi-ETHUSDT-1614009600-B,tb-pullback_rsi-ETHUSDT-1614067200-X
LINK/USDT,pullback_rsi,2021-02-22 20:00,30.532,2021-02-23 11:59,25.590,stop,4.98,0.27979288000,-24.89095288000,-0.163703,16.00,tb-pullback_rs-LINKUSDT-1614009600-B,tb-pullback_rs-LINKUSDT-1614067200-X
BTC/USDT,pullback_rsi,2021-02-23 16:00,48626.33,2021-02-24 04:00,50844.33,signal,0.00390,0.3884218403,8.2617781597,0.043565,12.00,tb-pullback_rsi-BTCUSDT-1614081600-B,tb-pullback_rsi-BTCUSDT-1614124800-S
XRP/USDT,pullback_rsi,2021-02-23 16:00,0.4680,2021-02-24 04:00,0.4956,signal,186.5,0.179805000000,4.967595000000,0.056914,12.00,tb-pullback_rsi-XRPUSDT-1614081600-B,tb-pullback_rsi-XRPUSDT-1614124800-S
BTC/USDT,pullback_rsi,2021-02-26 04:00,47355.01,2021-02-26 16:00,47566.86,signal,0.00432,0.4105360333,0.5046559667,0.002467,12.00,tb-pullback_rsi-BTCUSDT-1614297600-B,tb-pullback_rsi-BTCUSDT-1614340800-S
BNB/USDT,pullback_rsi,2021-02-26 12:00,224.90,2021-02-27 08:00,231.67,signal,0.416,0.1901580200,2.6261619800,0.028070,20.00,tb-pullback_rsi-BNBUSDT-1614326400-B,tb-pullback_rsi-BNBUSDT-1614398400-S
ADA/USDT,pullback_rsi,2021-02-28 08:00,1.1974,2021-03-01 00:00,1.3121,signal,92.2,0.231495640000,10.343844360000,0.093694,16.00,tb-pullback_rsi-ADAUSDT-1614484800-B,tb-pullback_rsi-ADAUSDT-1614542400-S
BNB/USDT,pullback_rsi,2021-02-28 12:00,216.66,2021-03-01 04:00,224.53,signal,0.582,0.2569892400,4.3233507600,0.034286,16.00,tb-pullback_rsi-BNBUSDT-1614499200-B,tb-pullback_rsi-BNBUSDT-1614556800-S
BNB/USDT,pullback_rsi,2021-03-03 00:00,239.85,2021-03-03 08:00,248.98,signal,0.618,0.3023367900,5.3400032100,0.036026,8.00,tb-pullback_rsi-BNBUSDT-1614715200-B,tb-pullback_rsi-BNBUSDT-1614744000-S
LINK/USDT,pullback_rsi,2021-03-04 08:00,29.614,2021-03-05 03:59,26.158,stop,7.12,0.39739278000,-25.00411278000,-0.118586,20.00,tb-pullback_rs-LINKUSDT-1614830400-B,tb-pullback_rs-LINKUSDT-1614902400-X
ADA/USDT,pullback_rsi,2021-03-04 08:00,1.2038,2021-03-05 03:59,1.0564,stop,167.2,0.378146200000,-25.023426200000,-0.124324,20.00,tb-pullback_rsi-ADAUSDT-1614830400-B,tb-pullback_rsi-ADAUSDT-1614902400-X
ADA/USDT,pullback_rsi,2021-03-05 08:00,1.1406,2021-03-05 16:00,1.1664,signal,148.0,0.341664120000,3.476735880000,0.020596,8.00,tb-pullback_rsi-ADAUSDT-1614916800-B,tb-pullback_rsi-ADAUSDT-1614945600-S
BNB/USDT,pullback_rsi,2021-03-05 08:00,224.37,2021-03-05 20:00,227.66,signal,0.814,0.3681767900,2.3098832100,0.012647,12.00,tb-pullback_rsi-BNBUSDT-1614916800-B,tb-pullback_rsi-BNBUSDT-1614960000-S
SOL/USDT,pullback_rsi,2021-03-06 16:00,12.28,2021-03-06 20:00,12.88,signal,16.506,0.4154997200,9.4881002800,0.046810,4.00,tb-pullback_rsi-SOLUSDT-1615032000-B,tb-pullback_rsi-SOLUSDT-1615046400-S
BTC/USDT,pullback_rsi,2021-03-06 20:00,48365.18,2021-03-07 00:00,48857.75,signal,0.00658,0.6402105362,2.6009000638,0.008173,4.00,tb-pullback_rsi-BTCUSDT-1615046400-B,tb-pullback_rsi-BTCUSDT-1615060800-S
ADA/USDT,pullback_rsi,2021-03-07 00:00,1.1296,2021-03-07 08:00,1.1294,signal,180.7,0.408427220000,-0.444567220000,-0.002178,8.00,tb-pullback_rsi-ADAUSDT-1615060800-B,tb-pullback_rsi-ADAUSDT-1615089600-S
SOL/USDT,pullback_rsi,2021-03-11 12:00,14.10,2021-03-11 16:00,14.24,signal,20.158,0.5715738200,2.2505461800,0.007918,4.00,tb-pullback_rsi-SOLUSDT-1615449600-B,tb-pullback_rsi-SOLUSDT-1615464000-S
ADA/USDT,pullback_rsi,2021-03-11 12:00,1.1257,2021-03-12 15:59,1.0378,stop,280.2,0.606550410000,-25.236130410000,-0.080008,28.00,tb-pullback_rsi-ADAUSDT-1615449600-B,tb-pullback_rsi-ADAUSDT-1615550400-X
BNB/USDT,pullback_rsi,2021-03-13 00:00,263.33,2021-03-13 08:00,270.35,signal,0.710,0.3791761300,4.6050238700,0.024630,8.00,tb-pullback_rsi-BNBUSDT-1615579200-B,tb-pullback_rsi-BNBUSDT-1615608000-S
LINK/USDT,pullback_rsi,2021-03-13 00:00,28.367,2021-03-13 12:00,29.978,signal,9.77,0.57031432000,15.16915568000,0.054734,12.00,tb-pullback_rs-LINKUSDT-1615579200-B,tb-pullback_rs-LINKUSDT-1615622400-S
LTC/USDT,pullback_rsi,2021-03-14 12:00,219.92,2021-03-15 11:59,201.04,stop,1.302,0.5485297600,-25.1302897600,-0.087765,24.00,tb-pullback_rsi-LTCUSDT-1615708800-B,tb-pullback_rsi-LTCUSDT-1615795200-X
BNB/USDT,pullback_rsi,2021-03-14 12:00,270.62,2021-03-16 03:59,240.51,stop,0.815,0.4168415700,-24.9564915700,-0.113153,40.00,tb-pullback_rsi-BNBUSDT-1615708800-B,tb-pullback_rsi-BNBUSDT-1615852800-X
ADA/USDT,pullback_rsi,2021-03-15 16:00,1.0306,2021-03-16 08:00,1.0430,signal,235.1,0.487812540000,2.427427460000,0.010019,16.00,tb-pullback_rsi-ADAUSDT-1615809600-B,tb-pullback_rsi-ADAUSDT-1615867200-S
BTC/USDT,pullback_rsi,2021-03-16 08:00,55267.43,2021-03-16 16:00,55816.99,signal,0.00540,0.6004085463,2.3672154537,0.007932,8.00,tb-pullback_rsi-BTCUSDT-1615867200-B,tb-pullback_rsi-BTCUSDT-1615896000-S
SOL/USDT,pullback_rsi,2021-03-17 08:00,13.53,2021-03-17 20:00,14.15,signal,20.249,0.5607764500,11.9936035500,0.043777,12.00,tb-pullback_rsi-SOLUSDT-1615953600-B,tb-pullback_rsi-SOLUSDT-1615996800-S
ADA/USDT,pullback_rsi,2021-03-19 04:00,1.2364,2021-03-19 16:00,1.2795,signal,130.7,0.329075410000,5.304094590000,0.032823,12.00,tb-pullback_rsi-ADAUSDT-1616112000-B,tb-pullback_rsi-ADAUSDT-1616155200-S
XRP/USDT,pullback_rsi,2021-03-20 04:00,0.4739,2021-03-20 08:00,0.4820,signal,783.6,0.749422360000,5.597737640000,0.015074,4.00,tb-pullback_rsi-XRPUSDT-1616198400-B,tb-pullback_rsi-XRPUSDT-1616212800-S
LTC/USDT,pullback_rsi,2021-03-21 16:00,195.55,2021-03-22 12:00,196.21,signal,2.061,0.8080040100,0.5522559900,0.001370,20.00,tb-pullback_rsi-LTCUSDT-1616328000-B,tb-pullback_rsi-LTCUSDT-1616400000-S
ADA/USDT,pullback_rsi,2021-03-21 04:00,1.2242,2021-03-22 23:59,1.0845,stop,175.3,0.404959950000,-24.894369950000,-0.116002,44.00,tb-pullback_rsi-ADAUSDT-1616284800-B,tb-pullback_rsi-ADAUSDT-1616443200-X
SOL/USDT,pullback_rsi,2021-03-31 12:00,19.46,2021-03-31 16:00,19.40,signal,11.468,0.4458800000,-1.1339600000,-0.005081,4.00,tb-pullback_rsi-SOLUSDT-1617177600-B,tb-pullback_rsi-SOLUSDT-1617192000-S
LTC/USDT,pullback_rsi,2021-03-31 16:00,193.40,2021-04-01 00:00,196.59,signal,1.945,0.7589173500,5.4456326500,0.014477,8.00,tb-pullback_rsi-LTCUSDT-1617192000-B,tb-pullback_rsi-LTCUSDT-1617220800-S
SOL/USDT,pullback_rsi,2021-04-02 08:00,19.03,2021-04-02 16:00,19.48,signal,13.579,0.5231937100,5.5873562900,0.021622,8.00,tb-pullback_rsi-SOLUSDT-1617336000-B,tb-pullback_rsi-SOLUSDT-1617364800-S
BTC/USDT,pullback_rsi,2021-04-04 04:00,57521.17,2021-04-04 16:00,57889.15,signal,0.00939,1.0842781180,2.3710540820,0.004390,12.00,tb-pullback_rsi-BTCUSDT-1617494400-B,tb-pullback_rsi-BTCUSDT-1617537600-S
ADA/USDT,pullback_rsi,2021-04-04 04:00,1.1814,2021-04-04 20:00,1.1799,signal,319.4,0.754671780000,-1.233771780000,-0.003270,16.00,tb-pullback_rsi-ADAUSDT-1617494400-B,tb-pullback_rsi-ADAUSDT-1617552000-S
BTC/USDT,pullback_rsi,2021-04-06 20:00,58254.13,2021-04-07 11:59,55903.21,stop,0.01048,1.1975340050,-25.8351756050,-0.042318,16.00,tb-pullback_rsi-BTCUSDT-1617724800-B,tb-pullback_rsi-BTCUSDT-1617782400-X
BNB/USDT,pullback_rsi,2021-04-07 16:00,374.51,2021-04-08 04:00,396.62,signal,0.500,0.3859395100,10.6690604900,0.056976,12.00,tb-pullback_rsi-BNBUSDT-1617796800-B,tb-pullback_rsi-BNBUSDT-1617840000-S
BTC/USDT,pullback_rsi,2021-04-07 16:00,56479.69,2021-04-08 08:00,56995.11,signal,0.00905,1.0275117414,3.6370392586,0.007116,16.00,tb-pullback_rsi-BTCUSDT-1617796800-B,tb-pullback_rsi-BTCUSDT-1617854400-S
LINK/USDT,pullback_rsi,2021-04-10 04:00,32.507,2021-04-10 08:00,32.478,signal,8.64,0.56179547000,-0.81235547000,-0.002892,4.00,tb-pullback_rs-LINKUSDT-1618012800-B,tb-pullback_rs-LINKUSDT-1618027200-S
LINK/USDT,pullback_rsi,2021-04-11 00:00,31.914,2021-04-11 04:00,32.301,signal,9.48,0.60907734000,3.05968266000,0.010113,4.00,tb-pullback_rs-LINKUSDT-1618084800-B,tb-pullback_rs-LINKUSDT-1618099200-S
LINK/USDT,pullback_rsi,2021-04-12 20:00,32.942,2021-04-13 12:00,33.589,signal,9.43,0.62771675000,5.47349325000,0.017620,16.00,tb-pullback_rs-LINKUSDT-1618243200-B,tb-pullback_rs-LINKUSDT-1618300800-S
SOL/USDT,pullback_rsi,2021-04-15 00:00,26.44,2021-04-15 08:00,26.73,signal,7.422,0.3948392600,1.7575407400,0.008956,8.00,tb-pullback_rsi-SOLUSDT-1618430400-B,tb-pullback_rsi-SOLUSDT-1618459200-S
BNB/USDT,pullback_rsi,2021-04-15 00:00,550.30,2021-04-17 00:00,508.00,signal,0.318,0.3370897000,-13.7884897000,-0.078793,48.00,tb-pullback_rsi-BNBUSDT-1618430400-B,tb-pullback_rsi-BNBUSDT-1618603200-S
SOL/USDT,pullback_rsi,2021-04-17 04:00,25.78,2021-04-17 08:00,26.17,signal,8.520,0.4428460200,2.8799539800,0.013112,4.00,tb-pullback_rsi-SOLUSDT-1618617600-B,tb-pullback_rsi-SOLUSDT-1618632000-S
XRP/USDT,pullback_rsi,2021-04-16 16:00,1.6588,2021-04-17 08:00,1.7082,signal,69.3,0.233498980000,3.189921020000,0.027749,16.00,tb-pullback_rsi-XRPUSDT-1618574400-B,tb-pullback_rsi-XRPUSDT-1618632000-S
ETH/USDT,pullback_rsi,2021-04-17 20:00,2379.84,2021-04-18 03:59,2197.48,stop,0.1342,0.6147523160,-25.0874643160,-0.078552,8.00,tb-pullback_rsi-ETHUSDT-1618675200-B,tb-pullback_rsi-ETHUSDT-1618704000-X
ADA/USDT,pullback_rsi,2021-04-17 20:00,1.3913,2021-04-18 03:59,1.2432,stop,165.0,0.434970760000,-24.871470760000,-0.108342,8.00,tb-pullback_rsi-ADAUSDT-1618675200-B,tb-pullback_rsi-ADAUSDT-1618704000-X
SOL/USDT,pullback_rsi,2021-04-18 08:00,27.26,2021-04-18 16:00,28.10,signal,5.976,0.3309949200,4.6888450800,0.028783,8.00,tb-pullback_rsi-SOLUSDT-1618718400-B,tb-pullback_rsi-SOLUSDT-1618747200-S
LINK/USDT,pullback_rsi,2021-04-18 08:00,36.657,2021-04-18 20:00,38.407,signal,3.39,0.25483353000,5.67766647000,0.045689,12.00,tb-pullback_rs-LINKUSDT-1618718400-B,tb-pullback_rs-LINKUSDT-1618761600-S
SOL/USDT,pullback_rsi,2021-05-04 08:00,45.95,2021-05-04 12:00,47.04,signal,4.705,0.4377477000,4.6907023000,0.021697,4.00,tb-pullback_rsi-SOLUSDT-1620100800-B,tb-pullback_rsi-SOLUSDT-1620115200-S
XRP/USDT,pullback_rsi,2021-05-04 20:00,1.4123,2021-05-05 08:00,1.4510,signal,125.3,0.359053950000,4.490056050000,0.025373,12.00,tb-pullback_rsi-XRPUSDT-1620144000-B,tb-pullback_rsi-XRPUSDT-1620187200-S
BTC/USDT,pullback_rsi,2021-05-04 08:00,55945.94,2021-05-05 12:00,55081.39,signal,0.00775,0.8610212644,-7.5612837644,-0.017439,28.00,tb-pullback_rsi-BTCUSDT-1620100800-B,tb-pullback_rsi-BTCUSDT-1620201600-S
LINK/USDT,pullback_rsi,2021-05-08 20:00,47.795,2021-05-09 00:00,48.582,signal,4.26,0.41104397000,2.94157603000,0.014447,4.00,tb-pullback_rs-LINKUSDT-1620489600-B,tb-pullback_rs-LINKUSDT-1620504000-S
XRP/USDT,pullback_rsi,2021-05-08 20:00,1.5790,2021-05-10 00:00,1.5335,signal,124.5,0.387822050000,-6.052572050000,-0.030788,28.00,tb-pullback_rsi-XRPUSDT-1620489600-B,tb-pullback_rsi-XRPUSDT-1620590400-S
BTC/USDT,pullback_rsi,2021-05-10 00:00,58269.96,2021-05-10 04:00,59327.09,signal,0.00726,0.8543372792,6.8204265208,0.016122,4.00,tb-pullback_rsi-BTCUSDT-1620590400-B,tb-pullback_rsi-BTCUSDT-1620604800-S
BTC/USDT,pullback_rsi,2021-08-12 20:00,44393.99,2021-08-13 04:00,44824.84,signal,0.00982,0.8765728517,3.3543741483,0.007694,8.00,tb-pullback_rsi-BTCUSDT-1628784000-B,tb-pullback_rsi-BTCUSDT-1628812800-S
ETH/USDT,pullback_rsi,2021-08-12 20:00,3050.09,2021-08-13 04:00,3086.68,signal,0.1048,0.6437435100,3.1908884900,0.009982,8.00,tb-pullback_rsi-ETHUSDT-1628784000-B,tb-pullback_rsi-ETHUSDT-1628812800-S
ADA/USDT,pullback_rsi,2021-08-15 12:00,2.1248,2021-08-16 00:00,2.1656,signal,100.1,0.429894000000,3.654186000000,0.017181,12.00,tb-pullback_rsi-ADAUSDT-1629014400-B,tb-pullback_rsi-ADAUSDT-1629057600-S
BTC/USDT,pullback_rsi,2021-08-15 12:00,45946.54,2021-08-16 00:00,46950.33,signal,0.01061,0.9865547202,9.6636571798,0.019823,12.00,tb-pullback_rsi-BTCUSDT-1629014400-B,tb-pullback_rsi-BTCUSDT-1629057600-S
ETH/USDT,pullback_rsi,2021-08-17 04:00,3196.57,2021-08-17 12:00,3256.08,signal,0.1203,0.7768931050,6.3821598950,0.016597,8.00,tb-pullback_rsi-ETHUSDT-1629158400-B,tb-pullback_rsi-ETHUSDT-1629187200-S
XRP/USDT,pullback_rsi,2021-08-17 04:00,1.2087,2021-08-18 16:00,1.1427,signal,144.1,0.339078480000,-9.849678480000,-0.056551,36.00,tb-pullback_rsi-XRPUSDT-1629158400-B,tb-pullback_rsi-XRPUSDT-1629288000-S
SOL/USDT,pullback_rsi,2021-08-22 00:00,73.89,2021-08-22 08:00,75.48,signal,2.362,0.3530336100,3.4025463900,0.019496,8.00,tb-pullback_rsi-SOLUSDT-1629576000-B,tb-pullback_rsi-SOLUSDT-1629604800-S
ETH/USDT,pullback_rsi,2021-08-23 00:00,3239.62,2021-08-23 04:00,3338.54,signal,0.1352,0.8900151580,12.4839688420,0.028502,4.00,tb-pullback_rsi-ETHUSDT-1629662400-B,tb-pullback_rsi-ETHUSDT-1629676800-S
BNB/USDT,pullback_rsi,2021-08-24 20:00,478.30,2021-08-25 08:00,487.64,signal,0.672,0.6495899800,5.6268900200,0.017506,12.00,tb-pullback_rsi-BNBUSDT-1629820800-B,tb-pullback_rsi-BNBUSDT-1629864000-S
ETH/USDT,pullback_rsi,2021-08-24 20:00,3219.06,2021-08-25 16:00,3215.56,signal,0.1349,0.8686740460,-1.3408240460,-0.003088,20.00,tb-pullback_rsi-ETHUSDT-1629820800-B,tb-pullback_rsi-ETHUSDT-1629892800-S
SOL/USDT,pullback_rsi,2021-08-25 16:00,71.32,2021-08-26 00:00,71.94,signal,2.629,0.3768445000,1.2531355000,0.006683,8.00,tb-pullback_rsi-SOLUSDT-1629892800-B,tb-pullback_rsi-SOLUSDT-1629921600-S
ETH/USDT,pullback_rsi,2021-08-26 16:00,3106.32,2021-08-27 08:00,3124.60,signal,0.1291,0.8050330360,1.5549149640,0.003877,16.00,tb-pullback_rsi-ETHUSDT-1629979200-B,tb-pullback_rsi-ETHUSDT-1630036800-S
LTC/USDT,pullback_rsi,2021-08-26 20:00,168.29,2021-08-27 08:00,169.51,signal,1.888,0.6381029800,1.6652570200,0.005241,12.00,tb-pullback_rsi-LTCUSDT-1629993600-B,tb-pullback_rsi-LTCUSDT-1630036800-S
BNB/USDT,pullback_rsi,2021-08-30 08:00,478.64,2021-08-30 20:00,477.86,signal,0.932,0.8919366400,-1.6188966400,-0.003629,12.00,tb-pullback_rsi-BNBUSDT-1630296000-B,tb-pullback_rsi-BNBUSDT-1630339200-S
LTC/USDT,pullback_rsi,2021-08-30 08:00,172.79,2021-08-30 20:00,175.61,signal,2.332,0.8129871700,5.7632528300,0.014303,12.00,tb-pullback_rsi-LTCUSDT-1630296000-B,tb-pullback_rsi-LTCUSDT-1630339200-S
ETH/USDT,pullback_rsi,2021-09-04 16:00,3919.68,2021-09-05 12:00,3922.59,signal,0.1218,0.9559724200,-0.6015344200,-0.001260,20.00,tb-pullback_rsi-ETHUSDT-1630756800-B,tb-pullback_rsi-ETHUSDT-1630828800-S
XRP/USDT,pullback_rsi,2021-09-05 00:00,1.2555,2021-09-05 12:00,1.2612,signal,289.9,0.729967980000,0.922462020000,0.002534,12.00,tb-pullback_rsi-XRPUSDT-1630785600-B,tb-pullback_rsi-XRPUSDT-1630828800-S
ETH/USDT,pullback_rsi,2021-09-08 00:00,3436.56,2021-09-08 20:00,3521.38,signal,0.0717,0.4992279580,5.5823660420,0.022656,20.00,tb-pullback_rsi-ETHUSDT-1631044800-B,tb-pullback_rsi-ETHUSDT-1631116800-S
ADA/USDT,pullback_rsi,2021-09-08 00:00,2.5153,2021-09-09 00:00,2.4687,signal,67.0,0.334179530000,-3.456379530000,-0.020510,24.00,tb-pullback_rsi-ADAUSDT-1631044800-B,tb-pullback_rsi-ADAUSDT-1631131200-S
ETH/USDT,pullback_rsi,2021-09-10 20:00,3312.91,2021-09-11 12:00,3291.49,signal,0.0787,0.5200975680,-2.2058515680,-0.008460,16.00,tb-pullback_rsi-ETHUSDT-1631289600-B,tb-pullback_rsi-ETHUSDT-1631347200-S
SOL/USDT,pullback_rsi,2021-09-10 00:00,187.99,2021-09-11 16:00,188.32,signal,0.592,0.2229635100,-0.0276035100,-0.000248,40.00,tb-pullback_rsi-SOLUSDT-1631217600-B,tb-pullback_rsi-SOLUSDT-1631361600-S
SOL/USDT,pullback_rsi,2021-09-15 00:00,158.80,2021-09-15 08:00,161.94,signal,0.861,0.2763159400,2.4272240600,0.017752,8.00,tb-pullback_rsi-SOLUSDT-1631649600-B,tb-pullback_rsi-SOLUSDT-1631678400-S
SOL/USDT,pullback_rsi,2021-09-17 16:00,144.70,2021-09-18 00:00,147.51,signal,1.084,0.3170450400,2.7289949600,0.017398,8.00,tb-pullback_rsi-SOLUSDT-1631880000-B,tb-pullback_rsi-SOLUSDT-1631908800-S
LINK/USDT,pullback_rsi,2021-09-18 04:00,28.285,2021-09-18 08:00,28.965,signal,8.61,0.49320535000,5.36159465000,0.022016,4.00,tb-pullback_rs-LINKUSDT-1631923200-B,tb-pullback_rs-LINKUSDT-1631937600-S
LTC/USDT,pullback_rsi,2021-09-17 04:00,186.10,2021-09-18 08:00,183.70,signal,1.526,0.5646870000,-4.2270870000,-0.014885,28.00,tb-pullback_rsi-LTCUSDT-1631836800-B,tb-pullback_rsi-LTCUSDT-1631937600-S
LINK/USDT,pullback_rsi,2021-09-19 08:00,28.645,2021-09-20 03:59,26.203,stop,10.02,0.55014986000,-25.01898986000,-0.087167,20.00,tb-pullback_rs-LINKUSDT-1632024000-B,tb-pullback_rs-LINKUSDT-1632096000-X
ETH/USDT,pullback_rsi,2021-09-19 08:00,3442.55,2021-09-20 03:59,3239.55,stop,0.1209,0.8085544050,-25.3512544050,-0.060911,20.00,tb-pullback_rsi-ETHUSDT-1632024000-B,tb-pullback_rsi-ETHUSDT-1632096000-X
BTC/USDT,pullback_rsi,2021-10-07 20:00,53989.74,2021-10-08 08:00,54801.96,signal,0.00863,0.9394122636,6.0700463364,0.013028,12.00,tb-pullback_rsi-BTCUSDT-1633622400-B,tb-pullback_rsi-BTCUSDT-1633665600-S
LTC/USDT,pullback_rsi,2021-10-08 08:00,179.89,2021-10-08 12:00,181.70,signal,1.720,0.6222945800,2.4909054200,0.008050,4.00,tb-pullback_rsi-LTCUSDT-1633665600-B,tb-pullback_rsi-LTCUSDT-1633680000-S
LINK/USDT,pullback_rsi,2021-10-09 04:00,26.484,2021-10-09 12:00,27.066,signal,12.00,0.64312968000,6.34087032000,0.019952,8.00,tb-pullback_rs-LINKUSDT-1633737600-B,tb-pullback_rs-LINKUSDT-1633766400-S
BNB/USDT,pullback_rsi,2021-10-09 04:00,424.32,2021-10-11 04:00,415.59,signal,0.946,0.7949791800,-9.0535591800,-0.022555,48.00,tb-pullback_rsi-BNBUSDT-1633737600-B,tb-pullback_rsi-BNBUSDT-1633910400-S
SOL/USDT,pullback_rsi,2021-10-10 00:00,156.88,2021-10-11 19:59,143.54,stop,1.830,0.5500823600,-24.9622823600,-0.086949,44.00,tb-pullback_rsi-SOLUSDT-1633809600-B,tb-pullback_rsi-SOLUSDT-1633968000-X
BNB/USDT,pullback_rsi,2021-10-12 16:00,434.02,2021-10-12 20:00,433.88,signal,0.835,0.7251305200,-0.8420305200,-0.002323,4.00,tb-pullback_rsi-BNBUSDT-1634040000-B,tb-pullback_rsi-BNBUSDT-1634054400-S
XRP/USDT,pullback_rsi,2021-10-12 08:00,1.1019,2021-10-13 04:00,1.1184,signal,273.9,0.608470740000,3.910879260000,0.012958,20.00,tb-pullback_rsi-XRPUSDT-1634011200-B,tb-pullback_rsi-XRPUSDT-1634083200-S
BTC/USDT,pullback_rsi,2021-10-13 00:00,56024.91,2021-10-13 16:00,56140.76,signal,0.00785,0.8810607626,0.0283617374,0.000064,16.00,tb-pullback_rsi-BTCUSDT-1634068800-B,tb-pullback_rsi-BTCUSDT-1634126400-S
LINK/USDT,pullback_rsi,2021-10-15 20:00,27.034,2021-10-16 00:00,26.996,signal,11.32,0.61216028000,-1.04232028000,-0.003406,4.00,tb-pullback_rs-LINKUSDT-1634313600-B,tb-pullback_rs-LINKUSDT-1634328000-S
BNB/USDT,pullback_rsi,2021-10-17 00:00,466.04,2021-10-17 12:00,468.76,signal,0.699,0.6538912400,1.2473887600,0.003829,12.00,tb-pullback_rsi-BNBUSDT-1634414400-B,tb-pullback_rsi-BNBUSDT-1634457600-S
BTC/USDT,pullback_rsi,2021-10-17 00:00,60906.01,2021-10-18 00:00,61497.55,signal,0.00827,1.0128865028,3.8791492972,0.007701,24.00,tb-pullback_rsi-BTCUSDT-1634414400-B,tb-pullback_rsi-BTCUSDT-1634500800-S
LTC/USDT,pullback_rsi,2021-10-17 20:00,184.10,2021-10-18 04:00,185.70,signal,2.300,0.8510923000,2.8289077000,0.006681,8.00,tb-pullback_rsi-LTCUSDT-1634486400-B,tb-pullback_rsi-LTCUSDT-1634515200-S
SOL/USDT,pullback_rsi,2021-10-18 20:00,156.83,2021-10-19 04:00,158.42,signal,2.115,0.6672242400,2.6956257600,0.008127,8.00,tb-pullback_rsi-SOLUSDT-1634572800-B,tb-pullback_rsi-SOLUSDT-1634601600-S
XRP/USDT,pullback_rsi,2021-10-18 04:00,1.0964,2021-10-19 04:00,1.0963,signal,322.5,0.707584310000,-0.739834310000,-0.002092,24.00,tb-pullback_rsi-XRPUSDT-1634515200-B,tb-pullback_rsi-XRPUSDT-1634601600-S
SOL/USDT,pullback_rsi,2021-10-20 00:00,155.85,2021-10-20 08:00,156.44,signal,2.482,0.7755713300,0.6888086700,0.001781,8.00,tb-pullback_rsi-SOLUSDT-1634673600-B,tb-pullback_rsi-SOLUSDT-1634702400-S
BNB/USDT,pullback_rsi,2021-10-21 20:00,474.94,2021-10-22 08:00,489.05,signal,0.888,0.8564980600,11.6731819400,0.027678,12.00,tb-pullback_rsi-BNBUSDT-1634832000-B,tb-pullback_rsi-BNBUSDT-1634875200-S
BTC/USDT,pullback_rsi,2021-10-22 20:00,61063.23,2021-10-23 12:00,61521.46,signal,0.00630,0.7728941813,2.1139548187,0.005495,16.00,tb-pullback_rsi-BTCUSDT-1634918400-B,tb-pullback_rsi-BTCUSDT-1634976000-S
XRP/USDT,pullback_rsi,2021-10-22 04:00,1.1082,2021-10-23 16:00,1.0960,signal,371.2,0.818642320000,-5.347282320000,-0.012999,36.00,tb-pullback_rsi-XRPUSDT-1634860800-B,tb-pullback_rsi-XRPUSDT-1634990400-S
BTC/USDT,pullback_rsi,2021-10-24 20:00,60673.42,2021-10-25 00:00,60821.79,signal,0.00784,0.9531291770,0.2100916230,0.000442,4.00,tb-pullback_rsi-BTCUSDT-1635091200-B,tb-pullback_rsi-BTCUSDT-1635105600-S
SOL/USDT,pullback_rsi,2021-10-24 00:00,197.85,2021-10-25 00:00,202.04,signal,1.226,0.4906608400,4.6462791600,0.019155,24.00,tb-pullback_rsi-SOLUSDT-1635019200-B,tb-pullback_rsi-SOLUSDT-1635105600-S
LTC/USDT,pullback_rsi,2021-10-26 20:00,193.90,2021-10-27 00:00,197.40,signal,2.586,1.0124835000,8.0385165000,0.016031,4.00,tb-pullback_rsi-LTCUSDT-1635264000-B,tb-pullback_rsi-LTCUSDT-1635278400-S
SOL/USDT,pullback_rsi,2021-10-27 04:00,202.96,2021-10-27 11:59,184.06,stop,1.290,0.4996617200,-24.8806617200,-0.095030,8.00,tb-pullback_rsi-SOLUSDT-1635292800-B,tb-pullback_rsi-SOLUSDT-1635321600-X
BNB/USDT,pullback_rsi,2021-10-27 16:00,454.93,2021-10-28 12:00,478.06,signal,1.003,0.9366988300,22.2626911700,0.048790,20.00,tb-pullback_rsi-BNBUSDT-1635336000-B,tb-pullback_rsi-BNBUSDT-1635408000-S
BTC/USDT,pullback_rsi,2021-10-27 04:00,60744.69,2021-10-28 12:00,60930.13,signal,0.00870,1.0591783799,0.5541496201,0.001049,32.00,tb-pullback_rsi-BTCUSDT-1635292800-B,tb-pullback_rsi-BTCUSDT-1635408000-S
ETH/USDT,pullback_rsi,2021-10-30 20:00,4338.80,2021-10-31 04:00,4368.30,signal,0.0994,0.8659196200,2.0663803800,0.004791,8.00,tb-pullback_rsi-ETHUSDT-1635609600-B,tb-pullback_rsi-ETHUSDT-1635638400-S
SOL/USDT,pullback_rsi,2021-10-30 20:00,194.67,2021-10-31 16:00,194.89,signal,1.464,0.5707051800,-0.2486251800,-0.000872,20.00,tb-pullback_rsi-SOLUSDT-1635609600-B,tb-pullback_rsi-SOLUSDT-1635681600-S
BTC/USDT,pullback_rsi,2021-10-31 20:00,60720.30,2021-11-01 00:00,61269.16,signal,0.00890,1.0863133930,3.7985406070,0.007029,4.00,tb-pullback_rsi-BTCUSDT-1635696000-B,tb-pullback_rsi-BTCUSDT-1635710400-S
LINK/USDT,pullback_rsi,2021-10-31 16:00,29.285,2021-11-01 00:00,29.985,signal,10.39,0.61640100000,6.65659900000,0.021877,8.00,tb-pullback_rs-LINKUSDT-1635681600-B,tb-pullback_rs-LINKUSDT-1635710400-S
LINK/USDT,pullback_rsi,2021-11-03 20:00,31.686,2021-11-04 00:00,31.954,signal,11.28,0.71849292000,2.30454708000,0.006448,4.00,tb-pullback_rs-LINKUSDT-1635955200-B,tb-pullback_rs-LINKUSDT-1635969600-S
LINK/USDT,pullback_rsi,2021-11-04 20:00,30.706,2021-11-05 00:00,30.974,signal,11.95,0.73769012000,2.46490988000,0.006718,4.00,tb-pullback_rs-LINKUSDT-1636041600-B,tb-pullback_rs-LINKUSDT-1636056000-S
BTC/USDT,pullback_rsi,2021-11-03 20:00,62831.39,2021-11-05 04:00,62172.68,signal,0.00761,0.9519092818,-5.9646923818,-0.012475,32.00,tb-pullback_rsi-BTCUSDT-1635955200-B,tb-pullback_rsi-BTCUSDT-1636070400-S
SOL/USDT,pullback_rsi,2021-11-05 20:00,235.91,2021-11-06 04:00,239.68,signal,1.158,0.5512050400,3.8144549600,0.013963,8.00,tb-pullback_rsi-SOLUSDT-1636128000-B,tb-pullback_rsi-SOLUSDT-1636156800-S
XRP/USDT,pullback_rsi,2021-11-05 20:00,1.1524,2021-11-06 04:00,1.1649,signal,292.1,0.677229050000,2.974020950000,0.008835,8.00,tb-pullback_rsi-XRPUSDT-1636128000-B,tb-pullback_rsi-XRPUSDT-1636156800-S
ETH/USDT,pullback_rsi,2021-11-06 16:00,4400.77,2021-11-06 20:00,4491.49,signal,0.1135,1.0101516690,9.2865683310,0.018592,4.00,tb-pullback_rsi-ETHUSDT-1636200000-B,tb-pullback_rsi-ETHUSDT-1636214400-S
LINK/USDT,pullback_rsi,2021-11-06 16:00,31.366,2021-11-07 00:00,32.033,signal,10.92,0.69294440000,6.59069560000,0.019242,8.00,tb-pullback_rs-LINKUSDT-1636200000-B,tb-pullback_rs-LINKUSDT-1636228800-S
BNB/USDT,pullback_rsi,2021-11-08 08:00,641.73,2021-11-08 16:00,648.47,signal,0.630,0.8134677300,3.4327322700,0.008491,8.00,tb-pullback_rsi-BNBUSDT-1636344000-B,tb-pullback_rsi-BNBUSDT-1636372800-S
SOL/USDT,pullback_rsi,2021-11-08 00:00,249.75,2021-11-10 00:00,238.94,signal,1.283,0.6274887700,-14.4967187700,-0.045242,48.00,tb-pullback_rsi-SOLUSDT-1636315200-B,tb-pullback_rsi-SOLUSDT-1636488000-S
BNB/USDT,pullback_rsi,2021-11-10 08:00,644.53,2021-11-10 12:00,654.97,signal,0.726,0.9440815300,6.6353584700,0.014180,4.00,tb-pullback_rsi-BNBUSDT-1636516800-B,tb-pullback_rsi-BNBUSDT-1636531200-S
SOL/USDT,pullback_rsi,2021-11-10 08:00,241.00,2021-11-10 16:00,244.71,signal,1.450,0.7047615000,4.6747385000,0.013377,8.00,tb-pullback_rsi-SOLUSDT-1636516800-B,tb-pullback_rsi-SOLUSDT-1636545600-S
BNB/USDT,pullback_rsi,2021-11-11 04:00,617.01,2021-11-12 04:00,632.48,signal,0.549,0.6865870200,7.8064429800,0.023046,24.00,tb-pullback_rsi-BNBUSDT-1636588800-B,tb-pullback_rsi-BNBUSDT-1636675200-S
LTC/USDT,pullback_rsi,2021-11-11 08:00,265.44,2021-11-12 04:00,275.56,signal,0.734,0.3973594400,7.0307205600,0.036086,20.00,tb-pullback_rsi-LTCUSDT-1636603200-B,tb-pullback_rsi-LTCUSDT-1636675200-S
BTC/USDT,pullback_rsi,2021-11-12 20:00,63876.93,2021-11-13 16:00,64656.65,signal,0.00745,0.9582139378,4.8507000622,0.010193,20.00,tb-pullback_rsi-BTCUSDT-1636732800-B,tb-pullback_rsi-BTCUSDT-1636804800-S
SOL/USDT,pullback_rsi,2021-11-12 20:00,228.97,2021-11-13 16:00,233.49,signal,1.218,0.5637342200,4.9416257800,0.017719,20.00,tb-pullback_rsi-SOLUSDT-1636732800-B,tb-pullback_rsi-SOLUSDT-1636804800-S
ETH/USDT,pullback_rsi,2021-11-14 12:00,4614.75,2021-11-15 00:00,4624.18,signal,0.1189,1.0994317250,0.0217952750,0.000040,12.00,tb-pullback_rsi-ETHUSDT-1636876800-B,tb-pullback_rsi-ETHUSDT-1636920000-S
LINK/USDT,pullback_rsi,2021-11-15 00:00,33.767,2021-11-15 04:00,34.022,signal,10.08,0.68398846000,1.88641154000,0.005542,4.00,tb-pullback_rs-LINKUSDT-1636920000-B,tb-pullback_rs-LINKUSDT-1636934400-S
BNB/USDT,pullback_rsi,2021-11-15 20:00,639.02,2021-11-16 03:59,608.42,stop,0.805,1.0048282200,-25.6378282200,-0.049839,8.00,tb-pullback_rsi-BNBUSDT-1636992000-B,tb-pullback_rsi-BNBUSDT-1637020800-X
LTC/USDT,pullback_rsi,2021-11-16 08:00,246.83,2021-11-17 03:59,219.65,stop,0.899,0.4196123500,-24.8544323500,-0.112007,20.00,tb-pullback_rsi-LTCUSDT-1637035200-B,tb-pullback_rsi-LTCUSDT-1637107200-X
SOL/USDT,pullback_rsi,2021-11-16 16:00,225.36,2021-11-17 12:00,220.20,signal,1.332,0.5939366400,-7.4670566400,-0.024875,20.00,tb-pullback_rsi-SOLUSDT-1637064000-B,tb-pullback_rsi-SOLUSDT-1637136000-S
XRP/USDT,pullback_rsi,2023-01-15 16:00,0.3887,2023-01-16 04:00,0.4050,signal,1008.5,0.800874020000,15.637675980000,0.039892,12.00,tb-pullback_rsi-XRPUSDT-1673784000-B,tb-pullback_rsi-XRPUSDT-1673827200-S
LTC/USDT,pullback_rsi,2023-01-16 16:00,86.21,2023-01-16 20:00,86.98,signal,4.323,0.7491314200,2.5795785800,0.006922,4.00,tb-pullback_rsi-LTCUSDT-1673870400-B,tb-pullback_rsi-LTCUSDT-1673884800-S
ADA/USDT,pullback_rsi,2023-01-18 04:00,0.3502,2023-01-18 19:59,0.3280,stop,1107.2,0.751323280000,-25.331163280000,-0.065330,16.00,tb-pullback_rsi-ADAUSDT-1674000000-B,tb-pullback_rsi-ADAUSDT-1674057600-X
XRP/USDT,pullback_rsi,2023-01-18 20:00,0.3900,2023-01-19 12:00,0.3845,signal,857.5,0.664484750000,-5.380734750000,-0.016090,16.00,tb-pullback_rsi-XRPUSDT-1674057600-B,tb-pullback_rsi-XRPUSDT-1674115200-S
SOL/USDT,pullback_rsi,2023-01-19 04:00,21.37,2023-01-19 20:00,21.64,signal,8.110,0.3490034300,1.8406965700,0.010621,16.00,tb-pullback_rsi-SOLUSDT-1674086400-B,tb-pullback_rsi-SOLUSDT-1674144000-S
BNB/USDT,pullback_rsi,2023-01-20 16:00,289.65,2023-01-20 20:00,294.35,signal,1.843,1.0768913000,7.5852087000,0.014209,4.00,tb-pullback_rsi-BNBUSDT-1674216000-B,tb-pullback_rsi-BNBUSDT-1674230400-S
LTC/USDT,pullback_rsi,2023-01-23 04:00,87.92,2023-01-23 12:00,91.95,signal,4.967,0.8938538900,19.1231561100,0.043790,8.00,tb-pullback_rsi-LTCUSDT-1674432000-B,tb-pullback_rsi-LTCUSDT-1674460800-S
SOL/USDT,pullback_rsi,2023-01-23 04:00,24.55,2023-01-24 04:00,24.96,signal,9.586,0.4748483600,3.4554116400,0.014683,24.00,tb-pullback_rsi-SOLUSDT-1674432000-B,tb-pullback_rsi-SOLUSDT-1674518400-S
LINK/USDT,pullback_rsi,2023-01-25 04:00,6.696,2023-01-25 20:00,6.819,signal,47.20,0.63824280000,5.16735720000,0.016350,16.00,tb-pullback_rs-LINKUSDT-1674604800-B,tb-pullback_rs-LINKUSDT-1674662400-S
LTC/USDT,pullback_rsi,2023-01-25 04:00,87.61,2023-01-25 20:00,88.43,signal,4.692,0.8264177300,3.0210222700,0.007349,16.00,tb-pullback_rsi-LTCUSDT-1674604800-B,tb-pullback_rsi-LTCUSDT-1674662400-S
LTC/USDT,pullback_rsi,2023-01-26 20:00,88.00,2023-01-27 20:00,88.58,signal,5.256,0.9286324800,2.1198475200,0.004583,24.00,tb-pullback_rsi-LTCUSDT-1674748800-B,tb-pullback_rsi-LTCUSDT-1674835200-S
SOL/USDT,pullback_rsi,2023-01-27 08:00,24.05,2023-01-27 20:00,24.46,signal,11.167,0.5419997700,4.0364702300,0.015030,12.00,tb-pullback_rsi-SOLUSDT-1674792000-B,tb-pullback_rsi-SOLUSDT-1674835200-S
ETH/USDT,pullback_rsi,2023-01-29 04:00,1595.16,2023-01-29 08:00,1591.79,signal,0.3472,1.1071471060,-2.2772111060,-0.004112,4.00,tb-pullback_rsi-ETHUSDT-1674950400-B,tb-pullback_rsi-ETHUSDT-1674964800-S
SOL/USDT,pullback_rsi,2023-01-29 04:00,24.15,2023-01-29 12:00,24.34,signal,13.063,0.6337629700,1.8482070300,0.005859,8.00,tb-pullback_rsi-SOLUSDT-1674950400-B,tb-pullback_rsi-SOLUSDT-1674979200-S
LINK/USDT,pullback_rsi,2023-01-30 16:00,7.028,2023-01-31 08:00,7.032,signal,54.85,0.77161268000,-0.55221268000,-0.001433,16.00,tb-pullback_rs-LINKUSDT-1675080000-B,tb-pullback_rs-LINKUSDT-1675137600-S
XRP/USDT,pullback_rsi,2023-01-30 16:00,0.4001,2023-01-31 12:00,0.3996,signal,1353.0,1.082554240000,-1.759054240000,-0.003249,20.00,tb-pullback_rsi-XRPUSDT-1675080000-B,tb-pullback_rsi-XRPUSDT-1675152000-S
LINK/USDT,pullback_rsi,2023-02-01 20:00,7.009,2023-02-02 00:00,7.210,signal,54.97,0.78203897000,10.26693103000,0.026648,4.00,tb-pullback_rs-LINKUSDT-1675267200-B,tb-pullback_rs-LINKUSDT-1675281600-S
SOL/USDT,pullback_rsi,2023-02-01 20:00,24.26,2023-02-02 00:00,24.98,signal,11.749,0.5788118800,7.8804681200,0.027648,4.00,tb-pullback_rsi-SOLUSDT-1675267200-B,tb-pullback_rsi-SOLUSDT-1675281600-S
BTC/USDT,pullback_rsi,2023-02-03 04:00,23545.41,2023-02-03 16:00,23592.81,signal,0.02863,1.3502736006,0.0067883994,0.000010,12.00,tb-pullback_rsi-BTCUSDT-1675382400-B,tb-pullback_rsi-BTCUSDT-1675425600-S
XRP/USDT,pullback_rsi,2023-02-03 04:00,0.4115,2023-02-04 00:00,0.4113,signal,1357.8,1.117773940000,-1.389333940000,-0.002487,20.00,tb-pullback_rsi-XRPUSDT-1675382400-B,tb-pullback_rsi-XRPUSDT-1675454400-S
LTC/USDT,pullback_rsi,2023-02-06 00:00,96.70,2023-02-06 16:00,97.26,signal,5.475,1.0625112000,2.0034888000,0.003784,16.00,tb-pullback_rsi-LTCUSDT-1675627200-B,tb-pullback_rsi-LTCUSDT-1675684800-S
SOL/USDT,pullback_rsi,2023-02-06 00:00,23.48,2023-02-06 16:00,23.45,signal,16.409,0.7704735300,-1.2627435300,-0.003277,16.00,tb-pullback_rsi-SOLUSDT-1675627200-B,tb-pullback_rsi-SOLUSDT-1675684800-S
SOL/USDT,pullback_rsi,2023-02-07 04:00,23.08,2023-02-07 12:00,23.32,signal,16.306,0.7569907600,3.1564492400,0.008387,8.00,tb-pullback_rsi-SOLUSDT-1675728000-B,tb-pullback_rsi-SOLUSDT-1675756800-S
ADA/USDT,pullback_rsi,2023-02-07 04:00,0.3865,2023-02-07 20:00,0.3921,signal,1235.8,0.962696330000,5.957783670000,0.012473,16.00,tb-pullback_rsi-ADAUSDT-1675728000-B,tb-pullback_rsi-ADAUSDT-1675785600-S
BNB/USDT,pullback_rsi,2023-02-09 00:00,328.37,2023-02-09 03:59,316.90,stop,2.158,1.3934777700,-26.1457377700,-0.036897,4.00,tb-pullback_rsi-BNBUSDT-1675886400-B,tb-pullback_rsi-BNBUSDT-1675900800-X
LTC/USDT,pullback_rsi,2023-02-08 20:00,98.98,2023-02-09 19:59,94.18,stop,5.137,0.9928568000,-25.6504568000,-0.050447,24.00,tb-pullback_rsi-LTCUSDT-1675872000-B,tb-pullback_rsi-LTCUSDT-1675958400-X
ETH/USDT,pullback_rsi,2023-02-09 08:00,1630.70,2023-02-09 19:59,1564.36,stop,0.3708,1.1853805300,-25.7842525300,-0.042642,12.00,tb-pullback_rsi-ETHUSDT-1675915200-B,tb-pullback_rsi-ETHUSDT-1675958400-X
BNB/USDT,pullback_rsi,2023-02-10 04:00,306.86,2023-02-10 20:00,308.44,signal,1.748,1.0761581200,1.6856818800,0.003143,16.00,tb-pullback_rsi-BNBUSDT-1675987200-B,tb-pullback_rsi-BNBUSDT-1676044800-S
LTC/USDT,pullback_rsi,2023-02-10 00:00,92.11,2023-02-10 20:00,94.05,signal,4.315,0.8037409500,7.5673590500,0.019040,20.00,tb-pullback_rsi-LTCUSDT-1675972800-B,tb-pullback_rsi-LTCUSDT-1676044800-S
LTC/USDT,pullback_rsi,2023-02-13 16:00,91.05,2023-02-14 08:00,91.43,signal,5.274,0.9629458200,1.0411741800,0.002168,16.00,tb-pullback_rsi-LTCUSDT-1676289600-B,tb-pullback_rsi-LTCUSDT-1676347200-S
BNB/USDT,pullback_rsi,2023-02-17 04:00,309.86,2023-02-17 20:00,314.74,signal,1.337,0.8357099200,5.6888500800,0.013732,16.00,tb-pullback_rsi-BNBUSDT-1676592000-B,tb-pullback_rsi-BNBUSDT-1676649600-S
SOL/USDT,pullback_rsi,2023-02-17 04:00,22.70,2023-02-17 20:00,23.44,signal,13.453,0.6210392200,9.3341807800,0.030565,16.00,tb-pullback_rsi-SOLUSDT-1676592000-B,tb-pullback_rsi-SOLUSDT-1676649600-S
ADA/USDT,pullback_rsi,2023-02-21 08:00,0.4042,2023-02-22 03:59,0.3852,stop,1297.3,1.024614080000,-25.673314080000,-0.048960,20.00,tb-pullback_rsi-ADAUSDT-1676952000-B,tb-pullback_rsi-ADAUSDT-1677024000-X
LTC/USDT,pullback_rsi,2023-02-21 00:00,95.95,2023-02-22 04:00,94.97,signal,5.056,0.9658672200,-5.9207472200,-0.012205,28.00,tb-pullback_rsi-LTCUSDT-1676923200-B,tb-pullback_rsi-LTCUSDT-1677024000-S
ADA/USDT,pullback_rsi,2023-02-22 12:00,0.3861,2023-02-23 00:00,0.3887,signal,1170.3,0.907211760000,2.135568240000,0.004726,12.00,tb-pullback_rsi-ADAUSDT-1677052800-B,tb-pullback_rsi-ADAUSDT-1677096000-S
BTC/USDT,pullback_rsi,2023-02-22 12:00,24172.96,2023-02-23 00:00,24170.11,signal,0.02349,1.1363038992,-1.2032503992,-0.002119,12.00,tb-pullback_rsi-BTCUSDT-1677052800-B,tb-pullback_rsi-BTCUSDT-1677096000-S
ADA/USDT,pullback_rsi,2023-02-24 08:00,0.3815,2023-02-24 12:00,0.3835,signal,1297.8,0.993312950000,1.602287050000,0.003236,4.00,tb-pullback_rsi-ADAUSDT-1677211200-B,tb-pullback_rsi-ADAUSDT-1677225600-S
ETH/USDT,pullback_rsi,2023-02-24 20:00,1611.64,2023-02-26 04:00,1601.94,signal,0.3240,1.0418445760,-4.1846445760,-0.008014,32.00,tb-pullback_rsi-ETHUSDT-1677254400-B,tb-pullback_rsi-ETHUSDT-1677369600-S
LINK/USDT,pullback_rsi,2023-02-24 20:00,7.681,2023-02-26 04:00,7.413,signal,38.88,0.58716196000,-11.00700196000,-0.036857,32.00,tb-pullback_rs-LINKUSDT-1677254400-B,tb-pullback_rs-LINKUSDT-1677369600-S
LINK/USDT,pullback_rsi,2023-02-27 16:00,7.373,2023-02-28 12:00,7.323,signal,54.76,0.80519534000,-3.54319534000,-0.008776,20.00,tb-pullback_rs-LINKUSDT-1677499200-B,tb-pullback_rs-LINKUSDT-1677571200-S
LTC/USDT,pullback_rsi,2023-02-28 00:00,94.12,2023-02-28 12:00,94.98,signal,6.547,1.2386965400,4.3917234600,0.007127,12.00,tb-pullback_rsi-LTCUSDT-1677528000-B,tb-pullback_rsi-LTCUSDT-1677571200-S
LTC/USDT,pullback_rsi,2023-03-02 20:00,94.98,2023-03-03 03:59,91.12,stop,6.335,1.1796083600,-25.6327083600,-0.042601,8.00,tb-pullback_rsi-LTCUSDT-1677772800-B,tb-pullback_rsi-LTCUSDT-1677801600-X
LINK/USDT,pullback_rsi,2023-03-02 20:00,7.278,2023-03-03 03:59,6.881,stop,61.46,0.87072160000,-25.27034160000,-0.056495,8.00,tb-pullback_rs-LINKUSDT-1677772800-B,tb-pullback_rs-LINKUSDT-1677801600-X
BTC/USDT,pullback_rsi,2023-03-16 08:00,24628.10,2023-03-16 12:00,24813.91,signal,0.01387,0.6862532390,1.8909314610,0.005536,4.00,tb-pullback_rsi-BTCUSDT-1678939200-B,tb-pullback_rsi-BTCUSDT-1678953600-S
ETH/USDT,pullback_rsi,2023-03-15 20:00,1648.83,2023-03-16 12:00,1659.53,signal,0.1998,0.6615049730,1.4763550270,0.004481,16.00,tb-pullback_rsi-ETHUSDT-1678896000-B,tb-pullback_rsi-ETHUSDT-1678953600-S
BNB/USDT,pullback_rsi,2023-03-18 20:00,336.47,2023-03-19 12:00,337.03,signal,1.240,0.8358129400,-0.1414129400,-0.000339,16.00,tb-pullback_rsi-BNBUSDT-1679155200-B,tb-pullback_rsi-BNBUSDT-1679212800-S
LINK/USDT,pullback_rsi,2023-03-18 20:00,7.037,2023-03-19 12:00,7.097,signal,48.00,0.67878385000,2.20121615000,0.006517,16.00,tb-pullback_rs-LINKUSDT-1679155200-B,tb-pullback_rs-LINKUSDT-1679212800-S
XRP/USDT,pullback_rsi,2023-03-21 04:00,0.3819,2023-03-21 08:00,0.3863,signal,1082.4,0.831919770000,3.930640230000,0.009509,4.00,tb-pullback_rsi-XRPUSDT-1679356800-B,tb-pullback_rsi-XRPUSDT-1679371200-S
ETH/USDT,pullback_rsi,2023-03-21 04:00,1747.02,2023-03-21 12:00,1760.45,signal,0.2378,0.8346004720,2.3590535280,0.005678,8.00,tb-pullback_rsi-ETHUSDT-1679356800-B,tb-pullback_rsi-ETHUSDT-1679385600-S
XRP/USDT,pullback_rsi,2023-03-23 00:00,0.4216,2023-03-23 08:00,0.4466,signal,521.1,0.452671980000,12.574828020000,0.057237,8.00,tb-pullback_rsi-XRPUSDT-1679515200-B,tb-pullback_rsi-XRPUSDT-1679544000-S
BNB/USDT,pullback_rsi,2023-03-22 16:00,327.97,2023-03-23 12:00,325.13,signal,1.470,0.9607129400,-5.1355129400,-0.010652,20.00,tb-pullback_rsi-BNBUSDT-1679486400-B,tb-pullback_rsi-BNBUSDT-1679558400-S
BNB/USDT,pullback_rsi,2023-03-24 20:00,322.37,2023-03-25 04:00,323.73,signal,1.709,1.1048296400,1.2194103600,0.002213,8.00,tb-pullback_rsi-BNBUSDT-1679673600-B,tb-pullback_rsi-BNBUSDT-1679702400-S
XRP/USDT,pullback_rsi,2023-03-24 08:00,0.4335,2023-03-25 04:00,0.4300,signal,545.7,0.471472050000,-2.381422050000,-0.010067,20.00,tb-pullback_rsi-XRPUSDT-1679630400-B,tb-pullback_rsi-XRPUSDT-1679702400-S
LINK/USDT,pullback_rsi,2023-03-25 16:00,7.135,2023-03-26 04:00,7.123,signal,53.99,0.77021752000,-1.41809752000,-0.003681,12.00,tb-pullback_rs-LINKUSDT-1679745600-B,tb-pullback_rs-LINKUSDT-1679788800-S
ADA/USDT,pullback_rsi,2023-03-26 00:00,0.3515,2023-03-26 12:00,0.3579,signal,1060.6,0.752776290000,6.035063710000,0.016188,12.00,tb-pullback_rsi-ADAUSDT-1679774400-B,tb-pullback_rsi-ADAUSDT-1679817600-S
ADA/USDT,pullback_rsi,2023-03-27 12:00,0.3530,2023-03-28 08:00,0.3486,signal,1260.4,0.884755540000,-6.430515540000,-0.014453,20.00,tb-pullback_rsi-ADAUSDT-1679904000-B,tb-pullback_rsi-ADAUSDT-1679976000-S
BTC/USDT,pullback_rsi,2023-03-27 20:00,26982.42,2023-03-28 20:00,27412.26,signal,0.01991,1.0835377306,7.4745766694,0.013913,24.00,tb-pullback_rsi-BTCUSDT-1679932800-B,tb-pullback_rsi-BTCUSDT-1680019200-S
BNB/USDT,pullback_rsi,2023-03-30 08:00,315.66,2023-03-30 12:00,317.14,signal,1.926,1.2194041200,1.6310758800,0.002683,4.00,tb-pullback_rsi-BNBUSDT-1680148800-B,tb-pullback_rsi-BNBUSDT-1680163200-S
LINK/USDT,pullback_rsi,2023-03-31 00:00,7.234,2023-03-31 04:00,7.379,signal,63.42,0.92726284000,8.26863716000,0.018023,4.00,tb-pullback_rs-LINKUSDT-1680206400-B,tb-pullback_rs-LINKUSDT-1680220800-S
LTC/USDT,pullback_rsi,2023-03-31 00:00,89.11,2023-03-31 04:00,89.71,signal,4.436,0.7936910700,1.8679089300,0.004725,4.00,tb-pullback_rsi-LTCUSDT-1680206400-B,tb-pullback_rsi-LTCUSDT-1680220800-S
BNB/USDT,pullback_rsi,2023-03-31 12:00,316.06,2023-03-31 20:00,316.54,signal,2.216,1.4027897800,-0.3391097800,-0.000484,8.00,tb-pullback_rsi-BNBUSDT-1680249600-B,tb-pullback_rsi-BNBUSDT-1680278400-S
BNB/USDT,pullback_rsi,2023-04-01 12:00,314.56,2023-04-02 00:00,314.74,signal,2.581,1.6251669800,-1.1605869800,-0.001430,12.00,tb-pullback_rsi-BNBUSDT-1680336000-B,tb-pullback_rsi-BNBUSDT-1680379200-S
XRP/USDT,pullback_rsi,2023-04-01 12:00,0.5156,2023-04-02 08:00,0.5137,signal,492.3,0.506982190000,-1.442352190000,-0.005682,20.00,tb-pullback_rsi-XRPUSDT-1680336000-B,tb-pullback_rsi-XRPUSDT-1680408000-S
ADA/USDT,pullback_rsi,2023-04-03 00:00,0.3818,2023-04-03 08:00,0.3945,signal,1233.7,0.958217650000,14.709772350000,0.031229,8.00,tb-pullback_rsi-ADAUSDT-1680465600-B,tb-pullback_rsi-ADAUSDT-1680494400-S
LINK/USDT,pullback_rsi,2023-04-03 00:00,7.259,2023-04-03 12:00,7.295,signal,75.62,1.10115420000,1.62116580000,0.002953,12.00,tb-pullback_rs-LINKUSDT-1680465600-B,tb-pullback_rs-LINKUSDT-1680508800-S
XRP/USDT,pullback_rsi,2023-04-04 08:00,0.4966,2023-04-04 20:00,0.5048,signal,667.9,0.669182680000,4.807597320000,0.014495,12.00,tb-pullback_rsi-XRPUSDT-1680580800-B,tb-pullback_rsi-XRPUSDT-1680624000-S
BTC/USDT,pullback_rsi,2023-04-06 12:00,27959.49,2023-04-06 16:00,28076.34,signal,0.02555,1.4325542442,1.5529632558,0.002174,4.00,tb-pullback_rsi-BTCUSDT-1680768000-B,tb-pullback_rsi-BTCUSDT-1680782400-S
ADA/USDT,pullback_rsi,2023-04-06 16:00,0.3849,2023-04-07 16:00,0.3839,signal,1178.6,0.906569560000,-2.085169560000,-0.004596,24.00,tb-pullback_rsi-ADAUSDT-1680782400-B,tb-pullback_rsi-ADAUSDT-1680868800-S
LTC/USDT,pullback_rsi,2023-04-07 12:00,89.96,2023-04-07 16:00,90.50,signal,5.902,1.0656146800,2.1214653200,0.003996,4.00,tb-pullback_rsi-LTCUSDT-1680854400-B,tb-pullback_rsi-LTCUSDT-1680868800-S
LTC/USDT,pullback_rsi,2023-04-09 00:00,89.96,2023-04-09 04:00,90.62,signal,7.833,1.4152028200,3.7545771800,0.005328,4.00,tb-pullback_rsi-LTCUSDT-1680984000-B,tb-pullback_rsi-LTCUSDT-1680998400-S
ETH/USDT,pullback_rsi,2023-04-09 12:00,1840.14,2023-04-09 20:00,1855.46,signal,0.4726,1.7474606340,5.4927713660,0.006316,8.00,tb-pullback_rsi-ETHUSDT-1681027200-B,tb-pullback_rsi-ETHUSDT-1681056000-S
XRP/USDT,pullback_rsi,2023-04-09 04:00,0.5065,2023-04-09 20:00,0.5053,signal,1203.1,1.217955030000,-2.661675030000,-0.004368,16.00,tb-pullback_rsi-XRPUSDT-1680998400-B,tb-pullback_rsi-XRPUSDT-1681056000-S
ETH/USDT,pullback_rsi,2023-04-12 08:00,1871.24,2023-04-12 16:00,1911.22,signal,0.4204,1.5910818060,15.2165101940,0.019343,8.00,tb-pullback_rsi-ETHUSDT-1681272000-B,tb-pullback_rsi-ETHUSDT-1681300800-S
XRP/USDT,pullback_rsi,2023-04-12 20:00,0.5030,2023-04-13 00:00,0.5046,signal,1307.1,1.317738160000,0.773621840000,0.001177,4.00,tb-pullback_rsi-XRPUSDT-1681315200-B,tb-pullback_rsi-XRPUSDT-1681329600-S
LTC/USDT,pullback_rsi,2023-04-12 08:00,92.12,2023-04-13 04:00,92.42,signal,6.318,1.1665685600,0.7288314400,0.001252,20.00,tb-pullback_rsi-LTCUSDT-1681272000-B,tb-pullback_rsi-LTCUSDT-1681344000-S
SOL/USDT,pullback_rsi,2023-04-16 00:00,24.07,2023-04-16 04:00,24.30,signal,15.617,0.7557794100,2.8361305900,0.007545,4.00,tb-pullback_rsi-SOLUSDT-1681588800-B,tb-pullback_rsi-SOLUSDT-1681603200-S
XRP/USDT,pullback_rsi,2023-04-16 08:00,0.5201,2023-04-16 20:00,0.5205,signal,1249.1,1.300489590000,-0.800849590000,-0.001233,12.00,tb-pullback_rsi-XRPUSDT-1681617600-B,tb-pullback_rsi-XRPUSDT-1681660800-S
BTC/USDT,pullback_rsi,2023-04-16 08:00,30360.15,2023-04-17 11:59,29663.66,stop,0.03555,2.1350608485,-26.8952803485,-0.024919,28.00,tb-pullback_rsi-BTCUSDT-1681617600-B,tb-pullback_rsi-BTCUSDT-1681718400-X
ADA/USDT,pullback_rsi,2023-04-17 12:00,0.4429,2023-04-18 08:00,0.4417,signal,1042.4,0.922594230000,-2.173474230000,-0.004708,20.00,tb-pullback_rsi-ADAUSDT-1681718400-B,tb-pullback_rsi-ADAUSDT-1681790400-S
BTC/USDT,pullback_rsi,2023-04-17 20:00,29481.99,2023-04-18 08:00,29760.72,signal,0.03287,1.9484871609,7.2133679391,0.007444,12.00,tb-pullback_rsi-BTCUSDT-1681747200-B,tb-pullback_rsi-BTCUSDT-1681790400-S
ADA/USDT,pullback_rsi,2023-04-19 16:00,0.4211,2023-04-20 19:59,0.3966,stop,996.6,0.815340920000,-25.232040920000,-0.060124,28.00,tb-pullback_rsi-ADAUSDT-1681905600-B,tb-pullback_rsi-ADAUSDT-1682006400-X
SOL/USDT,pullback_rsi,2023-04-19 16:00,23.36,2023-04-21 16:00,21.85,signal,12.817,0.5797602500,-19.9334302500,-0.066577,48.00,tb-pullback_rsi-SOLUSDT-1681905600-B,tb-pullback_rsi-SOLUSDT-1682078400-S
BTC/USDT,pullback_rsi,2023-04-21 00:00,28257.78,2023-04-21 19:59,27183.07,stop,0.02268,1.2582462138,-25.6326690138,-0.039996,20.00,tb-pullback_rsi-BTCUSDT-1682020800-B,tb-pullback_rsi-BTCUSDT-1682092800-X
ADA/USDT,pullback_rsi,2023-04-30 08:00,0.4014,2023-04-30 16:00,0.4066,signal,1417.8,1.146184500000,6.226375500000,0.010941,8.00,tb-pullback_rsi-ADAUSDT-1682827200-B,tb-pullback_rsi-ADAUSDT-1682856000-S
BTC/USDT,pullback_rsi,2023-04-30 08:00,29281.07,2023-04-30 16:00,29640.35,signal,0.02559,1.5086775734,7.6852976266,0.010257,8.00,tb-pullback_rsi-BTCUSDT-1682827200-B,tb-pullback_rsi-BTCUSDT-1682856000-S
SOL/USDT,pullback_rsi,2023-05-01 08:00,22.36,2023-05-02 12:00,21.97,signal,17.261,0.7655826100,-7.4973726100,-0.019425,28.00,tb-pullback_rsi-SOLUSDT-1682913600-B,tb-pullback_rsi-SOLUSDT-1683014400-S
BTC/USDT,pullback_rsi,2023-05-01 08:00,28643.40,2023-05-02 16:00,28526.41,signal,0.02152,1.2311536100,-3.7487784100,-0.006082,32.00,tb-pullback_rsi-BTCUSDT-1682913600-B,tb-pullback_rsi-BTCUSDT-1683028800-S
BTC/USDT,pullback_rsi,2023-05-06 20:00,28857.25,2023-05-07 16:00,28928.18,signal,0.02296,1.3276191875,0.3009336125,0.000454,20.00,tb-pullback_rsi-BTCUSDT-1683388800-B,tb-pullback_rsi-BTCUSDT-1683460800-S
ETH/USDT,pullback_rsi,2023-05-06 20:00,1898.89,2023-05-07 16:00,1915.97,signal,0.2979,1.1370164580,3.9511155420,0.006985,20.00,tb-pullback_rsi-ETHUSDT-1683388800-B,tb-pullback_rsi-ETHUSDT-1683460800-S
LTC/USDT,pullback_rsi,2023-06-24 20:00,89.18,2023-06-26 12:00,88.04,signal,3.864,0.6851348000,-5.0900948000,-0.014771,40.00,tb-pullback_rsi-LTCUSDT-1687622400-B,tb-pullback_rsi-LTCUSDT-1687766400-S
BTC/USDT,pullback_rsi,2023-06-26 00:00,30477.91,2023-06-27 04:00,30356.37,signal,0.02391,1.4554619754,-4.3614833754,-0.005985,28.00,tb-pullback_rsi-BTCUSDT-1687723200-B,tb-pullback_rsi-BTCUSDT-1687824000-S
LINK/USDT,pullback_rsi,2023-06-28 12:00,5.997,2023-06-29 12:00,6.131,signal,68.75,0.83421979000,8.37828021000,0.020321,24.00,tb-pullback_rs-LINKUSDT-1687939200-B,tb-pullback_rs-LINKUSDT-1688025600-S
LTC/USDT,pullback_rsi,2023-06-28 12:00,85.74,2023-06-29 12:00,85.53,signal,5.040,0.8637152400,-1.9221152400,-0.004448,24.00,tb-pullback_rsi-LTCUSDT-1687939200-B,tb-pullback_rsi-LTCUSDT-1688025600-S
LINK/USDT,pullback_rsi,2023-07-04 12:00,6.531,2023-07-05 04:00,6.549,signal,69.90,0.91474917000,0.34345083000,0.000752,16.00,tb-pullback_rs-LINKUSDT-1688457600-B,tb-pullback_rs-LINKUSDT-1688515200-S
LTC/USDT,pullback_rsi,2023-07-03 16:00,109.47,2023-07-05 15:59,99.01,stop,2.306,0.4810832900,-24.6018432900,-0.097457,48.00,tb-pullback_rsi-LTCUSDT-1688385600-B,tb-pullback_rsi-LTCUSDT-1688558400-X
LTC/USDT,pullback_rsi,2023-07-05 20:00,100.58,2023-07-06 00:00,102.54,signal,2.725,0.5538037400,4.7871962600,0.017466,4.00,tb-pullback_rsi-LTCUSDT-1688572800-B,tb-pullback_rsi-LTCUSDT-1688587200-S
ETH/USDT,pullback_rsi,2023-07-05 20:00,1908.67,2023-07-06 08:00,1924.12,signal,0.4593,1.7613547860,5.3348302140,0.006085,12.00,tb-pullback_rsi-ETHUSDT-1688572800-B,tb-pullback_rsi-ETHUSDT-1688616000-S
LINK/USDT,pullback_rsi,2023-07-07 04:00,6.157,2023-07-07 16:00,6.208,signal,69.15,0.85547074000,2.67117926000,0.006274,12.00,tb-pullback_rs-LINKUSDT-1688688000-B,tb-pullback_rs-LINKUSDT-1688731200-S
LTC/USDT,pullback_rsi,2023-07-07 04:00,97.25,2023-07-07 16:00,97.66,signal,2.696,0.5257691100,0.5795908900,0.002211,12.00,tb-pullback_rsi-LTCUSDT-1688688000-B,tb-pullback_rsi-LTCUSDT-1688731200-S
BTC/USDT,pullback_rsi,2023-07-09 00:00,30299.78,2023-07-09 04:00,30272.84,signal,0.03300,2.0001084512,-2.8891284512,-0.002889,4.00,tb-pullback_rsi-BTCUSDT-1688846400-B,tb-pullback_rsi-BTCUSDT-1688860800-S
ETH/USDT,pullback_rsi,2023-07-09 00:00,1866.18,2023-07-09 04:00,1866.91,signal,0.4868,1.8182013040,-1.4628373040,-0.001610,4.00,tb-pullback_rsi-ETHUSDT-1688846400-B,tb-pullback_rsi-ETHUSDT-1688860800-S
LTC/USDT,pullback_rsi,2023-07-10 12:00,95.06,2023-07-10 16:00,95.17,signal,4.435,0.8441453500,-0.3562953500,-0.000845,4.00,tb-pullback_rsi-LTCUSDT-1688976000-B,tb-pullback_rsi-LTCUSDT-1688990400-S
SOL/USDT,pullback_rsi,2023-07-10 12:00,20.82,2023-07-10 16:00,21.14,signal,14.857,0.6237120200,4.1305279800,0.013353,4.00,tb-pullback_rsi-SOLUSDT-1688976000-B,tb-pullback_rsi-SOLUSDT-1688990400-S
LTC/USDT,pullback_rsi,2023-07-13 00:00,96.26,2023-07-13 08:00,100.24,signal,5.306,1.0432065600,20.0746734400,0.039304,8.00,tb-pullback_rsi-LTCUSDT-1689192000-B,tb-pullback_rsi-LTCUSDT-1689220800-S
BTC/USDT,pullback_rsi,2023-07-13 00:00,30395.19,2023-07-13 12:00,30528.71,signal,0.03348,2.0409479788,2.4293016212,0.002387,12.00,tb-pullback_rsi-BTCUSDT-1689192000-B,tb-pullback_rsi-BTCUSDT-1689235200-S
ADA/USDT,pullback_rsi,2023-07-15 00:00,0.3280,2023-07-15 08:00,0.3345,signal,748.9,0.496408650000,4.371441350000,0.017796,8.00,tb-pullback_rsi-ADAUSDT-1689364800-B,tb-pullback_rsi-ADAUSDT-1689393600-S
LTC/USDT,pullback_rsi,2023-07-15 00:00,95.17,2023-07-17 00:00,92.84,signal,3.417,0.6428108500,-8.6044208500,-0.026459,48.00,tb-pullback_rsi-LTCUSDT-1689364800-B,tb-pullback_rsi-LTCUSDT-1689537600-S
LINK/USDT,pullback_rsi,2023-07-17 04:00,6.710,2023-07-17 20:00,6.891,signal,66.84,0.90956054000,11.18847946000,0.024947,16.00,tb-pullback_rs-LINKUSDT-1689552000-B,tb-pullback_rs-LINKUSDT-1689609600-S
ADA/USDT,pullback_rsi,2023-07-16 08:00,0.3210,2023-07-18 08:00,0.3061,signal,969.8,0.608482580000,-15.058502580000,-0.048372,48.00,tb-pullback_rsi-ADAUSDT-1689480000-B,tb-pullback_rsi-ADAUSDT-1689652800-S
ADA/USDT,pullback_rsi,2023-07-18 16:00,0.3049,2023-07-19 00:00,0.3092,signal,1199.2,0.736825090000,4.419734910000,0.012088,8.00,tb-pullback_rsi-ADAUSDT-1689681600-B,tb-pullback_rsi-ADAUSDT-1689710400-S
ETH/USDT,pullback_rsi,2023-07-18 00:00,1912.17,2023-07-19 04:00,1911.52,signal,0.4146,1.5862579570,-1.8557479570,-0.002341,28.00,tb-pullback_rsi-ETHUSDT-1689624000-B,tb-pullback_rsi-ETHUSDT-1689724800-S
XRP/USDT,pullback_rsi,2023-07-20 20:00,0.7934,2023-07-21 20:00,0.7836,signal,314.6,0.496441560000,-3.579521560000,-0.014341,24.00,tb-pullback_rsi-XRPUSDT-1689868800-B,tb-pullback_rsi-XRPUSDT-1689955200-S
ADA/USDT,pullback_rsi,2023-07-21 04:00,0.3172,2023-07-22 16:00,0.3135,signal,1193.4,0.753058020000,-5.168638020000,-0.013654,36.00,tb-pullback_rsi-ADAUSDT-1689897600-B,tb-pullback_rsi-ADAUSDT-1690027200-S
BNB/USDT,pullback_rsi,2023-10-18 04:00,212.51,2023-10-18 08:00,212.49,signal,4.303,1.8298375500,-1.9158975500,-0.002095,4.00,tb-pullback_rsi-BNBUSDT-1697587200-B,tb-pullback_rsi-BNBUSDT-1697601600-S
LINK/USDT,pullback_rsi,2023-10-18 04:00,7.348,2023-10-18 12:00,7.436,signal,75.73,1.12018016000,5.54405984000,0.009963,8.00,tb-pullback_rs-LINKUSDT-1697587200-B,tb-pullback_rs-LINKUSDT-1697616000-S
SOL/USDT,pullback_rsi,2023-10-18 20:00,23.72,2023-10-19 08:00,23.84,signal,20.735,0.9866547200,1.5015452800,0.003053,12.00,tb-pullback_rsi-SOLUSDT-1697644800-B,tb-pullback_rsi-SOLUSDT-1697688000-S
BTC/USDT,pullback_rsi,2023-10-19 00:00,28334.16,2023-10-19 12:00,28436.47,signal,0.02857,1.6227869260,1.3002097740,0.001606,12.00,tb-pullback_rsi-BTCUSDT-1697659200-B,tb-pullback_rsi-BTCUSDT-1697702400-S
XRP/USDT,pullback_rsi,2023-10-22 16:00,0.5187,2023-10-22 20:00,0.5200,signal,1194.7,1.241557330000,0.311552670000,0.000503,4.00,tb-pullback_rsi-XRPUSDT-1697976000-B,tb-pullback_rsi-XRPUSDT-1697990400-S
XRP/USDT,pullback_rsi,2023-10-25 12:00,0.5521,2023-10-25 16:00,0.5583,signal,713.0,0.792156880000,3.628443120000,0.009217,4.00,tb-pullback_rsi-XRPUSDT-1698220800-B,tb-pullback_rsi-XRPUSDT-1698235200-S
LINK/USDT,pullback_rsi,2023-10-26 20:00,10.710,2023-10-27 00:00,10.921,signal,16.75,0.36253345000,3.17171655000,0.017680,4.00,tb-pullback_rs-LINKUSDT-1698336000-B,tb-pullback_rs-LINKUSDT-1698350400-S
XRP/USDT,pullback_rsi,2023-10-26 20:00,0.5513,2023-10-27 16:00,0.5544,signal,754.2,0.834359980000,1.503660020000,0.003616,20.00,tb-pullback_rsi-XRPUSDT-1698336000-B,tb-pullback_rsi-XRPUSDT-1698408000-S
BTC/USDT,pullback_rsi,2023-10-28 00:00,33908.96,2023-10-28 04:00,34042.96,signal,0.01717,1.1674126424,1.1333673576,0.001947,4.00,tb-pullback_rsi-BTCUSDT-1698436800-B,tb-pullback_rsi-BTCUSDT-1698451200-S
SOL/USDT,pullback_rsi,2023-10-29 00:00,31.64,2023-10-29 08:00,32.27,signal,9.654,0.6173035400,5.4647164600,0.017891,8.00,tb-pullback_rsi-SOLUSDT-1698523200-B,tb-pullback_rsi-SOLUSDT-1698552000-S
LINK/USDT,pullback_rsi,2023-10-29 08:00,11.021,2023-10-29 16:00,11.051,signal,22.09,0.48790111000,0.17479889000,0.000718,8.00,tb-pullback_rs-LINKUSDT-1698552000-B,tb-pullback_rs-LINKUSDT-1698580800-S
BNB/USDT,pullback_rsi,2023-10-31 12:00,228.22,2023-11-01 20:00,226.48,signal,3.663,1.6664789800,-8.0400989800,-0.009618,32.00,tb-pullback_rsi-BNBUSDT-1698739200-B,tb-pullback_rsi-BNBUSDT-1698854400-S
LTC/USDT,pullback_rsi,2023-11-01 20:00,68.46,2023-11-02 00:00,69.93,signal,6.980,0.9664414200,9.2941585800,0.019450,4.00,tb-pullback_rsi-LTCUSDT-1698854400-B,tb-pullback_rsi-LTCUSDT-1698868800-S
ETH/USDT,pullback_rsi,2023-11-02 20:00,1813.28,2023-11-03 16:00,1812.09,signal,0.3438,1.2471275160,-1.6562495160,-0.002657,20.00,tb-pullback_rsi-ETHUSDT-1698940800-B,tb-pullback_rsi-ETHUSDT-1699012800-S
BTC/USDT,pullback_rsi,2023-11-03 16:00,34781.10,2023-11-04 08:00,34750.60,signal,0.01876,1.3051103180,-1.8772903180,-0.002877,16.00,tb-pullback_rsi-BTCUSDT-1699012800-B,tb-pullback_rsi-BTCUSDT-1699070400-S
SOL/USDT,pullback_rsi,2023-11-05 20:00,40.78,2023-11-07 00:00,42.13,signal,6.319,0.5241937500,8.0064562500,0.031070,28.00,tb-pullback_rsi-SOLUSDT-1699200000-B,tb-pullback_rsi-SOLUSDT-1699300800-S
BTC/USDT,pullback_rsi,2023-11-07 16:00,34738.60,2023-11-07 20:00,35436.25,signal,0.02639,1.8529564520,16.5580270480,0.018062,4.00,tb-pullback_rsi-BTCUSDT-1699358400-B,tb-pullback_rsi-BTCUSDT-1699372800-S
ETH/USDT,pullback_rsi,2023-11-07 20:00,1895.17,2023-11-08 16:00,1888.17,signal,0.3593,1.3601121290,-3.8752121290,-0.005691,20.00,tb-pullback_rsi-ETHUSDT-1699372800-B,tb-pullback_rsi-ETHUSDT-1699444800-S
LTC/USDT,pullback_rsi,2023-11-10 00:00,73.89,2023-11-11 00:00,73.23,signal,4.923,0.7246412100,-3.9738212100,-0.010924,24.00,tb-pullback_rsi-LTCUSDT-1699560000-B,tb-pullback_rsi-LTCUSDT-1699646400-S
XRP/USDT,pullback_rsi,2023-11-10 00:00,0.6671,2023-11-11 12:00,0.6670,signal,413.0,0.551316850000,-0.592616850000,-0.002151,36.00,tb-pullback_rsi-XRPUSDT-1699560000-B,tb-pullback_rsi-XRPUSDT-1699689600-S
ETH/USDT,pullback_rsi,2023-11-11 08:00,2055.97,2023-11-11 16:00,2066.96,signal,0.2572,1.0610343850,1.7655936150,0.003339,8.00,tb-pullback_rsi-ETHUSDT-1699675200-B,tb-pullback_rsi-ETHUSDT-1699704000-S
BNB/USDT,pullback_rsi,2023-11-13 08:00,245.83,2023-11-13 16:00,246.97,signal,2.389,1.1780366900,1.5454233100,0.002631,8.00,tb-pullback_rsi-BNBUSDT-1699848000-B,tb-pullback_rsi-BNBUSDT-1699876800-S
XRP/USDT,pullback_rsi,2023-11-13 08:00,0.6566,2023-11-14 00:00,0.6697,signal,595.1,0.789675090000,7.006134910000,0.017930,16.00,tb-pullback_rsi-XRPUSDT-1699848000-B,tb-pullback_rsi-XRPUSDT-1699905600-S
SOL/USDT,pullback_rsi,2023-11-14 04:00,54.06,2023-11-14 16:00,56.19,signal,2.720,0.3000421800,5.4935578200,0.037360,12.00,tb-pullback_rsi-SOLUSDT-1699920000-B,tb-pullback_rsi-SOLUSDT-1699963200-S
LINK/USDT,pullback_rsi,2023-11-14 04:00,14.646,2023-11-15 08:00,14.591,signal,13.77,0.40288641000,-1.16023641000,-0.005753,28.00,tb-pullback_rs-LINKUSDT-1699920000-B,tb-pullback_rs-LINKUSDT-1700020800-S
BTC/USDT,pullback_rsi,2023-11-15 00:00,35568.98,2023-11-15 12:00,36222.82,signal,0.01887,1.3554226422,10.9825381578,0.016363,12.00,tb-pullback_rsi-BTCUSDT-1699992000-B,tb-pullback_rsi-BTCUSDT-1700035200-S
BTC/USDT,pullback_rsi,2023-11-17 00:00,36181.60,2023-11-18 00:00,36595.60,signal,0.01551,1.1294980080,5.2916419920,0.009430,24.00,tb-pullback_rsi-BTCUSDT-1700164800-B,tb-pullback_rsi-BTCUSDT-1700251200-S
SOL/USDT,pullback_rsi,2023-11-16 20:00,62.38,2023-11-18 00:00,58.49,signal,2.732,0.3304039800,-10.9578839800,-0.064298,28.00,tb-pullback_rsi-SOLUSDT-1700150400-B,tb-pullback_rsi-SOLUSDT-1700251200-S
BNB/USDT,pullback_rsi,2023-11-19 16:00,243.73,2023-11-19 20:00,245.67,signal,2.804,1.3730087900,4.0667512100,0.005951,4.00,tb-pullback_rsi-BNBUSDT-1700395200-B,tb-pullback_rsi-BNBUSDT-1700409600-S
XRP/USDT,pullback_rsi,2023-11-21 04:00,0.6140,2023-11-21 19:59,0.5840,stop,813.9,0.975604800000,-25.392604800000,-0.050812,16.00,tb-pullback_rsi-XRPUSDT-1700524800-B,tb-pullback_rsi-XRPUSDT-1700582400-X
ETH/USDT,pullback_rsi,2023-11-22 04:00,1979.30,2023-11-22 08:00,1992.73,signal,0.2526,1.0039285700,2.3884894300,0.004777,4.00,tb-pullback_rsi-ETHUSDT-1700611200-B,tb-pullback_rsi-ETHUSDT-1700625600-S
SOL/USDT,pullback_rsi,2023-11-21 12:00,56.31,2023-11-22 16:00,54.91,signal,4.166,0.4636240700,-6.2960240700,-0.026839,28.00,tb-pullback_rsi-SOLUSDT-1700553600-B,tb-pullback_rsi-SOLUSDT-1700654400-S
SOL/USDT,pullback_rsi,2023-11-26 20:00,57.23,2023-11-27 19:59,53.46,stop,6.442,0.7134655900,-24.9998055900,-0.067810,24.00,tb-pullback_rsi-SOLUSDT-1701014400-B,tb-pullback_rsi-SOLUSDT-1701100800-X
BTC/USDT,pullback_rsi,2023-11-27 20:00,36895.44,2023-11-28 00:00,37224.07,signal,0.02591,1.9215433636,6.5932599364,0.006897,4.00,tb-pullback_rsi-BTCUSDT-1701100800-B,tb-pullback_rsi-BTCUSDT-1701115200-S
LTC/USDT,pullback_rsi,2023-11-27 00:00,70.07,2023-11-28 00:00,69.18,signal,10.202,1.4213992700,-10.5011792700,-0.014690,24.00,tb-pullback_rsi-LTCUSDT-1701028800-B,tb-pullback_rsi-LTCUSDT-1701115200-S
ETH/USDT,pullback_rsi,2023-11-29 20:00,2039.91,2023-11-30 12:00,2044.44,signal,0.3456,1.4123673200,0.1532006800,0.000217,16.00,tb-pullback_rsi-ETHUSDT-1701273600-B,tb-pullback_rsi-ETHUSDT-1701331200-S
ADA/USDT,pullback_rsi,2023-11-29 20:00,0.3858,2023-12-01 04:00,0.3790,signal,1334.1,1.020859800000,-10.092739800000,-0.019609,32.00,tb-pullback_rsi-ADAUSDT-1701273600-B,tb-pullback_rsi-ADAUSDT-1701388800-S
ADA/USDT,pullback_rsi,2023-12-04 00:00,0.3950,2023-12-04 04:00,0.4027,signal,1729.1,1.380014070000,11.934055930000,0.017473,4.00,tb-pullback_rsi-ADAUSDT-1701633600-B,tb-pullback_rsi-ADAUSDT-1701648000-S
SOL/USDT,pullback_rsi,2023-12-04 20:00,61.07,2023-12-05 16:00,60.91,signal,5.679,0.6930908400,-1.6017308400,-0.004618,20.00,tb-pullback_rsi-SOLUSDT-1701705600-B,tb-pullback_rsi-SOLUSDT-1701777600-S
BTC/USDT,pullback_rsi,2023-12-07 16:00,43681.82,2023-12-08 12:00,43631.99,signal,0.01496,1.3070882336,-2.0525450336,-0.003141,20.00,tb-pullback_rsi-BTCUSDT-1701950400-B,tb-pullback_rsi-BTCUSDT-1702022400-S
LINK/USDT,pullback_rsi,2023-12-10 04:00,16.375,2023-12-11 00:00,16.359,signal,19.19,0.62849296000,-0.93553296000,-0.002977,20.00,tb-pullback_rs-LINKUSDT-1702166400-B,tb-pullback_rs-LINKUSDT-1702238400-S
BNB/USDT,pullback_rsi,2023-12-10 04:00,240.73,2023-12-11 03:59,231.26,stop,2.566,1.2118485300,-25.5118685300,-0.041301,24.00,tb-pullback_rsi-BNBUSDT-1702166400-B,tb-pullback_rsi-BNBUSDT-1702252800-X
BTC/USDT,pullback_rsi,2023-12-11 12:00,42365.19,2023-12-11 19:59,40756.93,stop,0.01506,1.2526664352,-25.4730620352,-0.039925,8.00,tb-pullback_rsi-BTCUSDT-1702281600-B,tb-pullback_rsi-BTCUSDT-1702310400-X
ADA/USDT,pullback_rsi,2023-12-12 00:00,0.5510,2023-12-12 04:00,0.5622,signal,340.1,0.378819720000,3.430300280000,0.018305,4.00,tb-pullback_rsi-ADAUSDT-1702324800-B,tb-pullback_rsi-ADAUSDT-1702339200-S
ETH/USDT,pullback_rsi,2023-12-11 12:00,2250.81,2023-12-13 03:59,2149.02,stop,0.2375,1.0456348680,-25.2207598680,-0.047180,40.00,tb-pullback_rsi-ETHUSDT-1702281600-B,tb-pullback_rsi-ETHUSDT-1702425600-X
SOL/USDT,pullback_rsi,2023-12-13 00:00,68.64,2023-12-13 16:00,67.53,signal,3.368,0.4588951200,-4.1973751200,-0.018156,16.00,tb-pullback_rsi-SOLUSDT-1702411200-B,tb-pullback_rsi-SOLUSDT-1702468800-S
BTC/USDT,pullback_rsi,2023-12-15 20:00,42117.13,2023-12-16 16:00,42582.68,signal,0.01328,1.1256558190,5.0568481810,0.009041,20.00,tb-pullback_rsi-BTCUSDT-1702656000-B,tb-pullback_rsi-BTCUSDT-1702728000-S
ETH/USDT,pullback_rsi,2023-12-15 20:00,2243.35,2023-12-16 16:00,2255.62,signal,0.2405,1.0826752900,1.8682597100,0.003463,20.00,tb-pullback_rsi-ETHUSDT-1702656000-B,tb-pullback_rsi-ETHUSDT-1702728000-S
ETH/USDT,pullback_rsi,2023-12-17 12:00,2217.09,2023-12-17 20:00,2233.39,signal,0.2970,1.3224576870,3.5186423130,0.005344,8.00,tb-pullback_rsi-ETHUSDT-1702800000-B,tb-pullback_rsi-ETHUSDT-1702828800-S
BNB/USDT,pullback_rsi,2023-12-17 12:00,241.63,2023-12-18 11:59,232.79,stop,2.730,1.2958914900,-25.4290914900,-0.038549,24.00,tb-pullback_rsi-BNBUSDT-1702800000-B,tb-pullback_rsi-BNBUSDT-1702886400-X
SOL/USDT,pullback_rsi,2023-12-18 12:00,69.06,2023-12-18 16:00,70.69,signal,3.567,0.4987644900,5.3154455100,0.021578,4.00,tb-pullback_rsi-SOLUSDT-1702886400-B,tb-pullback_rsi-SOLUSDT-1702900800-S
ADA/USDT,pullback_rsi,2023-12-18 16:00,0.5671,2023-12-18 20:00,0.5778,signal,442.7,0.507130780000,4.229759220000,0.016848,4.00,tb-pullback_rsi-ADAUSDT-1702900800-B,tb-pullback_rsi-ADAUSDT-1702915200-S
ADA/USDT,pullback_rsi,2023-12-20 04:00,0.5791,2023-12-20 08:00,0.5915,signal,487.2,0.570605870000,5.470674130000,0.019390,4.00,tb-pullback_rsi-ADAUSDT-1703030400-B,tb-pullback_rsi-ADAUSDT-1703044800-S
ETH/USDT,pullback_rsi,2023-12-20 00:00,2178.99,2023-12-20 08:00,2215.65,signal,0.2510,1.1037083370,8.0979516630,0.014806,8.00,tb-pullback_rsi-ETHUSDT-1703016000-B,tb-pullback_rsi-ETHUSDT-1703044800-S
BTC/USDT,pullback_rsi,2023-12-25 04:00,43174.36,2023-12-25 16:00,43596.20,signal,0.02024,1.7575313672,6.7805102328,0.007759,12.00,tb-pullback_rsi-BTCUSDT-1703462400-B,tb-pullback_rsi-BTCUSDT-1703505600-S
ETH/USDT,pullback_rsi,2023-12-25 04:00,2277.24,2023-12-25 16:00,2285.33,signal,0.2809,1.2823090880,0.9901719120,0.001548,12.00,tb-pullback_rsi-ETHUSDT-1703462400-B,tb-pullback_rsi-ETHUSDT-1703505600-S
BTC/USDT,pullback_rsi,2023-12-27 00:00,42530.19,2023-12-27 12:00,42997.60,signal,0.01861,1.5925227797,7.1059773203,0.008978,12.00,tb-pullback_rsi-BTCUSDT-1703620800-B,tb-pullback_rsi-BTCUSDT-1703664000-S
SOL/USDT,pullback_rsi,2023-12-26 12:00,114.87,2023-12-27 12:00,112.72,signal,1.614,0.3675600000,-3.8376600000,-0.020699,24.00,tb-pullback_rsi-SOLUSDT-1703577600-B,tb-pullback_rsi-SOLUSDT-1703664000-S
SOL/USDT,pullback_rsi,2023-12-28 20:00,101.16,2023-12-29 04:00,104.85,signal,1.676,0.3454750800,5.8389649200,0.034439,8.00,tb-pullback_rsi-SOLUSDT-1703779200-B,tb-pullback_rsi-SOLUSDT-1703808000-S
BTC/USDT,pullback_rsi,2023-12-28 20:00,42631.95,2023-12-29 12:00,42840.56,signal,0.01817,1.5538881505,2.2365555495,0.002887,16.00,tb-pullback_rsi-BTCUSDT-1703779200-B,tb-pullback_rsi-BTCUSDT-1703836800-S
BNB/USDT,pullback_rsi,2023-12-29 12:00,318.06,2023-12-30 08:00,318.14,signal,1.033,0.6578307200,-0.5751907200,-0.001751,20.00,tb-pullback_rsi-BNBUSDT-1703836800-B,tb-pullback_rsi-BNBUSDT-1703908800-S
SOL/USDT,pullback_rsi,2023-12-30 16:00,104.33,2023-12-31 08:00,103.92,signal,1.989,0.4144179100,-1.2299079100,-0.005927,16.00,tb-pullback_rsi-SOLUSDT-1703937600-B,tb-pullback_rsi-SOLUSDT-1703995200-S
LTC/USDT,pullback_rsi,2023-12-30 08:00,73.97,2023-12-31 12:00,73.87,signal,5.592,0.8271651000,-1.3863651000,-0.003352,28.00,tb-pullback_rsi-LTCUSDT-1703908800-B,tb-pullback_rsi-LTCUSDT-1704009600-S
ADA/USDT,pullback_rsi,2024-01-01 04:00,0.5958,2024-01-01 12:00,0.6027,signal,646.6,0.775367160000,3.686172840000,0.009568,8.00,tb-pullback_rsi-ADAUSDT-1704067200-B,tb-pullback_rsi-ADAUSDT-1704096000-S
BNB/USDT,pullback_rsi,2024-01-01 08:00,310.76,2024-01-01 16:00,312.34,signal,1.417,0.8835542200,1.3553057800,0.003078,8.00,tb-pullback_rsi-BNBUSDT-1704081600-B,tb-pullback_rsi-BNBUSDT-1704110400-S
ADA/USDT,pullback_rsi,2024-01-03 04:00,0.6095,2024-01-03 15:59,0.5758,stop,715.2,0.848214160000,-24.950454160000,-0.057237,12.00,tb-pullback_rsi-ADAUSDT-1704240000-B,tb-pullback_rsi-ADAUSDT-1704283200-X
LTC/USDT,pullback_rsi,2024-01-03 04:00,73.17,2024-01-03 15:59,70.32,stop,8.490,1.2188886300,-25.4153886300,-0.040912,12.00,tb-pullback_rsi-LTCUSDT-1704240000-B,tb-pullback_rsi-LTCUSDT-1704283200-X
BTC/USDT,pullback_rsi,2024-01-04 00:00,42866.66,2024-01-04 16:00,44029.07,signal,0.01080,0.9393312212,11.6146967788,0.025088,16.00,tb-pullback_rsi-BTCUSDT-1704312000-B,tb-pullback_rsi-BTCUSDT-1704369600-S
SOL/USDT,pullback_rsi,2024-01-04 00:00,98.57,2024-01-04 16:00,103.60,signal,1.862,0.3766376800,8.9892223200,0.048978,16.00,tb-pullback_rsi-SOLUSDT-1704312000-B,tb-pullback_rsi-SOLUSDT-1704369600-S
BNB/USDT,pullback_rsi,2024-01-06 12:00,307.16,2024-01-07 08:00,308.84,signal,1.256,0.7743103200,1.3357696800,0.003462,20.00,tb-pullback_rsi-BNBUSDT-1704528000-B,tb-pullback_rsi-BNBUSDT-1704600000-S
SOL/USDT,pullback_rsi,2024-01-06 00:00,99.98,2024-01-07 08:00,95.21,signal,2.103,0.4107845100,-10.4420945100,-0.049663,32.00,tb-pullback_rsi-SOLUSDT-1704484800-B,tb-pullback_rsi-SOLUSDT-1704600000-S
ETH/USDT,pullback_rsi,2024-01-09 20:00,2272.05,2024-01-10 00:00,2343.12,signal,0.2354,1.0870926350,15.6427853650,0.029248,4.00,tb-pullback_rsi-ETHUSDT-1704816000-B,tb-pullback_rsi-ETHUSDT-1704830400-S
BTC/USDT,pullback_rsi,2024-01-10 04:00,46140.16,2024-01-10 20:00,46465.94,signal,0.01005,0.9316141112,2.3424748888,0.005052,16.00,tb-pullback_rsi-BTCUSDT-1704844800-B,tb-pullback_rsi-BTCUSDT-1704902400-S
SOL/USDT,pullback_rsi,2024-01-10 20:00,96.35,2024-01-11 00:00,101.93,signal,2.203,0.4370998900,11.8556401100,0.055855,4.00,tb-pullback_rsi-SOLUSDT-1704902400-B,tb-pullback_rsi-SOLUSDT-1704916800-S
BTC/USDT,pullback_rsi,2024-01-12 08:00,46031.20,2024-01-12 19:59,43286.20,stop,0.00875,0.7819875620,-24.8007375620,-0.061575,12.00,tb-pullback_rsi-BTCUSDT-1705032000-B,tb-pullback_rsi-BTCUSDT-1705075200-X
BNB/USDT,pullback_rsi,2024-01-17 12:00,313.16,2024-01-18 08:00,311.44,signal,1.735,1.0843073200,-4.0685073200,-0.007488,20.00,tb-pullback_rsi-BNBUSDT-1705478400-B,tb-pullback_rsi-BNBUSDT-1705550400-S
ETH/USDT,pullback_rsi,2024-01-18 08:00,2540.26,2024-01-18 19:59,2449.92,stop,0.2666,1.3311440640,-25.4157880640,-0.037529,12.00,tb-pullback_rsi-ETHUSDT-1705550400-B,tb-pullback_rsi-ETHUSDT-1705593600-X
BNB/USDT,pullback_rsi,2024-01-31 08:00,307.16,2024-01-31 23:59,299.36,stop,3.100,1.8814406400,-26.0614406400,-0.027370,16.00,tb-pullback_rsi-BNBUSDT-1706673600-B,tb-pullback_rsi-BNBUSDT-1706731200-X
SOL/USDT,pullback_rsi,2024-02-03 20:00,98.21,2024-02-05 08:00,97.56,signal,3.565,0.6983128900,-3.0155628900,-0.008613,36.00,tb-pullback_rsi-SOLUSDT-1706976000-B,tb-pullback_rsi-SOLUSDT-1707105600-S
ADA/USDT,pullback_rsi,2024-02-10 16:00,0.5383,2024-02-10 20:00,0.5411,signal,959.5,1.036222600000,1.650377400000,0.003195,4.00,tb-pullback_rsi-ADAUSDT-1707566400-B,tb-pullback_rsi-ADAUSDT-1707580800-S
BNB/USDT,pullback_rsi,2024-02-10 16:00,321.37,2024-02-11 00:00,322.83,signal,2.825,1.8208291100,2.3036708900,0.002537,8.00,tb-pullback_rsi-BNBUSDT-1707566400-B,tb-pullback_rsi-BNBUSDT-1707595200-S
ADA/USDT,pullback_rsi,2024-02-12 00:00,0.5418,2024-02-12 16:00,0.5557,signal,910.0,0.999266800000,11.649733200000,0.023628,16.00,tb-pullback_rsi-ADAUSDT-1707681600-B,tb-pullback_rsi-ADAUSDT-1707739200-S
ETH/USDT,pullback_rsi,2024-02-12 08:00,2502.96,2024-02-12 16:00,2556.59,signal,0.3431,1.7369327900,16.6635202100,0.019404,8.00,tb-pullback_rsi-ETHUSDT-1707710400-B,tb-pullback_rsi-ETHUSDT-1707739200-S
BTC/USDT,pullback_rsi,2024-02-13 20:00,49061.26,2024-02-14 00:00,49674.75,signal,0.01246,1.2312319148,6.4128534852,0.010490,4.00,tb-pullback_rsi-BTCUSDT-1707840000-B,tb-pullback_rsi-BTCUSDT-1707854400-S
LINK/USDT,pullback_rsi,2024-02-14 00:00,19.879,2024-02-14 04:00,20.073,signal,19.33,0.77266974000,2.97735026000,0.007748,4.00,tb-pullback_rs-LINKUSDT-1707854400-B,tb-pullback_rs-LINKUSDT-1707868800-S
SOL/USDT,pullback_rsi,2024-02-16 12:00,112.17,2024-02-17 15:59,105.40,stop,3.534,0.7693410600,-24.6945210600,-0.062296,28.00,tb-pullback_rsi-SOLUSDT-1708070400-B,tb-pullback_rsi-SOLUSDT-1708171200-X
LINK/USDT,pullback_rsi,2024-02-17 00:00,19.565,2024-02-17 16:00,19.598,signal,20.21,0.79207118000,-0.12514118000,-0.000316,16.00,tb-pullback_rs-LINKUSDT-1708113600-B,tb-pullback_rs-LINKUSDT-1708171200-S
XRP/USDT,pullback_rsi,2024-02-17 20:00,0.5495,2024-02-18 08:00,0.5546,signal,860.2,0.950241370000,3.436778630000,0.007271,12.00,tb-pullback_rsi-XRPUSDT-1708185600-B,tb-pullback_rsi-XRPUSDT-1708228800-S
BTC/USDT,pullback_rsi,2024-02-17 20:00,51420.14,2024-02-18 12:00,51806.09,signal,0.01358,1.4028406040,3.8383603960,0.005497,16.00,tb-pullback_rsi-BTCUSDT-1708185600-B,tb-pullback_rsi-BTCUSDT-1708243200-S
BNB/USDT,pullback_rsi,2024-02-19 04:00,352.48,2024-02-19 08:00,354.32,signal,1.598,1.1301713600,1.8101486400,0.003214,4.00,tb-pullback_rsi-BNBUSDT-1708300800-B,tb-pullback_rsi-BNBUSDT-1708315200-S
BTC/USDT,pullback_rsi,2024-02-20 08:00,51865.20,2024-02-20 12:00,52260.65,signal,0.01686,1.7565991360,4.9106878640,0.005616,4.00,tb-pullback_rsi-BTCUSDT-1708401600-B,tb-pullback_rsi-BTCUSDT-1708416000-S
LTC/USDT,pullback_rsi,2024-02-20 08:00,70.96,2024-02-20 15:59,68.69,stop,10.621,1.4840032100,-25.5936732100,-0.033959,8.00,tb-pullback_rsi-LTCUSDT-1708401600-B,tb-pullback_rsi-LTCUSDT-1708430400-X
LINK/USDT,pullback_rsi,2024-02-20 20:00,19.210,2024-02-21 19:59,18.042,stop,20.38,0.75977206000,-24.56361206000,-0.062742,24.00,tb-pullback_rs-LINKUSDT-1708444800-B,tb-pullback_rs-LINKUSDT-1708531200-X
LTC/USDT,pullback_rsi,2024-02-20 20:00,69.68,2024-02-22 00:00,68.87,signal,8.065,1.1180328700,-7.6506828700,-0.013614,28.00,tb-pullback_rsi-LTCUSDT-1708444800-B,tb-pullback_rsi-LTCUSDT-1708545600-S
BTC/USDT,pullback_rsi,2024-02-23 12:00,51244.55,2024-02-24 08:00,51043.16,signal,0.01430,1.4637391460,-4.3436161460,-0.005927,20.00,tb-pullback_rsi-BTCUSDT-1708675200-B,tb-pullback_rsi-BTCUSDT-1708747200-S
ETH/USDT,pullback_rsi,2024-02-23 12:00,2945.11,2024-02-24 08:00,2962.58,signal,0.1636,0.9670871080,1.8910048920,0.003925,20.00,tb-pullback_rsi-ETHUSDT-1708675200-B,tb-pullback_rsi-ETHUSDT-1708747200-S
ADA/USDT,pullback_rsi,2024-02-25 20:00,0.5880,2024-02-26 00:00,0.5910,signal,758.9,0.895213500000,1.381486500000,0.003096,4.00,tb-pullback_rsi-ADAUSDT-1708876800-B,tb-pullback_rsi-ADAUSDT-1708891200-S
LINK/USDT,pullback_rsi,2024-02-26 16:00,18.875,2024-02-26 20:00,19.193,signal,26.25,0.99985125000,7.34764875000,0.014830,4.00,tb-pullback_rs-LINKUSDT-1708948800-B,tb-pullback_rs-LINKUSDT-1708963200-S
SOL/USDT,pullback_rsi,2024-02-26 16:00,105.02,2024-02-26 20:00,109.64,signal,4.066,0.8733326600,17.9115873400,0.041946,4.00,tb-pullback_rsi-SOLUSDT-1708948800-B,tb-pullback_rsi-SOLUSDT-1708963200-S
LINK/USDT,pullback_rsi,2024-03-01 04:00,19.544,2024-03-01 12:00,19.864,signal,15.03,0.59269312000,4.21690688000,0.014356,8.00,tb-pullback_rs-LINKUSDT-1709251200-B,tb-pullback_rs-LINKUSDT-1709280000-S
BNB/USDT,pullback_rsi,2024-03-01 04:00,405.81,2024-03-02 00:00,407.19,signal,1.081,0.8796646200,0.6121153800,0.001395,20.00,tb-pullback_rsi-BNBUSDT-1709251200-B,tb-pullback_rsi-BNBUSDT-1709323200-S
SOL/USDT,pullback_rsi,2024-03-02 20:00,130.70,2024-03-03 20:00,130.10,signal,2.037,0.5316417000,-1.7538417000,-0.006588,24.00,tb-pullback_rsi-SOLUSDT-1709395200-B,tb-pullback_rsi-SOLUSDT-1709481600-S
ADA/USDT,pullback_rsi,2024-03-03 12:00,0.7275,2024-03-04 04:00,0.7545,signal,353.8,0.524622600000,9.027977400000,0.035075,16.00,tb-pullback_rsi-ADAUSDT-1709452800-B,tb-pullback_rsi-ADAUSDT-1709510400-S
LINK/USDT,pullback_rsi,2024-03-04 08:00,20.379,2024-03-04 16:00,20.485,signal,16.56,0.67711542000,1.07824458000,0.003195,8.00,tb-pullback_rs-LINKUSDT-1709524800-B,tb-pullback_rs-LINKUSDT-1709553600-S
LTC/USDT,pullback_rsi,2024-03-05 04:00,89.18,2024-03-05 12:00,89.56,signal,3.151,0.5635664600,0.6338135400,0.002256,8.00,tb-pullback_rsi-LTCUSDT-1709596800-B,tb-pullback_rsi-LTCUSDT-1709625600-S
ADA/USDT,pullback_rsi,2024-03-05 12:00,0.7682,2024-03-05 19:59,0.6979,stop,338.4,0.496435520000,-24.285955520000,-0.093422,8.00,tb-pullback_rsi-ADAUSDT-1709625600-B,tb-pullback_rsi-ADAUSDT-1709654400-X
BNB/USDT,pullback_rsi,2024-03-06 00:00,394.30,2024-03-06 08:00,410.39,signal,0.814,0.6554119600,12.4418480400,0.038764,8.00,tb-pullback_rsi-BNBUSDT-1709668800-B,tb-pullback_rsi-BNBUSDT-1709697600-S
LTC/USDT,pullback_rsi,2024-03-06 00:00,81.98,2024-03-06 08:00,85.85,signal,2.195,0.3686327900,8.1260172100,0.045158,8.00,tb-pullback_rsi-LTCUSDT-1709668800-B,tb-pullback_rsi-LTCUSDT-1709697600-S
LINK/USDT,pullback_rsi,2024-03-08 12:00,20.006,2024-03-09 04:00,20.033,signal,16.11,0.64542841000,-0.21045841000,-0.000653,16.00,tb-pullback_rs-LINKUSDT-1709884800-B,tb-pullback_rs-LINKUSDT-1709942400-S
ADA/USDT,pullback_rsi,2024-03-10 20:00,0.7202,2024-03-11 08:00,0.7336,signal,478.4,0.695858020000,5.714701980000,0.016586,12.00,tb-pullback_rsi-ADAUSDT-1710086400-B,tb-pullback_rsi-ADAUSDT-1710129600-S
XRP/USDT,pullback_rsi,2024-03-10 20:00,0.6123,2024-03-11 08:00,0.6193,signal,691.3,0.851833690000,3.987266310000,0.009420,12.00,tb-pullback_rsi-XRPUSDT-1710086400-B,tb-pullback_rsi-XRPUSDT-1710129600-S
LINK/USDT,pullback_rsi,2024-03-12 16:00,20.540,2024-03-12 20:00,20.694,signal,14.64,0.60407656000,1.65048344000,0.005489,4.00,tb-pullback_rs-LINKUSDT-1710244800-B,tb-pullback_rs-LINKUSDT-1710259200-S
ETH/USDT,pullback_rsi,2024-03-13 04:00,4045.81,2024-03-13 08:00,4036.34,signal,0.1124,0.9092428260,-1.9736708260,-0.004340,4.00,tb-pullback_rsi-ETHUSDT-1710288000-B,tb-pullback_rsi-ETHUSDT-1710302400-S
LINK/USDT,pullback_rsi,2024-03-13 20:00,20.430,2024-03-14 00:00,20.741,signal,16.53,0.68096523000,4.45986477000,0.013206,4.00,tb-pullback_rs-LINKUSDT-1710345600-B,tb-pullback_rs-LINKUSDT-1710360000-S
LTC/USDT,pullback_rsi,2024-03-13 20:00,96.56,2024-03-15 03:59,88.66,stop,3.012,0.5582688800,-24.3530688800,-0.083734,32.00,tb-pullback_rsi-LTCUSDT-1710345600-B,tb-pullback_rsi-LTCUSDT-1710460800-X
ETH/USDT,pullback_rsi,2024-03-15 00:00,3883.64,2024-03-15 03:59,3662.37,stop,0.1076,0.8127274020,-24.6213794020,-0.058920,4.00,tb-pullback_rsi-ETHUSDT-1710446400-B,tb-pullback_rsi-ETHUSDT-1710460800-X
LTC/USDT,pullback_rsi,2024-03-15 16:00,88.26,2024-03-16 00:00,89.72,signal,2.559,0.4557156000,3.2804244000,0.014524,8.00,tb-pullback_rsi-LTCUSDT-1710504000-B,tb-pullback_rsi-LTCUSDT-1710532800-S
XRP/USDT,pullback_rsi,2024-03-15 16:00,0.6276,2024-03-16 04:00,0.6408,signal,369.9,0.469432200000,4.413247800000,0.019010,12.00,tb-pullback_rsi-XRPUSDT-1710504000-B,tb-pullback_rsi-XRPUSDT-1710547200-S
ETH/USDT,pullback_rsi,2024-03-17 04:00,3573.28,2024-03-17 16:00,3626.60,signal,0.0901,0.6490665160,4.1550654840,0.012906,12.00,tb-pullback_rsi-ETHUSDT-1710633600-B,tb-pullback_rsi-ETHUSDT-1710676800-S
XRP/USDT,pullback_rsi,2024-03-17 04:00,0.6156,2024-03-17 16:00,0.6201,signal,416.5,0.514976850000,1.359273150000,0.005301,12.00,tb-pullback_rsi-XRPUSDT-1710633600-B,tb-pullback_rsi-XRPUSDT-1710676800-S
LTC/USDT,pullback_rsi,2024-03-19 00:00,86.81,2024-03-19 07:59,78.69,stop,2.918,0.4831894300,-24.1773494300,-0.095445,8.00,tb-pullback_rsi-LTCUSDT-1710792000-B,tb-pullback_rsi-LTCUSDT-1710820800-X
XRP/USDT,pullback_rsi,2024-03-19 00:00,0.6457,2024-03-19 07:59,0.5893,stop,420.8,0.520010850000,-24.253130850000,-0.089261,8.00,tb-pullback_rsi-XRPUSDT-1710792000-B,tb-pullback_rsi-XRPUSDT-1710820800-X
BTC/USDT,pullback_rsi,2024-03-19 16:00,64083.88,2024-03-20 12:00,63361.25,signal,0.00520,0.6633555148,-4.4210315148,-0.013267,20.00,tb-pullback_rsi-BTCUSDT-1710849600-B,tb-pullback_rsi-BTCUSDT-1710921600-S
SOL/USDT,pullback_rsi,2024-03-19 08:00,186.24,2024-03-20 20:00,182.45,signal,0.912,0.3364315200,-3.7929115200,-0.022331,36.00,tb-pullback_rsi-SOLUSDT-1710820800-B,tb-pullback_rsi-SOLUSDT-1710950400-S
BTC/USDT,pullback_rsi,2024-03-22 00:00,65534.04,2024-03-22 08:00,66144.92,signal,0.00501,0.6603669308,2.4001418692,0.007310,8.00,tb-pullback_rsi-BTCUSDT-1711051200-B,tb-pullback_rsi-BTCUSDT-1711080000-S
SOL/USDT,pullback_rsi,2024-03-22 00:00,179.55,2024-03-23 00:00,175.12,signal,0.968,0.3435001100,-4.6317401100,-0.026649,24.00,tb-pullback_rsi-SOLUSDT-1711051200-B,tb-pullback_rsi-SOLUSDT-1711137600-S
XRP/USDT,pullback_rsi,2024-03-22 20:00,0.6128,2024-03-23 08:00,0.6155,signal,450.8,0.554024040000,0.663135960000,0.002400,12.00,tb-pullback_rsi-XRPUSDT-1711123200-B,tb-pullback_rsi-XRPUSDT-1711166400-S
BTC/USDT,pullback_rsi,2024-03-23 08:00,64607.70,2024-03-23 12:00,64597.29,signal,0.00547,0.7073973760,-0.7643400760,-0.002163,4.00,tb-pullback_rsi-BTCUSDT-1711166400-B,tb-pullback_rsi-BTCUSDT-1711180800-S
SOL/USDT,pullback_rsi,2024-03-24 08:00,173.63,2024-03-24 12:00,174.75,signal,1.410,0.4915630600,1.0876369400,0.004443,4.00,tb-pullback_rsi-SOLUSDT-1711252800-B,tb-pullback_rsi-SOLUSDT-1711267200-S
LTC/USDT,pullback_rsi,2024-03-26 20:00,95.19,2024-03-27 00:00,95.71,signal,3.686,0.7040381600,1.2126818400,0.003456,4.00,tb-pullback_rsi-LTCUSDT-1711468800-B,tb-pullback_rsi-LTCUSDT-1711483200-S
BNB/USDT,pullback_rsi,2024-03-27 00:00,580.70,2024-03-28 04:00,581.50,signal,0.751,0.8733929000,-0.2725929000,-0.000625,28.00,tb-pullback_rsi-BNBUSDT-1711483200-B,tb-pullback_rsi-BNBUSDT-1711584000-S
XRP/USDT,pullback_rsi,2024-03-27 12:00,0.6225,2024-03-28 08:00,0.6218,signal,747.4,0.930487820000,-1.453667820000,-0.003124,20.00,tb-pullback_rsi-XRPUSDT-1711526400-B,tb-pullback_rsi-XRPUSDT-1711598400-S
XRP/USDT,pullback_rsi,2024-03-29 12:00,0.6298,2024-03-30 00:00,0.6296,signal,741.7,0.934600820000,-1.082940820000,-0.002318,12.00,tb-pullback_rsi-XRPUSDT-1711699200-B,tb-pullback_rsi-XRPUSDT-1711742400-S
ETH/USDT,pullback_rsi,2024-03-29 12:00,3551.64,2024-03-30 12:00,3558.21,signal,0.1466,1.0430143420,-0.0798523420,-0.000153,24.00,tb-pullback_rsi-ETHUSDT-1711699200-B,tb-pullback_rsi-ETHUSDT-1711785600-S
BNB/USDT,pullback_rsi,2024-04-01 20:00,579.59,2024-04-02 03:59,553.29,stop,0.900,1.0201715900,-24.6901715900,-0.047333,8.00,tb-pullback_rsi-BNBUSDT-1711987200-B,tb-pullback_rsi-BNBUSDT-1712016000-X
ETH/USDT,pullback_rsi,2024-04-01 20:00,3488.08,2024-04-02 03:59,3331.89,stop,0.1515,1.0339230760,-24.6967080760,-0.046735,8.00,tb-pullback_rsi-ETHUSDT-1711987200-B,tb-pullback_rsi-ETHUSDT-1712016000-X
LTC/USDT,pullback_rsi,2024-04-02 08:00,99.00,2024-04-02 12:00,102.45,signal,2.476,0.4990872000,8.0431128000,0.032812,4.00,tb-pullback_rsi-LTCUSDT-1712030400-B,tb-pullback_rsi-LTCUSDT-1712044800-S
BNB/USDT,pullback_rsi,2024-04-02 20:00,558.28,2024-04-03 04:00,560.01,signal,0.814,0.9108463400,0.4973736600,0.001094,8.00,tb-pullback_rsi-BNBUSDT-1712073600-B,tb-pullback_rsi-BNBUSDT-1712102400-S
BTC/USDT,pullback_rsi,2024-04-02 20:00,65947.87,2024-04-03 04:00,66192.67,signal,0.00761,1.0062489894,0.8566790106,0.001707,8.00,tb-pullback_rsi-BTCUSDT-1712073600-B,tb-pullback_rsi-BTCUSDT-1712102400-S
BNB/USDT,pullback_rsi,2024-04-05 12:00,577.79,2024-04-05 16:00,583.60,signal,0.763,0.8867183600,3.5463116400,0.008044,4.00,tb-pullback_rsi-BNBUSDT-1712304000-B,tb-pullback_rsi-BNBUSDT-1712318400-S
SOL/USDT,pullback_rsi,2024-04-05 16:00,175.98,2024-04-06 08:00,177.18,signal,1.506,0.5322109200,1.2749890800,0.004811,16.00,tb-pullback_rsi-SOLUSDT-1712318400-B,tb-pullback_rsi-SOLUSDT-1712376000-S
BNB/USDT,pullback_rsi,2024-04-08 00:00,584.10,2024-04-08 08:00,588.50,signal,1.146,1.3449678000,3.6974322000,0.005524,8.00,tb-pullback_rsi-BNBUSDT-1712520000-B,tb-pullback_rsi-BNBUSDT-1712548800-S
LTC/USDT,pullback_rsi,2024-04-08 00:00,101.27,2024-04-08 08:00,102.11,signal,3.403,0.6925072200,2.1660127800,0.006285,8.00,tb-pullback_rsi-LTCUSDT-1712520000-B,tb-pullback_rsi-LTCUSDT-1712548800-S
BNB/USDT,pullback_rsi,2024-04-09 12:00,584.50,2024-04-10 08:00,587.20,signal,1.010,1.1845860000,1.5424140000,0.002613,20.00,tb-pullback_rsi-BNBUSDT-1712649600-B,tb-pullback_rsi-BNBUSDT-1712721600-S
BTC/USDT,pullback_rsi,2024-04-09 12:00,70830.24,2024-04-10 15:59,68118.94,stop,0.00872,1.2123451552,-24.8548811552,-0.040242,28.00,tb-pullback_rsi-BTCUSDT-1712649600-B,tb-pullback_rsi-BTCUSDT-1712750400-X
BTC/USDT,pullback_rsi,2024-04-10 20:00,70119.05,2024-04-11 00:00,70595.76,signal,0.00825,1.1615983730,2.7712591270,0.004791,4.00,tb-pullback_rsi-BTCUSDT-1712764800-B,tb-pullback_rsi-BTCUSDT-1712779200-S
LTC/USDT,pullback_rsi,2024-04-10 20:00,96.37,2024-04-11 04:00,97.24,signal,3.910,0.7574005800,2.6442994200,0.007018,8.00,tb-pullback_rsi-LTCUSDT-1712764800-B,tb-pullback_rsi-LTCUSDT-1712793600-S
SOL/USDT,pullback_rsi,2024-05-19 20:00,169.40,2024-05-20 04:00,172.05,signal,2.321,0.7930136500,5.3576363500,0.013627,8.00,tb-pullback_rsi-SOLUSDT-1716134400-B,tb-pullback_rsi-SOLUSDT-1716163200-S
BTC/USDT,pullback_rsi,2024-05-20 00:00,66307.14,2024-05-20 08:00,66791.73,signal,0.01311,1.7462523282,4.6067225718,0.005299,8.00,tb-pullback_rsi-BTCUSDT-1716148800-B,tb-pullback_rsi-BTCUSDT-1716177600-S
LINK/USDT,pullback_rsi,2024-05-21 20:00,16.678,2024-05-22 04:00,16.874,signal,20.47,0.68730978000,3.32481022000,0.009739,8.00,tb-pullback_rs-LINKUSDT-1716307200-B,tb-pullback_rs-LINKUSDT-1716336000-S
SOL/USDT,pullback_rsi,2024-05-22 00:00,178.24,2024-05-22 08:00,179.80,signal,1.989,0.7124980400,2.3903419600,0.006742,8.00,tb-pullback_rsi-SOLUSDT-1716321600-B,tb-pullback_rsi-SOLUSDT-1716350400-S
ADA/USDT,pullback_rsi,2024-05-22 16:00,0.4842,2024-05-23 04:00,0.4865,signal,957.4,0.929832380000,1.272187620000,0.002744,12.00,tb-pullback_rsi-ADAUSDT-1716379200-B,tb-pullback_rsi-ADAUSDT-1716422400-S
XRP/USDT,pullback_rsi,2024-05-22 16:00,0.5360,2024-05-23 15:59,0.5152,stop,1138.2,1.197119040000,-24.871679040000,-0.040768,24.00,tb-pullback_rsi-XRPUSDT-1716379200-B,tb-pullback_rsi-XRPUSDT-1716465600-X
XRP/USDT,pullback_rsi,2024-05-24 00:00,0.5291,2024-05-24 04:00,0.5303,signal,805.1,0.853399130000,0.112720870000,0.000265,4.00,tb-pullback_rsi-XRPUSDT-1716494400-B,tb-pullback_rsi-XRPUSDT-1716508800-S
BNB/USDT,pullback_rsi,2024-05-24 00:00,599.70,2024-05-24 20:00,601.69,signal,0.829,0.9965520100,0.6531579900,0.001314,20.00,tb-pullback_rsi-BNBUSDT-1716494400-B,tb-pullback_rsi-BNBUSDT-1716566400-S
ETH/USDT,pullback_rsi,2024-05-24 12:00,3714.48,2024-05-25 08:00,3744.72,signal,0.0769,0.5739839300,1.7514720700,0.006132,20.00,tb-pullback_rsi-ETHUSDT-1716537600-B,tb-pullback_rsi-ETHUSDT-1716609600-S
SOL/USDT,pullback_rsi,2024-05-27 00:00,163.51,2024-05-27 04:00,165.29,signal,2.435,0.8011185300,3.5331814700,0.008874,4.00,tb-pullback_rsi-SOLUSDT-1716753600-B,tb-pullback_rsi-SOLUSDT-1716768000-S
LTC/USDT,pullback_rsi,2024-05-27 04:00,84.48,2024-05-27 08:00,84.43,signal,8.367,1.4140302900,-1.8323802900,-0.002592,4.00,tb-pullback_rsi-LTCUSDT-1716768000-B,tb-pullback_rsi-LTCUSDT-1716782400-S
BNB/USDT,pullback_rsi,2024-05-29 12:00,599.30,2024-05-30 04:00,597.30,signal,1.477,1.7685768000,-4.7225768000,-0.005335,16.00,tb-pullback_rsi-BNBUSDT-1716969600-B,tb-pullback_rsi-BNBUSDT-1717027200-S
ETH/USDT,pullback_rsi,2024-05-30 00:00,3769.33,2024-05-30 04:00,3789.40,signal,0.1382,1.0453703520,1.7283036480,0.003318,4.00,tb-pullback_rsi-ETHUSDT-1717012800-B,tb-pullback_rsi-ETHUSDT-1717027200-S
BTC/USDT,pullback_rsi,2024-05-31 20:00,67714.85,2024-06-01 20:00,67719.88,signal,0.01010,1.3692450720,-1.3184420720,-0.001928,24.00,tb-pullback_rsi-BTCUSDT-1717171200-B,tb-pullback_rsi-BTCUSDT-1717257600-S
SOL/USDT,pullback_rsi,2024-06-02 12:00,166.14,2024-06-03 08:00,165.26,signal,3.536,1.1724949600,-4.2841749600,-0.007293,20.00,tb-pullback_rsi-SOLUSDT-1717315200-B,tb-pullback_rsi-SOLUSDT-1717387200-S
ETH/USDT,pullback_rsi,2024-06-04 04:00,3775.40,2024-06-04 16:00,3808.72,signal,0.1920,1.4569061200,4.9405338800,0.006816,12.00,tb-pullback_rsi-ETHUSDT-1717459200-B,tb-pullback_rsi-ETHUSDT-1717502400-S
LINK/USDT,pullback_rsi,2024-06-03 08:00,18.145,2024-06-04 16:00,17.778,signal,28.10,1.00998065000,-11.32268065000,-0.022207,32.00,tb-pullback_rs-LINKUSDT-1717387200-B,tb-pullback_rs-LINKUSDT-1717502400-S
XRP/USDT,pullback_rsi,2024-06-06 12:00,0.5265,2024-06-06 16:00,0.5261,signal,1910.8,2.012361080000,-2.776681080000,-0.002760,4.00,tb-pullback_rsi-XRPUSDT-1717660800-B,tb-pullback_rsi-XRPUSDT-1717675200-S
LINK/USDT,pullback_rsi,2024-06-06 16:00,17.472,2024-06-07 08:00,17.490,signal,34.33,1.20094434000,-0.58300434000,-0.000972,16.00,tb-pullback_rs-LINKUSDT-1717675200-B,tb-pullback_rs-LINKUSDT-1717732800-S
ETH/USDT,pullback_rsi,2024-06-07 00:00,3815.38,2024-06-07 12:00,3833.07,signal,0.2068,1.5828440780,2.0754479220,0.002630,12.00,tb-pullback_rsi-ETHUSDT-1717704000-B,tb-pullback_rsi-ETHUSDT-1717747200-S
LTC/USDT,pullback_rsi,2024-06-07 12:00,84.49,2024-06-07 19:59,82.35,stop,11.116,1.8556073200,-25.6438473200,-0.027304,8.00,tb-pullback_rsi-LTCUSDT-1717747200-B,tb-pullback_rsi-LTCUSDT-1717776000-X
BNB/USDT,pullback_rsi,2024-06-08 00:00,684.35,2024-06-08 08:00,694.35,signal,0.653,0.9009754500,5.6290245500,0.012596,8.00,tb-pullback_rsi-BNBUSDT-1717790400-B,tb-pullback_rsi-BNBUSDT-1717819200-S
BTC/USDT,pullback_rsi,2024-06-08 00:00,69390.28,2024-06-09 12:00,69332.99,signal,0.01076,1.4940501884,-2.1104905884,-0.002827,36.00,tb-pullback_rsi-BTCUSDT-1717790400-B,tb-pullback_rsi-BTCUSDT-1717920000-S
BNB/USDT,pullback_rsi,2024-06-09 08:00,680.24,2024-06-10 07:59,649.49,stop,0.762,1.0139345000,-24.4454345000,-0.047161,24.00,tb-pullback_rsi-BNBUSDT-1717905600-B,tb-pullback_rsi-BNBUSDT-1717992000-X
BTC/USDT,pullback_rsi,2024-06-10 12:00,69508.63,2024-06-10 16:00,70031.08,signal,0.01892,2.6414814822,7.2432725178,0.005508,4.00,tb-pullback_rsi-BTCUSDT-1718006400-B,tb-pullback_rsi-BTCUSDT-1718020800-S
ETH/USDT,pullback_rsi,2024-06-10 12:00,3677.79,2024-06-10 16:00,3700.67,signal,0.2571,1.8981054060,3.9843425940,0.004214,4.00,tb-pullback_rsi-ETHUSDT-1718006400-B,tb-pullback_rsi-ETHUSDT-1718020800-S
BNB/USDT,pullback_rsi,2024-06-11 04:00,625.92,2024-06-12 03:59,592.24,stop,0.693,0.8448108000,-24.1850508000,-0.055756,24.00,tb-pullback_rsi-BNBUSDT-1718064000-B,tb-pullback_rsi-BNBUSDT-1718150400-X
XRP/USDT,pullback_rsi,2024-07-21 16:00,0.5884,2024-07-21 20:00,0.5909,signal,547.7,0.646255650000,0.722994350000,0.002243,4.00,tb-pullback_rsi-XRPUSDT-1721563200-B,tb-pullback_rsi-XRPUSDT-1721577600-S
ADA/USDT,pullback_rsi,2024-07-22 00:00,0.4473,2024-07-23 07:59,0.4226,stop,943.5,0.821197950000,-24.125647950000,-0.057166,32.00,tb-pullback_rsi-ADAUSDT-1721592000-B,tb-pullback_rsi-ADAUSDT-1721707200-X
LTC/USDT,pullback_rsi,2024-07-22 20:00,72.36,2024-07-23 16:00,72.30,signal,7.706,1.1153288400,-1.5776888400,-0.002829,20.00,tb-pullback_rsi-LTCUSDT-1721664000-B,tb-pullback_rsi-LTCUSDT-1721736000-S
ADA/USDT,pullback_rsi,2024-07-23 12:00,0.4257,2024-07-24 08:00,0.4193,signal,988.1,0.835370200000,-7.159210200000,-0.017020,20.00,tb-pullback_rsi-ADAUSDT-1721721600-B,tb-pullback_rsi-ADAUSDT-1721793600-S
BTC/USDT,pullback_rsi,2024-07-24 00:00,65968.97,2024-07-24 12:00,66334.81,signal,0.00954,1.2628377535,2.2272758465,0.003539,12.00,tb-pullback_rsi-BTCUSDT-1721764800-B,tb-pullback_rsi-BTCUSDT-1721808000-S
BTC/USDT,pullback_rsi,2024-07-25 16:00,64823.29,2024-07-26 00:00,65767.05,signal,0.00950,1.2412564679,7.7244635321,0.012543,8.00,tb-pullback_rsi-BTCUSDT-1721908800-B,tb-pullback_rsi-BTCUSDT-1721937600-S
SOL/USDT,pullback_rsi,2024-07-25 16:00,170.53,2024-07-26 00:00,171.77,signal,1.802,0.6171656600,1.6173143400,0.005263,8.00,tb-pullback_rsi-SOLUSDT-1721908800-B,tb-pullback_rsi-SOLUSDT-1721937600-S
BNB/USDT,pullback_rsi,2024-07-28 12:00,582.20,2024-07-28 20:00,583.70,signal,1.221,1.4247283000,0.4067717000,0.000572,8.00,tb-pullback_rsi-BNBUSDT-1722153600-B,tb-pullback_rsi-BNBUSDT-1722182400-S
BNB/USDT,pullback_rsi,2024-07-30 08:00,574.89,2024-07-31 00:00,587.80,signal,1.216,1.4149808200,14.2835791800,0.020432,16.00,tb-pullback_rsi-BNBUSDT-1722312000-B,tb-pullback_rsi-BNBUSDT-1722369600-S
BTC/USDT,pullback_rsi,2024-07-30 08:00,66985.48,2024-07-31 16:00,66346.80,signal,0.00893,1.1913271112,-6.8947395112,-0.011526,32.00,tb-pullback_rsi-BTCUSDT-1722312000-B,tb-pullback_rsi-BTCUSDT-1722427200-S
LTC/USDT,pullback_rsi,2024-07-31 04:00,72.30,2024-08-01 15:59,69.03,stop,7.132,1.0085439600,-24.3301839600,-0.047184,36.00,tb-pullback_rsi-LTCUSDT-1722384000-B,tb-pullback_rsi-LTCUSDT-1722513600-X
SOL/USDT,pullback_rsi,2024-08-01 12:00,169.78,2024-08-01 19:59,158.49,stop,2.052,0.6741193800,-23.8411993800,-0.068433,8.00,tb-pullback_rsi-SOLUSDT-1722499200-B,tb-pullback_rsi-SOLUSDT-1722528000-X
XRP/USDT,pullback_rsi,2024-08-02 00:00,0.5968,2024-08-02 15:59,0.5525,stop,521.8,0.600062820000,-23.715802820000,-0.076156,16.00,tb-pullback_rsi-XRPUSDT-1722542400-B,tb-pullback_rsi-XRPUSDT-1722600000-X
SOL/USDT,pullback_rsi,2024-08-02 00:00,167.46,2024-08-02 15:59,154.70,stop,1.809,0.5831223600,-23.6659623600,-0.078122,16.00,tb-pullback_rsi-SOLUSDT-1722542400-B,tb-pullback_rsi-SOLUSDT-1722600000-X
XRP/USDT,pullback_rsi,2024-08-02 20:00,0.5630,2024-08-03 08:00,0.5755,signal,487.2,0.554958700000,5.535041300000,0.020179,12.00,tb-pullback_rsi-XRPUSDT-1722614400-B,tb-pullback_rsi-XRPUSDT-1722657600-S
BNB/USDT,pullback_rsi,2024-09-25 12:00,597.00,2024-09-26 08:00,595.60,signal,1.042,1.2438832000,-2.7026832000,-0.004345,20.00,tb-pullback_rsi-BNBUSDT-1727251200-B,tb-pullback_rsi-BNBUSDT-1727323200-S
ADA/USDT,pullback_rsi,2024-09-29 12:00,0.3975,2024-09-29 16:00,0.4002,signal,1346.7,1.074819090000,2.561270910000,0.004785,4.00,tb-pullback_rsi-ADAUSDT-1727596800-B,tb-pullback_rsi-ADAUSDT-1727611200-S
ETH/USDT,pullback_rsi,2024-09-28 20:00,2679.67,2024-09-30 11:59,2591.53,stop,0.2628,1.3860752570,-24.5492672570,-0.034860,40.00,tb-pullback_rsi-ETHUSDT-1727539200-B,tb-pullback_rsi-ETHUSDT-1727683200-X
BNB/USDT,pullback_rsi,2024-09-30 08:00,582.60,2024-10-01 04:00,576.61,signal,1.085,1.2589080500,-7.7580580500,-0.012273,20.00,tb-pullback_rsi-BNBUSDT-1727668800-B,tb-pullback_rsi-BNBUSDT-1727740800-S
LINK/USDT,pullback_rsi,2024-09-30 20:00,11.966,2024-10-01 04:00,12.103,signal,37.00,0.89103164000,4.17796836000,0.009437,8.00,tb-pullback_rs-LINKUSDT-1727712000-B,tb-pullback_rs-LINKUSDT-1727740800-S
LTC/USDT,pullback_rsi,2024-10-15 16:00,66.30,2024-10-15 20:00,69.68,signal,9.048,1.2310100400,29.3512299600,0.048928,4.00,tb-pullback_rsi-LTCUSDT-1728993600-B,tb-pullback_rsi-LTCUSDT-1729008000-S
SOL/USDT,pullback_rsi,2024-10-15 16:00,153.38,2024-10-15 20:00,155.09,signal,2.788,0.8604745000,3.9070055000,0.009137,4.00,tb-pullback_rsi-SOLUSDT-1728993600-B,tb-pullback_rsi-SOLUSDT-1729008000-S
BTC/USDT,pullback_rsi,2024-10-17 16:00,67624.47,2024-10-18 08:00,67935.70,signal,0.01027,1.3935554363,1.8027766637,0.002596,16.00,tb-pullback_rsi-BTCUSDT-1729166400-B,tb-pullback_rsi-BTCUSDT-1729224000-S
SOL/USDT,pullback_rsi,2024-10-17 16:00,152.97,2024-10-18 08:00,153.82,signal,3.113,0.9556491500,1.6904008500,0.003550,16.00,tb-pullback_rsi-SOLUSDT-1729166400-B,tb-pullback_rsi-SOLUSDT-1729224000-S
BNB/USDT,pullback_rsi,2024-10-20 08:00,597.80,2024-10-20 16:00,598.90,signal,1.806,2.1624358000,-0.1758358000,-0.000163,8.00,tb-pullback_rsi-BNBUSDT-1729396800-B,tb-pullback_rsi-BNBUSDT-1729425600-S
BTC/USDT,pullback_rsi,2024-10-21 20:00,67797.88,2024-10-22 20:00,67449.24,signal,0.01331,1.8014951204,-6.4418935204,-0.007139,24.00,tb-pullback_rsi-BTCUSDT-1729526400-B,tb-pullback_rsi-BTCUSDT-1729612800-S
ETH/USDT,pullback_rsi,2024-10-21 20:00,2681.45,2024-10-23 11:59,2595.44,stop,0.2697,1.4239816700,-24.6208786700,-0.034045,40.00,tb-pullback_rsi-ETHUSDT-1729526400-B,tb-pullback_rsi-ETHUSDT-1729670400-X
LTC/USDT,pullback_rsi,2024-10-23 00:00,70.07,2024-10-23 20:00,69.69,signal,8.167,1.1420505500,-4.2455105500,-0.007419,20.00,tb-pullback_rsi-LTCUSDT-1729627200-B,tb-pullback_rsi-LTCUSDT-1729699200-S
BNB/USDT,pullback_rsi,2024-10-23 20:00,582.50,2024-10-24 00:00,584.60,signal,1.279,1.4938859000,1.1920141000,0.001600,4.00,tb-pullback_rsi-BNBUSDT-1729699200-B,tb-pullback_rsi-BNBUSDT-1729713600-S
BNB/USDT,pullback_rsi,2024-10-25 12:00,592.90,2024-10-25 23:59,576.13,stop,1.380,1.6144472000,-24.7570472000,-0.030258,12.00,tb-pullback_rsi-BNBUSDT-1729843200-B,tb-pullback_rsi-BNBUSDT-1729886400-X
SOL/USDT,pullback_rsi,2024-10-25 12:00,173.74,2024-10-25 23:59,164.56,stop,2.502,0.8469478200,-23.8153078200,-0.054786,12.00,tb-pullback_rsi-SOLUSDT-1729843200-B,tb-pullback_rsi-SOLUSDT-1729886400-X
SOL/USDT,pullback_rsi,2024-10-26 04:00,165.73,2024-10-26 12:00,168.57,signal,2.030,0.6791261900,5.0860738100,0.015118,8.00,tb-pullback_rsi-SOLUSDT-1729900800-B,tb-pullback_rsi-SOLUSDT-1729929600-S
LTC/USDT,pullback_rsi,2024-10-26 04:00,69.40,2024-10-27 04:00,69.07,signal,7.032,0.9742762400,-3.2948362400,-0.006751,24.00,tb-pullback_rsi-LTCUSDT-1729900800-B,tb-pullback_rsi-LTCUSDT-1729987200-S
BNB/USDT,pullback_rsi,2024-10-30 16:00,597.40,2024-10-31 15:59,580.26,stop,1.343,1.5827921800,-24.6018121800,-0.030664,24.00,tb-pullback_rsi-BNBUSDT-1730289600-B,tb-pullback_rsi-BNBUSDT-1730376000-X
LTC/USDT,pullback_rsi,2024-10-30 16:00,72.32,2024-10-31 19:59,69.55,stop,8.287,1.1763275700,-24.1313175700,-0.040265,28.00,tb-pullback_rsi-LTCUSDT-1730289600-B,tb-pullback_rsi-LTCUSDT-1730390400-X
LTC/USDT,pullback_rsi,2024-11-01 00:00,69.37,2024-11-01 16:00,70.04,signal,7.791,1.0866982700,4.1332717300,0.007648,16.00,tb-pullback_rsi-LTCUSDT-1730404800-B,tb-pullback_rsi-LTCUSDT-1730462400-S
BTC/USDT,pullback_rsi,2024-11-01 00:00,70327.16,2024-11-02 08:00,69779.00,signal,0.01029,1.4430989296,-7.0836653296,-0.009789,32.00,tb-pullback_rsi-BTCUSDT-1730404800-B,tb-pullback_rsi-BTCUSDT-1730520000-S
BTC/USDT,pullback_rsi,2024-11-03 20:00,68713.34,2024-11-04 00:00,68741.60,signal,0.01045,1.4377783898,-1.1424613898,-0.001591,4.00,tb-pullback_rsi-BTCUSDT-1730649600-B,tb-pullback_rsi-BTCUSDT-1730664000-S
BTC/USDT,pullback_rsi,2024-11-05 04:00,68277.14,2024-11-05 08:00,68859.55,signal,0.00962,1.3199377282,4.2828464718,0.006521,4.00,tb-pullback_rsi-BTCUSDT-1730764800-B,tb-pullback_rsi-BTCUSDT-1730779200-S
LINK/USDT,pullback_rsi,2024-11-12 20:00,14.148,2024-11-13 16:00,14.212,signal,16.12,0.45744616000,0.57423384000,0.002518,20.00,tb-pullback_rs-LINKUSDT-1731427200-B,tb-pullback_rs-LINKUSDT-1731499200-S
LTC/USDT,pullback_rsi,2024-11-12 20:00,76.79,2024-11-13 16:00,76.50,signal,2.843,0.4360338400,-1.2605038400,-0.005774,20.00,tb-pullback_rsi-LTCUSDT-1731427200-B,tb-pullback_rsi-LTCUSDT-1731499200-S
LINK/USDT,pullback_rsi,2024-11-14 20:00,13.297,2024-11-15 12:00,13.483,signal,15.54,0.41642714000,2.47401286000,0.011973,16.00,tb-pullback_rs-LINKUSDT-1731600000-B,tb-pullback_rs-LINKUSDT-1731657600-S
ETH/USDT,pullback_rsi,2024-11-14 20:00,3146.99,2024-11-16 00:00,3088.46,signal,0.0913,0.5696112860,-5.9134002860,-0.020581,28.00,tb-pullback_rsi-ETHUSDT-1731600000-B,tb-pullback_rsi-ETHUSDT-1731700800-S
LTC/USDT,pullback_rsi,2024-11-17 16:00,88.47,2024-11-18 04:00,94.58,signal,1.861,0.3408329900,11.0298770100,0.066993,12.00,tb-pullback_rsi-LTCUSDT-1731844800-B,tb-pullback_rsi-LTCUSDT-1731888000-S
BTC/USDT,pullback_rsi,2024-11-18 04:00,90713.92,2024-11-18 08:00,91674.04,signal,0.00588,1.0733483488,4.5721572512,0.008572,4.00,tb-pullback_rsi-BTCUSDT-1731888000-B,tb-pullback_rsi-BTCUSDT-1731902400-S
BNB/USDT,pullback_rsi,2024-11-20 08:00,613.10,2024-11-20 16:00,614.81,signal,0.792,0.9731178200,0.3812021800,0.000785,8.00,tb-pullback_rsi-BNBUSDT-1732075200-B,tb-pullback_rsi-BNBUSDT-1732104000-S
LTC/USDT,pullback_rsi,2024-11-19 20:00,87.40,2024-11-20 16:00,86.42,signal,2.380,0.4139538000,-2.7463538000,-0.013203,20.00,tb-pullback_rsi-LTCUSDT-1732032000-B,tb-pullback_rsi-LTCUSDT-1732104000-S
ETH/USDT,pullback_rsi,2024-11-23 00:00,3329.45,2024-11-23 04:00,3343.83,signal,0.1191,0.7954535350,0.9172044650,0.002313,4.00,tb-pullback_rsi-ETHUSDT-1732305600-B,tb-pullback_rsi-ETHUSDT-1732320000-S
BTC/USDT,pullback_rsi,2024-11-24 00:00,97721.24,2024-11-24 04:00,98150.99,signal,0.00739,1.4484729960,1.7273795040,0.002392,4.00,tb-pullback_rsi-BTCUSDT-1732392000-B,tb-pullback_rsi-BTCUSDT-1732406400-S
ADA/USDT,pullback_rsi,2024-11-24 20:00,0.9829,2024-11-25 00:00,1.0222,signal,145.0,0.290936080000,5.407563920000,0.037942,4.00,tb-pullback_rsi-ADAUSDT-1732464000-B,tb-pullback_rsi-ADAUSDT-1732478400-S
XRP/USDT,pullback_rsi,2024-11-24 20:00,1.3798,2024-11-25 00:00,1.4326,signal,101.2,0.284890840000,5.058469160000,0.036226,4.00,tb-pullback_rsi-XRPUSDT-1732464000-B,tb-pullback_rsi-XRPUSDT-1732478400-S
SOL/USDT,pullback_rsi,2024-11-26 04:00,237.56,2024-11-27 04:00,231.39,signal,1.228,0.5763457200,-8.1531057200,-0.027948,24.00,tb-pullback_rsi-SOLUSDT-1732579200-B,tb-pullback_rsi-SOLUSDT-1732665600-S
BTC/USDT,pullback_rsi,2024-11-26 04:00,94511.24,2024-11-27 08:00,93550.36,signal,0.00570,1.0728962304,-6.5499122304,-0.012158,28.00,tb-pullback_rsi-BTCUSDT-1732579200-B,tb-pullback_rsi-BTCUSDT-1732680000-S
ADA/USDT,pullback_rsi,2024-11-28 20:00,1.0028,2024-11-29 00:00,1.0315,signal,189.9,0.386514130000,5.063615870000,0.026590,4.00,tb-pullback_rsi-ADAUSDT-1732809600-B,tb-pullback_rsi-ADAUSDT-1732824000-S
LTC/USDT,pullback_rsi,2024-11-28 20:00,95.32,2024-11-29 04:00,96.42,signal,3.000,0.5756012800,2.7243987200,0.009527,8.00,tb-pullback_rsi-LTCUSDT-1732809600-B,tb-pullback_rsi-LTCUSDT-1732838400-S
ADA/USDT,pullback_rsi,2024-12-01 08:00,1.0568,2024-12-01 16:00,1.0727,signal,209.9,0.447299090000,2.890110910000,0.013029,8.00,tb-pullback_rsi-ADAUSDT-1733025600-B,tb-pullback_rsi-ADAUSDT-1733054400-S
SOL/USDT,pullback_rsi,2024-12-01 12:00,237.21,2024-12-01 16:00,238.39,signal,1.881,0.8950780200,1.3245019800,0.002968,4.00,tb-pullback_rsi-SOLUSDT-1733040000-B,tb-pullback_rsi-SOLUSDT-1733054400-S
BNB/USDT,pullback_rsi,2024-12-02 16:00,649.98,2024-12-03 04:00,651.60,signal,0.736,0.9586128600,0.2337071400,0.000489,12.00,tb-pullback_rsi-BNBUSDT-1733140800-B,tb-pullback_rsi-BNBUSDT-1733184000-S
ETH/USDT,pullback_rsi,2024-12-02 16:00,3673.97,2024-12-03 15:59,3498.44,stop,0.1297,0.9309963730,-23.6972373730,-0.049730,24.00,tb-pullback_rsi-ETHUSDT-1733140800-B,tb-pullback_rsi-ETHUSDT-1733227200-X
ETH/USDT,pullback_rsi,2024-12-03 20:00,3579.13,2024-12-04 00:00,3612.70,signal,0.1266,0.9112015040,3.3387604960,0.007368,4.00,tb-pullback_rsi-ETHUSDT-1733241600-B,tb-pullback_rsi-ETHUSDT-1733256000-S
SOL/USDT,pullback_rsi,2024-12-05 04:00,233.04,2024-12-05 08:00,233.78,signal,1.219,0.5695196600,0.3325403400,0.001171,4.00,tb-pullback_rsi-SOLUSDT-1733356800-B,tb-pullback_rsi-SOLUSDT-1733371200-S
BTC/USDT,pullback_rsi,2024-12-06 04:00,97784.16,2024-12-06 16:00,99260.34,signal,0.00369,0.7280720420,4.7190321580,0.013079,12.00,tb-pullback_rsi-BTCUSDT-1733443200-B,tb-pullback_rsi-BTCUSDT-1733486400-S
XRP/USDT,pullback_rsi,2024-12-05 08:00,2.3764,2024-12-06 20:00,2.3633,signal,50.2,0.238170580000,-0.895790580000,-0.007509,36.00,tb-pullback_rsi-XRPUSDT-1733371200-B,tb-pullback_rsi-XRPUSDT-1733500800-S
LTC/USDT,pullback_rsi,2024-12-08 12:00,132.83,2024-12-08 16:00,134.30,signal,1.852,0.4949904200,2.2274495800,0.009055,4.00,tb-pullback_rsi-LTCUSDT-1733644800-B,tb-pullback_rsi-LTCUSDT-1733659200-S
ETH/USDT,pullback_rsi,2024-12-08 16:00,3992.79,2024-12-09 00:00,4002.14,signal,0.1336,1.0689212020,0.1802387980,0.000338,8.00,tb-pullback_rsi-ETHUSDT-1733659200-B,tb-pullback_rsi-ETHUSDT-1733688000-S
ADA/USDT,pullback_rsi,2024-12-09 00:00,1.1942,2024-12-09 15:59,1.0958,stop,230.2,0.527516260000,-23.179196260000,-0.084317,16.00,tb-pullback_rsi-ADAUSDT-1733688000-B,tb-pullback_rsi-ADAUSDT-1733745600-X
ADA/USDT,pullback_rsi,2024-12-09 16:00,1.1158,2024-12-09 23:59,1.0104,stop,214.0,0.455341540000,-23.010941540000,-0.096368,8.00,tb-pullback_rsi-ADAUSDT-1733745600-B,tb-pullback_rsi-ADAUSDT-1733774400-X
LTC/USDT,pullback_rsi,2024-12-09 16:00,123.23,2024-12-09 23:59,110.60,stop,1.787,0.4181006700,-22.9879106700,-0.104390,8.00,tb-pullback_rsi-LTCUSDT-1733745600-B,tb-pullback_rsi-LTCUSDT-1733774400-X
BTC/USDT,pullback_rsi,2024-12-10 00:00,97325.12,2024-12-10 12:00,97673.66,signal,0.00498,0.9720671788,0.7636620212,0.001576,12.00,tb-pullback_rsi-BTCUSDT-1733774400-B,tb-pullback_rsi-BTCUSDT-1733817600-S
ADA/USDT,pullback_rsi,2024-12-10 20:00,0.9651,2024-12-11 00:00,1.0209,signal,158.5,0.314974020000,8.529325980000,0.055759,4.00,tb-pullback_rsi-ADAUSDT-1733846400-B,tb-pullback_rsi-ADAUSDT-1733860800-S
ETH/USDT,pullback_rsi,2024-12-10 08:00,3736.41,2024-12-11 12:00,3714.98,signal,0.0939,0.7000591600,-2.7123361600,-0.007731,28.00,tb-pullback_rsi-ETHUSDT-1733803200-B,tb-pullback_rsi-ETHUSDT-1733904000-S
XRP/USDT,pullback_rsi,2024-12-13 04:00,2.3522,2024-12-13 16:00,2.3978,signal,79.5,0.377860220000,3.247339780000,0.017365,12.00,tb-pullback_rsi-XRPUSDT-1734048000-B,tb-pullback_rsi-XRPUSDT-1734091200-S
SOL/USDT,pullback_rsi,2024-12-13 12:00,225.72,2024-12-14 04:00,226.11,signal,1.554,0.7025952600,-0.0965352600,-0.000275,16.00,tb-pullback_rsi-SOLUSDT-1734076800-B,tb-pullback_rsi-SOLUSDT-1734134400-S
ADA/USDT,pullback_rsi,2024-12-15 00:00,1.0615,2024-12-15 12:00,1.0777,signal,233.8,0.500463410000,3.287096590000,0.013245,12.00,tb-pullback_rsi-ADAUSDT-1734206400-B,tb-pullback_rsi-ADAUSDT-1734249600-S
LTC/USDT,pullback_rsi,2024-12-15 00:00,118.29,2024-12-15 16:00,120.00,signal,2.146,0.5117252100,3.1579347900,0.012440,16.00,tb-pullback_rsi-LTCUSDT-1734206400-B,tb-pullback_rsi-LTCUSDT-1734264000-S
LTC/USDT,pullback_rsi,2024-12-16 16:00,118.36,2024-12-16 20:00,120.02,signal,2.259,0.5388555000,3.2110845000,0.012010,4.00,tb-pullback_rsi-LTCUSDT-1734350400-B,tb-pullback_rsi-LTCUSDT-1734364800-S
XRP/USDT,pullback_rsi,2024-12-16 16:00,2.3755,2024-12-16 20:00,2.4736,signal,123.4,0.598854040000,11.506685960000,0.039254,4.00,tb-pullback_rsi-XRPUSDT-1734350400-B,tb-pullback_rsi-XRPUSDT-1734364800-S
LINK/USDT,pullback_rsi,2024-12-17 12:00,28.405,2024-12-18 12:00,27.906,signal,7.36,0.41473301000,-4.08737301000,-0.019551,24.00,tb-pullback_rs-LINKUSDT-1734422400-B,tb-pullback_rs-LINKUSDT-1734508800-S
BTC/USDT,pullback_rsi,2024-12-18 12:00,105080.85,2024-12-18 23:59,101252.93,stop,0.00592,1.2225467905,-23.8838331905,-0.038394,12.00,tb-pullback_rsi-BTCUSDT-1734508800-B,tb-pullback_rsi-BTCUSDT-1734552000-X
BTC/USDT,pullback_rsi,2024-12-19 04:00,101243.75,2024-12-19 12:00,102398.77,signal,0.00515,1.0497714200,4.8985815800,0.009395,8.00,tb-pullback_rsi-BTCUSDT-1734566400-B,tb-pullback_rsi-BTCUSDT-1734595200-S
ETH/USDT,pullback_rsi,2024-12-19 04:00,3670.74,2024-12-19 19:59,3449.74,stop,0.1018,0.7255990100,-23.2233990100,-0.062148,16.00,tb-pullback_rsi-ETHUSDT-1734566400-B,tb-pullback_rsi-ETHUSDT-1734624000-X
BTC/USDT,pullback_rsi,2024-12-20 00:00,97510.60,2024-12-20 15:59,92323.38,stop,0.00433,0.8229562440,-23.2836188440,-0.055146,16.00,tb-pullback_rsi-BTCUSDT-1734638400-B,tb-pullback_rsi-BTCUSDT-1734696000-X
LINK/USDT,pullback_rsi,2024-12-20 00:00,22.822,2024-12-20 20:00,23.288,signal,6.58,0.30363202000,2.76264798000,0.018397,20.00,tb-pullback_rs-LINKUSDT-1734638400-B,tb-pullback_rs-LINKUSDT-1734710400-S
XRP/USDT,pullback_rsi,2024-12-20 16:00,2.2159,2024-12-21 04:00,2.2984,signal,64.3,0.290491080000,5.014258920000,0.035192,12.00,tb-pullback_rsi-XRPUSDT-1734696000-B,tb-pullback_rsi-XRPUSDT-1734739200-S
BNB/USDT,pullback_rsi,2024-12-26 20:00,692.56,2024-12-27 12:00,705.67,signal,0.676,0.9458960400,7.9164639600,0.016909,16.00,tb-pullback_rsi-BNBUSDT-1735228800-B,tb-pullback_rsi-BNBUSDT-1735286400-S
LINK/USDT,pullback_rsi,2024-12-26 20:00,22.822,2024-12-27 12:00,23.428,signal,10.06,0.46573144000,5.63062856000,0.024525,16.00,tb-pullback_rs-LINKUSDT-1735228800-B,tb-pullback_rs-LINKUSDT-1735286400-S
XRP/USDT,pullback_rsi,2025-01-05 08:00,2.4018,2025-01-06 00:00,2.3981,signal,176.1,0.845742750000,-1.497312750000,-0.003540,16.00,tb-pullback_rsi-XRPUSDT-1736049600-B,tb-pullback_rsi-XRPUSDT-1736107200-S
BNB/USDT,pullback_rsi,2025-01-18 12:00,702.27,2025-01-19 00:00,709.16,signal,0.884,1.2484063900,4.8423536100,0.007800,12.00,tb-pullback_rsi-BNBUSDT-1737187200-B,tb-pullback_rsi-BNBUSDT-1737230400-S
LTC/USDT,pullback_rsi,2025-01-18 12:00,127.71,2025-01-19 11:59,114.37,stop,1.679,0.4067077400,-22.8045677400,-0.106352,24.00,tb-pullback_rsi-LTCUSDT-1737187200-B,tb-pullback_rsi-LTCUSDT-1737273600-X
LINK/USDT,pullback_rsi,2025-01-19 16:00,25.423,2025-01-19 20:00,26.026,signal,8.62,0.44374461000,4.75411539000,0.021694,4.00,tb-pullback_rs-LINKUSDT-1737288000-B,tb-pullback_rs-LINKUSDT-1737302400-S
LTC/USDT,pullback_rsi,2025-01-19 16:00,124.38,2025-01-19 23:59,110.98,stop,1.667,0.3925938800,-22.7303938800,-0.109628,8.00,tb-pullback_rsi-LTCUSDT-1737288000-B,tb-pullback_rsi-LTCUSDT-1737316800-X
ADA/USDT,pullback_rsi,2025-01-21 12:00,1.0009,2025-01-21 20:00,1.0141,signal,176.8,0.356452180000,1.977307820000,0.011174,8.00,tb-pullback_rsi-ADAUSDT-1737446400-B,tb-pullback_rsi-ADAUSDT-1737475200-S
SOL/USDT,pullback_rsi,2025-01-20 08:00,262.05,2025-01-21 20:00,253.28,signal,0.526,0.2713256300,-4.8843456300,-0.035435,36.00,tb-pullback_rsi-SOLUSDT-1737345600-B,tb-pullback_rsi-SOLUSDT-1737475200-S
BTC/USDT,pullback_rsi,2025-01-22 20:00,104682.32,2025-01-23 16:00,105210.88,signal,0.00395,0.8301249672,1.2576870328,0.003042,20.00,tb-pullback_rsi-BTCUSDT-1737561600-B,tb-pullback_rsi-BTCUSDT-1737633600-S
LTC/USDT,pullback_rsi,2025-01-22 12:00,117.25,2025-01-23 16:00,115.90,signal,1.785,0.4164072500,-2.8261572500,-0.013503,28.00,tb-pullback_rsi-LTCUSDT-1737532800-B,tb-pullback_rsi-LTCUSDT-1737633600-S
SOL/USDT,pullback_rsi,2025-01-25 12:00,250.10,2025-01-25 16:00,253.55,signal,0.884,0.4454767000,2.6043233000,0.011780,4.00,tb-pullback_rsi-SOLUSDT-1737792000-B,tb-pullback_rsi-SOLUSDT-1737806400-S
BTC/USDT,pullback_rsi,2025-01-27 16:00,101162.59,2025-01-28 00:00,102031.78,signal,0.00511,1.0393348608,3.4022260392,0.006581,8.00,tb-pullback_rsi-BTCUSDT-1737979200-B,tb-pullback_rsi-BTCUSDT-1738008000-S
XRP/USDT,pullback_rsi,2025-01-27 16:00,2.9581,2025-01-28 00:00,3.0536,signal,88.8,0.534134770000,7.946265230000,0.030251,8.00,tb-pullback_rsi-XRPUSDT-1737979200-B,tb-pullback_rsi-XRPUSDT-1738008000-S
LTC/USDT,pullback_rsi,2025-01-29 04:00,113.40,2025-01-29 08:00,114.66,signal,2.295,0.5237379000,2.3679621000,0.009099,4.00,tb-pullback_rsi-LTCUSDT-1738108800-B,tb-pullback_rsi-LTCUSDT-1738123200-S
SOL/USDT,pullback_rsi,2025-01-29 04:00,231.32,2025-01-29 08:00,234.30,signal,1.084,0.5051947200,2.7251252800,0.010868,4.00,tb-pullback_rsi-SOLUSDT-1738108800-B,tb-pullback_rsi-SOLUSDT-1738123200-S
SOL/USDT,pullback_rsi,2025-01-31 12:00,238.89,2025-01-31 16:00,239.97,signal,1.311,0.6282632400,0.7876167600,0.002515,4.00,tb-pullback_rsi-SOLUSDT-1738310400-B,tb-pullback_rsi-SOLUSDT-1738324800-S
XRP/USDT,pullback_rsi,2025-01-31 12:00,3.0998,2025-02-01 19:59,2.9212,stop,125.5,0.756255460000,-23.170555460000,-0.059561,32.00,tb-pullback_rsi-XRPUSDT-1738310400-B,tb-pullback_rsi-XRPUSDT-1738425600-X
BTC/USDT,pullback_rsi,2025-02-01 16:00,102124.93,2025-02-02 11:59,98835.24,stop,0.00684,1.3755888105,-23.8770684105,-0.034182,20.00,tb-pullback_rsi-BTCUSDT-1738411200-B,tb-pullback_rsi-BTCUSDT-1738483200-X
XRP/USDT,pullback_rsi,2025-02-02 08:00,2.8832,2025-02-02 19:59,2.6881,stop,114.1,0.636261970000,-22.897171970000,-0.069602,12.00,tb-pullback_rsi-XRPUSDT-1738468800-B,tb-pullback_rsi-XRPUSDT-1738512000-X
LTC/USDT,pullback_rsi,2025-02-12 00:00,119.32,2025-02-12 20:00,123.73,signal,1.920,0.4668946400,8.0003053600,0.034921,20.00,tb-pullback_rsi-LTCUSDT-1739304000-B,tb-pullback_rsi-LTCUSDT-1739376000-S
BNB/USDT,pullback_rsi,2025-02-14 04:00,683.54,2025-02-15 16:00,665.88,signal,0.398,0.5377527000,-7.5664327000,-0.027813,36.00,tb-pullback_rsi-BNBUSDT-1739491200-B,tb-pullback_rsi-BNBUSDT-1739620800-S
XRP/USDT,pullback_rsi,2025-04-24 12:00,2.1567,2025-04-24 16:00,2.2114,signal,192.4,0.840853780000,9.683426220000,0.023336,4.00,tb-pullback_rsi-XRPUSDT-1745481600-B,tb-pullback_rsi-XRPUSDT-1745496000-S
BNB/USDT,pullback_rsi,2025-04-24 00:00,606.03,2025-04-25 00:00,601.25,signal,1.355,1.6370764600,-8.1139764600,-0.009881,24.00,tb-pullback_rsi-BNBUSDT-1745438400-B,tb-pullback_rsi-BNBUSDT-1745524800-S
BNB/USDT,pullback_rsi,2025-04-26 04:00,602.51,2025-04-26 16:00,607.65,signal,1.346,1.6300803800,5.2883596200,0.006521,12.00,tb-pullback_rsi-BNBUSDT-1745625600-B,tb-pullback_rsi-BNBUSDT-1745668800-S
SOL/USDT,pullback_rsi,2025-04-26 16:00,149.40,2025-04-27 16:00,148.94,signal,2.747,0.8199881800,-2.0836081800,-0.005077,24.00,tb-pullback_rsi-SOLUSDT-1745668800-B,tb-pullback_rsi-SOLUSDT-1745755200-S
XRP/USDT,pullback_rsi,2025-04-27 12:00,2.1814,2025-04-27 16:00,2.2266,signal,248.1,1.094279220000,10.119840780000,0.018699,4.00,tb-pullback_rsi-XRPUSDT-1745740800-B,tb-pullback_rsi-XRPUSDT-1745755200-S
LINK/USDT,pullback_rsi,2025-04-27 20:00,14.828,2025-04-28 04:00,14.842,signal,25.08,0.74456844000,-0.39344844000,-0.001058,8.00,tb-pullback_rs-LINKUSDT-1745769600-B,tb-pullback_rs-LINKUSDT-1745798400-S
ADA/USDT,pullback_rsi,2025-04-27 20:00,0.7163,2025-04-28 08:00,0.7248,signal,499.9,0.720835670000,3.528314330000,0.009853,12.00,tb-pullback_rsi-ADAUSDT-1745769600-B,tb-pullback_rsi-ADAUSDT-1745812800-S
XRP/USDT,pullback_rsi,2025-04-30 04:00,2.2499,2025-04-30 15:59,2.1435,stop,209.8,0.922410290000,-23.245130290000,-0.049245,12.00,tb-pullback_rsi-XRPUSDT-1745971200-B,tb-pullback_rsi-XRPUSDT-1746014400-X
LINK/USDT,pullback_rsi,2025-04-30 04:00,14.738,2025-04-30 15:59,13.867,stop,25.58,0.73215804000,-23.01233804000,-0.061041,12.00,tb-pullback_rs-LINKUSDT-1745971200-B,tb-pullback_rs-LINKUSDT-1746014400-X
LINK/USDT,pullback_rsi,2025-04-30 20:00,14.218,2025-05-01 04:00,14.522,signal,23.92,0.68788734000,6.58379266000,0.019359,8.00,tb-pullback_rs-LINKUSDT-1746028800-B,tb-pullback_rs-LINKUSDT-1746057600-S
LTC/USDT,pullback_rsi,2025-04-30 20:00,83.74,2025-05-01 08:00,84.90,signal,4.920,0.8301275000,4.8770725000,0.011838,12.00,tb-pullback_rsi-LTCUSDT-1746028800-B,tb-pullback_rsi-LTCUSDT-1746072000-S
SOL/USDT,pullback_rsi,2025-05-02 12:00,150.80,2025-05-04 12:00,145.38,signal,3.055,0.9054331000,-17.4635331000,-0.037907,48.00,tb-pullback_rsi-SOLUSDT-1746172800-B,tb-pullback_rsi-SOLUSDT-1746345600-S
LINK/USDT,pullback_rsi,2025-05-03 16:00,14.428,2025-05-05 08:00,14.112,signal,30.16,0.86134352000,-10.39190352000,-0.023881,40.00,tb-pullback_rs-LINKUSDT-1746273600-B,tb-pullback_rs-LINKUSDT-1746417600-S
SOL/USDT,pullback_rsi,2025-05-04 16:00,146.91,2025-05-05 08:00,146.80,signal,3.872,1.1378327600,-1.5637527600,-0.002749,16.00,tb-pullback_rsi-SOLUSDT-1746360000-B,tb-pullback_rsi-SOLUSDT-1746417600-S
ETH/USDT,pullback_rsi,2025-05-06 20:00,1785.70,2025-05-07 00:00,1816.09,signal,0.3082,1.1107859600,8.2554120400,0.015000,4.00,tb-pullback_rsi-ETHUSDT-1746547200-B,tb-pullback_rsi-ETHUSDT-1746561600-S
ETH/USDT,pullback_rsi,2025-05-08 00:00,1812.02,2025-05-08 04:00,1900.13,signal,0.3038,1.1284759740,25.6393420260,0.046575,4.00,tb-pullback_rsi-ETHUSDT-1746648000-B,tb-pullback_rsi-ETHUSDT-1746662400-S
BTC/USDT,pullback_rsi,2025-05-13 00:00,102842.72,2025-05-13 12:00,103677.33,signal,0.00641,1.3248219524,4.0250281476,0.006106,12.00,tb-pullback_rsi-BTCUSDT-1747080000-B,tb-pullback_rsi-BTCUSDT-1747123200-S
LINK/USDT,pullback_rsi,2025-05-13 00:00,16.749,2025-05-13 16:00,16.861,signal,15.30,0.51456798000,1.19903202000,0.004679,16.00,tb-pullback_rs-LINKUSDT-1747080000-B,tb-pullback_rs-LINKUSDT-1747137600-S
LTC/USDT,pullback_rsi,2025-05-14 20:00,100.24,2025-05-15 20:00,99.54,signal,2.737,0.5470985800,-2.4629985800,-0.008977,24.00,tb-pullback_rsi-LTCUSDT-1747238400-B,tb-pullback_rsi-LTCUSDT-1747324800-S
LINK/USDT,pullback_rsi,2025-05-15 12:00,16.329,2025-05-16 08:00,16.341,signal,16.82,0.54983598000,-0.34799598000,-0.001267,20.00,tb-pullback_rs-LINKUSDT-1747296000-B,tb-pullback_rs-LINKUSDT-1747368000-S
XRP/USDT,pullback_rsi,2025-05-16 04:00,2.4139,2025-05-18 04:00,2.3574,signal,117.7,0.562064790000,-7.212114790000,-0.025384,48.00,tb-pullback_rsi-XRPUSDT-1747353600-B,tb-pullback_rsi-XRPUSDT-1747526400-S
SOL/USDT,pullback_rsi,2025-05-17 04:00,168.35,2025-05-18 08:00,170.59,signal,1.889,0.6405943600,3.5907656400,0.011291,28.00,tb-pullback_rsi-SOLUSDT-1747440000-B,tb-pullback_rsi-SOLUSDT-1747540800-S
ADA/USDT,pullback_rsi,2025-05-20 16:00,0.7325,2025-05-20 20:00,0.7389,signal,427.2,0.628948330000,2.105131670000,0.006727,4.00,tb-pullback_rsi-ADAUSDT-1747742400-B,tb-pullback_rsi-ADAUSDT-1747756800-S
LTC/USDT,pullback_rsi,2025-05-20 16:00,93.94,2025-05-21 04:00,94.69,signal,3.214,0.6066325800,1.8038674200,0.005975,12.00,tb-pullback_rsi-LTCUSDT-1747742400-B,tb-pullback_rsi-LTCUSDT-1747785600-S
BNB/USDT,pullback_rsi,2025-05-24 04:00,664.81,2025-05-24 12:00,674.35,signal,0.872,1.1684123300,7.1504676700,0.012334,8.00,tb-pullback_rsi-BNBUSDT-1748044800-B,tb-pullback_rsi-BNBUSDT-1748073600-S
BTC/USDT,pullback_rsi,2025-05-24 04:00,108420.50,2025-05-24 12:00,109153.96,signal,0.00538,1.1716347950,2.7743800050,0.004756,8.00,tb-pullback_rsi-BTCUSDT-1748044800-B,tb-pullback_rsi-BTCUSDT-1748073600-S
LINK/USDT,pullback_rsi,2025-05-25 04:00,15.478,2025-05-26 00:00,15.532,signal,20.51,0.63647944000,0.47106056000,0.001484,20.00,tb-pullback_rs-LINKUSDT-1748131200-B,tb-pullback_rs-LINKUSDT-1748203200-S
LTC/USDT,pullback_rsi,2025-05-25 04:00,95.83,2025-05-26 00:00,95.54,signal,3.860,0.7390715200,-1.8584715200,-0.005024,20.00,tb-pullback_rsi-LTCUSDT-1748131200-B,tb-pullback_rsi-LTCUSDT-1748203200-S
SOL/USDT,pullback_rsi,2025-05-27 00:00,175.01,2025-05-27 12:00,176.71,signal,2.343,0.8246049900,3.1584950100,0.007703,12.00,tb-pullback_rsi-SOLUSDT-1748289600-B,tb-pullback_rsi-SOLUSDT-1748332800-S
ADA/USDT,pullback_rsi,2025-05-28 12:00,0.7593,2025-05-29 04:00,0.7576,signal,578.2,0.877527160000,-1.860467160000,-0.004238,16.00,tb-pullback_rsi-ADAUSDT-1748419200-B,tb-pullback_rsi-ADAUSDT-1748476800-S
SOL/USDT,pullback_rsi,2025-05-28 12:00,174.61,2025-05-29 04:00,173.60,signal,2.689,0.9368605200,-3.6527505200,-0.007780,16.00,tb-pullback_rsi-SOLUSDT-1748419200-B,tb-pullback_rsi-SOLUSDT-1748476800-S
BNB/USDT,pullback_rsi,2025-05-30 12:00,671.52,2025-05-31 03:59,652.72,stop,1.192,1.5798371200,-23.9894371200,-0.029970,16.00,tb-pullback_rsi-BNBUSDT-1748592000-B,tb-pullback_rsi-BNBUSDT-1748649600-X
BTC/USDT,pullback_rsi,2025-05-30 04:00,106077.35,2025-05-31 16:00,104503.80,signal,0.00670,1.4119544785,-11.9547394785,-0.016821,36.00,tb-pullback_rsi-BTCUSDT-1748563200-B,tb-pullback_rsi-BTCUSDT-1748692800-S
ETH/USDT,pullback_rsi,2025-05-31 08:00,2522.38,2025-05-31 16:00,2535.02,signal,0.1532,0.7752981520,1.1611498480,0.003005,8.00,tb-pullback_rsi-ETHUSDT-1748664000-B,tb-pullback_rsi-ETHUSDT-1748692800-S
ETH/USDT,pullback_rsi,2025-06-01 16:00,2524.50,2025-06-01 20:00,2525.11,signal,0.1875,0.9473067800,-0.8329317800,-0.001760,4.00,tb-pullback_rsi-ETHUSDT-1748779200-B,tb-pullback_rsi-ETHUSDT-1748793600-S
BNB/USDT,pullback_rsi,2025-06-01 16:00,655.05,2025-06-02 00:00,660.43,signal,1.291,1.6995947800,5.2459852200,0.006203,8.00,tb-pullback_rsi-BNBUSDT-1748779200-B,tb-pullback_rsi-BNBUSDT-1748808000-S
ETH/USDT,pullback_rsi,2025-06-06 04:00,2456.93,2025-06-06 16:00,2508.36,signal,0.1545,0.7676286910,7.1783063090,0.018910,12.00,tb-pullback_rsi-ETHUSDT-1749168000-B,tb-pullback_rsi-ETHUSDT-1749211200-S
BTC/USDT,pullback_rsi,2025-06-12 16:00,107074.48,2025-06-13 03:59,104468.96,stop,0.00860,1.8203443328,-24.2278163328,-0.026311,12.00,tb-pullback_rsi-BTCUSDT-1749729600-B,tb-pullback_rsi-BTCUSDT-1749772800-X
BNB/USDT,pullback_rsi,2025-06-13 08:00,655.34,2025-06-14 00:00,655.02,signal,1.251,1.6405710400,-2.0408910400,-0.002489,16.00,tb-pullback_rsi-BNBUSDT-1749787200-B,tb-pullback_rsi-BNBUSDT-1749844800-S
ETH/USDT,pullback_rsi,2025-06-13 08:00,2527.73,2025-06-14 00:00,2577.90,signal,0.1241,0.6341142290,5.5919827710,0.017826,16.00,tb-pullback_rsi-ETHUSDT-1749787200-B,tb-pullback_rsi-ETHUSDT-1749844800-S
BTC/USDT,pullback_rsi,2025-06-15 00:00,105467.34,2025-06-15 04:00,105420.80,signal,0.00829,1.7493173520,-2.1351339520,-0.002442,4.00,tb-pullback_rsi-BTCUSDT-1749931200-B,tb-pullback_rsi-BTCUSDT-1749945600-S
ETH/USDT,pullback_rsi,2025-06-15 00:00,2532.04,2025-06-15 16:00,2540.53,signal,0.1567,0.7953781260,0.5350048740,0.001348,16.00,tb-pullback_rsi-ETHUSDT-1749931200-B,tb-pullback_rsi-ETHUSDT-1749988800-S
BTC/USDT,pullback_rsi,2025-07-02 00:00,105733.98,2025-07-02 04:00,106141.60,signal,0.01060,2.2479958276,2.0727761724,0.001849,4.00,tb-pullback_rsi-BTCUSDT-1751400000-B,tb-pullback_rsi-BTCUSDT-1751414400-S
ETH/USDT,pullback_rsi,2025-07-04 12:00,2550.48,2025-07-05 08:00,2520.05,signal,0.2088,1.0594918080,-7.4132758080,-0.013921,20.00,tb-pullback_rsi-ETHUSDT-1751616000-B,tb-pullback_rsi-ETHUSDT-1751688000-S
LTC/USDT,pullback_rsi,2025-07-04 12:00,88.20,2025-07-05 20:00,86.71,signal,5.602,0.9803750200,-9.3273550200,-0.018878,32.00,tb-pullback_rsi-LTCUSDT-1751616000-B,tb-pullback_rsi-LTCUSDT-1751731200-S
BTC/USDT,pullback_rsi,2025-07-08 00:00,108317.08,2025-07-08 08:00,108430.36,signal,0.01240,2.6898345936,-1.2851625936,-0.000957,8.00,tb-pullback_rsi-BTCUSDT-1751918400-B,tb-pullback_rsi-BTCUSDT-1751947200-S
ETH/USDT,pullback_rsi,2025-07-07 20:00,2545.25,2025-07-08 08:00,2552.14,signal,0.2442,1.2455462150,0.4369917850,0.000703,12.00,tb-pullback_rsi-ETHUSDT-1751904000-B,tb-pullback_rsi-ETHUSDT-1751947200-S
ETH/USDT,pullback_rsi,2025-07-12 20:00,2942.66,2025-07-13 04:00,2953.63,signal,0.1553,0.9162823700,0.7873586300,0.001723,8.00,tb-pullback_rsi-ETHUSDT-1752336000-B,tb-pullback_rsi-ETHUSDT-1752364800-S
SOL/USDT,pullback_rsi,2025-07-12 20:00,160.80,2025-07-13 08:00,162.58,signal,2.773,0.8972151400,4.0387248600,0.009058,12.00,tb-pullback_rsi-SOLUSDT-1752336000-B,tb-pullback_rsi-SOLUSDT-1752379200-S
LINK/USDT,pullback_rsi,2025-07-15 08:00,15.418,2025-07-15 16:00,15.562,signal,20.91,0.64825434000,2.36278566000,0.007329,8.00,tb-pullback_rs-LINKUSDT-1752552000-B,tb-pullback_rs-LINKUSDT-1752580800-S
SOL/USDT,pullback_rsi,2025-07-15 08:00,159.62,2025-07-16 00:00,163.89,signal,2.689,0.8703972500,10.6116327500,0.024723,16.00,tb-pullback_rsi-SOLUSDT-1752552000-B,tb-pullback_rsi-SOLUSDT-1752609600-S
BTC/USDT,pullback_rsi,2025-07-19 00:00,117983.81,2025-07-20 16:00,118611.78,signal,0.00587,1.3899959528,2.2961879472,0.003315,40.00,tb-pullback_rsi-BTCUSDT-1752868800-B,tb-pullback_rsi-BTCUSDT-1753012800-S
ETH/USDT,pullback_rsi,2025-07-22 12:00,3707.16,2025-07-23 00:00,3744.33,signal,0.1057,0.7883639240,3.1405050760,0.008015,12.00,tb-pullback_rsi-ETHUSDT-1753171200-B,tb-pullback_rsi-ETHUSDT-1753214400-S
ADA/USDT,pullback_rsi,2025-07-24 00:00,0.8165,2025-07-24 16:00,0.8230,signal,287.2,0.471109350000,1.395690650000,0.005952,16.00,tb-pullback_rsi-ADAUSDT-1753300800-B,tb-pullback_rsi-ADAUSDT-1753358400-S
LINK/USDT,pullback_rsi,2025-07-24 00:00,18.190,2025-07-24 16:00,18.460,signal,13.16,0.48267780000,3.07052220000,0.012827,16.00,tb-pullback_rs-LINKUSDT-1753300800-B,tb-pullback_rs-LINKUSDT-1753358400-S
BNB/USDT,pullback_rsi,2025-07-25 08:00,761.79,2025-07-25 12:00,771.28,signal,0.500,0.7672967900,3.9777032100,0.010443,4.00,tb-pullback_rsi-BNBUSDT-1753416000-B,tb-pullback_rsi-BNBUSDT-1753430400-S
LTC/USDT,pullback_rsi,2025-07-25 08:00,111.21,2025-07-25 12:00,115.62,signal,2.233,0.5068450200,9.3406849800,0.037614,4.00,tb-pullback_rsi-LTCUSDT-1753416000-B,tb-pullback_rsi-LTCUSDT-1753430400-S
ETH/USDT,pullback_rsi,2025-07-29 00:00,3800.90,2025-07-29 08:00,3875.42,signal,0.1264,0.9710470300,8.4482809700,0.017585,8.00,tb-pullback_rsi-ETHUSDT-1753732800-B,tb-pullback_rsi-ETHUSDT-1753761600-S
LTC/USDT,pullback_rsi,2025-07-29 04:00,109.34,2025-07-29 08:00,110.55,signal,3.367,0.7408069900,3.3332630100,0.009054,4.00,tb-pullback_rsi-LTCUSDT-1753747200-B,tb-pullback_rsi-LTCUSDT-1753761600-S
BTC/USDT,pullback_rsi,2025-07-29 20:00,117584.05,2025-07-30 04:00,118102.77,signal,0.00865,2.0398668330,2.4470611670,0.002406,8.00,tb-pullback_rsi-BTCUSDT-1753804800-B,tb-pullback_rsi-BTCUSDT-1753833600-S
BNB/USDT,pullback_rsi,2025-07-30 00:00,805.52,2025-07-30 19:59,766.41,stop,0.567,0.8920898300,-23.0674598300,-0.050506,20.00,tb-pullback_rsi-BNBUSDT-1753819200-B,tb-pullback_rsi-BNBUSDT-1753891200-X
SOL/USDT,pullback_rsi,2025-07-30 16:00,179.26,2025-07-31 04:00,180.21,signal,2.142,0.7705225200,1.2643774800,0.003293,12.00,tb-pullback_rsi-SOLUSDT-1753876800-B,tb-pullback_rsi-SOLUSDT-1753920000-S
ETH/USDT,pullback_rsi,2025-08-01 04:00,3706.84,2025-08-01 19:59,3513.91,stop,0.1147,0.8289613960,-22.9580323960,-0.053997,16.00,tb-pullback_rsi-ETHUSDT-1754006400-B,tb-pullback_rsi-ETHUSDT-1754064000-X
LTC/USDT,pullback_rsi,2025-08-01 04:00,106.53,2025-08-02 00:00,106.54,signal,3.377,0.7199635100,-0.6861935100,-0.001907,20.00,tb-pullback_rsi-LTCUSDT-1754006400-B,tb-pullback_rsi-LTCUSDT-1754078400-S
BNB/USDT,pullback_rsi,2025-08-02 04:00,764.69,2025-08-03 08:00,747.69,signal,0.559,0.8461851100,-10.3491851100,-0.024211,28.00,tb-pullback_rsi-BNBUSDT-1754092800-B,tb-pullback_rsi-BNBUSDT-1754193600-S
ETH/USDT,pullback_rsi,2025-08-02 04:00,3530.56,2025-08-03 08:00,3454.51,signal,0.1066,0.7453145780,-8.8522445780,-0.023521,28.00,tb-pullback_rsi-ETHUSDT-1754092800-B,tb-pullback_rsi-ETHUSDT-1754193600-S
LTC/USDT,pullback_rsi,2025-08-06 16:00,118.33,2025-08-06 20:00,119.98,signal,2.562,0.6109052100,3.6163947900,0.011929,4.00,tb-pullback_rsi-LTCUSDT-1754481600-B,tb-pullback_rsi-LTCUSDT-1754496000-S
XRP/USDT,pullback_rsi,2025-08-10 04:00,3.2607,2025-08-11 04:00,3.2637,signal,121.3,0.792061860000,-0.428161860000,-0.001083,24.00,tb-pullback_rsi-XRPUSDT-1754784000-B,tb-pullback_rsi-XRPUSDT-1754870400-S
LINK/USDT,pullback_rsi,2025-08-11 16:00,21.971,2025-08-12 16:00,24.017,signal,12.13,0.55827386000,24.25970614000,0.091028,24.00,tb-pullback_rs-LINKUSDT-1754913600-B,tb-pullback_rs-LINKUSDT-1755000000-S
XRP/USDT,pullback_rsi,2025-08-12 04:00,3.1499,2025-08-12 16:00,3.2111,signal,123.7,0.787485680000,6.782954320000,0.017408,12.00,tb-pullback_rsi-XRPUSDT-1754956800-B,tb-pullback_rsi-XRPUSDT-1755000000-S
ETH/USDT,pullback_rsi,2025-08-15 00:00,4549.12,2025-08-15 04:00,4632.15,signal,0.0797,0.7322021360,5.8852888640,0.016232,4.00,tb-pullback_rsi-ETHUSDT-1755201600-B,tb-pullback_rsi-ETHUSDT-1755216000-S
BNB/USDT,pullback_rsi,2025-08-15 20:00,821.13,2025-08-16 04:00,831.38,signal,0.539,0.8915240200,4.6332259800,0.010468,8.00,tb-pullback_rsi-BNBUSDT-1755273600-B,tb-pullback_rsi-BNBUSDT-1755302400-S
BTC/USDT,pullback_rsi,2025-08-15 00:00,118354.24,2025-08-16 16:00,117617.86,signal,0.00606,1.4311744668,-5.8936372668,-0.008217,40.00,tb-pullback_rsi-BTCUSDT-1755201600-B,tb-pullback_rsi-BTCUSDT-1755345600-S
