pair,strategy,entry_time,entry_price,exit_time,exit_price,exit_reason,qty,fees_quote,pnl,pnl_pct,duration_hours,entry_client_order_id,exit_client_order_id
SOL/USDT,ema_trend,2021-08-01 01:00,36.12,2021-08-01 16:59,34.48,stop,61.814,4.3663078400,-105.7412678400,-0.047360,16.00,tb-ema_trend-SOLUSDT-1627776000-B,tb-ema_trend-SOLUSDT-1627833600-X
BNB/USDT,ema_trend,2021-08-01 01:00,339.37,2021-08-01 16:59,334.05,trailing,5.713,3.8492846800,-34.2424446800,-0.017661,16.00,tb-ema_trend-BNBUSDT-1627776000-B,tb-ema_trend-BNBUSDT-1627833600-T
ETH/USDT,ema_trend,2021-08-01 01:00,2571.68,2021-08-01 16:59,2533.03,trailing,0.5655,2.8882565180,-24.7448315180,-0.017015,16.00,tb-ema_trend-ETHUSDT-1627776000-B,tb-ema_trend-ETHUSDT-1627833600-T
LTC/USDT,ema_trend,2021-08-01 17:00,145.98,2021-08-01 22:59,142.54,stop,9.465,2.7323016000,-35.2919016000,-0.025542,6.00,tb-ema_trend-LTCUSDT-1627833600-B,tb-ema_trend-LTCUSDT-1627855200-X
ADA/USDT,ema_trend,2021-08-01 17:00,1.3486,2021-08-01 23:59,1.3131,stop,1821.4,4.850582720000,-69.510282720000,-0.028298,7.00,tb-ema_trend-ADAUSDT-1627833600-B,tb-ema_trend-ADAUSDT-1627858800-X
LINK/USDT,ema_trend,2021-08-01 17:00,22.820,2021-08-01 23:59,22.083,trailing,80.72,3.62662396000,-63.11726396000,-0.034265,7.00,tb-ema_trend-LINKUSDT-1627833600-B,tb-ema_trend-LINKUSDT-1627858800-T
ETH/USDT,ema_trend,2021-08-01 23:00,2602.39,2021-08-02 00:59,2520.81,stop,0.5274,2.7035371100,-45.7288291100,-0.033318,2.00,tb-ema_trend-ETHUSDT-1627855200-B,tb-ema_trend-ETHUSDT-1627862400-X
XRP/USDT,ema_trend,2021-08-02 01:00,0.7190,2021-08-02 02:00,0.7215,signal,1879.6,2.708929900000,1.990070100000,0.001473,1.00,tb-ema_trend-XRPUSDT-1627862400-B,tb-ema_trend-XRPUSDT-1627866000-S
SOL/USDT,ema_trend,2021-08-02 01:00,33.58,2021-08-02 18:59,33.61,trailing,53.722,3.6113945000,-1.9997345000,-0.001109,18.00,tb-ema_trend-SOLUSDT-1627862400-B,tb-ema_trend-SOLUSDT-1627927200-T
ADA/USDT,ema_trend,2021-08-02 19:00,1.3278,2021-08-02 20:00,1.3127,signal,1102.5,2.912744610000,-19.560494610000,-0.013362,1.00,tb-ema_trend-ADAUSDT-1627927200-B,tb-ema_trend-ADAUSDT-1627930800-S
BNB/USDT,ema_trend,2021-08-02 01:00,328.18,2021-08-03 02:00,327.17,signal,7.323,4.8017534900,-12.1979834900,-0.005076,25.00,tb-ema_trend-BNBUSDT-1627862400-B,tb-ema_trend-BNBUSDT-1627952400-S
ETH/USDT,ema_trend,2021-08-02 03:00,2568.59,2021-08-03 03:59,2531.31,trailing,0.5260,2.6840885540,-22.2933685540,-0.016500,25.00,tb-ema_trend-ETHUSDT-1627869600-B,tb-ema_trend-ETHUSDT-1627959600-T
SOL/USDT,ema_trend,2021-08-03 16:00,34.94,2021-08-04 08:00,33.68,signal,62.635,4.3002149200,-83.2203149200,-0.038027,16.00,tb-ema_trend-SOLUSDT-1628002800-B,tb-ema_trend-SOLUSDT-1628060400-S
ADA/USDT,ema_trend,2021-08-03 18:00,1.3517,2021-08-04 08:59,1.3227,trailing,1362.7,3.646297260000,-43.164597260000,-0.023434,15.00,tb-ema_trend-ADAUSDT-1628010000-B,tb-ema_trend-ADAUSDT-1628064000-T
BNB/USDT,ema_trend,2021-08-04 17:00,335.12,2021-08-05 07:59,328.84,stop,5.275,3.5043997200,-36.6313997200,-0.020722,15.00,tb-ema_trend-BNBUSDT-1628092800-B,tb-ema_trend-BNBUSDT-1628146800-X
ETH/USDT,ema_trend,2021-08-04 15:00,2640.15,2021-08-05 09:59,2613.61,trailing,0.8929,4.6934584400,-28.3910244400,-0.012043,19.00,tb-ema_trend-ETHUSDT-1628085600-B,tb-ema_trend-ETHUSDT-1628154000-T
LTC/USDT,ema_trend,2021-08-05 08:00,139.38,2021-08-05 10:00,137.57,signal,10.239,2.8372242300,-21.3698142300,-0.014974,2.00,tb-ema_trend-LTCUSDT-1628146800-B,tb-ema_trend-LTCUSDT-1628154000-S
ETH/USDT,ema_trend,2021-08-05 12:00,2623.58,2021-08-05 12:59,2540.44,stop,0.6064,3.1332982380,-53.5493942380,-0.033659,1.00,tb-ema_trend-ETHUSDT-1628161200-B,tb-ema_trend-ETHUSDT-1628164800-X
LINK/USDT,ema_trend,2021-08-05 14:00,23.228,2021-08-06 04:59,22.992,trailing,67.91,3.14042616000,-19.16718616000,-0.012151,15.00,tb-ema_trend-LINKUSDT-1628168400-B,tb-ema_trend-LINKUSDT-1628222400-T
SOL/USDT,ema_trend,2021-08-04 17:00,36.23,2021-08-07 16:59,38.21,trailing,36.605,2.7262167100,69.7516832900,0.052595,72.00,tb-ema_trend-SOLUSDT-1628092800-B,tb-ema_trend-SOLUSDT-1628352000-T
BNB/USDT,ema_trend,2021-08-05 10:00,324.65,2021-08-08 15:59,344.69,trailing,5.090,3.4088885000,98.5947115000,0.059665,78.00,tb-ema_trend-BNBUSDT-1628154000-B,tb-ema_trend-BNBUSDT-1628434800-T
ETH/USDT,ema_trend,2021-08-07 17:00,3091.79,2021-08-08 15:59,3013.25,trailing,0.4944,3.0198776710,-41.8500536710,-0.027378,23.00,tb-ema_trend-ETHUSDT-1628352000-B,tb-ema_trend-ETHUSDT-1628434800-T
BTC/USDT,ema_trend,2021-08-06 05:00,40188.08,2021-08-08 19:59,43254.17,trailing,0.03913,3.2667027636,116.7093989364,0.074216,63.00,tb-ema_trend-BTCUSDT-1628222400-B,tb-ema_trend-BTCUSDT-1628449200-T
BNB/USDT,ema_trend,2021-08-08 20:00,340.15,2021-08-08 22:00,343.02,signal,4.474,3.0582033300,9.7821766700,0.006428,2.00,tb-ema_trend-BNBUSDT-1628449200-B,tb-ema_trend-BNBUSDT-1628456400-S
BTC/USDT,ema_trend,2021-08-08 23:00,44210.47,2021-08-09 01:59,42981.95,stop,0.03448,3.0081630644,-45.3675326644,-0.029761,3.00,tb-ema_trend-BTCUSDT-1628460000-B,tb-ema_trend-BTCUSDT-1628470800-X
ETH/USDT,ema_trend,2021-08-08 18:00,2990.18,2021-08-09 06:00,2933.87,signal,0.4906,2.9078340180,-30.5335200180,-0.020814,12.00,tb-ema_trend-ETHUSDT-1628442000-B,tb-ema_trend-ETHUSDT-1628485200-S
BNB/USDT,ema_trend,2021-08-09 12:00,357.50,2021-08-09 21:59,348.44,stop,3.928,2.7743623200,-38.3620423200,-0.027318,10.00,tb-ema_trend-BNBUSDT-1628506800-B,tb-ema_trend-BNBUSDT-1628542800-X
LTC/USDT,ema_trend,2021-08-09 22:00,166.06,2021-08-10 16:59,159.11,stop,8.400,2.7329225400,-61.1129225400,-0.043812,19.00,tb-ema_trend-LTCUSDT-1628542800-B,tb-ema_trend-LTCUSDT-1628611200-X
ADA/USDT,ema_trend,2021-08-10 17:00,1.5352,2021-08-11 22:59,1.7701,trailing,898.7,2.971854790000,208.132775210000,0.150855,30.00,tb-ema_trend-ADAUSDT-1628611200-B,tb-ema_trend-ADAUSDT-1628719200-T
XRP/USDT,ema_trend,2021-08-08 16:00,0.7874,2021-08-12 05:59,0.9827,trailing,2484.1,4.399073910000,480.745656090000,0.245782,86.00,tb-ema_trend-XRPUSDT-1628434800-B,tb-ema_trend-XRPUSDT-1628744400-T
ETH/USDT,ema_trend,2021-08-09 11:00,3102.79,2021-08-12 05:59,3141.18,trailing,0.6033,3.7691590500,19.3915279500,0.010359,67.00,tb-ema_trend-ETHUSDT-1628503200-B,tb-ema_trend-ETHUSDT-1628744400-T
BNB/USDT,ema_trend,2021-08-11 23:00,392.26,2021-08-12 05:59,386.43,trailing,3.649,2.8430088500,-24.1166788500,-0.016849,7.00,tb-ema_trend-BNBUSDT-1628719200-B,tb-ema_trend-BNBUSDT-1628744400-T
ADA/USDT,ema_trend,2021-08-12 06:00,1.7808,2021-08-12 14:59,1.6945,stop,1174.0,4.082139160000,-105.398339160000,-0.050414,9.00,tb-ema_trend-ADAUSDT-1628744400-B,tb-ema_trend-ADAUSDT-1628776800-X
LTC/USDT,ema_trend,2021-08-12 06:00,170.28,2021-08-12 14:59,163.41,stop,11.651,3.8898655500,-83.9322355500,-0.042306,9.00,tb-ema_trend-LTCUSDT-1628744400-B,tb-ema_trend-LTCUSDT-1628776800-X
LINK/USDT,ema_trend,2021-08-12 06:00,25.350,2021-08-12 14:59,24.289,stop,58.72,2.91632308000,-65.21824308000,-0.043813,9.00,tb-ema_trend-LINKUSDT-1628744400-B,tb-ema_trend-LINKUSDT-1628776800-X
BNB/USDT,ema_trend,2021-08-13 01:00,389.68,2021-08-14 10:59,401.09,trailing,5.205,4.1182959300,55.2707540700,0.027250,34.00,tb-ema_trend-BNBUSDT-1628812800-B,tb-ema_trend-BNBUSDT-1628935200-T
ADA/USDT,ema_trend,2021-08-13 01:00,1.8691,2021-08-15 07:59,2.0834,trailing,813.9,3.218621940000,171.200148060000,0.112538,55.00,tb-ema_trend-ADAUSDT-1628812800-B,tb-ema_trend-ADAUSDT-1629010800-T
BTC/USDT,ema_trend,2021-08-14 11:00,46331.31,2021-08-15 07:59,45921.00,trailing,0.03586,3.3100210890,-18.0237376890,-0.010848,21.00,tb-ema_trend-BTCUSDT-1628935200-B,tb-ema_trend-BTCUSDT-1629010800-T
BTC/USDT,ema_trend,2021-08-15 10:00,46050.36,2021-08-15 11:00,45907.01,signal,0.03387,3.1164381376,-7.9717026376,-0.005111,1.00,tb-ema_trend-BTCUSDT-1629018000-B,tb-ema_trend-BTCUSDT-1629021600-S
XRP/USDT,ema_trend,2021-08-13 01:00,0.9722,2021-08-16 13:59,1.2491,trailing,1708.8,3.797507400000,469.369212600000,0.282532,85.00,tb-ema_trend-XRPUSDT-1628812800-B,tb-ema_trend-XRPUSDT-1629118800-T
ADA/USDT,ema_trend,2021-08-15 10:00,2.1329,2021-08-16 13:59,2.0891,trailing,975.5,4.120693900000,-46.847593900000,-0.022516,28.00,tb-ema_trend-ADAUSDT-1629018000-B,tb-ema_trend-ADAUSDT-1629118800-T
LINK/USDT,ema_trend,2021-08-16 14:00,29.363,2021-08-16 20:59,28.203,stop,75.27,4.33534186000,-91.64854186000,-0.041467,7.00,tb-ema_trend-LINKUSDT-1629118800-B,tb-ema_trend-LINKUSDT-1629144000-X
BNB/USDT,ema_trend,2021-08-16 14:00,424.52,2021-08-16 20:59,413.35,stop,3.904,3.2727425600,-46.8804225600,-0.028287,7.00,tb-ema_trend-BNBUSDT-1629118800-B,tb-ema_trend-BNBUSDT-1629144000-X
BNB/USDT,ema_trend,2021-08-16 23:00,421.01,2021-08-17 00:59,409.60,stop,3.954,3.2859159800,-48.4010559800,-0.029075,2.00,tb-ema_trend-BNBUSDT-1629151200-B,tb-ema_trend-BNBUSDT-1629158400-X
XRP/USDT,ema_trend,2021-08-16 21:00,1.1819,2021-08-17 01:00,1.1601,signal,1727.1,4.046995620000,-41.697775620000,-0.020427,4.00,tb-ema_trend-XRPUSDT-1629144000-B,tb-ema_trend-XRPUSDT-1629158400-S
SOL/USDT,ema_trend,2021-08-15 17:00,49.62,2021-08-17 16:59,65.24,trailing,31.401,3.6083067000,486.8753133000,0.312477,48.00,tb-ema_trend-SOLUSDT-1629043200-B,tb-ema_trend-SOLUSDT-1629216000-T
LINK/USDT,ema_trend,2021-08-17 01:00,27.435,2021-08-17 17:59,27.978,trailing,60.22,3.33889131000,29.36056869000,0.017771,17.00,tb-ema_trend-LINKUSDT-1629158400-B,tb-ema_trend-LINKUSDT-1629219600-T
BNB/USDT,ema_trend,2021-08-17 03:00,426.07,2021-08-17 19:59,413.76,trailing,4.081,3.4294765800,-53.6665865800,-0.030864,17.00,tb-ema_trend-BNBUSDT-1629165600-B,tb-ema_trend-BNBUSDT-1629226800-T
SOL/USDT,ema_trend,2021-08-17 19:00,66.80,2021-08-17 20:59,60.74,stop,17.692,2.2576400800,-109.4711600800,-0.092629,2.00,tb-ema_trend-SOLUSDT-1629223200-B,tb-ema_trend-SOLUSDT-1629230400-X
SOL/USDT,ema_trend,2021-08-17 23:00,67.06,2021-08-18 01:59,59.95,stop,14.859,1.8882474900,-107.5357374900,-0.107919,3.00,tb-ema_trend-SOLUSDT-1629237600-B,tb-ema_trend-SOLUSDT-1629248400-X
SOL/USDT,ema_trend,2021-08-18 04:00,65.83,2021-08-19 11:59,69.77,trailing,13.860,1.8803376200,52.7280623800,0.057790,32.00,tb-ema_trend-SOLUSDT-1629255600-B,tb-ema_trend-SOLUSDT-1629370800-T
ADA/USDT,ema_trend,2021-08-18 23:00,2.1401,2021-08-21 11:59,2.4268,trailing,949.3,4.337498270000,267.826811730000,0.131831,61.00,tb-ema_trend-ADAUSDT-1629324000-B,tb-ema_trend-ADAUSDT-1629543600-T
BNB/USDT,ema_trend,2021-08-19 17:00,417.82,2021-08-22 14:59,444.27,trailing,5.045,4.3517509700,129.0884990300,0.061240,70.00,tb-ema_trend-BNBUSDT-1629388800-B,tb-ema_trend-BNBUSDT-1629640800-T
BTC/USDT,ema_trend,2021-08-19 20:00,46733.36,2021-08-22 14:59,48562.97,trailing,0.03383,3.2257441832,58.6699621168,0.037110,67.00,tb-ema_trend-BTCUSDT-1629399600-B,tb-ema_trend-BTCUSDT-1629640800-T
LTC/USDT,ema_trend,2021-08-21 12:00,179.73,2021-08-22 14:59,181.99,trailing,9.795,3.5448447000,18.5918553000,0.010561,27.00,tb-ema_trend-LTCUSDT-1629543600-B,tb-ema_trend-LTCUSDT-1629640800-T
LINK/USDT,ema_trend,2021-08-22 15:00,27.269,2021-08-22 17:00,27.289,signal,75.19,4.10439754000,-2.60059754000,-0.001268,2.00,tb-ema_trend-LINKUSDT-1629640800-B,tb-ema_trend-LINKUSDT-1629648000-S
LTC/USDT,ema_trend,2021-08-22 18:00,181.65,2021-08-24 01:59,183.54,trailing,9.167,3.3495132300,13.9761167700,0.008393,32.00,tb-ema_trend-LTCUSDT-1629651600-B,tb-ema_trend-LTCUSDT-1629766800-T
BNB/USDT,ema_trend,2021-08-22 17:00,444.14,2021-08-24 10:59,489.35,trailing,3.463,3.2344524300,153.3277775700,0.099689,42.00,tb-ema_trend-BNBUSDT-1629648000-B,tb-ema_trend-BNBUSDT-1629799200-T
ADA/USDT,ema_trend,2021-08-22 15:00,2.5400,2021-08-24 13:59,2.8075,trailing,1076.5,5.759377750000,282.204372250000,0.103209,47.00,tb-ema_trend-ADAUSDT-1629640800-B,tb-ema_trend-ADAUSDT-1629810000-T
XRP/USDT,ema_trend,2021-08-24 02:00,1.2240,2021-08-24 13:59,1.2021,trailing,1363.7,3.310186170000,-33.175216170000,-0.019875,12.00,tb-ema_trend-XRPUSDT-1629766800-B,tb-ema_trend-XRPUSDT-1629810000-T
SOL/USDT,ema_trend,2021-08-24 11:00,77.45,2021-08-24 13:59,74.04,stop,21.624,3.2775236600,-77.0153636600,-0.045985,3.00,tb-ema_trend-SOLUSDT-1629799200-B,tb-ema_trend-SOLUSDT-1629810000-X
BTC/USDT,ema_trend,2021-08-24 14:00,48621.48,2021-08-24 16:00,48286.57,signal,0.04347,4.2150240096,-18.7735617096,-0.008882,2.00,tb-ema_trend-BTCUSDT-1629810000-B,tb-ema_trend-BTCUSDT-1629817200-S
BNB/USDT,ema_trend,2021-08-24 14:00,483.22,2021-08-24 16:59,469.21,stop,5.832,5.5574710800,-87.2637910800,-0.030965,3.00,tb-ema_trend-BNBUSDT-1629810000-B,tb-ema_trend-BNBUSDT-1629820800-X
ETH/USDT,ema_trend,2021-08-24 14:00,3251.78,2021-08-24 16:59,3187.02,stop,0.4876,3.1411847680,-34.7181607680,-0.021896,3.00,tb-ema_trend-ETHUSDT-1629810000-B,tb-ema_trend-ETHUSDT-1629820800-X
ADA/USDT,ema_trend,2021-08-25 01:00,2.7597,2021-08-25 08:59,2.6103,stop,751.8,4.039373760000,-116.358293760000,-0.056083,8.00,tb-ema_trend-ADAUSDT-1629849600-B,tb-ema_trend-ADAUSDT-1629878400-X
BNB/USDT,ema_trend,2021-08-25 01:00,479.17,2021-08-26 04:59,490.05,trailing,5.808,5.6321047800,57.5589352200,0.020682,28.00,tb-ema_trend-BNBUSDT-1629849600-B,tb-ema_trend-BNBUSDT-1629950400-T
BNB/USDT,ema_trend,2021-08-26 07:00,483.55,2021-08-26 17:00,479.66,signal,5.708,5.5009039800,-27.7050239800,-0.010038,10.00,tb-ema_trend-BNBUSDT-1629957600-B,tb-ema_trend-BNBUSDT-1629993600-S
ADA/USDT,ema_trend,2021-08-27 15:00,2.8635,2021-08-28 11:59,2.7999,trailing,814.2,4.613717430000,-56.396837430000,-0.024189,21.00,tb-ema_trend-ADAUSDT-1630072800-B,tb-ema_trend-ADAUSDT-1630148400-T
BTC/USDT,ema_trend,2021-08-28 12:00,48694.82,2021-08-29 02:59,48494.09,trailing,0.03861,3.7544116030,-11.5045969030,-0.006119,15.00,tb-ema_trend-BTCUSDT-1630148400-B,tb-ema_trend-BTCUSDT-1630202400-T
ETH/USDT,ema_trend,2021-08-27 17:00,3233.62,2021-08-29 03:59,3208.96,trailing,0.5407,3.4854431760,-16.8191051760,-0.009620,35.00,tb-ema_trend-ETHUSDT-1630080000-B,tb-ema_trend-ETHUSDT-1630206000-T
SOL/USDT,ema_trend,2021-08-26 19:00,75.11,2021-08-29 09:59,91.56,trailing,22.897,3.8179705200,372.8376794800,0.216792,63.00,tb-ema_trend-SOLUSDT-1630000800-B,tb-ema_trend-SOLUSDT-1630227600-T
ADA/USDT,ema_trend,2021-08-30 14:00,2.7884,2021-08-30 15:00,2.7826,signal,778.5,4.339254220000,-8.854554220000,-0.004079,1.00,tb-ema_trend-ADAUSDT-1630328400-B,tb-ema_trend-ADAUSDT-1630332000-S
ETH/USDT,ema_trend,2021-08-30 18:00,3292.36,2021-08-30 23:59,3239.68,trailing,0.6583,4.3023465800,-38.9815905800,-0.017986,6.00,tb-ema_trend-ETHUSDT-1630342800-B,tb-ema_trend-ETHUSDT-1630364400-T
LINK/USDT,ema_trend,2021-08-30 22:00,26.374,2021-08-30 23:59,25.631,stop,61.62,3.20639428000,-48.99005428000,-0.030145,2.00,tb-ema_trend-LINKUSDT-1630357200-B,tb-ema_trend-LINKUSDT-1630364400-X
SOL/USDT,ema_trend,2021-08-29 12:00,91.80,2021-08-31 16:59,113.56,trailing,28.906,5.9387983600,623.0557616400,0.234799,53.00,tb-ema_trend-SOLUSDT-1630234800-B,tb-ema_trend-SOLUSDT-1630425600-T
ETH/USDT,ema_trend,2021-08-31 02:00,3216.91,2021-09-03 01:59,3708.15,trailing,0.6670,4.6212668570,323.0358131430,0.150552,72.00,tb-ema_trend-ETHUSDT-1630371600-B,tb-ema_trend-ETHUSDT-1630630800-T
LINK/USDT,ema_trend,2021-08-31 09:00,26.074,2021-09-03 01:59,29.213,trailing,61.69,3.41248021000,190.23242979000,0.118267,65.00,tb-ema_trend-LINKUSDT-1630396800-B,tb-ema_trend-LINKUSDT-1630630800-T
XRP/USDT,ema_trend,2021-09-03 02:00,1.2335,2021-09-04 10:59,1.2663,trailing,1682.4,4.207760470000,50.974959530000,0.024563,33.00,tb-ema_trend-XRPUSDT-1630630800-B,tb-ema_trend-XRPUSDT-1630749600-T
SOL/USDT,ema_trend,2021-08-31 19:00,110.58,2021-09-04 16:59,138.97,trailing,11.796,2.9450187600,331.9434212400,0.254479,94.00,tb-ema_trend-SOLUSDT-1630432800-B,tb-ema_trend-SOLUSDT-1630771200-T
LTC/USDT,ema_trend,2021-09-03 02:00,181.60,2021-09-04 19:59,209.37,trailing,15.244,5.9628522800,417.3630277200,0.150765,42.00,tb-ema_trend-LTCUSDT-1630630800-B,tb-ema_trend-LTCUSDT-1630782000-T
SOL/USDT,ema_trend,2021-09-04 19:00,139.72,2021-09-05 15:59,136.32,trailing,14.132,3.9030930800,-51.9518930800,-0.026311,21.00,tb-ema_trend-SOLUSDT-1630778400-B,tb-ema_trend-SOLUSDT-1630854000-T
ETH/USDT,ema_trend,2021-09-04 11:00,3906.55,2021-09-06 12:59,3880.66,trailing,0.5342,4.1622715100,-17.9927095100,-0.008622,50.00,tb-ema_trend-ETHUSDT-1630749600-B,tb-ema_trend-ETHUSDT-1630929600-T
LTC/USDT,ema_trend,2021-09-04 22:00,213.81,2021-09-06 12:59,221.90,trailing,10.645,4.6404848600,81.4775651400,0.035798,39.00,tb-ema_trend-LTCUSDT-1630789200-B,tb-ema_trend-LTCUSDT-1630929600-T
LINK/USDT,ema_trend,2021-09-05 16:00,31.466,2021-09-06 12:59,33.226,trailing,69.56,4.50217814000,117.92342186000,0.053876,21.00,tb-ema_trend-LINKUSDT-1630854000-B,tb-ema_trend-LINKUSDT-1630929600-T
XRP/USDT,ema_trend,2021-09-06 13:00,1.3415,2021-09-07 06:59,1.3466,trailing,2478.7,6.666347220000,5.975022780000,0.001797,18.00,tb-ema_trend-XRPUSDT-1630929600-B,tb-ema_trend-XRPUSDT-1630994400-T
BTC/USDT,ema_trend,2021-09-06 13:00,51394.52,2021-09-07 08:59,51677.55,trailing,0.04852,5.0036265664,8.7289890336,0.003500,20.00,tb-ema_trend-BTCUSDT-1630929600-B,tb-ema_trend-BTCUSDT-1631001600-T
LTC/USDT,ema_trend,2021-09-07 07:00,216.91,2021-09-07 08:59,209.75,stop,10.304,4.3986906500,-78.1753306500,-0.034977,2.00,tb-ema_trend-LTCUSDT-1630994400-B,tb-ema_trend-LTCUSDT-1631001600-X
SOL/USDT,ema_trend,2021-09-06 13:00,142.06,2021-09-07 14:59,171.62,trailing,13.169,4.1328407600,385.1427992400,0.205872,26.00,tb-ema_trend-SOLUSDT-1630929600-B,tb-ema_trend-SOLUSDT-1631023200-T
XRP/USDT,ema_trend,2021-09-07 09:00,1.3027,2021-09-07 14:59,1.2513,stop,2181.1,5.573395340000,-117.681935340000,-0.041418,6.00,tb-ema_trend-XRPUSDT-1631001600-B,tb-ema_trend-XRPUSDT-1631023200-X
LINK/USDT,ema_trend,2021-09-07 10:00,32.097,2021-09-07 14:59,30.344,stop,66.34,4.14458273000,-120.43860273000,-0.056562,5.00,tb-ema_trend-LINKUSDT-1631005200-B,tb-ema_trend-LINKUSDT-1631023200-X
SOL/USDT,ema_trend,2021-09-07 17:00,181.75,2021-09-08 06:59,157.27,stop,5.484,1.8602761800,-136.1085961800,-0.136557,14.00,tb-ema_trend-SOLUSDT-1631030400-B,tb-ema_trend-SOLUSDT-1631080800-X
SOL/USDT,ema_trend,2021-09-08 09:00,162.09,2021-09-09 18:59,186.27,trailing,6.122,2.1337945500,145.8961654500,0.147026,34.00,tb-ema_trend-SOLUSDT-1631088000-B,tb-ema_trend-SOLUSDT-1631210400-T
SOL/USDT,ema_trend,2021-09-09 21:00,184.67,2021-09-10 14:00,177.03,signal,7.639,2.7645036600,-61.1264636600,-0.043331,17.00,tb-ema_trend-SOLUSDT-1631217600-B,tb-ema_trend-SOLUSDT-1631278800-S
ADA/USDT,ema_trend,2021-09-11 13:00,2.7254,2021-09-11 22:59,2.5902,stop,996.2,5.298126120000,-139.984366120000,-0.051559,10.00,tb-ema_trend-ADAUSDT-1631361600-B,tb-ema_trend-ADAUSDT-1631397600-X
ADA/USDT,ema_trend,2021-09-12 09:00,2.6294,2021-09-12 20:59,2.5584,trailing,1051.6,5.458382820000,-80.121982820000,-0.028976,12.00,tb-ema_trend-ADAUSDT-1631433600-B,tb-ema_trend-ADAUSDT-1631476800-T
LINK/USDT,ema_trend,2021-09-12 14:00,28.895,2021-09-12 20:59,27.881,stop,90.19,5.12351694000,-96.57617694000,-0.037059,7.00,tb-ema_trend-LINKUSDT-1631451600-B,tb-ema_trend-LINKUSDT-1631476800-X
LINK/USDT,ema_trend,2021-09-12 23:00,29.105,2021-09-13 03:59,27.924,stop,111.58,6.36678842000,-138.14276842000,-0.042538,5.00,tb-ema_trend-LINKUSDT-1631484000-B,tb-ema_trend-LINKUSDT-1631502000-X
LTC/USDT,ema_trend,2021-09-13 14:00,217.31,2021-09-13 14:59,202.08,stop,8.511,3.5713840800,-133.1939140800,-0.072015,1.00,tb-ema_trend-LTCUSDT-1631538000-B,tb-ema_trend-LTCUSDT-1631541600-X
LINK/USDT,ema_trend,2021-09-14 17:00,29.365,2021-09-16 13:59,30.111,trailing,60.98,3.62890203000,41.86217797000,0.023378,45.00,tb-ema_trend-LINKUSDT-1631635200-B,tb-ema_trend-LINKUSDT-1631797200-T
BTC/USDT,ema_trend,2021-09-14 13:00,46556.27,2021-09-16 14:59,47220.79,trailing,0.06842,6.4194853823,39.0469730177,0.012258,50.00,tb-ema_trend-BTCUSDT-1631620800-B,tb-ema_trend-BTCUSDT-1631800800-T
LTC/USDT,ema_trend,2021-09-14 16:00,185.00,2021-09-16 20:59,183.36,trailing,12.923,4.7627212800,-25.9564412800,-0.010857,53.00,tb-ema_trend-LTCUSDT-1631631600-B,tb-ema_trend-LTCUSDT-1631822400-T
LINK/USDT,ema_trend,2021-09-16 21:00,29.175,2021-09-17 04:00,29.705,signal,75.73,4.46131640000,35.67558360000,0.016147,7.00,tb-ema_trend-LINKUSDT-1631822400-B,tb-ema_trend-LINKUSDT-1631847600-S
ETH/USDT,ema_trend,2021-09-16 14:00,3561.22,2021-09-17 10:59,3478.04,trailing,0.5059,3.5632983700,-45.6440603700,-0.025335,21.00,tb-ema_trend-ETHUSDT-1631797200-B,tb-ema_trend-ETHUSDT-1631872800-T
BNB/USDT,ema_trend,2021-09-16 15:00,423.02,2021-09-17 10:59,412.42,stop,5.099,4.2624466800,-58.3118466800,-0.027034,20.00,tb-ema_trend-BNBUSDT-1631800800-B,tb-ema_trend-BNBUSDT-1631872800-X
LTC/USDT,ema_trend,2021-09-17 05:00,186.70,2021-09-17 11:59,180.78,stop,11.882,4.3686377600,-74.7100777600,-0.033678,7.00,tb-ema_trend-LTCUSDT-1631851200-B,tb-ema_trend-LTCUSDT-1631876400-X
BTC/USDT,ema_trend,2021-09-17 15:00,47513.11,2021-09-17 21:00,46947.47,signal,0.06657,6.2915667304,-43.9462215304,-0.013894,6.00,tb-ema_trend-BTCUSDT-1631887200-B,tb-ema_trend-BTCUSDT-1631908800-S
BTC/USDT,ema_trend,2021-09-18 05:00,48353.47,2021-09-19 01:59,47707.34,trailing,0.06519,6.2655889422,-48.3868036422,-0.015350,21.00,tb-ema_trend-BTCUSDT-1631937600-B,tb-ema_trend-BTCUSDT-1632013200-T
SOL/USDT,ema_trend,2021-09-18 11:00,160.63,2021-09-19 11:59,158.43,trailing,14.719,4.6986535900,-37.0804535900,-0.015683,25.00,tb-ema_trend-SOLUSDT-1631959200-B,tb-ema_trend-SOLUSDT-1632049200-T
SOL/USDT,ema_trend,2021-09-19 14:00,159.48,2021-09-19 22:59,152.00,stop,16.924,5.2741986800,-131.8657186800,-0.048857,9.00,tb-ema_trend-SOLUSDT-1632056400-B,tb-ema_trend-SOLUSDT-1632088800-X
ADA/USDT,ema_trend,2021-09-23 04:00,2.2902,2021-09-23 11:59,2.1916,stop,1128.9,5.062252260000,-116.371792260000,-0.045011,8.00,tb-ema_trend-ADAUSDT-1632366000-B,tb-ema_trend-ADAUSDT-1632394800-X
SOL/USDT,ema_trend,2021-09-23 00:00,148.10,2021-09-24 05:59,141.55,trailing,13.873,4.0203878500,-94.8885378500,-0.046184,30.00,tb-ema_trend-SOLUSDT-1632351600-B,tb-ema_trend-SOLUSDT-1632459600-T
LINK/USDT,ema_trend,2021-09-26 12:00,24.753,2021-09-27 12:59,23.935,trailing,84.91,4.13632585000,-73.59270585000,-0.035015,25.00,tb-ema_trend-LINKUSDT-1632654000-B,tb-ema_trend-LINKUSDT-1632744000-T
ETH/USDT,ema_trend,2021-09-26 21:00,3089.12,2021-09-27 16:59,3018.28,trailing,0.8156,4.9839756500,-62.7610796500,-0.024910,20.00,tb-ema_trend-ETHUSDT-1632686400-B,tb-ema_trend-ETHUSDT-1632758400-T
BTC/USDT,ema_trend,2021-09-27 01:00,43894.18,2021-09-27 16:59,42885.73,trailing,0.04304,3.7372020362,-47.1408900362,-0.024953,16.00,tb-ema_trend-BTCUSDT-1632700800-B,tb-ema_trend-BTCUSDT-1632758400-T
SOL/USDT,ema_trend,2021-09-27 13:00,145.84,2021-09-27 20:59,138.65,stop,13.196,3.7561718000,-98.6354118000,-0.051252,8.00,tb-ema_trend-SOLUSDT-1632744000-B,tb-ema_trend-SOLUSDT-1632772800-X
LINK/USDT,ema_trend,2021-09-30 04:00,24.293,2021-09-30 16:59,23.410,stop,68.90,3.28843721000,-64.12713721000,-0.038313,13.00,tb-ema_trend-LINKUSDT-1632970800-B,tb-ema_trend-LINKUSDT-1633017600-X
BNB/USDT,ema_trend,2021-09-29 12:00,370.19,2021-10-03 00:59,424.35,trailing,8.036,6.3882551500,428.8415048500,0.144156,85.00,tb-ema_trend-BNBUSDT-1632913200-B,tb-ema_trend-BNBUSDT-1633219200-T
XRP/USDT,ema_trend,2021-09-30 02:00,0.9532,2021-10-03 00:59,1.0225,trailing,2340.6,4.626611100000,157.576968900000,0.070629,71.00,tb-ema_trend-XRPUSDT-1632963600-B,tb-ema_trend-XRPUSDT-1633219200-T
ETH/USDT,ema_trend,2021-09-30 18:00,2996.80,2021-10-03 00:59,3351.48,trailing,0.5528,3.5111272600,192.5559767400,0.116233,55.00,tb-ema_trend-ETHUSDT-1633021200-B,tb-ema_trend-ETHUSDT-1633219200-T
LINK/USDT,ema_trend,2021-10-03 01:00,26.714,2021-10-04 02:59,26.686,trailing,117.98,6.30333768000,-9.60677768000,-0.003048,26.00,tb-ema_trend-LINKUSDT-1633219200-B,tb-ema_trend-LINKUSDT-1633312800-T
LTC/USDT,ema_trend,2021-10-03 01:00,167.19,2021-10-04 02:59,167.35,trailing,14.152,4.7369179300,-2.4725979300,-0.001045,26.00,tb-ema_trend-LTCUSDT-1633219200-B,tb-ema_trend-LTCUSDT-1633312800-T
SOL/USDT,ema_trend,2021-10-03 01:00,167.85,2021-10-04 02:59,166.92,trailing,10.567,3.5393609400,-13.3666709400,-0.007536,26.00,tb-ema_trend-SOLUSDT-1633219200-B,tb-ema_trend-SOLUSDT-1633312800-T
XRP/USDT,ema_trend,2021-10-04 03:00,1.0394,2021-10-04 15:59,1.0090,stop,3027.2,6.204138620000,-98.231018620000,-0.031219,13.00,tb-ema_trend-XRPUSDT-1633312800-B,tb-ema_trend-XRPUSDT-1633359600-X
ETH/USDT,ema_trend,2021-10-04 03:00,3361.43,2021-10-04 15:59,3279.80,stop,0.7019,4.6641684810,-61.9602654810,-0.026261,13.00,tb-ema_trend-ETHUSDT-1633312800-B,tb-ema_trend-ETHUSDT-1633359600-X
SOL/USDT,ema_trend,2021-10-04 16:00,166.53,2021-10-05 07:00,166.80,signal,15.581,5.1962792100,-0.9894092100,-0.000381,15.00,tb-ema_trend-SOLUSDT-1633359600-B,tb-ema_trend-SOLUSDT-1633413600-S
XRP/USDT,ema_trend,2021-10-05 14:00,1.0812,2021-10-05 14:59,1.0509,stop,1997.8,4.261671780000,-64.795011780000,-0.029997,1.00,tb-ema_trend-XRPUSDT-1633438800-B,tb-ema_trend-XRPUSDT-1633442400-X
BNB/USDT,ema_trend,2021-10-04 04:00,414.11,2021-10-06 07:59,430.28,trailing,4.274,3.6109934100,65.4995865900,0.037007,52.00,tb-ema_trend-BNBUSDT-1633316400-B,tb-ema_trend-BNBUSDT-1633503600-T
XRP/USDT,ema_trend,2021-10-05 17:00,1.0657,2021-10-06 08:59,1.0469,trailing,2011.8,4.252366650000,-42.074206650000,-0.019624,16.00,tb-ema_trend-XRPUSDT-1633449600-B,tb-ema_trend-XRPUSDT-1633507200-T
ETH/USDT,ema_trend,2021-10-06 08:00,3457.86,2021-10-06 08:59,3386.09,stop,0.5976,4.0920192320,-46.9817712320,-0.022736,1.00,tb-ema_trend-ETHUSDT-1633503600-B,tb-ema_trend-ETHUSDT-1633507200-X
BNB/USDT,ema_trend,2021-10-06 10:00,418.91,2021-10-07 01:59,424.04,trailing,6.158,5.1938184700,26.3967215300,0.010233,16.00,tb-ema_trend-BNBUSDT-1633510800-B,tb-ema_trend-BNBUSDT-1633568400-T
XRP/USDT,ema_trend,2021-10-06 11:00,1.0342,2021-10-07 01:59,1.0535,trailing,1871.3,3.908677990000,32.207412010000,0.016642,15.00,tb-ema_trend-XRPUSDT-1633514400-B,tb-ema_trend-XRPUSDT-1633568400-T
BTC/USDT,ema_trend,2021-10-04 16:00,47782.10,2021-10-07 14:59,53446.12,trailing,0.04216,4.2701708610,234.5249123390,0.116419,71.00,tb-ema_trend-BTCUSDT-1633359600-B,tb-ema_trend-BTCUSDT-1633615200-T
LTC/USDT,ema_trend,2021-10-07 02:00,175.49,2021-10-08 03:59,176.24,trailing,11.089,3.9024398500,4.4143101500,0.002268,26.00,tb-ema_trend-LTCUSDT-1633568400-B,tb-ema_trend-LTCUSDT-1633662000-T
ETH/USDT,ema_trend,2021-10-07 02:00,3518.51,2021-10-08 20:59,3534.39,trailing,0.7374,5.2036232720,6.5062887280,0.002508,43.00,tb-ema_trend-ETHUSDT-1633568400-B,tb-ema_trend-ETHUSDT-1633723200-T
ADA/USDT,ema_trend,2021-10-07 15:00,2.2702,2021-10-08 20:59,2.2336,trailing,890.6,4.013127460000,-36.609087460000,-0.018107,30.00,tb-ema_trend-ADAUSDT-1633615200-B,tb-ema_trend-ADAUSDT-1633723200-T
BTC/USDT,ema_trend,2021-10-08 10:00,55262.38,2021-10-08 20:59,53974.67,stop,0.03625,3.9620535602,-50.6415410602,-0.025280,11.00,tb-ema_trend-BTCUSDT-1633683600-B,tb-ema_trend-BTCUSDT-1633723200-X
XRP/USDT,ema_trend,2021-10-09 13:00,1.1088,2021-10-10 00:59,1.1410,trailing,2829.7,6.369474580000,84.746865420000,0.027010,12.00,tb-ema_trend-XRPUSDT-1633780800-B,tb-ema_trend-XRPUSDT-1633824000-T
LINK/USDT,ema_trend,2021-10-10 16:00,26.834,2021-10-10 18:00,26.546,signal,88.26,4.71373386000,-30.13261386000,-0.012723,2.00,tb-ema_trend-LINKUSDT-1633878000-B,tb-ema_trend-LINKUSDT-1633885200-S
XRP/USDT,ema_trend,2021-10-10 03:00,1.1524,2021-10-10 21:59,1.1613,trailing,2741.2,6.345541160000,18.051138840000,0.005714,19.00,tb-ema_trend-XRPUSDT-1633831200-B,tb-ema_trend-XRPUSDT-1633899600-T
LTC/USDT,ema_trend,2021-10-11 09:00,183.80,2021-10-11 11:59,178.70,stop,12.885,4.6732019000,-70.3867019000,-0.029721,3.00,tb-ema_trend-LTCUSDT-1633939200-B,tb-ema_trend-LTCUSDT-1633950000-X
XRP/USDT,ema_trend,2021-10-11 00:00,1.1358,2021-10-11 19:59,1.1293,trailing,2778.7,6.297213610000,-24.358763610000,-0.007718,20.00,tb-ema_trend-XRPUSDT-1633906800-B,tb-ema_trend-XRPUSDT-1633978800-T
BTC/USDT,ema_trend,2021-10-11 09:00,56583.28,2021-10-12 16:59,55920.89,trailing,0.03136,3.5303941020,-24.3029445020,-0.013696,32.00,tb-ema_trend-BTCUSDT-1633939200-B,tb-ema_trend-BTCUSDT-1634054400-T
BTC/USDT,ema_trend,2021-10-12 20:00,55357.45,2021-10-12 20:59,54167.48,stop,0.04234,4.6400534055,-55.0233832055,-0.023476,1.00,tb-ema_trend-BTCUSDT-1634065200-B,tb-ema_trend-BTCUSDT-1634068800-X
BTC/USDT,ema_trend,2021-10-12 23:00,56421.15,2021-10-13 00:00,55968.91,signal,0.04130,4.6445305325,-23.3220425325,-0.010009,1.00,tb-ema_trend-BTCUSDT-1634076000-B,tb-ema_trend-BTCUSDT-1634079600-S
BNB/USDT,ema_trend,2021-10-12 18:00,432.72,2021-10-13 05:59,439.45,trailing,7.223,6.3031456700,42.3076443300,0.013536,12.00,tb-ema_trend-BNBUSDT-1634058000-B,tb-ema_trend-BNBUSDT-1634101200-T
BNB/USDT,ema_trend,2021-10-13 08:00,441.83,2021-10-15 01:59,463.83,trailing,5.953,5.3940449600,125.5719550400,0.047742,42.00,tb-ema_trend-BNBUSDT-1634108400-B,tb-ema_trend-BNBUSDT-1634259600-T
BTC/USDT,ema_trend,2021-10-13 21:00,57007.29,2021-10-16 12:59,60751.93,trailing,0.04313,5.0818055222,156.4245176778,0.063620,64.00,tb-ema_trend-BTCUSDT-1634155200-B,tb-ema_trend-BTCUSDT-1634385600-T
ETH/USDT,ema_trend,2021-10-15 02:00,3750.79,2021-10-16 17:59,3838.89,trailing,0.5523,4.1940307410,44.4635992590,0.021464,40.00,tb-ema_trend-ETHUSDT-1634259600-B,tb-ema_trend-ETHUSDT-1634403600-T
LTC/USDT,ema_trend,2021-10-13 23:00,179.09,2021-10-16 20:59,185.89,trailing,10.304,3.7627239100,66.3044760900,0.035931,70.00,tb-ema_trend-LTCUSDT-1634162400-B,tb-ema_trend-LTCUSDT-1634414400-T
BNB/USDT,ema_trend,2021-10-16 18:00,466.84,2021-10-17 02:00,464.86,signal,4.679,4.3617585000,-13.6261785000,-0.006238,8.00,tb-ema_trend-BNBUSDT-1634403600-B,tb-ema_trend-BNBUSDT-1634432400-S
ETH/USDT,ema_trend,2021-10-16 21:00,3834.92,2021-10-17 15:59,3791.59,trailing,0.5518,4.2106091680,-28.1201031680,-0.013289,19.00,tb-ema_trend-ETHUSDT-1634414400-B,tb-ema_trend-ETHUSDT-1634482800-T
SOL/USDT,ema_trend,2021-10-16 13:00,159.09,2021-10-17 16:59,159.36,trailing,13.880,4.4223132600,-0.6747132600,-0.000306,28.00,tb-ema_trend-SOLUSDT-1634385600-B,tb-ema_trend-SOLUSDT-1634486400-T
LTC/USDT,ema_trend,2021-10-17 03:00,186.60,2021-10-17 17:00,183.90,signal,11.415,4.2314967000,-35.0519967000,-0.016456,14.00,tb-ema_trend-LTCUSDT-1634436000-B,tb-ema_trend-LTCUSDT-1634486400-S
SOL/USDT,ema_trend,2021-10-17 19:00,160.40,2021-10-17 20:59,155.75,stop,19.921,6.3012321500,-98.9338821500,-0.030962,2.00,tb-ema_trend-SOLUSDT-1634493600-B,tb-ema_trend-SOLUSDT-1634500800-X
ETH/USDT,ema_trend,2021-10-17 20:00,3768.25,2021-10-17 20:59,3693.36,stop,0.6358,4.7467294150,-52.3617914150,-0.021855,1.00,tb-ema_trend-ETHUSDT-1634497200-B,tb-ema_trend-ETHUSDT-1634500800-X
ETH/USDT,ema_trend,2021-10-18 03:00,3863.36,2021-10-18 09:59,3772.02,stop,0.4596,3.5111523260,-45.4910163260,-0.025620,7.00,tb-ema_trend-ETHUSDT-1634522400-B,tb-ema_trend-ETHUSDT-1634547600-X
SOL/USDT,ema_trend,2021-10-17 23:00,159.66,2021-10-18 11:00,158.07,signal,19.775,6.2863039500,-37.7285539500,-0.011950,12.00,tb-ema_trend-SOLUSDT-1634508000-B,tb-ema_trend-SOLUSDT-1634551200-S
BNB/USDT,ema_trend,2021-10-18 01:00,473.54,2021-10-19 14:59,480.13,trailing,5.000,4.7711912400,28.1788087600,0.011901,38.00,tb-ema_trend-BNBUSDT-1634515200-B,tb-ema_trend-BNBUSDT-1634652000-T
LTC/USDT,ema_trend,2021-10-19 03:00,189.00,2021-10-19 14:59,184.36,trailing,13.463,5.0291916800,-67.4975116800,-0.026527,12.00,tb-ema_trend-LTCUSDT-1634608800-B,tb-ema_trend-LTCUSDT-1634652000-T
BTC/USDT,ema_trend,2021-10-20 00:00,64312.74,2021-10-21 01:59,65117.65,trailing,0.02734,3.5405562438,18.4656831562,0.010502,26.00,tb-ema_trend-BTCUSDT-1634684400-B,tb-ema_trend-BTCUSDT-1634778000-T
BNB/USDT,ema_trend,2021-10-19 17:00,482.45,2021-10-21 06:59,492.41,trailing,6.478,6.3185202300,58.2023597700,0.018623,38.00,tb-ema_trend-BNBUSDT-1634659200-B,tb-ema_trend-BNBUSDT-1634796000-T
ETH/USDT,ema_trend,2021-10-21 07:00,4159.22,2021-10-21 12:59,4148.00,trailing,0.5092,4.2325319560,-9.9457559560,-0.004696,6.00,tb-ema_trend-ETHUSDT-1634796000-B,tb-ema_trend-ETHUSDT-1634817600-T
LTC/USDT,ema_trend,2021-10-19 17:00,185.70,2021-10-21 14:59,201.15,trailing,12.628,4.8875559000,190.2150441000,0.081114,46.00,tb-ema_trend-LTCUSDT-1634659200-B,tb-ema_trend-LTCUSDT-1634824800-T
SOL/USDT,ema_trend,2021-10-21 02:00,184.69,2021-10-21 15:59,178.52,trailing,9.548,3.4697759800,-62.3809359800,-0.035375,14.00,tb-ema_trend-SOLUSDT-1634778000-B,tb-ema_trend-SOLUSDT-1634828400-T
BTC/USDT,ema_trend,2021-10-21 16:00,63002.69,2021-10-21 20:00,62770.16,signal,0.03318,4.1756632718,-11.8910086718,-0.005688,4.00,tb-ema_trend-BTCUSDT-1634828400-B,tb-ema_trend-BTCUSDT-1634842800-S
ETH/USDT,ema_trend,2021-10-21 15:00,4116.43,2021-10-22 14:59,4005.43,trailing,0.5393,4.3825889570,-64.2448889570,-0.028939,24.00,tb-ema_trend-ETHUSDT-1634824800-B,tb-ema_trend-ETHUSDT-1634911200-T
BNB/USDT,ema_trend,2021-10-22 15:00,484.75,2021-10-22 16:00,480.45,signal,4.340,4.1913917500,-22.8533917500,-0.010863,1.00,tb-ema_trend-BNBUSDT-1634911200-B,tb-ema_trend-BNBUSDT-1634914800-S
LINK/USDT,ema_trend,2021-10-21 13:00,28.425,2021-10-22 16:59,28.246,trailing,74.43,4.22029653000,-17.54326653000,-0.008292,28.00,tb-ema_trend-LINKUSDT-1634817600-B,tb-ema_trend-LINKUSDT-1634918400-T
ETH/USDT,ema_trend,2021-10-22 17:00,3974.96,2021-10-22 19:00,3956.99,signal,0.6599,5.2370762760,-17.0954792760,-0.006517,2.00,tb-ema_trend-ETHUSDT-1634918400-B,tb-ema_trend-ETHUSDT-1634925600-S
SOL/USDT,ema_trend,2021-10-21 21:00,184.48,2021-10-22 21:59,194.66,trailing,11.317,4.2929411400,110.9141188600,0.053126,25.00,tb-ema_trend-SOLUSDT-1634846400-B,tb-ema_trend-SOLUSDT-1634936400-T
SOL/USDT,ema_trend,2021-10-23 00:00,196.39,2021-10-24 06:59,194.06,trailing,12.153,4.7476919200,-33.0641819200,-0.013853,31.00,tb-ema_trend-SOLUSDT-1634943600-B,tb-ema_trend-SOLUSDT-1635055200-T
LINK/USDT,ema_trend,2021-10-22 19:00,28.515,2021-10-24 07:59,30.066,trailing,69.03,4.04584248000,103.01968752000,0.052337,37.00,tb-ema_trend-LINKUSDT-1634925600-B,tb-ema_trend-LINKUSDT-1635058800-T
ETH/USDT,ema_trend,2021-10-23 19:00,4114.95,2021-10-24 11:59,4052.47,trailing,0.5054,4.1302830400,-35.7076750400,-0.017170,17.00,tb-ema_trend-ETHUSDT-1635012000-B,tb-ema_trend-ETHUSDT-1635073200-T
SOL/USDT,ema_trend,2021-10-24 09:00,193.77,2021-10-24 12:00,188.73,signal,13.760,5.2659127800,-74.6163127800,-0.027985,3.00,tb-ema_trend-SOLUSDT-1635062400-B,tb-ema_trend-SOLUSDT-1635073200-S
LINK/USDT,ema_trend,2021-10-24 10:00,30.286,2021-10-24 12:59,29.438,stop,66.04,3.94629298000,-59.94821298000,-0.029973,3.00,tb-ema_trend-LINKUSDT-1635066000-B,tb-ema_trend-LINKUSDT-1635076800-X
LINK/USDT,ema_trend,2021-10-24 15:00,29.705,2021-10-24 18:59,28.855,stop,105.89,6.20418595000,-96.21068595000,-0.030587,4.00,tb-ema_trend-LINKUSDT-1635084000-B,tb-ema_trend-LINKUSDT-1635098400-X
SOL/USDT,ema_trend,2021-10-25 01:00,202.83,2021-10-26 04:59,206.84,trailing,11.538,4.7292064200,41.5381735800,0.017749,28.00,tb-ema_trend-SOLUSDT-1635120000-B,tb-ema_trend-SOLUSDT-1635220800-T
LINK/USDT,ema_trend,2021-10-25 01:00,30.015,2021-10-26 14:59,31.428,trailing,104.00,6.39337365000,140.55862635000,0.045028,38.00,tb-ema_trend-LINKUSDT-1635120000-B,tb-ema_trend-LINKUSDT-1635256800-T
ETH/USDT,ema_trend,2021-10-25 01:00,4134.04,2021-10-26 14:59,4139.93,trailing,0.4244,3.5135398860,-1.0138238860,-0.000578,38.00,tb-ema_trend-ETHUSDT-1635120000-B,tb-ema_trend-ETHUSDT-1635256800-T
BTC/USDT,ema_trend,2021-10-26 05:00,62490.56,2021-10-26 21:59,61655.91,trailing,0.03056,3.7964157460,-29.3033197460,-0.015344,17.00,tb-ema_trend-BTCUSDT-1635220800-B,tb-ema_trend-BTCUSDT-1635282000-T
XRP/USDT,ema_trend,2021-10-26 15:00,1.1031,2021-10-26 22:59,1.1205,trailing,2436.0,5.419447350000,36.966952650000,0.013757,8.00,tb-ema_trend-XRPUSDT-1635256800-B,tb-ema_trend-XRPUSDT-1635285600-T
ADA/USDT,ema_trend,2021-10-26 16:00,2.1641,2021-10-26 22:59,2.1380,trailing,931.6,4.010000460000,-28.324760460000,-0.014049,7.00,tb-ema_trend-ADAUSDT-1635260400-B,tb-ema_trend-ADAUSDT-1635285600-T
LINK/USDT,ema_trend,2021-10-26 22:00,32.707,2021-10-27 07:59,31.970,trailing,60.57,3.91977538000,-48.55986538000,-0.024512,10.00,tb-ema_trend-LINKUSDT-1635282000-B,tb-ema_trend-LINKUSDT-1635318000-T
LTC/USDT,ema_trend,2021-10-27 00:00,197.60,2021-10-27 07:59,194.96,trailing,10.105,3.9689924000,-30.6461924000,-0.015348,8.00,tb-ema_trend-LTCUSDT-1635289200-B,tb-ema_trend-LTCUSDT-1635318000-T
ETH/USDT,ema_trend,2021-10-26 23:00,4123.73,2021-10-27 08:59,4123.50,trailing,0.6459,5.3297724680,-5.4783294680,-0.002057,10.00,tb-ema_trend-ETHUSDT-1635285600-B,tb-ema_trend-ETHUSDT-1635321600-T
BTC/USDT,ema_trend,2021-10-28 17:00,61199.63,2021-10-28 18:59,59991.14,stop,0.02884,3.4969777981,-38.3498293981,-0.021728,2.00,tb-ema_trend-BTCUSDT-1635436800-B,tb-ema_trend-BTCUSDT-1635444000-X
ETH/USDT,ema_trend,2021-10-28 15:00,4190.81,2021-10-30 08:59,4307.77,trailing,0.5615,4.7744671610,60.8985728390,0.025880,42.00,tb-ema_trend-ETHUSDT-1635429600-B,tb-ema_trend-ETHUSDT-1635580800-T
BNB/USDT,ema_trend,2021-10-28 15:00,485.15,2021-10-30 13:59,517.44,trailing,6.467,6.4871455800,202.3322844200,0.064489,47.00,tb-ema_trend-BNBUSDT-1635429600-B,tb-ema_trend-BNBUSDT-1635598800-T
BTC/USDT,ema_trend,2021-10-28 21:00,61412.63,2021-10-30 14:59,61045.54,trailing,0.02858,3.5016968743,-13.9931290743,-0.007973,42.00,tb-ema_trend-BTCUSDT-1635451200-B,tb-ema_trend-BTCUSDT-1635602400-T
ETH/USDT,ema_trend,2021-10-30 15:00,4277.16,2021-10-31 08:59,4256.59,trailing,0.6336,5.4099780080,-18.4431300080,-0.006806,18.00,tb-ema_trend-ETHUSDT-1635602400-B,tb-ema_trend-ETHUSDT-1635667200-T
XRP/USDT,ema_trend,2021-10-30 09:00,1.0872,2021-10-31 10:59,1.0971,trailing,1766.2,3.859867620000,13.625512380000,0.007096,26.00,tb-ema_trend-XRPUSDT-1635580800-B,tb-ema_trend-XRPUSDT-1635674400-T
BNB/USDT,ema_trend,2021-10-30 16:00,521.37,2021-10-31 10:59,515.55,trailing,3.899,4.0450365600,-26.7372165600,-0.013153,19.00,tb-ema_trend-BNBUSDT-1635606000-B,tb-ema_trend-BNBUSDT-1635674400-T
ETH/USDT,ema_trend,2021-10-31 11:00,4253.14,2021-10-31 12:00,4205.60,signal,0.7482,6.3322317800,-41.9016597800,-0.013168,1.00,tb-ema_trend-ETHUSDT-1635674400-B,tb-ema_trend-ETHUSDT-1635678000-S
XRP/USDT,ema_trend,2021-11-01 01:00,1.1306,2021-11-01 02:59,1.0958,stop,1578.2,3.515513440000,-58.436873440000,-0.032750,2.00,tb-ema_trend-XRPUSDT-1635724800-B,tb-ema_trend-XRPUSDT-1635732000-X
BNB/USDT,ema_trend,2021-10-31 14:00,514.66,2021-11-01 04:59,511.96,trailing,6.162,6.3296350600,-22.9670350600,-0.007242,15.00,tb-ema_trend-BNBUSDT-1635685200-B,tb-ema_trend-BNBUSDT-1635739200-T
BNB/USDT,ema_trend,2021-11-01 07:00,519.06,2021-11-03 00:59,547.84,trailing,4.925,5.2570778000,136.4844222000,0.053390,42.00,tb-ema_trend-BNBUSDT-1635746400-B,tb-ema_trend-BNBUSDT-1635897600-T
ETH/USDT,ema_trend,2021-11-01 13:00,4347.76,2021-11-03 12:59,4497.98,trailing,0.4410,3.9031452200,62.3438747800,0.032515,48.00,tb-ema_trend-ETHUSDT-1635768000-B,tb-ema_trend-ETHUSDT-1635940800-T
LTC/USDT,ema_trend,2021-11-03 01:00,200.21,2021-11-03 12:59,199.57,trailing,10.541,4.2162832900,-10.9625232900,-0.005194,12.00,tb-ema_trend-LTCUSDT-1635897600-B,tb-ema_trend-LTCUSDT-1635940800-T
ADA/USDT,ema_trend,2021-11-03 13:00,2.0561,2021-11-04 07:59,2.0014,trailing,949.7,3.855463850000,-55.804053850000,-0.028578,19.00,tb-ema_trend-ADAUSDT-1635940800-B,tb-ema_trend-ADAUSDT-1636009200-T
BTC/USDT,ema_trend,2021-11-04 08:00,61884.71,2021-11-04 09:00,61579.95,signal,0.03131,3.8681538885,-13.4101894885,-0.006921,1.00,tb-ema_trend-BTCUSDT-1636009200-B,tb-ema_trend-BTCUSDT-1636012800-S
XRP/USDT,ema_trend,2021-11-03 13:00,1.1600,2021-11-04 15:59,1.1726,trailing,2244.7,5.238655220000,23.044564780000,0.008850,27.00,tb-ema_trend-XRPUSDT-1635940800-B,tb-ema_trend-XRPUSDT-1636038000-T
LTC/USDT,ema_trend,2021-11-04 16:00,198.90,2021-11-04 21:00,200.79,signal,10.604,4.2405006600,15.8010593400,0.007492,5.00,tb-ema_trend-LTCUSDT-1636038000-B,tb-ema_trend-LTCUSDT-1636056000-S
SOL/USDT,ema_trend,2021-10-31 22:00,204.26,2021-11-05 12:59,235.45,trailing,11.647,5.1237534900,358.1461765100,0.150544,111.00,tb-ema_trend-SOLUSDT-1635714000-B,tb-ema_trend-SOLUSDT-1636113600-T
XRP/USDT,ema_trend,2021-11-04 22:00,1.1861,2021-11-05 14:59,1.1526,trailing,1780.7,4.166658070000,-63.820108070000,-0.030217,17.00,tb-ema_trend-XRPUSDT-1636059600-B,tb-ema_trend-XRPUSDT-1636120800-T
LINK/USDT,ema_trend,2021-11-05 13:00,33.047,2021-11-06 07:59,32.146,trailing,68.66,4.47846467000,-66.34112467000,-0.029238,19.00,tb-ema_trend-LINKUSDT-1636113600-B,tb-ema_trend-LINKUSDT-1636182000-T
LINK/USDT,ema_trend,2021-11-06 10:00,31.866,2021-11-06 11:59,30.955,stop,69.36,4.35949518000,-67.54645518000,-0.030561,2.00,tb-ema_trend-LINKUSDT-1636189200-B,tb-ema_trend-LINKUSDT-1636196400-X
BNB/USDT,ema_trend,2021-11-04 10:00,555.28,2021-11-06 12:59,597.42,trailing,3.484,4.0182279200,142.7975320800,0.073813,51.00,tb-ema_trend-BNBUSDT-1636016400-B,tb-ema_trend-BNBUSDT-1636200000-T
SOL/USDT,ema_trend,2021-11-05 16:00,233.36,2021-11-07 18:59,248.39,trailing,9.485,4.5717323500,137.9878176500,0.062341,51.00,tb-ema_trend-SOLUSDT-1636124400-B,tb-ema_trend-SOLUSDT-1636308000-T
BNB/USDT,ema_trend,2021-11-06 15:00,609.51,2021-11-07 22:59,645.91,trailing,4.449,5.5884111300,156.3551888700,0.057659,32.00,tb-ema_trend-BNBUSDT-1636207200-B,tb-ema_trend-BNBUSDT-1636322400-T
XRP/USDT,ema_trend,2021-11-07 19:00,1.2300,2021-11-09 11:59,1.2329,trailing,1718.7,4.235200230000,0.749029770000,0.000354,41.00,tb-ema_trend-XRPUSDT-1636308000-B,tb-ema_trend-XRPUSDT-1636455600-T
BTC/USDT,ema_trend,2021-11-07 23:00,62856.41,2021-11-09 15:59,66797.62,trailing,0.03662,4.7504448306,139.5766653694,0.060638,41.00,tb-ema_trend-BTCUSDT-1636322400-B,tb-ema_trend-BTCUSDT-1636470000-T
ETH/USDT,ema_trend,2021-11-07 03:00,4546.37,2021-11-09 19:59,4728.74,trailing,0.4475,4.1528849100,77.4576900900,0.038072,65.00,tb-ema_trend-ETHUSDT-1636250400-B,tb-ema_trend-ETHUSDT-1636484400-T
ADA/USDT,ema_trend,2021-11-09 16:00,2.2862,2021-11-10 03:59,2.1998,stop,1007.2,4.520814020000,-91.542894020000,-0.039755,12.00,tb-ema_trend-ADAUSDT-1636470000-B,tb-ema_trend-ADAUSDT-1636513200-X
LINK/USDT,ema_trend,2021-11-09 20:00,34.048,2021-11-10 19:59,35.980,trailing,66.22,4.63963752000,123.29740248000,0.054686,24.00,tb-ema_trend-LINKUSDT-1636484400-B,tb-ema_trend-LINKUSDT-1636570800-T
ETH/USDT,ema_trend,2021-11-10 04:00,4693.83,2021-11-10 19:59,4716.05,trailing,0.4778,4.4983875790,6.1183284210,0.002728,16.00,tb-ema_trend-ETHUSDT-1636513200-B,tb-ema_trend-ETHUSDT-1636570800-T
XRP/USDT,ema_trend,2021-11-10 20:00,1.2801,2021-11-10 20:59,1.2299,stop,2217.4,5.568618230000,-116.882098230000,-0.041178,1.00,tb-ema_trend-XRPUSDT-1636570800-B,tb-ema_trend-XRPUSDT-1636574400-X
BTC/USDT,ema_trend,2021-11-10 20:00,66684.31,2021-11-10 20:59,65244.84,stop,0.03192,4.2138458376,-50.1617282376,-0.023566,1.00,tb-ema_trend-BTCUSDT-1636570800-B,tb-ema_trend-BTCUSDT-1636574400-X
LTC/USDT,ema_trend,2021-11-09 12:00,248.03,2021-11-10 21:59,266.30,trailing,9.097,4.6813403100,161.5208496900,0.071586,34.00,tb-ema_trend-LTCUSDT-1636455600-B,tb-ema_trend-LTCUSDT-1636578000-T
ADA/USDT,ema_trend,2021-11-10 21:00,2.1251,2021-11-10 21:59,2.0330,stop,1316.2,5.475866360000,-126.697886360000,-0.045297,1.00,tb-ema_trend-ADAUSDT-1636574400-B,tb-ema_trend-ADAUSDT-1636578000-X
BTC/USDT,ema_trend,2021-11-10 23:00,65158.71,2021-11-11 01:00,64908.81,signal,0.04354,5.6663977589,-16.5470437589,-0.005833,2.00,tb-ema_trend-BTCUSDT-1636581600-B,tb-ema_trend-BTCUSDT-1636588800-S
LINK/USDT,ema_trend,2021-11-10 22:00,33.467,2021-11-12 00:59,34.582,trailing,63.60,4.33025909000,66.58374091000,0.031282,27.00,tb-ema_trend-LINKUSDT-1636578000-B,tb-ema_trend-LINKUSDT-1636675200-T
LINK/USDT,ema_trend,2021-11-12 03:00,34.758,2021-11-12 06:00,34.202,signal,84.35,5.81990422000,-52.71850422000,-0.017981,3.00,tb-ema_trend-LINKUSDT-1636682400-B,tb-ema_trend-LINKUSDT-1636693200-S
LTC/USDT,ema_trend,2021-11-11 00:00,260.44,2021-11-12 11:59,257.56,trailing,6.917,3.5848290800,-23.5057890800,-0.013048,36.00,tb-ema_trend-LTCUSDT-1636585200-B,tb-ema_trend-LTCUSDT-1636714800-T
BNB/USDT,ema_trend,2021-11-13 14:00,632.02,2021-11-14 08:59,636.67,trailing,5.320,6.7532229200,17.9847770800,0.005349,19.00,tb-ema_trend-BNBUSDT-1636808400-B,tb-ema_trend-BNBUSDT-1636876800-T
SOL/USDT,ema_trend,2021-11-13 21:00,240.25,2021-11-14 16:59,233.69,trailing,10.499,4.9785388100,-73.8519788100,-0.029279,20.00,tb-ema_trend-SOLUSDT-1636833600-B,tb-ema_trend-SOLUSDT-1636905600-T
BTC/USDT,ema_trend,2021-11-14 05:00,64781.03,2021-11-14 16:59,63831.39,stop,0.02920,3.7574260969,-31.4869140969,-0.016646,12.00,tb-ema_trend-BTCUSDT-1636862400-B,tb-ema_trend-BTCUSDT-1636905600-X
BNB/USDT,ema_trend,2021-11-14 11:00,643.33,2021-11-15 13:59,642.94,trailing,3.518,4.5276711800,-5.8996911800,-0.002607,27.00,tb-ema_trend-BNBUSDT-1636884000-B,tb-ema_trend-BNBUSDT-1636981200-T
ETH/USDT,ema_trend,2021-11-15 14:00,4726.40,2021-11-15 15:59,4645.96,stop,0.4496,4.2161762600,-40.3820002600,-0.019003,2.00,tb-ema_trend-ETHUSDT-1636981200-B,tb-ema_trend-ETHUSDT-1636988400-X
LTC/USDT,ema_trend,2021-11-14 18:00,270.84,2021-11-15 16:59,264.82,trailing,10.246,5.4913516000,-67.1722716000,-0.024206,23.00,tb-ema_trend-LTCUSDT-1636909200-B,tb-ema_trend-LTCUSDT-1636992000-T
BNB/USDT,ema_trend,2021-11-15 17:00,638.92,2021-11-15 19:00,634.68,signal,4.370,5.5688266000,-24.0976266000,-0.008631,2.00,tb-ema_trend-BNBUSDT-1636992000-B,tb-ema_trend-BNBUSDT-1636999200-S
SOL/USDT,ema_trend,2021-11-14 20:00,235.48,2021-11-15 20:59,237.04,trailing,8.839,4.1787236000,9.6101164000,0.004617,25.00,tb-ema_trend-SOLUSDT-1636916400-B,tb-ema_trend-SOLUSDT-1637006400-T
LTC/USDT,ema_trend,2021-11-15 19:00,263.94,2021-11-16 00:59,254.52,stop,7.935,4.1160916200,-78.8637916200,-0.037655,6.00,tb-ema_trend-LTCUSDT-1636999200-B,tb-ema_trend-LTCUSDT-1637020800-X
ADA/USDT,ema_trend,2021-11-20 13:00,1.9320,2021-11-20 15:59,1.8873,stop,1701.6,6.502398480000,-82.563918480000,-0.025115,3.00,tb-ema_trend-ADAUSDT-1637409600-B,tb-ema_trend-ADAUSDT-1637420400-X
BNB/USDT,ema_trend,2021-11-20 19:00,595.80,2021-11-21 08:59,585.22,trailing,4.113,4.8605142600,-48.3760542600,-0.019741,14.00,tb-ema_trend-BNBUSDT-1637431200-B,tb-ema_trend-BNBUSDT-1637481600-T
ETH/USDT,ema_trend,2021-11-20 19:00,4371.93,2021-11-21 10:59,4309.04,trailing,0.7476,6.4933907120,-53.5099547120,-0.016372,16.00,tb-ema_trend-ETHUSDT-1637431200-B,tb-ema_trend-ETHUSDT-1637488800-T
SOL/USDT,ema_trend,2021-11-21 20:00,228.96,2021-11-22 03:59,221.09,stop,14.163,6.3774925500,-117.8403025500,-0.036340,8.00,tb-ema_trend-SOLUSDT-1637521200-B,tb-ema_trend-SOLUSDT-1637550000-X
SOL/USDT,ema_trend,2021-11-22 06:00,222.34,2021-11-22 19:59,212.31,stop,12.964,5.6376930200,-135.6666130200,-0.047067,14.00,tb-ema_trend-SOLUSDT-1637557200-B,tb-ema_trend-SOLUSDT-1637607600-X
BNB/USDT,ema_trend,2021-11-23 15:00,603.41,2021-11-24 01:59,586.47,stop,5.268,6.2719083000,-95.5118283000,-0.030047,11.00,tb-ema_trend-BNBUSDT-1637676000-B,tb-ema_trend-BNBUSDT-1637715600-X
SOL/USDT,ema_trend,2021-11-23 20:00,224.66,2021-11-24 02:59,216.40,stop,7.962,3.5135170000,-69.2796370000,-0.038731,7.00,tb-ema_trend-SOLUSDT-1637694000-B,tb-ema_trend-SOLUSDT-1637719200-X
ETH/USDT,ema_trend,2021-11-23 19:00,4322.57,2021-11-24 06:59,4220.17,trailing,0.5516,4.7147689240,-61.1986089240,-0.025667,12.00,tb-ema_trend-ETHUSDT-1637690400-B,tb-ema_trend-ETHUSDT-1637733600-T
ETH/USDT,ema_trend,2021-11-24 09:00,4302.19,2021-11-24 14:59,4191.80,stop,0.5443,4.6258600710,-64.7111370710,-0.027634,6.00,tb-ema_trend-ETHUSDT-1637740800-B,tb-ema_trend-ETHUSDT-1637762400-X
LTC/USDT,ema_trend,2021-11-25 12:00,222.82,2021-11-25 22:59,220.52,trailing,10.444,4.6326939800,-28.6538939800,-0.012313,11.00,tb-ema_trend-LTCUSDT-1637838000-B,tb-ema_trend-LTCUSDT-1637877600-T
BNB/USDT,ema_trend,2021-11-24 07:00,588.90,2021-11-26 03:59,624.47,trailing,5.302,6.4368211400,182.1553188600,0.058339,45.00,tb-ema_trend-BNBUSDT-1637733600-B,tb-ema_trend-BNBUSDT-1637895600-T
ETH/USDT,ema_trend,2021-11-25 23:00,4519.33,2021-11-26 03:59,4428.92,stop,0.4165,3.7292057900,-41.3849707900,-0.021986,5.00,tb-ema_trend-ETHUSDT-1637877600-B,tb-ema_trend-ETHUSDT-1637895600-X
BTC/USDT,ema_trend,2021-11-25 13:00,58684.25,2021-11-26 04:59,57755.16,trailing,0.02972,3.4623397975,-31.0748945975,-0.017817,16.00,tb-ema_trend-BTCUSDT-1637841600-B,tb-ema_trend-BTCUSDT-1637899200-T
ETH/USDT,ema_trend,2021-11-26 06:00,4433.13,2021-11-26 07:59,4342.24,stop,0.5443,4.7790937670,-54.2505207670,-0.022483,2.00,tb-ema_trend-ETHUSDT-1637902800-B,tb-ema_trend-ETHUSDT-1637910000-X
BNB/USDT,ema_trend,2021-11-26 06:00,622.72,2021-11-26 08:59,595.13,stop,4.583,5.5845201500,-132.0294901500,-0.046262,3.00,tb-ema_trend-BNBUSDT-1637902800-B,tb-ema_trend-BNBUSDT-1637913600-X
BNB/USDT,ema_trend,2021-11-27 18:00,619.31,2021-11-27 20:59,599.83,stop,4.973,6.0658797700,-102.9399197700,-0.033424,3.00,tb-ema_trend-BNBUSDT-1638032400-B,tb-ema_trend-BNBUSDT-1638043200-X
BNB/USDT,ema_trend,2021-11-27 23:00,607.41,2021-11-28 01:59,587.80,stop,5.027,6.0119651300,-104.5914351300,-0.034254,3.00,tb-ema_trend-BNBUSDT-1638050400-B,tb-ema_trend-BNBUSDT-1638061200-X
BTC/USDT,ema_trend,2021-11-29 00:00,57303.53,2021-11-30 03:59,57005.65,trailing,0.03963,4.5323649451,-16.3373493451,-0.007194,28.00,tb-ema_trend-BTCUSDT-1638140400-B,tb-ema_trend-BTCUSDT-1638241200-T
SOL/USDT,ema_trend,2021-11-29 07:00,204.71,2021-11-30 03:59,201.56,trailing,8.321,3.3824150600,-29.5935650600,-0.017373,21.00,tb-ema_trend-SOLUSDT-1638165600-B,tb-ema_trend-SOLUSDT-1638241200-T
ETH/USDT,ema_trend,2021-11-29 00:00,4296.92,2021-12-01 20:59,4572.75,trailing,0.7046,6.2530070180,188.0968109820,0.062127,69.00,tb-ema_trend-ETHUSDT-1638140400-B,tb-ema_trend-ETHUSDT-1638388800-T
BNB/USDT,ema_trend,2021-11-30 04:00,618.01,2021-12-01 20:59,624.59,trailing,3.655,4.5441750400,19.5057249600,0.008635,41.00,tb-ema_trend-BNBUSDT-1638241200-B,tb-ema_trend-BNBUSDT-1638388800-T
BTC/USDT,ema_trend,2021-11-30 11:00,57170.52,2021-12-01 21:59,56588.61,trailing,0.02964,3.3735357284,-20.6213481284,-0.012169,35.00,tb-ema_trend-BTCUSDT-1638266400-B,tb-ema_trend-BTCUSDT-1638392400-T
BNB/USDT,ema_trend,2021-12-01 23:00,624.82,2021-12-02 03:59,608.78,stop,2.883,3.5583432600,-49.8016632600,-0.027647,5.00,tb-ema_trend-BNBUSDT-1638396000-B,tb-ema_trend-BNBUSDT-1638414000-X
BNB/USDT,ema_trend,2021-12-02 06:00,619.81,2021-12-02 10:00,622.68,signal,2.886,3.5876855700,4.6951344300,0.002625,4.00,tb-ema_trend-BNBUSDT-1638421200-B,tb-ema_trend-BNBUSDT-1638435600-S
ETH/USDT,ema_trend,2021-12-01 23:00,4566.88,2021-12-02 14:00,4530.30,signal,0.5259,4.7869470900,-24.0243690900,-0.010003,15.00,tb-ema_trend-ETHUSDT-1638396000-B,tb-ema_trend-ETHUSDT-1638450000-S
ADA/USDT,ema_trend,2021-12-02 13:00,1.7259,2021-12-03 02:59,1.6643,stop,1037.2,3.518213930000,-67.409733930000,-0.037657,14.00,tb-ema_trend-ADAUSDT-1638446400-B,tb-ema_trend-ADAUSDT-1638496800-X
SOL/USDT,ema_trend,2021-12-01 21:00,225.14,2021-12-03 15:59,228.75,trailing,11.747,5.3345475100,37.0721224900,0.014017,43.00,tb-ema_trend-SOLUSDT-1638388800-B,tb-ema_trend-SOLUSDT-1638543600-T
ADA/USDT,ema_trend,2021-12-03 05:00,1.6789,2021-12-03 15:59,1.6102,stop,1409.4,4.638175890000,-101.463955890000,-0.042880,11.00,tb-ema_trend-ADAUSDT-1638504000-B,tb-ema_trend-ADAUSDT-1638543600-X
LINK/USDT,ema_trend,2021-12-03 14:00,25.813,2021-12-03 15:59,25.175,stop,68.81,3.51029119000,-47.41107119000,-0.026693,2.00,tb-ema_trend-LINKUSDT-1638536400-B,tb-ema_trend-LINKUSDT-1638543600-X
SOL/USDT,ema_trend,2021-12-03 18:00,218.71,2021-12-03 20:59,208.20,stop,11.536,4.9274582800,-126.1708182800,-0.050007,3.00,tb-ema_trend-SOLUSDT-1638550800-B,tb-ema_trend-SOLUSDT-1638561600-X
BNB/USDT,ema_trend,2021-12-06 23:00,589.90,2021-12-08 03:59,568.70,stop,5.033,5.8347732000,-112.5343732000,-0.037904,29.00,tb-ema_trend-BNBUSDT-1638828000-B,tb-ema_trend-BNBUSDT-1638932400-X
ETH/USDT,ema_trend,2021-12-06 23:00,4336.31,2021-12-08 11:59,4254.01,trailing,0.5135,4.4137311110,-46.6747811110,-0.020961,37.00,tb-ema_trend-ETHUSDT-1638828000-B,tb-ema_trend-ETHUSDT-1638961200-T
XRP/USDT,ema_trend,2021-12-08 19:00,0.8761,2021-12-09 03:59,0.8426,stop,2664.2,4.581326010000,-93.832026010000,-0.040200,9.00,tb-ema_trend-XRPUSDT-1638986400-B,tb-ema_trend-XRPUSDT-1639018800-X
LINK/USDT,ema_trend,2021-12-08 05:00,21.831,2021-12-09 09:59,21.472,trailing,109.17,4.72978992000,-43.92181992000,-0.018429,29.00,tb-ema_trend-LINKUSDT-1638936000-B,tb-ema_trend-LINKUSDT-1639040400-T
BNB/USDT,ema_trend,2021-12-08 22:00,599.80,2021-12-09 09:59,590.54,trailing,2.917,3.4740211800,-30.4854411800,-0.017424,12.00,tb-ema_trend-BNBUSDT-1638997200-B,tb-ema_trend-BNBUSDT-1639040400-T
XRP/USDT,ema_trend,2021-12-09 10:00,0.9323,2021-12-09 10:59,0.8917,stop,2883.4,5.262025270000,-122.328065270000,-0.045506,1.00,tb-ema_trend-XRPUSDT-1639040400-B,tb-ema_trend-XRPUSDT-1639044000-X
ADA/USDT,ema_trend,2021-12-12 01:00,1.4108,2021-12-12 04:59,1.3599,stop,2026.5,5.617786230000,-108.766636230000,-0.038044,4.00,tb-ema_trend-ADAUSDT-1639267200-B,tb-ema_trend-ADAUSDT-1639281600-X
ADA/USDT,ema_trend,2022-01-12 04:00,1.2197,2022-01-13 11:59,1.2753,trailing,1740.1,4.343744960000,92.405815040000,0.043538,32.00,tb-ema_trend-ADAUSDT-1641956400-B,tb-ema_trend-ADAUSDT-1642071600-T
LTC/USDT,ema_trend,2022-01-12 13:00,135.27,2022-01-13 11:59,137.74,trailing,11.766,3.2138589000,25.8481611000,0.016240,23.00,tb-ema_trend-LTCUSDT-1641988800-B,tb-ema_trend-LTCUSDT-1642071600-T
BNB/USDT,ema_trend,2022-01-11 17:00,463.14,2022-01-13 15:59,475.51,trailing,6.109,5.7374548300,69.8308751700,0.024681,47.00,tb-ema_trend-BNBUSDT-1641916800-B,tb-ema_trend-BNBUSDT-1642086000-T
XRP/USDT,ema_trend,2022-01-13 12:00,0.7841,2022-01-13 15:59,0.7715,trailing,2744.3,4.271228560000,-38.849408560000,-0.018054,4.00,tb-ema_trend-XRPUSDT-1642071600-B,tb-ema_trend-XRPUSDT-1642086000-T
SOL/USDT,ema_trend,2022-01-13 12:00,150.41,2022-01-13 17:59,151.12,trailing,10.730,3.2370714100,4.3812285900,0.002715,6.00,tb-ema_trend-SOLUSDT-1642071600-B,tb-ema_trend-SOLUSDT-1642093200-T
BNB/USDT,ema_trend,2022-01-13 18:00,472.14,2022-01-14 10:59,472.16,trailing,3.791,3.5817298600,-3.5059098600,-0.001959,17.00,tb-ema_trend-BNBUSDT-1642093200-B,tb-ema_trend-BNBUSDT-1642154400-T
ADA/USDT,ema_trend,2022-01-13 16:00,1.2677,2022-01-14 11:59,1.2280,trailing,1456.3,3.636389460000,-61.451499460000,-0.033286,20.00,tb-ema_trend-ADAUSDT-1642086000-B,tb-ema_trend-ADAUSDT-1642158000-T
ETH/USDT,ema_trend,2022-01-14 22:00,3332.71,2022-01-15 12:59,3261.53,stop,0.6707,4.4250896640,-52.1655156640,-0.023338,15.00,tb-ema_trend-ETHUSDT-1642194000-B,tb-ema_trend-ETHUSDT-1642248000-X
LINK/USDT,ema_trend,2022-01-15 15:00,25.633,2022-01-16 01:00,25.187,signal,70.33,3.57622124000,-34.94340124000,-0.019383,10.00,tb-ema_trend-LINKUSDT-1642255200-B,tb-ema_trend-LINKUSDT-1642291200-S
LTC/USDT,ema_trend,2022-01-13 16:00,136.87,2022-01-16 03:59,145.64,trailing,18.010,5.0906056300,152.8570943700,0.062010,60.00,tb-ema_trend-LTCUSDT-1642086000-B,tb-ema_trend-LTCUSDT-1642302000-T
BNB/USDT,ema_trend,2022-01-15 08:00,494.45,2022-01-17 01:59,492.73,trailing,3.390,3.3485180000,-9.1793180000,-0.005476,42.00,tb-ema_trend-BNBUSDT-1642230000-B,tb-ema_trend-BNBUSDT-1642381200-T
BNB/USDT,ema_trend,2022-01-17 06:00,483.55,2022-01-17 08:00,485.25,signal,4.997,4.8439949000,3.6509051000,0.001511,2.00,tb-ema_trend-BNBUSDT-1642395600-B,tb-ema_trend-BNBUSDT-1642402800-S
LTC/USDT,ema_trend,2022-01-17 12:00,151.58,2022-01-17 16:59,147.69,stop,15.940,4.7727890800,-66.7793890800,-0.027638,5.00,tb-ema_trend-LTCUSDT-1642417200-B,tb-ema_trend-LTCUSDT-1642435200-X
ADA/USDT,ema_trend,2022-01-16 03:00,1.3257,2022-01-17 17:59,1.4606,trailing,1353.5,3.773113030000,178.814036970000,0.099655,39.00,tb-ema_trend-ADAUSDT-1642298400-B,tb-ema_trend-ADAUSDT-1642438800-T
LTC/USDT,ema_trend,2022-01-17 19:00,146.78,2022-01-18 08:59,144.45,trailing,19.733,5.7497771900,-51.7276671900,-0.017859,14.00,tb-ema_trend-LTCUSDT-1642442400-B,tb-ema_trend-LTCUSDT-1642492800-T
ADA/USDT,ema_trend,2022-01-17 20:00,1.5588,2022-01-18 09:59,1.5077,trailing,1392.2,4.271363620000,-75.412783620000,-0.034750,14.00,tb-ema_trend-ADAUSDT-1642446000-B,tb-ema_trend-ADAUSDT-1642496400-T
ADA/USDT,ema_trend,2022-01-18 12:00,1.4928,2022-01-18 18:59,1.4181,stop,1549.1,4.511663670000,-120.229433670000,-0.051991,7.00,tb-ema_trend-ADAUSDT-1642503600-B,tb-ema_trend-ADAUSDT-1642528800-X
ADA/USDT,ema_trend,2022-01-19 01:00,1.4868,2022-01-19 05:59,1.4092,stop,1474.1,4.271223800000,-118.661383800000,-0.054141,5.00,tb-ema_trend-ADAUSDT-1642550400-B,tb-ema_trend-ADAUSDT-1642568400-X
ETH/USDT,ema_trend,2022-01-20 16:00,3263.05,2022-01-20 20:59,3198.41,stop,0.8589,5.5526847400,-61.0719807400,-0.021791,5.00,tb-ema_trend-ETHUSDT-1642690800-B,tb-ema_trend-ETHUSDT-1642708800-X
BTC/USDT,ema_trend,2022-01-20 17:00,43296.41,2022-01-20 20:59,42610.81,stop,0.04855,4.1729603560,-37.4588403560,-0.017820,4.00,tb-ema_trend-BTCUSDT-1642694400-B,tb-ema_trend-BTCUSDT-1642708800-X
BTC/USDT,ema_trend,2022-01-26 11:00,37959.44,2022-01-26 20:59,36942.36,stop,0.07318,5.4843504744,-79.9142648744,-0.028768,10.00,tb-ema_trend-BTCUSDT-1643191200-B,tb-ema_trend-BTCUSDT-1643227200-X
BTC/USDT,ema_trend,2022-01-29 08:00,37855.90,2022-01-30 19:59,37483.93,trailing,0.07285,5.4915350870,-32.5895495870,-0.011817,36.00,tb-ema_trend-BTCUSDT-1643439600-B,tb-ema_trend-BTCUSDT-1643569200-T
ETH/USDT,ema_trend,2022-01-29 13:00,2575.57,2022-01-31 00:59,2540.08,trailing,0.8031,4.1106965300,-32.6127155300,-0.015767,36.00,tb-ema_trend-ETHUSDT-1643457600-B,tb-ema_trend-ETHUSDT-1643587200-T
LINK/USDT,ema_trend,2022-01-30 06:00,17.409,2022-01-31 00:59,16.820,trailing,89.12,3.05205529000,-55.54373529000,-0.035800,19.00,tb-ema_trend-LINKUSDT-1643518800-B,tb-ema_trend-LINKUSDT-1643587200-T
SOL/USDT,ema_trend,2022-02-01 01:00,100.48,2022-02-02 14:59,106.66,trailing,24.857,5.1513909800,148.4648690200,0.059442,38.00,tb-ema_trend-SOLUSDT-1643673600-B,tb-ema_trend-SOLUSDT-1643810400-T
ETH/USDT,ema_trend,2022-02-01 01:00,2690.39,2022-02-02 14:59,2713.61,trailing,0.6962,3.7641480710,12.4016159290,0.006621,38.00,tb-ema_trend-ETHUSDT-1643673600-B,tb-ema_trend-ETHUSDT-1643810400-T
BTC/USDT,ema_trend,2022-02-01 01:00,38361.55,2022-02-02 14:59,38208.94,trailing,0.03661,2.8047800975,-8.3918321975,-0.005975,38.00,tb-ema_trend-BTCUSDT-1643673600-B,tb-ema_trend-BTCUSDT-1643810400-T
SOL/USDT,ema_trend,2022-02-02 17:00,105.54,2022-02-02 21:59,102.74,trailing,22.116,4.6087479000,-66.5335479000,-0.028505,5.00,tb-ema_trend-SOLUSDT-1643817600-B,tb-ema_trend-SOLUSDT-1643835600-T
ETH/USDT,ema_trend,2022-02-02 17:00,2671.10,2022-02-02 21:59,2621.32,trailing,0.7307,3.8693081700,-40.2435541700,-0.020619,5.00,tb-ema_trend-ETHUSDT-1643817600-B,tb-ema_trend-ETHUSDT-1643835600-T
LTC/USDT,ema_trend,2022-02-02 19:00,111.56,2022-02-02 21:59,108.39,stop,13.122,2.8877457400,-44.4844857400,-0.030388,3.00,tb-ema_trend-LTCUSDT-1643824800-B,tb-ema_trend-LTCUSDT-1643835600-X
ETH/USDT,ema_trend,2022-02-03 01:00,2695.71,2022-02-03 02:00,2681.99,signal,0.9264,4.9845969940,-17.6948049940,-0.007086,1.00,tb-ema_trend-ETHUSDT-1643846400-B,tb-ema_trend-ETHUSDT-1643850000-S
XRP/USDT,ema_trend,2022-02-04 09:00,0.6199,2022-02-04 13:59,0.6083,stop,3017.4,3.707892370000,-38.709732370000,-0.020695,5.00,tb-ema_trend-XRPUSDT-1643961600-B,tb-ema_trend-XRPUSDT-1643979600-X
SOL/USDT,ema_trend,2022-02-04 09:00,106.09,2022-02-04 13:59,101.66,stop,13.221,2.7481480100,-61.3171780100,-0.043716,5.00,tb-ema_trend-SOLUSDT-1643961600-B,tb-ema_trend-SOLUSDT-1643979600-X
ETH/USDT,ema_trend,2022-02-04 07:00,2798.19,2022-02-06 14:59,2980.90,trailing,0.8909,5.1511096520,157.6252293480,0.063229,56.00,tb-ema_trend-ETHUSDT-1643954400-B,tb-ema_trend-ETHUSDT-1644156000-T
LTC/USDT,ema_trend,2022-02-04 14:00,110.96,2022-02-06 14:59,122.62,trailing,16.642,3.8891246800,190.1565953200,0.102977,49.00,tb-ema_trend-LTCUSDT-1643979600-B,tb-ema_trend-LTCUSDT-1644156000-T
LINK/USDT,ema_trend,2022-02-06 16:00,17.469,2022-02-08 08:59,18.404,trailing,126.46,4.53877055000,113.70132945000,0.051469,41.00,tb-ema_trend-LINKUSDT-1644159600-B,tb-ema_trend-LINKUSDT-1644307200-T
ADA/USDT,ema_trend,2022-02-06 16:00,1.1126,2022-02-08 08:59,1.1900,trailing,1489.3,3.430931080000,111.840888920000,0.067496,41.00,tb-ema_trend-ADAUSDT-1644159600-B,tb-ema_trend-ADAUSDT-1644307200-T
BTC/USDT,ema_trend,2022-02-04 15:00,37972.18,2022-02-08 09:59,43547.71,trailing,0.03642,2.9704732828,200.0903293172,0.144684,91.00,tb-ema_trend-BTCUSDT-1643983200-B,tb-ema_trend-BTCUSDT-1644310800-T
LTC/USDT,ema_trend,2022-02-08 09:00,136.97,2022-02-08 15:59,132.02,stop,13.343,3.5910511500,-69.6389011500,-0.038104,7.00,tb-ema_trend-LTCUSDT-1644307200-B,tb-ema_trend-LTCUSDT-1644332400-X
ETH/USDT,ema_trend,2022-02-08 10:00,3096.04,2022-02-10 05:59,3155.62,trailing,0.5705,3.5684296540,30.4219603460,0.017224,44.00,tb-ema_trend-ETHUSDT-1644310800-B,tb-ema_trend-ETHUSDT-1644469200-T
XRP/USDT,ema_trend,2022-02-08 09:00,0.8515,2022-02-10 13:59,0.8512,trailing,2056.6,3.503560970000,-4.120540970000,-0.002353,53.00,tb-ema_trend-XRPUSDT-1644307200-B,tb-ema_trend-XRPUSDT-1644498000-T
BTC/USDT,ema_trend,2022-02-08 16:00,43451.04,2022-02-10 14:59,43599.15,trailing,0.04059,3.5355397656,2.4762451344,0.001404,47.00,tb-ema_trend-BTCUSDT-1644332400-B,tb-ema_trend-BTCUSDT-1644501600-T
XRP/USDT,ema_trend,2022-02-10 16:00,0.8651,2022-02-10 23:59,0.8271,stop,2821.2,4.776543430000,-111.982143430000,-0.045883,8.00,tb-ema_trend-XRPUSDT-1644505200-B,tb-ema_trend-XRPUSDT-1644534000-X
XRP/USDT,ema_trend,2022-02-13 01:00,0.8275,2022-02-13 18:59,0.7953,trailing,2819.8,4.578371190000,-95.375931190000,-0.040875,18.00,tb-ema_trend-XRPUSDT-1644710400-B,tb-ema_trend-XRPUSDT-1644775200-T
XRP/USDT,ema_trend,2022-02-13 21:00,0.8187,2022-02-14 01:00,0.8054,signal,3175.3,5.159624570000,-47.391114570000,-0.018230,4.00,tb-ema_trend-XRPUSDT-1644782400-B,tb-ema_trend-XRPUSDT-1644796800-S
SOL/USDT,ema_trend,2022-02-15 02:00,102.07,2022-02-16 04:59,100.85,trailing,25.347,5.1460670600,-36.0694070600,-0.013942,27.00,tb-ema_trend-SOLUSDT-1644886800-B,tb-ema_trend-SOLUSDT-1644984000-T
ETH/USDT,ema_trend,2022-02-15 02:00,3022.52,2022-02-16 13:59,3096.72,trailing,0.4815,2.9479253200,32.7793746800,0.022523,36.00,tb-ema_trend-ETHUSDT-1644886800-B,tb-ema_trend-ETHUSDT-1645016400-T
LINK/USDT,ema_trend,2022-02-16 05:00,17.019,2022-02-16 13:59,16.634,trailing,101.55,3.41933424000,-42.51608424000,-0.024600,9.00,tb-ema_trend-LINKUSDT-1644984000-B,tb-ema_trend-LINKUSDT-1645016400-T
BNB/USDT,ema_trend,2022-02-15 02:00,413.81,2022-02-17 04:59,421.55,trailing,4.687,3.9174013700,32.3599786300,0.016684,51.00,tb-ema_trend-BNBUSDT-1644886800-B,tb-ema_trend-BNBUSDT-1645070400-T
XRP/USDT,ema_trend,2022-02-16 14:00,0.8132,2022-02-17 04:59,0.8139,trailing,1928.3,3.139163330000,-1.789353330000,-0.001141,15.00,tb-ema_trend-XRPUSDT-1645016400-B,tb-ema_trend-XRPUSDT-1645070400-T
BTC/USDT,ema_trend,2022-02-16 14:00,43659.78,2022-02-17 09:59,43293.65,trailing,0.04788,4.1655132154,-21.6958176154,-0.010379,20.00,tb-ema_trend-BTCUSDT-1645016400-B,tb-ema_trend-BTCUSDT-1645088400-T
LINK/USDT,ema_trend,2022-02-17 05:00,16.919,2022-02-17 09:59,16.451,stop,121.86,4.06866767000,-61.09914767000,-0.029635,5.00,tb-ema_trend-LINKUSDT-1645070400-B,tb-ema_trend-LINKUSDT-1645088400-X
XRP/USDT,ema_trend,2022-02-17 10:00,0.8139,2022-02-17 12:00,0.8149,signal,2674.1,4.357771610000,-1.683671610000,-0.000774,2.00,tb-ema_trend-XRPUSDT-1645088400-B,tb-ema_trend-XRPUSDT-1645095600-S
ETH/USDT,ema_trend,2022-02-17 05:00,3066.55,2022-02-17 13:59,3003.13,trailing,0.5039,3.0603516850,-35.0176896850,-0.022662,9.00,tb-ema_trend-ETHUSDT-1645070400-B,tb-ema_trend-ETHUSDT-1645102800-T
BNB/USDT,ema_trend,2022-02-17 11:00,421.42,2022-02-17 14:59,413.75,stop,3.872,3.2354639200,-32.9337039200,-0.020183,4.00,tb-ema_trend-BNBUSDT-1645092000-B,tb-ema_trend-BNBUSDT-1645106400-X
XRP/USDT,ema_trend,2022-02-19 16:00,0.8316,2022-02-20 00:59,0.8020,stop,3060.4,5.002047400000,-95.589887400000,-0.037559,9.00,tb-ema_trend-XRPUSDT-1645282800-B,tb-ema_trend-XRPUSDT-1645315200-X
SOL/USDT,ema_trend,2022-02-23 13:00,92.41,2022-02-23 15:59,89.12,stop,27.283,4.9552704700,-94.7163404700,-0.037568,3.00,tb-ema_trend-SOLUSDT-1645617600-B,tb-ema_trend-SOLUSDT-1645628400-X
XRP/USDT,ema_trend,2022-02-25 21:00,0.7373,2022-02-27 00:59,0.7395,trailing,1905.3,2.815221640000,1.376438360000,0.000980,28.00,tb-ema_trend-XRPUSDT-1645819200-B,tb-ema_trend-XRPUSDT-1645920000-T
BTC/USDT,ema_trend,2022-02-25 04:00,38942.84,2022-02-27 01:59,38588.71,trailing,0.06412,4.9740489896,-27.6808645896,-0.011086,46.00,tb-ema_trend-BTCUSDT-1645758000-B,tb-ema_trend-BTCUSDT-1645923600-T
ETH/USDT,ema_trend,2022-02-25 13:00,2709.58,2022-02-27 01:59,2719.49,trailing,0.6913,3.7550128000,3.0957702000,0.001653,37.00,tb-ema_trend-ETHUSDT-1645790400-B,tb-ema_trend-ETHUSDT-1645923600-T
ETH/USDT,ema_trend,2022-02-27 04:00,2717.33,2022-02-27 13:59,2719.09,trailing,0.9168,4.9868271840,-3.3732591840,-0.001354,10.00,tb-ema_trend-ETHUSDT-1645930800-B,tb-ema_trend-ETHUSDT-1645966800-T
XRP/USDT,ema_trend,2022-02-27 07:00,0.7446,2022-02-27 19:59,0.7274,trailing,2509.5,3.695919960000,-46.859319960000,-0.025078,13.00,tb-ema_trend-XRPUSDT-1645941600-B,tb-ema_trend-XRPUSDT-1645988400-T
LINK/USDT,ema_trend,2022-02-27 10:00,14.408,2022-02-27 19:59,14.084,trailing,97.28,2.77314256000,-34.29186256000,-0.024466,10.00,tb-ema_trend-LINKUSDT-1645952400-B,tb-ema_trend-LINKUSDT-1645988400-T
BNB/USDT,ema_trend,2022-02-28 17:00,382.70,2022-03-01 15:59,400.64,trailing,4.977,3.9005966800,85.3867833200,0.044830,23.00,tb-ema_trend-BNBUSDT-1646064000-B,tb-ema_trend-BNBUSDT-1646146800-T
ADA/USDT,ema_trend,2022-02-28 17:00,0.9305,2022-03-02 13:59,0.9381,trailing,1535.2,2.870163520000,8.797356480000,0.006158,45.00,tb-ema_trend-ADAUSDT-1646064000-B,tb-ema_trend-ADAUSDT-1646226000-T
SOL/USDT,ema_trend,2022-02-28 16:00,95.63,2022-03-03 01:59,99.04,trailing,23.664,4.6089660000,76.0852740000,0.033622,58.00,tb-ema_trend-SOLUSDT-1646060400-B,tb-ema_trend-SOLUSDT-1646269200-T
BTC/USDT,ema_trend,2022-03-01 16:00,43665.52,2022-03-03 03:59,43287.61,trailing,0.03592,3.1251030492,-16.6996302492,-0.010647,36.00,tb-ema_trend-BTCUSDT-1646146800-B,tb-ema_trend-BTCUSDT-1646276400-T
BNB/USDT,ema_trend,2022-03-02 14:00,405.31,2022-03-03 15:59,402.52,trailing,3.790,3.0632969400,-13.6373969400,-0.008878,26.00,tb-ema_trend-BNBUSDT-1646226000-B,tb-ema_trend-BNBUSDT-1646319600-T
BTC/USDT,ema_trend,2022-03-03 06:00,43338.53,2022-03-03 15:59,42609.23,trailing,0.04902,4.2153261171,-39.9656121171,-0.018812,10.00,tb-ema_trend-BTCUSDT-1646283600-B,tb-ema_trend-BTCUSDT-1646319600-T
BNB/USDT,ema_trend,2022-03-03 18:00,402.31,2022-03-04 00:00,402.39,signal,6.201,4.9927608700,-4.4966808700,-0.001802,6.00,tb-ema_trend-BNBUSDT-1646326800-B,tb-ema_trend-BNBUSDT-1646348400-S
XRP/USDT,ema_trend,2022-03-05 18:00,0.7527,2022-03-06 10:59,0.7316,stop,3313.6,4.920935660000,-74.837895660000,-0.030005,17.00,tb-ema_trend-XRPUSDT-1646499600-B,tb-ema_trend-XRPUSDT-1646560800-X
BTC/USDT,ema_trend,2022-03-09 04:00,41238.34,2022-03-10 01:59,41149.14,trailing,0.06001,4.9469593572,-10.2998513572,-0.004162,22.00,tb-ema_trend-BTCUSDT-1646794800-B,tb-ema_trend-BTCUSDT-1646874000-T
ETH/USDT,ema_trend,2022-03-09 04:00,2699.92,2022-03-10 01:59,2661.44,trailing,0.6876,3.6883610760,-30.1472090760,-0.016239,22.00,tb-ema_trend-ETHUSDT-1646794800-B,tb-ema_trend-ETHUSDT-1646874000-T
LTC/USDT,ema_trend,2022-03-09 06:00,106.16,2022-03-10 01:59,104.96,trailing,13.105,2.7682138400,-18.4942138400,-0.013293,20.00,tb-ema_trend-LTCUSDT-1646802000-B,tb-ema_trend-LTCUSDT-1646874000-T
XRP/USDT,ema_trend,2022-03-10 02:00,0.7599,2022-03-10 04:59,0.7400,stop,3238.1,4.859333860000,-69.297523860000,-0.028162,3.00,tb-ema_trend-XRPUSDT-1646874000-B,tb-ema_trend-XRPUSDT-1646884800-X
BTC/USDT,ema_trend,2022-03-10 04:00,40788.89,2022-03-10 04:59,39795.75,stop,0.04523,3.6468827092,-48.5666049092,-0.026325,1.00,tb-ema_trend-BTCUSDT-1646881200-B,tb-ema_trend-BTCUSDT-1646884800-X
LTC/USDT,ema_trend,2022-03-11 13:00,106.06,2022-03-11 16:59,103.15,stop,22.923,4.7981602100,-71.5040902100,-0.029411,4.00,tb-ema_trend-LTCUSDT-1647000000-B,tb-ema_trend-LTCUSDT-1647014400-X
XRP/USDT,ema_trend,2022-03-11 23:00,0.8048,2022-03-12 07:59,0.7924,trailing,2998.8,4.792178240000,-41.977298240000,-0.017393,9.00,tb-ema_trend-XRPUSDT-1647036000-B,tb-ema_trend-XRPUSDT-1647068400-T
LTC/USDT,ema_trend,2022-03-12 01:00,105.76,2022-03-13 12:59,104.79,trailing,17.097,3.6016770300,-20.1857670300,-0.011164,36.00,tb-ema_trend-LTCUSDT-1647043200-B,tb-ema_trend-LTCUSDT-1647172800-T
XRP/USDT,ema_trend,2022-03-12 10:00,0.7905,2022-03-13 22:59,0.7780,trailing,2467.3,3.871936300000,-34.713186300000,-0.017798,37.00,tb-ema_trend-XRPUSDT-1647075600-B,tb-ema_trend-XRPUSDT-1647208800-T
LTC/USDT,ema_trend,2022-03-15 03:00,105.66,2022-03-15 07:59,103.05,stop,22.611,4.7215719900,-63.7362819900,-0.026678,5.00,tb-ema_trend-LTCUSDT-1647309600-B,tb-ema_trend-LTCUSDT-1647327600-X
LINK/USDT,ema_trend,2022-03-15 03:00,13.417,2022-03-15 07:59,13.051,stop,133.44,3.53376830000,-52.37280830000,-0.029253,5.00,tb-ema_trend-LINKUSDT-1647309600-B,tb-ema_trend-LINKUSDT-1647327600-X
LTC/USDT,ema_trend,2022-03-15 21:00,107.56,2022-03-18 00:59,108.48,trailing,16.456,3.5569827600,11.5825372400,0.006544,52.00,tb-ema_trend-LTCUSDT-1647374400-B,tb-ema_trend-LTCUSDT-1647561600-T
SOL/USDT,ema_trend,2022-03-15 21:00,83.66,2022-03-18 00:59,86.97,trailing,15.869,2.7090660300,49.8173239700,0.037524,52.00,tb-ema_trend-SOLUSDT-1647374400-B,tb-ema_trend-SOLUSDT-1647561600-T
ETH/USDT,ema_trend,2022-03-15 21:00,2626.23,2022-03-19 22:59,2905.12,trailing,0.8986,4.9728347150,245.6377192850,0.104087,98.00,tb-ema_trend-ETHUSDT-1647374400-B,tb-ema_trend-ETHUSDT-1647727200-T
BNB/USDT,ema_trend,2022-03-18 01:00,386.90,2022-03-19 22:59,396.11,trailing,4.615,3.6155256500,38.8886243500,0.021780,46.00,tb-ema_trend-BNBUSDT-1647561600-B,tb-ema_trend-BNBUSDT-1647727200-T
SOL/USDT,ema_trend,2022-03-19 23:00,92.50,2022-03-20 09:59,89.98,stop,17.120,3.1257226000,-46.2681226000,-0.029217,11.00,tb-ema_trend-SOLUSDT-1647727200-B,tb-ema_trend-SOLUSDT-1647766800-X
ADA/USDT,ema_trend,2022-03-18 01:00,0.8275,2022-03-20 12:59,0.8772,trailing,1618.2,2.759952290000,77.664587710000,0.057999,60.00,tb-ema_trend-ADAUSDT-1647561600-B,tb-ema_trend-ADAUSDT-1647777600-T
XRP/USDT,ema_trend,2022-03-19 23:00,0.8156,2022-03-20 14:59,0.8014,trailing,2589.2,4.188856960000,-40.955496960000,-0.019394,16.00,tb-ema_trend-XRPUSDT-1647727200-B,tb-ema_trend-XRPUSDT-1647784800-T
LTC/USDT,ema_trend,2022-03-20 10:00,114.46,2022-03-20 16:59,111.89,stop,13.734,3.1102933400,-38.4066733400,-0.024432,7.00,tb-ema_trend-LTCUSDT-1647766800-B,tb-ema_trend-LTCUSDT-1647792000-X
BNB/USDT,ema_trend,2022-03-20 13:00,393.20,2022-03-20 17:00,390.50,signal,3.899,3.0572191000,-13.5845191000,-0.008861,4.00,tb-ema_trend-BNBUSDT-1647777600-B,tb-ema_trend-BNBUSDT-1647792000-S
ETH/USDT,ema_trend,2022-03-20 15:00,2863.83,2022-03-20 18:00,2825.15,signal,0.5822,3.3138424540,-25.8333384540,-0.015494,3.00,tb-ema_trend-ETHUSDT-1647784800-B,tb-ema_trend-ETHUSDT-1647795600-S
SOL/USDT,ema_trend,2022-03-20 18:00,88.43,2022-03-20 20:00,89.47,signal,18.155,3.2314546700,15.6497453300,0.009748,2.00,tb-ema_trend-SOLUSDT-1647795600-B,tb-ema_trend-SOLUSDT-1647802800-S
BTC/USDT,ema_trend,2022-03-20 19:00,41250.61,2022-03-20 21:00,41262.50,signal,0.03913,3.2303880237,-2.7651323237,-0.001713,2.00,tb-ema_trend-BTCUSDT-1647799200-B,tb-ema_trend-BTCUSDT-1647806400-S
XRP/USDT,ema_trend,2022-03-20 21:00,0.8029,2022-03-21 02:59,0.7896,trailing,2013.1,3.207547840000,-29.981777840000,-0.018549,6.00,tb-ema_trend-XRPUSDT-1647806400-B,tb-ema_trend-XRPUSDT-1647828000-T
XRP/USDT,ema_trend,2022-03-21 08:00,0.8111,2022-03-22 18:59,0.8300,trailing,1983.1,3.256087610000,34.224502390000,0.021277,35.00,tb-ema_trend-XRPUSDT-1647846000-B,tb-ema_trend-XRPUSDT-1647972000-T
LINK/USDT,ema_trend,2022-03-22 19:00,15.558,2022-03-23 01:59,15.218,stop,103.91,3.19964554000,-38.52904554000,-0.023833,7.00,tb-ema_trend-LINKUSDT-1647972000-B,tb-ema_trend-LINKUSDT-1647997200-X
LTC/USDT,ema_trend,2022-03-20 22:00,114.66,2022-03-23 09:59,118.80,trailing,14.071,3.2867355600,54.9672044400,0.034070,60.00,tb-ema_trend-LTCUSDT-1647810000-B,tb-ema_trend-LTCUSDT-1648026000-T
ADA/USDT,ema_trend,2022-03-20 17:00,0.8765,2022-03-25 00:59,1.1140,trailing,1864.5,3.712952600000,439.105797400000,0.268692,104.00,tb-ema_trend-ADAUSDT-1647792000-B,tb-ema_trend-ADAUSDT-1648166400-T
SOL/USDT,ema_trend,2022-03-25 01:00,101.42,2022-03-25 15:59,100.02,trailing,17.108,3.4480610800,-27.3992610800,-0.015791,15.00,tb-ema_trend-SOLUSDT-1648166400-B,tb-ema_trend-SOLUSDT-1648220400-T
ETH/USDT,ema_trend,2022-03-23 10:00,2957.13,2022-03-25 16:59,3101.38,trailing,0.5485,3.3248670130,75.7962579870,0.046731,55.00,tb-ema_trend-ETHUSDT-1648026000-B,tb-ema_trend-ETHUSDT-1648224000-T
BTC/USDT,ema_trend,2022-03-23 02:00,42343.83,2022-03-25 17:59,44019.42,trailing,0.03795,3.2791790917,60.3094614083,0.037530,64.00,tb-ema_trend-BTCUSDT-1647997200-B,tb-ema_trend-BTCUSDT-1648227600-T
LINK/USDT,ema_trend,2022-03-25 17:00,15.668,2022-03-25 23:00,15.532,signal,109.81,3.42779548000,-18.36195548000,-0.010672,6.00,tb-ema_trend-LINKUSDT-1648224000-B,tb-ema_trend-LINKUSDT-1648245600-S
SOL/USDT,ema_trend,2022-03-25 18:00,97.93,2022-03-27 11:59,100.24,trailing,17.436,3.4570548600,36.8201051400,0.021564,42.00,tb-ema_trend-SOLUSDT-1648227600-B,tb-ema_trend-SOLUSDT-1648378800-T
ADA/USDT,ema_trend,2022-03-25 16:00,1.0996,2022-03-27 12:59,1.1163,trailing,1571.7,3.484489390000,22.762900610000,0.013171,45.00,tb-ema_trend-ADAUSDT-1648220400-B,tb-ema_trend-ADAUSDT-1648382400-T
ETH/USDT,ema_trend,2022-03-27 12:00,3148.16,2022-03-28 23:59,3323.67,trailing,0.5448,3.5277418840,92.0901061160,0.053693,36.00,tb-ema_trend-ETHUSDT-1648378800-B,tb-ema_trend-ETHUSDT-1648508400-T
LINK/USDT,ema_trend,2022-03-27 13:00,15.698,2022-03-28 23:59,16.702,trailing,109.91,3.56296776000,106.78667224000,0.061892,35.00,tb-ema_trend-LINKUSDT-1648382400-B,tb-ema_trend-LINKUSDT-1648508400-T
XRP/USDT,ema_trend,2022-03-29 00:00,0.8645,2022-03-29 16:59,0.8522,trailing,2548.0,4.376399300000,-35.716799300000,-0.016215,17.00,tb-ema_trend-XRPUSDT-1648508400-B,tb-ema_trend-XRPUSDT-1648569600-T
BTC/USDT,ema_trend,2022-03-26 00:00,44335.32,2022-03-29 22:59,47010.00,trailing,0.03847,3.5158278732,99.3791117268,0.058267,95.00,tb-ema_trend-BTCUSDT-1648249200-B,tb-ema_trend-BTCUSDT-1648591200-T
ETH/USDT,ema_trend,2022-03-29 17:00,3423.21,2022-03-29 22:59,3349.37,stop,0.5201,3.5244727870,-41.9286567870,-0.023550,6.00,tb-ema_trend-ETHUSDT-1648569600-B,tb-ema_trend-ETHUSDT-1648591200-X
SOL/USDT,ema_trend,2022-03-29 00:00,105.81,2022-03-30 00:59,108.72,trailing,15.615,3.3515789100,42.0880710900,0.025474,25.00,tb-ema_trend-SOLUSDT-1648508400-B,tb-ema_trend-SOLUSDT-1648598400-T
XRP/USDT,ema_trend,2022-03-29 23:00,0.8542,2022-03-30 01:00,0.8598,signal,2600.9,4.460248940000,10.104791060000,0.004548,2.00,tb-ema_trend-XRPUSDT-1648591200-B,tb-ema_trend-XRPUSDT-1648598400-S
LTC/USDT,ema_trend,2022-03-29 23:00,129.27,2022-03-30 01:59,126.32,stop,12.889,3.2959800200,-41.3185300200,-0.024799,3.00,tb-ema_trend-LTCUSDT-1648591200-B,tb-ema_trend-LTCUSDT-1648602000-X
ETH/USDT,ema_trend,2022-03-30 01:00,3374.31,2022-03-31 14:59,3360.97,trailing,0.4958,3.3410389830,-9.9550109830,-0.005950,38.00,tb-ema_trend-ETHUSDT-1648598400-B,tb-ema_trend-ETHUSDT-1648735200-T
BTC/USDT,ema_trend,2022-03-30 02:00,46888.72,2022-03-31 14:59,46838.44,trailing,0.04732,4.4375136464,-6.8167632464,-0.003072,37.00,tb-ema_trend-BTCUSDT-1648602000-B,tb-ema_trend-BTCUSDT-1648735200-T
BNB/USDT,ema_trend,2022-03-30 03:00,431.02,2022-03-31 14:59,439.73,trailing,3.861,3.3636898300,30.2656201700,0.018187,36.00,tb-ema_trend-BNBUSDT-1648605600-B,tb-ema_trend-BNBUSDT-1648735200-T
SOL/USDT,ema_trend,2022-03-31 15:00,128.56,2022-03-31 16:59,123.16,stop,19.809,4.9888926800,-111.9574926800,-0.043963,2.00,tb-ema_trend-SOLUSDT-1648735200-B,tb-ema_trend-SOLUSDT-1648742400-X
LINK/USDT,ema_trend,2022-03-31 15:00,17.339,2022-03-31 16:59,16.788,stop,115.57,3.94613807000,-67.62520807000,-0.033747,2.00,tb-ema_trend-LINKUSDT-1648735200-B,tb-ema_trend-LINKUSDT-1648742400-X
BNB/USDT,ema_trend,2022-03-31 18:00,429.32,2022-03-31 20:00,426.98,signal,6.045,5.1793387400,-19.3246387400,-0.007446,2.00,tb-ema_trend-BNBUSDT-1648746000-B,tb-ema_trend-BNBUSDT-1648753200-S
LINK/USDT,ema_trend,2022-03-31 19:00,16.969,2022-03-31 23:00,17.041,signal,86.09,2.92944811000,3.26903189000,0.002238,4.00,tb-ema_trend-LINKUSDT-1648749600-B,tb-ema_trend-LINKUSDT-1648764000-S
SOL/USDT,ema_trend,2022-03-31 19:00,124.92,2022-04-01 02:59,118.94,stop,15.586,3.8028006800,-97.0070806800,-0.049824,8.00,tb-ema_trend-SOLUSDT-1648749600-B,tb-ema_trend-SOLUSDT-1648778400-X
BNB/USDT,ema_trend,2022-04-01 19:00,445.23,2022-04-02 15:59,441.06,trailing,3.457,3.0656854500,-17.4813754500,-0.011358,21.00,tb-ema_trend-BNBUSDT-1648836000-B,tb-ema_trend-BNBUSDT-1648911600-T
ADA/USDT,ema_trend,2022-04-02 16:00,1.1576,2022-04-02 21:00,1.1594,signal,1324.9,3.071413940000,-0.686593940000,-0.000448,5.00,tb-ema_trend-ADAUSDT-1648911600-B,tb-ema_trend-ADAUSDT-1648929600-S
SOL/USDT,ema_trend,2022-04-01 05:00,121.23,2022-04-02 22:59,134.07,trailing,16.982,4.3375655100,213.7113144900,0.103807,42.00,tb-ema_trend-SOLUSDT-1648785600-B,tb-ema_trend-SOLUSDT-1648936800-T
BTC/USDT,ema_trend,2022-04-02 23:00,46133.83,2022-04-03 00:00,45788.08,signal,0.03726,3.4268557190,-16.3095007190,-0.009488,1.00,tb-ema_trend-BTCUSDT-1648936800-B,tb-ema_trend-BTCUSDT-1648940400-S
ETH/USDT,ema_trend,2022-04-01 18:00,3471.45,2022-04-03 01:59,3417.84,trailing,0.5913,4.0757200450,-35.7753130450,-0.017429,32.00,tb-ema_trend-ETHUSDT-1648832400-B,tb-ema_trend-ETHUSDT-1648947600-T
BNB/USDT,ema_trend,2022-04-02 22:00,442.53,2022-04-03 01:59,434.19,stop,3.468,3.0422350800,-31.9653550800,-0.020828,4.00,tb-ema_trend-BNBUSDT-1648933200-B,tb-ema_trend-BNBUSDT-1648947600-X
BNB/USDT,ema_trend,2022-04-03 04:00,437.62,2022-04-03 05:00,440.77,signal,4.950,4.3502186000,11.2422814000,0.005190,1.00,tb-ema_trend-BNBUSDT-1648954800-B,tb-ema_trend-BNBUSDT-1648958400-S
SOL/USDT,ema_trend,2022-04-03 01:00,134.15,2022-04-04 10:59,133.85,trailing,12.784,3.4278559500,-7.2630559500,-0.004235,34.00,tb-ema_trend-SOLUSDT-1648944000-B,tb-ema_trend-SOLUSDT-1649066400-T
ETH/USDT,ema_trend,2022-04-03 04:00,3458.00,2022-04-04 10:59,3459.61,trailing,0.4698,3.2516221800,-2.4952441800,-0.001536,31.00,tb-ema_trend-ETHUSDT-1648954800-B,tb-ema_trend-ETHUSDT-1649066400-T
BNB/USDT,ema_trend,2022-04-03 08:00,444.33,2022-04-04 15:59,440.41,trailing,3.966,3.5106561600,-19.0573761600,-0.010814,32.00,tb-ema_trend-BNBUSDT-1648969200-B,tb-ema_trend-BNBUSDT-1649084400-T
ADA/USDT,ema_trend,2022-04-04 15:00,1.2277,2022-04-04 17:59,1.1903,stop,1756.7,4.249910460000,-69.950490460000,-0.032434,3.00,tb-ema_trend-ADAUSDT-1649080800-B,tb-ema_trend-ADAUSDT-1649091600-X
BTC/USDT,ema_trend,2022-04-05 13:00,46791.38,2022-04-05 14:59,46190.44,stop,0.04123,3.8359800064,-28.6127362064,-0.014831,2.00,tb-ema_trend-BTCUSDT-1649160000-B,tb-ema_trend-BTCUSDT-1649167200-X
BNB/USDT,ema_trend,2022-04-05 06:00,453.33,2022-04-05 16:59,446.43,trailing,5.675,5.1088579800,-44.2663579800,-0.017207,11.00,tb-ema_trend-BNBUSDT-1649134800-B,tb-ema_trend-BNBUSDT-1649174400-T
BNB/USDT,ema_trend,2022-04-06 00:00,444.93,2022-04-06 00:59,437.10,stop,5.741,5.0664038100,-50.0184338100,-0.019582,1.00,tb-ema_trend-BNBUSDT-1649199600-B,tb-ema_trend-BNBUSDT-1649203200-X
BNB/USDT,ema_trend,2022-04-13 19:00,421.62,2022-04-14 09:59,416.71,trailing,6.029,5.0572429100,-34.6596329100,-0.013635,15.00,tb-ema_trend-BNBUSDT-1649872800-B,tb-ema_trend-BNBUSDT-1649926800-T
LTC/USDT,ema_trend,2022-04-14 03:00,111.86,2022-04-14 09:59,109.55,stop,17.030,3.7726257800,-43.1119257800,-0.022631,7.00,tb-ema_trend-LTCUSDT-1649901600-B,tb-ema_trend-LTCUSDT-1649926800-X
XRP/USDT,ema_trend,2022-04-15 03:00,0.7631,2022-04-16 15:59,0.7727,trailing,3306.3,5.080410080000,26.660069920000,0.010567,37.00,tb-ema_trend-XRPUSDT-1649988000-B,tb-ema_trend-XRPUSDT-1650121200-T
LTC/USDT,ema_trend,2022-04-15 15:00,111.56,2022-04-16 17:59,110.90,trailing,16.975,3.7781550200,-14.9816550200,-0.007911,27.00,tb-ema_trend-LTCUSDT-1650031200-B,tb-ema_trend-LTCUSDT-1650128400-T
LTC/USDT,ema_trend,2022-04-17 01:00,114.66,2022-04-17 16:59,112.51,stop,16.535,3.7582051700,-39.3084551700,-0.020733,16.00,tb-ema_trend-LTCUSDT-1650153600-B,tb-ema_trend-LTCUSDT-1650211200-X
XRP/USDT,ema_trend,2022-04-16 18:00,0.7713,2022-04-17 17:59,0.7686,trailing,3274.1,5.044331880000,-13.884401880000,-0.005498,24.00,tb-ema_trend-XRPUSDT-1650128400-B,tb-ema_trend-XRPUSDT-1650214800-T
LINK/USDT,ema_trend,2022-04-17 07:00,14.528,2022-04-17 17:59,14.242,stop,97.76,2.81400800000,-30.77336800000,-0.021667,11.00,tb-ema_trend-LINKUSDT-1650175200-B,tb-ema_trend-LINKUSDT-1650214800-X
LTC/USDT,ema_trend,2022-04-17 22:00,111.66,2022-04-17 23:59,109.84,stop,22.411,4.9666046800,-45.7546246800,-0.018284,2.00,tb-ema_trend-LTCUSDT-1650229200-B,tb-ema_trend-LTCUSDT-1650236400-X
BNB/USDT,ema_trend,2022-04-19 01:00,417.71,2022-04-20 13:59,422.33,trailing,4.477,3.7629476300,16.9207923700,0.009048,37.00,tb-ema_trend-BNBUSDT-1650326400-B,tb-ema_trend-BNBUSDT-1650459600-T
LTC/USDT,ema_trend,2022-04-19 05:00,112.16,2022-04-20 13:59,111.36,trailing,12.503,2.7961286400,-12.7985286400,-0.009127,33.00,tb-ema_trend-LTCUSDT-1650340800-B,tb-ema_trend-LTCUSDT-1650459600-T
BTC/USDT,ema_trend,2022-04-18 23:00,40944.22,2022-04-20 15:59,41313.40,trailing,0.06088,5.0107099990,17.4649684010,0.007006,41.00,tb-ema_trend-BTCUSDT-1650319200-B,tb-ema_trend-BTCUSDT-1650466800-T
SOL/USDT,ema_trend,2022-04-20 14:00,108.42,2022-04-20 15:59,105.30,stop,17.256,3.6899038800,-57.5286238800,-0.030749,2.00,tb-ema_trend-SOLUSDT-1650459600-B,tb-ema_trend-SOLUSDT-1650466800-X
ETH/USDT,ema_trend,2022-04-20 14:00,3104.56,2022-04-20 18:59,3046.86,stop,0.4519,2.7813789740,-28.8560089740,-0.020568,5.00,tb-ema_trend-ETHUSDT-1650459600-B,tb-ema_trend-ETHUSDT-1650477600-X
LTC/USDT,ema_trend,2022-04-20 16:00,111.76,2022-04-21 08:00,111.14,signal,19.070,4.2529382000,-16.0763382000,-0.007543,16.00,tb-ema_trend-LTCUSDT-1650466800-B,tb-ema_trend-LTCUSDT-1650524400-S
ETH/USDT,ema_trend,2022-04-21 14:00,3157.10,2022-04-21 15:59,3101.16,stop,0.5341,3.3444309300,-33.2219849300,-0.019702,2.00,tb-ema_trend-ETHUSDT-1650546000-B,tb-ema_trend-ETHUSDT-1650553200-X
BTC/USDT,ema_trend,2022-04-20 18:00,41390.95,2022-04-21 17:59,41690.24,trailing,0.03866,3.2135744450,8.3569769550,0.005223,24.00,tb-ema_trend-BTCUSDT-1650474000-B,tb-ema_trend-BTCUSDT-1650560400-T
SOL/USDT,ema_trend,2022-04-20 20:00,106.10,2022-04-21 19:59,104.46,trailing,14.552,3.0656606200,-26.9309406200,-0.017443,24.00,tb-ema_trend-SOLUSDT-1650481200-B,tb-ema_trend-SOLUSDT-1650567600-T
BTC/USDT,ema_trend,2022-04-21 20:00,41239.43,2022-04-21 20:59,40533.12,stop,0.05964,4.8793892510,-47.0037176510,-0.019111,1.00,tb-ema_trend-BTCUSDT-1650567600-B,tb-ema_trend-BTCUSDT-1650571200-X
ETH/USDT,ema_trend,2022-04-25 23:00,3010.75,2022-04-26 13:59,2944.67,stop,0.8130,4.8444661350,-58.5675061350,-0.023927,15.00,tb-ema_trend-ETHUSDT-1650924000-B,tb-ema_trend-ETHUSDT-1650978000-X
BTC/USDT,ema_trend,2022-04-25 23:00,40367.15,2022-04-26 14:59,39648.59,trailing,0.04547,3.6403340580,-36.3132572580,-0.019784,16.00,tb-ema_trend-BTCUSDT-1650924000-B,tb-ema_trend-BTCUSDT-1650981600-T
BTC/USDT,ema_trend,2022-04-28 10:00,39793.88,2022-04-28 13:59,39121.15,stop,0.04568,3.6068282624,-34.3371346624,-0.018890,4.00,tb-ema_trend-BTCUSDT-1651136400-B,tb-ema_trend-BTCUSDT-1651150800-X
BTC/USDT,ema_trend,2022-04-28 17:00,39919.38,2022-04-29 09:59,39348.47,trailing,0.04532,3.5944149306,-29.4680561306,-0.016288,17.00,tb-ema_trend-BTCUSDT-1651161600-B,tb-ema_trend-BTCUSDT-1651222800-T
ETH/USDT,ema_trend,2022-04-28 18:00,2972.68,2022-04-29 09:59,2897.98,stop,0.4565,2.6814426300,-36.7819926300,-0.027105,16.00,tb-ema_trend-ETHUSDT-1651165200-B,tb-ema_trend-ETHUSDT-1651222800-X
BNB/USDT,ema_trend,2022-04-28 10:00,403.91,2022-04-29 10:59,398.38,trailing,5.999,4.8157650800,-37.9902350800,-0.015679,25.00,tb-ema_trend-BNBUSDT-1651136400-B,tb-ema_trend-BNBUSDT-1651226400-T
ADA/USDT,ema_trend,2022-05-04 11:00,0.8158,2022-05-05 11:59,0.8588,trailing,2196.6,3.680221120000,90.773578880000,0.050655,25.00,tb-ema_trend-ADAUSDT-1651658400-B,tb-ema_trend-ADAUSDT-1651748400-T
BTC/USDT,ema_trend,2022-05-04 11:00,39015.34,2022-05-05 13:59,39195.28,trailing,0.06123,4.7915673320,6.2261588680,0.002606,27.00,tb-ema_trend-BTCUSDT-1651658400-B,tb-ema_trend-BTCUSDT-1651755600-T
ETH/USDT,ema_trend,2022-05-04 12:00,2871.97,2022-05-05 13:59,2894.79,trailing,0.4679,2.6997029880,7.9777750120,0.005937,26.00,tb-ema_trend-ETHUSDT-1651662000-B,tb-ema_trend-ETHUSDT-1651755600-T
BNB/USDT,ema_trend,2022-05-05 12:00,404.71,2022-05-05 14:59,397.34,stop,3.653,2.9315074900,-29.8541174900,-0.020193,3.00,tb-ema_trend-BNBUSDT-1651748400-B,tb-ema_trend-BNBUSDT-1651759200-X
LTC/USDT,ema_trend,2022-05-05 14:00,103.76,2022-05-05 14:59,101.69,stop,14.788,3.0397510000,-33.6509110000,-0.021931,1.00,tb-ema_trend-LTCUSDT-1651755600-B,tb-ema_trend-LTCUSDT-1651759200-X
ADA/USDT,ema_trend,2022-05-05 14:00,0.8427,2022-05-05 15:59,0.8152,stop,2427.6,4.026824790000,-70.785824790000,-0.034602,2.00,tb-ema_trend-ADAUSDT-1651755600-B,tb-ema_trend-ADAUSDT-1651762800-X
BNB/USDT,ema_trend,2022-05-16 00:00,312.56,2022-05-16 01:59,303.51,stop,7.620,4.6969538800,-73.6579538800,-0.030927,2.00,tb-ema_trend-BNBUSDT-1652655600-B,tb-ema_trend-BNBUSDT-1652662800-X
ADA/USDT,ema_trend,2022-05-16 01:00,0.6045,2022-05-16 04:59,0.5742,stop,2955.6,3.485579220000,-93.040259220000,-0.052075,4.00,tb-ema_trend-ADAUSDT-1652659200-B,tb-ema_trend-ADAUSDT-1652673600-X
BNB/USDT,ema_trend,2022-05-17 13:00,309.66,2022-05-17 14:59,301.94,stop,7.557,4.6243384800,-62.9643784800,-0.026907,2.00,tb-ema_trend-BNBUSDT-1652788800-B,tb-ema_trend-BNBUSDT-1652796000-X
LTC/USDT,ema_trend,2022-05-18 01:00,73.64,2022-05-18 07:59,70.74,stop,31.609,4.5660639000,-96.2321639000,-0.041342,7.00,tb-ema_trend-LTCUSDT-1652832000-B,tb-ema_trend-LTCUSDT-1652857200-X
LTC/USDT,ema_trend,2022-05-20 00:00,72.14,2022-05-20 03:59,69.53,stop,23.918,3.3901944200,-65.8161744200,-0.038144,4.00,tb-ema_trend-LTCUSDT-1653001200-B,tb-ema_trend-LTCUSDT-1653015600-X
BNB/USDT,ema_trend,2022-05-19 16:00,306.96,2022-05-20 14:59,304.47,trailing,7.493,4.5839006700,-23.2414706700,-0.010105,23.00,tb-ema_trend-BNBUSDT-1652972400-B,tb-ema_trend-BNBUSDT-1653055200-T
BTC/USDT,ema_trend,2022-05-20 02:00,30490.82,2022-05-20 14:59,29784.34,stop,0.04243,2.5589995836,-32.5349459836,-0.025148,13.00,tb-ema_trend-BTCUSDT-1653008400-B,tb-ema_trend-BTCUSDT-1653055200-X
LTC/USDT,ema_trend,2022-05-22 14:00,71.94,2022-05-22 16:59,70.41,stop,17.774,2.5314238200,-29.7256438200,-0.023247,3.00,tb-ema_trend-LTCUSDT-1653224400-B,tb-ema_trend-LTCUSDT-1653235200-X
BTC/USDT,ema_trend,2022-05-23 02:00,30235.11,2022-05-23 18:59,29812.24,trailing,0.04197,2.5216990322,-20.2695529322,-0.015973,17.00,tb-ema_trend-BTCUSDT-1653267600-B,tb-ema_trend-BTCUSDT-1653328800-T
BNB/USDT,ema_trend,2022-05-21 19:00,313.66,2022-05-23 19:59,324.12,trailing,7.236,4.6174853600,71.0710746400,0.031314,49.00,tb-ema_trend-BNBUSDT-1653156000-B,tb-ema_trend-BNBUSDT-1653332400-T
LINK/USDT,ema_trend,2022-05-22 13:00,7.364,2022-05-23 19:59,7.250,trailing,231.19,3.38037802000,-29.73603802000,-0.017466,31.00,tb-ema_trend-LINKUSDT-1653220800-B,tb-ema_trend-LINKUSDT-1653332400-T
BNB/USDT,ema_trend,2022-05-23 22:00,324.87,2022-05-23 23:59,316.96,stop,6.980,4.4822474900,-59.6940474900,-0.026325,2.00,tb-ema_trend-BNBUSDT-1653339600-B,tb-ema_trend-BNBUSDT-1653346800-X
BNB/USDT,ema_trend,2022-05-24 02:00,325.17,2022-05-24 13:59,316.35,stop,6.928,4.4467267500,-65.5516867500,-0.029098,12.00,tb-ema_trend-BNBUSDT-1653354000-B,tb-ema_trend-BNBUSDT-1653397200-X
BTC/USDT,ema_trend,2022-05-25 05:00,30118.49,2022-05-25 08:59,29592.46,stop,0.05568,3.3265128026,-32.6158632026,-0.019449,4.00,tb-ema_trend-BTCUSDT-1653451200-B,tb-ema_trend-BTCUSDT-1653465600-X
BNB/USDT,ema_trend,2022-05-24 16:00,321.67,2022-05-26 05:59,325.23,trailing,6.952,4.4995004900,20.2496195100,0.009055,38.00,tb-ema_trend-BNBUSDT-1653404400-B,tb-ema_trend-BNBUSDT-1653541200-T
LINK/USDT,ema_trend,2022-05-30 02:00,6.934,2022-05-31 13:59,7.223,trailing,181.18,2.56628272000,49.79473728000,0.039636,36.00,tb-ema_trend-LINKUSDT-1653872400-B,tb-ema_trend-LINKUSDT-1654002000-T
ADA/USDT,ema_trend,2022-05-30 02:00,0.4965,2022-05-31 14:59,0.6104,trailing,3374.6,3.737032840000,380.629907160000,0.227175,37.00,tb-ema_trend-ADAUSDT-1653872400-B,tb-ema_trend-ADAUSDT-1654005600-T
ETH/USDT,ema_trend,2022-05-31 15:00,1962.84,2022-06-01 04:59,1919.72,trailing,0.7464,2.8995130580,-35.0842810580,-0.023947,14.00,tb-ema_trend-ETHUSDT-1654005600-B,tb-ema_trend-ETHUSDT-1654056000-T
BTC/USDT,ema_trend,2022-05-29 23:00,29441.53,2022-06-01 11:59,31441.92,trailing,0.07584,4.6197561676,147.0898214324,0.065875,61.00,tb-ema_trend-BTCUSDT-1653861600-B,tb-ema_trend-BTCUSDT-1654081200-T
XRP/USDT,ema_trend,2022-05-31 14:00,0.4108,2022-06-01 14:59,0.4111,trailing,3088.7,2.539876010000,-1.613266010000,-0.001271,25.00,tb-ema_trend-XRPUSDT-1654002000-B,tb-ema_trend-XRPUSDT-1654092000-T
ADA/USDT,ema_trend,2022-06-01 05:00,0.6047,2022-06-01 14:59,0.5758,trailing,2409.3,2.845690400000,-72.474460400000,-0.049746,10.00,tb-ema_trend-ADAUSDT-1654056000-B,tb-ema_trend-ADAUSDT-1654092000-T
ETH/USDT,ema_trend,2022-06-01 12:00,1939.92,2022-06-01 14:59,1901.55,trailing,0.8697,3.3426723920,-36.7130613920,-0.021760,3.00,tb-ema_trend-ETHUSDT-1654081200-B,tb-ema_trend-ETHUSDT-1654092000-T
BTC/USDT,ema_trend,2022-06-01 15:00,31188.07,2022-06-01 15:59,30604.33,stop,0.07505,4.6400146691,-48.4497016691,-0.020699,1.00,tb-ema_trend-BTCUSDT-1654092000-B,tb-ema_trend-BTCUSDT-1654095600-X
LINK/USDT,ema_trend,2022-06-01 17:00,7.154,2022-06-01 20:59,6.839,stop,267.07,3.73904209000,-87.86609209000,-0.045988,4.00,tb-ema_trend-LINKUSDT-1654099200-B,tb-ema_trend-LINKUSDT-1654113600-X
ADA/USDT,ema_trend,2022-06-01 17:00,0.5665,2022-06-01 22:00,0.5427,signal,2953.4,3.277610780000,-73.568530780000,-0.043971,5.00,tb-ema_trend-ADAUSDT-1654099200-B,tb-ema_trend-ADAUSDT-1654117200-S
XRP/USDT,ema_trend,2022-06-03 07:00,0.4073,2022-06-03 09:00,0.4007,signal,5619.9,4.543200810000,-41.634540810000,-0.018189,2.00,tb-ema_trend-XRPUSDT-1654236000-B,tb-ema_trend-XRPUSDT-1654243200-S
XRP/USDT,ema_trend,2022-06-05 20:00,0.3994,2022-06-06 00:59,0.3942,stop,4277.7,3.396500140000,-25.640540140000,-0.015008,5.00,tb-ema_trend-XRPUSDT-1654455600-B,tb-ema_trend-XRPUSDT-1654473600-X
ETH/USDT,ema_trend,2022-06-06 01:00,1836.93,2022-06-06 16:59,1861.41,trailing,0.9265,3.4283489450,19.2523710550,0.011312,16.00,tb-ema_trend-ETHUSDT-1654473600-B,tb-ema_trend-ETHUSDT-1654531200-T
LINK/USDT,ema_trend,2022-06-04 22:00,7.264,2022-06-06 20:59,7.723,trailing,313.62,4.70254742000,139.24903258000,0.061124,47.00,tb-ema_trend-LINKUSDT-1654376400-B,tb-ema_trend-LINKUSDT-1654545600-T
BTC/USDT,ema_trend,2022-06-06 01:00,30316.85,2022-06-07 00:59,30829.21,trailing,0.04210,2.5757649675,18.9945910325,0.014882,24.00,tb-ema_trend-BTCUSDT-1654473600-B,tb-ema_trend-BTCUSDT-1654560000-T
SOL/USDT,ema_trend,2022-06-06 17:00,42.18,2022-06-07 00:59,40.38,trailing,32.907,2.7181938600,-61.9507938600,-0.044633,8.00,tb-ema_trend-SOLUSDT-1654531200-B,tb-ema_trend-SOLUSDT-1654560000-T
ETH/USDT,ema_trend,2022-06-06 21:00,1862.91,2022-06-07 00:59,1823.82,stop,0.8830,3.2570592090,-37.7735292090,-0.022963,4.00,tb-ema_trend-ETHUSDT-1654545600-B,tb-ema_trend-ETHUSDT-1654560000-X
XRP/USDT,ema_trend,2022-06-07 20:00,0.4144,2022-06-07 22:59,0.4051,stop,3148.4,2.581439880000,-31.861559880000,-0.024421,3.00,tb-ema_trend-XRPUSDT-1654628400-B,tb-ema_trend-XRPUSDT-1654639200-X
BTC/USDT,ema_trend,2022-06-07 23:00,31275.59,2022-06-08 03:59,30434.69,stop,0.04144,2.5588377791,-37.4057337791,-0.028861,5.00,tb-ema_trend-BTCUSDT-1654639200-B,tb-ema_trend-BTCUSDT-1654657200-X
ADA/USDT,ema_trend,2022-06-07 01:00,0.5835,2022-06-09 19:59,0.6311,trailing,2980.1,3.621379960000,138.231380040000,0.079494,67.00,tb-ema_trend-ADAUSDT-1654560000-B,tb-ema_trend-ADAUSDT-1654801200-T
XRP/USDT,ema_trend,2022-06-08 05:00,0.3992,2022-06-10 00:59,0.3956,trailing,3224.0,2.563752560000,-14.170152560000,-0.011010,44.00,tb-ema_trend-XRPUSDT-1654660800-B,tb-ema_trend-XRPUSDT-1654819200-T
LINK/USDT,ema_trend,2022-06-07 01:00,7.524,2022-06-10 08:59,8.874,trailing,293.35,4.81261050000,391.20988950000,0.177245,80.00,tb-ema_trend-LINKUSDT-1654560000-B,tb-ema_trend-LINKUSDT-1654848000-T
LINK/USDT,ema_trend,2022-06-10 11:00,8.905,2022-06-10 13:59,8.493,stop,235.70,4.10284580000,-101.21124580000,-0.048221,3.00,tb-ema_trend-LINKUSDT-1654855200-B,tb-ema_trend-LINKUSDT-1654866000-X
LINK/USDT,ema_trend,2022-06-10 16:00,8.625,2022-06-10 19:00,8.305,signal,196.44,3.32745420000,-66.18825420000,-0.039065,3.00,tb-ema_trend-LINKUSDT-1654873200-B,tb-ema_trend-LINKUSDT-1654884000-S
SOL/USDT,ema_trend,2022-06-15 23:00,34.15,2022-06-16 09:59,31.67,trailing,32.700,2.1534409500,-83.2494409500,-0.074549,11.00,tb-ema_trend-SOLUSDT-1655330400-B,tb-ema_trend-SOLUSDT-1655370000-T
LINK/USDT,ema_trend,2022-06-15 23:00,7.204,2022-06-16 09:59,6.539,stop,142.75,1.96289385000,-96.89164385000,-0.094219,11.00,tb-ema_trend-LINKUSDT-1655330400-B,tb-ema_trend-LINKUSDT-1655370000-X
ADA/USDT,ema_trend,2022-06-16 00:00,0.5350,2022-06-16 09:59,0.4969,stop,2507.3,2.588673870000,-98.116803870000,-0.073145,10.00,tb-ema_trend-ADAUSDT-1655334000-B,tb-ema_trend-ADAUSDT-1655370000-X
LINK/USDT,ema_trend,2022-06-19 19:00,6.664,2022-06-21 19:59,6.937,trailing,249.96,3.40143860000,64.83764140000,0.038924,49.00,tb-ema_trend-LINKUSDT-1655661600-B,tb-ema_trend-LINKUSDT-1655838000-T
SOL/USDT,ema_trend,2022-06-19 20:00,33.22,2022-06-21 23:59,35.63,trailing,38.155,2.6282673300,89.3252826700,0.070473,52.00,tb-ema_trend-SOLUSDT-1655665200-B,tb-ema_trend-SOLUSDT-1655852400-T
LTC/USDT,ema_trend,2022-06-19 12:00,50.24,2022-06-22 00:59,52.05,trailing,30.018,3.0720986600,51.2604813400,0.033990,61.00,tb-ema_trend-LTCUSDT-1655636400-B,tb-ema_trend-LTCUSDT-1655856000-T
LINK/USDT,ema_trend,2022-06-21 22:00,6.894,2022-06-22 08:00,6.636,signal,233.67,3.16320966000,-63.45006966000,-0.039387,10.00,tb-ema_trend-LINKUSDT-1655845200-B,tb-ema_trend-LINKUSDT-1655881200-S
SOL/USDT,ema_trend,2022-06-22 02:00,35.42,2022-06-22 20:00,34.37,signal,43.936,3.0678519200,-49.2006519200,-0.031616,18.00,tb-ema_trend-SOLUSDT-1655859600-B,tb-ema_trend-SOLUSDT-1655924400-S
LTC/USDT,ema_trend,2022-06-23 07:00,55.43,2022-06-25 12:59,54.63,trailing,41.748,4.5971129400,-37.9955129400,-0.016419,54.00,tb-ema_trend-LTCUSDT-1655964000-B,tb-ema_trend-LTCUSDT-1656158400-T
BNB/USDT,ema_trend,2022-06-23 12:00,225.32,2022-06-25 12:59,232.48,trailing,7.702,3.5277781600,51.6185418400,0.029744,49.00,tb-ema_trend-BNBUSDT-1655982000-B,tb-ema_trend-BNBUSDT-1656158400-T
SOL/USDT,ema_trend,2022-06-23 19:00,36.76,2022-06-25 15:59,39.76,trailing,35.401,2.7102078800,103.4927921200,0.079528,45.00,tb-ema_trend-SOLUSDT-1656007200-B,tb-ema_trend-SOLUSDT-1656169200-T
ETH/USDT,ema_trend,2022-06-25 13:00,1197.43,2022-06-26 15:59,1220.39,trailing,1.6636,4.0243209790,34.1719350210,0.017154,27.00,tb-ema_trend-ETHUSDT-1656158400-B,tb-ema_trend-ETHUSDT-1656255600-T
XRP/USDT,ema_trend,2022-06-25 13:00,0.3604,2022-06-26 22:59,0.3583,trailing,4145.8,2.981100140000,-11.687280140000,-0.007822,34.00,tb-ema_trend-XRPUSDT-1656158400-B,tb-ema_trend-XRPUSDT-1656280800-T
BNB/USDT,ema_trend,2022-06-25 16:00,230.82,2022-06-26 22:59,235.67,trailing,6.375,2.9754894900,27.9432605100,0.018990,31.00,tb-ema_trend-BNBUSDT-1656169200-B,tb-ema_trend-BNBUSDT-1656280800-T
LTC/USDT,ema_trend,2022-06-26 16:00,58.05,2022-06-27 13:59,56.66,trailing,27.745,3.1842543500,-41.7498043500,-0.025922,22.00,tb-ema_trend-LTCUSDT-1656255600-B,tb-ema_trend-LTCUSDT-1656334800-T
ETH/USDT,ema_trend,2022-06-26 23:00,1214.85,2022-06-27 13:59,1187.58,trailing,1.6076,3.8642117150,-47.7034637150,-0.024426,15.00,tb-ema_trend-ETHUSDT-1656280800-B,tb-ema_trend-ETHUSDT-1656334800-T
ADA/USDT,ema_trend,2022-06-26 23:00,0.4943,2022-06-27 14:59,0.4894,trailing,2964.4,2.917563180000,-17.443123180000,-0.011904,16.00,tb-ema_trend-ADAUSDT-1656280800-B,tb-ema_trend-ADAUSDT-1656338400-T
ETH/USDT,ema_trend,2022-06-28 14:00,1228.43,2022-06-28 14:59,1195.71,stop,1.8960,4.5985034570,-66.6356234570,-0.028610,1.00,tb-ema_trend-ETHUSDT-1656421200-B,tb-ema_trend-ETHUSDT-1656424800-X
SOL/USDT,ema_trend,2022-07-04 17:00,34.42,2022-07-05 08:59,34.84,trailing,37.799,2.6192667000,13.2563133000,0.010189,16.00,tb-ema_trend-SOLUSDT-1656950400-B,tb-ema_trend-SOLUSDT-1657008000-T
BNB/USDT,ema_trend,2022-07-04 13:00,224.32,2022-07-05 09:59,227.78,trailing,10.313,4.6649748200,31.0180051800,0.013408,21.00,tb-ema_trend-BNBUSDT-1656936000-B,tb-ema_trend-BNBUSDT-1657011600-T
ETH/USDT,ema_trend,2022-07-04 16:00,1112.76,2022-07-05 11:59,1118.96,trailing,1.5582,3.4792465180,6.1815934820,0.003565,20.00,tb-ema_trend-ETHUSDT-1656946800-B,tb-ema_trend-ETHUSDT-1657018800-T
BTC/USDT,ema_trend,2022-07-05 09:00,19904.88,2022-07-05 12:59,19458.40,stop,0.06550,2.5796881816,-31.8241281816,-0.024409,4.00,tb-ema_trend-BTCUSDT-1657008000-B,tb-ema_trend-BTCUSDT-1657022400-X
BNB/USDT,ema_trend,2022-07-05 12:00,227.12,2022-07-07 15:59,234.44,trailing,8.797,4.0623874000,60.3316526000,0.030196,52.00,tb-ema_trend-BNBUSDT-1657018800-B,tb-ema_trend-BNBUSDT-1657206000-T
BTC/USDT,ema_trend,2022-07-05 19:00,20127.55,2022-07-08 09:59,21364.86,trailing,0.09029,3.7483624545,107.9683574455,0.059411,63.00,tb-ema_trend-BTCUSDT-1657044000-B,tb-ema_trend-BTCUSDT-1657270800-T
ETH/USDT,ema_trend,2022-07-05 19:00,1128.07,2022-07-08 09:59,1212.95,trailing,1.2082,2.8298868550,99.7221291450,0.073167,63.00,tb-ema_trend-ETHUSDT-1657044000-B,tb-ema_trend-ETHUSDT-1657270800-T
LINK/USDT,ema_trend,2022-07-07 16:00,6.614,2022-07-08 09:59,6.444,trailing,232.74,3.04070628000,-42.60650628000,-0.027678,18.00,tb-ema_trend-LINKUSDT-1657206000-B,tb-ema_trend-LINKUSDT-1657270800-T
XRP/USDT,ema_trend,2022-07-08 10:00,0.3464,2022-07-08 12:59,0.3365,stop,6851.6,4.681347800000,-72.512187800000,-0.030552,3.00,tb-ema_trend-XRPUSDT-1657270800-B,tb-ema_trend-XRPUSDT-1657281600-X
BTC/USDT,ema_trend,2022-07-08 13:00,21390.71,2022-07-10 00:59,21373.68,trailing,0.07369,3.1530191567,-4.4079598567,-0.002796,36.00,tb-ema_trend-BTCUSDT-1657281600-B,tb-ema_trend-BTCUSDT-1657411200-T
ADA/USDT,ema_trend,2022-07-08 10:00,0.4673,2022-07-10 02:59,0.4704,trailing,3808.6,3.573146690000,8.233513310000,0.004626,41.00,tb-ema_trend-ADAUSDT-1657270800-B,tb-ema_trend-ADAUSDT-1657418400-T
BTC/USDT,ema_trend,2022-07-10 04:00,21306.41,2022-07-10 10:00,21315.46,signal,0.09491,4.0473723241,-3.1884368241,-0.001577,6.00,tb-ema_trend-BTCUSDT-1657422000-B,tb-ema_trend-BTCUSDT-1657443600-S
ADA/USDT,ema_trend,2022-07-10 05:00,0.4707,2022-07-10 12:00,0.4686,signal,3222.5,3.028447560000,-9.795697560000,-0.006458,7.00,tb-ema_trend-ADAUSDT-1657425600-B,tb-ema_trend-ADAUSDT-1657450800-S
LTC/USDT,ema_trend,2022-07-08 10:00,51.92,2022-07-10 14:59,53.05,trailing,25.713,2.7004435300,26.3552464700,0.019741,53.00,tb-ema_trend-LTCUSDT-1657270800-B,tb-ema_trend-LTCUSDT-1657461600-T
LTC/USDT,ema_trend,2022-07-10 17:00,52.14,2022-07-10 19:59,50.70,stop,45.270,4.6579652400,-69.8467652400,-0.029591,3.00,tb-ema_trend-LTCUSDT-1657468800-B,tb-ema_trend-LTCUSDT-1657479600-X
LTC/USDT,ema_trend,2022-07-10 22:00,52.70,2022-07-11 00:00,52.09,signal,44.440,4.6592391000,-31.7676391000,-0.013564,2.00,tb-ema_trend-LTCUSDT-1657486800-B,tb-ema_trend-LTCUSDT-1657494000-S
BNB/USDT,ema_trend,2022-07-14 02:00,233.42,2022-07-14 09:59,228.03,stop,9.998,4.6161447200,-58.5053647200,-0.025069,8.00,tb-ema_trend-BNBUSDT-1657760400-B,tb-ema_trend-BNBUSDT-1657789200-X
SOL/USDT,ema_trend,2022-07-14 19:00,36.65,2022-07-16 02:59,36.76,trailing,35.607,2.6152292700,1.3015407300,0.000997,32.00,tb-ema_trend-SOLUSDT-1657821600-B,tb-ema_trend-SOLUSDT-1657936800-T
ETH/USDT,ema_trend,2022-07-14 18:00,1196.38,2022-07-16 05:59,1209.30,trailing,1.9385,4.6658034400,20.3796165600,0.008787,36.00,tb-ema_trend-ETHUSDT-1657818000-B,tb-ema_trend-ETHUSDT-1657947600-T
SOL/USDT,ema_trend,2022-07-16 06:00,36.83,2022-07-17 13:59,39.02,trailing,42.443,3.2208852400,89.7292847600,0.057402,32.00,tb-ema_trend-SOLUSDT-1657947600-B,tb-ema_trend-SOLUSDT-1658062800-T
LTC/USDT,ema_trend,2022-07-14 19:00,51.50,2022-07-17 17:59,54.32,trailing,33.778,3.5761389600,91.6778210400,0.052702,71.00,tb-ema_trend-LTCUSDT-1657821600-B,tb-ema_trend-LTCUSDT-1658077200-T
BTC/USDT,ema_trend,2022-07-16 03:00,20712.96,2022-07-17 17:59,20952.47,trailing,0.06299,2.6259553476,12.4607795524,0.009551,39.00,tb-ema_trend-BTCUSDT-1657936800-B,tb-ema_trend-BTCUSDT-1658077200-T
SOL/USDT,ema_trend,2022-07-17 18:00,38.48,2022-07-18 18:59,40.10,trailing,38.525,3.0287952200,59.3817047800,0.040057,25.00,tb-ema_trend-SOLUSDT-1658077200-B,tb-ema_trend-SOLUSDT-1658167200-T
BNB/USDT,ema_trend,2022-07-17 18:00,247.53,2022-07-18 19:59,254.88,trailing,7.985,4.0137240900,54.6760259100,0.027663,26.00,tb-ema_trend-BNBUSDT-1658077200-B,tb-ema_trend-BNBUSDT-1658170800-T
ADA/USDT,ema_trend,2022-07-18 19:00,0.4733,2022-07-20 16:59,0.5116,trailing,3163.1,3.116851750000,118.029878250000,0.078839,46.00,tb-ema_trend-ADAUSDT-1658167200-B,tb-ema_trend-ADAUSDT-1658332800-T
LINK/USDT,ema_trend,2022-07-18 20:00,6.770,2022-07-20 16:59,7.143,trailing,240.96,3.35416898000,86.52391102000,0.053040,45.00,tb-ema_trend-LINKUSDT-1658170800-B,tb-ema_trend-LINKUSDT-1658332800-T
ETH/USDT,ema_trend,2022-07-17 14:00,1339.68,2022-07-20 20:59,1517.00,trailing,1.1838,3.3833454000,206.5280706000,0.130227,79.00,tb-ema_trend-ETHUSDT-1658062800-B,tb-ema_trend-ETHUSDT-1658347200-T
BTC/USDT,ema_trend,2022-07-20 17:00,23698.48,2022-07-20 20:59,22946.85,stop,0.08676,4.0490816980,-69.2605004980,-0.033686,4.00,tb-ema_trend-BTCUSDT-1658332800-B,tb-ema_trend-BTCUSDT-1658347200-X
XRP/USDT,ema_trend,2022-07-20 17:00,0.3689,2022-07-20 20:59,0.3574,stop,4180.4,3.037773900000,-51.112373900000,-0.033144,4.00,tb-ema_trend-XRPUSDT-1658332800-B,tb-ema_trend-XRPUSDT-1658347200-X
SOL/USDT,ema_trend,2022-07-20 21:00,42.22,2022-07-21 01:00,41.66,signal,34.374,2.8847688200,-22.1342088200,-0.015252,4.00,tb-ema_trend-SOLUSDT-1658347200-B,tb-ema_trend-SOLUSDT-1658361600-S
LINK/USDT,ema_trend,2022-07-20 21:00,6.920,2022-07-21 02:00,6.862,signal,279.59,3.85524698000,-20.07146698000,-0.010374,5.00,tb-ema_trend-LINKUSDT-1658347200-B,tb-ema_trend-LINKUSDT-1658365200-S
ADA/USDT,ema_trend,2022-07-20 21:00,0.4936,2022-07-21 04:00,0.4794,signal,4371.7,4.255835940000,-66.333975940000,-0.030740,7.00,tb-ema_trend-ADAUSDT-1658347200-B,tb-ema_trend-ADAUSDT-1658372400-S
XRP/USDT,ema_trend,2022-07-21 02:00,0.3620,2022-07-21 04:00,0.3556,signal,3992.9,2.866753040000,-28.421313040000,-0.019663,2.00,tb-ema_trend-XRPUSDT-1658365200-B,tb-ema_trend-XRPUSDT-1658372400-S
ETH/USDT,ema_trend,2022-07-21 05:00,1485.97,2022-07-21 07:00,1474.45,signal,1.3790,4.0844995380,-19.9705795380,-0.009746,2.00,tb-ema_trend-ETHUSDT-1658376000-B,tb-ema_trend-ETHUSDT-1658383200-S
BTC/USDT,ema_trend,2022-07-21 03:00,22703.41,2022-07-21 15:00,22544.03,signal,0.06882,3.1155180549,-14.0840496549,-0.009014,12.00,tb-ema_trend-BTCUSDT-1658368800-B,tb-ema_trend-BTCUSDT-1658412000-S
ETH/USDT,ema_trend,2022-07-21 20:00,1579.63,2022-07-22 16:59,1563.25,trailing,1.5391,4.8397340210,-30.0501920210,-0.012360,21.00,tb-ema_trend-ETHUSDT-1658430000-B,tb-ema_trend-ETHUSDT-1658505600-T
BTC/USDT,ema_trend,2022-07-21 21:00,23132.22,2022-07-22 19:59,22865.39,trailing,0.07882,3.6273821980,-24.6589227980,-0.013524,23.00,tb-ema_trend-BTCUSDT-1658433600-B,tb-ema_trend-BTCUSDT-1658516400-T
BNB/USDT,ema_trend,2022-07-22 00:00,265.74,2022-07-22 19:59,262.62,trailing,5.146,2.7205350000,-18.7760550000,-0.013730,20.00,tb-ema_trend-BNBUSDT-1658444400-B,tb-ema_trend-BNBUSDT-1658516400-T
ETH/USDT,ema_trend,2022-07-22 19:00,1575.62,2022-07-22 19:59,1521.15,stop,1.0319,3.1972901500,-59.4048831500,-0.036537,1.00,tb-ema_trend-ETHUSDT-1658512800-B,tb-ema_trend-ETHUSDT-1658516400-X
BNB/USDT,ema_trend,2022-07-22 22:00,263.94,2022-07-23 11:59,259.97,trailing,9.084,4.7618378400,-40.8253178400,-0.017027,14.00,tb-ema_trend-BNBUSDT-1658523600-B,tb-ema_trend-BNBUSDT-1658574000-T
ETH/USDT,ema_trend,2022-07-22 22:00,1539.28,2022-07-23 12:59,1515.03,trailing,1.1684,3.5705029380,-31.9042029380,-0.017739,15.00,tb-ema_trend-ETHUSDT-1658523600-B,tb-ema_trend-ETHUSDT-1658577600-T
ADA/USDT,ema_trend,2022-07-24 00:00,0.5174,2022-07-25 00:59,0.5075,trailing,4600.7,4.717689210000,-50.264619210000,-0.021116,25.00,tb-ema_trend-ADAUSDT-1658617200-B,tb-ema_trend-ADAUSDT-1658707200-T
ETH/USDT,ema_trend,2022-07-24 07:00,1610.95,2022-07-25 00:59,1562.21,stop,1.1077,3.5168424750,-57.5061404750,-0.032226,18.00,tb-ema_trend-ETHUSDT-1658642400-B,tb-ema_trend-ETHUSDT-1658707200-X
LTC/USDT,ema_trend,2022-07-24 08:00,57.90,2022-07-25 00:59,57.51,trailing,23.121,2.6697842100,-11.6869742100,-0.008730,17.00,tb-ema_trend-LTCUSDT-1658646000-B,tb-ema_trend-LTCUSDT-1658707200-T
LINK/USDT,ema_trend,2022-07-25 01:00,6.893,2022-07-25 05:00,6.752,signal,340.63,4.65030890000,-52.67913890000,-0.022436,4.00,tb-ema_trend-LINKUSDT-1658707200-B,tb-ema_trend-LINKUSDT-1658721600-S
ETH/USDT,ema_trend,2022-07-25 03:00,1520.80,2022-07-25 06:00,1527.23,signal,0.8693,2.6510212000,2.9385778000,0.002223,3.00,tb-ema_trend-ETHUSDT-1658714400-B,tb-ema_trend-ETHUSDT-1658725200-S
ADA/USDT,ema_trend,2022-07-25 03:00,0.4939,2022-07-25 08:00,0.4955,signal,3569.7,3.533639220000,2.177880780000,0.001235,5.00,tb-ema_trend-ADAUSDT-1658714400-B,tb-ema_trend-ADAUSDT-1658732400-S
LTC/USDT,ema_trend,2022-07-25 06:00,56.51,2022-07-25 08:00,56.06,signal,27.702,3.1199964200,-15.5858964200,-0.009956,2.00,tb-ema_trend-LTCUSDT-1658725200-B,tb-ema_trend-LTCUSDT-1658732400-S
BNB/USDT,ema_trend,2022-07-27 13:00,256.73,2022-07-28 12:59,264.01,trailing,9.090,4.7360939000,61.4391061000,0.026327,24.00,tb-ema_trend-BNBUSDT-1658923200-B,tb-ema_trend-BNBUSDT-1659009600-T
ETH/USDT,ema_trend,2022-07-27 18:00,1500.40,2022-07-29 11:59,1668.89,trailing,1.1667,3.6994111200,192.8778718800,0.110183,42.00,tb-ema_trend-ETHUSDT-1658941200-B,tb-ema_trend-ETHUSDT-1659092400-T
LTC/USDT,ema_trend,2022-07-28 13:00,59.21,2022-07-29 11:59,60.92,trailing,26.739,3.2137547400,42.5099352600,0.026850,23.00,tb-ema_trend-LTCUSDT-1659009600-B,tb-ema_trend-LTCUSDT-1659092400-T
BNB/USDT,ema_trend,2022-07-29 12:00,284.75,2022-07-30 10:59,285.61,trailing,5.478,3.1261405800,1.5849394200,0.001016,23.00,tb-ema_trend-BNBUSDT-1659092400-B,tb-ema_trend-BNBUSDT-1659175200-T
BTC/USDT,ema_trend,2022-07-27 19:00,22565.73,2022-07-30 19:59,23900.49,trailing,0.05818,2.7047586252,74.9515781748,0.057090,73.00,tb-ema_trend-BTCUSDT-1658944800-B,tb-ema_trend-BTCUSDT-1659207600-T
LINK/USDT,ema_trend,2022-07-29 12:00,7.497,2022-07-30 22:59,7.728,trailing,277.40,4.22551416000,59.85388584000,0.028781,35.00,tb-ema_trend-LINKUSDT-1659092400-B,tb-ema_trend-LINKUSDT-1659218400-T
BNB/USDT,ema_trend,2022-07-30 13:00,292.75,2022-07-30 22:59,287.03,trailing,5.329,3.0914041200,-33.5732841200,-0.021520,10.00,tb-ema_trend-BNBUSDT-1659182400-B,tb-ema_trend-BNBUSDT-1659218400-T
BTC/USDT,ema_trend,2022-07-30 23:00,23711.43,2022-07-31 22:00,23579.26,signal,0.06497,3.0741359272,-11.6612208272,-0.007570,23.00,tb-ema_trend-BTCUSDT-1659218400-B,tb-ema_trend-BTCUSDT-1659301200-S
SOL/USDT,ema_trend,2022-07-30 23:00,44.18,2022-07-31 22:59,42.45,trailing,46.500,4.0303714600,-84.4753714600,-0.041120,24.00,tb-ema_trend-SOLUSDT-1659218400-B,tb-ema_trend-SOLUSDT-1659304800-T
XRP/USDT,ema_trend,2022-07-30 20:00,0.3931,2022-07-31 23:59,0.3795,stop,3858.7,2.982764710000,-55.461084710000,-0.036563,28.00,tb-ema_trend-XRPUSDT-1659207600-B,tb-ema_trend-XRPUSDT-1659308400-X
SOL/USDT,ema_trend,2022-08-01 01:00,42.89,2022-08-01 06:00,42.71,signal,58.254,4.9890729100,-15.4747929100,-0.006194,5.00,tb-ema_trend-SOLUSDT-1659312000-B,tb-ema_trend-SOLUSDT-1659330000-S
XRP/USDT,ema_trend,2022-08-01 02:00,0.3853,2022-08-01 10:59,0.3740,stop,4862.1,3.693680500000,-58.635410500000,-0.031299,9.00,tb-ema_trend-XRPUSDT-1659315600-B,tb-ema_trend-XRPUSDT-1659348000-X
BTC/USDT,ema_trend,2022-08-03 14:00,23352.80,2022-08-03 22:59,22933.52,stop,0.07961,3.6867221620,-37.0656029620,-0.019937,9.00,tb-ema_trend-BTCUSDT-1659531600-B,tb-ema_trend-BTCUSDT-1659564000-X
ETH/USDT,ema_trend,2022-08-03 15:00,1655.13,2022-08-03 23:59,1609.06,stop,0.8424,2.7512432690,-41.5606112690,-0.029808,9.00,tb-ema_trend-ETHUSDT-1659535200-B,tb-ema_trend-ETHUSDT-1659567600-X
BTC/USDT,ema_trend,2022-08-04 02:00,23152.79,2022-08-04 05:00,23074.03,signal,0.05959,2.7560453735,-7.4493537735,-0.005399,3.00,tb-ema_trend-BTCUSDT-1659574800-B,tb-ema_trend-BTCUSDT-1659585600-S
LINK/USDT,ema_trend,2022-08-04 01:00,7.432,2022-08-04 10:00,7.386,signal,247.46,3.66872028000,-15.05188028000,-0.008184,9.00,tb-ema_trend-LINKUSDT-1659571200-B,tb-ema_trend-LINKUSDT-1659603600-S
LTC/USDT,ema_trend,2022-08-05 05:00,61.61,2022-08-06 16:59,61.06,trailing,29.776,3.6544702200,-20.0312702200,-0.010919,36.00,tb-ema_trend-LTCUSDT-1659672000-B,tb-ema_trend-LTCUSDT-1659801600-T
LINK/USDT,ema_trend,2022-08-05 05:00,7.695,2022-08-06 17:59,7.777,trailing,178.77,2.76731454000,11.89182546000,0.008645,37.00,tb-ema_trend-LINKUSDT-1659672000-B,tb-ema_trend-LINKUSDT-1659805200-T
BNB/USDT,ema_trend,2022-08-03 13:00,290.55,2022-08-07 00:59,313.18,trailing,8.531,5.1530355800,187.9034944200,0.075808,84.00,tb-ema_trend-BNBUSDT-1659528000-B,tb-ema_trend-BNBUSDT-1659830400-T
ADA/USDT,ema_trend,2022-08-06 17:00,0.5168,2022-08-07 00:59,0.5092,stop,2874.3,2.950530520000,-24.795210520000,-0.016692,8.00,tb-ema_trend-ADAUSDT-1659801600-B,tb-ema_trend-ADAUSDT-1659830400-X
ETH/USDT,ema_trend,2022-08-06 18:00,1708.62,2022-08-07 00:59,1674.31,stop,0.8547,2.8929280320,-32.2176850320,-0.022062,7.00,tb-ema_trend-ETHUSDT-1659805200-B,tb-ema_trend-ETHUSDT-1659830400-X
LTC/USDT,ema_trend,2022-08-07 02:00,60.30,2022-08-07 07:00,60.63,signal,30.911,3.7399365300,6.4606934700,0.003466,5.00,tb-ema_trend-LTCUSDT-1659834000-B,tb-ema_trend-LTCUSDT-1659852000-S
ADA/USDT,ema_trend,2022-08-07 03:00,0.5129,2022-08-08 01:59,0.5243,trailing,2724.1,2.826872640000,28.227867360000,0.020203,23.00,tb-ema_trend-ADAUSDT-1659837600-B,tb-ema_trend-ADAUSDT-1659920400-T
ETH/USDT,ema_trend,2022-08-07 08:00,1687.08,2022-08-08 16:59,1756.88,trailing,0.8984,3.0955720340,59.6127479660,0.039331,33.00,tb-ema_trend-ETHUSDT-1659855600-B,tb-ema_trend-ETHUSDT-1659974400-T
BNB/USDT,ema_trend,2022-08-08 02:00,326.47,2022-08-08 21:59,322.92,trailing,4.571,2.9699940400,-19.1970440400,-0.012864,20.00,tb-ema_trend-BNBUSDT-1659920400-B,tb-ema_trend-BNBUSDT-1659992400-T
SOL/USDT,ema_trend,2022-08-08 17:00,42.18,2022-08-09 01:59,41.65,trailing,35.888,3.0100095200,-22.0306495200,-0.014554,9.00,tb-ema_trend-SOLUSDT-1659974400-B,tb-ema_trend-SOLUSDT-1660006800-T
ETH/USDT,ema_trend,2022-08-08 22:00,1770.50,2022-08-09 09:59,1732.82,trailing,0.8492,2.9766127900,-34.9744687900,-0.023262,12.00,tb-ema_trend-ETHUSDT-1659992400-B,tb-ema_trend-ETHUSDT-1660035600-T
BNB/USDT,ema_trend,2022-08-09 02:00,324.17,2022-08-09 09:59,318.23,trailing,4.627,2.9740056500,-30.4583856500,-0.020306,8.00,tb-ema_trend-BNBUSDT-1660006800-B,tb-ema_trend-BNBUSDT-1660035600-T
LINK/USDT,ema_trend,2022-08-07 01:00,7.691,2022-08-09 11:59,8.372,trailing,322.92,5.18960199000,214.71891801000,0.086455,59.00,tb-ema_trend-LINKUSDT-1659830400-B,tb-ema_trend-LINKUSDT-1660042800-T
LTC/USDT,ema_trend,2022-08-09 10:00,61.10,2022-08-09 11:59,59.86,stop,22.841,2.7642526600,-31.0870926600,-0.022275,2.00,tb-ema_trend-LTCUSDT-1660035600-B,tb-ema_trend-LTCUSDT-1660042800-X
BNB/USDT,ema_trend,2022-08-09 12:00,317.76,2022-08-09 14:00,315.44,signal,4.866,3.0827400000,-14.3718600000,-0.009295,2.00,tb-ema_trend-BNBUSDT-1660042800-B,tb-ema_trend-BNBUSDT-1660050000-S
SOL/USDT,ema_trend,2022-08-09 10:00,41.64,2022-08-09 14:59,40.59,stop,44.682,3.6760746600,-50.5921746600,-0.027192,5.00,tb-ema_trend-SOLUSDT-1660035600-B,tb-ema_trend-SOLUSDT-1660053600-X
ETH/USDT,ema_trend,2022-08-09 12:00,1704.90,2022-08-09 16:00,1683.79,signal,1.2092,4.0998203200,-29.6260323200,-0.014371,4.00,tb-ema_trend-ETHUSDT-1660042800-B,tb-ema_trend-ETHUSDT-1660057200-S
LINK/USDT,ema_trend,2022-08-09 15:00,8.413,2022-08-10 00:59,8.370,trailing,237.15,3.98210757000,-14.17955757000,-0.007107,10.00,tb-ema_trend-LINKUSDT-1660053600-B,tb-ema_trend-LINKUSDT-1660089600-T
BNB/USDT,ema_trend,2022-08-10 15:00,336.07,2022-08-10 18:59,326.77,stop,4.183,2.7743400700,-41.6762400700,-0.029646,4.00,tb-ema_trend-BNBUSDT-1660140000-B,tb-ema_trend-BNBUSDT-1660154400-X
LINK/USDT,ema_trend,2022-08-10 03:00,8.455,2022-08-11 14:59,8.899,trailing,295.63,5.13289952000,126.12682048000,0.050460,36.00,tb-ema_trend-LINKUSDT-1660096800-B,tb-ema_trend-LINKUSDT-1660226400-T
BTC/USDT,ema_trend,2022-08-11 15:00,24576.85,2022-08-11 20:59,24045.30,stop,0.06930,3.3712353745,-40.2076503745,-0.023607,6.00,tb-ema_trend-BTCUSDT-1660226400-B,tb-ema_trend-BTCUSDT-1660248000-X
ADA/USDT,ema_trend,2022-08-10 19:00,0.5277,2022-08-11 23:59,0.5287,trailing,2644.4,2.794968950000,-0.150568950000,-0.000108,29.00,tb-ema_trend-ADAUSDT-1660154400-B,tb-ema_trend-ADAUSDT-1660258800-T
ETH/USDT,ema_trend,2022-08-10 15:00,1845.48,2022-08-12 11:59,1862.90,trailing,1.0158,3.7690024320,13.9262335680,0.007429,45.00,tb-ema_trend-ETHUSDT-1660140000-B,tb-ema_trend-ETHUSDT-1660302000-T
BTC/USDT,ema_trend,2022-08-12 00:00,23945.06,2022-08-12 14:00,23817.06,signal,0.06758,3.2294402190,-11.8796802190,-0.007341,14.00,tb-ema_trend-BTCUSDT-1660258800-B,tb-ema_trend-BTCUSDT-1660309200-S
SOL/USDT,ema_trend,2022-08-11 21:00,43.31,2022-08-14 13:59,46.04,trailing,39.109,3.4961215500,103.2714484500,0.060970,65.00,tb-ema_trend-SOLUSDT-1660248000-B,tb-ema_trend-SOLUSDT-1660482000-T
XRP/USDT,ema_trend,2022-08-13 01:00,0.3797,2022-08-14 13:59,0.3813,trailing,4388.1,3.341014780000,3.679945220000,0.002209,37.00,tb-ema_trend-XRPUSDT-1660348800-B,tb-ema_trend-XRPUSDT-1660482000-T
ETH/USDT,ema_trend,2022-08-12 14:00,1884.66,2022-08-14 16:59,1966.54,trailing,0.8946,3.4469797100,69.8028682900,0.041401,51.00,tb-ema_trend-ETHUSDT-1660309200-B,tb-ema_trend-ETHUSDT-1660492800-T
LTC/USDT,ema_trend,2022-08-14 14:00,64.22,2022-08-14 17:59,63.06,trailing,24.714,3.1472034200,-31.8154434200,-0.020046,4.00,tb-ema_trend-LTCUSDT-1660482000-B,tb-ema_trend-LTCUSDT-1660496400-T
SOL/USDT,ema_trend,2022-08-14 17:00,45.04,2022-08-15 00:00,44.83,signal,36.183,3.2534326900,-10.8518626900,-0.006659,7.00,tb-ema_trend-SOLUSDT-1660492800-B,tb-ema_trend-SOLUSDT-1660518000-S
ADA/USDT,ema_trend,2022-08-14 14:00,0.5755,2022-08-15 06:59,0.5617,stop,3676.7,4.183272590000,-54.921732590000,-0.025956,17.00,tb-ema_trend-ADAUSDT-1660482000-B,tb-ema_trend-ADAUSDT-1660543200-X
ETH/USDT,ema_trend,2022-08-14 19:00,1931.00,2022-08-15 06:59,1933.23,trailing,0.8341,3.2248921400,-1.3648491400,-0.000847,12.00,tb-ema_trend-ETHUSDT-1660500000-B,tb-ema_trend-ETHUSDT-1660543200-T
LTC/USDT,ema_trend,2022-08-15 01:00,63.83,2022-08-15 06:59,62.51,trailing,25.267,3.1938923600,-36.5463323600,-0.022660,6.00,tb-ema_trend-LTCUSDT-1660521600-B,tb-ema_trend-LTCUSDT-1660543200-T
BTC/USDT,ema_trend,2022-08-15 07:00,24147.30,2022-08-15 10:00,24158.60,signal,0.10440,5.0457921630,-3.8660721630,-0.001534,3.00,tb-ema_trend-BTCUSDT-1660543200-B,tb-ema_trend-BTCUSDT-1660554000-S
ADA/USDT,ema_trend,2022-08-15 09:00,0.5534,2022-08-15 13:00,0.5520,signal,3417.8,3.779973020000,-8.564893020000,-0.004528,4.00,tb-ema_trend-ADAUSDT-1660550400-B,tb-ema_trend-ADAUSDT-1660564800-S
LTC/USDT,ema_trend,2022-08-17 05:00,63.81,2022-08-17 07:59,62.28,stop,29.601,3.7343043900,-49.0238343900,-0.025954,3.00,tb-ema_trend-LTCUSDT-1660708800-B,tb-ema_trend-LTCUSDT-1660719600-X
ADA/USDT,ema_trend,2022-08-17 06:00,0.5774,2022-08-17 07:59,0.5615,stop,2452.6,2.794709640000,-41.791049640000,-0.029511,2.00,tb-ema_trend-ADAUSDT-1660712400-B,tb-ema_trend-ADAUSDT-1660719600-X
XRP/USDT,ema_trend,2022-08-17 03:00,0.3836,2022-08-17 10:59,0.3755,stop,6564.7,4.985795530000,-58.159865530000,-0.023096,8.00,tb-ema_trend-XRPUSDT-1660701600-B,tb-ema_trend-XRPUSDT-1660730400-X
LTC/USDT,ema_trend,2022-08-17 10:00,62.63,2022-08-17 12:59,60.94,stop,29.792,3.6832763400,-54.0317563400,-0.028958,3.00,tb-ema_trend-LTCUSDT-1660726800-B,tb-ema_trend-LTCUSDT-1660737600-X
BNB/USDT,ema_trend,2022-08-21 23:00,302.36,2022-08-22 03:59,295.37,stop,8.160,4.8801980400,-61.9185980400,-0.025096,5.00,tb-ema_trend-BNBUSDT-1661119200-B,tb-ema_trend-BNBUSDT-1661137200-X
BNB/USDT,ema_trend,2022-08-25 12:00,304.36,2022-08-25 15:59,299.03,stop,6.043,3.6484162900,-35.8576062900,-0.019496,4.00,tb-ema_trend-BNBUSDT-1661425200-B,tb-ema_trend-BNBUSDT-1661439600-X
ETH/USDT,ema_trend,2022-08-25 07:00,1703.45,2022-08-26 05:59,1665.58,stop,1.4393,4.8516000500,-59.3578910500,-0.024210,23.00,tb-ema_trend-ETHUSDT-1661407200-B,tb-ema_trend-ETHUSDT-1661490000-X
BNB/USDT,ema_trend,2022-08-25 18:00,301.76,2022-08-26 05:59,296.41,trailing,6.065,3.6300133700,-36.0777633700,-0.019713,12.00,tb-ema_trend-BNBUSDT-1661446800-B,tb-ema_trend-BNBUSDT-1661490000-T
ETH/USDT,ema_trend,2022-08-26 14:00,1691.32,2022-08-26 14:59,1649.65,stop,1.4301,4.7804581820,-64.3727251820,-0.026614,1.00,tb-ema_trend-ETHUSDT-1661518800-B,tb-ema_trend-ETHUSDT-1661522400-X
LTC/USDT,ema_trend,2022-08-29 14:00,55.66,2022-08-30 14:59,54.16,trailing,43.171,4.7434882600,-69.4999882600,-0.028923,25.00,tb-ema_trend-LTCUSDT-1661778000-B,tb-ema_trend-LTCUSDT-1661868000-T
ETH/USDT,ema_trend,2022-08-30 05:00,1583.24,2022-08-30 14:59,1541.74,stop,1.1382,3.5587521260,-50.7940521260,-0.028187,10.00,tb-ema_trend-ETHUSDT-1661832000-B,tb-ema_trend-ETHUSDT-1661868000-X
BNB/USDT,ema_trend,2022-08-30 05:00,289.25,2022-08-30 14:59,283.99,stop,4.672,2.6796235300,-27.2543435300,-0.020168,10.00,tb-ema_trend-BNBUSDT-1661832000-B,tb-ema_trend-BNBUSDT-1661868000-X
ADA/USDT,ema_trend,2022-08-31 02:00,0.4600,2022-08-31 15:59,0.4482,stop,5145.2,4.675262640000,-65.388622640000,-0.027628,14.00,tb-ema_trend-ADAUSDT-1661907600-B,tb-ema_trend-ADAUSDT-1661958000-X
BNB/USDT,ema_trend,2022-08-31 03:00,288.45,2022-08-31 15:59,282.15,stop,4.612,2.6330494500,-31.6886494500,-0.023820,13.00,tb-ema_trend-BNBUSDT-1661911200-B,tb-ema_trend-BNBUSDT-1661958000-X
ETH/USDT,ema_trend,2022-08-31 02:00,1583.90,2022-09-01 07:59,1534.19,trailing,1.1202,3.4947851000,-59.1799271000,-0.033354,30.00,tb-ema_trend-ETHUSDT-1661907600-B,tb-ema_trend-ETHUSDT-1662015600-T
LTC/USDT,ema_trend,2022-09-01 12:00,56.52,2022-09-01 14:59,54.90,stop,41.169,4.5894238200,-71.2832038200,-0.030635,3.00,tb-ema_trend-LTCUSDT-1662030000-B,tb-ema_trend-LTCUSDT-1662040800-X
ADA/USDT,ema_trend,2022-09-01 22:00,0.4573,2022-09-02 18:59,0.4515,trailing,3787.5,3.443817740000,-25.411317740000,-0.014671,21.00,tb-ema_trend-ADAUSDT-1662066000-B,tb-ema_trend-ADAUSDT-1662141600-T
LINK/USDT,ema_trend,2022-09-02 01:00,6.912,2022-09-02 19:59,6.888,trailing,187.94,2.59488528000,-7.10544528000,-0.005470,19.00,tb-ema_trend-LINKUSDT-1662076800-B,tb-ema_trend-LINKUSDT-1662145200-T
ETH/USDT,ema_trend,2022-09-02 19:00,1578.87,2022-09-03 08:00,1543.29,signal,0.8871,2.7710891200,-34.3341071200,-0.024514,13.00,tb-ema_trend-ETHUSDT-1662141600-B,tb-ema_trend-ETHUSDT-1662188400-S
LINK/USDT,ema_trend,2022-09-02 22:00,6.930,2022-09-03 19:59,6.757,trailing,198.24,2.71469688000,-37.01021688000,-0.026940,22.00,tb-ema_trend-LINKUSDT-1662152400-B,tb-ema_trend-LINKUSDT-1662231600-T
LTC/USDT,ema_trend,2022-09-01 19:00,56.94,2022-09-04 00:59,59.37,trailing,40.553,4.7190539700,93.8247360300,0.040633,54.00,tb-ema_trend-LTCUSDT-1662055200-B,tb-ema_trend-LTCUSDT-1662249600-T
ADA/USDT,ema_trend,2022-09-03 11:00,0.4697,2022-09-05 05:59,0.4895,trailing,2921.1,2.803328220000,55.034451780000,0.040111,43.00,tb-ema_trend-ADAUSDT-1662199200-B,tb-ema_trend-ADAUSDT-1662354000-T
ADA/USDT,ema_trend,2022-09-05 08:00,0.4888,2022-09-06 02:59,0.4891,trailing,2989.6,2.924996240000,-2.028116240000,-0.001388,19.00,tb-ema_trend-ADAUSDT-1662361200-B,tb-ema_trend-ADAUSDT-1662429600-T
LTC/USDT,ema_trend,2022-09-04 03:00,60.17,2022-09-06 09:59,59.48,trailing,24.477,2.9301773000,-19.8193073000,-0.013457,55.00,tb-ema_trend-LTCUSDT-1662256800-B,tb-ema_trend-LTCUSDT-1662454800-T
LINK/USDT,ema_trend,2022-09-04 01:00,6.909,2022-09-06 13:59,7.195,trailing,284.21,4.01050145000,77.27355855000,0.039353,61.00,tb-ema_trend-LINKUSDT-1662249600-B,tb-ema_trend-LINKUSDT-1662469200-T
ETH/USDT,ema_trend,2022-09-06 03:00,1644.83,2022-09-06 17:59,1609.20,trailing,0.8880,2.8910589870,-34.5304989870,-0.023641,15.00,tb-ema_trend-ETHUSDT-1662429600-B,tb-ema_trend-ETHUSDT-1662483600-T
SOL/USDT,ema_trend,2022-09-06 10:00,33.01,2022-09-06 17:59,32.36,trailing,44.195,2.8905126000,-31.6172626000,-0.021672,8.00,tb-ema_trend-SOLUSDT-1662454800-B,tb-ema_trend-SOLUSDT-1662483600-T
XRP/USDT,ema_trend,2022-09-06 14:00,0.3328,2022-09-06 17:59,0.3267,stop,4820.8,3.180948320000,-32.587828320000,-0.020312,4.00,tb-ema_trend-XRPUSDT-1662469200-B,tb-ema_trend-XRPUSDT-1662483600-X
XRP/USDT,ema_trend,2022-09-07 22:00,0.3352,2022-09-08 07:59,0.3288,trailing,6890.3,4.577472080000,-48.675392080000,-0.021075,10.00,tb-ema_trend-XRPUSDT-1662584400-B,tb-ema_trend-XRPUSDT-1662620400-T
LINK/USDT,ema_trend,2022-09-08 08:00,7.061,2022-09-09 18:59,7.676,trailing,218.03,3.21466153000,130.87378847000,0.085010,35.00,tb-ema_trend-LINKUSDT-1662620400-B,tb-ema_trend-LINKUSDT-1662746400-T
SOL/USDT,ema_trend,2022-09-07 23:00,32.74,2022-09-09 23:59,34.34,trailing,52.908,3.5508038600,81.1019961400,0.046820,49.00,tb-ema_trend-SOLUSDT-1662588000-B,tb-ema_trend-SOLUSDT-1662764400-T
ETH/USDT,ema_trend,2022-09-08 00:00,1630.82,2022-09-11 21:59,1739.89,trailing,0.7965,2.6860751760,84.1881798240,0.064813,94.00,tb-ema_trend-ETHUSDT-1662591600-B,tb-ema_trend-ETHUSDT-1662930000-T
BNB/USDT,ema_trend,2022-09-10 00:00,293.55,2022-09-11 21:59,291.79,trailing,5.560,3.2562517000,-13.0418517000,-0.007991,46.00,tb-ema_trend-BNBUSDT-1662764400-B,tb-ema_trend-BNBUSDT-1662930000-T
ETH/USDT,ema_trend,2022-09-12 00:00,1767.01,2022-09-12 01:59,1729.32,stop,1.1176,3.9096188180,-46.0319628180,-0.023310,2.00,tb-ema_trend-ETHUSDT-1662937200-B,tb-ema_trend-ETHUSDT-1662944400-X
LINK/USDT,ema_trend,2022-09-12 03:00,8.006,2022-09-12 15:59,7.755,trailing,245.23,3.86707153000,-65.41980153000,-0.033321,13.00,tb-ema_trend-LINKUSDT-1662948000-B,tb-ema_trend-LINKUSDT-1662994800-T
LINK/USDT,ema_trend,2022-09-12 18:00,7.804,2022-09-12 22:00,7.732,signal,202.26,3.14395020000,-17.70667020000,-0.011218,4.00,tb-ema_trend-LINKUSDT-1663002000-B,tb-ema_trend-LINKUSDT-1663016400-S
BTC/USDT,ema_trend,2022-09-09 19:00,21179.45,2022-09-13 12:59,21897.57,trailing,0.07422,3.1988707850,50.0999956150,0.031871,90.00,tb-ema_trend-BTCUSDT-1662746400-B,tb-ema_trend-BTCUSDT-1663070400-T
SOL/USDT,ema_trend,2022-09-12 10:00,37.45,2022-09-13 12:59,36.93,trailing,39.321,2.9261939800,-23.3731139800,-0.015872,27.00,tb-ema_trend-SOLUSDT-1662973200-B,tb-ema_trend-SOLUSDT-1663070400-T
LTC/USDT,ema_trend,2022-09-13 12:00,66.39,2022-09-13 12:59,64.39,stop,23.714,3.1029102800,-50.5309102800,-0.032096,1.00,tb-ema_trend-LTCUSDT-1663066800-B,tb-ema_trend-LTCUSDT-1663070400-X
SOL/USDT,ema_trend,2022-09-13 15:00,34.98,2022-09-13 19:00,34.22,signal,54.939,3.8037027000,-45.5573427000,-0.023706,4.00,tb-ema_trend-SOLUSDT-1663077600-B,tb-ema_trend-SOLUSDT-1663092000-S
LTC/USDT,ema_trend,2022-09-13 15:00,61.95,2022-09-13 19:59,59.19,stop,29.847,3.6175240800,-85.9952440800,-0.046509,5.00,tb-ema_trend-LTCUSDT-1663077600-B,tb-ema_trend-LTCUSDT-1663095600-X
ADA/USDT,ema_trend,2022-09-17 15:00,0.4809,2022-09-18 09:59,0.4784,trailing,2686.8,2.578745670000,-9.295745670000,-0.007194,19.00,tb-ema_trend-ADAUSDT-1663423200-B,tb-ema_trend-ADAUSDT-1663491600-T
LINK/USDT,ema_trend,2022-09-16 12:00,7.750,2022-09-18 16:59,7.792,trailing,296.43,4.60944006000,7.84061994000,0.003413,53.00,tb-ema_trend-LINKUSDT-1663326000-B,tb-ema_trend-LINKUSDT-1663516800-T
LINK/USDT,ema_trend,2022-09-18 19:00,7.827,2022-09-18 21:59,7.598,stop,238.42,3.67950698000,-58.27768698000,-0.031229,3.00,tb-ema_trend-LINKUSDT-1663524000-B,tb-ema_trend-LINKUSDT-1663534800-X
XRP/USDT,ema_trend,2022-09-16 21:00,0.3455,2022-09-18 22:59,0.3749,trailing,4984.3,3.592417220000,142.946002780000,0.083008,50.00,tb-ema_trend-XRPUSDT-1663358400-B,tb-ema_trend-XRPUSDT-1663538400-T
XRP/USDT,ema_trend,2022-09-19 01:00,0.3640,2022-09-19 02:59,0.3456,stop,5104.6,3.624116960000,-97.548756960000,-0.052500,2.00,tb-ema_trend-XRPUSDT-1663545600-B,tb-ema_trend-XRPUSDT-1663552800-X
XRP/USDT,ema_trend,2022-09-19 06:00,0.3539,2022-09-19 07:00,0.3457,signal,4958.8,3.470945980000,-44.133105980000,-0.025148,1.00,tb-ema_trend-XRPUSDT-1663563600-B,tb-ema_trend-XRPUSDT-1663567200-S
XRP/USDT,ema_trend,2022-09-19 20:00,0.3902,2022-09-20 03:59,0.3717,stop,4994.7,3.807412930000,-96.209362930000,-0.049365,8.00,tb-ema_trend-XRPUSDT-1663614000-B,tb-ema_trend-XRPUSDT-1663642800-X
XRP/USDT,ema_trend,2022-09-20 06:00,0.3792,2022-09-21 06:59,0.3913,trailing,5440.4,4.193913800000,61.634926200000,0.029876,25.00,tb-ema_trend-XRPUSDT-1663650000-B,tb-ema_trend-XRPUSDT-1663740000-T
XRP/USDT,ema_trend,2022-09-21 09:00,0.4009,2022-09-21 18:59,0.3805,stop,4515.4,3.530177700000,-95.644337700000,-0.052836,10.00,tb-ema_trend-XRPUSDT-1663747200-B,tb-ema_trend-XRPUSDT-1663783200-X
ADA/USDT,ema_trend,2022-09-22 21:00,0.4614,2022-09-23 08:59,0.4544,trailing,4086.3,3.744125280000,-32.348225280000,-0.017157,12.00,tb-ema_trend-ADAUSDT-1663876800-B,tb-ema_trend-ADAUSDT-1663920000-T
XRP/USDT,ema_trend,2022-09-21 21:00,0.4075,2022-09-23 10:59,0.4887,trailing,3577.5,3.207622500000,287.285377500000,0.197064,38.00,tb-ema_trend-XRPUSDT-1663790400-B,tb-ema_trend-XRPUSDT-1663927200-T
BNB/USDT,ema_trend,2022-09-23 00:00,275.54,2022-09-23 13:59,270.45,stop,5.132,2.8036739200,-28.9255539200,-0.020456,14.00,tb-ema_trend-BNBUSDT-1663887600-B,tb-ema_trend-BNBUSDT-1663938000-X
XRP/USDT,ema_trend,2022-09-23 13:00,0.4889,2022-09-24 14:59,0.4840,trailing,2612.2,2.542729410000,-15.342509410000,-0.012014,26.00,tb-ema_trend-XRPUSDT-1663934400-B,tb-ema_trend-XRPUSDT-1664028000-T
LTC/USDT,ema_trend,2022-09-23 23:00,54.81,2022-09-24 22:59,53.67,trailing,27.191,2.9512143600,-33.9489543600,-0.022779,24.00,tb-ema_trend-LTCUSDT-1663970400-B,tb-ema_trend-LTCUSDT-1664056800-T
SOL/USDT,ema_trend,2022-09-23 23:00,33.77,2022-09-25 13:59,33.45,trailing,58.836,3.9569483500,-22.7844683500,-0.011467,39.00,tb-ema_trend-SOLUSDT-1663970400-B,tb-ema_trend-SOLUSDT-1664110800-T
BNB/USDT,ema_trend,2022-09-25 01:00,275.14,2022-09-25 17:59,272.90,trailing,5.228,2.8668039600,-14.5775239600,-0.010134,17.00,tb-ema_trend-BNBUSDT-1664064000-B,tb-ema_trend-BNBUSDT-1664125200-T
LINK/USDT,ema_trend,2022-09-24 15:00,7.628,2022-09-25 21:59,7.683,trailing,187.84,2.87746756000,7.45373244000,0.005202,31.00,tb-ema_trend-LINKUSDT-1664028000-B,tb-ema_trend-LINKUSDT-1664139600-T
LINK/USDT,ema_trend,2022-09-26 00:00,7.870,2022-09-26 05:59,7.598,stop,290.52,4.49612436000,-83.51756436000,-0.036528,6.00,tb-ema_trend-LINKUSDT-1664146800-B,tb-ema_trend-LINKUSDT-1664168400-X
LINK/USDT,ema_trend,2022-09-26 08:00,7.627,2022-09-27 16:59,7.974,trailing,297.05,4.63656515000,98.43978485000,0.043450,33.00,tb-ema_trend-LINKUSDT-1664175600-B,tb-ema_trend-LINKUSDT-1664294400-T
SOL/USDT,ema_trend,2022-09-26 20:00,33.76,2022-09-27 16:59,33.63,trailing,50.326,3.3931909000,-9.9355709000,-0.005848,21.00,tb-ema_trend-SOLUSDT-1664218800-B,tb-ema_trend-SOLUSDT-1664294400-T
LTC/USDT,ema_trend,2022-09-27 03:00,54.99,2022-09-27 16:59,53.74,stop,23.166,2.5201589400,-31.4776589400,-0.024710,14.00,tb-ema_trend-LTCUSDT-1664244000-B,tb-ema_trend-LTCUSDT-1664294400-X
LINK/USDT,ema_trend,2022-09-27 19:00,7.797,2022-09-28 20:59,7.831,trailing,292.35,4.57118490000,5.36871510000,0.002355,26.00,tb-ema_trend-LINKUSDT-1664301600-B,tb-ema_trend-LINKUSDT-1664395200-T
BNB/USDT,ema_trend,2022-09-28 21:00,282.95,2022-09-29 13:59,277.76,stop,8.060,4.5218691500,-46.3532691500,-0.020325,17.00,tb-ema_trend-BNBUSDT-1664395200-B,tb-ema_trend-BNBUSDT-1664456400-X
BTC/USDT,ema_trend,2022-09-28 21:00,19579.40,2022-09-29 13:59,19092.52,stop,0.08737,3.3805277940,-45.9192333940,-0.026843,17.00,tb-ema_trend-BTCUSDT-1664395200-B,tb-ema_trend-BTCUSDT-1664456400-X
XRP/USDT,ema_trend,2022-09-29 22:00,0.4991,2022-09-30 00:59,0.4772,stop,4187.9,4.090742990000,-95.805752990000,-0.045836,3.00,tb-ema_trend-XRPUSDT-1664485200-B,tb-ema_trend-XRPUSDT-1664496000-X
BNB/USDT,ema_trend,2022-09-30 17:00,287.35,2022-09-30 20:59,282.06,stop,6.121,3.4873700600,-35.8674600600,-0.020392,4.00,tb-ema_trend-BNBUSDT-1664553600-B,tb-ema_trend-BNBUSDT-1664568000-X
XRP/USDT,ema_trend,2022-09-30 03:00,0.4806,2022-10-01 11:59,0.4717,trailing,3950.0,3.763507400000,-38.918507400000,-0.020501,33.00,tb-ema_trend-XRPUSDT-1664503200-B,tb-ema_trend-XRPUSDT-1664622000-T
BNB/USDT,ema_trend,2022-10-03 16:00,286.55,2022-10-05 08:59,291.72,trailing,7.729,4.4717412300,35.4871887700,0.016023,41.00,tb-ema_trend-BNBUSDT-1664809200-B,tb-ema_trend-BNBUSDT-1664956800-T
SOL/USDT,ema_trend,2022-10-03 21:00,33.25,2022-10-05 11:59,33.45,trailing,37.487,2.5016464000,4.9957536000,0.004008,39.00,tb-ema_trend-SOLUSDT-1664827200-B,tb-ema_trend-SOLUSDT-1664967600-T
BTC/USDT,ema_trend,2022-10-03 19:00,19622.81,2022-10-05 13:59,19910.63,trailing,0.08466,3.3486670875,21.0181741125,0.012652,43.00,tb-ema_trend-BTCUSDT-1664820000-B,tb-ema_trend-BTCUSDT-1664974800-T
BNB/USDT,ema_trend,2022-10-05 12:00,292.15,2022-10-06 14:59,292.16,trailing,4.915,2.8733444000,-2.8241944000,-0.001967,27.00,tb-ema_trend-BNBUSDT-1664967600-B,tb-ema_trend-BNBUSDT-1665064800-T
SOL/USDT,ema_trend,2022-10-05 14:00,33.47,2022-10-06 14:59,33.66,trailing,44.733,3.0044324400,5.4948375600,0.003670,25.00,tb-ema_trend-SOLUSDT-1664974800-B,tb-ema_trend-SOLUSDT-1665064800-T
ETH/USDT,ema_trend,2022-10-06 15:00,1370.65,2022-10-06 22:59,1345.49,stop,1.3546,3.6812021500,-37.7629381500,-0.020339,8.00,tb-ema_trend-ETHUSDT-1665064800-B,tb-ema_trend-ETHUSDT-1665093600-X
XRP/USDT,ema_trend,2022-10-05 09:00,0.4804,2022-10-07 02:59,0.4838,trailing,3116.2,3.006177320000,7.588902680000,0.005069,42.00,tb-ema_trend-XRPUSDT-1664956800-B,tb-ema_trend-XRPUSDT-1665108000-T
LINK/USDT,ema_trend,2022-10-06 22:00,7.651,2022-10-07 04:00,7.680,signal,181.93,2.79062252000,2.48534748000,0.001786,6.00,tb-ema_trend-LINKUSDT-1665090000-B,tb-ema_trend-LINKUSDT-1665111600-S
XRP/USDT,ema_trend,2022-10-07 13:00,0.4889,2022-10-09 00:59,0.5088,trailing,4549.5,4.541285090000,85.993764910000,0.038662,36.00,tb-ema_trend-XRPUSDT-1665144000-B,tb-ema_trend-XRPUSDT-1665273600-T
XRP/USDT,ema_trend,2022-10-09 03:00,0.5106,2022-10-10 06:59,0.5225,trailing,4398.0,4.545871500000,47.790328500000,0.021282,28.00,tb-ema_trend-XRPUSDT-1665280800-B,tb-ema_trend-XRPUSDT-1665381600-T
SOL/USDT,ema_trend,2022-10-10 03:00,33.20,2022-10-10 06:59,32.77,stop,38.049,2.5113873300,-18.8724573300,-0.014940,4.00,tb-ema_trend-SOLUSDT-1665367200-B,tb-ema_trend-SOLUSDT-1665381600-X
LINK/USDT,ema_trend,2022-10-09 22:00,7.607,2022-10-10 08:59,7.525,trailing,221.35,3.35121781000,-21.50191781000,-0.012770,11.00,tb-ema_trend-LINKUSDT-1665349200-B,tb-ema_trend-LINKUSDT-1665388800-T
XRP/USDT,ema_trend,2022-10-10 09:00,0.5147,2022-10-10 22:59,0.5070,trailing,4366.6,4.463619900000,-38.086439900000,-0.016946,14.00,tb-ema_trend-XRPUSDT-1665388800-B,tb-ema_trend-XRPUSDT-1665439200-T
LINK/USDT,ema_trend,2022-10-10 22:00,7.687,2022-10-10 22:59,7.539,stop,219.26,3.34014390000,-35.79062390000,-0.021235,1.00,tb-ema_trend-LINKUSDT-1665435600-B,tb-ema_trend-LINKUSDT-1665439200-X
BTC/USDT,ema_trend,2022-10-13 23:00,19441.63,2022-10-14 14:59,19364.84,trailing,0.11464,4.4511067188,-13.2543123188,-0.005947,16.00,tb-ema_trend-BTCUSDT-1665698400-B,tb-ema_trend-BTCUSDT-1665756000-T
BNB/USDT,ema_trend,2022-10-14 02:00,276.14,2022-10-14 14:59,270.93,stop,6.054,3.3138947600,-34.8552347600,-0.020850,13.00,tb-ema_trend-BNBUSDT-1665709200-B,tb-ema_trend-BNBUSDT-1665756000-X
ETH/USDT,ema_trend,2022-10-14 03:00,1333.28,2022-10-14 16:59,1298.83,stop,0.9402,2.4760431060,-34.8659331060,-0.027814,14.00,tb-ema_trend-ETHUSDT-1665712800-B,tb-ema_trend-ETHUSDT-1665763200-X
BTC/USDT,ema_trend,2022-10-14 18:00,19372.52,2022-10-15 04:00,19191.38,signal,0.08941,3.4497418300,-19.6454692300,-0.011342,10.00,tb-ema_trend-BTCUSDT-1665766800-B,tb-ema_trend-BTCUSDT-1665802800-S
XRP/USDT,ema_trend,2022-10-14 15:00,0.4958,2022-10-15 08:59,0.4801,trailing,3839.3,3.748706490000,-64.025716490000,-0.033635,18.00,tb-ema_trend-XRPUSDT-1665756000-B,tb-ema_trend-XRPUSDT-1665820800-T
BNB/USDT,ema_trend,2022-10-16 20:00,273.64,2022-10-16 21:59,271.30,stop,7.992,4.3573496000,-23.0586296000,-0.010544,2.00,tb-ema_trend-BNBUSDT-1665946800-B,tb-ema_trend-BNBUSDT-1665954000-X
LINK/USDT,ema_trend,2022-10-16 21:00,7.183,2022-10-18 08:59,7.147,trailing,228.41,3.27476739000,-11.49752739000,-0.007008,36.00,tb-ema_trend-LINKUSDT-1665950400-B,tb-ema_trend-LINKUSDT-1666080000-T
ETH/USDT,ema_trend,2022-10-16 23:00,1308.98,2022-10-18 14:59,1312.11,trailing,1.3530,3.5481673420,0.6867226580,0.000388,40.00,tb-ema_trend-ETHUSDT-1665957600-B,tb-ema_trend-ETHUSDT-1666101600-T
BTC/USDT,ema_trend,2022-10-16 23:00,19311.01,2022-10-18 14:59,19353.89,trailing,0.06878,2.6607235885,0.2885628115,0.000217,40.00,tb-ema_trend-BTCUSDT-1665957600-B,tb-ema_trend-BTCUSDT-1666101600-T
BNB/USDT,ema_trend,2022-10-18 12:00,273.74,2022-10-18 14:59,271.28,stop,5.126,2.7954149600,-15.4053749600,-0.010979,3.00,tb-ema_trend-BNBUSDT-1666090800-B,tb-ema_trend-BNBUSDT-1666101600-X
BTC/USDT,ema_trend,2022-10-18 17:00,19422.36,2022-10-18 18:59,19182.39,stop,0.11197,4.3249045424,-31.1943454424,-0.014344,2.00,tb-ema_trend-BTCUSDT-1666108800-B,tb-ema_trend-BTCUSDT-1666116000-X
ETH/USDT,ema_trend,2022-10-18 17:00,1310.58,2022-10-18 18:59,1290.77,stop,1.2445,3.2390838340,-27.8926288340,-0.017101,2.00,tb-ema_trend-ETHUSDT-1666108800-B,tb-ema_trend-ETHUSDT-1666116000-X
BTC/USDT,ema_trend,2022-10-18 21:00,19374.43,2022-10-19 01:00,19223.42,signal,0.11147,4.3048272737,-21.1379119737,-0.009788,4.00,tb-ema_trend-BTCUSDT-1666123200-B,tb-ema_trend-BTCUSDT-1666137600-S
ETH/USDT,ema_trend,2022-10-18 21:00,1314.84,2022-10-19 01:00,1300.23,signal,1.2320,3.2234755320,-21.2229955320,-0.013102,4.00,tb-ema_trend-ETHUSDT-1666123200-B,tb-ema_trend-ETHUSDT-1666137600-S
BNB/USDT,ema_trend,2022-10-18 21:00,274.04,2022-10-19 04:00,272.46,signal,4.431,2.4229117000,-9.4238917000,-0.007761,7.00,tb-ema_trend-BNBUSDT-1666123200-B,tb-ema_trend-BNBUSDT-1666148400-S
LTC/USDT,ema_trend,2022-10-20 12:00,51.79,2022-10-20 18:59,51.07,stop,41.450,4.2657221800,-34.1097221800,-0.015889,7.00,tb-ema_trend-LTCUSDT-1666263600-B,tb-ema_trend-LTCUSDT-1666288800-X
XRP/USDT,ema_trend,2022-10-22 15:00,0.4670,2022-10-23 01:59,0.4580,stop,2576.0,2.384014200000,-25.568014200000,-0.021254,11.00,tb-ema_trend-XRPUSDT-1666447200-B,tb-ema_trend-XRPUSDT-1666486800-X
ETH/USDT,ema_trend,2022-10-21 23:00,1302.07,2022-10-23 11:59,1302.65,trailing,1.2317,3.2099263200,-2.4955403200,-0.001556,37.00,tb-ema_trend-ETHUSDT-1666389600-B,tb-ema_trend-ETHUSDT-1666522800-T
BTC/USDT,ema_trend,2022-10-23 20:00,19510.14,2022-10-24 01:59,19361.48,stop,0.08183,3.1826205788,-15.3474683788,-0.009613,6.00,tb-ema_trend-BTCUSDT-1666551600-B,tb-ema_trend-BTCUSDT-1666573200-X
ETH/USDT,ema_trend,2022-10-23 21:00,1330.76,2022-10-24 05:59,1339.41,trailing,0.8998,2.4039497280,5.3793202720,0.004492,9.00,tb-ema_trend-ETHUSDT-1666555200-B,tb-ema_trend-ETHUSDT-1666587600-T
LTC/USDT,ema_trend,2022-10-21 23:00,51.66,2022-10-24 06:59,53.08,trailing,41.397,4.3380915000,54.4456485000,0.025459,56.00,tb-ema_trend-LTCUSDT-1666389600-B,tb-ema_trend-LTCUSDT-1666591200-T
BNB/USDT,ema_trend,2022-10-24 02:00,275.24,2022-10-24 07:59,272.89,stop,4.699,2.5770390700,-13.6196890700,-0.010531,6.00,tb-ema_trend-BNBUSDT-1666573200-B,tb-ema_trend-BNBUSDT-1666594800-X
BTC/USDT,ema_trend,2022-10-24 06:00,19345.43,2022-10-24 14:59,19154.00,stop,0.06568,2.5299967425,-15.1031191425,-0.011887,9.00,tb-ema_trend-BTCUSDT-1666587600-B,tb-ema_trend-BTCUSDT-1666620000-X
ETH/USDT,ema_trend,2022-10-24 08:00,1337.46,2022-10-24 14:59,1325.79,trailing,1.3617,3.6284199660,-19.5194589660,-0.010718,7.00,tb-ema_trend-ETHUSDT-1666594800-B,tb-ema_trend-ETHUSDT-1666620000-T
ADA/USDT,ema_trend,2022-10-24 09:00,0.3606,2022-10-24 14:59,0.3551,trailing,3787.3,2.711940890000,-23.542090890000,-0.017238,6.00,tb-ema_trend-ADAUSDT-1666598400-B,tb-ema_trend-ADAUSDT-1666620000-T
LTC/USDT,ema_trend,2022-10-24 15:00,52.55,2022-10-26 18:59,55.72,trailing,30.322,3.2845919900,92.8361480100,0.058262,52.00,tb-ema_trend-LTCUSDT-1666620000-B,tb-ema_trend-LTCUSDT-1666807200-T
BNB/USDT,ema_trend,2022-10-24 15:00,272.74,2022-10-27 20:59,285.98,trailing,7.789,4.3540520000,98.7723080000,0.046495,78.00,tb-ema_trend-BNBUSDT-1666620000-B,tb-ema_trend-BNBUSDT-1666900800-T
ETH/USDT,ema_trend,2022-10-24 17:00,1335.78,2022-10-27 20:59,1515.83,trailing,0.8945,2.5519673520,158.5027576480,0.132654,76.00,tb-ema_trend-ETHUSDT-1666627200-B,tb-ema_trend-ETHUSDT-1666900800-T
BTC/USDT,ema_trend,2022-10-26 19:00,20707.18,2022-10-27 20:59,20358.90,trailing,0.06363,2.6144841760,-24.7755405760,-0.018804,26.00,tb-ema_trend-BTCUSDT-1666807200-B,tb-ema_trend-BTCUSDT-1666900800-T
ADA/USDT,ema_trend,2022-10-27 21:00,0.3930,2022-10-28 03:00,0.3833,signal,5612.3,4.359068590000,-58.798378590000,-0.026658,6.00,tb-ema_trend-ADAUSDT-1666900800-B,tb-ema_trend-ADAUSDT-1666922400-S
XRP/USDT,ema_trend,2022-10-27 21:00,0.4663,2022-10-28 06:00,0.4611,signal,2661.6,2.469626850000,-16.309946850000,-0.013141,9.00,tb-ema_trend-XRPUSDT-1666900800-B,tb-ema_trend-XRPUSDT-1666933200-S
BTC/USDT,ema_trend,2022-10-28 07:00,20270.16,2022-10-28 08:00,20069.96,signal,0.06939,2.8006198336,-16.6924978336,-0.011868,1.00,tb-ema_trend-BTCUSDT-1666936800-B,tb-ema_trend-BTCUSDT-1666940400-S
SOL/USDT,ema_trend,2022-10-27 21:00,31.01,2022-10-28 08:00,30.20,signal,53.335,3.2663098900,-46.4676598900,-0.028095,11.00,tb-ema_trend-SOLUSDT-1666900800-B,tb-ema_trend-SOLUSDT-1666940400-S
ETH/USDT,ema_trend,2022-10-28 04:00,1508.52,2022-10-30 12:59,1586.69,trailing,0.9725,3.0116002500,73.0087247500,0.049766,57.00,tb-ema_trend-ETHUSDT-1666926000-B,tb-ema_trend-ETHUSDT-1667131200-T
BTC/USDT,ema_trend,2022-10-28 17:00,20714.21,2022-10-30 13:59,20621.23,trailing,0.06532,2.7014809319,-8.7749345319,-0.006485,45.00,tb-ema_trend-BTCUSDT-1666972800-B,tb-ema_trend-BTCUSDT-1667134800-T
SOL/USDT,ema_trend,2022-10-30 14:00,32.34,2022-10-31 13:59,32.91,trailing,42.874,2.7989191200,21.6392608800,0.015607,24.00,tb-ema_trend-SOLUSDT-1667134800-B,tb-ema_trend-SOLUSDT-1667221200-T
ETH/USDT,ema_trend,2022-10-31 15:00,1558.00,2022-10-31 16:00,1568.64,signal,0.8930,2.7934917200,6.7080282800,0.004821,1.00,tb-ema_trend-ETHUSDT-1667224800-B,tb-ema_trend-ETHUSDT-1667228400-S
LINK/USDT,ema_trend,2022-10-30 13:00,7.598,2022-10-31 21:59,7.740,trailing,184.20,2.82670322000,23.32969678000,0.016669,33.00,tb-ema_trend-LINKUSDT-1667131200-B,tb-ema_trend-LINKUSDT-1667250000-T
BNB/USDT,ema_trend,2022-10-28 09:00,286.75,2022-11-01 11:59,322.92,trailing,6.294,3.8392702300,223.8147097700,0.124011,99.00,tb-ema_trend-BNBUSDT-1666944000-B,tb-ema_trend-BNBUSDT-1667300400-T
LINK/USDT,ema_trend,2022-11-01 00:00,7.858,2022-11-01 20:00,7.647,signal,222.45,3.45089459000,-50.38784459000,-0.028826,20.00,tb-ema_trend-LINKUSDT-1667257200-B,tb-ema_trend-LINKUSDT-1667329200-S
BNB/USDT,ema_trend,2022-11-01 14:00,319.66,2022-11-02 09:59,317.10,trailing,5.689,3.6244456000,-18.1882856000,-0.010002,20.00,tb-ema_trend-BNBUSDT-1667307600-B,tb-ema_trend-BNBUSDT-1667379600-T
BNB/USDT,ema_trend,2022-11-02 12:00,320.67,2022-11-02 21:00,317.44,signal,5.237,3.3437060900,-20.2592160900,-0.012064,9.00,tb-ema_trend-BNBUSDT-1667386800-B,tb-ema_trend-BNBUSDT-1667419200-S
LTC/USDT,ema_trend,2022-11-02 11:00,58.74,2022-11-03 12:59,60.09,trailing,38.111,4.5310209900,46.9188290100,0.020959,26.00,tb-ema_trend-LTCUSDT-1667383200-B,tb-ema_trend-LTCUSDT-1667476800-T
BNB/USDT,ema_trend,2022-11-03 05:00,325.67,2022-11-05 14:59,348.81,trailing,5.139,3.4681067400,115.4483532600,0.068981,58.00,tb-ema_trend-BNBUSDT-1667448000-B,tb-ema_trend-BNBUSDT-1667656800-T
LINK/USDT,ema_trend,2022-11-03 10:00,7.898,2022-11-06 01:59,8.556,trailing,158.95,2.61662698000,101.97247302000,0.081228,64.00,tb-ema_trend-LINKUSDT-1667466000-B,tb-ema_trend-LINKUSDT-1667696400-T
SOL/USDT,ema_trend,2022-11-05 15:00,34.53,2022-11-06 05:59,35.59,trailing,45.829,3.2151178600,45.3636221400,0.028666,15.00,tb-ema_trend-SOLUSDT-1667656800-B,tb-ema_trend-SOLUSDT-1667710800-T
XRP/USDT,ema_trend,2022-11-06 02:00,0.4881,2022-11-06 22:00,0.4820,signal,3125.8,3.033900500000,-22.101280500000,-0.014486,20.00,tb-ema_trend-XRPUSDT-1667696400-B,tb-ema_trend-XRPUSDT-1667768400-S
LTC/USDT,ema_trend,2022-11-03 15:00,61.40,2022-11-06 23:59,68.29,trailing,24.644,3.1976153600,166.5995446400,0.110102,81.00,tb-ema_trend-LTCUSDT-1667484000-B,tb-ema_trend-LTCUSDT-1667775600-T
BTC/USDT,ema_trend,2022-11-06 06:00,21165.44,2022-11-06 23:59,21026.97,trailing,0.07327,3.0931311140,-13.2388280140,-0.008537,18.00,tb-ema_trend-BTCUSDT-1667710800-B,tb-ema_trend-BTCUSDT-1667775600-T
ADA/USDT,ema_trend,2022-11-06 23:00,0.4126,2022-11-06 23:59,0.4033,stop,3730.5,3.045282830000,-37.738932830000,-0.024518,1.00,tb-ema_trend-ADAUSDT-1667772000-B,tb-ema_trend-ADAUSDT-1667775600-X
BTC/USDT,ema_trend,2022-11-07 02:00,20996.90,2022-11-07 04:00,20903.36,signal,0.11116,4.6601525320,-15.0580589320,-0.006452,2.00,tb-ema_trend-BTCUSDT-1667782800-B,tb-ema_trend-BTCUSDT-1667790000-S
LTC/USDT,ema_trend,2022-11-07 02:00,72.47,2022-11-07 07:59,69.92,stop,24.156,3.4413845900,-65.0391845900,-0.037153,6.00,tb-ema_trend-LTCUSDT-1667782800-B,tb-ema_trend-LTCUSDT-1667804400-X
LTC/USDT,ema_trend,2022-11-07 10:00,70.21,2022-11-07 22:59,67.59,stop,32.966,4.5450317300,-90.9159517300,-0.039280,13.00,tb-ema_trend-LTCUSDT-1667811600-B,tb-ema_trend-LTCUSDT-1667858400-X
LINK/USDT,ema_trend,2022-11-07 21:00,9.037,2022-11-07 22:59,8.695,stop,191.97,3.40581944000,-69.05955944000,-0.039808,2.00,tb-ema_trend-LINKUSDT-1667851200-B,tb-ema_trend-LINKUSDT-1667858400-X
LINK/USDT,ema_trend,2022-11-08 01:00,8.939,2022-11-08 03:59,8.553,stop,238.87,4.18045940000,-96.38427940000,-0.045139,3.00,tb-ema_trend-LINKUSDT-1667865600-B,tb-ema_trend-LINKUSDT-1667876400-X
LINK/USDT,ema_trend,2022-11-08 06:00,8.202,2022-11-08 18:59,8.150,trailing,171.32,2.80290100000,-11.71154100000,-0.008335,13.00,tb-ema_trend-LINKUSDT-1667883600-B,tb-ema_trend-LINKUSDT-1667930400-T
LTC/USDT,ema_trend,2022-11-11 01:00,62.71,2022-11-11 14:59,58.88,stop,23.704,2.8836744000,-93.6699944000,-0.063015,14.00,tb-ema_trend-LTCUSDT-1668124800-B,tb-ema_trend-LTCUSDT-1668175200-X
LTC/USDT,ema_trend,2022-11-11 18:00,61.32,2022-11-13 06:59,58.89,trailing,23.143,2.7834917100,-59.0209817100,-0.041590,37.00,tb-ema_trend-LTCUSDT-1668186000-B,tb-ema_trend-LTCUSDT-1668319200-T
LTC/USDT,ema_trend,2022-11-15 18:00,59.35,2022-11-15 19:59,57.61,stop,28.637,3.3511046700,-53.1794846700,-0.031289,2.00,tb-ema_trend-LTCUSDT-1668531600-B,tb-ema_trend-LTCUSDT-1668538800-X
LTC/USDT,ema_trend,2022-11-16 07:00,59.71,2022-11-16 08:59,58.16,stop,28.242,3.3306161300,-47.1057161300,-0.027934,2.00,tb-ema_trend-LTCUSDT-1668578400-B,tb-ema_trend-LTCUSDT-1668585600-X
XRP/USDT,ema_trend,2022-11-15 14:00,0.3891,2022-11-16 12:59,0.3730,trailing,5235.3,3.991884360000,-88.280214360000,-0.043337,23.00,tb-ema_trend-XRPUSDT-1668517200-B,tb-ema_trend-XRPUSDT-1668600000-T
XRP/USDT,ema_trend,2022-11-18 01:00,0.3870,2022-11-18 15:59,0.3763,stop,4189.4,3.199394420000,-48.025974420000,-0.029622,15.00,tb-ema_trend-XRPUSDT-1668729600-B,tb-ema_trend-XRPUSDT-1668783600-X
LTC/USDT,ema_trend,2022-11-17 19:00,60.75,2022-11-20 08:59,62.52,trailing,35.590,4.3893663000,58.6049337000,0.027106,62.00,tb-ema_trend-LTCUSDT-1668708000-B,tb-ema_trend-LTCUSDT-1668931200-T
XRP/USDT,ema_trend,2022-11-20 01:00,0.3898,2022-11-20 08:59,0.3835,stop,4129.5,3.194979510000,-29.210829510000,-0.018147,8.00,tb-ema_trend-XRPUSDT-1668902400-B,tb-ema_trend-XRPUSDT-1668931200-X
LTC/USDT,ema_trend,2022-11-20 11:00,62.24,2022-11-20 17:00,61.85,signal,34.657,4.3027655300,-17.8189955300,-0.008261,6.00,tb-ema_trend-LTCUSDT-1668938400-B,tb-ema_trend-LTCUSDT-1668960000-S
LTC/USDT,ema_trend,2022-11-22 16:00,70.38,2022-11-23 16:59,75.99,trailing,22.937,3.3589074300,125.3176625700,0.077629,25.00,tb-ema_trend-LTCUSDT-1669129200-B,tb-ema_trend-LTCUSDT-1669219200-T
XRP/USDT,ema_trend,2022-11-22 19:00,0.3740,2022-11-26 14:59,0.4045,trailing,3236.8,2.521083000000,96.201317000000,0.079468,92.00,tb-ema_trend-XRPUSDT-1669140000-B,tb-ema_trend-XRPUSDT-1669471200-T
ETH/USDT,ema_trend,2022-11-26 15:00,1214.88,2022-11-26 22:59,1195.81,stop,1.0980,2.6482739880,-23.5871339880,-0.017682,8.00,tb-ema_trend-ETHUSDT-1669471200-B,tb-ema_trend-ETHUSDT-1669500000-X
LINK/USDT,ema_trend,2022-11-22 14:00,6.375,2022-11-27 23:59,7.020,trailing,337.71,4.52579295000,213.29715705000,0.099074,130.00,tb-ema_trend-LINKUSDT-1669122000-B,tb-ema_trend-LINKUSDT-1669590000-T
BNB/USDT,ema_trend,2022-11-23 17:00,292.55,2022-11-27 23:59,309.32,trailing,4.590,2.7640460500,74.2102539500,0.055265,103.00,tb-ema_trend-BNBUSDT-1669219200-B,tb-ema_trend-BNBUSDT-1669590000-T
XRP/USDT,ema_trend,2022-11-26 23:00,0.3948,2022-11-27 23:59,0.3965,trailing,3363.2,2.662642480000,3.054797520000,0.002301,25.00,tb-ema_trend-XRPUSDT-1669500000-B,tb-ema_trend-XRPUSDT-1669590000-T
LINK/USDT,ema_trend,2022-11-28 22:00,7.228,2022-11-30 17:59,7.352,trailing,314.75,4.59136796000,34.43763204000,0.015137,44.00,tb-ema_trend-LINKUSDT-1669669200-B,tb-ema_trend-LINKUSDT-1669827600-T
LTC/USDT,ema_trend,2022-11-29 07:00,76.31,2022-11-30 17:59,76.40,trailing,22.354,3.4154344700,-1.4035744700,-0.000823,35.00,tb-ema_trend-LTCUSDT-1669701600-B,tb-ema_trend-LTCUSDT-1669827600-T
ETH/USDT,ema_trend,2022-11-29 10:00,1218.14,2022-12-01 13:59,1270.46,trailing,1.0502,2.6148676720,52.3315963280,0.040907,52.00,tb-ema_trend-ETHUSDT-1669712400-B,tb-ema_trend-ETHUSDT-1669899600-T
LTC/USDT,ema_trend,2022-11-30 20:00,78.16,2022-12-01 13:59,76.39,trailing,18.839,2.9130524900,-36.2580824900,-0.024624,18.00,tb-ema_trend-LTCUSDT-1669834800-B,tb-ema_trend-LTCUSDT-1669899600-T
BTC/USDT,ema_trend,2022-11-30 18:00,16798.06,2022-12-01 15:59,16912.10,trailing,0.11685,3.9410479682,9.3845260318,0.004781,22.00,tb-ema_trend-BTCUSDT-1669827600-B,tb-ema_trend-BTCUSDT-1669906800-T
XRP/USDT,ema_trend,2022-12-01 18:00,0.3969,2022-12-01 21:00,0.3966,signal,3244.4,2.575741170000,-3.549061170000,-0.002756,3.00,tb-ema_trend-XRPUSDT-1669914000-B,tb-ema_trend-XRPUSDT-1669924800-S
BTC/USDT,ema_trend,2022-12-01 18:00,16976.16,2022-12-02 13:59,16814.71,trailing,0.10112,3.4188001568,-19.7446241568,-0.011502,20.00,tb-ema_trend-BTCUSDT-1669914000-B,tb-ema_trend-BTCUSDT-1669986000-T
ETH/USDT,ema_trend,2022-12-01 16:00,1272.18,2022-12-03 08:59,1271.34,trailing,1.7993,4.5789726760,-6.0903846760,-0.002661,41.00,tb-ema_trend-ETHUSDT-1669906800-B,tb-ema_trend-ETHUSDT-1670054400-T
ETH/USDT,ema_trend,2022-12-03 15:00,1269.66,2022-12-03 17:00,1267.21,signal,1.5437,3.9181976780,-7.7002626780,-0.003929,2.00,tb-ema_trend-ETHUSDT-1670076000-B,tb-ema_trend-ETHUSDT-1670083200-S
ADA/USDT,ema_trend,2022-12-02 11:00,0.3173,2022-12-03 22:59,0.3184,trailing,4056.0,2.579700130000,1.881899870000,0.001462,36.00,tb-ema_trend-ADAUSDT-1669975200-B,tb-ema_trend-ADAUSDT-1670104800-T
BTC/USDT,ema_trend,2022-12-04 09:00,17020.61,2022-12-04 11:59,16897.06,stop,0.10046,3.4092413977,-15.8210743977,-0.009253,3.00,tb-ema_trend-BTCUSDT-1670140800-B,tb-ema_trend-BTCUSDT-1670151600-X
ADA/USDT,ema_trend,2022-12-04 01:00,0.3212,2022-12-05 15:59,0.3216,trailing,7100.1,4.566256920000,-1.726216920000,-0.000757,39.00,tb-ema_trend-ADAUSDT-1670112000-B,tb-ema_trend-ADAUSDT-1670252400-T
BTC/USDT,ema_trend,2022-12-04 17:00,17025.11,2022-12-05 15:59,17109.33,trailing,0.10020,3.4221436541,5.0167003459,0.002941,23.00,tb-ema_trend-BTCUSDT-1670169600-B,tb-ema_trend-BTCUSDT-1670252400-T
ETH/USDT,ema_trend,2022-12-05 00:00,1280.04,2022-12-05 15:59,1276.59,trailing,0.9996,2.5570153880,-6.0056353880,-0.004694,16.00,tb-ema_trend-ETHUSDT-1670194800-B,tb-ema_trend-ETHUSDT-1670252400-T
LINK/USDT,ema_trend,2022-12-05 16:00,7.355,2022-12-05 19:00,7.285,signal,174.01,2.54883030000,-14.72953030000,-0.011509,3.00,tb-ema_trend-LINKUSDT-1670252400-B,tb-ema_trend-LINKUSDT-1670263200-S
LTC/USDT,ema_trend,2022-12-05 16:00,81.82,2022-12-05 20:59,79.50,stop,27.818,4.4898907200,-69.0276507200,-0.030328,5.00,tb-ema_trend-LTCUSDT-1670252400-B,tb-ema_trend-LTCUSDT-1670270400-X
ADA/USDT,ema_trend,2022-12-05 22:00,0.3198,2022-12-05 23:00,0.3193,signal,4718.0,3.016808840000,-5.375808840000,-0.003563,1.00,tb-ema_trend-ADAUSDT-1670274000-B,tb-ema_trend-ADAUSDT-1670277600-S
BTC/USDT,ema_trend,2022-12-05 20:00,16935.12,2022-12-06 00:00,16957.86,signal,0.07532,2.5541740680,-0.8413972680,-0.000660,4.00,tb-ema_trend-BTCUSDT-1670266800-B,tb-ema_trend-BTCUSDT-1670281200-S
LTC/USDT,ema_trend,2022-12-06 00:00,80.24,2022-12-06 15:59,78.63,trailing,18.787,2.9862152500,-33.2332852500,-0.022046,16.00,tb-ema_trend-LTCUSDT-1670281200-B,tb-ema_trend-LTCUSDT-1670338800-T
LTC/USDT,ema_trend,2022-12-06 18:00,79.02,2022-12-06 20:00,77.84,signal,23.002,3.6099902000,-30.7523502000,-0.016919,2.00,tb-ema_trend-LTCUSDT-1670346000-B,tb-ema_trend-LTCUSDT-1670353200-S
SOL/USDT,ema_trend,2022-12-05 16:00,13.77,2022-12-07 06:59,13.92,trailing,124.059,3.4369149600,15.1719350400,0.008881,39.00,tb-ema_trend-SOLUSDT-1670252400-B,tb-ema_trend-SOLUSDT-1670392800-T
ETH/USDT,ema_trend,2022-12-08 19:00,1287.95,2022-12-09 13:59,1267.44,stop,1.7398,4.4481858300,-40.1314838300,-0.017910,19.00,tb-ema_trend-ETHUSDT-1670522400-B,tb-ema_trend-ETHUSDT-1670590800-X
BNB/USDT,ema_trend,2022-12-08 20:00,290.25,2022-12-09 13:59,287.16,trailing,5.790,3.3449454000,-21.2360454000,-0.012636,18.00,tb-ema_trend-BNBUSDT-1670526000-B,tb-ema_trend-BNBUSDT-1670590800-T
BTC/USDT,ema_trend,2022-12-08 20:00,17259.95,2022-12-09 13:59,17088.25,stop,0.07302,2.5094863650,-15.0470203650,-0.011939,18.00,tb-ema_trend-BTCUSDT-1670526000-B,tb-ema_trend-BTCUSDT-1670590800-X
SOL/USDT,ema_trend,2022-12-09 14:00,13.81,2022-12-09 18:59,13.56,stop,160.911,4.4063712900,-44.6341212900,-0.020086,5.00,tb-ema_trend-SOLUSDT-1670590800-B,tb-ema_trend-SOLUSDT-1670608800-X
ETH/USDT,ema_trend,2022-12-09 16:00,1278.24,2022-12-09 21:59,1256.85,stop,0.9775,2.4793287200,-23.3880537200,-0.018718,6.00,tb-ema_trend-ETHUSDT-1670598000-B,tb-ema_trend-ETHUSDT-1670619600-X
XRP/USDT,ema_trend,2022-12-09 23:00,0.3896,2022-12-10 05:00,0.3870,signal,4590.9,3.567085100000,-15.503425100000,-0.008668,6.00,tb-ema_trend-XRPUSDT-1670623200-B,tb-ema_trend-XRPUSDT-1670644800-S
BTC/USDT,ema_trend,2022-12-09 16:00,17190.10,2022-12-11 20:59,17104.13,trailing,0.09692,3.3255157820,-11.6577281820,-0.006997,53.00,tb-ema_trend-BTCUSDT-1670598000-B,tb-ema_trend-BTCUSDT-1670788800-T
ETH/USDT,ema_trend,2022-12-10 00:00,1263.75,2022-12-11 20:59,1265.99,trailing,1.0611,2.6856972400,-0.3088332400,-0.000230,45.00,tb-ema_trend-ETHUSDT-1670626800-B,tb-ema_trend-ETHUSDT-1670788800-T
BNB/USDT,ema_trend,2022-12-11 04:00,290.85,2022-12-11 20:59,288.56,stop,4.983,2.8886542800,-14.2997242800,-0.009867,17.00,tb-ema_trend-BNBUSDT-1670727600-B,tb-ema_trend-BNBUSDT-1670788800-X
LTC/USDT,ema_trend,2022-12-11 21:00,77.53,2022-12-11 22:59,76.51,stop,28.305,4.3623505700,-33.2334505700,-0.015144,2.00,tb-ema_trend-LTCUSDT-1670788800-B,tb-ema_trend-LTCUSDT-1670796000-X
ETH/USDT,ema_trend,2022-12-13 03:00,1271.76,2022-12-13 07:59,1257.78,stop,1.2891,3.2624833040,-21.2841013040,-0.012983,5.00,tb-ema_trend-ETHUSDT-1670896800-B,tb-ema_trend-ETHUSDT-1670914800-X
XRP/USDT,ema_trend,2022-12-13 14:00,0.3954,2022-12-14 08:59,0.3880,stop,3098.8,2.428865200000,-25.359985200000,-0.020698,19.00,tb-ema_trend-XRPUSDT-1670936400-B,tb-ema_trend-XRPUSDT-1671004800-X
ETH/USDT,ema_trend,2022-12-13 10:00,1278.69,2022-12-14 18:59,1316.15,trailing,1.2779,3.3176083380,44.5525256620,0.027265,33.00,tb-ema_trend-ETHUSDT-1670922000-B,tb-ema_trend-ETHUSDT-1671040800-T
BTC/USDT,ema_trend,2022-12-13 02:00,17154.63,2022-12-14 19:59,17850.67,trailing,0.12742,4.4626054265,84.2268113735,0.038533,42.00,tb-ema_trend-BTCUSDT-1670893200-B,tb-ema_trend-BTCUSDT-1671044400-T
SOL/USDT,ema_trend,2022-12-14 09:00,13.95,2022-12-14 19:59,14.18,trailing,87.359,2.4586362700,17.6339337300,0.014470,11.00,tb-ema_trend-SOLUSDT-1671004800-B,tb-ema_trend-SOLUSDT-1671044400-T
ETH/USDT,ema_trend,2022-12-14 21:00,1309.16,2022-12-15 01:59,1282.79,stop,1.6887,4.3792515340,-48.9102705340,-0.022124,5.00,tb-ema_trend-ETHUSDT-1671048000-B,tb-ema_trend-ETHUSDT-1671066000-X
SOL/USDT,ema_trend,2022-12-14 22:00,14.33,2022-12-15 01:59,13.89,stop,86.801,2.4507709300,-40.6432109300,-0.032675,4.00,tb-ema_trend-SOLUSDT-1671051600-B,tb-ema_trend-SOLUSDT-1671066000-X
ETH/USDT,ema_trend,2022-12-15 04:00,1292.70,2022-12-15 08:00,1286.61,signal,1.3722,3.5411389600,-11.8978369600,-0.006707,4.00,tb-ema_trend-ETHUSDT-1671073200-B,tb-ema_trend-ETHUSDT-1671087600-S
BTC/USDT,ema_trend,2022-12-14 22:00,17840.53,2022-12-15 13:59,17517.94,trailing,0.09292,3.2872930806,-33.2623558806,-0.020065,16.00,tb-ema_trend-BTCUSDT-1671051600-B,tb-ema_trend-BTCUSDT-1671109200-T
SOL/USDT,ema_trend,2022-12-15 04:00,14.39,2022-12-15 13:59,13.91,stop,92.478,2.6184656700,-47.0079056700,-0.035324,10.00,tb-ema_trend-SOLUSDT-1671073200-B,tb-ema_trend-SOLUSDT-1671109200-X
BTC/USDT,ema_trend,2022-12-15 16:00,17437.15,2022-12-15 17:00,17390.84,signal,0.12417,4.3268583450,-10.0771710450,-0.004654,1.00,tb-ema_trend-BTCUSDT-1671116400-B,tb-ema_trend-BTCUSDT-1671120000-S
XRP/USDT,ema_trend,2022-12-23 23:00,0.3539,2022-12-25 02:59,0.3509,trailing,4582.6,3.231444420000,-16.979244420000,-0.010469,28.00,tb-ema_trend-XRPUSDT-1671832800-B,tb-ema_trend-XRPUSDT-1671933600-T
ETH/USDT,ema_trend,2022-12-23 02:00,1217.66,2022-12-25 05:59,1215.32,trailing,1.7761,4.3234075640,-8.4794815640,-0.003921,52.00,tb-ema_trend-ETHUSDT-1671757200-B,tb-ema_trend-ETHUSDT-1671944400-T
BTC/USDT,ema_trend,2022-12-26 03:00,16898.22,2022-12-26 08:59,16813.76,stop,0.09570,3.2279263060,-11.3107483060,-0.006994,6.00,tb-ema_trend-BTCUSDT-1672020000-B,tb-ema_trend-BTCUSDT-1672041600-X
ETH/USDT,ema_trend,2022-12-26 05:00,1220.91,2022-12-26 18:00,1214.25,signal,0.9934,2.4203088540,-9.0363528540,-0.007450,13.00,tb-ema_trend-ETHUSDT-1672027200-B,tb-ema_trend-ETHUSDT-1672074000-S
XRP/USDT,ema_trend,2022-12-26 13:00,0.3525,2022-12-27 02:59,0.3607,trailing,3719.8,2.654300860000,27.848059140000,0.021238,14.00,tb-ema_trend-XRPUSDT-1672056000-B,tb-ema_trend-XRPUSDT-1672106400-T
ETH/USDT,ema_trend,2022-12-27 03:00,1225.19,2022-12-27 08:59,1214.66,stop,1.0593,2.5858808160,-13.7403098160,-0.010587,6.00,tb-ema_trend-ETHUSDT-1672106400-B,tb-ema_trend-ETHUSDT-1672128000-X
ADA/USDT,ema_trend,2022-12-26 21:00,0.2631,2022-12-27 13:59,0.2610,trailing,4882.7,2.560312260000,-12.813982260000,-0.009975,17.00,tb-ema_trend-ADAUSDT-1672084800-B,tb-ema_trend-ADAUSDT-1672146000-T
LTC/USDT,ema_trend,2022-12-25 23:00,68.71,2022-12-27 14:59,69.30,trailing,31.391,4.3344706300,14.1862193700,0.006577,40.00,tb-ema_trend-LTCUSDT-1672005600-B,tb-ema_trend-LTCUSDT-1672149600-T
LTC/USDT,ema_trend,2022-12-27 17:00,70.13,2022-12-27 17:59,68.95,stop,26.122,3.6349412700,-34.4589012700,-0.018810,1.00,tb-ema_trend-LTCUSDT-1672156800-B,tb-ema_trend-LTCUSDT-1672160400-X
XRP/USDT,ema_trend,2022-12-27 09:00,0.3700,2022-12-28 01:59,0.3625,stop,3497.7,2.563397250000,-28.796147250000,-0.022251,17.00,tb-ema_trend-XRPUSDT-1672128000-B,tb-ema_trend-XRPUSDT-1672189200-X
LTC/USDT,ema_trend,2022-12-27 20:00,68.29,2022-12-28 04:00,68.41,signal,26.693,3.6507769300,-0.4476169300,-0.000246,8.00,tb-ema_trend-LTCUSDT-1672167600-B,tb-ema_trend-LTCUSDT-1672196400-S
BNB/USDT,ema_trend,2022-12-28 00:00,246.83,2022-12-28 05:59,244.07,stop,5.539,2.7205760800,-18.0082160800,-0.013172,6.00,tb-ema_trend-BNBUSDT-1672182000-B,tb-ema_trend-BNBUSDT-1672203600-X
XRP/USDT,ema_trend,2022-12-28 04:00,0.3598,2022-12-28 14:00,0.3587,signal,3728.5,2.680294490000,-6.781644490000,-0.005055,10.00,tb-ema_trend-XRPUSDT-1672196400-B,tb-ema_trend-XRPUSDT-1672232400-S
LTC/USDT,ema_trend,2022-12-30 22:00,67.84,2023-01-01 00:59,69.26,trailing,31.444,4.3131432800,40.3373367200,0.018910,27.00,tb-ema_trend-LTCUSDT-1672434000-B,tb-ema_trend-LTCUSDT-1672531200-T
BNB/USDT,ema_trend,2022-12-31 20:00,247.13,2023-01-01 02:59,245.29,stop,6.475,3.1901494100,-15.1041494100,-0.009439,7.00,tb-ema_trend-BNBUSDT-1672513200-B,tb-ema_trend-BNBUSDT-1672538400-X
BTC/USDT,ema_trend,2023-01-02 08:00,16729.64,2023-01-03 14:59,16634.73,trailing,0.07192,2.4009038600,-9.2268310600,-0.007669,31.00,tb-ema_trend-BTCUSDT-1672642800-B,tb-ema_trend-BTCUSDT-1672754400-T
LTC/USDT,ema_trend,2023-01-01 03:00,69.56,2023-01-03 15:59,73.94,trailing,30.748,4.4144943600,130.2617456400,0.060903,61.00,tb-ema_trend-LTCUSDT-1672538400-B,tb-ema_trend-LTCUSDT-1672758000-T
ADA/USDT,ema_trend,2023-01-02 08:00,0.2543,2023-01-03 16:59,0.2514,trailing,6311.5,3.193353070000,-21.496703070000,-0.013393,33.00,tb-ema_trend-ADAUSDT-1672642800-B,tb-ema_trend-ADAUSDT-1672761600-T
LTC/USDT,ema_trend,2023-01-03 18:00,75.61,2023-01-04 15:59,75.40,trailing,19.797,2.9910571700,-7.1484271700,-0.004776,22.00,tb-ema_trend-LTCUSDT-1672765200-B,tb-ema_trend-LTCUSDT-1672844400-T
SOL/USDT,ema_trend,2023-01-03 15:00,12.29,2023-01-04 19:59,13.19,trailing,97.832,2.4939637800,85.5548362200,0.071156,29.00,tb-ema_trend-SOLUSDT-1672754400-B,tb-ema_trend-SOLUSDT-1672858800-T
ETH/USDT,ema_trend,2023-01-03 16:00,1212.38,2023-01-05 09:59,1244.72,trailing,1.2104,2.9756499360,36.1686860640,0.024647,42.00,tb-ema_trend-ETHUSDT-1672758000-B,tb-ema_trend-ETHUSDT-1672909200-T
BNB/USDT,ema_trend,2023-01-04 16:00,257.23,2023-01-06 06:59,255.63,trailing,5.813,2.9827985600,-12.2835985600,-0.008215,39.00,tb-ema_trend-BNBUSDT-1672844400-B,tb-ema_trend-BNBUSDT-1672984800-T
BTC/USDT,ema_trend,2023-01-05 10:00,16815.63,2023-01-06 11:59,16746.95,trailing,0.08670,2.9113890977,-8.8659450977,-0.006081,26.00,tb-ema_trend-BTCUSDT-1672909200-B,tb-ema_trend-BTCUSDT-1673002800-T
ETH/USDT,ema_trend,2023-01-06 20:00,1273.76,2023-01-07 12:59,1261.27,trailing,1.4339,3.6368901540,-21.5463011540,-0.011797,17.00,tb-ema_trend-ETHUSDT-1673031600-B,tb-ema_trend-ETHUSDT-1673092800-T
ADA/USDT,ema_trend,2023-01-04 20:00,0.2663,2023-01-07 14:59,0.2722,trailing,5419.9,2.920080800000,29.057329200000,0.020132,67.00,tb-ema_trend-ADAUSDT-1672858800-B,tb-ema_trend-ADAUSDT-1673100000-T
BTC/USDT,ema_trend,2023-01-06 20:00,16948.89,2023-01-08 16:59,16915.39,trailing,0.08082,2.7384365099,-5.4459065099,-0.003976,45.00,tb-ema_trend-BTCUSDT-1673031600-B,tb-ema_trend-BTCUSDT-1673193600-T
ADA/USDT,ema_trend,2023-01-08 17:00,0.2872,2023-01-09 13:59,0.3216,trailing,5046.1,3.073530400000,170.512309600000,0.117656,21.00,tb-ema_trend-ADAUSDT-1673193600-B,tb-ema_trend-ADAUSDT-1673269200-T
BNB/USDT,ema_trend,2023-01-07 13:00,260.34,2023-01-09 20:59,274.61,trailing,5.679,3.0395430900,77.9997869100,0.052757,56.00,tb-ema_trend-BNBUSDT-1673092800-B,tb-ema_trend-BNBUSDT-1673294400-T
LINK/USDT,ema_trend,2023-01-07 15:00,5.798,2023-01-09 20:59,6.018,trailing,254.72,3.01127900000,53.02712100000,0.035905,54.00,tb-ema_trend-LINKUSDT-1673100000-B,tb-ema_trend-LINKUSDT-1673294400-T
SOL/USDT,ema_trend,2023-01-09 21:00,16.38,2023-01-11 12:59,15.92,trailing,86.507,2.7956011600,-42.5888211600,-0.030056,40.00,tb-ema_trend-SOLUSDT-1673294400-B,tb-ema_trend-SOLUSDT-1673438400-T
ETH/USDT,ema_trend,2023-01-09 14:00,1320.24,2023-01-11 15:59,1324.42,trailing,1.1297,2.9892566860,1.7328893140,0.001162,50.00,tb-ema_trend-ETHUSDT-1673269200-B,tb-ema_trend-ETHUSDT-1673449200-T
BTC/USDT,ema_trend,2023-01-09 21:00,17229.91,2023-01-11 15:59,17319.25,trailing,0.10970,3.7919381471,6.0086598529,0.003179,43.00,tb-ema_trend-BTCUSDT-1673294400-B,tb-ema_trend-BTCUSDT-1673449200-T
SOL/USDT,ema_trend,2023-01-11 17:00,15.35,2023-01-12 08:59,16.02,trailing,92.975,2.9180686500,59.3751813500,0.041604,16.00,tb-ema_trend-SOLUSDT-1673452800-B,tb-ema_trend-SOLUSDT-1673510400-T
XRP/USDT,ema_trend,2023-01-11 13:00,0.3640,2023-01-12 13:59,0.3650,trailing,3864.6,2.818713000000,1.045887000000,0.000743,25.00,tb-ema_trend-XRPUSDT-1673438400-B,tb-ema_trend-XRPUSDT-1673528400-T
ADA/USDT,ema_trend,2023-01-11 16:00,0.3092,2023-01-12 13:59,0.3177,trailing,6154.5,3.860173090000,48.453076910000,0.025462,22.00,tb-ema_trend-ADAUSDT-1673449200-B,tb-ema_trend-ADAUSDT-1673528400-T
BTC/USDT,ema_trend,2023-01-12 09:00,18160.60,2023-01-12 13:59,17963.18,trailing,0.07939,2.8693197420,-18.5424935420,-0.012861,5.00,tb-ema_trend-BTCUSDT-1673510400-B,tb-ema_trend-BTCUSDT-1673528400-T
ETH/USDT,ema_trend,2023-01-12 14:00,1405.85,2023-01-12 14:59,1381.53,stop,1.6195,4.5165518600,-43.9027918600,-0.019283,1.00,tb-ema_trend-ETHUSDT-1673528400-B,tb-ema_trend-ETHUSDT-1673532000-X
BNB/USDT,ema_trend,2023-01-12 14:00,285.85,2023-01-12 14:59,280.94,stop,5.974,3.3877185600,-32.7200585600,-0.019161,1.00,tb-ema_trend-BNBUSDT-1673528400-B,tb-ema_trend-BNBUSDT-1673532000-X
LTC/USDT,ema_trend,2023-01-12 14:00,85.43,2023-01-12 14:59,82.80,stop,14.994,2.5238075000,-41.9580275000,-0.032756,1.00,tb-ema_trend-LTCUSDT-1673528400-B,tb-ema_trend-LTCUSDT-1673532000-X
XRP/USDT,ema_trend,2023-01-12 16:00,0.3675,2023-01-13 13:59,0.3679,trailing,3439.9,2.530988710000,-1.155028710000,-0.000914,22.00,tb-ema_trend-XRPUSDT-1673535600-B,tb-ema_trend-XRPUSDT-1673614800-T
LINK/USDT,ema_trend,2023-01-12 15:00,6.191,2023-01-14 09:59,6.750,trailing,362.98,4.69961485000,198.20620515000,0.088201,43.00,tb-ema_trend-LINKUSDT-1673532000-B,tb-ema_trend-LINKUSDT-1673686800-T
ADA/USDT,ema_trend,2023-01-13 14:00,0.3272,2023-01-14 09:59,0.3486,trailing,3862.9,2.611823900000,80.054236100000,0.063337,20.00,tb-ema_trend-ADAUSDT-1673614800-B,tb-ema_trend-ADAUSDT-1673686800-T
BTC/USDT,ema_trend,2023-01-12 16:00,18096.33,2023-01-14 10:59,20284.09,trailing,0.09313,3.5761781459,200.1699106541,0.118773,43.00,tb-ema_trend-BTCUSDT-1673535600-B,tb-ema_trend-BTCUSDT-1673690400-T
BNB/USDT,ema_trend,2023-01-14 11:00,302.86,2023-01-15 03:59,295.83,trailing,5.532,3.3137702400,-42.2037302400,-0.025190,17.00,tb-ema_trend-BNBUSDT-1673690400-B,tb-ema_trend-BNBUSDT-1673751600-T
ETH/USDT,ema_trend,2023-01-14 10:00,1523.46,2023-01-16 08:59,1535.71,trailing,1.0542,3.2266528180,9.6872971820,0.006032,47.00,tb-ema_trend-ETHUSDT-1673686800-B,tb-ema_trend-ETHUSDT-1673856000-T
BTC/USDT,ema_trend,2023-01-15 04:00,20729.45,2023-01-16 08:59,20684.00,trailing,0.08031,3.3277798200,-6.9778693200,-0.004191,29.00,tb-ema_trend-BTCUSDT-1673751600-B,tb-ema_trend-BTCUSDT-1673856000-T
SOL/USDT,ema_trend,2023-01-14 10:00,22.61,2023-01-16 14:59,22.75,trailing,51.162,2.3218840400,4.8407959600,0.004185,53.00,tb-ema_trend-SOLUSDT-1673686800-B,tb-ema_trend-SOLUSDT-1673877600-T
BNB/USDT,ema_trend,2023-01-16 15:00,296.95,2023-01-16 18:00,299.05,signal,4.892,2.9171167500,7.3560832500,0.005064,3.00,tb-ema_trend-BNBUSDT-1673877600-B,tb-ema_trend-BNBUSDT-1673888400-S
XRP/USDT,ema_trend,2023-01-16 09:00,0.3838,2023-01-17 01:59,0.3797,trailing,5386.4,4.114588920000,-26.198828920000,-0.012673,17.00,tb-ema_trend-XRPUSDT-1673856000-B,tb-ema_trend-XRPUSDT-1673917200-T
ETH/USDT,ema_trend,2023-01-16 11:00,1547.76,2023-01-17 01:59,1545.77,trailing,1.0016,3.1001821820,-5.0933661820,-0.003286,15.00,tb-ema_trend-ETHUSDT-1673863200-B,tb-ema_trend-ETHUSDT-1673917200-T
ADA/USDT,ema_trend,2023-01-16 19:00,0.3525,2023-01-17 01:59,0.3430,stop,4128.1,2.872574050000,-42.089524050000,-0.028924,7.00,tb-ema_trend-ADAUSDT-1673892000-B,tb-ema_trend-ADAUSDT-1673917200-X
ADA/USDT,ema_trend,2023-01-17 04:00,0.3483,2023-01-17 23:59,0.3447,trailing,6722.0,4.660714440000,-28.859914440000,-0.012327,20.00,tb-ema_trend-ADAUSDT-1673924400-B,tb-ema_trend-ADAUSDT-1673996400-T
ETH/USDT,ema_trend,2023-01-17 04:00,1564.38,2023-01-18 15:59,1561.97,trailing,1.1223,3.5105798600,-6.2153228600,-0.003540,36.00,tb-ema_trend-ETHUSDT-1673924400-B,tb-ema_trend-ETHUSDT-1674054000-T
BNB/USDT,ema_trend,2023-01-17 10:00,301.16,2023-01-18 15:59,297.64,trailing,4.372,2.6194594000,-18.0088994000,-0.013678,30.00,tb-ema_trend-BNBUSDT-1673946000-B,tb-ema_trend-BNBUSDT-1674054000-T
BTC/USDT,ema_trend,2023-01-18 00:00,21142.86,2023-01-18 15:59,20983.66,trailing,0.07404,3.1207389732,-14.9079069732,-0.009523,16.00,tb-ema_trend-BTCUSDT-1673996400-B,tb-ema_trend-BTCUSDT-1674054000-T
BTC/USDT,ema_trend,2023-01-18 18:00,20898.30,2023-01-18 21:00,20720.98,signal,0.11119,4.6301555430,-24.3463663430,-0.010477,3.00,tb-ema_trend-BTCUSDT-1674061200-B,tb-ema_trend-BTCUSDT-1674072000-S
ETH/USDT,ema_trend,2023-01-20 17:00,1586.12,2023-01-21 10:59,1622.63,trailing,1.4613,4.6913255560,48.6607374440,0.020994,18.00,tb-ema_trend-ETHUSDT-1674230400-B,tb-ema_trend-ETHUSDT-1674295200-T
LTC/USDT,ema_trend,2023-01-20 19:00,87.31,2023-01-21 23:59,87.75,trailing,19.914,3.4878910400,5.2742689600,0.003033,29.00,tb-ema_trend-LTCUSDT-1674237600-B,tb-ema_trend-LTCUSDT-1674342000-T
LINK/USDT,ema_trend,2023-01-21 11:00,6.926,2023-01-22 02:59,6.797,trailing,226.61,3.11136201000,-32.34405201000,-0.020608,16.00,tb-ema_trend-LINKUSDT-1674295200-B,tb-ema_trend-LINKUSDT-1674352800-T
BTC/USDT,ema_trend,2023-01-20 19:00,21396.22,2023-01-22 11:59,22726.59,trailing,0.06093,2.6899005500,78.3695435500,0.060114,41.00,tb-ema_trend-BTCUSDT-1674237600-B,tb-ema_trend-BTCUSDT-1674385200-T
SOL/USDT,ema_trend,2023-01-22 00:00,24.58,2023-01-22 20:59,24.02,trailing,65.616,3.1905598800,-39.9355198800,-0.024761,21.00,tb-ema_trend-SOLUSDT-1674342000-B,tb-ema_trend-SOLUSDT-1674417600-T
LTC/USDT,ema_trend,2023-01-22 03:00,87.82,2023-01-22 20:59,87.02,trailing,18.152,3.1753642600,-17.6969642600,-0.011101,18.00,tb-ema_trend-LTCUSDT-1674352800-B,tb-ema_trend-LTCUSDT-1674417600-T
ETH/USDT,ema_trend,2023-01-22 12:00,1625.39,2023-01-22 20:59,1611.38,trailing,0.9480,3.0700833500,-16.3515633500,-0.010612,9.00,tb-ema_trend-ETHUSDT-1674385200-B,tb-ema_trend-ETHUSDT-1674417600-T
LINK/USDT,ema_trend,2023-01-22 21:00,6.887,2023-01-23 14:59,6.875,trailing,189.87,2.61436834000,-4.89280834000,-0.003742,18.00,tb-ema_trend-LINKUSDT-1674417600-B,tb-ema_trend-LINKUSDT-1674482400-T
ADA/USDT,ema_trend,2023-01-22 21:00,0.3750,2023-01-24 17:59,0.3711,trailing,6196.5,4.625571150000,-28.791921150000,-0.012391,45.00,tb-ema_trend-ADAUSDT-1674417600-B,tb-ema_trend-ADAUSDT-1674579600-T
XRP/USDT,ema_trend,2023-01-23 15:00,0.4160,2023-01-24 21:59,0.4147,trailing,3141.6,2.611058320000,-6.695138320000,-0.005123,31.00,tb-ema_trend-XRPUSDT-1674482400-B,tb-ema_trend-XRPUSDT-1674594000-T
LINK/USDT,ema_trend,2023-01-24 18:00,6.952,2023-01-24 22:00,6.833,signal,223.41,3.08130581000,-29.66709581000,-0.019101,4.00,tb-ema_trend-LINKUSDT-1674579600-B,tb-ema_trend-LINKUSDT-1674594000-S
BNB/USDT,ema_trend,2023-01-24 22:00,307.36,2023-01-24 22:59,300.68,stop,4.848,2.9493147200,-35.3339547200,-0.023713,1.00,tb-ema_trend-BNBUSDT-1674594000-B,tb-ema_trend-BNBUSDT-1674597600-X
BTC/USDT,ema_trend,2023-01-22 21:00,22470.69,2023-01-24 23:59,22646.36,trailing,0.07757,3.5015272285,10.1251946715,0.005809,51.00,tb-ema_trend-BTCUSDT-1674417600-B,tb-ema_trend-BTCUSDT-1674601200-T
XRP/USDT,ema_trend,2023-01-25 00:00,0.4082,2023-01-25 02:00,0.4009,signal,5638.2,4.564194360000,-45.723054360000,-0.019867,2.00,tb-ema_trend-XRPUSDT-1674601200-B,tb-ema_trend-XRPUSDT-1674608400-S
BTC/USDT,ema_trend,2023-01-25 22:00,23604.36,2023-01-25 22:59,23166.61,stop,0.09697,4.5377413952,-46.9863588952,-0.020528,1.00,tb-ema_trend-BTCUSDT-1674680400-B,tb-ema_trend-BTCUSDT-1674684000-X
BTC/USDT,ema_trend,2023-01-26 01:00,23252.05,2023-01-27 01:59,22708.02,trailing,0.09793,4.5031948615,-57.7800527615,-0.025375,25.00,tb-ema_trend-BTCUSDT-1674691200-B,tb-ema_trend-BTCUSDT-1674781200-T
SOL/USDT,ema_trend,2023-01-26 02:00,24.79,2023-01-27 01:59,23.65,stop,68.919,3.3401468700,-81.9078068700,-0.047941,24.00,tb-ema_trend-SOLUSDT-1674694800-B,tb-ema_trend-SOLUSDT-1674781200-X
ADA/USDT,ema_trend,2023-01-26 03:00,0.3768,2023-01-28 12:59,0.3827,trailing,3398.3,2.582327650000,17.467642350000,0.013641,58.00,tb-ema_trend-ADAUSDT-1674698400-B,tb-ema_trend-ADAUSDT-1674907200-T
LINK/USDT,ema_trend,2023-01-27 02:00,7.001,2023-01-28 13:59,7.200,trailing,274.61,3.90169689000,50.74569311000,0.026395,36.00,tb-ema_trend-LINKUSDT-1674781200-B,tb-ema_trend-LINKUSDT-1674910800-T
BTC/USDT,ema_trend,2023-01-27 04:00,22783.59,2023-01-28 13:59,22898.11,trailing,0.06326,2.8914191947,4.3531160053,0.003020,34.00,tb-ema_trend-BTCUSDT-1674788400-B,tb-ema_trend-BTCUSDT-1674910800-T
SOL/USDT,ema_trend,2023-01-28 13:00,24.26,2023-01-28 20:00,24.10,signal,57.961,2.8044253000,-12.0781853000,-0.008590,7.00,tb-ema_trend-SOLUSDT-1674907200-B,tb-ema_trend-SOLUSDT-1674932400-S
ADA/USDT,ema_trend,2023-01-28 15:00,0.3801,2023-01-30 07:59,0.3876,trailing,5020.8,3.856406670000,33.799593330000,0.017711,41.00,tb-ema_trend-ADAUSDT-1674914400-B,tb-ema_trend-ADAUSDT-1675062000-T
LINK/USDT,ema_trend,2023-01-28 16:00,7.249,2023-01-30 07:59,7.217,trailing,197.52,2.85877412000,-9.17941412000,-0.006411,40.00,tb-ema_trend-LINKUSDT-1674918000-B,tb-ema_trend-LINKUSDT-1675062000-T
LTC/USDT,ema_trend,2023-01-29 02:00,95.66,2023-01-30 07:59,94.02,trailing,14.867,2.8214074600,-27.2032874600,-0.019128,30.00,tb-ema_trend-LTCUSDT-1674954000-B,tb-ema_trend-LTCUSDT-1675062000-T
BTC/USDT,ema_trend,2023-01-30 08:00,23654.64,2023-01-30 09:59,23376.46,stop,0.09539,4.4886620936,-31.0242522936,-0.013749,2.00,tb-ema_trend-BTCUSDT-1675062000-B,tb-ema_trend-BTCUSDT-1675069200-X
ETH/USDT,ema_trend,2023-01-30 08:00,1628.26,2023-01-30 09:59,1604.26,stop,1.0394,3.3616723700,-28.3072723700,-0.016726,2.00,tb-ema_trend-ETHUSDT-1675062000-B,tb-ema_trend-ETHUSDT-1675069200-X
SOL/USDT,ema_trend,2023-01-30 08:00,25.39,2023-01-30 09:59,24.59,stop,49.993,2.4999450300,-42.4943450300,-0.033478,2.00,tb-ema_trend-SOLUSDT-1675062000-B,tb-ema_trend-SOLUSDT-1675069200-X
ADA/USDT,ema_trend,2023-01-30 11:00,0.3795,2023-01-30 13:00,0.3792,signal,3308.2,2.511221640000,-3.503681640000,-0.002791,2.00,tb-ema_trend-ADAUSDT-1675072800-B,tb-ema_trend-ADAUSDT-1675080000-S
BNB/USDT,ema_trend,2023-01-30 11:00,307.56,2023-01-30 16:00,308.74,signal,5.442,3.3557499600,3.0658100400,0.001832,5.00,tb-ema_trend-BNBUSDT-1675072800-B,tb-ema_trend-BNBUSDT-1675090800-S
BTC/USDT,ema_trend,2023-01-30 14:00,23069.25,2023-01-30 18:00,23098.36,signal,0.05435,2.5105937625,-0.9284652625,-0.000741,4.00,tb-ema_trend-BTCUSDT-1675083600-B,tb-ema_trend-BTCUSDT-1675098000-S
SOL/USDT,ema_trend,2023-01-30 17:00,24.36,2023-01-30 18:00,24.25,signal,55.841,2.7157951700,-8.8583051700,-0.006512,1.00,tb-ema_trend-SOLUSDT-1675094400-B,tb-ema_trend-SOLUSDT-1675098000-S
LTC/USDT,ema_trend,2023-01-30 10:00,91.64,2023-01-30 19:59,89.70,trailing,24.345,4.4170133000,-51.6463133000,-0.023150,10.00,tb-ema_trend-LTCUSDT-1675069200-B,tb-ema_trend-LTCUSDT-1675105200-T
ADA/USDT,ema_trend,2023-01-31 20:00,0.3939,2023-01-31 21:59,0.3838,stop,4219.8,3.283432230000,-45.903412230000,-0.027616,2.00,tb-ema_trend-ADAUSDT-1675191600-B,tb-ema_trend-ADAUSDT-1675198800-X
ADA/USDT,ema_trend,2023-02-01 01:00,0.3883,2023-02-01 08:59,0.3780,stop,6433.5,4.932515000000,-71.197565000000,-0.028500,8.00,tb-ema_trend-ADAUSDT-1675209600-B,tb-ema_trend-ADAUSDT-1675238400-X
ADA/USDT,ema_trend,2023-02-01 11:00,0.3809,2023-02-01 16:00,0.3751,signal,5280.9,3.994379170000,-34.623599170000,-0.017213,5.00,tb-ema_trend-ADAUSDT-1675245600-B,tb-ema_trend-ADAUSDT-1675263600-S
LTC/USDT,ema_trend,2023-02-01 08:00,96.17,2023-02-01 16:59,93.80,stop,19.475,3.7015891500,-49.8573391500,-0.026620,9.00,tb-ema_trend-LTCUSDT-1675234800-B,tb-ema_trend-LTCUSDT-1675267200-X
BTC/USDT,ema_trend,2023-02-01 22:00,23692.90,2023-02-02 13:59,23739.77,trailing,0.05836,2.7695921980,-0.0342589980,-0.000025,16.00,tb-ema_trend-BTCUSDT-1675285200-B,tb-ema_trend-BTCUSDT-1675342800-T
ETH/USDT,ema_trend,2023-02-01 21:00,1633.51,2023-02-02 14:59,1655.10,trailing,1.1287,3.7138143190,20.6548186810,0.011203,18.00,tb-ema_trend-ETHUSDT-1675281600-B,tb-ema_trend-ETHUSDT-1675346400-T
ADA/USDT,ema_trend,2023-02-01 21:00,0.3928,2023-02-02 21:59,0.3969,trailing,6259.1,4.945285910000,20.717024090000,0.008426,25.00,tb-ema_trend-ADAUSDT-1675281600-B,tb-ema_trend-ADAUSDT-1675371600-T
LTC/USDT,ema_trend,2023-02-02 15:00,98.84,2023-02-02 21:59,97.88,trailing,15.208,2.9932992000,-17.5929792000,-0.011704,7.00,tb-ema_trend-LTCUSDT-1675346400-B,tb-ema_trend-LTCUSDT-1675371600-T
BNB/USDT,ema_trend,2023-02-02 14:00,327.97,2023-02-02 22:59,321.65,trailing,4.216,2.7404377700,-29.3855577700,-0.021252,9.00,tb-ema_trend-BNBUSDT-1675342800-B,tb-ema_trend-BNBUSDT-1675375200-T
SOL/USDT,ema_trend,2023-02-02 23:00,24.59,2023-02-03 14:00,24.28,signal,62.220,3.0422405700,-22.3304405700,-0.014595,15.00,tb-ema_trend-SOLUSDT-1675375200-B,tb-ema_trend-SOLUSDT-1675429200-S
BTC/USDT,ema_trend,2023-02-02 22:00,23467.38,2023-02-03 20:00,23296.39,signal,0.06771,3.1680175864,-14.7457504864,-0.009280,22.00,tb-ema_trend-BTCUSDT-1675371600-B,tb-ema_trend-BTCUSDT-1675450800-S
XRP/USDT,ema_trend,2023-02-04 20:00,0.4168,2023-02-04 23:59,0.4113,stop,3688.8,3.056237440000,-23.344637440000,-0.015184,4.00,tb-ema_trend-XRPUSDT-1675537200-B,tb-ema_trend-XRPUSDT-1675551600-X
XRP/USDT,ema_trend,2023-02-05 02:00,0.4092,2023-02-05 11:00,0.4101,signal,3743.1,3.068276790000,0.300513210000,0.000196,9.00,tb-ema_trend-XRPUSDT-1675558800-B,tb-ema_trend-XRPUSDT-1675591200-S
ETH/USDT,ema_trend,2023-02-02 22:00,1638.00,2023-02-05 12:59,1657.39,trailing,1.2934,4.2643868300,20.8146391700,0.009825,63.00,tb-ema_trend-ETHUSDT-1675371600-B,tb-ema_trend-ETHUSDT-1675598400-T
BNB/USDT,ema_trend,2023-02-03 15:00,331.17,2023-02-05 12:59,328.21,trailing,4.601,3.0354632300,-16.6544232300,-0.010930,46.00,tb-ema_trend-BNBUSDT-1675432800-B,tb-ema_trend-BNBUSDT-1675598400-T
ETH/USDT,ema_trend,2023-02-05 15:00,1652.79,2023-02-05 17:00,1638.26,signal,1.1085,3.6501122730,-19.7566172730,-0.010783,2.00,tb-ema_trend-ETHUSDT-1675605600-B,tb-ema_trend-ETHUSDT-1675612800-S
BNB/USDT,ema_trend,2023-02-05 15:00,328.47,2023-02-05 20:00,326.73,signal,7.437,4.8753501600,-17.8157301600,-0.007293,5.00,tb-ema_trend-BNBUSDT-1675605600-B,tb-ema_trend-BNBUSDT-1675623600-S
LTC/USDT,ema_trend,2023-02-07 05:00,99.18,2023-02-08 15:59,99.10,trailing,24.536,4.8674775800,-6.8303575800,-0.002807,35.00,tb-ema_trend-LTCUSDT-1675742400-B,tb-ema_trend-LTCUSDT-1675868400-T
ETH/USDT,ema_trend,2023-02-07 22:00,1668.36,2023-02-08 15:59,1655.14,trailing,0.8203,2.7277685720,-13.5721345720,-0.009917,18.00,tb-ema_trend-ETHUSDT-1675803600-B,tb-ema_trend-ETHUSDT-1675868400-T
LINK/USDT,ema_trend,2023-02-07 21:00,7.162,2023-02-08 16:59,7.059,trailing,254.88,3.62651060000,-29.87915060000,-0.016368,20.00,tb-ema_trend-LINKUSDT-1675800000-B,tb-ema_trend-LINKUSDT-1675872000-T
ADA/USDT,ema_trend,2023-02-08 16:00,0.3925,2023-02-08 16:59,0.3855,stop,5024.3,3.910907150000,-39.081007150000,-0.019818,1.00,tb-ema_trend-ADAUSDT-1675868400-B,tb-ema_trend-ADAUSDT-1675872000-X
LTC/USDT,ema_trend,2023-02-08 18:00,99.25,2023-02-09 02:59,97.31,stop,24.293,4.7775133300,-51.9059333300,-0.021528,9.00,tb-ema_trend-LTCUSDT-1675875600-B,tb-ema_trend-LTCUSDT-1675908000-X
ETH/USDT,ema_trend,2023-02-08 18:00,1658.11,2023-02-09 02:59,1631.63,stop,1.0906,3.5896143670,-32.4687023670,-0.017955,9.00,tb-ema_trend-ETHUSDT-1675875600-B,tb-ema_trend-ETHUSDT-1675908000-X
ADA/USDT,ema_trend,2023-02-08 20:00,0.3938,2023-02-09 02:59,0.3862,stop,3444.1,2.687776300000,-28.862936300000,-0.021281,7.00,tb-ema_trend-ADAUSDT-1675882800-B,tb-ema_trend-ADAUSDT-1675908000-X
LINK/USDT,ema_trend,2023-02-09 08:00,7.451,2023-02-09 19:59,7.297,trailing,319.76,4.71827931000,-53.96131931000,-0.022649,12.00,tb-ema_trend-LINKUSDT-1675926000-B,tb-ema_trend-LINKUSDT-1675969200-T
SOL/USDT,ema_trend,2023-02-12 19:00,22.18,2023-02-12 21:59,21.61,stop,80.153,3.5116964500,-49.1989064500,-0.027674,3.00,tb-ema_trend-SOLUSDT-1676224800-B,tb-ema_trend-SOLUSDT-1676235600-X
BNB/USDT,ema_trend,2023-02-12 17:00,318.66,2023-02-12 22:59,314.42,stop,7.434,4.7088660000,-36.2290260000,-0.015293,6.00,tb-ema_trend-BNBUSDT-1676217600-B,tb-ema_trend-BNBUSDT-1676239200-X
ADA/USDT,ema_trend,2023-02-14 17:00,0.3801,2023-02-16 07:59,0.4051,trailing,4631.2,3.638204710000,112.141795290000,0.063705,39.00,tb-ema_trend-ADAUSDT-1676390400-B,tb-ema_trend-ADAUSDT-1676530800-T
SOL/USDT,ema_trend,2023-02-14 15:00,21.97,2023-02-16 21:59,23.01,trailing,106.916,4.8114544400,106.3811855600,0.045289,55.00,tb-ema_trend-SOLUSDT-1676383200-B,tb-ema_trend-SOLUSDT-1676581200-T
BTC/USDT,ema_trend,2023-02-16 08:00,24623.82,2023-02-16 21:59,24367.17,trailing,0.05923,2.9032137678,-18.1045932678,-0.012413,14.00,tb-ema_trend-BTCUSDT-1676530800-B,tb-ema_trend-BTCUSDT-1676581200-T
LTC/USDT,ema_trend,2023-02-14 18:00,95.03,2023-02-16 22:59,100.23,trailing,13.897,2.7148586400,69.5495413600,0.052664,53.00,tb-ema_trend-LTCUSDT-1676394000-B,tb-ema_trend-LTCUSDT-1676584800-T
ETH/USDT,ema_trend,2023-02-16 22:00,1683.94,2023-02-16 22:59,1645.23,stop,1.2279,4.0900769680,-51.6220859680,-0.024966,1.00,tb-ema_trend-ETHUSDT-1676581200-B,tb-ema_trend-ETHUSDT-1676584800-X
BNB/USDT,ema_trend,2023-02-16 22:00,313.26,2023-02-16 23:59,305.22,stop,4.952,3.0642792600,-42.8783592600,-0.027641,2.00,tb-ema_trend-BNBUSDT-1676581200-B,tb-ema_trend-BNBUSDT-1676588400-X
LTC/USDT,ema_trend,2023-02-17 01:00,100.16,2023-02-18 20:59,99.09,trailing,17.911,3.5705696300,-22.7353396300,-0.012673,44.00,tb-ema_trend-LTCUSDT-1676592000-B,tb-ema_trend-LTCUSDT-1676750400-T
ETH/USDT,ema_trend,2023-02-17 01:00,1654.05,2023-02-18 20:59,1679.36,trailing,0.8133,2.7125510000,17.8720720000,0.013285,44.00,tb-ema_trend-ETHUSDT-1676592000-B,tb-ema_trend-ETHUSDT-1676750400-T
BTC/USDT,ema_trend,2023-02-17 01:00,23725.23,2023-02-19 17:59,24542.36,trailing,0.10080,4.8679828493,77.4987211507,0.032406,65.00,tb-ema_trend-BTCUSDT-1676592000-B,tb-ema_trend-BTCUSDT-1676826000-T
ADA/USDT,ema_trend,2023-02-18 21:00,0.4028,2023-02-19 17:59,0.4006,trailing,3338.5,2.683520420000,-10.028220420000,-0.007457,21.00,tb-ema_trend-ADAUSDT-1676750400-B,tb-ema_trend-ADAUSDT-1676826000-T
LINK/USDT,ema_trend,2023-02-18 21:00,8.016,2023-02-20 01:59,7.814,trailing,223.62,3.54174828000,-48.71298828000,-0.027175,29.00,tb-ema_trend-LINKUSDT-1676750400-B,tb-ema_trend-LINKUSDT-1676854800-T
ETH/USDT,ema_trend,2023-02-19 18:00,1683.41,2023-02-20 01:59,1658.04,stop,0.8728,2.9179326270,-25.0608686270,-0.017057,8.00,tb-ema_trend-ETHUSDT-1676826000-B,tb-ema_trend-ETHUSDT-1676854800-X
BTC/USDT,ema_trend,2023-02-20 03:00,24356.21,2023-02-20 04:00,24405.65,signal,0.07797,3.8039107205,0.0509260795,0.000027,1.00,tb-ema_trend-BTCUSDT-1676858400-B,tb-ema_trend-BTCUSDT-1676862000-S
ADA/USDT,ema_trend,2023-02-20 07:00,0.4064,2023-02-21 05:00,0.4010,signal,3505.6,2.831884480000,-21.762124480000,-0.015275,22.00,tb-ema_trend-ADAUSDT-1676872800-B,tb-ema_trend-ADAUSDT-1676952000-S
SOL/USDT,ema_trend,2023-02-19 18:00,24.38,2023-02-21 08:59,25.17,trailing,80.351,3.9833668300,59.4939231700,0.030370,39.00,tb-ema_trend-SOLUSDT-1676826000-B,tb-ema_trend-SOLUSDT-1676966400-T
ETH/USDT,ema_trend,2023-02-20 06:00,1690.71,2023-02-21 08:59,1679.84,trailing,1.1231,3.7874935530,-15.9955905530,-0.008424,27.00,tb-ema_trend-ETHUSDT-1676869200-B,tb-ema_trend-ETHUSDT-1676966400-T
SOL/USDT,ema_trend,2023-02-21 11:00,25.22,2023-02-21 23:00,24.83,signal,93.516,4.6828464800,-41.1540864800,-0.017449,12.00,tb-ema_trend-SOLUSDT-1676973600-B,tb-ema_trend-SOLUSDT-1677016800-S
BNB/USDT,ema_trend,2023-02-23 08:00,312.96,2023-02-23 11:59,308.63,stop,5.711,3.5517782500,-28.2804082500,-0.015823,4.00,tb-ema_trend-BNBUSDT-1677135600-B,tb-ema_trend-BNBUSDT-1677150000-X
LINK/USDT,ema_trend,2023-02-23 07:00,7.944,2023-02-23 18:59,7.751,stop,300.08,4.71221824000,-62.62765824000,-0.026272,12.00,tb-ema_trend-LINKUSDT-1677132000-B,tb-ema_trend-LINKUSDT-1677175200-X
LINK/USDT,ema_trend,2023-02-23 21:00,7.890,2023-02-24 14:59,7.771,trailing,299.26,4.68907786000,-40.30101786000,-0.017068,18.00,tb-ema_trend-LINKUSDT-1677182400-B,tb-ema_trend-LINKUSDT-1677247200-T
ETH/USDT,ema_trend,2023-02-26 21:00,1642.58,2023-02-26 22:59,1621.55,stop,1.0735,3.5058503980,-26.0815553980,-0.014791,2.00,tb-ema_trend-ETHUSDT-1677441600-B,tb-ema_trend-ETHUSDT-1677448800-X
LTC/USDT,ema_trend,2023-02-26 21:00,95.48,2023-02-26 22:59,94.26,stop,13.853,2.6298049400,-19.5304649400,-0.014766,2.00,tb-ema_trend-LTCUSDT-1677441600-B,tb-ema_trend-LTCUSDT-1677448800-X
BNB/USDT,ema_trend,2023-02-26 19:00,307.96,2023-02-27 06:59,305.08,stop,7.634,4.6824110400,-26.6683310400,-0.011344,12.00,tb-ema_trend-BNBUSDT-1677434400-B,tb-ema_trend-BNBUSDT-1677477600-X
ETH/USDT,ema_trend,2023-02-27 01:00,1638.30,2023-02-27 16:59,1630.36,trailing,1.0693,3.4969802700,-11.9872222700,-0.006843,16.00,tb-ema_trend-ETHUSDT-1677456000-B,tb-ema_trend-ETHUSDT-1677513600-T
LTC/USDT,ema_trend,2023-02-28 12:00,95.08,2023-02-28 21:59,93.83,stop,24.509,4.6323721900,-35.2686221900,-0.015135,10.00,tb-ema_trend-LTCUSDT-1677582000-B,tb-ema_trend-LTCUSDT-1677618000-X
ETH/USDT,ema_trend,2023-03-01 05:00,1659.83,2023-03-01 19:59,1631.22,stop,1.3984,4.6045280840,-44.6127520840,-0.019220,15.00,tb-ema_trend-ETHUSDT-1677643200-B,tb-ema_trend-ETHUSDT-1677697200-X
BTC/USDT,ema_trend,2023-03-01 07:00,23764.63,2023-03-01 19:59,23400.01,stop,0.05493,2.5921795537,-22.6207561537,-0.017329,13.00,tb-ema_trend-BTCUSDT-1677650400-B,tb-ema_trend-BTCUSDT-1677697200-X
BTC/USDT,ema_trend,2023-03-02 00:00,23641.58,2023-03-02 11:00,23363.53,signal,0.05929,2.7883514630,-19.2739359630,-0.013750,11.00,tb-ema_trend-BTCUSDT-1677711600-B,tb-ema_trend-BTCUSDT-1677751200-S
LTC/USDT,ema_trend,2023-03-01 06:00,97.00,2023-03-02 12:59,95.80,trailing,17.948,3.4621204000,-24.9997204000,-0.014360,31.00,tb-ema_trend-LTCUSDT-1677646800-B,tb-ema_trend-LTCUSDT-1677758400-T
ETH/USDT,ema_trend,2023-03-01 22:00,1657.83,2023-03-02 12:59,1633.63,trailing,1.1274,3.7127813980,-30.9958613980,-0.016584,15.00,tb-ema_trend-ETHUSDT-1677704400-B,tb-ema_trend-ETHUSDT-1677758400-T
XRP/USDT,ema_trend,2023-03-04 17:00,0.3781,2023-03-04 18:59,0.3738,stop,6045.0,4.547541910000,-30.541041910000,-0.013362,2.00,tb-ema_trend-XRPUSDT-1677945600-B,tb-ema_trend-XRPUSDT-1677952800-X
XRP/USDT,ema_trend,2023-03-07 16:00,0.3789,2023-03-09 19:59,0.3826,trailing,6012.1,4.580525440000,17.664244560000,0.007754,52.00,tb-ema_trend-XRPUSDT-1678201200-B,tb-ema_trend-XRPUSDT-1678388400-T
ETH/USDT,ema_trend,2023-03-12 20:00,1513.34,2023-03-14 19:59,1695.27,trailing,1.5080,4.8410052240,269.5094347760,0.118096,48.00,tb-ema_trend-ETHUSDT-1678647600-B,tb-ema_trend-ETHUSDT-1678820400-T
BTC/USDT,ema_trend,2023-03-12 23:00,21714.83,2023-03-14 19:59,24698.42,trailing,0.07883,3.6604936853,231.5359060147,0.135260,45.00,tb-ema_trend-BTCUSDT-1678658400-B,tb-ema_trend-BTCUSDT-1678820400-T
ADA/USDT,ema_trend,2023-03-12 23:00,0.3240,2023-03-14 19:59,0.3486,trailing,3963.0,2.666809800000,94.822990200000,0.073849,45.00,tb-ema_trend-ADAUSDT-1678658400-B,tb-ema_trend-ADAUSDT-1678820400-T
LINK/USDT,ema_trend,2023-03-14 20:00,7.004,2023-03-14 21:59,6.763,stop,196.16,2.70193552000,-49.97649552000,-0.036376,2.00,tb-ema_trend-LINKUSDT-1678820400-B,tb-ema_trend-LINKUSDT-1678827600-X
LTC/USDT,ema_trend,2023-03-14 20:00,84.27,2023-03-15 11:59,81.01,trailing,28.463,4.7068084700,-97.4961884700,-0.040648,16.00,tb-ema_trend-LTCUSDT-1678820400-B,tb-ema_trend-LTCUSDT-1678878000-T
ETH/USDT,ema_trend,2023-03-15 12:00,1680.75,2023-03-15 14:59,1639.58,stop,0.9495,3.1543340850,-42.2452490850,-0.026472,3.00,tb-ema_trend-ETHUSDT-1678878000-B,tb-ema_trend-ETHUSDT-1678888800-X
ADA/USDT,ema_trend,2023-03-15 15:00,0.3316,2023-03-15 16:00,0.3268,signal,4780.2,3.148875360000,-26.093835360000,-0.016462,1.00,tb-ema_trend-ADAUSDT-1678888800-B,tb-ema_trend-ADAUSDT-1678892400-S
BNB/USDT,ema_trend,2023-03-14 20:00,311.26,2023-03-15 16:59,303.01,trailing,5.886,3.6174607800,-52.1769607800,-0.028480,21.00,tb-ema_trend-BNBUSDT-1678820400-B,tb-ema_trend-BNBUSDT-1678896000-T
ETH/USDT,ema_trend,2023-03-15 17:00,1616.82,2023-03-16 01:00,1639.35,signal,1.2517,4.0778498600,24.1229511400,0.011920,8.00,tb-ema_trend-ETHUSDT-1678896000-B,tb-ema_trend-ETHUSDT-1678924800-S
BNB/USDT,ema_trend,2023-03-16 02:00,304.06,2023-03-16 12:59,309.70,trailing,6.673,4.0977489000,33.5379711000,0.016529,11.00,tb-ema_trend-BNBUSDT-1678928400-B,tb-ema_trend-BNBUSDT-1678968000-T
ETH/USDT,ema_trend,2023-03-16 20:00,1680.48,2023-03-17 14:59,1704.06,trailing,0.9095,3.0799196100,18.3660903900,0.012017,19.00,tb-ema_trend-ETHUSDT-1678993200-B,tb-ema_trend-ETHUSDT-1679061600-T
BNB/USDT,ema_trend,2023-03-16 15:00,325.77,2023-03-18 14:59,336.62,trailing,6.258,4.1475170100,63.7517829900,0.031271,48.00,tb-ema_trend-BNBUSDT-1678975200-B,tb-ema_trend-BNBUSDT-1679148000-T
LINK/USDT,ema_trend,2023-03-17 15:00,7.014,2023-03-18 15:59,6.988,trailing,218.59,3.06224026000,-8.74558026000,-0.005704,25.00,tb-ema_trend-LINKUSDT-1679061600-B,tb-ema_trend-LINKUSDT-1679151600-T
ETH/USDT,ema_trend,2023-03-18 15:00,1815.13,2023-03-18 15:59,1776.68,stop,0.9229,3.3166965770,-38.8022015770,-0.023163,1.00,tb-ema_trend-ETHUSDT-1679148000-B,tb-ema_trend-ETHUSDT-1679151600-X
BTC/USDT,ema_trend,2023-03-14 22:00,24549.26,2023-03-18 16:59,26716.22,trailing,0.05543,2.8431185074,117.2714742926,0.086181,91.00,tb-ema_trend-BTCUSDT-1678827600-B,tb-ema_trend-BTCUSDT-1679155200-T
ADA/USDT,ema_trend,2023-03-18 16:00,0.3449,2023-03-18 16:59,0.3353,stop,4449.9,3.028374030000,-45.747414030000,-0.029807,1.00,tb-ema_trend-ADAUSDT-1679151600-B,tb-ema_trend-ADAUSDT-1679155200-X
LTC/USDT,ema_trend,2023-03-18 16:00,84.05,2023-03-20 01:59,82.52,trailing,24.356,4.0590801700,-41.3237601700,-0.020186,34.00,tb-ema_trend-LTCUSDT-1679151600-B,tb-ema_trend-LTCUSDT-1679274000-T
XRP/USDT,ema_trend,2023-03-18 17:00,0.3786,2023-03-20 04:59,0.3796,trailing,5001.5,3.794068160000,1.207431840000,0.000638,36.00,tb-ema_trend-XRPUSDT-1679155200-B,tb-ema_trend-XRPUSDT-1679284800-T
SOL/USDT,ema_trend,2023-03-18 17:00,21.99,2023-03-20 19:59,22.12,trailing,64.561,2.8492150600,5.5437149400,0.003905,51.00,tb-ema_trend-SOLUSDT-1679155200-B,tb-ema_trend-SOLUSDT-1679338800-T
BNB/USDT,ema_trend,2023-03-20 02:00,337.27,2023-03-21 01:00,333.23,signal,4.643,3.1148178500,-21.8725378500,-0.013968,23.00,tb-ema_trend-BNBUSDT-1679274000-B,tb-ema_trend-BNBUSDT-1679356800-S
BTC/USDT,ema_trend,2023-03-20 05:00,27450.01,2023-03-21 07:59,27452.62,trailing,0.06003,3.2977263810,-3.1410480810,-0.001906,27.00,tb-ema_trend-BTCUSDT-1679284800-B,tb-ema_trend-BTCUSDT-1679382000-T
LINK/USDT,ema_trend,2023-03-21 07:00,7.029,2023-03-21 08:00,6.881,signal,281.47,3.91728611000,-45.57484611000,-0.023036,1.00,tb-ema_trend-LINKUSDT-1679378400-B,tb-ema_trend-LINKUSDT-1679382000-S
XRP/USDT,ema_trend,2023-03-21 09:00,0.3859,2023-03-21 22:59,0.4561,trailing,6163.4,5.191975380000,427.478704620000,0.179729,14.00,tb-ema_trend-XRPUSDT-1679385600-B,tb-ema_trend-XRPUSDT-1679436000-T
LINK/USDT,ema_trend,2023-03-21 14:00,7.325,2023-03-22 18:59,7.314,trailing,243.59,3.56774526000,-6.24723526000,-0.003501,29.00,tb-ema_trend-LINKUSDT-1679403600-B,tb-ema_trend-LINKUSDT-1679508000-T
ETH/USDT,ema_trend,2023-03-21 15:00,1806.40,2023-03-22 18:59,1769.40,trailing,0.7405,2.6493250200,-30.0478250200,-0.022463,28.00,tb-ema_trend-ETHUSDT-1679407200-B,tb-ema_trend-ETHUSDT-1679508000-T
ADA/USDT,ema_trend,2023-03-21 23:00,0.3691,2023-03-22 18:59,0.3656,trailing,4618.5,3.394946720000,-19.559696720000,-0.011474,20.00,tb-ema_trend-ADAUSDT-1679436000-B,tb-ema_trend-ADAUSDT-1679508000-T
XRP/USDT,ema_trend,2023-03-22 19:00,0.4356,2023-03-22 19:59,0.4128,stop,4379.1,3.717145080000,-103.560625080000,-0.054290,1.00,tb-ema_trend-XRPUSDT-1679508000-B,tb-ema_trend-XRPUSDT-1679511600-X
BTC/USDT,ema_trend,2023-03-22 20:00,26682.14,2023-03-22 22:00,27070.00,signal,0.09164,4.9285143236,30.6149760764,0.012521,2.00,tb-ema_trend-BTCUSDT-1679511600-B,tb-ema_trend-BTCUSDT-1679518800-S
LINK/USDT,ema_trend,2023-03-22 21:00,7.156,2023-03-23 02:00,7.086,signal,192.22,2.73902844000,-16.19442844000,-0.011773,5.00,tb-ema_trend-LINKUSDT-1679515200-B,tb-ema_trend-LINKUSDT-1679533200-S
ADA/USDT,ema_trend,2023-03-22 21:00,0.3613,2023-03-24 04:59,0.3649,trailing,5074.9,3.687235010000,14.582404990000,0.007953,32.00,tb-ema_trend-ADAUSDT-1679515200-B,tb-ema_trend-ADAUSDT-1679630400-T
XRP/USDT,ema_trend,2023-03-22 23:00,0.4212,2023-03-24 08:59,0.4301,trailing,3919.6,3.338440280000,31.545999720000,0.019108,34.00,tb-ema_trend-XRPUSDT-1679522400-B,tb-ema_trend-XRPUSDT-1679644800-T
LINK/USDT,ema_trend,2023-03-24 05:00,7.484,2023-03-24 09:59,7.289,stop,219.84,3.24941764000,-46.11821764000,-0.028031,5.00,tb-ema_trend-LINKUSDT-1679630400-B,tb-ema_trend-LINKUSDT-1679648400-X
LTC/USDT,ema_trend,2023-03-23 03:00,87.15,2023-03-24 14:59,91.14,trailing,18.102,3.2290614300,68.9979185700,0.043736,36.00,tb-ema_trend-LTCUSDT-1679536800-B,tb-ema_trend-LTCUSDT-1679666400-T
ETH/USDT,ema_trend,2023-03-24 09:00,1795.79,2023-03-24 14:59,1763.57,stop,0.9213,3.2810341570,-32.9653201570,-0.019925,6.00,tb-ema_trend-ETHUSDT-1679644800-B,tb-ema_trend-ETHUSDT-1679666400-X
XRP/USDT,ema_trend,2023-03-24 11:00,0.4317,2023-03-24 15:00,0.4238,signal,3801.3,3.253695780000,-33.283965780000,-0.020282,4.00,tb-ema_trend-XRPUSDT-1679652000-B,tb-ema_trend-XRPUSDT-1679666400-S
LINK/USDT,ema_trend,2023-03-24 15:00,7.350,2023-03-24 17:59,7.177,stop,278.51,4.04797277000,-52.23020277000,-0.025515,3.00,tb-ema_trend-LINKUSDT-1679666400-B,tb-ema_trend-LINKUSDT-1679677200-X
ETH/USDT,ema_trend,2023-03-24 17:00,1763.65,2023-03-24 17:59,1732.76,stop,0.8239,2.8822794800,-28.3325504800,-0.019498,1.00,tb-ema_trend-ETHUSDT-1679673600-B,tb-ema_trend-ETHUSDT-1679677200-X
XRP/USDT,ema_trend,2023-03-25 07:00,0.4469,2023-03-26 16:59,0.4440,trailing,4353.5,3.880499510000,-16.505649510000,-0.008484,34.00,tb-ema_trend-XRPUSDT-1679724000-B,tb-ema_trend-XRPUSDT-1679846400-T
LTC/USDT,ema_trend,2023-03-24 17:00,92.09,2023-03-27 05:59,91.76,trailing,21.043,3.8707815300,-10.8149715300,-0.005581,61.00,tb-ema_trend-LTCUSDT-1679673600-B,tb-ema_trend-LTCUSDT-1679893200-T
ETH/USDT,ema_trend,2023-03-26 17:00,1757.68,2023-03-27 14:00,1754.04,signal,0.8967,3.1505412380,-6.4145292380,-0.004070,21.00,tb-ema_trend-ETHUSDT-1679846400-B,tb-ema_trend-ETHUSDT-1679922000-S
BNB/USDT,ema_trend,2023-03-26 11:00,326.87,2023-03-27 14:59,324.54,trailing,4.461,2.9075743600,-13.3017043600,-0.009122,28.00,tb-ema_trend-BNBUSDT-1679824800-B,tb-ema_trend-BNBUSDT-1679925600-T
XRP/USDT,ema_trend,2023-03-27 13:00,0.4816,2023-03-27 14:59,0.4667,stop,3455.2,3.278251760000,-54.760731760000,-0.032909,2.00,tb-ema_trend-XRPUSDT-1679918400-B,tb-ema_trend-XRPUSDT-1679925600-X
XRP/USDT,ema_trend,2023-03-27 17:00,0.4583,2023-03-29 15:59,0.5372,trailing,5244.6,5.223428290000,408.575511710000,0.169985,47.00,tb-ema_trend-XRPUSDT-1679932800-B,tb-ema_trend-XRPUSDT-1680102000-T
ADA/USDT,ema_trend,2023-03-28 17:00,0.3552,2023-03-30 00:59,0.3761,trailing,5076.0,3.713890320000,102.374509680000,0.056780,32.00,tb-ema_trend-ADAUSDT-1680019200-B,tb-ema_trend-ADAUSDT-1680134400-T
ETH/USDT,ema_trend,2023-03-28 20:00,1786.74,2023-03-30 00:59,1780.18,trailing,0.7567,2.7005177600,-7.6644697600,-0.005669,29.00,tb-ema_trend-ETHUSDT-1680030000-B,tb-ema_trend-ETHUSDT-1680134400-T
BTC/USDT,ema_trend,2023-03-29 16:00,28457.03,2023-03-30 03:59,28184.60,trailing,0.06032,3.4186151117,-19.8515927117,-0.011565,12.00,tb-ema_trend-BTCUSDT-1680102000-B,tb-ema_trend-BTCUSDT-1680145200-T
LINK/USDT,ema_trend,2023-03-30 01:00,7.331,2023-03-30 15:59,7.256,trailing,286.50,4.18130149000,-25.66880149000,-0.012221,15.00,tb-ema_trend-LINKUSDT-1680134400-B,tb-ema_trend-LINKUSDT-1680188400-T
ADA/USDT,ema_trend,2023-03-30 04:00,0.3808,2023-03-30 17:59,0.3698,stop,4215.1,3.165491500000,-49.531591500000,-0.030859,14.00,tb-ema_trend-ADAUSDT-1680145200-B,tb-ema_trend-ADAUSDT-1680195600-X
BTC/USDT,ema_trend,2023-03-30 16:00,28314.48,2023-03-30 17:59,27828.78,stop,0.06084,3.4177379568,-32.9677259568,-0.019138,2.00,tb-ema_trend-BTCUSDT-1680188400-B,tb-ema_trend-BTCUSDT-1680195600-X
BTC/USDT,ema_trend,2023-03-30 20:00,28000.10,2023-03-31 07:59,27545.05,trailing,0.05634,3.1310937600,-28.7686107600,-0.018237,12.00,tb-ema_trend-BTCUSDT-1680202800-B,tb-ema_trend-BTCUSDT-1680246000-T
XRP/USDT,ema_trend,2023-03-30 01:00,0.5364,2023-04-01 06:59,0.5277,trailing,2936.7,3.126551670000,-28.675841670000,-0.018204,54.00,tb-ema_trend-XRPUSDT-1680134400-B,tb-ema_trend-XRPUSDT-1680328800-T
ADA/USDT,ema_trend,2023-03-31 12:00,0.3936,2023-04-01 06:59,0.3932,trailing,3990.1,3.140985080000,-4.737025080000,-0.003016,19.00,tb-ema_trend-ADAUSDT-1680260400-B,tb-ema_trend-ADAUSDT-1680328800-T
LINK/USDT,ema_trend,2023-03-30 18:00,7.166,2023-04-01 14:59,7.461,trailing,293.51,4.29532057000,82.29012943000,0.039124,45.00,tb-ema_trend-LINKUSDT-1680195600-B,tb-ema_trend-LINKUSDT-1680357600-T
SOL/USDT,ema_trend,2023-04-01 07:00,21.03,2023-04-02 13:59,20.72,trailing,93.049,3.8867725700,-32.7319625700,-0.016727,31.00,tb-ema_trend-SOLUSDT-1680328800-B,tb-ema_trend-SOLUSDT-1680440400-T
ETH/USDT,ema_trend,2023-04-01 07:00,1823.99,2023-04-02 13:59,1805.74,trailing,0.8041,2.9203074800,-17.5951324800,-0.011997,31.00,tb-ema_trend-ETHUSDT-1680328800-B,tb-ema_trend-ETHUSDT-1680440400-T
LTC/USDT,ema_trend,2023-04-01 15:00,92.95,2023-04-02 15:59,91.84,trailing,17.713,3.2748583700,-22.9362883700,-0.013931,25.00,tb-ema_trend-LTCUSDT-1680357600-B,tb-ema_trend-LTCUSDT-1680447600-T
LTC/USDT,ema_trend,2023-04-02 18:00,92.51,2023-04-02 19:59,90.51,stop,26.852,4.9169508100,-58.6209508100,-0.023599,2.00,tb-ema_trend-LTCUSDT-1680454800-B,tb-ema_trend-LTCUSDT-1680462000-X
LTC/USDT,ema_trend,2023-04-02 22:00,91.71,2023-04-03 05:00,91.11,signal,26.926,4.9250874900,-21.0806874900,-0.008537,7.00,tb-ema_trend-LTCUSDT-1680469200-B,tb-ema_trend-LTCUSDT-1680494400-S
ADA/USDT,ema_trend,2023-04-03 11:00,0.3998,2023-04-03 14:59,0.3898,stop,6163.2,4.868941480000,-66.500941480000,-0.026988,4.00,tb-ema_trend-ADAUSDT-1680516000-B,tb-ema_trend-ADAUSDT-1680530400-X
LTC/USDT,ema_trend,2023-04-03 11:00,92.44,2023-04-03 17:00,91.69,signal,19.994,3.6834364600,-18.6789364600,-0.010106,6.00,tb-ema_trend-LTCUSDT-1680516000-B,tb-ema_trend-LTCUSDT-1680537600-S
ADA/USDT,ema_trend,2023-04-03 17:00,0.3838,2023-04-03 21:59,0.3780,trailing,5171.7,3.941796820000,-33.937656820000,-0.017098,5.00,tb-ema_trend-ADAUSDT-1680537600-B,tb-ema_trend-ADAUSDT-1680555600-T
SOL/USDT,ema_trend,2023-04-05 02:00,21.20,2023-04-05 14:59,20.75,stop,86.117,3.6144525500,-42.3671025500,-0.023206,13.00,tb-ema_trend-SOLUSDT-1680656400-B,tb-ema_trend-SOLUSDT-1680703200-X
BNB/USDT,ema_trend,2023-04-05 04:00,314.76,2023-04-05 15:59,311.72,trailing,4.349,2.7261353200,-15.9470953200,-0.011650,12.00,tb-ema_trend-BNBUSDT-1680663600-B,tb-ema_trend-BNBUSDT-1680706800-T
LTC/USDT,ema_trend,2023-04-05 18:00,92.27,2023-04-05 23:00,92.36,signal,15.638,2.8887202600,-1.4813002600,-0.001027,5.00,tb-ema_trend-LTCUSDT-1680714000-B,tb-ema_trend-LTCUSDT-1680732000-S
BTC/USDT,ema_trend,2023-04-05 15:00,28119.25,2023-04-06 01:00,27985.14,signal,0.05237,2.9398740575,-9.9632147575,-0.006766,10.00,tb-ema_trend-BTCUSDT-1680703200-B,tb-ema_trend-BTCUSDT-1680739200-S
ETH/USDT,ema_trend,2023-04-04 14:00,1865.42,2023-04-06 05:59,1880.53,trailing,1.3048,4.8903271440,14.8252008560,0.006091,40.00,tb-ema_trend-ETHUSDT-1680613200-B,tb-ema_trend-ETHUSDT-1680757200-T
SOL/USDT,ema_trend,2023-04-06 07:00,20.82,2023-04-06 08:00,20.61,signal,116.307,4.8210349500,-29.2455049500,-0.012077,1.00,tb-ema_trend-SOLUSDT-1680760800-B,tb-ema_trend-SOLUSDT-1680764400-S
ETH/USDT,ema_trend,2023-04-06 08:00,1880.16,2023-04-06 21:00,1862.37,signal,0.9653,3.6145443680,-20.7872313680,-0.011454,13.00,tb-ema_trend-ETHUSDT-1680764400-B,tb-ema_trend-ETHUSDT-1680811200-S
XRP/USDT,ema_trend,2023-04-07 11:00,0.5078,2023-04-08 17:59,0.5046,trailing,4742.2,4.803440720000,-19.978480720000,-0.008296,31.00,tb-ema_trend-XRPUSDT-1680861600-B,tb-ema_trend-XRPUSDT-1680973200-T
ADA/USDT,ema_trend,2023-04-08 07:00,0.3891,2023-04-08 20:59,0.3832,stop,4641.1,3.586150300000,-30.968640300000,-0.017149,14.00,tb-ema_trend-ADAUSDT-1680933600-B,tb-ema_trend-ADAUSDT-1680984000-X
XRP/USDT,ema_trend,2023-04-08 23:00,0.5059,2023-04-09 00:00,0.5046,signal,4734.8,4.786943720000,-10.942183720000,-0.004568,1.00,tb-ema_trend-XRPUSDT-1680991200-B,tb-ema_trend-XRPUSDT-1680994800-S
BTC/USDT,ema_trend,2023-04-09 22:00,28451.42,2023-04-10 04:59,28220.71,stop,0.08408,4.7675533214,-24.1656501214,-0.010102,7.00,tb-ema_trend-BTCUSDT-1681074000-B,tb-ema_trend-BTCUSDT-1681099200-X
BNB/USDT,ema_trend,2023-04-09 23:00,313.26,2023-04-10 13:59,311.59,stop,5.727,3.5803955100,-13.1444855100,-0.007327,15.00,tb-ema_trend-BNBUSDT-1681077600-B,tb-ema_trend-BNBUSDT-1681131600-X
BNB/USDT,ema_trend,2023-04-10 17:00,314.36,2023-04-11 16:59,326.67,trailing,4.528,2.9041556400,52.8355243600,0.037119,24.00,tb-ema_trend-BNBUSDT-1681142400-B,tb-ema_trend-BNBUSDT-1681228800-T
LTC/USDT,ema_trend,2023-04-10 16:00,92.30,2023-04-11 21:59,94.05,trailing,20.574,3.8359032000,32.1685968000,0.016940,30.00,tb-ema_trend-LTCUSDT-1681138800-B,tb-ema_trend-LTCUSDT-1681246800-T
BNB/USDT,ema_trend,2023-04-11 22:00,324.77,2023-04-12 01:59,320.78,stop,4.804,3.1028460500,-22.2708060500,-0.014274,4.00,tb-ema_trend-BNBUSDT-1681246800-B,tb-ema_trend-BNBUSDT-1681261200-X
SOL/USDT,ema_trend,2023-04-11 17:00,23.30,2023-04-12 02:59,22.59,stop,61.723,2.8339130700,-46.6572430700,-0.032443,10.00,tb-ema_trend-SOLUSDT-1681228800-B,tb-ema_trend-SOLUSDT-1681264800-X
ETH/USDT,ema_trend,2023-04-12 02:00,1887.37,2023-04-12 02:59,1862.35,stop,0.8236,3.0899680250,-23.6964400250,-0.015244,1.00,tb-ema_trend-ETHUSDT-1681261200-B,tb-ema_trend-ETHUSDT-1681264800-X
BTC/USDT,ema_trend,2023-04-10 07:00,28292.08,2023-04-12 15:59,29779.90,trailing,0.06849,3.9793303548,97.9214614452,0.050534,57.00,tb-ema_trend-BTCUSDT-1681106400-B,tb-ema_trend-BTCUSDT-1681311600-T
BNB/USDT,ema_trend,2023-04-12 04:00,317.46,2023-04-12 17:00,318.94,signal,4.480,2.8526593000,3.7777407000,0.002656,13.00,tb-ema_trend-BNBUSDT-1681268400-B,tb-ema_trend-BNBUSDT-1681315200-S
ADA/USDT,ema_trend,2023-04-12 03:00,0.3909,2023-04-13 07:59,0.3988,trailing,4850.6,3.832434230000,34.487305770000,0.018189,29.00,tb-ema_trend-ADAUSDT-1681264800-B,tb-ema_trend-ADAUSDT-1681369200-T
SOL/USDT,ema_trend,2023-04-12 16:00,23.63,2023-04-14 14:59,24.31,trailing,66.712,3.1997564900,42.1644035100,0.026747,47.00,tb-ema_trend-SOLUSDT-1681311600-B,tb-ema_trend-SOLUSDT-1681480800-T
ETH/USDT,ema_trend,2023-04-12 18:00,1915.13,2023-04-14 15:59,2065.75,trailing,0.8031,3.1987683500,117.7641536500,0.076568,46.00,tb-ema_trend-ETHUSDT-1681318800-B,tb-ema_trend-ETHUSDT-1681484400-T
ADA/USDT,ema_trend,2023-04-13 10:00,0.4105,2023-04-14 15:59,0.4274,trailing,3988.1,3.343270990000,64.055619010000,0.039127,30.00,tb-ema_trend-ADAUSDT-1681376400-B,tb-ema_trend-ADAUSDT-1681484400-T
LINK/USDT,ema_trend,2023-04-14 15:00,7.795,2023-04-14 15:59,7.632,stop,209.30,3.23050805000,-37.34640805000,-0.022891,1.00,tb-ema_trend-LINKUSDT-1681480800-B,tb-ema_trend-LINKUSDT-1681484400-X
XRP/USDT,ema_trend,2023-04-14 16:00,0.5150,2023-04-16 01:59,0.5160,trailing,2688.9,2.773646400000,-0.084746400000,-0.000061,34.00,tb-ema_trend-XRPUSDT-1681484400-B,tb-ema_trend-XRPUSDT-1681606800-T
LINK/USDT,ema_trend,2023-04-16 02:00,8.105,2023-04-16 13:59,7.909,stop,170.83,2.73713052000,-36.21981052000,-0.026159,12.00,tb-ema_trend-LINKUSDT-1681606800-B,tb-ema_trend-LINKUSDT-1681650000-X
LTC/USDT,ema_trend,2023-04-14 16:00,94.01,2023-04-17 00:59,98.54,trailing,26.181,5.0436898200,113.5562401800,0.046137,57.00,tb-ema_trend-LTCUSDT-1681484400-B,tb-ema_trend-LTCUSDT-1681689600-T
BNB/USDT,ema_trend,2023-04-14 16:00,326.07,2023-04-17 00:59,342.29,trailing,5.663,3.7868791000,88.0669809000,0.047693,57.00,tb-ema_trend-BNBUSDT-1681484400-B,tb-ema_trend-BNBUSDT-1681689600-T
LINK/USDT,ema_trend,2023-04-16 16:00,7.961,2023-04-17 00:59,7.913,trailing,172.77,2.74398396000,-11.03694396000,-0.008024,9.00,tb-ema_trend-LINKUSDT-1681657200-B,tb-ema_trend-LINKUSDT-1681689600-T
BNB/USDT,ema_trend,2023-04-17 03:00,349.58,2023-04-17 07:59,343.53,stop,4.020,2.7880501000,-27.1090501000,-0.019290,5.00,tb-ema_trend-BNBUSDT-1681696800-B,tb-ema_trend-BNBUSDT-1681714800-X
SOL/USDT,ema_trend,2023-04-17 01:00,24.86,2023-04-17 11:59,24.70,trailing,100.635,4.9899814600,-21.0915814600,-0.008431,11.00,tb-ema_trend-SOLUSDT-1681689600-B,tb-ema_trend-SOLUSDT-1681729200-T
ADA/USDT,ema_trend,2023-04-17 08:00,0.4385,2023-04-17 12:00,0.4423,signal,3191.3,2.812300240000,9.314639760000,0.006656,4.00,tb-ema_trend-ADAUSDT-1681714800-B,tb-ema_trend-ADAUSDT-1681729200-S
ETH/USDT,ema_trend,2023-04-17 13:00,2081.62,2023-04-17 16:00,2070.42,signal,0.7706,3.2012273180,-11.8319473180,-0.007376,3.00,tb-ema_trend-ETHUSDT-1681732800-B,tb-ema_trend-ETHUSDT-1681743600-S
SOL/USDT,ema_trend,2023-04-17 17:00,24.61,2023-04-18 03:00,24.36,signal,65.063,3.1877593700,-19.4535093700,-0.012149,10.00,tb-ema_trend-SOLUSDT-1681747200-B,tb-ema_trend-SOLUSDT-1681783200-S
SOL/USDT,ema_trend,2023-04-18 08:00,25.12,2023-04-18 17:59,24.49,stop,63.573,3.1554642100,-43.2064542100,-0.027056,10.00,tb-ema_trend-SOLUSDT-1681801200-B,tb-ema_trend-SOLUSDT-1681837200-X
LTC/USDT,ema_trend,2023-04-17 03:00,99.15,2023-04-19 04:59,100.51,trailing,18.904,3.7762564900,21.9331835100,0.011702,50.00,tb-ema_trend-LTCUSDT-1681696800-B,tb-ema_trend-LTCUSDT-1681876800-T
BNB/USDT,ema_trend,2023-04-17 12:00,342.18,2023-04-19 04:59,340.67,trailing,4.878,3.3326532000,-10.6984332000,-0.006409,41.00,tb-ema_trend-BNBUSDT-1681729200-B,tb-ema_trend-BNBUSDT-1681876800-T
XRP/USDT,ema_trend,2023-04-19 05:00,0.5301,2023-04-19 07:59,0.5209,stop,3920.2,4.122250600000,-40.188090600000,-0.019339,3.00,tb-ema_trend-XRPUSDT-1681876800-B,tb-ema_trend-XRPUSDT-1681887600-X
BTC/USDT,ema_trend,2023-04-18 18:00,30040.53,2023-04-19 08:59,29928.97,trailing,0.05277,3.1663929499,-9.0534141499,-0.005711,15.00,tb-ema_trend-BTCUSDT-1681837200-B,tb-ema_trend-BTCUSDT-1681891200-T
LINK/USDT,ema_trend,2023-04-19 09:00,8.016,2023-04-19 13:00,7.983,signal,307.06,4.91513790000,-15.04811790000,-0.006114,4.00,tb-ema_trend-LINKUSDT-1681891200-B,tb-ema_trend-LINKUSDT-1681905600-S
BNB/USDT,ema_trend,2023-04-22 17:00,330.27,2023-04-26 19:59,338.24,trailing,7.445,4.9796991100,54.3569508900,0.022107,99.00,tb-ema_trend-BNBUSDT-1682179200-B,tb-ema_trend-BNBUSDT-1682535600-T
LTC/USDT,ema_trend,2023-04-25 22:00,91.25,2023-04-26 19:59,90.98,trailing,20.203,3.6835089400,-9.1383189400,-0.004957,22.00,tb-ema_trend-LTCUSDT-1682456400-B,tb-ema_trend-LTCUSDT-1682535600-T
BTC/USDT,ema_trend,2023-04-25 23:00,28247.38,2023-04-26 19:59,29190.21,trailing,0.04894,2.8124080262,43.3296921738,0.031343,21.00,tb-ema_trend-BTCUSDT-1682460000-B,tb-ema_trend-BTCUSDT-1682535600-T
BNB/USDT,ema_trend,2023-04-27 01:00,334.97,2023-04-27 07:00,331.13,signal,4.165,2.7759813500,-18.7695813500,-0.013453,6.00,tb-ema_trend-BNBUSDT-1682553600-B,tb-ema_trend-BNBUSDT-1682575200-S
ADA/USDT,ema_trend,2023-04-26 23:00,0.4016,2023-04-28 11:59,0.4037,trailing,4633.1,3.732922950000,5.996587050000,0.003223,37.00,tb-ema_trend-ADAUSDT-1682546400-B,tb-ema_trend-ADAUSDT-1682679600-T
BTC/USDT,ema_trend,2023-04-26 22:00,28691.99,2023-04-28 13:59,29035.48,trailing,0.08644,4.9925447847,24.6987308153,0.009959,40.00,tb-ema_trend-BTCUSDT-1682542800-B,tb-ema_trend-BTCUSDT-1682686800-T
XRP/USDT,ema_trend,2023-04-29 00:00,0.4798,2023-04-29 17:59,0.4709,trailing,4450.3,4.233059310000,-43.840729310000,-0.020532,18.00,tb-ema_trend-XRPUSDT-1682722800-B,tb-ema_trend-XRPUSDT-1682787600-T
LTC/USDT,ema_trend,2023-04-29 14:00,90.95,2023-04-29 17:59,89.69,stop,17.612,3.1830687800,-25.3741887800,-0.015841,4.00,tb-ema_trend-LTCUSDT-1682773200-B,tb-ema_trend-LTCUSDT-1682787600-X
SOL/USDT,ema_trend,2023-04-27 16:00,22.27,2023-04-29 23:59,22.91,trailing,62.454,2.8230747300,37.1474852700,0.026708,56.00,tb-ema_trend-SOLUSDT-1682607600-B,tb-ema_trend-SOLUSDT-1682809200-T
LTC/USDT,ema_trend,2023-04-29 20:00,90.76,2023-04-30 19:59,89.67,trailing,17.504,3.1598804000,-22.2392404000,-0.013999,24.00,tb-ema_trend-LTCUSDT-1682794800-B,tb-ema_trend-LTCUSDT-1682881200-T
XRP/USDT,ema_trend,2023-04-29 20:00,0.4786,2023-04-30 20:59,0.4716,trailing,4425.3,4.207073760000,-35.184173760000,-0.016612,25.00,tb-ema_trend-XRPUSDT-1682794800-B,tb-ema_trend-XRPUSDT-1682884800-T
SOL/USDT,ema_trend,2023-04-30 02:00,23.05,2023-04-30 20:59,23.00,trailing,67.203,3.0962655500,-6.4564155500,-0.004168,19.00,tb-ema_trend-SOLUSDT-1682816400-B,tb-ema_trend-SOLUSDT-1682884800-T
BTC/USDT,ema_trend,2023-04-30 21:00,29344.57,2023-05-01 01:59,29001.97,stop,0.07057,4.1198628905,-28.2971448905,-0.013665,5.00,tb-ema_trend-BTCUSDT-1682884800-B,tb-ema_trend-BTCUSDT-1682902800-X
SOL/USDT,ema_trend,2023-05-01 00:00,22.75,2023-05-01 01:59,22.24,stop,68.275,3.0732620000,-37.8935120000,-0.024396,2.00,tb-ema_trend-SOLUSDT-1682895600-B,tb-ema_trend-SOLUSDT-1682902800-X
BNB/USDT,ema_trend,2023-04-30 20:00,336.07,2023-05-01 05:59,331.28,stop,4.618,3.0835026500,-25.2037226500,-0.016240,10.00,tb-ema_trend-BNBUSDT-1682881200-B,tb-ema_trend-BNBUSDT-1682917200-X
BNB/USDT,ema_trend,2023-05-01 08:00,334.07,2023-05-01 16:59,328.91,stop,7.292,4.8371227200,-42.4638427200,-0.017432,9.00,tb-ema_trend-BNBUSDT-1682924400-B,tb-ema_trend-BNBUSDT-1682956800-X
BTC/USDT,ema_trend,2023-05-03 09:00,28705.56,2023-05-03 12:59,28339.89,stop,0.08449,4.8223535748,-35.7178118748,-0.014727,4.00,tb-ema_trend-BTCUSDT-1683100800-B,tb-ema_trend-BTCUSDT-1683115200-X
ETH/USDT,ema_trend,2023-05-03 19:00,1886.05,2023-05-03 20:59,1858.88,stop,1.2813,4.8008306700,-39.6137516700,-0.016392,2.00,tb-ema_trend-ETHUSDT-1683136800-B,tb-ema_trend-ETHUSDT-1683144000-X
LINK/USDT,ema_trend,2023-05-03 22:00,7.095,2023-05-04 13:59,6.999,trailing,339.23,4.78351992000,-37.34959992000,-0.015518,16.00,tb-ema_trend-LINKUSDT-1683147600-B,tb-ema_trend-LINKUSDT-1683205200-T
ETH/USDT,ema_trend,2023-05-03 23:00,1907.81,2023-05-04 13:59,1876.76,trailing,0.7095,2.6866786630,-24.7166536630,-0.018260,15.00,tb-ema_trend-ETHUSDT-1683151200-B,tb-ema_trend-ETHUSDT-1683205200-T
BTC/USDT,ema_trend,2023-05-03 22:00,28938.00,2023-05-05 12:59,28825.58,trailing,0.06236,3.6041625100,-10.6146737100,-0.005882,39.00,tb-ema_trend-BTCUSDT-1683147600-B,tb-ema_trend-BTCUSDT-1683288000-T
ETH/USDT,ema_trend,2023-05-04 16:00,1886.61,2023-05-06 06:59,1956.82,trailing,1.0282,3.9538899930,68.2360320070,0.035177,39.00,tb-ema_trend-ETHUSDT-1683212400-B,tb-ema_trend-ETHUSDT-1683352800-T
LINK/USDT,ema_trend,2023-05-05 14:00,7.077,2023-05-06 07:59,7.110,trailing,268.94,3.81736257000,5.05765743000,0.002657,18.00,tb-ema_trend-LINKUSDT-1683291600-B,tb-ema_trend-LINKUSDT-1683356400-T
BTC/USDT,ema_trend,2023-05-05 15:00,29273.83,2023-05-06 08:59,29154.41,trailing,0.04876,2.8504246723,-8.6733438723,-0.006076,18.00,tb-ema_trend-BTCUSDT-1683295200-B,tb-ema_trend-BTCUSDT-1683360000-T
SOL/USDT,ema_trend,2023-05-06 07:00,22.64,2023-05-06 12:59,22.18,stop,69.496,3.1163955200,-35.0845555200,-0.022299,6.00,tb-ema_trend-SOLUSDT-1683352800-B,tb-ema_trend-SOLUSDT-1683374400-X
ETH/USDT,ema_trend,2023-05-06 09:00,1944.78,2023-05-06 12:59,1912.49,stop,1.0341,3.9909421660,-37.3820311660,-0.018588,4.00,tb-ema_trend-ETHUSDT-1683360000-B,tb-ema_trend-ETHUSDT-1683374400-X
BTC/USDT,ema_trend,2023-05-06 11:00,29253.20,2023-05-06 13:59,28914.39,stop,0.05155,3.0002944520,-20.4659499520,-0.013572,3.00,tb-ema_trend-BTCUSDT-1683367200-B,tb-ema_trend-BTCUSDT-1683378000-X
SOL/USDT,ema_trend,2023-05-07 17:00,22.56,2023-05-07 22:59,22.18,stop,105.640,4.7287249600,-44.8719249600,-0.018828,6.00,tb-ema_trend-SOLUSDT-1683475200-B,tb-ema_trend-SOLUSDT-1683496800-X
SOL/USDT,ema_trend,2023-05-13 04:00,21.17,2023-05-14 00:59,20.68,stop,112.003,4.6897177600,-59.5711877600,-0.025124,21.00,tb-ema_trend-SOLUSDT-1683946800-B,tb-ema_trend-SOLUSDT-1684022400-X
SOL/USDT,ema_trend,2023-05-14 05:00,21.08,2023-05-15 00:59,20.75,trailing,111.829,4.6801680300,-41.5837380300,-0.017640,20.00,tb-ema_trend-SOLUSDT-1684036800-B,tb-ema_trend-SOLUSDT-1684108800-T
BTC/USDT,ema_trend,2023-05-15 07:00,27489.38,2023-05-15 23:59,27183.84,stop,0.05191,2.8397362086,-18.7003176086,-0.013105,17.00,tb-ema_trend-BTCUSDT-1684130400-B,tb-ema_trend-BTCUSDT-1684191600-X
BNB/USDT,ema_trend,2023-05-15 02:00,314.16,2023-05-16 00:59,312.60,trailing,6.059,3.7997379600,-13.2517779600,-0.006962,23.00,tb-ema_trend-BNBUSDT-1684112400-B,tb-ema_trend-BNBUSDT-1684195200-T
LINK/USDT,ema_trend,2023-05-16 05:00,6.644,2023-05-16 14:59,6.565,trailing,285.30,3.77045446000,-26.30915446000,-0.013880,10.00,tb-ema_trend-LINKUSDT-1684209600-B,tb-ema_trend-LINKUSDT-1684245600-T
ADA/USDT,ema_trend,2023-05-17 02:00,0.3755,2023-05-17 05:59,0.3696,stop,3772.9,2.812614690000,-25.072724690000,-0.017698,4.00,tb-ema_trend-ADAUSDT-1684285200-B,tb-ema_trend-ADAUSDT-1684299600-X
XRP/USDT,ema_trend,2023-05-16 23:00,0.4364,2023-05-17 08:59,0.4432,trailing,4328.3,3.809092840000,25.623347160000,0.013565,10.00,tb-ema_trend-XRPUSDT-1684274400-B,tb-ema_trend-XRPUSDT-1684310400-T
LTC/USDT,ema_trend,2023-05-14 15:00,82.09,2023-05-18 12:59,92.21,trailing,21.515,3.7518704800,213.9799295200,0.121155,94.00,tb-ema_trend-LTCUSDT-1684072800-B,tb-ema_trend-LTCUSDT-1684411200-T
XRP/USDT,ema_trend,2023-05-17 11:00,0.4452,2023-05-18 17:59,0.4526,trailing,4243.0,3.811279760000,27.586920240000,0.014604,31.00,tb-ema_trend-XRPUSDT-1684317600-B,tb-ema_trend-XRPUSDT-1684429200-T
ADA/USDT,ema_trend,2023-05-17 21:00,0.3762,2023-05-18 17:59,0.3707,trailing,3766.2,2.814404340000,-23.528504340000,-0.016606,21.00,tb-ema_trend-ADAUSDT-1684353600-B,tb-ema_trend-ADAUSDT-1684429200-T
ADA/USDT,ema_trend,2023-05-18 20:00,0.3709,2023-05-19 05:00,0.3706,signal,3616.8,2.683229530000,-3.768269530000,-0.002809,9.00,tb-ema_trend-ADAUSDT-1684436400-B,tb-ema_trend-ADAUSDT-1684468800-S
LTC/USDT,ema_trend,2023-05-18 18:00,90.04,2023-05-20 00:59,90.64,trailing,26.479,4.7866568000,11.1007432000,0.004656,31.00,tb-ema_trend-LTCUSDT-1684429200-B,tb-ema_trend-LTCUSDT-1684540800-T
BTC/USDT,ema_trend,2023-05-21 00:00,27115.98,2023-05-21 10:59,27010.61,trailing,0.07150,3.8722204684,-11.4061754684,-0.005883,11.00,tb-ema_trend-BTCUSDT-1684623600-B,tb-ema_trend-BTCUSDT-1684663200-T
XRP/USDT,ema_trend,2023-05-18 20:00,0.4576,2023-05-21 11:59,0.4649,trailing,3909.2,3.608067400000,24.929092600000,0.013936,64.00,tb-ema_trend-XRPUSDT-1684436400-B,tb-ema_trend-XRPUSDT-1684666800-T
ETH/USDT,ema_trend,2023-05-21 03:00,1819.77,2023-05-21 11:59,1806.49,stop,0.7992,2.8995628100,-13.5129388100,-0.009291,9.00,tb-ema_trend-ETHUSDT-1684634400-B,tb-ema_trend-ETHUSDT-1684666800-X
LTC/USDT,ema_trend,2023-05-21 11:00,92.54,2023-05-21 15:59,91.43,stop,16.993,3.1278679300,-21.9900979300,-0.013984,5.00,tb-ema_trend-LTCUSDT-1684663200-B,tb-ema_trend-LTCUSDT-1684681200-X
XRP/USDT,ema_trend,2023-05-21 14:00,0.4664,2023-05-21 15:59,0.4617,stop,4274.3,3.968983350000,-24.058193350000,-0.012068,2.00,tb-ema_trend-XRPUSDT-1684674000-B,tb-ema_trend-XRPUSDT-1684681200-X
XRP/USDT,ema_trend,2023-05-21 18:00,0.4580,2023-05-21 19:00,0.4579,signal,5186.1,4.752330590000,-5.270940590000,-0.002219,1.00,tb-ema_trend-XRPUSDT-1684688400-B,tb-ema_trend-XRPUSDT-1684692000-S
ADA/USDT,ema_trend,2023-05-22 14:00,0.3691,2023-05-24 00:59,0.3683,trailing,6430.9,4.744544810000,-9.889264810000,-0.004166,35.00,tb-ema_trend-ADAUSDT-1684760400-B,tb-ema_trend-ADAUSDT-1684886400-T
ETH/USDT,ema_trend,2023-05-22 15:00,1820.25,2023-05-24 03:59,1842.18,trailing,0.9779,3.5833105450,17.8620364550,0.010035,37.00,tb-ema_trend-ETHUSDT-1684764000-B,tb-ema_trend-ETHUSDT-1684897200-T
BNB/USDT,ema_trend,2023-05-23 02:00,311.26,2023-05-24 03:59,311.90,trailing,4.290,2.6749127000,0.0706873000,0.000053,26.00,tb-ema_trend-BNBUSDT-1684803600-B,tb-ema_trend-BNBUSDT-1684897200-T
ADA/USDT,ema_trend,2023-05-24 03:00,0.3692,2023-05-24 03:59,0.3653,stop,4312.6,3.169229180000,-19.988369180000,-0.012554,1.00,tb-ema_trend-ADAUSDT-1684893600-B,tb-ema_trend-ADAUSDT-1684897200-X
ETH/USDT,ema_trend,2023-05-24 06:00,1827.05,2023-05-24 11:00,1814.55,signal,1.2974,4.7269870050,-20.9444870050,-0.008836,5.00,tb-ema_trend-ETHUSDT-1684904400-B,tb-ema_trend-ETHUSDT-1684922400-S
ETH/USDT,ema_trend,2023-05-26 13:00,1815.64,2023-05-27 13:59,1817.39,trailing,0.9769,3.5509226460,-1.8413476460,-0.001038,25.00,tb-ema_trend-ETHUSDT-1685102400-B,tb-ema_trend-ETHUSDT-1685192400-T
BTC/USDT,ema_trend,2023-05-26 17:00,26805.75,2023-05-27 13:59,26565.98,trailing,0.04963,2.6501792500,-14.5499643500,-0.010937,21.00,tb-ema_trend-BTCUSDT-1685116800-B,tb-ema_trend-BTCUSDT-1685192400-T
ETH/USDT,ema_trend,2023-05-27 16:00,1824.52,2023-05-29 14:59,1888.87,trailing,0.9699,3.6034414780,58.8096235220,0.033233,47.00,tb-ema_trend-ETHUSDT-1685199600-B,tb-ema_trend-ETHUSDT-1685368800-T
SOL/USDT,ema_trend,2023-05-27 21:00,19.84,2023-05-29 15:59,20.50,trailing,66.936,2.7015473600,41.4762126400,0.031232,43.00,tb-ema_trend-SOLUSDT-1685217600-B,tb-ema_trend-SOLUSDT-1685372400-T
BTC/USDT,ema_trend,2023-05-29 15:00,27801.67,2023-05-30 14:59,27613.81,trailing,0.05223,2.8960186243,-12.7079464243,-0.008752,24.00,tb-ema_trend-BTCUSDT-1685368800-B,tb-ema_trend-BTCUSDT-1685455200-T
BNB/USDT,ema_trend,2023-05-29 16:00,313.36,2023-05-31 02:59,310.59,trailing,4.570,2.8530183000,-15.5119183000,-0.010832,35.00,tb-ema_trend-BNBUSDT-1685372400-B,tb-ema_trend-BNBUSDT-1685498400-T
SOL/USDT,ema_trend,2023-05-30 15:00,21.03,2023-05-31 04:59,20.76,trailing,68.196,2.8513619100,-21.2642819100,-0.014827,14.00,tb-ema_trend-SOLUSDT-1685455200-B,tb-ema_trend-SOLUSDT-1685505600-T
XRP/USDT,ema_trend,2023-05-26 04:00,0.4650,2023-05-31 08:59,0.5065,trailing,5087.3,4.944683450000,206.178266550000,0.087157,125.00,tb-ema_trend-XRPUSDT-1685070000-B,tb-ema_trend-XRPUSDT-1685520000-T
ETH/USDT,ema_trend,2023-05-31 07:00,1868.75,2023-05-31 09:00,1867.32,signal,0.7152,2.6735322600,-3.6962682600,-0.002766,2.00,tb-ema_trend-ETHUSDT-1685512800-B,tb-ema_trend-ETHUSDT-1685520000-S
SOL/USDT,ema_trend,2023-05-31 07:00,20.74,2023-05-31 14:00,20.60,signal,86.019,3.5578298400,-15.6004898400,-0.008745,7.00,tb-ema_trend-SOLUSDT-1685512800-B,tb-ema_trend-SOLUSDT-1685538000-S
XRP/USDT,ema_trend,2023-05-31 11:00,0.5066,2023-06-01 12:59,0.5034,trailing,3905.2,3.946278400000,-16.442918400000,-0.008311,26.00,tb-ema_trend-XRPUSDT-1685527200-B,tb-ema_trend-XRPUSDT-1685620800-T
ADA/USDT,ema_trend,2023-06-02 11:00,0.3762,2023-06-03 19:59,0.3736,trailing,3855.6,2.892396060000,-12.916956060000,-0.008905,33.00,tb-ema_trend-ADAUSDT-1685700000-B,tb-ema_trend-ADAUSDT-1685818800-T
SOL/USDT,ema_trend,2023-06-02 09:00,21.21,2023-06-03 21:59,20.97,trailing,91.258,3.8512137600,-25.7531337600,-0.013305,37.00,tb-ema_trend-SOLUSDT-1685692800-B,tb-ema_trend-SOLUSDT-1685826000-T
LTC/USDT,ema_trend,2023-06-01 07:00,91.98,2023-06-04 00:59,94.98,trailing,20.940,3.9168739800,58.9031260200,0.030582,66.00,tb-ema_trend-LTCUSDT-1685599200-B,tb-ema_trend-LTCUSDT-1685836800-T
ETH/USDT,ema_trend,2023-06-03 22:00,1890.11,2023-06-04 23:59,1891.21,trailing,0.8269,3.1284746080,-2.2188846080,-0.001420,26.00,tb-ema_trend-ETHUSDT-1685826000-B,tb-ema_trend-ETHUSDT-1685919600-T
ADA/USDT,ema_trend,2023-06-04 07:00,0.3806,2023-06-04 23:59,0.3771,stop,4385.4,3.324492220000,-18.673392220000,-0.011188,17.00,tb-ema_trend-ADAUSDT-1685858400-B,tb-ema_trend-ADAUSDT-1685919600-X
XRP/USDT,ema_trend,2023-06-03 20:00,0.5204,2023-06-05 01:59,0.5319,trailing,2781.9,2.928850490000,29.062999510000,0.020075,30.00,tb-ema_trend-XRPUSDT-1685818800-B,tb-ema_trend-XRPUSDT-1685926800-T
ADA/USDT,ema_trend,2023-06-05 02:00,0.3782,2023-06-05 02:59,0.3742,stop,5048.5,3.800420220000,-23.994420220000,-0.012567,1.00,tb-ema_trend-ADAUSDT-1685926800-B,tb-ema_trend-ADAUSDT-1685930400-X
SOL/USDT,ema_trend,2023-06-05 00:00,21.85,2023-06-05 04:59,21.46,stop,94.092,4.0772002700,-40.7730802700,-0.019832,5.00,tb-ema_trend-SOLUSDT-1685919600-B,tb-ema_trend-SOLUSDT-1685937600-X
ADA/USDT,ema_trend,2023-06-05 05:00,0.3753,2023-06-05 08:00,0.3749,signal,5147.4,3.863531040000,-5.922491040000,-0.003066,3.00,tb-ema_trend-ADAUSDT-1685937600-B,tb-ema_trend-ADAUSDT-1685948400-S
XRP/USDT,ema_trend,2023-06-05 04:00,0.5309,2023-06-05 15:59,0.5218,trailing,3585.3,3.776156550000,-36.402386550000,-0.019125,12.00,tb-ema_trend-XRPUSDT-1685934000-B,tb-ema_trend-XRPUSDT-1685977200-T
SOL/USDT,ema_trend,2023-06-05 07:00,21.55,2023-06-05 15:59,21.14,trailing,67.235,2.8717275500,-30.4380775500,-0.021008,9.00,tb-ema_trend-SOLUSDT-1685944800-B,tb-ema_trend-SOLUSDT-1685977200-T
ETH/USDT,ema_trend,2023-06-06 23:00,1883.58,2023-06-07 09:59,1855.96,stop,1.2682,4.7449332800,-39.7726172800,-0.016650,11.00,tb-ema_trend-ETHUSDT-1686088800-B,tb-ema_trend-ETHUSDT-1686128400-X
BTC/USDT,ema_trend,2023-06-06 23:00,27166.24,2023-06-07 09:59,26696.78,stop,0.06595,3.5541678048,-34.5150548048,-0.019265,11.00,tb-ema_trend-BTCUSDT-1686088800-B,tb-ema_trend-BTCUSDT-1686128400-X
ETH/USDT,ema_trend,2023-06-07 12:00,1871.17,2023-06-07 14:59,1846.07,stop,1.0872,4.0434416110,-31.3321616110,-0.015402,3.00,tb-ema_trend-ETHUSDT-1686135600-B,tb-ema_trend-ETHUSDT-1686146400-X
BTC/USDT,ema_trend,2023-06-07 12:00,26909.59,2023-06-07 14:59,26455.39,stop,0.05669,3.0268752925,-28.7754732925,-0.018863,3.00,tb-ema_trend-BTCUSDT-1686135600-B,tb-ema_trend-BTCUSDT-1686146400-X
XRP/USDT,ema_trend,2023-06-07 00:00,0.5303,2023-06-07 15:59,0.5162,stop,2534.1,2.653314430000,-38.384124430000,-0.028563,16.00,tb-ema_trend-XRPUSDT-1686092400-B,tb-ema_trend-XRPUSDT-1686150000-X
XRP/USDT,ema_trend,2023-06-07 18:00,0.5143,2023-06-07 23:00,0.5178,signal,4561.3,4.710083510000,11.254466490000,0.004798,5.00,tb-ema_trend-XRPUSDT-1686157200-B,tb-ema_trend-XRPUSDT-1686175200-S
XRP/USDT,ema_trend,2023-06-09 21:00,0.5392,2023-06-10 02:59,0.5286,stop,4354.9,4.652534700000,-50.814474700000,-0.021640,6.00,tb-ema_trend-XRPUSDT-1686340800-B,tb-ema_trend-XRPUSDT-1686362400-X
XRP/USDT,ema_trend,2023-06-11 20:00,0.5253,2023-06-11 22:59,0.5144,stop,4447.7,4.626637540000,-53.106567540000,-0.022730,3.00,tb-ema_trend-XRPUSDT-1686510000-B,tb-ema_trend-XRPUSDT-1686520800-X
XRP/USDT,ema_trend,2023-06-12 01:00,0.5190,2023-06-13 12:59,0.5400,trailing,4475.4,4.741784100000,89.241615900000,0.038421,36.00,tb-ema_trend-XRPUSDT-1686528000-B,tb-ema_trend-XRPUSDT-1686657600-T
XRP/USDT,ema_trend,2023-06-13 15:00,0.5280,2023-06-13 15:59,0.5082,stop,4441.2,4.604347440000,-92.540107440000,-0.039464,1.00,tb-ema_trend-XRPUSDT-1686664800-B,tb-ema_trend-XRPUSDT-1686668400-X
XRP/USDT,ema_trend,2023-06-13 20:00,0.5178,2023-06-14 03:00,0.5168,signal,4484.1,4.641579960000,-9.125679960000,-0.003930,7.00,tb-ema_trend-XRPUSDT-1686682800-B,tb-ema_trend-XRPUSDT-1686708000-S
ETH/USDT,ema_trend,2023-06-17 06:00,1760.21,2023-06-17 11:59,1735.26,stop,0.9882,3.4559836620,-28.1115736620,-0.016161,6.00,tb-ema_trend-ETHUSDT-1686978000-B,tb-ema_trend-ETHUSDT-1686999600-X
SOL/USDT,ema_trend,2023-06-17 06:00,16.08,2023-06-17 15:59,15.63,stop,81.199,2.5761388500,-39.1156888500,-0.029958,10.00,tb-ema_trend-SOLUSDT-1686978000-B,tb-ema_trend-SOLUSDT-1687014000-X
ETH/USDT,ema_trend,2023-06-17 14:00,1740.68,2023-06-17 15:59,1719.78,stop,0.8077,2.7965801580,-19.6775101580,-0.013996,2.00,tb-ema_trend-ETHUSDT-1687006800-B,tb-ema_trend-ETHUSDT-1687014000-X
BTC/USDT,ema_trend,2023-06-16 20:00,26395.63,2023-06-18 20:59,26401.53,trailing,0.08787,4.6416620548,-4.1232290548,-0.001778,49.00,tb-ema_trend-BTCUSDT-1686942000-B,tb-ema_trend-BTCUSDT-1687118400-T
BNB/USDT,ema_trend,2023-06-17 19:00,246.13,2023-06-18 20:59,243.52,trailing,6.976,3.4175213100,-21.6248813100,-0.012595,26.00,tb-ema_trend-BNBUSDT-1687024800-B,tb-ema_trend-BNBUSDT-1687118400-T
SOL/USDT,ema_trend,2023-06-19 20:00,15.86,2023-06-20 14:59,15.73,trailing,108.368,3.4250738600,-17.5129138600,-0.010190,19.00,tb-ema_trend-SOLUSDT-1687201200-B,tb-ema_trend-SOLUSDT-1687269600-T
ETH/USDT,ema_trend,2023-06-19 22:00,1733.19,2023-06-20 14:59,1715.75,trailing,0.7435,2.5656734470,-15.5323134470,-0.012053,17.00,tb-ema_trend-ETHUSDT-1687208400-B,tb-ema_trend-ETHUSDT-1687269600-T
SOL/USDT,ema_trend,2023-06-20 17:00,16.09,2023-06-22 11:59,17.03,trailing,106.303,3.5224769900,96.4023430100,0.056362,43.00,tb-ema_trend-SOLUSDT-1687276800-B,tb-ema_trend-SOLUSDT-1687431600-T
ETH/USDT,ema_trend,2023-06-20 19:00,1783.81,2023-06-22 11:59,1887.24,trailing,0.7189,2.6405448970,71.7152821030,0.055924,41.00,tb-ema_trend-ETHUSDT-1687284000-B,tb-ema_trend-ETHUSDT-1687431600-T
BTC/USDT,ema_trend,2023-06-19 05:00,26441.76,2023-06-22 14:59,29708.70,trailing,0.08664,4.8672556148,278.1804259852,0.121428,82.00,tb-ema_trend-BTCUSDT-1687147200-B,tb-ema_trend-BTCUSDT-1687442400-T
ETH/USDT,ema_trend,2023-06-22 15:00,1872.74,2023-06-23 21:59,1876.84,trailing,0.8692,3.2608204040,0.3028995960,0.000186,31.00,tb-ema_trend-ETHUSDT-1687442400-B,tb-ema_trend-ETHUSDT-1687554000-T
LINK/USDT,ema_trend,2023-06-22 12:00,5.625,2023-06-24 15:59,5.929,trailing,311.33,3.59890682000,91.04541318000,0.051989,52.00,tb-ema_trend-LINKUSDT-1687431600-B,tb-ema_trend-LINKUSDT-1687618800-T
LTC/USDT,ema_trend,2023-06-22 12:00,85.60,2023-06-24 15:59,89.08,trailing,15.354,2.6834063200,50.7485136800,0.038613,52.00,tb-ema_trend-LTCUSDT-1687431600-B,tb-ema_trend-LTCUSDT-1687618800-T
SOL/USDT,ema_trend,2023-06-23 22:00,17.10,2023-06-24 15:59,16.86,trailing,95.269,3.2369768400,-26.1015368400,-0.016022,18.00,tb-ema_trend-SOLUSDT-1687554000-B,tb-ema_trend-SOLUSDT-1687618800-T
ADA/USDT,ema_trend,2023-06-24 16:00,0.2871,2023-06-24 21:00,0.2891,signal,8445.2,4.868564590000,12.021835410000,0.004958,5.00,tb-ema_trend-ADAUSDT-1687618800-B,tb-ema_trend-ADAUSDT-1687636800-S
LTC/USDT,ema_trend,2023-06-24 18:00,88.75,2023-06-25 13:59,87.30,trailing,15.356,2.7048438000,-24.9710438000,-0.018323,20.00,tb-ema_trend-LTCUSDT-1687626000-B,tb-ema_trend-LTCUSDT-1687698000-T
ETH/USDT,ema_trend,2023-06-25 14:00,1906.61,2023-06-25 15:59,1881.40,stop,0.8168,3.0957625170,-23.6872905170,-0.015210,2.00,tb-ema_trend-ETHUSDT-1687698000-B,tb-ema_trend-ETHUSDT-1687705200-X
LTC/USDT,ema_trend,2023-06-25 16:00,88.15,2023-06-25 17:00,88.16,signal,17.602,3.1049953200,-2.9289753200,-0.001888,1.00,tb-ema_trend-LTCUSDT-1687705200-B,tb-ema_trend-LTCUSDT-1687708800-S
LINK/USDT,ema_trend,2023-06-24 18:00,6.029,2023-06-25 17:59,6.139,trailing,301.54,3.67100771000,29.49839229000,0.016226,24.00,tb-ema_trend-LINKUSDT-1687626000-B,tb-ema_trend-LINKUSDT-1687712400-T
ADA/USDT,ema_trend,2023-06-25 05:00,0.2962,2023-06-25 20:59,0.2911,trailing,5509.4,3.237329340000,-31.335269340000,-0.019202,16.00,tb-ema_trend-ADAUSDT-1687665600-B,tb-ema_trend-ADAUSDT-1687723200-T
LINK/USDT,ema_trend,2023-06-26 03:00,6.103,2023-06-26 16:59,6.039,trailing,395.35,4.80278090000,-30.10518090000,-0.012477,14.00,tb-ema_trend-LINKUSDT-1687744800-B,tb-ema_trend-LINKUSDT-1687795200-T
BTC/USDT,ema_trend,2023-06-27 18:00,30748.56,2023-06-28 02:59,30325.67,stop,0.07822,4.7796861580,-37.8581419580,-0.015740,9.00,tb-ema_trend-BTCUSDT-1687885200-B,tb-ema_trend-BTCUSDT-1687917600-X
BTC/USDT,ema_trend,2023-06-29 13:00,30639.25,2023-06-29 20:59,30307.46,stop,0.05864,3.5757534250,-23.0319190250,-0.012819,8.00,tb-ema_trend-BTCUSDT-1688040000-B,tb-ema_trend-BTCUSDT-1688068800-X
SOL/USDT,ema_trend,2023-06-29 11:00,17.50,2023-06-30 13:59,18.12,trailing,136.916,4.8793629200,80.0085570800,0.033392,27.00,tb-ema_trend-SOLUSDT-1688032800-B,tb-ema_trend-SOLUSDT-1688130000-T
LTC/USDT,ema_trend,2023-06-30 04:00,95.90,2023-06-30 13:59,95.91,trailing,18.677,3.5842574700,-3.3974874700,-0.001897,10.00,tb-ema_trend-LTCUSDT-1688094000-B,tb-ema_trend-LTCUSDT-1688130000-T
ADA/USDT,ema_trend,2023-06-30 05:00,0.2848,2023-06-30 13:59,0.2859,trailing,4719.2,2.694614480000,2.496505520000,0.001857,9.00,tb-ema_trend-ADAUSDT-1688097600-B,tb-ema_trend-ADAUSDT-1688130000-T
BTC/USDT,ema_trend,2023-06-30 14:00,30150.70,2023-07-01 03:00,30405.62,signal,0.07992,4.8420731500,15.5311332500,0.006445,13.00,tb-ema_trend-BTCUSDT-1688130000-B,tb-ema_trend-BTCUSDT-1688176800-S
ETH/USDT,ema_trend,2023-07-01 04:00,1921.12,2023-07-02 15:59,1906.09,trailing,0.8448,3.2349560140,-15.9323000140,-0.009817,36.00,tb-ema_trend-ETHUSDT-1688180400-B,tb-ema_trend-ETHUSDT-1688310000-T
LTC/USDT,ema_trend,2023-06-30 16:00,97.48,2023-07-03 14:59,108.68,trailing,13.905,2.8680195200,152.8679804800,0.112779,71.00,tb-ema_trend-LTCUSDT-1688137200-B,tb-ema_trend-LTCUSDT-1688392800-T
SOL/USDT,ema_trend,2023-07-02 16:00,19.30,2023-07-03 21:59,18.88,trailing,83.892,3.2046177600,-38.4392577600,-0.023741,30.00,tb-ema_trend-SOLUSDT-1688310000-B,tb-ema_trend-SOLUSDT-1688418000-T
LINK/USDT,ema_trend,2023-06-30 14:00,5.964,2023-07-04 06:59,6.471,trailing,303.00,3.76965384000,149.85134616000,0.082924,89.00,tb-ema_trend-LINKUSDT-1688130000-B,tb-ema_trend-LINKUSDT-1688450400-T
BNB/USDT,ema_trend,2023-07-03 15:00,248.03,2023-07-04 08:59,244.51,trailing,6.415,3.1613803100,-25.7421803100,-0.016179,18.00,tb-ema_trend-BNBUSDT-1688392800-B,tb-ema_trend-BNBUSDT-1688457600-T
BNB/USDT,ema_trend,2023-07-04 11:00,245.63,2023-07-04 13:00,244.77,signal,8.439,4.1406962700,-11.3982362700,-0.005499,2.00,tb-ema_trend-BNBUSDT-1688464800-B,tb-ema_trend-BNBUSDT-1688472000-S
BTC/USDT,ema_trend,2023-07-03 22:00,31065.75,2023-07-04 15:59,30889.00,trailing,0.05113,3.1696103125,-12.2068378125,-0.007685,18.00,tb-ema_trend-BTCUSDT-1688418000-B,tb-ema_trend-BTCUSDT-1688482800-T
BTC/USDT,ema_trend,2023-07-06 11:00,31247.26,2023-07-06 11:59,30856.47,stop,0.05911,3.6728263142,-26.7724232142,-0.014495,1.00,tb-ema_trend-BTCUSDT-1688637600-B,tb-ema_trend-BTCUSDT-1688641200-X
SOL/USDT,ema_trend,2023-07-06 06:00,19.53,2023-07-06 12:59,19.42,trailing,126.193,4.9176976600,-18.7989276600,-0.007628,7.00,tb-ema_trend-SOLUSDT-1688619600-B,tb-ema_trend-SOLUSDT-1688644800-T
SOL/USDT,ema_trend,2023-07-06 15:00,19.32,2023-07-07 00:59,19.57,trailing,126.910,4.9380028600,26.7894971400,0.010926,10.00,tb-ema_trend-SOLUSDT-1688652000-B,tb-ema_trend-SOLUSDT-1688688000-T
ADA/USDT,ema_trend,2023-07-09 01:00,0.2910,2023-07-09 06:59,0.2864,stop,6778.7,3.916000180000,-35.098020180000,-0.017793,6.00,tb-ema_trend-ADAUSDT-1688860800-B,tb-ema_trend-ADAUSDT-1688882400-X
SOL/USDT,ema_trend,2023-07-07 08:00,19.46,2023-07-09 07:59,21.40,trailing,99.822,4.0806729200,189.5740070800,0.097591,48.00,tb-ema_trend-SOLUSDT-1688713200-B,tb-ema_trend-SOLUSDT-1688886000-T
SOL/USDT,ema_trend,2023-07-10 01:00,20.99,2023-07-10 02:00,20.90,signal,118.964,4.9859207600,-15.6926807600,-0.006284,1.00,tb-ema_trend-SOLUSDT-1688947200-B,tb-ema_trend-SOLUSDT-1688950800-S
BTC/USDT,ema_trend,2023-07-10 19:00,30544.26,2023-07-10 21:59,30409.32,trailing,0.06121,3.7331067328,-11.9927841328,-0.006415,3.00,tb-ema_trend-BTCUSDT-1689012000-B,tb-ema_trend-BTCUSDT-1689022800-T
XRP/USDT,ema_trend,2023-07-10 19:00,0.4745,2023-07-11 13:59,0.4717,trailing,2955.4,2.797822980000,-11.072942980000,-0.007896,19.00,tb-ema_trend-XRPUSDT-1689012000-B,tb-ema_trend-XRPUSDT-1689080400-T
BNB/USDT,ema_trend,2023-07-10 11:00,243.33,2023-07-12 12:59,246.23,trailing,10.245,5.0182188300,24.6922811700,0.009905,50.00,tb-ema_trend-BNBUSDT-1688983200-B,tb-ema_trend-BNBUSDT-1689163200-T
ADA/USDT,ema_trend,2023-07-10 22:00,0.2878,2023-07-12 16:59,0.2886,trailing,5267.7,3.037827620000,1.176332380000,0.000776,43.00,tb-ema_trend-ADAUSDT-1689022800-B,tb-ema_trend-ADAUSDT-1689177600-T
SOL/USDT,ema_trend,2023-07-11 14:00,22.12,2023-07-12 19:59,21.78,trailing,67.195,2.9513646600,-25.7976646600,-0.017356,30.00,tb-ema_trend-SOLUSDT-1689080400-B,tb-ema_trend-SOLUSDT-1689188400-T
ETH/USDT,ema_trend,2023-07-12 13:00,1888.14,2023-07-12 19:59,1872.53,stop,0.9230,3.4729865500,-17.8810165500,-0.010260,7.00,tb-ema_trend-ETHUSDT-1689163200-B,tb-ema_trend-ETHUSDT-1689188400-X
BNB/USDT,ema_trend,2023-07-12 17:00,243.53,2023-07-13 01:00,242.87,signal,6.922,3.3685655100,-7.9370855100,-0.004708,8.00,tb-ema_trend-BNBUSDT-1689177600-B,tb-ema_trend-BNBUSDT-1689206400-S
SOL/USDT,ema_trend,2023-07-12 22:00,22.09,2023-07-13 04:59,21.52,stop,70.049,3.0564052800,-42.9843352800,-0.027779,7.00,tb-ema_trend-SOLUSDT-1689195600-B,tb-ema_trend-SOLUSDT-1689220800-X
SOL/USDT,ema_trend,2023-07-13 07:00,21.88,2023-07-13 09:00,21.85,signal,89.378,3.9104691400,-6.5918091400,-0.003371,2.00,tb-ema_trend-SOLUSDT-1689228000-B,tb-ema_trend-SOLUSDT-1689235200-S
LINK/USDT,ema_trend,2023-07-12 21:00,6.244,2023-07-14 12:59,7.009,trailing,330.12,4.37720332000,248.16459668000,0.120394,40.00,tb-ema_trend-LINKUSDT-1689192000-B,tb-ema_trend-LINKUSDT-1689336000-T
LTC/USDT,ema_trend,2023-07-13 07:00,100.16,2023-07-14 16:59,99.40,trailing,14.638,2.9226616800,-14.0475416800,-0.009581,34.00,tb-ema_trend-LTCUSDT-1689228000-B,tb-ema_trend-LTCUSDT-1689350400-T
SOL/USDT,ema_trend,2023-07-13 12:00,22.44,2023-07-14 17:59,26.93,trailing,70.763,3.4951625500,314.2307074500,0.197888,30.00,tb-ema_trend-SOLUSDT-1689246000-B,tb-ema_trend-SOLUSDT-1689354000-T
ADA/USDT,ema_trend,2023-07-14 13:00,0.3460,2023-07-14 17:59,0.3303,stop,5105.5,3.454648850000,-83.610998850000,-0.047331,5.00,tb-ema_trend-ADAUSDT-1689336000-B,tb-ema_trend-ADAUSDT-1689354000-X
LINK/USDT,ema_trend,2023-07-14 17:00,7.084,2023-07-14 18:59,6.878,stop,238.27,3.32842590000,-52.41204590000,-0.031052,2.00,tb-ema_trend-LINKUSDT-1689350400-B,tb-ema_trend-LINKUSDT-1689357600-X
ETH/USDT,ema_trend,2023-07-14 18:00,1961.94,2023-07-14 18:59,1931.08,stop,0.9568,3.7268034720,-33.2536514720,-0.017715,1.00,tb-ema_trend-ETHUSDT-1689354000-B,tb-ema_trend-ETHUSDT-1689357600-X
ADA/USDT,ema_trend,2023-07-14 20:00,0.3215,2023-07-16 00:59,0.3243,trailing,5970.7,3.857807060000,12.860152940000,0.006699,29.00,tb-ema_trend-ADAUSDT-1689361200-B,tb-ema_trend-ADAUSDT-1689465600-T
SOL/USDT,ema_trend,2023-07-14 20:00,26.09,2023-07-16 02:59,27.24,trailing,54.885,2.9284520000,60.1892980000,0.042033,31.00,tb-ema_trend-SOLUSDT-1689361200-B,tb-ema_trend-SOLUSDT-1689472800-T
LINK/USDT,ema_trend,2023-07-16 04:00,6.787,2023-07-16 10:00,6.804,signal,338.33,4.60055061000,1.15105939000,0.000501,6.00,tb-ema_trend-LINKUSDT-1689476400-B,tb-ema_trend-LINKUSDT-1689498000-S
XRP/USDT,ema_trend,2023-07-14 18:00,0.7082,2023-07-17 09:59,0.7352,trailing,1610.9,2.326377000000,41.167923000000,0.036086,64.00,tb-ema_trend-XRPUSDT-1689354000-B,tb-ema_trend-XRPUSDT-1689584400-T
LINK/USDT,ema_trend,2023-07-17 22:00,7.027,2023-07-18 11:59,6.954,trailing,368.87,5.15977146000,-32.08728146000,-0.012379,14.00,tb-ema_trend-LINKUSDT-1689627600-B,tb-ema_trend-LINKUSDT-1689678000-T
LINK/USDT,ema_trend,2023-07-18 14:00,6.944,2023-07-19 12:00,6.845,signal,279.13,3.85086789000,-31.48473789000,-0.016244,22.00,tb-ema_trend-LINKUSDT-1689685200-B,tb-ema_trend-LINKUSDT-1689764400-S
XRP/USDT,ema_trend,2023-07-18 13:00,0.7609,2023-07-20 14:59,0.7989,trailing,3395.9,5.299511880000,123.744688120000,0.047890,50.00,tb-ema_trend-XRPUSDT-1689681600-B,tb-ema_trend-XRPUSDT-1689861600-T
ADA/USDT,ema_trend,2023-07-19 07:00,0.3168,2023-07-20 14:59,0.3185,trailing,4586.6,2.915324260000,4.881895740000,0.003360,32.00,tb-ema_trend-ADAUSDT-1689746400-B,tb-ema_trend-ADAUSDT-1689861600-T
ADA/USDT,ema_trend,2023-07-20 17:00,0.3166,2023-07-21 04:00,0.3168,signal,5251.1,3.327724720000,-2.277504720000,-0.001370,11.00,tb-ema_trend-ADAUSDT-1689868800-B,tb-ema_trend-ADAUSDT-1689908400-S
XRP/USDT,ema_trend,2023-07-20 17:00,0.7944,2023-07-21 08:00,0.7789,signal,2790.0,4.391731320000,-47.636731320000,-0.021493,15.00,tb-ema_trend-XRPUSDT-1689868800-B,tb-ema_trend-XRPUSDT-1689922800-S
LINK/USDT,ema_trend,2023-07-20 10:00,8.113,2023-07-22 08:59,8.075,trailing,193.13,3.12801104000,-10.46695104000,-0.006680,47.00,tb-ema_trend-LINKUSDT-1689843600-B,tb-ema_trend-LINKUSDT-1690012800-T
LTC/USDT,ema_trend,2023-07-21 19:00,94.55,2023-07-22 10:59,93.37,trailing,23.307,4.3821206400,-31.8843806400,-0.014469,16.00,tb-ema_trend-LTCUSDT-1689962400-B,tb-ema_trend-LTCUSDT-1690020000-T
LTC/USDT,ema_trend,2023-07-22 16:00,93.97,2023-07-22 22:59,92.72,stop,27.509,5.1382863700,-39.5245363700,-0.015290,7.00,tb-ema_trend-LTCUSDT-1690038000-B,tb-ema_trend-LTCUSDT-1690063200-X
ETH/USDT,ema_trend,2023-07-26 21:00,1881.22,2023-07-27 07:59,1863.86,stop,0.7698,2.8844675620,-16.2481955620,-0.011220,11.00,tb-ema_trend-ETHUSDT-1690401600-B,tb-ema_trend-ETHUSDT-1690441200-X
ADA/USDT,ema_trend,2023-07-27 08:00,0.3109,2023-07-27 18:59,0.3059,stop,4644.1,2.865942110000,-26.086442110000,-0.018067,11.00,tb-ema_trend-ADAUSDT-1690441200-B,tb-ema_trend-ADAUSDT-1690480800-X
SOL/USDT,ema_trend,2023-07-26 16:00,24.94,2023-07-28 05:59,24.58,trailing,103.326,5.1192972800,-42.3166572800,-0.016421,38.00,tb-ema_trend-SOLUSDT-1690383600-B,tb-ema_trend-SOLUSDT-1690520400-T
LINK/USDT,ema_trend,2023-07-26 21:00,7.788,2023-07-28 05:59,7.837,trailing,247.93,3.87585325000,8.27271675000,0.004284,33.00,tb-ema_trend-LINKUSDT-1690401600-B,tb-ema_trend-LINKUSDT-1690520400-T
LINK/USDT,ema_trend,2023-07-28 08:00,7.846,2023-07-28 23:59,7.768,trailing,280.02,4.37450762000,-26.21606762000,-0.011932,16.00,tb-ema_trend-LINKUSDT-1690527600-B,tb-ema_trend-LINKUSDT-1690585200-T
SOL/USDT,ema_trend,2023-07-28 10:00,24.82,2023-07-30 07:59,24.82,trailing,66.427,3.2990992200,-3.2990992200,-0.002001,46.00,tb-ema_trend-SOLUSDT-1690534800-B,tb-ema_trend-SOLUSDT-1690700400-T
ETH/USDT,ema_trend,2023-07-29 23:00,1880.68,2023-07-30 09:59,1871.67,stop,0.9453,3.5489771340,-12.0661301340,-0.006787,11.00,tb-ema_trend-ETHUSDT-1690668000-B,tb-ema_trend-ETHUSDT-1690707600-X
BNB/USDT,ema_trend,2023-07-28 01:00,241.13,2023-07-30 19:59,241.59,trailing,5.959,2.8779752600,-0.1368352600,-0.000095,67.00,tb-ema_trend-BNBUSDT-1690502400-B,tb-ema_trend-BNBUSDT-1690743600-T
LTC/USDT,ema_trend,2023-07-30 08:00,94.50,2023-07-30 19:59,93.31,trailing,18.463,3.4693315300,-25.4403015300,-0.014581,12.00,tb-ema_trend-LTCUSDT-1690700400-B,tb-ema_trend-LTCUSDT-1690743600-T
ADA/USDT,ema_trend,2023-07-30 10:00,0.3147,2023-07-30 19:59,0.3115,stop,5560.4,3.483684800000,-21.276964800000,-0.012159,10.00,tb-ema_trend-ADAUSDT-1690707600-B,tb-ema_trend-ADAUSDT-1690743600-X
LTC/USDT,ema_trend,2023-07-30 22:00,93.50,2023-07-31 13:59,92.65,trailing,27.097,5.0467245500,-28.0791745500,-0.011083,16.00,tb-ema_trend-LTCUSDT-1690750800-B,tb-ema_trend-LTCUSDT-1690808400-T
ADA/USDT,ema_trend,2023-07-30 22:00,0.3111,2023-07-31 13:59,0.3111,trailing,6107.6,3.802077540000,-3.802077540000,-0.002001,16.00,tb-ema_trend-ADAUSDT-1690750800-B,tb-ema_trend-ADAUSDT-1690808400-T
BNB/USDT,ema_trend,2023-07-30 22:00,242.43,2023-07-31 16:59,241.29,trailing,5.881,2.8462119000,-9.5505519000,-0.006699,19.00,tb-ema_trend-BNBUSDT-1690750800-B,tb-ema_trend-BNBUSDT-1690819200-T
LTC/USDT,ema_trend,2023-07-31 18:00,93.03,2023-07-31 19:00,92.66,signal,27.126,5.0396317800,-15.0762517800,-0.005974,1.00,tb-ema_trend-LTCUSDT-1690822800-B,tb-ema_trend-LTCUSDT-1690826400-S
LTC/USDT,ema_trend,2023-08-01 23:00,93.49,2023-08-02 06:59,91.63,stop,20.037,3.7112127300,-40.9800327300,-0.021876,8.00,tb-ema_trend-LTCUSDT-1690927200-B,tb-ema_trend-LTCUSDT-1690956000-X
BTC/USDT,ema_trend,2023-08-02 01:00,29836.96,2023-08-02 08:59,29514.56,stop,0.04708,2.7957614048,-17.9743534048,-0.012796,8.00,tb-ema_trend-BTCUSDT-1690934400-B,tb-ema_trend-BTCUSDT-1690963200-X
BNB/USDT,ema_trend,2023-08-01 10:00,244.93,2023-08-02 14:59,244.19,trailing,10.192,4.9878052700,-12.5298852700,-0.005019,29.00,tb-ema_trend-BNBUSDT-1690880400-B,tb-ema_trend-BNBUSDT-1690984800-T
LINK/USDT,ema_trend,2023-08-02 09:00,7.658,2023-08-02 14:59,7.525,stop,242.69,3.68667677000,-35.96444677000,-0.019351,6.00,tb-ema_trend-LINKUSDT-1690963200-B,tb-ema_trend-LINKUSDT-1690984800-X
BTC/USDT,ema_trend,2023-08-02 11:00,29546.23,2023-08-02 14:59,29251.53,stop,0.04717,2.7749676506,-16.6759666506,-0.011965,4.00,tb-ema_trend-BTCUSDT-1690970400-B,tb-ema_trend-BTCUSDT-1690984800-X
BNB/USDT,ema_trend,2023-08-04 17:00,243.33,2023-08-04 18:59,241.38,stop,10.131,4.9132736400,-24.6687236400,-0.010007,2.00,tb-ema_trend-BNBUSDT-1691164800-B,tb-ema_trend-BNBUSDT-1691172000-X
BNB/USDT,ema_trend,2023-08-06 01:00,243.93,2023-08-06 13:59,243.15,trailing,10.084,4.9143979500,-12.7799179500,-0.005196,13.00,tb-ema_trend-BNBUSDT-1691280000-B,tb-ema_trend-BNBUSDT-1691326800-T
SOL/USDT,ema_trend,2023-08-07 02:00,23.48,2023-08-07 06:59,22.99,stop,78.496,3.6495640400,-42.1126040400,-0.022849,5.00,tb-ema_trend-SOLUSDT-1691370000-B,tb-ema_trend-SOLUSDT-1691388000-X
BNB/USDT,ema_trend,2023-08-06 16:00,243.33,2023-08-07 08:59,242.01,trailing,10.100,4.9046106300,-18.2366106300,-0.007420,17.00,tb-ema_trend-BNBUSDT-1691334000-B,tb-ema_trend-BNBUSDT-1691395200-T
BNB/USDT,ema_trend,2023-08-08 12:00,244.03,2023-08-09 10:59,243.58,trailing,5.627,2.7452456500,-5.2773956500,-0.003843,23.00,tb-ema_trend-BNBUSDT-1691492400-B,tb-ema_trend-BNBUSDT-1691575200-T
BTC/USDT,ema_trend,2023-08-08 12:00,29453.35,2023-08-09 15:59,29677.54,trailing,0.06215,3.6770465470,10.2563619530,0.005603,28.00,tb-ema_trend-BTCUSDT-1691492400-B,tb-ema_trend-BTCUSDT-1691593200-T
ETH/USDT,ema_trend,2023-08-09 11:00,1865.48,2023-08-09 15:59,1851.80,stop,0.7353,2.7348083680,-12.7937123680,-0.009327,5.00,tb-ema_trend-ETHUSDT-1691575200-B,tb-ema_trend-ETHUSDT-1691593200-X
XRP/USDT,ema_trend,2023-08-09 16:00,0.6549,2023-08-09 21:59,0.6404,stop,2792.9,3.619477090000,-44.116527090000,-0.024120,6.00,tb-ema_trend-XRPUSDT-1691593200-B,tb-ema_trend-XRPUSDT-1691614800-X
LINK/USDT,ema_trend,2023-08-08 00:00,7.332,2023-08-10 04:59,7.597,trailing,333.22,4.97713426000,83.32616574000,0.034106,53.00,tb-ema_trend-LINKUSDT-1691449200-B,tb-ema_trend-LINKUSDT-1691640000-T
ETH/USDT,ema_trend,2023-08-09 22:00,1854.74,2023-08-10 17:59,1846.94,trailing,0.7951,2.9446895560,-9.1464695560,-0.006202,20.00,tb-ema_trend-ETHUSDT-1691614800-B,tb-ema_trend-ETHUSDT-1691686800-T
LINK/USDT,ema_trend,2023-08-10 07:00,7.607,2023-08-11 02:59,7.526,trailing,228.51,3.45979144000,-21.96910144000,-0.012638,20.00,tb-ema_trend-LINKUSDT-1691647200-B,tb-ema_trend-LINKUSDT-1691719200-T
ETH/USDT,ema_trend,2023-08-10 20:00,1850.82,2023-08-11 05:00,1847.27,signal,0.9019,3.3371581880,-6.5389031880,-0.003917,9.00,tb-ema_trend-ETHUSDT-1691694000-B,tb-ema_trend-ETHUSDT-1691726400-S
SOL/USDT,ema_trend,2023-08-09 16:00,24.58,2023-08-13 12:59,24.58,trailing,55.823,2.7456351600,-2.7456351600,-0.002001,93.00,tb-ema_trend-SOLUSDT-1691593200-B,tb-ema_trend-SOLUSDT-1691928000-T
SOL/USDT,ema_trend,2023-08-13 15:00,24.63,2023-08-13 16:59,24.34,stop,99.070,4.8539209000,-33.5842209000,-0.013763,2.00,tb-ema_trend-SOLUSDT-1691935200-B,tb-ema_trend-SOLUSDT-1691942400-X
SOL/USDT,ema_trend,2023-08-13 19:00,24.55,2023-08-13 22:00,24.44,signal,99.051,4.8549634900,-15.7505734900,-0.006477,3.00,tb-ema_trend-SOLUSDT-1691949600-B,tb-ema_trend-SOLUSDT-1691960400-S
SOL/USDT,ema_trend,2023-08-14 17:00,25.20,2023-08-14 17:59,24.81,stop,72.227,3.6139118700,-31.7824418700,-0.017462,1.00,tb-ema_trend-SOLUSDT-1692028800-B,tb-ema_trend-SOLUSDT-1692032400-X
BTC/USDT,ema_trend,2023-08-14 15:00,29548.76,2023-08-14 18:59,29400.60,trailing,0.08212,4.8435808296,-17.0104800296,-0.007010,4.00,tb-ema_trend-BTCUSDT-1692021600-B,tb-ema_trend-BTCUSDT-1692036000-T
BTC/USDT,ema_trend,2023-08-14 22:00,29419.84,2023-08-15 06:00,29355.03,signal,0.06154,3.6190648924,-7.6074722924,-0.004202,8.00,tb-ema_trend-BTCUSDT-1692046800-B,tb-ema_trend-BTCUSDT-1692075600-S
SOL/USDT,ema_trend,2023-08-14 20:00,24.85,2023-08-15 18:59,24.61,trailing,97.203,4.8100956800,-28.1388156800,-0.011649,23.00,tb-ema_trend-SOLUSDT-1692039600-B,tb-ema_trend-SOLUSDT-1692122400-T
ADA/USDT,ema_trend,2023-08-24 01:00,0.2696,2023-08-24 13:59,0.2649,stop,8928.9,4.774923450000,-46.740753450000,-0.019417,13.00,tb-ema_trend-ADAUSDT-1692835200-B,tb-ema_trend-ADAUSDT-1692882000-X
SOL/USDT,ema_trend,2023-08-24 05:00,21.95,2023-08-24 14:59,21.45,stop,82.218,3.5700830500,-44.6790830500,-0.024757,10.00,tb-ema_trend-SOLUSDT-1692849600-B,tb-ema_trend-SOLUSDT-1692885600-X
BNB/USDT,ema_trend,2023-08-24 08:00,219.51,2023-08-24 20:59,216.30,stop,6.164,2.6878694100,-22.4743094100,-0.016610,13.00,tb-ema_trend-BNBUSDT-1692860400-B,tb-ema_trend-BNBUSDT-1692907200-X
BNB/USDT,ema_trend,2023-08-27 17:00,219.91,2023-08-27 18:59,218.34,stop,10.810,4.7399015100,-21.7116015100,-0.009133,2.00,tb-ema_trend-BNBUSDT-1693152000-B,tb-ema_trend-BNBUSDT-1693159200-X
BNB/USDT,ema_trend,2023-08-27 21:00,218.41,2023-08-28 05:59,216.78,stop,10.859,4.7281307200,-22.4283007200,-0.009457,9.00,tb-ema_trend-BNBUSDT-1693166400-B,tb-ema_trend-BNBUSDT-1693198800-X
ADA/USDT,ema_trend,2023-08-28 16:00,0.2657,2023-08-29 06:59,0.2628,trailing,6678.6,3.531420290000,-22.899360290000,-0.012905,15.00,tb-ema_trend-ADAUSDT-1693234800-B,tb-ema_trend-ADAUSDT-1693288800-T
LTC/USDT,ema_trend,2023-08-29 15:00,69.70,2023-08-29 15:59,68.30,stop,19.035,2.6282240000,-29.2772240000,-0.022067,1.00,tb-ema_trend-LTCUSDT-1693317600-B,tb-ema_trend-LTCUSDT-1693321200-X
ADA/USDT,ema_trend,2023-08-29 15:00,0.2779,2023-08-29 23:59,0.2726,stop,6364.7,3.505545910000,-37.238455910000,-0.021054,9.00,tb-ema_trend-ADAUSDT-1693317600-B,tb-ema_trend-ADAUSDT-1693350000-X
BNB/USDT,ema_trend,2023-08-28 14:00,218.21,2023-08-30 00:59,225.28,trailing,10.843,4.8111623800,71.8488476200,0.030367,35.00,tb-ema_trend-BNBUSDT-1693227600-B,tb-ema_trend-BNBUSDT-1693353600-T
LINK/USDT,ema_trend,2023-08-29 16:00,6.186,2023-08-30 03:59,6.068,trailing,213.25,2.61452642000,-27.77802642000,-0.021057,12.00,tb-ema_trend-LINKUSDT-1693321200-B,tb-ema_trend-LINKUSDT-1693364400-T
BTC/USDT,ema_trend,2023-08-30 00:00,27730.20,2023-08-30 13:59,27261.28,stop,0.05129,2.8221768200,-26.8730836200,-0.018894,14.00,tb-ema_trend-BTCUSDT-1693350000-B,tb-ema_trend-BTCUSDT-1693400400-X
ETH/USDT,ema_trend,2023-08-30 01:00,1722.89,2023-08-30 14:59,1697.31,stop,0.9729,3.3292354710,-28.2160174710,-0.016833,14.00,tb-ema_trend-ETHUSDT-1693353600-B,tb-ema_trend-ETHUSDT-1693404000-X
SOL/USDT,ema_trend,2023-08-30 04:00,21.65,2023-08-30 14:59,21.10,stop,72.984,3.1216681000,-43.2628681000,-0.027380,11.00,tb-ema_trend-SOLUSDT-1693364400-B,tb-ema_trend-SOLUSDT-1693404000-X
BNB/USDT,ema_trend,2023-08-30 14:00,224.52,2023-08-30 16:59,221.81,stop,6.832,3.0508982000,-21.5656182000,-0.014059,3.00,tb-ema_trend-BNBUSDT-1693400400-B,tb-ema_trend-BNBUSDT-1693411200-X
LTC/USDT,ema_trend,2023-08-30 15:00,66.94,2023-08-31 15:59,66.79,trailing,29.079,3.8907428700,-8.2525928700,-0.004240,25.00,tb-ema_trend-LTCUSDT-1693404000-B,tb-ema_trend-LTCUSDT-1693494000-T
BTC/USDT,ema_trend,2023-08-30 16:00,27215.24,2023-08-31 15:59,26987.61,trailing,0.05364,2.9090737880,-15.1191469880,-0.010357,24.00,tb-ema_trend-BTCUSDT-1693407600-B,tb-ema_trend-BTCUSDT-1693494000-T
ETH/USDT,ema_trend,2023-08-30 17:00,1701.23,2023-08-31 15:59,1692.48,trailing,0.8659,2.9401445940,-10.5167695940,-0.007139,23.00,tb-ema_trend-ETHUSDT-1693411200-B,tb-ema_trend-ETHUSDT-1693494000-T
LINK/USDT,ema_trend,2023-09-03 11:00,6.025,2023-09-04 13:59,6.034,trailing,384.44,4.63831171000,-1.17835171000,-0.000509,27.00,tb-ema_trend-LINKUSDT-1693735200-B,tb-ema_trend-LINKUSDT-1693832400-T
LINK/USDT,ema_trend,2023-09-04 18:00,6.045,2023-09-04 21:59,5.949,stop,383.18,4.59821847000,-41.38349847000,-0.017866,4.00,tb-ema_trend-LINKUSDT-1693846800-B,tb-ema_trend-LINKUSDT-1693861200-X
SOL/USDT,ema_trend,2023-09-05 15:00,20.16,2023-09-06 06:59,19.74,trailing,85.857,3.4274280600,-39.4873680600,-0.022814,16.00,tb-ema_trend-SOLUSDT-1693922400-B,tb-ema_trend-SOLUSDT-1693980000-T
LINK/USDT,ema_trend,2023-09-05 12:00,6.091,2023-09-06 17:59,6.091,trailing,378.59,4.61429796000,-4.61429796000,-0.002001,30.00,tb-ema_trend-LINKUSDT-1693911600-B,tb-ema_trend-LINKUSDT-1694019600-T
BNB/USDT,ema_trend,2023-09-07 06:00,216.11,2023-09-07 11:59,214.21,stop,7.962,3.4279367200,-18.5557367200,-0.010784,6.00,tb-ema_trend-BNBUSDT-1694062800-B,tb-ema_trend-BNBUSDT-1694084400-X
LINK/USDT,ema_trend,2023-09-06 20:00,6.255,2023-09-07 12:59,6.230,trailing,366.95,4.58368510000,-13.75743510000,-0.005994,17.00,tb-ema_trend-LINKUSDT-1694026800-B,tb-ema_trend-LINKUSDT-1694088000-T
LINK/USDT,ema_trend,2023-09-07 15:00,6.281,2023-09-08 08:59,6.264,trailing,364.09,4.56983302000,-10.75936302000,-0.004705,18.00,tb-ema_trend-LINKUSDT-1694095200-B,tb-ema_trend-LINKUSDT-1694160000-T
ETH/USDT,ema_trend,2023-09-07 22:00,1647.15,2023-09-08 09:59,1633.65,trailing,0.7808,2.5629663600,-13.1037663600,-0.010189,12.00,tb-ema_trend-ETHUSDT-1694120400-B,tb-ema_trend-ETHUSDT-1694163600-T
BTC/USDT,ema_trend,2023-09-07 21:00,26019.25,2023-09-08 10:59,25968.89,trailing,0.06590,3.4278397725,-6.7465637725,-0.003935,14.00,tb-ema_trend-BTCUSDT-1694116800-B,tb-ema_trend-BTCUSDT-1694167200-T
BNB/USDT,ema_trend,2023-09-08 09:00,217.11,2023-09-08 10:59,215.16,stop,7.063,3.0548598900,-16.8277098900,-0.010974,2.00,tb-ema_trend-BNBUSDT-1694160000-B,tb-ema_trend-BNBUSDT-1694167200-X
LINK/USDT,ema_trend,2023-09-08 11:00,6.228,2023-09-09 09:00,6.225,signal,365.33,4.55175885000,-5.64774885000,-0.002482,22.00,tb-ema_trend-LINKUSDT-1694167200-B,tb-ema_trend-LINKUSDT-1694246400-S
BNB/USDT,ema_trend,2023-09-13 23:00,212.91,2023-09-14 01:59,211.07,trailing,6.007,2.5483382300,-13.6012182300,-0.010635,3.00,tb-ema_trend-BNBUSDT-1694642400-B,tb-ema_trend-BNBUSDT-1694653200-T
BTC/USDT,ema_trend,2023-09-12 12:00,26112.03,2023-09-15 11:59,26384.96,trailing,0.08705,4.5722130642,19.1863434358,0.008441,72.00,tb-ema_trend-BTCUSDT-1694516400-B,tb-ema_trend-BTCUSDT-1694775600-T
ETH/USDT,ema_trend,2023-09-14 02:00,1621.02,2023-09-15 14:59,1616.50,trailing,0.7866,2.5479300480,-6.1033620480,-0.004787,37.00,tb-ema_trend-ETHUSDT-1694653200-B,tb-ema_trend-ETHUSDT-1694786400-T
BTC/USDT,ema_trend,2023-09-15 15:00,26251.25,2023-09-16 10:59,26436.64,trailing,0.05577,2.9399786975,7.3992216025,0.005054,20.00,tb-ema_trend-BTCUSDT-1694786400-B,tb-ema_trend-BTCUSDT-1694858400-T
LTC/USDT,ema_trend,2023-09-13 17:00,61.90,2023-09-16 12:59,64.89,trailing,27.547,3.4944173300,78.8711126700,0.046254,68.00,tb-ema_trend-LTCUSDT-1694620800-B,tb-ema_trend-LTCUSDT-1694865600-T
LINK/USDT,ema_trend,2023-09-16 11:00,6.289,2023-09-16 14:59,6.199,stop,233.19,2.91358608000,-23.90068608000,-0.016297,4.00,tb-ema_trend-LINKUSDT-1694858400-B,tb-ema_trend-LINKUSDT-1694872800-X
XRP/USDT,ema_trend,2023-09-15 12:00,0.4941,2023-09-17 00:59,0.4956,trailing,3095.7,3.065346000000,1.578204000000,0.001032,37.00,tb-ema_trend-XRPUSDT-1694775600-B,tb-ema_trend-XRPUSDT-1694908800-T
SOL/USDT,ema_trend,2023-09-16 13:00,19.19,2023-09-17 00:59,18.83,stop,80.579,3.0651679700,-32.0736079700,-0.020742,12.00,tb-ema_trend-SOLUSDT-1694865600-B,tb-ema_trend-SOLUSDT-1694908800-X
LTC/USDT,ema_trend,2023-09-16 15:00,64.52,2023-09-17 01:59,64.10,trailing,23.558,3.0315784400,-12.9259384400,-0.008504,11.00,tb-ema_trend-LTCUSDT-1694872800-B,tb-ema_trend-LTCUSDT-1694912400-T
LTC/USDT,ema_trend,2023-09-17 04:00,64.10,2023-09-17 15:00,64.17,signal,22.563,2.8956303100,-1.3162203100,-0.000910,11.00,tb-ema_trend-LTCUSDT-1694919600-B,tb-ema_trend-LTCUSDT-1694959200-S
LINK/USDT,ema_trend,2023-09-17 01:00,6.224,2023-09-17 16:59,6.138,trailing,229.13,2.83393658000,-22.53911658000,-0.015805,16.00,tb-ema_trend-LINKUSDT-1694908800-B,tb-ema_trend-LINKUSDT-1694966400-T
BTC/USDT,ema_trend,2023-09-17 01:00,26481.91,2023-09-17 20:59,26413.32,trailing,0.07177,3.7984092135,-8.7211135135,-0.004589,20.00,tb-ema_trend-BTCUSDT-1694908800-B,tb-ema_trend-BTCUSDT-1694980800-T
LINK/USDT,ema_trend,2023-09-18 04:00,6.626,2023-09-19 00:59,6.518,trailing,342.54,4.50466486000,-41.49898486000,-0.018284,21.00,tb-ema_trend-LINKUSDT-1695006000-B,tb-ema_trend-LINKUSDT-1695081600-T
LTC/USDT,ema_trend,2023-09-18 07:00,64.86,2023-09-20 00:59,66.57,trailing,19.683,2.5882338900,31.0696961100,0.024337,42.00,tb-ema_trend-LTCUSDT-1695016800-B,tb-ema_trend-LTCUSDT-1695168000-T
BTC/USDT,ema_trend,2023-09-19 01:00,26690.46,2023-09-20 06:59,26939.60,trailing,0.05672,3.0434984288,11.0877223712,0.007324,30.00,tb-ema_trend-BTCUSDT-1695081600-B,tb-ema_trend-BTCUSDT-1695189600-T
SOL/USDT,ema_trend,2023-09-18 07:00,19.07,2023-09-21 06:59,19.77,trailing,89.302,3.4702059800,59.0411940200,0.034669,72.00,tb-ema_trend-SOLUSDT-1695016800-B,tb-ema_trend-SOLUSDT-1695276000-T
XRP/USDT,ema_trend,2023-09-20 07:00,0.5148,2023-09-21 07:59,0.5099,trailing,2871.6,2.944021440000,-17.014861440000,-0.011510,25.00,tb-ema_trend-XRPUSDT-1695189600-B,tb-ema_trend-XRPUSDT-1695279600-T
LINK/USDT,ema_trend,2023-09-20 01:00,6.850,2023-09-21 09:59,6.752,trailing,213.53,2.90594206000,-23.83188206000,-0.016293,33.00,tb-ema_trend-LINKUSDT-1695168000-B,tb-ema_trend-LINKUSDT-1695286800-T
SOL/USDT,ema_trend,2023-09-21 11:00,19.55,2023-09-21 12:00,19.58,signal,116.266,4.5517759300,-1.0637959300,-0.000468,1.00,tb-ema_trend-SOLUSDT-1695290400-B,tb-ema_trend-SOLUSDT-1695294000-S
XRP/USDT,ema_trend,2023-09-21 12:00,0.5055,2023-09-21 13:00,0.5050,signal,3374.9,3.412055150000,-5.099505150000,-0.002989,1.00,tb-ema_trend-XRPUSDT-1695294000-B,tb-ema_trend-XRPUSDT-1695297600-S
LINK/USDT,ema_trend,2023-09-21 12:00,6.710,2023-09-21 14:00,6.652,signal,190.65,2.54880730000,-13.60650730000,-0.010636,2.00,tb-ema_trend-LINKUSDT-1695294000-B,tb-ema_trend-LINKUSDT-1695301200-S
LTC/USDT,ema_trend,2023-09-23 19:00,65.05,2023-09-24 06:59,64.38,stop,26.164,3.3881628700,-20.9180428700,-0.012291,12.00,tb-ema_trend-LTCUSDT-1695492000-B,tb-ema_trend-LTCUSDT-1695535200-X
LINK/USDT,ema_trend,2023-09-22 19:00,6.918,2023-09-24 23:59,7.020,trailing,327.89,4.57241376000,28.87236624000,0.012728,53.00,tb-ema_trend-LINKUSDT-1695405600-B,tb-ema_trend-LINKUSDT-1695596400-T
LINK/USDT,ema_trend,2023-09-25 02:00,7.177,2023-09-26 13:59,7.341,trailing,316.46,4.59666292000,47.30277708000,0.020827,36.00,tb-ema_trend-LINKUSDT-1695603600-B,tb-ema_trend-LINKUSDT-1695733200-T
BNB/USDT,ema_trend,2023-09-26 07:00,212.01,2023-09-27 14:59,212.52,trailing,8.029,3.4104594600,0.6843305400,0.000402,32.00,tb-ema_trend-BNBUSDT-1695708000-B,tb-ema_trend-BNBUSDT-1695823200-T
ETH/USDT,ema_trend,2023-09-27 10:00,1613.17,2023-09-27 14:59,1606.56,trailing,0.8634,2.7813667310,-8.4884407310,-0.006094,5.00,tb-ema_trend-ETHUSDT-1695805200-B,tb-ema_trend-ETHUSDT-1695823200-T
LINK/USDT,ema_trend,2023-09-26 16:00,7.333,2023-09-29 10:59,7.707,trailing,253.29,3.81138818000,90.91907182000,0.048950,67.00,tb-ema_trend-LINKUSDT-1695740400-B,tb-ema_trend-LINKUSDT-1695981600-T
ETH/USDT,ema_trend,2023-09-28 01:00,1604.31,2023-09-29 14:59,1656.65,trailing,0.8490,2.7699989190,41.6666610810,0.030591,38.00,tb-ema_trend-ETHUSDT-1695859200-B,tb-ema_trend-ETHUSDT-1695996000-T
BNB/USDT,ema_trend,2023-09-27 17:00,212.61,2023-09-30 01:59,214.08,trailing,8.548,3.6492596100,8.9163003900,0.004906,57.00,tb-ema_trend-BNBUSDT-1695830400-B,tb-ema_trend-BNBUSDT-1696035600-T
LTC/USDT,ema_trend,2023-09-29 15:00,65.77,2023-10-01 17:59,66.43,trailing,22.543,2.9816973100,11.8966826900,0.008024,51.00,tb-ema_trend-LTCUSDT-1695996000-B,tb-ema_trend-LTCUSDT-1696179600-T
XRP/USDT,ema_trend,2023-09-30 02:00,0.5155,2023-10-02 15:59,0.5172,trailing,3042.8,3.143897610000,2.028862390000,0.001293,62.00,tb-ema_trend-XRPUSDT-1696035600-B,tb-ema_trend-XRPUSDT-1696258800-T
SOL/USDT,ema_trend,2023-09-29 11:00,20.12,2023-10-02 18:59,23.26,trailing,75.023,3.2560268600,232.3161931400,0.153907,80.00,tb-ema_trend-SOLUSDT-1695981600-B,tb-ema_trend-SOLUSDT-1696269600-T
ADA/USDT,ema_trend,2023-10-01 18:00,0.2586,2023-10-02 18:59,0.2622,trailing,5996.4,3.124502580000,18.462537420000,0.011906,25.00,tb-ema_trend-ADAUSDT-1696179600-B,tb-ema_trend-ADAUSDT-1696269600-T
BTC/USDT,ema_trend,2023-10-02 16:00,28040.32,2023-10-02 19:59,27631.24,stop,0.05543,3.0875569868,-25.7628613868,-0.016575,4.00,tb-ema_trend-BTCUSDT-1696258800-B,tb-ema_trend-BTCUSDT-1696273200-X
ETH/USDT,ema_trend,2023-10-02 19:00,1659.19,2023-10-02 23:00,1660.47,signal,1.2015,3.9907284420,-2.4528084420,-0.001230,4.00,tb-ema_trend-ETHUSDT-1696269600-B,tb-ema_trend-ETHUSDT-1696284000-S
LTC/USDT,ema_trend,2023-10-02 20:00,66.30,2023-10-02 23:00,65.73,signal,21.249,2.8069640700,-14.9188940700,-0.010590,3.00,tb-ema_trend-LTCUSDT-1696273200-B,tb-ema_trend-LTCUSDT-1696284000-S
BNB/USDT,ema_trend,2023-10-02 20:00,215.21,2023-10-03 00:00,214.49,signal,8.723,3.7502099900,-10.0307699900,-0.005343,4.00,tb-ema_trend-BNBUSDT-1696273200-B,tb-ema_trend-BNBUSDT-1696287600-S
BTC/USDT,ema_trend,2023-10-03 00:00,27508.26,2023-10-03 16:00,27331.32,signal,0.05185,2.8450827166,-12.0194217166,-0.008427,16.00,tb-ema_trend-BTCUSDT-1696287600-B,tb-ema_trend-BTCUSDT-1696345200-S
ADA/USDT,ema_trend,2023-10-03 01:00,0.2593,2023-10-03 23:00,0.2599,signal,5924.4,3.077504280000,0.477135720000,0.000311,22.00,tb-ema_trend-ADAUSDT-1696291200-B,tb-ema_trend-ADAUSDT-1696370400-S
SOL/USDT,ema_trend,2023-10-03 00:00,23.40,2023-10-04 00:59,23.07,trailing,81.351,3.7822997700,-30.6281297700,-0.016089,25.00,tb-ema_trend-SOLUSDT-1696287600-B,tb-ema_trend-SOLUSDT-1696377600-T
XRP/USDT,ema_trend,2023-10-04 00:00,0.5394,2023-10-04 00:59,0.5278,stop,3504.8,3.742264400000,-44.397944400000,-0.023485,1.00,tb-ema_trend-XRPUSDT-1696374000-B,tb-ema_trend-XRPUSDT-1696377600-X
SOL/USDT,ema_trend,2023-10-04 03:00,23.34,2023-10-04 08:00,23.14,signal,75.452,3.5087828000,-18.5991828000,-0.010561,5.00,tb-ema_trend-SOLUSDT-1696384800-B,tb-ema_trend-SOLUSDT-1696402800-S
SOL/USDT,ema_trend,2023-10-04 11:00,23.53,2023-10-04 15:00,22.90,signal,74.639,3.4672535200,-50.4898235200,-0.028749,4.00,tb-ema_trend-SOLUSDT-1696413600-B,tb-ema_trend-SOLUSDT-1696428000-S
XRP/USDT,ema_trend,2023-10-04 03:00,0.5384,2023-10-05 05:59,0.5247,trailing,4360.7,4.638229130000,-64.379819130000,-0.027421,27.00,tb-ema_trend-XRPUSDT-1696384800-B,tb-ema_trend-XRPUSDT-1696482000-T
BTC/USDT,ema_trend,2023-10-04 21:00,27662.82,2023-10-05 15:59,27609.26,trailing,0.06300,3.4840774374,-6.8583574374,-0.003935,19.00,tb-ema_trend-BTCUSDT-1696449600-B,tb-ema_trend-BTCUSDT-1696518000-T
LINK/USDT,ema_trend,2023-10-05 07:00,7.703,2023-10-05 15:59,7.520,stop,243.79,3.71314092000,-48.32671092000,-0.025734,9.00,tb-ema_trend-LINKUSDT-1696485600-B,tb-ema_trend-LINKUSDT-1696518000-X
XRP/USDT,ema_trend,2023-10-05 11:00,0.5246,2023-10-05 15:59,0.5160,stop,2685.4,2.795843660000,-25.890283660000,-0.018378,5.00,tb-ema_trend-XRPUSDT-1696500000-B,tb-ema_trend-XRPUSDT-1696518000-X
BTC/USDT,ema_trend,2023-10-05 18:00,27497.18,2023-10-05 23:00,27421.54,signal,0.08340,4.5826959982,-10.8910719982,-0.004749,5.00,tb-ema_trend-BTCUSDT-1696525200-B,tb-ema_trend-BTCUSDT-1696543200-S
ETH/USDT,ema_trend,2023-10-06 22:00,1653.19,2023-10-07 15:59,1635.57,trailing,1.0393,3.4198267760,-21.7322927760,-0.012649,18.00,tb-ema_trend-ETHUSDT-1696626000-B,tb-ema_trend-ETHUSDT-1696690800-T
LTC/USDT,ema_trend,2023-10-07 03:00,65.76,2023-10-07 16:59,65.30,trailing,19.597,2.5696980200,-11.5843180200,-0.008989,14.00,tb-ema_trend-LTCUSDT-1696644000-B,tb-ema_trend-LTCUSDT-1696694400-T
BNB/USDT,ema_trend,2023-10-06 21:00,213.41,2023-10-07 17:00,212.09,trailing,10.729,4.5675370100,-18.7298170100,-0.008180,20.00,tb-ema_trend-BNBUSDT-1696622400-B,tb-ema_trend-BNBUSDT-1696698000-T
BTC/USDT,ema_trend,2023-10-07 17:00,27954.87,2023-10-08 10:59,27812.74,trailing,0.04872,2.7183956999,-9.6429692999,-0.007080,18.00,tb-ema_trend-BTCUSDT-1696694400-B,tb-ema_trend-BTCUSDT-1696759200-T
LTC/USDT,ema_trend,2023-10-07 22:00,65.40,2023-10-08 10:59,65.15,trailing,24.306,3.1747833000,-9.2512833000,-0.005820,13.00,tb-ema_trend-LTCUSDT-1696712400-B,tb-ema_trend-LTCUSDT-1696759200-T
SOL/USDT,ema_trend,2023-10-07 16:00,23.36,2023-10-08 12:00,23.20,signal,59.557,2.7743755200,-12.3034955200,-0.008843,20.00,tb-ema_trend-SOLUSDT-1696690800-B,tb-ema_trend-SOLUSDT-1696762800-S
LINK/USDT,ema_trend,2023-10-08 22:00,7.794,2023-10-09 00:59,7.642,stop,291.24,4.49791884000,-48.76639884000,-0.021484,3.00,tb-ema_trend-LINKUSDT-1696798800-B,tb-ema_trend-LINKUSDT-1696809600-X
SOL/USDT,ema_trend,2023-10-14 09:00,22.17,2023-10-15 11:59,21.81,trailing,101.925,4.4849450100,-41.1779450100,-0.018223,27.00,tb-ema_trend-SOLUSDT-1697270400-B,tb-ema_trend-SOLUSDT-1697367600-T
LINK/USDT,ema_trend,2023-10-15 09:00,7.381,2023-10-15 13:59,7.300,stop,229.36,3.36893179000,-21.94709179000,-0.012964,5.00,tb-ema_trend-LINKUSDT-1697356800-B,tb-ema_trend-LINKUSDT-1697374800-X
BTC/USDT,ema_trend,2023-10-15 21:00,27219.81,2023-10-15 22:59,27066.98,stop,0.04631,2.5153822316,-9.5929395316,-0.007610,2.00,tb-ema_trend-BTCUSDT-1697400000-B,tb-ema_trend-BTCUSDT-1697407200-X
LINK/USDT,ema_trend,2023-10-15 18:00,7.386,2023-10-16 13:59,7.436,trailing,227.63,3.37563064000,8.00586936000,0.004762,20.00,tb-ema_trend-LINKUSDT-1697389200-B,tb-ema_trend-LINKUSDT-1697461200-T
BNB/USDT,ema_trend,2023-10-15 14:00,208.91,2023-10-17 12:59,212.00,trailing,10.737,4.5216086800,28.6557213200,0.012775,47.00,tb-ema_trend-BNBUSDT-1697374800-B,tb-ema_trend-BNBUSDT-1697544000-T
SOL/USDT,ema_trend,2023-10-16 14:00,23.31,2023-10-18 13:59,23.65,trailing,58.630,2.7546400900,17.1795599100,0.012570,48.00,tb-ema_trend-SOLUSDT-1697461200-B,tb-ema_trend-SOLUSDT-1697634000-T
BTC/USDT,ema_trend,2023-10-16 01:00,27155.45,2023-10-18 14:59,28196.28,trailing,0.04634,2.5663569455,45.6657052545,0.036289,62.00,tb-ema_trend-BTCUSDT-1697414400-B,tb-ema_trend-BTCUSDT-1697637600-T
BNB/USDT,ema_trend,2023-10-17 15:00,210.81,2023-10-18 19:59,210.65,trailing,7.553,3.1849738600,-4.3934538600,-0.002759,29.00,tb-ema_trend-BNBUSDT-1697551200-B,tb-ema_trend-BNBUSDT-1697655600-T
BTC/USDT,ema_trend,2023-10-18 17:00,28363.41,2023-10-22 07:59,29734.08,trailing,0.06579,3.8242193026,86.3521599974,0.046276,87.00,tb-ema_trend-BTCUSDT-1697644800-B,tb-ema_trend-BTCUSDT-1697958000-T
SOL/USDT,ema_trend,2023-10-19 13:00,24.16,2023-10-22 07:59,28.56,trailing,74.392,3.9237582400,323.4010417600,0.179936,67.00,tb-ema_trend-SOLUSDT-1697716800-B,tb-ema_trend-SOLUSDT-1697958000-T
XRP/USDT,ema_trend,2023-10-19 22:00,0.5063,2023-10-22 07:59,0.5145,trailing,2661.5,2.718226210000,19.106073790000,0.014179,58.00,tb-ema_trend-XRPUSDT-1697749200-B,tb-ema_trend-XRPUSDT-1697958000-T
LINK/USDT,ema_trend,2023-10-22 08:00,9.311,2023-10-23 09:59,10.001,trailing,208.68,4.03198347000,139.95721653000,0.072031,26.00,tb-ema_trend-LINKUSDT-1697958000-B,tb-ema_trend-LINKUSDT-1698051600-T
LTC/USDT,ema_trend,2023-10-22 08:00,64.17,2023-10-24 06:59,68.94,trailing,22.024,2.9330905500,102.1213894500,0.072258,47.00,tb-ema_trend-LTCUSDT-1697958000-B,tb-ema_trend-LTCUSDT-1698127200-T
BNB/USDT,ema_trend,2023-10-23 10:00,219.51,2023-10-24 06:59,226.99,trailing,7.200,3.2165560800,50.6394439200,0.032041,21.00,tb-ema_trend-BNBUSDT-1698051600-B,tb-ema_trend-BNBUSDT-1698127200-T
ETH/USDT,ema_trend,2023-10-22 08:00,1631.13,2023-10-24 15:59,1780.18,trailing,1.1553,3.9430437950,168.2544212050,0.089286,56.00,tb-ema_trend-ETHUSDT-1697958000-B,tb-ema_trend-ETHUSDT-1698159600-T
ADA/USDT,ema_trend,2023-10-24 07:00,0.2797,2023-10-24 15:59,0.2785,trailing,5289.9,2.954304590000,-9.302184590000,-0.006287,9.00,tb-ema_trend-ADAUSDT-1698127200-B,tb-ema_trend-ADAUSDT-1698159600-T
LTC/USDT,ema_trend,2023-10-24 16:00,68.15,2023-10-25 21:59,67.82,trailing,21.903,2.9796502100,-10.2076402100,-0.006838,30.00,tb-ema_trend-LTCUSDT-1698159600-B,tb-ema_trend-LTCUSDT-1698267600-T
BNB/USDT,ema_trend,2023-10-24 16:00,224.12,2023-10-25 23:00,222.58,signal,8.883,3.9700531800,-17.6498731800,-0.008865,31.00,tb-ema_trend-BNBUSDT-1698159600-B,tb-ema_trend-BNBUSDT-1698271200-S
BTC/USDT,ema_trend,2023-10-24 07:00,33992.19,2023-10-26 11:59,34014.09,trailing,0.05801,3.9470838333,-2.6766648333,-0.001357,53.00,tb-ema_trend-BTCUSDT-1698127200-B,tb-ema_trend-BTCUSDT-1698318000-T
LINK/USDT,ema_trend,2023-10-26 00:00,11.065,2023-10-26 14:59,10.505,stop,145.56,3.14138895000,-84.65498895000,-0.052560,15.00,tb-ema_trend-LINKUSDT-1698274800-B,tb-ema_trend-LINKUSDT-1698328800-X
SOL/USDT,ema_trend,2023-10-25 22:00,32.27,2023-10-26 15:59,30.93,trailing,46.186,2.9204718900,-64.8097118900,-0.043484,18.00,tb-ema_trend-SOLUSDT-1698267600-B,tb-ema_trend-SOLUSDT-1698332400-T
ADA/USDT,ema_trend,2023-10-26 12:00,0.2894,2023-10-27 01:59,0.2813,trailing,5875.8,3.355026520000,-50.949006520000,-0.029962,14.00,tb-ema_trend-ADAUSDT-1698318000-B,tb-ema_trend-ADAUSDT-1698368400-T
BTC/USDT,ema_trend,2023-10-26 15:00,34216.75,2023-10-27 17:59,33622.75,stop,0.04841,3.2858210350,-32.0413610350,-0.019344,27.00,tb-ema_trend-BTCUSDT-1698328800-B,tb-ema_trend-BTCUSDT-1698426000-X
SOL/USDT,ema_trend,2023-10-26 18:00,31.21,2023-10-27 17:59,31.19,trailing,51.235,3.1986869200,-4.2233869200,-0.002641,24.00,tb-ema_trend-SOLUSDT-1698339600-B,tb-ema_trend-SOLUSDT-1698426000-T
LINK/USDT,ema_trend,2023-10-27 14:00,11.098,2023-10-28 22:59,10.959,trailing,145.19,3.20412053000,-23.38553053000,-0.014513,33.00,tb-ema_trend-LINKUSDT-1698411600-B,tb-ema_trend-LINKUSDT-1698530400-T
LINK/USDT,ema_trend,2023-10-29 01:00,10.882,2023-10-29 02:00,10.847,signal,175.24,3.80974872000,-9.94314872000,-0.005214,1.00,tb-ema_trend-LINKUSDT-1698537600-B,tb-ema_trend-LINKUSDT-1698541200-S
BTC/USDT,ema_trend,2023-10-28 12:00,34192.94,2023-10-30 02:59,34226.44,trailing,0.05888,4.0305846736,-2.0581046736,-0.001022,39.00,tb-ema_trend-BTCUSDT-1698490800-B,tb-ema_trend-BTCUSDT-1698631200-T
XRP/USDT,ema_trend,2023-10-29 12:00,0.5556,2023-10-30 06:59,0.5495,stop,3428.6,3.790890460000,-24.705350460000,-0.012969,19.00,tb-ema_trend-XRPUSDT-1698577200-B,tb-ema_trend-XRPUSDT-1698645600-X
LTC/USDT,ema_trend,2023-10-29 15:00,68.75,2023-10-30 06:59,67.84,stop,20.777,2.8393741800,-21.7464441800,-0.015224,16.00,tb-ema_trend-LTCUSDT-1698588000-B,tb-ema_trend-LTCUSDT-1698645600-X
SOL/USDT,ema_trend,2023-10-30 03:00,33.01,2023-10-30 06:59,32.28,stop,47.689,3.1151992900,-37.9281692900,-0.024093,4.00,tb-ema_trend-SOLUSDT-1698631200-B,tb-ema_trend-SOLUSDT-1698645600-X
BTC/USDT,ema_trend,2023-10-30 07:00,34318.34,2023-10-30 17:59,34061.06,trailing,0.06953,4.7568219640,-22.6455003640,-0.009490,11.00,tb-ema_trend-BTCUSDT-1698645600-B,tb-ema_trend-BTCUSDT-1698685200-T
XRP/USDT,ema_trend,2023-10-30 18:00,0.5789,2023-10-31 07:59,0.5668,trailing,2759.4,3.163065500000,-36.551805500000,-0.022882,14.00,tb-ema_trend-XRPUSDT-1698685200-B,tb-ema_trend-XRPUSDT-1698735600-T
LTC/USDT,ema_trend,2023-10-30 09:00,68.72,2023-10-31 08:59,68.00,trailing,26.038,3.5617708000,-22.3091308000,-0.012468,24.00,tb-ema_trend-LTCUSDT-1698652800-B,tb-ema_trend-LTCUSDT-1698739200-T
LINK/USDT,ema_trend,2023-10-31 08:00,11.437,2023-10-31 15:59,10.956,stop,138.89,3.11176495000,-69.91785495000,-0.044015,8.00,tb-ema_trend-LINKUSDT-1698735600-B,tb-ema_trend-LINKUSDT-1698764400-X
LTC/USDT,ema_trend,2023-10-31 16:00,68.53,2023-11-01 04:00,68.25,signal,23.419,3.2048955400,-9.7622155400,-0.006083,12.00,tb-ema_trend-LTCUSDT-1698764400-B,tb-ema_trend-LTCUSDT-1698807600-S
XRP/USDT,ema_trend,2023-10-31 10:00,0.5747,2023-11-01 05:59,0.5827,trailing,2841.3,3.290187250000,19.440212750000,0.011905,20.00,tb-ema_trend-XRPUSDT-1698742800-B,tb-ema_trend-XRPUSDT-1698814800-T
SOL/USDT,ema_trend,2023-10-30 09:00,33.87,2023-11-01 20:59,41.34,trailing,39.635,2.9823031500,293.0911468500,0.218328,60.00,tb-ema_trend-SOLUSDT-1698652800-B,tb-ema_trend-SOLUSDT-1698868800-T
ETH/USDT,ema_trend,2023-11-01 21:00,1854.73,2023-11-02 08:59,1822.86,stop,0.8315,3.0595853420,-29.5594903420,-0.019167,12.00,tb-ema_trend-ETHUSDT-1698868800-B,tb-ema_trend-ETHUSDT-1698912000-X
BTC/USDT,ema_trend,2023-11-01 19:00,34595.78,2023-11-02 13:59,34940.16,trailing,0.04367,3.0383642916,12.0007103084,0.007943,19.00,tb-ema_trend-BTCUSDT-1698861600-B,tb-ema_trend-BTCUSDT-1698930000-T
SOL/USDT,ema_trend,2023-11-02 09:00,43.91,2023-11-02 15:59,41.42,stop,34.962,2.9848443100,-90.0402243100,-0.058651,7.00,tb-ema_trend-SOLUSDT-1698912000-B,tb-ema_trend-SOLUSDT-1698937200-X
BNB/USDT,ema_trend,2023-11-02 14:00,231.92,2023-11-02 15:59,228.15,stop,6.604,3.0399257200,-27.9370057200,-0.018240,2.00,tb-ema_trend-BNBUSDT-1698930000-B,tb-ema_trend-BNBUSDT-1698937200-X
XRP/USDT,ema_trend,2023-11-01 08:00,0.5991,2023-11-02 16:59,0.5980,trailing,3364.9,4.030158730000,-7.731548730000,-0.003835,33.00,tb-ema_trend-XRPUSDT-1698822000-B,tb-ema_trend-XRPUSDT-1698940800-T
ETH/USDT,ema_trend,2023-11-02 17:00,1801.81,2023-11-02 22:00,1802.07,signal,0.8674,3.1276271430,-2.9021031430,-0.001857,5.00,tb-ema_trend-ETHUSDT-1698940800-B,tb-ema_trend-ETHUSDT-1698958800-S
BTC/USDT,ema_trend,2023-11-02 16:00,34657.34,2023-11-03 05:00,34387.05,signal,0.05441,3.7587846998,-18.4652635998,-0.009792,13.00,tb-ema_trend-BTCUSDT-1698937200-B,tb-ema_trend-BTCUSDT-1698984000-S
LTC/USDT,ema_trend,2023-11-03 06:00,69.34,2023-11-03 07:00,68.96,signal,23.634,3.2702463600,-12.2511663600,-0.007476,1.00,tb-ema_trend-LTCUSDT-1698987600-B,tb-ema_trend-LTCUSDT-1698991200-S
BNB/USDT,ema_trend,2023-11-02 23:00,230.72,2023-11-03 10:59,226.67,stop,6.771,3.0986027300,-30.5211527300,-0.019537,12.00,tb-ema_trend-BNBUSDT-1698962400-B,tb-ema_trend-BNBUSDT-1699005600-X
BNB/USDT,ema_trend,2023-11-03 13:00,228.32,2023-11-05 13:59,239.07,trailing,8.843,4.1351846500,90.9270653500,0.045035,49.00,tb-ema_trend-BNBUSDT-1699012800-B,tb-ema_trend-BNBUSDT-1699189200-T
ETH/USDT,ema_trend,2023-11-03 23:00,1832.12,2023-11-05 21:59,1857.26,trailing,0.8260,3.0490767880,17.7165632120,0.011707,47.00,tb-ema_trend-ETHUSDT-1699048800-B,tb-ema_trend-ETHUSDT-1699218000-T
ADA/USDT,ema_trend,2023-11-02 16:00,0.3005,2023-11-07 00:59,0.3593,trailing,4708.3,3.107978740000,273.740061260000,0.193477,105.00,tb-ema_trend-ADAUSDT-1698937200-B,tb-ema_trend-ADAUSDT-1699315200-T
XRP/USDT,ema_trend,2023-11-05 14:00,0.6332,2023-11-07 00:59,0.6910,trailing,2626.5,3.479720940000,148.331979060000,0.089190,35.00,tb-ema_trend-XRPUSDT-1699189200-B,tb-ema_trend-XRPUSDT-1699315200-T
BNB/USDT,ema_trend,2023-11-05 22:00,242.13,2023-11-07 09:59,248.50,trailing,6.730,3.3036348100,39.5664651900,0.024281,36.00,tb-ema_trend-BNBUSDT-1699218000-B,tb-ema_trend-BNBUSDT-1699347600-T
LTC/USDT,ema_trend,2023-11-07 01:00,73.76,2023-11-07 10:59,72.28,stop,28.432,4.1543483200,-46.2337083200,-0.022046,10.00,tb-ema_trend-LTCUSDT-1699315200-B,tb-ema_trend-LTCUSDT-1699351200-X
XRP/USDT,ema_trend,2023-11-07 10:00,0.6834,2023-11-07 17:59,0.6565,stop,2336.7,3.132584490000,-65.989814490000,-0.041324,8.00,tb-ema_trend-XRPUSDT-1699347600-B,tb-ema_trend-XRPUSDT-1699376400-X
ADA/USDT,ema_trend,2023-11-07 11:00,0.3445,2023-11-07 17:59,0.3343,stop,4965.1,3.372032380000,-54.016052380000,-0.031580,7.00,tb-ema_trend-ADAUSDT-1699351200-B,tb-ema_trend-ADAUSDT-1699376400-X
BNB/USDT,ema_trend,2023-11-07 18:00,244.73,2023-11-08 09:00,245.57,signal,8.497,4.1682816700,2.9691983300,0.001428,15.00,tb-ema_trend-BNBUSDT-1699376400-B,tb-ema_trend-BNBUSDT-1699430400-S
XRP/USDT,ema_trend,2023-11-08 10:00,0.6812,2023-11-09 12:59,0.6780,trailing,2481.7,3.374829640000,-11.316269640000,-0.006694,27.00,tb-ema_trend-XRPUSDT-1699434000-B,tb-ema_trend-XRPUSDT-1699531200-T
LINK/USDT,ema_trend,2023-11-07 01:00,12.799,2023-11-09 16:59,14.787,trailing,122.90,3.39198327000,240.93321673000,0.153168,64.00,tb-ema_trend-LINKUSDT-1699315200-B,tb-ema_trend-LINKUSDT-1699545600-T
LTC/USDT,ema_trend,2023-11-07 18:00,72.69,2023-11-09 16:59,73.96,trailing,21.454,3.1478282800,24.0987517200,0.015453,47.00,tb-ema_trend-LTCUSDT-1699376400-B,tb-ema_trend-LTCUSDT-1699545600-T
BTC/USDT,ema_trend,2023-11-09 13:00,36899.77,2023-11-09 16:59,36876.50,trailing,0.04573,3.3756338206,-4.4397709206,-0.002631,4.00,tb-ema_trend-BTCUSDT-1699531200-B,tb-ema_trend-BTCUSDT-1699545600-T
ETH/USDT,ema_trend,2023-11-09 17:00,2017.60,2023-11-10 22:59,2073.96,trailing,0.7471,3.0584185600,39.0481374400,0.025905,30.00,tb-ema_trend-ETHUSDT-1699545600-B,tb-ema_trend-ETHUSDT-1699653600-T
BTC/USDT,ema_trend,2023-11-10 23:00,37370.39,2023-11-11 22:59,36854.10,trailing,0.04058,3.0138983257,-23.9649465257,-0.015803,24.00,tb-ema_trend-BTCUSDT-1699653600-B,tb-ema_trend-BTCUSDT-1699740000-T
SOL/USDT,ema_trend,2023-11-09 17:00,45.34,2023-11-11 23:59,56.28,trailing,37.385,3.8007866200,405.1911133800,0.239046,55.00,tb-ema_trend-SOLUSDT-1699545600-B,tb-ema_trend-SOLUSDT-1699743600-T
ADA/USDT,ema_trend,2023-11-09 17:00,0.3621,2023-11-12 00:59,0.3740,trailing,6681.9,4.920972660000,74.593637340000,0.030830,56.00,tb-ema_trend-ADAUSDT-1699545600-B,tb-ema_trend-ADAUSDT-1699747200-T
LINK/USDT,ema_trend,2023-11-11 23:00,16.328,2023-11-12 00:59,15.553,stop,92.51,2.95094411000,-74.64619411000,-0.049418,2.00,tb-ema_trend-LINKUSDT-1699740000-B,tb-ema_trend-LINKUSDT-1699747200-X
XRP/USDT,ema_trend,2023-11-12 00:00,0.6630,2023-11-12 00:59,0.6457,stop,2501.0,3.274782500000,-46.542082500000,-0.028068,1.00,tb-ema_trend-XRPUSDT-1699743600-B,tb-ema_trend-XRPUSDT-1699747200-X
BNB/USDT,ema_trend,2023-11-12 02:00,248.63,2023-11-12 04:00,248.47,signal,6.580,3.2726584100,-4.3254584100,-0.002644,2.00,tb-ema_trend-BNBUSDT-1699750800-B,tb-ema_trend-BNBUSDT-1699758000-S
SOL/USDT,ema_trend,2023-11-12 02:00,56.45,2023-11-12 23:59,55.91,trailing,23.833,2.6792306800,-15.5490506800,-0.011557,22.00,tb-ema_trend-SOLUSDT-1699750800-B,tb-ema_trend-SOLUSDT-1699830000-T
LINK/USDT,ema_trend,2023-11-12 05:00,15.752,2023-11-13 04:59,15.348,trailing,103.72,3.22742472000,-45.13030472000,-0.027623,24.00,tb-ema_trend-LINKUSDT-1699761600-B,tb-ema_trend-LINKUSDT-1699848000-T
ETH/USDT,ema_trend,2023-11-12 01:00,2034.84,2023-11-13 07:00,2039.32,signal,1.2919,5.2660525980,0.5216594020,0.000198,30.00,tb-ema_trend-ETHUSDT-1699747200-B,tb-ema_trend-ETHUSDT-1699855200-S
LINK/USDT,ema_trend,2023-11-13 07:00,15.332,2023-11-13 12:00,15.129,signal,127.51,3.88607527000,-29.77060527000,-0.015228,5.00,tb-ema_trend-LINKUSDT-1699855200-B,tb-ema_trend-LINKUSDT-1699873200-S
SOL/USDT,ema_trend,2023-11-13 17:00,55.56,2023-11-13 19:00,54.01,signal,27.041,2.9644380500,-44.8779880500,-0.029871,2.00,tb-ema_trend-SOLUSDT-1699891200-B,tb-ema_trend-SOLUSDT-1699898400-S
XRP/USDT,ema_trend,2023-11-14 07:00,0.6642,2023-11-14 11:00,0.6547,signal,3863.4,5.098028640000,-41.800328640000,-0.016290,4.00,tb-ema_trend-XRPUSDT-1699941600-B,tb-ema_trend-XRPUSDT-1699956000-S
BTC/USDT,ema_trend,2023-11-15 20:00,37518.74,2023-11-16 12:59,37039.69,trailing,0.04126,3.0781567594,-22.8437597594,-0.014757,17.00,tb-ema_trend-BTCUSDT-1700074800-B,tb-ema_trend-BTCUSDT-1700136000-T
SOL/USDT,ema_trend,2023-11-15 10:00,59.20,2023-11-16 13:59,63.05,trailing,35.061,4.2883384500,130.6965115500,0.062968,28.00,tb-ema_trend-SOLUSDT-1700038800-B,tb-ema_trend-SOLUSDT-1700139600-T
BNB/USDT,ema_trend,2023-11-15 14:00,253.63,2023-11-16 13:59,248.85,stop,8.140,4.0924698700,-43.0016698700,-0.020829,24.00,tb-ema_trend-BNBUSDT-1700053200-B,tb-ema_trend-BNBUSDT-1700139600-X
ETH/USDT,ema_trend,2023-11-16 14:00,2036.59,2023-11-16 15:59,1998.44,stop,1.0870,4.3883178590,-45.8573678590,-0.020715,2.00,tb-ema_trend-ETHUSDT-1700139600-B,tb-ema_trend-ETHUSDT-1700146800-X
ADA/USDT,ema_trend,2023-11-16 13:00,0.3883,2023-11-16 18:59,0.3747,stop,3974.2,3.033867800000,-57.082987800000,-0.036990,6.00,tb-ema_trend-ADAUSDT-1700136000-B,tb-ema_trend-ADAUSDT-1700157600-X
BTC/USDT,ema_trend,2023-11-16 15:00,36726.54,2023-11-16 18:59,36104.53,stop,0.04520,3.2938006950,-31.4086526950,-0.018920,4.00,tb-ema_trend-BTCUSDT-1700143200-B,tb-ema_trend-BTCUSDT-1700157600-X
SOL/USDT,ema_trend,2023-11-16 16:00,61.65,2023-11-16 22:59,58.09,stop,29.000,3.4743095000,-106.7143095000,-0.059689,7.00,tb-ema_trend-SOLUSDT-1700146800-B,tb-ema_trend-SOLUSDT-1700172000-X
SOL/USDT,ema_trend,2023-11-17 01:00,59.88,2023-11-17 03:00,58.67,signal,26.129,3.0992097100,-34.7152997100,-0.022188,2.00,tb-ema_trend-SOLUSDT-1700179200-B,tb-ema_trend-SOLUSDT-1700186400-S
ADA/USDT,ema_trend,2023-11-17 01:00,0.3755,2023-11-17 09:00,0.3715,signal,5721.4,4.276063700000,-27.161663700000,-0.012643,8.00,tb-ema_trend-ADAUSDT-1700179200-B,tb-ema_trend-ADAUSDT-1700208000-S
ADA/USDT,ema_trend,2023-11-18 23:00,0.3768,2023-11-20 14:59,0.3842,trailing,6698.5,5.100120740000,44.468779260000,0.017618,40.00,tb-ema_trend-ADAUSDT-1700344800-B,tb-ema_trend-ADAUSDT-1700488800-T
LINK/USDT,ema_trend,2023-11-19 07:00,14.173,2023-11-20 14:59,14.654,trailing,133.56,3.85211834000,60.39024166000,0.031903,32.00,tb-ema_trend-LINKUSDT-1700373600-B,tb-ema_trend-LINKUSDT-1700488800-T
BTC/USDT,ema_trend,2023-11-19 23:00,36998.80,2023-11-20 14:59,36830.76,trailing,0.03837,2.8343201680,-9.2820149680,-0.006538,16.00,tb-ema_trend-BTCUSDT-1700431200-B,tb-ema_trend-BTCUSDT-1700488800-T
BNB/USDT,ema_trend,2023-11-20 15:00,247.83,2023-11-20 17:59,244.80,stop,7.710,3.8001599400,-27.1614599400,-0.014215,3.00,tb-ema_trend-BNBUSDT-1700488800-B,tb-ema_trend-BNBUSDT-1700499600-X
ETH/USDT,ema_trend,2023-11-20 15:00,2039.03,2023-11-21 07:59,2007.88,trailing,1.2494,5.0588600910,-43.9776700910,-0.017263,17.00,tb-ema_trend-ETHUSDT-1700488800-B,tb-ema_trend-ETHUSDT-1700550000-T
ADA/USDT,ema_trend,2023-11-20 17:00,0.3861,2023-11-21 13:59,0.3757,trailing,3712.8,2.829878220000,-41.442998220000,-0.028910,21.00,tb-ema_trend-ADAUSDT-1700496000-B,tb-ema_trend-ADAUSDT-1700571600-T
BTC/USDT,ema_trend,2023-11-20 18:00,37595.44,2023-11-21 13:59,37001.64,trailing,0.04110,3.0678197560,-27.4729997560,-0.017780,20.00,tb-ema_trend-BTCUSDT-1700499600-B,tb-ema_trend-BTCUSDT-1700571600-T
BNB/USDT,ema_trend,2023-11-21 08:00,257.53,2023-11-21 15:59,249.47,trailing,6.932,3.5163267100,-59.3882467100,-0.033267,8.00,tb-ema_trend-BNBUSDT-1700550000-B,tb-ema_trend-BNBUSDT-1700578800-T
LTC/USDT,ema_trend,2023-11-21 14:00,70.88,2023-11-21 15:59,69.48,stop,29.154,4.0941818400,-44.9097818400,-0.021733,2.00,tb-ema_trend-LTCUSDT-1700571600-B,tb-ema_trend-LTCUSDT-1700578800-X
ETH/USDT,ema_trend,2023-11-21 14:00,2005.40,2023-11-21 15:59,1976.25,stop,0.7727,3.0782252800,-25.6024302800,-0.016522,2.00,tb-ema_trend-ETHUSDT-1700571600-B,tb-ema_trend-ETHUSDT-1700578800-X
BTC/USDT,ema_trend,2023-11-21 16:00,36993.52,2023-11-21 22:00,36815.49,signal,0.06704,4.9507455772,-16.8858767772,-0.006809,6.00,tb-ema_trend-BTCUSDT-1700578800-B,tb-ema_trend-BTCUSDT-1700600400-S
ETH/USDT,ema_trend,2023-11-22 13:00,2023.20,2023-11-23 11:59,2041.56,trailing,1.2237,4.9766769700,17.4904550300,0.007065,23.00,tb-ema_trend-ETHUSDT-1700654400-B,tb-ema_trend-ETHUSDT-1700737200-T
BTC/USDT,ema_trend,2023-11-22 22:00,37625.90,2023-11-23 15:59,36991.83,stop,0.03701,2.7631072250,-26.2300379250,-0.018836,18.00,tb-ema_trend-BTCUSDT-1700686800-B,tb-ema_trend-BTCUSDT-1700751600-X
ETH/USDT,ema_trend,2023-11-23 16:00,2043.31,2023-11-24 22:59,2070.21,trailing,0.7793,3.2073007810,17.7558692190,0.011151,31.00,tb-ema_trend-ETHUSDT-1700751600-B,tb-ema_trend-ETHUSDT-1700863200-T
SOL/USDT,ema_trend,2023-11-23 12:00,58.01,2023-11-25 00:59,56.07,stop,28.756,3.2821667700,-59.0688067700,-0.035410,37.00,tb-ema_trend-SOLUSDT-1700737200-B,tb-ema_trend-SOLUSDT-1700870400-X
LTC/USDT,ema_trend,2023-11-24 23:00,70.59,2023-11-26 09:59,70.83,trailing,22.622,3.2008268100,2.2284531900,0.001395,35.00,tb-ema_trend-LTCUSDT-1700863200-B,tb-ema_trend-LTCUSDT-1700989200-T
BTC/USDT,ema_trend,2023-11-25 01:00,37736.86,2023-11-26 12:59,37573.86,trailing,0.04238,3.1935551598,-10.1014951598,-0.006316,36.00,tb-ema_trend-BTCUSDT-1700870400-B,tb-ema_trend-BTCUSDT-1701000000-T
LINK/USDT,ema_trend,2023-11-22 21:00,14.566,2023-11-26 14:59,14.831,trailing,127.49,3.74971711000,30.03513289000,0.016174,90.00,tb-ema_trend-LINKUSDT-1700683200-B,tb-ema_trend-LINKUSDT-1701007200-T
LTC/USDT,ema_trend,2023-11-26 12:00,70.88,2023-11-26 14:59,70.21,stop,22.574,3.1865959000,-18.3111759000,-0.011444,3.00,tb-ema_trend-LTCUSDT-1700996400-B,tb-ema_trend-LTCUSDT-1701007200-X
XRP/USDT,ema_trend,2023-11-26 14:00,0.6288,2023-11-26 14:59,0.6206,stop,2540.1,3.175235820000,-24.004055820000,-0.015029,1.00,tb-ema_trend-XRPUSDT-1701003600-B,tb-ema_trend-XRPUSDT-1701007200-X
BTC/USDT,ema_trend,2023-11-26 16:00,37455.83,2023-11-26 16:59,37192.08,stop,0.06562,4.9010177627,-22.2082927627,-0.009036,1.00,tb-ema_trend-BTCUSDT-1701010800-B,tb-ema_trend-BTCUSDT-1701014400-X
LINK/USDT,ema_trend,2023-11-26 17:00,14.648,2023-11-27 03:59,14.621,trailing,167.36,4.90095000000,-9.41967000000,-0.003842,11.00,tb-ema_trend-LINKUSDT-1701014400-B,tb-ema_trend-LINKUSDT-1701054000-T
LINK/USDT,ema_trend,2023-11-27 06:00,14.663,2023-11-27 09:00,14.430,signal,167.13,4.86480580000,-43.80609580000,-0.017875,3.00,tb-ema_trend-LINKUSDT-1701061200-B,tb-ema_trend-LINKUSDT-1701072000-S
BTC/USDT,ema_trend,2023-11-28 18:00,38229.86,2023-11-28 23:59,37770.04,stop,0.06380,4.8514697082,-34.1879857082,-0.014017,6.00,tb-ema_trend-BTCUSDT-1701190800-B,tb-ema_trend-BTCUSDT-1701212400-X
ETH/USDT,ema_trend,2023-11-28 22:00,2054.67,2023-11-29 14:59,2033.62,trailing,0.6677,2.7311894980,-16.7862744980,-0.012236,17.00,tb-ema_trend-ETHUSDT-1701205200-B,tb-ema_trend-ETHUSDT-1701266400-T
ADA/USDT,ema_trend,2023-11-29 00:00,0.3859,2023-11-29 15:59,0.3791,trailing,4223.7,3.232789870000,-31.953949870000,-0.019605,16.00,tb-ema_trend-ADAUSDT-1701212400-B,tb-ema_trend-ADAUSDT-1701270000-T
SOL/USDT,ema_trend,2023-11-28 20:00,58.07,2023-11-29 21:59,58.68,trailing,31.505,3.6800669900,15.5379830100,0.008493,26.00,tb-ema_trend-SOLUSDT-1701198000-B,tb-ema_trend-SOLUSDT-1701291600-T
LINK/USDT,ema_trend,2023-11-29 16:00,14.592,2023-11-30 09:00,14.313,signal,107.64,3.11293932000,-33.14449932000,-0.021102,17.00,tb-ema_trend-LINKUSDT-1701270000-B,tb-ema_trend-LINKUSDT-1701331200-S
BTC/USDT,ema_trend,2023-11-29 15:00,37842.73,2023-11-30 14:59,37484.18,trailing,0.04125,3.1091271790,-17.8993146790,-0.011466,24.00,tb-ema_trend-BTCUSDT-1701266400-B,tb-ema_trend-BTCUSDT-1701352800-T
SOL/USDT,ema_trend,2023-11-30 00:00,59.34,2023-12-01 00:59,59.00,trailing,27.627,3.2710407000,-12.6642207000,-0.007725,25.00,tb-ema_trend-SOLUSDT-1701298800-B,tb-ema_trend-SOLUSDT-1701388800-T
LTC/USDT,ema_trend,2023-12-01 04:00,70.11,2023-12-02 14:59,71.24,trailing,34.330,4.8549993500,33.9379006500,0.014100,35.00,tb-ema_trend-LTCUSDT-1701399600-B,tb-ema_trend-LTCUSDT-1701525600-T
LINK/USDT,ema_trend,2023-12-02 15:00,15.703,2023-12-03 17:59,15.728,trailing,103.47,3.25389290000,-0.66714290000,-0.000411,27.00,tb-ema_trend-LINKUSDT-1701525600-B,tb-ema_trend-LINKUSDT-1701622800-T
XRP/USDT,ema_trend,2023-12-03 18:00,0.6188,2023-12-04 11:59,0.6244,trailing,2626.3,3.266686920000,11.440593080000,0.007040,18.00,tb-ema_trend-XRPUSDT-1701622800-B,tb-ema_trend-XRPUSDT-1701687600-T
ETH/USDT,ema_trend,2023-12-01 04:00,2093.25,2023-12-04 15:59,2205.59,trailing,0.8621,3.7079138900,93.1404001100,0.051613,84.00,tb-ema_trend-ETHUSDT-1701399600-B,tb-ema_trend-ETHUSDT-1701702000-T
LTC/USDT,ema_trend,2023-12-04 16:00,72.57,2023-12-05 07:59,71.45,trailing,23.359,3.3659048600,-29.5279848600,-0.017419,16.00,tb-ema_trend-LTCUSDT-1701702000-B,tb-ema_trend-LTCUSDT-1701759600-T
ADA/USDT,ema_trend,2023-12-04 12:00,0.4040,2023-12-05 11:59,0.3971,trailing,4030.8,3.230730280000,-31.043250280000,-0.019063,24.00,tb-ema_trend-ADAUSDT-1701687600-B,tb-ema_trend-ADAUSDT-1701774000-T
LTC/USDT,ema_trend,2023-12-05 19:00,73.28,2023-12-06 05:59,72.31,trailing,22.730,3.3109461400,-25.3590461400,-0.015225,11.00,tb-ema_trend-LTCUSDT-1701799200-B,tb-ema_trend-LTCUSDT-1701838800-T
ETH/USDT,ema_trend,2023-12-05 08:00,2201.37,2023-12-06 11:59,2249.26,trailing,0.7667,3.4140591150,33.3032038850,0.019732,28.00,tb-ema_trend-ETHUSDT-1701759600-B,tb-ema_trend-ETHUSDT-1701860400-T
BTC/USDT,ema_trend,2023-12-01 08:00,38263.21,2023-12-07 08:59,43537.86,trailing,0.03536,2.8940163640,183.6176076360,0.135713,145.00,tb-ema_trend-BTCUSDT-1701414000-B,tb-ema_trend-BTCUSDT-1701936000-T
ADA/USDT,ema_trend,2023-12-06 06:00,0.4224,2023-12-07 09:59,0.4324,trailing,3928.4,3.359685920000,35.924314080000,0.021650,28.00,tb-ema_trend-ADAUSDT-1701838800-B,tb-ema_trend-ADAUSDT-1701939600-T
XRP/USDT,ema_trend,2023-12-07 09:00,0.6384,2023-12-07 09:59,0.6222,stop,2569.1,3.240267300000,-44.859687300000,-0.027352,1.00,tb-ema_trend-XRPUSDT-1701936000-B,tb-ema_trend-XRPUSDT-1701939600-X
BTC/USDT,ema_trend,2023-12-07 11:00,43155.80,2023-12-09 08:59,43856.97,trailing,0.04755,4.1396150000,29.2010185000,0.014230,46.00,tb-ema_trend-BTCUSDT-1701943200-B,tb-ema_trend-BTCUSDT-1702108800-T
SOL/USDT,ema_trend,2023-12-06 12:00,63.08,2023-12-09 17:59,72.85,trailing,26.544,3.6098290800,255.7250509200,0.152727,78.00,tb-ema_trend-SOLUSDT-1701860400-B,tb-ema_trend-SOLUSDT-1702141200-T
ADA/USDT,ema_trend,2023-12-07 12:00,0.4355,2023-12-09 17:59,0.5784,trailing,3536.5,3.587225150000,501.778624850000,0.325799,54.00,tb-ema_trend-ADAUSDT-1701946800-B,tb-ema_trend-ADAUSDT-1702141200-T
XRP/USDT,ema_trend,2023-12-09 09:00,0.6799,2023-12-09 17:59,0.6638,trailing,2463.4,3.311770330000,-42.972510330000,-0.025657,9.00,tb-ema_trend-XRPUSDT-1702108800-B,tb-ema_trend-XRPUSDT-1702141200-T
LINK/USDT,ema_trend,2023-12-09 18:00,16.425,2023-12-10 09:59,15.977,trailing,161.78,5.24478781000,-77.72222781000,-0.029249,16.00,tb-ema_trend-LINKUSDT-1702141200-B,tb-ema_trend-LINKUSDT-1702198800-T
ETH/USDT,ema_trend,2023-12-09 18:00,2349.10,2023-12-10 10:59,2319.64,trailing,0.6361,2.9714298800,-21.7109358800,-0.014530,17.00,tb-ema_trend-ETHUSDT-1702141200-B,tb-ema_trend-ETHUSDT-1702202400-T
XRP/USDT,ema_trend,2023-12-10 11:00,0.6544,2023-12-10 14:00,0.6580,signal,2586.4,3.396092800000,5.914947200000,0.003495,3.00,tb-ema_trend-XRPUSDT-1702202400-B,tb-ema_trend-XRPUSDT-1702213200-S
LTC/USDT,ema_trend,2023-12-09 18:00,76.52,2023-12-11 01:59,76.21,trailing,26.044,3.9797661600,-12.0534061600,-0.006048,32.00,tb-ema_trend-LTCUSDT-1702141200-B,tb-ema_trend-LTCUSDT-1702256400-T
ETH/USDT,ema_trend,2023-12-10 15:00,2347.18,2023-12-11 01:59,2336.30,trailing,0.7215,3.3810085640,-11.2309285640,-0.006632,11.00,tb-ema_trend-ETHUSDT-1702216800-B,tb-ema_trend-ETHUSDT-1702256400-T
SOL/USDT,ema_trend,2023-12-10 10:00,70.73,2023-12-11 02:59,71.46,trailing,24.960,3.5508306500,14.6699693500,0.008310,17.00,tb-ema_trend-SOLUSDT-1702198800-B,tb-ema_trend-SOLUSDT-1702260000-T
ADA/USDT,ema_trend,2023-12-11 04:00,0.5591,2023-12-11 10:00,0.5574,signal,3055.8,3.413533910000,-8.608393910000,-0.005039,6.00,tb-ema_trend-ADAUSDT-1702263600-B,tb-ema_trend-ADAUSDT-1702285200-S
BNB/USDT,ema_trend,2023-12-11 16:00,244.43,2023-12-11 18:59,237.56,stop,10.756,5.1869731700,-79.0806931700,-0.030079,3.00,tb-ema_trend-BNBUSDT-1702306800-B,tb-ema_trend-BNBUSDT-1702317600-X
ADA/USDT,ema_trend,2023-12-12 09:00,0.5992,2023-12-12 16:59,0.5722,stop,3265.9,3.827652620000,-92.006952620000,-0.047016,8.00,tb-ema_trend-ADAUSDT-1702368000-B,tb-ema_trend-ADAUSDT-1702396800-X
ADA/USDT,ema_trend,2023-12-12 19:00,0.5808,2023-12-13 02:59,0.5512,stop,3329.8,3.771308320000,-102.333388320000,-0.052914,8.00,tb-ema_trend-ADAUSDT-1702404000-B,tb-ema_trend-ADAUSDT-1702432800-X
BNB/USDT,ema_trend,2023-12-11 21:00,242.63,2023-12-13 03:59,246.28,trailing,10.754,5.2604070700,33.9916929300,0.013027,31.00,tb-ema_trend-BNBUSDT-1702324800-B,tb-ema_trend-BNBUSDT-1702436400-T
BNB/USDT,ema_trend,2023-12-13 06:00,247.23,2023-12-14 13:59,248.16,trailing,10.391,5.1503170200,4.5133129800,0.001757,32.00,tb-ema_trend-BNBUSDT-1702443600-B,tb-ema_trend-BNBUSDT-1702558800-T
ADA/USDT,ema_trend,2023-12-13 16:00,0.6264,2023-12-14 13:59,0.6291,trailing,3076.6,3.864613140000,4.442206860000,0.002305,22.00,tb-ema_trend-ADAUSDT-1702479600-B,tb-ema_trend-ADAUSDT-1702558800-T
BTC/USDT,ema_trend,2023-12-13 21:00,42896.32,2023-12-14 13:59,42386.70,trailing,0.03368,2.8740479704,-20.0380495704,-0.013870,17.00,tb-ema_trend-BTCUSDT-1702497600-B,tb-ema_trend-BTCUSDT-1702558800-T
ETH/USDT,ema_trend,2023-12-14 14:00,2280.34,2023-12-15 06:59,2261.00,trailing,1.1253,5.1131063100,-26.8764083100,-0.010474,17.00,tb-ema_trend-ETHUSDT-1702558800-B,tb-ema_trend-ETHUSDT-1702620000-T
BTC/USDT,ema_trend,2023-12-14 16:00,42469.51,2023-12-15 13:59,42404.49,trailing,0.03398,2.8857173002,-5.0950969002,-0.003531,22.00,tb-ema_trend-BTCUSDT-1702566000-B,tb-ema_trend-BTCUSDT-1702645200-T
XRP/USDT,ema_trend,2023-12-15 08:00,0.6311,2023-12-15 14:59,0.6198,stop,2721.9,3.406591790000,-34.164061790000,-0.019888,7.00,tb-ema_trend-XRPUSDT-1702623600-B,tb-ema_trend-XRPUSDT-1702648800-X
SOL/USDT,ema_trend,2023-12-14 14:00,72.28,2023-12-15 16:59,74.99,trailing,26.627,3.9233098500,68.2358601500,0.035455,27.00,tb-ema_trend-SOLUSDT-1702558800-B,tb-ema_trend-SOLUSDT-1702656000-T
SOL/USDT,ema_trend,2023-12-15 19:00,76.54,2023-12-15 23:59,73.22,stop,31.275,4.6861932800,-108.5191932800,-0.045334,5.00,tb-ema_trend-SOLUSDT-1702663200-B,tb-ema_trend-SOLUSDT-1702681200-X
SOL/USDT,ema_trend,2023-12-16 02:00,73.55,2023-12-16 20:59,73.44,trailing,30.240,4.4472576500,-7.7736576500,-0.003495,19.00,tb-ema_trend-SOLUSDT-1702688400-B,tb-ema_trend-SOLUSDT-1702756800-T
SOL/USDT,ema_trend,2023-12-17 03:00,73.11,2023-12-17 04:00,73.47,signal,34.711,5.0904972300,7.4054627700,0.002918,1.00,tb-ema_trend-SOLUSDT-1702778400-B,tb-ema_trend-SOLUSDT-1702782000-S
LTC/USDT,ema_trend,2023-12-17 09:00,73.52,2023-12-17 12:59,72.36,stop,34.543,5.0417060400,-45.1115860400,-0.017763,4.00,tb-ema_trend-LTCUSDT-1702800000-B,tb-ema_trend-LTCUSDT-1702814400-X
LTC/USDT,ema_trend,2023-12-17 17:00,73.11,2023-12-17 22:59,71.92,stop,34.578,5.0174061900,-46.1652261900,-0.018262,6.00,tb-ema_trend-LTCUSDT-1702828800-B,tb-ema_trend-LTCUSDT-1702850400-X
BTC/USDT,ema_trend,2023-12-19 00:00,42679.13,2023-12-19 14:59,42430.67,trailing,0.05896,5.0206345526,-19.6698361526,-0.007817,15.00,tb-ema_trend-BTCUSDT-1702940400-B,tb-ema_trend-BTCUSDT-1702994400-T
SOL/USDT,ema_trend,2023-12-19 01:00,74.73,2023-12-19 14:59,72.95,trailing,25.262,3.7326351400,-48.6989951400,-0.025796,14.00,tb-ema_trend-SOLUSDT-1702944000-B,tb-ema_trend-SOLUSDT-1702994400-T
LINK/USDT,ema_trend,2023-12-19 02:00,14.757,2023-12-19 14:59,14.336,stop,95.92,2.79207626000,-43.17439626000,-0.030501,13.00,tb-ema_trend-LINKUSDT-1702947600-B,tb-ema_trend-LINKUSDT-1702994400-X
BNB/USDT,ema_trend,2023-12-19 15:00,250.53,2023-12-22 07:59,267.54,trailing,9.934,5.1490126800,163.8283273200,0.065827,65.00,tb-ema_trend-BNBUSDT-1702994400-B,tb-ema_trend-BNBUSDT-1703228400-T
SOL/USDT,ema_trend,2023-12-19 17:00,73.48,2023-12-22 09:59,91.73,trailing,19.055,3.1495461500,344.6042038500,0.246117,65.00,tb-ema_trend-SOLUSDT-1703001600-B,tb-ema_trend-SOLUSDT-1703235600-T
LINK/USDT,ema_trend,2023-12-22 08:00,15.174,2023-12-23 03:59,14.921,trailing,112.89,3.39924543000,-31.96041543000,-0.018658,20.00,tb-ema_trend-LINKUSDT-1703228400-B,tb-ema_trend-LINKUSDT-1703300400-T
BTC/USDT,ema_trend,2023-12-19 17:00,42359.00,2023-12-23 04:59,43404.43,trailing,0.04406,3.7808546800,42.2807911200,0.022654,84.00,tb-ema_trend-BTCUSDT-1703001600-B,tb-ema_trend-BTCUSDT-1703304000-T
BNB/USDT,ema_trend,2023-12-22 10:00,269.54,2023-12-24 05:59,267.44,trailing,6.386,3.4310410600,-16.8416410600,-0.009784,44.00,tb-ema_trend-BNBUSDT-1703235600-B,tb-ema_trend-BNBUSDT-1703394000-T
ETH/USDT,ema_trend,2023-12-23 04:00,2273.99,2023-12-24 10:59,2273.71,trailing,0.7522,3.4225991300,-3.6332151300,-0.002124,31.00,tb-ema_trend-ETHUSDT-1703300400-B,tb-ema_trend-ETHUSDT-1703412000-T
SOL/USDT,ema_trend,2023-12-23 05:00,94.60,2023-12-24 10:59,107.87,trailing,18.609,3.7695616300,243.1718683700,0.138134,30.00,tb-ema_trend-SOLUSDT-1703304000-B,tb-ema_trend-SOLUSDT-1703412000-T
LINK/USDT,ema_trend,2023-12-24 06:00,15.484,2023-12-24 22:59,15.260,trailing,112.78,3.46916640000,-28.73188640000,-0.016453,17.00,tb-ema_trend-LINKUSDT-1703394000-B,tb-ema_trend-LINKUSDT-1703455200-T
SOL/USDT,ema_trend,2023-12-24 13:00,112.98,2023-12-25 00:59,107.91,trailing,17.303,3.8240933100,-91.5503033100,-0.046831,12.00,tb-ema_trend-SOLUSDT-1703419200-B,tb-ema_trend-SOLUSDT-1703462400-T
LINK/USDT,ema_trend,2023-12-25 01:00,15.222,2023-12-25 10:00,15.279,signal,173.71,5.30106867000,4.60040133000,0.001740,9.00,tb-ema_trend-LINKUSDT-1703462400-B,tb-ema_trend-LINKUSDT-1703494800-S
LTC/USDT,ema_trend,2023-12-25 14:00,72.65,2023-12-25 20:59,71.66,stop,22.395,3.2334934000,-25.4045434000,-0.015614,7.00,tb-ema_trend-LTCUSDT-1703509200-B,tb-ema_trend-LTCUSDT-1703534400-X
SOL/USDT,ema_trend,2023-12-25 03:00,110.66,2023-12-26 05:59,114.72,trailing,17.199,3.8783025000,65.9496375000,0.034651,27.00,tb-ema_trend-SOLUSDT-1703469600-B,tb-ema_trend-SOLUSDT-1703566800-T
XRP/USDT,ema_trend,2023-12-25 11:00,0.6378,2023-12-26 05:59,0.6287,trailing,3400.6,4.309092200000,-35.254552200000,-0.016255,19.00,tb-ema_trend-XRPUSDT-1703498400-B,tb-ema_trend-XRPUSDT-1703566800-T
ADA/USDT,ema_trend,2023-12-25 21:00,0.6182,2023-12-26 05:59,0.6071,trailing,2621.9,3.214283210000,-32.317373210000,-0.019938,9.00,tb-ema_trend-ADAUSDT-1703534400-B,tb-ema_trend-ADAUSDT-1703566800-T
XRP/USDT,ema_trend,2023-12-26 08:00,0.6219,2023-12-26 17:59,0.6125,trailing,4241.7,5.238628650000,-45.110608650000,-0.017101,10.00,tb-ema_trend-XRPUSDT-1703574000-B,tb-ema_trend-XRPUSDT-1703610000-T
LTC/USDT,ema_trend,2023-12-26 08:00,72.18,2023-12-26 17:59,71.95,trailing,27.416,3.9534891200,-10.2591691200,-0.005184,10.00,tb-ema_trend-LTCUSDT-1703574000-B,tb-ema_trend-LTCUSDT-1703610000-T
SOL/USDT,ema_trend,2023-12-26 08:00,113.47,2023-12-26 17:59,107.28,trailing,13.078,2.8885570800,-83.8413770800,-0.056498,10.00,tb-ema_trend-SOLUSDT-1703574000-B,tb-ema_trend-SOLUSDT-1703610000-T
LTC/USDT,ema_trend,2023-12-27 13:00,76.93,2023-12-27 17:59,74.99,stop,25.380,3.8577297800,-53.0949297800,-0.027194,5.00,tb-ema_trend-LTCUSDT-1703678400-B,tb-ema_trend-LTCUSDT-1703696400-X
ETH/USDT,ema_trend,2023-12-27 15:00,2327.83,2023-12-28 07:59,2364.55,trailing,0.6289,2.9526672680,20.1405407320,0.013757,17.00,tb-ema_trend-ETHUSDT-1703685600-B,tb-ema_trend-ETHUSDT-1703746800-T
ADA/USDT,ema_trend,2023-12-28 08:00,0.6620,2023-12-28 12:59,0.6349,stop,2343.2,3.040484880000,-66.541204880000,-0.042897,5.00,tb-ema_trend-ADAUSDT-1703746800-B,tb-ema_trend-ADAUSDT-1703764800-X
LINK/USDT,ema_trend,2023-12-27 18:00,16.226,2023-12-28 13:59,16.615,trailing,96.97,3.18621437000,34.53511563000,0.021949,20.00,tb-ema_trend-LINKUSDT-1703696400-B,tb-ema_trend-LINKUSDT-1703768400-T
BNB/USDT,ema_trend,2023-12-27 01:00,294.35,2023-12-29 00:59,319.38,trailing,8.843,5.4298635400,215.9104264600,0.082949,48.00,tb-ema_trend-BNBUSDT-1703635200-B,tb-ema_trend-BNBUSDT-1703808000-T
ETH/USDT,ema_trend,2023-12-28 13:00,2375.19,2023-12-29 01:59,2329.11,stop,0.6458,3.0396995750,-32.7981635750,-0.021382,13.00,tb-ema_trend-ETHUSDT-1703764800-B,tb-ema_trend-ETHUSDT-1703811600-X
LINK/USDT,ema_trend,2023-12-29 01:00,15.843,2023-12-29 08:00,15.718,signal,117.94,3.72420550000,-18.46670550000,-0.009883,7.00,tb-ema_trend-LINKUSDT-1703808000-B,tb-ema_trend-LINKUSDT-1703833200-S
ETH/USDT,ema_trend,2023-12-29 09:00,2346.80,2023-12-29 15:59,2316.82,trailing,0.7650,3.5695467400,-26.5042467400,-0.014763,7.00,tb-ema_trend-ETHUSDT-1703836800-B,tb-ema_trend-ETHUSDT-1703862000-T
LTC/USDT,ema_trend,2023-12-28 14:00,76.26,2023-12-29 16:59,74.86,trailing,20.360,3.0784046600,-31.5824046600,-0.020341,27.00,tb-ema_trend-LTCUSDT-1703768400-B,tb-ema_trend-LTCUSDT-1703865600-T
BNB/USDT,ema_trend,2023-12-29 03:00,319.26,2023-12-29 16:59,308.17,stop,5.568,3.4954458000,-65.2445658000,-0.036703,14.00,tb-ema_trend-BNBUSDT-1703815200-B,tb-ema_trend-BNBUSDT-1703865600-X
LTC/USDT,ema_trend,2023-12-29 21:00,74.48,2023-12-29 22:00,74.20,signal,26.150,3.8899929600,-11.2119929600,-0.005757,1.00,tb-ema_trend-LTCUSDT-1703880000-B,tb-ema_trend-LTCUSDT-1703883600-S
BNB/USDT,ema_trend,2023-12-29 19:00,313.16,2023-12-29 23:00,310.74,signal,8.292,5.1761972400,-25.2428372400,-0.009721,4.00,tb-ema_trend-BNBUSDT-1703872800-B,tb-ema_trend-BNBUSDT-1703887200-S
BNB/USDT,ema_trend,2023-12-30 06:00,317.66,2023-12-31 16:59,315.33,trailing,8.148,5.1604614600,-24.1453014600,-0.009329,35.00,tb-ema_trend-BNBUSDT-1703912400-B,tb-ema_trend-BNBUSDT-1704038400-T
SOL/USDT,ema_trend,2024-01-01 17:00,106.69,2024-01-02 14:59,110.74,trailing,24.198,5.2640383900,92.7378616100,0.035921,22.00,tb-ema_trend-SOLUSDT-1704124800-B,tb-ema_trend-SOLUSDT-1704204000-T
LTC/USDT,ema_trend,2024-01-01 21:00,74.24,2024-01-02 14:59,73.96,trailing,19.561,2.9004250000,-8.3775050000,-0.005769,18.00,tb-ema_trend-LTCUSDT-1704139200-B,tb-ema_trend-LTCUSDT-1704204000-T
BTC/USDT,ema_trend,2024-01-01 20:00,43539.74,2024-01-02 21:59,44697.72,trailing,0.04446,3.9252144574,47.5585763426,0.024568,26.00,tb-ema_trend-BTCUSDT-1704135600-B,tb-ema_trend-BTCUSDT-1704229200-T
ADA/USDT,ema_trend,2024-01-02 15:00,0.6135,2024-01-03 04:00,0.6087,signal,2590.3,3.167459760000,-15.600899760000,-0.009817,13.00,tb-ema_trend-ADAUSDT-1704204000-B,tb-ema_trend-ADAUSDT-1704250800-S
ETH/USDT,ema_trend,2024-01-02 15:00,2368.46,2024-01-03 11:59,2326.89,trailing,0.8946,4.2025917200,-41.3911137200,-0.019535,21.00,tb-ema_trend-ETHUSDT-1704204000-B,tb-ema_trend-ETHUSDT-1704279600-T
SOL/USDT,ema_trend,2024-01-02 22:00,108.04,2024-01-03 11:59,103.99,trailing,15.621,3.3138492700,-66.5788992700,-0.039450,14.00,tb-ema_trend-SOLUSDT-1704229200-B,tb-ema_trend-SOLUSDT-1704279600-T
BTC/USDT,ema_trend,2024-01-03 05:00,45206.05,2024-01-03 11:59,44487.45,stop,0.03669,3.2926627565,-29.6580967565,-0.017881,7.00,tb-ema_trend-BTCUSDT-1704254400-B,tb-ema_trend-BTCUSDT-1704279600-X
BNB/USDT,ema_trend,2024-01-03 12:00,323.27,2024-01-03 12:59,314.41,stop,7.972,5.0861711200,-75.7180911200,-0.029381,1.00,tb-ema_trend-BNBUSDT-1704279600-B,tb-ema_trend-BNBUSDT-1704283200-X
BTC/USDT,ema_trend,2024-01-04 23:00,44340.17,2024-01-05 01:59,43396.49,stop,0.04378,3.8433279811,-45.1576383811,-0.023263,3.00,tb-ema_trend-BTCUSDT-1704405600-B,tb-ema_trend-BTCUSDT-1704416400-X
BNB/USDT,ema_trend,2024-01-03 15:00,309.76,2024-01-05 13:59,316.60,trailing,7.952,4.9832928000,49.4083872000,0.020059,47.00,tb-ema_trend-BNBUSDT-1704290400-B,tb-ema_trend-BNBUSDT-1704459600-T
BTC/USDT,ema_trend,2024-01-05 04:00,43486.95,2024-01-05 17:00,43204.37,signal,0.04438,3.8495351285,-16.3904355285,-0.008493,13.00,tb-ema_trend-BTCUSDT-1704423600-B,tb-ema_trend-BTCUSDT-1704470400-S
BTC/USDT,ema_trend,2024-01-05 22:00,43968.24,2024-01-06 13:00,43586.14,signal,0.05809,5.0886720260,-27.2848610260,-0.010683,15.00,tb-ema_trend-BTCUSDT-1704488400-B,tb-ema_trend-BTCUSDT-1704542400-S
ETH/USDT,ema_trend,2024-01-08 16:00,2270.73,2024-01-09 00:59,2289.54,trailing,0.8414,3.8390548390,11.9876791610,0.006274,9.00,tb-ema_trend-ETHUSDT-1704726000-B,tb-ema_trend-ETHUSDT-1704758400-T
BTC/USDT,ema_trend,2024-01-08 13:00,45133.66,2024-01-09 12:59,45918.08,trailing,0.05643,5.1407577034,39.1240628966,0.015361,24.00,tb-ema_trend-BTCUSDT-1704715200-B,tb-ema_trend-BTCUSDT-1704801600-T
SOL/USDT,ema_trend,2024-01-08 20:00,99.31,2024-01-09 12:59,96.82,trailing,14.429,2.8314494200,-38.7596594200,-0.027049,17.00,tb-ema_trend-SOLUSDT-1704740400-B,tb-ema_trend-SOLUSDT-1704801600-T
ETH/USDT,ema_trend,2024-01-09 03:00,2313.25,2024-01-09 12:59,2268.28,stop,0.6723,3.0817818900,-33.3151128900,-0.021422,10.00,tb-ema_trend-ETHUSDT-1704765600-B,tb-ema_trend-ETHUSDT-1704801600-X
BTC/USDT,ema_trend,2024-01-09 15:00,46584.40,2024-01-09 21:59,45565.16,trailing,0.05456,5.0304750580,-60.6402094580,-0.023859,7.00,tb-ema_trend-BTCUSDT-1704808800-B,tb-ema_trend-BTCUSDT-1704834000-T
SOL/USDT,ema_trend,2024-01-09 15:00,99.37,2024-01-10 12:59,94.71,trailing,19.183,3.7250240400,-93.1178040400,-0.048850,22.00,tb-ema_trend-SOLUSDT-1704808800-B,tb-ema_trend-SOLUSDT-1704888000-T
BTC/USDT,ema_trend,2024-01-10 00:00,46133.06,2024-01-10 12:59,44836.44,stop,0.03669,3.3395162738,-50.9125040738,-0.030079,13.00,tb-ema_trend-BTCUSDT-1704841200-B,tb-ema_trend-BTCUSDT-1704888000-X
BTC/USDT,ema_trend,2024-01-10 19:00,46550.59,2024-01-10 20:59,45252.32,stop,0.04582,4.2087368633,-63.6954682633,-0.029863,2.00,tb-ema_trend-BTCUSDT-1704909600-B,tb-ema_trend-BTCUSDT-1704916800-X
BTC/USDT,ema_trend,2024-01-10 23:00,46926.15,2024-01-11 15:59,46619.38,trailing,0.03383,3.1665223305,-13.5445514305,-0.008532,17.00,tb-ema_trend-BTCUSDT-1704924000-B,tb-ema_trend-BTCUSDT-1704985200-T
XRP/USDT,ema_trend,2024-01-10 22:00,0.5993,2024-01-12 01:59,0.5935,trailing,3533.7,4.217154840000,-24.712614840000,-0.011669,28.00,tb-ema_trend-XRPUSDT-1704920400-B,tb-ema_trend-XRPUSDT-1705021200-T
ETH/USDT,ema_trend,2024-01-09 19:00,2277.07,2024-01-12 08:59,2587.00,trailing,0.6279,3.0557435020,191.5493034980,0.133972,62.00,tb-ema_trend-ETHUSDT-1704823200-B,tb-ema_trend-ETHUSDT-1705046400-T
ADA/USDT,ema_trend,2024-01-11 16:00,0.5838,2024-01-12 16:59,0.5575,trailing,2714.6,3.099807620000,-74.493787620000,-0.047006,25.00,tb-ema_trend-ADAUSDT-1704985200-B,tb-ema_trend-ADAUSDT-1705075200-T
LINK/USDT,ema_trend,2024-01-12 02:00,14.848,2024-01-12 16:59,14.594,trailing,115.28,3.39585552000,-32.67697552000,-0.019091,15.00,tb-ema_trend-LINKUSDT-1705021200-B,tb-ema_trend-LINKUSDT-1705075200-T
ETH/USDT,ema_trend,2024-01-12 11:00,2622.25,2024-01-12 16:59,2602.30,trailing,0.6440,3.3664457750,-16.2142457750,-0.009601,6.00,tb-ema_trend-ETHUSDT-1705053600-B,tb-ema_trend-ETHUSDT-1705075200-T
ETH/USDT,ema_trend,2024-01-12 19:00,2597.01,2024-01-12 21:59,2511.37,stop,0.9557,4.8846757770,-86.7308237770,-0.034944,3.00,tb-ema_trend-ETHUSDT-1705082400-B,tb-ema_trend-ETHUSDT-1705093200-X
ADA/USDT,ema_trend,2024-01-12 19:00,0.5578,2024-01-12 22:59,0.5346,stop,3337.7,3.648000000000,-81.082640000000,-0.043551,4.00,tb-ema_trend-ADAUSDT-1705082400-B,tb-ema_trend-ADAUSDT-1705096800-X
ETH/USDT,ema_trend,2024-01-13 01:00,2518.71,2024-01-13 11:00,2529.87,signal,0.9688,4.8935830180,5.9182249820,0.002425,10.00,tb-ema_trend-ETHUSDT-1705104000-B,tb-ema_trend-ETHUSDT-1705140000-S
LTC/USDT,ema_trend,2024-01-13 12:00,71.41,2024-01-13 19:00,71.75,signal,34.194,4.8977123900,6.7282476100,0.002755,7.00,tb-ema_trend-LTCUSDT-1705143600-B,tb-ema_trend-LTCUSDT-1705168800-S
SOL/USDT,ema_trend,2024-01-14 07:00,97.91,2024-01-14 19:59,96.73,trailing,18.719,3.6453264500,-25.7337464500,-0.014041,13.00,tb-ema_trend-SOLUSDT-1705212000-B,tb-ema_trend-SOLUSDT-1705258800-T
BNB/USDT,ema_trend,2024-01-15 06:00,317.26,2024-01-15 08:59,311.42,stop,5.753,3.6186996000,-37.2162196000,-0.020390,3.00,tb-ema_trend-BNBUSDT-1705294800-B,tb-ema_trend-BNBUSDT-1705305600-X
LINK/USDT,ema_trend,2024-01-14 07:00,15.008,2024-01-15 22:59,15.074,trailing,162.83,4.90080342000,5.84597658000,0.002392,40.00,tb-ema_trend-LINKUSDT-1705212000-B,tb-ema_trend-LINKUSDT-1705356000-T
BNB/USDT,ema_trend,2024-01-15 11:00,313.46,2024-01-17 05:59,312.16,trailing,5.795,3.6273486600,-11.1608486600,-0.006144,43.00,tb-ema_trend-BNBUSDT-1705312800-B,tb-ema_trend-BNBUSDT-1705467600-T
BNB/USDT,ema_trend,2024-01-17 09:00,310.36,2024-01-17 10:00,309.34,signal,6.226,3.8604247200,-10.2109447200,-0.005284,1.00,tb-ema_trend-BNBUSDT-1705478400-B,tb-ema_trend-BNBUSDT-1705482000-S
LINK/USDT,ema_trend,2024-01-17 05:00,15.808,2024-01-18 01:59,15.435,stop,124.91,3.90461817000,-50.49604817000,-0.025573,21.00,tb-ema_trend-LINKUSDT-1705464000-B,tb-ema_trend-LINKUSDT-1705539600-X
LINK/USDT,ema_trend,2024-01-18 05:00,15.234,2024-01-18 11:00,15.246,signal,158.27,4.82650704000,-2.92726704000,-0.001214,6.00,tb-ema_trend-LINKUSDT-1705550400-B,tb-ema_trend-LINKUSDT-1705572000-S
LTC/USDT,ema_trend,2024-01-19 16:00,70.20,2024-01-19 16:59,68.55,stop,34.346,4.7679645000,-61.4388645000,-0.025482,1.00,tb-ema_trend-LTCUSDT-1705676400-B,tb-ema_trend-LTCUSDT-1705680000-X
LINK/USDT,ema_trend,2024-01-19 21:00,15.483,2024-01-21 00:59,15.721,trailing,154.69,4.82942404000,31.98679596000,0.013355,28.00,tb-ema_trend-LINKUSDT-1705694400-B,tb-ema_trend-LINKUSDT-1705795200-T
BNB/USDT,ema_trend,2024-01-21 06:00,317.96,2024-01-22 01:59,317.00,trailing,7.556,4.8003014400,-12.0540614400,-0.005017,20.00,tb-ema_trend-BNBUSDT-1705813200-B,tb-ema_trend-BNBUSDT-1705885200-T
LTC/USDT,ema_trend,2024-01-22 03:00,71.94,2024-01-22 05:59,70.75,stop,33.356,4.7620136000,-44.4556536000,-0.018526,3.00,tb-ema_trend-LTCUSDT-1705888800-B,tb-ema_trend-LTCUSDT-1705899600-X
LTC/USDT,ema_trend,2024-01-22 08:00,72.41,2024-01-22 08:59,70.94,stop,26.776,3.8402946700,-43.2010146700,-0.022282,1.00,tb-ema_trend-LTCUSDT-1705906800-B,tb-ema_trend-LTCUSDT-1705910400-X
BNB/USDT,ema_trend,2024-01-22 04:00,316.86,2024-01-22 09:59,312.92,stop,5.680,3.5790515600,-25.9582515600,-0.014423,6.00,tb-ema_trend-BNBUSDT-1705892400-B,tb-ema_trend-BNBUSDT-1705914000-X
BTC/USDT,ema_trend,2024-01-26 13:00,41160.59,2024-01-27 08:59,41431.69,trailing,0.03239,2.6768103737,6.1041186263,0.004579,20.00,tb-ema_trend-BTCUSDT-1706270400-B,tb-ema_trend-BTCUSDT-1706342400-T
BTC/USDT,ema_trend,2024-01-27 11:00,41768.19,2024-01-28 15:59,42134.50,trailing,0.03196,2.6832007000,9.0240669000,0.006760,29.00,tb-ema_trend-BTCUSDT-1706349600-B,tb-ema_trend-BTCUSDT-1706454000-T
SOL/USDT,ema_trend,2024-01-26 13:00,90.78,2024-01-28 18:59,95.47,trailing,19.588,3.6500806000,88.2176394000,0.049611,54.00,tb-ema_trend-SOLUSDT-1706270400-B,tb-ema_trend-SOLUSDT-1706464800-T
BNB/USDT,ema_trend,2024-01-26 12:00,303.16,2024-01-28 19:59,303.65,trailing,7.825,4.7507135300,-0.9164635300,-0.000386,56.00,tb-ema_trend-BNBUSDT-1706266800-B,tb-ema_trend-BNBUSDT-1706468400-T
ADA/USDT,ema_trend,2024-01-28 16:00,0.4917,2024-01-30 13:59,0.5201,trailing,2719.7,2.753169220000,74.486310780000,0.055700,46.00,tb-ema_trend-ADAUSDT-1706454000-B,tb-ema_trend-ADAUSDT-1706619600-T
BTC/USDT,ema_trend,2024-01-28 19:00,41992.66,2024-01-30 23:59,42903.79,trailing,0.03499,2.9722064898,28.9082322102,0.019675,53.00,tb-ema_trend-BTCUSDT-1706464800-B,tb-ema_trend-BTCUSDT-1706655600-T
SOL/USDT,ema_trend,2024-01-28 21:00,95.41,2024-01-30 23:59,101.84,trailing,17.769,3.5066526300,110.7480173700,0.065325,51.00,tb-ema_trend-SOLUSDT-1706472000-B,tb-ema_trend-SOLUSDT-1706655600-T
ETH/USDT,ema_trend,2024-01-30 14:00,2306.88,2024-01-31 01:59,2328.48,trailing,0.7039,3.2646754060,11.9395645940,0.007353,12.00,tb-ema_trend-ETHUSDT-1706619600-B,tb-ema_trend-ETHUSDT-1706662800-T
ADA/USDT,ema_trend,2024-01-31 00:00,0.5140,2024-01-31 10:59,0.5010,stop,2983.8,3.030099000000,-41.819499000000,-0.027268,11.00,tb-ema_trend-ADAUSDT-1706655600-B,tb-ema_trend-ADAUSDT-1706695200-X
LINK/USDT,ema_trend,2024-01-31 00:00,15.482,2024-01-31 11:59,15.438,trailing,132.02,4.08422588000,-9.89310588000,-0.004840,12.00,tb-ema_trend-LINKUSDT-1706655600-B,tb-ema_trend-LINKUSDT-1706698800-T
SOL/USDT,ema_trend,2024-01-31 02:00,100.44,2024-01-31 15:00,99.78,signal,15.520,3.1090214400,-13.3522214400,-0.008566,13.00,tb-ema_trend-SOLUSDT-1706662800-B,tb-ema_trend-SOLUSDT-1706709600-S
BTC/USDT,ema_trend,2024-01-31 11:00,42405.92,2024-01-31 20:59,42762.70,trailing,0.03636,3.0984272580,9.8740935420,0.006404,10.00,tb-ema_trend-BTCUSDT-1706695200-B,tb-ema_trend-BTCUSDT-1706731200-T
ETH/USDT,ema_trend,2024-01-31 16:00,2330.59,2024-01-31 20:59,2292.40,stop,0.7015,3.2448919570,-30.0351769570,-0.018371,5.00,tb-ema_trend-ETHUSDT-1706713200-B,tb-ema_trend-ETHUSDT-1706731200-X
LINK/USDT,ema_trend,2024-01-31 14:00,15.712,2024-01-31 21:59,15.257,stop,105.94,3.28258418000,-51.48528418000,-0.030931,8.00,tb-ema_trend-LINKUSDT-1706706000-B,tb-ema_trend-LINKUSDT-1706734800-X
LINK/USDT,ema_trend,2024-02-01 16:00,16.706,2024-02-02 22:59,17.671,trailing,149.50,5.14186740000,139.12563260000,0.055705,31.00,tb-ema_trend-LINKUSDT-1706799600-B,tb-ema_trend-LINKUSDT-1706911200-T
ADA/USDT,ema_trend,2024-02-02 23:00,0.5138,2024-02-03 23:59,0.5125,trailing,3333.0,3.422404820000,-7.755304820000,-0.004529,25.00,tb-ema_trend-ADAUSDT-1706911200-B,tb-ema_trend-ADAUSDT-1707001200-T
LTC/USDT,ema_trend,2024-02-02 05:00,67.77,2024-02-04 04:59,68.05,trailing,20.735,2.8176508700,2.9881491300,0.002126,48.00,tb-ema_trend-LTCUSDT-1706846400-B,tb-ema_trend-LTCUSDT-1707019200-T
BTC/USDT,ema_trend,2024-02-02 00:00,43104.50,2024-02-04 05:59,42862.78,trailing,0.04344,3.7365738650,-14.2368906650,-0.007603,54.00,tb-ema_trend-BTCUSDT-1706828400-B,tb-ema_trend-BTCUSDT-1707022800-T
XRP/USDT,ema_trend,2024-02-04 00:00,0.5190,2024-02-04 06:59,0.5112,stop,3297.1,3.398437020000,-29.115817020000,-0.017015,7.00,tb-ema_trend-XRPUSDT-1707001200-B,tb-ema_trend-XRPUSDT-1707026400-X
ADA/USDT,ema_trend,2024-02-04 05:00,0.5085,2024-02-04 07:00,0.5035,signal,3216.2,3.256472450000,-19.337472450000,-0.011824,2.00,tb-ema_trend-ADAUSDT-1707019200-B,tb-ema_trend-ADAUSDT-1707026400-S
LTC/USDT,ema_trend,2024-02-04 10:00,67.95,2024-02-04 16:00,67.76,signal,37.019,5.0264305900,-12.0600405900,-0.004794,6.00,tb-ema_trend-LTCUSDT-1707037200-B,tb-ema_trend-LTCUSDT-1707058800-S
LINK/USDT,ema_trend,2024-02-04 17:00,18.346,2024-02-05 00:59,17.897,stop,102.70,3.72417416000,-49.83647416000,-0.026451,8.00,tb-ema_trend-LINKUSDT-1707062400-B,tb-ema_trend-LINKUSDT-1707091200-X
BNB/USDT,ema_trend,2024-02-04 17:00,305.36,2024-02-05 05:59,302.29,stop,8.226,5.0012771400,-30.2550971400,-0.012045,13.00,tb-ema_trend-BNBUSDT-1707062400-B,tb-ema_trend-BNBUSDT-1707109200-X
ETH/USDT,ema_trend,2024-02-05 10:00,2321.97,2024-02-05 15:59,2296.93,stop,0.8718,4.0288467890,-25.8587187890,-0.012774,6.00,tb-ema_trend-ETHUSDT-1707123600-B,tb-ema_trend-ETHUSDT-1707145200-X
BTC/USDT,ema_trend,2024-02-05 13:00,43276.98,2024-02-05 15:59,42864.60,stop,0.03507,3.0227162878,-17.4848828878,-0.011520,3.00,tb-ema_trend-BTCUSDT-1707134400-B,tb-ema_trend-BTCUSDT-1707145200-X
BTC/USDT,ema_trend,2024-02-05 18:00,42742.31,2024-02-05 19:00,42709.52,signal,0.04710,4.0269183065,-5.5713273065,-0.002767,1.00,tb-ema_trend-BTCUSDT-1707152400-B,tb-ema_trend-BTCUSDT-1707156000-S
LINK/USDT,ema_trend,2024-02-05 03:00,18.037,2024-02-05 22:59,18.802,trailing,103.73,3.82329354000,75.53015646000,0.040369,20.00,tb-ema_trend-LINKUSDT-1707098400-B,tb-ema_trend-LINKUSDT-1707170400-T
LINK/USDT,ema_trend,2024-02-06 01:00,19.173,2024-02-06 10:59,18.598,stop,130.35,4.92613407000,-79.87738407000,-0.031961,10.00,tb-ema_trend-LINKUSDT-1707177600-B,tb-ema_trend-LINKUSDT-1707213600-X
LINK/USDT,ema_trend,2024-02-06 14:00,18.702,2024-02-07 00:00,18.277,signal,132.52,4.90307536000,-61.22407536000,-0.024703,10.00,tb-ema_trend-LINKUSDT-1707224400-B,tb-ema_trend-LINKUSDT-1707260400-S
BNB/USDT,ema_trend,2024-02-07 20:00,306.86,2024-02-08 16:59,315.08,trailing,4.886,3.0403331400,37.1225868600,0.024760,21.00,tb-ema_trend-BNBUSDT-1707332400-B,tb-ema_trend-BNBUSDT-1707408000-T
ADA/USDT,ema_trend,2024-02-08 17:00,0.5250,2024-02-10 08:59,0.5317,trailing,2873.1,3.037527270000,16.212242730000,0.010748,40.00,tb-ema_trend-ADAUSDT-1707408000-B,tb-ema_trend-ADAUSDT-1707552000-T
BTC/USDT,ema_trend,2024-02-07 19:00,43672.78,2024-02-10 10:59,46790.95,trailing,0.04575,4.1408992840,138.5153782160,0.069326,64.00,tb-ema_trend-BTCUSDT-1707328800-B,tb-ema_trend-BTCUSDT-1707559200-T
BNB/USDT,ema_trend,2024-02-10 11:00,319.36,2024-02-11 14:59,320.33,trailing,5.221,3.3417376500,1.7226323500,0.001033,28.00,tb-ema_trend-BNBUSDT-1707559200-B,tb-ema_trend-BNBUSDT-1707660000-T
ETH/USDT,ema_trend,2024-02-06 16:00,2344.91,2024-02-11 20:59,2493.98,trailing,0.7928,3.8381479160,114.3445480840,0.061507,125.00,tb-ema_trend-ETHUSDT-1707231600-B,tb-ema_trend-ETHUSDT-1707681600-T
SOL/USDT,ema_trend,2024-02-10 09:00,108.25,2024-02-12 02:59,107.14,trailing,13.971,3.0107291900,-18.5185391900,-0.012245,42.00,tb-ema_trend-SOLUSDT-1707552000-B,tb-ema_trend-SOLUSDT-1707703200-T
LTC/USDT,ema_trend,2024-02-11 21:00,71.66,2024-02-12 02:59,70.69,stop,24.349,3.4678716500,-27.0864016500,-0.015524,6.00,tb-ema_trend-LTCUSDT-1707681600-B,tb-ema_trend-LTCUSDT-1707703200-X
ADA/USDT,ema_trend,2024-02-12 03:00,0.5379,2024-02-12 05:00,0.5364,signal,3926.4,4.220283120000,-10.109883120000,-0.004787,2.00,tb-ema_trend-ADAUSDT-1707703200-B,tb-ema_trend-ADAUSDT-1707710400-S
XRP/USDT,ema_trend,2024-02-12 03:00,0.5222,2024-02-12 06:59,0.5153,stop,3032.8,3.148148820000,-24.074468820000,-0.015201,4.00,tb-ema_trend-XRPUSDT-1707703200-B,tb-ema_trend-XRPUSDT-1707717600-X
LTC/USDT,ema_trend,2024-02-12 06:00,70.96,2024-02-12 12:00,70.64,signal,24.142,3.4202812000,-11.1457212000,-0.006506,6.00,tb-ema_trend-LTCUSDT-1707714000-B,tb-ema_trend-LTCUSDT-1707735600-S
LINK/USDT,ema_trend,2024-02-11 15:00,20.192,2024-02-13 07:59,20.110,trailing,82.64,3.33237456000,-10.10885456000,-0.006058,41.00,tb-ema_trend-LINKUSDT-1707660000-B,tb-ema_trend-LINKUSDT-1707807600-T
LTC/USDT,ema_trend,2024-02-12 16:00,72.22,2024-02-13 11:59,71.94,trailing,21.811,3.1458626000,-9.2529426000,-0.005874,20.00,tb-ema_trend-LTCUSDT-1707750000-B,tb-ema_trend-LTCUSDT-1707822000-T
ETH/USDT,ema_trend,2024-02-12 15:00,2529.46,2024-02-13 13:59,2619.11,trailing,0.8302,4.2766193260,70.1508106740,0.033406,23.00,tb-ema_trend-ETHUSDT-1707746400-B,tb-ema_trend-ETHUSDT-1707829200-T
SOL/USDT,ema_trend,2024-02-13 08:00,114.08,2024-02-13 13:59,111.33,stop,13.989,3.1549716900,-41.6247216900,-0.026083,6.00,tb-ema_trend-SOLUSDT-1707807600-B,tb-ema_trend-SOLUSDT-1707829200-X
BTC/USDT,ema_trend,2024-02-13 12:00,50013.12,2024-02-13 13:59,49338.85,stop,0.03175,3.1564255748,-24.5644980748,-0.015470,2.00,tb-ema_trend-BTCUSDT-1707822000-B,tb-ema_trend-BTCUSDT-1707829200-X
BNB/USDT,ema_trend,2024-02-13 14:00,324.17,2024-02-13 14:59,320.10,stop,7.755,4.9989072100,-36.5617572100,-0.014544,1.00,tb-ema_trend-BNBUSDT-1707829200-B,tb-ema_trend-BNBUSDT-1707832800-X
ADA/USDT,ema_trend,2024-02-13 15:00,0.5377,2024-02-13 19:00,0.5418,signal,4657.4,5.030190490000,14.065149510000,0.005616,4.00,tb-ema_trend-ADAUSDT-1707832800-B,tb-ema_trend-ADAUSDT-1707847200-S
SOL/USDT,ema_trend,2024-02-13 16:00,110.39,2024-02-15 15:59,114.26,trailing,12.763,2.8686430200,46.5241669800,0.033021,48.00,tb-ema_trend-SOLUSDT-1707836400-B,tb-ema_trend-SOLUSDT-1708009200-T
BNB/USDT,ema_trend,2024-02-15 16:00,360.49,2024-02-15 20:59,351.90,stop,4.515,3.2182433000,-42.0020933000,-0.025806,5.00,tb-ema_trend-BNBUSDT-1708009200-B,tb-ema_trend-BNBUSDT-1708027200-X
BTC/USDT,ema_trend,2024-02-13 20:00,49061.26,2024-02-15 21:59,51390.40,trailing,0.03435,3.4524769714,76.5534820286,0.045425,50.00,tb-ema_trend-BTCUSDT-1707850800-B,tb-ema_trend-BTCUSDT-1708030800-T
XRP/USDT,ema_trend,2024-02-15 22:00,0.5637,2024-02-16 09:59,0.5599,trailing,2933.4,3.297659340000,-14.444579340000,-0.008735,12.00,tb-ema_trend-XRPUSDT-1708030800-B,tb-ema_trend-XRPUSDT-1708074000-T
ETH/USDT,ema_trend,2024-02-13 16:00,2632.32,2024-02-16 14:59,2782.39,trailing,0.7133,3.8644185020,103.1805124980,0.054952,71.00,tb-ema_trend-ETHUSDT-1707836400-B,tb-ema_trend-ETHUSDT-1708092000-T
ADA/USDT,ema_trend,2024-02-15 21:00,0.5989,2024-02-16 14:59,0.5872,trailing,2701.4,3.205807460000,-34.812187460000,-0.021517,18.00,tb-ema_trend-ADAUSDT-1708027200-B,tb-ema_trend-ADAUSDT-1708092000-T
BNB/USDT,ema_trend,2024-02-16 10:00,353.18,2024-02-16 18:59,349.94,trailing,4.672,3.2867425400,-18.4240225400,-0.011166,9.00,tb-ema_trend-BNBUSDT-1708074000-B,tb-ema_trend-BNBUSDT-1708106400-T
XRP/USDT,ema_trend,2024-02-16 15:00,0.5590,2024-02-17 10:59,0.5530,trailing,3807.3,4.235897700000,-27.079697700000,-0.012724,20.00,tb-ema_trend-XRPUSDT-1708092000-B,tb-ema_trend-XRPUSDT-1708164000-T
ETH/USDT,ema_trend,2024-02-16 17:00,2786.61,2024-02-17 13:59,2748.56,trailing,0.5729,3.1727708550,-24.9716158550,-0.015642,21.00,tb-ema_trend-ETHUSDT-1708099200-B,tb-ema_trend-ETHUSDT-1708174800-T
BNB/USDT,ema_trend,2024-02-16 21:00,358.38,2024-02-17 14:59,351.72,trailing,4.479,3.1823298000,-33.0124698000,-0.020566,18.00,tb-ema_trend-BNBUSDT-1708113600-B,tb-ema_trend-BNBUSDT-1708178400-T
XRP/USDT,ema_trend,2024-02-17 14:00,0.5481,2024-02-17 14:59,0.5390,stop,3872.0,4.211388790000,-39.446588790000,-0.018587,1.00,tb-ema_trend-XRPUSDT-1708174800-B,tb-ema_trend-XRPUSDT-1708178400-X
ADA/USDT,ema_trend,2024-02-18 01:00,0.6197,2024-02-18 20:59,0.6132,trailing,4043.4,4.987648630000,-31.269748630000,-0.012479,20.00,tb-ema_trend-ADAUSDT-1708214400-B,tb-ema_trend-ADAUSDT-1708286400-T
SOL/USDT,ema_trend,2024-02-18 21:00,112.46,2024-02-20 01:59,110.06,stop,14.900,3.3172349000,-39.0772349000,-0.023321,29.00,tb-ema_trend-SOLUSDT-1708286400-B,tb-ema_trend-SOLUSDT-1708390800-X
LTC/USDT,ema_trend,2024-02-18 05:00,70.42,2024-02-20 04:59,70.21,trailing,26.683,3.7543316300,-9.3577616300,-0.004980,48.00,tb-ema_trend-LTCUSDT-1708228800-B,tb-ema_trend-LTCUSDT-1708401600-T
BNB/USDT,ema_trend,2024-02-20 07:00,357.58,2024-02-20 09:59,352.15,stop,4.800,3.4084919000,-29.4724919000,-0.017171,3.00,tb-ema_trend-BNBUSDT-1708408800-B,tb-ema_trend-BNBUSDT-1708419600-X
LTC/USDT,ema_trend,2024-02-20 11:00,70.67,2024-02-20 14:59,69.59,stop,24.192,3.3949366700,-29.5222966700,-0.017268,4.00,tb-ema_trend-LTCUSDT-1708423200-B,tb-ema_trend-LTCUSDT-1708437600-X
XRP/USDT,ema_trend,2024-02-18 15:00,0.5583,2024-02-20 15:59,0.5566,trailing,2524.1,2.815570670000,-7.106540670000,-0.005043,49.00,tb-ema_trend-XRPUSDT-1708264800-B,tb-ema_trend-XRPUSDT-1708441200-T
ETH/USDT,ema_trend,2024-02-20 02:00,2923.07,2024-02-20 15:59,2913.57,trailing,0.5698,3.3274713180,-8.7405713180,-0.005248,14.00,tb-ema_trend-ETHUSDT-1708390800-B,tb-ema_trend-ETHUSDT-1708441200-T
XRP/USDT,ema_trend,2024-02-20 19:00,0.5560,2024-02-21 03:00,0.5566,signal,3326.9,3.703399340000,-1.707259340000,-0.000923,8.00,tb-ema_trend-XRPUSDT-1708452000-B,tb-ema_trend-XRPUSDT-1708480800-S
ETH/USDT,ema_trend,2024-02-21 00:00,3016.32,2024-02-21 06:59,2950.46,stop,0.4599,2.7456302780,-33.0346442780,-0.023814,7.00,tb-ema_trend-ETHUSDT-1708470000-B,tb-ema_trend-ETHUSDT-1708495200-X
ETH/USDT,ema_trend,2024-02-21 09:00,2943.01,2024-02-21 12:59,2884.72,stop,0.6256,3.6478879930,-40.1141119930,-0.021788,4.00,tb-ema_trend-ETHUSDT-1708502400-B,tb-ema_trend-ETHUSDT-1708516800-X
ETH/USDT,ema_trend,2024-02-21 15:00,2893.67,2024-02-21 21:00,2904.73,signal,0.6327,3.6706732480,3.3269887520,0.001817,6.00,tb-ema_trend-ETHUSDT-1708524000-B,tb-ema_trend-ETHUSDT-1708545600-S
ETH/USDT,ema_trend,2024-02-22 01:00,2942.47,2024-02-22 13:59,2928.09,trailing,0.6225,3.6564833340,-12.6080333340,-0.006883,13.00,tb-ema_trend-ETHUSDT-1708560000-B,tb-ema_trend-ETHUSDT-1708606800-T
BNB/USDT,ema_trend,2024-02-20 18:00,349.58,2024-02-23 07:59,374.85,trailing,7.055,5.1136502900,173.1661997100,0.070213,62.00,tb-ema_trend-BNBUSDT-1708448400-B,tb-ema_trend-BNBUSDT-1708671600-T
ETH/USDT,ema_trend,2024-02-22 16:00,2988.45,2024-02-23 07:59,2928.61,trailing,0.6118,3.6221492250,-40.2322612250,-0.022005,16.00,tb-ema_trend-ETHUSDT-1708614000-B,tb-ema_trend-ETHUSDT-1708671600-T
BNB/USDT,ema_trend,2024-02-23 10:00,376.79,2024-02-26 02:59,382.59,trailing,6.577,4.9970797900,33.1495202100,0.013377,65.00,tb-ema_trend-BNBUSDT-1708678800-B,tb-ema_trend-BNBUSDT-1708912800-T
LTC/USDT,ema_trend,2024-02-24 16:00,70.15,2024-02-26 09:59,69.53,trailing,26.505,3.7041124500,-20.1372124500,-0.010830,42.00,tb-ema_trend-LTCUSDT-1708786800-B,tb-ema_trend-LTCUSDT-1708938000-T
ETH/USDT,ema_trend,2024-02-24 20:00,2988.60,2024-02-26 09:59,3052.34,trailing,0.4664,2.8189887200,26.9093472800,0.019305,38.00,tb-ema_trend-ETHUSDT-1708801200-B,tb-ema_trend-ETHUSDT-1708938000-T
BTC/USDT,ema_trend,2024-02-26 03:00,51458.64,2024-02-26 09:59,51067.22,stop,0.03251,3.3351740520,-16.0602382520,-0.009600,7.00,tb-ema_trend-BTCUSDT-1708912800-B,tb-ema_trend-BTCUSDT-1708938000-X
BNB/USDT,ema_trend,2024-02-26 10:00,385.30,2024-02-27 15:59,392.74,trailing,6.449,5.0202770600,42.9602829400,0.017289,30.00,tb-ema_trend-BNBUSDT-1708938000-B,tb-ema_trend-BNBUSDT-1709046000-T
LTC/USDT,ema_trend,2024-02-26 13:00,69.78,2024-02-27 15:59,73.59,trailing,20.026,2.8725930000,73.4264670000,0.052545,27.00,tb-ema_trend-LTCUSDT-1708948800-B,tb-ema_trend-LTCUSDT-1709046000-T
ETH/USDT,ema_trend,2024-02-26 12:00,3058.94,2024-02-28 17:59,3304.52,trailing,0.6089,3.8768520540,145.6568099460,0.078201,54.00,tb-ema_trend-ETHUSDT-1708945200-B,tb-ema_trend-ETHUSDT-1709139600-T
BTC/USDT,ema_trend,2024-02-27 16:00,56774.04,2024-02-28 17:59,60128.26,trailing,0.03606,4.2177679040,116.7354052960,0.057020,26.00,tb-ema_trend-BTCUSDT-1709046000-B,tb-ema_trend-BTCUSDT-1709139600-T
XRP/USDT,ema_trend,2024-02-27 16:00,0.5613,2024-02-28 17:59,0.5766,trailing,2735.6,3.114410880000,38.740269120000,0.025230,26.00,tb-ema_trend-XRPUSDT-1709046000-B,tb-ema_trend-XRPUSDT-1709139600-T
BNB/USDT,ema_trend,2024-02-28 18:00,413.11,2024-02-28 18:59,400.57,stop,6.265,5.1005969700,-83.6636969700,-0.032326,1.00,tb-ema_trend-BNBUSDT-1709139600-B,tb-ema_trend-BNBUSDT-1709143200-X
ADA/USDT,ema_trend,2024-02-28 18:00,0.6276,2024-02-28 18:59,0.6008,stop,3094.6,3.803352200000,-86.738632200000,-0.044661,1.00,tb-ema_trend-ADAUSDT-1709139600-B,tb-ema_trend-ADAUSDT-1709143200-X
LINK/USDT,ema_trend,2024-02-28 18:00,19.222,2024-02-29 21:59,19.299,trailing,75.74,2.91911830000,2.91286170000,0.002001,28.00,tb-ema_trend-LINKUSDT-1709139600-B,tb-ema_trend-LINKUSDT-1709240400-T
SOL/USDT,ema_trend,2024-02-28 19:00,113.21,2024-03-02 01:59,128.84,trailing,17.322,4.1948278800,266.5480321200,0.135923,55.00,tb-ema_trend-SOLUSDT-1709143200-B,tb-ema_trend-SOLUSDT-1709341200-T
ADA/USDT,ema_trend,2024-03-02 02:00,0.7562,2024-03-02 07:59,0.7284,stop,2355.9,3.499384020000,-68.993404020000,-0.038727,6.00,tb-ema_trend-ADAUSDT-1709341200-B,tb-ema_trend-ADAUSDT-1709362800-X
BTC/USDT,ema_trend,2024-02-28 20:00,60981.58,2024-03-02 14:59,61717.84,trailing,0.02773,3.4042843608,17.0122054392,0.010060,67.00,tb-ema_trend-BTCUSDT-1709146800-B,tb-ema_trend-BTCUSDT-1709388000-T
LTC/USDT,ema_trend,2024-02-29 22:00,80.63,2024-03-03 07:59,89.82,trailing,20.265,3.4558624800,182.7794875200,0.111862,58.00,tb-ema_trend-LTCUSDT-1709240400-B,tb-ema_trend-LTCUSDT-1709449200-T
XRP/USDT,ema_trend,2024-03-02 08:00,0.6310,2024-03-03 07:59,0.6228,trailing,2796.7,3.508269260000,-26.441209260000,-0.014983,24.00,tb-ema_trend-XRPUSDT-1709362800-B,tb-ema_trend-XRPUSDT-1709449200-T
ADA/USDT,ema_trend,2024-03-02 15:00,0.7319,2024-03-03 07:59,0.7102,trailing,2391.6,3.450682920000,-55.348402920000,-0.031620,17.00,tb-ema_trend-ADAUSDT-1709388000-B,tb-ema_trend-ADAUSDT-1709449200-T
LINK/USDT,ema_trend,2024-03-03 08:00,20.250,2024-03-04 02:00,20.446,signal,129.65,5.27886890000,20.13253110000,0.007668,18.00,tb-ema_trend-LINKUSDT-1709449200-B,tb-ema_trend-LINKUSDT-1709514000-S
LTC/USDT,ema_trend,2024-03-03 10:00,90.04,2024-03-04 18:59,87.92,trailing,21.863,3.8927203600,-50.2422803600,-0.025523,33.00,tb-ema_trend-LTCUSDT-1709456400-B,tb-ema_trend-LTCUSDT-1709575200-T
XRP/USDT,ema_trend,2024-03-03 10:00,0.6198,2024-03-05 05:59,0.6307,trailing,2382.8,2.981178920000,22.991341080000,0.015568,44.00,tb-ema_trend-XRPUSDT-1709456400-B,tb-ema_trend-XRPUSDT-1709614800-T
BTC/USDT,ema_trend,2024-03-04 03:00,63719.27,2024-03-05 05:59,66157.33,trailing,0.02775,3.6059872306,64.0501777694,0.036223,27.00,tb-ema_trend-BTCUSDT-1709517600-B,tb-ema_trend-BTCUSDT-1709614800-T
ADA/USDT,ema_trend,2024-03-04 19:00,0.7770,2024-03-05 05:59,0.7433,stop,2324.8,3.536258240000,-81.882018240000,-0.045330,11.00,tb-ema_trend-ADAUSDT-1709575200-B,tb-ema_trend-ADAUSDT-1709614800-X
ETH/USDT,ema_trend,2024-03-05 06:00,3717.66,2024-03-05 16:59,3673.62,trailing,0.7043,5.2086526360,-36.2260246360,-0.013835,11.00,tb-ema_trend-ETHUSDT-1709614800-B,tb-ema_trend-ETHUSDT-1709654400-T
BTC/USDT,ema_trend,2024-03-05 08:00,66162.71,2024-03-05 16:59,65875.70,trailing,0.02968,3.9208848941,-12.4393416941,-0.006335,9.00,tb-ema_trend-BTCUSDT-1709622000-B,tb-ema_trend-BTCUSDT-1709654400-T
ADA/USDT,ema_trend,2024-03-05 08:00,0.7542,2024-03-05 16:59,0.7317,trailing,1953.5,2.904214050000,-46.857964050000,-0.031804,9.00,tb-ema_trend-ADAUSDT-1709622000-B,tb-ema_trend-ADAUSDT-1709654400-T
XRP/USDT,ema_trend,2024-03-05 18:00,0.6260,2024-03-05 19:59,0.5995,stop,3971.4,4.869454700000,-110.111554700000,-0.044291,2.00,tb-ema_trend-XRPUSDT-1709658000-B,tb-ema_trend-XRPUSDT-1709665200-X
BTC/USDT,ema_trend,2024-03-05 19:00,64020.37,2024-03-05 19:59,61426.97,stop,0.03081,3.8675933645,-83.7702473645,-0.042470,1.00,tb-ema_trend-BTCUSDT-1709661600-B,tb-ema_trend-BTCUSDT-1709665200-X
ETH/USDT,ema_trend,2024-03-05 19:00,3613.69,2024-03-05 19:59,3492.94,stop,0.4095,2.9119718300,-52.3590968300,-0.035382,1.00,tb-ema_trend-ETHUSDT-1709661600-B,tb-ema_trend-ETHUSDT-1709665200-X
BNB/USDT,ema_trend,2024-03-06 14:00,422.42,2024-03-08 15:59,468.54,trailing,3.603,3.2118185600,162.9585414400,0.107070,50.00,tb-ema_trend-BNBUSDT-1709730000-B,tb-ema_trend-BNBUSDT-1709910000-T
ETH/USDT,ema_trend,2024-03-06 01:00,3564.39,2024-03-08 16:59,3857.40,trailing,0.5657,4.2006452370,161.5551117630,0.080122,64.00,tb-ema_trend-ETHUSDT-1709683200-B,tb-ema_trend-ETHUSDT-1709913600-T
BTC/USDT,ema_trend,2024-03-06 09:00,66974.70,2024-03-08 16:59,66772.40,trailing,0.03028,4.0525411740,-10.1781851740,-0.005019,56.00,tb-ema_trend-BTCUSDT-1709712000-B,tb-ema_trend-BTCUSDT-1709913600-T
SOL/USDT,ema_trend,2024-03-08 16:00,145.46,2024-03-09 23:59,144.20,trailing,10.745,3.1139967600,-16.6526967600,-0.010655,32.00,tb-ema_trend-SOLUSDT-1709910000-B,tb-ema_trend-SOLUSDT-1710025200-T
XRP/USDT,ema_trend,2024-03-10 08:00,0.6266,2024-03-10 09:59,0.6179,stop,2611.0,3.251081320000,-25.966781320000,-0.015872,2.00,tb-ema_trend-XRPUSDT-1710054000-B,tb-ema_trend-XRPUSDT-1710061200-X
BTC/USDT,ema_trend,2024-03-08 19:00,68612.30,2024-03-10 14:59,68611.08,trailing,0.02426,3.3310975670,-3.3606947670,-0.002019,44.00,tb-ema_trend-BTCUSDT-1709920800-B,tb-ema_trend-BTCUSDT-1710079200-T
LTC/USDT,ema_trend,2024-03-10 18:00,88.52,2024-03-10 22:00,87.38,signal,17.328,3.0495885600,-22.8035085600,-0.014867,4.00,tb-ema_trend-LTCUSDT-1710090000-B,tb-ema_trend-LTCUSDT-1710104400-S
BTC/USDT,ema_trend,2024-03-10 17:00,69461.13,2024-03-10 22:59,68523.73,stop,0.02943,4.0629782598,-31.6506602598,-0.015483,6.00,tb-ema_trend-BTCUSDT-1710086400-B,tb-ema_trend-BTCUSDT-1710108000-X
BNB/USDT,ema_trend,2024-03-08 18:00,482.95,2024-03-11 00:59,514.63,trailing,4.598,4.5892875900,141.0753524100,0.063530,55.00,tb-ema_trend-BNBUSDT-1709917200-B,tb-ema_trend-BNBUSDT-1710115200-T
LINK/USDT,ema_trend,2024-03-10 23:00,20.671,2024-03-11 00:59,20.652,trailing,98.26,4.06246508000,-5.92940508000,-0.002919,2.00,tb-ema_trend-LINKUSDT-1710108000-B,tb-ema_trend-LINKUSDT-1710115200-T
LINK/USDT,ema_trend,2024-03-11 03:00,21.661,2024-03-12 03:59,20.775,trailing,90.71,3.85153566000,-84.22059566000,-0.042863,25.00,tb-ema_trend-LINKUSDT-1710122400-B,tb-ema_trend-LINKUSDT-1710212400-T
BNB/USDT,ema_trend,2024-03-11 03:00,515.26,2024-03-12 14:59,520.85,trailing,2.859,2.9637842700,13.0180257300,0.008837,36.00,tb-ema_trend-BNBUSDT-1710122400-B,tb-ema_trend-BNBUSDT-1710252000-T
BTC/USDT,ema_trend,2024-03-11 01:00,68130.04,2024-03-12 15:59,70774.26,trailing,0.03845,5.3435955396,96.3266634604,0.036772,39.00,tb-ema_trend-BTCUSDT-1710115200-B,tb-ema_trend-BTCUSDT-1710255600-T
LTC/USDT,ema_trend,2024-03-12 04:00,98.99,2024-03-12 16:59,95.29,stop,15.917,3.0939386000,-61.9868386000,-0.039341,13.00,tb-ema_trend-LTCUSDT-1710212400-B,tb-ema_trend-LTCUSDT-1710259200-X
ADA/USDT,ema_trend,2024-03-12 15:00,0.7392,2024-03-12 17:59,0.7148,stop,2101.3,3.056916440000,-54.328636440000,-0.034977,3.00,tb-ema_trend-ADAUSDT-1710252000-B,tb-ema_trend-ADAUSDT-1710262800-X
SOL/USDT,ema_trend,2024-03-12 16:00,150.31,2024-03-12 17:59,144.43,stop,12.268,3.6178243500,-75.7536643500,-0.041081,2.00,tb-ema_trend-SOLUSDT-1710255600-B,tb-ema_trend-SOLUSDT-1710262800-X
ETH/USDT,ema_trend,2024-03-12 17:00,3923.78,2024-03-12 17:59,3832.40,stop,0.4488,3.4829354740,-44.4942794740,-0.025267,1.00,tb-ema_trend-ETHUSDT-1710259200-B,tb-ema_trend-ETHUSDT-1710262800-X
LTC/USDT,ema_trend,2024-03-13 01:00,97.40,2024-03-13 13:59,94.74,trailing,26.355,5.0664795000,-75.1707795000,-0.029284,13.00,tb-ema_trend-LTCUSDT-1710288000-B,tb-ema_trend-LTCUSDT-1710334800-T
ADA/USDT,ema_trend,2024-03-13 01:00,0.7472,2024-03-13 13:59,0.7409,trailing,2577.0,3.836776420000,-20.071876420000,-0.010424,13.00,tb-ema_trend-ADAUSDT-1710288000-B,tb-ema_trend-ADAUSDT-1710334800-T
BTC/USDT,ema_trend,2024-03-13 01:00,71446.40,2024-03-13 13:59,71620.04,trailing,0.02020,2.8920854820,0.6154425180,0.000426,13.00,tb-ema_trend-BTCUSDT-1710288000-B,tb-ema_trend-BTCUSDT-1710334800-T
ETH/USDT,ema_trend,2024-03-13 17:00,3985.02,2024-03-14 03:00,3982.53,signal,0.3589,2.8611477060,-3.7548087060,-0.002625,10.00,tb-ema_trend-ETHUSDT-1710345600-B,tb-ema_trend-ETHUSDT-1710381600-S
LTC/USDT,ema_trend,2024-03-13 16:00,95.99,2024-03-14 04:00,95.98,signal,19.872,3.8167476400,-4.0154676400,-0.002105,12.00,tb-ema_trend-LTCUSDT-1710342000-B,tb-ema_trend-LTCUSDT-1710385200-S
BNB/USDT,ema_trend,2024-03-13 14:00,583.10,2024-03-14 11:59,603.01,trailing,4.360,5.1743551000,81.6332449000,0.032110,22.00,tb-ema_trend-BNBUSDT-1710334800-B,tb-ema_trend-BNBUSDT-1710414000-T
SOL/USDT,ema_trend,2024-03-14 04:00,167.54,2024-03-14 13:59,164.44,trailing,8.533,2.8342932000,-29.2865932000,-0.020486,10.00,tb-ema_trend-SOLUSDT-1710385200-B,tb-ema_trend-SOLUSDT-1710421200-T
ADA/USDT,ema_trend,2024-03-14 12:00,0.7955,2024-03-14 13:59,0.7681,stop,2284.4,3.573717490000,-66.166277490000,-0.036410,2.00,tb-ema_trend-ADAUSDT-1710414000-B,tb-ema_trend-ADAUSDT-1710421200-X
LINK/USDT,ema_trend,2024-03-14 11:00,21.277,2024-03-14 15:59,20.713,stop,72.75,3.05647466000,-44.08747466000,-0.028482,5.00,tb-ema_trend-LINKUSDT-1710410400-B,tb-ema_trend-LINKUSDT-1710428400-X
BNB/USDT,ema_trend,2024-03-14 14:00,593.50,2024-03-14 19:59,574.00,stop,3.623,4.2322265000,-74.8807265000,-0.034824,6.00,tb-ema_trend-BNBUSDT-1710421200-B,tb-ema_trend-BNBUSDT-1710442800-X
SOL/USDT,ema_trend,2024-03-14 16:00,167.73,2024-03-14 19:59,160.18,stop,11.858,3.8903695400,-93.4182695400,-0.046969,4.00,tb-ema_trend-SOLUSDT-1710428400-B,tb-ema_trend-SOLUSDT-1710442800-X
ADA/USDT,ema_trend,2024-03-14 16:00,0.7477,2024-03-14 19:59,0.7141,stop,1994.9,2.917640220000,-69.946280220000,-0.046894,4.00,tb-ema_trend-ADAUSDT-1710428400-B,tb-ema_trend-ADAUSDT-1710442800-X
BNB/USDT,ema_trend,2024-03-15 01:00,606.21,2024-03-15 02:59,582.75,stop,4.068,4.8397203300,-100.2750003300,-0.040662,2.00,tb-ema_trend-BNBUSDT-1710460800-B,tb-ema_trend-BNBUSDT-1710468000-X
SOL/USDT,ema_trend,2024-03-15 01:00,179.65,2024-03-15 03:59,170.70,stop,10.299,3.6102308000,-95.7862808000,-0.051770,3.00,tb-ema_trend-SOLUSDT-1710460800-B,tb-ema_trend-SOLUSDT-1710471600-X
BNB/USDT,ema_trend,2024-03-15 05:00,576.19,2024-03-15 09:59,549.35,stop,3.641,4.1003959000,-101.8248359000,-0.048536,5.00,tb-ema_trend-BNBUSDT-1710475200-B,tb-ema_trend-BNBUSDT-1710493200-X
BNB/USDT,ema_trend,2024-03-16 01:00,620.92,2024-03-16 17:59,585.98,stop,2.778,3.3546309600,-100.4179509600,-0.058216,17.00,tb-ema_trend-BNBUSDT-1710547200-B,tb-ema_trend-BNBUSDT-1710608400-X
SOL/USDT,ema_trend,2024-03-15 06:00,174.27,2024-03-16 19:59,180.77,trailing,8.508,3.0222487500,52.2797512500,0.035260,38.00,tb-ema_trend-SOLUSDT-1710478800-B,tb-ema_trend-SOLUSDT-1710615600-T
SOL/USDT,ema_trend,2024-03-16 22:00,180.51,2024-03-18 17:59,195.40,trailing,7.834,2.9463230200,113.7019369800,0.080405,44.00,tb-ema_trend-SOLUSDT-1710622800-B,tb-ema_trend-SOLUSDT-1710781200-T
SOL/USDT,ema_trend,2024-03-21 02:00,191.62,2024-03-21 17:59,180.55,stop,8.776,3.2678885000,-100.4182085000,-0.059714,16.00,tb-ema_trend-SOLUSDT-1710982800-B,tb-ema_trend-SOLUSDT-1711040400-X
BTC/USDT,ema_trend,2024-03-20 23:00,67715.79,2024-03-21 18:59,65436.46,trailing,0.03556,4.7376026440,-85.7905774440,-0.035628,20.00,tb-ema_trend-BTCUSDT-1710972000-B,tb-ema_trend-BTCUSDT-1711044000-T
ETH/USDT,ema_trend,2024-03-21 09:00,3571.24,2024-03-21 18:59,3449.24,stop,0.3881,2.7260767800,-50.0742767800,-0.036129,10.00,tb-ema_trend-ETHUSDT-1711008000-B,tb-ema_trend-ETHUSDT-1711044000-X
SOL/USDT,ema_trend,2024-03-21 21:00,179.63,2024-03-21 23:00,178.22,signal,10.273,3.6781689800,-18.1630989800,-0.009843,2.00,tb-ema_trend-SOLUSDT-1711051200-B,tb-ema_trend-SOLUSDT-1711058400-S
XRP/USDT,ema_trend,2024-03-21 18:00,0.6437,2024-03-22 01:59,0.6226,stop,2229.9,2.825202880000,-49.876092880000,-0.034747,8.00,tb-ema_trend-XRPUSDT-1711040400-B,tb-ema_trend-XRPUSDT-1711069200-X
XRP/USDT,ema_trend,2024-03-22 04:00,0.6367,2024-03-22 11:59,0.6159,stop,3663.9,4.591756930000,-80.800876930000,-0.034637,8.00,tb-ema_trend-XRPUSDT-1711076400-B,tb-ema_trend-XRPUSDT-1711105200-X
BNB/USDT,ema_trend,2024-03-22 05:00,577.69,2024-03-22 12:59,560.20,stop,3.027,3.4467037900,-56.3889337900,-0.032247,8.00,tb-ema_trend-BNBUSDT-1711080000-B,tb-ema_trend-BNBUSDT-1711108800-X
BNB/USDT,ema_trend,2024-03-22 16:00,554.38,2024-03-22 23:00,541.22,signal,4.145,4.5440339000,-59.0922339000,-0.025716,7.00,tb-ema_trend-BNBUSDT-1711119600-B,tb-ema_trend-BNBUSDT-1711144800-S
XRP/USDT,ema_trend,2024-03-23 18:00,0.6287,2024-03-23 23:59,0.6164,stop,2723.9,3.393288250000,-36.897258250000,-0.021546,6.00,tb-ema_trend-XRPUSDT-1711213200-B,tb-ema_trend-XRPUSDT-1711234800-X
XRP/USDT,ema_trend,2024-03-24 10:00,0.6312,2024-03-26 12:59,0.6379,trailing,2698.9,3.426941350000,14.655688650000,0.008603,51.00,tb-ema_trend-XRPUSDT-1711270800-B,tb-ema_trend-XRPUSDT-1711454400-T
LTC/USDT,ema_trend,2024-03-23 15:00,87.01,2024-03-26 14:59,89.38,trailing,26.245,4.6317048200,57.5689451800,0.025210,72.00,tb-ema_trend-LTCUSDT-1711202400-B,tb-ema_trend-LTCUSDT-1711461600-T
BTC/USDT,ema_trend,2024-03-25 00:00,67243.61,2024-03-26 14:59,69374.08,trailing,0.01899,2.5957148061,37.8619104939,0.029650,39.00,tb-ema_trend-BTCUSDT-1711321200-B,tb-ema_trend-BTCUSDT-1711461600-T
LINK/USDT,ema_trend,2024-03-26 13:00,20.430,2024-03-26 14:59,19.987,stop,67.91,2.74614857000,-32.83027857000,-0.023663,2.00,tb-ema_trend-LINKUSDT-1711454400-B,tb-ema_trend-LINKUSDT-1711461600-X
SOL/USDT,ema_trend,2024-03-26 15:00,192.04,2024-03-26 16:59,186.89,stop,8.956,3.3954254400,-49.5188254400,-0.028792,2.00,tb-ema_trend-SOLUSDT-1711461600-B,tb-ema_trend-SOLUSDT-1711468800-X
XRP/USDT,ema_trend,2024-03-26 15:00,0.6357,2024-03-27 00:00,0.6313,signal,2029.1,2.572204670000,-11.500244670000,-0.008916,9.00,tb-ema_trend-XRPUSDT-1711461600-B,tb-ema_trend-XRPUSDT-1711494000-S
BNB/USDT,ema_trend,2024-03-27 01:00,584.70,2024-03-27 07:59,573.59,stop,2.322,2.6913034800,-28.4887234800,-0.020983,7.00,tb-ema_trend-BNBUSDT-1711497600-B,tb-ema_trend-BNBUSDT-1711522800-X
LINK/USDT,ema_trend,2024-03-26 17:00,19.856,2024-03-27 08:59,19.455,trailing,69.75,2.74333217000,-30.71308217000,-0.022176,16.00,tb-ema_trend-LINKUSDT-1711468800-B,tb-ema_trend-LINKUSDT-1711526400-T
ETH/USDT,ema_trend,2024-03-26 15:00,3595.29,2024-03-27 14:59,3525.47,trailing,0.6378,4.5441374350,-49.0753334350,-0.021402,24.00,tb-ema_trend-ETHUSDT-1711461600-B,tb-ema_trend-ETHUSDT-1711548000-T
LTC/USDT,ema_trend,2024-03-27 08:00,95.67,2024-03-27 14:59,93.00,trailing,14.125,2.6663988000,-40.3801488000,-0.029882,7.00,tb-ema_trend-LTCUSDT-1711522800-B,tb-ema_trend-LTCUSDT-1711548000-T
SOL/USDT,ema_trend,2024-03-27 09:00,185.11,2024-03-27 14:59,180.99,trailing,7.303,2.6751091800,-32.7634691800,-0.024236,6.00,tb-ema_trend-SOLUSDT-1711526400-B,tb-ema_trend-SOLUSDT-1711548000-T
ETH/USDT,ema_trend,2024-03-27 17:00,3525.92,2024-03-27 19:00,3459.50,signal,0.3561,2.4889184300,-26.1410804300,-0.020820,2.00,tb-ema_trend-ETHUSDT-1711555200-B,tb-ema_trend-ETHUSDT-1711562400-S
LINK/USDT,ema_trend,2024-03-27 15:00,19.484,2024-03-27 19:00,19.002,signal,114.57,4.41167910000,-59.63441910000,-0.026715,4.00,tb-ema_trend-LINKUSDT-1711548000-B,tb-ema_trend-LINKUSDT-1711562400-S
BTC/USDT,ema_trend,2024-03-28 14:00,70913.42,2024-03-29 05:59,70168.69,trailing,0.01895,2.6749242574,-16.7875577574,-0.012493,16.00,tb-ema_trend-BTCUSDT-1711630800-B,tb-ema_trend-BTCUSDT-1711688400-T
LTC/USDT,ema_trend,2024-03-27 17:00,94.73,2024-03-29 07:59,93.17,trailing,17.674,3.3226497400,-30.8940897400,-0.018452,39.00,tb-ema_trend-LTCUSDT-1711555200-B,tb-ema_trend-LTCUSDT-1711695600-T
XRP/USDT,ema_trend,2024-03-29 15:00,0.6350,2024-03-29 15:59,0.6212,stop,2068.4,2.599657580000,-31.143577580000,-0.023712,1.00,tb-ema_trend-XRPUSDT-1711720800-B,tb-ema_trend-XRPUSDT-1711724400-X
BNB/USDT,ema_trend,2024-03-28 06:00,586.00,2024-03-30 06:59,603.26,trailing,3.057,3.6379118200,49.1259081800,0.027423,49.00,tb-ema_trend-BNBUSDT-1711602000-B,tb-ema_trend-BNBUSDT-1711778400-T
LTC/USDT,ema_trend,2024-03-29 13:00,103.39,2024-03-30 06:59,103.35,trailing,16.938,3.5035197500,-4.1810397500,-0.002388,18.00,tb-ema_trend-LTCUSDT-1711713600-B,tb-ema_trend-LTCUSDT-1711778400-T
XRP/USDT,ema_trend,2024-03-29 18:00,0.6327,2024-03-30 21:59,0.6193,trailing,2063.3,2.584580270000,-30.232800270000,-0.023159,28.00,tb-ema_trend-XRPUSDT-1711731600-B,tb-ema_trend-XRPUSDT-1711832400-T
LTC/USDT,ema_trend,2024-03-30 09:00,104.56,2024-03-30 21:59,101.07,stop,13.455,2.7682154900,-49.7261654900,-0.035346,13.00,tb-ema_trend-LTCUSDT-1711785600-B,tb-ema_trend-LTCUSDT-1711832400-X
SOL/USDT,ema_trend,2024-03-30 07:00,197.88,2024-04-01 05:59,197.40,trailing,9.480,3.7492332000,-8.2996332000,-0.004424,47.00,tb-ema_trend-SOLUSDT-1711778400-B,tb-ema_trend-SOLUSDT-1711947600-T
LTC/USDT,ema_trend,2024-03-31 00:00,102.90,2024-04-01 05:59,106.35,trailing,16.652,3.4861803000,53.9632197000,0.031493,30.00,tb-ema_trend-LTCUSDT-1711839600-B,tb-ema_trend-LTCUSDT-1711947600-T
ETH/USDT,ema_trend,2024-03-31 07:00,3617.80,2024-04-01 05:59,3585.07,trailing,0.3551,2.5591862600,-14.1816092600,-0.011039,23.00,tb-ema_trend-ETHUSDT-1711864800-B,tb-ema_trend-ETHUSDT-1711947600-T
BTC/USDT,ema_trend,2024-04-01 07:00,69649.77,2024-04-01 10:00,69360.30,signal,0.03143,4.3718724919,-13.4699145919,-0.006153,3.00,tb-ema_trend-BTCUSDT-1711951200-B,tb-ema_trend-BTCUSDT-1711962000-S
LTC/USDT,ema_trend,2024-04-01 08:00,108.41,2024-04-01 10:59,103.90,stop,15.153,3.2188679900,-71.5588979900,-0.043561,3.00,tb-ema_trend-LTCUSDT-1711954800-B,tb-ema_trend-LTCUSDT-1711965600-X
ETH/USDT,ema_trend,2024-04-01 08:00,3548.66,2024-04-01 14:00,3553.43,signal,0.3471,2.4665549000,-0.8108879000,-0.000658,6.00,tb-ema_trend-ETHUSDT-1711954800-B,tb-ema_trend-ETHUSDT-1711976400-S
SOL/USDT,ema_trend,2024-04-01 11:00,196.55,2024-04-01 14:59,191.52,stop,9.466,3.6754361200,-51.2894161200,-0.027567,4.00,tb-ema_trend-SOLUSDT-1711965600-B,tb-ema_trend-SOLUSDT-1711980000-X
LTC/USDT,ema_trend,2024-04-01 13:00,105.23,2024-04-01 14:59,100.72,stop,13.261,2.7325761700,-62.5396861700,-0.044817,2.00,tb-ema_trend-LTCUSDT-1711972800-B,tb-ema_trend-LTCUSDT-1711980000-X
ADA/USDT,ema_trend,2024-05-02 23:00,0.4596,2024-05-03 05:59,0.4489,stop,2619.5,2.381056670000,-30.409706670000,-0.025259,7.00,tb-ema_trend-ADAUSDT-1714687200-B,tb-ema_trend-ADAUSDT-1714712400-X
XRP/USDT,ema_trend,2024-05-01 23:00,0.5150,2024-05-04 22:59,0.5286,trailing,4155.8,4.339155880000,52.179724120000,0.024380,72.00,tb-ema_trend-XRPUSDT-1714600800-B,tb-ema_trend-XRPUSDT-1714860000-T
ADA/USDT,ema_trend,2024-05-03 14:00,0.4652,2024-05-04 23:59,0.4628,trailing,2571.6,2.387654320000,-8.559494320000,-0.007155,34.00,tb-ema_trend-ADAUSDT-1714741200-B,tb-ema_trend-ADAUSDT-1714863600-T
SOL/USDT,ema_trend,2024-05-02 12:00,138.81,2024-05-05 00:59,144.04,trailing,11.562,3.2719774200,57.1972825800,0.035639,61.00,tb-ema_trend-SOLUSDT-1714647600-B,tb-ema_trend-SOLUSDT-1714867200-T
BTC/USDT,ema_trend,2024-05-04 23:00,63645.73,2024-05-06 10:59,63918.52,trailing,0.02269,2.8963422056,3.2932628944,0.002280,36.00,tb-ema_trend-BTCUSDT-1714860000-B,tb-ema_trend-BTCUSDT-1714989600-T
ETH/USDT,ema_trend,2024-05-05 01:00,3109.86,2024-05-06 10:59,3134.02,trailing,0.4666,2.9149493360,8.3581066640,0.005760,34.00,tb-ema_trend-ETHUSDT-1714867200-B,tb-ema_trend-ETHUSDT-1714989600-T
LINK/USDT,ema_trend,2024-05-05 00:00,14.325,2024-05-06 12:59,14.719,trailing,96.41,2.80156454000,35.18397546000,0.025476,37.00,tb-ema_trend-LINKUSDT-1714863600-B,tb-ema_trend-LINKUSDT-1714996800-T
LTC/USDT,ema_trend,2024-05-06 11:00,82.42,2024-05-06 12:59,80.90,stop,16.518,2.6991209000,-27.8064809000,-0.020425,2.00,tb-ema_trend-LTCUSDT-1714989600-B,tb-ema_trend-LTCUSDT-1714996800-X
ETH/USDT,ema_trend,2024-05-06 13:00,3104.50,2024-05-06 19:00,3074.96,signal,0.5502,3.4018015900,-19.6547095900,-0.011507,6.00,tb-ema_trend-ETHUSDT-1714996800-B,tb-ema_trend-ETHUSDT-1715018400-S
BTC/USDT,ema_trend,2024-05-06 13:00,63625.79,2024-05-07 20:00,63028.47,signal,0.02013,2.5514590264,-14.5755106264,-0.011380,31.00,tb-ema_trend-BTCUSDT-1714996800-B,tb-ema_trend-BTCUSDT-1715108400-S
BNB/USDT,ema_trend,2024-05-06 11:00,589.30,2024-05-07 20:59,581.39,stop,3.079,3.6069117100,-27.9618017100,-0.015411,34.00,tb-ema_trend-BNBUSDT-1714989600-B,tb-ema_trend-BNBUSDT-1715112000-X
XRP/USDT,ema_trend,2024-05-06 20:00,0.5470,2024-05-07 21:59,0.5316,trailing,2528.7,2.728878020000,-41.670858020000,-0.030126,26.00,tb-ema_trend-XRPUSDT-1715022000-B,tb-ema_trend-XRPUSDT-1715115600-T
SOL/USDT,ema_trend,2024-05-08 01:00,149.33,2024-05-08 04:00,149.42,signal,14.304,4.2755599500,-2.9881999500,-0.001399,3.00,tb-ema_trend-SOLUSDT-1715126400-B,tb-ema_trend-SOLUSDT-1715137200-S
LTC/USDT,ema_trend,2024-05-08 20:00,81.86,2024-05-08 21:00,80.90,signal,19.564,3.1858738400,-21.9673138400,-0.013717,1.00,tb-ema_trend-LTCUSDT-1715194800-B,tb-ema_trend-LTCUSDT-1715198400-S
ADA/USDT,ema_trend,2024-05-08 20:00,0.4646,2024-05-08 23:59,0.4512,stop,4596.2,4.211383580000,-65.800463580000,-0.030814,4.00,tb-ema_trend-ADAUSDT-1715194800-B,tb-ema_trend-ADAUSDT-1715209200-X
ADA/USDT,ema_trend,2024-05-09 02:00,0.4617,2024-05-09 10:59,0.4478,stop,4577.7,4.165541970000,-67.795571970000,-0.032077,9.00,tb-ema_trend-ADAUSDT-1715216400-B,tb-ema_trend-ADAUSDT-1715248800-X
BNB/USDT,ema_trend,2024-05-09 07:00,600.71,2024-05-09 10:59,590.06,stop,2.637,3.1418626200,-31.2259126200,-0.019712,4.00,tb-ema_trend-BNBUSDT-1715234400-B,tb-ema_trend-BNBUSDT-1715248800-X
BNB/USDT,ema_trend,2024-05-09 13:00,595.40,2024-05-10 14:59,588.18,trailing,3.507,4.1531966600,-29.4737366600,-0.014115,26.00,tb-ema_trend-BNBUSDT-1715256000-B,tb-ema_trend-BNBUSDT-1715349600-T
SOL/USDT,ema_trend,2024-05-09 23:00,153.03,2024-05-10 14:59,149.28,trailing,10.235,3.0958261800,-41.4770761800,-0.026482,16.00,tb-ema_trend-SOLUSDT-1715292000-B,tb-ema_trend-SOLUSDT-1715349600-T
BTC/USDT,ema_trend,2024-05-10 02:00,62914.95,2024-05-10 14:59,62053.00,trailing,0.01867,2.3344099255,-18.4270164255,-0.015688,13.00,tb-ema_trend-BTCUSDT-1715302800-B,tb-ema_trend-BTCUSDT-1715349600-T
SOL/USDT,ema_trend,2024-05-10 17:00,148.05,2024-05-10 23:00,145.74,signal,13.955,4.1019121500,-36.3379621500,-0.017588,6.00,tb-ema_trend-SOLUSDT-1715356800-B,tb-ema_trend-SOLUSDT-1715378400-S
LTC/USDT,ema_trend,2024-05-12 11:00,81.62,2024-05-13 01:59,80.91,trailing,25.200,4.0978781200,-21.9898781200,-0.010691,15.00,tb-ema_trend-LTCUSDT-1715508000-B,tb-ema_trend-LTCUSDT-1715562000-T
BTC/USDT,ema_trend,2024-05-13 11:00,62706.03,2024-05-14 06:59,62063.83,trailing,0.03270,4.0824826622,-25.0824226622,-0.012232,20.00,tb-ema_trend-BTCUSDT-1715594400-B,tb-ema_trend-BTCUSDT-1715666400-T
SOL/USDT,ema_trend,2024-05-13 18:00,147.55,2024-05-14 14:59,143.36,trailing,10.427,3.0349416200,-46.7240716200,-0.030370,21.00,tb-ema_trend-SOLUSDT-1715619600-B,tb-ema_trend-SOLUSDT-1715695200-T
ETH/USDT,ema_trend,2024-05-15 15:00,2977.58,2024-05-16 12:59,2974.97,trailing,0.5120,3.0494921480,-4.3858121480,-0.002877,22.00,tb-ema_trend-ETHUSDT-1715781600-B,tb-ema_trend-ETHUSDT-1715860800-T
SOL/USDT,ema_trend,2024-05-15 15:00,152.55,2024-05-16 14:59,158.31,trailing,7.498,2.3320486800,40.8564313200,0.035719,24.00,tb-ema_trend-SOLUSDT-1715781600-B,tb-ema_trend-SOLUSDT-1715868000-T
BTC/USDT,ema_trend,2024-05-15 10:00,62681.31,2024-05-16 16:59,65171.37,trailing,0.03243,4.1487696657,76.6038761343,0.037685,31.00,tb-ema_trend-BTCUSDT-1715763600-B,tb-ema_trend-BTCUSDT-1715875200-T
ADA/USDT,ema_trend,2024-05-16 13:00,0.4528,2024-05-18 13:59,0.4774,trailing,2734.2,2.544620680000,64.716699320000,0.052273,49.00,tb-ema_trend-ADAUSDT-1715860800-B,tb-ema_trend-ADAUSDT-1716037200-T
LTC/USDT,ema_trend,2024-05-16 15:00,81.56,2024-05-19 09:59,83.58,trailing,15.020,2.4817077600,27.8586922400,0.022741,67.00,tb-ema_trend-LTCUSDT-1715868000-B,tb-ema_trend-LTCUSDT-1716109200-T
SOL/USDT,ema_trend,2024-05-16 17:00,158.23,2024-05-19 11:59,170.71,trailing,9.135,3.0064492000,110.9983508000,0.076793,67.00,tb-ema_trend-SOLUSDT-1715875200-B,tb-ema_trend-SOLUSDT-1716116400-T
ETH/USDT,ema_trend,2024-05-18 14:00,3109.56,2024-05-19 11:59,3089.57,trailing,0.4533,2.8116204080,-11.8730874080,-0.008423,22.00,tb-ema_trend-ETHUSDT-1716037200-B,tb-ema_trend-ETHUSDT-1716116400-T
BTC/USDT,ema_trend,2024-05-19 12:00,67363.68,2024-05-19 12:59,66792.49,stop,0.02621,3.5182541232,-18.4891440232,-0.010472,1.00,tb-ema_trend-BTCUSDT-1716116400-B,tb-ema_trend-BTCUSDT-1716120000-X
ETH/USDT,ema_trend,2024-05-19 14:00,3086.90,2024-05-20 01:59,3051.63,stop,0.4279,2.6282204400,-17.7202534400,-0.013415,12.00,tb-ema_trend-ETHUSDT-1716123600-B,tb-ema_trend-ETHUSDT-1716166800-X
ETH/USDT,ema_trend,2024-05-20 04:00,3088.75,2024-05-20 06:59,3063.96,trailing,0.4262,2.6238293750,-13.1893273750,-0.010019,3.00,tb-ema_trend-ETHUSDT-1716174000-B,tb-ema_trend-ETHUSDT-1716184800-T
SOL/USDT,ema_trend,2024-05-19 14:00,168.90,2024-05-21 12:59,179.89,trailing,10.429,3.6393888100,110.9753211900,0.063002,47.00,tb-ema_trend-SOLUSDT-1716123600-B,tb-ema_trend-SOLUSDT-1716292800-T
LINK/USDT,ema_trend,2024-05-19 10:00,16.570,2024-05-21 15:59,16.561,trailing,82.72,2.74208762000,-3.48656762000,-0.002544,54.00,tb-ema_trend-LINKUSDT-1716109200-B,tb-ema_trend-LINKUSDT-1716303600-T
XRP/USDT,ema_trend,2024-05-21 16:00,0.5427,2024-05-22 04:59,0.5311,stop,2637.9,2.834042310000,-33.433682310000,-0.023354,13.00,tb-ema_trend-XRPUSDT-1716303600-B,tb-ema_trend-XRPUSDT-1716350400-X
ETH/USDT,ema_trend,2024-05-20 09:00,3100.06,2024-05-22 12:59,3686.53,trailing,0.4236,2.8763495560,245.5523424440,0.186990,52.00,tb-ema_trend-ETHUSDT-1716192000-B,tb-ema_trend-ETHUSDT-1716379200-T
LTC/USDT,ema_trend,2024-05-22 05:00,86.72,2024-05-22 12:59,85.33,trailing,16.413,2.8253308900,-25.6394008900,-0.018014,8.00,tb-ema_trend-LTCUSDT-1716350400-B,tb-ema_trend-LTCUSDT-1716379200-T
ADA/USDT,ema_trend,2024-05-22 13:00,0.4755,2024-05-22 14:00,0.4797,signal,3799.9,3.631518930000,12.328061070000,0.006823,1.00,tb-ema_trend-ADAUSDT-1716379200-B,tb-ema_trend-ADAUSDT-1716382800-S
XRP/USDT,ema_trend,2024-05-22 13:00,0.5280,2024-05-22 22:00,0.5272,signal,2566.9,2.709965680000,-4.763485680000,-0.003515,9.00,tb-ema_trend-XRPUSDT-1716379200-B,tb-ema_trend-XRPUSDT-1716411600-S
BNB/USDT,ema_trend,2024-05-21 13:00,613.21,2024-05-23 09:59,611.51,trailing,2.369,2.9032013100,-6.9305013100,-0.004771,45.00,tb-ema_trend-BNBUSDT-1716292800-B,tb-ema_trend-BNBUSDT-1716454800-T
ETH/USDT,ema_trend,2024-05-22 15:00,3746.41,2024-05-23 12:59,3785.34,trailing,0.3926,2.9584636100,12.3254543900,0.008380,22.00,tb-ema_trend-ETHUSDT-1716386400-B,tb-ema_trend-ETHUSDT-1716465600-T
BNB/USDT,ema_trend,2024-05-23 13:00,605.71,2024-05-23 13:59,595.43,stop,3.586,4.3097108800,-41.1737908800,-0.018956,1.00,tb-ema_trend-BNBUSDT-1716465600-B,tb-ema_trend-BNBUSDT-1716469200-X
ETH/USDT,ema_trend,2024-05-23 15:00,3765.87,2024-05-23 20:59,3633.14,stop,0.5742,4.2507710660,-80.4643370660,-0.037211,6.00,tb-ema_trend-ETHUSDT-1716472800-B,tb-ema_trend-ETHUSDT-1716494400-X
ETH/USDT,ema_trend,2024-05-23 23:00,3812.91,2024-05-24 08:59,3635.04,stop,0.4868,3.6275685130,-90.2146845130,-0.048604,10.00,tb-ema_trend-ETHUSDT-1716501600-B,tb-ema_trend-ETHUSDT-1716537600-X
ETH/USDT,ema_trend,2024-05-24 11:00,3701.48,2024-05-24 14:00,3682.29,signal,0.4593,3.3932163040,-12.2071833040,-0.007180,3.00,tb-ema_trend-ETHUSDT-1716544800-B,tb-ema_trend-ETHUSDT-1716555600-S
LINK/USDT,ema_trend,2024-05-24 03:00,17.281,2024-05-25 08:59,17.017,trailing,97.12,3.33274986000,-28.97242986000,-0.017263,30.00,tb-ema_trend-LINKUSDT-1716516000-B,tb-ema_trend-LINKUSDT-1716624000-T
XRP/USDT,ema_trend,2024-05-25 23:00,0.5417,2024-05-26 09:59,0.5354,stop,2333.4,2.514605220000,-17.215025220000,-0.013619,11.00,tb-ema_trend-XRPUSDT-1716674400-B,tb-ema_trend-XRPUSDT-1716714000-X
BTC/USDT,ema_trend,2024-05-25 13:00,69150.87,2024-05-26 21:59,68595.31,trailing,0.02436,3.3575714693,-16.8910130693,-0.010027,33.00,tb-ema_trend-BTCUSDT-1716638400-B,tb-ema_trend-BTCUSDT-1716757200-T
LINK/USDT,ema_trend,2024-05-26 10:00,17.318,2024-05-27 00:00,17.033,signal,72.73,2.49973367000,-23.22778367000,-0.018442,14.00,tb-ema_trend-LINKUSDT-1716714000-B,tb-ema_trend-LINKUSDT-1716764400-S
ETH/USDT,ema_trend,2024-05-25 07:00,3750.08,2024-05-27 19:59,3868.80,trailing,0.4525,3.4494182400,50.2713817600,0.029625,61.00,tb-ema_trend-ETHUSDT-1716616800-B,tb-ema_trend-ETHUSDT-1716836400-T
SOL/USDT,ema_trend,2024-05-27 16:00,171.12,2024-05-27 19:59,167.56,stop,9.764,3.3085827200,-38.0684227200,-0.022784,4.00,tb-ema_trend-SOLUSDT-1716822000-B,tb-ema_trend-SOLUSDT-1716836400-X
ADA/USDT,ema_trend,2024-05-27 16:00,0.4725,2024-05-27 19:59,0.4659,stop,2652.7,2.490569430000,-19.998389430000,-0.015955,4.00,tb-ema_trend-ADAUSDT-1716822000-B,tb-ema_trend-ADAUSDT-1716836400-X
LTC/USDT,ema_trend,2024-05-27 20:00,84.88,2024-05-28 02:59,84.01,trailing,18.495,3.1252332700,-19.2158832700,-0.012241,7.00,tb-ema_trend-LTCUSDT-1716836400-B,tb-ema_trend-LTCUSDT-1716861600-T
LINK/USDT,ema_trend,2024-05-27 20:00,18.594,2024-05-28 03:59,18.128,trailing,112.58,4.13639404000,-56.59867404000,-0.027038,8.00,tb-ema_trend-LINKUSDT-1716836400-B,tb-ema_trend-LINKUSDT-1716865200-T
BNB/USDT,ema_trend,2024-05-27 20:00,602.51,2024-05-28 03:59,595.89,trailing,1.954,2.3428786200,-15.2783586200,-0.012977,8.00,tb-ema_trend-BNBUSDT-1716836400-B,tb-ema_trend-BNBUSDT-1716865200-T
ETH/USDT,ema_trend,2024-05-28 03:00,3864.55,2024-05-28 18:59,3806.11,trailing,0.3287,2.5228917650,-21.7321197650,-0.017108,16.00,tb-ema_trend-ETHUSDT-1716861600-B,tb-ema_trend-ETHUSDT-1716919200-T
SOL/USDT,ema_trend,2024-05-28 11:00,169.64,2024-05-29 12:59,167.38,trailing,7.748,2.6125880800,-20.1230680800,-0.015310,26.00,tb-ema_trend-SOLUSDT-1716890400-B,tb-ema_trend-SOLUSDT-1716984000-T
LINK/USDT,ema_trend,2024-05-28 06:00,18.282,2024-05-30 06:59,18.407,trailing,95.88,3.51956952000,8.46543048000,0.004829,49.00,tb-ema_trend-LINKUSDT-1716872400-B,tb-ema_trend-LINKUSDT-1717048800-T
BTC/USDT,ema_trend,2024-05-30 19:00,69394.82,2024-05-30 19:59,68461.71,stop,0.02227,3.0721467660,-23.8525064660,-0.015434,1.00,tb-ema_trend-BTCUSDT-1717092000-B,tb-ema_trend-BTCUSDT-1717095600-X
LTC/USDT,ema_trend,2024-05-30 16:00,85.28,2024-05-30 20:59,83.85,stop,24.175,4.0908497500,-38.6610997500,-0.018753,5.00,tb-ema_trend-LTCUSDT-1717081200-B,tb-ema_trend-LTCUSDT-1717099200-X
LTC/USDT,ema_trend,2024-05-30 23:00,84.47,2024-05-31 15:59,82.98,stop,24.226,4.0587554500,-40.1554954500,-0.019623,17.00,tb-ema_trend-LTCUSDT-1717106400-B,tb-ema_trend-LTCUSDT-1717167600-X
BNB/USDT,ema_trend,2024-06-01 22:00,605.11,2024-06-01 23:59,600.79,stop,2.523,3.0443010300,-13.9436610300,-0.009133,2.00,tb-ema_trend-BNBUSDT-1717275600-B,tb-ema_trend-BNBUSDT-1717282800-X
BNB/USDT,ema_trend,2024-06-02 02:00,605.31,2024-06-02 07:59,600.71,stop,2.516,3.0361622500,-14.6097622500,-0.009593,6.00,tb-ema_trend-BNBUSDT-1717290000-B,tb-ema_trend-BNBUSDT-1717311600-X
LINK/USDT,ema_trend,2024-06-01 03:00,18.299,2024-06-02 09:59,18.255,trailing,111.27,4.06955946000,-8.96543946000,-0.004403,31.00,tb-ema_trend-LINKUSDT-1717207200-B,tb-ema_trend-LINKUSDT-1717318800-T
BTC/USDT,ema_trend,2024-06-03 08:00,68941.16,2024-06-03 14:59,68613.64,trailing,0.02204,3.0337760312,-10.2523168312,-0.006747,7.00,tb-ema_trend-BTCUSDT-1717398000-B,tb-ema_trend-BTCUSDT-1717423200-T
ADA/USDT,ema_trend,2024-06-04 04:00,0.4613,2024-06-04 08:59,0.4546,stop,2467.6,2.261228090000,-18.794148090000,-0.016511,5.00,tb-ema_trend-ADAUSDT-1717470000-B,tb-ema_trend-ADAUSDT-1717488000-X
XRP/USDT,ema_trend,2024-06-04 15:00,0.5269,2024-06-06 06:59,0.5224,trailing,2150.8,2.257993620000,-11.936593620000,-0.010533,40.00,tb-ema_trend-XRPUSDT-1717509600-B,tb-ema_trend-XRPUSDT-1717653600-T
BNB/USDT,ema_trend,2024-06-02 11:00,598.50,2024-06-06 16:59,699.28,trailing,3.385,4.3953793000,336.7449207000,0.166218,102.00,tb-ema_trend-BNBUSDT-1717322400-B,tb-ema_trend-BNBUSDT-1717689600-T
BTC/USDT,ema_trend,2024-06-03 17:00,69114.57,2024-06-06 19:59,70673.94,trailing,0.02194,3.0690333429,31.1435444571,0.020538,75.00,tb-ema_trend-BTCUSDT-1717430400-B,tb-ema_trend-BTCUSDT-1717700400-T
LTC/USDT,ema_trend,2024-06-06 07:00,84.62,2024-06-06 20:59,84.34,trailing,13.360,2.2584902800,-5.9992902800,-0.005307,14.00,tb-ema_trend-LTCUSDT-1717653600-B,tb-ema_trend-LTCUSDT-1717704000-T
ETH/USDT,ema_trend,2024-06-06 22:00,3803.31,2024-06-07 02:00,3804.08,signal,0.3444,2.6215064380,-2.3563184380,-0.001799,4.00,tb-ema_trend-ETHUSDT-1717707600-B,tb-ema_trend-ETHUSDT-1717722000-S
SOL/USDT,ema_trend,2024-06-06 22:00,170.30,2024-06-07 02:00,170.07,signal,10.256,3.4927080200,-5.8515880200,-0.003350,4.00,tb-ema_trend-SOLUSDT-1717707600-B,tb-ema_trend-SOLUSDT-1717722000-S
LTC/USDT,ema_trend,2024-06-07 03:00,84.15,2024-06-07 11:00,84.19,signal,20.738,3.4928020700,-2.6632820700,-0.001526,8.00,tb-ema_trend-LTCUSDT-1717725600-B,tb-ema_trend-LTCUSDT-1717754400-S
SOL/USDT,ema_trend,2024-06-07 07:00,172.41,2024-06-07 12:59,169.94,stop,7.589,2.5994734300,-21.3443034300,-0.016313,6.00,tb-ema_trend-SOLUSDT-1717740000-B,tb-ema_trend-SOLUSDT-1717761600-X
ADA/USDT,ema_trend,2024-06-07 12:00,0.4843,2024-06-07 12:59,0.4759,stop,2926.7,2.811670240000,-27.395950240000,-0.019328,1.00,tb-ema_trend-ADAUSDT-1717758000-B,tb-ema_trend-ADAUSDT-1717761600-X
SOL/USDT,ema_trend,2024-06-07 15:00,171.47,2024-06-07 16:00,170.06,signal,7.574,2.5881199800,-13.2674599800,-0.010216,1.00,tb-ema_trend-SOLUSDT-1717768800-B,tb-ema_trend-SOLUSDT-1717772400-S
ADA/USDT,ema_trend,2024-06-07 15:00,0.4871,2024-06-07 16:59,0.4767,stop,3555.1,3.428158940000,-40.401198940000,-0.023331,2.00,tb-ema_trend-ADAUSDT-1717768800-B,tb-ema_trend-ADAUSDT-1717776000-X
BNB/USDT,ema_trend,2024-06-06 19:00,707.36,2024-06-07 17:59,695.20,trailing,2.032,2.8521240000,-27.5612440000,-0.019175,23.00,tb-ema_trend-BNBUSDT-1717696800-B,tb-ema_trend-BNBUSDT-1717779600-T
BNB/USDT,ema_trend,2024-06-07 20:00,681.65,2024-06-07 22:00,680.95,signal,3.037,4.1409428000,-6.2668428000,-0.003027,2.00,tb-ema_trend-BNBUSDT-1717786800-B,tb-ema_trend-BNBUSDT-1717794000-S
BTC/USDT,ema_trend,2024-06-10 18:00,70078.04,2024-06-10 19:59,69534.59,stop,0.02952,4.1234671820,-20.1661111820,-0.009748,2.00,tb-ema_trend-BTCUSDT-1718038800-B,tb-ema_trend-BTCUSDT-1718046000-X
BTC/USDT,ema_trend,2024-06-12 16:00,69768.87,2024-06-12 18:59,68785.61,stop,0.02958,4.1005345807,-33.1853653807,-0.016080,3.00,tb-ema_trend-BTCUSDT-1718204400-B,tb-ema_trend-BTCUSDT-1718215200-X
ADA/USDT,ema_trend,2024-06-12 18:00,0.4442,2024-06-12 18:59,0.4355,stop,3485.9,3.068100930000,-33.395430930000,-0.021567,1.00,tb-ema_trend-ADAUSDT-1718211600-B,tb-ema_trend-ADAUSDT-1718215200-X
XRP/USDT,ema_trend,2024-06-15 20:00,0.4945,2024-06-16 17:59,0.4877,trailing,4140.9,4.069268880000,-32.227388880000,-0.015739,22.00,tb-ema_trend-XRPUSDT-1718478000-B,tb-ema_trend-XRPUSDT-1718557200-T
LTC/USDT,ema_trend,2024-06-16 05:00,79.55,2024-06-16 17:59,78.65,stop,19.300,3.0548510000,-20.4248510000,-0.013303,13.00,tb-ema_trend-LTCUSDT-1718510400-B,tb-ema_trend-LTCUSDT-1718557200-X
ETH/USDT,ema_trend,2024-06-16 14:00,3594.80,2024-06-17 05:59,3565.62,trailing,0.3203,2.2949204500,-11.6412744500,-0.010110,16.00,tb-ema_trend-ETHUSDT-1718542800-B,tb-ema_trend-ETHUSDT-1718600400-T
XRP/USDT,ema_trend,2024-06-17 06:00,0.4920,2024-06-17 07:59,0.4854,stop,4130.0,4.038728400000,-31.296728400000,-0.015402,2.00,tb-ema_trend-XRPUSDT-1718600400-B,tb-ema_trend-XRPUSDT-1718607600-X
XRP/USDT,ema_trend,2024-06-17 10:00,0.4997,2024-06-17 16:59,0.4945,trailing,4049.8,4.028359930000,-25.087319930000,-0.012397,7.00,tb-ema_trend-XRPUSDT-1718614800-B,tb-ema_trend-XRPUSDT-1718640000-T
XRP/USDT,ema_trend,2024-06-17 19:00,0.5175,2024-06-18 00:59,0.5020,stop,3897.5,3.975571250000,-64.386821250000,-0.031923,6.00,tb-ema_trend-XRPUSDT-1718647200-B,tb-ema_trend-XRPUSDT-1718668800-X
XRP/USDT,ema_trend,2024-06-18 08:00,0.5010,2024-06-18 14:59,0.4832,stop,3994.7,3.933587740000,-75.039247740000,-0.037494,7.00,tb-ema_trend-XRPUSDT-1718694000-B,tb-ema_trend-XRPUSDT-1718719200-X
ETH/USDT,ema_trend,2024-06-19 07:00,3563.29,2024-06-20 13:59,3528.33,trailing,0.5563,3.9472061810,-23.3954541810,-0.011802,31.00,tb-ema_trend-ETHUSDT-1718776800-B,tb-ema_trend-ETHUSDT-1718888400-T
ADA/USDT,ema_trend,2024-06-25 08:00,0.3895,2024-06-26 10:59,0.3878,trailing,2854.5,2.219932400000,-7.072582400000,-0.006361,27.00,tb-ema_trend-ADAUSDT-1719298800-B,tb-ema_trend-ADAUSDT-1719396000-T
LINK/USDT,ema_trend,2024-06-25 05:00,14.071,2024-06-26 15:59,13.878,trailing,140.46,3.92782719000,-31.03660719000,-0.015704,35.00,tb-ema_trend-LINKUSDT-1719288000-B,tb-ema_trend-LINKUSDT-1719414000-T
ADA/USDT,ema_trend,2024-06-26 14:00,0.3941,2024-06-26 15:59,0.3873,stop,2818.8,2.203753210000,-21.371593210000,-0.019238,2.00,tb-ema_trend-ADAUSDT-1719406800-B,tb-ema_trend-ADAUSDT-1719414000-X
LINK/USDT,ema_trend,2024-06-26 20:00,14.088,2024-06-27 00:59,13.839,stop,112.93,3.15548667000,-31.27505667000,-0.019658,5.00,tb-ema_trend-LINKUSDT-1719428400-B,tb-ema_trend-LINKUSDT-1719446400-X
SOL/USDT,ema_trend,2024-06-25 05:00,136.44,2024-06-28 05:59,144.77,trailing,10.864,3.0565662800,87.4405537200,0.058990,73.00,tb-ema_trend-SOLUSDT-1719288000-B,tb-ema_trend-SOLUSDT-1719550800-T
ETH/USDT,ema_trend,2024-06-27 16:00,3454.48,2024-06-28 08:59,3423.89,trailing,0.3436,2.3647897200,-12.8755137200,-0.010847,17.00,tb-ema_trend-ETHUSDT-1719500400-B,tb-ema_trend-ETHUSDT-1719561600-T
SOL/USDT,ema_trend,2024-06-28 09:00,145.52,2024-06-28 14:59,141.75,stop,8.628,2.4798752400,-35.0074352400,-0.027882,6.00,tb-ema_trend-SOLUSDT-1719561600-B,tb-ema_trend-SOLUSDT-1719583200-X
LTC/USDT,ema_trend,2024-06-28 06:00,73.38,2024-06-28 15:59,72.79,trailing,17.482,2.5566647800,-12.8710447800,-0.010033,10.00,tb-ema_trend-LTCUSDT-1719550800-B,tb-ema_trend-LTCUSDT-1719586800-T
LINK/USDT,ema_trend,2024-06-27 15:00,14.171,2024-06-28 16:59,14.123,trailing,111.77,3.16412090000,-8.52908090000,-0.005385,26.00,tb-ema_trend-LINKUSDT-1719496800-B,tb-ema_trend-LINKUSDT-1719590400-T
ADA/USDT,ema_trend,2024-06-28 15:00,0.3944,2024-06-28 21:59,0.3868,stop,3161.5,2.471025880000,-26.498425880000,-0.021252,7.00,tb-ema_trend-ADAUSDT-1719583200-B,tb-ema_trend-ADAUSDT-1719608400-X
SOL/USDT,ema_trend,2024-06-28 17:00,143.52,2024-06-28 21:59,139.11,stop,11.471,3.2437709700,-53.8308809700,-0.032698,5.00,tb-ema_trend-SOLUSDT-1719590400-B,tb-ema_trend-SOLUSDT-1719608400-X
SOL/USDT,ema_trend,2024-06-29 00:00,140.11,2024-06-29 05:00,141.26,signal,11.630,3.2740144200,10.1004855800,0.006199,5.00,tb-ema_trend-SOLUSDT-1719615600-B,tb-ema_trend-SOLUSDT-1719633600-S
ADA/USDT,ema_trend,2024-06-29 05:00,0.3967,2024-06-29 17:59,0.3876,trailing,3080.5,2.417265920000,-30.449815920000,-0.024917,13.00,tb-ema_trend-ADAUSDT-1719633600-B,tb-ema_trend-ADAUSDT-1719680400-T
LTC/USDT,ema_trend,2024-06-28 18:00,73.25,2024-06-30 13:59,74.41,trailing,16.859,2.4906451900,17.0657948100,0.013819,44.00,tb-ema_trend-LTCUSDT-1719594000-B,tb-ema_trend-LTCUSDT-1719752400-T
BTC/USDT,ema_trend,2024-06-30 19:00,62086.33,2024-07-01 11:59,62702.12,trailing,0.01754,2.1900311348,8.6109254652,0.007907,17.00,tb-ema_trend-BTCUSDT-1719770400-B,tb-ema_trend-BTCUSDT-1719831600-T
LTC/USDT,ema_trend,2024-06-30 16:00,74.77,2024-07-01 12:59,74.65,trailing,25.914,3.8740139000,-6.9836939000,-0.003604,21.00,tb-ema_trend-LTCUSDT-1719759600-B,tb-ema_trend-LTCUSDT-1719835200-T
LINK/USDT,ema_trend,2024-07-01 12:00,14.417,2024-07-03 01:59,14.316,trailing,75.72,2.17681612000,-9.82453612000,-0.009000,38.00,tb-ema_trend-LINKUSDT-1719831600-B,tb-ema_trend-LINKUSDT-1719968400-T
SOL/USDT,ema_trend,2024-06-30 18:00,144.16,2024-07-03 03:59,150.00,trailing,10.079,2.9664244000,55.8949356000,0.038469,58.00,tb-ema_trend-SOLUSDT-1719766800-B,tb-ema_trend-SOLUSDT-1719975600-T
ADA/USDT,ema_trend,2024-07-01 13:00,0.4007,2024-07-03 03:59,0.4136,trailing,3249.6,2.647471590000,39.272368410000,0.030160,39.00,tb-ema_trend-ADAUSDT-1719835200-B,tb-ema_trend-ADAUSDT-1719975600-T
XRP/USDT,ema_trend,2024-07-03 02:00,0.4836,2024-07-03 03:59,0.4787,stop,2577.6,2.481681840000,-15.111921840000,-0.012123,2.00,tb-ema_trend-XRPUSDT-1719968400-B,tb-ema_trend-XRPUSDT-1719975600-X
LTC/USDT,ema_trend,2024-07-03 04:00,75.57,2024-07-03 08:59,74.69,stop,25.869,3.8890407600,-26.6537607600,-0.013634,5.00,tb-ema_trend-LTCUSDT-1719975600-B,tb-ema_trend-LTCUSDT-1719993600-X
SOL/USDT,ema_trend,2024-07-03 06:00,149.48,2024-07-03 08:59,145.95,stop,7.356,2.1743789200,-28.1410589200,-0.025593,3.00,tb-ema_trend-SOLUSDT-1719982800-B,tb-ema_trend-SOLUSDT-1719993600-X
ADA/USDT,ema_trend,2024-07-03 06:00,0.4156,2024-07-03 10:59,0.4083,stop,3528.4,2.908544920000,-28.665864920000,-0.019548,5.00,tb-ema_trend-ADAUSDT-1719982800-B,tb-ema_trend-ADAUSDT-1720000800-X
XRP/USDT,ema_trend,2024-07-03 09:00,0.4841,2024-07-03 12:59,0.4786,stop,3253.5,3.133741980000,-21.027991980000,-0.013351,4.00,tb-ema_trend-XRPUSDT-1719993600-B,tb-ema_trend-XRPUSDT-1720008000-X
SOL/USDT,ema_trend,2024-07-03 11:00,144.25,2024-07-03 13:00,141.43,signal,10.680,3.0526491500,-33.1702491500,-0.021531,2.00,tb-ema_trend-SOLUSDT-1720000800-B,tb-ema_trend-SOLUSDT-1720008000-S
ADA/USDT,ema_trend,2024-07-03 13:00,0.4043,2024-07-04 01:59,0.3980,trailing,3818.6,3.065239550000,-27.122419550000,-0.017568,13.00,tb-ema_trend-ADAUSDT-1720008000-B,tb-ema_trend-ADAUSDT-1720054800-T
SOL/USDT,ema_trend,2024-07-06 10:00,139.96,2024-07-07 07:59,138.25,trailing,13.672,3.8056465600,-27.1847665600,-0.014207,22.00,tb-ema_trend-SOLUSDT-1720256400-B,tb-ema_trend-SOLUSDT-1720335600-T
SOL/USDT,ema_trend,2024-07-07 10:00,140.01,2024-07-07 13:59,136.31,stop,13.620,3.7654385400,-54.1594385400,-0.028401,4.00,tb-ema_trend-SOLUSDT-1720342800-B,tb-ema_trend-SOLUSDT-1720357200-X
LINK/USDT,ema_trend,2024-07-08 10:00,13.392,2024-07-08 14:59,12.867,stop,141.38,3.71450622000,-77.93900622000,-0.041164,5.00,tb-ema_trend-LINKUSDT-1720429200-B,tb-ema_trend-LINKUSDT-1720447200-X
ADA/USDT,ema_trend,2024-07-08 13:00,0.3783,2024-07-08 14:59,0.3634,stop,3755.4,2.786817720000,-58.742277720000,-0.041348,2.00,tb-ema_trend-ADAUSDT-1720440000-B,tb-ema_trend-ADAUSDT-1720447200-X
BTC/USDT,ema_trend,2024-07-10 04:00,58209.09,2024-07-10 12:59,57792.17,trailing,0.02395,2.7799764482,-12.7652104482,-0.009157,9.00,tb-ema_trend-BTCUSDT-1720580400-B,tb-ema_trend-BTCUSDT-1720612800-T
SOL/USDT,ema_trend,2024-07-10 09:00,144.04,2024-07-10 15:59,139.93,stop,7.261,2.0630584900,-31.9057684900,-0.030506,7.00,tb-ema_trend-SOLUSDT-1720598400-B,tb-ema_trend-SOLUSDT-1720623600-X
XRP/USDT,ema_trend,2024-07-11 12:00,0.4503,2024-07-11 15:59,0.4434,stop,2304.7,2.060791110000,-17.963221110000,-0.017309,4.00,tb-ema_trend-XRPUSDT-1720695600-B,tb-ema_trend-XRPUSDT-1720710000-X
LTC/USDT,ema_trend,2024-07-11 00:00,67.00,2024-07-12 00:59,67.22,trailing,20.648,2.7727815600,1.7697784400,0.001279,25.00,tb-ema_trend-LTCUSDT-1720652400-B,tb-ema_trend-LTCUSDT-1720742400-T
ETH/USDT,ema_trend,2024-07-11 16:00,3119.51,2024-07-12 09:59,3053.79,trailing,0.3310,2.0446101040,-23.7979301040,-0.023048,18.00,tb-ema_trend-ETHUSDT-1720710000-B,tb-ema_trend-ETHUSDT-1720774800-T
XRP/USDT,ema_trend,2024-07-12 01:00,0.4497,2024-07-13 21:59,0.5322,trailing,2493.3,2.449295520000,203.247954480000,0.181271,45.00,tb-ema_trend-XRPUSDT-1720742400-B,tb-ema_trend-XRPUSDT-1720904400-T
ADA/USDT,ema_trend,2024-07-09 18:00,0.3747,2024-07-14 02:59,0.4296,trailing,4962.7,3.993373110000,268.458856890000,0.144370,105.00,tb-ema_trend-ADAUSDT-1720544400-B,tb-ema_trend-ADAUSDT-1720922400-T
XRP/USDT,ema_trend,2024-07-14 03:00,0.5158,2024-07-16 05:59,0.5411,trailing,2704.9,2.860253050000,65.573716950000,0.047000,51.00,tb-ema_trend-XRPUSDT-1720922400-B,tb-ema_trend-XRPUSDT-1721106000-T
LTC/USDT,ema_trend,2024-07-12 10:00,68.88,2024-07-16 06:59,71.46,trailing,15.868,2.2280172000,38.7114228000,0.035418,93.00,tb-ema_trend-LTCUSDT-1720774800-B,tb-ema_trend-LTCUSDT-1721109600-T
BTC/USDT,ema_trend,2024-07-13 22:00,58715.35,2024-07-16 06:59,63288.44,trailing,0.01959,2.3912285535,87.1956045465,0.075807,57.00,tb-ema_trend-BTCUSDT-1720904400-B,tb-ema_trend-BTCUSDT-1721109600-T
ETH/USDT,ema_trend,2024-07-16 06:00,3417.68,2024-07-16 08:59,3351.17,stop,0.4129,2.7965670020,-30.2585460020,-0.021442,3.00,tb-ema_trend-ETHUSDT-1721106000-B,tb-ema_trend-ETHUSDT-1721116800-X
LINK/USDT,ema_trend,2024-07-16 07:00,13.984,2024-07-17 16:59,14.098,trailing,118.06,3.31703900000,10.14180100000,0.006143,34.00,tb-ema_trend-LINKUSDT-1721109600-B,tb-ema_trend-LINKUSDT-1721232000-T
BNB/USDT,ema_trend,2024-07-16 07:00,564.09,2024-07-17 16:59,569.37,trailing,2.193,2.4873700500,9.0916699500,0.007349,34.00,tb-ema_trend-BNBUSDT-1721109600-B,tb-ema_trend-BNBUSDT-1721232000-T
BTC/USDT,ema_trend,2024-07-16 09:00,62852.09,2024-07-17 16:59,64236.84,trailing,0.02026,2.5767072861,25.4783277139,0.020008,32.00,tb-ema_trend-BTCUSDT-1721116800-B,tb-ema_trend-BTCUSDT-1721232000-T
XRP/USDT,ema_trend,2024-07-17 17:00,0.6120,2024-07-18 05:59,0.5970,trailing,3232.2,3.909749400000,-52.392749400000,-0.026486,13.00,tb-ema_trend-XRPUSDT-1721232000-B,tb-ema_trend-XRPUSDT-1721278800-T
ETH/USDT,ema_trend,2024-07-17 17:00,3403.48,2024-07-18 15:59,3396.54,trailing,0.3332,2.2671280580,-4.5795360580,-0.004038,23.00,tb-ema_trend-ETHUSDT-1721232000-B,tb-ema_trend-ETHUSDT-1721314800-T
BNB/USDT,ema_trend,2024-07-18 06:00,574.09,2024-07-18 15:59,565.56,stop,2.320,2.6457102700,-22.4353102700,-0.016845,10.00,tb-ema_trend-BNBUSDT-1721278800-B,tb-ema_trend-BNBUSDT-1721314800-X
SOL/USDT,ema_trend,2024-07-17 17:00,156.01,2024-07-18 16:59,155.65,trailing,9.694,3.0227921400,-6.5126321400,-0.004306,24.00,tb-ema_trend-SOLUSDT-1721232000-B,tb-ema_trend-SOLUSDT-1721318400-T
XRP/USDT,ema_trend,2024-07-18 16:00,0.5632,2024-07-18 17:00,0.5689,signal,2856.8,3.235816560000,13.047943440000,0.008110,1.00,tb-ema_trend-XRPUSDT-1721314800-B,tb-ema_trend-XRPUSDT-1721318400-S
BNB/USDT,ema_trend,2024-07-18 18:00,568.29,2024-07-18 19:00,566.81,signal,3.498,3.9728529600,-9.1498929600,-0.004603,1.00,tb-ema_trend-BNBUSDT-1721322000-B,tb-ema_trend-BNBUSDT-1721325600-S
BTC/USDT,ema_trend,2024-07-19 15:00,65779.92,2024-07-21 13:59,66596.64,trailing,0.01698,2.2490695900,11.6188360100,0.010402,47.00,tb-ema_trend-BTCUSDT-1721397600-B,tb-ema_trend-BTCUSDT-1721566800-T
BNB/USDT,ema_trend,2024-07-19 14:00,579.39,2024-07-21 17:59,591.28,trailing,2.570,3.0103600700,27.5469399300,0.018500,52.00,tb-ema_trend-BNBUSDT-1721394000-B,tb-ema_trend-BNBUSDT-1721581200-T
SOL/USDT,ema_trend,2024-07-18 20:00,157.06,2024-07-21 18:59,171.57,trailing,12.646,4.1578967600,179.3355632400,0.090292,71.00,tb-ema_trend-SOLUSDT-1721329200-B,tb-ema_trend-SOLUSDT-1721584800-T
LINK/USDT,ema_trend,2024-07-21 14:00,14.268,2024-07-21 18:59,14.186,trailing,78.52,2.23534952000,-8.67398952000,-0.007742,5.00,tb-ema_trend-LINKUSDT-1721566800-B,tb-ema_trend-LINKUSDT-1721584800-T
LINK/USDT,ema_trend,2024-07-21 21:00,14.727,2024-07-22 05:59,14.294,trailing,103.86,3.01574103000,-47.98712103000,-0.031373,9.00,tb-ema_trend-LINKUSDT-1721592000-B,tb-ema_trend-LINKUSDT-1721624400-T
ETH/USDT,ema_trend,2024-07-21 19:00,3465.44,2024-07-22 06:59,3464.00,trailing,0.5882,4.0779758720,-4.9249838720,-0.002416,12.00,tb-ema_trend-ETHUSDT-1721584800-B,tb-ema_trend-ETHUSDT-1721628000-T
SOL/USDT,ema_trend,2024-07-21 21:00,182.40,2024-07-22 08:59,176.98,trailing,6.286,2.2603394800,-36.3304594800,-0.031686,12.00,tb-ema_trend-SOLUSDT-1721592000-B,tb-ema_trend-SOLUSDT-1721635200-T
ADA/USDT,ema_trend,2024-07-22 06:00,0.4331,2024-07-22 16:00,0.4295,signal,2841.1,2.451988850000,-12.679948850000,-0.010305,10.00,tb-ema_trend-ADAUSDT-1721624400-B,tb-ema_trend-ADAUSDT-1721660400-S
LINK/USDT,ema_trend,2024-07-22 08:00,14.298,2024-07-22 20:00,14.202,signal,100.15,2.85584778000,-12.47024778000,-0.008709,12.00,tb-ema_trend-LINKUSDT-1721631600-B,tb-ema_trend-LINKUSDT-1721674800-S
BTC/USDT,ema_trend,2024-07-22 17:00,67085.54,2024-07-23 05:59,66845.80,trailing,0.02466,3.3047594126,-9.2167478126,-0.005571,13.00,tb-ema_trend-BTCUSDT-1721664000-B,tb-ema_trend-BTCUSDT-1721710800-T
XRP/USDT,ema_trend,2024-07-22 17:00,0.6099,2024-07-23 05:59,0.5978,trailing,2035.9,2.460037220000,-27.094427220000,-0.021821,13.00,tb-ema_trend-XRPUSDT-1721664000-B,tb-ema_trend-XRPUSDT-1721710800-T
BTC/USDT,ema_trend,2024-07-23 08:00,66609.29,2024-07-23 09:00,66854.55,signal,0.02252,3.0076039595,2.5156512405,0.001677,1.00,tb-ema_trend-BTCUSDT-1721718000-B,tb-ema_trend-BTCUSDT-1721721600-S
SOL/USDT,ema_trend,2024-07-23 07:00,175.11,2024-07-23 16:59,171.21,trailing,11.424,3.9584610000,-48.5120610000,-0.024250,10.00,tb-ema_trend-SOLUSDT-1721714400-B,tb-ema_trend-SOLUSDT-1721750400-T
SOL/USDT,ema_trend,2024-07-24 15:00,181.02,2024-07-24 21:59,176.22,stop,8.240,2.9452867800,-42.4972867800,-0.028491,7.00,tb-ema_trend-SOLUSDT-1721829600-B,tb-ema_trend-SOLUSDT-1721854800-X
XRP/USDT,ema_trend,2024-07-24 13:00,0.6249,2024-07-24 23:59,0.6074,stop,3183.4,3.924903500000,-59.634403500000,-0.029977,11.00,tb-ema_trend-XRPUSDT-1721822400-B,tb-ema_trend-XRPUSDT-1721862000-X
SOL/USDT,ema_trend,2024-07-25 03:00,170.94,2024-07-25 04:00,170.44,signal,11.487,3.9234833400,-9.6669833400,-0.004923,1.00,tb-ema_trend-SOLUSDT-1721872800-B,tb-ema_trend-SOLUSDT-1721876400-S
XRP/USDT,ema_trend,2024-07-25 03:00,0.6028,2024-07-25 20:59,0.5905,trailing,2443.3,2.917096890000,-32.969686890000,-0.022385,18.00,tb-ema_trend-XRPUSDT-1721872800-B,tb-ema_trend-XRPUSDT-1721937600-T
SOL/USDT,ema_trend,2024-07-26 08:00,176.84,2024-07-27 15:59,182.06,trailing,8.281,2.9736424600,40.2531775400,0.027488,32.00,tb-ema_trend-SOLUSDT-1721977200-B,tb-ema_trend-SOLUSDT-1722092400-T
BTC/USDT,ema_trend,2024-07-26 04:00,67075.53,2024-07-27 19:59,68095.81,trailing,0.02911,3.9368499742,25.7635008258,0.013195,40.00,tb-ema_trend-BTCUSDT-1721962800-B,tb-ema_trend-BTCUSDT-1722106800-T
LTC/USDT,ema_trend,2024-07-26 16:00,71.42,2024-07-27 19:59,70.95,trailing,15.379,2.1906509500,-9.4187809500,-0.008575,28.00,tb-ema_trend-LTCUSDT-1722006000-B,tb-ema_trend-LTCUSDT-1722106800-T
ADA/USDT,ema_trend,2024-07-27 16:00,0.4231,2024-07-27 20:59,0.4165,stop,2837.6,2.383675950000,-21.111835950000,-0.017585,5.00,tb-ema_trend-ADAUSDT-1722092400-B,tb-ema_trend-ADAUSDT-1722110400-X
BNB/USDT,ema_trend,2024-07-27 20:00,585.00,2024-07-27 20:59,578.11,stop,2.136,2.4861579600,-17.2031979600,-0.013767,1.00,tb-ema_trend-BNBUSDT-1722106800-B,tb-ema_trend-BNBUSDT-1722110400-X
BTC/USDT,ema_trend,2024-07-27 22:00,68894.45,2024-07-28 00:59,67649.81,stop,0.02235,3.0538310410,-30.8715350410,-0.020049,3.00,tb-ema_trend-BTCUSDT-1722114000-B,tb-ema_trend-BTCUSDT-1722124800-X
ADA/USDT,ema_trend,2024-07-27 23:00,0.4208,2024-07-28 04:59,0.4115,stop,2747.1,2.287589570000,-27.835619570000,-0.024080,6.00,tb-ema_trend-ADAUSDT-1722117600-B,tb-ema_trend-ADAUSDT-1722139200-X
SOL/USDT,ema_trend,2024-07-27 20:00,181.57,2024-07-29 14:59,187.76,trailing,9.178,3.3915264400,53.4202935600,0.032056,43.00,tb-ema_trend-SOLUSDT-1722106800-B,tb-ema_trend-SOLUSDT-1722261600-T
BNB/USDT,ema_trend,2024-07-28 01:00,582.40,2024-07-29 14:59,586.87,trailing,2.134,2.4969693800,7.0420106200,0.005666,38.00,tb-ema_trend-BNBUSDT-1722124800-B,tb-ema_trend-BNBUSDT-1722261600-T
BTC/USDT,ema_trend,2024-07-28 05:00,67371.67,2024-07-29 14:59,68604.67,trailing,0.01803,2.4530008435,19.7779891565,0.016282,34.00,tb-ema_trend-BTCUSDT-1722139200-B,tb-ema_trend-BTCUSDT-1722261600-T
LTC/USDT,ema_trend,2024-07-29 15:00,75.62,2024-07-29 16:59,74.19,stop,25.943,3.8884869500,-40.9869769500,-0.020892,2.00,tb-ema_trend-LTCUSDT-1722261600-B,tb-ema_trend-LTCUSDT-1722268800-X
ETH/USDT,ema_trend,2024-07-29 15:00,3327.55,2024-07-29 16:59,3279.61,stop,0.4422,2.9233499250,-24.1224179250,-0.016394,2.00,tb-ema_trend-ETHUSDT-1722261600-B,tb-ema_trend-ETHUSDT-1722268800-X
LINK/USDT,ema_trend,2024-07-29 15:00,13.657,2024-07-29 16:59,13.412,stop,80.75,2.18705088000,-21.97080088000,-0.019923,2.00,tb-ema_trend-LINKUSDT-1722261600-B,tb-ema_trend-LINKUSDT-1722268800-X
BTC/USDT,ema_trend,2024-07-29 18:00,67048.60,2024-07-29 22:00,67466.24,signal,0.02169,2.9196383420,6.1389732580,0.004221,4.00,tb-ema_trend-BTCUSDT-1722272400-B,tb-ema_trend-BTCUSDT-1722286800-S
SOL/USDT,ema_trend,2024-07-29 17:00,184.87,2024-07-30 01:59,180.16,trailing,10.496,3.8333884500,-53.2695484500,-0.027453,9.00,tb-ema_trend-SOLUSDT-1722268800-B,tb-ema_trend-SOLUSDT-1722301200-T
LINK/USDT,ema_trend,2024-07-30 03:00,13.627,2024-07-30 17:00,13.453,signal,99.70,2.70123870000,-20.04903870000,-0.014757,14.00,tb-ema_trend-LINKUSDT-1722304800-B,tb-ema_trend-LINKUSDT-1722355200-S
LTC/USDT,ema_trend,2024-07-29 19:00,74.20,2024-07-30 17:59,72.59,trailing,14.712,2.1606874800,-25.8470074800,-0.023677,23.00,tb-ema_trend-LTCUSDT-1722276000-B,tb-ema_trend-LTCUSDT-1722358800-T
ETH/USDT,ema_trend,2024-07-29 23:00,3331.07,2024-07-30 18:59,3277.86,trailing,0.3553,2.3494852590,-21.2549982590,-0.017959,20.00,tb-ema_trend-ETHUSDT-1722290400-B,tb-ema_trend-ETHUSDT-1722362400-T
ETH/USDT,ema_trend,2024-07-31 13:00,3318.23,2024-07-31 19:59,3271.76,stop,0.3404,2.2445598840,-18.0629478840,-0.015992,7.00,tb-ema_trend-ETHUSDT-1722427200-B,tb-ema_trend-ETHUSDT-1722452400-X
XRP/USDT,ema_trend,2024-07-30 18:00,0.6290,2024-07-31 20:59,0.6267,trailing,2577.2,3.237825440000,-9.165385440000,-0.005654,27.00,tb-ema_trend-XRPUSDT-1722358800-B,tb-ema_trend-XRPUSDT-1722456000-T
BNB/USDT,ema_trend,2024-07-31 04:00,585.50,2024-07-31 20:59,579.34,trailing,2.572,2.9977249800,-18.8412449800,-0.012512,17.00,tb-ema_trend-BNBUSDT-1722394800-B,tb-ema_trend-BNBUSDT-1722456000-T
XRP/USDT,ema_trend,2024-08-01 01:00,0.6287,2024-08-01 03:59,0.6083,stop,3973.0,4.917115800000,-85.966315800000,-0.034416,3.00,tb-ema_trend-XRPUSDT-1722470400-B,tb-ema_trend-XRPUSDT-1722481200-X
SOL/USDT,ema_trend,2024-08-07 05:00,153.42,2024-08-07 17:59,145.65,stop,12.880,3.8540160600,-103.9316160600,-0.052596,13.00,tb-ema_trend-SOLUSDT-1723003200-B,tb-ema_trend-SOLUSDT-1723050000-X
XRP/USDT,ema_trend,2024-08-07 21:00,0.6024,2024-08-09 09:59,0.5919,trailing,2663.6,3.182763960000,-31.150563960000,-0.019414,37.00,tb-ema_trend-XRPUSDT-1723060800-B,tb-ema_trend-XRPUSDT-1723194000-T
BTC/USDT,ema_trend,2024-08-08 16:00,59457.75,2024-08-09 10:59,60225.70,trailing,0.02584,3.0944040825,16.7494239175,0.010902,19.00,tb-ema_trend-BTCUSDT-1723129200-B,tb-ema_trend-BTCUSDT-1723197600-T
SOL/USDT,ema_trend,2024-08-08 14:00,154.25,2024-08-09 12:59,155.10,trailing,13.282,4.1109462000,7.1787538000,0.003504,23.00,tb-ema_trend-SOLUSDT-1723122000-B,tb-ema_trend-SOLUSDT-1723204800-T
XRP/USDT,ema_trend,2024-08-09 12:00,0.5870,2024-08-11 09:59,0.5843,trailing,3295.0,3.861370600000,-12.757870600000,-0.006596,46.00,tb-ema_trend-XRPUSDT-1723201200-B,tb-ema_trend-XRPUSDT-1723366800-T
BNB/USDT,ema_trend,2024-08-11 10:00,530.37,2024-08-11 11:59,523.42,stop,2.989,3.1513694200,-23.9249194200,-0.015092,2.00,tb-ema_trend-BNBUSDT-1723366800-B,tb-ema_trend-BNBUSDT-1723374000-X
BTC/USDT,ema_trend,2024-08-09 13:00,60582.27,2024-08-11 12:59,60329.51,trailing,0.03242,3.9223831942,-12.1168623942,-0.006169,48.00,tb-ema_trend-BTCUSDT-1723204800-B,tb-ema_trend-BTCUSDT-1723377600-T
SOL/USDT,ema_trend,2024-08-09 15:00,153.76,2024-08-11 12:59,152.46,trailing,9.582,2.9357376400,-15.3923376400,-0.010447,46.00,tb-ema_trend-SOLUSDT-1723212000-B,tb-ema_trend-SOLUSDT-1723377600-T
BNB/USDT,ema_trend,2024-08-11 14:00,523.57,2024-08-11 19:59,515.62,stop,4.643,4.8275770200,-41.7394270200,-0.017170,6.00,tb-ema_trend-BNBUSDT-1723381200-B,tb-ema_trend-BNBUSDT-1723402800-X
BTC/USDT,ema_trend,2024-08-11 15:00,60380.18,2024-08-11 19:59,59573.16,stop,0.03020,3.6250060732,-27.9970100732,-0.015354,5.00,tb-ema_trend-BTCUSDT-1723384800-B,tb-ema_trend-BTCUSDT-1723402800-X
ETH/USDT,ema_trend,2024-08-12 15:00,2703.45,2024-08-13 10:59,2625.78,trailing,0.8930,4.7614354950,-74.1207454950,-0.030702,20.00,tb-ema_trend-ETHUSDT-1723471200-B,tb-ema_trend-ETHUSDT-1723543200-T
BTC/USDT,ema_trend,2024-08-13 18:00,61198.17,2024-08-14 13:59,59895.26,trailing,0.03174,3.8459533926,-45.2003167926,-0.023270,20.00,tb-ema_trend-BTCUSDT-1723568400-B,tb-ema_trend-BTCUSDT-1723640400-T
BNB/USDT,ema_trend,2024-08-13 01:00,521.17,2024-08-14 14:59,518.53,trailing,3.474,3.6140024800,-12.7853624800,-0.007062,38.00,tb-ema_trend-BNBUSDT-1723507200-B,tb-ema_trend-BNBUSDT-1723644000-T
ETH/USDT,ema_trend,2024-08-14 16:00,2675.56,2024-08-15 02:00,2642.94,signal,0.7537,4.0106939000,-28.5963879000,-0.014181,10.00,tb-ema_trend-ETHUSDT-1723647600-B,tb-ema_trend-ETHUSDT-1723683600-S
LTC/USDT,ema_trend,2024-08-14 01:00,63.47,2024-08-15 18:59,64.72,trailing,22.965,2.9453431600,25.7609068400,0.017674,42.00,tb-ema_trend-LTCUSDT-1723593600-B,tb-ema_trend-LTCUSDT-1723744800-T
LTC/USDT,ema_trend,2024-08-15 21:00,64.86,2024-08-16 12:59,64.46,trailing,36.699,4.7483145000,-19.4279145000,-0.008162,16.00,tb-ema_trend-LTCUSDT-1723752000-B,tb-ema_trend-LTCUSDT-1723809600-T
LTC/USDT,ema_trend,2024-08-17 22:00,67.67,2024-08-18 14:59,66.68,stop,26.333,3.5396656400,-29.6093356400,-0.016616,17.00,tb-ema_trend-LTCUSDT-1723928400-B,tb-ema_trend-LTCUSDT-1723989600-X
BNB/USDT,ema_trend,2024-08-17 16:00,534.57,2024-08-18 17:59,535.35,trailing,4.442,4.7552574900,-1.2904974900,-0.000543,26.00,tb-ema_trend-BNBUSDT-1723906800-B,tb-ema_trend-BNBUSDT-1724000400-T
BTC/USDT,ema_trend,2024-08-18 05:00,59485.73,2024-08-18 23:59,59086.89,trailing,0.02245,2.6637398904,-11.6176978904,-0.008699,19.00,tb-ema_trend-BTCUSDT-1723953600-B,tb-ema_trend-BTCUSDT-1724022000-T
SOL/USDT,ema_trend,2024-08-18 15:00,145.18,2024-08-18 23:59,142.31,trailing,9.923,2.8542150700,-31.3332250700,-0.021750,9.00,tb-ema_trend-SOLUSDT-1723989600-B,tb-ema_trend-SOLUSDT-1724022000-T
XRP/USDT,ema_trend,2024-08-18 18:00,0.5700,2024-08-18 23:59,0.5630,trailing,2936.2,3.328424600000,-23.881824600000,-0.014269,6.00,tb-ema_trend-XRPUSDT-1724000400-B,tb-ema_trend-XRPUSDT-1724022000-T
ETH/USDT,ema_trend,2024-08-19 03:00,2640.76,2024-08-19 09:59,2599.45,stop,0.8902,4.6672116260,-41.4413736260,-0.017629,7.00,tb-ema_trend-ETHUSDT-1724032800-B,tb-ema_trend-ETHUSDT-1724058000-X
XRP/USDT,ema_trend,2024-08-19 07:00,0.5707,2024-08-20 14:59,0.5926,trailing,3089.2,3.595435530000,64.058044470000,0.036335,32.00,tb-ema_trend-XRPUSDT-1724047200-B,tb-ema_trend-XRPUSDT-1724162400-T
BTC/USDT,ema_trend,2024-08-20 01:00,60513.02,2024-08-20 14:59,59994.08,trailing,0.02354,2.8385525214,-15.0544001214,-0.010568,14.00,tb-ema_trend-BTCUSDT-1724112000-B,tb-ema_trend-BTCUSDT-1724162400-T
BNB/USDT,ema_trend,2024-08-19 18:00,554.48,2024-08-20 15:59,561.00,trailing,3.425,3.8227369200,18.5082630800,0.009746,22.00,tb-ema_trend-BNBUSDT-1724086800-B,tb-ema_trend-BNBUSDT-1724166000-T
BNB/USDT,ema_trend,2024-08-20 18:00,567.19,2024-08-21 05:59,558.95,trailing,2.496,2.8125470100,-23.3795870100,-0.016514,12.00,tb-ema_trend-BNBUSDT-1724173200-B,tb-ema_trend-BNBUSDT-1724216400-T
BNB/USDT,ema_trend,2024-08-21 08:00,560.99,2024-08-21 12:59,551.77,stop,2.513,2.7980488500,-25.9679088500,-0.018420,5.00,tb-ema_trend-BNBUSDT-1724223600-B,tb-ema_trend-BNBUSDT-1724241600-X
XRP/USDT,ema_trend,2024-08-20 17:00,0.5982,2024-08-21 13:59,0.5866,trailing,3155.9,3.741024560000,-40.349464560000,-0.021373,21.00,tb-ema_trend-XRPUSDT-1724169600-B,tb-ema_trend-XRPUSDT-1724245200-T
BTC/USDT,ema_trend,2024-08-21 20:00,61600.79,2024-08-22 02:59,60472.12,stop,0.02270,2.7729030767,-28.3937120767,-0.020305,7.00,tb-ema_trend-BTCUSDT-1724266800-B,tb-ema_trend-BTCUSDT-1724292000-X
ADA/USDT,ema_trend,2024-08-20 15:00,0.3396,2024-08-23 12:59,0.3757,trailing,5528.6,3.956509340000,195.625950660000,0.104194,70.00,tb-ema_trend-ADAUSDT-1724162400-B,tb-ema_trend-ADAUSDT-1724414400-T
BNB/USDT,ema_trend,2024-08-21 15:00,552.58,2024-08-23 14:59,575.81,trailing,3.375,3.8105265700,74.5907234300,0.039996,48.00,tb-ema_trend-BNBUSDT-1724248800-B,tb-ema_trend-BNBUSDT-1724421600-T
ADA/USDT,ema_trend,2024-08-23 15:00,0.3785,2024-08-24 21:59,0.3880,trailing,4377.1,3.356712550000,38.225737450000,0.023073,31.00,tb-ema_trend-ADAUSDT-1724421600-B,tb-ema_trend-ADAUSDT-1724533200-T
LINK/USDT,ema_trend,2024-08-22 03:00,11.286,2024-08-25 01:59,12.051,trailing,123.21,2.87681895000,91.37883105000,0.065714,71.00,tb-ema_trend-LINKUSDT-1724292000-B,tb-ema_trend-LINKUSDT-1724547600-T
SOL/USDT,ema_trend,2024-08-23 13:00,144.52,2024-08-25 07:59,156.62,trailing,10.811,3.2572142600,127.5558857400,0.081641,43.00,tb-ema_trend-SOLUSDT-1724414400-B,tb-ema_trend-SOLUSDT-1724569200-T
LTC/USDT,ema_trend,2024-08-25 02:00,66.06,2024-08-25 07:59,64.85,stop,24.529,3.2127428900,-32.8928328900,-0.020299,6.00,tb-ema_trend-LTCUSDT-1724547600-B,tb-ema_trend-LTCUSDT-1724569200-X
ADA/USDT,ema_trend,2024-08-25 08:00,0.3791,2024-08-26 03:00,0.3820,signal,4023.9,3.064144600000,8.605165400000,0.005641,19.00,tb-ema_trend-ADAUSDT-1724569200-B,tb-ema_trend-ADAUSDT-1724637600-S
BTC/USDT,ema_trend,2024-08-24 22:00,63644.17,2024-08-26 06:59,63732.19,trailing,0.02617,3.3353486640,-1.0318652640,-0.000620,33.00,tb-ema_trend-BTCUSDT-1724533200-B,tb-ema_trend-BTCUSDT-1724652000-T
LINK/USDT,ema_trend,2024-08-25 08:00,12.067,2024-08-26 13:59,12.153,trailing,168.61,4.08578559000,10.41467441000,0.005119,30.00,tb-ema_trend-LINKUSDT-1724569200-B,tb-ema_trend-LINKUSDT-1724677200-T
SOL/USDT,ema_trend,2024-08-26 04:00,160.21,2024-08-26 14:59,156.93,stop,9.538,3.0264834200,-34.3111234200,-0.022454,11.00,tb-ema_trend-SOLUSDT-1724641200-B,tb-ema_trend-SOLUSDT-1724680800-X
BTC/USDT,ema_trend,2024-08-26 09:00,63769.86,2024-08-26 14:59,63144.62,stop,0.02448,3.1087795686,-18.4146547686,-0.011796,6.00,tb-ema_trend-BTCUSDT-1724659200-B,tb-ema_trend-BTCUSDT-1724680800-X
BTC/USDT,ema_trend,2024-08-26 17:00,63736.86,2024-08-26 21:00,63385.29,signal,0.03831,4.8725990410,-18.3412457410,-0.007511,4.00,tb-ema_trend-BTCUSDT-1724688000-B,tb-ema_trend-BTCUSDT-1724702400-S
SOL/USDT,ema_trend,2024-08-26 18:00,157.50,2024-08-27 10:59,154.42,trailing,11.629,3.6292076800,-39.4465276800,-0.021537,17.00,tb-ema_trend-SOLUSDT-1724691600-B,tb-ema_trend-SOLUSDT-1724752800-T
LTC/USDT,ema_trend,2024-08-29 17:00,63.60,2024-08-29 18:59,62.50,stop,38.174,4.8162218000,-46.8076218000,-0.019279,2.00,tb-ema_trend-LTCUSDT-1724947200-B,tb-ema_trend-LTCUSDT-1724954400-X
LTC/USDT,ema_trend,2024-08-30 23:00,65.08,2024-09-01 01:59,64.51,trailing,37.114,4.8120763000,-25.9670563000,-0.010751,27.00,tb-ema_trend-LTCUSDT-1725055200-B,tb-ema_trend-LTCUSDT-1725152400-T
LTC/USDT,ema_trend,2024-09-01 06:00,64.03,2024-09-01 22:59,63.34,trailing,37.627,4.7949841300,-30.7576141300,-0.012766,17.00,tb-ema_trend-LTCUSDT-1725166800-B,tb-ema_trend-LTCUSDT-1725228000-T
ETH/USDT,ema_trend,2024-09-02 21:00,2555.41,2024-09-03 08:59,2508.23,stop,0.9397,4.7608579170,-49.0959039170,-0.020445,12.00,tb-ema_trend-ETHUSDT-1725307200-B,tb-ema_trend-ETHUSDT-1725350400-X
XRP/USDT,ema_trend,2024-09-03 10:00,0.5703,2024-09-03 13:59,0.5626,stop,3400.0,3.853856050000,-30.033856050000,-0.015489,4.00,tb-ema_trend-XRPUSDT-1725354000-B,tb-ema_trend-XRPUSDT-1725368400-X
BNB/USDT,ema_trend,2024-09-03 12:00,536.17,2024-09-03 13:59,528.06,stop,2.712,2.8878002700,-24.8821202700,-0.017112,2.00,tb-ema_trend-BNBUSDT-1725361200-B,tb-ema_trend-BNBUSDT-1725368400-X
LTC/USDT,ema_trend,2024-09-03 00:00,65.37,2024-09-03 14:59,64.72,trailing,27.559,3.5869806700,-21.5003306700,-0.011934,15.00,tb-ema_trend-LTCUSDT-1725318000-B,tb-ema_trend-LTCUSDT-1725372000-T
LTC/USDT,ema_trend,2024-09-03 17:00,64.70,2024-09-04 01:59,63.94,trailing,36.639,4.7156348600,-32.5612748600,-0.013736,9.00,tb-ema_trend-LTCUSDT-1725379200-B,tb-ema_trend-LTCUSDT-1725411600-T
LTC/USDT,ema_trend,2024-09-04 04:00,64.87,2024-09-05 12:59,65.77,trailing,36.417,4.7599170700,28.0153829300,0.011859,33.00,tb-ema_trend-LTCUSDT-1725418800-B,tb-ema_trend-LTCUSDT-1725537600-T
ADA/USDT,ema_trend,2024-09-08 06:00,0.3334,2024-09-08 15:59,0.3317,trailing,7108.7,4.730396850000,-16.815186850000,-0.007095,10.00,tb-ema_trend-ADAUSDT-1725771600-B,tb-ema_trend-ADAUSDT-1725807600-T
ADA/USDT,ema_trend,2024-09-08 18:00,0.3393,2024-09-09 14:59,0.3382,trailing,6972.6,4.726311600000,-12.396171600000,-0.005240,21.00,tb-ema_trend-ADAUSDT-1725814800-B,tb-ema_trend-ADAUSDT-1725890400-T
LINK/USDT,ema_trend,2024-09-09 00:00,10.356,2024-09-09 14:59,10.420,trailing,171.25,3.55975408000,7.40024592000,0.004173,15.00,tb-ema_trend-LINKUSDT-1725836400-B,tb-ema_trend-LINKUSDT-1725890400-T
BNB/USDT,ema_trend,2024-09-09 17:00,515.96,2024-09-10 21:59,511.17,trailing,2.576,2.6474347600,-14.9864747600,-0.011276,29.00,tb-ema_trend-BNBUSDT-1725897600-B,tb-ema_trend-BNBUSDT-1726002000-T
LINK/USDT,ema_trend,2024-09-09 17:00,10.586,2024-09-11 01:59,10.345,trailing,223.07,4.67151295000,-58.43138295000,-0.024744,33.00,tb-ema_trend-LINKUSDT-1725897600-B,tb-ema_trend-LINKUSDT-1726016400-T
BTC/USDT,ema_trend,2024-09-09 17:00,56458.33,2024-09-11 04:59,56642.68,trailing,0.03139,3.5524990419,2.2342474581,0.001261,36.00,tb-ema_trend-BTCUSDT-1725897600-B,tb-ema_trend-BTCUSDT-1726027200-T
SOL/USDT,ema_trend,2024-09-10 22:00,135.47,2024-09-11 04:59,132.49,stop,9.791,2.6249510600,-31.8021310600,-0.023977,7.00,tb-ema_trend-SOLUSDT-1726002000-B,tb-ema_trend-SOLUSDT-1726027200-X
LINK/USDT,ema_trend,2024-09-11 07:00,10.446,2024-09-11 13:59,10.232,stop,186.39,3.85615716000,-43.74361716000,-0.022467,7.00,tb-ema_trend-LINKUSDT-1726034400-B,tb-ema_trend-LINKUSDT-1726059600-X
SOL/USDT,ema_trend,2024-09-11 08:00,132.51,2024-09-11 13:59,129.78,stop,11.004,2.8878292800,-32.9287492800,-0.022583,6.00,tb-ema_trend-SOLUSDT-1726038000-B,tb-ema_trend-SOLUSDT-1726059600-X
ADA/USDT,ema_trend,2024-09-11 20:00,0.3478,2024-09-13 12:59,0.3522,trailing,4153.5,2.908910760000,15.366489240000,0.010637,41.00,tb-ema_trend-ADAUSDT-1726081200-B,tb-ema_trend-ADAUSDT-1726228800-T
BTC/USDT,ema_trend,2024-09-11 16:00,56729.58,2024-09-14 11:59,59625.45,trailing,0.03394,3.9513588984,94.3344689016,0.048995,68.00,tb-ema_trend-BTCUSDT-1726066800-B,tb-ema_trend-BTCUSDT-1726311600-T
BNB/USDT,ema_trend,2024-09-11 02:00,513.06,2024-09-14 18:59,549.62,trailing,3.060,3.2538530400,108.6197469600,0.069186,89.00,tb-ema_trend-BNBUSDT-1726016400-B,tb-ema_trend-BNBUSDT-1726336800-T
LTC/USDT,ema_trend,2024-09-14 12:00,65.83,2024-09-15 04:59,65.52,trailing,24.177,3.1772947000,-10.6721647000,-0.006705,17.00,tb-ema_trend-LTCUSDT-1726311600-B,tb-ema_trend-LTCUSDT-1726372800-T
XRP/USDT,ema_trend,2024-09-13 13:00,0.5701,2024-09-15 10:59,0.5839,trailing,2540.0,2.932642260000,32.119357740000,0.022181,46.00,tb-ema_trend-XRPUSDT-1726228800-B,tb-ema_trend-XRPUSDT-1726394400-T
LINK/USDT,ema_trend,2024-09-14 19:00,11.316,2024-09-15 11:59,11.139,trailing,142.40,3.19928940000,-28.40408940000,-0.017627,17.00,tb-ema_trend-LINKUSDT-1726336800-B,tb-ema_trend-LINKUSDT-1726398000-T
SOL/USDT,ema_trend,2024-09-15 13:00,136.03,2024-09-15 14:59,134.58,stop,10.860,2.9403209300,-18.6873209300,-0.012650,2.00,tb-ema_trend-SOLUSDT-1726401600-B,tb-ema_trend-SOLUSDT-1726408800-X
LTC/USDT,ema_trend,2024-09-15 07:00,65.21,2024-09-15 15:59,64.44,stop,24.615,3.1929650000,-22.1465150000,-0.013797,9.00,tb-ema_trend-LTCUSDT-1726380000-B,tb-ema_trend-LTCUSDT-1726412400-X
LTC/USDT,ema_trend,2024-09-15 18:00,64.11,2024-09-15 20:00,64.23,signal,21.866,2.8076928600,-0.1837728600,-0.000131,2.00,tb-ema_trend-LTCUSDT-1726419600-B,tb-ema_trend-LTCUSDT-1726426800-S
XRP/USDT,ema_trend,2024-09-15 13:00,0.5864,2024-09-15 21:59,0.5779,stop,3359.1,3.912993890000,-32.465343890000,-0.016482,9.00,tb-ema_trend-XRPUSDT-1726401600-B,tb-ema_trend-XRPUSDT-1726434000-X
LINK/USDT,ema_trend,2024-09-15 17:00,11.096,2024-09-15 21:59,10.946,stop,168.24,3.71023240000,-28.94623240000,-0.015506,5.00,tb-ema_trend-LINKUSDT-1726416000-B,tb-ema_trend-LINKUSDT-1726434000-X
XRP/USDT,ema_trend,2024-09-16 00:00,0.5709,2024-09-16 01:59,0.5619,stop,4108.4,4.656393300000,-41.631993300000,-0.017750,2.00,tb-ema_trend-XRPUSDT-1726441200-B,tb-ema_trend-XRPUSDT-1726448400-X
BTC/USDT,ema_trend,2024-09-16 01:00,58695.70,2024-09-16 02:00,58577.76,signal,0.02996,3.5152737330,-7.0487561330,-0.004008,1.00,tb-ema_trend-BTCUSDT-1726444800-B,tb-ema_trend-BTCUSDT-1726448400-S
BNB/USDT,ema_trend,2024-09-16 03:00,542.38,2024-09-16 06:00,547.12,signal,4.301,4.6886514000,15.6980886000,0.006729,3.00,tb-ema_trend-BNBUSDT-1726452000-B,tb-ema_trend-BNBUSDT-1726462800-S
BTC/USDT,ema_trend,2024-09-17 16:00,61166.06,2024-09-17 19:59,60134.22,stop,0.02865,3.4770880008,-33.0393040008,-0.018854,4.00,tb-ema_trend-BTCUSDT-1726585200-B,tb-ema_trend-BTCUSDT-1726599600-X
XRP/USDT,ema_trend,2024-09-16 23:00,0.5820,2024-09-18 01:59,0.5772,trailing,4015.6,4.657269720000,-23.932149720000,-0.010240,27.00,tb-ema_trend-XRPUSDT-1726524000-B,tb-ema_trend-XRPUSDT-1726621200-T
XRP/USDT,ema_trend,2024-09-18 04:00,0.5808,2024-09-18 09:00,0.5760,signal,2685.6,3.108270240000,-15.999150240000,-0.010257,5.00,tb-ema_trend-XRPUSDT-1726628400-B,tb-ema_trend-XRPUSDT-1726646400-S
BNB/USDT,ema_trend,2024-09-17 23:00,545.68,2024-09-18 10:59,537.50,trailing,2.397,2.5980195000,-22.2054795000,-0.016977,12.00,tb-ema_trend-BNBUSDT-1726610400-B,tb-ema_trend-BNBUSDT-1726653600-T
BTC/USDT,ema_trend,2024-09-17 22:00,60364.24,2024-09-18 16:59,59263.32,stop,0.02889,3.4578511308,-35.2634299308,-0.020221,19.00,tb-ema_trend-BTCUSDT-1726606800-B,tb-ema_trend-BTCUSDT-1726675200-X
BTC/USDT,ema_trend,2024-09-18 19:00,60660.11,2024-09-18 20:59,59508.50,stop,0.03798,4.5664302122,-48.3045780122,-0.020967,2.00,tb-ema_trend-BTCUSDT-1726682400-B,tb-ema_trend-BTCUSDT-1726689600-X
BNB/USDT,ema_trend,2024-09-18 22:00,548.28,2024-09-20 00:59,558.00,trailing,4.179,4.6258855200,35.9939944800,0.015709,27.00,tb-ema_trend-BNBUSDT-1726693200-B,tb-ema_trend-BNBUSDT-1726790400-T
BTC/USDT,ema_trend,2024-09-18 23:00,60715.13,2024-09-20 14:59,62586.82,trailing,0.02831,3.4924996542,49.4950442458,0.028796,40.00,tb-ema_trend-BTCUSDT-1726696800-B,tb-ema_trend-BTCUSDT-1726840800-T
SOL/USDT,ema_trend,2024-09-20 01:00,141.84,2024-09-20 14:59,146.18,trailing,10.921,3.1470266600,44.2501133400,0.028566,14.00,tb-ema_trend-SOLUSDT-1726790400-B,tb-ema_trend-SOLUSDT-1726840800-T
LINK/USDT,ema_trend,2024-09-20 15:00,11.516,2024-09-21 04:59,11.248,stop,173.86,3.95982192000,-50.55430192000,-0.025250,14.00,tb-ema_trend-LINKUSDT-1726840800-B,tb-ema_trend-LINKUSDT-1726891200-X
ADA/USDT,ema_trend,2024-09-20 15:00,0.3557,2024-09-22 06:59,0.3514,trailing,4223.0,2.987612810000,-21.146512810000,-0.014078,40.00,tb-ema_trend-ADAUSDT-1726840800-B,tb-ema_trend-ADAUSDT-1726984800-T
SOL/USDT,ema_trend,2024-09-21 05:00,145.45,2024-09-22 09:59,145.89,trailing,11.096,3.2344540400,1.6477859600,0.001021,29.00,tb-ema_trend-SOLUSDT-1726891200-B,tb-ema_trend-SOLUSDT-1726995600-T
ETH/USDT,ema_trend,2024-09-19 00:00,2375.93,2024-09-22 10:59,2571.37,trailing,0.5427,2.6863252690,103.3789627310,0.080175,83.00,tb-ema_trend-ETHUSDT-1726700400-B,tb-ema_trend-ETHUSDT-1726999200-T
ADA/USDT,ema_trend,2024-09-22 11:00,0.3517,2024-09-22 14:59,0.3469,stop,4379.6,3.061136040000,-24.083216040000,-0.015635,4.00,tb-ema_trend-ADAUSDT-1726999200-B,tb-ema_trend-ADAUSDT-1727013600-X
XRP/USDT,ema_trend,2024-09-22 10:00,0.5926,2024-09-22 21:59,0.5838,stop,2682.0,3.156704820000,-26.758304820000,-0.016836,12.00,tb-ema_trend-XRPUSDT-1726995600-B,tb-ema_trend-XRPUSDT-1727038800-X
LTC/USDT,ema_trend,2024-09-22 07:00,67.03,2024-09-22 22:59,66.44,trailing,23.588,3.1498990800,-17.0668190800,-0.010794,16.00,tb-ema_trend-LTCUSDT-1726984800-B,tb-ema_trend-LTCUSDT-1727042400-T
ETH/USDT,ema_trend,2024-09-22 15:00,2565.33,2024-09-22 22:59,2534.74,trailing,0.5980,3.0513810580,-21.3442010580,-0.013913,8.00,tb-ema_trend-ETHUSDT-1727013600-B,tb-ema_trend-ETHUSDT-1727042400-T
XRP/USDT,ema_trend,2024-09-23 00:00,0.5874,2024-09-23 01:00,0.5869,signal,3933.4,4.621341220000,-6.588041220000,-0.002851,1.00,tb-ema_trend-XRPUSDT-1727046000-B,tb-ema_trend-XRPUSDT-1727049600-S
XRP/USDT,ema_trend,2024-09-23 04:00,0.5941,2024-09-23 09:00,0.5865,signal,2610.6,3.083678430000,-22.924238430000,-0.014781,5.00,tb-ema_trend-XRPUSDT-1727060400-B,tb-ema_trend-XRPUSDT-1727078400-S
LTC/USDT,ema_trend,2024-09-23 01:00,68.37,2024-09-23 10:59,67.22,trailing,25.347,3.4385773500,-32.5876273500,-0.018804,10.00,tb-ema_trend-LTCUSDT-1727049600-B,tb-ema_trend-LTCUSDT-1727085600-T
LTC/USDT,ema_trend,2024-09-23 13:00,66.97,2024-09-24 01:59,66.27,trailing,23.657,3.1536659600,-19.7135659600,-0.012443,13.00,tb-ema_trend-LTCUSDT-1727092800-B,tb-ema_trend-LTCUSDT-1727139600-T
ETH/USDT,ema_trend,2024-09-23 01:00,2595.28,2024-09-24 02:59,2613.06,trailing,0.5006,2.6088521760,6.2918158240,0.004843,26.00,tb-ema_trend-ETHUSDT-1727049600-B,tb-ema_trend-ETHUSDT-1727143200-T
BNB/USDT,ema_trend,2024-09-24 02:00,604.21,2024-09-25 06:59,596.43,trailing,2.612,3.1378843100,-23.4592443100,-0.014865,29.00,tb-ema_trend-BNBUSDT-1727139600-B,tb-ema_trend-BNBUSDT-1727244000-T
ADA/USDT,ema_trend,2024-09-23 10:00,0.3543,2024-09-25 22:59,0.3810,trailing,4362.2,3.209084580000,113.261655420000,0.073283,61.00,tb-ema_trend-ADAUSDT-1727082000-B,tb-ema_trend-ADAUSDT-1727301600-T
SOL/USDT,ema_trend,2024-09-25 07:00,149.91,2024-09-25 23:59,147.48,trailing,10.149,3.0198601200,-27.6819301200,-0.018195,17.00,tb-ema_trend-SOLUSDT-1727244000-B,tb-ema_trend-SOLUSDT-1727305200-T
LINK/USDT,ema_trend,2024-09-24 21:00,11.966,2024-09-26 00:59,12.017,trailing,126.23,3.02892967000,3.40880033000,0.002257,28.00,tb-ema_trend-LINKUSDT-1727208000-B,tb-ema_trend-LINKUSDT-1727308800-T
ADA/USDT,ema_trend,2024-09-26 01:00,0.3796,2024-09-27 10:59,0.4005,trailing,6078.1,4.743841370000,122.288448630000,0.053002,34.00,tb-ema_trend-ADAUSDT-1727308800-B,tb-ema_trend-ADAUSDT-1727431200-T
LTC/USDT,ema_trend,2024-09-26 11:00,67.80,2024-09-28 06:59,69.98,trailing,19.146,2.6392918800,39.0989881200,0.030120,44.00,tb-ema_trend-LTCUSDT-1727344800-B,tb-ema_trend-LTCUSDT-1727503200-T
LINK/USDT,ema_trend,2024-09-26 03:00,12.017,2024-09-28 09:59,12.448,trailing,144.05,3.52598580000,58.55956420000,0.033829,55.00,tb-ema_trend-LINKUSDT-1727316000-B,tb-ema_trend-LINKUSDT-1727514000-T
BTC/USDT,ema_trend,2024-09-27 11:00,65522.77,2024-09-28 12:59,65481.67,trailing,0.02412,3.1617927755,-4.1531247755,-0.002628,26.00,tb-ema_trend-BTCUSDT-1727431200-B,tb-ema_trend-BTCUSDT-1727524800-T
ETH/USDT,ema_trend,2024-09-28 07:00,2680.54,2024-09-29 07:59,2644.75,stop,0.5670,3.0210477540,-23.3139777540,-0.015339,25.00,tb-ema_trend-ETHUSDT-1727503200-B,tb-ema_trend-ETHUSDT-1727593200-X
LTC/USDT,ema_trend,2024-09-28 10:00,69.74,2024-09-29 07:59,68.64,trailing,22.765,3.1518247200,-28.1933247200,-0.017758,22.00,tb-ema_trend-LTCUSDT-1727514000-B,tb-ema_trend-LTCUSDT-1727593200-T
LTC/USDT,ema_trend,2024-09-29 20:00,70.26,2024-09-29 23:59,69.35,stop,27.794,3.8822876200,-29.1748276200,-0.014940,4.00,tb-ema_trend-LTCUSDT-1727636400-B,tb-ema_trend-LTCUSDT-1727650800-X
XRP/USDT,ema_trend,2024-09-28 13:00,0.6162,2024-09-30 00:59,0.6353,trailing,2572.4,3.220960720000,45.911879280000,0.028964,36.00,tb-ema_trend-XRPUSDT-1727524800-B,tb-ema_trend-XRPUSDT-1727654400-T
XRP/USDT,ema_trend,2024-09-30 03:00,0.6394,2024-09-30 14:59,0.6242,trailing,3680.2,4.652666500000,-60.591706500000,-0.025750,12.00,tb-ema_trend-XRPUSDT-1727661600-B,tb-ema_trend-XRPUSDT-1727704800-T
XRP/USDT,ema_trend,2024-09-30 17:00,0.6183,2024-10-01 00:00,0.6110,signal,3782.0,4.651562140000,-32.260162140000,-0.013796,7.00,tb-ema_trend-XRPUSDT-1727712000-B,tb-ema_trend-XRPUSDT-1727737200-S
XRP/USDT,ema_trend,2024-10-01 13:00,0.6297,2024-10-01 13:59,0.6182,stop,3700.0,4.619622860000,-47.169622860000,-0.020245,1.00,tb-ema_trend-XRPUSDT-1727784000-B,tb-ema_trend-XRPUSDT-1727787600-X
LTC/USDT,ema_trend,2024-10-05 17:00,65.89,2024-10-05 20:59,65.12,stop,35.181,4.6114348500,-31.7008048500,-0.013675,4.00,tb-ema_trend-LTCUSDT-1728144000-B,tb-ema_trend-LTCUSDT-1728158400-X
LTC/USDT,ema_trend,2024-10-05 23:00,66.29,2024-10-07 09:59,66.72,trailing,34.854,4.6382506900,10.3489693100,0.004479,35.00,tb-ema_trend-LTCUSDT-1728165600-B,tb-ema_trend-LTCUSDT-1728291600-T
BTC/USDT,ema_trend,2024-10-06 17:00,62633.32,2024-10-07 10:59,62888.36,trailing,0.02073,2.6039434232,2.6830357768,0.002066,18.00,tb-ema_trend-BTCUSDT-1728230400-B,tb-ema_trend-BTCUSDT-1728295200-T
BNB/USDT,ema_trend,2024-10-06 02:00,565.99,2024-10-07 11:59,567.80,trailing,3.059,3.4705275700,2.0662624300,0.001193,34.00,tb-ema_trend-BNBUSDT-1728176400-B,tb-ema_trend-BNBUSDT-1728298800-T
SOL/USDT,ema_trend,2024-10-07 11:00,146.74,2024-10-07 18:59,145.51,trailing,10.166,2.9726276400,-15.4768076400,-0.010375,8.00,tb-ema_trend-SOLUSDT-1728295200-B,tb-ema_trend-SOLUSDT-1728324000-T
ETH/USDT,ema_trend,2024-10-07 12:00,2477.08,2024-10-07 18:59,2439.85,stop,0.6265,3.0821906060,-26.4067856060,-0.017016,7.00,tb-ema_trend-ETHUSDT-1728298800-B,tb-ema_trend-ETHUSDT-1728324000-X
LINK/USDT,ema_trend,2024-10-07 10:00,11.386,2024-10-07 23:59,11.151,stop,136.43,3.07631695000,-35.13736695000,-0.022620,14.00,tb-ema_trend-LINKUSDT-1728291600-B,tb-ema_trend-LINKUSDT-1728342000-X
BTC/USDT,ema_trend,2024-10-07 19:00,62879.43,2024-10-08 07:59,62027.49,trailing,0.03043,3.8034327521,-29.7279669521,-0.015537,13.00,tb-ema_trend-BTCUSDT-1728324000-B,tb-ema_trend-BTCUSDT-1728370800-T
BNB/USDT,ema_trend,2024-10-07 19:00,568.59,2024-10-08 07:59,561.35,trailing,2.525,2.8548042700,-21.1358042700,-0.014722,13.00,tb-ema_trend-BNBUSDT-1728324000-B,tb-ema_trend-BNBUSDT-1728370800-T
BNB/USDT,ema_trend,2024-10-08 10:00,572.99,2024-10-09 19:59,573.27,trailing,3.981,4.5655530200,-3.4508730200,-0.001513,34.00,tb-ema_trend-BNBUSDT-1728378000-B,tb-ema_trend-BNBUSDT-1728500400-T
ETH/USDT,ema_trend,2024-10-11 16:00,2445.03,2024-10-13 03:59,2451.52,trailing,0.5245,2.5697074930,0.8342975070,0.000651,36.00,tb-ema_trend-ETHUSDT-1728658800-B,tb-ema_trend-ETHUSDT-1728788400-T
ADA/USDT,ema_trend,2024-10-11 16:00,0.3504,2024-10-13 11:59,0.3522,trailing,4881.2,3.431248080000,5.354911920000,0.003131,44.00,tb-ema_trend-ADAUSDT-1728658800-B,tb-ema_trend-ADAUSDT-1728817200-T
BTC/USDT,ema_trend,2024-10-13 04:00,62743.67,2024-10-13 14:59,62202.00,trailing,0.02043,2.5545223482,-13.6208404482,-0.010626,11.00,tb-ema_trend-BTCUSDT-1728788400-B,tb-ema_trend-BTCUSDT-1728828000-T
SOL/USDT,ema_trend,2024-10-11 14:00,143.69,2024-10-13 15:59,145.05,trailing,15.869,4.5843141000,16.9975259000,0.007454,50.00,tb-ema_trend-SOLUSDT-1728651600-B,tb-ema_trend-SOLUSDT-1728831600-T
ETH/USDT,ema_trend,2024-10-13 12:00,2459.50,2024-10-13 15:59,2438.16,stop,0.5655,2.7711024300,-14.8388724300,-0.010669,4.00,tb-ema_trend-ETHUSDT-1728817200-B,tb-ema_trend-ETHUSDT-1728831600-X
BTC/USDT,ema_trend,2024-10-13 17:00,62660.43,2024-10-15 05:59,65178.22,trailing,0.03636,4.6507197320,86.8961246680,0.038140,37.00,tb-ema_trend-BTCUSDT-1728835200-B,tb-ema_trend-BTCUSDT-1728968400-T
ETH/USDT,ema_trend,2024-10-13 18:00,2447.53,2024-10-15 05:59,2589.39,trailing,0.6983,3.5189945100,95.5418434900,0.055902,36.00,tb-ema_trend-ETHUSDT-1728838800-B,tb-ema_trend-ETHUSDT-1728968400-T
SOL/USDT,ema_trend,2024-10-13 18:00,145.52,2024-10-15 11:59,153.82,trailing,8.809,2.6381957400,70.4765042600,0.054979,42.00,tb-ema_trend-SOLUSDT-1728838800-B,tb-ema_trend-SOLUSDT-1728990000-T
LTC/USDT,ema_trend,2024-10-15 06:00,66.84,2024-10-15 11:59,65.77,stop,29.986,3.9785155000,-36.0635355000,-0.017993,6.00,tb-ema_trend-LTCUSDT-1728968400-B,tb-ema_trend-LTCUSDT-1728990000-X
LINK/USDT,ema_trend,2024-10-15 06:00,11.386,2024-10-15 14:59,11.205,trailing,131.98,2.98315422000,-26.87153422000,-0.017882,9.00,tb-ema_trend-LINKUSDT-1728968400-B,tb-ema_trend-LINKUSDT-1729000800-T
ETH/USDT,ema_trend,2024-10-15 12:00,2587.50,2024-10-15 14:59,2597.79,trailing,0.7563,3.9237048300,3.8586221700,0.001972,3.00,tb-ema_trend-ETHUSDT-1728990000-B,tb-ema_trend-ETHUSDT-1729000800-T
BTC/USDT,ema_trend,2024-10-15 12:00,65432.38,2024-10-15 14:59,66141.16,trailing,0.02242,2.9518417410,12.9390058590,0.008820,3.00,tb-ema_trend-BTCUSDT-1728990000-B,tb-ema_trend-BTCUSDT-1729000800-T
LTC/USDT,ema_trend,2024-10-15 15:00,66.33,2024-10-16 16:59,69.35,trailing,26.354,3.5775016300,76.0115783700,0.043483,26.00,tb-ema_trend-LTCUSDT-1729000800-B,tb-ema_trend-LTCUSDT-1729094400-T
LINK/USDT,ema_trend,2024-10-15 17:00,11.326,2024-10-17 07:00,11.144,signal,115.81,2.60360982000,-23.68102982000,-0.018054,38.00,tb-ema_trend-LINKUSDT-1729008000-B,tb-ema_trend-LINKUSDT-1729144800-S
SOL/USDT,ema_trend,2024-10-15 15:00,152.46,2024-10-17 09:00,153.15,signal,15.284,4.6733826000,5.8725774000,0.002520,42.00,tb-ema_trend-SOLUSDT-1729000800-B,tb-ema_trend-SOLUSDT-1729152000-S
BTC/USDT,ema_trend,2024-10-16 17:00,67857.80,2024-10-17 11:59,66734.20,trailing,0.02119,2.8540402160,-26.6631242160,-0.018543,19.00,tb-ema_trend-BTCUSDT-1729094400-B,tb-ema_trend-BTCUSDT-1729162800-T
XRP/USDT,ema_trend,2024-10-17 08:00,0.5549,2024-10-17 18:59,0.5449,stop,2524.8,2.778217780000,-28.026217780000,-0.020004,11.00,tb-ema_trend-XRPUSDT-1729148400-B,tb-ema_trend-XRPUSDT-1729188000-X
XRP/USDT,ema_trend,2024-10-17 21:00,0.5468,2024-10-18 04:00,0.5432,signal,3515.2,3.833536480000,-16.488256480000,-0.008578,7.00,tb-ema_trend-XRPUSDT-1729195200-B,tb-ema_trend-XRPUSDT-1729220400-S
LTC/USDT,ema_trend,2024-10-17 10:00,71.29,2024-10-18 08:59,72.06,trailing,22.936,3.2895152700,14.3712047300,0.008789,23.00,tb-ema_trend-LTCUSDT-1729155600-B,tb-ema_trend-LTCUSDT-1729238400-T
BTC/USDT,ema_trend,2024-10-18 07:00,68142.06,2024-10-19 11:59,68130.32,trailing,0.02814,3.8367490302,-4.1671126302,-0.002173,29.00,tb-ema_trend-BTCUSDT-1729231200-B,tb-ema_trend-BTCUSDT-1729335600-T
LINK/USDT,ema_trend,2024-10-18 08:00,11.426,2024-10-20 03:59,11.288,trailing,125.79,2.85867944000,-20.21769944000,-0.014067,44.00,tb-ema_trend-LINKUSDT-1729234800-B,tb-ema_trend-LINKUSDT-1729393200-T
LTC/USDT,ema_trend,2024-10-18 11:00,72.01,2024-10-20 20:59,73.95,trailing,20.711,3.0244897700,37.1548502300,0.024913,58.00,tb-ema_trend-LTCUSDT-1729245600-B,tb-ema_trend-LTCUSDT-1729454400-T
ETH/USDT,ema_trend,2024-10-19 12:00,2632.80,2024-10-21 12:59,2699.07,trailing,0.6065,3.2356221200,36.9571328800,0.023145,49.00,tb-ema_trend-ETHUSDT-1729335600-B,tb-ema_trend-ETHUSDT-1729512000-T
SOL/USDT,ema_trend,2024-10-20 04:00,159.11,2024-10-21 12:59,165.49,trailing,9.754,3.1677395000,59.0627805000,0.038057,33.00,tb-ema_trend-SOLUSDT-1729393200-B,tb-ema_trend-SOLUSDT-1729512000-T
LINK/USDT,ema_trend,2024-10-20 21:00,11.866,2024-10-21 13:59,11.671,trailing,130.29,3.06829697000,-28.47484697000,-0.018418,17.00,tb-ema_trend-LINKUSDT-1729454400-B,tb-ema_trend-LINKUSDT-1729515600-T
ADA/USDT,ema_trend,2024-10-21 13:00,0.3608,2024-10-21 13:59,0.3541,stop,5461.1,3.906124790000,-40.495494790000,-0.020552,1.00,tb-ema_trend-ADAUSDT-1729512000-B,tb-ema_trend-ADAUSDT-1729515600-X
BNB/USDT,ema_trend,2024-10-21 13:00,605.51,2024-10-21 13:59,598.49,stop,2.440,2.9395765300,-20.0683765300,-0.013583,1.00,tb-ema_trend-BNBUSDT-1729512000-B,tb-ema_trend-BNBUSDT-1729515600-X
BTC/USDT,ema_trend,2024-10-21 14:00,67345.67,2024-10-21 15:00,67234.36,signal,0.03466,4.6672376690,-8.5252422690,-0.003652,1.00,tb-ema_trend-BTCUSDT-1729515600-B,tb-ema_trend-BTCUSDT-1729519200-S
ETH/USDT,ema_trend,2024-10-21 15:00,2673.56,2024-10-22 00:59,2635.56,stop,0.4913,2.6097074380,-21.2791074380,-0.016200,10.00,tb-ema_trend-ETHUSDT-1729519200-B,tb-ema_trend-ETHUSDT-1729555200-X
BNB/USDT,ema_trend,2024-10-22 01:00,598.10,2024-10-22 03:00,597.10,signal,2.504,2.9945751000,-5.4985751000,-0.003671,2.00,tb-ema_trend-BNBUSDT-1729555200-B,tb-ema_trend-BNBUSDT-1729562400-S
ADA/USDT,ema_trend,2024-10-21 16:00,0.3582,2024-10-22 13:59,0.3551,trailing,4373.6,3.121264960000,-16.679424960000,-0.010647,22.00,tb-ema_trend-ADAUSDT-1729522800-B,tb-ema_trend-ADAUSDT-1729602000-T
LINK/USDT,ema_trend,2024-10-22 13:00,12.137,2024-10-23 02:59,11.815,stop,123.20,2.95246421000,-42.62286421000,-0.028505,14.00,tb-ema_trend-LINKUSDT-1729598400-B,tb-ema_trend-LINKUSDT-1729648800-X
SOL/USDT,ema_trend,2024-10-21 15:00,164.36,2024-10-23 08:59,164.49,trailing,10.656,3.5060335600,-2.1207535600,-0.001211,42.00,tb-ema_trend-SOLUSDT-1729519200-B,tb-ema_trend-SOLUSDT-1729670400-T
SOL/USDT,ema_trend,2024-10-24 03:00,174.64,2024-10-25 04:59,173.41,trailing,13.230,4.6071464600,-20.8800464600,-0.009037,26.00,tb-ema_trend-SOLUSDT-1729735200-B,tb-ema_trend-SOLUSDT-1729828800-T
BTC/USDT,ema_trend,2024-10-24 21:00,68230.10,2024-10-25 07:59,67399.64,stop,0.01904,2.5837548560,-18.3957132560,-0.014160,11.00,tb-ema_trend-BTCUSDT-1729800000-B,tb-ema_trend-BTCUSDT-1729839600-X
SOL/USDT,ema_trend,2024-10-25 08:00,171.99,2024-10-25 17:59,169.75,trailing,8.607,2.9429040900,-22.2225840900,-0.015012,10.00,tb-ema_trend-SOLUSDT-1729839600-B,tb-ema_trend-SOLUSDT-1729875600-T
LTC/USDT,ema_trend,2024-10-24 18:00,71.10,2024-10-25 18:59,70.72,trailing,24.371,3.4580727200,-12.7190527200,-0.007340,25.00,tb-ema_trend-LTCUSDT-1729789200-B,tb-ema_trend-LTCUSDT-1729879200-T
LINK/USDT,ema_trend,2024-10-25 05:00,11.756,2024-10-25 18:59,11.525,trailing,131.73,3.06845197000,-33.49808197000,-0.021631,14.00,tb-ema_trend-LINKUSDT-1729828800-B,tb-ema_trend-LINKUSDT-1729879200-T
SOL/USDT,ema_trend,2024-10-25 20:00,168.04,2024-10-25 21:00,167.07,signal,13.590,4.5564974600,-17.7387974600,-0.007768,1.00,tb-ema_trend-SOLUSDT-1729882800-B,tb-ema_trend-SOLUSDT-1729886400-S
BTC/USDT,ema_trend,2024-10-25 22:00,67331.54,2024-10-25 23:00,66593.11,signal,0.02748,3.6822693254,-23.9743257254,-0.012957,1.00,tb-ema_trend-BTCUSDT-1729890000-B,tb-ema_trend-BTCUSDT-1729893600-S
LINK/USDT,ema_trend,2024-10-25 21:00,11.646,2024-10-25 23:59,11.273,stop,147.06,3.37221504000,-58.22559504000,-0.033997,3.00,tb-ema_trend-LINKUSDT-1729886400-B,tb-ema_trend-LINKUSDT-1729897200-X
SOL/USDT,ema_trend,2024-10-27 02:00,172.49,2024-10-28 05:59,173.19,trailing,13.093,4.5284031000,4.6366969000,0.002053,28.00,tb-ema_trend-SOLUSDT-1729990800-B,tb-ema_trend-SOLUSDT-1730091600-T
LTC/USDT,ema_trend,2024-10-27 16:00,70.78,2024-10-28 15:59,70.18,trailing,23.934,3.3754353600,-17.7358353600,-0.010469,24.00,tb-ema_trend-LTCUSDT-1730041200-B,tb-ema_trend-LTCUSDT-1730127600-T
SOL/USDT,ema_trend,2024-10-28 08:00,175.78,2024-10-28 17:59,172.98,trailing,8.639,3.0145196600,-27.2037196600,-0.017914,10.00,tb-ema_trend-SOLUSDT-1730098800-B,tb-ema_trend-SOLUSDT-1730134800-T
BNB/USDT,ema_trend,2024-10-28 16:00,591.00,2024-10-29 20:59,600.87,trailing,2.636,3.1435423200,22.8737776800,0.014683,29.00,tb-ema_trend-BNBUSDT-1730127600-B,tb-ema_trend-BNBUSDT-1730232000-T
LTC/USDT,ema_trend,2024-10-28 20:00,70.59,2024-10-30 07:59,72.51,trailing,21.839,3.1267138800,38.8041661200,0.025171,36.00,tb-ema_trend-LTCUSDT-1730142000-B,tb-ema_trend-LTCUSDT-1730271600-T
BTC/USDT,ema_trend,2024-10-27 18:00,67793.58,2024-10-30 12:59,71881.40,trailing,0.01873,2.6174682450,73.9474003550,0.058237,67.00,tb-ema_trend-BTCUSDT-1730048400-B,tb-ema_trend-BTCUSDT-1730289600-T
ETH/USDT,ema_trend,2024-10-29 21:00,2621.99,2024-10-30 20:59,2635.95,trailing,0.5916,3.1121704980,5.1465655020,0.003318,24.00,tb-ema_trend-ETHUSDT-1730232000-B,tb-ema_trend-ETHUSDT-1730318400-T
LINK/USDT,ema_trend,2024-10-30 08:00,11.966,2024-10-31 10:59,12.015,trailing,130.24,3.12496068000,3.25679932000,0.002090,27.00,tb-ema_trend-LINKUSDT-1730271600-B,tb-ema_trend-LINKUSDT-1730368800-T
BTC/USDT,ema_trend,2024-10-30 21:00,72893.57,2024-10-31 13:59,71872.02,stop,0.02081,3.0147587388,-24.2732142388,-0.016002,17.00,tb-ema_trend-BTCUSDT-1730318400-B,tb-ema_trend-BTCUSDT-1730379600-X
ETH/USDT,ema_trend,2024-10-31 11:00,2647.93,2024-10-31 13:59,2605.41,stop,0.5773,3.0343419370,-27.5811379370,-0.018043,3.00,tb-ema_trend-ETHUSDT-1730368800-B,tb-ema_trend-ETHUSDT-1730379600-X
ADA/USDT,ema_trend,2024-10-30 13:00,0.3531,2024-10-31 14:59,0.3514,trailing,4260.9,3.003322380000,-10.246852380000,-0.006811,26.00,tb-ema_trend-ADAUSDT-1730289600-B,tb-ema_trend-ADAUSDT-1730383200-T
LINK/USDT,ema_trend,2024-10-31 14:00,12.017,2024-10-31 15:59,11.735,stop,157.84,3.75093840000,-48.26181840000,-0.025444,2.00,tb-ema_trend-LINKUSDT-1730379600-B,tb-ema_trend-LINKUSDT-1730386800-X
BTC/USDT,ema_trend,2024-10-31 16:00,70655.33,2024-10-31 19:00,70598.35,signal,0.03193,4.5130562201,-6.3324276201,-0.002807,3.00,tb-ema_trend-BTCUSDT-1730386800-B,tb-ema_trend-BTCUSDT-1730397600-S
LINK/USDT,ema_trend,2024-10-31 18:00,11.606,2024-10-31 20:00,11.404,signal,145.82,3.35705910000,-32.81269910000,-0.019388,2.00,tb-ema_trend-LINKUSDT-1730394000-B,tb-ema_trend-LINKUSDT-1730401200-S
ADA/USDT,ema_trend,2024-11-01 18:00,0.3560,2024-11-02 14:59,0.3501,trailing,6309.4,4.457345740000,-41.682805740000,-0.018557,21.00,tb-ema_trend-ADAUSDT-1730480400-B,tb-ema_trend-ADAUSDT-1730556000-T
XRP/USDT,ema_trend,2024-11-05 08:00,0.5151,2024-11-05 12:59,0.5074,stop,4341.7,4.441654690000,-37.872744690000,-0.016935,5.00,tb-ema_trend-XRPUSDT-1730790000-B,tb-ema_trend-XRPUSDT-1730808000-X
SOL/USDT,ema_trend,2024-11-05 17:00,168.65,2024-11-05 19:59,164.56,stop,13.203,4.4017327300,-58.4020027300,-0.026228,3.00,tb-ema_trend-SOLUSDT-1730822400-B,tb-ema_trend-SOLUSDT-1730833200-X
BTC/USDT,ema_trend,2024-11-05 17:00,70227.08,2024-11-05 19:59,69098.22,stop,0.02377,3.3138691940,-30.1468713940,-0.018060,3.00,tb-ema_trend-BTCUSDT-1730822400-B,tb-ema_trend-BTCUSDT-1730833200-X
XRP/USDT,ema_trend,2024-11-05 17:00,0.5136,2024-11-07 14:59,0.5409,trailing,2438.7,2.572893150000,64.003616850000,0.051100,46.00,tb-ema_trend-XRPUSDT-1730822400-B,tb-ema_trend-XRPUSDT-1730988000-T
SOL/USDT,ema_trend,2024-11-05 23:00,167.48,2024-11-08 17:59,196.57,trailing,11.293,4.1132264100,324.4001435900,0.171518,67.00,tb-ema_trend-SOLUSDT-1730844000-B,tb-ema_trend-SOLUSDT-1731085200-T
BTC/USDT,ema_trend,2024-11-05 23:00,69628.81,2024-11-09 17:59,75985.01,trailing,0.02036,2.9667862359,126.4454457641,0.089194,91.00,tb-ema_trend-BTCUSDT-1730844000-B,tb-ema_trend-BTCUSDT-1731171600-T
ETH/USDT,ema_trend,2024-11-07 15:00,2794.02,2024-11-10 20:59,3127.65,trailing,0.4985,2.9533495100,163.3612054900,0.117288,78.00,tb-ema_trend-ETHUSDT-1730988000-B,tb-ema_trend-ETHUSDT-1731268800-T
ADA/USDT,ema_trend,2024-11-08 18:00,0.4475,2024-11-10 20:59,0.5779,trailing,3573.9,3.666288060000,462.370271940000,0.289104,51.00,tb-ema_trend-ADAUSDT-1731085200-B,tb-ema_trend-ADAUSDT-1731268800-T
BNB/USDT,ema_trend,2024-11-09 18:00,618.86,2024-11-10 20:59,621.61,trailing,2.560,3.1774597800,3.8625402200,0.002438,27.00,tb-ema_trend-BNBUSDT-1731171600-B,tb-ema_trend-BNBUSDT-1731268800-T
LINK/USDT,ema_trend,2024-11-10 21:00,14.028,2024-11-11 05:59,13.738,trailing,99.86,2.77411556000,-31.73351556000,-0.022653,9.00,tb-ema_trend-LINKUSDT-1731268800-B,tb-ema_trend-LINKUSDT-1731301200-T
BTC/USDT,ema_trend,2024-11-10 21:00,78989.48,2024-11-12 10:59,86087.53,trailing,0.03151,5.2047361640,218.4548193360,0.087770,38.00,tb-ema_trend-BTCUSDT-1731268800-B,tb-ema_trend-BTCUSDT-1731405600-T
XRP/USDT,ema_trend,2024-11-10 21:00,0.5804,2024-11-12 10:59,0.6386,trailing,3217.3,3.923804020000,183.323055980000,0.098174,38.00,tb-ema_trend-XRPUSDT-1731268800-B,tb-ema_trend-XRPUSDT-1731405600-T
ADA/USDT,ema_trend,2024-11-11 06:00,0.5737,2024-11-12 10:59,0.5813,trailing,2097.9,2.424336640000,13.519703360000,0.011233,29.00,tb-ema_trend-ADAUSDT-1731301200-B,tb-ema_trend-ADAUSDT-1731405600-T
BNB/USDT,ema_trend,2024-11-12 11:00,625.13,2024-11-12 20:00,627.99,signal,2.586,3.2424437100,4.1535162900,0.002569,9.00,tb-ema_trend-BNBUSDT-1731405600-B,tb-ema_trend-BNBUSDT-1731438000-S
LTC/USDT,ema_trend,2024-11-12 11:00,76.79,2024-11-13 03:00,75.54,signal,22.366,3.4087789500,-31.3662789500,-0.018263,16.00,tb-ema_trend-LTCUSDT-1731405600-B,tb-ema_trend-LTCUSDT-1731463200-S
SOL/USDT,ema_trend,2024-11-12 11:00,213.26,2024-11-13 03:00,207.28,signal,10.109,4.2535847200,-64.7054047200,-0.030014,16.00,tb-ema_trend-SOLUSDT-1731405600-B,tb-ema_trend-SOLUSDT-1731463200-S
XRP/USDT,ema_trend,2024-11-12 21:00,0.7045,2024-11-13 04:59,0.6541,stop,2066.0,2.808347050000,-106.934747050000,-0.073470,8.00,tb-ema_trend-XRPUSDT-1731441600-B,tb-ema_trend-XRPUSDT-1731470400-X
ETH/USDT,ema_trend,2024-11-13 04:00,3209.60,2024-11-13 07:00,3125.40,signal,0.6850,4.3417217200,-62.0187217200,-0.028209,3.00,tb-ema_trend-ETHUSDT-1731466800-B,tb-ema_trend-ETHUSDT-1731477600-S
ETH/USDT,ema_trend,2024-11-13 18:00,3275.86,2024-11-13 19:59,3162.03,stop,0.5019,3.2331425100,-60.3644195100,-0.036715,2.00,tb-ema_trend-ETHUSDT-1731517200-B,tb-ema_trend-ETHUSDT-1731524400-X
BTC/USDT,ema_trend,2024-11-13 16:00,92586.27,2024-11-13 20:59,89920.71,stop,0.02368,4.3245428717,-67.4450036717,-0.030762,5.00,tb-ema_trend-BTCUSDT-1731510000-B,tb-ema_trend-BTCUSDT-1731528000-X
LTC/USDT,ema_trend,2024-11-14 04:00,83.38,2024-11-14 04:59,78.97,stop,21.034,3.4167042600,-96.1766442600,-0.054839,1.00,tb-ema_trend-LTCUSDT-1731553200-B,tb-ema_trend-LTCUSDT-1731556800-X
SOL/USDT,ema_trend,2024-11-13 20:00,210.98,2024-11-14 23:59,209.17,trailing,7.723,3.2465062900,-17.2251362900,-0.010571,28.00,tb-ema_trend-SOLUSDT-1731524400-B,tb-ema_trend-SOLUSDT-1731625200-T
BTC/USDT,ema_trend,2024-11-15 00:00,87369.26,2024-11-15 05:00,87410.85,signal,0.01996,3.4903583848,-2.6602219848,-0.001525,5.00,tb-ema_trend-BTCUSDT-1731625200-B,tb-ema_trend-BTCUSDT-1731643200-S
XRP/USDT,ema_trend,2024-11-13 07:00,0.6488,2024-11-16 15:59,1.0634,trailing,2018.3,3.457095740000,833.330084260000,0.636386,81.00,tb-ema_trend-XRPUSDT-1731477600-B,tb-ema_trend-XRPUSDT-1731769200-T
ADA/USDT,ema_trend,2024-11-15 07:00,0.5965,2024-11-17 01:59,0.6999,trailing,2737.4,3.550435560000,279.496724440000,0.171170,43.00,tb-ema_trend-ADAUSDT-1731650400-B,tb-ema_trend-ADAUSDT-1731805200-T
LINK/USDT,ema_trend,2024-11-16 16:00,14.158,2024-11-17 01:59,14.181,trailing,132.15,3.74698097000,-0.70753097000,-0.000378,10.00,tb-ema_trend-LINKUSDT-1731769200-B,tb-ema_trend-LINKUSDT-1731805200-T
LTC/USDT,ema_trend,2024-11-14 07:00,81.20,2024-11-17 02:59,88.95,trailing,19.117,3.2543815500,144.9023684500,0.093347,68.00,tb-ema_trend-LTCUSDT-1731564000-B,tb-ema_trend-LTCUSDT-1731808800-T
LINK/USDT,ema_trend,2024-11-17 04:00,14.148,2024-11-17 20:59,13.722,trailing,152.78,4.26024228000,-69.34452228000,-0.032081,17.00,tb-ema_trend-LINKUSDT-1731812400-B,tb-ema_trend-LINKUSDT-1731873600-T
SOL/USDT,ema_trend,2024-11-18 01:00,235.22,2024-11-18 19:59,234.96,trailing,9.108,4.2847516400,-6.6528316400,-0.003105,19.00,tb-ema_trend-SOLUSDT-1731888000-B,tb-ema_trend-SOLUSDT-1731956400-T
XRP/USDT,ema_trend,2024-11-17 02:00,1.0760,2024-11-19 08:59,1.0840,trailing,936.8,2.024564000000,5.469836000000,0.005426,55.00,tb-ema_trend-XRPUSDT-1731805200-B,tb-ema_trend-XRPUSDT-1732003200-T
ADA/USDT,ema_trend,2024-11-17 04:00,0.7153,2024-11-19 13:59,0.7241,trailing,2018.9,2.907506790000,14.858813210000,0.010289,58.00,tb-ema_trend-ADAUSDT-1731812400-B,tb-ema_trend-ADAUSDT-1732021200-T
LINK/USDT,ema_trend,2024-11-18 20:00,14.948,2024-11-19 21:59,14.531,trailing,143.22,4.22422458000,-63.94696458000,-0.029870,26.00,tb-ema_trend-LINKUSDT-1731956400-B,tb-ema_trend-LINKUSDT-1732050000-T
SOL/USDT,ema_trend,2024-11-20 03:00,233.00,2024-11-20 05:00,233.50,signal,11.773,5.4949005000,0.3915995000,0.000143,2.00,tb-ema_trend-SOLUSDT-1732068000-B,tb-ema_trend-SOLUSDT-1732075200-S
ADA/USDT,ema_trend,2024-11-20 09:00,0.8158,2024-11-21 02:59,0.7778,stop,2919.4,4.654803240000,-115.592003240000,-0.048534,18.00,tb-ema_trend-ADAUSDT-1732089600-B,tb-ema_trend-ADAUSDT-1732154400-X
BTC/USDT,ema_trend,2024-11-21 06:00,97376.68,2024-11-21 15:59,95633.55,trailing,0.02787,5.3821164120,-53.9631495120,-0.019884,10.00,tb-ema_trend-BTCUSDT-1732165200-B,tb-ema_trend-BTCUSDT-1732201200-T
ETH/USDT,ema_trend,2024-11-21 14:00,3349.68,2024-11-21 15:59,3260.50,stop,0.4557,3.0139338660,-43.6532598660,-0.028598,2.00,tb-ema_trend-ETHUSDT-1732194000-B,tb-ema_trend-ETHUSDT-1732201200-X
BTC/USDT,ema_trend,2024-11-21 18:00,98097.68,2024-11-22 14:59,97123.48,trailing,0.01667,3.2562986892,-19.4962126892,-0.011922,21.00,tb-ema_trend-BTCUSDT-1732208400-B,tb-ema_trend-BTCUSDT-1732284000-T
SOL/USDT,ema_trend,2024-11-21 17:00,254.88,2024-11-22 18:59,251.48,trailing,8.556,4.3347100800,-33.4251100800,-0.015327,26.00,tb-ema_trend-SOLUSDT-1732204800-B,tb-ema_trend-SOLUSDT-1732298400-T
XRP/USDT,ema_trend,2024-11-22 15:00,1.4404,2024-11-23 16:59,1.4624,trailing,1095.1,3.180440720000,20.911759280000,0.013257,26.00,tb-ema_trend-XRPUSDT-1732284000-B,tb-ema_trend-XRPUSDT-1732377600-T
LTC/USDT,ema_trend,2024-11-21 10:00,89.49,2024-11-23 17:59,97.15,trailing,22.747,4.2475583500,169.9944616500,0.083510,56.00,tb-ema_trend-LTCUSDT-1732179600-B,tb-ema_trend-LTCUSDT-1732381200-T
ADA/USDT,ema_trend,2024-11-22 19:00,0.9572,2024-11-24 11:59,1.0251,trailing,1838.3,3.645880770000,121.174689230000,0.068864,41.00,tb-ema_trend-ADAUSDT-1732298400-B,tb-ema_trend-ADAUSDT-1732446000-T
BNB/USDT,ema_trend,2024-11-23 17:00,658.76,2024-11-24 11:59,652.48,trailing,2.630,3.4505374800,-19.9669374800,-0.011525,19.00,tb-ema_trend-BNBUSDT-1732377600-B,tb-ema_trend-BNBUSDT-1732446000-T
LINK/USDT,ema_trend,2024-11-23 18:00,17.649,2024-11-24 11:59,17.010,trailing,104.81,3.63455118000,-70.60814118000,-0.038171,18.00,tb-ema_trend-LINKUSDT-1732381200-B,tb-ema_trend-LINKUSDT-1732446000-T
XRP/USDT,ema_trend,2024-11-24 12:00,1.3840,2024-11-24 12:59,1.3047,stop,1391.0,3.741919300000,-114.048219300000,-0.059241,1.00,tb-ema_trend-XRPUSDT-1732446000-B,tb-ema_trend-XRPUSDT-1732449600-X
ETH/USDT,ema_trend,2024-11-24 12:00,3345.90,2024-11-24 20:00,3324.97,signal,0.5069,3.3834715400,-13.9928885400,-0.008250,8.00,tb-ema_trend-ETHUSDT-1732446000-B,tb-ema_trend-ETHUSDT-1732474800-S
LTC/USDT,ema_trend,2024-11-24 12:00,95.49,2024-11-24 21:00,96.51,signal,23.202,4.4570757600,19.2089642400,0.008670,9.00,tb-ema_trend-LTCUSDT-1732446000-B,tb-ema_trend-LTCUSDT-1732478400-S
ADA/USDT,ema_trend,2024-11-25 01:00,1.0026,2024-11-25 03:00,0.9877,signal,1745.9,3.476669450000,-29.490579450000,-0.016848,2.00,tb-ema_trend-ADAUSDT-1732492800-B,tb-ema_trend-ADAUSDT-1732500000-S
ADA/USDT,ema_trend,2024-11-25 06:00,1.0461,2024-11-25 15:59,0.9820,stop,1719.7,3.489606550000,-113.722376550000,-0.063215,10.00,tb-ema_trend-ADAUSDT-1732510800-B,tb-ema_trend-ADAUSDT-1732546800-X
ETH/USDT,ema_trend,2024-11-25 06:00,3383.42,2024-11-25 15:59,3391.09,trailing,0.5367,3.6379095660,0.4785794340,0.000264,10.00,tb-ema_trend-ETHUSDT-1732510800-B,tb-ema_trend-ETHUSDT-1732546800-T
LINK/USDT,ema_trend,2024-11-24 14:00,16.719,2024-11-25 21:59,17.438,trailing,103.12,3.52410893000,70.61917107000,0.040961,32.00,tb-ema_trend-LINKUSDT-1732453200-B,tb-ema_trend-LINKUSDT-1732568400-T
ETH/USDT,ema_trend,2024-11-25 18:00,3463.92,2024-11-26 08:59,3358.98,trailing,0.5203,3.5520332180,-58.1523152180,-0.032266,15.00,tb-ema_trend-ETHUSDT-1732554000-B,tb-ema_trend-ETHUSDT-1732608000-T
XRP/USDT,ema_trend,2024-11-25 16:00,1.4238,2024-11-26 09:00,1.3874,signal,1222.3,3.437980700000,-47.929700700000,-0.027541,17.00,tb-ema_trend-XRPUSDT-1732546800-B,tb-ema_trend-XRPUSDT-1732608000-S
LINK/USDT,ema_trend,2024-11-26 00:00,17.349,2024-11-26 10:00,16.921,signal,102.10,3.50087539000,-47.19967539000,-0.026646,10.00,tb-ema_trend-LINKUSDT-1732575600-B,tb-ema_trend-LINKUSDT-1732611600-S
ETH/USDT,ema_trend,2024-11-26 11:00,3319.07,2024-11-26 12:00,3321.35,signal,0.7977,5.2997182950,-3.4809622950,-0.001315,1.00,tb-ema_trend-ETHUSDT-1732615200-B,tb-ema_trend-ETHUSDT-1732618800-S
LINK/USDT,ema_trend,2024-11-27 07:00,18.070,2024-11-28 08:59,17.747,trailing,127.15,4.55648065000,-45.62593065000,-0.019858,26.00,tb-ema_trend-LINKUSDT-1732687200-B,tb-ema_trend-LINKUSDT-1732780800-T
LTC/USDT,ema_trend,2024-11-27 12:00,94.87,2024-11-28 11:59,94.22,trailing,16.385,3.0998524400,-13.7501024400,-0.008846,24.00,tb-ema_trend-LTCUSDT-1732705200-B,tb-ema_trend-LTCUSDT-1732791600-T
ETH/USDT,ema_trend,2024-11-27 11:00,3457.23,2024-11-28 14:59,3549.22,trailing,0.5994,4.2020861930,50.9367198070,0.024580,28.00,tb-ema_trend-ETHUSDT-1732701600-B,tb-ema_trend-ETHUSDT-1732802400-T
BNB/USDT,ema_trend,2024-11-28 09:00,655.20,2024-11-30 01:59,648.57,trailing,2.638,3.4413108600,-20.9312508600,-0.012110,41.00,tb-ema_trend-BNBUSDT-1732780800-B,tb-ema_trend-BNBUSDT-1732928400-T
LTC/USDT,ema_trend,2024-11-28 17:00,94.51,2024-11-30 03:59,100.60,trailing,17.557,3.4272474500,103.4948825500,0.062372,35.00,tb-ema_trend-LTCUSDT-1732809600-B,tb-ema_trend-LTCUSDT-1732935600-T
ADA/USDT,ema_trend,2024-11-30 04:00,1.0703,2024-11-30 22:59,1.0721,trailing,1583.4,3.393988640000,-0.543868640000,-0.000321,19.00,tb-ema_trend-ADAUSDT-1732935600-B,tb-ema_trend-ADAUSDT-1733004000-T
LTC/USDT,ema_trend,2024-11-30 23:00,101.94,2024-12-02 03:59,119.15,trailing,16.621,3.6764698700,282.3709401300,0.166655,29.00,tb-ema_trend-LTCUSDT-1733004000-B,tb-ema_trend-LTCUSDT-1733108400-T
ETH/USDT,ema_trend,2024-11-28 17:00,3542.86,2024-12-02 04:59,3650.97,trailing,0.6244,4.4943074560,63.0095765440,0.028483,84.00,tb-ema_trend-ETHUSDT-1732809600-B,tb-ema_trend-ETHUSDT-1733112000-T
XRP/USDT,ema_trend,2024-11-30 02:00,1.8363,2024-12-02 08:59,2.2113,trailing,910.2,3.685961820000,337.639038180000,0.202010,55.00,tb-ema_trend-XRPUSDT-1732928400-B,tb-ema_trend-XRPUSDT-1733126400-T
ADA/USDT,ema_trend,2024-12-02 04:00,1.1399,2024-12-02 08:59,1.0803,stop,1548.0,3.438693440000,-95.699493440000,-0.054234,5.00,tb-ema_trend-ADAUSDT-1733108400-B,tb-ema_trend-ADAUSDT-1733126400-X
LTC/USDT,ema_trend,2024-12-02 06:00,123.41,2024-12-02 08:59,116.12,stop,15.334,3.6749275800,-115.4597875800,-0.061013,3.00,tb-ema_trend-LTCUSDT-1733115600-B,tb-ema_trend-LTCUSDT-1733126400-X
XRP/USDT,ema_trend,2024-12-02 11:00,2.2504,2024-12-03 13:59,2.4862,trailing,564.0,2.672792640000,130.318407360000,0.102676,27.00,tb-ema_trend-XRPUSDT-1733133600-B,tb-ema_trend-XRPUSDT-1733230800-T
LTC/USDT,ema_trend,2024-12-02 11:00,115.69,2024-12-03 13:59,126.11,trailing,13.282,3.2132072600,135.1852327400,0.087977,27.00,tb-ema_trend-LTCUSDT-1733133600-B,tb-ema_trend-LTCUSDT-1733230800-T
ADA/USDT,ema_trend,2024-12-02 11:00,1.0624,2024-12-03 13:59,1.1719,trailing,1605.4,3.588751300000,172.202548700000,0.100964,27.00,tb-ema_trend-ADAUSDT-1733133600-B,tb-ema_trend-ADAUSDT-1733230800-T
ADA/USDT,ema_trend,2024-12-03 16:00,1.1980,2024-12-04 16:59,1.1505,trailing,1192.8,2.802728400000,-59.460728400000,-0.041611,25.00,tb-ema_trend-ADAUSDT-1733238000-B,tb-ema_trend-ADAUSDT-1733328000-T
LTC/USDT,ema_trend,2024-12-03 16:00,126.65,2024-12-04 16:59,123.14,trailing,12.509,3.1262695600,-47.0328595600,-0.029687,25.00,tb-ema_trend-LTCUSDT-1733238000-B,tb-ema_trend-LTCUSDT-1733328000-T
LINK/USDT,ema_trend,2024-12-03 14:00,23.342,2024-12-04 20:59,23.955,trailing,59.61,2.82077469000,33.72015531000,0.024234,31.00,tb-ema_trend-LINKUSDT-1733230800-B,tb-ema_trend-LINKUSDT-1733342400-T
BNB/USDT,ema_trend,2024-12-04 17:00,732.10,2024-12-05 01:59,698.19,stop,3.430,4.9088231000,-121.2201231000,-0.048274,9.00,tb-ema_trend-BNBUSDT-1733328000-B,tb-ema_trend-BNBUSDT-1733360400-X
BTC/USDT,ema_trend,2024-12-05 00:00,98636.62,2024-12-05 18:59,100414.73,trailing,0.01798,3.5809160100,28.3895017900,0.016008,19.00,tb-ema_trend-BTCUSDT-1733353200-B,tb-ema_trend-BTCUSDT-1733421600-T
ETH/USDT,ema_trend,2024-12-04 17:00,3758.31,2024-12-05 20:59,3798.07,trailing,0.5027,3.8008472130,16.1865047870,0.008567,28.00,tb-ema_trend-ETHUSDT-1733328000-B,tb-ema_trend-ETHUSDT-1733428800-T
BNB/USDT,ema_trend,2024-12-05 04:00,714.66,2024-12-05 22:59,701.00,trailing,2.697,3.8201790000,-40.6611990000,-0.021096,19.00,tb-ema_trend-BNBUSDT-1733367600-B,tb-ema_trend-BNBUSDT-1733436000-T
LTC/USDT,ema_trend,2024-12-05 19:00,142.58,2024-12-05 22:59,134.24,stop,13.300,3.6837021200,-114.6057021200,-0.060436,4.00,tb-ema_trend-LTCUSDT-1733421600-B,tb-ema_trend-LTCUSDT-1733436000-X
BTC/USDT,ema_trend,2024-12-05 21:00,99122.38,2024-12-05 22:59,96574.74,stop,0.01915,3.7495822946,-52.5368882946,-0.027677,2.00,tb-ema_trend-BTCUSDT-1733428800-B,tb-ema_trend-BTCUSDT-1733436000-X
BTC/USDT,ema_trend,2024-12-06 01:00,97600.77,2024-12-06 10:00,97951.00,signal,0.02152,4.2112021135,3.3257474865,0.001583,9.00,tb-ema_trend-BTCUSDT-1733443200-B,tb-ema_trend-BTCUSDT-1733475600-S
ETH/USDT,ema_trend,2024-12-05 23:00,3805.23,2024-12-07 14:59,3976.76,trailing,0.7364,5.7337016160,120.5809903840,0.043031,40.00,tb-ema_trend-ETHUSDT-1733436000-B,tb-ema_trend-ETHUSDT-1733580000-T
LTC/USDT,ema_trend,2024-12-06 13:00,130.88,2024-12-08 00:00,133.72,signal,13.055,3.4561853200,33.6200146800,0.019676,35.00,tb-ema_trend-LTCUSDT-1733486400-B,tb-ema_trend-LTCUSDT-1733612400-S
BNB/USDT,ema_trend,2024-12-06 01:00,730.43,2024-12-08 08:59,740.22,trailing,2.157,3.1743833400,17.9426466600,0.011388,56.00,tb-ema_trend-BNBUSDT-1733443200-B,tb-ema_trend-BNBUSDT-1733644800-T
XRP/USDT,ema_trend,2024-12-08 01:00,2.5820,2024-12-08 09:59,2.4841,stop,753.2,3.817852120000,-77.556132120000,-0.039879,9.00,tb-ema_trend-XRPUSDT-1733616000-B,tb-ema_trend-XRPUSDT-1733648400-X
XRP/USDT,ema_trend,2024-12-08 12:00,2.5403,2024-12-09 00:59,2.4791,trailing,914.6,4.593283540000,-60.566803540000,-0.026069,13.00,tb-ema_trend-XRPUSDT-1733655600-B,tb-ema_trend-XRPUSDT-1733702400-T
BNB/USDT,ema_trend,2024-12-08 16:00,740.61,2024-12-09 02:00,727.77,signal,2.352,3.4558515900,-33.6555315900,-0.019321,10.00,tb-ema_trend-BNBUSDT-1733670000-B,tb-ema_trend-BNBUSDT-1733706000-S
ETH/USDT,ema_trend,2024-12-09 04:00,3931.34,2024-12-09 06:00,3941.41,signal,0.4387,3.4557410980,0.9619679020,0.000558,2.00,tb-ema_trend-ETHUSDT-1733713200-B,tb-ema_trend-ETHUSDT-1733720400-S
LINK/USDT,ema_trend,2024-12-07 15:00,25.093,2024-12-09 08:59,25.453,trailing,80.14,4.05301481000,24.79738519000,0.012331,42.00,tb-ema_trend-LINKUSDT-1733580000-B,tb-ema_trend-LINKUSDT-1733731200-T
XRP/USDT,ema_trend,2024-12-09 03:00,2.4872,2024-12-09 08:59,2.3893,stop,924.7,4.511786750000,-95.039916750000,-0.041323,6.00,tb-ema_trend-XRPUSDT-1733709600-B,tb-ema_trend-XRPUSDT-1733731200-X
LINK/USDT,ema_trend,2024-12-09 11:00,25.273,2024-12-09 16:59,23.926,stop,83.45,4.10793112000,-116.51508112000,-0.055246,6.00,tb-ema_trend-LINKUSDT-1733738400-B,tb-ema_trend-LINKUSDT-1733760000-X
BTC/USDT,ema_trend,2024-12-11 15:00,99565.75,2024-12-12 19:59,99818.83,trailing,0.02768,5.5219521425,1.4833022575,0.000538,29.00,tb-ema_trend-BTCUSDT-1733925600-B,tb-ema_trend-BTCUSDT-1734030000-T
LINK/USDT,ema_trend,2024-12-11 20:00,23.812,2024-12-12 20:59,26.744,trailing,65.10,3.29286244000,187.58033756000,0.121007,25.00,tb-ema_trend-LINKUSDT-1733943600-B,tb-ema_trend-LINKUSDT-1734033600-T
SOL/USDT,ema_trend,2024-12-11 17:00,229.49,2024-12-13 01:59,225.63,trailing,9.007,4.1015607400,-38.8685807400,-0.018804,33.00,tb-ema_trend-SOLUSDT-1733932800-B,tb-ema_trend-SOLUSDT-1734051600-T
ADA/USDT,ema_trend,2024-12-12 21:00,1.1320,2024-12-13 07:59,1.0833,stop,1611.0,3.570772700000,-82.026472700000,-0.044979,11.00,tb-ema_trend-ADAUSDT-1734033600-B,tb-ema_trend-ADAUSDT-1734073200-X
LINK/USDT,ema_trend,2024-12-13 02:00,28.855,2024-12-13 14:59,27.959,trailing,64.94,3.69152101000,-61.87776101000,-0.033022,13.00,tb-ema_trend-LINKUSDT-1734051600-B,tb-ema_trend-LINKUSDT-1734098400-T
ADA/USDT,ema_trend,2024-12-13 15:00,1.1180,2024-12-13 16:59,1.0806,stop,1640.5,3.608703900000,-64.963403900000,-0.035420,2.00,tb-ema_trend-ADAUSDT-1734098400-B,tb-ema_trend-ADAUSDT-1734105600-X
ETH/USDT,ema_trend,2024-12-12 20:00,3873.07,2024-12-14 12:59,3873.80,trailing,0.4782,3.7064897690,-3.3574037690,-0.001813,41.00,tb-ema_trend-ETHUSDT-1734030000-B,tb-ema_trend-ETHUSDT-1734177600-T
BNB/USDT,ema_trend,2024-12-13 09:00,714.84,2024-12-14 12:59,715.98,trailing,2.576,3.6879368400,-0.7512968400,-0.000408,28.00,tb-ema_trend-BNBUSDT-1734076800-B,tb-ema_trend-BNBUSDT-1734177600-T
XRP/USDT,ema_trend,2024-12-13 17:00,2.4240,2024-12-14 12:59,2.4087,trailing,749.9,3.625980930000,-15.099450930000,-0.008307,20.00,tb-ema_trend-XRPUSDT-1734105600-B,tb-ema_trend-XRPUSDT-1734177600-T
BNB/USDT,ema_trend,2024-12-14 17:00,715.41,2024-12-14 19:59,704.83,stop,2.227,3.1650207100,-26.7266807100,-0.016775,3.00,tb-ema_trend-BNBUSDT-1734192000-B,tb-ema_trend-BNBUSDT-1734202800-X
LINK/USDT,ema_trend,2024-12-14 13:00,29.245,2024-12-15 12:59,28.554,trailing,83.59,4.83405046000,-62.59474046000,-0.025605,24.00,tb-ema_trend-LINKUSDT-1734177600-B,tb-ema_trend-LINKUSDT-1734264000-T
BNB/USDT,ema_trend,2024-12-15 17:00,720.74,2024-12-15 21:59,711.08,stop,2.477,3.5487803600,-27.4766003600,-0.015391,5.00,tb-ema_trend-BNBUSDT-1734278400-B,tb-ema_trend-BNBUSDT-1734296400-X
BNB/USDT,ema_trend,2024-12-16 00:00,719.23,2024-12-16 03:59,708.47,stop,2.473,3.5328597900,-30.1423397900,-0.016947,4.00,tb-ema_trend-BNBUSDT-1734303600-B,tb-ema_trend-BNBUSDT-1734318000-X
BNB/USDT,ema_trend,2024-12-16 06:00,715.20,2024-12-16 09:00,711.36,signal,2.476,3.5343081600,-13.0421481600,-0.007365,3.00,tb-ema_trend-BNBUSDT-1734325200-B,tb-ema_trend-BNBUSDT-1734336000-S
XRP/USDT,ema_trend,2024-12-14 15:00,2.4091,2024-12-16 09:00,2.3863,signal,882.2,4.232670070000,-24.346830070000,-0.011456,42.00,tb-ema_trend-XRPUSDT-1734184800-B,tb-ema_trend-XRPUSDT-1734336000-S
BTC/USDT,ema_trend,2024-12-15 12:00,102722.78,2024-12-16 11:59,103589.44,trailing,0.01544,3.1875151288,10.1937152712,0.006427,24.00,tb-ema_trend-BTCUSDT-1734260400-B,tb-ema_trend-BTCUSDT-1734346800-T
BNB/USDT,ema_trend,2024-12-16 18:00,724.27,2024-12-17 00:59,713.51,trailing,2.090,3.0071330100,-25.4955330100,-0.016843,7.00,tb-ema_trend-BNBUSDT-1734368400-B,tb-ema_trend-BNBUSDT-1734393600-T
BTC/USDT,ema_trend,2024-12-16 14:00,103959.99,2024-12-17 15:59,106115.74,trailing,0.02589,5.4419794508,50.3703880492,0.018714,26.00,tb-ema_trend-BTCUSDT-1734354000-B,tb-ema_trend-BTCUSDT-1734447600-T
XRP/USDT,ema_trend,2024-12-16 18:00,2.5158,2024-12-17 15:59,2.5653,trailing,802.6,4.080355080000,35.648344920000,0.017655,22.00,tb-ema_trend-XRPUSDT-1734368400-B,tb-ema_trend-XRPUSDT-1734447600-T
ETH/USDT,ema_trend,2024-12-17 01:00,3960.98,2024-12-17 15:59,3926.81,trailing,0.3806,3.0036772700,-16.0087792700,-0.010619,15.00,tb-ema_trend-ETHUSDT-1734393600-B,tb-ema_trend-ETHUSDT-1734447600-T
XRP/USDT,ema_trend,2024-12-17 18:00,2.6353,2024-12-17 22:59,2.5244,stop,769.2,3.970949480000,-89.275229480000,-0.044041,5.00,tb-ema_trend-XRPUSDT-1734454800-B,tb-ema_trend-XRPUSDT-1734472800-X
BTC/USDT,ema_trend,2024-12-17 18:00,107560.13,2024-12-17 22:59,105824.48,stop,0.01413,3.0172757395,-27.5420102395,-0.018122,5.00,tb-ema_trend-BTCUSDT-1734454800-B,tb-ema_trend-BTCUSDT-1734472800-X
SOL/USDT,ema_trend,2024-12-17 17:00,227.09,2024-12-18 01:59,219.89,stop,11.904,5.3235750000,-91.0323750000,-0.033675,9.00,tb-ema_trend-SOLUSDT-1734451200-B,tb-ema_trend-SOLUSDT-1734483600-X
XRP/USDT,ema_trend,2024-12-18 01:00,2.5815,2024-12-18 04:59,2.4736,stop,580.4,2.935528940000,-65.560688940000,-0.043757,4.00,tb-ema_trend-XRPUSDT-1734480000-B,tb-ema_trend-XRPUSDT-1734494400-X
BTC/USDT,ema_trend,2024-12-18 02:00,105387.90,2024-12-18 04:59,103536.35,stop,0.01685,3.5224813730,-34.7210988730,-0.019553,3.00,tb-ema_trend-BTCUSDT-1734483600-B,tb-ema_trend-BTCUSDT-1734494400-X
LTC/USDT,ema_trend,2024-12-17 23:00,123.93,2024-12-18 06:59,117.83,stop,16.120,3.8992780100,-102.2312780100,-0.051173,8.00,tb-ema_trend-LTCUSDT-1734472800-B,tb-ema_trend-LTCUSDT-1734501600-X
BTC/USDT,ema_trend,2024-12-18 07:00,103846.55,2024-12-18 08:00,104198.62,signal,0.02503,5.2104860030,3.6018260970,0.001386,1.00,tb-ema_trend-BTCUSDT-1734501600-B,tb-ema_trend-BTCUSDT-1734505200-S
XRP/USDT,ema_trend,2024-12-18 07:00,2.5147,2024-12-18 16:59,2.4400,trailing,775.5,3.844381610000,-61.774231610000,-0.031677,10.00,tb-ema_trend-XRPUSDT-1734501600-B,tb-ema_trend-XRPUSDT-1734537600-T
LINK/USDT,ema_trend,2024-12-24 01:00,24.303,2024-12-25 12:59,24.427,trailing,79.79,3.89011094000,6.00384906000,0.003096,36.00,tb-ema_trend-LINKUSDT-1734998400-B,tb-ema_trend-LINKUSDT-1735128000-T
BNB/USDT,ema_trend,2024-12-23 21:00,691.13,2024-12-25 21:59,697.31,trailing,3.741,5.1969185600,17.9224614400,0.006932,49.00,tb-ema_trend-BNBUSDT-1734984000-B,tb-ema_trend-BNBUSDT-1735160400-T
LTC/USDT,ema_trend,2024-12-24 13:00,107.14,2024-12-26 06:59,106.73,trailing,13.577,2.9052129500,-8.4717829500,-0.005824,42.00,tb-ema_trend-LTCUSDT-1735041600-B,tb-ema_trend-LTCUSDT-1735192800-T
BTC/USDT,ema_trend,2024-12-25 13:00,98225.11,2024-12-26 08:59,97419.15,trailing,0.01605,3.1420548777,-16.0777128777,-0.010198,20.00,tb-ema_trend-BTCUSDT-1735128000-B,tb-ema_trend-BTCUSDT-1735200000-T
SOL/USDT,ema_trend,2024-12-26 00:00,197.55,2024-12-26 08:59,193.23,stop,9.282,3.6291954600,-43.7274354600,-0.023847,9.00,tb-ema_trend-SOLUSDT-1735167600-B,tb-ema_trend-SOLUSDT-1735200000-X
BNB/USDT,ema_trend,2024-12-26 07:00,715.47,2024-12-26 08:59,704.57,stop,2.427,3.4485834900,-29.9028834900,-0.017221,2.00,tb-ema_trend-BNBUSDT-1735192800-B,tb-ema_trend-BNBUSDT-1735200000-X
BNB/USDT,ema_trend,2024-12-27 11:00,705.20,2024-12-27 15:59,689.87,stop,3.639,5.0794805300,-60.8653505300,-0.023718,5.00,tb-ema_trend-BNBUSDT-1735293600-B,tb-ema_trend-BNBUSDT-1735311600-X
BNB/USDT,ema_trend,2024-12-28 16:00,721.96,2024-12-29 01:59,714.70,trailing,3.533,5.0786076200,-30.7281876200,-0.012047,10.00,tb-ema_trend-BNBUSDT-1735398000-B,tb-ema_trend-BNBUSDT-1735434000-T
BNB/USDT,ema_trend,2024-12-29 04:00,715.91,2024-12-29 16:59,705.72,stop,2.884,4.1021286500,-33.4900886500,-0.016220,13.00,tb-ema_trend-BNBUSDT-1735441200-B,tb-ema_trend-BNBUSDT-1735488000-X
SOL/USDT,ema_trend,2024-12-28 19:00,193.80,2024-12-29 17:59,192.23,trailing,9.875,3.8139842500,-19.3177342500,-0.010094,23.00,tb-ema_trend-SOLUSDT-1735408800-B,tb-ema_trend-SOLUSDT-1735491600-T
BNB/USDT,ema_trend,2024-12-29 19:00,701.66,2024-12-29 22:00,693.54,signal,3.606,5.0338978400,-34.3146178400,-0.013562,3.00,tb-ema_trend-BNBUSDT-1735495200-B,tb-ema_trend-BNBUSDT-1735506000-S
ETH/USDT,ema_trend,2024-12-30 07:00,3432.96,2024-12-30 13:59,3380.47,stop,0.7345,5.0072107080,-43.5611157080,-0.017276,7.00,tb-ema_trend-ETHUSDT-1735538400-B,tb-ema_trend-ETHUSDT-1735563600-X
LTC/USDT,ema_trend,2024-12-31 14:00,104.34,2024-12-31 17:59,101.54,stop,24.067,4.9575224600,-72.3451224600,-0.028810,4.00,tb-ema_trend-LTCUSDT-1735650000-B,tb-ema_trend-LTCUSDT-1735664400-X
ETH/USDT,ema_trend,2024-12-31 14:00,3430.09,2024-12-31 17:59,3370.68,stop,0.5490,3.7356807840,-36.3517707840,-0.019304,4.00,tb-ema_trend-ETHUSDT-1735650000-B,tb-ema_trend-ETHUSDT-1735664400-X
BTC/USDT,ema_trend,2024-12-31 15:00,95727.01,2024-12-31 17:59,94179.03,stop,0.01474,2.8011295676,-25.6183547676,-0.018156,3.00,tb-ema_trend-BTCUSDT-1735653600-B,tb-ema_trend-BTCUSDT-1735664400-X
LTC/USDT,ema_trend,2024-12-31 20:00,102.90,2025-01-03 07:59,104.21,trailing,24.073,4.9883315300,26.5472984700,0.010717,60.00,tb-ema_trend-LTCUSDT-1735671600-B,tb-ema_trend-LTCUSDT-1735887600-T
ADA/USDT,ema_trend,2025-01-01 19:00,0.9222,2025-01-04 10:59,1.0592,trailing,1510.8,2.994974640000,203.984625360000,0.146408,64.00,tb-ema_trend-ADAUSDT-1735754400-B,tb-ema_trend-ADAUSDT-1735984800-T
XRP/USDT,ema_trend,2025-01-01 16:00,2.2295,2025-01-04 15:59,2.4163,trailing,833.3,3.873351690000,151.787088310000,0.081701,72.00,tb-ema_trend-XRPUSDT-1735743600-B,tb-ema_trend-XRPUSDT-1736002800-T
SOL/USDT,ema_trend,2025-01-03 08:00,208.06,2025-01-04 15:59,213.46,trailing,8.031,3.3870996600,39.9803003400,0.023927,32.00,tb-ema_trend-SOLUSDT-1735887600-B,tb-ema_trend-SOLUSDT-1736002800-T
ETH/USDT,ema_trend,2025-01-04 11:00,3589.88,2025-01-05 10:59,3601.58,trailing,0.4603,3.3120239740,2.0734860260,0.001255,24.00,tb-ema_trend-ETHUSDT-1735984800-B,tb-ema_trend-ETHUSDT-1736071200-T
BNB/USDT,ema_trend,2025-01-05 11:00,708.56,2025-01-05 12:00,707.69,signal,2.305,3.2665819300,-5.2719319300,-0.003228,1.00,tb-ema_trend-BNBUSDT-1736071200-B,tb-ema_trend-BNBUSDT-1736074800-S
LTC/USDT,ema_trend,2025-01-04 16:00,110.75,2025-01-06 09:59,112.70,trailing,14.691,3.2843652000,25.3630848000,0.015589,42.00,tb-ema_trend-LTCUSDT-1736002800-B,tb-ema_trend-LTCUSDT-1736154000-T
ADA/USDT,ema_trend,2025-01-04 16:00,1.0658,2025-01-06 13:59,1.0580,trailing,2035.4,4.325020700000,-20.201140700000,-0.009312,46.00,tb-ema_trend-ADAUSDT-1736002800-B,tb-ema_trend-ADAUSDT-1736168400-T
BNB/USDT,ema_trend,2025-01-06 10:00,716.92,2025-01-07 00:59,726.54,trailing,2.283,3.2975699400,18.6648900600,0.011404,15.00,tb-ema_trend-BNBUSDT-1736154000-B,tb-ema_trend-BNBUSDT-1736208000-T
ETH/USDT,ema_trend,2025-01-05 13:00,3615.94,2025-01-07 11:59,3644.19,trailing,0.4514,3.2790306560,9.4730193440,0.005804,47.00,tb-ema_trend-ETHUSDT-1736078400-B,tb-ema_trend-ETHUSDT-1736247600-T
BTC/USDT,ema_trend,2025-01-06 14:00,99542.25,2025-01-07 11:59,100748.18,trailing,0.01773,3.5531401675,17.8279987325,0.010102,22.00,tb-ema_trend-BTCUSDT-1736168400-B,tb-ema_trend-BTCUSDT-1736247600-T
SOL/USDT,ema_trend,2025-01-07 01:00,217.89,2025-01-07 11:59,213.95,stop,7.977,3.4465308000,-34.8759108000,-0.020065,11.00,tb-ema_trend-SOLUSDT-1736208000-B,tb-ema_trend-SOLUSDT-1736247600-X
BNB/USDT,ema_trend,2025-01-07 12:00,726.94,2025-01-07 14:59,718.03,stop,3.556,5.1412210800,-36.8251810800,-0.014246,3.00,tb-ema_trend-BNBUSDT-1736247600-B,tb-ema_trend-BNBUSDT-1736258400-X
ADA/USDT,ema_trend,2025-01-07 12:00,1.1347,2025-01-07 15:59,1.1025,stop,1708.9,3.825193540000,-58.851773540000,-0.030350,4.00,tb-ema_trend-ADAUSDT-1736247600-B,tb-ema_trend-ADAUSDT-1736262000-X
BTC/USDT,ema_trend,2025-01-07 14:00,100687.12,2025-01-07 15:59,99656.65,stop,0.01443,2.8929743440,-17.7626564440,-0.012226,2.00,tb-ema_trend-BTCUSDT-1736254800-B,tb-ema_trend-BTCUSDT-1736262000-X
ADA/USDT,ema_trend,2025-01-07 18:00,1.0297,2025-01-07 19:00,1.0083,signal,2246.6,4.580939110000,-52.658179110000,-0.022763,1.00,tb-ema_trend-ADAUSDT-1736269200-B,tb-ema_trend-ADAUSDT-1736272800-S
XRP/USDT,ema_trend,2025-01-11 14:00,2.3953,2025-01-12 09:59,2.4853,trailing,1061.9,5.185343970000,90.385656030000,0.035535,20.00,tb-ema_trend-XRPUSDT-1736600400-B,tb-ema_trend-XRPUSDT-1736672400-T
ADA/USDT,ema_trend,2025-01-11 21:00,0.9888,2025-01-12 09:59,0.9881,trailing,1929.2,3.815813080000,-5.166253080000,-0.002708,13.00,tb-ema_trend-ADAUSDT-1736625600-B,tb-ema_trend-ADAUSDT-1736672400-T
ADA/USDT,ema_trend,2025-01-12 12:00,0.9891,2025-01-13 02:59,0.9592,trailing,2593.2,5.054903220000,-82.591583220000,-0.032200,15.00,tb-ema_trend-ADAUSDT-1736679600-B,tb-ema_trend-ADAUSDT-1736733600-T
XRP/USDT,ema_trend,2025-01-12 12:00,2.4959,2025-01-13 06:59,2.4552,trailing,770.7,3.817809490000,-35.185299490000,-0.018291,19.00,tb-ema_trend-XRPUSDT-1736679600-B,tb-ema_trend-XRPUSDT-1736748000-T
XRP/USDT,ema_trend,2025-01-13 10:00,2.4455,2025-01-13 11:59,2.3678,stop,1036.7,4.992638160000,-85.544228160000,-0.033742,2.00,tb-ema_trend-XRPUSDT-1736758800-B,tb-ema_trend-XRPUSDT-1736766000-X
BNB/USDT,ema_trend,2025-01-14 10:00,697.16,2025-01-15 09:59,692.20,trailing,2.027,2.8183242000,-12.8722442000,-0.009109,24.00,tb-ema_trend-BNBUSDT-1736845200-B,tb-ema_trend-BNBUSDT-1736931600-T
XRP/USDT,ema_trend,2025-01-14 02:00,2.5386,2025-01-15 11:59,2.7106,trailing,990.3,5.200821360000,165.130778640000,0.065685,34.00,tb-ema_trend-XRPUSDT-1736816400-B,tb-ema_trend-XRPUSDT-1736938800-T
XRP/USDT,ema_trend,2025-01-15 14:00,2.8622,2025-01-16 00:59,2.9249,trailing,603.6,3.495097100000,34.350622900000,0.019883,11.00,tb-ema_trend-XRPUSDT-1736946000-B,tb-ema_trend-XRPUSDT-1736985600-T
BTC/USDT,ema_trend,2025-01-14 05:00,95166.74,2025-01-16 08:59,98590.30,trailing,0.01981,3.8402302942,63.9804933058,0.033937,52.00,tb-ema_trend-BTCUSDT-1736827200-B,tb-ema_trend-BTCUSDT-1737014400-T
ADA/USDT,ema_trend,2025-01-15 10:00,1.0147,2025-01-18 03:59,1.0967,trailing,1390.6,2.937533420000,111.091666580000,0.078730,66.00,tb-ema_trend-ADAUSDT-1736931600-B,tb-ema_trend-ADAUSDT-1737169200-T
LTC/USDT,ema_trend,2025-01-16 09:00,118.58,2025-01-18 03:59,132.09,trailing,15.091,3.7847582500,200.0946517500,0.111817,43.00,tb-ema_trend-LTCUSDT-1737014400-B,tb-ema_trend-LTCUSDT-1737169200-T
LINK/USDT,ema_trend,2025-01-16 01:00,21.641,2025-01-18 04:59,24.263,trailing,80.19,3.68298945000,206.57519055000,0.119037,52.00,tb-ema_trend-LINKUSDT-1736985600-B,tb-ema_trend-LINKUSDT-1737172800-T
ETH/USDT,ema_trend,2025-01-18 05:00,3367.38,2025-01-18 05:59,3289.00,stop,0.5149,3.4293904900,-43.7872524900,-0.025254,1.00,tb-ema_trend-ETHUSDT-1737172800-B,tb-ema_trend-ETHUSDT-1737176400-X
LTC/USDT,ema_trend,2025-01-18 06:00,124.55,2025-01-18 22:00,123.81,signal,13.835,3.4378043000,-13.6757043000,-0.007936,16.00,tb-ema_trend-LTCUSDT-1737176400-B,tb-ema_trend-LTCUSDT-1737234000-S
ADA/USDT,ema_trend,2025-01-19 03:00,1.1166,2025-01-19 05:00,1.0722,signal,1540.3,3.373195200000,-71.762515200000,-0.041725,2.00,tb-ema_trend-ADAUSDT-1737252000-B,tb-ema_trend-ADAUSDT-1737259200-S
BTC/USDT,ema_trend,2025-01-18 04:00,103611.60,2025-01-19 21:59,103820.65,trailing,0.02142,4.4463071400,0.0315438600,0.000014,42.00,tb-ema_trend-BTCUSDT-1737169200-B,tb-ema_trend-BTCUSDT-1737320400-T
SOL/USDT,ema_trend,2025-01-18 04:00,220.59,2025-01-19 21:59,258.16,trailing,7.548,3.6153697200,279.9629902800,0.168145,42.00,tb-ema_trend-SOLUSDT-1737169200-B,tb-ema_trend-SOLUSDT-1737320400-T
LINK/USDT,ema_trend,2025-01-19 16:00,25.423,2025-01-19 21:59,24.513,trailing,66.92,3.34349673000,-64.24069673000,-0.037760,6.00,tb-ema_trend-LINKUSDT-1737298800-B,tb-ema_trend-LINKUSDT-1737320400-T
BTC/USDT,ema_trend,2025-01-20 00:00,101382.24,2025-01-20 02:00,100642.47,signal,0.02011,4.0657583836,-18.9425330836,-0.009291,2.00,tb-ema_trend-BTCUSDT-1737327600-B,tb-ema_trend-BTCUSDT-1737334800-S
SOL/USDT,ema_trend,2025-01-20 00:00,252.53,2025-01-20 17:59,239.36,trailing,4.683,2.3047835200,-63.9798935200,-0.054101,18.00,tb-ema_trend-SOLUSDT-1737327600-B,tb-ema_trend-SOLUSDT-1737392400-T
BTC/USDT,ema_trend,2025-01-20 08:00,107174.22,2025-01-20 17:59,103547.48,stop,0.01898,4.0016413500,-72.8371665500,-0.035807,10.00,tb-ema_trend-BTCUSDT-1737356400-B,tb-ema_trend-BTCUSDT-1737392400-X
BTC/USDT,ema_trend,2025-01-20 20:00,103743.49,2025-01-21 01:00,101137.15,signal,0.01828,3.7472929670,-51.3911881670,-0.027099,5.00,tb-ema_trend-BTCUSDT-1737399600-B,tb-ema_trend-BTCUSDT-1737417600-S
XRP/USDT,ema_trend,2025-01-20 18:00,3.1368,2025-01-21 02:00,3.0920,signal,508.9,3.171718400000,-25.970438400000,-0.016269,8.00,tb-ema_trend-XRPUSDT-1737392400-B,tb-ema_trend-XRPUSDT-1737421200-S
LINK/USDT,ema_trend,2025-01-20 00:00,24.353,2025-01-21 04:59,23.846,trailing,64.23,3.09752648000,-35.66213648000,-0.022799,29.00,tb-ema_trend-LINKUSDT-1737327600-B,tb-ema_trend-LINKUSDT-1737432000-T
LINK/USDT,ema_trend,2025-01-21 07:00,24.133,2025-01-21 08:00,24.077,signal,66.53,3.20910061000,-6.93478061000,-0.004319,1.00,tb-ema_trend-LINKUSDT-1737439200-B,tb-ema_trend-LINKUSDT-1737442800-S
LINK/USDT,ema_trend,2025-01-21 11:00,25.803,2025-01-22 13:59,25.590,trailing,68.64,3.52942173000,-18.14974173000,-0.010248,27.00,tb-ema_trend-LINKUSDT-1737453600-B,tb-ema_trend-LINKUSDT-1737550800-T
BTC/USDT,ema_trend,2025-01-21 19:00,106914.62,2025-01-22 13:59,104383.59,trailing,0.02070,4.3770803826,-56.7694013826,-0.025651,19.00,tb-ema_trend-BTCUSDT-1737482400-B,tb-ema_trend-BTCUSDT-1737550800-T
ETH/USDT,ema_trend,2025-01-21 20:00,3333.83,2025-01-22 14:59,3268.43,trailing,0.4983,3.2915730740,-35.8803930740,-0.021598,19.00,tb-ema_trend-ETHUSDT-1737486000-B,tb-ema_trend-ETHUSDT-1737554400-T
BTC/USDT,ema_trend,2025-01-22 18:00,104397.98,2025-01-22 22:00,104034.90,signal,0.01986,4.1415649524,-11.3523337524,-0.005475,4.00,tb-ema_trend-BTCUSDT-1737565200-B,tb-ema_trend-BTCUSDT-1737579600-S
SOL/USDT,ema_trend,2025-01-22 14:00,260.47,2025-01-23 02:59,251.32,trailing,8.536,4.3709836700,-82.4753836700,-0.037095,13.00,tb-ema_trend-SOLUSDT-1737550800-B,tb-ema_trend-SOLUSDT-1737597600-T
SOL/USDT,ema_trend,2025-01-23 05:00,246.71,2025-01-23 10:00,246.95,signal,9.543,4.7134644800,-2.4231444800,-0.001029,5.00,tb-ema_trend-SOLUSDT-1737604800-B,tb-ema_trend-SOLUSDT-1737622800-S
ETH/USDT,ema_trend,2025-01-24 04:00,3303.92,2025-01-24 23:59,3304.75,trailing,0.7886,5.2142402980,-4.5597022980,-0.001750,20.00,tb-ema_trend-ETHUSDT-1737687600-B,tb-ema_trend-ETHUSDT-1737759600-T
LINK/USDT,ema_trend,2025-01-24 06:00,26.084,2025-01-25 00:59,25.094,trailing,74.94,3.83736604000,-78.02796604000,-0.039917,19.00,tb-ema_trend-LINKUSDT-1737694800-B,tb-ema_trend-LINKUSDT-1737763200-T
SOL/USDT,ema_trend,2025-01-25 01:00,248.38,2025-01-25 06:00,248.62,signal,7.171,3.5659740400,-1.8449340400,-0.001036,5.00,tb-ema_trend-SOLUSDT-1737763200-B,tb-ema_trend-SOLUSDT-1737781200-S
BTC/USDT,ema_trend,2025-01-24 07:00,105043.51,2025-01-25 08:59,104315.24,trailing,0.01394,2.9205618496,-13.0726456496,-0.008928,26.00,tb-ema_trend-BTCUSDT-1737698400-B,tb-ema_trend-BTCUSDT-1737792000-T
LTC/USDT,ema_trend,2025-01-25 00:00,118.77,2025-01-26 02:59,123.23,trailing,14.730,3.5664415500,62.1293584500,0.035513,27.00,tb-ema_trend-LTCUSDT-1737759600-B,tb-ema_trend-LTCUSDT-1737856800-T
ETH/USDT,ema_trend,2025-01-26 06:00,3344.00,2025-01-26 09:59,3302.54,stop,0.4621,3.0730381300,-22.2317041300,-0.014387,4.00,tb-ema_trend-ETHUSDT-1737867600-B,tb-ema_trend-ETHUSDT-1737882000-X
LTC/USDT,ema_trend,2025-01-26 05:00,124.05,2025-01-26 18:59,120.77,trailing,16.612,4.0690586900,-58.5564186900,-0.028416,14.00,tb-ema_trend-LTCUSDT-1737864000-B,tb-ema_trend-LTCUSDT-1737914400-T
SOL/USDT,ema_trend,2025-01-25 22:00,258.34,2025-01-26 21:59,251.91,stop,8.297,4.2358693100,-57.5855793100,-0.026866,24.00,tb-ema_trend-SOLUSDT-1737838800-B,tb-ema_trend-SOLUSDT-1737925200-X
BTC/USDT,ema_trend,2025-01-26 19:00,105227.70,2025-01-26 21:59,104563.00,stop,0.01938,4.0678483200,-16.9497343200,-0.008311,3.00,tb-ema_trend-BTCUSDT-1737914400-B,tb-ema_trend-BTCUSDT-1737925200-X
LINK/USDT,ema_trend,2025-01-26 21:00,26.184,2025-01-26 22:59,25.589,stop,58.45,3.02770289000,-37.80545289000,-0.024702,2.00,tb-ema_trend-LINKUSDT-1737921600-B,tb-ema_trend-LINKUSDT-1737928800-X
XRP/USDT,ema_trend,2025-01-28 07:00,3.1029,2025-01-28 21:59,3.0410,trailing,821.1,5.047548900000,-55.873638900000,-0.021930,15.00,tb-ema_trend-XRPUSDT-1738044000-B,tb-ema_trend-XRPUSDT-1738098000-T
XRP/USDT,ema_trend,2025-01-29 01:00,3.0777,2025-01-29 19:59,3.0086,trailing,823.3,5.013620720000,-61.903650720000,-0.024430,19.00,tb-ema_trend-XRPUSDT-1738108800-B,tb-ema_trend-XRPUSDT-1738177200-T
ADA/USDT,ema_trend,2025-01-30 04:00,0.9679,2025-01-31 02:59,0.9449,trailing,1951.5,3.734765000000,-48.619265000000,-0.025740,23.00,tb-ema_trend-ADAUSDT-1738206000-B,tb-ema_trend-ADAUSDT-1738288800-T
BTC/USDT,ema_trend,2025-01-30 01:00,104078.07,2025-01-31 03:59,103882.84,trailing,0.02419,5.0336967554,-9.7563104554,-0.003875,27.00,tb-ema_trend-BTCUSDT-1738195200-B,tb-ema_trend-BTCUSDT-1738292400-T
ETH/USDT,ema_trend,2025-01-31 04:00,3232.27,2025-01-31 18:59,3318.67,trailing,0.5472,3.5866137260,43.6914662740,0.024703,15.00,tb-ema_trend-ETHUSDT-1738292400-B,tb-ema_trend-ETHUSDT-1738346400-T
LTC/USDT,ema_trend,2025-01-31 03:00,127.02,2025-01-31 19:59,126.47,trailing,11.989,3.0407428700,-9.6346928700,-0.006327,17.00,tb-ema_trend-LTCUSDT-1738288800-B,tb-ema_trend-LTCUSDT-1738350000-T
LINK/USDT,ema_trend,2025-01-30 04:00,24.293,2025-01-31 20:59,24.655,trailing,58.29,2.85463650000,18.24634350000,0.012885,41.00,tb-ema_trend-LINKUSDT-1738206000-B,tb-ema_trend-LINKUSDT-1738353600-T
ETH/USDT,ema_trend,2025-02-01 01:00,3318.66,2025-02-01 09:59,3238.55,stop,0.7525,4.9369554580,-65.2197304580,-0.026116,9.00,tb-ema_trend-ETHUSDT-1738368000-B,tb-ema_trend-ETHUSDT-1738400400-X
LINK/USDT,ema_trend,2025-02-01 01:00,25.403,2025-02-01 13:59,24.542,trailing,73.73,3.68447709000,-67.16600709000,-0.035861,13.00,tb-ema_trend-LINKUSDT-1738368000-B,tb-ema_trend-LINKUSDT-1738414800-T
LTC/USDT,ema_trend,2025-02-01 11:00,123.57,2025-02-01 14:00,122.11,signal,16.289,4.0039822100,-27.7859222100,-0.013804,3.00,tb-ema_trend-LTCUSDT-1738404000-B,tb-ema_trend-LTCUSDT-1738414800-S
ETH/USDT,ema_trend,2025-02-01 12:00,3253.80,2025-02-01 19:59,3187.13,stop,0.4639,2.9895743300,-33.9177873300,-0.022470,8.00,tb-ema_trend-ETHUSDT-1738407600-B,tb-ema_trend-ETHUSDT-1738436400-X
BTC/USDT,ema_trend,2025-02-04 00:00,101379.18,2025-02-04 05:59,98666.25,stop,0.02415,4.8341385124,-70.3513980124,-0.028735,6.00,tb-ema_trend-BTCUSDT-1738623600-B,tb-ema_trend-BTCUSDT-1738645200-X
SOL/USDT,ema_trend,2025-02-09 04:00,207.06,2025-02-09 09:59,202.14,stop,8.806,3.6052787400,-46.9307987400,-0.025738,6.00,tb-ema_trend-SOLUSDT-1739070000-B,tb-ema_trend-SOLUSDT-1739091600-X
BNB/USDT,ema_trend,2025-02-08 17:00,612.17,2025-02-09 12:59,623.44,trailing,3.971,4.9090559900,39.8441140100,0.016391,20.00,tb-ema_trend-BNBUSDT-1739030400-B,tb-ema_trend-BNBUSDT-1739102400-T
BNB/USDT,ema_trend,2025-02-09 15:00,622.62,2025-02-09 21:59,605.17,stop,3.901,4.7920992700,-72.8645492700,-0.030000,7.00,tb-ema_trend-BNBUSDT-1739109600-B,tb-ema_trend-BNBUSDT-1739134800-X
LTC/USDT,ema_trend,2025-02-09 16:00,108.08,2025-02-09 21:59,105.35,stop,16.860,3.6002671600,-49.6280671600,-0.027235,6.00,tb-ema_trend-LTCUSDT-1739113200-B,tb-ema_trend-LTCUSDT-1739134800-X
BNB/USDT,ema_trend,2025-02-10 00:00,616.12,2025-02-10 02:59,599.29,stop,3.893,4.7340556100,-70.2532456100,-0.029290,3.00,tb-ema_trend-BNBUSDT-1739142000-B,tb-ema_trend-BNBUSDT-1739152800-X
LTC/USDT,ema_trend,2025-02-10 00:00,107.26,2025-02-11 18:59,122.04,trailing,16.774,3.8481016200,244.0716183800,0.135657,43.00,tb-ema_trend-LTCUSDT-1739142000-B,tb-ema_trend-LTCUSDT-1739296800-T
ADA/USDT,ema_trend,2025-02-11 02:00,0.7464,2025-02-11 18:59,0.7548,trailing,1940.7,2.914871640000,13.387008360000,0.009242,17.00,tb-ema_trend-ADAUSDT-1739235600-B,tb-ema_trend-ADAUSDT-1739296800-T
LTC/USDT,ema_trend,2025-02-11 21:00,120.12,2025-02-12 12:00,116.84,signal,12.253,2.9050324400,-43.0948724400,-0.029280,15.00,tb-ema_trend-LTCUSDT-1739304000-B,tb-ema_trend-LTCUSDT-1739358000-S
LTC/USDT,ema_trend,2025-02-12 20:00,123.87,2025-02-13 13:59,119.65,trailing,11.798,2.8745354000,-52.6620954000,-0.036035,18.00,tb-ema_trend-LTCUSDT-1739386800-B,tb-ema_trend-LTCUSDT-1739451600-T
BNB/USDT,ema_trend,2025-02-10 06:00,608.55,2025-02-13 14:59,684.57,trailing,3.173,4.1055039600,237.1059560400,0.122794,81.00,tb-ema_trend-BNBUSDT-1739163600-B,tb-ema_trend-BNBUSDT-1739455200-T
BNB/USDT,ema_trend,2025-02-13 17:00,670.18,2025-02-14 15:00,667.00,signal,2.969,3.9720979600,-13.4135179600,-0.006741,22.00,tb-ema_trend-BNBUSDT-1739462400-B,tb-ema_trend-BNBUSDT-1739541600-S
ADA/USDT,ema_trend,2025-02-11 21:00,0.7774,2025-02-15 11:59,0.7898,trailing,2524.2,3.957947480000,27.342132520000,0.013934,87.00,tb-ema_trend-ADAUSDT-1739304000-B,tb-ema_trend-ADAUSDT-1739617200-T
LINK/USDT,ema_trend,2025-02-15 13:00,19.210,2025-02-15 22:00,18.930,signal,88.93,3.39351910000,-28.29391910000,-0.016562,9.00,tb-ema_trend-LINKUSDT-1739620800-B,tb-ema_trend-LINKUSDT-1739653200-S
LTC/USDT,ema_trend,2025-02-13 21:00,126.08,2025-02-16 13:59,130.27,trailing,11.838,3.0361842600,46.5650357400,0.031199,65.00,tb-ema_trend-LTCUSDT-1739476800-B,tb-ema_trend-LTCUSDT-1739710800-T
XRP/USDT,ema_trend,2025-02-14 16:00,2.7265,2025-02-16 13:59,2.7365,trailing,591.8,3.234639300000,2.683360700000,0.001663,46.00,tb-ema_trend-XRPUSDT-1739545200-B,tb-ema_trend-XRPUSDT-1739710800-T
LTC/USDT,ema_trend,2025-02-16 16:00,127.12,2025-02-16 20:00,126.51,signal,19.581,4.9688714300,-16.9132814300,-0.006795,4.00,tb-ema_trend-LTCUSDT-1739718000-B,tb-ema_trend-LTCUSDT-1739732400-S
BNB/USDT,ema_trend,2025-02-16 16:00,681.66,2025-02-17 04:59,668.02,stop,2.738,3.6974688200,-41.0437888200,-0.021991,13.00,tb-ema_trend-BNBUSDT-1739718000-B,tb-ema_trend-BNBUSDT-1739764800-X
XRP/USDT,ema_trend,2025-02-16 19:00,2.7190,2025-02-17 05:59,2.6715,trailing,514.9,2.777199850000,-27.234949850000,-0.019453,11.00,tb-ema_trend-XRPUSDT-1739728800-B,tb-ema_trend-XRPUSDT-1739768400-T
ETH/USDT,ema_trend,2025-02-17 11:00,2751.30,2025-02-17 15:59,2748.69,trailing,0.8970,4.9359672000,-7.2771372000,-0.002949,5.00,tb-ema_trend-ETHUSDT-1739786400-B,tb-ema_trend-ETHUSDT-1739804400-T
ETH/USDT,ema_trend,2025-02-17 18:00,2733.97,2025-02-18 05:59,2683.11,trailing,0.9019,4.8883984230,-50.7590324230,-0.020585,12.00,tb-ema_trend-ETHUSDT-1739811600-B,tb-ema_trend-ETHUSDT-1739854800-T
LTC/USDT,ema_trend,2025-02-19 03:00,133.38,2025-02-20 02:59,130.71,trailing,18.393,4.8599415900,-53.9692515900,-0.021999,24.00,tb-ema_trend-LTCUSDT-1739930400-B,tb-ema_trend-LTCUSDT-1740016800-T
LTC/USDT,ema_trend,2025-02-20 05:00,132.02,2025-02-20 14:59,127.31,stop,14.996,3.8910250000,-74.5221850000,-0.037642,10.00,tb-ema_trend-LTCUSDT-1740024000-B,tb-ema_trend-LTCUSDT-1740060000-X
XRP/USDT,ema_trend,2025-02-19 21:00,2.6673,2025-02-21 01:59,2.6516,trailing,689.8,3.670844330000,-14.500704330000,-0.007881,29.00,tb-ema_trend-XRPUSDT-1739995200-B,tb-ema_trend-XRPUSDT-1740099600-T
BTC/USDT,ema_trend,2025-02-20 17:00,97599.51,2025-02-21 15:59,98070.88,trailing,0.02008,3.9319894161,5.5331201839,0.002823,23.00,tb-ema_trend-BTCUSDT-1740067200-B,tb-ema_trend-BTCUSDT-1740150000-T
ADA/USDT,ema_trend,2025-02-20 18:00,0.8010,2025-02-21 15:59,0.7899,trailing,1836.7,2.923527930000,-23.310897930000,-0.015845,22.00,tb-ema_trend-ADAUSDT-1740070800-B,tb-ema_trend-ADAUSDT-1740150000-T
ETH/USDT,ema_trend,2025-02-21 02:00,2742.60,2025-02-21 15:59,2763.93,trailing,0.5686,3.1326585200,8.9955794800,0.005768,14.00,tb-ema_trend-ETHUSDT-1740099600-B,tb-ema_trend-ETHUSDT-1740150000-T
BNB/USDT,ema_trend,2025-02-21 16:00,658.26,2025-02-21 17:59,648.09,stop,2.890,3.7773262800,-33.1686262800,-0.017435,2.00,tb-ema_trend-BNBUSDT-1740150000-B,tb-ema_trend-BNBUSDT-1740157200-X
LTC/USDT,ema_trend,2025-02-21 16:00,132.91,2025-02-21 19:59,126.58,stop,15.421,4.0037218500,-101.6186518500,-0.049580,4.00,tb-ema_trend-LTCUSDT-1740150000-B,tb-ema_trend-LTCUSDT-1740164400-X
BNB/USDT,ema_trend,2025-02-22 10:00,657.96,2025-02-23 09:59,662.17,trailing,3.619,4.7801823100,10.4558076900,0.004391,24.00,tb-ema_trend-BNBUSDT-1740214800-B,tb-ema_trend-BNBUSDT-1740301200-T
BNB/USDT,ema_trend,2025-02-23 12:00,659.65,2025-02-23 15:59,651.05,stop,2.937,3.8515048500,-29.1097048500,-0.015025,4.00,tb-ema_trend-BNBUSDT-1740308400-B,tb-ema_trend-BNBUSDT-1740322800-X
ETH/USDT,ema_trend,2025-02-22 17:00,2775.90,2025-02-24 03:59,2756.13,trailing,0.6433,3.5606980300,-16.2787390300,-0.009116,35.00,tb-ema_trend-ETHUSDT-1740240000-B,tb-ema_trend-ETHUSDT-1740366000-T
LTC/USDT,ema_trend,2025-02-26 11:00,126.46,2025-02-27 15:59,123.36,trailing,16.465,4.1154361200,-55.1569361200,-0.026490,29.00,tb-ema_trend-LTCUSDT-1740564000-B,tb-ema_trend-LTCUSDT-1740668400-T
LTC/USDT,ema_trend,2025-02-27 18:00,126.60,2025-02-28 01:59,120.49,stop,15.608,3.8586063200,-99.2234863200,-0.050215,8.00,tb-ema_trend-LTCUSDT-1740675600-B,tb-ema_trend-LTCUSDT-1740704400-X
LTC/USDT,ema_trend,2025-02-28 21:00,127.35,2025-03-01 13:59,123.15,trailing,15.054,3.7730646000,-66.9998646000,-0.034948,17.00,tb-ema_trend-LTCUSDT-1740772800-B,tb-ema_trend-LTCUSDT-1740834000-T
BNB/USDT,ema_trend,2025-03-02 17:00,627.02,2025-03-02 21:59,615.38,stop,2.299,2.8581586600,-29.6185186600,-0.020547,5.00,tb-ema_trend-BNBUSDT-1740931200-B,tb-ema_trend-BNBUSDT-1740949200-X
XRP/USDT,ema_trend,2025-03-02 16:00,2.5998,2025-03-03 06:59,2.7047,trailing,754.4,4.003794640000,75.132765360000,0.038308,15.00,tb-ema_trend-XRPUSDT-1740927600-B,tb-ema_trend-XRPUSDT-1740981600-T
ADA/USDT,ema_trend,2025-03-02 16:00,0.8667,2025-03-03 06:59,0.9927,trailing,1775.4,3.302738820000,220.397661180000,0.143233,15.00,tb-ema_trend-ADAUSDT-1740927600-B,tb-ema_trend-ADAUSDT-1740981600-T
BTC/USDT,ema_trend,2025-03-02 22:00,94345.16,2025-03-03 06:59,91823.46,stop,0.01520,2.8316499252,-41.1614899252,-0.028703,9.00,tb-ema_trend-BTCUSDT-1740949200-B,tb-ema_trend-BTCUSDT-1740981600-X
ADA/USDT,ema_trend,2025-03-04 01:00,0.8259,2025-03-04 08:00,0.8079,signal,1012.2,1.654640850000,-19.874240850000,-0.023774,7.00,tb-ema_trend-ADAUSDT-1741046400-B,tb-ema_trend-ADAUSDT-1741071600-S
ADA/USDT,ema_trend,2025-03-04 19:00,0.9405,2025-03-06 12:59,0.9296,trailing,1033.6,1.933969910000,-13.200209910000,-0.013579,42.00,tb-ema_trend-ADAUSDT-1741111200-B,tb-ema_trend-ADAUSDT-1741262400-T
BTC/USDT,ema_trend,2025-03-06 13:00,90147.08,2025-03-06 17:59,88140.39,stop,0.01630,2.9078887056,-35.6169357056,-0.024239,5.00,tb-ema_trend-BTCUSDT-1741262400-B,tb-ema_trend-BTCUSDT-1741280400-X
LINK/USDT,ema_trend,2025-03-05 09:00,15.888,2025-03-07 00:59,16.488,trailing,121.86,3.94740480000,69.16859520000,0.035726,40.00,tb-ema_trend-LINKUSDT-1741161600-B,tb-ema_trend-LINKUSDT-1741305600-T
XRP/USDT,ema_trend,2025-03-05 09:00,2.4851,2025-03-07 00:59,2.4950,trailing,660.3,3.290099600000,3.246870400000,0.001979,40.00,tb-ema_trend-XRPUSDT-1741161600-B,tb-ema_trend-XRPUSDT-1741305600-T
BTC/USDT,ema_trend,2025-03-06 21:00,89091.78,2025-03-07 00:59,86981.98,trailing,0.01640,2.8893914976,-37.4901114976,-0.025659,4.00,tb-ema_trend-BTCUSDT-1741291200-B,tb-ema_trend-BTCUSDT-1741305600-T
XRP/USDT,ema_trend,2025-03-07 03:00,2.4858,2025-03-07 16:59,2.3935,trailing,725.1,3.539969070000,-70.466699070000,-0.039095,14.00,tb-ema_trend-XRPUSDT-1741312800-B,tb-ema_trend-XRPUSDT-1741363200-T
LINK/USDT,ema_trend,2025-03-07 03:00,16.389,2025-03-07 22:59,15.958,trailing,106.13,3.43478990000,-49.17681990000,-0.028273,20.00,tb-ema_trend-LINKUSDT-1741312800-B,tb-ema_trend-LINKUSDT-1741384800-T
BNB/USDT,ema_trend,2025-03-07 06:00,601.83,2025-03-08 12:00,593.83,signal,2.456,2.9383464500,-22.5863464500,-0.015281,30.00,tb-ema_trend-BNBUSDT-1741323600-B,tb-ema_trend-BNBUSDT-1741431600-S
LINK/USDT,ema_trend,2025-03-14 12:00,14.108,2025-03-14 20:59,13.726,trailing,92.85,2.58579770000,-38.05449770000,-0.029051,9.00,tb-ema_trend-LINKUSDT-1741950000-B,tb-ema_trend-LINKUSDT-1741982400-T
XRP/USDT,ema_trend,2025-03-13 10:00,2.2817,2025-03-15 23:59,2.3920,trailing,765.5,3.579542710000,80.855107290000,0.046292,62.00,tb-ema_trend-XRPUSDT-1741856400-B,tb-ema_trend-XRPUSDT-1742079600-T
BNB/USDT,ema_trend,2025-03-13 02:00,575.21,2025-03-16 03:59,607.23,trailing,4.047,4.7882107300,124.7967292700,0.053610,74.00,tb-ema_trend-BNBUSDT-1741827600-B,tb-ema_trend-BNBUSDT-1742094000-T
BNB/USDT,ema_trend,2025-03-16 06:00,609.27,2025-03-16 10:59,600.43,stop,2.769,3.3514871100,-27.8294471100,-0.016496,5.00,tb-ema_trend-BNBUSDT-1742101200-B,tb-ema_trend-BNBUSDT-1742119200-X
SOL/USDT,ema_trend,2025-03-14 21:00,134.33,2025-03-16 11:59,132.30,trailing,9.681,2.5825883300,-22.2350183300,-0.017098,39.00,tb-ema_trend-SOLUSDT-1741982400-B,tb-ema_trend-SOLUSDT-1742122800-T
XRP/USDT,ema_trend,2025-03-16 02:00,2.3802,2025-03-16 11:59,2.3294,stop,601.5,2.834490540000,-33.390690540000,-0.023323,10.00,tb-ema_trend-XRPUSDT-1742086800-B,tb-ema_trend-XRPUSDT-1742122800-X
BNB/USDT,ema_trend,2025-03-16 13:00,600.45,2025-03-18 01:59,620.35,trailing,3.912,4.7781714000,73.0706286000,0.031108,37.00,tb-ema_trend-BNBUSDT-1742126400-B,tb-ema_trend-BNBUSDT-1742259600-T
BNB/USDT,ema_trend,2025-03-18 04:00,628.62,2025-03-19 00:59,622.83,trailing,3.766,4.7154751800,-26.5206151800,-0.011203,21.00,tb-ema_trend-BNBUSDT-1742266800-B,tb-ema_trend-BNBUSDT-1742342400-T
BNB/USDT,ema_trend,2025-03-19 07:00,616.91,2025-03-19 08:00,615.29,signal,2.870,3.5382647300,-8.1876647300,-0.004624,1.00,tb-ema_trend-BNBUSDT-1742364000-B,tb-ema_trend-BNBUSDT-1742367600-S
ETH/USDT,ema_trend,2025-03-19 01:00,1946.34,2025-03-20 10:59,1996.19,trailing,1.2130,4.7848191320,55.6832308680,0.023585,34.00,tb-ema_trend-ETHUSDT-1742342400-B,tb-ema_trend-ETHUSDT-1742464800-T
BTC/USDT,ema_trend,2025-03-19 12:00,83923.35,2025-03-20 10:59,84980.09,trailing,0.02106,3.5596241515,18.6953202485,0.010578,23.00,tb-ema_trend-BTCUSDT-1742382000-B,tb-ema_trend-BTCUSDT-1742464800-T
LINK/USDT,ema_trend,2025-03-19 12:00,14.478,2025-03-20 10:59,14.417,trailing,91.69,2.65083035000,-8.24392035000,-0.006210,23.00,tb-ema_trend-LINKUSDT-1742382000-B,tb-ema_trend-LINKUSDT-1742464800-T
BNB/USDT,ema_trend,2025-03-20 11:00,633.66,2025-03-20 15:59,621.06,stop,2.107,2.6455960200,-29.1937960200,-0.021866,5.00,tb-ema_trend-BNBUSDT-1742464800-B,tb-ema_trend-BNBUSDT-1742482800-X
SOL/USDT,ema_trend,2025-03-20 11:00,130.51,2025-03-20 16:59,127.13,stop,18.199,4.6912700500,-66.2038900500,-0.027874,6.00,tb-ema_trend-SOLUSDT-1742464800-B,tb-ema_trend-SOLUSDT-1742486400-X
XRP/USDT,ema_trend,2025-03-20 11:00,2.4805,2025-03-20 16:59,2.3966,stop,718.1,3.504229910000,-63.752819910000,-0.035791,6.00,tb-ema_trend-XRPUSDT-1742464800-B,tb-ema_trend-XRPUSDT-1742486400-X
LINK/USDT,ema_trend,2025-03-21 01:00,14.268,2025-03-21 05:00,14.222,signal,105.38,3.00384568000,-7.85132568000,-0.005222,4.00,tb-ema_trend-LINKUSDT-1742515200-B,tb-ema_trend-LINKUSDT-1742529600-S
BTC/USDT,ema_trend,2025-03-20 16:00,84733.62,2025-03-21 10:00,84095.92,signal,0.01567,2.6472535678,-12.6400125678,-0.009520,18.00,tb-ema_trend-BTCUSDT-1742482800-B,tb-ema_trend-BTCUSDT-1742547600-S
XRP/USDT,ema_trend,2025-03-21 10:00,2.4064,2025-03-21 13:00,2.3676,signal,623.5,2.978273480000,-27.170073480000,-0.018109,3.00,tb-ema_trend-XRPUSDT-1742547600-B,tb-ema_trend-XRPUSDT-1742558400-S
BNB/USDT,ema_trend,2025-03-21 01:00,628.46,2025-03-22 11:59,626.15,trailing,3.186,3.9997013000,-11.3593613000,-0.005673,35.00,tb-ema_trend-BNBUSDT-1742515200-B,tb-ema_trend-BNBUSDT-1742641200-T
BNB/USDT,ema_trend,2025-03-22 14:00,628.18,2025-03-22 17:00,625.82,signal,2.968,3.7237565400,-10.7282365400,-0.005754,3.00,tb-ema_trend-BNBUSDT-1742648400-B,tb-ema_trend-BNBUSDT-1742659200-S
SOL/USDT,ema_trend,2025-03-22 10:00,130.78,2025-03-22 23:59,128.23,stop,13.936,3.6113942800,-39.1481942800,-0.021480,14.00,tb-ema_trend-SOLUSDT-1742634000-B,tb-ema_trend-SOLUSDT-1742684400-X
ETH/USDT,ema_trend,2025-03-23 09:00,2010.74,2025-03-23 17:59,1988.27,stop,0.6872,2.7495271860,-18.1909111860,-0.013165,9.00,tb-ema_trend-ETHUSDT-1742716800-B,tb-ema_trend-ETHUSDT-1742749200-X
SOL/USDT,ema_trend,2025-03-23 08:00,131.22,2025-03-23 18:59,130.64,trailing,14.042,3.6790064200,-11.8233664200,-0.006417,11.00,tb-ema_trend-SOLUSDT-1742713200-B,tb-ema_trend-SOLUSDT-1742752800-T
SOL/USDT,ema_trend,2025-03-23 21:00,130.71,2025-03-24 23:59,139.70,trailing,11.404,3.0853241600,99.4366358400,0.066708,27.00,tb-ema_trend-SOLUSDT-1742760000-B,tb-ema_trend-SOLUSDT-1742857200-T
BTC/USDT,ema_trend,2025-03-23 18:00,85060.18,2025-03-25 01:59,86865.95,trailing,0.01619,2.7851852478,26.4502310522,0.019207,32.00,tb-ema_trend-BTCUSDT-1742749200-B,tb-ema_trend-BTCUSDT-1742864400-T
ETH/USDT,ema_trend,2025-03-25 00:00,2082.25,2025-03-25 03:59,2049.32,stop,0.7277,3.0082092850,-26.9713702850,-0.017800,4.00,tb-ema_trend-ETHUSDT-1742857200-B,tb-ema_trend-ETHUSDT-1742871600-X
SOL/USDT,ema_trend,2025-03-25 02:00,140.28,2025-03-26 13:59,141.83,trailing,10.605,2.9933196300,13.4444303700,0.009037,36.00,tb-ema_trend-SOLUSDT-1742864400-B,tb-ema_trend-SOLUSDT-1742994000-T
BTC/USDT,ema_trend,2025-03-25 04:00,86564.16,2025-03-26 13:59,86831.76,trailing,0.01718,2.9806731920,1.6166948080,0.001087,34.00,tb-ema_trend-BTCUSDT-1742871600-B,tb-ema_trend-BTCUSDT-1742994000-T
LINK/USDT,ema_trend,2025-03-22 19:00,14.408,2025-03-26 14:59,15.407,trailing,129.14,3.85218214000,125.15867786000,0.067266,92.00,tb-ema_trend-LINKUSDT-1742666400-B,tb-ema_trend-LINKUSDT-1742997600-T
ADA/USDT,ema_trend,2025-03-26 14:00,0.7480,2025-03-26 17:59,0.7278,stop,2490.9,3.677940220000,-53.994120220000,-0.028979,4.00,tb-ema_trend-ADAUSDT-1742994000-B,tb-ema_trend-ADAUSDT-1743008400-X
LTC/USDT,ema_trend,2025-03-26 14:00,93.99,2025-03-26 18:59,91.93,stop,14.866,2.7652965700,-33.3892565700,-0.023896,5.00,tb-ema_trend-LTCUSDT-1742994000-B,tb-ema_trend-LTCUSDT-1743012000-X
SOL/USDT,ema_trend,2025-03-26 16:00,139.40,2025-03-26 21:00,137.90,signal,11.079,3.0738795000,-19.6923795000,-0.012751,5.00,tb-ema_trend-SOLUSDT-1743001200-B,tb-ema_trend-SOLUSDT-1743019200-S
BTC/USDT,ema_trend,2025-03-26 19:00,86241.62,2025-03-26 23:00,86786.06,signal,0.01795,3.1075716914,6.6651263086,0.004306,4.00,tb-ema_trend-BTCUSDT-1743012000-B,tb-ema_trend-BTCUSDT-1743026400-S
BNB/USDT,ema_trend,2025-03-27 10:00,636.83,2025-03-27 12:59,628.76,stop,2.274,2.8798621500,-21.2310421500,-0.014661,3.00,tb-ema_trend-BNBUSDT-1743066000-B,tb-ema_trend-BNBUSDT-1743076800-X
BTC/USDT,ema_trend,2025-03-27 02:00,87422.57,2025-03-27 13:59,86393.21,trailing,0.02208,3.8404751027,-26.5687439027,-0.013764,12.00,tb-ema_trend-BTCUSDT-1743037200-B,tb-ema_trend-BTCUSDT-1743080400-T
LINK/USDT,ema_trend,2025-03-26 18:00,15.208,2025-03-28 04:59,15.191,trailing,105.99,3.22366289000,-5.02549289000,-0.003118,35.00,tb-ema_trend-LINKUSDT-1743008400-B,tb-ema_trend-LINKUSDT-1743134400-T
BNB/USDT,ema_trend,2025-03-27 15:00,637.62,2025-03-28 04:59,629.17,trailing,3.009,3.8143215900,-29.2403715900,-0.015240,14.00,tb-ema_trend-BNBUSDT-1743084000-B,tb-ema_trend-BNBUSDT-1743134400-T
BNB/USDT,ema_trend,2025-03-28 07:00,631.83,2025-03-28 14:00,626.33,signal,3.661,4.6086510800,-24.7441510800,-0.010697,7.00,tb-ema_trend-BNBUSDT-1743141600-B,tb-ema_trend-BNBUSDT-1743166800-S
BNB/USDT,ema_trend,2025-04-01 10:00,616.92,2025-04-01 11:59,608.60,stop,2.805,3.4394343600,-26.7770343600,-0.015474,2.00,tb-ema_trend-BNBUSDT-1743498000-B,tb-ema_trend-BNBUSDT-1743505200-X
BTC/USDT,ema_trend,2025-04-01 10:00,84404.20,2025-04-01 14:59,83312.39,stop,0.02733,4.5862265320,-34.4253938320,-0.014924,5.00,tb-ema_trend-BTCUSDT-1743498000-B,tb-ema_trend-BTCUSDT-1743516000-X
LINK/USDT,ema_trend,2025-04-01 16:00,14.318,2025-04-02 00:59,13.913,stop,120.15,3.39381599000,-52.05456599000,-0.030259,9.00,tb-ema_trend-LINKUSDT-1743519600-B,tb-ema_trend-LINKUSDT-1743552000-X
BNB/USDT,ema_trend,2025-04-01 15:00,615.63,2025-04-02 01:59,606.32,stop,3.722,4.5505604200,-39.2023804200,-0.017109,11.00,tb-ema_trend-BNBUSDT-1743516000-B,tb-ema_trend-BNBUSDT-1743555600-X
ETH/USDT,ema_trend,2025-04-01 16:00,1919.55,2025-04-02 02:59,1875.35,stop,0.6717,2.5503780200,-32.2395180200,-0.025004,11.00,tb-ema_trend-ETHUSDT-1743519600-B,tb-ema_trend-ETHUSDT-1743559200-X
BTC/USDT,ema_trend,2025-04-02 17:00,87108.73,2025-04-02 20:59,85706.08,stop,0.02595,4.4871575854,-40.8859250854,-0.018087,4.00,tb-ema_trend-BTCUSDT-1743609600-B,tb-ema_trend-BTCUSDT-1743624000-X
SOL/USDT,ema_trend,2025-04-02 20:00,131.49,2025-04-02 20:59,128.16,stop,12.897,3.3504154200,-46.2974254200,-0.027301,1.00,tb-ema_trend-SOLUSDT-1743620400-B,tb-ema_trend-SOLUSDT-1743624000-X
XRP/USDT,ema_trend,2025-04-05 10:00,2.1455,2025-04-06 07:59,2.1056,trailing,1043.7,4.439233120000,-46.082863120000,-0.020580,22.00,tb-ema_trend-XRPUSDT-1743843600-B,tb-ema_trend-XRPUSDT-1743922800-T
BTC/USDT,ema_trend,2025-04-09 20:00,82373.25,2025-04-10 13:59,80883.82,trailing,0.02163,3.5337216250,-35.7500925250,-0.020065,18.00,tb-ema_trend-BTCUSDT-1744225200-B,tb-ema_trend-BTCUSDT-1744290000-T
LINK/USDT,ema_trend,2025-04-09 19:00,12.467,2025-04-10 15:59,12.141,trailing,142.78,3.51540029000,-50.06168029000,-0.028124,21.00,tb-ema_trend-LINKUSDT-1744221600-B,tb-ema_trend-LINKUSDT-1744297200-T
XRP/USDT,ema_trend,2025-04-09 20:00,2.0401,2025-04-10 15:59,1.9636,trailing,655.4,2.625453050000,-52.763553050000,-0.039462,20.00,tb-ema_trend-XRPUSDT-1744225200-B,tb-ema_trend-XRPUSDT-1744297200-T
ADA/USDT,ema_trend,2025-04-11 07:00,0.6299,2025-04-13 08:59,0.6408,trailing,3482.4,4.427290330000,33.530869670000,0.015286,50.00,tb-ema_trend-ADAUSDT-1744351200-B,tb-ema_trend-ADAUSDT-1744531200-T
LINK/USDT,ema_trend,2025-04-11 09:00,12.417,2025-04-13 11:59,12.827,trailing,99.34,2.50898066000,38.22041934000,0.030985,51.00,tb-ema_trend-LINKUSDT-1744358400-B,tb-ema_trend-LINKUSDT-1744542000-T
SOL/USDT,ema_trend,2025-04-11 09:00,117.63,2025-04-13 13:59,127.48,trailing,13.980,3.4282846200,134.2747153800,0.081652,53.00,tb-ema_trend-SOLUSDT-1744358400-B,tb-ema_trend-SOLUSDT-1744549200-T
XRP/USDT,ema_trend,2025-04-13 09:00,2.1773,2025-04-13 13:59,2.1468,trailing,680.5,2.944074160000,-23.699324160000,-0.015995,5.00,tb-ema_trend-XRPUSDT-1744531200-B,tb-ema_trend-XRPUSDT-1744549200-T
ADA/USDT,ema_trend,2025-04-13 12:00,0.6521,2025-04-13 19:59,0.6337,stop,2192.1,2.820036800000,-43.154676800000,-0.030189,8.00,tb-ema_trend-ADAUSDT-1744542000-B,tb-ema_trend-ADAUSDT-1744570800-X
BNB/USDT,ema_trend,2025-04-13 14:00,584.50,2025-04-13 21:00,581.99,signal,2.413,2.8164938700,-8.8731238700,-0.006291,7.00,tb-ema_trend-BNBUSDT-1744549200-B,tb-ema_trend-BNBUSDT-1744574400-S
BTC/USDT,ema_trend,2025-04-13 14:00,83640.92,2025-04-15 17:59,84397.33,trailing,0.02248,3.7800090892,13.2240877108,0.007033,52.00,tb-ema_trend-BTCUSDT-1744549200-B,tb-ema_trend-BTCUSDT-1744736400-T
SOL/USDT,ema_trend,2025-04-13 22:00,127.47,2025-04-15 17:59,128.56,trailing,11.014,2.8214440600,9.1838159400,0.006541,44.00,tb-ema_trend-SOLUSDT-1744578000-B,tb-ema_trend-SOLUSDT-1744736400-T
XRP/USDT,ema_trend,2025-04-13 20:00,2.1213,2025-04-15 20:59,2.1002,trailing,662.2,2.796962210000,-16.769382210000,-0.011938,49.00,tb-ema_trend-XRPUSDT-1744570800-B,tb-ema_trend-XRPUSDT-1744747200-T
BTC/USDT,ema_trend,2025-04-15 23:00,83880.39,2025-04-16 00:00,83602.16,signal,0.02654,4.4475032923,-11.8317274923,-0.005315,1.00,tb-ema_trend-BTCUSDT-1744754400-B,tb-ema_trend-BTCUSDT-1744758000-S
BNB/USDT,ema_trend,2025-04-17 13:00,588.30,2025-04-19 10:59,590.17,trailing,2.834,3.3415488800,1.9580311200,0.001174,46.00,tb-ema_trend-BNBUSDT-1744891200-B,tb-ema_trend-BNBUSDT-1745056800-T
ADA/USDT,ema_trend,2025-04-18 23:00,0.6281,2025-04-19 15:59,0.6217,trailing,1992.0,2.490857800000,-15.239657800000,-0.012180,17.00,tb-ema_trend-ADAUSDT-1745013600-B,tb-ema_trend-ADAUSDT-1745074800-T
BTC/USDT,ema_trend,2025-04-19 11:00,85292.62,2025-04-19 16:59,84758.07,stop,0.01588,2.7021108080,-11.1907648080,-0.008262,6.00,tb-ema_trend-BTCUSDT-1745056800-B,tb-ema_trend-BTCUSDT-1745078400-X
SOL/USDT,ema_trend,2025-04-16 23:00,132.19,2025-04-20 07:59,138.60,trailing,16.821,4.5572058200,103.2654041800,0.046441,81.00,tb-ema_trend-SOLUSDT-1744840800-B,tb-ema_trend-SOLUSDT-1745132400-T
ETH/USDT,ema_trend,2025-04-19 16:00,1608.09,2025-04-20 07:59,1595.26,trailing,0.8242,2.6416483490,-13.2161343490,-0.009972,16.00,tb-ema_trend-ETHUSDT-1745074800-B,tb-ema_trend-ETHUSDT-1745132400-T
ADA/USDT,ema_trend,2025-04-19 18:00,0.6254,2025-04-20 07:59,0.6233,trailing,2126.9,2.657235910000,-7.123725910000,-0.005356,14.00,tb-ema_trend-ADAUSDT-1745082000-B,tb-ema_trend-ADAUSDT-1745132400-T
BTC/USDT,ema_trend,2025-04-20 10:00,84593.43,2025-04-20 10:59,84111.68,stop,0.01487,2.5103368527,-9.6739593527,-0.007691,1.00,tb-ema_trend-BTCUSDT-1745139600-B,tb-ema_trend-BTCUSDT-1745143200-X
SOL/USDT,ema_trend,2025-04-20 10:00,139.27,2025-04-20 11:59,137.04,stop,12.048,3.3307933900,-30.1978333900,-0.017997,2.00,tb-ema_trend-SOLUSDT-1745139600-B,tb-ema_trend-SOLUSDT-1745146800-X
SOL/USDT,ema_trend,2025-04-20 14:00,137.23,2025-04-21 13:59,137.43,trailing,12.153,3.3397269700,-0.9091269700,-0.000545,24.00,tb-ema_trend-SOLUSDT-1745154000-B,tb-ema_trend-SOLUSDT-1745240400-T
LINK/USDT,ema_trend,2025-04-20 08:00,12.987,2025-04-21 16:59,13.243,trailing,172.45,4.52570116000,39.62149884000,0.017691,33.00,tb-ema_trend-LINKUSDT-1745132400-B,tb-ema_trend-LINKUSDT-1745251200-T
LTC/USDT,ema_trend,2025-04-20 23:00,77.90,2025-04-21 16:59,78.89,trailing,16.058,2.5190581200,13.3783618800,0.010695,18.00,tb-ema_trend-LTCUSDT-1745186400-B,tb-ema_trend-LTCUSDT-1745251200-T
BTC/USDT,ema_trend,2025-04-21 14:00,87071.60,2025-04-21 17:59,86548.63,trailing,0.01555,2.7015360120,-10.8337195120,-0.008001,4.00,tb-ema_trend-BTCUSDT-1745240400-B,tb-ema_trend-BTCUSDT-1745254800-T
SOL/USDT,ema_trend,2025-04-21 18:00,134.81,2025-04-21 19:00,135.11,signal,10.427,2.8159387500,0.3121612500,0.000222,1.00,tb-ema_trend-SOLUSDT-1745254800-B,tb-ema_trend-SOLUSDT-1745258400-S
XRP/USDT,ema_trend,2025-04-21 17:00,2.0856,2025-04-22 05:00,2.0771,signal,684.0,2.848746720000,-8.662746720000,-0.006073,12.00,tb-ema_trend-XRPUSDT-1745251200-B,tb-ema_trend-XRPUSDT-1745294400-S
BNB/USDT,ema_trend,2025-04-21 17:00,599.14,2025-04-23 13:59,607.87,trailing,3.174,3.8334463000,23.8755737000,0.012555,45.00,tb-ema_trend-BNBUSDT-1745251200-B,tb-ema_trend-BNBUSDT-1745413200-T
LTC/USDT,ema_trend,2025-04-21 20:00,78.35,2025-04-23 15:59,82.42,trailing,17.941,2.8857848700,70.1340851300,0.049893,44.00,tb-ema_trend-LTCUSDT-1745262000-B,tb-ema_trend-LTCUSDT-1745420400-T
BTC/USDT,ema_trend,2025-04-22 06:00,88435.47,2025-04-23 15:59,92227.92,trailing,0.01592,2.8779298818,57.4978741182,0.040840,34.00,tb-ema_trend-BTCUSDT-1745298000-B,tb-ema_trend-BTCUSDT-1745420400-T
ADA/USDT,ema_trend,2025-04-23 14:00,0.7013,2025-04-24 03:59,0.6820,stop,2193.9,3.036364730000,-45.378634730000,-0.029494,14.00,tb-ema_trend-ADAUSDT-1745413200-B,tb-ema_trend-ADAUSDT-1745463600-X
LINK/USDT,ema_trend,2025-04-23 16:00,14.858,2025-04-24 04:59,14.495,trailing,95.34,2.80000082000,-37.40842082000,-0.026408,13.00,tb-ema_trend-LINKUSDT-1745420400-B,tb-ema_trend-LINKUSDT-1745467200-T
XRP/USDT,ema_trend,2025-04-23 16:00,2.2293,2025-04-24 07:59,2.1622,stop,847.3,3.722924320000,-60.576754320000,-0.032070,16.00,tb-ema_trend-XRPUSDT-1745420400-B,tb-ema_trend-XRPUSDT-1745478000-X
ETH/USDT,ema_trend,2025-04-24 05:00,1773.21,2025-04-24 08:59,1729.33,stop,0.8016,2.8092319550,-37.9834399550,-0.026722,4.00,tb-ema_trend-ETHUSDT-1745467200-B,tb-ema_trend-ETHUSDT-1745481600-X
BTC/USDT,ema_trend,2025-04-24 04:00,92720.29,2025-04-26 11:59,93967.48,trailing,0.01548,2.8917810850,16.4147201150,0.011436,56.00,tb-ema_trend-BTCUSDT-1745463600-B,tb-ema_trend-BTCUSDT-1745665200-T
LINK/USDT,ema_trend,2025-04-24 08:00,14.338,2025-04-26 13:59,14.721,trailing,106.32,3.09113006000,37.62942994000,0.024684,54.00,tb-ema_trend-LINKUSDT-1745478000-B,tb-ema_trend-LINKUSDT-1745672400-T
LTC/USDT,ema_trend,2025-04-24 09:00,81.30,2025-04-26 13:59,85.37,trailing,18.305,3.0524390500,71.4489109500,0.048010,53.00,tb-ema_trend-LTCUSDT-1745481600-B,tb-ema_trend-LTCUSDT-1745672400-T
ETH/USDT,ema_trend,2025-04-26 12:00,1786.76,2025-04-27 05:59,1793.55,trailing,0.8276,2.9646726400,2.6547313600,0.001795,18.00,tb-ema_trend-ETHUSDT-1745665200-B,tb-ema_trend-ETHUSDT-1745730000-T
BTC/USDT,ema_trend,2025-04-26 22:00,94402.57,2025-04-27 05:59,93742.26,trailing,0.02000,3.7657286771,-16.9719286771,-0.008989,8.00,tb-ema_trend-BTCUSDT-1745701200-B,tb-ema_trend-BTCUSDT-1745730000-T
BTC/USDT,ema_trend,2025-04-27 08:00,94113.03,2025-04-27 17:00,93834.87,signal,0.01797,3.3793060197,-8.3778412197,-0.004954,9.00,tb-ema_trend-BTCUSDT-1745737200-B,tb-ema_trend-BTCUSDT-1745769600-S
ETH/USDT,ema_trend,2025-04-27 08:00,1804.66,2025-04-28 00:59,1771.70,trailing,1.2497,4.4717231500,-45.6618351500,-0.020247,17.00,tb-ema_trend-ETHUSDT-1745737200-B,tb-ema_trend-ETHUSDT-1745798400-T
LTC/USDT,ema_trend,2025-04-28 08:00,87.52,2025-04-28 13:59,85.73,stop,21.993,3.8123002100,-43.1797702100,-0.022433,6.00,tb-ema_trend-LTCUSDT-1745823600-B,tb-ema_trend-LTCUSDT-1745845200-X
BTC/USDT,ema_trend,2025-04-28 13:00,95398.37,2025-04-28 13:59,94475.24,stop,0.01512,2.8727969518,-16.8305225518,-0.011668,1.00,tb-ema_trend-BTCUSDT-1745841600-B,tb-ema_trend-BTCUSDT-1745845200-X
XRP/USDT,ema_trend,2025-04-27 15:00,2.2383,2025-04-28 15:59,2.2569,trailing,566.8,2.549222340000,7.993257660000,0.006301,25.00,tb-ema_trend-XRPUSDT-1745762400-B,tb-ema_trend-XRPUSDT-1745852400-T
ETH/USDT,ema_trend,2025-04-29 13:00,1822.72,2025-04-29 21:59,1790.16,stop,0.6879,2.4865760520,-24.8846000520,-0.019847,9.00,tb-ema_trend-ETHUSDT-1745928000-B,tb-ema_trend-ETHUSDT-1745960400-X
XRP/USDT,ema_trend,2025-04-28 18:00,2.2829,2025-04-29 22:59,2.2480,trailing,976.2,4.425347480000,-38.494727480000,-0.017273,29.00,tb-ema_trend-XRPUSDT-1745859600-B,tb-ema_trend-XRPUSDT-1745964000-T
BTC/USDT,ema_trend,2025-04-29 10:00,95036.78,2025-04-29 22:59,94066.78,stop,0.01758,3.3263413180,-20.3789413180,-0.012198,13.00,tb-ema_trend-BTCUSDT-1745917200-B,tb-ema_trend-BTCUSDT-1745964000-X
BTC/USDT,ema_trend,2025-04-30 01:00,94594.07,2025-04-30 13:59,93934.30,trailing,0.02333,4.4012046952,-19.7936387952,-0.008969,13.00,tb-ema_trend-BTCUSDT-1745971200-B,tb-ema_trend-BTCUSDT-1746018000-T
LINK/USDT,ema_trend,2025-05-01 12:00,14.988,2025-05-02 05:59,14.671,stop,110.21,3.27051695000,-38.20708695000,-0.023130,18.00,tb-ema_trend-LINKUSDT-1746097200-B,tb-ema_trend-LINKUSDT-1746162000-X
SOL/USDT,ema_trend,2025-05-01 12:00,151.83,2025-05-02 06:59,149.24,trailing,8.160,2.4580976700,-23.5924976700,-0.019043,19.00,tb-ema_trend-SOLUSDT-1746097200-B,tb-ema_trend-SOLUSDT-1746165600-T
ETH/USDT,ema_trend,2025-05-01 11:00,1848.53,2025-05-02 07:59,1817.76,stop,1.1916,4.3709694040,-41.0365014040,-0.018630,21.00,tb-ema_trend-ETHUSDT-1746093600-B,tb-ema_trend-ETHUSDT-1746169200-X
BTC/USDT,ema_trend,2025-05-02 07:00,96763.36,2025-05-03 03:59,96457.65,trailing,0.01346,2.6026900628,-6.7175466628,-0.005158,21.00,tb-ema_trend-BTCUSDT-1746165600-B,tb-ema_trend-BTCUSDT-1746241200-T
LTC/USDT,ema_trend,2025-05-02 06:00,88.67,2025-05-03 06:59,87.10,trailing,15.029,2.6430660500,-26.2385960500,-0.019689,25.00,tb-ema_trend-LTCUSDT-1746162000-B,tb-ema_trend-LTCUSDT-1746252000-T
ETH/USDT,ema_trend,2025-05-02 19:00,1849.94,2025-05-03 09:59,1819.15,stop,0.8205,3.0121532960,-28.2753482960,-0.018628,15.00,tb-ema_trend-ETHUSDT-1746208800-B,tb-ema_trend-ETHUSDT-1746262800-X
LTC/USDT,ema_trend,2025-05-05 08:00,88.01,2025-05-05 15:59,86.24,stop,24.563,4.2823030000,-47.7588130000,-0.022092,8.00,tb-ema_trend-LTCUSDT-1746428400-B,tb-ema_trend-LTCUSDT-1746457200-X
LTC/USDT,ema_trend,2025-05-05 18:00,86.69,2025-05-05 19:59,84.59,stop,24.797,4.2493974100,-56.3230974100,-0.026201,2.00,tb-ema_trend-LTCUSDT-1746464400-B,tb-ema_trend-LTCUSDT-1746471600-X
BNB/USDT,ema_trend,2025-05-05 19:00,599.97,2025-05-06 10:59,594.94,stop,2.686,3.2113281700,-16.7219081700,-0.010376,16.00,tb-ema_trend-BNBUSDT-1746468000-B,tb-ema_trend-BNBUSDT-1746525600-X
SOL/USDT,ema_trend,2025-05-07 02:00,148.42,2025-05-07 03:59,145.37,stop,8.076,2.3739838200,-27.0057838200,-0.022530,2.00,tb-ema_trend-SOLUSDT-1746579600-B,tb-ema_trend-SOLUSDT-1746586800-X
LTC/USDT,ema_trend,2025-05-07 01:00,92.87,2025-05-07 14:59,89.79,stop,17.214,3.1459809000,-56.1651009000,-0.035133,14.00,tb-ema_trend-LTCUSDT-1746576000-B,tb-ema_trend-LTCUSDT-1746626400-X
BNB/USDT,ema_trend,2025-05-06 16:00,598.84,2025-05-07 15:59,600.48,trailing,3.558,4.2695759200,1.5655440800,0.000735,24.00,tb-ema_trend-BNBUSDT-1746543600-B,tb-ema_trend-BNBUSDT-1746630000-T
ETH/USDT,ema_trend,2025-05-07 15:00,1823.13,2025-05-07 17:59,1794.64,stop,0.7019,2.5407712710,-22.5379022710,-0.017612,3.00,tb-ema_trend-ETHUSDT-1746626400-B,tb-ema_trend-ETHUSDT-1746637200-X
BNB/USDT,ema_trend,2025-05-07 18:00,599.40,2025-05-10 11:59,654.13,trailing,2.391,2.9989884300,127.8604415700,0.089215,66.00,tb-ema_trend-BNBUSDT-1746637200-B,tb-ema_trend-BNBUSDT-1746874800-T
BTC/USDT,ema_trend,2025-05-07 04:00,96555.16,2025-05-11 07:59,103317.50,trailing,0.01233,2.4663610060,80.9132911940,0.067964,100.00,tb-ema_trend-BTCUSDT-1746586800-B,tb-ema_trend-BTCUSDT-1746946800-T
LTC/USDT,ema_trend,2025-05-07 17:00,88.10,2025-05-11 07:59,101.06,trailing,16.947,3.2071922200,216.4259277800,0.144957,87.00,tb-ema_trend-LTCUSDT-1746633600-B,tb-ema_trend-LTCUSDT-1746946800-T
ETH/USDT,ema_trend,2025-05-10 12:00,2385.96,2025-05-11 07:59,2455.92,trailing,0.6142,2.9755528640,39.9938791360,0.027291,20.00,tb-ema_trend-ETHUSDT-1746874800-B,tb-ema_trend-ETHUSDT-1746946800-T
LINK/USDT,ema_trend,2025-05-11 08:00,16.469,2025-05-12 17:59,16.652,trailing,134.93,4.47132219000,20.22086781000,0.009100,34.00,tb-ema_trend-LINKUSDT-1746946800-B,tb-ema_trend-LINKUSDT-1747069200-T
ADA/USDT,ema_trend,2025-05-11 08:00,0.7921,2025-05-12 18:59,0.7987,trailing,2102.8,3.346876860000,10.531603140000,0.006323,35.00,tb-ema_trend-ADAUSDT-1746946800-B,tb-ema_trend-ADAUSDT-1747072800-T
XRP/USDT,ema_trend,2025-05-11 08:00,2.3561,2025-05-12 18:59,2.4725,trailing,530.1,2.561054520000,59.142585480000,0.047353,35.00,tb-ema_trend-XRPUSDT-1746946800-B,tb-ema_trend-XRPUSDT-1747072800-T
BNB/USDT,ema_trend,2025-05-12 18:00,662.05,2025-05-13 02:59,645.10,stop,2.260,2.9561451500,-41.2631451500,-0.027578,9.00,tb-ema_trend-BNBUSDT-1747069200-B,tb-ema_trend-BNBUSDT-1747101600-X
LINK/USDT,ema_trend,2025-05-12 20:00,16.539,2025-05-13 03:00,16.261,signal,84.75,2.78128851000,-26.34178851000,-0.018793,7.00,tb-ema_trend-LINKUSDT-1747076400-B,tb-ema_trend-LINKUSDT-1747101600-S
SOL/USDT,ema_trend,2025-05-12 19:00,170.53,2025-05-13 04:00,166.89,signal,10.960,3.6999990300,-43.5943990300,-0.023325,9.00,tb-ema_trend-SOLUSDT-1747072800-B,tb-ema_trend-SOLUSDT-1747105200-S
ETH/USDT,ema_trend,2025-05-13 04:00,2426.02,2025-05-13 07:00,2452.29,signal,0.5792,2.8269727660,12.3886112340,0.008817,3.00,tb-ema_trend-ETHUSDT-1747105200-B,tb-ema_trend-ETHUSDT-1747116000-S
LINK/USDT,ema_trend,2025-05-13 19:00,17.479,2025-05-14 08:59,16.919,stop,80.00,2.75341311000,-47.55341311000,-0.034008,14.00,tb-ema_trend-LINKUSDT-1747159200-B,tb-ema_trend-LINKUSDT-1747209600-X
ETH/USDT,ema_trend,2025-05-13 14:00,2550.94,2025-05-14 09:59,2585.98,trailing,0.7309,3.7566155780,21.8541204220,0.011721,20.00,tb-ema_trend-ETHUSDT-1747141200-B,tb-ema_trend-ETHUSDT-1747213200-T
SOL/USDT,ema_trend,2025-05-14 09:00,178.54,2025-05-14 17:59,173.43,trailing,7.766,2.7348273400,-42.4190873400,-0.030593,9.00,tb-ema_trend-SOLUSDT-1747209600-B,tb-ema_trend-SOLUSDT-1747242000-T
XRP/USDT,ema_trend,2025-05-13 03:00,2.4525,2025-05-15 01:59,2.5350,trailing,577.0,2.879259000000,44.723241000000,0.031604,47.00,tb-ema_trend-XRPUSDT-1747101600-B,tb-ema_trend-XRPUSDT-1747270800-T
LINK/USDT,ema_trend,2025-05-14 11:00,17.029,2025-05-15 05:00,16.771,signal,88.81,3.00331061000,-25.91629061000,-0.017136,18.00,tb-ema_trend-LINKUSDT-1747216800-B,tb-ema_trend-LINKUSDT-1747281600-S
ETH/USDT,ema_trend,2025-05-14 18:00,2591.76,2025-05-15 07:59,2531.37,trailing,0.5669,2.9058574500,-37.1409484500,-0.025279,14.00,tb-ema_trend-ETHUSDT-1747242000-B,tb-ema_trend-ETHUSDT-1747292400-T
BNB/USDT,ema_trend,2025-05-18 16:00,654.31,2025-05-18 17:59,647.73,stop,1.888,2.4595601400,-14.8826001400,-0.012047,2.00,tb-ema_trend-BNBUSDT-1747580400-B,tb-ema_trend-BNBUSDT-1747587600-X
BTC/USDT,ema_trend,2025-05-18 12:00,103852.46,2025-05-18 18:59,104451.51,trailing,0.02114,4.4066614982,8.2572555018,0.003761,7.00,tb-ema_trend-BTCUSDT-1747566000-B,tb-ema_trend-BTCUSDT-1747591200-T
SOL/USDT,ema_trend,2025-05-18 13:00,171.77,2025-05-18 18:59,171.03,trailing,9.591,3.2895125000,-10.3868525000,-0.006305,6.00,tb-ema_trend-SOLUSDT-1747569600-B,tb-ema_trend-SOLUSDT-1747591200-T
ETH/USDT,ema_trend,2025-05-18 18:00,2491.15,2025-05-18 19:00,2461.76,signal,0.4945,2.4504595700,-16.9838145700,-0.013787,1.00,tb-ema_trend-ETHUSDT-1747587600-B,tb-ema_trend-ETHUSDT-1747591200-S
BNB/USDT,ema_trend,2025-05-19 00:00,651.87,2025-05-19 01:59,642.33,stop,1.888,2.4447533400,-20.4562733400,-0.016621,2.00,tb-ema_trend-BNBUSDT-1747609200-B,tb-ema_trend-BNBUSDT-1747616400-X
SOL/USDT,ema_trend,2025-05-18 23:00,170.19,2025-05-19 03:00,166.74,signal,9.643,3.2507178900,-36.5190678900,-0.022252,4.00,tb-ema_trend-SOLUSDT-1747605600-B,tb-ema_trend-SOLUSDT-1747620000-S
BTC/USDT,ema_trend,2025-05-18 21:00,104105.08,2025-05-19 03:59,104264.39,trailing,0.02100,4.3788820224,-1.0333720224,-0.000473,7.00,tb-ema_trend-BTCUSDT-1747598400-B,tb-ema_trend-BTCUSDT-1747623600-T
BTC/USDT,ema_trend,2025-05-19 06:00,103083.52,2025-05-19 10:00,103010.08,signal,0.02107,4.3454846620,-5.8928654620,-0.002713,4.00,tb-ema_trend-BTCUSDT-1747630800-B,tb-ema_trend-BTCUSDT-1747645200-S
BNB/USDT,ema_trend,2025-05-20 04:00,650.86,2025-05-20 11:59,643.28,stop,1.876,2.4291083600,-16.6491883600,-0.013636,8.00,tb-ema_trend-BNBUSDT-1747710000-B,tb-ema_trend-BNBUSDT-1747738800-X
ETH/USDT,ema_trend,2025-05-20 03:00,2568.29,2025-05-20 12:59,2487.02,stop,0.8454,4.2760705370,-72.9817285370,-0.033613,10.00,tb-ema_trend-ETHUSDT-1747706400-B,tb-ema_trend-ETHUSDT-1747742400-X
BTC/USDT,ema_trend,2025-05-20 03:00,106153.05,2025-05-20 13:59,104573.09,stop,0.01533,3.2325547875,-27.4533415875,-0.016870,11.00,tb-ema_trend-BTCUSDT-1747706400-B,tb-ema_trend-BTCUSDT-1747746000-X
BNB/USDT,ema_trend,2025-05-21 06:00,661.27,2025-05-21 07:59,652.88,stop,3.238,4.2578627800,-31.4246827800,-0.014676,2.00,tb-ema_trend-BNBUSDT-1747803600-B,tb-ema_trend-BNBUSDT-1747810800-X
ADA/USDT,ema_trend,2025-05-21 16:00,0.7659,2025-05-21 17:59,0.7463,stop,2089.9,3.161955170000,-44.123995170000,-0.027566,2.00,tb-ema_trend-ADAUSDT-1747839600-B,tb-ema_trend-ADAUSDT-1747846800-X
BTC/USDT,ema_trend,2025-05-21 17:00,109186.28,2025-05-21 17:59,107399.95,stop,0.01098,2.3803005300,-21.9942039300,-0.018346,1.00,tb-ema_trend-BTCUSDT-1747843200-B,tb-ema_trend-BTCUSDT-1747846800-X
ADA/USDT,ema_trend,2025-05-22 00:00,0.7697,2025-05-23 06:59,0.8092,trailing,1543.4,2.438105780000,58.526194220000,0.049266,31.00,tb-ema_trend-ADAUSDT-1747868400-B,tb-ema_trend-ADAUSDT-1747980000-T
BNB/USDT,ema_trend,2025-05-21 10:00,651.84,2025-05-23 11:59,677.04,trailing,3.273,4.3520316000,78.1275684000,0.036620,50.00,tb-ema_trend-BNBUSDT-1747818000-B,tb-ema_trend-BNBUSDT-1747998000-T
BTC/USDT,ema_trend,2025-05-22 00:00,109698.82,2025-05-23 11:59,109976.45,trailing,0.01443,3.1721081190,0.8340927810,0.000527,36.00,tb-ema_trend-BTCUSDT-1747868400-B,tb-ema_trend-BTCUSDT-1747998000-T
LTC/USDT,ema_trend,2025-05-23 07:00,100.00,2025-05-23 11:59,98.45,trailing,12.025,2.3876612500,-21.0264112500,-0.017486,5.00,tb-ema_trend-LTCUSDT-1747980000-B,tb-ema_trend-LTCUSDT-1747998000-T
ETH/USDT,ema_trend,2025-05-23 12:00,2568.07,2025-05-23 20:00,2559.68,signal,0.4700,2.4113265350,-6.3546265350,-0.005265,8.00,tb-ema_trend-ETHUSDT-1747998000-B,tb-ema_trend-ETHUSDT-1748026800-S
ADA/USDT,ema_trend,2025-05-23 12:00,0.7823,2025-05-23 22:00,0.7621,signal,2743.7,4.239560720000,-59.662300720000,-0.027796,10.00,tb-ema_trend-ADAUSDT-1747998000-B,tb-ema_trend-ADAUSDT-1748034000-S
BTC/USDT,ema_trend,2025-05-23 21:00,108290.65,2025-05-23 22:00,108228.74,signal,0.01112,2.4098614310,-3.0983006310,-0.002573,1.00,tb-ema_trend-BTCUSDT-1748030400-B,tb-ema_trend-BTCUSDT-1748034000-S
SOL/USDT,ema_trend,2025-05-23 12:00,178.00,2025-05-23 23:59,173.46,trailing,9.041,3.1793298600,-44.2254698600,-0.027481,12.00,tb-ema_trend-SOLUSDT-1747998000-B,tb-ema_trend-SOLUSDT-1748041200-T
SOL/USDT,ema_trend,2025-05-24 02:00,173.89,2025-05-24 05:00,176.00,signal,12.176,4.2625212100,21.4288387900,0.010121,3.00,tb-ema_trend-SOLUSDT-1748048400-B,tb-ema_trend-SOLUSDT-1748059200-S
BNB/USDT,ema_trend,2025-05-24 18:00,675.97,2025-05-24 23:59,667.89,stop,3.139,4.2210804200,-29.5842004200,-0.013943,6.00,tb-ema_trend-BNBUSDT-1748106000-B,tb-ema_trend-BNBUSDT-1748127600-X
SOL/USDT,ema_trend,2025-05-26 06:00,177.71,2025-05-26 17:59,174.35,stop,6.697,2.3589897900,-24.8609097900,-0.020889,12.00,tb-ema_trend-SOLUSDT-1748235600-B,tb-ema_trend-SOLUSDT-1748278800-X
BTC/USDT,ema_trend,2025-05-26 04:00,109678.36,2025-05-27 01:59,108574.58,trailing,0.01928,4.2101102480,-25.4909886480,-0.012055,22.00,tb-ema_trend-BTCUSDT-1748228400-B,tb-ema_trend-BTCUSDT-1748307600-T
BNB/USDT,ema_trend,2025-05-26 05:00,673.85,2025-05-27 01:59,666.97,stop,2.353,3.1569710100,-19.3456110100,-0.012201,21.00,tb-ema_trend-BNBUSDT-1748232000-B,tb-ema_trend-BNBUSDT-1748307600-X
SOL/USDT,ema_trend,2025-05-26 20:00,174.14,2025-05-27 02:00,172.00,signal,6.798,2.3542787000,-16.9019987000,-0.014278,6.00,tb-ema_trend-SOLUSDT-1748286000-B,tb-ema_trend-SOLUSDT-1748307600-S
BNB/USDT,ema_trend,2025-05-27 04:00,674.48,2025-05-28 03:59,681.34,trailing,2.327,3.1570165800,12.8062034200,0.008159,24.00,tb-ema_trend-BNBUSDT-1748314800-B,tb-ema_trend-BNBUSDT-1748401200-T
BTC/USDT,ema_trend,2025-05-27 04:00,108946.60,2025-05-28 07:00,108672.91,signal,0.01921,4.1826497180,-9.4402346180,-0.004511,27.00,tb-ema_trend-BTCUSDT-1748314800-B,tb-ema_trend-BTCUSDT-1748412000-S
LINK/USDT,ema_trend,2025-05-27 09:00,15.938,2025-05-28 15:59,15.549,stop,73.84,2.32627512000,-31.05003512000,-0.026384,31.00,tb-ema_trend-LINKUSDT-1748332800-B,tb-ema_trend-LINKUSDT-1748444400-X
BNB/USDT,ema_trend,2025-05-28 08:00,682.32,2025-05-29 04:59,680.35,trailing,2.168,2.9563155200,-7.2272755200,-0.004886,21.00,tb-ema_trend-BNBUSDT-1748415600-B,tb-ema_trend-BNBUSDT-1748491200-T
LTC/USDT,ema_trend,2025-05-29 03:00,98.37,2025-05-29 04:59,96.05,stop,14.197,2.7616562900,-35.6986962900,-0.025562,2.00,tb-ema_trend-LTCUSDT-1748484000-B,tb-ema_trend-LTCUSDT-1748491200-X
ETH/USDT,ema_trend,2025-05-28 04:00,2646.71,2025-05-29 12:59,2684.18,trailing,0.4832,2.5772094070,15.5282945930,0.012142,33.00,tb-ema_trend-ETHUSDT-1748401200-B,tb-ema_trend-ETHUSDT-1748520000-T
LTC/USDT,ema_trend,2025-05-29 07:00,97.15,2025-05-29 14:59,94.75,stop,18.072,3.4698626500,-46.8426626500,-0.026680,8.00,tb-ema_trend-LTCUSDT-1748498400-B,tb-ema_trend-LTCUSDT-1748527200-X
ETH/USDT,ema_trend,2025-05-29 15:00,2673.36,2025-05-30 00:59,2607.54,stop,0.7734,4.0863867520,-54.9915747520,-0.026597,10.00,tb-ema_trend-ETHUSDT-1748527200-B,tb-ema_trend-ETHUSDT-1748563200-X
BNB/USDT,ema_trend,2025-06-03 01:00,668.74,2025-06-03 12:59,662.51,trailing,2.302,3.0665437200,-17.4080037200,-0.011308,12.00,tb-ema_trend-BNBUSDT-1748908800-B,tb-ema_trend-BNBUSDT-1748952000-T
SOL/USDT,ema_trend,2025-06-03 15:00,163.27,2025-06-03 20:59,159.69,stop,9.407,3.0397174200,-36.7167774200,-0.023906,6.00,tb-ema_trend-SOLUSDT-1748959200-B,tb-ema_trend-SOLUSDT-1748980800-X
BNB/USDT,ema_trend,2025-06-03 15:00,667.83,2025-06-03 20:59,661.45,stop,1.724,2.2930143800,-13.2921343800,-0.011545,6.00,tb-ema_trend-BNBUSDT-1748959200-B,tb-ema_trend-BNBUSDT-1748980800-X
ETH/USDT,ema_trend,2025-06-02 23:00,2585.88,2025-06-03 21:59,2583.32,trailing,0.7943,4.1079642680,-6.1413722680,-0.002990,23.00,tb-ema_trend-ETHUSDT-1748901600-B,tb-ema_trend-ETHUSDT-1748984400-T
XRP/USDT,ema_trend,2025-06-03 21:00,2.2553,2025-06-04 19:59,2.2112,stop,675.5,3.018699460000,-32.808249460000,-0.021535,23.00,tb-ema_trend-XRPUSDT-1748980800-B,tb-ema_trend-XRPUSDT-1749063600-X
ETH/USDT,ema_trend,2025-07-03 22:00,2596.82,2025-07-04 06:59,2551.03,stop,0.7806,4.0204891680,-39.7641631680,-0.019616,9.00,tb-ema_trend-ETHUSDT-1751576400-B,tb-ema_trend-ETHUSDT-1751608800-X
LTC/USDT,ema_trend,2025-07-03 22:00,89.41,2025-07-04 06:59,87.63,stop,17.003,3.0118205000,-33.2771605000,-0.021889,9.00,tb-ema_trend-LTCUSDT-1751576400-B,tb-ema_trend-LTCUSDT-1751608800-X
LINK/USDT,ema_trend,2025-07-03 22:00,13.747,2025-07-04 06:59,13.451,stop,82.94,2.25703935000,-26.80727935000,-0.023512,9.00,tb-ema_trend-LINKUSDT-1751576400-B,tb-ema_trend-LINKUSDT-1751608800-X
ADA/USDT,ema_trend,2025-07-04 07:00,0.5867,2025-07-04 08:59,0.5745,stop,3412.0,3.964067850000,-45.590467850000,-0.022775,2.00,tb-ema_trend-ADAUSDT-1751608800-B,tb-ema_trend-ADAUSDT-1751616000-X
ETH/USDT,ema_trend,2025-07-04 09:00,2548.28,2025-07-04 14:59,2505.05,stop,0.6338,3.2045843500,-30.6037583500,-0.018949,6.00,tb-ema_trend-ETHUSDT-1751616000-B,tb-ema_trend-ETHUSDT-1751637600-X
XRP/USDT,ema_trend,2025-07-04 07:00,2.2359,2025-07-04 15:00,2.2210,signal,671.6,2.994819170000,-13.001659170000,-0.008658,8.00,tb-ema_trend-XRPUSDT-1751608800-B,tb-ema_trend-XRPUSDT-1751637600-S
BNB/USDT,ema_trend,2025-07-04 15:00,655.84,2025-07-04 16:00,652.46,signal,1.989,2.6035203800,-9.3263403800,-0.007150,1.00,tb-ema_trend-BNBUSDT-1751637600-B,tb-ema_trend-BNBUSDT-1751641200-S
LTC/USDT,ema_trend,2025-07-04 09:00,87.73,2025-07-04 16:59,86.03,stop,13.811,2.4010275800,-25.8797275800,-0.021359,8.00,tb-ema_trend-LTCUSDT-1751616000-B,tb-ema_trend-LTCUSDT-1751644800-X
XRP/USDT,ema_trend,2025-07-06 11:00,2.2761,2025-07-06 18:59,2.2488,stop,865.9,3.920159400000,-27.559229400000,-0.013983,8.00,tb-ema_trend-XRPUSDT-1751796000-B,tb-ema_trend-XRPUSDT-1751824800-X
ETH/USDT,ema_trend,2025-07-06 15:00,2560.69,2025-07-06 18:59,2531.17,stop,0.5772,2.9405580020,-19.9795020020,-0.013518,4.00,tb-ema_trend-ETHUSDT-1751810400-B,tb-ema_trend-ETHUSDT-1751824800-X
BNB/USDT,ema_trend,2025-07-06 15:00,661.51,2025-07-07 16:59,658.49,trailing,1.675,2.2123230200,-7.2708230200,-0.006562,26.00,tb-ema_trend-BNBUSDT-1751810400-B,tb-ema_trend-BNBUSDT-1751904000-T
SOL/USDT,ema_trend,2025-07-06 19:00,151.47,2025-07-07 18:59,149.45,trailing,11.104,3.3432333200,-25.7733133200,-0.015324,24.00,tb-ema_trend-SOLUSDT-1751824800-B,tb-ema_trend-SOLUSDT-1751911200-T
ADA/USDT,ema_trend,2025-07-06 19:00,0.5812,2025-07-07 18:59,0.5760,trailing,2170.3,2.512749800000,-13.798309800000,-0.010939,24.00,tb-ema_trend-ADAUSDT-1751824800-B,tb-ema_trend-ADAUSDT-1751911200-T
XRP/USDT,ema_trend,2025-07-07 17:00,2.3215,2025-07-07 20:59,2.2758,stop,526.0,2.419572700000,-26.457772700000,-0.021667,4.00,tb-ema_trend-XRPUSDT-1751904000-B,tb-ema_trend-XRPUSDT-1751918400-X
ETH/USDT,ema_trend,2025-07-07 19:00,2545.51,2025-07-08 03:00,2526.73,signal,0.4837,2.4547152420,-11.5386012420,-0.009371,8.00,tb-ema_trend-ETHUSDT-1751911200-B,tb-ema_trend-ETHUSDT-1751940000-S
LINK/USDT,ema_trend,2025-07-07 19:00,13.427,2025-07-08 04:00,13.243,signal,122.29,3.26321981000,-25.76457981000,-0.015691,9.00,tb-ema_trend-LINKUSDT-1751911200-B,tb-ema_trend-LINKUSDT-1751943600-S
BTC/USDT,ema_trend,2025-07-08 14:00,109089.12,2025-07-08 14:59,108319.87,stop,0.01489,3.2394016392,-14.6935341392,-0.009046,1.00,tb-ema_trend-BTCUSDT-1751979600-B,tb-ema_trend-BTCUSDT-1751983200-X
XRP/USDT,ema_trend,2025-07-07 23:00,2.2747,2025-07-11 22:59,2.6821,trailing,537.3,2.664653460000,216.231366540000,0.176920,96.00,tb-ema_trend-XRPUSDT-1751925600-B,tb-ema_trend-XRPUSDT-1752271200-T
LINK/USDT,ema_trend,2025-07-08 15:00,13.447,2025-07-11 22:59,15.175,trailing,120.70,3.45642351000,205.11317649000,0.126375,80.00,tb-ema_trend-LINKUSDT-1751983200-B,tb-ema_trend-LINKUSDT-1752271200-T
ETH/USDT,ema_trend,2025-07-08 16:00,2565.97,2025-07-12 12:59,2940.95,trailing,0.4739,2.6110123780,175.0920096220,0.143989,93.00,tb-ema_trend-ETHUSDT-1751986800-B,tb-ema_trend-ETHUSDT-1752321600-T
ADA/USDT,ema_trend,2025-07-11 23:00,0.7072,2025-07-12 15:59,0.6903,trailing,2444.5,3.417956750000,-44.730006750000,-0.025874,17.00,tb-ema_trend-ADAUSDT-1752271200-B,tb-ema_trend-ADAUSDT-1752332400-T
XRP/USDT,ema_trend,2025-07-12 13:00,2.7879,2025-07-12 15:59,2.6811,stop,473.5,2.590965450000,-53.160765450000,-0.040271,3.00,tb-ema_trend-XRPUSDT-1752321600-B,tb-ema_trend-XRPUSDT-1752332400-X
SOL/USDT,ema_trend,2025-07-12 16:00,158.22,2025-07-12 19:00,160.19,signal,8.190,2.6092018800,13.5250981200,0.010437,3.00,tb-ema_trend-SOLUSDT-1752332400-B,tb-ema_trend-SOLUSDT-1752343200-S
BTC/USDT,ema_trend,2025-07-11 23:00,117674.69,2025-07-14 14:59,120686.31,trailing,0.01100,2.6243244938,30.5034955062,0.023565,64.00,tb-ema_trend-BTCUSDT-1752271200-B,tb-ema_trend-BTCUSDT-1752501600-T
BNB/USDT,ema_trend,2025-07-12 20:00,684.85,2025-07-14 15:59,694.77,trailing,1.896,2.6171292200,16.1911907800,0.012469,44.00,tb-ema_trend-BNBUSDT-1752346800-B,tb-ema_trend-BNBUSDT-1752505200-T
SOL/USDT,ema_trend,2025-07-14 15:00,166.79,2025-07-14 15:59,163.20,stop,7.828,2.5844960400,-30.6870160400,-0.023504,1.00,tb-ema_trend-SOLUSDT-1752501600-B,tb-ema_trend-SOLUSDT-1752505200-X
LINK/USDT,ema_trend,2025-07-12 16:00,14.848,2025-07-14 19:59,15.683,trailing,116.46,3.55742202000,93.68667798000,0.054179,52.00,tb-ema_trend-LINKUSDT-1752332400-B,tb-ema_trend-LINKUSDT-1752519600-T
LTC/USDT,ema_trend,2025-07-14 16:00,95.49,2025-07-15 00:59,93.15,trailing,12.777,2.4114946500,-32.3096746500,-0.026482,9.00,tb-ema_trend-LTCUSDT-1752505200-B,tb-ema_trend-LTCUSDT-1752537600-T
BTC/USDT,ema_trend,2025-07-14 20:00,119999.39,2025-07-15 01:59,118398.59,stop,0.01141,2.7225209377,-20.9876489377,-0.015328,6.00,tb-ema_trend-BTCUSDT-1752519600-B,tb-ema_trend-BTCUSDT-1752541200-X
BNB/USDT,ema_trend,2025-07-15 01:00,687.91,2025-07-15 03:00,682.88,signal,1.926,2.6415173600,-12.3292973600,-0.009306,2.00,tb-ema_trend-BNBUSDT-1752537600-B,tb-ema_trend-BNBUSDT-1752544800-S
XRP/USDT,ema_trend,2025-07-14 16:00,2.9483,2025-07-15 03:59,2.8362,trailing,551.6,3.192499180000,-65.026859180000,-0.039985,12.00,tb-ema_trend-XRPUSDT-1752505200-B,tb-ema_trend-XRPUSDT-1752548400-T
ADA/USDT,ema_trend,2025-07-15 04:00,0.7190,2025-07-15 06:00,0.7252,signal,1790.9,2.587711980000,8.515868020000,0.006613,2.00,tb-ema_trend-ADAUSDT-1752548400-B,tb-ema_trend-ADAUSDT-1752555600-S
BTC/USDT,ema_trend,2025-07-15 04:00,117207.04,2025-07-15 07:00,117012.00,signal,0.01464,3.4313108864,-6.2866964864,-0.003664,3.00,tb-ema_trend-BTCUSDT-1752548400-B,tb-ema_trend-BTCUSDT-1752559200-S
LINK/USDT,ema_trend,2025-07-15 02:00,15.618,2025-07-15 08:00,15.402,signal,85.21,2.64461982000,-21.04997982000,-0.015817,6.00,tb-ema_trend-LINKUSDT-1752541200-B,tb-ema_trend-LINKUSDT-1752562800-S
ETH/USDT,ema_trend,2025-07-15 08:00,2978.99,2025-07-15 11:00,2972.82,signal,0.4681,2.7875317540,-5.6757087540,-0.004070,3.00,tb-ema_trend-ETHUSDT-1752562800-B,tb-ema_trend-ETHUSDT-1752573600-S
ETH/USDT,ema_trend,2025-07-15 14:00,3053.23,2025-07-15 14:59,2991.54,stop,0.5635,3.4080598330,-38.1703748330,-0.022186,1.00,tb-ema_trend-ETHUSDT-1752584400-B,tb-ema_trend-ETHUSDT-1752588000-X
XRP/USDT,ema_trend,2025-07-15 07:00,2.8609,2025-07-18 08:59,3.4295,trailing,450.7,2.836513730000,253.431506270000,0.196549,74.00,tb-ema_trend-XRPUSDT-1752559200-B,tb-ema_trend-XRPUSDT-1752825600-T
LINK/USDT,ema_trend,2025-07-15 22:00,15.908,2025-07-18 14:59,18.108,trailing,80.66,2.74516228000,174.70683772000,0.136156,65.00,tb-ema_trend-LINKUSDT-1752613200-B,tb-ema_trend-LINKUSDT-1752847200-T
LTC/USDT,ema_trend,2025-07-18 09:00,108.70,2025-07-18 14:59,104.86,trailing,12.403,2.6501977800,-50.2777177800,-0.037292,6.00,tb-ema_trend-LTCUSDT-1752825600-B,tb-ema_trend-LTCUSDT-1752847200-T
ETH/USDT,ema_trend,2025-07-15 19:00,3066.95,2025-07-18 15:59,3529.98,trailing,0.5579,3.6822674150,254.6421695850,0.148822,69.00,tb-ema_trend-ETHUSDT-1752602400-B,tb-ema_trend-ETHUSDT-1752850800-T
BNB/USDT,ema_trend,2025-07-18 15:00,747.79,2025-07-18 19:59,730.44,stop,1.704,2.5203995000,-32.0847995000,-0.025180,5.00,tb-ema_trend-BNBUSDT-1752847200-B,tb-ema_trend-BNBUSDT-1752865200-X
ADA/USDT,ema_trend,2025-07-18 15:00,0.8385,2025-07-18 20:59,0.7987,stop,2027.4,3.321020130000,-84.011540130000,-0.049419,6.00,tb-ema_trend-ADAUSDT-1752847200-B,tb-ema_trend-ADAUSDT-1752868800-X
LTC/USDT,ema_trend,2025-07-18 20:00,102.34,2025-07-19 14:00,100.83,signal,13.644,2.7734842400,-23.3759242400,-0.016741,18.00,tb-ema_trend-LTCUSDT-1752865200-B,tb-ema_trend-LTCUSDT-1752930000-S
XRP/USDT,ema_trend,2025-07-18 16:00,3.3753,2025-07-20 22:59,3.4218,trailing,428.8,2.916284130000,17.022915870000,0.011762,55.00,tb-ema_trend-XRPUSDT-1752850800-B,tb-ema_trend-XRPUSDT-1753048800-T
SOL/USDT,ema_trend,2025-07-19 15:00,175.09,2025-07-20 22:59,177.98,trailing,8.177,2.8886292000,20.7429008000,0.014488,32.00,tb-ema_trend-SOLUSDT-1752933600-B,tb-ema_trend-SOLUSDT-1753048800-T
LINK/USDT,ema_trend,2025-07-18 21:00,17.589,2025-07-21 19:59,19.270,trailing,82.46,3.04097615000,135.57428385000,0.093474,71.00,tb-ema_trend-LINKUSDT-1752868800-B,tb-ema_trend-LINKUSDT-1753124400-T
LTC/USDT,ema_trend,2025-07-20 23:00,117.04,2025-07-21 19:59,114.94,trailing,11.555,2.6819333800,-26.9474333800,-0.019926,21.00,tb-ema_trend-LTCUSDT-1753048800-B,tb-ema_trend-LTCUSDT-1753124400-T
ETH/USDT,ema_trend,2025-07-20 23:00,3748.95,2025-07-22 01:59,3714.10,trailing,0.4809,3.5908552200,-20.3502202200,-0.011288,27.00,tb-ema_trend-ETHUSDT-1753048800-B,tb-ema_trend-ETHUSDT-1753146000-T
BNB/USDT,ema_trend,2025-07-21 20:00,757.52,2025-07-22 04:59,745.72,trailing,1.724,2.5931008000,-22.9363008000,-0.017563,9.00,tb-ema_trend-BNBUSDT-1753124400-B,tb-ema_trend-BNBUSDT-1753156800-T
LTC/USDT,ema_trend,2025-07-22 02:00,116.91,2025-07-22 08:59,113.02,stop,12.195,2.8055161800,-50.2440661800,-0.035241,7.00,tb-ema_trend-LTCUSDT-1753146000-B,tb-ema_trend-LTCUSDT-1753171200-X
ETH/USDT,ema_trend,2025-07-22 06:00,3691.53,2025-07-22 13:00,3699.68,signal,0.3765,2.7842671770,0.2842078230,0.000204,7.00,tb-ema_trend-ETHUSDT-1753160400-B,tb-ema_trend-ETHUSDT-1753185600-S
XRP/USDT,ema_trend,2025-07-22 09:00,3.4699,2025-07-23 08:00,3.4659,signal,399.5,2.772240060000,-4.370240060000,-0.003153,23.00,tb-ema_trend-XRPUSDT-1753171200-B,tb-ema_trend-XRPUSDT-1753254000-S
SOL/USDT,ema_trend,2025-07-21 20:00,194.74,2025-07-23 09:59,197.61,trailing,8.946,3.5117157600,22.1633042400,0.012722,38.00,tb-ema_trend-SOLUSDT-1753124400-B,tb-ema_trend-SOLUSDT-1753261200-T
ADA/USDT,ema_trend,2025-07-23 10:00,0.8623,2025-07-23 12:00,0.8618,signal,1717.4,2.962521480000,-3.821221480000,-0.002580,2.00,tb-ema_trend-ADAUSDT-1753261200-B,tb-ema_trend-ADAUSDT-1753268400-S
LTC/USDT,ema_trend,2025-07-22 14:00,113.26,2025-07-23 12:59,115.66,trailing,12.249,2.8055134600,26.5920865400,0.019168,23.00,tb-ema_trend-LTCUSDT-1753189200-B,tb-ema_trend-LTCUSDT-1753272000-T
BNB/USDT,ema_trend,2025-07-23 09:00,793.86,2025-07-23 13:59,784.50,trailing,1.745,2.7558259200,-19.0890259200,-0.013780,5.00,tb-ema_trend-BNBUSDT-1753257600-B,tb-ema_trend-BNBUSDT-1753275600-T
BTC/USDT,ema_trend,2025-07-23 15:00,118264.10,2025-07-23 17:00,117653.67,signal,0.01378,3.2533121500,-11.6650375500,-0.007158,2.00,tb-ema_trend-BTCUSDT-1753279200-B,tb-ema_trend-BTCUSDT-1753286400-S
LTC/USDT,ema_trend,2025-07-23 15:00,114.26,2025-07-23 17:00,112.29,signal,10.707,2.4269277100,-23.5197177100,-0.019225,2.00,tb-ema_trend-LTCUSDT-1753279200-B,tb-ema_trend-LTCUSDT-1753286400-S
SOL/USDT,ema_trend,2025-07-23 14:00,189.28,2025-07-23 18:00,188.60,signal,11.489,4.3437346800,-12.1562546800,-0.005590,4.00,tb-ema_trend-SOLUSDT-1753275600-B,tb-ema_trend-SOLUSDT-1753290000-S
BTC/USDT,ema_trend,2025-07-24 01:00,119119.55,2025-07-24 04:59,117786.09,stop,0.01474,3.4943715280,-23.1495719280,-0.013184,4.00,tb-ema_trend-BTCUSDT-1753315200-B,tb-ema_trend-BTCUSDT-1753329600-X
BNB/USDT,ema_trend,2025-07-23 18:00,771.27,2025-07-24 05:59,755.80,trailing,2.102,3.2122149500,-35.7301549500,-0.022039,12.00,tb-ema_trend-BNBUSDT-1753290000-B,tb-ema_trend-BNBUSDT-1753333200-T
ETH/USDT,ema_trend,2025-07-24 19:00,3742.69,2025-07-25 02:59,3638.32,stop,0.5738,4.2374691560,-64.1249751560,-0.029860,8.00,tb-ema_trend-ETHUSDT-1753380000-B,tb-ema_trend-ETHUSDT-1753408800-X
ETH/USDT,ema_trend,2025-07-25 05:00,3650.42,2025-07-25 06:00,3631.59,signal,0.5839,4.2541558900,-15.2489928900,-0.007154,1.00,tb-ema_trend-ETHUSDT-1753416000-B,tb-ema_trend-ETHUSDT-1753419600-S
ETH/USDT,ema_trend,2025-07-25 10:00,3727.96,2025-07-25 14:59,3621.56,stop,0.5707,4.1966078380,-64.9190878380,-0.030514,5.00,tb-ema_trend-ETHUSDT-1753434000-B,tb-ema_trend-ETHUSDT-1753452000-X
SOL/USDT,ema_trend,2025-07-26 10:00,189.09,2025-07-26 17:59,185.39,stop,11.167,4.1840872400,-45.5019872400,-0.021549,8.00,tb-ema_trend-SOLUSDT-1753520400-B,tb-ema_trend-SOLUSDT-1753549200-X
ADA/USDT,ema_trend,2025-07-26 17:00,0.8351,2025-07-27 00:59,0.8174,stop,1422.3,2.351603400000,-27.526313400000,-0.023175,8.00,tb-ema_trend-ADAUSDT-1753545600-B,tb-ema_trend-ADAUSDT-1753574400-X
BTC/USDT,ema_trend,2025-07-26 14:00,118184.31,2025-07-28 13:59,118363.40,trailing,0.01339,3.1697375271,-0.7717224271,-0.000488,48.00,tb-ema_trend-BTCUSDT-1753534800-B,tb-ema_trend-BTCUSDT-1753707600-T
ETH/USDT,ema_trend,2025-07-27 02:00,3758.31,2025-07-28 13:59,3837.76,trailing,0.3387,2.5742922310,24.3354227690,0.019118,36.00,tb-ema_trend-ETHUSDT-1753578000-B,tb-ema_trend-ETHUSDT-1753707600-T
BNB/USDT,ema_trend,2025-07-27 01:00,797.60,2025-07-28 14:59,834.48,trailing,2.127,3.4738269600,74.9699330400,0.044191,38.00,tb-ema_trend-BNBUSDT-1753574400-B,tb-ema_trend-BNBUSDT-1753711200-T
LINK/USDT,ema_trend,2025-07-28 14:00,18.770,2025-07-28 15:59,18.309,stop,89.22,3.30987768000,-44.44029768000,-0.026537,2.00,tb-ema_trend-LINKUSDT-1753707600-B,tb-ema_trend-LINKUSDT-1753714800-X
SOL/USDT,ema_trend,2025-07-28 14:00,190.29,2025-07-28 16:59,186.09,stop,6.600,2.4854400300,-30.2054400300,-0.024051,3.00,tb-ema_trend-SOLUSDT-1753707600-B,tb-ema_trend-SOLUSDT-1753718400-X
BNB/USDT,ema_trend,2025-07-28 17:00,838.67,2025-07-28 21:59,820.64,stop,1.567,2.6018161100,-30.8548261100,-0.023478,5.00,tb-ema_trend-BNBUSDT-1753718400-B,tb-ema_trend-BNBUSDT-1753736400-X
BTC/USDT,ema_trend,2025-07-28 16:00,118233.98,2025-07-28 22:00,118047.83,signal,0.01136,2.6865260424,-4.8011900424,-0.003575,6.00,tb-ema_trend-BTCUSDT-1753714800-B,tb-ema_trend-BTCUSDT-1753736400-S
ETH/USDT,ema_trend,2025-07-28 16:00,3810.02,2025-07-29 02:59,3737.46,stop,0.4704,3.5522395980,-37.6844635980,-0.021027,11.00,tb-ema_trend-ETHUSDT-1753714800-B,tb-ema_trend-ETHUSDT-1753754400-X
ETH/USDT,ema_trend,2025-07-29 08:00,3879.30,2025-07-29 14:59,3802.53,stop,0.4304,3.3081992800,-36.3500072800,-0.021771,7.00,tb-ema_trend-ETHUSDT-1753772400-B,tb-ema_trend-ETHUSDT-1753797600-X
BTC/USDT,ema_trend,2025-07-29 09:00,118983.28,2025-07-29 14:59,117970.52,stop,0.01051,2.4927641084,-13.1368717084,-0.010505,6.00,tb-ema_trend-BTCUSDT-1753776000-B,tb-ema_trend-BTCUSDT-1753797600-X
BNB/USDT,ema_trend,2025-07-29 00:00,824.49,2025-07-29 15:59,806.67,stop,1.990,3.2476573800,-38.7094573800,-0.023593,16.00,tb-ema_trend-BNBUSDT-1753743600-B,tb-ema_trend-BNBUSDT-1753801200-X
