pair,strategy,entry_time,entry_price,exit_time,exit_price,exit_reason,qty,fees_quote,pnl,pnl_pct,duration_hours,entry_client_order_id,exit_client_order_id
ETH/USDT,supertrend,2021-08-15 21:00,3266.19,2021-08-16 13:59,3209.77,trailing,0.2109,1.3667598180,-13.2657378180,-0.019258,17.00,tb-supertrend-ETHUSDT-1629057600-B,tb-supertrend-ETHUSDT-1629118800-T
LINK/USDT,supertrend,2021-08-15 23:00,27.796,2021-08-16 19:59,28.674,trailing,18.48,1.04412152000,15.18131848000,0.029555,21.00,tb-supertrend-LINKUSDT-1629064800-B,tb-supertrend-LINKUSDT-1629140400-T
LINK/USDT,supertrend,2021-08-17 12:00,29.982,2021-08-17 17:59,27.981,stop,12.83,0.74426493000,-26.41709493000,-0.068675,6.00,tb-supertrend-LINKUSDT-1629198000-B,tb-supertrend-LINKUSDT-1629219600-X
BNB/USDT,supertrend,2021-08-17 12:00,433.44,2021-08-17 19:59,413.98,stop,1.340,1.1364096800,-27.2128096800,-0.046853,8.00,tb-supertrend-BNBUSDT-1629198000-B,tb-supertrend-BNBUSDT-1629226800-X
ETH/USDT,supertrend,2021-08-23 01:00,3255.35,2021-08-24 13:59,3261.15,trailing,0.2426,1.5818795050,-0.1747995050,-0.000221,37.00,tb-supertrend-ETHUSDT-1629676800-B,tb-supertrend-ETHUSDT-1629810000-T
LINK/USDT,supertrend,2021-08-23 03:00,28.566,2021-08-24 13:59,28.017,trailing,18.75,1.06150257000,-11.35525257000,-0.021200,35.00,tb-supertrend-LINKUSDT-1629684000-B,tb-supertrend-LINKUSDT-1629810000-T
BNB/USDT,supertrend,2021-08-25 07:00,494.25,2021-08-25 09:59,469.63,stop,1.047,1.0101708600,-26.7873108600,-0.051765,3.00,tb-supertrend-BNBUSDT-1629871200-B,tb-supertrend-BNBUSDT-1629882000-X
BTC/USDT,supertrend,2021-08-25 19:00,49022.49,2021-08-26 03:59,47805.34,trailing,0.01731,1.6770701917,-22.7459366917,-0.026805,9.00,tb-supertrend-BTCUSDT-1629914400-B,tb-supertrend-BTCUSDT-1629946800-T
ETH/USDT,supertrend,2021-08-25 18:00,3231.28,2021-08-26 04:59,3129.88,trailing,0.1967,1.2518864320,-21.1972664320,-0.033350,11.00,tb-supertrend-ETHUSDT-1629910800-B,tb-supertrend-ETHUSDT-1629950400-T
ADA/USDT,supertrend,2021-08-27 12:00,2.7215,2021-08-28 11:59,2.7957,trailing,142.0,0.783986700000,9.752413300000,0.025236,24.00,tb-supertrend-ADAUSDT-1630062000-B,tb-supertrend-ADAUSDT-1630148400-T
SOL/USDT,supertrend,2021-08-26 14:00,73.29,2021-08-29 09:59,91.42,trailing,3.949,0.6507329500,70.9446370500,0.245125,68.00,tb-supertrend-SOLUSDT-1629982800-B,tb-supertrend-SOLUSDT-1630227600-T
ETH/USDT,supertrend,2021-08-30 17:00,3275.15,2021-08-30 23:59,3234.82,trailing,0.2621,1.7072456800,-12.2777386800,-0.014303,7.00,tb-supertrend-ETHUSDT-1630339200-B,tb-supertrend-ETHUSDT-1630364400-T
LINK/USDT,supertrend,2021-08-30 19:00,25.612,2021-08-30 23:59,25.268,trailing,24.88,1.26666276000,-9.82538276000,-0.015419,5.00,tb-supertrend-LINKUSDT-1630346400-B,tb-supertrend-LINKUSDT-1630364400-T
ETH/USDT,supertrend,2021-08-31 08:00,3364.83,2021-09-03 01:59,3702.59,trailing,0.1903,1.3456029950,62.9301250050,0.098278,66.00,tb-supertrend-ETHUSDT-1630393200-B,tb-supertrend-ETHUSDT-1630630800-T
LINK/USDT,supertrend,2021-08-31 12:00,26.964,2021-09-03 01:59,29.169,trailing,16.77,0.94188969000,36.03596031000,0.079693,62.00,tb-supertrend-LINKUSDT-1630407600-B,tb-supertrend-LINKUSDT-1630630800-T
BTC/USDT,supertrend,2021-09-03 09:00,50086.88,2021-09-04 17:59,49431.65,trailing,0.01818,1.8102486160,-13.7223300160,-0.015070,33.00,tb-supertrend-BTCUSDT-1630656000-B,tb-supertrend-BTCUSDT-1630774800-T
BNB/USDT,supertrend,2021-09-04 13:00,505.21,2021-09-05 06:59,488.38,trailing,1.563,1.5539915900,-27.8592815900,-0.035281,18.00,tb-supertrend-BNBUSDT-1630756800-B,tb-supertrend-BNBUSDT-1630821600-T
LINK/USDT,supertrend,2021-09-05 16:00,31.513,2021-09-06 12:59,33.176,trailing,19.41,1.25624375000,31.02258625000,0.050718,21.00,tb-supertrend-LINKUSDT-1630854000-B,tb-supertrend-LINKUSDT-1630929600-T
XRP/USDT,supertrend,2021-09-05 16:00,1.2903,2021-09-06 12:59,1.3285,trailing,590.6,1.547437460000,21.013482540000,0.027575,21.00,tb-supertrend-XRPUSDT-1630854000-B,tb-supertrend-XRPUSDT-1630929600-T
SOL/USDT,supertrend,2021-09-08 20:00,195.05,2021-09-09 18:59,185.99,trailing,0.828,0.3156961700,-7.8173761700,-0.048404,23.00,tb-supertrend-SOLUSDT-1631127600-B,tb-supertrend-SOLUSDT-1631210400-T
XRP/USDT,supertrend,2021-09-10 02:00,1.2185,2021-09-10 03:59,1.1221,stop,265.8,0.622497030000,-26.245617030000,-0.081036,2.00,tb-supertrend-XRPUSDT-1631235600-B,tb-supertrend-XRPUSDT-1631242800-X
BNB/USDT,supertrend,2021-09-10 02:00,440.28,2021-09-10 07:59,418.17,trailing,1.041,0.8945270100,-23.9110370100,-0.052170,6.00,tb-supertrend-BNBUSDT-1631235600-B,tb-supertrend-BNBUSDT-1631257200-T
ADA/USDT,supertrend,2021-09-15 14:00,2.5061,2021-09-16 02:59,2.4428,trailing,207.1,1.025669020000,-14.135099020000,-0.027235,13.00,tb-supertrend-ADAUSDT-1631710800-B,tb-supertrend-ADAUSDT-1631757600-T
XRP/USDT,supertrend,2021-09-15 15:00,1.1022,2021-09-16 14:59,1.0885,trailing,734.0,1.608855560000,-11.664655560000,-0.014418,24.00,tb-supertrend-XRPUSDT-1631714400-B,tb-supertrend-XRPUSDT-1631800800-T
BTC/USDT,supertrend,2021-09-18 05:00,48425.96,2021-09-19 01:59,47635.74,trailing,0.02055,1.9755207168,-18.2145417168,-0.018303,21.00,tb-supertrend-BTCUSDT-1631937600-B,tb-supertrend-BTCUSDT-1632013200-T
SOL/USDT,supertrend,2021-09-18 07:00,155.82,2021-09-19 11:59,158.19,trailing,1.998,0.6278594400,4.1074005600,0.013193,29.00,tb-supertrend-SOLUSDT-1631944800-B,tb-supertrend-SOLUSDT-1632049200-T
BNB/USDT,supertrend,2021-09-19 17:00,418.24,2021-09-19 22:59,406.38,stop,2.245,1.8525266200,-28.4782266200,-0.030330,6.00,tb-supertrend-BNBUSDT-1632067200-B,tb-supertrend-BNBUSDT-1632088800-X
LINK/USDT,supertrend,2021-10-07 14:00,27.716,2021-10-08 03:59,26.329,trailing,16.10,0.87067882000,-23.20137882000,-0.051994,14.00,tb-supertrend-LINKUSDT-1633611600-B,tb-supertrend-LINKUSDT-1633662000-T
SOL/USDT,supertrend,2021-10-08 11:00,164.96,2021-10-08 23:59,157.43,trailing,2.589,0.8351625900,-20.3303325900,-0.047603,13.00,tb-supertrend-SOLUSDT-1633687200-B,tb-supertrend-SOLUSDT-1633734000-T
LTC/USDT,supertrend,2021-10-11 08:00,184.87,2021-10-11 11:59,177.19,trailing,3.298,1.1948133600,-26.5234533600,-0.043502,4.00,tb-supertrend-LTCUSDT-1633935600-B,tb-supertrend-LTCUSDT-1633950000-T
ETH/USDT,supertrend,2021-10-11 08:00,3584.23,2021-10-11 20:59,3481.11,trailing,0.1987,1.4045999070,-21.8945439070,-0.030743,13.00,tb-supertrend-ETHUSDT-1633935600-B,tb-supertrend-ETHUSDT-1633982400-T
BNB/USDT,supertrend,2021-10-12 14:00,431.87,2021-10-13 05:59,438.79,trailing,1.093,0.9524951200,6.6110648800,0.014005,16.00,tb-supertrend-BNBUSDT-1634043600-B,tb-supertrend-BNBUSDT-1634101200-T
SOL/USDT,supertrend,2021-10-12 17:00,149.69,2021-10-13 13:59,145.00,trailing,2.339,0.6897289800,-11.6596389800,-0.033301,21.00,tb-supertrend-SOLUSDT-1634054400-B,tb-supertrend-SOLUSDT-1634130000-T
BTC/USDT,supertrend,2021-10-13 17:00,57055.62,2021-10-16 12:59,60660.76,trailing,0.01119,1.3183874002,39.0231291998,0.061121,68.00,tb-supertrend-BTCUSDT-1634140800-B,tb-supertrend-BTCUSDT-1634385600-T
LTC/USDT,supertrend,2021-10-13 13:00,178.36,2021-10-16 20:59,185.61,trailing,2.786,1.0145555000,19.1839445000,0.038606,80.00,tb-supertrend-LTCUSDT-1634126400-B,tb-supertrend-LTCUSDT-1634414400-T
BTC/USDT,supertrend,2021-10-18 00:00,61651.38,2021-10-18 09:59,60680.53,trailing,0.01342,1.6429272572,-14.6717342572,-0.017733,10.00,tb-supertrend-BTCUSDT-1634511600-B,tb-supertrend-BTCUSDT-1634547600-T
ETH/USDT,supertrend,2021-10-18 00:00,3854.70,2021-10-18 10:59,3746.39,trailing,0.1744,1.3264010400,-20.2156650400,-0.030071,11.00,tb-supertrend-ETHUSDT-1634511600-B,tb-supertrend-ETHUSDT-1634551200-T
BTC/USDT,supertrend,2021-10-19 17:00,63295.33,2021-10-21 01:59,65019.93,trailing,0.01209,1.5525973963,19.2978166037,0.025218,33.00,tb-supertrend-BTCUSDT-1634659200-B,tb-supertrend-BTCUSDT-1634778000-T
ETH/USDT,supertrend,2021-10-19 23:00,3886.21,2021-10-21 12:59,4141.77,trailing,0.2034,1.6340569970,50.3468470030,0.063693,38.00,tb-supertrend-ETHUSDT-1634680800-B,tb-supertrend-ETHUSDT-1634817600-T
BNB/USDT,supertrend,2021-10-22 09:00,498.20,2021-10-22 14:59,480.00,trailing,1.363,1.3342830000,-26.1408830000,-0.038496,6.00,tb-supertrend-BNBUSDT-1634889600-B,tb-supertrend-BNBUSDT-1634911200-T
ETH/USDT,supertrend,2021-10-23 18:00,4113.77,2021-10-24 11:59,4046.39,trailing,0.1804,1.4729156220,-13.6282676220,-0.018364,18.00,tb-supertrend-ETHUSDT-1635008400-B,tb-supertrend-ETHUSDT-1635073200-T
LTC/USDT,supertrend,2021-10-24 04:00,198.70,2021-10-24 11:59,192.58,trailing,4.022,1.5747216600,-26.1893616600,-0.032771,8.00,tb-supertrend-LTCUSDT-1635044400-B,tb-supertrend-LTCUSDT-1635073200-T
SOL/USDT,supertrend,2021-10-24 22:00,200.21,2021-10-26 04:59,206.53,trailing,2.324,0.9458643900,13.7418156100,0.029534,31.00,tb-supertrend-SOLUSDT-1635109200-B,tb-supertrend-SOLUSDT-1635220800-T
ETH/USDT,supertrend,2021-10-25 01:00,4140.24,2021-10-26 14:59,4133.71,trailing,0.1883,1.5588128300,-2.7884118300,-0.003577,38.00,tb-supertrend-ETHUSDT-1635120000-B,tb-supertrend-ETHUSDT-1635256800-T
LTC/USDT,supertrend,2021-10-27 00:00,197.90,2021-10-27 07:59,194.67,trailing,3.571,1.4026590700,-12.9369890700,-0.018306,8.00,tb-supertrend-LTCUSDT-1635289200-B,tb-supertrend-LTCUSDT-1635318000-T
ADA/USDT,supertrend,2021-10-28 09:00,2.0572,2021-10-28 18:59,1.9476,trailing,189.0,0.757318640000,-21.471718640000,-0.055224,10.00,tb-supertrend-ADAUSDT-1635408000-B,tb-supertrend-ADAUSDT-1635444000-T
LTC/USDT,supertrend,2021-10-28 20:00,193.39,2021-10-30 08:59,191.03,trailing,2.580,0.9923837700,-7.0811837700,-0.014192,37.00,tb-supertrend-LTCUSDT-1635447600-B,tb-supertrend-LTCUSDT-1635580800-T
BNB/USDT,supertrend,2021-10-28 09:00,479.96,2021-10-30 13:59,516.66,trailing,1.166,1.1630188400,41.6291811600,0.074387,53.00,tb-supertrend-BNBUSDT-1635408000-B,tb-supertrend-BNBUSDT-1635598800-T
ADA/USDT,supertrend,2021-10-31 03:00,2.0091,2021-10-31 10:59,1.9378,trailing,348.9,1.377877050000,-26.254447050000,-0.037454,8.00,tb-supertrend-ADAUSDT-1635645600-B,tb-supertrend-ADAUSDT-1635674400-T
LINK/USDT,supertrend,2021-11-01 01:00,30.381,2021-11-01 04:59,29.209,trailing,21.62,1.28924723000,-26.62788723000,-0.040540,4.00,tb-supertrend-LINKUSDT-1635724800-B,tb-supertrend-LINKUSDT-1635739200-T
BTC/USDT,supertrend,2021-11-01 08:00,62300.65,2021-11-01 18:59,60433.77,trailing,0.01190,1.4617856080,-23.6776576080,-0.031937,11.00,tb-supertrend-BTCUSDT-1635750000-B,tb-supertrend-BTCUSDT-1635789600-T
LTC/USDT,supertrend,2021-11-01 23:00,197.00,2021-11-03 12:59,199.27,trailing,3.139,1.2446795300,5.8808504700,0.009510,38.00,tb-supertrend-LTCUSDT-1635804000-B,tb-supertrend-LTCUSDT-1635940800-T
BNB/USDT,supertrend,2021-11-03 19:00,563.63,2021-11-03 22:59,547.33,trailing,1.131,1.2576230200,-19.6929230200,-0.030893,4.00,tb-supertrend-BNBUSDT-1635962400-B,tb-supertrend-BNBUSDT-1635976800-T
SOL/USDT,supertrend,2021-10-31 16:00,195.38,2021-11-05 12:59,235.10,trailing,2.209,0.9515164600,86.7899635400,0.201091,117.00,tb-supertrend-SOLUSDT-1635692400-B,tb-supertrend-SOLUSDT-1636113600-T
LINK/USDT,supertrend,2021-11-05 13:00,33.097,2021-11-06 07:59,32.098,trailing,17.45,1.13831469000,-18.57086469000,-0.032155,19.00,tb-supertrend-LINKUSDT-1636113600-B,tb-supertrend-LINKUSDT-1636182000-T
BNB/USDT,supertrend,2021-11-05 04:00,581.57,2021-11-06 12:59,596.52,trailing,1.253,1.4773099100,17.2550400900,0.023679,33.00,tb-supertrend-BNBUSDT-1636081200-B,tb-supertrend-BNBUSDT-1636200000-T
BTC/USDT,supertrend,2021-11-07 01:00,62044.04,2021-11-09 15:59,66697.37,trailing,0.02113,2.7221673164,95.6026955836,0.072924,63.00,tb-supertrend-BTCUSDT-1636243200-B,tb-supertrend-BTCUSDT-1636470000-T
ETH/USDT,supertrend,2021-11-06 20:00,4502.73,2021-11-09 19:59,4721.65,trailing,0.2118,1.9550745030,44.4121814970,0.046569,72.00,tb-supertrend-ETHUSDT-1636225200-B,tb-supertrend-ETHUSDT-1636484400-T
BNB/USDT,supertrend,2021-11-10 10:00,648.10,2021-11-10 19:59,636.50,trailing,1.279,1.6442996000,-16.4806996000,-0.019882,10.00,tb-supertrend-BNBUSDT-1636534800-B,tb-supertrend-BNBUSDT-1636570800-T
LINK/USDT,supertrend,2021-11-10 14:00,36.674,2021-11-10 19:59,35.926,trailing,13.24,0.96195748000,-10.86547748000,-0.022377,6.00,tb-supertrend-LINKUSDT-1636549200-B,tb-supertrend-LINKUSDT-1636570800-T
SOL/USDT,supertrend,2021-11-11 06:00,243.44,2021-11-11 23:59,234.12,trailing,1.781,0.8510212400,-17.4499412400,-0.040247,18.00,tb-supertrend-SOLUSDT-1636606800-B,tb-supertrend-SOLUSDT-1636671600-T
BNB/USDT,supertrend,2021-11-13 12:00,633.87,2021-11-14 08:59,635.71,trailing,1.452,1.8446979000,0.8269821000,0.000899,21.00,tb-supertrend-BNBUSDT-1636801200-B,tb-supertrend-BNBUSDT-1636876800-T
LTC/USDT,supertrend,2021-11-13 15:00,260.93,2021-11-14 08:59,249.42,trailing,1.496,0.7640054600,-17.9829654600,-0.046069,18.00,tb-supertrend-LTCUSDT-1636812000-B,tb-supertrend-LTCUSDT-1636876800-T
XRP/USDT,supertrend,2021-11-15 01:00,1.2137,2021-11-15 16:59,1.1812,trailing,766.2,1.835943340000,-26.737443340000,-0.028752,16.00,tb-supertrend-XRPUSDT-1636934400-B,tb-supertrend-XRPUSDT-1636992000-T
ETH/USDT,supertrend,2021-11-15 01:00,4683.79,2021-11-15 16:59,4618.37,trailing,0.1986,1.8483457320,-14.8407577320,-0.015954,16.00,tb-supertrend-ETHUSDT-1636934400-B,tb-supertrend-ETHUSDT-1636992000-T
BNB/USDT,supertrend,2023-01-16 02:00,306.22,2023-01-16 08:59,297.96,trailing,2.962,1.7904998200,-26.2566198200,-0.028948,7.00,tb-supertrend-BNBUSDT-1673830800-B,tb-supertrend-BNBUSDT-1673856000-T
XRP/USDT,supertrend,2023-01-16 04:00,0.4062,2023-01-16 08:59,0.3909,trailing,1712.5,1.365764910000,-27.567014910000,-0.039630,5.00,tb-supertrend-XRPUSDT-1673838000-B,tb-supertrend-XRPUSDT-1673856000-T
LINK/USDT,supertrend,2023-01-17 20:00,6.878,2023-01-18 10:59,6.691,trailing,91.41,1.24103009000,-18.33470009000,-0.029162,15.00,tb-supertrend-LINKUSDT-1673982000-B,tb-supertrend-LINKUSDT-1674036000-T
LTC/USDT,supertrend,2023-01-17 12:00,88.15,2023-01-18 15:59,85.55,trailing,9.132,1.5871099000,-25.3303099000,-0.031467,28.00,tb-supertrend-LTCUSDT-1673953200-B,tb-supertrend-LTCUSDT-1674054000-T
ETH/USDT,supertrend,2023-01-19 20:00,1555.06,2023-01-21 10:59,1620.19,trailing,0.5972,1.8971923380,36.9984436620,0.039840,39.00,tb-supertrend-ETHUSDT-1674154800-B,tb-supertrend-ETHUSDT-1674295200-T
BTC/USDT,supertrend,2023-01-19 20:00,21134.29,2023-01-22 11:59,22692.48,trailing,0.05664,2.4836163130,85.7722652870,0.071653,64.00,tb-supertrend-BTCUSDT-1674154800-B,tb-supertrend-BTCUSDT-1674385200-T
LINK/USDT,supertrend,2023-01-22 17:00,7.166,2023-01-22 20:59,6.841,trailing,72.96,1.02252400000,-24.73452400000,-0.047309,4.00,tb-supertrend-LINKUSDT-1674403200-B,tb-supertrend-LINKUSDT-1674417600-T
LTC/USDT,supertrend,2023-01-23 12:00,92.19,2023-01-24 13:59,89.32,trailing,7.744,1.4063509600,-23.6316309600,-0.033101,26.00,tb-supertrend-LTCUSDT-1674471600-B,tb-supertrend-LTCUSDT-1674565200-T
XRP/USDT,supertrend,2023-01-23 08:00,0.4144,2023-01-24 21:59,0.4141,trailing,1893.5,1.569552110000,-2.137602110000,-0.002724,38.00,tb-supertrend-XRPUSDT-1674457200-B,tb-supertrend-XRPUSDT-1674594000-T
SOL/USDT,supertrend,2023-01-25 13:00,24.33,2023-01-25 15:59,22.96,stop,18.934,0.8958511300,-26.8354311300,-0.058254,3.00,tb-supertrend-SOLUSDT-1674648000-B,tb-supertrend-SOLUSDT-1674658800-X
ETH/USDT,supertrend,2023-01-25 21:00,1583.86,2023-01-26 16:59,1580.03,trailing,0.6169,1.9529124460,-4.3156394460,-0.004417,20.00,tb-supertrend-ETHUSDT-1674676800-B,tb-supertrend-ETHUSDT-1674748800-T
ADA/USDT,supertrend,2023-01-25 21:00,0.3675,2023-01-27 01:59,0.3707,trailing,2013.0,1.486768350000,4.954831650000,0.006698,29.00,tb-supertrend-ADAUSDT-1674676800-B,tb-supertrend-ADAUSDT-1674781200-T
LTC/USDT,supertrend,2023-01-28 04:00,89.61,2023-01-28 13:59,87.48,trailing,11.319,2.0055570300,-26.1150270300,-0.025747,10.00,tb-supertrend-LTCUSDT-1674874800-B,tb-supertrend-LTCUSDT-1674910800-T
LINK/USDT,supertrend,2023-01-29 10:00,7.400,2023-01-30 07:59,7.206,trailing,114.56,1.67415136000,-23.89879136000,-0.028191,22.00,tb-supertrend-LINKUSDT-1674982800-B,tb-supertrend-LINKUSDT-1675062000-T
ETH/USDT,supertrend,2023-01-29 02:00,1605.90,2023-01-30 08:59,1615.84,trailing,0.6369,2.0530503400,4.2777356600,0.004182,31.00,tb-supertrend-ETHUSDT-1674954000-B,tb-supertrend-ETHUSDT-1675065600-T
SOL/USDT,supertrend,2023-02-01 20:00,24.29,2023-02-02 14:59,24.64,trailing,18.390,0.9002842100,5.5362157900,0.012394,19.00,tb-supertrend-SOLUSDT-1675278000-B,tb-supertrend-SOLUSDT-1675346400-T
ADA/USDT,supertrend,2023-02-01 20:00,0.3883,2023-02-02 21:59,0.3963,trailing,1480.6,1.162261210000,10.682538790000,0.018581,26.00,tb-supertrend-ADAUSDT-1675278000-B,tb-supertrend-ADAUSDT-1675371600-T
BNB/USDT,supertrend,2023-02-03 13:00,335.17,2023-02-04 09:59,327.04,trailing,2.386,1.5810385700,-20.9792185700,-0.026233,21.00,tb-supertrend-BNBUSDT-1675425600-B,tb-supertrend-BNBUSDT-1675501200-T
ETH/USDT,supertrend,2023-02-04 14:00,1687.60,2023-02-05 03:59,1653.93,trailing,0.7365,2.4623869300,-27.2603419300,-0.021933,14.00,tb-supertrend-ETHUSDT-1675515600-B,tb-supertrend-ETHUSDT-1675566000-T
ADA/USDT,supertrend,2023-02-06 01:00,0.4004,2023-02-06 05:59,0.3878,trailing,2063.0,1.626897440000,-27.620697440000,-0.033438,5.00,tb-supertrend-ADAUSDT-1675641600-B,tb-supertrend-ADAUSDT-1675659600-T
LTC/USDT,supertrend,2023-02-06 18:00,97.84,2023-02-06 23:59,95.42,trailing,10.214,1.9750338800,-26.6929138800,-0.026711,6.00,tb-supertrend-LTCUSDT-1675702800-B,tb-supertrend-LTCUSDT-1675724400-T
LINK/USDT,supertrend,2023-02-07 13:00,7.067,2023-02-07 18:59,6.911,trailing,156.97,2.19525738000,-26.68257738000,-0.024053,6.00,tb-supertrend-LINKUSDT-1675771200-B,tb-supertrend-LINKUSDT-1675792800-T
BTC/USDT,supertrend,2023-02-07 18:00,23329.49,2023-02-07 18:59,22894.07,stop,0.06359,2.9409892434,-30.6293470434,-0.020646,1.00,tb-supertrend-BTCUSDT-1675789200-B,tb-supertrend-BTCUSDT-1675792800-X
XRP/USDT,supertrend,2023-02-07 21:00,0.4025,2023-02-08 16:59,0.3960,trailing,2355.4,1.881752900000,-17.191852900000,-0.018134,20.00,tb-supertrend-XRPUSDT-1675800000-B,tb-supertrend-XRPUSDT-1675872000-T
LINK/USDT,supertrend,2023-02-09 08:00,7.462,2023-02-09 19:59,7.286,trailing,69.11,1.01975662000,-13.18311662000,-0.025564,12.00,tb-supertrend-LINKUSDT-1675926000-B,tb-supertrend-LINKUSDT-1675969200-T
XRP/USDT,supertrend,2023-02-09 15:00,0.4049,2023-02-09 19:59,0.3939,stop,2421.6,1.935386330000,-28.572986330000,-0.029141,5.00,tb-supertrend-XRPUSDT-1675951200-B,tb-supertrend-XRPUSDT-1675969200-X
LTC/USDT,supertrend,2023-02-11 04:00,94.82,2023-02-12 21:59,92.77,trailing,7.827,1.4690254900,-17.5143754900,-0.023599,42.00,tb-supertrend-LTCUSDT-1676084400-B,tb-supertrend-LTCUSDT-1676235600-T
ADA/USDT,supertrend,2023-02-11 23:00,0.3691,2023-02-12 21:59,0.3647,trailing,2938.1,2.157085080000,-15.084725080000,-0.013910,23.00,tb-supertrend-ADAUSDT-1676152800-B,tb-supertrend-ADAUSDT-1676235600-T
ADA/USDT,supertrend,2023-02-14 10:00,0.3624,2023-02-16 07:59,0.4045,trailing,2604.2,1.998139460000,107.638680540000,0.114053,46.00,tb-supertrend-ADAUSDT-1676365200-B,tb-supertrend-ADAUSDT-1676530800-T
SOL/USDT,supertrend,2023-02-14 10:00,21.51,2023-02-16 21:59,22.97,trailing,26.167,1.1644889300,37.0393310700,0.065806,60.00,tb-supertrend-SOLUSDT-1676365200-B,tb-supertrend-SOLUSDT-1676581200-T
LINK/USDT,supertrend,2023-02-17 18:00,7.451,2023-02-19 17:59,7.866,trailing,81.42,1.24778073000,32.54151927000,0.053640,48.00,tb-supertrend-LINKUSDT-1676653200-B,tb-supertrend-LINKUSDT-1676826000-T
SOL/USDT,supertrend,2023-02-17 20:00,23.51,2023-02-19 17:59,24.20,trailing,27.143,1.2956508100,17.4330191900,0.027319,46.00,tb-supertrend-SOLUSDT-1676660400-B,tb-supertrend-SOLUSDT-1676826000-T
ETH/USDT,supertrend,2023-02-20 10:00,1715.16,2023-02-21 08:59,1678.71,trailing,0.6605,2.2428517520,-26.3180767520,-0.023231,23.00,tb-supertrend-ETHUSDT-1676883600-B,tb-supertrend-ETHUSDT-1676966400-T
BTC/USDT,supertrend,2023-02-20 10:00,24932.33,2023-02-21 12:59,24501.93,trailing,0.03979,1.9679864939,-19.0936024939,-0.019246,27.00,tb-supertrend-BTCUSDT-1676883600-B,tb-supertrend-BTCUSDT-1676980800-T
BNB/USDT,supertrend,2023-02-23 00:00,313.13,2023-02-23 11:59,307.89,trailing,3.556,2.2095996400,-20.8430396400,-0.018719,12.00,tb-supertrend-BNBUSDT-1677106800-B,tb-supertrend-BNBUSDT-1677150000-T
LINK/USDT,supertrend,2023-02-22 23:00,7.699,2023-02-23 18:59,7.726,trailing,82.03,1.26600566000,0.94880434000,0.001502,20.00,tb-supertrend-LINKUSDT-1677103200-B,tb-supertrend-LINKUSDT-1677175200-T
SOL/USDT,supertrend,2023-02-26 03:00,22.71,2023-02-27 08:59,22.67,trailing,25.379,1.1522894800,-2.1674494800,-0.003761,30.00,tb-supertrend-SOLUSDT-1677376800-B,tb-supertrend-SOLUSDT-1677484800-T
ETH/USDT,supertrend,2023-02-26 03:00,1607.03,2023-02-27 16:59,1627.92,trailing,0.7759,2.5112833310,13.6972676690,0.010985,38.00,tb-supertrend-ETHUSDT-1677376800-B,tb-supertrend-ETHUSDT-1677513600-T
XRP/USDT,supertrend,2023-02-27 15:00,0.3793,2023-02-28 02:59,0.3719,stop,3752.0,2.819943740000,-30.584743740000,-0.021491,12.00,tb-supertrend-XRPUSDT-1677506400-B,tb-supertrend-XRPUSDT-1677549600-X
LTC/USDT,supertrend,2023-02-28 16:00,95.88,2023-02-28 21:59,93.84,stop,13.322,2.5287921600,-29.7056721600,-0.023256,6.00,tb-supertrend-LTCUSDT-1677596400-B,tb-supertrend-LTCUSDT-1677618000-X
XRP/USDT,supertrend,2023-03-03 23:00,0.3760,2023-03-04 19:59,0.3710,trailing,2893.5,2.162534900000,-16.630034900000,-0.015286,21.00,tb-supertrend-XRPUSDT-1677880800-B,tb-supertrend-XRPUSDT-1677956400-T
BNB/USDT,supertrend,2023-03-16 07:00,316.04,2023-03-16 12:59,309.23,trailing,2.235,1.3984265700,-16.6187765700,-0.023528,6.00,tb-supertrend-BNBUSDT-1678946400-B,tb-supertrend-BNBUSDT-1678968000-T
ETH/USDT,supertrend,2023-03-17 02:00,1699.18,2023-03-17 14:59,1701.50,trailing,0.4570,1.5549603500,-0.4947203500,-0.000637,13.00,tb-supertrend-ETHUSDT-1679014800-B,tb-supertrend-ETHUSDT-1679061600-T
BTC/USDT,supertrend,2023-03-17 02:00,25715.11,2023-03-18 16:59,26676.13,trailing,0.02664,1.3964740837,24.2050987163,0.035333,39.00,tb-supertrend-BTCUSDT-1679014800-B,tb-supertrend-BTCUSDT-1679155200-T
ETH/USDT,supertrend,2023-03-19 19:00,1825.97,2023-03-20 00:59,1767.80,stop,0.4496,1.6166719770,-27.7699039770,-0.033826,6.00,tb-supertrend-ETHUSDT-1679248800-B,tb-supertrend-ETHUSDT-1679270400-X
ADA/USDT,supertrend,2023-03-19 19:00,0.3513,2023-03-20 02:59,0.3384,trailing,2020.9,1.394552460000,-27.464162460000,-0.038685,8.00,tb-supertrend-ADAUSDT-1679248800-B,tb-supertrend-ADAUSDT-1679277600-T
LINK/USDT,supertrend,2023-03-20 11:00,7.374,2023-03-20 23:59,7.024,stop,72.82,1.04905228000,-26.53605228000,-0.049418,13.00,tb-supertrend-LINKUSDT-1679306400-B,tb-supertrend-LINKUSDT-1679353200-X
XRP/USDT,supertrend,2023-03-21 10:00,0.3879,2023-03-21 22:59,0.4554,trailing,1799.3,1.518086700000,119.934663300000,0.171839,13.00,tb-supertrend-XRPUSDT-1679389200-B,tb-supertrend-XRPUSDT-1679436000-T
BNB/USDT,supertrend,2023-03-22 07:00,339.58,2023-03-22 09:59,331.28,stop,3.227,2.1662235400,-28.9503235400,-0.026419,3.00,tb-supertrend-BNBUSDT-1679464800-B,tb-supertrend-BNBUSDT-1679475600-X
ETH/USDT,supertrend,2023-03-21 13:00,1809.13,2023-03-22 17:59,1773.93,trailing,0.4129,1.4803500420,-16.0144300420,-0.021439,29.00,tb-supertrend-ETHUSDT-1679400000-B,tb-supertrend-ETHUSDT-1679504400-T
XRP/USDT,supertrend,2023-03-23 08:00,0.4478,2023-03-24 08:59,0.4295,trailing,770.4,0.676230160000,-14.774550160000,-0.042827,25.00,tb-supertrend-XRPUSDT-1679554800-B,tb-supertrend-XRPUSDT-1679644800-T
ETH/USDT,supertrend,2023-03-23 15:00,1807.14,2023-03-24 08:59,1789.45,trailing,0.4724,1.6999326860,-10.0566886860,-0.011780,18.00,tb-supertrend-ETHUSDT-1679580000-B,tb-supertrend-ETHUSDT-1679644800-T
XRP/USDT,supertrend,2023-03-25 05:00,0.4490,2023-03-26 16:59,0.4433,trailing,1147.9,1.024809970000,-7.567839970000,-0.014683,36.00,tb-supertrend-XRPUSDT-1679716800-B,tb-supertrend-XRPUSDT-1679846400-T
LTC/USDT,supertrend,2023-03-26 06:00,94.67,2023-03-27 02:59,91.61,trailing,7.001,1.3049036400,-22.7279636400,-0.034292,21.00,tb-supertrend-LTCUSDT-1679806800-B,tb-supertrend-LTCUSDT-1679882400-T
XRP/USDT,supertrend,2023-03-28 05:00,0.4869,2023-03-29 15:59,0.5364,trailing,843.7,0.863796420000,40.899353580000,0.099561,35.00,tb-supertrend-XRPUSDT-1679976000-B,tb-supertrend-XRPUSDT-1680102000-T
ADA/USDT,supertrend,2023-03-28 14:00,0.3567,2023-03-30 00:59,0.3755,trailing,2098.8,1.537526100000,37.919913900000,0.050652,35.00,tb-supertrend-ADAUSDT-1680008400-B,tb-supertrend-ADAUSDT-1680134400-T
ADA/USDT,supertrend,2023-03-31 10:00,0.3860,2023-04-01 06:59,0.3927,trailing,2020.5,1.574173950000,11.963176050000,0.015339,21.00,tb-supertrend-ADAUSDT-1680253200-B,tb-supertrend-ADAUSDT-1680328800-T
LINK/USDT,supertrend,2023-03-31 08:00,7.527,2023-04-01 14:59,7.450,trailing,96.54,1.44663228000,-8.88021228000,-0.012221,31.00,tb-supertrend-LINKUSDT-1680246000-B,tb-supertrend-LINKUSDT-1680357600-T
XRP/USDT,supertrend,2023-04-02 17:00,0.5259,2023-04-03 01:59,0.5048,trailing,1097.2,1.131462530000,-24.282382530000,-0.042083,9.00,tb-supertrend-XRPUSDT-1680451200-B,tb-supertrend-XRPUSDT-1680483600-T
ADA/USDT,supertrend,2023-04-03 07:00,0.3874,2023-04-03 14:59,0.3871,trailing,2023.1,1.567704490000,-2.174634490000,-0.002775,8.00,tb-supertrend-ADAUSDT-1680501600-B,tb-supertrend-ADAUSDT-1680530400-T
BTC/USDT,supertrend,2023-04-03 09:00,28391.67,2023-04-03 20:59,27791.13,trailing,0.04241,2.3841321282,-27.8530335282,-0.023132,12.00,tb-supertrend-BTCUSDT-1680508800-B,tb-supertrend-BTCUSDT-1680552000-T
SOL/USDT,supertrend,2023-04-03 19:00,20.68,2023-04-03 21:59,20.14,trailing,35.381,1.4449969000,-20.5507369000,-0.028087,3.00,tb-supertrend-SOLUSDT-1680544800-B,tb-supertrend-SOLUSDT-1680555600-T
LINK/USDT,supertrend,2023-04-04 19:00,7.426,2023-04-05 12:59,7.397,trailing,116.12,1.72213788000,-5.08961788000,-0.005902,18.00,tb-supertrend-LINKUSDT-1680631200-B,tb-supertrend-LINKUSDT-1680696000-T
BTC/USDT,supertrend,2023-04-05 01:00,28719.14,2023-04-05 14:59,28182.37,trailing,0.03851,2.1924259170,-22.8634386170,-0.020673,14.00,tb-supertrend-BTCUSDT-1680652800-B,tb-supertrend-BTCUSDT-1680703200-T
ADA/USDT,supertrend,2023-04-05 13:00,0.3997,2023-04-05 15:59,0.3879,stop,2217.3,1.747264790000,-27.911404790000,-0.031494,3.00,tb-supertrend-ADAUSDT-1680696000-B,tb-supertrend-ADAUSDT-1680706800-X
XRP/USDT,supertrend,2023-04-06 18:00,0.5102,2023-04-08 17:59,0.5039,trailing,1629.2,1.653039060000,-11.916999060000,-0.014337,48.00,tb-supertrend-XRPUSDT-1680800400-B,tb-supertrend-XRPUSDT-1680973200-T
ADA/USDT,supertrend,2023-04-08 03:00,0.3874,2023-04-08 22:59,0.3821,trailing,2597.4,1.999706540000,-15.765926540000,-0.015668,20.00,tb-supertrend-ADAUSDT-1680919200-B,tb-supertrend-ADAUSDT-1680991200-T
LINK/USDT,supertrend,2023-04-09 20:00,7.217,2023-04-12 00:59,7.265,trailing,211.79,3.06873052000,7.09718948000,0.004643,53.00,tb-supertrend-LINKUSDT-1681066800-B,tb-supertrend-LINKUSDT-1681257600-T
BTC/USDT,supertrend,2023-04-09 20:00,28196.70,2023-04-12 15:59,29735.21,trailing,0.07231,4.1913121530,107.0583459470,0.052508,68.00,tb-supertrend-BTCUSDT-1681066800-B,tb-supertrend-BTCUSDT-1681311600-T
ADA/USDT,supertrend,2023-04-12 13:00,0.4031,2023-04-13 07:59,0.3982,trailing,2290.9,1.836625300000,-13.062035300000,-0.014145,19.00,tb-supertrend-ADAUSDT-1681300800-B,tb-supertrend-ADAUSDT-1681369200-T
LTC/USDT,supertrend,2023-04-13 09:00,93.91,2023-04-14 12:59,95.44,trailing,11.450,2.1691844200,15.3493155800,0.014275,28.00,tb-supertrend-LTCUSDT-1681372800-B,tb-supertrend-LTCUSDT-1681473600-T
BNB/USDT,supertrend,2023-04-13 10:00,323.15,2023-04-14 14:59,328.47,trailing,5.488,3.5780294600,25.6181305400,0.014445,29.00,tb-supertrend-BNBUSDT-1681376400-B,tb-supertrend-BNBUSDT-1681480800-T
BNB/USDT,supertrend,2023-04-15 10:00,334.67,2023-04-17 00:59,341.77,trailing,4.570,3.0930041500,29.3539958500,0.019193,39.00,tb-supertrend-BNBUSDT-1681549200-B,tb-supertrend-BNBUSDT-1681689600-T
LINK/USDT,supertrend,2023-04-15 15:00,7.972,2023-04-17 00:59,7.901,trailing,104.56,1.66055780000,-9.08431780000,-0.010898,34.00,tb-supertrend-LINKUSDT-1681567200-B,tb-supertrend-LINKUSDT-1681689600-T
ETH/USDT,supertrend,2023-04-18 07:00,2108.86,2023-04-18 17:59,2075.86,trailing,0.6552,2.7433047440,-24.3649047440,-0.017634,11.00,tb-supertrend-ETHUSDT-1681797600-B,tb-supertrend-ETHUSDT-1681837200-T
LTC/USDT,supertrend,2023-04-18 03:00,102.20,2023-04-19 04:59,100.36,trailing,7.840,1.5888880000,-16.0144880000,-0.019987,26.00,tb-supertrend-LTCUSDT-1681783200-B,tb-supertrend-LTCUSDT-1681876800-T
BNB/USDT,supertrend,2023-04-21 08:00,330.36,2023-04-21 19:59,320.87,trailing,2.501,1.6297173100,-25.3642073100,-0.030699,12.00,tb-supertrend-BNBUSDT-1682060400-B,tb-supertrend-BNBUSDT-1682103600-T
ADA/USDT,supertrend,2023-04-22 15:00,0.3976,2023-04-23 14:59,0.3887,trailing,2262.0,1.779525080000,-21.911325080000,-0.024363,24.00,tb-supertrend-ADAUSDT-1682172000-B,tb-supertrend-ADAUSDT-1682258400-T
XRP/USDT,supertrend,2023-04-22 15:00,0.4737,2023-04-23 15:59,0.4619,trailing,1503.4,1.407338960000,-19.147458960000,-0.026886,25.00,tb-supertrend-XRPUSDT-1682172000-B,tb-supertrend-XRPUSDT-1682262000-T
XRP/USDT,supertrend,2023-04-24 01:00,0.4826,2023-04-24 06:59,0.4638,trailing,1329.4,1.258819800000,-26.251539800000,-0.040918,6.00,tb-supertrend-XRPUSDT-1682294400-B,tb-supertrend-XRPUSDT-1682316000-T
LTC/USDT,supertrend,2023-04-24 01:00,88.08,2023-04-24 17:59,85.69,trailing,9.743,1.6939219100,-24.9796919100,-0.029108,17.00,tb-supertrend-LTCUSDT-1682294400-B,tb-supertrend-LTCUSDT-1682355600-T
BTC/USDT,supertrend,2023-04-25 21:00,28030.97,2023-04-26 19:59,29146.40,trailing,0.04119,2.3565374228,43.5880242772,0.037752,23.00,tb-supertrend-BTCUSDT-1682452800-B,tb-supertrend-BTCUSDT-1682535600-T
LINK/USDT,supertrend,2023-04-25 21:00,7.214,2023-04-26 19:59,7.284,trailing,112.80,1.63624008000,6.25975992000,0.007693,23.00,tb-supertrend-LINKUSDT-1682452800-B,tb-supertrend-LINKUSDT-1682535600-T
ADA/USDT,supertrend,2023-04-27 01:00,0.4111,2023-04-28 11:59,0.4031,trailing,1149.8,0.936660480000,-10.135060480000,-0.021442,35.00,tb-supertrend-ADAUSDT-1682553600-B,tb-supertrend-ADAUSDT-1682679600-T
BTC/USDT,supertrend,2023-04-27 19:00,29831.67,2023-04-28 13:59,29051.33,trailing,0.02124,1.2515698709,-17.8259914709,-0.028133,19.00,tb-supertrend-BTCUSDT-1682618400-B,tb-supertrend-BTCUSDT-1682686800-T
LINK/USDT,supertrend,2023-04-29 14:00,7.219,2023-04-29 17:59,7.059,trailing,163.60,2.33710803000,-28.51310803000,-0.024143,4.00,tb-supertrend-LINKUSDT-1682773200-B,tb-supertrend-LINKUSDT-1682787600-T
LTC/USDT,supertrend,2023-04-29 22:00,91.36,2023-04-30 18:59,89.72,trailing,13.054,2.3650973600,-23.7736573600,-0.019934,21.00,tb-supertrend-LTCUSDT-1682802000-B,tb-supertrend-LTCUSDT-1682877600-T
ADA/USDT,supertrend,2023-04-30 16:00,0.4078,2023-04-30 19:59,0.4005,trailing,3363.8,2.720346060000,-27.276086060000,-0.019884,4.00,tb-supertrend-ADAUSDT-1682866800-B,tb-supertrend-ADAUSDT-1682881200-T
LINK/USDT,supertrend,2023-05-03 19:00,7.074,2023-05-04 13:59,6.989,trailing,133.15,1.87347881000,-13.19122881000,-0.014005,19.00,tb-supertrend-LINKUSDT-1683136800-B,tb-supertrend-LINKUSDT-1683205200-T
LTC/USDT,supertrend,2023-05-03 22:00,89.28,2023-05-04 13:59,87.25,trailing,9.885,1.7458918500,-21.8124418500,-0.024716,16.00,tb-supertrend-LTCUSDT-1683147600-B,tb-supertrend-LTCUSDT-1683205200-T
ETH/USDT,supertrend,2023-05-05 12:00,1915.02,2023-05-06 06:59,1953.88,trailing,0.7908,3.0610581320,27.6694298680,0.018271,19.00,tb-supertrend-ETHUSDT-1683284400-B,tb-supertrend-ETHUSDT-1683352800-T
SOL/USDT,supertrend,2023-05-05 15:00,22.41,2023-05-06 12:59,22.37,trailing,33.445,1.4984290400,-2.8362290400,-0.003784,22.00,tb-supertrend-SOLUSDT-1683295200-B,tb-supertrend-SOLUSDT-1683374400-T
BNB/USDT,supertrend,2023-05-07 15:00,325.86,2023-05-07 22:59,322.01,stop,7.379,4.7832396100,-33.1923896100,-0.013804,8.00,tb-supertrend-BNBUSDT-1683468000-B,tb-supertrend-BNBUSDT-1683496800-X
SOL/USDT,supertrend,2023-05-07 16:00,22.51,2023-05-07 23:59,21.99,trailing,46.310,2.0618529700,-26.1430529700,-0.025079,8.00,tb-supertrend-SOLUSDT-1683471600-B,tb-supertrend-SOLUSDT-1683500400-T
LINK/USDT,supertrend,2023-06-23 08:00,5.846,2023-06-24 15:59,5.920,trailing,124.03,1.46009696000,7.71812304000,0.010645,32.00,tb-supertrend-LINKUSDT-1687503600-B,tb-supertrend-LINKUSDT-1687618800-T
SOL/USDT,supertrend,2023-06-23 16:00,17.02,2023-06-24 15:59,16.84,trailing,35.056,1.1876088800,-7.4976888800,-0.012566,24.00,tb-supertrend-SOLUSDT-1687532400-B,tb-supertrend-SOLUSDT-1687618800-T
ADA/USDT,supertrend,2023-06-25 04:00,0.2974,2023-06-25 20:59,0.2906,trailing,2600.4,1.529838180000,-19.212558180000,-0.024843,17.00,tb-supertrend-ADAUSDT-1687662000-B,tb-supertrend-ADAUSDT-1687723200-T
SOL/USDT,supertrend,2023-06-25 08:00,17.31,2023-06-26 01:59,16.63,trailing,35.837,1.2169309400,-25.5860909400,-0.041245,18.00,tb-supertrend-SOLUSDT-1687676400-B,tb-supertrend-SOLUSDT-1687741200-T
LTC/USDT,supertrend,2023-06-26 14:00,90.16,2023-06-26 16:59,87.23,stop,8.662,1.5373636200,-26.9170236200,-0.034466,3.00,tb-supertrend-LTCUSDT-1687784400-B,tb-supertrend-LTCUSDT-1687795200-X
ETH/USDT,supertrend,2023-06-27 17:00,1912.88,2023-06-28 00:59,1871.58,trailing,0.5466,2.0697335660,-24.6443135660,-0.023570,8.00,tb-supertrend-ETHUSDT-1687881600-B,tb-supertrend-ETHUSDT-1687910400-T
BTC/USDT,supertrend,2023-06-27 12:00,30790.55,2023-06-28 07:59,30252.13,trailing,0.04763,2.9090023740,-28.5539469740,-0.019470,20.00,tb-supertrend-BTCUSDT-1687863600-B,tb-supertrend-BTCUSDT-1687935600-T
BTC/USDT,supertrend,2023-06-29 11:00,30758.52,2023-06-29 20:59,30223.01,trailing,0.04842,2.9542636044,-28.8836578044,-0.019394,10.00,tb-supertrend-BTCUSDT-1688032800-B,tb-supertrend-BTCUSDT-1688068800-T
SOL/USDT,supertrend,2023-06-29 10:00,17.26,2023-06-30 13:59,18.09,trailing,31.683,1.1205463700,25.1763436300,0.046039,28.00,tb-supertrend-SOLUSDT-1688029200-B,tb-supertrend-SOLUSDT-1688130000-T
ADA/USDT,supertrend,2023-06-30 03:00,0.2792,2023-06-30 13:59,0.2854,trailing,2848.6,1.609129240000,16.052190760000,0.020183,11.00,tb-supertrend-ADAUSDT-1688090400-B,tb-supertrend-ADAUSDT-1688130000-T
ETH/USDT,supertrend,2023-06-30 18:00,1935.67,2023-07-02 02:59,1908.06,trailing,0.3469,1.3341642010,-10.9120732010,-0.016251,33.00,tb-supertrend-ETHUSDT-1688144400-B,tb-supertrend-ETHUSDT-1688263200-T
XRP/USDT,supertrend,2023-07-02 03:00,0.4838,2023-07-02 04:59,0.4788,trailing,2028.7,1.953842600000,-12.097342600000,-0.012326,2.00,tb-supertrend-XRPUSDT-1688263200-B,tb-supertrend-XRPUSDT-1688270400-T
LINK/USDT,supertrend,2023-06-30 18:00,6.395,2023-07-04 06:59,6.462,trailing,59.31,0.76293237000,3.21083763000,0.008465,85.00,tb-supertrend-LINKUSDT-1688144400-B,tb-supertrend-LINKUSDT-1688450400-T
BTC/USDT,supertrend,2023-07-03 03:00,30816.50,2023-07-04 15:59,30842.65,trailing,0.06186,3.8163921750,-2.1987531750,-0.001153,37.00,tb-supertrend-BTCUSDT-1688349600-B,tb-supertrend-BTCUSDT-1688482800-T
BTC/USDT,supertrend,2023-07-06 07:00,30753.96,2023-07-06 11:59,30775.94,trailing,0.06060,3.7308647132,-2.3988767132,-0.001287,5.00,tb-supertrend-BTCUSDT-1688623200-B,tb-supertrend-BTCUSDT-1688641200-T
SOL/USDT,supertrend,2023-07-06 02:00,19.71,2023-07-06 12:59,19.39,trailing,28.929,1.1316954900,-10.3889754900,-0.018220,11.00,tb-supertrend-SOLUSDT-1688605200-B,tb-supertrend-SOLUSDT-1688644800-T
ADA/USDT,supertrend,2023-07-08 16:00,0.2896,2023-07-09 10:59,0.2850,trailing,3367.8,1.936122520000,-17.428002520000,-0.017869,19.00,tb-supertrend-ADAUSDT-1688828400-B,tb-supertrend-ADAUSDT-1688896800-T
ETH/USDT,supertrend,2023-07-09 00:00,1868.98,2023-07-09 14:59,1854.93,trailing,1.1284,4.2043028180,-20.0583228180,-0.009511,15.00,tb-supertrend-ETHUSDT-1688857200-B,tb-supertrend-ETHUSDT-1688911200-T
XRP/USDT,supertrend,2023-07-10 11:00,0.4738,2023-07-11 13:59,0.4710,trailing,2740.0,2.590078640000,-10.262078640000,-0.007905,27.00,tb-supertrend-XRPUSDT-1688983200-B,tb-supertrend-XRPUSDT-1689080400-T
BNB/USDT,supertrend,2023-07-10 10:00,241.19,2023-07-12 12:59,245.86,trailing,4.240,2.0662979500,17.7345020500,0.017342,51.00,tb-supertrend-BNBUSDT-1688979600-B,tb-supertrend-BNBUSDT-1689163200-T
ETH/USDT,supertrend,2023-07-12 15:00,1897.14,2023-07-12 19:59,1868.29,stop,0.9345,3.5206914800,-30.4810164800,-0.017193,5.00,tb-supertrend-ETHUSDT-1689170400-B,tb-supertrend-ETHUSDT-1689188400-X
LTC/USDT,supertrend,2023-07-13 06:00,98.23,2023-07-14 16:59,99.25,trailing,9.209,1.8195756200,7.5736043800,0.008372,35.00,tb-supertrend-LTCUSDT-1689224400-B,tb-supertrend-LTCUSDT-1689350400-T
SOL/USDT,supertrend,2023-07-13 12:00,22.47,2023-07-14 17:59,26.89,trailing,31.962,1.5783633600,139.6936766400,0.194509,30.00,tb-supertrend-SOLUSDT-1689246000-B,tb-supertrend-SOLUSDT-1689354000-T
SOL/USDT,supertrend,2023-07-15 10:00,28.82,2023-07-16 02:59,27.20,trailing,10.698,0.5996189800,-17.9303789800,-0.058156,17.00,tb-supertrend-SOLUSDT-1689411600-B,tb-supertrend-SOLUSDT-1689472800-T
XRP/USDT,supertrend,2023-07-16 12:00,0.7511,2023-07-17 09:59,0.7341,trailing,557.7,0.828746700000,-10.309646700000,-0.024612,22.00,tb-supertrend-XRPUSDT-1689505200-B,tb-supertrend-XRPUSDT-1689584400-T
BNB/USDT,supertrend,2023-07-18 02:00,246.90,2023-07-18 06:59,241.34,trailing,4.525,2.2105205000,-27.3695205000,-0.024498,5.00,tb-supertrend-BNBUSDT-1689642000-B,tb-supertrend-BNBUSDT-1689660000-T
LINK/USDT,supertrend,2023-07-17 17:00,6.800,2023-07-18 11:59,6.943,trailing,102.60,1.41077980000,13.26102020000,0.019007,19.00,tb-supertrend-LINKUSDT-1689609600-B,tb-supertrend-LINKUSDT-1689678000-T
XRP/USDT,supertrend,2023-07-19 00:00,0.7796,2023-07-20 14:59,0.7977,trailing,600.8,0.948187560000,9.926292440000,0.021193,39.00,tb-supertrend-XRPUSDT-1689721200-B,tb-supertrend-XRPUSDT-1689861600-T
ADA/USDT,supertrend,2023-07-19 01:00,0.3159,2023-07-20 14:59,0.3180,trailing,2006.4,1.272520350000,2.940919650000,0.004640,38.00,tb-supertrend-ADAUSDT-1689724800-B,tb-supertrend-ADAUSDT-1689861600-T
BNB/USDT,supertrend,2023-07-21 13:00,245.19,2023-07-22 10:59,242.03,trailing,7.131,3.4763273400,-26.0102873400,-0.014876,22.00,tb-supertrend-BNBUSDT-1689940800-B,tb-supertrend-BNBUSDT-1690020000-T
LTC/USDT,supertrend,2023-07-21 19:00,94.69,2023-07-22 10:59,93.23,trailing,12.108,2.2765663300,-19.9542463300,-0.017404,16.00,tb-supertrend-LTCUSDT-1689962400-B,tb-supertrend-LTCUSDT-1690020000-T
SOL/USDT,supertrend,2023-10-19 12:00,24.34,2023-10-22 07:59,28.52,trailing,34.266,1.8121526600,141.4197273400,0.169561,68.00,tb-supertrend-SOLUSDT-1697713200-B,tb-supertrend-SOLUSDT-1697958000-T
LTC/USDT,supertrend,2023-10-19 16:00,61.60,2023-10-22 07:59,63.86,trailing,24.609,3.0889851400,52.5273548600,0.034651,64.00,tb-supertrend-LTCUSDT-1697727600-B,tb-supertrend-LTCUSDT-1697958000-T
LTC/USDT,supertrend,2023-10-22 18:00,65.62,2023-10-24 06:59,68.83,trailing,14.053,1.8904101500,43.2197198500,0.046868,37.00,tb-supertrend-LTCUSDT-1697994000-B,tb-supertrend-LTCUSDT-1698127200-T
SOL/USDT,supertrend,2023-10-23 23:00,32.48,2023-10-24 16:59,30.38,trailing,12.271,0.7717773000,-26.5408773000,-0.066592,18.00,tb-supertrend-SOLUSDT-1698098400-B,tb-supertrend-SOLUSDT-1698163200-T
ADA/USDT,supertrend,2023-10-26 04:00,0.2905,2023-10-26 14:59,0.2839,trailing,2421.6,1.391693290000,-17.374253290000,-0.024698,11.00,tb-supertrend-ADAUSDT-1698289200-B,tb-supertrend-ADAUSDT-1698328800-T
ETH/USDT,supertrend,2023-10-26 08:00,1853.05,2023-10-26 14:59,1794.79,stop,0.4670,1.7044678050,-28.9118878050,-0.033410,7.00,tb-supertrend-ETHUSDT-1698303600-B,tb-supertrend-ETHUSDT-1698328800-X
BNB/USDT,supertrend,2023-10-27 12:00,228.06,2023-10-27 17:59,222.60,trailing,4.315,1.9457382000,-25.5056382000,-0.025918,6.00,tb-supertrend-BNBUSDT-1698404400-B,tb-supertrend-BNBUSDT-1698426000-T
ADA/USDT,supertrend,2023-10-28 03:00,0.2961,2023-10-28 19:59,0.2892,trailing,2483.5,1.454332800000,-18.590482800000,-0.025281,17.00,tb-supertrend-ADAUSDT-1698458400-B,tb-supertrend-ADAUSDT-1698519600-T
LINK/USDT,supertrend,2023-10-28 04:00,11.417,2023-10-28 22:59,10.942,trailing,32.75,0.73271393000,-16.28896393000,-0.043564,19.00,tb-supertrend-LINKUSDT-1698462000-B,tb-supertrend-LINKUSDT-1698530400-T
BTC/USDT,supertrend,2023-10-29 13:00,34488.84,2023-10-30 02:59,34175.07,trailing,0.06068,4.1689402800,-23.2085038800,-0.011090,14.00,tb-supertrend-BTCUSDT-1698580800-B,tb-supertrend-BTCUSDT-1698631200-T
XRP/USDT,supertrend,2023-10-29 10:00,0.5522,2023-10-30 06:59,0.5486,trailing,3115.3,3.431089280000,-14.646169280000,-0.008514,21.00,tb-supertrend-XRPUSDT-1698570000-B,tb-supertrend-XRPUSDT-1698645600-T
LINK/USDT,supertrend,2023-10-30 10:00,11.433,2023-10-31 13:59,11.126,trailing,47.15,1.06422850000,-15.53927850000,-0.028826,28.00,tb-supertrend-LINKUSDT-1698656400-B,tb-supertrend-LINKUSDT-1698757200-T
BTC/USDT,supertrend,2023-11-01 13:00,34860.19,2023-11-01 14:59,34298.26,stop,0.05088,3.5208735486,-32.1118719486,-0.018105,2.00,tb-supertrend-BTCUSDT-1698840000-B,tb-supertrend-BTCUSDT-1698847200-X
ADA/USDT,supertrend,2023-11-01 19:00,0.2983,2023-11-02 15:59,0.3002,trailing,2289.5,1.370951840000,2.979098160000,0.004362,21.00,tb-supertrend-ADAUSDT-1698861600-B,tb-supertrend-ADAUSDT-1698937200-T
LTC/USDT,supertrend,2023-11-01 21:00,69.99,2023-11-02 16:59,68.17,trailing,9.940,1.3740103000,-19.4648103000,-0.027979,20.00,tb-supertrend-LTCUSDT-1698868800-B,tb-supertrend-LTCUSDT-1698940800-T
LINK/USDT,supertrend,2023-11-03 16:00,11.293,2023-11-05 13:59,11.837,trailing,44.44,1.02846185000,23.14689815000,0.046122,46.00,tb-supertrend-LINKUSDT-1699023600-B,tb-supertrend-LINKUSDT-1699189200-T
ETH/USDT,supertrend,2023-11-03 21:00,1831.62,2023-11-05 21:59,1854.47,trailing,0.6395,2.3585366940,12.2540383060,0.010462,49.00,tb-supertrend-ETHUSDT-1699041600-B,tb-supertrend-ETHUSDT-1699218000-T
SOL/USDT,supertrend,2023-11-07 00:00,42.25,2023-11-07 02:59,40.33,stop,13.706,1.1324329800,-27.4479529800,-0.047399,3.00,tb-supertrend-SOLUSDT-1699311600-B,tb-supertrend-SOLUSDT-1699322400-X
BTC/USDT,supertrend,2023-11-07 19:00,35447.76,2023-11-08 15:59,35072.98,trailing,0.04038,2.8493998668,-17.9830162668,-0.012563,21.00,tb-supertrend-BTCUSDT-1699380000-B,tb-supertrend-BTCUSDT-1699455600-T
LINK/USDT,supertrend,2023-11-06 05:00,12.429,2023-11-09 16:59,14.765,trailing,42.32,1.15147153000,97.70804847000,0.185758,84.00,tb-supertrend-LINKUSDT-1699243200-B,tb-supertrend-LINKUSDT-1699545600-T
LTC/USDT,supertrend,2023-11-09 03:00,74.62,2023-11-09 16:59,73.85,trailing,14.056,2.0880136200,-12.9111336200,-0.012310,14.00,tb-supertrend-LTCUSDT-1699495200-B,tb-supertrend-LTCUSDT-1699545600-T
BNB/USDT,supertrend,2023-11-10 02:00,255.11,2023-11-10 14:59,248.31,trailing,2.643,1.3313043900,-19.3037043900,-0.028630,13.00,tb-supertrend-BNBUSDT-1699578000-B,tb-supertrend-BNBUSDT-1699624800-T
BTC/USDT,supertrend,2023-11-10 17:00,37452.23,2023-11-11 21:59,36880.47,trailing,0.02660,1.9783733849,-17.1871893849,-0.017252,29.00,tb-supertrend-BTCUSDT-1699632000-B,tb-supertrend-BTCUSDT-1699736400-T
SOL/USDT,supertrend,2023-11-10 07:00,48.85,2023-11-11 23:59,56.20,trailing,6.740,0.7083789500,48.8306210500,0.148309,41.00,tb-supertrend-SOLUSDT-1699596000-B,tb-supertrend-SOLUSDT-1699743600-T
ETH/USDT,supertrend,2023-11-13 16:00,2109.45,2023-11-13 21:59,2053.11,stop,0.4823,2.0086574100,-29.1814394100,-0.028683,6.00,tb-supertrend-ETHUSDT-1699887600-B,tb-supertrend-ETHUSDT-1699909200-X
XRP/USDT,supertrend,2023-11-13 21:00,0.7129,2023-11-13 21:59,0.6785,stop,762.4,1.061373680000,-27.287933680000,-0.050206,1.00,tb-supertrend-XRPUSDT-1699905600-B,tb-supertrend-XRPUSDT-1699909200-X
BNB/USDT,supertrend,2023-11-14 09:00,246.90,2023-11-14 18:59,240.78,stop,4.446,2.1694597800,-29.3789797800,-0.026764,10.00,tb-supertrend-BNBUSDT-1699948800-B,tb-supertrend-BNBUSDT-1699984800-X
SOL/USDT,supertrend,2023-11-14 15:00,57.45,2023-11-14 18:59,52.30,stop,4.968,0.5455252500,-26.1307252500,-0.091555,4.00,tb-supertrend-SOLUSDT-1699970400-B,tb-supertrend-SOLUSDT-1699984800-X
LINK/USDT,supertrend,2023-11-15 12:00,15.163,2023-11-16 12:59,14.377,trailing,28.46,0.84116329000,-23.21072329000,-0.053786,25.00,tb-supertrend-LINKUSDT-1700046000-B,tb-supertrend-LINKUSDT-1700136000-T
ADA/USDT,supertrend,2023-11-15 12:00,0.3729,2023-11-16 13:59,0.3857,trailing,1580.7,1.199715660000,19.033244340000,0.032290,26.00,tb-supertrend-ADAUSDT-1700046000-B,tb-supertrend-ADAUSDT-1700139600-T
ADA/USDT,supertrend,2023-11-18 17:00,0.3708,2023-11-20 14:59,0.3836,trailing,1616.9,1.220419720000,19.475900280000,0.032484,46.00,tb-supertrend-ADAUSDT-1700323200-B,tb-supertrend-ADAUSDT-1700488800-T
ETH/USDT,supertrend,2023-11-18 19:00,1971.34,2023-11-20 14:59,1993.54,trailing,0.6595,2.6162182980,12.0246817020,0.009249,44.00,tb-supertrend-ETHUSDT-1700330400-B,tb-supertrend-ETHUSDT-1700488800-T
ETH/USDT,supertrend,2023-11-22 11:00,2029.22,2023-11-23 11:59,2038.50,trailing,0.4497,1.8302682940,2.3429477060,0.002568,25.00,tb-supertrend-ETHUSDT-1700647200-B,tb-supertrend-ETHUSDT-1700737200-T
BTC/USDT,supertrend,2023-11-22 19:00,37272.39,2023-11-23 15:59,36902.75,trailing,0.02825,2.0965658792,-12.5388958792,-0.011908,21.00,tb-supertrend-BTCUSDT-1700676000-B,tb-supertrend-BTCUSDT-1700751600-T
LTC/USDT,supertrend,2023-11-24 16:00,70.68,2023-11-26 09:59,70.72,trailing,19.055,2.6957906000,-1.9335906000,-0.001436,42.00,tb-supertrend-LTCUSDT-1700838000-B,tb-supertrend-LTCUSDT-1700989200-T
LINK/USDT,supertrend,2023-11-27 01:00,15.257,2023-11-27 03:59,14.629,stop,41.66,1.24581361000,-27.40829361000,-0.043121,3.00,tb-supertrend-LINKUSDT-1701043200-B,tb-supertrend-LINKUSDT-1701054000-X
BTC/USDT,supertrend,2023-11-28 16:00,37588.23,2023-11-29 15:59,37623.57,trailing,0.04492,3.3803934631,-1.7929206631,-0.001062,24.00,tb-supertrend-BTCUSDT-1701183600-B,tb-supertrend-BTCUSDT-1701270000-T
SOL/USDT,supertrend,2023-11-28 17:00,57.38,2023-11-29 21:59,58.59,trailing,10.872,1.2614570200,11.8936629800,0.019065,29.00,tb-supertrend-SOLUSDT-1701187200-B,tb-supertrend-SOLUSDT-1701291600-T
XRP/USDT,supertrend,2023-12-01 05:00,0.6125,2023-12-03 15:59,0.6172,trailing,2734.0,3.363714800000,9.486085200000,0.005665,59.00,tb-supertrend-XRPUSDT-1701403200-B,tb-supertrend-XRPUSDT-1701615600-T
ADA/USDT,supertrend,2023-12-03 23:00,0.3986,2023-12-04 11:59,0.4001,trailing,2959.4,2.364868580000,2.074231420000,0.001758,13.00,tb-supertrend-ADAUSDT-1701640800-B,tb-supertrend-ADAUSDT-1701687600-T
ETH/USDT,supertrend,2023-12-01 02:00,2092.70,2023-12-04 15:59,2202.28,trailing,0.6621,2.8451711500,69.7077468500,0.050310,86.00,tb-supertrend-ETHUSDT-1701392400-B,tb-supertrend-ETHUSDT-1701702000-T
ETH/USDT,supertrend,2023-12-05 18:00,2296.45,2023-12-06 11:59,2245.88,trailing,0.3918,1.7806034700,-21.5939294700,-0.024000,18.00,tb-supertrend-ETHUSDT-1701795600-B,tb-supertrend-ETHUSDT-1701860400-T
ADA/USDT,supertrend,2023-12-05 18:00,0.4143,2023-12-07 09:59,0.4317,trailing,1824.4,1.544229570000,30.200330430000,0.039956,40.00,tb-supertrend-ADAUSDT-1701795600-B,tb-supertrend-ADAUSDT-1701939600-T
BTC/USDT,supertrend,2023-12-08 15:00,44050.92,2023-12-09 08:59,43791.16,trailing,0.03180,2.7951401828,-11.0555081828,-0.007892,18.00,tb-supertrend-BTCUSDT-1702044000-B,tb-supertrend-BTCUSDT-1702108800-T
LINK/USDT,supertrend,2023-12-07 22:00,15.673,2023-12-09 14:59,16.455,trailing,32.82,1.05506788000,24.61017212000,0.047844,41.00,tb-supertrend-LINKUSDT-1701982800-B,tb-supertrend-LINKUSDT-1702130400-T
ETH/USDT,supertrend,2023-12-10 21:00,2380.97,2023-12-11 01:59,2337.56,stop,0.6497,3.0672956180,-31.2707726180,-0.020215,5.00,tb-supertrend-ETHUSDT-1702238400-B,tb-supertrend-ETHUSDT-1702256400-X
SOL/USDT,supertrend,2023-12-11 00:00,75.03,2023-12-11 02:59,71.51,stop,7.444,1.0914440000,-27.2943240000,-0.048869,3.00,tb-supertrend-SOLUSDT-1702249200-B,tb-supertrend-SOLUSDT-1702260000-X
ADA/USDT,supertrend,2023-12-12 07:00,0.5748,2023-12-12 17:59,0.5577,trailing,675.3,0.765179610000,-12.312809610000,-0.031721,11.00,tb-supertrend-ADAUSDT-1702360800-B,tb-supertrend-ADAUSDT-1702400400-T
BNB/USDT,supertrend,2023-12-11 13:00,242.89,2023-12-13 03:59,245.91,trailing,2.657,1.2994702700,6.7246697300,0.010420,39.00,tb-supertrend-BNBUSDT-1702296000-B,tb-supertrend-BNBUSDT-1702436400-T
ADA/USDT,supertrend,2023-12-13 14:00,0.6126,2023-12-14 13:59,0.6281,trailing,530.2,0.658186700000,7.559913300000,0.023276,24.00,tb-supertrend-ADAUSDT-1702472400-B,tb-supertrend-ADAUSDT-1702558800-T
BTC/USDT,supertrend,2023-12-13 16:00,42023.05,2023-12-14 13:59,42323.09,trailing,0.02598,2.1925734105,5.6024657895,0.005132,22.00,tb-supertrend-BTCUSDT-1702479600-B,tb-supertrend-BTCUSDT-1702558800-T
LTC/USDT,supertrend,2023-12-17 05:00,72.73,2023-12-17 22:59,71.77,trailing,20.438,2.9548183300,-22.5752983300,-0.015187,18.00,tb-supertrend-LTCUSDT-1702785600-B,tb-supertrend-LTCUSDT-1702850400-T
ETH/USDT,supertrend,2023-12-17 21:00,2251.49,2023-12-17 23:59,2206.11,trailing,0.6011,2.6810394020,-29.9589574020,-0.022137,3.00,tb-supertrend-ETHUSDT-1702843200-B,tb-supertrend-ETHUSDT-1702854000-T
SOL/USDT,supertrend,2023-12-18 19:00,72.48,2023-12-19 14:59,72.84,trailing,6.119,0.8897204400,1.3131195600,0.002961,20.00,tb-supertrend-SOLUSDT-1702922400-B,tb-supertrend-SOLUSDT-1702994400-T
BTC/USDT,supertrend,2023-12-18 21:00,42055.04,2023-12-19 14:59,42367.00,trailing,0.02571,2.1717522996,5.8487393004,0.005409,18.00,tb-supertrend-BTCUSDT-1702929600-B,tb-supertrend-BTCUSDT-1702994400-T
SOL/USDT,supertrend,2023-12-20 09:00,76.56,2023-12-22 09:59,91.59,trailing,6.959,1.1706917700,103.4230782300,0.194119,49.00,tb-supertrend-SOLUSDT-1703059200-B,tb-supertrend-SOLUSDT-1703235600-T
BTC/USDT,supertrend,2023-12-20 14:00,43856.98,2023-12-23 04:59,43339.29,trailing,0.02612,2.2788822770,-15.8009450770,-0.013793,63.00,tb-supertrend-BTCUSDT-1703077200-B,tb-supertrend-BTCUSDT-1703304000-T
ADA/USDT,supertrend,2023-12-24 02:00,0.6256,2023-12-24 05:59,0.6034,stop,1199.2,1.474630080000,-28.096870080000,-0.037452,4.00,tb-supertrend-ADAUSDT-1703379600-B,tb-supertrend-ADAUSDT-1703394000-X
XRP/USDT,supertrend,2023-12-25 10:00,0.6430,2023-12-26 05:59,0.6277,trailing,1454.7,1.849451790000,-24.106361790000,-0.025772,20.00,tb-supertrend-XRPUSDT-1703494800-B,tb-supertrend-XRPUSDT-1703566800-T
BTC/USDT,supertrend,2023-12-25 15:00,43761.45,2023-12-26 05:59,43125.66,trailing,0.03830,3.3295267730,-27.6802837730,-0.016515,15.00,tb-supertrend-BTCUSDT-1703512800-B,tb-supertrend-BTCUSDT-1703566800-T
LTC/USDT,supertrend,2023-12-26 12:00,73.57,2023-12-26 17:59,71.84,trailing,12.765,1.8571150600,-23.9405650600,-0.025493,6.00,tb-supertrend-LTCUSDT-1703588400-B,tb-supertrend-LTCUSDT-1703610000-T
ETH/USDT,supertrend,2023-12-27 11:00,2283.16,2023-12-28 07:59,2361.00,trailing,0.5539,2.5737701200,40.5418058800,0.032058,21.00,tb-supertrend-ETHUSDT-1703671200-B,tb-supertrend-ETHUSDT-1703746800-T
BTC/USDT,supertrend,2023-12-27 11:00,43281.96,2023-12-28 12:59,42761.26,trailing,0.03314,2.8532035928,-20.1092015928,-0.014020,26.00,tb-supertrend-BTCUSDT-1703671200-B,tb-supertrend-BTCUSDT-1703764800-T
SOL/USDT,supertrend,2023-12-29 07:00,108.40,2023-12-30 08:59,102.65,trailing,3.119,0.6586985500,-18.5929485500,-0.054993,26.00,tb-supertrend-SOLUSDT-1703829600-B,tb-supertrend-SOLUSDT-1703923200-T
BNB/USDT,supertrend,2023-12-31 05:00,323.15,2023-12-31 15:59,314.67,trailing,2.824,1.8021731300,-25.7496931300,-0.028217,11.00,tb-supertrend-BNBUSDT-1703995200-B,tb-supertrend-BNBUSDT-1704034800-T
BTC/USDT,supertrend,2023-12-30 18:00,42573.98,2023-12-31 22:59,42043.16,trailing,0.03238,2.7416059516,-19.9295575516,-0.014457,29.00,tb-supertrend-BTCUSDT-1703955600-B,tb-supertrend-BTCUSDT-1704060000-T
LTC/USDT,supertrend,2023-12-31 18:00,74.38,2023-12-31 22:59,72.99,trailing,18.889,2.7850851500,-29.0407951500,-0.020670,5.00,tb-supertrend-LTCUSDT-1704042000-B,tb-supertrend-LTCUSDT-1704060000-T
XRP/USDT,supertrend,2024-01-01 18:00,0.6246,2024-01-02 14:59,0.6252,trailing,2631.0,3.289910220000,-1.711310220000,-0.001041,21.00,tb-supertrend-XRPUSDT-1704128400-B,tb-supertrend-XRPUSDT-1704204000-T
ETH/USDT,supertrend,2024-01-01 19:00,2331.56,2024-01-02 14:59,2367.91,trailing,0.6447,3.0313804040,20.4034645960,0.013574,20.00,tb-supertrend-ETHUSDT-1704132000-B,tb-supertrend-ETHUSDT-1704204000-T
BNB/USDT,supertrend,2024-01-03 07:00,320.14,2024-01-03 12:59,319.29,trailing,3.101,1.9841529900,-4.6200029900,-0.004654,6.00,tb-supertrend-BNBUSDT-1704261600-B,tb-supertrend-BNBUSDT-1704283200-T
SOL/USDT,supertrend,2024-01-04 20:00,105.38,2024-01-05 01:59,99.14,trailing,3.428,0.7015160800,-22.0922360800,-0.061156,6.00,tb-supertrend-SOLUSDT-1704394800-B,tb-supertrend-SOLUSDT-1704416400-T
BTC/USDT,supertrend,2024-01-04 21:00,44201.91,2024-01-05 01:59,43027.68,trailing,0.01831,1.5980578303,-23.0982091303,-0.028540,5.00,tb-supertrend-BTCUSDT-1704398400-B,tb-supertrend-BTCUSDT-1704416400-T
LTC/USDT,supertrend,2024-01-07 07:00,66.28,2024-01-07 15:59,64.85,trailing,17.984,2.3595012400,-28.0766212400,-0.023555,9.00,tb-supertrend-LTCUSDT-1704607200-B,tb-supertrend-LTCUSDT-1704639600-T
LTC/USDT,supertrend,2024-01-10 04:00,67.69,2024-01-10 12:59,65.34,trailing,9.683,1.2888063900,-24.0438563900,-0.036683,9.00,tb-supertrend-LTCUSDT-1704855600-B,tb-supertrend-LTCUSDT-1704888000-T
XRP/USDT,supertrend,2024-01-10 20:00,0.5801,2024-01-12 01:59,0.5926,trailing,989.5,1.160966750000,11.207783250000,0.019525,30.00,tb-supertrend-XRPUSDT-1704913200-B,tb-supertrend-XRPUSDT-1705021200-T
ETH/USDT,supertrend,2024-01-09 23:00,2345.60,2024-01-12 08:59,2583.11,trailing,0.2552,1.2585104700,59.3540415300,0.099155,58.00,tb-supertrend-ETHUSDT-1704837600-B,tb-supertrend-ETHUSDT-1705046400-T
ETH/USDT,supertrend,2024-01-16 16:00,2564.56,2024-01-17 07:59,2552.03,trailing,0.4077,2.0873160220,-7.1957970220,-0.006882,16.00,tb-supertrend-ETHUSDT-1705417200-B,tb-supertrend-ETHUSDT-1705474800-T
ADA/USDT,supertrend,2024-01-16 17:00,0.5453,2024-01-17 07:59,0.5294,trailing,1350.6,1.452253240000,-22.926793240000,-0.031130,15.00,tb-supertrend-ADAUSDT-1705420800-B,tb-supertrend-ADAUSDT-1705474800-T
BNB/USDT,supertrend,2024-01-18 15:00,315.63,2024-01-18 19:59,308.23,trailing,3.524,2.1997451600,-28.2773451600,-0.025423,5.00,tb-supertrend-BNBUSDT-1705586400-B,tb-supertrend-BNBUSDT-1705604400-T
BTC/USDT,supertrend,2024-01-31 16:00,43447.84,2024-01-31 20:59,42698.52,trailing,0.02609,2.2488619708,-21.7986207708,-0.019230,5.00,tb-supertrend-BTCUSDT-1706713200-B,tb-supertrend-BTCUSDT-1706731200-T
ETH/USDT,supertrend,2024-01-31 17:00,2350.62,2024-01-31 20:59,2291.09,trailing,0.4349,2.0198549880,-27.9094519880,-0.027301,4.00,tb-supertrend-ETHUSDT-1706716800-B,tb-supertrend-ETHUSDT-1706731200-T
LINK/USDT,supertrend,2024-02-10 22:00,18.786,2024-02-12 02:59,19.896,trailing,47.85,1.85187300000,51.26162700000,0.057026,29.00,tb-supertrend-LINKUSDT-1707598800-B,tb-supertrend-LINKUSDT-1707703200-T
ETH/USDT,supertrend,2024-02-12 15:00,2533.25,2024-02-13 13:59,2615.18,trailing,0.5830,3.0030546400,44.7621353600,0.030308,23.00,tb-supertrend-ETHUSDT-1707746400-B,tb-supertrend-ETHUSDT-1707829200-T
ADA/USDT,supertrend,2024-02-12 16:00,0.5572,2024-02-13 13:59,0.5445,trailing,1420.6,1.565910820000,-19.607530820000,-0.024771,22.00,tb-supertrend-ADAUSDT-1707750000-B,tb-supertrend-ADAUSDT-1707829200-T
BTC/USDT,supertrend,2024-02-14 09:00,50859.52,2024-02-15 21:59,51313.28,trailing,0.02165,2.2135669036,7.6103370964,0.006912,37.00,tb-supertrend-BTCUSDT-1707897600-B,tb-supertrend-BTCUSDT-1708030800-T
ETH/USDT,supertrend,2024-02-14 09:00,2712.63,2024-02-16 14:59,2778.22,trailing,0.3595,1.9750456270,21.6045593730,0.022154,54.00,tb-supertrend-ETHUSDT-1707897600-B,tb-supertrend-ETHUSDT-1708092000-T
ADA/USDT,supertrend,2024-02-17 21:00,0.6004,2024-02-18 20:59,0.6123,trailing,1253.9,1.521385050000,13.400024950000,0.017799,24.00,tb-supertrend-ADAUSDT-1708200000-B,tb-supertrend-ADAUSDT-1708286400-T
LINK/USDT,supertrend,2024-02-17 18:00,19.954,2024-02-19 10:59,19.737,trailing,34.61,1.37450367000,-8.88487367000,-0.012865,41.00,tb-supertrend-LINKUSDT-1708189200-B,tb-supertrend-LINKUSDT-1708336800-T
BTC/USDT,supertrend,2024-02-20 14:00,52945.83,2024-02-20 14:59,51920.18,stop,0.02740,2.8749170469,-30.9777270469,-0.021353,1.00,tb-supertrend-BTCUSDT-1708434000-B,tb-supertrend-BTCUSDT-1708437600-X
BNB/USDT,supertrend,2024-02-20 06:00,357.92,2024-02-20 15:59,349.72,trailing,3.166,2.2418199200,-28.2030199200,-0.024889,10.00,tb-supertrend-BNBUSDT-1708405200-B,tb-supertrend-BNBUSDT-1708441200-T
ETH/USDT,supertrend,2024-02-22 09:00,3026.82,2024-02-22 13:59,2927.08,stop,0.2687,1.6007209800,-28.4008589800,-0.034920,5.00,tb-supertrend-ETHUSDT-1708588800-B,tb-supertrend-ETHUSDT-1708606800-X
BNB/USDT,supertrend,2024-02-21 08:00,361.13,2024-02-23 07:59,374.28,trailing,2.612,1.9219743100,32.4258256900,0.034376,48.00,tb-supertrend-BNBUSDT-1708498800-B,tb-supertrend-BNBUSDT-1708671600-T
XRP/USDT,supertrend,2024-02-24 10:00,0.5456,2024-02-26 02:59,0.5391,trailing,2152.3,2.335800130000,-16.325750130000,-0.013903,41.00,tb-supertrend-XRPUSDT-1708765200-B,tb-supertrend-XRPUSDT-1708912800-T
LTC/USDT,supertrend,2024-02-24 01:00,69.48,2024-02-26 05:59,69.50,trailing,18.256,2.5385390000,-2.1734190000,-0.001713,53.00,tb-supertrend-LTCUSDT-1708732800-B,tb-supertrend-LTCUSDT-1708923600-T
BTC/USDT,supertrend,2024-02-26 15:00,51790.41,2024-02-28 17:59,60038.03,trailing,0.03702,4.1419604646,301.1849319354,0.157090,51.00,tb-supertrend-BTCUSDT-1708956000-B,tb-supertrend-BTCUSDT-1709139600-T
ADA/USDT,supertrend,2024-02-26 16:00,0.6072,2024-02-28 17:59,0.6221,trailing,1235.6,1.519712440000,16.890727560000,0.022513,50.00,tb-supertrend-ADAUSDT-1708959600-B,tb-supertrend-ADAUSDT-1709139600-T
LTC/USDT,supertrend,2024-02-29 05:00,83.48,2024-02-29 22:59,79.12,trailing,4.936,0.8030110000,-22.3239710000,-0.054177,18.00,tb-supertrend-LTCUSDT-1709179200-B,tb-supertrend-LTCUSDT-1709244000-T
XRP/USDT,supertrend,2024-02-29 17:00,0.6130,2024-03-01 14:59,0.5866,trailing,713.6,0.856524960000,-19.695564960000,-0.045025,22.00,tb-supertrend-XRPUSDT-1709222400-B,tb-supertrend-XRPUSDT-1709301600-T
ADA/USDT,supertrend,2024-03-02 00:00,0.7211,2024-03-02 09:59,0.7201,trailing,748.5,1.079315080000,-1.827815080000,-0.003386,10.00,tb-supertrend-ADAUSDT-1709334000-B,tb-supertrend-ADAUSDT-1709370000-T
LINK/USDT,supertrend,2024-03-02 02:00,20.469,2024-03-03 07:59,20.742,trailing,35.95,1.48235421000,8.33199579000,0.011323,30.00,tb-supertrend-LINKUSDT-1709341200-B,tb-supertrend-LINKUSDT-1709449200-T
ADA/USDT,supertrend,2024-03-04 03:00,0.7542,2024-03-05 05:59,0.7498,trailing,738.4,1.111156960000,-4.360116960000,-0.007829,27.00,tb-supertrend-ADAUSDT-1709517600-B,tb-supertrend-ADAUSDT-1709614800-T
ETH/USDT,supertrend,2024-03-03 17:00,3487.48,2024-03-05 16:59,3668.11,trailing,0.3408,2.4400200660,59.1186839340,0.049741,48.00,tb-supertrend-ETHUSDT-1709481600-B,tb-supertrend-ETHUSDT-1709654400-T
LINK/USDT,supertrend,2024-03-05 06:00,21.012,2024-03-05 16:59,20.029,trailing,24.47,1.00490363000,-25.05891363000,-0.048737,11.00,tb-supertrend-LINKUSDT-1709614800-B,tb-supertrend-LINKUSDT-1709654400-T
BNB/USDT,supertrend,2024-03-06 08:00,411.43,2024-03-08 15:59,467.84,trailing,1.104,0.9715369400,61.3051030600,0.134968,56.00,tb-supertrend-BNBUSDT-1709708400-B,tb-supertrend-BNBUSDT-1709910000-T
ETH/USDT,supertrend,2024-03-06 06:00,3776.98,2024-03-08 16:59,3851.61,trailing,0.0977,0.7456909440,6.5456600560,0.017738,59.00,tb-supertrend-ETHUSDT-1709701200-B,tb-supertrend-ETHUSDT-1709913600-T
LINK/USDT,supertrend,2024-03-10 23:00,20.702,2024-03-11 00:59,20.621,trailing,32.82,1.35704894000,-4.01546894000,-0.005910,2.00,tb-supertrend-LINKUSDT-1710108000-B,tb-supertrend-LINKUSDT-1710115200-T
ETH/USDT,supertrend,2024-03-11 08:00,4009.41,2024-03-12 08:59,3965.71,trailing,0.1820,1.4522737220,-9.4056737220,-0.012890,25.00,tb-supertrend-ETHUSDT-1710140400-B,tb-supertrend-ETHUSDT-1710230400-T
BTC/USDT,supertrend,2024-03-11 08:00,71162.03,2024-03-12 15:59,70668.05,trailing,0.01340,1.9019463126,-8.5212783126,-0.008936,32.00,tb-supertrend-BTCUSDT-1710140400-B,tb-supertrend-BTCUSDT-1710255600-T
BTC/USDT,supertrend,2024-03-13 08:00,73000.87,2024-03-13 13:59,71512.56,trailing,0.01377,1.9914099473,-22.4854386473,-0.022369,6.00,tb-supertrend-BTCUSDT-1710313200-B,tb-supertrend-BTCUSDT-1710334800-T
ETH/USDT,supertrend,2024-03-13 09:00,4071.89,2024-03-13 13:59,3963.23,trailing,0.2296,1.8460851210,-26.7944211210,-0.028660,5.00,tb-supertrend-ETHUSDT-1710316800-B,tb-supertrend-ETHUSDT-1710334800-T
LINK/USDT,supertrend,2024-03-14 10:00,21.158,2024-03-14 15:59,20.655,trailing,34.17,1.42959653000,-18.61710653000,-0.025751,6.00,tb-supertrend-LINKUSDT-1710406800-B,tb-supertrend-LINKUSDT-1710428400-T
SOL/USDT,supertrend,2024-03-15 00:00,177.01,2024-03-15 08:59,169.55,trailing,1.908,0.6615905000,-14.8952705000,-0.044103,9.00,tb-supertrend-SOLUSDT-1710457200-B,tb-supertrend-SOLUSDT-1710489600-T
BNB/USDT,supertrend,2024-03-15 19:00,613.83,2024-03-16 13:59,592.75,trailing,0.576,0.6956039100,-12.8376839100,-0.036309,19.00,tb-supertrend-BNBUSDT-1710525600-B,tb-supertrend-BNBUSDT-1710594000-T
SOL/USDT,supertrend,2024-03-16 06:00,192.62,2024-03-16 19:59,180.50,trailing,1.539,0.5746169200,-19.2272969200,-0.064860,14.00,tb-supertrend-SOLUSDT-1710565200-B,tb-supertrend-SOLUSDT-1710615600-T
ETH/USDT,supertrend,2024-03-17 16:00,3635.68,2024-03-18 13:59,3521.99,trailing,0.1605,1.1495331760,-19.3967781760,-0.033241,22.00,tb-supertrend-ETHUSDT-1710687600-B,tb-supertrend-ETHUSDT-1710766800-T
BTC/USDT,supertrend,2024-03-17 16:00,68101.45,2024-03-18 14:59,66552.60,trailing,0.00997,1.3431818910,-16.7852163910,-0.024722,23.00,tb-supertrend-BTCUSDT-1710687600-B,tb-supertrend-BTCUSDT-1710770400-T
LTC/USDT,supertrend,2024-03-19 00:00,86.94,2024-03-19 01:59,82.30,stop,5.721,0.9687436800,-27.5141836800,-0.055318,2.00,tb-supertrend-LTCUSDT-1710802800-B,tb-supertrend-LTCUSDT-1710810000-X
XRP/USDT,supertrend,2024-03-18 23:00,0.6344,2024-03-19 02:59,0.6108,trailing,932.7,1.162032440000,-23.173752440000,-0.039164,4.00,tb-supertrend-XRPUSDT-1710799200-B,tb-supertrend-XRPUSDT-1710813600-T
ETH/USDT,supertrend,2024-03-20 13:00,3361.54,2024-03-20 16:59,3185.87,trailing,0.1280,0.8387407880,-23.3245007880,-0.054208,4.00,tb-supertrend-ETHUSDT-1710936000-B,tb-supertrend-ETHUSDT-1710950400-T
SOL/USDT,supertrend,2024-03-20 19:00,184.20,2024-03-21 18:59,179.57,trailing,1.420,0.5169218000,-7.0915218000,-0.027112,24.00,tb-supertrend-SOLUSDT-1710957600-B,tb-supertrend-SOLUSDT-1711044000-T
BTC/USDT,supertrend,2024-03-20 19:00,65545.76,2024-03-21 18:59,65338.25,trailing,0.00737,0.9652706088,-2.4946193088,-0.005164,24.00,tb-supertrend-BTCUSDT-1710957600-B,tb-supertrend-BTCUSDT-1711044000-T
LTC/USDT,supertrend,2024-03-23 02:00,84.82,2024-03-26 14:59,89.25,trailing,8.022,1.3971529200,34.1403070800,0.050175,85.00,tb-supertrend-LTCUSDT-1711155600-B,tb-supertrend-LTCUSDT-1711461600-T
LINK/USDT,supertrend,2024-03-23 10:00,18.433,2024-03-26 14:59,19.831,trailing,32.65,1.25005692000,44.39464308000,0.073765,77.00,tb-supertrend-LINKUSDT-1711184400-B,tb-supertrend-LINKUSDT-1711461600-T
LTC/USDT,supertrend,2024-03-26 19:00,93.99,2024-03-27 14:59,92.86,trailing,5.699,1.0654220900,-7.5052920900,-0.014012,20.00,tb-supertrend-LTCUSDT-1711476000-B,tb-supertrend-LTCUSDT-1711548000-T
BTC/USDT,supertrend,2024-03-28 15:00,71681.05,2024-03-29 03:59,70157.47,trailing,0.01408,1.9985199850,-23.4505263850,-0.023235,13.00,tb-supertrend-BTCUSDT-1711634400-B,tb-supertrend-BTCUSDT-1711681200-T
BNB/USDT,supertrend,2024-03-28 01:00,588.98,2024-03-30 06:59,602.35,trailing,1.386,1.6523613400,16.8784586600,0.020676,54.00,tb-supertrend-BNBUSDT-1711584000-B,tb-supertrend-BNBUSDT-1711778400-T
XRP/USDT,supertrend,2024-03-29 12:00,0.6307,2024-03-30 21:59,0.6203,trailing,1412.3,1.767733350000,-16.455653350000,-0.018474,34.00,tb-supertrend-XRPUSDT-1711710000-B,tb-supertrend-XRPUSDT-1711832400-T
ETH/USDT,supertrend,2024-03-31 06:00,3611.41,2024-04-01 05:59,3579.69,trailing,0.3716,2.6736573200,-14.4608093200,-0.010776,24.00,tb-supertrend-ETHUSDT-1711861200-B,tb-supertrend-ETHUSDT-1711947600-T
BTC/USDT,supertrend,2024-03-31 12:00,70510.73,2024-04-01 05:59,70228.39,trailing,0.03136,4.4163992320,-13.2705816320,-0.006001,18.00,tb-supertrend-BTCUSDT-1711882800-B,tb-supertrend-BTCUSDT-1711947600-T
LTC/USDT,supertrend,2024-04-02 12:00,102.72,2024-04-03 08:59,100.39,trailing,3.389,0.6887506700,-8.5851206700,-0.024662,21.00,tb-supertrend-LTCUSDT-1712055600-B,tb-supertrend-LTCUSDT-1712131200-T
SOL/USDT,supertrend,2024-04-03 04:00,188.85,2024-04-04 03:59,181.64,trailing,2.322,0.8608443300,-17.6024643300,-0.040142,24.00,tb-supertrend-SOLUSDT-1712113200-B,tb-supertrend-SOLUSDT-1712199600-T
LTC/USDT,supertrend,2024-04-06 11:00,102.03,2024-04-07 17:59,101.71,trailing,6.552,1.3356186900,-3.4322586900,-0.005134,31.00,tb-supertrend-LTCUSDT-1712397600-B,tb-supertrend-LTCUSDT-1712509200-T
XRP/USDT,supertrend,2024-04-06 16:00,0.5953,2024-04-07 19:59,0.5907,trailing,2277.1,2.702009790000,-13.176669790000,-0.009720,28.00,tb-supertrend-XRPUSDT-1712415600-B,tb-supertrend-XRPUSDT-1712516400-T
LTC/USDT,supertrend,2024-04-08 09:00,104.64,2024-04-09 00:59,102.45,trailing,7.203,1.4925063900,-17.2670763900,-0.022909,16.00,tb-supertrend-LTCUSDT-1712563200-B,tb-supertrend-LTCUSDT-1712620800-T
ADA/USDT,supertrend,2024-04-08 08:00,0.5961,2024-04-09 07:59,0.6006,trailing,1769.4,2.118513960000,5.843786040000,0.005541,24.00,tb-supertrend-ADAUSDT-1712559600-B,tb-supertrend-ADAUSDT-1712646000-T
BNB/USDT,supertrend,2024-04-10 16:00,594.29,2024-04-11 09:59,598.90,trailing,1.468,1.7527915000,5.0146885000,0.005748,18.00,tb-supertrend-BNBUSDT-1712761200-B,tb-supertrend-BNBUSDT-1712826000-T
BTC/USDT,supertrend,2024-04-10 20:00,70224.17,2024-04-12 13:59,69735.23,trailing,0.01337,1.8726616663,-8.4097894663,-0.008957,42.00,tb-supertrend-BTCUSDT-1712775600-B,tb-supertrend-BTCUSDT-1712926800-T
LINK/USDT,supertrend,2024-04-19 07:00,13.874,2024-04-21 16:59,14.548,trailing,29.83,0.84824448000,19.25717552000,0.046530,58.00,tb-supertrend-LINKUSDT-1713506400-B,tb-supertrend-LINKUSDT-1713715200-T
LTC/USDT,supertrend,2024-04-22 21:00,86.41,2024-04-23 04:59,84.23,trailing,11.030,1.8831961200,-25.9285961200,-0.027204,8.00,tb-supertrend-LTCUSDT-1713816000-B,tb-supertrend-LTCUSDT-1713844800-T
BTC/USDT,supertrend,2024-04-19 07:00,64753.62,2024-04-23 11:59,65721.48,trailing,0.00808,1.0548863458,6.7654224542,0.012931,101.00,tb-supertrend-BTCUSDT-1713506400-B,tb-supertrend-BTCUSDT-1713870000-T
ETH/USDT,supertrend,2024-05-17 08:00,3030.71,2024-05-19 11:59,3088.91,trailing,0.3919,2.3994913630,20.4090886370,0.017183,52.00,tb-supertrend-ETHUSDT-1715929200-B,tb-supertrend-ETHUSDT-1716116400-T
SOL/USDT,supertrend,2024-05-20 03:00,173.11,2024-05-21 12:59,179.62,trailing,4.032,1.4230729100,24.8252470900,0.035567,34.00,tb-supertrend-SOLUSDT-1716170400-B,tb-supertrend-SOLUSDT-1716292800-T
LINK/USDT,supertrend,2024-05-16 19:00,14.447,2024-05-21 15:59,16.536,trailing,42.67,1.32276696000,87.81486304000,0.142452,117.00,tb-supertrend-LINKUSDT-1715882400-B,tb-supertrend-LINKUSDT-1716303600-T
ETH/USDT,supertrend,2024-05-23 11:00,3835.87,2024-05-23 12:59,3779.66,trailing,0.2154,1.6415359190,-13.7491699190,-0.016641,2.00,tb-supertrend-ETHUSDT-1716458400-B,tb-supertrend-ETHUSDT-1716465600-T
LINK/USDT,supertrend,2024-05-24 01:00,16.935,2024-05-25 08:59,16.992,trailing,27.84,0.94503573000,0.64184427000,0.001361,32.00,tb-supertrend-LINKUSDT-1716508800-B,tb-supertrend-LINKUSDT-1716624000-T
LTC/USDT,supertrend,2024-05-24 01:00,86.42,2024-05-25 12:59,84.63,trailing,7.310,1.2510668600,-14.3359668600,-0.022693,36.00,tb-supertrend-LTCUSDT-1716508800-B,tb-supertrend-LTCUSDT-1716638400-T
ETH/USDT,supertrend,2024-05-26 10:00,3807.60,2024-05-27 19:59,3863.00,trailing,0.3479,2.6701247800,16.6035352200,0.012534,34.00,tb-supertrend-ETHUSDT-1716714000-B,tb-supertrend-ETHUSDT-1716836400-T
BNB/USDT,supertrend,2024-05-27 03:00,607.12,2024-05-27 19:59,603.49,trailing,3.658,4.4308398600,-17.7093798600,-0.007974,17.00,tb-supertrend-BNBUSDT-1716775200-B,tb-supertrend-BNBUSDT-1716836400-T
SOL/USDT,supertrend,2024-05-29 04:00,172.70,2024-05-29 12:59,167.13,trailing,4.244,1.4431020200,-25.0821820200,-0.034221,9.00,tb-supertrend-SOLUSDT-1716951600-B,tb-supertrend-SOLUSDT-1716984000-T
LINK/USDT,supertrend,2024-05-29 13:00,19.103,2024-05-30 06:59,18.403,trailing,34.81,1.30634798000,-25.67334798000,-0.038608,18.00,tb-supertrend-LINKUSDT-1716984000-B,tb-supertrend-LINKUSDT-1717048800-T
BTC/USDT,supertrend,2024-05-30 17:00,68813.36,2024-05-31 06:59,68140.70,trailing,0.01972,2.7021103264,-15.9669655264,-0.011766,14.00,tb-supertrend-BTCUSDT-1717084800-B,tb-supertrend-BTCUSDT-1717135200-T
LTC/USDT,supertrend,2024-05-30 14:00,84.86,2024-05-31 13:59,83.48,trailing,12.716,2.1417146200,-19.6897946200,-0.018247,24.00,tb-supertrend-LTCUSDT-1717074000-B,tb-supertrend-LTCUSDT-1717160400-T
LINK/USDT,supertrend,2024-05-31 20:00,18.268,2024-06-02 09:59,18.228,trailing,39.87,1.45582624000,-3.05062624000,-0.004188,38.00,tb-supertrend-LINKUSDT-1717182000-B,tb-supertrend-LINKUSDT-1717318800-T
BTC/USDT,supertrend,2024-06-02 12:00,68388.04,2024-06-02 18:59,67572.55,stop,0.03698,5.0305581408,-35.1873783408,-0.013914,7.00,tb-supertrend-BTCUSDT-1717326000-B,tb-supertrend-BTCUSDT-1717351200-X
LTC/USDT,supertrend,2024-06-03 02:00,83.84,2024-06-03 14:59,82.58,trailing,21.043,3.5038205400,-30.0180005400,-0.017015,13.00,tb-supertrend-LTCUSDT-1717376400-B,tb-supertrend-LTCUSDT-1717423200-T
BNB/USDT,supertrend,2024-06-03 01:00,606.01,2024-06-06 16:59,698.23,trailing,3.420,4.4629248400,310.9294751600,0.150022,88.00,tb-supertrend-BNBUSDT-1717372800-B,tb-supertrend-BNBUSDT-1717689600-T
LTC/USDT,supertrend,2024-06-04 17:00,83.15,2024-06-06 20:59,84.22,trailing,17.894,2.9964154800,16.1501645200,0.010854,52.00,tb-supertrend-LTCUSDT-1717516800-B,tb-supertrend-LTCUSDT-1717704000-T
ADA/USDT,supertrend,2024-06-07 09:00,0.4655,2024-06-07 17:59,0.4707,trailing,3058.9,2.865185230000,13.041094770000,0.009159,9.00,tb-supertrend-ADAUSDT-1717747200-B,tb-supertrend-ADAUSDT-1717779600-T
BTC/USDT,supertrend,2024-06-09 13:00,69852.39,2024-06-09 13:59,69257.07,stop,0.03718,5.1748838158,-27.3088814158,-0.010515,1.00,tb-supertrend-BTCUSDT-1717934400-B,tb-supertrend-BTCUSDT-1717938000-X
SOL/USDT,supertrend,2024-06-09 15:00,161.67,2024-06-10 04:59,159.01,trailing,6.929,2.2231234100,-20.6542634100,-0.018438,14.00,tb-supertrend-SOLUSDT-1717941600-B,tb-supertrend-SOLUSDT-1717992000-T
ADA/USDT,supertrend,2024-06-09 19:00,0.4442,2024-06-10 06:59,0.4367,trailing,3231.5,2.848094210000,-27.084344210000,-0.018868,12.00,tb-supertrend-ADAUSDT-1717956000-B,tb-supertrend-ADAUSDT-1717999200-T
ADA/USDT,supertrend,2024-06-10 10:00,0.4501,2024-06-10 13:59,0.4388,stop,2482.7,2.207997280000,-30.262507280000,-0.027081,4.00,tb-supertrend-ADAUSDT-1718010000-B,tb-supertrend-ADAUSDT-1718024400-X
XRP/USDT,supertrend,2024-06-10 15:00,0.5039,2024-06-10 20:59,0.4949,trailing,3136.4,3.134248800000,-31.361848800000,-0.019844,6.00,tb-supertrend-XRPUSDT-1718028000-B,tb-supertrend-XRPUSDT-1718049600-T
SOL/USDT,supertrend,2024-06-10 16:00,162.70,2024-06-10 23:59,158.18,stop,6.130,1.9681333000,-29.6757333000,-0.029755,8.00,tb-supertrend-SOLUSDT-1718031600-B,tb-supertrend-SOLUSDT-1718060400-X
ETH/USDT,supertrend,2024-06-12 13:00,3645.69,2024-06-12 18:59,3547.21,stop,0.2800,2.0151057070,-29.5895057070,-0.028987,6.00,tb-supertrend-ETHUSDT-1718193600-B,tb-supertrend-ETHUSDT-1718215200-X
BNB/USDT,supertrend,2024-06-12 10:00,617.54,2024-06-12 19:59,611.71,trailing,1.389,1.7086633300,-9.8065333300,-0.011433,10.00,tb-supertrend-BNBUSDT-1718182800-B,tb-supertrend-BNBUSDT-1718218800-T
BTC/USDT,supertrend,2024-06-16 11:00,66849.75,2024-06-17 01:59,66186.72,trailing,0.03490,4.6456467950,-27.7853937950,-0.011909,15.00,tb-supertrend-BTCUSDT-1718532000-B,tb-supertrend-BTCUSDT-1718586000-T
ETH/USDT,supertrend,2024-06-14 22:00,3511.22,2024-06-17 05:59,3560.27,trailing,0.2420,1.7123539460,10.1577460540,0.011954,56.00,tb-supertrend-ETHUSDT-1718398800-B,tb-supertrend-ETHUSDT-1718600400-T
ADA/USDT,supertrend,2024-07-21 22:00,0.4401,2024-07-22 05:59,0.4310,trailing,1595.3,1.390369990000,-15.907599990000,-0.022657,8.00,tb-supertrend-ADAUSDT-1721595600-B,tb-supertrend-ADAUSDT-1721624400-T
ETH/USDT,supertrend,2024-07-21 23:00,3540.55,2024-07-22 06:59,3458.80,trailing,0.3009,2.1075206350,-26.7060956350,-0.025068,8.00,tb-supertrend-ETHUSDT-1721599200-B,tb-supertrend-ETHUSDT-1721628000-T
XRP/USDT,supertrend,2024-07-22 10:00,0.6031,2024-07-23 05:59,0.5969,trailing,1017.1,1.221183410000,-7.527203410000,-0.012271,20.00,tb-supertrend-XRPUSDT-1721638800-B,tb-supertrend-XRPUSDT-1721710800-T
ETH/USDT,supertrend,2024-07-23 09:00,3528.53,2024-07-23 13:59,3430.37,trailing,0.2704,1.8827451210,-28.4252091210,-0.029792,5.00,tb-supertrend-ETHUSDT-1721721600-B,tb-supertrend-ETHUSDT-1721739600-T
LTC/USDT,supertrend,2024-07-24 00:00,73.07,2024-07-24 21:59,71.67,trailing,10.721,1.5525613100,-16.5619613100,-0.021142,22.00,tb-supertrend-LTCUSDT-1721775600-B,tb-supertrend-LTCUSDT-1721854800-T
XRP/USDT,supertrend,2024-07-24 09:00,0.6153,2024-07-25 01:59,0.6032,trailing,1076.7,1.312635780000,-14.340705780000,-0.021647,17.00,tb-supertrend-XRPUSDT-1721808000-B,tb-supertrend-XRPUSDT-1721869200-T
BNB/USDT,supertrend,2024-07-26 01:00,574.85,2024-07-27 15:59,581.66,trailing,1.707,1.9753122700,9.6493577300,0.009834,39.00,tb-supertrend-BNBUSDT-1721952000-B,tb-supertrend-BNBUSDT-1722092400-T
BTC/USDT,supertrend,2024-07-25 22:00,65969.69,2024-07-27 19:59,67993.62,trailing,0.01450,1.9437873888,27.4031976112,0.028648,46.00,tb-supertrend-BTCUSDT-1721941200-B,tb-supertrend-BTCUSDT-1722106800-T
XRP/USDT,supertrend,2024-07-28 10:00,0.6105,2024-07-29 15:59,0.5973,trailing,1417.2,1.712609910000,-20.419649910000,-0.023601,30.00,tb-supertrend-XRPUSDT-1722157200-B,tb-supertrend-XRPUSDT-1722265200-T
LINK/USDT,supertrend,2024-07-29 01:00,13.568,2024-07-29 15:59,13.526,trailing,74.80,2.02771664000,-5.16931664000,-0.005093,15.00,tb-supertrend-LINKUSDT-1722211200-B,tb-supertrend-LINKUSDT-1722265200-T
XRP/USDT,supertrend,2024-07-30 11:00,0.6250,2024-07-31 20:59,0.6257,trailing,1180.9,1.477701630000,-0.651071630000,-0.000882,34.00,tb-supertrend-XRPUSDT-1722333600-B,tb-supertrend-XRPUSDT-1722456000-T
BNB/USDT,supertrend,2024-07-30 23:00,583.57,2024-07-31 20:59,578.47,trailing,2.292,2.6651463900,-14.3543463900,-0.010732,22.00,tb-supertrend-BNBUSDT-1722376800-B,tb-supertrend-BNBUSDT-1722456000-T
BTC/USDT,supertrend,2024-08-01 21:00,64889.54,2024-08-02 14:59,63588.47,trailing,0.01330,1.7100553228,-19.0142863228,-0.022032,18.00,tb-supertrend-BTCUSDT-1722542400-B,tb-supertrend-BTCUSDT-1722607200-T
BNB/USDT,supertrend,2024-08-01 21:00,571.85,2024-08-02 14:59,561.08,trailing,1.611,1.8262939300,-19.1767639300,-0.020816,18.00,tb-supertrend-BNBUSDT-1722542400-B,tb-supertrend-BNBUSDT-1722607200-T
LTC/USDT,supertrend,2024-09-25 17:00,67.84,2024-09-25 23:59,66.35,stop,18.383,2.4681037300,-29.8587737300,-0.023943,7.00,tb-supertrend-LTCUSDT-1727280000-B,tb-supertrend-LTCUSDT-1727305200-X
ADA/USDT,supertrend,2024-09-29 19:00,0.4047,2024-09-30 00:59,0.3949,trailing,2697.9,2.158374000000,-28.597794000000,-0.026192,6.00,tb-supertrend-ADAUSDT-1727632800-B,tb-supertrend-ADAUSDT-1727654400-T
LTC/USDT,supertrend,2024-09-29 20:00,70.37,2024-09-30 00:59,68.91,stop,18.898,2.6334504700,-30.2245304700,-0.022728,5.00,tb-supertrend-LTCUSDT-1727636400-B,tb-supertrend-LTCUSDT-1727654400-X
SOL/USDT,supertrend,2024-10-15 14:00,158.87,2024-10-15 14:59,153.05,stop,4.475,1.3966363500,-27.4411363500,-0.038598,1.00,tb-supertrend-SOLUSDT-1728997200-B,tb-supertrend-SOLUSDT-1729000800-X
XRP/USDT,supertrend,2024-10-16 20:00,0.5538,2024-10-17 18:59,0.5456,trailing,2030.9,2.233934440000,-18.887314440000,-0.016793,23.00,tb-supertrend-XRPUSDT-1729105200-B,tb-supertrend-XRPUSDT-1729188000-T
LINK/USDT,supertrend,2024-10-18 07:00,11.353,2024-10-20 03:59,11.271,trailing,70.87,1.60427112000,-7.41561112000,-0.009217,45.00,tb-supertrend-LINKUSDT-1729231200-B,tb-supertrend-LINKUSDT-1729393200-T
SOL/USDT,supertrend,2024-10-18 07:00,154.01,2024-10-21 12:59,165.24,trailing,5.877,1.8771563100,64.1215536900,0.070843,78.00,tb-supertrend-SOLUSDT-1729231200-B,tb-supertrend-SOLUSDT-1729512000-T
XRP/USDT,supertrend,2024-10-20 23:00,0.5493,2024-10-21 13:59,0.5464,trailing,2998.7,3.287378420000,-11.983608420000,-0.007275,15.00,tb-supertrend-XRPUSDT-1729461600-B,tb-supertrend-XRPUSDT-1729515600-T
LINK/USDT,supertrend,2024-10-22 07:00,12.095,2024-10-23 03:59,11.724,trailing,63.43,1.51168582000,-25.04421582000,-0.032644,21.00,tb-supertrend-LINKUSDT-1729576800-B,tb-supertrend-LINKUSDT-1729652400-T
SOL/USDT,supertrend,2024-10-22 15:00,170.51,2024-10-23 05:59,164.31,trailing,3.476,1.1645163600,-22.7157163600,-0.038326,15.00,tb-supertrend-SOLUSDT-1729605600-B,tb-supertrend-SOLUSDT-1729659600-T
LINK/USDT,supertrend,2024-10-24 01:00,11.544,2024-10-25 06:59,11.631,trailing,60.75,1.40868933000,3.87656067000,0.005528,30.00,tb-supertrend-LINKUSDT-1729728000-B,tb-supertrend-LINKUSDT-1729836000-T
BTC/USDT,supertrend,2024-10-24 01:00,67566.87,2024-10-25 07:59,67161.42,trailing,0.01825,2.4601426349,-9.8596051349,-0.007996,31.00,tb-supertrend-BTCUSDT-1729728000-B,tb-supertrend-BTCUSDT-1729839600-T
ETH/USDT,supertrend,2024-10-25 10:00,2544.32,2024-10-25 17:59,2486.04,trailing,0.3904,1.9648702760,-24.7173822760,-0.024884,8.00,tb-supertrend-ETHUSDT-1729846800-B,tb-supertrend-ETHUSDT-1729875600-T
SOL/USDT,supertrend,2024-10-26 21:00,172.89,2024-10-28 05:59,172.93,trailing,4.298,1.4871988100,-1.3152788100,-0.001770,33.00,tb-supertrend-SOLUSDT-1729972800-B,tb-supertrend-SOLUSDT-1730091600-T
LTC/USDT,supertrend,2024-10-27 12:00,69.84,2024-10-28 15:59,70.07,trailing,20.375,2.8521328900,1.8341171100,0.001289,28.00,tb-supertrend-LTCUSDT-1730026800-B,tb-supertrend-LTCUSDT-1730127600-T
ETH/USDT,supertrend,2024-10-28 10:00,2547.39,2024-10-28 15:59,2494.40,trailing,0.4856,2.4495669190,-28.1815109190,-0.022782,6.00,tb-supertrend-ETHUSDT-1730106000-B,tb-supertrend-ETHUSDT-1730127600-T
LTC/USDT,supertrend,2024-10-29 02:00,71.98,2024-10-30 07:59,72.40,trailing,16.221,2.3432116400,4.4696083600,0.003828,30.00,tb-supertrend-LTCUSDT-1730163600-B,tb-supertrend-LTCUSDT-1730271600-T
ADA/USDT,supertrend,2024-10-28 20:00,0.3430,2024-10-30 12:59,0.3504,trailing,2330.8,1.616999920000,15.630920080000,0.019552,41.00,tb-supertrend-ADAUSDT-1730142000-B,tb-supertrend-ADAUSDT-1730289600-T
XRP/USDT,supertrend,2024-11-01 04:00,0.5204,2024-11-01 21:59,0.5069,trailing,1949.3,2.003556690000,-28.319106690000,-0.027917,18.00,tb-supertrend-XRPUSDT-1730430000-B,tb-supertrend-XRPUSDT-1730494800-T
ADA/USDT,supertrend,2024-11-01 13:00,0.3542,2024-11-02 14:59,0.3496,trailing,2280.7,1.605971320000,-12.097191320000,-0.014975,26.00,tb-supertrend-ADAUSDT-1730462400-B,tb-supertrend-ADAUSDT-1730556000-T
BTC/USDT,supertrend,2024-11-03 22:00,69283.65,2024-11-04 16:59,67926.11,trailing,0.01836,2.5205568670,-27.4449912670,-0.021575,19.00,tb-supertrend-BTCUSDT-1730667600-B,tb-supertrend-BTCUSDT-1730736000-T
XRP/USDT,supertrend,2024-11-04 02:00,0.5075,2024-11-04 21:59,0.5027,trailing,2178.9,2.202241280000,-12.660961280000,-0.011450,20.00,tb-supertrend-XRPUSDT-1730682000-B,tb-supertrend-XRPUSDT-1730754000-T
BNB/USDT,supertrend,2024-11-05 08:00,561.66,2024-11-07 06:59,591.39,trailing,2.322,2.6790670800,66.3539929200,0.050878,47.00,tb-supertrend-BNBUSDT-1730790000-B,tb-supertrend-BNBUSDT-1730959200-T
XRP/USDT,supertrend,2024-11-05 08:00,0.5159,2024-11-07 14:59,0.5401,trailing,2187.5,2.311134980000,50.626365020000,0.044860,55.00,tb-supertrend-XRPUSDT-1730790000-B,tb-supertrend-XRPUSDT-1730988000-T
BNB/USDT,supertrend,2024-11-09 01:00,609.09,2024-11-09 14:59,616.74,trailing,1.626,1.9944177600,10.4444822400,0.010546,14.00,tb-supertrend-BNBUSDT-1731110400-B,tb-supertrend-BNBUSDT-1731160800-T
LTC/USDT,supertrend,2024-11-11 16:00,78.64,2024-11-12 04:59,76.40,trailing,7.303,1.1328862400,-17.4916062400,-0.030457,13.00,tb-supertrend-LTCUSDT-1731337200-B,tb-supertrend-LTCUSDT-1731384000-T
SOL/USDT,supertrend,2024-11-11 12:00,218.06,2024-11-12 10:59,212.43,trailing,2.240,0.9649517800,-13.5761517800,-0.027794,23.00,tb-supertrend-SOLUSDT-1731322800-B,tb-supertrend-SOLUSDT-1731405600-T
LINK/USDT,supertrend,2024-11-13 15:00,14.399,2024-11-13 19:59,13.393,trailing,24.10,0.67021917000,-24.91481917000,-0.071797,5.00,tb-supertrend-LINKUSDT-1731506400-B,tb-supertrend-LINKUSDT-1731524400-T
ADA/USDT,supertrend,2024-11-13 15:00,0.6065,2024-11-14 11:59,0.5602,trailing,422.3,0.493000660000,-20.045490660000,-0.078264,21.00,tb-supertrend-ADAUSDT-1731506400-B,tb-supertrend-ADAUSDT-1731582000-T
LINK/USDT,supertrend,2024-11-15 21:00,13.808,2024-11-17 01:59,14.160,trailing,32.55,0.91091072000,10.54668928000,0.023466,29.00,tb-supertrend-LINKUSDT-1731700800-B,tb-supertrend-LINKUSDT-1731805200-T
BTC/USDT,supertrend,2024-11-15 21:00,91630.89,2024-11-17 02:59,89793.69,trailing,0.00754,1.3688576395,-15.2213456395,-0.022031,30.00,tb-supertrend-BTCUSDT-1731700800-B,tb-supertrend-BTCUSDT-1731808800-T
BNB/USDT,supertrend,2024-11-17 05:00,631.16,2024-11-17 17:59,619.06,trailing,1.144,1.4315140000,-15.2739140000,-0.021154,13.00,tb-supertrend-BNBUSDT-1731816000-B,tb-supertrend-BNBUSDT-1731862800-T
LTC/USDT,supertrend,2024-11-18 04:00,94.82,2024-11-18 14:59,88.34,trailing,3.548,0.6502309600,-23.6412709600,-0.070273,11.00,tb-supertrend-LTCUSDT-1731898800-B,tb-supertrend-LTCUSDT-1731938400-T
LINK/USDT,supertrend,2024-11-18 04:00,14.399,2024-11-19 09:59,14.701,trailing,34.48,1.00394396000,9.40901604000,0.018952,30.00,tb-supertrend-LINKUSDT-1731898800-B,tb-supertrend-LINKUSDT-1732006800-T
ETH/USDT,supertrend,2024-11-18 17:00,3174.34,2024-11-19 09:59,3095.79,trailing,0.2140,1.3427601220,-18.1524601220,-0.026722,17.00,tb-supertrend-ETHUSDT-1731945600-B,tb-supertrend-ETHUSDT-1732006800-T
LINK/USDT,supertrend,2024-11-20 14:00,15.141,2024-11-20 17:59,14.340,stop,31.44,0.92748828000,-26.11092828000,-0.054851,4.00,tb-supertrend-LINKUSDT-1732107600-B,tb-supertrend-LINKUSDT-1732122000-X
BTC/USDT,supertrend,2024-11-19 13:00,92652.93,2024-11-21 15:59,95490.03,trailing,0.01129,2.1259870783,29.9048719217,0.028588,51.00,tb-supertrend-BTCUSDT-1732017600-B,tb-supertrend-BTCUSDT-1732201200-T
LTC/USDT,supertrend,2024-11-21 07:00,90.37,2024-11-23 17:59,97.00,trailing,4.137,0.7756015400,26.6527084600,0.071290,59.00,tb-supertrend-LTCUSDT-1732168800-B,tb-supertrend-LTCUSDT-1732381200-T
ADA/USDT,supertrend,2024-11-22 02:00,0.8600,2024-11-24 11:59,1.0235,trailing,384.7,0.724926450000,62.173523550000,0.187925,58.00,tb-supertrend-ADAUSDT-1732237200-B,tb-supertrend-ADAUSDT-1732446000-T
BTC/USDT,supertrend,2024-11-25 06:00,98278.86,2024-11-25 14:59,96594.46,trailing,0.01319,2.5723446706,-24.7895806706,-0.019123,9.00,tb-supertrend-BTCUSDT-1732510800-B,tb-supertrend-BTCUSDT-1732543200-T
LINK/USDT,supertrend,2024-11-24 23:00,18.117,2024-11-25 21:59,17.412,trailing,18.52,0.65835942000,-13.71495942000,-0.040876,23.00,tb-supertrend-LINKUSDT-1732485600-B,tb-supertrend-LINKUSDT-1732568400-T
LINK/USDT,supertrend,2024-11-27 05:00,17.866,2024-11-28 08:59,17.721,trailing,19.66,0.69999774000,-3.55069774000,-0.010109,28.00,tb-supertrend-LINKUSDT-1732680000-B,tb-supertrend-LINKUSDT-1732780800-T
ADA/USDT,supertrend,2024-11-27 08:00,0.9849,2024-11-28 15:59,0.9729,trailing,313.6,0.614360040000,-4.377560040000,-0.014173,32.00,tb-supertrend-ADAUSDT-1732690800-B,tb-supertrend-ADAUSDT-1732806000-T
LTC/USDT,supertrend,2024-11-29 14:00,98.66,2024-11-30 03:59,100.45,trailing,7.667,1.5273656500,12.1965643500,0.016124,14.00,tb-supertrend-LTCUSDT-1732885200-B,tb-supertrend-LTCUSDT-1732935600-T
SOL/USDT,supertrend,2024-11-29 12:00,245.72,2024-11-30 14:59,238.44,trailing,3.365,1.6301812800,-26.1273812800,-0.031599,27.00,tb-supertrend-SOLUSDT-1732878000-B,tb-supertrend-SOLUSDT-1732975200-T
LTC/USDT,supertrend,2024-12-01 16:00,108.92,2024-12-02 03:59,118.97,trailing,4.561,1.0399508900,44.7980991100,0.090176,12.00,tb-supertrend-LTCUSDT-1733065200-B,tb-supertrend-LTCUSDT-1733108400-T
ETH/USDT,supertrend,2024-11-30 04:00,3664.44,2024-12-02 04:59,3645.49,trailing,0.2537,1.8556285700,-6.6632435700,-0.007167,49.00,tb-supertrend-ETHUSDT-1732935600-B,tb-supertrend-ETHUSDT-1733112000-T
BTC/USDT,supertrend,2024-12-02 16:00,97242.11,2024-12-02 17:59,94858.82,stop,0.01111,2.1361861743,-28.6145380743,-0.026486,2.00,tb-supertrend-BTCUSDT-1733151600-B,tb-supertrend-BTCUSDT-1733158800-X
ADA/USDT,supertrend,2024-12-02 16:00,1.2085,2024-12-03 13:59,1.1701,trailing,201.4,0.479412590000,-8.213172590000,-0.033745,22.00,tb-supertrend-ADAUSDT-1733151600-B,tb-supertrend-ADAUSDT-1733230800-T
LTC/USDT,supertrend,2024-12-02 20:00,132.86,2024-12-03 13:59,125.92,trailing,1.588,0.4112083600,-11.4319283600,-0.054184,18.00,tb-supertrend-LTCUSDT-1733166000-B,tb-supertrend-LTCUSDT-1733230800-T
BNB/USDT,supertrend,2024-12-03 19:00,679.16,2024-12-04 16:59,737.09,trailing,0.835,1.1832479100,47.1883020900,0.083210,22.00,tb-supertrend-BNBUSDT-1733248800-B,tb-supertrend-BNBUSDT-1733328000-T
SOL/USDT,supertrend,2024-12-03 22:00,237.95,2024-12-04 16:59,228.13,trailing,1.849,0.8622578200,-19.0194378200,-0.043229,19.00,tb-supertrend-SOLUSDT-1733259600-B,tb-supertrend-SOLUSDT-1733328000-T
BTC/USDT,supertrend,2024-12-04 21:00,98945.46,2024-12-05 18:59,100264.03,trailing,0.01004,2.0020421876,11.2364006124,0.011311,22.00,tb-supertrend-BTCUSDT-1733342400-B,tb-supertrend-BTCUSDT-1733421600-T
SOL/USDT,supertrend,2024-12-05 10:00,238.05,2024-12-05 20:59,229.22,trailing,1.927,0.9009053900,-17.9163153900,-0.039057,11.00,tb-supertrend-SOLUSDT-1733389200-B,tb-supertrend-SOLUSDT-1733428800-T
BTC/USDT,supertrend,2024-12-06 18:00,101045.75,2024-12-07 13:59,99149.32,trailing,0.00680,1.3623369375,-14.2580609375,-0.020751,20.00,tb-supertrend-BTCUSDT-1733504400-B,tb-supertrend-BTCUSDT-1733576400-T
ETH/USDT,supertrend,2024-12-06 15:00,3992.45,2024-12-07 14:59,3970.79,trailing,0.1573,1.2534161450,-4.6605341450,-0.007421,24.00,tb-supertrend-ETHUSDT-1733493600-B,tb-supertrend-ETHUSDT-1733580000-T
XRP/USDT,supertrend,2024-12-10 21:00,2.2996,2024-12-12 22:59,2.3236,trailing,78.8,0.364538120000,1.526661880000,0.008425,50.00,tb-supertrend-XRPUSDT-1733860800-B,tb-supertrend-XRPUSDT-1734040800-T
SOL/USDT,supertrend,2024-12-11 11:00,224.41,2024-12-13 01:59,225.29,trailing,2.217,0.9976581300,0.9533018700,0.001916,39.00,tb-supertrend-SOLUSDT-1733911200-B,tb-supertrend-SOLUSDT-1734051600-T
BNB/USDT,supertrend,2024-12-13 20:00,728.99,2024-12-14 12:59,714.91,trailing,1.042,1.5060017800,-16.1773617800,-0.021297,17.00,tb-supertrend-BNBUSDT-1734116400-B,tb-supertrend-BNBUSDT-1734177600-T
BTC/USDT,supertrend,2024-12-13 18:00,101941.36,2024-12-14 20:59,100550.01,trailing,0.01058,2.1443975260,-16.8648805260,-0.015637,27.00,tb-supertrend-BTCUSDT-1734109200-B,tb-supertrend-BTCUSDT-1734206400-T
SOL/USDT,supertrend,2024-12-16 00:00,224.71,2024-12-16 09:59,218.63,trailing,3.426,1.5197816800,-22.3498616800,-0.029031,10.00,tb-supertrend-SOLUSDT-1734303600-B,tb-supertrend-SOLUSDT-1734339600-T
ETH/USDT,supertrend,2024-12-16 00:00,3967.01,2024-12-16 11:59,3904.14,trailing,0.2555,2.0122689280,-18.0755539280,-0.017834,12.00,tb-supertrend-ETHUSDT-1734303600-B,tb-supertrend-ETHUSDT-1734346800-T
ADA/USDT,supertrend,2024-12-16 17:00,1.1110,2024-12-17 00:59,1.0586,trailing,396.4,0.860473840000,-21.631833840000,-0.049119,8.00,tb-supertrend-ADAUSDT-1734364800-B,tb-supertrend-ADAUSDT-1734393600-T
XRP/USDT,supertrend,2024-12-16 17:00,2.5215,2024-12-17 15:59,2.5614,trailing,191.5,0.973879650000,6.666970350000,0.013807,23.00,tb-supertrend-XRPUSDT-1734364800-B,tb-supertrend-XRPUSDT-1734447600-T
SOL/USDT,supertrend,2024-12-17 10:00,222.36,2024-12-17 15:59,218.09,trailing,3.005,1.3244416900,-14.1557916900,-0.021185,6.00,tb-supertrend-SOLUSDT-1734426000-B,tb-supertrend-SOLUSDT-1734447600-T
ETH/USDT,supertrend,2024-12-20 18:00,3444.69,2024-12-21 13:59,3377.69,trailing,0.0999,0.6822446990,-7.3755446990,-0.021433,20.00,tb-supertrend-ETHUSDT-1734714000-B,tb-supertrend-ETHUSDT-1734786000-T
XRP/USDT,supertrend,2024-12-20 18:00,2.2653,2024-12-21 13:59,2.2018,trailing,100.0,0.447163060000,-6.797163060000,-0.030006,20.00,tb-supertrend-XRPUSDT-1734714000-B,tb-supertrend-XRPUSDT-1734786000-T
LTC/USDT,supertrend,2024-12-27 10:00,105.83,2024-12-27 14:59,101.46,trailing,5.425,1.1251832300,-24.8324332300,-0.043252,5.00,tb-supertrend-LTCUSDT-1735290000-B,tb-supertrend-LTCUSDT-1735308000-T
ETH/USDT,supertrend,2024-12-27 10:00,3429.93,2024-12-27 15:59,3317.71,trailing,0.2142,1.4463734650,-25.4838974650,-0.034687,6.00,tb-supertrend-ETHUSDT-1735290000-B,tb-supertrend-ETHUSDT-1735311600-T
BNB/USDT,supertrend,2025-01-03 16:00,711.46,2025-01-04 15:59,709.29,trailing,2.133,3.0325941300,-7.6612041300,-0.005048,24.00,tb-supertrend-BNBUSDT-1735916400-B,tb-supertrend-BNBUSDT-1736002800-T
ADA/USDT,supertrend,2025-01-19 02:00,1.1395,2025-01-19 05:59,1.0683,stop,345.4,0.763029920000,-25.355509920000,-0.064422,4.00,tb-supertrend-ADAUSDT-1737248400-B,tb-supertrend-ADAUSDT-1737262800-X
LINK/USDT,supertrend,2025-01-19 15:00,25.531,2025-01-19 21:59,24.476,trailing,11.74,0.58759280000,-12.97329280000,-0.043283,7.00,tb-supertrend-LINKUSDT-1737295200-B,tb-supertrend-LINKUSDT-1737320400-T
ETH/USDT,supertrend,2025-01-19 15:00,3387.92,2025-01-19 21:59,3274.90,trailing,0.1414,0.9428003320,-16.9238283320,-0.035328,7.00,tb-supertrend-ETHUSDT-1737295200-B,tb-supertrend-ETHUSDT-1737320400-T
BNB/USDT,supertrend,2025-01-20 07:00,705.26,2025-01-20 16:59,681.44,trailing,0.969,1.3444175600,-24.4259975600,-0.035742,10.00,tb-supertrend-BNBUSDT-1737352800-B,tb-supertrend-BNBUSDT-1737388800-T
BTC/USDT,supertrend,2025-01-20 07:00,107697.33,2025-01-20 17:59,103244.82,trailing,0.00456,0.9629731781,-21.2664187781,-0.043304,11.00,tb-supertrend-BTCUSDT-1737352800-B,tb-supertrend-BTCUSDT-1737392400-T
LINK/USDT,supertrend,2025-01-21 17:00,26.283,2025-01-22 13:59,25.552,trailing,10.38,0.53857296000,-8.12635296000,-0.029787,21.00,tb-supertrend-LINKUSDT-1737475200-B,tb-supertrend-LINKUSDT-1737550800-T
SOL/USDT,supertrend,2025-01-21 19:00,259.94,2025-01-23 02:59,250.95,trailing,1.060,0.5420632800,-10.0714632800,-0.036552,32.00,tb-supertrend-SOLUSDT-1737482400-B,tb-supertrend-SOLUSDT-1737597600-T
LINK/USDT,supertrend,2025-01-23 15:00,25.722,2025-01-25 00:59,25.057,trailing,16.77,0.85207827000,-12.00412827000,-0.027829,34.00,tb-supertrend-LINKUSDT-1737640800-B,tb-supertrend-LINKUSDT-1737763200-T
BTC/USDT,supertrend,2025-01-23 15:00,105424.03,2025-01-25 08:59,104158.68,trailing,0.00727,1.5247205384,-10.7238150384,-0.013992,42.00,tb-supertrend-BTCUSDT-1737640800-B,tb-supertrend-BTCUSDT-1737792000-T
BNB/USDT,supertrend,2025-01-26 05:00,691.81,2025-01-26 09:59,684.66,trailing,3.176,4.3744359600,-27.0828359600,-0.012326,5.00,tb-supertrend-BNBUSDT-1737864000-B,tb-supertrend-BNBUSDT-1737882000-T
SOL/USDT,supertrend,2025-01-25 18:00,258.40,2025-01-26 21:59,251.02,trailing,2.312,1.1785542400,-18.2411142400,-0.030533,28.00,tb-supertrend-SOLUSDT-1737824400-B,tb-supertrend-SOLUSDT-1737925200-T
BTC/USDT,supertrend,2025-01-27 15:00,102124.73,2025-01-27 18:59,98694.48,stop,0.00722,1.4509359479,-26.2173409479,-0.035557,4.00,tb-supertrend-BTCUSDT-1737986400-B,tb-supertrend-BTCUSDT-1738000800-X
ADA/USDT,supertrend,2025-01-27 21:00,0.9337,2025-01-28 20:59,0.9177,trailing,428.0,0.792866050000,-7.640866050000,-0.019120,24.00,tb-supertrend-ADAUSDT-1738008000-B,tb-supertrend-ADAUSDT-1738094400-T
XRP/USDT,supertrend,2025-01-27 15:00,2.9587,2025-01-28 21:59,3.0364,trailing,119.1,0.714608150000,8.539461850000,0.024234,31.00,tb-supertrend-XRPUSDT-1737986400-B,tb-supertrend-XRPUSDT-1738098000-T
BNB/USDT,supertrend,2025-01-29 05:00,677.99,2025-01-29 13:59,664.73,trailing,1.676,2.2517547000,-24.4755147000,-0.021539,9.00,tb-supertrend-BNBUSDT-1738123200-B,tb-supertrend-BNBUSDT-1738155600-T
BTC/USDT,supertrend,2025-01-29 21:00,104402.31,2025-01-31 03:59,103726.94,trailing,0.00867,1.8055246208,-7.6609825208,-0.008464,31.00,tb-supertrend-BTCUSDT-1738180800-B,tb-supertrend-BTCUSDT-1738292400-T
ADA/USDT,supertrend,2025-01-31 12:00,0.9761,2025-01-31 18:59,0.9425,trailing,691.6,1.327587030000,-24.565347030000,-0.036389,7.00,tb-supertrend-ADAUSDT-1738321200-B,tb-supertrend-ADAUSDT-1738346400-T
LINK/USDT,supertrend,2025-01-29 21:00,24.089,2025-01-31 20:59,24.618,trailing,15.03,0.73254799000,7.21832201000,0.019937,48.00,tb-supertrend-LINKUSDT-1738180800-B,tb-supertrend-LINKUSDT-1738353600-T
BNB/USDT,supertrend,2025-02-08 14:00,595.79,2025-02-09 12:59,622.50,trailing,1.820,2.2184793800,46.3937206200,0.042785,23.00,tb-supertrend-BNBUSDT-1739019600-B,tb-supertrend-BNBUSDT-1739102400-T
SOL/USDT,supertrend,2025-02-08 22:00,199.22,2025-02-09 12:59,200.38,trailing,3.806,1.5216744800,2.8932855200,0.003816,15.00,tb-supertrend-SOLUSDT-1739048400-B,tb-supertrend-SOLUSDT-1739102400-T
BTC/USDT,supertrend,2025-02-10 08:00,97624.69,2025-02-11 13:59,96915.35,trailing,0.01219,2.3733955849,-11.0202501849,-0.009260,30.00,tb-supertrend-BTCUSDT-1739170800-B,tb-supertrend-BTCUSDT-1739278800-T
LTC/USDT,supertrend,2025-02-10 01:00,110.64,2025-02-11 18:59,121.86,trailing,3.848,0.8951025600,42.2794574400,0.099308,42.00,tb-supertrend-LTCUSDT-1739145600-B,tb-supertrend-LTCUSDT-1739296800-T
BTC/USDT,supertrend,2025-02-12 17:00,97180.12,2025-02-13 06:59,95758.94,trailing,0.01026,1.9814983536,-16.5628051536,-0.016612,14.00,tb-supertrend-BTCUSDT-1739376000-B,tb-supertrend-BTCUSDT-1739426400-T
LTC/USDT,supertrend,2025-02-12 20:00,124.05,2025-02-13 13:59,119.47,trailing,2.901,0.7068236700,-13.9934036700,-0.038885,18.00,tb-supertrend-LTCUSDT-1739386800-B,tb-supertrend-LTCUSDT-1739451600-T
SOL/USDT,supertrend,2025-02-14 04:00,197.40,2025-02-15 00:59,197.00,trailing,4.276,1.6874414000,-3.3978414000,-0.004025,21.00,tb-supertrend-SOLUSDT-1739502000-B,tb-supertrend-SOLUSDT-1739577600-T
ETH/USDT,supertrend,2025-02-14 15:00,2726.20,2025-02-15 07:59,2695.49,trailing,0.3696,2.0049471000,-13.3553631000,-0.013255,17.00,tb-supertrend-ETHUSDT-1739541600-B,tb-supertrend-ETHUSDT-1739602800-T
ADA/USDT,supertrend,2025-04-24 15:00,0.7137,2025-04-26 13:59,0.7022,trailing,854.4,1.210387290000,-11.035987290000,-0.018098,47.00,tb-supertrend-ADAUSDT-1745503200-B,tb-supertrend-ADAUSDT-1745672400-T
LINK/USDT,supertrend,2025-04-24 17:00,15.030,2025-04-26 13:59,14.699,trailing,37.94,1.12851946000,-13.68665946000,-0.024002,45.00,tb-supertrend-LINKUSDT-1745510400-B,tb-supertrend-LINKUSDT-1745672400-T
BNB/USDT,supertrend,2025-04-27 22:00,607.81,2025-04-28 01:59,598.77,stop,3.193,3.8550411800,-32.7197611800,-0.016859,4.00,tb-supertrend-BNBUSDT-1745787600-B,tb-supertrend-BNBUSDT-1745802000-X
SOL/USDT,supertrend,2025-04-28 06:00,150.04,2025-04-28 14:59,147.45,trailing,5.512,1.6406651200,-15.9167451200,-0.019246,9.00,tb-supertrend-SOLUSDT-1745816400-B,tb-supertrend-SOLUSDT-1745848800-T
XRP/USDT,supertrend,2025-04-27 13:00,2.2194,2025-04-28 15:59,2.2536,trailing,424.3,1.899003600000,12.612056400000,0.013393,27.00,tb-supertrend-XRPUSDT-1745755200-B,tb-supertrend-XRPUSDT-1745852400-T
ETH/USDT,supertrend,2025-04-29 07:00,1824.79,2025-04-29 23:59,1781.90,trailing,0.4938,1.7818959170,-22.9609779170,-0.025482,17.00,tb-supertrend-ETHUSDT-1745906400-B,tb-supertrend-ETHUSDT-1745967600-T
SOL/USDT,supertrend,2025-05-01 01:00,148.27,2025-05-02 06:59,149.02,trailing,5.190,1.5438247200,2.3486752800,0.003052,30.00,tb-supertrend-SOLUSDT-1746057600-B,tb-supertrend-SOLUSDT-1746165600-T
LINK/USDT,supertrend,2025-05-01 06:00,14.700,2025-05-02 12:59,14.497,trailing,50.66,1.48000202000,-11.76398202000,-0.015797,31.00,tb-supertrend-LINKUSDT-1746075600-B,tb-supertrend-LINKUSDT-1746187200-T
ADA/USDT,supertrend,2025-05-03 15:00,0.7203,2025-05-04 00:59,0.6971,trailing,1131.7,1.604935940000,-27.860375940000,-0.034178,10.00,tb-supertrend-ADAUSDT-1746280800-B,tb-supertrend-ADAUSDT-1746316800-T
LTC/USDT,supertrend,2025-05-05 06:00,88.40,2025-05-05 15:59,86.06,trailing,9.227,1.6106264200,-23.2018064200,-0.028445,10.00,tb-supertrend-LTCUSDT-1746421200-B,tb-supertrend-LTCUSDT-1746457200-T
BNB/USDT,supertrend,2025-05-05 11:00,595.10,2025-05-06 11:59,592.44,trailing,3.416,4.0590170400,-13.1455770400,-0.006467,25.00,tb-supertrend-BNBUSDT-1746439200-B,tb-supertrend-BNBUSDT-1746529200-T
LTC/USDT,supertrend,2025-05-06 20:00,84.51,2025-05-07 14:59,88.96,trailing,8.129,1.4108982200,34.7631517800,0.050603,19.00,tb-supertrend-LTCUSDT-1746558000-B,tb-supertrend-LTCUSDT-1746626400-T
BTC/USDT,supertrend,2025-05-06 19:00,95257.50,2025-05-07 18:59,95930.64,trailing,0.01653,3.1622451050,7.9647590950,0.005058,24.00,tb-supertrend-BTCUSDT-1746554400-B,tb-supertrend-BTCUSDT-1746640800-T
BNB/USDT,supertrend,2025-05-08 03:00,608.13,2025-05-10 11:59,653.14,trailing,2.820,3.5586057900,123.3695942100,0.071939,57.00,tb-supertrend-BNBUSDT-1746669600-B,tb-supertrend-BNBUSDT-1746874800-T
ADA/USDT,supertrend,2025-05-08 03:00,0.6981,2025-05-11 06:59,0.7987,trailing,970.3,1.453043140000,96.159136860000,0.141960,76.00,tb-supertrend-ADAUSDT-1746669600-B,tb-supertrend-ADAUSDT-1746943200-T
BNB/USDT,supertrend,2025-05-12 09:00,670.05,2025-05-12 14:59,665.30,trailing,1.457,1.9469450500,-8.8676950500,-0.009083,6.00,tb-supertrend-BNBUSDT-1747036800-B,tb-supertrend-BNBUSDT-1747058400-T
LINK/USDT,supertrend,2025-05-12 08:00,17.546,2025-05-12 17:59,16.627,trailing,27.61,0.94404291000,-26.31763291000,-0.054325,10.00,tb-supertrend-LINKUSDT-1747033200-B,tb-supertrend-LINKUSDT-1747069200-T
BTC/USDT,supertrend,2025-05-13 18:00,104476.71,2025-05-14 08:59,103137.95,trailing,0.01257,2.6118058089,-19.4400190089,-0.014803,15.00,tb-supertrend-BTCUSDT-1747155600-B,tb-supertrend-BTCUSDT-1747209600-T
ETH/USDT,supertrend,2025-05-13 14:00,2554.76,2025-05-14 09:59,2582.10,trailing,0.2374,1.2202569920,5.2702590080,0.008690,20.00,tb-supertrend-ETHUSDT-1747141200-B,tb-supertrend-ETHUSDT-1747213200-T
BNB/USDT,supertrend,2025-05-15 17:00,661.08,2025-05-16 17:59,647.30,trailing,1.484,1.9429580800,-22.3924780800,-0.022825,25.00,tb-supertrend-BNBUSDT-1747324800-B,tb-supertrend-BNBUSDT-1747414800-T
BTC/USDT,supertrend,2025-05-15 17:00,104053.98,2025-05-17 01:59,102549.90,trailing,0.01254,2.5928937388,-21.4540569388,-0.016442,33.00,tb-supertrend-BTCUSDT-1747324800-B,tb-supertrend-BTCUSDT-1747443600-T
LINK/USDT,supertrend,2025-05-18 09:00,15.852,2025-05-18 18:59,15.721,trailing,45.68,1.44304724000,-7.42712724000,-0.010257,10.00,tb-supertrend-LINKUSDT-1747555200-B,tb-supertrend-LINKUSDT-1747591200-T
SOL/USDT,supertrend,2025-05-18 09:00,171.53,2025-05-18 18:59,170.78,trailing,4.959,1.6983729400,-5.4176229400,-0.006369,10.00,tb-supertrend-SOLUSDT-1747555200-B,tb-supertrend-SOLUSDT-1747591200-T
SOL/USDT,supertrend,2025-05-19 00:00,173.65,2025-05-19 02:59,165.80,stop,3.333,1.1320814500,-27.2961314500,-0.047162,3.00,tb-supertrend-SOLUSDT-1747609200-B,tb-supertrend-SOLUSDT-1747620000-X
BTC/USDT,supertrend,2025-05-18 23:00,106139.97,2025-05-19 03:59,104107.91,trailing,0.01235,2.5986841189,-27.6946251189,-0.021128,5.00,tb-supertrend-BTCUSDT-1747605600-B,tb-supertrend-BTCUSDT-1747623600-T
BTC/USDT,supertrend,2025-05-19 16:00,104996.00,2025-05-20 13:59,104338.56,trailing,0.01051,2.2022061500,-9.1119005500,-0.008257,22.00,tb-supertrend-BTCUSDT-1747666800-B,tb-supertrend-BTCUSDT-1747746000-T
ETH/USDT,supertrend,2025-05-19 17:00,2515.01,2025-05-20 13:59,2468.34,trailing,0.2043,1.0188529060,-10.5535339060,-0.020539,21.00,tb-supertrend-ETHUSDT-1747670400-B,tb-supertrend-ETHUSDT-1747746000-T
ADA/USDT,supertrend,2025-05-21 04:00,0.7536,2025-05-21 17:59,0.7436,trailing,956.6,1.432975120000,-10.998975120000,-0.015257,14.00,tb-supertrend-ADAUSDT-1747796400-B,tb-supertrend-ADAUSDT-1747846800-T
BNB/USDT,supertrend,2025-05-21 03:00,652.63,2025-05-23 11:59,676.03,trailing,2.564,3.4086421300,56.5889578700,0.033818,57.00,tb-supertrend-BNBUSDT-1747792800-B,tb-supertrend-BNBUSDT-1747998000-T
ETH/USDT,supertrend,2025-05-22 04:00,2634.50,2025-05-23 11:59,2619.35,trailing,0.1915,1.0066391800,-3.9078641800,-0.007746,32.00,tb-supertrend-ETHUSDT-1747882800-B,tb-supertrend-ETHUSDT-1747998000-T
BNB/USDT,supertrend,2025-05-24 11:00,677.76,2025-05-24 23:59,665.61,trailing,1.809,2.4315118500,-24.4108618500,-0.019910,13.00,tb-supertrend-BNBUSDT-1748080800-B,tb-supertrend-BNBUSDT-1748127600-T
ADA/USDT,supertrend,2025-05-25 23:00,0.7605,2025-05-26 17:59,0.7516,trailing,993.6,1.503183060000,-10.346223060000,-0.013692,19.00,tb-supertrend-ADAUSDT-1748210400-B,tb-supertrend-ADAUSDT-1748278800-T
BTC/USDT,supertrend,2025-05-25 23:00,109384.33,2025-05-27 01:59,108411.64,trailing,0.01346,2.9337214384,-16.0261288384,-0.010885,27.00,tb-supertrend-BTCUSDT-1748210400-B,tb-supertrend-BTCUSDT-1748307600-T
SOL/USDT,supertrend,2025-05-27 16:00,178.81,2025-05-28 06:59,173.93,trailing,4.656,1.6432514900,-24.3645314900,-0.029265,15.00,tb-supertrend-SOLUSDT-1748358000-B,tb-supertrend-SOLUSDT-1748412000-T
LINK/USDT,supertrend,2025-05-27 09:00,15.962,2025-05-28 15:59,15.508,trailing,43.48,1.36911370000,-21.10903370000,-0.030415,31.00,tb-supertrend-LINKUSDT-1748332800-B,tb-supertrend-LINKUSDT-1748444400-T
LINK/USDT,supertrend,2025-05-29 01:00,16.073,2025-05-29 13:59,15.560,trailing,39.32,1.24445248000,-21.41561248000,-0.033886,13.00,tb-supertrend-LINKUSDT-1748476800-B,tb-supertrend-LINKUSDT-1748523600-T
LTC/USDT,supertrend,2025-05-29 03:00,98.52,2025-05-29 14:59,95.32,trailing,7.255,1.4070973600,-24.6230973600,-0.034449,12.00,tb-supertrend-LTCUSDT-1748484000-B,tb-supertrend-LTCUSDT-1748527200-T
XRP/USDT,supertrend,2025-05-31 17:00,2.1954,2025-06-01 08:59,2.1413,trailing,372.1,1.614564230000,-21.745174230000,-0.026619,16.00,tb-supertrend-XRPUSDT-1748707200-B,tb-supertrend-XRPUSDT-1748764800-T
BTC/USDT,supertrend,2025-05-31 22:00,105072.89,2025-06-01 09:59,103771.42,trailing,0.01962,4.0996268196,-29.6344682196,-0.014375,12.00,tb-supertrend-BTCUSDT-1748725200-B,tb-supertrend-BTCUSDT-1748768400-T
SOL/USDT,supertrend,2025-06-01 17:00,156.20,2025-06-02 09:59,153.40,trailing,5.150,1.5953772000,-16.0153772000,-0.019909,17.00,tb-supertrend-SOLUSDT-1748793600-B,tb-supertrend-SOLUSDT-1748854800-T
ADA/USDT,supertrend,2025-06-01 17:00,0.6840,2025-06-02 11:59,0.6630,trailing,1025.9,1.382639700000,-22.926539700000,-0.032672,19.00,tb-supertrend-ADAUSDT-1748793600-B,tb-supertrend-ADAUSDT-1748862000-T
BNB/USDT,supertrend,2025-06-02 18:00,662.15,2025-06-03 12:59,661.52,trailing,2.671,3.5375090200,-5.2202390200,-0.002952,19.00,tb-supertrend-BNBUSDT-1748883600-B,tb-supertrend-BNBUSDT-1748952000-T
ETH/USDT,supertrend,2025-06-02 16:00,2549.48,2025-06-03 21:59,2579.45,trailing,0.3674,1.8853886740,9.1255893260,0.009742,30.00,tb-supertrend-ETHUSDT-1748876400-B,tb-supertrend-ETHUSDT-1748984400-T
BNB/USDT,supertrend,2025-06-04 08:00,672.21,2025-06-04 20:59,663.21,trailing,2.915,3.8947659300,-30.1297659300,-0.015376,13.00,tb-supertrend-BNBUSDT-1749020400-B,tb-supertrend-BNBUSDT-1749067200-T
BTC/USDT,supertrend,2025-06-05 13:00,105860.90,2025-06-05 13:59,104414.96,stop,0.01964,4.1319351040,-32.5301967040,-0.015646,1.00,tb-supertrend-BTCUSDT-1749124800-B,tb-supertrend-BTCUSDT-1749128400-X
ADA/USDT,supertrend,2025-06-05 13:00,0.6888,2025-06-05 14:59,0.6685,stop,1286.4,1.746926160000,-27.860846160000,-0.031443,2.00,tb-supertrend-ADAUSDT-1749124800-B,tb-supertrend-ADAUSDT-1749132000-X
ADA/USDT,supertrend,2025-06-06 13:00,0.6578,2025-06-08 09:59,0.6541,trailing,1033.2,1.356178660000,-5.179018660000,-0.007620,45.00,tb-supertrend-ADAUSDT-1749211200-B,tb-supertrend-ADAUSDT-1749373200-T
BTC/USDT,supertrend,2025-06-06 11:00,103883.60,2025-06-08 10:59,104820.81,trailing,0.01482,3.0950770240,10.7943751760,0.007011,48.00,tb-supertrend-BTCUSDT-1749204000-B,tb-supertrend-BTCUSDT-1749376800-T
LTC/USDT,supertrend,2025-06-08 17:00,88.55,2025-06-08 23:59,86.97,trailing,15.792,2.7732286400,-27.7245886400,-0.019826,7.00,tb-supertrend-LTCUSDT-1749398400-B,tb-supertrend-LTCUSDT-1749423600-T
ADA/USDT,supertrend,2025-06-08 14:00,0.6709,2025-06-09 04:59,0.6588,trailing,1359.9,1.809198290000,-18.263988290000,-0.020018,15.00,tb-supertrend-ADAUSDT-1749387600-B,tb-supertrend-ADAUSDT-1749441600-T
BTC/USDT,supertrend,2025-06-09 10:00,106825.76,2025-06-10 14:59,108631.54,trailing,0.02153,4.6420004456,34.2364429544,0.014886,29.00,tb-supertrend-BTCUSDT-1749459600-B,tb-supertrend-BTCUSDT-1749564000-T
SOL/USDT,supertrend,2025-06-09 11:00,155.67,2025-06-10 14:59,156.68,trailing,5.903,1.8447360700,4.1172939300,0.004481,28.00,tb-supertrend-SOLUSDT-1749463200-B,tb-supertrend-SOLUSDT-1749564000-T
ADA/USDT,supertrend,2025-06-10 23:00,0.7159,2025-06-11 19:59,0.7011,trailing,893.1,1.266167010000,-14.484047010000,-0.022654,21.00,tb-supertrend-ADAUSDT-1749592800-B,tb-supertrend-ADAUSDT-1749668400-T
BNB/USDT,supertrend,2025-06-10 20:00,668.88,2025-06-11 21:59,663.13,trailing,2.366,3.1535423000,-16.7580423000,-0.010589,26.00,tb-supertrend-BNBUSDT-1749582000-B,tb-supertrend-BNBUSDT-1749675600-T
BTC/USDT,supertrend,2025-06-14 00:00,106278.73,2025-06-14 09:59,104660.33,trailing,0.01241,2.6198793139,-22.7042233139,-0.017214,10.00,tb-supertrend-BTCUSDT-1749855600-B,tb-supertrend-BTCUSDT-1749891600-T
LTC/USDT,supertrend,2025-06-13 23:00,86.13,2025-06-14 16:59,84.64,trailing,8.444,1.4427570500,-14.0243170500,-0.019283,18.00,tb-supertrend-LTCUSDT-1749852000-B,tb-supertrend-LTCUSDT-1749916800-T
BNB/USDT,supertrend,2025-06-15 05:00,650.50,2025-06-15 20:59,643.22,trailing,3.553,4.5991891600,-30.4650291600,-0.013181,16.00,tb-supertrend-BNBUSDT-1749960000-B,tb-supertrend-BNBUSDT-1750017600-T
SOL/USDT,supertrend,2025-06-15 06:00,147.67,2025-06-16 22:59,153.17,trailing,6.512,1.9601037700,33.8558962300,0.035207,41.00,tb-supertrend-SOLUSDT-1749963600-B,tb-supertrend-SOLUSDT-1750111200-T
LINK/USDT,supertrend,2025-06-16 02:00,13.447,2025-06-16 22:59,13.730,trailing,61.08,1.66091245000,15.62472755000,0.019023,21.00,tb-supertrend-LINKUSDT-1750035600-B,tb-supertrend-LINKUSDT-1750111200-T
BTC/USDT,supertrend,2025-06-29 10:00,108107.43,2025-06-29 14:59,107585.03,trailing,0.01665,3.5934416081,-12.2914016081,-0.006829,5.00,tb-supertrend-BTCUSDT-1751187600-B,tb-supertrend-BTCUSDT-1751205600-T
BNB/USDT,supertrend,2025-06-29 06:00,650.91,2025-06-29 21:59,646.38,trailing,3.688,4.7870091600,-21.4936491600,-0.008954,16.00,tb-supertrend-BNBUSDT-1751173200-B,tb-supertrend-BNBUSDT-1751230800-T
ADA/USDT,supertrend,2025-06-29 23:00,0.5808,2025-06-30 06:59,0.5640,trailing,1496.3,1.713835440000,-26.851675440000,-0.030898,8.00,tb-supertrend-ADAUSDT-1751234400-B,tb-supertrend-ADAUSDT-1751263200-T
BTC/USDT,supertrend,2025-06-30 00:00,108573.65,2025-06-30 06:59,107578.91,trailing,0.02002,4.3306314625,-24.2453262625,-0.011154,7.00,tb-supertrend-BTCUSDT-1751238000-B,tb-supertrend-BTCUSDT-1751263200-T
XRP/USDT,supertrend,2025-06-30 18:00,2.2177,2025-06-30 23:59,2.2535,trailing,554.3,2.479716780000,17.364223220000,0.014126,6.00,tb-supertrend-XRPUSDT-1751302800-B,tb-supertrend-XRPUSDT-1751324400-T
ADA/USDT,supertrend,2025-06-30 20:00,0.5908,2025-07-01 00:59,0.5697,trailing,1202.5,1.396269290000,-26.769019290000,-0.037680,5.00,tb-supertrend-ADAUSDT-1751310000-B,tb-supertrend-ADAUSDT-1751328000-T
BNB/USDT,supertrend,2025-07-02 07:00,657.12,2025-07-03 15:59,656.63,trailing,3.590,4.7189909800,-6.4780909800,-0.002746,33.00,tb-supertrend-BNBUSDT-1751436000-B,tb-supertrend-BNBUSDT-1751554800-T
BTC/USDT,supertrend,2025-07-02 07:00,107228.42,2025-07-04 05:59,108740.13,trailing,0.01666,3.6001806156,21.5849079844,0.012083,47.00,tb-supertrend-BTCUSDT-1751436000-B,tb-supertrend-BTCUSDT-1751605200-T
BNB/USDT,supertrend,2025-07-06 13:00,658.86,2025-07-07 16:59,657.50,trailing,2.973,3.9155148600,-7.9587948600,-0.004063,28.00,tb-supertrend-BNBUSDT-1751803200-B,tb-supertrend-BNBUSDT-1751904000-T
XRP/USDT,supertrend,2025-07-06 09:00,2.2472,2025-07-07 18:59,2.2843,trailing,751.2,3.405860560000,24.463659440000,0.014492,34.00,tb-supertrend-XRPUSDT-1751788800-B,tb-supertrend-XRPUSDT-1751911200-T
SOL/USDT,supertrend,2025-07-08 13:00,152.72,2025-07-08 16:59,149.26,stop,7.547,2.2802648200,-28.3928848200,-0.024634,4.00,tb-supertrend-SOLUSDT-1751976000-B,tb-supertrend-SOLUSDT-1751990400-X
BTC/USDT,supertrend,2025-07-08 13:00,109167.09,2025-07-08 16:59,107930.76,stop,0.01920,4.1704620598,-27.9079980598,-0.013315,4.00,tb-supertrend-BTCUSDT-1751976000-B,tb-supertrend-BTCUSDT-1751990400-X
LTC/USDT,supertrend,2025-07-08 19:00,87.72,2025-07-11 21:59,94.22,trailing,15.038,2.7374172400,95.0095827600,0.072024,75.00,tb-supertrend-LTCUSDT-1751997600-B,tb-supertrend-LTCUSDT-1752267600-T
ADA/USDT,supertrend,2025-07-08 19:00,0.5929,2025-07-11 21:59,0.7145,trailing,1581.0,2.067948040000,190.181651960000,0.202888,75.00,tb-supertrend-ADAUSDT-1751997600-B,tb-supertrend-ADAUSDT-1752267600-T
LTC/USDT,supertrend,2025-07-13 12:00,95.03,2025-07-13 22:59,93.68,trailing,9.764,1.8435147400,-15.0249147400,-0.016193,11.00,tb-supertrend-LTCUSDT-1752404400-B,tb-supertrend-LTCUSDT-1752444000-T
SOL/USDT,supertrend,2025-07-14 03:00,165.23,2025-07-14 18:59,162.67,trailing,5.488,1.8005065800,-15.8497865800,-0.017479,16.00,tb-supertrend-SOLUSDT-1752458400-B,tb-supertrend-SOLUSDT-1752516000-T
ADA/USDT,supertrend,2025-07-13 08:00,0.7417,2025-07-14 20:59,0.7259,trailing,667.7,0.980435710000,-11.530095710000,-0.023282,37.00,tb-supertrend-ADAUSDT-1752390000-B,tb-supertrend-ADAUSDT-1752523200-T
ETH/USDT,supertrend,2025-07-15 14:00,3057.81,2025-07-15 14:59,2961.58,stop,0.2692,1.6213371350,-27.5264531350,-0.033440,1.00,tb-supertrend-ETHUSDT-1752584400-B,tb-supertrend-ETHUSDT-1752588000-X
LTC/USDT,supertrend,2025-07-15 22:00,96.45,2025-07-17 01:59,95.84,trailing,6.227,1.1980649800,-4.9965349800,-0.008319,28.00,tb-supertrend-LTCUSDT-1752613200-B,tb-supertrend-LTCUSDT-1752714000-T
LINK/USDT,supertrend,2025-07-15 18:00,16.173,2025-07-18 14:59,18.081,trailing,30.12,1.03237740000,56.43658260000,0.115855,69.00,tb-supertrend-LINKUSDT-1752598800-B,tb-supertrend-LINKUSDT-1752847200-T
LTC/USDT,supertrend,2025-07-19 20:00,112.87,2025-07-21 19:59,114.76,trailing,3.911,0.8907124100,6.5010775900,0.014727,48.00,tb-supertrend-LTCUSDT-1752951600-B,tb-supertrend-LTCUSDT-1753124400-T
LINK/USDT,supertrend,2025-07-20 01:00,18.467,2025-07-21 19:59,19.241,trailing,31.38,1.18401572000,23.10410428000,0.039869,43.00,tb-supertrend-LINKUSDT-1752969600-B,tb-supertrend-LINKUSDT-1753124400-T
BTC/USDT,supertrend,2025-07-22 13:00,119532.29,2025-07-23 09:59,117974.71,trailing,0.01180,2.8049732478,-21.1844172478,-0.015019,21.00,tb-supertrend-BTCUSDT-1753185600-B,tb-supertrend-BTCUSDT-1753261200-T
BNB/USDT,supertrend,2025-07-23 00:00,788.27,2025-07-23 13:59,783.32,trailing,1.129,1.7759016500,-7.3644516500,-0.008275,14.00,tb-supertrend-BNBUSDT-1753225200-B,tb-supertrend-BNBUSDT-1753275600-T
ADA/USDT,supertrend,2025-07-24 15:00,0.8335,2025-07-25 03:59,0.7844,trailing,439.7,0.711807380000,-22.301077380000,-0.060850,13.00,tb-supertrend-ADAUSDT-1753365600-B,tb-supertrend-ADAUSDT-1753412400-T
ETH/USDT,supertrend,2025-07-24 15:00,3741.92,2025-07-25 03:59,3600.41,trailing,0.1610,1.1828635140,-23.9659735140,-0.039781,13.00,tb-supertrend-ETHUSDT-1753365600-B,tb-supertrend-ETHUSDT-1753412400-T
LTC/USDT,supertrend,2025-07-25 12:00,115.92,2025-07-25 15:59,109.73,trailing,4.001,0.9034052500,-25.6695952500,-0.055347,4.00,tb-supertrend-LTCUSDT-1753441200-B,tb-supertrend-LTCUSDT-1753455600-T
SOL/USDT,supertrend,2025-07-25 23:00,186.47,2025-07-26 23:59,184.14,trailing,3.369,1.2493309700,-9.0991009700,-0.014484,25.00,tb-supertrend-SOLUSDT-1753480800-B,tb-supertrend-SOLUSDT-1753570800-T
XRP/USDT,supertrend,2025-07-27 05:00,3.2162,2025-07-28 13:59,3.2136,trailing,294.6,1.895183940000,-2.661143940000,-0.002809,33.00,tb-supertrend-XRPUSDT-1753588800-B,tb-supertrend-XRPUSDT-1753707600-T
BNB/USDT,supertrend,2025-07-25 23:00,785.00,2025-07-28 14:59,833.23,trailing,1.138,1.8431157400,53.0426242600,0.059376,64.00,tb-supertrend-BNBUSDT-1753480800-B,tb-supertrend-BNBUSDT-1753711200-T
ETH/USDT,supertrend,2025-07-29 08:00,3885.12,2025-07-29 14:59,3772.24,trailing,0.2162,1.6566867700,-26.0613427700,-0.031027,7.00,tb-supertrend-ETHUSDT-1753772400-B,tb-supertrend-ETHUSDT-1753797600-T
LINK/USDT,supertrend,2025-07-31 04:00,18.097,2025-07-31 13:59,17.576,trailing,33.82,1.20718474000,-18.82740474000,-0.030762,10.00,tb-supertrend-LINKUSDT-1753930800-B,tb-supertrend-LINKUSDT-1753966800-T
ETH/USDT,supertrend,2025-07-31 05:00,3878.80,2025-07-31 13:59,3785.43,trailing,0.2224,1.7056883900,-22.4711763900,-0.026049,9.00,tb-supertrend-ETHUSDT-1753934400-B,tb-supertrend-ETHUSDT-1753966800-T
BNB/USDT,supertrend,2025-07-31 17:00,814.93,2025-07-31 21:59,790.67,stop,1.063,1.7083826600,-27.4967626600,-0.031742,5.00,tb-supertrend-BNBUSDT-1753977600-B,tb-supertrend-BNBUSDT-1753995600-X
