ts,datetime_utc,equity,B&H BTC (OOS)
1627790399999,2021-08-01 03:59,10000,10219.3922905622000000
1627804799999,2021-08-01 07:59,10000,10042.6624950644000000
1627819199999,2021-08-01 11:59,10000,10015.1489311694000000
1627833599999,2021-08-01 15:59,10000,9942.8960246012000000
1627847999999,2021-08-01 19:59,10000,9937.2054730490000000
1627862399999,2021-08-01 23:59,10000,9595.7458898336000000
1627876799999,2021-08-02 03:59,10000,9581.3328762746000000
1627891199999,2021-08-02 07:59,10000,9658.1204034830000000
1627905599999,2021-08-02 11:59,10000,9522.7729346348000000
1627919999999,2021-08-02 15:59,10000,9561.9541761728000000
1627934399999,2021-08-02 19:59,10000,9434.9775736790000000
1627948799999,2021-08-02 23:59,10000,9427.7457809108000000
1627963199999,2021-08-03 03:59,10000,9309.2435969156000000
1627977599999,2021-08-03 07:59,10000,9294.2405769536000000
1627991999999,2021-08-03 11:59,10000,9269.3326739894000000
1628006399999,2021-08-03 15:59,10000,9192.1333463936000000
1628020799999,2021-08-03 19:59,10000,9154.0670965478000000
1628035199999,2021-08-03 23:59,10000,9201.1905467270000000
1628049599999,2021-08-04 03:59,10000,9145.7443939814000000
1628063999999,2021-08-04 07:59,10000,9110.1104154296000000
1628078399999,2021-08-04 11:59,10000,9189.8744647364000000
1628092799999,2021-08-04 15:59,10000,9464.8752450800000000
1628107199999,2021-08-04 19:59,10000,9573.2847072998000000
1628121599999,2021-08-04 23:59,10000,9566.3033662292000000
1628135999999,2021-08-05 03:59,10000,9496.9258378046000000
1628150399999,2021-08-05 07:59,10000,9360.9835461746000000
1628164799999,2021-08-05 11:59,10000,9153.3470479172000000
1628179199999,2021-08-05 15:59,10000,9331.9455983894000000
1628193599999,2021-08-05 19:59,10000,9799.6713682256000000
1628207999999,2021-08-05 23:59,10000,9840.6635681924000000
1628222399999,2021-08-06 03:59,10000,9685.8193979618000000
1628236799999,2021-08-06 07:59,10000,9808.6659556346000000
1628251199999,2021-08-06 11:59,10000,9755.1969263864000000
1628265599999,2021-08-06 15:59,10000,10162.7637168212000000
1628279999999,2021-08-06 19:59,10000,10331.6235493598000000
1628294399999,2021-08-06 23:59,10000,10316.1388915178000000
1628308799999,2021-08-07 03:59,10000,10522.0366770284000000
1628323199999,2021-08-07 07:59,10000,10405.4875346366000000
1628337599999,2021-08-07 11:59,10000,10548.0860617682000000
1628351999999,2021-08-07 15:59,10000,10444.5820813562000000
1628366399999,2021-08-07 19:59,10000,10579.7248541054000000
1628380799999,2021-08-07 23:59,10000,10734.1211011076000000
1628395199999,2021-08-08 03:59,10000,10673.8874678348000000
1628409599999,2021-08-08 07:59,10000,10789.9838706194000000
1628423999999,2021-08-08 11:59,10000,10705.1072352164000000
1628438399999,2021-08-08 15:59,10000,10592.5219725770000000
1628452799999,2021-08-08 19:59,10000,10527.6333091940000000
1628467199999,2021-08-08 23:59,10000,10546.7230265678000000
1628481599999,2021-08-09 03:59,10000,10474.8915531446000000
1628495999999,2021-08-09 07:59,10000,10548.2570432156000000
1628510399999,2021-08-09 11:59,10000,11061.0255875894000000
1628524799999,2021-08-09 15:59,10000,11046.7546572050000000
1628539199999,2021-08-09 19:59,10000,11073.0280035590000000
1628553599999,2021-08-09 23:59,10000,11138.9040245960000000
1628567999999,2021-08-10 03:59,10000,11007.7443971144000000
1628582399999,2021-08-10 07:59,10000,11065.3579203200000000
1628596799999,2021-08-10 11:59,10000,10920.1561404470000000
1628611199999,2021-08-10 15:59,10000,10876.9724881262000000
1628625599999,2021-08-10 19:59,10000,10956.4427383262000000
1628639999999,2021-08-10 23:59,10000,10977.9382369106000000
1628654399999,2021-08-11 03:59,10000,10978.0995856004000000
1628668799999,2021-08-11 07:59,10000,11161.9865199950000000
1628683199999,2021-08-11 11:59,10000,11059.5975312752000000
1628697599999,2021-08-11 15:59,10000,11187.6987582188000000
1628711999999,2021-08-11 19:59,10000,11185.7673903200000000
1628726399999,2021-08-11 23:59,10000,10960.1200435400000000
1628740799999,2021-08-12 03:59,10000,11060.3007225800000000
1628755199999,2021-08-12 07:59,10000,10895.7274671734000000
1628769599999,2021-08-12 11:59,10000,10777.4733266864000000
1628783999999,2021-08-12 15:59,10000,10643.4888930386000000
1628798399999,2021-08-12 19:59,10000,10685.6635140008000000
1628812799999,2021-08-12 23:59,10000,10692.3293822600000000
1628827199999,2021-08-13 03:59,10000,10800.2788803044000000
1628841599999,2021-08-13 07:59,10000,11102.8076736794000000
1628855999999,2021-08-13 11:59,10000,11111.2267038218000000
1628870399999,2021-08-13 15:59,10000,11163.8889896210000000
1628884799999,2021-08-13 19:59,10000,11188.6235029484000000
1628899199999,2021-08-13 23:59,10000,11511.3545972000000000
1628913599999,2021-08-14 03:59,10000,11448.7416728000000000
1628927999999,2021-08-14 07:59,10000,11467.0728105128000000
1628942399999,2021-08-14 11:59,10000,11215.1448928106000000
1628956799999,2021-08-14 15:59,10000,11305.3267694618000000
1628971199999,2021-08-14 19:59,10000,11326.8294926144000000
1628985599999,2021-08-14 23:59,10000,11335.1979507794000000
1628999999999,2021-08-15 03:59,10000,11288.5513221014000000
1629014399999,2021-08-15 07:59,10000,11015.9707721048000000
1629028799999,2021-08-15 11:59,10000,11059.4747136158000000
1629043199999,2021-08-15 15:59,10000,11118.3140052260000000
1629057599999,2021-08-15 19:59,10000,11160.1924188920000000
1629071999999,2021-08-15 23:59,10000,11312.3948053508000000
1629086399999,2021-08-16 03:59,10000,11404.8211145228000000
1629100799999,2021-08-16 07:59,10000,11393.3171937590000000
1629115199999,2021-08-16 11:59,10000,11443.1907962330000000
1629129599999,2021-08-16 15:59,10000,11160.7294451282000000
1629143999999,2021-08-16 19:59,10000,11100.2742584306000000
1629158399999,2021-08-16 23:59,10000,11054.1092676326000000
1629172799999,2021-08-17 03:59,10000,11178.3020031800000000
1629187199999,2021-08-17 07:59,10000,11065.2351026606000000
1629201599999,2021-08-17 11:59,10000,11282.4393374042000000
1629215999999,2021-08-17 15:59,10000,11012.8593914000000000
1629230399999,2021-08-17 19:59,10000,10949.0447804894000000
1629244799999,2021-08-17 23:59,10000,10763.8405664930000000
1629259199999,2021-08-18 03:59,10000,10850.4944456732000000
1629273599999,2021-08-18 07:59,10000,10825.3384992008000000
1629287999999,2021-08-18 11:59,10000,10776.0356376146000000
1629302399999,2021-08-18 15:59,10000,11034.5330960000000000
1629316799999,2021-08-18 19:59,10000,10813.2493884128000000
1629331199999,2021-08-18 23:59,10000,10766.0898153926000000
1629345599999,2021-08-19 03:59,10000,10607.5538908118000000
1629359999999,2021-08-19 07:59,10000,10755.1855337894000000
1629374399999,2021-08-19 11:59,10000,10648.0789020350000000
1629388799999,2021-08-19 15:59,10000,11024.7991944452000000
1629403199999,2021-08-19 19:59,10000,11248.8619526000000000
1629417599999,2021-08-19 23:59,10000,11261.0522073428000000
1629431999999,2021-08-20 03:59,10000,11331.8818739756000000
1629446399999,2021-08-20 07:59,10000,11278.5982753112000000
1629460799999,2021-08-20 11:59,10000,11299.9974463196000000
1629475199999,2021-08-20 15:59,10000,11732.5178953172000000
1629489599999,2021-08-20 19:59,10000,11724.2770711904000000
1629503999999,2021-08-20 23:59,10000,11877.9942087818000000
1629518399999,2021-08-21 03:59,10000,11758.9574067398000000
1629532799999,2021-08-21 07:59,10000,11786.9068529162000000
1629547199999,2021-08-21 11:59,10000,11680.3781866178000000
1629561599999,2021-08-21 15:59,10000,11843.9207369612000000
1629575999999,2021-08-21 19:59,10000,11795.2030653992000000
1629590399999,2021-08-21 23:59,10000,11757.4402474178000000
1629604799999,2021-08-22 03:59,10000,11749.7653478000000000
1629619199999,2021-08-22 07:59,10000,11847.2994266894000000
1629633599999,2021-08-22 11:59,10000,11832.1350580376000000
1629647999999,2021-08-22 15:59,10000,11686.3360471934000000
1629662399999,2021-08-22 19:59,10000,11715.5329354790000000
1629676799999,2021-08-22 23:59,10000,11857.9460320268000000
1629691199999,2021-08-23 03:59,10000,12103.7691896000000000
1629705599999,2021-08-23 07:59,10000,12072.4747683470000000
1629719999999,2021-08-23 11:59,10000,12136.2436236590000000
1629734399999,2021-08-23 15:59,10000,11929.8906903518000000
1629748799999,2021-08-23 19:59,10000,11858.0592169286000000
1629763199999,2021-08-23 23:59,10000,11918.0616640190000000
1629777599999,2021-08-24 03:59,10000,11880.0869253704000000
1629791999999,2021-08-24 07:59,10000,11985.7992154622000000
1629806399999,2021-08-24 11:59,10000,11903.8870612106000000
1629820799999,2021-08-24 15:59,10000,11634.3504626156000000
1629835199999,2021-08-24 19:59,10000,11618.0855514080000000
1629849599999,2021-08-24 23:59,10000,11481.0138189494000000
1629863999999,2021-08-25 03:59,10000,11553.7218733142000000
1629878399999,2021-08-25 07:59,10000,11594.3359875452000000
1629892799999,2021-08-25 11:59,10000,11455.9686491894000000
1629907199999,2021-08-25 15:59,10000,11757.5895551606000000
1629921599999,2021-08-25 19:59,10000,11716.5660487316000000
1629935999999,2021-08-25 23:59,10000,11793.9122758808000000
1629950399999,2021-08-26 03:59,10000,11538.2757465026000000
1629964799999,2021-08-26 07:59,10000,11292.6307949450000000
1629979199999,2021-08-26 11:59,10000,11279.1786489566000000
1629993599999,2021-08-26 15:59,10000,11270.5356572000000000
1630007999999,2021-08-26 19:59,10000,11304.1901040650000000
1630022399999,2021-08-26 23:59,10000,11281.1003840978000000
1630036799999,2021-08-27 03:59,10000,11275.8890622362000000
1630051199999,2021-08-27 07:59,10000,11435.1209535536000000
1630065599999,2021-08-27 11:59,10000,11427.9903047402000000
1630079999999,2021-08-27 15:59,10000,11603.9904188498000000
1630094399999,2021-08-27 19:59,10001.8995926735000000,11630.2444996886000000
1630108799999,2021-08-27 23:59,10042.1058346850000000,11817.1705691060000000
1630123199999,2021-08-28 03:59,10030.8702979685000000,11764.9345328306000000
1630137599999,2021-08-28 07:59,10035.8952365000000000,11788.2963782000000000
1630151999999,2021-08-28 11:59,10014.1619661200000000,11722.0037403968000000
1630166399999,2021-08-28 15:59,10035.0859431980000000,11754.8514438128000000
1630180799999,2021-08-28 19:59,10017.6184446815000000,11716.5154767542000000
1630195199999,2021-08-28 23:59,10038.4809363065000000,11775.1356231290000000
1630209599999,2021-08-29 03:59,9966.6661090205000000,11614.2589384514000000
1630223999999,2021-08-29 07:59,9994.8418705550000000,11675.1355582940000000
1630238399999,2021-08-29 11:59,9964.0769502710000000,11598.0445992212000000
1630252799999,2021-08-29 15:59,9983.3826517445000000,11673.8953407530000000
1630267199999,2021-08-29 19:59,10019.4483899045000000,11751.9977393738000000
1630281599999,2021-08-29 23:59,10019.6978242205000000,11744.4263919002000000
1630295999999,2021-08-30 03:59,9942.2250969980000000,11550.8585361176000000
1630310399999,2021-08-30 07:59,9951.1881849380000000,11542.7573869760000000
1630324799999,2021-08-30 11:59,9954.0340781960000000,11536.1011514744000000
1630339199999,2021-08-30 15:59,9977.5637829380000000,11564.2480691816000000
1630353599999,2021-08-30 19:59,10080.2554399865000000,11708.8237198106000000
1630367999999,2021-08-30 23:59,9930.8185244885000000,11314.5838495154000000
1630382399999,2021-08-31 03:59,9919.9209582640000000,11354.9860430792000000
1630396799999,2021-08-31 07:59,9989.6724049960000000,11502.0252714644000000
1630411199999,2021-08-31 11:59,10031.3064952300000000,11552.1758157194000000
1630425599999,2021-08-31 15:59,10006.1973654940000000,11414.3358708422000000
1630439999999,2021-08-31 19:59,10022.2354453600000000,11390.9475353894000000
1630454399999,2021-08-31 23:59,10030.8717803800000000,11342.9956680566000000
1630468799999,2021-09-01 03:59,10038.3778567900000000,11329.2111919310000000
1630483199999,2021-09-01 07:59,10081.6812520480000000,11359.8818921294000000
1630497599999,2021-09-01 11:59,10140.2413902220000000,11490.4780032914000000
1630511999999,2021-09-01 15:59,10240.6014437080000000,11436.3370892006000000
1630526399999,2021-09-01 19:59,10319.7221537980000000,11595.6412262000000000
1630540799999,2021-09-01 23:59,10418.2932260560000000,11754.7069524488000000
1630555199999,2021-09-02 03:59,10346.5269621580000000,11935.4945470856000000
1630569599999,2021-09-02 07:59,10326.9042245380000000,12004.1351695538000000
1630583999999,2021-09-02 11:59,10376.4842368960000000,12058.6421284334000000
1630598399999,2021-09-02 15:59,10375.7051547580000000,11930.5481260580000000
1630612799999,2021-09-02 19:59,10418.0502832420000000,11882.2278057470000000
1630627199999,2021-09-02 23:59,10407.7084214560000000,11859.7329085616000000
1630641599999,2021-09-03 03:59,10422.7513654540000000,11915.1670203602000000
1630655999999,2021-09-03 07:59,10403.8343194360000000,11873.8135919834000000
1630670399999,2021-09-03 11:59,10571.3585395240000000,12081.7438893476000000
1630684799999,2021-09-03 15:59,10576.2271300600000000,12173.7126425336000000
1630699199999,2021-09-03 19:59,10566.9228536500000000,12168.4266668006000000
1630713599999,2021-09-03 23:59,10541.8208327980000000,12040.9491609116000000
1630727999999,2021-09-04 03:59,10517.4189890680000000,12107.9666637242000000
1630742399999,2021-09-04 07:59,10516.8335730700000000,12086.2592444726000000
1630756799999,2021-09-04 11:59,10498.9530994420000000,12017.7823788836000000
1630771199999,2021-09-04 15:59,10519.1148834760000000,12010.6998938582000000
1630785599999,2021-09-04 19:59,10434.3113099380000000,12035.0924442908000000
1630799999999,2021-09-04 23:59,10461.4853307160000000,12020.8407794216000000
1630814399999,2021-09-05 03:59,10420.8083444200000000,11960.0508543974000000
1630828799999,2021-09-05 07:59,10468.3728742780000000,12006.7528714316000000
1630843199999,2021-09-05 11:59,10511.6189549080000000,12089.0262540932000000
1630857599999,2021-09-05 15:59,10564.2948502840000000,12092.9202963530000000
1630871999999,2021-09-05 19:59,10655.9958155260000000,12206.0112787664000000
1630886399999,2021-09-05 23:59,10709.3279939620000000,12464.2462445072000000
1630900799999,2021-09-06 03:59,10654.9871272240000000,12425.3323119926000000
1630915199999,2021-09-06 07:59,10760.5536110680000000,12473.7128370386000000
1630929599999,2021-09-06 11:59,10700.1344926660000000,12378.4641298898000000
1630943999999,2021-09-06 15:59,10810.9821760240000000,12427.5382134830000000
1630958399999,2021-09-06 19:59,10801.2221098600000000,12454.2546666866000000
1630972799999,2021-09-06 23:59,10767.8966626660000000,12682.6738394660000000
1630987199999,2021-09-07 03:59,10741.3937720860000000,12680.3282629904000000
1631001599999,2021-09-07 07:59,10716.0871400500000000,12605.6551260752000000
1631015999999,2021-09-07 11:59,10510.08829110,12267.8824808312000000
1631030399999,2021-09-07 15:59,10510.08829110,11235.8745871658000000
1631044799999,2021-09-07 19:59,10510.08829110,11245.1509327346000000
1631059199999,2021-09-07 23:59,10510.08829110,11285.8830482462000000
1631073599999,2021-09-08 03:59,10510.08829110,11186.3477639654000000
1631087999999,2021-09-08 07:59,10510.08829110,10856.3993260820000000
1631102399999,2021-09-08 11:59,10510.08829110,11172.7848412646000000
1631116799999,2021-09-08 15:59,10510.08829110,11098.9160396090000000
1631131199999,2021-09-08 19:59,10510.08829110,11182.9546251008000000
1631145599999,2021-09-08 23:59,10510.08829110,11089.5144681914000000
1631159999999,2021-09-09 03:59,10510.08829110,11078.1478142234000000
1631174399999,2021-09-09 07:59,10510.08829110,11144.1057137000000000
1631188799999,2021-09-09 11:59,10510.08829110,11148.4765774610000000
1631203199999,2021-09-09 15:59,10510.08829110,11319.0967964510000000
1631217599999,2021-09-09 19:59,10510.08829110,11216.2911909650000000
1631231999999,2021-09-09 23:59,10510.08829110,11173.0377011516000000
1631246399999,2021-09-10 03:59,10510.08829110,11251.2003045074000000
1631260799999,2021-09-10 07:59,10510.08829110,11116.5439860170000000
1631275199999,2021-09-10 11:59,10510.08829110,11157.7986786284000000
1631289599999,2021-09-10 15:59,10510.08829110,10938.4126242884000000
1631303999999,2021-09-10 19:59,10510.08829110,10993.5408960332000000
1631318399999,2021-09-10 23:59,10510.08829110,10801.1578694354000000
1631332799999,2021-09-11 03:59,10510.08829110,10883.2699034072000000
1631347199999,2021-09-11 07:59,10510.08829110,10847.6503739918000000
1631361599999,2021-09-11 11:59,10510.08829110,10970.7257096576000000
1631375999999,2021-09-11 15:59,10510.08829110,10975.2892285706000000
1631390399999,2021-09-11 19:59,10510.08829110,10923.0483759164000000
1631404799999,2021-09-11 23:59,10510.08829110,10878.8894068886000000
1631419199999,2021-09-12 03:59,10510.08829110,10913.2277795432000000
1631433599999,2021-09-12 07:59,10510.08829110,10923.0387431588000000
1631447999999,2021-09-12 11:59,10510.08829110,11098.5668521460000000
1631462399999,2021-09-12 15:59,10510.08829110,11050.6655567906000000
1631476799999,2021-09-12 19:59,10510.08829110,11054.4897615578000000
1631491199999,2021-09-12 23:59,10510.08829110,11083.9587752456000000
1631505599999,2021-09-13 03:59,10510.08829110,10745.0181581426000000
1631519999999,2021-09-13 07:59,10510.08829110,10709.5792429322000000
1631534399999,2021-09-13 11:59,10510.08829110,10803.1638912056000000
1631548799999,2021-09-13 15:59,10510.08829110,10683.2529164114000000
1631563199999,2021-09-13 19:59,10510.08829110,10774.8484002404000000
1631577599999,2021-09-13 23:59,10510.08829110,10822.7882266262000000
1631591999999,2021-09-14 03:59,10510.08829110,10882.0585841390000000
1631606399999,2021-09-14 07:59,10510.08829110,11010.4560183788000000
1631620799999,2021-09-14 11:59,10510.08829110,11071.5710489720000000
1631635199999,2021-09-14 15:59,10510.08829110,11259.5591299148000000
1631649599999,2021-09-14 19:59,10510.08829110,11192.2430116166000000
1631663999999,2021-09-14 23:59,10510.08829110,11345.5555733888000000
1631678399999,2021-09-15 03:59,10510.08829110,11336.8764587912000000
1631692799999,2021-09-15 07:59,10510.08829110,11360.3225907896000000
1631707199999,2021-09-15 11:59,10540.7059457000000000,11453.7362576156000000
1631721599999,2021-09-15 15:59,10542.6594902000000000,11628.8742399200000000
1631735999999,2021-09-15 19:59,10521.5612096000000000,11577.6857660336000000
1631750399999,2021-09-15 23:59,10522.3426274000000000,11588.7562127054000000
1631764799999,2021-09-16 03:59,10555.5528839000000000,11466.8223588152000000
1631779199999,2021-09-16 07:59,10586.4933439664000000,11642.2445074688000000
1631793599999,2021-09-16 11:59,10537.2567441287000000,11534.2348046894000000
1631807999999,2021-09-16 15:59,10522.9284186968000000,11564.3925605456000000
1631822399999,2021-09-16 19:59,10441.3381966907000000,11422.2539975894000000
1631836799999,2021-09-16 23:59,10456.4800469834000000,11496.3804755108000000
1631851199999,2021-09-17 03:59,10458.8960178941000000,11535.3955519802000000
1631865599999,2021-09-17 07:59,10421.2819566071000000,11492.0240608862000000
1631879999999,2021-09-17 11:59,10311.0915781892000000,11415.8843366264000000
1631894399999,2021-09-17 15:59,10317.1508756264000000,11445.7362524288000000
1631908799999,2021-09-17 19:59,10315.8877887776000000,11439.5134910192000000
1631923199999,2021-09-17 23:59,10306.0284769586000000,11390.9403108212000000
1631937599999,2021-09-18 03:59,10336.5591044699000000,11541.3534125558000000
1631951999999,2021-09-18 07:59,10370.6507179307000000,11709.3101740694000000
1631966399999,2021-09-18 11:59,10358.1933772412000000,11647.9374672104000000
1631980799999,2021-09-18 15:59,10360.5313588193000000,11659.4558371106000000
1631995199999,2021-09-18 19:59,10353.2485682000000000,11623.5762232400000000
1632009599999,2021-09-18 23:59,10354.5556480118000000,11630.0157216956000000
1632023999999,2021-09-19 03:59,10332.6637720016000000,11522.1625512272000000
1632038399999,2021-09-19 07:59,10347.9547483190000000,11597.4955320380000000
1632052799999,2021-09-19 11:59,10307.3849266511000000,11397.6230364062000000
1632067199999,2021-09-19 15:59,10322.9774991704000000,11474.4418700768000000
1632081599999,2021-09-19 19:59,10309.7796102704000000,11409.4207562768000000
1632095999999,2021-09-19 23:59,10303.1821322525000000,11376.9174239450000000
1632110399999,2021-09-20 03:59,10260.21054096,10967.7684530744000000
1632124799999,2021-09-20 07:59,10260.21054096,10794.8917606166000000
1632139199999,2021-09-20 11:59,10260.21054096,10533.5694960650000000
1632153599999,2021-09-20 15:59,10260.21054096,10558.8867912272000000
1632167999999,2021-09-20 19:59,10260.21054096,10560.1799889350000000
1632182399999,2021-09-20 23:59,10260.21054096,10359.1852770428000000
1632196799999,2021-09-21 03:59,10260.21054096,10279.0864894094000000
1632211199999,2021-09-21 07:59,10260.21054096,10427.9270434658000000
1632225599999,2021-09-21 11:59,10260.21054096,10425.0131342918000000
1632239999999,2021-09-21 15:59,10260.21054096,10372.9577122214000000
1632254399999,2021-09-21 19:59,10260.21054096,10117.8871073522000000
1632268799999,2021-09-21 23:59,10260.21054096,9809.8194783572000000
1632283199999,2021-09-22 03:59,10260.21054096,10127.1490037846000000
1632297599999,2021-09-22 07:59,10260.21054096,10244.6469728000000000
1632311999999,2021-09-22 11:59,10260.21054096,10097.3428435808000000
1632326399999,2021-09-22 15:59,10260.21054096,10409.1166760624000000
1632340799999,2021-09-22 19:59,10260.21054096,10448.1148952060000000
1632355199999,2021-09-22 23:59,10260.21054096,10486.3352691734000000
1632369599999,2021-09-23 03:59,10260.21054096,10614.2004935558000000
1632383999999,2021-09-23 07:59,10260.21054096,10651.6285732106000000
1632398399999,2021-09-23 11:59,10260.21054096,10511.5104811610000000
1632412799999,2021-09-23 15:59,10260.21054096,10535.4671493122000000
1632427199999,2021-09-23 19:59,10260.21054096,10781.0880189758000000
1632441599999,2021-09-23 23:59,10260.21054096,10804.6136212244000000
1632455999999,2021-09-24 03:59,10260.21054096,10664.4016097882000000
1632470399999,2021-09-24 07:59,10260.21054096,10793.3432948324000000
1632484799999,2021-09-24 11:59,10260.21054096,10000.8177960500000000
1632499199999,2021-09-24 15:59,10260.21054096,10101.1212927494000000
1632513599999,2021-09-24 19:59,10260.21054096,10204.0521240842000000
1632527999999,2021-09-24 23:59,10260.21054096,10309.8053533958000000
1632542399999,2021-09-25 03:59,10260.21054096,10261.0491508034000000
1632556799999,2021-09-25 07:59,10260.21054096,10204.1942072588000000
1632571199999,2021-09-25 11:59,10260.21054096,10231.4091556682000000
1632585599999,2021-09-25 15:59,10260.21054096,10275.9438022424000000
1632599999999,2021-09-25 19:59,10260.21054096,10274.9781182930000000
1632614399999,2021-09-25 23:59,10260.21054096,10276.1075591216000000
1632628799999,2021-09-26 03:59,10260.21054096,10165.7546880560000000
1632643199999,2021-09-26 07:59,10260.21054096,9929.4968587796000000
1632657599999,2021-09-26 11:59,10260.21054096,10370.7325452158000000
1632671999999,2021-09-26 15:59,10260.21054096,10438.2003794462000000
1632686399999,2021-09-26 19:59,10260.21054096,10416.2401003076000000
1632700799999,2021-09-26 23:59,10260.21054096,10394.1714526460000000
1632715199999,2021-09-27 03:59,10260.21054096,10605.5743591250000000
1632729599999,2021-09-27 07:59,10260.21054096,10521.1143404882000000
1632743999999,2021-09-27 11:59,10260.21054096,10535.4815984486000000
1632758399999,2021-09-27 15:59,10260.21054096,10426.0462475444000000
1632772799999,2021-09-27 19:59,10260.21054096,10358.2701650708000000
1632787199999,2021-09-27 23:59,10260.21054096,10150.0894160090000000
1632801599999,2021-09-28 03:59,10260.21054096,10249.0780412960000000
1632815999999,2021-09-28 07:59,10260.21054096,10060.4806884350000000
1632830399999,2021-09-28 11:59,10260.21054096,10139.0454594206000000
1632844799999,2021-09-28 15:59,10260.21054096,9981.4752187892000000
1632859199999,2021-09-28 19:59,10260.21054096,10018.7563988906000000
1632873599999,2021-09-28 23:59,10260.21054096,9880.1771398676000000
1632887999999,2021-09-29 03:59,10260.21054096,10162.7661250106000000
1632902399999,2021-09-29 07:59,10260.21054096,10223.0334729350000000
1632916799999,2021-09-29 11:59,10260.21054096,10210.9275048212000000
1632931199999,2021-09-29 15:59,10260.21054096,10042.1134278812000000
1632945599999,2021-09-29 19:59,10260.21054096,9923.8424300684000000
1632959999999,2021-09-29 23:59,10260.21054096,10000.0423590632000000
1632974399999,2021-09-30 03:59,10260.21054096,10497.8030670962000000
1632988799999,2021-09-30 07:59,10260.21054096,10424.5098227072000000
1633003199999,2021-09-30 11:59,10260.21054096,10372.8324863726000000
1633017599999,2021-09-30 15:59,10260.21054096,10391.3105236388000000
1633031999999,2021-09-30 19:59,10260.21054096,10483.6140151514000000
1633046399999,2021-09-30 23:59,10260.21054096,10553.8825736540000000
1633060799999,2021-10-01 03:59,10260.21054096,10508.5339590626000000
1633075199999,2021-10-01 07:59,10260.21054096,10786.1090938748000000
1633089599999,2021-10-01 11:59,10260.21054096,11436.2383534352000000
1633103999999,2021-10-01 15:59,10251.5555930464000000,11406.2804772992000000
1633118399999,2021-10-01 19:59,10327.5073022600000000,11566.7429534000000000
1633132799999,2021-10-01 23:59,10345.7715943853000000,11593.6207552934000000
1633147199999,2021-10-02 03:59,10248.0817940732000000,11444.1275819096000000
1633161599999,2021-10-02 07:59,10270.9319269673000000,11493.2955848894000000
1633175999999,2021-10-02 11:59,10290.8319458285000000,11483.2871497430000000
1633190399999,2021-10-02 15:59,10366.1082430796000000,11518.2227533688000000
1633204799999,2021-10-02 19:59,10463.4758549027000000,11617.3125226106000000
1633219199999,2021-10-02 23:59,10351.9326754370000000,11471.5953902060000000
1633233599999,2021-10-03 03:59,10382.8368954818000000,11535.1137938204000000
1633247999999,2021-10-03 07:59,10377.2659710827000000,11534.4708072506000000
1633262399999,2021-10-03 11:59,10407.3685133078000000,11553.4641970484000000
1633276799999,2021-10-03 15:59,10411.5300268286000000,11530.5767649908000000
1633291199999,2021-10-03 19:59,10513.3641845348000000,11746.0952671544000000
1633305599999,2021-10-03 23:59,10423.4961600173000000,11607.6845813894000000
1633319999999,2021-10-04 03:59,10302.6688988267000000,11431.5929560826000000
1633334399999,2021-10-04 07:59,10365.0253124942000000,11520.6357591476000000
1633348799999,2021-10-04 11:59,10293.4584646805000000,11459.7832211990000000
1633363199999,2021-10-04 15:59,10318.2452157179000000,11501.2955900762000000
1633377599999,2021-10-04 19:59,10458.5281502600000000,11891.8485224000000000
1633391999999,2021-10-04 23:59,10432.3356627662000000,11854.5071375636000000
1633406399999,2021-10-05 03:59,10442.6693485364000000,11874.1916777192000000
1633420799999,2021-10-05 07:59,10462.3249473623000000,11915.0899582994000000
1633435199999,2021-10-05 11:59,10511.1325394138000000,12011.5499847164000000
1633449599999,2021-10-05 15:59,10507.0536201161000000,11991.4440114158000000
1633463999999,2021-10-05 19:59,10619.4530339903000000,12327.7572938834000000
1633478399999,2021-10-05 23:59,10663.9153547627000000,12395.6393366906000000
1633492799999,2021-10-06 03:59,10622.9691133913000000,12405.7103847614000000
1633507199999,2021-10-06 07:59,10588.6970084027000000,12390.3413200106000000
1633521599999,2021-10-06 11:59,10506.7906506488000000,12355.8006594464000000
1633535999999,2021-10-06 15:59,10884.6034397687000000,13241.4436177586000000
1633550399999,2021-10-06 19:59,10859.5837505027000000,13257.2895040106000000
1633564799999,2021-10-06 23:59,10851.5389960100000000,13321.1089313000000000
1633579199999,2021-10-07 03:59,10771.4718071462000000,13199.7217364036000000
1633593599999,2021-10-07 07:59,10861.7511020816000000,13186.4718783248000000
1633607999999,2021-10-07 11:59,10818.5134604042000000,13078.0118441276000000
1633622399999,2021-10-07 15:59,10779.2678468027000000,12980.3477230106000000
1633636799999,2021-10-07 19:59,10799.9964253748000000,12995.4639278744000000
1633651199999,2021-10-07 23:59,10775.9220280706000000,12952.7089332668000000
1633665599999,2021-10-08 03:59,10767.0731857706000000,12959.9335014668000000
1633679999999,2021-10-08 07:59,10848.2107728647000000,13204.1648458466000000
1633694399999,2021-10-08 11:59,10865.4707147456000000,13303.7025383168000000
1633708799999,2021-10-08 15:59,10820.4450378932000000,13082.6596496696000000
1633723199999,2021-10-08 19:59,10845.4586020904000000,13169.7494111312000000
1633737599999,2021-10-08 23:59,10764.2380404539000000,12992.7354492842000000
1633751999999,2021-10-09 03:59,10809.3328709834000000,13139.4303065852000000
1633766399999,2021-10-09 07:59,10841.9551779215000000,13225.3954435970000000
1633780799999,2021-10-09 11:59,10892.5234641164000000,13195.3243825592000000
1633795199999,2021-10-09 15:59,10975.2749145317000000,13239.7819670726000000
1633809599999,2021-10-09 19:59,10969.1928530813000000,13162.6043131814000000
1633823999999,2021-10-09 23:59,10972.7238442556000000,13233.1425888968000000
1633838399999,2021-10-10 03:59,10963.1851585895000000,13257.0872161010000000
1633852799999,2021-10-10 07:59,11098.0935633413000000,13406.3130804614000000
1633867199999,2021-10-10 11:59,11040.1175859527000000,13280.1673033106000000
1633881599999,2021-10-10 15:59,11027.7314299073000000,13335.0788380094000000
1633895999999,2021-10-10 19:59,10990.7166964925000000,13353.6796929350000000
1633910399999,2021-10-10 23:59,10835.2128784700000000,13163.1317066600000000
1633924799999,2021-10-11 03:59,10969.6690320257000000,13608.1867814846000000
1633939199999,2021-10-11 07:59,10996.5790959248000000,13676.2590712544000000
1633953599999,2021-10-11 11:59,10935.3013275323000000,13584.2060314394000000
1633967999999,2021-10-11 15:59,10992.0249480314000000,13844.9334732092000000
1633982399999,2021-10-11 19:59,10950.3541610309000000,13844.4879581702000000
1633996799999,2021-10-11 23:59,10923.1507171055000000,13840.3988525690000000
1634011199999,2021-10-12 03:59,10889.5391623055000000,13657.3764581690000000
1634025599999,2021-10-12 07:59,10917.4650572567000000,13809.4391696426000000
1634039999999,2021-10-12 11:59,10912.9252860722000000,13784.7191054516000000
1634054399999,2021-10-12 15:59,10871.4884306060000000,13559.0862078080000000
1634068799999,2021-10-12 19:59,10828.4382205094000000,13324.6682352332000000
1634083199999,2021-10-12 23:59,10775.73996332,13485.3305910542000000
1634097599999,2021-10-13 03:59,10850.8261389200000000,13552.9645903532000000
1634111999999,2021-10-13 07:59,10761.1379169200000000,13151.9601160334000000
1634126399999,2021-10-13 11:59,10851.2860785200000000,13296.0131895626000000
1634140799999,2021-10-13 15:59,10819.0903065200000000,13526.7321832190000000
1634155199999,2021-10-13 19:59,10847.6065617200000000,13789.4463812438000000
1634169599999,2021-10-13 23:59,10895.4402801200000000,13815.2693961800000000
1634183999999,2021-10-14 03:59,10880.7222129200000000,13983.5994270506000000
1634198399999,2021-10-14 07:59,10915.2176829200000000,13815.3416418620000000
1634212799999,2021-10-14 11:59,10944.1938777200000000,13876.7793698348000000
1634227199999,2021-10-14 15:59,10911.5381661200000000,13806.6745682114000000
1634241599999,2021-10-14 19:59,10887.6213069200000000,13927.5199204928000000
1634255999999,2021-10-14 23:59,10904.1791325200000000,13810.6793871836000000
1634270399999,2021-10-15 03:59,10876.4620455200000000,14312.4906697874000000
1634284799999,2021-10-15 07:59,10885.7501481200000000,14264.2763098100000000
1634299199999,2021-10-15 11:59,10839.3691755200000000,14335.6767173306000000
1634313599999,2021-10-15 15:59,10838.9975475200000000,14458.5834797384000000
1634327999999,2021-10-15 19:59,10930.1568969200000000,14797.6469145008000000
1634342399999,2021-10-15 23:59,10928.6138415200000000,14852.0960768348000000
1634356799999,2021-10-16 03:59,10931.4627897200000000,14848.1394216506000000
1634371199999,2021-10-16 07:59,10951.9670649200000000,14866.9160744024000000
1634385599999,2021-10-16 11:59,11016.7476195200000000,14833.9961253044000000
1634399999999,2021-10-16 15:59,10873.4877028400000000,14675.9659204976000000
1634414399999,2021-10-16 19:59,10832.9812498400000000,14650.2705395996000000
1634428799999,2021-10-16 23:59,10806.8078494400000000,14660.1995044958000000
1634443199999,2021-10-17 03:59,10816.7786686400000000,14718.0634793990000000
1634457599999,2021-10-17 07:59,10804.9383208400000000,14528.7051386876000000
1634471999999,2021-10-17 11:59,10810.5469066400000000,14675.6889787166000000
1634486399999,2021-10-17 15:59,10766.9245726400000000,14633.3602336328000000
1634500799999,2021-10-17 19:59,10758.8232820400000000,14574.4462881512000000
1634515199999,2021-10-17 23:59,10729.45945526,14817.3964757702000000
1634529599999,2021-10-18 03:59,10729.45945526,14960.8137872978000000
1634543999999,2021-10-18 07:59,10729.45945526,14903.3905110548000000
1634558399999,2021-10-18 11:59,10729.45945526,14674.0393689776000000
1634572799999,2021-10-18 15:59,10729.45945526,14931.7132265882000000
1634587199999,2021-10-18 19:59,10729.45945526,14794.8317410922000000
1634601599999,2021-10-18 23:59,10729.45945526,14933.3532035696000000
1634615999999,2021-10-19 03:59,10729.45945526,15072.7921862084000000
1634630399999,2021-10-19 07:59,10729.45945526,15002.5212195164000000
1634644799999,2021-10-19 11:59,10729.45945526,14961.9022889066000000
1634659199999,2021-10-19 15:59,10729.45945526,15026.3454372506000000
1634673599999,2021-10-19 19:59,10729.45945526,15455.2825004210000000
1634687999999,2021-10-19 23:59,10729.45945526,15480.1928115746000000
1634702399999,2021-10-20 03:59,10729.45945526,15375.2150192498000000
1634716799999,2021-10-20 07:59,10729.45945526,15412.6142006318000000
1634731199999,2021-10-20 11:59,10729.45945526,15362.3143486340000000
1634745599999,2021-10-20 15:59,10729.45945526,16105.1757574202000000
1634759999999,2021-10-20 19:59,10729.45945526,15990.0065075546000000
1634774399999,2021-10-20 23:59,10729.45945526,15894.5988599054000000
1634788799999,2021-10-21 03:59,10729.5566355800000000,15670.0616884388000000
1634803199999,2021-10-21 07:59,10720.1057159600000000,15677.6908324580000000
1634817599999,2021-10-21 11:59,10727.2186758800000000,15611.9954256260000000
1634831999999,2021-10-21 15:59,10641.3833719200000000,15164.8668997280000000
1634846399999,2021-10-21 19:59,10611.0696160200000000,15124.1371924058000000
1634860799999,2021-10-21 23:59,10606.6334566200000000,14977.4977234610000000
1634875199999,2021-10-22 03:59,10696.8353644200000000,15229.0933110260000000
1634889599999,2021-10-22 07:59,10679.8300867200000000,15261.2257821902000000
1634903999999,2021-10-22 11:59,10687.9630456200000000,15262.5430617920000000
1634918399999,2021-10-22 15:59,10633.9897729200000000,14615.7371036036000000
1634932799999,2021-10-22 19:59,10633.9897729200000000,14698.0393845380000000
1634947199999,2021-10-22 23:59,10636.9472125200000000,14615.0820760868000000
1634961599999,2021-10-23 03:59,10653.2131303200000000,14747.1231008888000000
1634975999999,2021-10-23 07:59,10738.9788787200000000,14661.2663324000000000
1634990399999,2021-10-23 11:59,10810.6967890200000000,14823.1520484362000000
1635004799999,2021-10-23 15:59,10829.9201464200000000,14797.7793649178000000
1635019199999,2021-10-23 19:59,10779.6436732200000000,14692.0959730988000000
1635033599999,2021-10-23 23:59,10835.8350256200000000,14759.2194362450000000
1635047999999,2021-10-24 03:59,10773.7287940200000000,14745.0135269744000000
1635062399999,2021-10-24 07:59,10759.6809559200000000,14614.9857485108000000
1635076799999,2021-10-24 11:59,10714.5800020200000000,14517.0157873400000000
1635091199999,2021-10-24 15:59,10687.9630456200000000,14415.6237890318000000
1635105599999,2021-10-24 19:59,10690.1811253200000000,14604.2139173246000000
1635119999999,2021-10-24 23:59,10713.1012822200000000,14654.5763822468000000
1635134399999,2021-10-25 03:59,10749.3299173200000000,14951.2749490844000000
1635148799999,2021-10-25 07:59,10784.8191925200000000,15090.0805779110000000
1635163199999,2021-10-25 11:59,10864.6700617200000000,15113.8108762586000000
1635177599999,2021-10-25 15:59,10926.7762933200000000,15317.9482753178000000
1635191999999,2021-10-25 19:59,10915.6858948200000000,15096.6669759200000000
1635206399999,2021-10-25 23:59,10911.2497354200000000,15190.7742012932000000
1635220799999,2021-10-26 03:59,10890.5476582200000000,15113.5291180988000000
1635235199999,2021-10-26 07:59,10872.0636607200000000,15035.1473695076000000
1635249599999,2021-10-26 11:59,10884.6327790200000000,15109.1847444212000000
1635263999999,2021-10-26 15:59,10883.8934191200000000,15054.9065635346000000
1635278399999,2021-10-26 19:59,10988.8825249200000000,14930.9835452000000000
1635292799999,2021-10-26 23:59,10921.6007740200000000,14528.5293408614000000
1635307199999,2021-10-27 03:59,10979.2708462200000000,14621.3722667996000000
1635321599999,2021-10-27 07:59,10791.0225713200000000,14437.2878608742000000
1635335999999,2021-10-27 11:59,10711.85273041,14103.5296673600000000
1635350399999,2021-10-27 15:59,10711.85273041,14164.9722117116000000
1635364799999,2021-10-27 19:59,10711.85273041,14223.5345615408000000
1635379199999,2021-10-27 23:59,10711.85273041,14067.2719677536000000
1635393599999,2021-10-28 03:59,10711.85273041,14169.9475310120000000
1635407999999,2021-10-28 07:59,10711.85273041,14207.0119740674000000
1635422399999,2021-10-28 11:59,10711.85273041,14680.6787471534000000
1635436799999,2021-10-28 15:59,10711.85273041,14723.5469266628000000
1635451199999,2021-10-28 19:59,10711.85273041,14759.7925853222000000
1635465599999,2021-10-28 23:59,10711.85273041,14588.0308845566000000
1635479999999,2021-10-29 03:59,10711.85273041,14845.0087754306000000
1635494399999,2021-10-29 07:59,10687.0723783100000000,14586.3836830070000000
1635508799999,2021-10-29 11:59,10720.6005166100000000,14675.9346140354000000
1635523199999,2021-10-29 15:59,10808.4347944100000000,15003.2268190106000000
1635537599999,2021-10-29 19:59,10866.9909796100000000,15062.2563575834000000
1635551999999,2021-10-29 23:59,10866.5187523100000000,14992.0817184674000000
1635566399999,2021-10-30 03:59,10836.2962051100000000,14853.9094434530000000
1635580799999,2021-10-30 07:59,10872.6577072100000000,14833.9792679786000000
1635595199999,2021-10-30 11:59,10839.1295689100000000,14833.4542826894000000
1635609599999,2021-10-30 15:59,10823.0738407100000000,14780.9991011786000000
1635623999999,2021-10-30 19:59,10841.9629327100000000,14866.1671274990000000
1635638399999,2021-10-30 23:59,10857.0742063100000000,14897.0738302586000000
1635652799999,2021-10-31 03:59,10861.3242520100000000,14858.2176942896000000
1635667199999,2021-10-31 07:59,10867.9354342100000000,14777.4879610334000000
1635681599999,2021-10-31 11:59,10808.4347944100000000,14562.0031735214000000
1635695999999,2021-10-31 15:59,10781.9900656100000000,14560.1777659562000000
1635710399999,2021-10-31 19:59,10808.9070217100000000,14615.4986928530000000
1635724799999,2021-10-31 23:59,10839.6017962100000000,14762.3621234120000000
1635739199999,2021-11-01 03:59,10790.4901570100000000,14430.7977904412000000
1635753599999,2021-11-01 07:59,10851.8797060100000000,14973.9239703914000000
1635767999999,2021-11-01 11:59,10873.1299345100000000,14884.7439005306000000
1635782399999,2021-11-01 15:59,10902.4080271100000000,14822.8293510566000000
1635796799999,2021-11-01 19:59,10943.4918022100000000,14795.1568466612000000
1635811199999,2021-11-01 23:59,10965.6864853100000000,14668.7582096234000000
1635825599999,2021-11-02 03:59,10957.1863939100000000,14708.1056162300000000
1635839999999,2021-11-02 07:59,10917.0470734100000000,14815.6625794022000000
1635854399999,2021-11-02 11:59,10931.6861197100000000,15150.9234831020000000
1635868799999,2021-11-02 15:59,11009.1313969100000000,15417.1319639462000000
1635883199999,2021-11-02 19:59,11019.0481702100000000,15310.5262355870000000
1635897599999,2021-11-02 23:59,10980.3255316100000000,15224.7802438106000000
1635911999999,2021-11-03 03:59,10969.9365310100000000,15222.4731983654000000
1635926399999,2021-11-03 07:59,10979.3810770100000000,15266.8368634922000000
1635940799999,2021-11-03 11:59,10970.8809856100000000,15197.9144828642000000
1635955199999,2021-11-03 15:59,10958.1308485100000000,14976.7391438000000000
1635969599999,2021-11-03 19:59,11011.9647607100000000,15123.6386972000000000
1635983999999,2021-11-03 23:59,11046.4373536100000000,15146.8729085312000000
1635998399999,2021-11-04 03:59,10999.6868509100000000,15032.1275000000000000
1636012799999,2021-11-04 07:59,10974.1865767100000000,14895.7734079826000000
1636027199999,2021-11-04 11:59,10992.6034414100000000,14797.8636515468000000
1636041599999,2021-11-04 15:59,10945.3807114100000000,14698.5956762894000000
1636055999999,2021-11-04 19:59,10972.7698948100000000,14750.2103996996000000
1636070399999,2021-11-04 23:59,11000.6313055100000000,14785.2904946894000000
1636084799999,2021-11-05 03:59,11102.6324023100000000,14980.0624451720000000
1636099199999,2021-11-05 07:59,11170.1609062100000000,14961.9793509674000000
1636113599999,2021-11-05 11:59,11234.8560463100000000,14752.6884265922000000
1636127999999,2021-11-05 15:59,11197.5500896100000000,14637.7070154998000000
1636142399999,2021-11-05 19:59,11229.1893187100000000,14712.0044748686000000
1636156799999,2021-11-05 23:59,11230.1337733100000000,14675.0219102528000000
1636171199999,2021-11-06 03:59,11235.3282736100000000,14716.5390955088000000
1636185599999,2021-11-06 07:59,11281.1343217100000000,14639.8045484672000000
1636199999999,2021-11-06 11:59,11214.0780451100000000,14528.2066434818000000
1636214399999,2021-11-06 15:59,11247.1339561100000000,14605.5384214946000000
1636228799999,2021-11-06 19:59,11310.8846416100000000,14732.4042472760000000
1636243199999,2021-11-06 23:59,11373.6908725100000000,14803.4964065534000000
1636257599999,2021-11-07 03:59,11413.8301930100000000,14963.0220969776000000
1636271999999,2021-11-07 07:59,11472.8586055100000000,14873.1556931378000000
1636286399999,2021-11-07 11:59,11492.2199248100000000,14909.6469871160000000
1636300799999,2021-11-07 15:59,11480.4142423100000000,14916.0551791094000000
1636315199999,2021-11-07 19:59,11458.6917865100000000,14994.9378310958000000
1636329599999,2021-11-07 23:59,11429.8859212100000000,15237.6881389946000000
1636343999999,2021-11-08 03:59,11376.0520090100000000,15701.6017450106000000
1636358399999,2021-11-08 07:59,11390.6910553100000000,15880.2653165966000000
1636372799999,2021-11-08 11:59,11403.4411924100000000,15903.2201779574000000
1636387199999,2021-11-08 15:59,11426.5803301100000000,15985.6284192254000000
1636401599999,2021-11-08 19:59,11408.6356927100000000,15854.5265882894000000
1636415999999,2021-11-08 23:59,11448.3027859100000000,16261.7080684202000000
1636430399999,2021-11-09 03:59,11429.4136939100000000,16493.8984658000000000
1636444799999,2021-11-09 07:59,11411.9412838100000000,16340.3908406864000000
1636459199999,2021-11-09 11:59,11401.5522832100000000,16278.3606981212000000
1636473599999,2021-11-09 15:59,11393.0521918100000000,16079.9547898340000000
1636487999999,2021-11-09 19:59,11360.4685081100000000,16086.9650291774000000
1636502399999,2021-11-09 23:59,11360.9407354100000000,16122.4737818804000000
1636516799999,2021-11-10 03:59,11330.7181882100000000,16011.5935173362000000
1636531199999,2021-11-10 07:59,11307.71859083,15996.9517257842000000
1636545599999,2021-11-10 11:59,11307.71859083,16025.9391015920000000
1636559999999,2021-11-10 15:59,11307.71859083,16459.8538922522000000
1636574399999,2021-11-10 19:59,11307.71859083,16051.0300269506000000
1636588799999,2021-11-10 23:59,11307.71859083,15625.1272824242000000
1636603199999,2021-11-11 03:59,11307.71859083,15592.3157018492000000
1636617599999,2021-11-11 07:59,11307.71859083,15708.4434110960000000
1636631999999,2021-11-11 11:59,11307.71859083,15715.0611155672000000
1636646399999,2021-11-11 15:59,11307.71859083,15605.1802496240000000
1636660799999,2021-11-11 19:59,11307.71859083,15682.3362298106000000
1636675199999,2021-11-11 23:59,11307.71859083,15599.0778976844000000
1636689599999,2021-11-12 03:59,11307.71859083,15611.6895855722000000
1636703999999,2021-11-12 07:59,11307.71859083,15530.1699661928000000
1636718399999,2021-11-12 11:59,11307.71859083,15353.1849026186000000
1636732799999,2021-11-12 15:59,11307.71859083,15209.3557907036000000
1636747199999,2021-11-12 19:59,11307.71859083,15375.2968976894000000
1636761599999,2021-11-12 23:59,11307.71859083,15442.0567242362000000
1636775999999,2021-11-13 03:59,11307.71859083,15358.1818956236000000
1636790399999,2021-11-13 07:59,11307.71859083,15419.8435852106000000
1636804799999,2021-11-13 11:59,11307.71859083,15305.2715663162000000
1636819199999,2021-11-13 15:59,11307.71859083,15578.5432666706000000
1636833599999,2021-11-13 19:59,11307.71859083,15398.5696400510000000
1636847999999,2021-11-13 23:59,11307.71859083,15504.1326224000000000
1636862399999,2021-11-14 03:59,11307.71859083,15566.2181533214000000
1636876799999,2021-11-14 07:59,11307.71859083,15563.7545755652000000
1636891199999,2021-11-14 11:59,11307.71859083,15519.8027108258000000
1636905599999,2021-11-14 15:59,11307.71859083,15429.5774867654000000
1636919999999,2021-11-14 19:59,11307.71859083,15453.5606450000000000
1636934399999,2021-11-14 23:59,11307.71859083,15778.4494769540000000
1636948799999,2021-11-15 03:59,11307.71859083,15825.0599827910000000
1636963199999,2021-11-15 07:59,11307.71859083,15793.0455129074000000
1636977599999,2021-11-15 11:59,11307.71859083,15829.9750973564000000
1636991999999,2021-11-15 15:59,11307.71859083,15482.0158109504000000
1637006399999,2021-11-15 19:59,11307.71859083,15476.6551813460000000
1637020799999,2021-11-15 23:59,11307.71859083,15317.9169688556000000
1637035199999,2021-11-16 03:59,11307.71859083,14667.8671795454000000
1637049599999,2021-11-16 07:59,11307.71859083,14643.2699330138000000
1637063999999,2021-11-16 11:59,11307.71859083,14587.6937380406000000
1637078399999,2021-11-16 15:59,11307.71859083,14610.4872507116000000
1637092799999,2021-11-16 19:59,11307.71859083,14498.5859138618000000
1637107199999,2021-11-16 23:59,11307.71859083,14463.5226761978000000
1637121599999,2021-11-17 03:59,11307.71859083,14218.1570746106000000
1637135999999,2021-11-17 07:59,11307.71859083,14374.2101559200000000
1637150399999,2021-11-17 11:59,11307.71859083,14633.0495772002000000
1637164799999,2021-11-17 15:59,11307.71859083,14368.5485026406000000
1637179199999,2021-11-17 19:59,11307.71859083,14500.5172817606000000
1637193599999,2021-11-17 23:59,11307.71859083,14532.3968930378000000
1637207999999,2021-11-18 03:59,11307.71859083,14410.8170429894000000
1637222399999,2021-11-18 07:59,11307.71859083,14385.3359909480000000
1637236799999,2021-11-18 11:59,11307.71859083,14259.9391607006000000
1637251199999,2021-11-18 15:59,11307.71859083,13991.7993119576000000
1637265599999,2021-11-18 19:59,11307.71859083,13950.3688215200000000
1637279999999,2021-11-18 23:59,11307.71859083,13700.7888884828000000
1637294399999,2021-11-19 03:59,11307.71859083,13461.9880112000000000
1637308799999,2021-11-19 07:59,11307.71859083,13483.1391387002000000
1637323199999,2021-11-19 11:59,11307.71859083,13724.3819200346000000
1637337599999,2021-11-19 15:59,11307.71859083,13940.7312475412000000
1637351999999,2021-11-19 19:59,11307.71859083,13975.6668511670000000
1637366399999,2021-11-19 23:59,11307.71859083,13980.2881666256000000
1637380799999,2021-11-20 03:59,11307.71859083,14091.2719833140000000
1637395199999,2021-11-20 07:59,11307.71859083,14059.2334315364000000
1637409599999,2021-11-20 11:59,11307.71859083,14118.3809713898000000
1637423999999,2021-11-20 15:59,11307.71859083,13868.5794849278000000
1637438399999,2021-11-20 19:59,11307.71859083,14312.0885021576000000
1637452799999,2021-11-20 23:59,11307.71859083,14378.9085334394000000
1637467199999,2021-11-21 03:59,11307.71859083,14130.1810994498000000
1637481599999,2021-11-21 07:59,11307.71859083,14204.3701902956000000
1637495999999,2021-11-21 11:59,11307.71859083,14134.5736369154000000
1637510399999,2021-11-21 15:59,11307.71859083,14256.5123071844000000
1637524799999,2021-11-21 19:59,11307.71859083,14284.1751788222000000
1637539199999,2021-11-21 23:59,11307.71859083,14117.5019822588000000
1637553599999,2021-11-22 03:59,11307.71859083,13819.2164186066000000
1637567999999,2021-11-22 07:59,11307.71859083,13789.3909928876000000
1637582399999,2021-11-22 11:59,11307.71859083,13770.3590720594000000
1637596799999,2021-11-22 15:59,11307.71859083,14014.6169065226000000
1637611199999,2021-11-22 19:59,11307.71859083,13484.3913971882000000
1637625599999,2021-11-22 23:59,11307.71859083,13545.5955307892000000
1637639999999,2021-11-23 03:59,11307.71859083,13714.3229129108000000
1637654399999,2021-11-23 07:59,11307.71859083,13487.6930248556000000
1637668799999,2021-11-23 11:59,11307.71859083,13522.0747449194000000
1637683199999,2021-11-23 15:59,11307.71859083,13698.7298865458000000
1637697599999,2021-11-23 19:59,11307.71859083,13914.2941443080000000
1637711999999,2021-11-23 23:59,11307.71859083,13857.2369128538000000
1637726399999,2021-11-24 03:59,11307.71859083,13582.3950730106000000
1637740799999,2021-11-24 07:59,11307.71859083,13605.8701032818000000
1637755199999,2021-11-24 11:59,11307.71859083,13633.8436313522000000
1637769599999,2021-11-24 15:59,11307.71859083,13661.2729086182000000
1637783999999,2021-11-24 19:59,11307.71859083,13684.7768371622000000
1637798399999,2021-11-24 23:59,11307.71859083,13760.1916964126000000
1637812799999,2021-11-25 03:59,11307.71859083,13907.5006420106000000
1637827199999,2021-11-25 07:59,11307.71859083,13883.1538471766000000
1637841599999,2021-11-25 11:59,11307.71859083,13970.1135664106000000
1637855999999,2021-11-25 15:59,11307.71859083,14220.2064437900000000
1637870399999,2021-11-25 19:59,11307.71859083,14173.3262207402000000
1637884799999,2021-11-25 23:59,11307.71859083,14198.9806624184000000
1637899199999,2021-11-26 03:59,11307.71859083,13943.8450364354000000
1637913599999,2021-11-26 07:59,11307.71859083,13716.7407350684000000
1637927999999,2021-11-26 11:59,11307.71859083,12936.8341487420000000
1637942399999,2021-11-26 15:59,11307.71859083,13086.6837341570000000
1637956799999,2021-11-26 19:59,11307.71859083,13083.1220220344000000
1637971199999,2021-11-26 23:59,11307.71859083,12938.5752696782000000
1637985599999,2021-11-27 03:59,11307.71859083,13088.0130547058000000
1637999999999,2021-11-27 07:59,11307.71859083,13099.4495461664000000
1638014399999,2021-11-27 11:59,11307.71859083,13150.3032817262000000
1638028799999,2021-11-27 15:59,11307.71859083,13220.7404134868000000
1638043199999,2021-11-27 19:59,11307.71859083,13229.8168793354000000
1638057599999,2021-11-27 23:59,11307.71859083,13178.0697055082000000
1638071999999,2021-11-28 03:59,11307.71859083,13037.4988738514000000
1638086399999,2021-11-28 07:59,11307.71859083,13128.6006788534000000
1638100799999,2021-11-28 11:59,11307.71859083,13123.1774363246000000
1638115199999,2021-11-28 15:59,11307.71859083,13075.7481460916000000
1638129599999,2021-11-28 19:59,11307.71859083,13153.2220072790000000
1638143999999,2021-11-28 23:59,11307.71859083,13793.0851554272000000
1638158399999,2021-11-29 03:59,11307.71859083,13813.3476610388000000
1638172799999,2021-11-29 07:59,11307.71859083,13850.9419057622000000
1638187199999,2021-11-29 11:59,11307.71859083,13698.7828667126000000
1638201599999,2021-11-29 15:59,11307.71859083,13757.2151743142000000
1638215999999,2021-11-29 19:59,11307.71859083,13938.9708610898000000
1638230399999,2021-11-29 23:59,11307.71859083,13913.8245473750000000
1638244799999,2021-11-30 03:59,11307.71859083,13749.2657411048000000
1638259199999,2021-11-30 07:59,11307.71859083,13608.9068301152000000
1638273599999,2021-11-30 11:59,11307.71859083,13871.9702156030000000
1638287999999,2021-11-30 15:59,11307.71859083,13784.4060408296000000
1638302399999,2021-11-30 19:59,11307.71859083,13878.6023692106000000
1638316799999,2021-11-30 23:59,11307.71859083,13714.9827568064000000
1638331199999,2021-12-01 03:59,11307.71859083,13814.0677096694000000
1638345599999,2021-12-01 07:59,11307.71859083,13766.3518448978000000
1638359999999,2021-12-01 11:59,11327.5987688600000000,13764.9213803942000000
1638374399999,2021-12-01 15:59,11392.4143484000000000,14115.6886156406000000
1638388799999,2021-12-01 19:59,11397.3819658100000000,13829.9352696260000000
1638403199999,2021-12-01 23:59,11394.7798805000000000,13771.2163874858000000
1638417599999,2021-12-02 03:59,11350.8598345100000000,13558.3444854728000000
1638431999999,2021-12-02 07:59,11340.2149400600000000,13681.2367987442000000
1638446399999,2021-12-02 11:59,11370.9668573600000000,13561.7352161480000000
1638460799999,2021-12-02 15:59,11392.0989441200000000,13611.4908173414000000
1638475199999,2021-12-02 19:59,11428.7646916700000000,13634.4818015432000000
1638489599999,2021-12-02 23:59,11424.6644360300000000,13601.7448748396000000
1638503999999,2021-12-03 03:59,11396.0414976200000000,13563.8568310094000000
1638518399999,2021-12-03 07:59,11415.9119672600000000,13662.7563532886000000
1638532799999,2021-12-03 11:59,11455.7317576100000000,13717.2006992438000000
1638547199999,2021-12-03 15:59,11351.0963877200000000,13480.1264937608000000
1638561599999,2021-12-03 19:59,11246.19258653,12965.5758892310000000
1638575999999,2021-12-03 23:59,11246.19258653,12908.3573090870000000
1638590399999,2021-12-04 03:59,11246.19258653,12522.7941452000000000
1638604799999,2021-12-04 07:59,11246.19258653,11377.1558346956000000
1638619199999,2021-12-04 11:59,11246.19258653,11195.8023155498000000
1638633599999,2021-12-04 15:59,11246.19258653,11608.5804278462000000
1638647999999,2021-12-04 19:59,11246.19258653,11860.5420602000000000
1638662399999,2021-12-04 23:59,11246.19258653,11837.0549889818000000
1638676799999,2021-12-05 03:59,11246.19258653,11841.4667919626000000
1638691199999,2021-12-05 07:59,11246.19258653,11869.9773462692000000
1638705599999,2021-12-05 11:59,11246.19258653,11858.7551836652000000
1638719999999,2021-12-05 15:59,11246.19258653,11547.8555239358000000
1638734399999,2021-12-05 19:59,11246.19258653,11776.8454376030000000
1638748799999,2021-12-05 23:59,11246.19258653,11895.7810956902000000
1638763199999,2021-12-06 03:59,11246.19258653,11804.7852510218000000
1638777599999,2021-12-06 07:59,11246.19258653,11658.8947289804000000
1638791999999,2021-12-06 11:59,11246.19258653,11698.6587523532000000
1638806399999,2021-12-06 15:59,11246.19258653,11786.5335835592000000
1638820799999,2021-12-06 19:59,11246.19258653,11825.1416760200000000
1638835199999,2021-12-06 23:59,11246.19258653,12147.5789711648000000
1638849599999,2021-12-07 03:59,11246.19258653,12268.7373880682000000
1638863999999,2021-12-07 07:59,11246.19258653,12259.6440648938000000
1638878399999,2021-12-07 11:59,11246.19258653,12391.8368056280000000
1638892799999,2021-12-07 15:59,11246.19258653,12458.7724300010000000
1638907199999,2021-12-07 19:59,11246.19258653,12254.1558012512000000
1638921599999,2021-12-07 23:59,11246.19258653,12182.9865799130000000
1638935999999,2021-12-08 03:59,11246.19258653,12067.8654938354000000
1638950399999,2021-12-08 07:59,11246.19258653,12156.9733180142000000
1638964799999,2021-12-08 11:59,11246.19258653,11845.2524656994000000
1638979199999,2021-12-08 15:59,11246.19258653,12195.3044686940000000
1638993599999,2021-12-08 19:59,11246.19258653,12143.0732487974000000
1639007999999,2021-12-08 23:59,11267.5681271690000000,12154.6277415386000000
1639022399999,2021-12-09 03:59,11233.7267524190000000,11923.9617280490000000
1639036799999,2021-12-09 07:59,11242.3770444680000000,12045.2236970966000000
1639051199999,2021-12-09 11:59,11209.5487276460000000,11838.9959896382000000
1639065599999,2021-12-09 15:59,11164.7078144450000000,11671.2800470646000000
1639079999999,2021-12-09 19:59,11128.97668035,11466.4490894582000000
1639094399999,2021-12-09 23:59,11128.97668035,11450.0878506746000000
1639108799999,2021-12-10 03:59,11128.97668035,11649.4594429112000000
1639123199999,2021-12-10 07:59,11128.97668035,11485.9770973028000000
1639137599999,2021-12-10 11:59,11128.97668035,11730.7406515400000000
1639151999999,2021-12-10 15:59,11128.97668035,11554.5141676268000000
1639166399999,2021-12-10 19:59,11128.97668035,11583.3209292296000000
1639180799999,2021-12-10 23:59,11128.97668035,11352.5441390276000000
1639195199999,2021-12-11 03:59,11128.97668035,11631.0392021906000000
1639209599999,2021-12-11 07:59,11128.97668035,11564.7586053344000000
1639223999999,2021-12-11 11:59,11128.97668035,11617.4208911336000000
1639238399999,2021-12-11 15:59,11128.97668035,11739.4149497588000000
1639252799999,2021-12-11 19:59,11128.97668035,11657.5918985150000000
1639267199999,2021-12-11 23:59,11128.97668035,11894.2543036106000000
1639281599999,2021-12-12 03:59,11128.97668035,11873.9556751580000000
1639295999999,2021-12-12 07:59,11128.97668035,11872.8743981174000000
1639310399999,2021-12-12 11:59,11128.97668035,11830.2783440102000000
1639324799999,2021-12-12 15:59,11128.97668035,11950.4301377444000000
1639339199999,2021-12-12 19:59,11128.97668035,12094.3892918870000000
1639353599999,2021-12-12 23:59,11128.97668035,12054.1364060660000000
1639367999999,2021-12-13 03:59,11128.97668035,11769.7990754186000000
1639382399999,2021-12-13 07:59,11128.97668035,11737.7268089894000000
1639396799999,2021-12-13 11:59,11128.97668035,11763.5546403044000000
1639411199999,2021-12-13 15:59,11128.97668035,11379.3906344588000000
1639425599999,2021-12-13 19:59,11128.97668035,11255.9323966784000000
1639439999999,2021-12-13 23:59,11128.97668035,11247.1160152850000000
1639454399999,2021-12-14 03:59,11128.97668035,11307.1401360800000000
1639468799999,2021-12-14 07:59,11128.97668035,11318.6994452000000000
1639483199999,2021-12-14 11:59,11128.97668035,11468.4888258800000000
1639497599999,2021-12-14 15:59,11128.97668035,11283.5061653084000000
1639511999999,2021-12-14 19:59,11128.97668035,11284.8403022360000000
1639526399999,2021-12-14 23:59,11128.97668035,11642.1867109232000000
1639540799999,2021-12-15 03:59,11128.97668035,11622.7116832454000000
1639555199999,2021-12-15 07:59,11128.97668035,11609.9723613194000000
1639569599999,2021-12-15 11:59,11128.97668035,11591.4365275076000000
1639583999999,2021-12-15 15:59,11128.97668035,11230.1527291514000000
1639598399999,2021-12-15 19:59,11128.97668035,11722.0470878060000000
1639612799999,2021-12-15 23:59,11128.97668035,11767.8219519212000000
1639627199999,2021-12-16 03:59,11128.97668035,11756.8935884240000000
1639641599999,2021-12-16 07:59,11128.97668035,11731.0368588362000000
1639655999999,2021-12-16 11:59,11128.97668035,11850.3770927426000000
1639670399999,2021-12-16 15:59,11128.97668035,11700.5925284414000000
1639684799999,2021-12-16 19:59,11128.97668035,11527.2510554294000000
1639699199999,2021-12-16 23:59,11128.97668035,11470.9885264772000000
1639713599999,2021-12-17 03:59,11128.97668035,11503.1836105658000000
1639727999999,2021-12-17 07:59,11128.97668035,11320.4453825150000000
1639742399999,2021-12-17 11:59,11128.97668035,11345.7747186242000000
1639756799999,2021-12-17 15:59,11128.97668035,11205.2327852402000000
1639771199999,2021-12-17 19:59,11128.97668035,11262.2659348004000000
1639785599999,2021-12-17 23:59,11128.97668035,11109.4759501280000000
1639799999999,2021-12-18 03:59,11128.97668035,11146.0443061670000000
1639814399999,2021-12-18 07:59,11128.97668035,11165.5578648752000000
1639828799999,2021-12-18 11:59,11128.97668035,11335.6627313336000000
1639843199999,2021-12-18 15:59,11128.97668035,11284.6356061370000000
1639857599999,2021-12-18 19:59,11128.97668035,11232.8908404992000000
1639871999999,2021-12-18 23:59,11128.97668035,11278.8390942512000000
1639886399999,2021-12-19 03:59,11128.97668035,11490.2540416772000000
1639900799999,2021-12-19 07:59,11128.97668035,11442.7428730046000000
1639915199999,2021-12-19 11:59,11128.97668035,11355.4773137168000000
1639929599999,2021-12-19 15:59,11128.97668035,11376.4478270120000000
1639943999999,2021-12-19 19:59,11128.97668035,11240.1756134342000000
1639958399999,2021-12-19 23:59,11128.97668035,11241.9335916962000000
1639972799999,2021-12-20 03:59,11128.97668035,11243.3760971468000000
1639987199999,2021-12-20 07:59,11128.97668035,11181.2375860586000000
1640001599999,2021-12-20 11:59,11128.97668035,11100.1803390440000000
1640015999999,2021-12-20 15:59,11128.97668035,11071.6384782752000000
1640030399999,2021-12-20 19:59,11128.97668035,11218.8920355170000000
1640044799999,2021-12-20 23:59,11128.97668035,11298.0275473904000000
1640059199999,2021-12-21 03:59,11128.97668035,11542.2926064218000000
1640073599999,2021-12-21 07:59,11128.97668035,11699.1379820438000000
1640087999999,2021-12-21 11:59,11128.97668035,11768.2891406648000000
1640102399999,2021-12-21 15:59,11128.97668035,11660.2987034006000000
1640116799999,2021-12-21 19:59,11128.97668035,11708.7755560226000000
1640131199999,2021-12-21 23:59,11128.97668035,11773.8183435272000000
1640145599999,2021-12-22 03:59,11128.97668035,11860.3012412600000000
1640159999999,2021-12-22 07:59,11128.97668035,11850.0471707948000000
1640174399999,2021-12-22 11:59,11128.97668035,11796.0001760906000000
1640188799999,2021-12-22 15:59,11128.97668035,11771.2656627632000000
1640203199999,2021-12-22 19:59,11128.97668035,11783.9592290906000000
1640217599999,2021-12-22 23:59,11128.97668035,11701.1584529504000000
1640231999999,2021-12-23 03:59,11128.97668035,11685.7339998434000000
1640246399999,2021-12-23 07:59,11128.97668035,11590.7285198240000000
1640260799999,2021-12-23 11:59,11128.97668035,11644.9537205438000000
1640275199999,2021-12-23 15:59,11128.97668035,11756.8285673102000000
1640289599999,2021-12-23 19:59,11128.97668035,12308.4628804106000000
1640303999999,2021-12-23 23:59,11128.97668035,12243.1576002614000000
1640318399999,2021-12-24 03:59,11128.97668035,12289.1973652106000000
1640332799999,2021-12-24 07:59,11128.97668035,12280.7109057650000000
1640347199999,2021-12-24 11:59,11128.97668035,12280.5013932872000000
1640361599999,2021-12-24 15:59,11128.97668035,12271.5429287192000000
1640375999999,2021-12-24 19:59,11128.97668035,12312.4147192160000000
1640390399999,2021-12-24 23:59,11128.97668035,12238.6277960000000000
1640404799999,2021-12-25 03:59,11128.97668035,12244.4411652116000000
1640419199999,2021-12-25 07:59,11128.97668035,12262.5098102798000000
1640433599999,2021-12-25 11:59,11128.97668035,12205.6283766518000000
1640447999999,2021-12-25 15:59,11128.97668035,12200.0750918954000000
1640462399999,2021-12-25 19:59,11128.97668035,12255.2804257010000000
1640476799999,2021-12-25 23:59,11128.97668035,12137.4019627604000000
1640491199999,2021-12-26 03:59,11128.97668035,11963.0249683064000000
1640505599999,2021-12-26 07:59,11128.97668035,12024.3928587866000000
1640519999999,2021-12-26 11:59,11128.97668035,11980.6842211766000000
1640534399999,2021-12-26 15:59,11128.97668035,12053.0382716996000000
1640548799999,2021-12-26 19:59,11128.97668035,12123.6391603394000000
1640563199999,2021-12-26 23:59,11128.97668035,12227.9089449806000000
1640577599999,2021-12-27 03:59,11128.97668035,12284.1473920388000000
1640591999999,2021-12-27 07:59,11128.97668035,12208.4844892802000000
1640606399999,2021-12-27 11:59,11128.97668035,12224.0462091830000000
1640620799999,2021-12-27 15:59,11128.97668035,12390.4809949958000000
1640635199999,2021-12-27 19:59,11128.97668035,12331.2563930816000000
1640649599999,2021-12-27 23:59,11128.97668035,12210.0763024736000000
1640663999999,2021-12-28 03:59,11128.97668035,11999.7498566564000000
1640678399999,2021-12-28 07:59,11128.97668035,11855.0345310422000000
1640692799999,2021-12-28 11:59,11128.97668035,11848.5950325866000000
1640707199999,2021-12-28 15:59,11128.97668035,11785.2813250712000000
1640721599999,2021-12-28 19:59,11128.97668035,11484.7344715724000000
1640735999999,2021-12-28 23:59,11128.97668035,11449.6423356356000000
1640750399999,2021-12-29 03:59,11128.97668035,11559.7616123294000000
1640764799999,2021-12-29 07:59,11128.97668035,11455.9734655682000000
1640779199999,2021-12-29 11:59,11128.97668035,11496.4117819730000000
1640793599999,2021-12-29 15:59,11128.97668035,11549.7315034784000000
1640807999999,2021-12-29 19:59,11128.97668035,11354.4875478734000000
1640822399999,2021-12-29 23:59,11128.97668035,11189.7794338604000000
1640836799999,2021-12-30 03:59,11128.97668035,11199.2532509600000000
1640851199999,2021-12-30 07:59,11128.97668035,11314.0540478474000000
1640865599999,2021-12-30 11:59,11128.97668035,11442.8295678230000000
1640879999999,2021-12-30 15:59,11128.97668035,11357.0883924254000000
1640894399999,2021-12-30 19:59,11128.97668035,11453.1607003490000000
1640908799999,2021-12-30 23:59,11128.97668035,11347.8072304778000000
1640923199999,2021-12-31 03:59,11128.97668035,11367.3087482390000000
1640937599999,2021-12-31 07:59,11128.97668035,11364.7175364446000000
1640951999999,2021-12-31 11:59,11128.97668035,11553.6809340944000000
1640966399999,2021-12-31 15:59,11128.97668035,11560.8115829078000000
1640980799999,2021-12-31 19:59,11128.97668035,11012.4451828232000000
1640995199999,2021-12-31 23:59,11128.97668035,11130.1213578542000000
1641009599999,2022-01-01 03:59,11128.97668035,11273.7144672080000000
1641023999999,2022-01-01 07:59,11128.97668035,11365.5941173862000000
1641038399999,2022-01-01 11:59,11128.97668035,11260.6307741978000000
1641052799999,2022-01-01 15:59,11128.97668035,11371.4484258176000000
1641067199999,2022-01-01 19:59,11128.97668035,11398.1167152332000000
1641081599999,2022-01-01 23:59,11128.97668035,11492.7272521910000000
1641095999999,2022-01-02 03:59,11128.97668035,11398.0420613618000000
1641110399999,2022-01-02 07:59,11128.97668035,11360.4694903430000000
1641124799999,2022-01-02 11:59,11128.97668035,11375.4123055700000000
1641139199999,2022-01-02 15:59,11128.97668035,11400.6910697018000000
1641153599999,2022-01-02 19:59,11128.97668035,11296.4670406592000000
1641167999999,2022-01-02 23:59,11128.97668035,11387.6170094492000000
1641182399999,2022-01-03 03:59,11128.97668035,11268.9125375444000000
1641196799999,2022-01-03 07:59,11128.97668035,11331.0703141478000000
1641211199999,2022-01-03 11:59,11128.97668035,11409.7290045200000000
1641225599999,2022-01-03 15:59,11128.97668035,11244.8763991430000000
1641239999999,2022-01-03 19:59,11128.97668035,11164.5777317894000000
1641254399999,2022-01-03 23:59,11128.97668035,11185.3098343340000000
1641268799999,2022-01-04 03:59,11128.97668035,11153.4904277918000000
1641283199999,2022-01-04 07:59,11128.97668035,11210.3309222000000000
1641297599999,2022-01-04 11:59,11128.97668035,11254.5862188038000000
1641311999999,2022-01-04 15:59,11128.97668035,11300.7223113290000000
1641326399999,2022-01-04 19:59,11128.97668035,11090.4897848984000000
1641340799999,2022-01-04 23:59,11128.97668035,11037.4253314694000000
1641355199999,2022-01-05 03:59,11128.97668035,11179.6385482970000000
1641369599999,2022-01-05 07:59,11128.97668035,11176.0166314394000000
1641383999999,2022-01-05 11:59,11128.97668035,11143.1400297506000000
1641398399999,2022-01-05 15:59,11128.97668035,11227.7975199182000000
1641412799999,2022-01-05 19:59,11128.97668035,10761.4275607142000000
1641427199999,2022-01-05 23:59,11128.97668035,10464.0643336022000000
1641441599999,2022-01-06 03:59,11128.97668035,10315.6885601000000000
1641455999999,2022-01-06 07:59,11128.97668035,10414.4845302350000000
1641470399999,2022-01-06 11:59,11128.97668035,10326.1256529596000000
1641484799999,2022-01-06 15:59,11128.97668035,10343.3851463894000000
1641499199999,2022-01-06 19:59,11128.97668035,10460.9264628140000000
1641513599999,2022-01-06 23:59,11128.97668035,10375.2454921514000000
1641527999999,2022-01-07 03:59,11128.97668035,10067.1899041034000000
1641542399999,2022-01-07 07:59,11128.97668035,10043.9749582874000000
1641556799999,2022-01-07 11:59,11128.97668035,10176.8853394628000000
1641571199999,2022-01-07 15:59,11128.97668035,9950.6335371434000000
1641585599999,2022-01-07 19:59,11128.97668035,10060.5119948972000000
1641599999999,2022-01-07 23:59,11128.97668035,10010.2049183312000000
1641614399999,2022-01-08 03:59,11128.97668035,10069.0682918354000000
1641628799999,2022-01-08 07:59,11128.97668035,10093.7931724052000000
1641643199999,2022-01-08 11:59,11128.97668035,10100.2085889668000000
1641657599999,2022-01-08 15:59,11128.97668035,10021.4872856702000000
1641671999999,2022-01-08 19:59,11128.97668035,9833.1042616658000000
1641686399999,2022-01-08 23:59,11128.97668035,10037.4800714756000000
1641700799999,2022-01-09 03:59,11128.97668035,10074.6023110766000000
1641715199999,2022-01-09 07:59,11128.97668035,10064.3964043994000000
1641729599999,2022-01-09 11:59,11128.97668035,10080.3169445228000000
1641743999999,2022-01-09 15:59,11128.97668035,10023.3608570234000000
1641758399999,2022-01-09 19:59,11128.97668035,10282.0365214244000000
1641772799999,2022-01-09 23:59,11128.97668035,10082.0026771028000000
1641787199999,2022-01-10 03:59,11128.97668035,10106.7998033546000000
1641801599999,2022-01-10 07:59,11128.97668035,10124.8106518772000000
1641815999999,2022-01-10 11:59,11128.97668035,10009.9303847396000000
1641830399999,2022-01-10 15:59,11128.97668035,9870.0121724102000000
1641844799999,2022-01-10 19:59,11128.97668035,9945.3451532210000000
1641859199999,2022-01-10 23:59,11128.97668035,10071.8569751606000000
1641873599999,2022-01-11 03:59,11128.97668035,10181.5475941412000000
1641887999999,2022-01-11 07:59,11128.97668035,10165.4295824870000000
1641902399999,2022-01-11 11:59,11128.97668035,10068.8467384106000000
1641916799999,2022-01-11 15:59,11128.97668035,10050.5300498342000000
1641931199999,2022-01-11 19:59,11128.97668035,10348.6927958270000000
1641945599999,2022-01-11 23:59,11128.97668035,10290.2315899526000000
1641959999999,2022-01-12 03:59,11128.97668035,10260.3050202788000000
1641974399999,2022-01-12 07:59,11128.97668035,10249.8655192298000000
1641988799999,2022-01-12 11:59,11128.97668035,10339.9920075248000000
1642003199999,2022-01-12 15:59,11128.97668035,10490.3521290926000000
1642017599999,2022-01-12 19:59,11128.97668035,10534.3786477034000000
1642031999999,2022-01-12 23:59,11128.97668035,10572.8013095804000000
1642046399999,2022-01-13 03:59,11128.97668035,10478.2244872742000000
1642060799999,2022-01-13 07:59,11128.97668035,10523.9945350106000000
1642075199999,2022-01-13 11:59,11128.97668035,10500.4713409514000000
1642089599999,2022-01-13 15:59,11128.97668035,10403.5874732000000000
1642103999999,2022-01-13 19:59,11128.97668035,10283.3393518898000000
1642118399999,2022-01-13 23:59,11128.97668035,10249.4898416834000000
1642132799999,2022-01-14 03:59,11128.97668035,10264.8444572978000000
1642147199999,2022-01-14 07:59,11128.97668035,10273.5476537894000000
1642161599999,2022-01-14 11:59,11128.97668035,10117.7209422836000000
1642175999999,2022-01-14 15:59,11128.97668035,10381.6729496600000000
1642190399999,2022-01-14 19:59,11128.97668035,10374.1907051942000000
1642204799999,2022-01-14 23:59,11128.97668035,10369.8631888424000000
1642219199999,2022-01-15 03:59,11128.97668035,10338.0750887624000000
1642233599999,2022-01-15 07:59,11128.97668035,10376.6446501928000000
1642247999999,2022-01-15 11:59,11128.97668035,10359.6596903546000000
1642262399999,2022-01-15 15:59,11128.97668035,10452.0426521174000000
1642276799999,2022-01-15 19:59,11128.97668035,10482.6579639596000000
1642291199999,2022-01-15 23:59,11128.97668035,10375.7223136526000000
1642305599999,2022-01-16 03:59,11128.97668035,10349.9378297468000000
1642319999999,2022-01-16 07:59,11128.97668035,10404.1196830574000000
1642334399999,2022-01-16 11:59,11128.97668035,10347.7873166126000000
1642348799999,2022-01-16 15:59,11128.97668035,10408.2906670982000000
1642363199999,2022-01-16 19:59,11128.97668035,10313.2297987226000000
1642377599999,2022-01-16 23:59,11128.97668035,10372.6807704404000000
1642391999999,2022-01-17 03:59,11128.97668035,10270.5109269560000000
1642406399999,2022-01-17 07:59,11128.97668035,10272.5891944082000000
1642420799999,2022-01-17 11:59,11128.97668035,10276.2689078114000000
1642435199999,2022-01-17 15:59,11128.97668035,10229.6343200804000000
1642449599999,2022-01-17 19:59,11128.97668035,10171.9943067914000000
1642463999999,2022-01-17 23:59,11128.97668035,10163.1586598828000000
1642478399999,2022-01-18 03:59,11128.97668035,10124.3675450276000000
1642492799999,2022-01-18 07:59,11128.97668035,10129.5210703436000000
1642507199999,2022-01-18 11:59,11128.97668035,10079.4788946116000000
1642521599999,2022-01-18 15:59,11128.97668035,10015.2115440938000000
1642535999999,2022-01-18 19:59,11128.97668035,10042.2651438134000000
1642550399999,2022-01-18 23:59,11128.97668035,10199.4019103528000000
1642564799999,2022-01-19 03:59,11128.97668035,10043.9027126054000000
1642579199999,2022-01-19 07:59,11128.97668035,9942.9249228740000000
1642593599999,2022-01-19 11:59,11128.97668035,10122.5517702200000000
1642607999999,2022-01-19 15:59,11128.97668035,10110.0942064538000000
1642622399999,2022-01-19 19:59,11128.97668035,10084.2109867826000000
1642636799999,2022-01-19 23:59,11128.97668035,10032.7287137894000000
1642651199999,2022-01-20 03:59,11128.97668035,10096.5361001318000000
1642665599999,2022-01-20 07:59,11128.97668035,10128.6468975914000000
1642679999999,2022-01-20 11:59,11128.97668035,10145.7763487936000000
1642694399999,2022-01-20 15:59,11128.97668035,10429.7620837886000000
1642708799999,2022-01-20 19:59,11128.97668035,10335.5127752408000000
1642723199999,2022-01-20 23:59,11128.97668035,9796.9428896354000000
1642737599999,2022-01-21 03:59,11128.97668035,9263.4663246110000000
1642751999999,2022-01-21 07:59,11128.97668035,9424.5501135770000000
1642766399999,2022-01-21 11:59,11128.97668035,9367.6277407292000000
1642780799999,2022-01-21 15:59,11128.97668035,9357.7734297044000000
1642795199999,2022-01-21 19:59,11128.97668035,9147.5047804328000000
1642809599999,2022-01-21 23:59,11128.97668035,8776.9301873714000000
1642823999999,2022-01-22 03:59,11128.97668035,8751.9644878616000000
1642838399999,2022-01-22 07:59,11128.97668035,8525.2045575788000000
1642852799999,2022-01-22 11:59,11128.97668035,8526.8276772344000000
1642867199999,2022-01-22 15:59,11128.97668035,8390.0232537992000000
1642881599999,2022-01-22 19:59,11128.97668035,8315.3549332628000000
1642895999999,2022-01-22 23:59,11128.97668035,8446.0714538948000000
1642910399999,2022-01-23 03:59,11128.97668035,8441.1539311400000000
1642924799999,2022-01-23 07:59,11128.97668035,8566.4255355386000000
1642939199999,2022-01-23 11:59,11128.97668035,8594.1437955326000000
1642953599999,2022-01-23 15:59,11128.97668035,8498.1268759652000000
1642967999999,2022-01-23 19:59,11128.97668035,8374.7962722230000000
1642982399999,2022-01-23 23:59,11128.97668035,8728.5833769770000000
1642996799999,2022-01-24 03:59,11128.97668035,8510.3315798444000000
1643011199999,2022-01-24 07:59,11128.97668035,8402.0955072614000000
1643025599999,2022-01-24 11:59,11128.97668035,8115.1115764634000000
1643039999999,2022-01-24 15:59,11128.97668035,8244.3928162130000000
1643054399999,2022-01-24 19:59,11128.97668035,8685.6814828160000000
1643068799999,2022-01-24 23:59,11128.97668035,8828.7158922290000000
1643083199999,2022-01-25 03:59,11128.97668035,8771.9163370406000000
1643097599999,2022-01-25 07:59,11128.97668035,8680.2895467494000000
1643111999999,2022-01-25 11:59,11128.97668035,8767.4635948400000000
1643126399999,2022-01-25 15:59,11128.97668035,8797.3251434000000000
1643140799999,2022-01-25 19:59,11128.97668035,8926.6762206422000000
1643155199999,2022-01-25 23:59,11128.97668035,8900.4727117808000000
1643169599999,2022-01-26 03:59,11128.97668035,9004.3716352544000000
1643183999999,2022-01-26 07:59,11128.97668035,8992.0489300946000000
1643198399999,2022-01-26 11:59,11128.97668035,9168.8533794638000000
1643212799999,2022-01-26 15:59,11128.97668035,9147.7167011000000000
1643227199999,2022-01-26 19:59,11128.97668035,9050.1609485060000000
1643241599999,2022-01-26 23:59,11128.97668035,8864.5955060996000000
1643255999999,2022-01-27 03:59,11128.97668035,8608.4508487580000000
1643270399999,2022-01-27 07:59,11128.97668035,8711.5622942978000000
1643284799999,2022-01-27 11:59,11128.97668035,8833.4431680212000000
1643299199999,2022-01-27 15:59,11128.97668035,8823.6779600042000000
1643313599999,2022-01-27 19:59,11128.97668035,8720.0704274480000000
1643327999999,2022-01-27 23:59,11128.97668035,8949.0651574940000000
1643342399999,2022-01-28 03:59,11128.97668035,8995.2373728602000000
1643356799999,2022-01-28 07:59,11128.97668035,8862.3029097908000000
1643371199999,2022-01-28 11:59,11128.97668035,8777.6454196232000000
1643385599999,2022-01-28 15:59,11128.97668035,8956.0200084812000000
1643399999999,2022-01-28 19:59,11128.97668035,8964.1789541684000000
1643414399999,2022-01-28 23:59,11128.97668035,9083.0712648464000000
1643428799999,2022-01-29 03:59,11128.97668035,9088.1694018062000000
1643443199999,2022-01-29 07:59,11128.97668035,9112.0730897906000000
1643457599999,2022-01-29 11:59,11128.97668035,9087.7696423658000000
1643471999999,2022-01-29 15:59,11128.97668035,9047.0110367708000000
1643486399999,2022-01-29 19:59,11128.97668035,9115.9286010200000000
1643500799999,2022-01-29 23:59,11128.97668035,9191.5072171496000000
1643515199999,2022-01-30 03:59,11128.97668035,9131.3723196422000000
1643529599999,2022-01-30 07:59,11128.97668035,9210.3248091212000000
1643543999999,2022-01-30 11:59,11128.97668035,9177.8238849788000000
1643558399999,2022-01-30 15:59,11128.97668035,9146.5342801046000000
1643572799999,2022-01-30 19:59,11128.97668035,9033.8984454878000000
1643587199999,2022-01-30 23:59,11128.97668035,9122.8545537344000000
1643601599999,2022-01-31 03:59,11128.97668035,8916.6942755792000000
1643615999999,2022-01-31 07:59,11128.97668035,8939.8490166602000000
1643630399999,2022-01-31 11:59,11128.97668035,8974.3655953304000000
1643644799999,2022-01-31 15:59,11128.97668035,9084.6004651154000000
1643659199999,2022-01-31 19:59,11128.97668035,9251.4590922626000000
1643673599999,2022-01-31 23:59,11128.97668035,9263.7673482860000000
1643687999999,2022-02-01 03:59,11128.976680350000,9281.117803375603024585178840
1643702399999,2022-02-01 07:59,11128.976680350000,9243.594056806489128187563740
1643716799999,2022-02-01 11:59,11128.976680350000,9239.816433874090670562401720
1643731199999,2022-02-01 15:59,11128.976680350000,9289.175610152475864497284460
1643745599999,2022-02-01 19:59,11128.976680350000,9228.522038639542258426573580
1643759999999,2022-02-01 23:59,11128.976680350000,9304.627554750561471562396580
1643774399999,2022-02-02 03:59,11128.976680350000,9270.549596636015996410393940
1643788799999,2022-02-02 07:59,11128.976680350000,9206.063096444378926651262780
1643803199999,2022-02-02 11:59,11128.976680350000,9255.431891113425860771060000
1643817599999,2022-02-02 15:59,11128.976680350000,9000.491637428671389520310360
1643831999999,2022-02-02 19:59,11128.976680350000,9033.381724296491951835374720
1643846399999,2022-02-02 23:59,11128.976680350000,8872.225588759035153593262320
1643860799999,2022-02-03 03:59,11128.976680350000,8854.063662592004249428495460
1643875199999,2022-02-03 07:59,11128.976680350000,8902.956346923295044395025920
1643889599999,2022-02-03 11:59,11128.976680350000,8845.447989156750478791350000
1643903999999,2022-02-03 15:59,11128.976680350000,8875.517482963015731880243100
1643918399999,2022-02-03 19:59,11128.976680350000,8789.348725622150850277645400
1643932799999,2022-02-03 23:59,11128.976680350000,8972.076506816225448236707820
1643947199999,2022-02-04 03:59,11128.976680350000,8968.712474682281818562868440
1643961599999,2022-02-04 07:59,11128.976680350000,9106.180918617537976406845220
1643975999999,2022-02-04 11:59,11128.976680350000,9091.919249863842717224900000
1643990399999,2022-02-04 15:59,11128.976680350000,9496.100857653823332654949940
1644004799999,2022-02-04 19:59,11128.976680350000,9793.559207258800291320158420
1644019199999,2022-02-04 23:59,11178.21055681163948587050000,9997.069926075229993833183500
1644033599999,2022-02-05 03:59,11170.28468765508420706410000,9966.675811584131009503426700
1644047999999,2022-02-05 07:59,11166.02954935631964045174000,9950.358211826488785796011380
1644062399999,2022-02-05 11:59,11169.16540945536496872000000,9962.383604751329451985340000
1644076799999,2022-02-05 15:59,11189.97395122437501042810000,10042.18017827879146108209470
1644091199999,2022-02-05 19:59,11176.37017500986023402740000,9990.012431927178133152183800
1644105599999,2022-02-05 23:59,11166.19258147504625219934000,9950.983407219501897815452580
1644119999999,2022-02-06 03:59,11170.04578289648867215704000,9965.759659873600256890322480
1644134399999,2022-02-06 07:59,11180.59835030437386100458000,10006.22663398520664987176846
1644148799999,2022-02-06 11:59,11174.93423827184507671200000,9984.505903273331877288644000
1644163199999,2022-02-06 15:59,11174.77684957261284767874000,9983.902349259307680685260380
1644177599999,2022-02-06 19:59,11187.22058955772673279844000,10031.62158992986617309222428
1644191999999,2022-02-06 23:59,11228.78939050673931965862000,10191.02958296455169272612994
1644206399999,2022-02-07 03:59,11256.26155660539437306574000,10296.37981588259193809442938
1644220799999,2022-02-07 07:59,11250.30022447949476581792000,10273.51930587730095359893904
1644235199999,2022-02-07 11:59,11250.05630334801533516478000,10272.58391738544672061600586
1644249599999,2022-02-07 15:59,11320.00711502749956637734000,10540.83121455071873769593858
1644263999999,2022-02-07 19:59,11346.16812666362636915280000,10641.15343375033430140019360
1644278399999,2022-02-07 23:59,11320.28301553611383241174000,10541.88923752351015803653138
1644292799999,2022-02-08 03:59,11341.51355967398160375882000,10623.30410527980995324514734
1644307199999,2022-02-08 07:59,11383.92887354715159777000000,10785.95830516283278528769000
1644321599999,2022-02-08 11:59,11329.58274381624605867580000,10577.55182549957732865319460
1644335999999,2022-02-08 15:59,11294.53146533663501991006000,10443.13722059942367951956522
1644350399999,2022-02-08 19:59,11267.52707600940324482490000,10339.58081753979797863781630
1644364799999,2022-02-08 23:59,11333.01206172899928808974000,10590.70257013184159647751738
1644379199999,2022-02-09 03:59,11289.13698334661563196928000,10422.45046688368597681474736
1644393599999,2022-02-09 07:59,11318.26141726390384674150000,10534.13681465014756899546050
1644407999999,2022-02-09 11:59,11312.47377704910912970170000,10511.94237819818209230529790
1644422399999,2022-02-09 15:59,11322.01617236749981268238000,10548.53554547077262581243706
1644436799999,2022-02-09 19:59,11359.37560942031338161318000,10691.80147437739268011361666
1644451199999,2022-02-09 23:59,11353.68766961658609252672000,10669.98936895423137577380464
1644465599999,2022-02-10 03:59,11316.23417557219947835692000,10526.36275039779606453833204
1644479999999,2022-02-10 07:59,11336.11155312463637219892000,10602.58849639208702998558604
1644494399999,2022-02-10 11:59,11382.61771908462334713834000,10780.93029144440810362364558
1644508799999,2022-02-10 15:59,11389.70397282973657544460000,10808.10464966148956105328020
1644523199999,2022-02-10 19:59,11353.76605044289696355922000,10670.28994366241075655238214
1644537599999,2022-02-10 23:59,11298.67812457178534101344000,10459.03882496094564022942928
1644551999999,2022-02-11 03:59,11289.16394635086657160446000,10422.55386458329968380257802
1644566399999,2022-02-11 07:59,11290.13837678356332028050000,10426.29060935538574564185350
1644580799999,2022-02-11 11:59,11290.03052476655956173978000,10425.87701855693091769053086
1644595199999,2022-02-11 15:59,11309.56177259000764910226000,10500.77542663990173761958662
1644609599999,2022-02-11 19:59,11223.38661348498373545180,10278.01830810932992509268706
1644623999999,2022-02-11 23:59,11223.38661348498373545180,10189.31270023143106971889526
1644638399999,2022-02-12 03:59,11223.38661348498373545180,10168.80869593826643052745252
1644652799999,2022-02-12 07:59,11223.38661348498373545180,10124.43905981565895751695628
1644667199999,2022-02-12 11:59,11223.38661348498373545180,10197.18775758573084611762576
1644681599999,2022-02-12 15:59,11223.38661348498373545180,10129.24585054886361492796766
1644695999999,2022-02-12 19:59,11223.38661348498373545180,10258.74305322320259452406914
1644710399999,2022-02-12 23:59,11223.38661348498373545180,10151.83464101796043919962394
1644724799999,2022-02-13 03:59,11223.38661348498373545180,10154.75141798613315027494000
1644739199999,2022-02-13 07:59,11223.38661348498373545180,10198.61127940366839348496880
1644753599999,2022-02-13 11:59,11223.38661348498373545180,10212.63729758615101813650926
1644767999999,2022-02-13 15:59,11223.38661348498373545180,10234.09592715249337068071414
1644782399999,2022-02-13 19:59,11223.38661348498373545180,10106.93839800662269106505992
1644796799999,2022-02-13 23:59,11223.38661348498373545180,10112.34874275385154507945492
1644811199999,2022-02-14 03:59,11223.38661348498373545180,10079.35044899108640568410266
1644825599999,2022-02-14 07:59,11223.38661348498373545180,10175.05103147773581053695004
1644839999999,2022-02-14 11:59,11223.38661348498373545180,10127.78866436360997691342394
1644854399999,2022-02-14 15:59,11223.38661348498373545180,10240.10742131608098625226414
1644868799999,2022-02-14 19:59,11223.38661348498373545180,10128.13492642743262357034522
1644883199999,2022-02-14 23:59,11223.38661348498373545180,10228.31767896245295459334028
1644897599999,2022-02-15 03:59,11223.38661348498373545180,10476.42887527737189455480912
1644911999999,2022-02-15 07:59,11223.38661348498373545180,10506.20019897312320191135334
1644926399999,2022-02-15 11:59,11223.38661348498373545180,10636.53660623269901264124320
1644940799999,2022-02-15 15:59,11241.77480152276730312880000,10628.20707991963201250530352
1644955199999,2022-02-15 19:59,11213.49543859932131528769000,10578.91042318054812977236490
1644969599999,2022-02-15 23:59,11304.79847748360530398272000,10711.38211316703026155326932
1644983999999,2022-02-16 03:59,11239.28056959338915415030000,10573.45439107767600987962612
1644998399999,2022-02-16 07:59,11251.59564272702847041055000,10624.65789376544988427186040
1645012799999,2022-02-16 11:59,11246.39056216691925789324000,10622.00081334514415818923530
1645027199999,2022-02-16 15:59,11128.15497237572561810659500,10483.85186827056988226255906
1645041599999,2022-02-16 19:59,11257.14787585811522701518000,10633.26635340770734977032000
1645055999999,2022-02-16 23:59,11184.50034349889383357185000,10549.96147188637560822600872
1645070399999,2022-02-17 03:59,11127.90382241966926144702500,10480.10550510782208023836910
1645084799999,2022-02-17 07:59,11172.23031098987162379768000,10560.99857517072247041537452
1645099199999,2022-02-17 11:59,11096.60343781514670415272000,10379.35286292609364325919110
1645113599999,2022-02-17 15:59,10932.47431661292638139150000,10081.51699148764338233608928
1645127999999,2022-02-17 19:59,10904.06732630223413206950,9907.467403268123866216116440
1645142399999,2022-02-17 23:59,10904.06732630223413206950,9742.531240200603175302613400
1645156799999,2022-02-18 03:59,10904.06732630223413206950,9784.919487846892170220726760
1645171199999,2022-02-18 07:59,10904.06732630223413206950,9778.626655756448654240428220
1645185599999,2022-02-18 11:59,10904.06732630223413206950,9661.554009219412558507606280
1645199999999,2022-02-18 15:59,10904.06732630223413206950,9578.136111607805369790549860
1645214399999,2022-02-18 19:59,10904.06732630223413206950,9670.657815980749643529161600
1645228799999,2022-02-18 23:59,10904.06732630223413206950,9612.379986961265863132327280
1645243199999,2022-02-19 03:59,10904.06732630223413206950,9648.612464584041139705173440
1645257599999,2022-02-19 07:59,10904.06732630223413206950,9681.937783629305445387618020
1645271999999,2022-02-19 11:59,10904.06732630223413206950,9580.663343754177603376829480
1645286399999,2022-02-19 15:59,10904.06732630223413206950,9611.295513414154657283219660
1645300799999,2022-02-19 19:59,10904.06732630223413206950,9612.432888109905434149356920
1645315199999,2022-02-19 23:59,10904.06732630223413206950,9637.563338311367102284664540
1645329599999,2022-02-20 03:59,10904.06732630223413206950,9569.133297948416556710596580
1645343999999,2022-02-20 07:59,10904.06732630223413206950,9329.166473926326118325463680
1645358399999,2022-02-20 11:59,10904.06732630223413206950,9220.322360600408750786979380
1645372799999,2022-02-20 15:59,10904.06732630223413206950,9218.170245689844384412364480
1645387199999,2022-02-20 19:59,10904.06732630223413206950,9233.122033973519501861923640
1645401599999,2022-02-20 23:59,10904.06732630223413206950,9230.638084585125099107759180
1645415999999,2022-02-21 03:59,10904.06732630223413206950,9358.649245902225220134573500
1645430399999,2022-02-21 07:59,10904.06732630223413206950,9448.778375598061622875708340
1645444799999,2022-02-21 11:59,10904.06732630223413206950,9035.971475982165496623598460
1645459199999,2022-02-21 15:59,10904.06732630223413206950,9336.692864619137813021044280
1645473599999,2022-02-21 19:59,10904.06732630223413206950,9170.119170541455855625851020
1645487999999,2022-02-21 23:59,10904.06732630223413206950,8899.108990658598970429233920
1645502399999,2022-02-22 03:59,10904.06732630223413206950,8798.813222033303192233493720
1645516799999,2022-02-22 07:59,10904.06732630223413206950,8842.240255871060127122370920
1645531199999,2022-02-22 11:59,10904.06732630223413206950,9022.060878487623754191031760
1645545599999,2022-02-22 15:59,10904.06732630223413206950,9079.872215560013135619513800
1645559999999,2022-02-22 19:59,10904.06732630223413206950,9153.313437457730317534025840
1645574399999,2022-02-22 23:59,10904.06732630223413206950,9192.991703535074015352484460
1645588799999,2022-02-23 03:59,10904.06732630223413206950,9077.652771914816587950497540
1645603199999,2022-02-23 07:59,10904.06732630223413206950,9173.956908415490189406728540
1645617599999,2022-02-23 11:59,10904.06732630223413206950,9325.864961331683799853568420
1645631999999,2022-02-23 15:59,10904.06732630223413206950,9260.844640458320149831683620
1645646399999,2022-02-23 19:59,10904.06732630223413206950,9045.224367798759554511328220
1645660799999,2022-02-23 23:59,10904.06732630223413206950,8957.264185197145563468408620
1645675199999,2022-02-24 03:59,10904.06732630223413206950,8401.051890010034150233859180
1645689599999,2022-02-24 07:59,10904.06732630223413206950,8491.262776026495344546767100
1645703999999,2022-02-24 11:59,10904.06732630223413206950,8522.563423837463341304713640
1645718399999,2022-02-24 15:59,10904.06732630223413206950,8637.440672705957239830805520
1645732799999,2022-02-24 19:59,10904.06732630223413206950,8969.284768926655359565280000
1645747199999,2022-02-24 23:59,10904.06732630223413206950,9216.287445717808743215355020
1645761599999,2022-02-25 03:59,10904.06732630223413206950,9359.637535542719024134536320
1645775999999,2022-02-25 07:59,10904.06732630223413206950,9249.718567060352190931858880
1645790399999,2022-02-25 11:59,10904.06732630223413206950,9316.751536179684974647098620
1645804799999,2022-02-25 15:59,10904.06732630223413206950,9476.876099318670138057133040
1645819199999,2022-02-25 19:59,10904.06732630223413206950,9300.191072057833811270592680
1645833599999,2022-02-25 23:59,10904.06732630223413206950,9430.767939083953126623344540
1645847999999,2022-02-26 03:59,10904.06732630223413206950,9471.925032725539377872404460
1645862399999,2022-02-26 07:59,10904.06732630223413206950,9426.158325359314143003080000
1645876799999,2022-02-26 11:59,10904.06732630223413206950,9360.803765410455021555417020
1645891199999,2022-02-26 15:59,10904.06732630223413206950,9429.923925303385425397098920
1645905599999,2022-02-26 19:59,10904.06732630223413206950,9439.172007924648613192371440
1645919999999,2022-02-26 23:59,10904.06732630223413206950,9406.132836001571078011132640
1645934399999,2022-02-27 03:59,10904.06732630223413206950,9283.519996443372635767570220
1645948799999,2022-02-27 07:59,10904.06732630223413206950,9327.793448659362706928921660
1645963199999,2022-02-27 11:59,10904.06732630223413206950,9493.438968038186736479867600
1645977599999,2022-02-27 15:59,10904.06732630223413206950,9463.917722499640673931099860
1645991999999,2022-02-27 19:59,10904.06732630223413206950,9042.983282774574091426254380
1646006399999,2022-02-27 23:59,10904.06732630223413206950,9065.245047961171749410818340
1646020799999,2022-02-28 03:59,10904.06732630223413206950,9088.023801645837942334535600
1646035199999,2022-02-28 07:59,10904.06732630223413206950,9221.185611162299932383053960
1646049599999,2022-02-28 11:59,10904.06732630223413206950,9217.836006614348912986586300
1646063999999,2022-02-28 15:59,10904.06732630223413206950,9816.895827601847414968915520
1646078399999,2022-02-28 19:59,10904.06732630223413206950,9938.202970627714627110337280
1646092799999,2022-02-28 23:59,10904.06732630223413206950,10378.37900087159244953660000
1646107199999,2022-03-01 03:59,10904.06732630223413206950,10375.42375034077277772162602
1646121599999,2022-03-01 07:59,10904.06732630223413206950,10458.44248473991774876473152
1646135999999,2022-03-01 11:59,10904.06732630223413206950,10486.57627742550778963958552
1646150399999,2022-03-01 15:59,10904.06732630223413206950,10494.68698535102020056872078
1646164799999,2022-03-01 19:59,10904.06732630223413206950,10512.91383565501785098166038
1646179199999,2022-03-01 23:59,10904.06732630223413206950,10681.64685843626047989015440
1646193599999,2022-03-02 03:59,10904.06732630223413206950,10658.43046797648510855282830
1646207999999,2022-03-02 07:59,10904.06732630223413206950,10573.89443245045062333946358
1646222399999,2022-03-02 11:59,10904.06732630223413206950,10605.19988945674949018986736
1646236799999,2022-03-02 15:59,10904.06732630223413206950,10610.78817443122053762518024
1646251199999,2022-03-02 19:59,10904.06732630223413206950,10509.29010697320723631513004
1646265599999,2022-03-02 23:59,10904.06732630223413206950,10554.63120055265046800198876
1646279999999,2022-03-03 03:59,10904.06732630223413206950,10413.43082104063911841119374
1646294399999,2022-03-03 07:59,10904.06732630223413206950,10454.61676985421059021499710
1646308799999,2022-03-03 11:59,10904.06732630223413206950,10431.81637479055548187522226
1646323199999,2022-03-03 15:59,10904.06732630223413206950,10231.05892030104890729396708
1646337599999,2022-03-03 19:59,10904.06732630223413206950,10153.96751914720132520440988
1646351999999,2022-03-03 23:59,10904.06732630223413206950,10208.61440569187818579602800
1646366399999,2022-03-04 03:59,10904.06732630223413206950,9967.178372496206934165208280
1646380799999,2022-03-04 07:59,10904.06732630223413206950,9964.062013921803114252916760
1646395199999,2022-03-04 11:59,10904.06732630223413206950,10018.18710277308056981292434
1646409599999,2022-03-04 15:59,10904.06732630223413206950,9785.482163700603971038223840
1646423999999,2022-03-04 19:59,10904.06732630223413206950,9566.137169257284489109736060
1646438399999,2022-03-04 23:59,10904.06732630223413206950,9413.813120944970615665344920
1646452799999,2022-03-05 03:59,10904.06732630223413206950,9390.238445433045422439954440
1646467199999,2022-03-05 07:59,10904.06732630223413206950,9382.089263944886050771161260
1646481599999,2022-03-05 11:59,10904.06732630223413206950,9409.227553196985982507366580
1646495999999,2022-03-05 15:59,10904.06732630223413206950,9416.542339295239393134828620
1646510399999,2022-03-05 19:59,10904.06732630223413206950,9482.356177398196608412158020
1646524799999,2022-03-05 23:59,10904.06732630223413206950,9473.759740744266318144841520
1646539199999,2022-03-06 03:59,10904.06732630223413206950,9450.334150287598097785625480
1646553599999,2022-03-06 07:59,10904.06732630223413206950,9471.261363769879305113305340
1646567999999,2022-03-06 11:59,10904.06732630223413206950,9222.363864018363105035077760
1646582399999,2022-03-06 15:59,10904.06732630223413206950,9345.029604725201118295669820
1646596799999,2022-03-06 19:59,10904.06732630223413206950,9298.873352537175405937308920
1646611199999,2022-03-06 23:59,10904.06732630223413206950,9238.794479866280775915238220
1646625599999,2022-03-07 03:59,10904.06732630223413206950,9106.214582984854067054045900
1646639999999,2022-03-07 07:59,10904.06732630223413206950,9112.416040364011051277656880
1646654399999,2022-03-07 11:59,10904.06732630223413206950,9218.653569820596828704317100
1646668799999,2022-03-07 15:59,10904.06732630223413206950,9395.254436163142928872855760
1646683199999,2022-03-07 19:59,10904.06732630223413206950,8971.434479239554290893666280
1646697599999,2022-03-07 23:59,10904.06732630223413206950,9134.721088308586540094336000
1646711999999,2022-03-08 03:59,10904.06732630223413206950,9304.935343251737157479659940
1646726399999,2022-03-08 07:59,10904.06732630223413206950,9269.328061021974992926254980
1646740799999,2022-03-08 11:59,10904.06732630223413206950,9373.990579007700815073169100
1646755199999,2022-03-08 15:59,10904.06732630223413206950,9295.910888213359428983649080
1646769599999,2022-03-08 19:59,10904.06732630223413206950,9321.529471740904411503366560
1646783999999,2022-03-08 23:59,10904.06732630223413206950,9313.293724736789378170343060
1646798399999,2022-03-09 03:59,10904.06732630223413206950,9911.341210107139725690423260
1646812799999,2022-03-09 07:59,10904.06732630223413206950,10049.21362645018897130080820
1646827199999,2022-03-09 11:59,10904.06732630223413206950,10135.91379987511499811993092
1646841599999,2022-03-09 15:59,10911.26309603778323014350000,10224.72280545262756048155338
1646855999999,2022-03-09 19:59,10894.15795381025636352900000,10148.65576290425530808538830
1646870399999,2022-03-09 23:59,10872.36549348173616747425700,10085.42927188930620255005402
1646884799999,2022-03-10 03:59,10774.34897383894969345181700,9803.321873780466579008355620
1646899199999,2022-03-10 07:59,10679.63424105164395760235,9435.512210277856472832411800
1646913599999,2022-03-10 11:59,10679.63424105164395760235,9396.432689019206101524879560
1646927999999,2022-03-10 15:59,10679.63424105164395760235,9421.238518535834038419323480
1646942399999,2022-03-10 19:59,10679.63424105164395760235,9481.598729133584568850142720
1646956799999,2022-03-10 23:59,10679.63424105164395760235,9479.540393531972169278444000
1646971199999,2022-03-11 03:59,10679.63424105164395760235,9309.528124792718095776324140
1646985599999,2022-03-11 07:59,10679.63424105164395760235,9409.828702613344744064521580
1646999999999,2022-03-11 11:59,10679.63424105164395760235,9592.960456215212429789992160
1647014399999,2022-03-11 15:59,10679.63424105164395760235,9397.365672913394899461584120
1647028799999,2022-03-11 19:59,10679.63424105164395760235,9328.192611871824924602872580
1647043199999,2022-03-11 23:59,10679.63424105164395760235,9313.038837384253263270109340
1647057599999,2022-03-12 03:59,10679.63424105164395760235,9399.452863686992519588026280
1647071999999,2022-03-12 07:59,10679.63424105164395760235,9403.312242940015768784961380
1647086399999,2022-03-12 11:59,10679.63424105164395760235,9397.101167170197044376435920
1647100799999,2022-03-12 15:59,10679.63424105164395760235,9388.175300636102152775798480
1647115199999,2022-03-12 19:59,10679.63424105164395760235,9385.299401828241837486368960
1647129599999,2022-03-12 23:59,10679.63424105164395760235,9331.744202623672487882544320
1647143999999,2022-03-13 03:59,10679.63424105164395760235,9424.734803541376595635736960
1647158399999,2022-03-13 07:59,10679.63424105164395760235,9399.652445293223628425001740
1647172799999,2022-03-13 11:59,10679.63424105164395760235,9315.816147687830741664165440
1647187199999,2022-03-13 15:59,10679.63424105164395760235,9362.676946991828922567512000
1647201599999,2022-03-13 19:59,10679.63424105164395760235,9346.570951828744982928215240
1647215999999,2022-03-13 23:59,10679.63424105164395760235,9084.065833888531856242227080
1647230399999,2022-03-14 03:59,10679.63424105164395760235,9172.244834877700436491951100
1647244799999,2022-03-14 07:59,10679.63424105164395760235,9397.043456826226603266949040
1647259199999,2022-03-14 11:59,10679.63424105164395760235,9353.452910347220085234525680
1647273599999,2022-03-14 15:59,10679.63424105164395760235,9369.469935396682928163363500
1647287999999,2022-03-14 19:59,10679.63424105164395760235,9333.100395706977853955486000
1647302399999,2022-03-14 23:59,10679.63424105164395760235,9539.503845514925917081540940
1647316799999,2022-03-15 03:59,10679.63424105164395760235,9322.378294716802982822069420
1647331199999,2022-03-15 07:59,10679.63424105164395760235,9243.288672902978877316529000
1647345599999,2022-03-15 11:59,10679.63424105164395760235,9292.705559525334512360898620
1647359999999,2022-03-15 15:59,10679.63424105164395760235,9382.180638656172582527848820
1647374399999,2022-03-15 19:59,10679.63424105164395760235,9554.975026894335004516482020
1647388799999,2022-03-15 23:59,10679.63424105164395760235,9445.474458405753869357584460
1647403199999,2022-03-16 03:59,10679.63424105164395760235,9416.539934697573958088600000
1647417599999,2022-03-16 07:59,10679.63424105164395760235,9517.773496412389404313502000
1647431999999,2022-03-16 11:59,10679.63424105164395760235,9743.949952823209852577499200
1647446399999,2022-03-16 15:59,10679.63424105164395760235,9765.608163995783313958679540
1647460799999,2022-03-16 19:59,10679.63424105164395760235,9830.171611312714305197126540
1647475199999,2022-03-16 23:59,10701.89658512528786075178000,9886.398318523581991160948000
1647489599999,2022-03-17 03:59,10690.86554212995567524138850,9862.523068303477417156980020
1647503999999,2022-03-17 07:59,10666.95064324963762526844750,9793.111952093029372721635100
1647518399999,2022-03-17 11:59,10684.22010659915386708976850,9798.512678449596486551115620
1647532799999,2022-03-17 15:59,10707.92397772338704047275600,9810.547689765098892925358720
1647547199999,2022-03-17 19:59,10733.90323823178703994760750,9828.170986055072346734914700
1647561599999,2022-03-17 23:59,10722.63651087362516448097500,9839.244158304400734617709800
1647575999999,2022-03-18 03:59,10674.07764235008612432820650,9744.091824085470520304987780
1647590399999,2022-03-18 07:59,10690.34126045407717443705450,9755.749313567499624421337540
1647604799999,2022-03-18 11:59,10682.96298154111113985621350,9712.404036050367481104233420
1647619199999,2022-03-18 15:59,10791.93002005423861492141800,9842.413418027444125547030960
1647633599999,2022-03-18 19:59,10905.39330996281557140862200,10109.71811290786560450534464
1647647999999,2022-03-18 23:59,10868.75939263234839059849850,10041.13658289199265101887362
1647662399999,2022-03-19 03:59,10877.85359693572296489614100,10049.82920345254034313533492
1647676799999,2022-03-19 07:59,10849.39604554431482896005000,10005.66636272916028410050000
1647691199999,2022-03-19 11:59,10872.98050953889038882498300,10032.54495543339323084401436
1647705599999,2022-03-19 15:59,10901.33592971300916647545800,10084.46021903013587891992016
1647719999999,2022-03-19 19:59,10892.03532979361697251083800,10107.83290833816452826210656
1647734399999,2022-03-19 23:59,10901.28985457266323352844550,10147.80934452602217181291406
1647748799999,2022-03-20 03:59,10873.81503119722852603827900,10085.58076154222861046245708
1647763199999,2022-03-20 07:59,10863.36203023034593592479650,10066.74073883354502326121938
1647777599999,2022-03-20 11:59,10817.51058464910056448128100,10000.10212373134358712747332
1647791999999,2022-03-20 15:59,10778.43345079920383014834500,9940.814363692377087314618600
1647806399999,2022-03-20 19:59,10798.05600583695241413529050,9950.127370450607021358063860
1647820799999,2022-03-20 23:59,10780.43227960813822333868850,9922.012814546340460853038820
1647835199999,2022-03-21 03:59,10744.03993720974956777546550,9818.812291941199146813125660
1647849599999,2022-03-21 07:59,10795.08673801382536670995350,9883.515205922725370732832620
1647863999999,2022-03-21 11:59,10815.65330349645478069678800,9917.725416908869773427409360
1647878399999,2022-03-21 15:59,10854.28639451149212252979800,9912.964313531308381894741760
1647892799999,2022-03-21 19:59,10822.03302835959816715832250,9902.400915987052223812414100
1647907199999,2022-03-21 23:59,10790.22490721543580208602750,9859.526939612345349556119500
1647921599999,2022-03-22 03:59,10948.44162138563439989666100,10156.30478807800419013862852
1647935999999,2022-03-22 07:59,10936.18649702095499482956900,10151.37055366853147527750028
1647950399999,2022-03-22 11:59,10998.20650032886311495702000,10335.81762219339213129002600
1647964799999,2022-03-22 15:59,10962.54560346564690343792350,10237.42389032145547466112422
1647979199999,2022-03-22 19:59,10932.85246273191195652711350,10167.83483388376523680486142
1647993599999,2022-03-22 23:59,10924.91720433061397462789550,10187.00428647261342533942006
1648007999999,2022-03-23 03:59,10891.62107145039875692986900,10117.22526681935381883109628
1648022399999,2022-03-23 07:59,10894.93495719758386583571900,10125.35280692852427508383188
1648036799999,2022-03-23 11:59,10891.74561758280043767024300,10109.01116119422770091413036
1648051199999,2022-03-23 15:59,10988.17483321465583282646300,10248.09309016299077477751116
1648065599999,2022-03-23 19:59,10911.90990220189975346344650,10151.57494447009345420693298
1648079999999,2022-03-23 23:59,11005.39107409307288359287600,10311.71393519507122789433912
1648094399999,2022-03-24 03:59,10980.94689484137028590426450,10270.86222545699522751631394
1648108799999,2022-03-24 07:59,11016.63741765571942001310900,10358.59878047572375925997188
1648123199999,2022-03-24 11:59,11019.99383717522141197235700,10332.31171879718783388869804
1648137599999,2022-03-24 15:59,11126.70538324914645629812350,10580.36760936580176778690862
1648151999999,2022-03-24 19:59,11117.18253432998207196580500,10558.31504417609695882423460
1648166399999,2022-03-24 23:59,11123.09886852379975481900100,10578.31167836185480326143852
1648180799999,2022-03-25 03:59,11142.15338859663833942430600,10572.70896580139114554875392
1648195199999,2022-03-25 07:59,11133.15424455941358951487950,10557.51431315350708843010414
1648209599999,2022-03-25 11:59,11199.64615473401141970511800,10721.10149693071871840935136
1648223999999,2022-03-25 15:59,11147.88532339140620486626350,10656.88190707994493878159702
1648238399999,2022-03-25 19:59,11149.91254573805556886565250,10687.35777789166871468312690
1648252799999,2022-03-25 23:59,11132.71200337177457668173600,10655.66758525890024043614392
1648267199999,2022-03-26 03:59,11141.98342038626483929216050,10675.11356657927345928699386
1648281599999,2022-03-26 07:59,11169.03409953948170518527450,10703.01651788898173572390034
1648295999999,2022-03-26 11:59,11150.45752328743445072346150,10660.79659207927319404179038
1648310399999,2022-03-26 15:59,11138.67019637337505280387850,10629.73399943718326686047722
1648324799999,2022-03-26 19:59,11152.82339460806673004167150,10668.73176437520884659623638
1648339199999,2022-03-26 23:59,11177.62919197357259343591450,10703.30506960883394127133474
1648353599999,2022-03-27 03:59,11187.03016671267391995484350,10751.81542291132056388751462
1648367999999,2022-03-27 07:59,11197.45054235547009148040100,10756.87710099706133619875972
1648382399999,2022-03-27 11:59,11181.90351934393826275408500,10717.30704181466221546058900
1648396799999,2022-03-27 15:59,11216.14021513563987953023200,10786.56426377452241693730224
1648411199999,2022-03-27 19:59,11219.05387682112006912770100,10780.10551444516388276722892
1648425599999,2022-03-27 23:59,11419.07026638870890515407600,11260.32771420919696508492912
1648439999999,2022-03-28 03:59,11443.68991473947182464426000,11313.62321686589932969606280
1648454399999,2022-03-28 07:59,11446.50530910445358930627400,11299.15715731064209158468488
1648468799999,2022-03-28 11:59,11482.29256353099784046181900,11362.47021384154685878424948
1648483199999,2022-03-28 15:59,11499.89163871199106972695850,11403.34116036094633953210362
1648497599999,2022-03-28 19:59,11569.70669291027076268738800,11531.69136994887280207715336
1648511999999,2022-03-28 23:59,11464.43058416064202683634350,11331.13109246793190128664502
1648526399999,2022-03-29 03:59,11505.41230882933949337872100,11382.31295377671686026282172
1648540799999,2022-03-29 07:59,11519.48930088873113736755400,11384.56846638689493362526728
1648555199999,2022-03-29 11:59,11611.21191956018727168154500,11517.22050119828469387331820
1648569599999,2022-03-29 15:59,11537.59818953449369693800000,11407.54680167779223538596000
1648583999999,2022-03-29 19:59,11572.62012256626937669926150,11470.42462603125325921814438
1648598399999,2022-03-29 23:59,11535.27360767666330596596000,11406.29641089176601134707760
1648612799999,2022-03-30 03:59,11522.03018025127946730695100,11406.45511433768472439816652
1648627199999,2022-03-30 07:59,11539.19354909315694668582400,11394.18685704863511853974728
1648641599999,2022-03-30 11:59,11535.46866464452186110368850,11378.66998831358276522646242
1648655999999,2022-03-30 15:59,11506.66670501166335489668350,11340.41283945651117972911822
1648670399999,2022-03-30 19:59,11512.27947838120785791985150,11319.51207654854975790995318
1648684799999,2022-03-30 23:59,11504.43779023211045460235650,11318.09336392594308063506738
1648699199999,2022-03-31 03:59,11515.33207169341198345452600,11324.72283968954750308737272
1648713599999,2022-03-31 07:59,11523.26096045740357893786600,11340.40081646818400449797512
1648727999999,2022-03-31 11:59,11527.71585924067621517008350,11338.29679351092833904793262
1648742399999,2022-03-31 15:59,11444.36829901233678084340350,11170.40778451025341136568422
1648756799999,2022-03-31 19:59,11375.87854117619345190615,10960.76534164696434096967814
1648771199999,2022-03-31 23:59,11375.87854117619345190615,10943.54120856945310483407308
1648785599999,2022-04-01 03:59,11375.87854117619345190615,10724.63625549890823636542276
1648799999999,2022-04-01 07:59,11375.87854117619345190615,10824.59778504870854313538478
1648814399999,2022-04-01 11:59,11375.87854117619345190615,10836.27691590972656266779212
1648828799999,2022-04-01 15:59,11375.87854117619345190615,11189.20933365629003782726400
1648843199999,2022-04-01 19:59,11375.87854117619345190615,11148.25422621860033046140816
1648857599999,2022-04-01 23:59,11375.87854117619345190615,11129.45267707256370399982838
1648871999999,2022-04-02 03:59,11375.87854117619345190615,11205.54376559759030685827966
1648886399999,2022-04-02 07:59,11375.87854117619345190615,11201.83106680215859548129038
1648900799999,2022-04-02 11:59,11375.87854117619345190615,11191.81591752562162793908808
1648915199999,2022-04-02 15:59,11375.87854117619345190615,11132.23479657147205248634172
1648929599999,2022-04-02 19:59,11375.87854117619345190615,11090.19762018433657431760688
1648943999999,2022-04-02 23:59,11375.87854117619345190615,11015.83784197842320474376200
1648958399999,2022-04-03 03:59,11375.87854117619345190615,11047.63864610380169111726150
1648972799999,2022-04-03 07:59,11375.87854117619345190615,11148.76881011900343035433284
1648987199999,2022-04-03 11:59,11375.87854117619345190615,11122.02247028636941115339258
1649001599999,2022-04-03 15:59,11375.87854117619345190615,11160.47198695667580034902638
1649015999999,2022-04-03 19:59,11375.87854117619345190615,11158.79117318853670303522100
1649030399999,2022-04-03 23:59,11375.87854117619345190615,11159.23602375664218658751570
1649044799999,2022-04-04 03:59,11375.87854117619345190615,11062.59283898514224361304928
1649059199999,2022-04-04 07:59,11375.87854117619345190615,11103.12233263604994779643938
1649073599999,2022-04-04 11:59,11375.87854117619345190615,11099.77994188109523353865758
1649087999999,2022-04-04 15:59,11375.87854117619345190615,10973.24760812823766594244456
1649102399999,2022-04-04 19:59,11375.87854117619345190615,11043.43300478695579526340512
1649116799999,2022-04-04 23:59,11375.87854117619345190615,11200.87403693131544708229962
1649131199999,2022-04-05 03:59,11375.87854117619345190615,11216.57846428427173400141684
1649145599999,2022-04-05 07:59,11375.87854117619345190615,11232.00876750336842565047138
1649159999999,2022-04-05 11:59,11375.87854117619345190615,11225.60772851798033258988494
1649174399999,2022-04-05 15:59,11315.38869394582729054365000,11004.46890421624630617484664
1649188799999,2022-04-05 19:59,11310.92278793743563617445,11069.09968026780947870769500
1649203199999,2022-04-05 23:59,11310.92278793743563617445,10940.46572815536168070766810
1649217599999,2022-04-06 03:59,11310.92278793743563617445,10872.73542571305273358612856
1649231999999,2022-04-06 07:59,11310.92278793743563617445,10887.20148526830997169750648
1649246399999,2022-04-06 11:59,11310.92278793743563617445,10777.34744092290988474300178
1649260799999,2022-04-06 15:59,11310.92278793743563617445,10620.84660646573533599949770
1649275199999,2022-04-06 19:59,11310.92278793743563617445,10521.34916426536399315165934
1649289599999,2022-04-06 23:59,11310.92278793743563617445,10380.89661462730294293796514
1649303999999,2022-04-07 03:59,11310.92278793743563617445,10410.61022797908380918502248
1649318399999,2022-04-07 07:59,11310.92278793743563617445,10446.98938605945062357781446
1649332799999,2022-04-07 11:59,11310.92278793743563617445,10524.27555962419844441188988
1649347199999,2022-04-07 15:59,11310.92278793743563617445,10419.69239336143197879052022
1649361599999,2022-04-07 19:59,11310.92278793743563617445,10433.42505062873152780216904
1649375999999,2022-04-07 23:59,11310.92278793743563617445,10446.71526192559102830775178
1649390399999,2022-04-08 03:59,11310.92278793743563617445,10485.61443835933377114813752
1649404799999,2022-04-08 07:59,11310.92278793743563617445,10523.50127917592835952627424
1649419199999,2022-04-08 11:59,11310.92278793743563617445,10411.75241187016545614361698
1649433599999,2022-04-08 15:59,11310.92278793743563617445,10495.72577154248814053948462
1649447999999,2022-04-08 19:59,11310.92278793743563617445,10275.18328746178200558914408
1649462399999,2022-04-08 23:59,11310.92278793743563617445,10160.04393744775568702413262
1649476799999,2022-04-09 03:59,11310.92278793743563617445,10190.82038296765884370424000
1649491199999,2022-04-09 07:59,11310.92278793743563617445,10215.12846076754172602935958
1649505599999,2022-04-09 11:59,11310.92278793743563617445,10206.47431376964099465255620
1649519999999,2022-04-09 15:59,11310.92278793743563617445,10162.15036500267678752040374
1649534399999,2022-04-09 19:59,11310.92278793743563617445,10222.54664456540884364465228
1649548799999,2022-04-09 23:59,11310.92278793743563617445,10280.74512186193326751594214
1649563199999,2022-04-10 03:59,11310.92278793743563617445,10288.37971944968953929181064
1649577599999,2022-04-10 07:59,11310.92278793743563617445,10251.79857516542618101581458
1649591999999,2022-04-10 11:59,11310.92278793743563617445,10263.04487844666589222707032
1649606399999,2022-04-10 15:59,11310.92278793743563617445,10279.18213337940048746733914
1649620799999,2022-04-10 19:59,11310.92278793743563617445,10396.59863738259379481085374
1649635199999,2022-04-10 23:59,11310.92278793743563617445,10137.64270559656279635830870
1649649599999,2022-04-11 03:59,11310.92278793743563617445,10126.18960691609567117139164
1649663999999,2022-04-11 07:59,11310.92278793743563617445,10172.96624530180362545673650
1649678399999,2022-04-11 11:59,11310.92278793743563617445,9875.248199148959681798837060
1649692799999,2022-04-11 15:59,11310.92278793743563617445,9758.355897436831214533161620
1649707199999,2022-04-11 19:59,11310.92278793743563617445,9614.998593818924628475294460
1649721599999,2022-04-11 23:59,11310.92278793743563617445,9505.618255213615245627827900
1649735999999,2022-04-12 03:59,11310.92278793743563617445,9557.721077428261827309566060
1649750399999,2022-04-12 07:59,11310.92278793743563617445,9662.763521845126386760602140
1649764799999,2022-04-12 11:59,11310.92278793743563617445,9709.419930347562588734516000
1649779199999,2022-04-12 15:59,11310.92278793743563617445,9661.599696575055824385950060
1649793599999,2022-04-12 19:59,11310.92278793743563617445,9450.949727289949469620152200
1649807999999,2022-04-12 23:59,11310.92278793743563617445,9636.546193498888077729958280
1649822399999,2022-04-13 03:59,11310.92278793743563617445,9636.813103839751367861335100
1649836799999,2022-04-13 07:59,11310.92278793743563617445,9649.785908244773442264740000
1649851199999,2022-04-13 11:59,11310.92278793743563617445,9551.832217745611399095675680
1649865599999,2022-04-13 15:59,11310.92278793743563617445,9897.021831009474025398991160
1649879999999,2022-04-13 19:59,11310.92278793743563617445,9873.245169293652288290396600
1649894399999,2022-04-13 23:59,11310.92278793743563617445,9894.523454035087012367454980
1649908799999,2022-04-14 03:59,11310.92278793743563617445,9935.933030431543943470520000
1649923199999,2022-04-14 07:59,11310.92278793743563617445,9924.309205316830930001370920
1649937599999,2022-04-14 11:59,11310.92278793743563617445,9839.746719216476659279491380
1649951999999,2022-04-14 15:59,11310.92278793743563617445,9609.874396193882544962105240
1649966399999,2022-04-14 19:59,11310.92278793743563617445,9564.619868130394974939476840
1649980799999,2022-04-14 23:59,11310.92278793743563617445,9604.670846845881104923371560
1649995199999,2022-04-15 03:59,11310.92278793743563617445,9666.844124083369660210570280
1650009599999,2022-04-15 07:59,11310.92278793743563617445,9676.099420497629153144528660
1650023999999,2022-04-15 11:59,11310.92278793743563617445,9671.427287233688858322320000
1650038399999,2022-04-15 15:59,11310.92278793743563617445,9717.643654363350446836396400
1650052799999,2022-04-15 19:59,11310.92278793743563617445,9693.874206440525014866487700
1650067199999,2022-04-15 23:59,11310.92278793743563617445,9751.235883749478042650217800
1650081599999,2022-04-16 03:59,11310.92278793743563617445,9722.914532445984068169531440
1650095999999,2022-04-16 07:59,11310.92278793743563617445,9713.211980865953656637049740
1650110399999,2022-04-16 11:59,11310.92278793743563617445,9718.785838254432093794990900
1650124799999,2022-04-16 15:59,11310.92278793743563617445,9633.598156761064711053670160
1650139199999,2022-04-16 19:59,11310.92278793743563617445,9669.022689568253812093700000
1650153599999,2022-04-16 23:59,11310.92278793743563617445,9709.590656781808477016748020
1650167999999,2022-04-17 03:59,11310.92278793743563617445,9674.038680298351318526601320
1650182399999,2022-04-17 07:59,11310.92278793743563617445,9687.093241023998184501779300
1650196799999,2022-04-17 11:59,11310.92278793743563617445,9730.284624290542484860251740
1650211199999,2022-04-17 15:59,11310.92278793743563617445,9725.602872635940449853128600
1650225599999,2022-04-17 19:59,11310.92278793743563617445,9707.606863707824563878136520
1650239999999,2022-04-17 23:59,11310.92278793743563617445,9541.126948939094573285859440
1650254399999,2022-04-18 03:59,11310.92278793743563617445,9573.601040410794872603372540
1650268799999,2022-04-18 07:59,11310.92278793743563617445,9358.793521762151322908290700
1650283199999,2022-04-18 11:59,11310.92278793743563617445,9377.715300791459701681301480
1650297599999,2022-04-18 15:59,11310.92278793743563617445,9439.263382635935144949059000
1650311999999,2022-04-18 19:59,11310.92278793743563617445,9782.202292484950567982386160
1650326399999,2022-04-18 23:59,11310.92278793743563617445,9811.165671365115699806114060
1650340799999,2022-04-19 03:59,11310.92278793743563617445,9785.354720024335913588106980
1650355199999,2022-04-19 07:59,11310.92278793743563617445,9782.793823510647589354626680
1650369599999,2022-04-19 11:59,11310.92278793743563617445,9783.794136139468568585732600
1650383999999,2022-04-19 15:59,11310.92278793743563617445,9966.199701246374870350159940
1650398399999,2022-04-19 19:59,11310.92278793743563617445,9959.315338130234332997620880
1650412799999,2022-04-19 23:59,11310.92278793743563617445,9977.575852801548074057761160
1650427199999,2022-04-20 03:59,11310.92278793743563617445,9951.837039390731339226612680
1650441599999,2022-04-20 07:59,11310.92278793743563617445,9940.754248750741211158903100
1650455999999,2022-04-20 11:59,11310.92278793743563617445,10121.08705067004250307426000
1650470399999,2022-04-20 15:59,11310.92278793743563617445,9921.921439835053929096351260
1650484799999,2022-04-20 19:59,11310.92278793743563617445,9905.608649272742575481393180
1650499199999,2022-04-20 23:59,11310.92278793743563617445,9945.116188915840385017619780
1650513599999,2022-04-21 03:59,11310.92278793743563617445,10025.76399001686640047930596
1650527999999,2022-04-21 07:59,11303.64921202028655694020000,10064.74492277123393489146478
1650542399999,2022-04-21 11:59,11333.15018742717219615255000,10205.24796896026912107596000
1650556799999,2022-04-21 15:59,11283.60386775418559815239000,10131.98709188745956762859446
1650571199999,2022-04-21 19:59,11169.94266525522870597375000,9911.600906655006710683114220
1650585599999,2022-04-21 23:59,11108.33703680558273588520,9733.949231132665495312668620
1650599999999,2022-04-22 03:59,11108.33703680558273588520,9739.263391973276947477918820
1650614399999,2022-04-22 07:59,11108.33703680558273588520,9789.153984335723286629326580
1650628799999,2022-04-22 11:59,11108.33703680558273588520,9759.324950296001538163295480
1650643199999,2022-04-22 15:59,11108.33703680558273588520,9482.329726823876822903643200
1650657599999,2022-04-22 19:59,11108.33703680558273588520,9498.998397840672563360437040
1650671999999,2022-04-22 23:59,11108.33703680558273588520,9548.595629287935826871953160
1650686399999,2022-04-23 03:59,11108.33703680558273588520,9489.404053155586728908243240
1650700799999,2022-04-23 07:59,11108.33703680558273588520,9522.577882547928626678284760
1650715199999,2022-04-23 11:59,11108.33703680558273588520,9523.046779092688460692865660
1650729599999,2022-04-23 15:59,11108.33703680558273588520,9568.666806001322157742244300
1650743999999,2022-04-23 19:59,11108.33703680558273588520,9559.690442916253130170805840
1650758399999,2022-04-23 23:59,11108.33703680558273588520,9484.253404956224859886539200
1650772799999,2022-04-24 03:59,11108.33703680558273588520,9564.800212955302603406623340
1650787199999,2022-04-24 07:59,11108.33703680558273588520,9558.743031436071721956729560
1650801599999,2022-04-24 11:59,11108.33703680558273588520,9524.532820449927319262152820
1650815999999,2022-04-24 15:59,11108.33703680558273588520,9535.925804188758568293354380
1650830399999,2022-04-24 19:59,11108.33703680558273588520,9547.287528157939161723583880
1650844799999,2022-04-24 23:59,11108.33703680558273588520,9486.304526764840954319552060
1650859199999,2022-04-25 03:59,11108.33703680558273588520,9439.073419420365776296998020
1650873599999,2022-04-25 07:59,11108.33703680558273588520,9246.756102736536213978199040
1650887999999,2022-04-25 11:59,11108.33703680558273588520,9337.738864603602058130493980
1650902399999,2022-04-25 15:59,11108.33703680558273588520,9372.478087076142170995367120
1650916799999,2022-04-25 19:59,11108.33703680558273588520,9672.862832039953580920806140
1650931199999,2022-04-25 23:59,11108.33703680558273588520,9720.981235922974291001720960
1650945599999,2022-04-26 03:59,11108.33703680558273588520,9747.241847027190430864479980
1650959999999,2022-04-26 07:59,11108.33703680558273588520,9759.074872138796293355519000
1650974399999,2022-04-26 11:59,11108.33703680558273588520,9730.828063362930805307919860
1650988799999,2022-04-26 15:59,11108.33703680558273588520,9273.211486251652592585476280
1651003199999,2022-04-26 19:59,11108.33703680558273588520,9202.537956266851148880105860
1651017599999,2022-04-26 23:59,11108.33703680558273588520,9164.694398208234391334084300
1651031999999,2022-04-27 03:59,11108.33703680558273588520,9220.127588189508512042461160
1651046399999,2022-04-27 07:59,11108.33703680558273588520,9405.175806130727929612141880
1651060799999,2022-04-27 11:59,11108.33703680558273588520,9382.199875437496062897677780
1651075199999,2022-04-27 15:59,11108.33703680558273588520,9379.451420305903805058365120
1651089599999,2022-04-27 19:59,11108.33703680558273588520,9343.983604740736873186220120
1651103999999,2022-04-27 23:59,11108.33703680558273588520,9434.747548220248128131710640
1651118399999,2022-04-28 03:59,11108.33703680558273588520,9460.320444392149844773084340
1651132799999,2022-04-28 07:59,11108.33703680558273588520,9470.645786767527933278778620
1651147199999,2022-04-28 11:59,11108.33703680558273588520,9541.413096061281343787065220
1651161599999,2022-04-28 15:59,11108.33703680558273588520,9483.390154394333678290464620
1651175999999,2022-04-28 19:59,11108.33703680558273588520,9614.623476583116761263629740
1651190399999,2022-04-28 23:59,11108.33703680558273588520,9556.504351009551693917884340
1651204799999,2022-04-29 03:59,11108.33703680558273588520,9506.233832215966617462354620
1651219199999,2022-04-29 07:59,11108.33703680558273588520,9524.780494009467129023700680
1651233599999,2022-04-29 11:59,11108.33703680558273588520,9317.840818922127050588663480
1651247999999,2022-04-29 15:59,11108.33703680558273588520,9379.235006516014650897789320
1651262399999,2022-04-29 19:59,11108.33703680558273588520,9217.328636506942118232347480
1651276799999,2022-04-29 23:59,11108.33703680558273588520,9280.947076941357136302946820
1651291199999,2022-04-30 03:59,11108.33703680558273588520,9295.437182473268724876610940
1651305599999,2022-04-30 07:59,11108.33703680558273588520,9293.987210081011392000753080
1651319999999,2022-04-30 11:59,11108.33703680558273588520,9277.075674700006711874868620
1651334399999,2022-04-30 15:59,11108.33703680558273588520,9249.795514185646112411174720
1651348799999,2022-04-30 19:59,11108.33703680558273588520,9249.860438322612858659347460
1651363199999,2022-04-30 23:59,11108.33703680558273588520,9048.828859699246688808029600
1651377599999,2022-05-01 03:59,11108.33703680558273588520,9147.571258232671427140081280
1651391999999,2022-05-01 07:59,11108.33703680558273588520,9130.457736647770203130992740
1651406399999,2022-05-01 11:59,11108.33703680558273588520,9123.847497665489261048516360
1651420799999,2022-05-01 15:59,11108.33703680558273588520,9255.431891113425860771060000
1651435199999,2022-05-01 19:59,11108.33703680558273588520,9091.407070561105052378203940
1651449599999,2022-05-01 23:59,11108.33703680558273588520,9250.225937167758985686097700
1651463999999,2022-05-02 03:59,11108.33703680558273588520,9299.700534134085061839954200
1651478399999,2022-05-02 07:59,11108.33703680558273588520,9349.564675922211615482847140
1651492799999,2022-05-02 11:59,11108.33703680558273588520,9264.754516262317534999419740
1651507199999,2022-05-02 15:59,11108.33703680558273588520,9304.978626009714988311775100
1651521599999,2022-05-02 19:59,11108.33703680558273588520,9273.076828782388229996673560
1651535999999,2022-05-02 23:59,11108.33703680558273588520,9263.886456505095483310887920
1651550399999,2022-05-03 03:59,11108.33703680558273588520,9263.040038126862347038413680
1651564799999,2022-05-03 07:59,11108.33703680558273588520,9272.261670173805749325171380
1651579199999,2022-05-03 11:59,11108.33703680558273588520,9274.671077034571665646248620
1651593599999,2022-05-03 15:59,11108.33703680558273588520,9216.083054916246764285922320
1651607999999,2022-05-03 19:59,11108.33703680558273588520,9069.674316860903104563936380
1651622399999,2022-05-03 23:59,11108.33703680558273588520,9072.429985785491667541934900
1651636799999,2022-05-04 03:59,11108.33703680558273588520,9140.881667527431128532060440
1651651199999,2022-05-04 07:59,11108.33703680558273588520,9306.245848979399257674257840
1651665599999,2022-05-04 11:59,11108.33703680558273588520,9378.619429513663279063262600
1651679999999,2022-05-04 15:59,11108.33703680558273588520,9371.622050307247294537978400
1651694399999,2022-05-04 19:59,11108.33703680558273588520,9584.674212660123260486167640
1651708799999,2022-05-04 23:59,11108.33703680558273588520,9543.983610965631408205460000
1651723199999,2022-05-05 03:59,11108.33703680558273588520,9553.460130365110925392451420
1651737599999,2022-05-05 07:59,11108.33703680558273588520,9519.658700982090480556740080
1651751999999,2022-05-05 11:59,11108.33703680558273588520,9496.572158796248601715759460
1651766399999,2022-05-05 15:59,11108.33703680558273588520,8875.426108251729200123555540
1651780799999,2022-05-05 19:59,11108.33703680558273588520,8732.672358647846810669072000
1651795199999,2022-05-05 23:59,11108.33703680558273588520,8789.654109525661101148680140
1651809599999,2022-05-06 03:59,11108.33703680558273588520,8767.736201805220654774808840
1651823999999,2022-05-06 07:59,11108.33703680558273588520,8746.123677988290459271972280
1651838399999,2022-05-06 11:59,11108.33703680558273588520,8603.987909984424876698244080
1651852799999,2022-05-06 15:59,11108.33703680558273588520,8657.730667806898159907901080
1651867199999,2022-05-06 19:59,11108.33703680558273588520,8657.011693104933081085543700
1651881599999,2022-05-06 23:59,11108.33703680558273588520,8659.998203405403408501489740
1651895999999,2022-05-07 03:59,11108.33703680558273588520,8611.531132860894616717425020
1651910399999,2022-05-07 07:59,11108.33703680558273588520,8637.835026723088587412299200
1651924799999,2022-05-07 11:59,11108.33703680558273588520,8670.119154979219518077751320
1651939199999,2022-05-07 15:59,11108.33703680558273588520,8647.662617381721621348669140
1651953599999,2022-05-07 19:59,11108.33703680558273588520,8626.956626884660438274022320
1651967999999,2022-05-07 23:59,11108.33703680558273588520,8529.818094994080875776460180
1651982399999,2022-05-08 03:59,11108.33703680558273588520,8291.245937617942764203926880
1651996799999,2022-05-08 07:59,11108.33703680558273588520,8319.213813064617786889006100
1652011199999,2022-05-08 11:59,11108.33703680558273588520,8364.826626180255178799698880
1652025599999,2022-05-08 15:59,11108.33703680558273588520,8261.832898974341278735447040
1652039999999,2022-05-08 19:59,11108.33703680558273588520,8317.071316544715160699305680
1652054399999,2022-05-08 23:59,11108.33703680558273588520,8185.001194368360681638580800
1652068799999,2022-05-09 03:59,11108.33703680558273588520,8070.722690318560109623415300
1652083199999,2022-05-09 07:59,11108.33703680558273588520,8061.133154828805145263678740
1652097599999,2022-05-09 11:59,11108.33703680558273588520,7964.718406835521531680931220
1652111999999,2022-05-09 15:59,11108.33703680558273588520,7776.972230313683992242738860
1652126399999,2022-05-09 19:59,11108.33703680558273588520,7441.119669784705650445154840
1652140799999,2022-05-09 23:59,11108.33703680558273588520,7232.277957944006450443279220
1652155199999,2022-05-10 03:59,11108.33703680558273588520,7368.435896151600508092658100
1652169599999,2022-05-10 07:59,11108.33703680558273588520,7601.015796145474484463470360
1652183999999,2022-05-10 11:59,11108.33703680558273588520,7604.011924836606552064330880
1652198399999,2022-05-10 15:59,11108.33703680558273588520,7531.335364996497714850520000
1652212799999,2022-05-10 19:59,11108.33703680558273588520,7533.747176454929066217825860
1652227199999,2022-05-10 23:59,11108.33703680558273588520,7458.500101710470164585620200
1652241599999,2022-05-11 03:59,11108.33703680558273588520,7503.913333219876447659337520
1652255999999,2022-05-11 07:59,11108.33703680558273588520,7361.808824985661520686581380
1652270399999,2022-05-11 11:59,11108.33703680558273588520,7582.589364235245725213555300
1652284799999,2022-05-11 15:59,11108.33703680558273588520,7449.004345529667167028799820
1652299199999,2022-05-11 19:59,11108.33703680558273588520,7062.972640918390280532373640
1652313599999,2022-05-11 23:59,11108.33703680558273588520,6998.462094750098860310956280
1652327999999,2022-05-12 03:59,11108.33703680558273588520,6830.671674253706769524081300
1652342399999,2022-05-12 07:59,11108.33703680558273588520,6779.513858921576161010190800
1652356799999,2022-05-12 11:59,11108.33703680558273588520,6846.741600451809183469948760
1652371199999,2022-05-12 15:59,11108.33703680558273588520,6978.583285849947333138954740
1652385599999,2022-05-12 19:59,11108.33703680558273588520,6887.179719391430355896651300
1652399999999,2022-05-12 23:59,11108.33703680558273588520,6980.622384670236252340824500
1652414399999,2022-05-13 03:59,11108.33703680558273588520,7354.005905561324795674709480
1652428799999,2022-05-13 07:59,11108.33703680558273588520,7255.078353007661558783054060
1652443199999,2022-05-13 11:59,11108.33703680558273588520,7374.574833991456181114324960
1652457599999,2022-05-13 15:59,11108.33703680558273588520,7295.682389186197749399531380
1652471999999,2022-05-13 19:59,11108.33703680558273588520,7234.153544123045786501602820
1652486399999,2022-05-13 23:59,11108.33703680558273588520,7042.492682601879991803217100
1652500799999,2022-05-14 03:59,11108.33703680558273588520,7110.504322971044839333505180
1652515199999,2022-05-14 07:59,11108.33703680558273588520,7077.248737258078149991690580
1652529599999,2022-05-14 11:59,11108.33703680558273588520,6991.320439683756773011954880
1652543999999,2022-05-14 15:59,11108.33703680558273588520,6929.719456690641758727167720
1652558399999,2022-05-14 19:59,11108.33703680558273588520,7054.931666325175485943868360
1652572799999,2022-05-14 23:59,11108.33703680558273588520,7234.785953309055203659729880
1652587199999,2022-05-15 03:59,11108.33703680558273588520,7146.996497141687100899042300
1652601599999,2022-05-15 07:59,11108.33703680558273588520,7172.086069182836373248463380
1652615999999,2022-05-15 11:59,11108.33703680558273588520,7271.989888388666238908938520
1652630399999,2022-05-15 15:59,11108.33703680558273588520,7217.167466214412619942631140
1652644799999,2022-05-15 19:59,11108.33703680558273588520,7324.030191064011509388732560
1652659199999,2022-05-15 23:59,11108.33703680558273588520,7533.473052321069470947763180
1652673599999,2022-05-16 03:59,11108.33703680558273588520,7291.652283498928611920364260
1652687999999,2022-05-16 07:59,11108.33703680558273588520,7116.275357368088950282193180
1652702399999,2022-05-16 11:59,11108.33703680558273588520,7202.133921610112710921298900
1652716799999,2022-05-16 15:59,11108.33703680558273588520,7136.154166268240477454194720
1652731199999,2022-05-16 19:59,11108.33703680558273588520,7112.141853981206105815195400
1652745599999,2022-05-16 23:59,11108.33703680558273588520,7183.632947172255465238296620
1652759999999,2022-05-17 03:59,11108.33703680558273588520,7301.357239676624458499074580
1652774399999,2022-05-17 07:59,11108.33703680558273588520,7313.012324560988127569195720
1652788799999,2022-05-17 11:59,11108.33703680558273588520,7290.748154776725034538403140
1652803199999,2022-05-17 15:59,11108.33703680558273588520,7250.896757667470013391483880
1652817599999,2022-05-17 19:59,11108.33703680558273588520,7237.274711892780476506351580
1652831999999,2022-05-17 23:59,11108.33703680558273588520,7320.916237087273124522669660
1652846399999,2022-05-18 03:59,11108.33703680558273588520,7173.386956519836733258146800
1652860799999,2022-05-18 07:59,11108.33703680558273588520,7192.347209111792072770815500
1652875199999,2022-05-18 11:59,11108.33703680558273588520,7173.911158810901573335985960
1652889599999,2022-05-18 15:59,11108.33703680558273588520,6969.859405519748985421521380
1652903999999,2022-05-18 19:59,11108.33703680558273588520,7039.967855053173193263166100
1652918399999,2022-05-18 23:59,11108.33703680558273588520,6905.014620275962093774325840
1652932799999,2022-05-19 03:59,11108.33703680558273588520,7020.786379475997829497464360
1652947199999,2022-05-19 07:59,11108.33703680558273588520,7019.668241561570533001156060
1652961599999,2022-05-19 11:59,11108.33703680558273588520,7093.746681840628002166252400
1652975999999,2022-05-19 15:59,11108.33703680558273588520,7307.575529239439488046285900
1652990399999,2022-05-19 19:59,11108.33703680558273588520,7206.089484769753361967378800
1653004799999,2022-05-19 23:59,11108.33703680558273588520,7290.690444432754593428916260
1653019199999,2022-05-20 03:59,11108.33703680558273588520,7256.016146097181226812215860
1653033599999,2022-05-20 07:59,11108.33703680558273588520,7275.664113621450989546269880
1653047999999,2022-05-20 11:59,11108.33703680558273588520,7313.495648691740571861148340
1653062399999,2022-05-20 15:59,11108.33703680558273588520,7010.235004920068846646279800
1653076799999,2022-05-20 19:59,11108.33703680558273588520,7043.574751551325762606096100
1653091199999,2022-05-20 23:59,11108.33703680558273588520,7021.803524288476854052170620
1653105599999,2022-05-21 03:59,11108.33703680558273588520,7035.550609141769013341191160
1653119999999,2022-05-21 07:59,11108.33703680558273588520,7075.226470621447276113421160
1653134399999,2022-05-21 11:59,11108.33703680558273588520,7042.721119380096321194936000
1653148799999,2022-05-21 15:59,11108.33703680558273588520,7106.315513837856988803249140
1653163199999,2022-05-21 19:59,11108.33703680558273588520,7085.116580819381621251735220
1653177599999,2022-05-21 23:59,11108.33703680558273588520,7080.487730313419157261641720
1653191999999,2022-05-22 03:59,11108.33703680558273588520,7060.875831754130920221017000
1653206399999,2022-05-22 07:59,11108.33703680558273588520,7079.699022279156462098654360
1653220799999,2022-05-22 11:59,11108.33703680558273588520,7189.286156283693258921782240
1653235199999,2022-05-22 15:59,11108.33703680558273588520,7176.419154175950326552436620
1653249599999,2022-05-22 19:59,11108.33703680558273588520,7198.541452697952751855740620
1653263999999,2022-05-22 23:59,11108.33703680558273588520,7284.609216936869361516736280
1653278399999,2022-05-23 03:59,11108.33703680558273588520,7255.124040363304824661397840
1653292799999,2022-05-23 07:59,11108.33703680558273588520,7323.820991067118660366842620
1653307199999,2022-05-23 11:59,11108.33703680558273588520,7309.417451051162733457408820
1653321599999,2022-05-23 15:59,11108.33703680558273588520,7303.747409756066894450322860
1653335999999,2022-05-23 19:59,11108.33703680558273588520,6995.086039627828055405973800
1653350399999,2022-05-23 23:59,11108.33703680558273588520,6999.714890133790519396067300
1653364799999,2022-05-24 03:59,11108.33703680558273588520,7045.587399797294896299451040
1653379199999,2022-05-24 07:59,11108.33703680558273588520,7070.746705170741784989502100
1653393599999,2022-05-24 11:59,11108.33703680558273588520,7044.582277973143046975887880
1653407999999,2022-05-24 15:59,11108.33703680558273588520,7065.398879962814242177051220
1653422399999,2022-05-24 19:59,11108.33703680558273588520,7067.637560389334270215896440
1653436799999,2022-05-24 23:59,11108.33703680558273588520,7130.868860599614245843687960
1653451199999,2022-05-25 03:59,11108.33703680558273588520,7261.561148313674443415413580
1653465599999,2022-05-25 07:59,11108.33703680558273588520,7142.141614455173742563458520
1653479999999,2022-05-25 11:59,11108.33703680558273588520,7071.819155729525815607466620
1653494399999,2022-05-25 15:59,11108.33703680558273588520,7124.804465287387059255108320
1653508799999,2022-05-25 19:59,11108.33703680558273588520,7117.528152751780609367304200
1653523199999,2022-05-25 23:59,11108.33703680558273588520,7103.833969047128021095313300
1653537599999,2022-05-26 03:59,11108.33703680558273588520,7174.772004775127319885831920
1653551999999,2022-05-26 07:59,11108.33703680558273588520,7149.894037328536331604529400
1653566399999,2022-05-26 11:59,11108.33703680558273588520,6973.083970989097382414100800
1653580799999,2022-05-26 15:59,11108.33703680558273588520,7067.993440843818657057732200
1653595199999,2022-05-26 19:59,11108.33703680558273588520,7064.785707558128305388753120
1653609599999,2022-05-26 23:59,11108.33703680558273588520,7021.885280609101645623943700
1653623999999,2022-05-27 03:59,11108.33703680558273588520,6978.280306544102517314148620
1653638399999,2022-05-27 07:59,11108.33703680558273588520,6971.783083652097022404417380
1653652799999,2022-05-27 11:59,11108.33703680558273588520,6952.539088535620347436771520
1653667199999,2022-05-27 15:59,11108.33703680558273588520,6937.507948528985873461667900
1653681599999,2022-05-27 19:59,11108.33703680558273588520,6944.613534630346435067240000
1653695999999,2022-05-27 23:59,11108.33703680558273588520,6884.450501041161578427167600
1653710399999,2022-05-28 03:59,11108.33703680558273588520,6929.993580824501353997230400
1653724799999,2022-05-28 07:59,11108.33703680558273588520,6945.988964494975281510010640
1653739199999,2022-05-28 11:59,11108.33703680558273588520,6932.114435965415064770873240
1653753599999,2022-05-28 15:59,11108.33703680558273588520,6970.633685968019070307137020
1653767999999,2022-05-28 19:59,11108.33703680558273588520,6978.234619188459251435804840
1653782399999,2022-05-28 23:59,11108.33703680558273588520,6981.002311101374989644946460
1653796799999,2022-05-29 03:59,11108.33703680558273588520,6969.698297476164837324203840
1653811199999,2022-05-29 07:59,11108.33703680558273588520,6975.476545666205253411577700
1653825599999,2022-05-29 11:59,11108.33703680558273588520,7024.891027690895453409718700
1653839999999,2022-05-29 15:59,11108.33703680558273588520,7025.403206993633118256414760
1653854399999,2022-05-29 19:59,11108.33703680558273588520,7003.865225704331409186665420
1653868799999,2022-05-29 23:59,11108.33703680558273588520,7086.027923334581503772382200
1653883199999,2022-05-30 03:59,11108.33703680558273588520,7298.827602932586789866566340
1653897599999,2022-05-30 07:59,11108.33703680558273588520,7366.889739852725773367655440
1653911999999,2022-05-30 11:59,11108.33703680558273588520,7373.923188024123283586368940
1653926399999,2022-05-30 15:59,11108.33703680558273588520,7366.399201928977023937016960
1653940799999,2022-05-30 19:59,11108.33703680558273588520,7368.570553620864870681460820
1653955199999,2022-05-30 23:59,11108.33703680558273588520,7630.938609494148199732417640
1653969599999,2022-05-31 03:59,11108.33703680558273588520,7640.220356482727478174890840
1653983999999,2022-05-31 07:59,11108.33703680558273588520,7592.356839952242882994209740
1653998399999,2022-05-31 11:59,11108.33703680558273588520,7638.820880641444281269834000
1654012799999,2022-05-31 15:59,11108.33703680558273588520,7708.922116381872183972792860
1654027199999,2022-05-31 19:59,11108.33703680558273588520,7604.846320226512513105662020
1654041599999,2022-05-31 23:59,11108.33703680558273588520,7647.006131094585178632056480
1654055999999,2022-06-01 03:59,11108.33703680558273588520,7605.228651255316685456012600
1654070399999,2022-06-01 07:59,11108.33703680558273588520,7570.393244876159170741994660
1654084799999,2022-06-01 11:59,11108.33703680558273588520,7600.866711090217511597295920
1654099199999,2022-06-01 15:59,11108.33703680558273588520,7392.491491196612710563772580
1654113599999,2022-06-01 19:59,11108.33703680558273588520,7244.399534775464518481752640
1654127999999,2022-06-01 23:59,11108.33703680558273588520,7167.238400289319320051565460
1654142399999,2022-06-02 03:59,11108.33703680558273588520,7149.033191364310585054683440
1654156799999,2022-06-02 07:59,11108.33703680558273588520,7206.296280168980775943040120
1654171199999,2022-06-02 11:59,11108.33703680558273588520,7255.689120814682060525123540
1654185599999,2022-06-02 15:59,11108.33703680558273588520,7265.081479295871351094113260
1654199999999,2022-06-02 19:59,11108.33703680558273588520,7284.385589353983902217474620
1654214399999,2022-06-02 23:59,11108.33703680558273588520,7322.765372691992675072478440
1654228799999,2022-06-03 03:59,11108.33703680558273588520,7341.362531036467322604625520
1654243199999,2022-06-03 07:59,11108.33703680558273588520,7320.630089965086354021463880
1654257599999,2022-06-03 11:59,11108.33703680558273588520,7155.782897011186759818419780
1654271999999,2022-06-03 15:59,11108.33703680558273588520,7095.199058830550770088338880
1654286399999,2022-06-03 19:59,11108.33703680558273588520,7111.136732157054256491632240
1654300799999,2022-06-03 23:59,11108.33703680558273588520,7141.841039746994361784881020
1654315199999,2022-06-04 03:59,11108.33703680558273588520,7108.155031051914799168143440
1654329599999,2022-06-04 07:59,11108.33703680558273588520,7142.021384571901990252027520
1654343999999,2022-06-04 11:59,11108.33703680558273588520,7137.387724870608656169476780
1654358399999,2022-06-04 15:59,11108.33703680558273588520,7179.975554123128759924565600
1654372799999,2022-06-04 19:59,11108.33703680558273588520,7131.068442205845354680663420
1654387199999,2022-06-04 23:59,11108.33703680558273588520,7181.235563299816724148362480
1654401599999,2022-06-05 03:59,11108.33703680558273588520,7157.889324566107860314690900
1654415999999,2022-06-05 07:59,11108.33703680558273588520,7128.726364079711619653987540
1654430399999,2022-06-05 11:59,11108.33703680558273588520,7146.284736232718327215370780
1654444799999,2022-06-05 15:59,11108.33703680558273588520,7207.248500844493054249573640
1654459199999,2022-06-05 19:59,11108.33703680558273588520,7225.917797118930753168579320
1654473599999,2022-06-05 23:59,11108.33703680558273588520,7194.501728620021874191659020
1654487999999,2022-06-06 03:59,11108.33703680558273588520,7514.743641104995895873042000
1654502399999,2022-06-06 07:59,11108.33703680558273588520,7524.787645553518083969987740
1654516799999,2022-06-06 11:59,11108.33703680558273588520,7549.781033688049954470264020
1654531199999,2022-06-06 15:59,11108.33703680558273588520,7584.577966504560508444624040
1654545599999,2022-06-06 19:59,11108.33703680558273588520,7567.577461009934731608280640
1654559999999,2022-06-06 23:59,11108.33703680558273588520,7544.103778599957810324492200
1654574399999,2022-06-07 03:59,11108.33703680558273588520,7108.996640234817065348160440
1654588799999,2022-06-07 07:59,11108.33703680558273588520,7114.166525215502414739693440
1654603199999,2022-06-07 11:59,11108.33703680558273588520,7098.868474868004650633213000
1654617599999,2022-06-07 15:59,11108.33703680558273588520,7187.759236766142004566608540
1654631999999,2022-06-07 19:59,11108.33703680558273588520,7468.746092362888896565770020
1654646399999,2022-06-07 23:59,11108.33703680558273588520,7484.525062243473669917974460
1654660799999,2022-06-08 03:59,11108.33703680558273588520,7220.353558121114056195552640
1654675199999,2022-06-08 07:59,11108.33703680558273588520,7349.011556210216204657865740
1654689599999,2022-06-08 11:59,11108.33703680558273588520,7312.721368243470486975532700
1654703999999,2022-06-08 15:59,11108.33703680558273588520,7328.572476054018311714595740
1654718399999,2022-06-08 19:59,11108.33703680558273588520,7247.626504842478350520560680
1654732799999,2022-06-08 23:59,11108.33703680558273588520,7263.167419554185054296131740
1654747199999,2022-06-09 03:59,11108.33703680558273588520,7284.501010041924784436448380
1654761599999,2022-06-09 07:59,11108.33703680558273588520,7331.162227739691856502819480
1654775999999,2022-06-09 11:59,11108.33703680558273588520,7285.938959445854942081163140
1654790399999,2022-06-09 15:59,11108.33703680558273588520,7286.605032999180449886490880
1654804799999,2022-06-09 19:59,11108.33703680558273588520,7218.045144362296411816077440
1654819199999,2022-06-09 23:59,11108.33703680558273588520,7240.362215295199075863899660
1654833599999,2022-06-10 03:59,11108.33703680558273588520,7241.432261256317671435635560
1654847999999,2022-06-10 07:59,11108.33703680558273588520,7226.535778718947560049334660
1654862399999,2022-06-10 11:59,11108.33703680558273588520,7218.872325959206067718722720
1654876799999,2022-06-10 15:59,11108.33703680558273588520,7082.764884302586146040144860
1654891199999,2022-06-10 19:59,11108.33703680558273588520,6968.664320480027767445897240
1654905599999,2022-06-10 23:59,11108.33703680558273588520,6995.562149965584194559240560
1654919999999,2022-06-11 03:59,11108.33703680558273588520,7038.977160815013954216974660
1654934399999,2022-06-11 07:59,11108.33703680558273588520,7052.058172114980605700667460
1654948799999,2022-06-11 11:59,11108.33703680558273588520,6909.508813312660195175616620
1654963199999,2022-06-11 15:59,11108.33703680558273588520,6830.524993796115231704135480
1654977599999,2022-06-11 19:59,11108.33703680558273588520,6876.149829900079798845971360
1654991999999,2022-06-11 23:59,11108.33703680558273588520,6835.132202923088780278171400
1655006399999,2022-06-12 03:59,11108.33703680558273588520,6625.578730173420806592624260
1655020799999,2022-06-12 07:59,11108.33703680558273588520,6647.859732141341944947017180
1655035199999,2022-06-12 11:59,11108.33703680558273588520,6602.533066147891323537530180
1655049599999,2022-06-12 15:59,11108.33703680558273588520,6755.713151229100073439310040
1655063999999,2022-06-12 19:59,11108.33703680558273588520,6594.674840977249592462400020
1655078399999,2022-06-12 23:59,11108.33703680558273588520,6390.240756657292832197584860
1655092799999,2022-06-13 03:59,11108.33703680558273588520,6136.680742032498077482063100
1655107199999,2022-06-13 07:59,11108.33703680558273588520,5966.324615827086792369250580
1655121599999,2022-06-13 11:59,11108.33703680558273588520,5706.108674864367829692908660
1655135999999,2022-06-13 15:59,11108.33703680558273588520,5596.004552361762497930627480
1655150399999,2022-06-13 19:59,11108.33703680558273588520,5583.183237609662831439625640
1655164799999,2022-06-13 23:59,11108.33703680558273588520,5407.452835622004218005847420
1655179199999,2022-06-14 03:59,11108.33703680558273588520,5321.007549549614306086958420
1655193599999,2022-06-14 07:59,11108.33703680558273588520,5501.258595148290806430542240
1655207999999,2022-06-14 11:59,11108.33703680558273588520,5288.942239681037964628310720
1655222399999,2022-06-14 15:59,11108.33703680558273588520,5453.854356771904305079527560
1655236799999,2022-06-14 19:59,11108.33703680558273588520,5337.447783788193717152033360
1655251199999,2022-06-14 23:59,11108.33703680558273588520,5323.051457565234095381285420
1655265599999,2022-06-15 03:59,11108.33703680558273588520,5159.392135858059414015179600
1655279999999,2022-06-15 07:59,11108.33703680558273588520,4983.163982153655746012077040
1655294399999,2022-06-15 11:59,11108.33703680558273588520,5092.359166738726630299939860
1655308799999,2022-06-15 15:59,11108.33703680558273588520,5150.567262425912794356144200
1655323199999,2022-06-15 19:59,11108.33703680558273588520,5201.770765113686668748378480
1655337599999,2022-06-15 23:59,11108.33703680558273588520,5430.611515737809148233686640
1655351999999,2022-06-16 03:59,11108.33703680558273588520,5341.136436606971078066736440
1655366399999,2022-06-16 07:59,11108.33703680558273588520,5233.542714067079934567134540
1655380799999,2022-06-16 11:59,11108.33703680558273588520,5060.503056867043137863182100
1655395199999,2022-06-16 15:59,11108.33703680558273588520,5067.769751011987847566071740
1655409599999,2022-06-16 19:59,11108.33703680558273588520,5019.848524137532811275903760
1655423999999,2022-06-16 23:59,11108.33703680558273588520,4905.829716635599224253429220
1655438399999,2022-06-17 03:59,11108.33703680558273588520,4901.518273021474186365513560
1655452799999,2022-06-17 07:59,11108.33703680558273588520,5073.990445172468312159511680
1655467199999,2022-06-17 11:59,11108.33703680558273588520,5043.067319194973617659458480
1655481599999,2022-06-17 15:59,11108.33703680558273588520,4968.923954778949402246189400
1655495999999,2022-06-17 19:59,11108.33703680558273588520,4933.309458756190932554098580
1655510399999,2022-06-17 23:59,11108.33703680558273588520,4922.060750877285786296614220
1655524799999,2022-06-18 03:59,11108.33703680558273588520,4919.858139415747283951198300
1655539199999,2022-06-18 07:59,11108.33703680558273588520,4631.049127613340186570335960
1655553599999,2022-06-18 11:59,11108.33703680558273588520,4627.538415021805019076550760
1655567999999,2022-06-18 15:59,11108.33703680558273588520,4557.752181575549107429541120
1655582399999,2022-06-18 19:59,11108.33703680558273588520,4344.666354855357050834151200
1655596799999,2022-06-18 23:59,11108.33703680558273588520,4561.847211399784991156880980
1655611199999,2022-06-19 03:59,11108.33703680558273588520,4403.215903411034991454819580
1655625599999,2022-06-19 07:59,11108.33703680558273588520,4402.215590782214012223713660
1655639999999,2022-06-19 11:59,11108.33703680558273588520,4735.389429511897712522615000
1655654399999,2022-06-19 15:59,11108.33703680558273588520,4767.243134785915769913144140
1655668799999,2022-06-19 19:59,11108.33703680558273588520,4839.167055556743437657396960
1655683199999,2022-06-19 23:59,11108.33703680558273588520,4947.354713719997037575468000
1655697599999,2022-06-20 03:59,11108.33703680558273588520,4804.639437678761608860642380
1655711999999,2022-06-20 07:59,11108.33703680558273588520,4830.161837299689189531215060
1655726399999,2022-06-20 11:59,11108.33703680558273588520,5002.129043940941955617202980
1655740799999,2022-06-20 15:59,11108.33703680558273588520,5007.647595583115386711885880
1655755199999,2022-06-20 19:59,11108.33703680558273588520,4826.838683326057955643262220
1655769599999,2022-06-20 23:59,11108.33703680558273588520,4947.328263145677252066953180
1655783999999,2022-06-21 03:59,11108.33703680558273588520,4956.982722772398962674862480
1655798399999,2022-06-21 07:59,11108.33703680558273588520,5078.713074987382742952521360
1655812799999,2022-06-21 11:59,11108.33703680558273588520,5040.754096240825103187526040
1655827199999,2022-06-21 15:59,11108.33703680558273588520,5144.096490108227084954927780
1655841599999,2022-06-21 19:59,11108.33703680558273588520,5023.012974665245332112767680
1655855999999,2022-06-21 23:59,11108.33703680558273588520,4983.308258013581848785794240
1655870399999,2022-06-22 03:59,11108.33703680558273588520,4885.768158312874633568052560
1655884799999,2022-06-22 07:59,11108.33703680558273588520,4833.285409667089314582192440
1655899199999,2022-06-22 11:59,11108.33703680558273588520,4931.075587525001774607710600
1655913599999,2022-06-22 15:59,11108.33703680558273588520,4828.591635024160104343926200
1655927999999,2022-06-22 19:59,11108.33703680558273588520,4837.546356730240216499307080
1655942399999,2022-06-22 23:59,11108.33703680558273588520,4806.442885927837893532107380
1655956799999,2022-06-23 03:59,11108.33703680558273588520,4860.738701213361237374346980
1655971199999,2022-06-23 07:59,11108.33703680558273588520,4920.382341706812124029037460
1655985599999,2022-06-23 11:59,11108.33703680558273588520,4962.934101994350702090696980
1655999999999,2022-06-23 15:59,11108.33703680558273588520,4893.951004168350095884046420
1656014399999,2022-06-23 19:59,11108.33703680558273588520,5028.163622864607201134471720
1656028799999,2022-06-23 23:59,11108.33703680558273588520,5076.272408356966171030472060
1656043199999,2022-06-24 03:59,11108.33703680558273588520,5067.519672854782602758295260
1656057599999,2022-06-24 07:59,11108.33703680558273588520,5029.043705610156428054146640
1656071999999,2022-06-24 11:59,11108.33703680558273588520,5090.555718489650345628474860
1656086399999,2022-06-24 15:59,11108.33703680558273588520,5021.938119508795866448574540
1656100799999,2022-06-24 19:59,11108.33703680558273588520,5110.773575660628214318711820
1656115199999,2022-06-24 23:59,11108.33703680558273588520,5106.945456177255620722748780
1656129599999,2022-06-25 03:59,11108.33703680558273588520,5122.077589285838366639454440
1656143999999,2022-06-25 07:59,11108.33703680558273588520,5171.975395441281010929548060
1656158399999,2022-06-25 11:59,11108.33703680558273588520,5131.599796040961149704789640
1656172799999,2022-06-25 15:59,11108.33703680558273588520,5040.626652564557045737409180
1656187199999,2022-06-25 19:59,11108.33703680558273588520,5099.373378128800660148824400
1656201599999,2022-06-25 23:59,11108.33703680558273588520,5167.902006996034042618265780
1656215999999,2022-06-26 03:59,11108.33703680558273588520,5152.281740561367982317150260
1656230399999,2022-06-26 07:59,11108.33703680558273588520,5145.137680897360459971920240
1656244799999,2022-06-26 11:59,11108.33703680558273588520,5220.180364840257382674693200
1656259199999,2022-06-26 15:59,11108.33703680558273588520,5128.206908735032299476206820
1656273599999,2022-06-26 19:59,11108.33703680558273588520,5117.984964059267917958343200
1656287999999,2022-06-26 23:59,11108.33703680558273588520,5058.944877579841227907036340
1656302399999,2022-06-27 03:59,11108.33703680558273588520,5090.986141471763218903397840
1656316799999,2022-06-27 07:59,11108.33703680558273588520,5137.130370671461756030615640
1656331199999,2022-06-27 11:59,11108.33703680558273588520,5123.022596168354339807302100
1656345599999,2022-06-27 15:59,11108.33703680558273588520,4990.813007327404628065317260
1656359999999,2022-06-27 19:59,11108.33703680558273588520,5015.012878232342933310148940
1656374399999,2022-06-27 23:59,11108.33703680558273588520,4987.886611968570176805086720
1656388799999,2022-06-28 03:59,11108.33703680558273588520,4986.075949926497586994935860
1656403199999,2022-06-28 07:59,11108.33703680558273588520,5020.788721824717914351294180
1656417599999,2022-06-28 11:59,11108.33703680558273588520,5049.340914504093653269928060
1656431999999,2022-06-28 15:59,11108.33703680558273588520,4955.145610156006587356196800
1656446399999,2022-06-28 19:59,11108.33703680558273588520,4870.650452790284497928718620
1656460799999,2022-06-28 23:59,11108.33703680558273588520,4876.969735455047799417531980
1656475199999,2022-06-29 03:59,11108.33703680558273588520,4877.371303265175452137711520
1656489599999,2022-06-29 07:59,11108.33703680558273588520,4831.873910837478942445992500
1656503999999,2022-06-29 11:59,11108.33703680558273588520,4834.530991257784668528617600
1656518399999,2022-06-29 15:59,11108.33703680558273588520,4829.644848801620654592061760
1656532799999,2022-06-29 19:59,11108.33703680558273588520,4863.104825316149322863309060
1656547199999,2022-06-29 23:59,11108.33703680558273588520,4838.909763606541887710934620
1656561599999,2022-06-30 03:59,11108.33703680558273588520,4827.848614345540675059282620
1656575999999,2022-06-30 07:59,11108.33703680558273588520,4673.687453416834426296225800
1656590399999,2022-06-30 11:59,11108.33703680558273588520,4593.244043117370389763972320
1656604799999,2022-06-30 15:59,11108.33703680558273588520,4603.492438367454556790350760
1656619199999,2022-06-30 19:59,11108.33703680558273588520,4551.399234543469715293527080
1656633599999,2022-06-30 23:59,11108.33703680558273588520,4795.434637815476251897485020
1656647999999,2022-07-01 03:59,11108.33703680558273588520,4744.589420179852199393315120
1656662399999,2022-07-01 07:59,11108.33703680558273588520,4708.123696583529723336292820
1656676799999,2022-07-01 11:59,11108.33703680558273588520,4614.806070383326449296007860
1656691199999,2022-07-01 15:59,11108.33703680558273588520,4638.830405658687996166150280
1656705599999,2022-07-01 19:59,11108.33703680558273588520,4662.691228292799959892746540
1656719999999,2022-07-01 23:59,11108.33703680558273588520,4636.151683859393354667467600
1656734399999,2022-07-02 03:59,11108.33703680558273588520,4600.347224621065516323315800
1656748799999,2022-07-02 07:59,11108.33703680558273588520,4599.363744175902582415810220
1656763199999,2022-07-02 11:59,11108.33703680558273588520,4615.811192207478298619571020
1656777599999,2022-07-02 15:59,11108.33703680558273588520,4624.030107027935286628994180
1656791999999,2022-07-02 19:59,11108.33703680558273588520,4634.581481583864269480178740
1656806399999,2022-07-02 23:59,11108.33703680558273588520,4629.661674760384164896422220
1656820799999,2022-07-03 03:59,11108.33703680558273588520,4632.422152880303597966877980
1656835199999,2022-07-03 07:59,11108.33703680558273588520,4602.472888957310097189415880
1656849599999,2022-07-03 11:59,11108.33703680558273588520,4590.464328216127476323687600
1656863999999,2022-07-03 15:59,11108.33703680558273588520,4580.119749059425907448164360
1656878399999,2022-07-03 19:59,11108.33703680558273588520,4687.215719882571996378441920
1656892799999,2022-07-03 23:59,11108.33703680558273588520,4644.815449247955826229185460
1656907199999,2022-07-04 03:59,11108.33703680558273588520,4593.768245408435229841811480
1656921599999,2022-07-04 07:59,11108.33703680558273588520,4597.870489025667418707837200
1656935999999,2022-07-04 11:59,11108.33703680558273588520,4762.799438300191804482654380
1656950399999,2022-07-04 15:59,11108.33703680558273588520,4761.592330272143411275887140
1656964799999,2022-07-04 19:59,11108.33703680558273588520,4768.450242813964163119911380
1656979199999,2022-07-04 23:59,11108.33703680558273588520,4866.250039062538363330344020
1656993599999,2022-07-05 03:59,11108.33703680558273588520,4884.589905456811460916028760
1657007999999,2022-07-05 07:59,11108.33703680558273588520,4861.195574769793896157784780
1657022399999,2022-07-05 11:59,11108.33703680558273588520,4694.003899092095131881836180
1657036799999,2022-07-05 15:59,11108.33703680558273588520,4693.905310587812294986462760
1657051199999,2022-07-05 19:59,11108.33703680558273588520,4905.084291359314359922557020
1657065599999,2022-07-05 23:59,11108.33703680558273588520,4851.610848475369801890505460
1657079999999,2022-07-06 03:59,11108.33703680558273588520,4797.661295253669104705187140
1657094399999,2022-07-06 07:59,11108.33703680558273588520,4848.338191052712703973353640
1657108799999,2022-07-06 11:59,11108.33703680558273588520,4834.201561377620067195296660
1657123199999,2022-07-06 15:59,11108.33703680558273588520,4845.125648571691482211917320
1657137599999,2022-07-06 19:59,11108.33703680558273588520,4888.333864021893827893990100
1657151999999,2022-07-06 23:59,11108.33703680558273588520,4945.072750535499178704507620
1657166399999,2022-07-07 03:59,11108.33703680558273588520,4924.898176122499140846385820
1657180799999,2022-07-07 07:59,11108.33703680558273588520,4915.135509600832853158188620
1657195199999,2022-07-07 11:59,11108.33703680558273588520,4931.443490967813336680689460
1657209599999,2022-07-07 15:59,11108.33703680558273588520,5022.964882711936631188195280
1657223999999,2022-07-07 19:59,11108.33703680558273588520,5245.156920791131207851369140
1657238399999,2022-07-07 23:59,11108.33703680558273588520,5200.073119161889526110972760
1657252799999,2022-07-08 03:59,11108.33703680558273588520,5321.644767930954593337542720
1657267199999,2022-07-08 07:59,11108.33703680558273588520,5241.590902453291034294325680
1657281599999,2022-07-08 11:59,11108.33703680558273588520,5190.214268733605836573630760
1657295999999,2022-07-08 15:59,11108.33703680558273588520,5281.237908760984076511812240
1657310399999,2022-07-08 19:59,11108.33703680558273588520,5245.019858724201410216337800
1657324799999,2022-07-08 23:59,11108.33703680558273588520,5192.804020419279381361854500
1657339199999,2022-07-09 03:59,11108.33703680558273588520,5197.101036447411808972398440
1657353599999,2022-07-09 07:59,11108.33703680558273588520,5207.224392618893353594888640
1657367999999,2022-07-09 11:59,11108.33703680558273588520,5157.345823244774189674623980
1657382399999,2022-07-09 15:59,11108.33703680558273588520,5181.298020590172685157907800
1657396799999,2022-07-09 19:59,11108.33703680558273588520,5199.212273197663779561126800
1657411199999,2022-07-09 23:59,11108.33703680558273588520,5192.101877900972347863097460
1657425599999,2022-07-10 03:59,11108.33703680558273588520,5120.721396202533000566512760
1657439999999,2022-07-10 07:59,11108.33703680558273588520,5131.094830531219789996779440
1657454399999,2022-07-10 11:59,11108.33703680558273588520,5122.370950201021442279346080
1657468799999,2022-07-10 15:59,11108.33703680558273588520,5025.686887269209103518993120
1657483199999,2022-07-10 19:59,11108.33703680558273588520,5030.683641217983129582065480
1657497599999,2022-07-10 23:59,11108.33703680558273588520,5016.720142574801816132469140
1657511999999,2022-07-11 03:59,11108.33703680558273588520,4939.344998896432898587934780
1657526399999,2022-07-11 07:59,11108.33703680558273588520,4915.111463624178502695902420
1657540799999,2022-07-11 11:59,11108.33703680558273588520,4923.082704885095680943777720
1657555199999,2022-07-11 15:59,11108.33703680558273588520,4914.517528000816046277433280
1657569599999,2022-07-11 19:59,11108.33703680558273588520,4931.837844984944684262183140
1657583999999,2022-07-11 23:59,11108.33703680558273588520,4800.580476819507250826731820
1657598399999,2022-07-12 03:59,11108.33703680558273588520,4795.463492987461472452228460
1657612799999,2022-07-12 07:59,11108.33703680558273588520,4744.644725926157205456573380
1657627199999,2022-07-12 11:59,11108.33703680558273588520,4754.962854508538988823581800
1657641599999,2022-07-12 15:59,11108.33703680558273588520,4781.997746061025213571956460
1657655999999,2022-07-12 19:59,11108.33703680558273588520,4664.751968492077794510673880
1657670399999,2022-07-12 23:59,11108.33703680558273588520,4647.922189431697905956562500
1657684799999,2022-07-13 03:59,11108.33703680558273588520,4682.772023396848030947952160
1657699199999,2022-07-13 07:59,11108.33703680558273588520,4738.455291535327396464105500
1657713599999,2022-07-13 11:59,11108.33703680558273588520,4771.792633568918877377693180
1657727999999,2022-07-13 15:59,11108.33703680558273588520,4678.568786677667570140324400
1657742399999,2022-07-13 19:59,11108.33703680558273588520,4725.686877931867300990133300
1657756799999,2022-07-13 23:59,11108.33703680558273588520,4865.807593092098314824277940
1657771199999,2022-07-14 03:59,11108.33703680558273588520,4863.251505773740860683254880
1657785599999,2022-07-14 07:59,11108.33703680558273588520,4807.099341090501661152520640
1657799999999,2022-07-14 11:59,11108.33703680558273588520,4746.361608659277828463808060
1657814399999,2022-07-14 15:59,11108.33703680558273588520,4903.230346559263939280291000
1657828799999,2022-07-14 19:59,11108.33703680558273588520,4954.989311307753309351336500
1657843199999,2022-07-14 23:59,11108.33703680558273588520,4950.923136655502646178740080
1657857599999,2022-07-15 03:59,11108.33703680558273588520,4956.451306688337817458337460
1657871999999,2022-07-15 07:59,11108.33703680558273588520,5010.206087499138275899137560
1657886399999,2022-07-15 11:59,11108.33703680558273588520,4994.422308423222632454475880
1657900799999,2022-07-15 15:59,11104.19824505359409603370000,4999.820630182124311237727780
1657915199999,2022-07-15 19:59,11157.47864013932126981820000,5089.670826548770248616342700
1657929599999,2022-07-15 23:59,11088.63848365687731076920000,5008.922032345795961213054480
1657943999999,2022-07-16 03:59,11081.56586484018786292170000,4986.790115433131795724836000
1657958399999,2022-07-16 07:59,11044.78824699340273411470000,4940.665123014756738967447160
1657972799999,2022-07-16 11:59,11059.87650046900688952270000,4957.619941153739249925446780
1657987199999,2022-07-16 15:59,11115.98594308140984244620000,5036.089176769881113504003240
1658001599999,2022-07-16 19:59,11185.76911540607906120820000,5095.968467834544634689098480
1658015999999,2022-07-16 23:59,11193.31324214388113891220000,5096.824504603439511146487200
1658030399999,2022-07-17 03:59,11207.92998769837266446370000,5127.742821385603335554083160
1658044799999,2022-07-17 07:59,11229.61935206955363786270000,5162.231965700938203611179820
1658059199999,2022-07-17 11:59,11202.74340056613373604220000,5159.630191026937483591812980
1658073599999,2022-07-17 15:59,11179.16800451050224321720000,5090.690375958914708217277580
1658087999999,2022-07-17 19:59,11166.43729064046123709170000,5056.246918999223106038524700
1658102399999,2022-07-17 23:59,11148.04848171706867268820000,5001.256174988389033836213920
1658116799999,2022-07-18 03:59,11239.52101841291886484920000,5117.124118095042171408497240
1658131199999,2022-07-18 07:59,11313.54776202760175231970000,5349.386611197078721677131660
1658145599999,2022-07-18 11:59,11289.97236597197025949470000,5322.306032288949231050413220
1658159999999,2022-07-18 15:59,11322.03490460762908973670000,5452.760264834131359045505460
1658174399999,2022-07-18 19:59,11215.00260651506211231120000,5198.375473210092383473567040
1658188799999,2022-07-18 23:59,11379.08736306225730237320000,5394.268426622423859534323960
1658203199999,2022-07-19 03:59,11354.09744324328791997870000,5267.057996327913608901640100
1658217599999,2022-07-19 07:59,11377.20133137780678294720000,5233.713440501325822849366560
1658231999999,2022-07-19 11:59,11474.33196312700853338620000,5284.116212166509826847470380
1658246399999,2022-07-19 15:59,11523.36878692272203846220000,5563.431872385779361717740960
1658260799999,2022-07-19 19:59,11468.67386807365697510820000,5627.372528907362675982975380
1658275199999,2022-07-19 23:59,11442.74093241246233300070000,5626.081259961024056158206440
1658289599999,2022-07-20 03:59,11470.08839183699486467770000,5635.754956369069247135944700
1658303999999,2022-07-20 07:59,11421.05156804128135960170000,5622.368561165592344781217160
1658318399999,2022-07-20 11:59,11464.43029678364330639970000,5705.897070269809545624790100
1658332799999,2022-07-20 15:59,11465.37331262586856611270000,5812.680443396449078545347060
1658347199999,2022-07-20 19:59,11364.47061750776577682170000,5689.504927984538835484287560
1658361599999,2022-07-20 23:59,11309.30419073758808361120000,5584.404773223703834923764600
1658375999999,2022-07-21 03:59,11266.31479790396094428655,5477.135671368646422665026400
1658390399999,2022-07-21 07:59,11266.31479790396094428655,5514.253040932301796250004720
1658404799999,2022-07-21 11:59,11266.31479790396094428655,5435.978577727060171415966480
1658419199999,2022-07-21 15:59,11266.31479790396094428655,5444.707267252589389225857080
1658433599999,2022-07-21 19:59,11266.31479790396094428655,5577.455485970596551323052800
1658447999999,2022-07-21 23:59,11266.31479790396094428655,5567.305679224795221192047780
1658462399999,2022-07-22 03:59,11266.31479790396094428655,5509.044682388969486118813800
1658476799999,2022-07-22 07:59,11266.31479790396094428655,5559.274323022242166788456980
1658491199999,2022-07-22 11:59,11266.31479790396094428655,5677.530031610672305265759960
1658505599999,2022-07-22 15:59,11266.31479790396094428655,5600.606952293405176412206160
1658519999999,2022-07-22 19:59,11266.31479790396094428655,5431.222283544829649975756120
1658534399999,2022-07-22 23:59,11266.31479790396094428655,5454.924402733022900651263460
1658548799999,2022-07-23 03:59,11266.31479790396094428655,5484.674085049785292591750100
1658563199999,2022-07-23 07:59,11266.31479790396094428655,5475.529400128135811784308240
1658577599999,2022-07-23 11:59,11266.31479790396094428655,5344.962151492678236616470860
1658591999999,2022-07-23 15:59,11266.31479790396094428655,5342.095871075479661511955820
1658606399999,2022-07-23 19:59,11266.31479790396094428655,5355.775627194139639506575000
1658620799999,2022-07-23 23:59,11266.31479790396094428655,5398.714527705813260011042340
1658635199999,2022-07-24 03:59,11266.31479790396094428655,5370.049318936162073919663320
1658649599999,2022-07-24 07:59,11266.31479790396094428655,5458.956913017957473176659200
1658663999999,2022-07-24 11:59,11266.31479790396094428655,5448.383897083039574909417060
1658678399999,2022-07-24 15:59,11266.31479790396094428655,5493.938999854706525710622960
1658692799999,2022-07-24 19:59,11266.31479790396094428655,5458.668361298105267629224800
1658707199999,2022-07-24 23:59,11266.31479790396094428655,5429.640058280973389557324160
1658721599999,2022-07-25 03:59,11266.31479790396094428655,5258.449536685656143403180500
1658735999999,2022-07-25 07:59,11266.31479790396094428655,5281.192221405340810633468460
1658750399999,2022-07-25 11:59,11266.31479790396094428655,5276.123329526603733183537500
1658764799999,2022-07-25 15:59,11266.31479790396094428655,5265.192028539536013028230980
1658779199999,2022-07-25 19:59,11266.31479790396094428655,5263.840644651561517047746540
1658793599999,2022-07-25 23:59,11266.31479790396094428655,5124.549515685905594162475800
1658807999999,2022-07-26 03:59,11266.31479790396094428655,5083.822845026432216188338860
1658822399999,2022-07-26 07:59,11266.31479790396094428655,5065.867714258628725999233320
1658836799999,2022-07-26 11:59,11266.31479790396094428655,5071.484854405084993989289640
1658851199999,2022-07-26 15:59,11266.31479790396094428655,4988.908565976380071452250220
1658865599999,2022-07-26 19:59,11266.31479790396094428655,5029.488556178261911606441340
1658879999999,2022-07-26 23:59,11266.31479790396094428655,5111.028463013164329218945540
1658894399999,2022-07-27 03:59,11266.31479790396094428655,5068.272311924063772227853320
1658908799999,2022-07-27 07:59,11266.31479790396094428655,5133.316678774081772712024320
1658923199999,2022-07-27 11:59,11266.31479790396094428655,5097.937833322535937550338260
1658937599999,2022-07-27 15:59,11266.31479790396094428655,5177.441045934814871007201320
1658951999999,2022-07-27 19:59,11266.31479790396094428655,5476.274825404420676115180440
1658966399999,2022-07-27 23:59,11266.31479790396094428655,5519.276245455395607821591900
1658980799999,2022-07-28 03:59,11240.31797067635464602555000,5562.799463199769944559613900
1658995199999,2022-07-28 07:59,11174.10342033204941023935000,5512.699670840430756386316200
1659009599999,2022-07-28 11:59,11208.33104862952086812235000,5558.247559819101402048836240
1659023999999,2022-07-28 15:59,11383.55760072433941261045000,5709.989695496379994305901340
1659038399999,2022-07-28 19:59,11426.47240391772263225325000,5721.697681529383234393052120
1659052799999,2022-07-28 23:59,11442.06912104020641543435000,5733.400858367055604387745660
1659067199999,2022-07-29 03:59,11516.66380878698356330545000,5750.213805243777447618256700
1659081599999,2022-07-29 07:59,11470.22727168359513065005000,5757.526186744365423199490120
1659095999999,2022-07-29 11:59,11458.01427150972320544645000,5703.975796735126943688122720
1659110399999,2022-07-29 15:59,11634.39852508592487058905000,5773.752411790721115150217880
1659124799999,2022-07-29 19:59,11583.53450525580866587485000,5745.952858180626545701142060
1659139199999,2022-07-29 23:59,11531.96110003511211547275000,5716.765851717575954578152500
1659153599999,2022-07-30 03:59,11555.74148696670386930445000,5723.402541274176682169143700
1659167999999,2022-07-30 07:59,11530.70124776902767807405000,5742.497451335396384270615120
1659182399999,2022-07-30 11:59,11557.04071864935470460345000,5760.681018881416203851439560
1659196799999,2022-07-30 15:59,11753.88694844594762112435000,5898.397136376212171456964200
1659211199999,2022-07-30 19:59,11576.10680461915941674565000,5752.089391422816783676580300
1659225599999,2022-07-30 23:59,11482.90908925943539765485000,5685.448371722949912496605620
1659239999999,2022-07-31 03:59,11553.34083234774588911925000,5708.025139203719561537118800
1659254399999,2022-07-31 07:59,11551.10481081758384911125000,5702.181966876712399201572200
1659268799999,2022-07-31 11:59,11584.73972441827727061345000,5723.335212539544500874742340
1659283199999,2022-07-31 15:59,11565.57311086953597749595000,5717.059212632759030218044140
1659297599999,2022-07-31 19:59,11570.29145872788715493805000,5734.110214678358943025188560
1659311999999,2022-07-31 23:59,11384.23387716445823008065000,5601.241766077080028616561840
1659326399999,2022-08-01 03:59,11384.23387716445823008065000,5611.871733274133594416714188
1659340799999,2022-08-01 07:59,11384.23387716445823008065000,5599.011195940878028036124088
1659355199999,2022-08-01 11:59,11384.23387716445823008065000,5576.382219852905847953345988
1659369599999,2022-08-01 15:59,11384.23387716445823008065000,5600.134722443017958046599385
1659383999999,2022-08-01 19:59,11384.23387716445823008065000,5510.555090176245846057549733
1659398399999,2022-08-01 23:59,11384.23387716445823008065000,5586.037825817877639624567452
1659412799999,2022-08-02 03:59,11384.23387716445823008065000,5486.432880147395382926661303
1659427199999,2022-08-02 07:59,11384.23387716445823008065000,5494.760900309624906871829691
1659441599999,2022-08-02 11:59,11384.23387716445823008065000,5493.514938227123574232007727
1659455999999,2022-08-02 15:59,11384.23387716445823008065000,5516.775297798135928658279423
1659470399999,2022-08-02 19:59,11384.23387716445823008065000,5509.983724134559300453931954
1659484799999,2022-08-02 23:59,11384.23387716445823008065000,5518.765476153422257672561520
1659499199999,2022-08-03 03:59,11384.23387716445823008065000,5488.739950593028871687487714
1659513599999,2022-08-03 07:59,11384.23387716445823008065000,5519.286427544371755134683613
1659527999999,2022-08-03 11:59,11384.23387716445823008065000,5618.404031591062546464798127
1659542399999,2022-08-03 15:59,11384.23387716445823008065000,5606.383738436757782442469467
1659556799999,2022-08-03 19:59,11384.23387716445823008065000,5632.608959610639396618606531
1659571199999,2022-08-03 23:59,11384.23387716445823008065000,5478.092856496895133233517751
1659585599999,2022-08-04 03:59,11384.23387716445823008065000,5544.681007329919147550939367
1659599999999,2022-08-04 07:59,11384.23387716445823008065000,5509.193894606345546237166200
1659614399999,2022-08-04 11:59,11384.23387716445823008065000,5494.091105664118410134815572
1659628799999,2022-08-04 15:59,11384.23387716445823008065000,5505.295161616013823294833118
1659643199999,2022-08-04 19:59,11384.23387716445823008065000,5389.956043520264256151082744
1659657599999,2022-08-04 23:59,11384.23387716445823008065000,5431.185625032553055296174096
1659671999999,2022-08-05 03:59,11384.23387716445823008065000,5563.785759261606248028209484
1659686399999,2022-08-05 07:59,11384.23387716445823008065000,5566.368909937466428992464654
1659700799999,2022-08-05 11:59,11384.23387716445823008065000,5618.956192051515930871655644
1659715199999,2022-08-05 15:59,11384.23387716445823008065000,5518.875908245512934553933024
1659729599999,2022-08-05 19:59,11384.23387716445823008065000,5505.571241846240515498261877
1659743999999,2022-08-05 23:59,11384.23387716445823008065000,5596.699324099936248976107611
1659758399999,2022-08-06 03:59,11384.23387716445823008065000,5563.384842753364008045839025
1659772799999,2022-08-06 07:59,11384.23387716445823008065000,5571.119890595019680041034340
1659787199999,2022-08-06 11:59,11384.23387716445823008065000,5559.488510460686430253100975
1659801599999,2022-08-06 15:59,11384.23387716445823008065000,5570.241235253602555289252377
1659815999999,2022-08-06 19:59,11384.23387716445823008065000,5566.138442962668494631341516
1659830399999,2022-08-06 23:59,11384.23387716445823008065000,5510.703933430802845332441760
1659844799999,2022-08-07 03:59,11384.23387716445823008065000,5519.320037311529787229014071
1659859199999,2022-08-07 07:59,11384.23387716445823008065000,5525.525840747494998932173564
1659873599999,2022-08-07 11:59,11384.23387716445823008065000,5530.934612562284020969782206
1659887999999,2022-08-07 15:59,11384.23387716445823008065000,5527.251942360825361491002066
1659902399999,2022-08-07 19:59,11384.23387716445823008065000,5560.352761616178684107312743
1659916799999,2022-08-07 23:59,11384.23387716445823008065000,5563.562494379770749115871444
1659931199999,2022-08-08 03:59,11384.23387716445823008065000,5595.309320158186207360583686
1659945599999,2022-08-08 07:59,11384.23387716445823008065000,5715.596276119128927819696426
1659959999999,2022-08-08 11:59,11422.47367436894651223647045,5801.646882834307669904048029
1659974399999,2022-08-08 15:59,11370.32255112883152037485414,5759.697092025775325880446871
1659988799999,2022-08-08 19:59,11370.32255112883152037485414,5744.200588668268385244510882
1660003199999,2022-08-08 23:59,11351.98369460483503972021984,5716.153237974890602525744009
1660017599999,2022-08-09 03:59,11366.88401553058218025211021,5720.704960727149806157925982
1660031999999,2022-08-09 07:59,11373.76108672708086049759808,5732.506790394927361567106667
1660046399999,2022-08-09 11:59,11264.23331152985109075583820,5585.055940477332273440199083
1660060799999,2022-08-09 15:59,11264.23331152985109075583820,5539.701960395222107290841576
1660075199999,2022-08-09 19:59,11264.23331152985109075583820,5534.617282763742680448562347
1660089599999,2022-08-09 23:59,11264.23331152985109075583820,5557.695189313040003505611559
1660103999999,2022-08-10 03:59,11264.23331152985109075583820,5488.987222451405822095776081
1660118399999,2022-08-10 07:59,11264.23331152985109075583820,5512.974993411624156849342681
1660132799999,2022-08-10 11:59,11264.23331152985109075583820,5551.453375412262614558526575
1660147199999,2022-08-10 15:59,11264.23331152985109075583820,5761.070291083946351448805567
1660161599999,2022-08-10 19:59,11197.09888312956475576050917,5675.089304600737818702709912
1660175999999,2022-08-10 23:59,11266.99216359144187383443210,5750.735287682851482442189853
1660190399999,2022-08-11 03:59,11356.09367347835139506014867,5839.640323908808807395035320
1660204799999,2022-08-11 07:59,11373.13923228661253124163567,5865.447823690869165541636696
1660219199999,2022-08-11 11:59,11372.44880933046784621133417,5896.054318083565677728708412
1660233599999,2022-08-11 15:59,11322.65244598184513181247329,5844.273670381308946113448404
1660247999999,2022-08-11 19:59,11344.66771262722994962638356,5815.016368070242007998785058
1660262399999,2022-08-11 23:59,11284.75700780399647009717133,5746.015516094802118338355592
1660276799999,2022-08-12 03:59,11305.77359040365530078309408,5764.193598731989191071943092
1660291199999,2022-08-12 07:59,11282.87298153208949701092656,5752.401371854828216261142537
1660305599999,2022-08-12 11:59,11179.34116600524472442968042,5683.261279415447907924201176
1660319999999,2022-08-12 15:59,11271.97183220060718703555727,5757.123544140531725514571831
1660334399999,2022-08-12 19:59,11390.39789555148958473381961,5804.395681648303866190360454
1660348799999,2022-08-12 23:59,11463.65519670075322458169330,5858.677856306179843683644521
1660363199999,2022-08-13 03:59,11616.93711082387181885073643,5952.989263649272045524503597
1660377599999,2022-08-13 07:59,11590.76002946147351889207385,5899.115207592600743462375087
1660391999999,2022-08-13 11:59,11581.76371871674539775055181,5866.415304845489660828434869
1660406399999,2022-08-13 15:59,11608.31378405604494779575599,5884.840659341053683970310735
1660420799999,2022-08-13 19:59,11517.68256718361918102061443,5857.448699107257527090987786
1660435199999,2022-08-13 23:59,11551.31612094044307569326557,5867.728486462307057656917748
1660449599999,2022-08-14 03:59,11621.26221691606361995946497,5898.611061085230262047418223
1660463999999,2022-08-14 07:59,11711.71990684863210920623564,5971.424220935452649264759594
1660478399999,2022-08-14 11:59,11617.65121205297382802667092,5897.283475282487994321365147
1660492799999,2022-08-14 15:59,11602.24866608697912060181563,5887.692688154178121689209566
1660507199999,2022-08-14 19:59,11460.38616205358743828532503,5829.963111664949709377458562
1660521599999,2022-08-14 23:59,11425.65416161396664034371970,5835.045388598774991070142759
1660535999999,2022-08-15 03:59,11590.05606144140367869489007,5970.000607226544575554905211
1660550399999,2022-08-15 07:59,11273.00506696354948096202366,5768.260380558111074485928462
1660564799999,2022-08-15 11:59,11273.00506696354948096202366,5773.645145396358645027586777
1660579199999,2022-08-15 15:59,11273.00506696354948096202366,5816.022260387328825679103753
1660593599999,2022-08-15 19:59,11273.00506696354948096202366,5757.574875299511013638437976
1660607999999,2022-08-15 23:59,11273.00506696354948096202366,5784.529908560252753291464976
1660622399999,2022-08-16 03:59,11273.00506696354948096202366,5781.793113234527282753127714
1660636799999,2022-08-16 07:59,11273.00506696354948096202366,5777.834362802841931070918815
1660651199999,2022-08-16 11:59,11273.00506696354948096202366,5770.896346582362448741274352
1660665599999,2022-08-16 15:59,11273.00506696354948096202366,5738.064405464273382879607336
1660679999999,2022-08-16 19:59,11273.00506696354948096202366,5745.019226568331881256417028
1660694399999,2022-08-16 23:59,11273.00506696354948096202366,5726.893959279536001813920247
1660708799999,2022-08-17 03:59,11273.00506696354948096202366,5763.365358041309114461656815
1660723199999,2022-08-17 07:59,11273.00506696354948096202366,5710.492392906416339780656935
1660737599999,2022-08-17 11:59,11273.00506696354948096202366,5700.944818335881079841211942
1660751999999,2022-08-17 15:59,11273.00506696354948096202366,5615.780069055081897957427401
1660766399999,2022-08-17 19:59,11273.00506696354948096202366,5587.725516268741679789875430
1660780799999,2022-08-17 23:59,11273.00506696354948096202366,5603.959033806071181351486454
1660795199999,2022-08-18 03:59,11273.00506696354948096202366,5625.721358040896962430457754
1660809599999,2022-08-18 07:59,11273.00506696354948096202366,5621.136025521479726703945323
1660823999999,2022-08-18 11:59,11273.00506696354948096202366,5649.997212719612715135428277
1660838399999,2022-08-18 15:59,11273.00506696354948096202366,5630.275481490810311212234760
1660852799999,2022-08-18 19:59,11273.00506696354948096202366,5604.491988685291404561583710
1660867199999,2022-08-18 23:59,11273.00506696354948096202366,5567.598067136388745585121389
1660881599999,2022-08-19 03:59,11273.00506696354948096202366,5466.252615666651255430816543
1660895999999,2022-08-19 07:59,11273.00506696354948096202366,5259.031596253804377836380171
1660910399999,2022-08-19 11:59,11273.00506696354948096202366,5153.888241095209261022733616
1660924799999,2022-08-19 15:59,11273.00506696354948096202366,5147.994528354282918766928371
1660939199999,2022-08-19 19:59,11273.00506696354948096202366,5120.698596026652567871406729
1660953599999,2022-08-19 23:59,11273.00506696354948096202366,5001.799243309805743878222882
1660967999999,2022-08-20 03:59,11273.00506696354948096202366,5075.248588038376595738247915
1660982399999,2022-08-20 07:59,11273.00506696354948096202366,5115.318632583713287628938480
1660996799999,2022-08-20 11:59,11273.00506696354948096202366,5097.651898546859131759092942
1661011199999,2022-08-20 15:59,11273.00506696354948096202366,5113.443687715825925795217952
1661025599999,2022-08-20 19:59,11273.00506696354948096202366,5038.762785090678612192941151
1661039999999,2022-08-20 23:59,11273.00506696354948096202366,5075.183769201714676699182032
1661054399999,2022-08-21 03:59,11273.00506696354948096202366,5091.664558597421128669081423
1661068799999,2022-08-21 07:59,11273.00506696354948096202366,5101.905934790004336841490862
1661083199999,2022-08-21 11:59,11273.00506696354948096202366,5167.447381445821065935478227
1661097599999,2022-08-21 15:59,11273.00506696354948096202366,5142.434512587282752304832670
1661111999999,2022-08-21 19:59,11273.00506696354948096202366,5164.475317749989370736827762
1661126399999,2022-08-21 23:59,11273.00506696354948096202366,5165.339568905481624591039529
1661140799999,2022-08-22 03:59,11273.00506696354948096202366,5141.152540039969242421085216
1661155199999,2022-08-22 07:59,11273.00506696354948096202366,5065.016814636409968164218607
1661169599999,2022-08-22 11:59,11273.00506696354948096202366,5101.264948516347581899617135
1661183999999,2022-08-22 15:59,11273.00506696354948096202366,5137.697936115654372153833180
1661198399999,2022-08-22 19:59,11273.00506696354948096202366,5055.301191230084547753121326
1661212799999,2022-08-22 23:59,11273.00506696354948096202366,5137.544291465789082579751088
1661227199999,2022-08-23 03:59,11273.00506696354948096202366,5098.977083651947254335550985
1661241599999,2022-08-23 07:59,11273.00506696354948096202366,5114.860099331771564056287237
1661255999999,2022-08-23 11:59,11273.00506696354948096202366,5151.110633909363322941280798
1661270399999,2022-08-23 15:59,11273.00506696354948096202366,5155.511112709411382148975711
1661284799999,2022-08-23 19:59,11273.00506696354948096202366,5166.876015404134520331860448
1661299199999,2022-08-23 23:59,11273.00506696354948096202366,5168.582911436231721693928688
1661313599999,2022-08-24 03:59,11273.00506696354948096202366,5104.938015927189660780017145
1661327999999,2022-08-24 07:59,11273.00506696354948096202366,5117.863372097107146199673127
1661342399999,2022-08-24 11:59,11273.00506696354948096202366,5146.928618595842472346733858
1661356799999,2022-08-24 15:59,11273.00506696354948096202366,5190.028343580710343026355673
1661371199999,2022-08-24 19:59,11273.00506696354948096202366,5211.425761772106061366882005
1661385599999,2022-08-24 23:59,11273.00506696354948096202366,5129.922076413878232615522310
1661399999999,2022-08-25 03:59,11273.00506696354948096202366,5154.133112255932066281426950
1661414399999,2022-08-25 07:59,11273.00506696354948096202366,5219.998653095058390570743727
1661428799999,2022-08-25 11:59,11273.00506696354948096202366,5214.481849885832836801358614
1661443199999,2022-08-25 15:59,11273.00506696354948096202366,5177.225422991154260236046358
1661457599999,2022-08-25 19:59,11273.00506696354948096202366,5186.847419188968019812937364
1661471999999,2022-08-25 23:59,11273.00506696354948096202366,5175.765798817434009282266485
1661486399999,2022-08-26 03:59,11273.00506696354948096202366,5174.116519529036291510479029
1661500799999,2022-08-26 07:59,11273.00506696354948096202366,5150.284793916337391480589554
1661515199999,2022-08-26 11:59,11273.00506696354948096202366,5087.115236542816070186494483
1661529599999,2022-08-26 15:59,11273.00506696354948096202366,4989.001124115557951387103632
1661543999999,2022-08-26 19:59,11273.00506696354948096202366,4956.205193462281062769362106
1661558399999,2022-08-26 23:59,11273.00506696354948096202366,4859.356248698757437806553481
1661572799999,2022-08-27 03:59,11273.00506696354948096202366,4850.264806682509756290164699
1661587199999,2022-08-27 07:59,11273.00506696354948096202366,4866.846425379690304543055462
1661601599999,2022-08-27 11:59,11273.00506696354948096202366,4852.192566898788311414975946
1661615999999,2022-08-27 15:59,11273.00506696354948096202366,4796.052252256603988135136580
1661630399999,2022-08-27 19:59,11273.00506696354948096202366,4805.808687523049876089349416
1661644799999,2022-08-27 23:59,11273.00506696354948096202366,4810.514054925174369295613481
1661659199999,2022-08-28 03:59,11273.00506696354948096202366,4799.225974555383875899769791
1661673599999,2022-08-28 07:59,11273.00506696354948096202366,4815.080181863358443825365650
1661687999999,2022-08-28 11:59,11273.00506696354948096202366,4809.882671442134194952119885
1661702399999,2022-08-28 15:59,11273.00506696354948096202366,4806.776168677670371376147589
1661716799999,2022-08-28 19:59,11273.00506696354948096202366,4795.188001101111734280924813
1661731199999,2022-08-28 23:59,11273.00506696354948096202366,4694.802828693032303964633041
1661745599999,2022-08-29 03:59,11273.00506696354948096202366,4769.831832478030664258189581
1661759999999,2022-08-29 07:59,11273.00506696354948096202366,4776.762646605547711139048946
1661774399999,2022-08-29 11:59,11273.00506696354948096202366,4759.496829076935795251573867
1661788799999,2022-08-29 15:59,11273.00506696354948096202366,4864.452929818507590396807874
1661803199999,2022-08-29 19:59,11273.00506696354948096202366,4825.170314103730507573288030
1661817599999,2022-08-29 23:59,11273.00506696354948096202366,4870.082565817477966197159523
1661831999999,2022-08-30 03:59,11273.00506696354948096202366,4867.112902819300416148104090
1661846399999,2022-08-30 07:59,11273.00506696354948096202366,4905.716121097954421636229684
1661860799999,2022-08-30 11:59,11273.00506696354948096202366,4898.427603019969747465710448
1661875199999,2022-08-30 15:59,11273.00506696354948096202366,4742.968025728146440289773823
1661889599999,2022-08-30 19:59,11273.00506696354948096202366,4788.811748131702216956517998
1661903999999,2022-08-30 23:59,11273.00506696354948096202366,4756.272692127418859345444970
1661918399999,2022-08-31 03:59,11273.00506696354948096202366,4898.204338138134248553372409
1661932799999,2022-08-31 07:59,11273.00506696354948096202366,4863.447037501420772716489178
1661947199999,2022-08-31 11:59,11273.00506696354948096202366,4877.056592502769625770729476
1661961599999,2022-08-31 15:59,11273.00506696354948096202366,4835.248442855831845573235247
1661975999999,2022-08-31 19:59,11273.00506696354948096202366,4856.360178026384291111952689
1661990399999,2022-08-31 23:59,11273.00506696354948096202366,4813.495721411622645092644077
1662004799999,2022-09-01 03:59,11273.00506696354948096202366,4807.001834257160015438080661
1662019199999,2022-09-01 07:59,11273.00506696354948096202366,4776.438552422238115943719534
1662033599999,2022-09-01 11:59,11273.00506696354948096202366,4819.254995083916858971127491
1662047999999,2022-09-01 15:59,11273.00506696354948096202366,4749.293864046818909472684951
1662062399999,2022-09-01 19:59,11273.00506696354948096202366,4770.681679447598047214831152
1662076799999,2022-09-01 23:59,11273.00506696354948096202366,4833.047003106980743394590273
1662091199999,2022-09-02 03:59,11273.00506696354948096202366,4839.180785613321600609898787
1662105599999,2022-09-02 07:59,11273.00506696354948096202366,4828.192792450299250913434182
1662119999999,2022-09-02 11:59,11273.00506696354948096202366,4823.288167142880710290782404
1662134399999,2022-09-02 15:59,11273.00506696354948096202366,4886.916257768343755157528718
1662148799999,2022-09-02 19:59,11273.00506696354948096202366,4779.984382857410501895582811
1662163199999,2022-09-02 23:59,11273.00506696354948096202366,4789.930473238533856667803230
1662177599999,2022-09-03 03:59,11273.00506696354948096202366,4777.406033576858611230517706
1662191999999,2022-09-03 07:59,11273.00506696354948096202366,4757.225769096114483734672946
1662206399999,2022-09-03 11:59,11273.00506696354948096202366,4753.175792153571616367852805
1662220799999,2022-09-03 15:59,11273.00506696354948096202366,4746.979591508222985263073442
1662235199999,2022-09-03 19:59,11273.00506696354948096202366,4731.867199775379268562342682
1662249599999,2022-09-03 23:59,11273.00506696354948096202366,4761.131704179408642125791127
1662263999999,2022-09-04 03:59,11273.00506696354948096202366,4746.941180345756662869552919
1662278399999,2022-09-04 07:59,11273.00506696354948096202366,4713.237785979212907704889038
1662292799999,2022-09-04 11:59,11273.00506696354948096202366,4765.666622048088829710807871
1662307199999,2022-09-04 15:59,11273.00506696354948096202366,4751.048774031999013826653845
1662321599999,2022-09-04 19:59,11273.00506696354948096202366,4773.324847564811856918962140
1662335999999,2022-09-04 23:59,11273.00506696354948096202366,4801.559452675212961306141562
1662350399999,2022-09-05 03:59,11273.00506696354948096202366,4773.857802444032080129059396
1662364799999,2022-09-05 07:59,11273.00506696354948096202366,4741.469990391959866942473427
1662379199999,2022-09-05 11:59,11273.00506696354948096202366,4729.934638163792423138341370
1662393599999,2022-09-05 15:59,11273.00506696354948096202366,4766.578887156663986556920292
1662407999999,2022-09-05 19:59,11273.00506696354948096202366,4731.540704894415528217418237
1662422399999,2022-09-05 23:59,11273.00506696354948096202366,4752.714858203975747645606529
1662436799999,2022-09-06 03:59,11273.00506696354948096202366,4751.075181706194610472199204
1662451199999,2022-09-06 07:59,11273.00506696354948096202366,4778.870459145887152483487645
1662465599999,2022-09-06 11:59,11273.00506696354948096202366,4781.880934004185170075658633
1662479999999,2022-09-06 15:59,11273.00506696354948096202366,4757.883560253350254723711902
1662494399999,2022-09-06 19:59,11273.00506696354948096202366,4519.263816221938965575843029
1662508799999,2022-09-06 23:59,11273.00506696354948096202366,4511.149458150928359944632549
1662523199999,2022-09-07 03:59,11273.00506696354948096202366,4500.403935450974670357266246
1662537599999,2022-09-07 07:59,11273.00506696354948096202366,4513.506943247298896846954647
1662551999999,2022-09-07 11:59,11273.00506696354948096202366,4498.901098719479806710775784
1662566399999,2022-09-07 15:59,11273.00506696354948096202366,4530.532691010496297774926457
1662580799999,2022-09-07 19:59,11273.00506696354948096202366,4559.588334718615043323607058
1662595199999,2022-09-07 23:59,11273.00506696354948096202366,4631.719696435060208055959146
1662609599999,2022-09-08 03:59,11269.72123659760114502713865,4613.848903097603714470535831
1662623999999,2022-09-08 07:59,11249.69105536605355119192981,4602.628042262129285263353056
1662638399999,2022-09-08 11:59,11277.36822696925108848639325,4636.115373839799976964463995
1662652799999,2022-09-08 15:59,11269.43755792252380841494049,4621.629564194688144308036766
1662667199999,2022-09-08 19:59,11294.15460422056652888646666,4646.013450267840428744783760
1662681599999,2022-09-08 23:59,11276.60352793208609414046779,4638.184775217673095915382170
1662695999999,2022-09-09 03:59,11322.96649052407341262972272,4789.659194403615454763564536
1662710399999,2022-09-09 07:59,11362.39782635982320172526622,4953.153906743862577634075562
1662724799999,2022-09-09 11:59,11369.41195455081832011470870,5026.605652170087574643695628
1662739199999,2022-09-09 15:59,11394.35708724186515325307405,5105.605409875042012367436232
1662753599999,2022-09-09 19:59,11389.47161810204930060561888,5111.566342150284418811902391
1662767999999,2022-09-09 23:59,11406.14889560673668599653893,5128.008720383524548388281259
1662782399999,2022-09-10 03:59,11437.03893703913663528707836,5114.315140964280615098214817
1662796799999,2022-09-10 07:59,11381.66472546441473779593206,5109.705801468321927875752059
1662811199999,2022-09-10 11:59,11452.63891567493881013181298,5110.003487977435926425536113
1662825599999,2022-09-10 15:59,11507.59729606172837265713222,5094.218900901431567838196201
1662839999999,2022-09-10 19:59,11515.79602886097275588643438,5180.581598311649179369902053
1662854399999,2022-09-10 23:59,11572.77564895061555269735577,5197.204028868950195165908372
1662868799999,2022-09-11 03:59,11559.51575354384099306276401,5171.775839316244770655322160
1662883199999,2022-09-11 07:59,11540.56293373185164785385635,5188.357458013425318908212924
1662897599999,2022-09-11 11:59,11551.34692565273363377243493,5188.727165452163671945847957
1662911999999,2022-09-11 15:59,11534.83054553837465537015213,5195.960467484103007675681441
1662926399999,2022-09-11 19:59,11527.27726176136057756793069,5189.917911488619666144984170
1662940799999,2022-09-11 23:59,11513.93483927114950368608349,5240.063684088403550886026918
1662955199999,2022-09-12 03:59,11398.39138956867809826005637,5199.251823967936007770471253
1662969599999,2022-09-12 07:59,11505.41518171424601795748037,5328.114071949485202583040749
1662983999999,2022-09-12 11:59,11502.93629854174690297049896,5356.708781708008079409475073
1662998399999,2022-09-12 15:59,11378.90354541806994560294577,5309.114950714580488687952070
1663012799999,2022-09-12 19:59,11431.76939539401732744165403,5383.915888222435059769980506
1663027199999,2022-09-12 23:59,11417.12731207869548984579418,5376.632171539758675898651336
1663041599999,2022-09-13 03:59,11432.82569429603620799988974,5337.222318849311900146594760
1663055999999,2022-09-13 07:59,11463.04921850224166215163609,5347.187614811668416115575440
1663070399999,2022-09-13 11:59,11631.26561759143583198306022,5407.121031747402075755566450
1663084799999,2022-09-13 15:59,11314.09904652908172712723738,5000.690120993590684765317781
1663099199999,2022-09-13 19:59,11288.37039662811824516199887,4869.566415821836759034227495
1663113599999,2022-09-13 23:59,11288.37039662811824516199887,4843.156340928585968339272915
1663127999999,2022-09-14 03:59,11288.37039662811824516199887,4879.039568765093519336226475
1663142399999,2022-09-14 07:59,11288.37039662811824516199887,4860.038046832534660291542764
1663156799999,2022-09-14 11:59,11288.37039662811824516199887,4855.587153381749552942352164
1663171199999,2022-09-14 15:59,11288.37039662811824516199887,4844.409505104049736427879977
1663185599999,2022-09-14 19:59,11288.37039662811824516199887,4789.990490679887485407679047
1663199999999,2022-09-14 23:59,11288.37039662811824516199887,4855.913648262713293287276609
1663214399999,2022-09-15 03:59,11288.37039662811824516199887,4807.150677511717014712972688
1663228799999,2022-09-15 07:59,11288.37039662811824516199887,4850.516879936194996997643131
1663243199999,2022-09-15 11:59,11288.37039662811824516199887,4837.101781444831901060600480
1663257599999,2022-09-15 15:59,11288.37039662811824516199887,4738.435508557120397854352112
1663271999999,2022-09-15 19:59,11288.37039662811824516199887,4749.238648000773571031999199
1663286399999,2022-09-15 23:59,11288.37039662811824516199887,4729.917833280213407091176141
1663300799999,2022-09-16 03:59,11288.37039662811824516199887,4740.214425518841953704271332
1663315199999,2022-09-16 07:59,11288.37039662811824516199887,4738.853229948941653883887799
1663329599999,2022-09-16 11:59,11288.37039662811824516199887,4769.755010153098019471148535
1663343999999,2022-09-16 15:59,11282.72926826142683488697826,4720.161398013767519136963305
1663358399999,2022-09-16 19:59,11249.44020949314775562997025,4709.999244843771100901189944
1663372799999,2022-09-16 23:59,11266.08473887728729525847425,4754.265708888553514283997644
1663387199999,2022-09-17 03:59,11298.05975585208167401849511,4773.862603839340370428249461
1663401599999,2022-09-17 07:59,11341.42313503707679041907134,4763.578015088982549563129434
1663415999999,2022-09-17 11:59,11306.82003447531301066507617,4755.926991665221957803760263
1663430399999,2022-09-17 15:59,11321.05548723806393271577038,4792.686474145492488402900754
1663444799999,2022-09-17 19:59,11352.65296416310131527858583,4803.698474285056289595315685
1663459199999,2022-09-17 23:59,11390.27193973897130616958788,4828.764158491985796517051961
1663473599999,2022-09-18 03:59,11313.36330560178277764520515,4801.566654768175396754926660
1663487999999,2022-09-18 07:59,11437.20776982676547057707158,4814.251941172678367215079373
1663502399999,2022-09-18 11:59,11364.89208376371780221703825,4782.982854227437793739778636
1663516799999,2022-09-18 15:59,11374.14028038234545034101924,4756.985699330699968775169678
1663531199999,2022-09-18 19:59,11457.80650255768028280252277,4735.677106952507620969659555
1663545599999,2022-09-18 23:59,11148.61838925625455122658200,4661.329901301286483161092298
1663559999999,2022-09-19 03:59,11148.61838925625455122658200,4507.865303760057795298627835
1663574399999,2022-09-19 07:59,11148.61838925625455122658200,4433.878202756958429929315480
1663588799999,2022-09-19 11:59,11148.61838925625455122658200,4485.764481155997548126756926
1663603199999,2022-09-19 15:59,11148.61838925625455122658200,4580.740881749287956405440056
1663617599999,2022-09-19 19:59,11148.61838925625455122658200,4685.005581566465948467304648
1663631999999,2022-09-19 23:59,11148.61838925625455122658200,4690.339931753976470867467277
1663646399999,2022-09-20 03:59,11148.61838925625455122658200,4648.848674197385850416517362
1663660799999,2022-09-20 07:59,11148.61838925625455122658200,4647.345837465890986770026901
1663675199999,2022-09-20 11:59,11148.61838925625455122658200,4614.110579141905535776394393
1663689599999,2022-09-20 15:59,11148.61838925625455122658200,4618.578277476269659172750222
1663703999999,2022-09-20 19:59,11148.61838925625455122658200,4559.816400995758832535135163
1663718399999,2022-09-20 23:59,11148.61838925625455122658200,4531.408945654259277377113388
1663732799999,2022-09-21 03:59,11148.61838925625455122658200,4566.499943264898929007706161
1663747199999,2022-09-21 07:59,11148.61838925625455122658200,4548.890825971744256728141408
1663761599999,2022-09-21 11:59,11148.61838925625455122658200,4601.252442506304114545399326
1663775999999,2022-09-21 15:59,11148.61838925625455122658200,4607.311803385366472123261826
1663790399999,2022-09-21 19:59,11148.61838925625455122658200,4561.664938189450597723310332
1663804799999,2022-09-21 23:59,11148.61838925625455122658200,4432.106487888199309528181357
1663819199999,2022-09-22 03:59,11148.61838925625455122658200,4487.089666261085670703214969
1663833599999,2022-09-22 07:59,11148.61838925625455122658200,4545.642682045685869326062184
1663847999999,2022-09-22 11:59,11148.61838925625455122658200,4616.588099120983330158468126
1663862399999,2022-09-22 15:59,11148.61838925625455122658200,4558.270351706489356195934113
1663876799999,2022-09-22 19:59,11148.61838925625455122658200,4636.124976630416557562844126
1663891199999,2022-09-22 23:59,11148.61838925625455122658200,4657.836886214505290500319739
1663905599999,2022-09-23 03:59,11148.61838925625455122658200,4656.153997158949540634201826
1663919999999,2022-09-23 07:59,11148.61838925625455122658200,4615.018042855172402323316749
1663934399999,2022-09-23 11:59,11148.61838925625455122658200,4528.460888934969033674413249
1663948799999,2022-09-23 15:59,11148.61838925625455122658200,4492.243964124535306883750146
1663963199999,2022-09-23 19:59,11148.61838925625455122658200,4515.221041372358533657807985
1663977599999,2022-09-23 23:59,11148.61838925625455122658200,4631.016292022395679224614569
1663991999999,2022-09-24 03:59,11148.61838925625455122658200,4590.686972130411311177660475
1664006399999,2022-09-24 07:59,11148.61838925625455122658200,4560.731066801988134530842617
1664020799999,2022-09-24 11:59,11148.61838925625455122658200,4573.812468319425054674175724
1664035199999,2022-09-24 15:59,11104.43575021483954008187704,4591.219927009631534387757731
1664049599999,2022-09-24 19:59,11122.87830438188351428112308,4586.216873098393042631709613
1664063999999,2022-09-24 23:59,11042.40936432720194372298419,4542.332119980619708034512110
1664078399999,2022-09-25 03:59,11089.86451284825753582597191,4574.302210640870665191562391
1664092799999,2022-09-25 07:59,11170.49927920547485355800112,4584.966109620583419692697583
1664107199999,2022-09-25 11:59,11150.14796281854975640855654,4589.731494464061541638837465
1664121599999,2022-09-25 15:59,11101.62848616362712291793019,4558.714480772506208871015160
1664135999999,2022-09-25 19:59,11056.91070294176327941477050,4541.129370455892988087400734
1664150399999,2022-09-25 23:59,11046.95644569873142623155171,4515.175428116929775815502364
1664164799999,2022-09-26 03:59,11018.76775743712775632511175,4529.822084504869333494796782
1664179199999,2022-09-26 07:59,10987.39252180682106286403075,4540.094669766956428611941646
1664193599999,2022-09-26 11:59,10982.24502221122387096807215,4531.797858674230791611508683
1664207999999,2022-09-26 15:59,11047.69180278381673935954580,4588.660783310312804919452887
1664222399999,2022-09-26 19:59,11043.03454124494308954891659,4610.096612664174845653499742
1664236799999,2022-09-26 23:59,11066.56596796767310964472734,4616.110360287808445389056621
1664251199999,2022-09-27 03:59,11128.33596311483941239623056,4825.263941312242168407494305
1664265599999,2022-09-27 07:59,11135.19929590896900159084203,4845.597850442851585477421157
1664279999999,2022-09-27 11:59,11135.93465299405431471883612,4856.525826164520306434009944
1664294399999,2022-09-27 15:59,11110.93251210115366836703719,4774.534799182501012314858614
1664308799999,2022-09-27 19:59,11025.38597120289557447705853,4580.044679429585863022880577
1664323199999,2022-09-27 23:59,11093.77418011582969538050852,4580.414386868324216060515610
1664337599999,2022-09-28 03:59,11095.73513234272386372182608,4500.355921497891767365365592
1664351999999,2022-09-28 07:59,11073.67441979016446988200350,4508.957621192693838364367707
1664366399999,2022-09-28 11:59,11105.29477444883293438574920,4550.717756886548715569961283
1664380799999,2022-09-28 15:59,11130.05179631337180969488343,4678.521297202619899411121363
1664395199999,2022-09-28 19:59,11055.78073071975518376748075,4692.668608478497265974648983
1664409599999,2022-09-28 23:59,11029.79811371340745324502304,4660.523266889493712897161315
1664423999999,2022-09-29 03:59,11023.42501897600140613574096,4683.253072278939989262930788
1664438399999,2022-09-29 07:59,11004.06061573542149376523003,4647.773161648328823397942719
1664452799999,2022-09-29 11:59,11025.38597120289557447705853,4672.579570508610654163415465
1664467199999,2022-09-29 15:59,11022.93478091927786405041157,4630.761818071056293367541105
1664481599999,2022-09-29 19:59,11040.58335096132537912226964,4658.734747137155576448861964
1664495999999,2022-09-29 23:59,11055.29049266303164168215135,4703.421333271413391010800384
1664510399999,2022-09-30 03:59,11032.00418496866339262900530,4656.994241337900342992463266
1664524799999,2022-09-30 07:59,11047.93692181217851040221050,4698.581526800656769427214489
1664539199999,2022-09-30 11:59,11002.09966350852732542391247,4666.157704283772378996703029
1664553599999,2022-09-30 15:59,11002.83502059361263855190656,4742.912809682101101849088071
1664567999999,2022-09-30 19:59,10962.88061897064395859756122,4675.095501650154770939009720
1664582399999,2022-09-30 23:59,10978.32311775743553428543702,4662.873549892901814350698315
1664596799999,2022-10-01 03:59,10990.57906917552408641867179,4661.298692231782596216356873
1664611199999,2022-10-01 07:59,10966.14083965933619724125631,4635.800882447106962367514713
1664625599999,2022-10-01 11:59,10966.14083965933619724125631,4636.329035931018895278421904
1664639999999,2022-10-01 15:59,10966.14083965933619724125631,4640.868755195007373162628713
1664654399999,2022-10-01 19:59,10966.14083965933619724125631,4625.312234396146803786816907
1664668799999,2022-10-01 23:59,10966.14083965933619724125631,4636.067359886717073972563341
1664683199999,2022-10-02 03:59,10966.14083965933619724125631,4636.038551514867332177422949
1664697599999,2022-10-02 07:59,10966.14083965933619724125631,4629.899967613218184662924370
1664711999999,2022-10-02 11:59,10966.14083965933619724125631,4607.614291289788760972235945
1664726399999,2022-10-02 15:59,10966.14083965933619724125631,4595.973308364838930585922449
1664740799999,2022-10-02 19:59,10966.14083965933619724125631,4623.987049291058681210358864
1664755199999,2022-10-02 23:59,10966.14083965933619724125631,4575.053629006618097014807622
1664769599999,2022-10-03 03:59,10966.14083965933619724125631,4601.819007152682369849827040
1664783999999,2022-10-03 07:59,10966.14083965933619724125631,4608.886661046485690257603268
1664798399999,2022-10-03 11:59,10966.14083965933619724125631,4620.333187461449763526719116
1664812799999,2022-10-03 15:59,10966.14083965933619724125631,4642.061901929117512511359958
1664827199999,2022-10-03 19:59,10966.14083965933619724125631,4691.386635931183756090901528
1664841599999,2022-10-03 23:59,10966.14083965933619724125631,4712.440754358036718039338186
1664855999999,2022-10-04 03:59,10966.14083965933619724125631,4705.044204885615512137042480
1664870399999,2022-10-04 07:59,10966.14083965933619724125631,4793.807599949978273263781018
1664884799999,2022-10-04 11:59,10966.14083965933619724125631,4786.843176055303194288591196
1664899199999,2022-10-04 15:59,10966.14083965933619724125631,4825.422387357415748280766462
1664913599999,2022-10-04 19:59,10966.14083965933619724125631,4854.324386415669204255364971
1664927999999,2022-10-04 23:59,10966.14083965933619724125631,4882.587799897920050437684785
1664942399999,2022-10-05 03:59,10966.14083965933619724125631,4847.059875314225981580796063
1664956799999,2022-10-05 07:59,10966.14083965933619724125631,4855.882439193209406342541184
1664971199999,2022-10-05 11:59,10966.14083965933619724125631,4808.072545410908752157465239
1664985599999,2022-10-05 15:59,10966.14083965933619724125631,4801.895550346793282249446138
1664999999999,2022-10-05 19:59,10985.30159788783457517852513,4830.168566619660709030146083
1665014399999,2022-10-05 23:59,10981.09194896522142667616841,4839.480872820089744309277872
1665028799999,2022-10-06 03:59,10991.13034254991431925871135,4886.877846605877432764008195
1665043199999,2022-10-06 07:59,10962.31043838740891797334614,4853.925870605081109422589545
1665057599999,2022-10-06 11:59,10979.47285322575483109833891,4860.357339620535965187682111
1665071999999,2022-10-06 15:59,10941.58601292223649457712846,4803.888129399733756413323267
1665086399999,2022-10-06 19:59,10918.27103427391751825638357,4804.036972654290755688215294
1665100799999,2022-10-06 23:59,10902.40389602714488159365441,4792.045487871835733461027026
1665115199999,2022-10-07 03:59,10919.89013001338411383421308,4797.137367596277595752091354
1665129599999,2022-10-07 07:59,10927.98560871071709172336061,4784.202408635743529734055241
1665143999999,2022-10-07 11:59,10908.55645983711794478940653,4801.223355003632640362836986
1665158399999,2022-10-07 15:59,10850.06940833223116869455455,4700.093966322768213672085081
1665172799999,2022-10-07 19:59,10850.06940833223116869455455,4671.686510981268658514063306
1665187199999,2022-10-07 23:59,10850.06940833223116869455455,4688.676248279653882198109626
1665201599999,2022-10-08 03:59,10850.06940833223116869455455,4682.600082517012508573081897
1665215999999,2022-10-08 07:59,10850.06940833223116869455455,4681.438144852406256169086077
1665230399999,2022-10-08 11:59,10850.06940833223116869455455,4689.665335713161683831263092
1665244799999,2022-10-08 15:59,10850.06940833223116869455455,4678.542903481507205757476657
1665259199999,2022-10-08 19:59,10850.06940833223116869455455,4673.777518638029083811336775
1665273599999,2022-10-08 23:59,10850.06940833223116869455455,4661.757225483724319789008116
1665287999999,2022-10-09 03:59,10850.06940833223116869455455,4649.422440936726541169730174
1665302399999,2022-10-09 07:59,10850.06940833223116869455455,4659.356527829579170193975430
1665316799999,2022-10-09 11:59,10850.06940833223116869455455,4673.854340962961728598377821
1665331199999,2022-10-09 15:59,10850.06940833223116869455455,4690.039844547208327168088191
1665345599999,2022-10-09 19:59,10850.06940833223116869455455,4674.000783519864582723674815
1665359999999,2022-10-09 23:59,10850.06940833223116869455455,4666.813094743354004836146953
1665374399999,2022-10-10 03:59,10850.06940833223116869455455,4670.166869366194778820407615
1665388799999,2022-10-10 07:59,10850.06940833223116869455455,4660.386427123207439370244452
1665403199999,2022-10-10 11:59,10850.06940833223116869455455,4641.029601937835098185495903
1665417599999,2022-10-10 15:59,10850.06940833223116869455455,4626.001234622886461720591288
1665431999999,2022-10-10 19:59,10850.06940833223116869455455,4612.214027995130867596318571
1665446399999,2022-10-10 23:59,10850.06940833223116869455455,4593.075666296285735024717997
1665460799999,2022-10-11 03:59,10850.06940833223116869455455,4572.158387635719046603198203
1665475199999,2022-10-11 07:59,10850.06940833223116869455455,4581.607533602434355409246855
1665489599999,2022-10-11 11:59,10850.06940833223116869455455,4598.311587879976306291484286
1665503999999,2022-10-11 15:59,10850.06940833223116869455455,4596.851963706256055337704413
1665518399999,2022-10-11 19:59,10850.06940833223116869455455,4561.237614007012761095394513
1665532799999,2022-10-11 23:59,10850.06940833223116869455455,4575.821852255944544885218082
1665547199999,2022-10-12 03:59,10850.06940833223116869455455,4573.116265999722961291616245
1665561599999,2022-10-12 07:59,10850.06940833223116869455455,4588.403908661319273912784390
1665575999999,2022-10-12 11:59,10850.06940833223116869455455,4588.934462842885351973286614
1665590399999,2022-10-12 15:59,10850.06940833223116869455455,4594.384046517794841554010811
1665604799999,2022-10-12 19:59,10850.06940833223116869455455,4594.350436750636809459680354
1665619199999,2022-10-12 23:59,10850.06940833223116869455455,4598.755716945993158966565333
1665633599999,2022-10-13 03:59,10850.06940833223116869455455,4582.822286615431801104333395
1665647999999,2022-10-13 07:59,10850.06940833223116869455455,4562.687635390116431450794256
1665662399999,2022-10-13 11:59,10850.06940833223116869455455,4502.168448226771355309615270
1665676799999,2022-10-13 15:59,10850.06940833223116869455455,4551.476377345258582841991611
1665691199999,2022-10-13 19:59,10850.06940833223116869455455,4650.229075348519311433661157
1665705599999,2022-10-13 23:59,10850.06940833223116869455455,4651.475037431020644073483121
1665719999999,2022-10-14 03:59,10850.06940833223116869455455,4757.518654209920191985266934
1665734399999,2022-10-14 07:59,10850.06940833223116869455455,4715.626480145087331551946561
1665748799999,2022-10-14 11:59,10850.06940833223116869455455,4704.559263959478191918845877
1665763199999,2022-10-14 15:59,10850.06940833223116869455455,4647.504283511064566643299058
1665777599999,2022-10-14 19:59,10850.06940833223116869455455,4601.792599478486773204281681
1665791999999,2022-10-14 23:59,10850.06940833223116869455455,4603.893209925863779099935281
1665806399999,2022-10-15 03:59,10850.06940833223116869455455,4609.669288481737009025583924
1665820799999,2022-10-15 07:59,10850.06940833223116869455455,4602.179111800804142289081943
1665835199999,2022-10-15 11:59,10850.06940833223116869455455,4601.588540177884435488703902
1665849599999,2022-10-15 15:59,10850.06940833223116869455455,4592.134592815860836383465184
1665863999999,2022-10-15 19:59,10850.06940833223116869455455,4585.945594263474640727470919
1665878399999,2022-10-15 23:59,10850.06940833223116869455455,4578.076107353186840354953774
1665892799999,2022-10-16 03:59,10850.06940833223116869455455,4591.049477476187228766510410
1665907199999,2022-10-16 07:59,10850.06940833223116869455455,4593.661436523897151525905973
1665921599999,2022-10-16 11:59,10850.06940833223116869455455,4596.153360688899816805549901
1665935999999,2022-10-16 15:59,10850.06940833223116869455455,4599.466323451620123246695008
1665950399999,2022-10-16 19:59,10850.06940833223116869455455,4651.537455570028417962953971
1665964799999,2022-10-16 23:59,10850.06940833223116869455455,4624.551213239782791365191546
1665979199999,2022-10-17 03:59,10850.06940833223116869455455,4606.161869209030945467241170
1665993599999,2022-10-17 07:59,10850.06940833223116869455455,4632.377487592295979044998102
1666007999999,2022-10-17 11:59,10850.06940833223116869455455,4671.268789589447402484527618
1666022399999,2022-10-17 15:59,10850.06940833223116869455455,4689.900604083267908491576296
1666036799999,2022-10-17 19:59,10850.06940833223116869455455,4687.896021542056708579724003
1666051199999,2022-10-17 23:59,10850.06940833223116869455455,4693.422427541898842947489246
1666065599999,2022-10-18 03:59,10850.06940833223116869455455,4692.951890801686393626862840
1666079999999,2022-10-18 07:59,10850.06940833223116869455455,4721.044854750492934187935333
1666094399999,2022-10-18 11:59,10850.06940833223116869455455,4696.718585421040133341469124
1666108799999,2022-10-18 15:59,10850.06940833223116869455455,4651.446229059170902278342729
1666123199999,2022-10-18 19:59,10850.06940833223116869455455,4613.323150311345926709223672
1666137599999,2022-10-18 23:59,10850.06940833223116869455455,4640.026110318402425654772241
1666151999999,2022-10-19 03:59,10850.06940833223116869455455,4629.028514364763495359927505
1666166399999,2022-10-19 07:59,10850.06940833223116869455455,4613.779282865633505132279883
1666180799999,2022-10-19 11:59,10850.06940833223116869455455,4609.633278016924831781658434
1666195199999,2022-10-19 15:59,10850.06940833223116869455455,4625.379453930462867975477822
1666209599999,2022-10-19 19:59,10850.06940833223116869455455,4617.255493068835681745887212
1666223999999,2022-10-19 23:59,10850.06940833223116869455455,4591.179115149511066844642175
1666238399999,2022-10-20 03:59,10850.06940833223116869455455,4571.522202757370581960514541
1666252799999,2022-10-20 07:59,10850.06940833223116869455455,4596.453447895667960504928987
1666267199999,2022-10-20 11:59,10850.06940833223116869455455,4611.373783816180065238057131
1666281599999,2022-10-20 15:59,10850.06940833223116869455455,4622.227337910570286557199905
1666295999999,2022-10-20 19:59,10850.06940833223116869455455,4576.738918759827992030520568
1666310399999,2022-10-20 23:59,10850.06940833223116869455455,4571.481390897250114417398985
1666324799999,2022-10-21 03:59,10850.06940833223116869455455,4573.846078086583086768506181
1666339199999,2022-10-21 07:59,10850.06940833223116869455455,4568.106009995522034086783028
1666353599999,2022-10-21 11:59,10850.06940833223116869455455,4548.369874580794759266019316
1666367999999,2022-10-21 15:59,10850.06940833223116869455455,4601.809404362065789251446910
1666382399999,2022-10-21 19:59,10850.06940833223116869455455,4606.843667342808167952230452
1666396799999,2022-10-21 23:59,10850.06940833223116869455455,4600.877933672257471208574227
1666411199999,2022-10-22 03:59,10850.06940833223116869455455,4597.721016257056599491106245
1666425599999,2022-10-22 07:59,10850.06940833223116869455455,4600.688278557580004390566645
1666439999999,2022-10-22 11:59,10850.06940833223116869455455,4604.308530620030889979875936
1666454399999,2022-10-22 15:59,10850.06940833223116869455455,4617.990106551004097521967214
1666468799999,2022-10-22 19:59,10850.06940833223116869455455,4605.549691307223932320507835
1666483199999,2022-10-22 23:59,10850.06940833223116869455455,4610.475922893529779289514907
1666497599999,2022-10-23 03:59,10850.06940833223116869455455,4608.853051279327658163272811
1666511999999,2022-10-23 07:59,10850.06940833223116869455455,4600.397794141428441289567690
1666526399999,2022-10-23 11:59,10850.06940833223116869455455,4597.855455325688727868428075
1666540799999,2022-10-23 15:59,10850.06940833223116869455455,4607.064531526989521714973460
1666555199999,2022-10-23 19:59,10850.06940833223116869455455,4681.411737178210659523540717
1666569599999,2022-10-23 23:59,10850.06940833223116869455455,4698.353460523512980215686384
1666583999999,2022-10-24 03:59,10850.06940833223116869455455,4655.517812280601075991518164
1666598399999,2022-10-24 07:59,10850.06940833223116869455455,4638.816158700713270258875767
1666612799999,2022-10-24 11:59,10850.06940833223116869455455,4663.118421053624619609391649
1666627199999,2022-10-24 15:59,10850.06940833223116869455455,4633.909132695640584486628956
1666641599999,2022-10-24 19:59,10850.06940833223116869455455,4643.816811914297616865328852
1666655999999,2022-10-24 23:59,10850.06940833223116869455455,4640.573469383547519762439693
1666670399999,2022-10-25 03:59,10850.06940833223116869455455,4643.526327498146053764329897
1666684799999,2022-10-25 07:59,10850.06940833223116869455455,4635.059066871976111142649613
1666699199999,2022-10-25 11:59,10850.06940833223116869455455,4633.949944555761052029744512
1666713599999,2022-10-25 15:59,10850.06940833223116869455455,4741.105084348529804204028459
1666727999999,2022-10-25 19:59,10850.06940833223116869455455,4867.060087470909222857013371
1666742399999,2022-10-25 23:59,10767.96785048169451314107397,4820.709817862328819625717299
1666756799999,2022-10-26 03:59,10735.74389320105821880768107,4861.785754724752329196726559
1666771199999,2022-10-26 07:59,10735.74389320105821880768107,4884.253884069896784256637469
1666785599999,2022-10-26 11:59,10735.74389320105821880768107,4947.404235862184944353972279
1666799999999,2022-10-26 15:59,10735.74389320105821880768107,5004.744899331441842431327988
1666814399999,2022-10-26 19:59,10735.74389320105821880768107,4984.790300430187358997416300
1666828799999,2022-10-26 23:59,10735.74389320105821880768107,4986.722862041774204421417613
1666843199999,2022-10-27 03:59,10735.74389320105821880768107,4982.819327656134191179894465
1666857599999,2022-10-27 07:59,10735.74389320105821880768107,4971.941766585202518364801364
1666871999999,2022-10-27 11:59,10735.74389320105821880768107,4951.012484436365104195306406
1666886399999,2022-10-27 15:59,10708.08022455150472504876892,4936.668315952847835364986106
1666900799999,2022-10-27 19:59,10731.92786198571670506061220,4952.632955352913080171953469
1666915199999,2022-10-27 23:59,10675.71557374793132360412446,4872.334420217066116517300182
1666929599999,2022-10-28 03:59,10684.80038800858350646577904,4871.782259756612732110442665
1666943999999,2022-10-28 07:59,10655.27474166146391216540164,4820.695413676403948728147103
1666958399999,2022-10-28 11:59,10667.19856037856990217132329,4843.197152788706435882388471
1666972799999,2022-10-28 15:59,10693.31740137794492789858022,4917.822839367808411043979520
1666987199999,2022-10-28 19:59,10726.24985307280909077207809,4947.740333533765265297276855
1667001599999,2022-10-28 23:59,10748.96188872443954792621455,4943.570321708515140450705079
1667015999999,2022-10-29 03:59,10742.71607892024117220882702,4982.564853704794805322821000
1667030399999,2022-10-29 07:59,10739.30927357249660363570655,4986.886109482256074593879835
1667044799999,2022-10-29 11:59,10729.08885752926289791634514,4969.269790096138966865529984
1667059199999,2022-10-29 15:59,10729.65665842055365934519855,5023.151048245772704376443593
1667073599999,2022-10-29 19:59,10733.06346376829822791831902,5002.416222606921047324146282
1667087999999,2022-10-29 23:59,10724.54645039893680648551785,4995.864718708758934079302082
1667102399999,2022-10-30 03:59,10712.05483079054005505074280,4987.661534824544957913075393
1667116799999,2022-10-30 07:59,10726.24985307280909077207809,5005.750791648528660111646683
1667131199999,2022-10-30 11:59,10696.15640583439873504284727,4986.302739952298803242286893
1667145599999,2022-10-30 15:59,10668.33416216115142502903011,4963.942642001590879914152454
1667159999999,2022-10-30 19:59,10677.98677731309436931953811,4956.930204153832897947061977
1667174399999,2022-10-30 23:59,10656.97814433533619645196188,4952.126408147888453607401572
1667188799999,2022-10-31 03:59,10621.47315405116044772727141,4925.380235583057341969142416
1667203199999,2022-10-31 07:59,10621.47315405116044772727141,4932.721569009433209430752370
1667217599999,2022-10-31 11:59,10621.47315405116044772727141,4976.867998171508365333808436
1667231999999,2022-10-31 15:59,10621.47315405116044772727141,4897.882644652478798507638029
1667246399999,2022-10-31 19:59,10621.47315405116044772727141,4890.726164945472107564845591
1667260799999,2022-10-31 23:59,10621.47315405116044772727141,4919.299268425107678044924622
1667275199999,2022-11-01 03:59,10621.47315405116044772727141,4917.337898441671090825782917
1667289599999,2022-11-01 07:59,10621.47315405116044772727141,4945.411656809244470190095149
1667303999999,2022-11-01 11:59,10621.47315405116044772727141,4926.993504406642882497004381
1667318399999,2022-11-01 15:59,10621.47315405116044772727141,4908.078407589633248837741847
1667332799999,2022-11-01 19:59,10621.47315405116044772727141,4909.866927341971385286041198
1667347199999,2022-11-01 23:59,10621.47315405116044772727141,4917.589971695356331533261349
1667361599999,2022-11-02 03:59,10621.47315405116044772727141,4926.405333481377320846221373
1667375999999,2022-11-02 07:59,10621.47315405116044772727141,4902.710447634964694343248760
1667390399999,2022-11-02 11:59,10621.47315405116044772727141,4905.036723661831344300835433
1667404799999,2022-11-02 15:59,10621.47315405116044772727141,4899.683167893087660703912543
1667419199999,2022-11-02 19:59,10621.47315405116044772727141,4861.668120539699216866569958
1667433599999,2022-11-02 23:59,10621.47315405116044772727141,4837.939624926128558269266888
1667447999999,2022-11-03 03:59,10621.47315405116044772727141,4876.060302976299388688790911
1667462399999,2022-11-03 07:59,10621.47315405116044772727141,4874.250176945073945894136266
1667476799999,2022-11-03 11:59,10621.47315405116044772727141,4832.850145899340841127797593
1667491199999,2022-11-03 15:59,10621.47315405116044772727141,4861.173576822945316049993224
1667505599999,2022-11-03 19:59,10621.47315405116044772727141,4864.512947259861219136683691
1667519999999,2022-11-03 23:59,10621.47315405116044772727141,4851.378730394033105702259865
1667534399999,2022-11-04 03:59,10621.47315405116044772727141,4878.739481558325375636847389
1667548799999,2022-11-04 07:59,10621.47315405116044772727141,4948.304497482489375452109536
1667563199999,2022-11-04 11:59,10621.47315405116044772727141,4935.556792938978631102485973
1667577599999,2022-11-04 15:59,10621.47315405116044772727141,5002.833943998742303353681970
1667591999999,2022-11-04 19:59,10621.47315405116044772727141,5067.614369498195020026043973
1667606399999,2022-11-04 23:59,10621.47315405116044772727141,5077.212358719467328106984652
1667620799999,2022-11-05 03:59,10621.47315405116044772727141,5148.294615561051062466307457
1667635199999,2022-11-05 07:59,10621.47315405116044772727141,5133.844816380751407053805719
1667649599999,2022-11-05 11:59,10621.47315405116044772727141,5138.696626339778754385366778
1667663999999,2022-11-05 15:59,10621.47315405116044772727141,5113.390872367434732504127233
1667678399999,2022-11-05 19:59,10621.47315405116044772727141,5121.046697186503614562686469
1667692799999,2022-11-05 23:59,10621.47315405116044772727141,5113.426882832246909748052723
1667707199999,2022-11-06 03:59,10621.47315405116044772727141,5097.704713895250325050183661
1667721599999,2022-11-06 07:59,10621.47315405116044772727141,5088.248365835572580795349911
1667735999999,2022-11-06 11:59,10621.47315405116044772727141,5102.794192922038042191652956
1667750399999,2022-11-06 15:59,10621.47315405116044772727141,5099.438017601543123057797261
1667764799999,2022-11-06 19:59,10621.47315405116044772727141,5088.250766533226725944944943
1667779199999,2022-11-06 23:59,10621.47315405116044772727141,5018.889809909665063845260575
1667793599999,2022-11-07 03:59,10621.47315405116044772727141,5020.867984776680667111567508
1667807999999,2022-11-07 07:59,10621.47315405116044772727141,4954.109384410212347172898571
1667822399999,2022-11-07 11:59,10621.47315405116044772727141,4977.569001886518749015557980
1667836799999,2022-11-07 15:59,10621.47315405116044772727141,4985.128798799421825090315909
1667851199999,2022-11-07 19:59,10621.47315405116044772727141,5004.948958632044180146905766
1667865599999,2022-11-07 23:59,10621.47315405116044772727141,4943.399872175070834829457758
1667879999999,2022-11-08 03:59,10621.47315405116044772727141,4837.176203072110400698046494
1667894399999,2022-11-08 07:59,10621.47315405116044772727141,4752.729262389900618543176725
1667908799999,2022-11-08 11:59,10621.47315405116044772727141,4729.236035146436184606186858
1667923199999,2022-11-08 15:59,10621.47315405116044772727141,4686.486812019073505767439816
1667937599999,2022-11-08 19:59,10621.47315405116044772727141,4382.959405512539807018672206
1667951999999,2022-11-08 23:59,10621.47315405116044772727141,4452.721278644343709100727033
1667966399999,2022-11-09 03:59,10621.47315405116044772727141,4396.652984931783740308738648
1667980799999,2022-11-09 07:59,10621.47315405116044772727141,4379.137494847140728863380170
1667995199999,2022-11-09 11:59,10621.47315405116044772727141,4277.674409192350126378918722
1668009599999,2022-11-09 15:59,10621.47315405116044772727141,4109.145433871360624807624153
1668023999999,2022-11-09 19:59,10621.47315405116044772727141,4029.576710822373786629860803
1668038399999,2022-11-09 23:59,10621.47315405116044772727141,3822.677384895182359081158812
1668052799999,2022-11-10 03:59,10621.47315405116044772727141,3929.935754687079352688029164
1668067199999,2022-11-10 07:59,10621.47315405116044772727141,4021.764840655785469847624442
1668081599999,2022-11-10 11:59,10621.47315405116044772727141,3936.652906723377481254930620
1668095999999,2022-11-10 15:59,10621.47315405116044772727141,4214.291189727609886770865742
1668110399999,2022-11-10 19:59,10621.47315405116044772727141,4190.658722020205034157363979
1668124799999,2022-11-10 23:59,10621.47315405116044772727141,4225.596074980979396213874661
1668139199999,2022-11-11 03:59,10621.47315405116044772727141,4096.671408860422427511834316
1668153599999,2022-11-11 07:59,10621.47315405116044772727141,4178.285526310740933144565515
1668167999999,2022-11-11 11:59,10621.47315405116044772727141,4165.470602232914124606281036
1668182399999,2022-11-11 15:59,10621.47315405116044772727141,4050.373954600233217571628963
1668196799999,2022-11-11 19:59,10621.47315405116044772727141,4045.068412784572436966606727
1668211199999,2022-11-11 23:59,10621.47315405116044772727141,4098.157440708338275111159549
1668225599999,2022-11-12 03:59,10621.47315405116044772727141,4059.057278015276223656862189
1668239999999,2022-11-12 07:59,10621.47315405116044772727141,4038.550518653568355816092984
1668254399999,2022-11-12 11:59,10621.47315405116044772727141,4049.329651120680077497789745
1668268799999,2022-11-12 15:59,10621.47315405116044772727141,4065.851252376506997010804691
1668283199999,2022-11-12 19:59,10621.47315405116044772727141,4055.187353396794242509669499
1668297599999,2022-11-12 23:59,10621.47315405116044772727141,4036.164225185348077118630494
1668311999999,2022-11-13 03:59,10621.47315405116044772727141,4060.776177535644150766905592
1668326399999,2022-11-13 07:59,10621.47315405116044772727141,4027.260037586123717270654261
1668340799999,2022-11-13 11:59,10621.47315405116044772727141,3999.469561541739465558555886
1668355199999,2022-11-13 15:59,10621.47315405116044772727141,3980.638489142624912135119496
1668369599999,2022-11-13 19:59,10621.47315405116044772727141,3974.351061986418765345728891
1668383999999,2022-11-13 23:59,10621.47315405116044772727141,3920.395382209506528197369269
1668398399999,2022-11-14 03:59,10621.47315405116044772727141,3874.767722594823814994178036
1668412799999,2022-11-14 07:59,10621.47315405116044772727141,4039.213111206112417104322005
1668427199999,2022-11-14 11:59,10621.47315405116044772727141,4021.212680195332085440766925
1668441599999,2022-11-14 15:59,10621.47315405116044772727141,3984.251539112113362275643688
1668455999999,2022-11-14 19:59,10621.47315405116044772727141,3903.196784215210676498555105
1668470399999,2022-11-14 23:59,10621.47315405116044772727141,3989.921986971204205619110893
1668484799999,2022-11-15 03:59,10621.47315405116044772727141,4038.800191209599451373976383
1668499199999,2022-11-15 07:59,10621.47315405116044772727141,4043.978496049590539050461887
1668513599999,2022-11-15 11:59,10621.47315405116044772727141,4028.851700130821951452160932
1668527999999,2022-11-15 15:59,10621.47315405116044772727141,4078.164430644617469283727338
1668542399999,2022-11-15 19:59,10621.47315405116044772727141,4047.373082532551780577838106
1668556799999,2022-11-15 23:59,10621.47315405116044772727141,4057.407998726878505885074734
1668571199999,2022-11-16 03:59,10621.47315405116044772727141,4074.073641841954134373791641
1668585599999,2022-11-16 07:59,10621.47315405116044772727141,4039.191504927225110757966711
1668599999999,2022-11-16 11:59,10621.47315405116044772727141,4011.153757024463908637579969
1668614399999,2022-11-16 15:59,10621.47315405116044772727141,3944.846487816974876822777178
1668628799999,2022-11-16 19:59,10621.47315405116044772727141,3974.898421051563859453396343
1668643199999,2022-11-16 23:59,10621.47315405116044772727141,4000.317007813652703365602424
1668657599999,2022-11-17 03:59,10621.47315405116044772727141,3967.528279253338250196645997
1668671999999,2022-11-17 07:59,10621.47315405116044772727141,3988.107059544670472525266182
1668686399999,2022-11-17 11:59,10621.47315405116044772727141,3984.069086090398330906421204
1668700799999,2022-11-17 15:59,10621.47315405116044772727141,3970.056213883153092720215415
1668715199999,2022-11-17 19:59,10621.47315405116044772727141,3990.186063713160172074564489
1668729599999,2022-11-17 23:59,10621.47315405116044772727141,4007.471086823005249158799829
1668743999999,2022-11-18 03:59,10621.47315405116044772727141,4046.463218121630768881320718
1668758399999,2022-11-18 07:59,10621.47315405116044772727141,4020.084352297883865131101562
1668772799999,2022-11-18 11:59,10668.11899361770700515324702,4021.231885776565246637527186
1668787199999,2022-11-18 15:59,10641.63586887140784411918394,4008.503386814287663484663884
1668801599999,2022-11-18 19:59,10639.64251539587995027791038,3998.782962012653952774376538
1668815999999,2022-11-18 23:59,10640.49680974253476192417048,4009.365237272125772189280618
1668830399999,2022-11-19 03:59,10629.10621845380393997403582,3992.140231603634323844921095
1668844799999,2022-11-19 07:59,10670.96664143988971064078068,3985.084581198101729185120030
1668859199999,2022-11-19 11:59,10660.14557971559542978815276,4003.557949646748655318896550
1668873599999,2022-11-19 15:59,10655.87410798232137155685226,3998.610111781555502003534184
1668887999999,2022-11-19 19:59,10655.30457841788483045934553,3991.811336025016438350401617
1668902399999,2022-11-19 23:59,10679.22482012421955655462831,4009.420453318171110629966370
1668916799999,2022-11-20 03:59,10667.54946405327046405574029,4004.453409871744796117843742
1668931199999,2022-11-20 07:59,10661.28463884446851198316623,4014.754803505681633030128999
1668945599999,2022-11-20 11:59,10600.91450501419515564745255,3967.336223441006638229043382
1668959999999,2022-11-20 15:59,10620.27851020503755296268146,3980.576071003617138245648646
1668974399999,2022-11-20 19:59,10627.39762976049431668151562,3982.321378198180662001237409
1668988799999,2022-11-20 23:59,10626.25857063162123448650216,3908.483120449638295906817080
1669003199999,2022-11-21 03:59,10542.49462155930163430961712,3858.913515286849247068582176
1669017599999,2022-11-21 07:59,10542.49462155930163430961712,3850.746341867447448146280978
1669031999999,2022-11-21 11:59,10542.49462155930163430961712,3861.475059683822121686482053
1669046399999,2022-11-21 15:59,10542.49462155930163430961712,3872.525470985852245272417507
1669060799999,2022-11-21 19:59,10542.49462155930163430961712,3774.704243672399834723620644
1669075199999,2022-11-21 23:59,10542.49462155930163430961712,3788.702711693720202012256237
1669089599999,2022-11-22 03:59,10542.49462155930163430961712,3804.674553186747882268008698
1669103999999,2022-11-22 07:59,10542.49462155930163430961712,3783.692455689519274807423021
1669118399999,2022-11-22 11:59,10542.49462155930163430961712,3780.681980831221257215252033
1669132799999,2022-11-22 15:59,10542.49462155930163430961712,3899.137204482051228533354833
1669147199999,2022-11-22 19:59,10542.49462155930163430961712,3881.631317188024797686376486
1669161599999,2022-11-22 23:59,10542.49462155930163430961712,3895.689802650698793714887896
1669175999999,2022-11-23 03:59,10542.49462155930163430961712,3982.021290991412518301858323
1669190399999,2022-11-23 07:59,10542.49462155930163430961712,3981.370701927139182761604465
1669204799999,2022-11-23 11:59,10542.49462155930163430961712,3981.834036574389196633445773
1669219199999,2022-11-23 15:59,10542.49462155930163430961712,3943.744567593722253158657175
1669233599999,2022-11-23 19:59,10542.49462155930163430961712,3954.838191453526989437303217
1669247999999,2022-11-23 23:59,10542.49462155930163430961712,3985.996846306676886031232451
1669262399999,2022-11-24 03:59,10545.09034379937704926506153,4012.154847946242436018708600
1669276799999,2022-11-24 07:59,10519.18128638452210095872016,3990.987896729644652039305406
1669291199999,2022-11-24 11:59,10529.54490935046408028125671,3978.554683578826922286631124
1669305599999,2022-11-24 15:59,10534.72672083343506994252498,3975.193706863023712853585363
1669319999999,2022-11-24 19:59,10542.86956744953233941023227,3979.827053335523851571998448
1669334399999,2022-11-24 23:59,10548.79163771578489902311030,3984.998156082552503799698854
1669348799999,2022-11-25 03:59,10538.42801474984291970057375,3957.750237708005055896077866
1669363199999,2022-11-25 07:59,10517.70076881795896105550065,3952.038977988793745009495105
1669377599999,2022-11-25 11:59,10539.90853231640605960379326,3968.839060172501501875533843
1669391999999,2022-11-25 15:59,10548.05137893250332907150055,3964.364159745174943030392916
1669406399999,2022-11-25 19:59,10557.67474311516373844242734,3966.815272050057140766921289
1669420799999,2022-11-25 23:59,10553.23319041547431873276882,3966.558397401063609760252791
1669435199999,2022-11-26 03:59,10619.11622212753404442603689,3991.441628586278085312766583
1669449599999,2022-11-26 07:59,10639.10320927613643311950023,3981.349095648251876415249171
1669463999999,2022-11-26 11:59,10653.16812615848626220008555,3980.523255655225944954557927
1669478399999,2022-11-26 15:59,10642.80450319254428287754900,3964.330549978016910936062459
1669492799999,2022-11-26 19:59,10643.54476197582585282915876,3958.465645608940310475397606
1669507199999,2022-11-26 23:59,10631.70062144332073360340270,3951.297162413662893784630005
1669521599999,2022-11-27 03:59,10659.83045520802039176457333,3967.777951809369345754529396
1669535999999,2022-11-27 07:59,10648.72657345879684249042703,3976.362846620592400706366282
1669550399999,2022-11-27 11:59,10644.28502075910742278076851,3973.465204552039205145161829
1669564799999,2022-11-27 15:59,10647.98631467551527253881728,3979.075634969776419748753217
1669579199999,2022-11-27 19:59,10635.40191535972858336145147,3974.540717101096232163736473
1669593599999,2022-11-27 23:59,10603.57078767862107544223206,3944.145484101964493141027633
1669607999999,2022-11-28 03:59,10531.02092326856847841614256,3883.993603679703624887888649
1669622399999,2022-11-28 07:59,10531.02092326856847841614256,3894.518262195475960712511945
1669636799999,2022-11-28 11:59,10531.02092326856847841614256,3892.412850352790664517668279
1669651199999,2022-11-28 15:59,10531.02092326856847841614256,3876.320973977055726782164184
1669665599999,2022-11-28 19:59,10531.02092326856847841614256,3895.164049864441005953575738
1669679999999,2022-11-28 23:59,10531.02092326856847841614256,3892.321623841933148833057037
1669694399999,2022-11-29 03:59,10531.02092326856847841614256,3910.266838806668142055926366
1669708799999,2022-11-29 07:59,10531.02092326856847841614256,3952.435093101727694692675499
1669723199999,2022-11-29 11:59,10531.02092326856847841614256,3960.676688148407993252422710
1669737599999,2022-11-29 15:59,10531.02092326856847841614256,3935.671021382832115070562251
1669751999999,2022-11-29 19:59,10531.02092326856847841614256,3943.612529222744269930930377
1669766399999,2022-11-29 23:59,10531.02092326856847841614256,3947.446443376414073834197577
1669780799999,2022-11-30 03:59,10531.02092326856847841614256,4044.127339304147538325353914
1669795199999,2022-11-30 07:59,10531.02092326856847841614256,4053.473255271734605698816161
1669809599999,2022-11-30 11:59,10531.02092326856847841614256,4052.306516211820062995630276
1669823999999,2022-11-30 15:59,10531.02092326856847841614256,4049.022361820949498349625561
1669838399999,2022-11-30 19:59,10531.02092326856847841614256,4096.366520258345993513265165
1669852799999,2022-11-30 23:59,10531.02092326856847841614256,4120.563151914474956281599609
1669867199999,2022-12-01 03:59,10531.02092326856847841614256,4117.523868684327196894288228
1669881599999,2022-12-01 07:59,10531.02092326856847841614256,4098.133433731796823615209222
1669895999999,2022-12-01 11:59,10531.02092326856847841614256,4105.878084364069076208784667
1669910399999,2022-12-01 15:59,10531.02092326856847841614256,4075.917377640337609262776744
1669924799999,2022-12-01 19:59,10531.02092326856847841614256,4069.706772809064107260427185
1669939199999,2022-12-01 23:59,10531.02092326856847841614256,4075.845356710713254774925764
1669953599999,2022-12-02 03:59,10531.02092326856847841614256,4057.758500584383697725949506
1669967999999,2022-12-02 07:59,10531.02092326856847841614256,4070.671853266030457397630325
1669982399999,2022-12-02 11:59,10531.02092326856847841614256,4080.538720624567022233214665
1669996799999,2022-12-02 15:59,10531.02092326856847841614256,4066.619475625833444881215151
1670011199999,2022-12-02 19:59,10531.02092326856847841614256,4078.159629249309178984537273
1670025599999,2022-12-02 23:59,10531.02092326856847841614256,4103.542205546585845652817864
1670039999999,2022-12-03 03:59,10531.02092326856847841614256,4086.293192901552945812508014
1670054399999,2022-12-03 07:59,10531.02092326856847841614256,4072.758059527482592395713729
1670068799999,2022-12-03 11:59,10531.02092326856847841614256,4067.697388872544617049384827
1670083199999,2022-12-03 15:59,10531.02092326856847841614256,4072.033048835930757218013858
1670097599999,2022-12-03 19:59,10531.02092326856847841614256,4070.090884433727331195632415
1670111999999,2022-12-03 23:59,10531.02092326856847841614256,4053.718126432457410957509495
1670126399999,2022-12-04 03:59,10531.02092326856847841614256,4071.588919769913904542932811
1670140799999,2022-12-04 07:59,10531.02092326856847841614256,4080.411483648897329304677933
1670155199999,2022-12-04 11:59,10531.02092326856847841614256,4068.948152350354239988396856
1670169599999,2022-12-04 15:59,10531.02092326856847841614256,4088.451420092629435298442399
1670183999999,2022-12-04 19:59,10531.02092326856847841614256,4101.811302537947192794799297
1670198399999,2022-12-04 23:59,10531.02092326856847841614256,4106.653509706357959527980225
1670212799999,2022-12-05 03:59,10531.02092326856847841614256,4128.543070916853433535488257
1670227199999,2022-12-05 07:59,10531.02092326856847841614256,4156.643236958622409545345849
1670241599999,2022-12-05 11:59,10531.02092326856847841614256,4155.822198360904768383844670
1670255999999,2022-12-05 15:59,10531.02092326856847841614256,4101.424790215629823709999035
1670270399999,2022-12-05 19:59,10531.02092326856847841614256,4063.669018208889056028919979
1670284799999,2022-12-05 23:59,10531.02092326856847841614256,4073.199787895845299921199743
1670299199999,2022-12-06 03:59,10531.02092326856847841614256,4082.209606191852046351357415
1670313599999,2022-12-06 07:59,10531.02092326856847841614256,4081.559017127578710811103557
1670327999999,2022-12-06 11:59,10531.02092326856847841614256,4077.413012278870037460482108
1670342399999,2022-12-06 15:59,10531.02092326856847841614256,4077.741907857487922955001586
1670356799999,2022-12-06 19:59,10531.02092326856847841614256,4074.299307421443778435724714
1670371199999,2022-12-06 23:59,10531.02092326856847841614256,4102.634741833318979105895508
1670385599999,2022-12-07 03:59,10531.02092326856847841614256,4087.287081730369037744851546
1670399999999,2022-12-07 07:59,10531.02092326856847841614256,4024.388803191766118354995168
1670414399999,2022-12-07 11:59,10531.02092326856847841614256,4031.653314293209341029564077
1670428799999,2022-12-07 15:59,10531.02092326856847841614256,4042.261997226876757090013517
1670443199999,2022-12-07 19:59,10531.02092326856847841614256,4037.040479829111056720817424
1670457599999,2022-12-07 23:59,10531.02092326856847841614256,4042.060338623928564524030771
1670471999999,2022-12-08 03:59,10531.02092326856847841614256,4041.503376768166889817983188
1670486399999,2022-12-08 07:59,10531.02092326856847841614256,4039.397964925481593623139522
1670500799999,2022-12-08 11:59,10531.02092326856847841614256,4045.512541850589289641687774
1670515199999,2022-12-08 15:59,10531.02092326856847841614256,4061.448372878804792653514745
1670529599999,2022-12-08 19:59,10531.02092326856847841614256,4141.684489875643982418697182
1670543999999,2022-12-08 23:59,10531.02092326856847841614256,4135.077769931436530733167229
1670558399999,2022-12-09 03:59,10531.02092326856847841614256,4129.930674160949330001417150
1670572799999,2022-12-09 07:59,10531.02092326856847841614256,4132.156120886341883676012450
1670587199999,2022-12-09 11:59,10531.02092326856847841614256,4139.240579663724220130953907
1670601599999,2022-12-09 15:59,10531.02092326856847841614256,4124.850797924778193458327986
1670615999999,2022-12-09 19:59,10531.02092326856847841614256,4115.528888933732577580816066
1670630399999,2022-12-09 23:59,10531.02092326856847841614256,4112.141504543733771502224946
1670644799999,2022-12-10 03:59,10531.02092326856847841614256,4116.107457068381558633218943
1670659199999,2022-12-10 07:59,10531.02092326856847841614256,4118.263283561803902969558295
1670673599999,2022-12-10 11:59,10531.02092326856847841614256,4121.756298648585095630330854
1670687999999,2022-12-10 15:59,10531.02092326856847841614256,4131.140625778638485397313624
1670702399999,2022-12-10 19:59,10531.02092326856847841614256,4123.482400261915458189159355
1670716799999,2022-12-10 23:59,10531.02092326856847841614256,4111.884629894740240495556448
1670731199999,2022-12-11 03:59,10531.02092326856847841614256,4118.155252167367371237781824
1670745599999,2022-12-11 07:59,10531.02092326856847841614256,4124.701954670221194183435960
1670759999999,2022-12-11 11:59,10531.02092326856847841614256,4121.473016325395967978116997
1670774399999,2022-12-11 15:59,10531.02092326856847841614256,4118.133645888480064891426530
1670788799999,2022-12-11 19:59,10531.02092326856847841614256,4123.873713979541117573149683
1670803199999,2022-12-11 23:59,10531.02092326856847841614256,4101.696069050548225614237728
1670817599999,2022-12-12 03:59,10531.02092326856847841614256,4061.825282410505581139934876
1670831999999,2022-12-12 07:59,10531.02092326856847841614256,4063.018429144615720488666121
1670846399999,2022-12-12 11:59,10531.02092326856847841614256,4078.546141571626548069337535
1670860799999,2022-12-12 15:59,10531.02092326856847841614256,4083.873289666174635020715066
1670875199999,2022-12-12 19:59,10531.02092326856847841614256,4091.653950763259064858216002
1670889599999,2022-12-12 23:59,10531.02092326856847841614256,4131.651974378971402261055586
1670903999999,2022-12-13 03:59,10531.02092326856847841614256,4117.857565658253372687997771
1670918399999,2022-12-13 07:59,10531.02092326856847841614256,4120.930458655559164169639610
1670932799999,2022-12-13 11:59,10531.02092326856847841614256,4188.020355298299514752423057
1670947199999,2022-12-13 15:59,10531.02092326856847841614256,4262.036264673248621916875804
1670961599999,2022-12-13 19:59,10531.02092326856847841614256,4259.136221907041281206076319
1670975999999,2022-12-13 23:59,10531.02092326856847841614256,4267.260182768668467435666929
1670990399999,2022-12-14 03:59,10531.02092326856847841614256,4268.935869731261781852999744
1671004799999,2022-12-14 07:59,10531.02092326856847841614256,4274.776767123796930817714270
1671019199999,2022-12-14 11:59,10531.02092326856847841614256,4279.318887085439553851516112
1671033599999,2022-12-14 15:59,10531.02092326856847841614256,4336.191414512138147757840447
1671047999999,2022-12-14 19:59,10531.02092326856847841614256,4271.629452499212639698626418
1671062399999,2022-12-14 23:59,10531.02092326856847841614256,4274.090167594711418033534921
1671076799999,2022-12-15 03:59,10531.02092326856847841614256,4256.423433557857262163689384
1671091199999,2022-12-15 07:59,10531.02092326856847841614256,4247.274374797910097057019817
1671105599999,2022-12-15 11:59,10531.02092326856847841614256,4254.207589623081289087474215
1671119999999,2022-12-15 15:59,10531.02092326856847841614256,4184.280068353141371683362132
1671134399999,2022-12-15 19:59,10531.02092326856847841614256,4187.448989256612969148805278
1671148799999,2022-12-15 23:59,10531.02092326856847841614256,4166.824595709851988977879471
1671163199999,2022-12-16 03:59,10531.02092326856847841614256,4183.490238824927617466596378
1671177599999,2022-12-16 07:59,10531.02092326856847841614256,4202.117251923439833174454990
1671191999999,2022-12-16 11:59,10531.02092326856847841614256,4087.781625447122938561428279
1671206399999,2022-12-16 15:59,10531.02092326856847841614256,4074.637805790678244528624322
1671220799999,2022-12-16 19:59,10531.02092326856847841614256,4048.823103915655450933237848
1671235199999,2022-12-16 23:59,10531.02092326856847841614256,3992.961270201351965006422274
1671249599999,2022-12-17 03:59,10531.02092326856847841614256,4003.699590808343219145003479
1671263999999,2022-12-17 07:59,10531.02092326856847841614256,4020.189982994666251713283000
1671278399999,2022-12-17 11:59,10531.02092326856847841614256,4011.230579349396553424621015
1671292799999,2022-12-17 15:59,10531.02092326856847841614256,4009.319624016697014346974997
1671307199999,2022-12-17 19:59,10531.02092326856847841614256,4007.247821941169750246461789
1671321599999,2022-12-17 23:59,10531.02092326856847841614256,4027.627344327207925158694262
1671335999999,2022-12-18 03:59,10531.02092326856847841614256,4019.104867654992644096328226
1671350399999,2022-12-18 07:59,10531.02092326856847841614256,4021.459952053709035849055291
1671364799999,2022-12-18 11:59,10531.02092326856847841614256,4011.981997715143985247866246
1671379199999,2022-12-18 15:59,10531.02092326856847841614256,4005.377678468590678711931327
1671393599999,2022-12-18 19:59,10531.02092326856847841614256,4021.457551356054890699460259
1671407999999,2022-12-18 23:59,10531.02092326856847841614256,4018.430271614177857060124041
1671422399999,2022-12-19 03:59,10531.02092326856847841614256,4004.808713124558278257908580
1671436799999,2022-12-19 07:59,10531.02092326856847841614256,4014.593956762853908007261809
1671451199999,2022-12-19 11:59,10531.02092326856847841614256,4017.530009993873425961986784
1671465599999,2022-12-19 15:59,10531.02092326856847841614256,4001.834248731072437909663082
1671479999999,2022-12-19 19:59,10531.02092326856847841614256,3974.624741518991312399562617
1671494399999,2022-12-19 23:59,10531.02092326856847841614256,3946.570188732651094232010646
1671508799999,2022-12-20 03:59,10531.02092326856847841614256,4015.796706287580627954373185
1671523199999,2022-12-20 07:59,10531.02092326856847841614256,4033.943579855263813743225259
1671537599999,2022-12-20 11:59,10531.02092326856847841614256,4036.685176576297574580752587
1671551999999,2022-12-20 15:59,10531.02092326856847841614256,4061.791672643347549045604419
1671566399999,2022-12-20 19:59,10531.02092326856847841614256,4057.343179890216586846008851
1671580799999,2022-12-20 23:59,10531.02092326856847841614256,4056.205249202151785937963358
1671595199999,2022-12-21 03:59,10531.02092326856847841614256,4042.170770716019241405402275
1671609599999,2022-12-21 07:59,10531.02092326856847841614256,4037.148511223547588452593895
1671623999999,2022-12-21 11:59,10531.02092326856847841614256,4052.102456911217725280052497
1671638399999,2022-12-21 15:59,10531.02092326856847841614256,4047.939647178930035882265820
1671652799999,2022-12-21 19:59,10531.02092326856847841614256,4022.749126693984981181587844
1671667199999,2022-12-21 23:59,10531.02092326856847841614256,4039.186703531916820458776646
1671681599999,2022-12-22 03:59,10531.02092326856847841614256,4045.939866033027126269603592
1671695999999,2022-12-22 07:59,10531.02092326856847841614256,4039.714857015828753369683837
1671710399999,2022-12-22 11:59,10531.02092326856847841614256,4041.618610255565856998544757
1671724799999,2022-12-22 15:59,10531.02092326856847841614256,3994.022378564484121127426721
1671739199999,2022-12-22 19:59,10531.02092326856847841614256,4000.165763861441558941115365
1671753599999,2022-12-22 23:59,10531.02092326856847841614256,4038.408877491973791989986055
1671767999999,2022-12-23 03:59,10531.02092326856847841614256,4040.041351896792493714608282
1671782399999,2022-12-23 07:59,10531.02092326856847841614256,4044.789931856691599613582935
1671796799999,2022-12-23 11:59,10531.02092326856847841614256,4043.832053492687684925164894
1671811199999,2022-12-23 15:59,10531.02092326856847841614256,4040.984826074871537505456128
1671825599999,2022-12-23 19:59,10531.02092326856847841614256,4044.016907212056861443982410
1671839999999,2022-12-23 23:59,10531.02092326856847841614256,4028.102682462728664778510734
1671854399999,2022-12-24 03:59,10531.02092326856847841614256,4043.023018383240769511638878
1671868799999,2022-12-24 07:59,10531.02092326856847841614256,4044.849949298045228353458752
1671883199999,2022-12-24 11:59,10531.02092326856847841614256,4039.124285392909046569305796
1671897599999,2022-12-24 15:59,10531.02092326856847841614256,4041.990718391958355185774823
1671911999999,2022-12-24 19:59,10531.02092326856847841614256,4043.728823493559443492578488
1671926399999,2022-12-24 23:59,10531.02092326856847841614256,4041.935502345913016745089071
1671940799999,2022-12-25 03:59,10531.02092326856847841614256,4040.980024679563247206266062
1671955199999,2022-12-25 07:59,10531.02092326856847841614256,4038.538515165297630068117821
1671969599999,2022-12-25 11:59,10531.02092326856847841614256,4038.428083073206953186746317
1671983999999,2022-12-25 15:59,10531.02092326856847841614256,4031.605300340126438037663423
1671998399999,2022-12-25 19:59,10531.02092326856847841614256,4031.840568710232662697976626
1672012799999,2022-12-25 23:59,10531.02092326856847841614256,4040.972822586600811757480964
1672027199999,2022-12-26 03:59,10531.02092326856847841614256,4055.876353623533900443443880
1672041599999,2022-12-26 07:59,10531.02092326856847841614256,4043.743227679484314390148684
1672055999999,2022-12-26 11:59,10531.02092326856847841614256,4048.638250196286274414420331
1672070399999,2022-12-26 15:59,10503.78951388825704811891090,4035.547245888232773672707094
1672084799999,2022-12-26 19:59,10515.34355577206119505513459,4043.107042801135849747465022
1672099199999,2022-12-26 23:59,10536.58808439712043297012654,4061.926111711979677422926249
1672113599999,2022-12-27 03:59,10524.28862045629666365092068,4051.631920171005275959426091
1672127999999,2022-12-27 07:59,10518.32524400013968458706329,4049.874609488171026455862165
1672142399999,2022-12-27 11:59,10516.08897782908081743811677,4041.042442818571021095736912
1672156799999,2022-12-27 15:59,10503.78951388825704811891090,4033.211367070749543116740290
1672171199999,2022-12-27 19:59,10440.10307984770040349391314,4007.036560547604977082098913
1672185599999,2022-12-27 23:59,10440.10307984770040349391314,4010.784049585725555599944936
1672199999999,2022-12-28 03:59,10440.10307984770040349391314,3997.409762954482927206017841
1672214399999,2022-12-28 07:59,10440.10307984770040349391314,3996.571919473186269997351434
1672228799999,2022-12-28 11:59,10440.10307984770040349391314,4004.210939408676136008745441
1672243199999,2022-12-28 15:59,10440.10307984770040349391314,3980.093530775133963177047076
1672257599999,2022-12-28 19:59,10440.10307984770040349391314,3984.270744693346523472403950
1672271999999,2022-12-28 23:59,10440.10307984770040349391314,3972.600953396546951290950062
1672286399999,2022-12-29 03:59,10440.10307984770040349391314,3975.246522211414906144676083
1672300799999,2022-12-29 07:59,10440.10307984770040349391314,3974.775985471202456824049676
1672315199999,2022-12-29 11:59,10440.10307984770040349391314,3984.938138641198875059823037
1672329599999,2022-12-29 15:59,10440.10307984770040349391314,3989.235387442118692834931545
1672343999999,2022-12-29 19:59,10440.10307984770040349391314,3988.227094427377730005017817
1672358399999,2022-12-29 23:59,10440.10307984770040349391314,3993.285364384661560201751686
1672372799999,2022-12-30 03:59,10440.10307984770040349391314,3985.029365152056390744434279
1672387199999,2022-12-30 07:59,10440.10307984770040349391314,3955.224703775844358522103480
1672401599999,2022-12-30 11:59,10440.10307984770040349391314,3960.347792569790107757903232
1672415999999,2022-12-30 15:59,10440.10307984770040349391314,3974.509508031592345219001048
1672430399999,2022-12-30 19:59,10440.10307984770040349391314,3967.333822743352493079448349
1672444799999,2022-12-30 23:59,10440.10307984770040349391314,3987.045951181538316404261735
1672459199999,2022-12-31 03:59,10440.10307984770040349391314,3973.837312688431703332391896
1672473599999,2022-12-31 07:59,10440.10307984770040349391314,3976.869393825617027270918178
1672487999999,2022-12-31 11:59,10440.10307984770040349391314,3977.363937542370928087494912
1672502399999,2022-12-31 15:59,10440.10307984770040349391314,3982.873538658634046408094926
1672516799999,2022-12-31 19:59,10440.10307984770040349391314,3978.081746140960327816409685
1672531199999,2022-12-31 23:59,10440.10307984770040349391314,3971.422210848361682839789014
1672545599999,2023-01-01 03:59,10440.10307984770040349391314,3969.175157844081822818838419
1672559999999,2023-01-01 07:59,10440.10307984770040349391314,3967.530679950992395346241029
1672574399999,2023-01-01 11:59,10440.10307984770040349391314,3974.845605703172666162305624
1672588799999,2023-01-01 15:59,10440.10307984770040349391314,3975.342550117580712128477390
1672603199999,2023-01-01 19:59,10440.10307984770040349391314,3985.989644213714450582447353
1672617599999,2023-01-01 23:59,10440.10307984770040349391314,3989.271397906930870078857035
1672631999999,2023-01-02 03:59,10440.10307984770040349391314,4000.120150606012801098809744
1672646399999,2023-01-02 07:59,10440.10307984770040349391314,4014.365890485710118795733704
1672660799999,2023-01-02 11:59,10440.10307984770040349391314,4017.686055341392860685663909
1672675199999,2023-01-02 15:59,10440.10307984770040349391314,4017.578023946956328953887438
1672689599999,2023-01-02 19:59,10440.10307984770040349391314,4018.274226266658422336446917
1672703999999,2023-01-02 23:59,10440.10307984770040349391314,4002.744113141993449606180470
1672718399999,2023-01-03 03:59,10440.10307984770040349391314,4007.291034498944362939172377
1672732799999,2023-01-03 07:59,10440.10307984770040349391314,4016.396880701116915353131356
1672747199999,2023-01-03 11:59,10440.10307984770040349391314,4014.305873044356490055857886
1672761599999,2023-01-03 15:59,10440.10307984770040349391314,4003.721197087230525491358773
1672775999999,2023-01-03 19:59,10440.10307984770040349391314,3995.662055062265258300834046
1672790399999,2023-01-03 23:59,10440.10307984770040349391314,4003.298674300100979162633020
1672804799999,2023-01-04 03:59,10440.10307984770040349391314,4048.153309270148954196223729
1672819199999,2023-01-04 07:59,10440.10307984770040349391314,4049.934626929524655195737982
1672833599999,2023-01-04 11:59,10440.10307984770040349391314,4041.750648626543840226271555
1672847999999,2023-01-04 15:59,10440.10307984770040349391314,4046.239953239795269968982678
1672862399999,2023-01-04 19:59,10440.10307984770040349391314,4043.433537682099590092389468
1672876799999,2023-01-04 23:59,10440.10307984770040349391314,4045.354095805415709768415617
1672891199999,2023-01-05 03:59,10440.10307984770040349391314,4039.916515618776945935666582
1672905599999,2023-01-05 07:59,10440.10307984770040349391314,4038.939431673539870050488279
1672919999999,2023-01-05 11:59,10440.10307984770040349391314,4041.330526537068439047140835
1672934399999,2023-01-05 15:59,10440.10307984770040349391314,4043.572778146040008768901363
1672948799999,2023-01-05 19:59,10440.10307984770040349391314,4048.592636940857516572114710
1672963199999,2023-01-05 23:59,10440.10307984770040349391314,4040.910404447593037868010114
1672977599999,2023-01-06 03:59,10440.10307984770040349391314,4041.320923746451858448760704
1672991999999,2023-01-06 07:59,10440.10307984770040349391314,4031.838168012578517548381593
1673006399999,2023-01-06 11:59,10440.10307984770040349391314,4018.432672311832002209719074
1673020799999,2023-01-06 15:59,10440.10307984770040349391314,4043.063830243361237054754434
1673035199999,2023-01-06 19:59,10440.10307984770040349391314,4066.852343298285524391933321
1673049599999,2023-01-06 23:59,10440.10307984770040349391314,4069.430692578837415056998426
1673063999999,2023-01-07 03:59,10440.10307984770040349391314,4069.865218854237687133699342
1673078399999,2023-01-07 07:59,10440.10307984770040349391314,4068.816113979376256760670058
1673092799999,2023-01-07 11:59,10440.10307984770040349391314,4061.664435667677856117067686
1673107199999,2023-01-07 15:59,10440.10307984770040349391314,4066.974778878646927021279988
1673121599999,2023-01-07 19:59,10440.10307984770040349391314,4067.846232127101616324276853
1673135999999,2023-01-07 23:59,10440.10307984770040349391314,4067.730998639702649143715284
1673150399999,2023-01-08 03:59,10440.10307984770040349391314,4067.839030034139180875491755
1673164799999,2023-01-08 07:59,10440.10307984770040349391314,4070.179710246930701730648624
1673179199999,2023-01-08 11:59,10440.10307984770040349391314,4063.853871928258232547737496
1673193599999,2023-01-08 15:59,10440.10307984770040349391314,4081.381365501171969741071138
1673207999999,2023-01-08 19:59,10440.10307984770040349391314,4063.813060068137765004621940
1673222399999,2023-01-08 23:59,10440.10307984770040349391314,4111.966253614981175581787560
1673236799999,2023-01-09 03:59,10440.10307984770040349391314,4128.571879288703175330628650
1673251199999,2023-01-09 07:59,10440.10307984770040349391314,4128.927182541516657470693487
1673265599999,2023-01-09 11:59,10440.10307984770040349391314,4138.638004552533787582600703
1673279999999,2023-01-09 15:59,10440.10307984770040349391314,4145.734466818186849785517323
1673294399999,2023-01-09 19:59,10440.10307984770040349391314,4151.784224906632626764999692
1673308799999,2023-01-09 23:59,10440.10307984770040349391314,4124.072971884835164989537396
1673323199999,2023-01-10 03:59,10440.10307984770040349391314,4130.665287643117745777497152
1673337599999,2023-01-10 07:59,10440.10307984770040349391314,4130.060311834273168079548915
1673351999999,2023-01-10 11:59,10440.10307984770040349391314,4141.989378477720416417266333
1673366399999,2023-01-10 15:59,10440.10307984770040349391314,4159.948997628380280537705858
1673380799999,2023-01-10 19:59,10440.10307984770040349391314,4185.192333461716528529474553
1673395199999,2023-01-10 23:59,10440.10307984770040349391314,4187.067278329603890363195081
1673409599999,2023-01-11 03:59,10440.10307984770040349391314,4181.180767681639983556174934
1673423999999,2023-01-11 07:59,10440.10307984770040349391314,4188.505296224436834970619660
1673438399999,2023-01-11 11:59,10440.10307984770040349391314,4186.368675312247651831040569
1673452799999,2023-01-11 15:59,10440.10307984770040349391314,4161.084527618790936296156318
1673467199999,2023-01-11 19:59,10440.10307984770040349391314,4213.386126711997165373538419
1673481599999,2023-01-11 23:59,10440.10307984770040349391314,4307.726342426939109009537887
1673495999999,2023-01-12 03:59,10440.10307984770040349391314,4375.286775809891908912947741
1673510399999,2023-01-12 07:59,10440.10307984770040349391314,4354.530343892152945514295137
1673524799999,2023-01-12 11:59,10440.10307984770040349391314,4369.553909811793291680009687
1673539199999,2023-01-12 15:59,10440.10307984770040349391314,4342.142743996763973603926476
1673553599999,2023-01-12 19:59,10440.10307984770040349391314,4533.893667726299507207972218
1673567999999,2023-01-12 23:59,10440.10307984770040349391314,4524.595765711795342826410624
1673582399999,2023-01-13 03:59,10440.10307984770040349391314,4531.737841232877162871632866
1673596799999,2023-01-13 07:59,10440.10307984770040349391314,4519.225405059472643182322506
1673611199999,2023-01-13 11:59,10440.10307984770040349391314,4542.440151375056239766288581
1673625599999,2023-01-13 15:59,10440.10307984770040349391314,4624.121488359690809587680695
1673639999999,2023-01-13 19:59,10440.10307984770040349391314,4648.325322108782207804800237
1673654399999,2023-01-13 23:59,10440.10307984770040349391314,4784.684948864226704802656811
1673668799999,2023-01-14 03:59,10440.10307984770040349391314,5033.690110947469911098637085
1673683199999,2023-01-14 07:59,10440.10307984770040349391314,5016.916436437957750878143707
1673697599999,2023-01-14 11:59,10440.10307984770040349391314,4974.752983538206488540584640
1673711999999,2023-01-14 15:59,10440.10307984770040349391314,4990.359918987804106057892132
1673726399999,2023-01-14 19:59,10440.10307984770040349391314,4989.625305505635690281812130
1673740799999,2023-01-14 23:59,10440.10307984770040349391314,5030.734852135217231947151848
1673755199999,2023-01-15 03:59,10440.10307984770040349391314,4974.119199357512169047496010
1673769599999,2023-01-15 07:59,10440.10307984770040349391314,4978.104357463393117375250269
1673783999999,2023-01-15 11:59,10440.10307984770040349391314,4974.873018420913746020336274
1673798399999,2023-01-15 15:59,10440.10307984770040349391314,5019.537998276284254235919400
1673812799999,2023-01-15 19:59,10440.10307984770040349391314,5010.384138121028798830059768
1673827199999,2023-01-15 23:59,10440.10307984770040349391314,5010.708232304338394025389180
1673841599999,2023-01-16 03:59,10440.10307984770040349391314,5059.725677006674058456766566
1673855999999,2023-01-16 07:59,10440.10307984770040349391314,5067.780017636331035348101228
1673870399999,2023-01-16 11:59,10440.10307984770040349391314,4997.758869157879457109782871
1673884799999,2023-01-16 15:59,10440.10307984770040349391314,5040.157590427736944107655141
1673899199999,2023-01-16 19:59,10440.10307984770040349391314,5115.635524674060447375482794
1673913599999,2023-01-16 23:59,10440.10307984770040349391314,5086.126149109308268553341016
1673927999999,2023-01-17 03:59,10440.10307984770040349391314,5071.462687837789694826881369
1673942399999,2023-01-17 07:59,10440.10307984770040349391314,5073.642521307753490659171048
1673956799999,2023-01-17 11:59,10440.10307984770040349391314,5094.312528109943228672402476
1673971199999,2023-01-17 15:59,10440.10307984770040349391314,5083.823880058983070091704670
1673985599999,2023-01-17 19:59,10440.10307984770040349391314,5122.331070431471269596028956
1673999999999,2023-01-17 23:59,10440.10307984770040349391314,5073.921002235634328012194840
1674014399999,2023-01-18 03:59,10440.10307984770040349391314,5103.624834310372263951534265
1674028799999,2023-01-18 07:59,10440.10307984770040349391314,5115.484280721849302950995735
1674043199999,2023-01-18 11:59,10440.10307984770040349391314,5090.692276047492343083093185
1674057599999,2023-01-18 15:59,10440.10307984770040349391314,5051.815378236265790541133865
1674071999999,2023-01-18 19:59,10440.10307984770040349391314,5019.120276884462998206383713
1674086399999,2023-01-18 23:59,10440.10307984770040349391314,4964.127495720960056432969971
1674100799999,2023-01-19 03:59,10440.10307984770040349391314,4981.069219066262377125115637
1674115199999,2023-01-19 07:59,10440.10307984770040349391314,4998.092566131805632903492414
1674129599999,2023-01-19 11:59,10440.10307984770040349391314,4980.032117679671672500061516
1674143999999,2023-01-19 15:59,10440.10307984770040349391314,5011.894176945486097925335327
1674158399999,2023-01-19 19:59,10440.10307984770040349391314,5063.391542324553701888381478
1674172799999,2023-01-19 23:59,10440.10307984770040349391314,5058.743791666128692272398198
1674187199999,2023-01-20 03:59,10440.10307984770040349391314,5062.620918377573108868375986
1674201599999,2023-01-20 07:59,10440.10307984770040349391314,5031.819967474890839564106622
1674215999999,2023-01-20 11:59,10440.10307984770040349391314,5032.797051420127915449284926
1674230399999,2023-01-20 15:59,10440.10307984770040349391314,5076.312097099162897008847395
1674244799999,2023-01-20 19:59,10440.10307984770040349391314,5160.792647548530711258047621
1674259199999,2023-01-20 23:59,10440.10307984770040349391314,5441.803910756837051955003667
1674273599999,2023-01-21 03:59,10440.10307984770040349391314,5413.029148674253288908941891
1674287999999,2023-01-21 07:59,10440.10307984770040349391314,5434.877898024628295373334368
1674302399999,2023-01-21 11:59,10440.10307984770040349391314,5499.046145622273998898963036
1674316799999,2023-01-21 15:59,10440.10307984770040349391314,5521.432651247177518872642834
1674331199999,2023-01-21 19:59,10440.10307984770040349391314,5586.635599533759781873730591
1674345599999,2023-01-21 23:59,10440.10307984770040349391314,5469.733627265161722343613938
1674359999999,2023-01-22 03:59,10440.10307984770040349391314,5463.671865688445219616156405
1674374399999,2023-01-22 07:59,10440.10307984770040349391314,5496.537416573692317572153879
1674388799999,2023-01-22 11:59,10440.10307984770040349391314,5469.748031451086593241184134
1674403199999,2023-01-22 15:59,10440.10307984770040349391314,5472.364791894104806299769762
1674417599999,2023-01-22 19:59,10440.10307984770040349391314,5454.993343668710503830113245
1674431999999,2023-01-22 23:59,10440.10307984770040349391314,5451.567548116245375358001602
1674446399999,2023-01-23 03:59,10440.10307984770040349391314,5440.317878908921204355678434
1674460799999,2023-01-23 07:59,10440.10307984770040349391314,5448.691512326579486143152444
1674475199999,2023-01-23 11:59,10440.10307984770040349391314,5498.789270973280467892294539
1674489599999,2023-01-23 15:59,10440.10307984770040349391314,5486.440082240357818375446401
1674503999999,2023-01-23 19:59,10440.10307984770040349391314,5471.875049572659195782383094
1674518399999,2023-01-23 23:59,10440.10307984770040349391314,5501.638899088750760461598337
1674532799999,2023-01-24 03:59,10440.10307984770040349391314,5540.727058293542086167920533
1674547199999,2023-01-24 07:59,10440.10307984770040349391314,5534.679700902750454338033197
1674561599999,2023-01-24 11:59,10440.10307984770040349391314,5501.929383504902323562597292
1674575999999,2023-01-24 15:59,10440.10307984770040349391314,5505.218339291081178507792072
1674590399999,2023-01-24 19:59,10440.10307984770040349391314,5526.145220742264447527691997
1674604799999,2023-01-24 23:59,10440.10307984770040349391314,5433.564716407810898544851488
1674619199999,2023-01-25 03:59,10440.10307984770040349391314,5436.138264293054498910726528
1674633599999,2023-01-25 07:59,10440.10307984770040349391314,5452.664666944189708722931539
1674647999999,2023-01-25 11:59,10440.10307984770040349391314,5425.301515082243293638748982
1674662399999,2023-01-25 15:59,10440.10307984770040349391314,5420.353677217050140323386616
1674676799999,2023-01-25 19:59,10440.10307984770040349391314,5461.405607102932198398445550
1674691199999,2023-01-25 23:59,10440.10307984770040349391314,5536.326579493494026960225619
1674705599999,2023-01-26 03:59,10440.10307984770040349391314,5554.384627247973842214061485
1674719999999,2023-01-26 07:59,10440.10307984770040349391314,5513.709606893792572625422683
1674734399999,2023-01-26 11:59,10440.10307984770040349391314,5520.001835445307009714003353
1674748799999,2023-01-26 15:59,10440.10307984770040349391314,5511.618599237032147328149213
1674763199999,2023-01-26 19:59,10440.10307984770040349391314,5538.501611568149532493325233
1674777599999,2023-01-26 23:59,10440.10307984770040349391314,5524.013401225383554687302972
1674791999999,2023-01-27 03:59,10440.10307984770040349391314,5467.109664729181073836243212
1674806399999,2023-01-27 07:59,10440.10307984770040349391314,5539.166604818347738931149287
1674820799999,2023-01-27 11:59,10440.10307984770040349391314,5513.887258520199313695455102
1674835199999,2023-01-27 15:59,10440.10307984770040349391314,5505.842520681158917402500571
1674849599999,2023-01-27 19:59,10440.10307984770040349391314,5582.448782824930640979993586
1674863999999,2023-01-27 23:59,10440.10307984770040349391314,5539.500301792273914724858831
1674878399999,2023-01-28 03:59,10440.10307984770040349391314,5549.890521239414122172160296
1674892799999,2023-01-28 07:59,10440.10307984770040349391314,5519.658535680764253321913679
1674907199999,2023-01-28 11:59,10440.10307984770040349391314,5517.257838026619103726880993
1674921599999,2023-01-28 15:59,10440.10307984770040349391314,5524.707202847431502920267418
1674935999999,2023-01-28 19:59,10440.10307984770040349391314,5531.143473258194648984550050
1674950399999,2023-01-28 23:59,10440.10307984770040349391314,5527.122304687501523412870301
1674964799999,2023-01-29 03:59,10440.10307984770040349391314,5568.133422713263113944813678
1674979199999,2023-01-29 07:59,10440.10307984770040349391314,5570.637350366536504972432770
1674993599999,2023-01-29 11:59,10440.10307984770040349391314,5625.447678508324415376624028
1675007999999,2023-01-29 15:59,10440.10307984770040349391314,5647.754961110641145413667748
1675022399999,2023-01-29 19:59,10440.10307984770040349391314,5737.240966168901596568511124
1675036799999,2023-01-29 23:59,10440.10307984770040349391314,5699.900514856327939767372724
1675051199999,2023-01-30 03:59,10440.10307984770040349391314,5690.091264241490858522069168
1675065599999,2023-01-30 07:59,10440.10307984770040349391314,5676.015973895237846446392529
1675079999999,2023-01-30 11:59,10440.10307984770040349391314,5540.294932715795959240814650
1675094399999,2023-01-30 15:59,10440.10307984770040349391314,5564.551581813278550749024911
1675108799999,2023-01-30 19:59,10440.10307984770040349391314,5470.048118657854736940563220
1675123199999,2023-01-30 23:59,10440.10307984770040349391314,5479.960599271820059618453181
1675137599999,2023-01-31 03:59,10440.10307984770040349391314,5482.087617393392662159652141
1675151999999,2023-01-31 07:59,10440.10307984770040349391314,5516.472809893713639809305305
1675166399999,2023-01-31 11:59,10440.10307984770040349391314,5489.390539657302207227741572
1675180799999,2023-01-31 15:59,10440.10307984770040349391314,5550.937225416621407395594547
1675195199999,2023-01-31 19:59,10440.10307984770040349391314,5561.039361145264196891492091
1675209599999,2023-01-31 23:59,10440.10307984770040349391314,5551.736657735451742210740432
1675223999999,2023-02-01 03:59,10440.10307984770040349391314,5544.624446421756541686795400
1675238399999,2023-02-01 07:59,10440.10307984770040349391314,5531.797475576818153982254289
1675252799999,2023-02-01 11:59,10440.10307984770040349391314,5531.998833369936229961918175
1675267199999,2023-02-01 15:59,10440.10307984770040349391314,5508.557430287773551329380795
1675281599999,2023-02-01 19:59,10440.10307984770040349391314,5605.942688659380155493964454
1675295999999,2023-02-01 23:59,10440.10307984770040349391314,5689.043529302527060101201733
1675310399999,2023-02-02 03:59,10440.10307984770040349391314,5716.835698985991023294333790
1675324799999,2023-02-02 07:59,10440.10307984770040349391314,5700.659956272172252928001625
1675339199999,2023-02-02 11:59,10440.10307984770040349391314,5710.097404266289694974867324
1675353599999,2023-02-02 15:59,10440.10307984770040349391314,5714.654322893878533514641693
1675367999999,2023-02-02 19:59,10440.10307984770040349391314,5705.801771346437407408704425
1675382399999,2023-02-02 23:59,10440.10307984770040349391314,5630.621003899268158001579990
1675396799999,2023-02-03 03:59,10440.10307984770040349391314,5641.465559328627392906334986
1675411199999,2023-02-03 07:59,10440.10307984770040349391314,5622.780035550586889793477958
1675425599999,2023-02-03 11:59,10440.10307984770040349391314,5641.453573745703697907545469
1675439999999,2023-02-03 15:59,10440.10307984770040349391314,5658.048811861851793231510730
1675454399999,2023-02-03 19:59,10440.10307984770040349391314,5587.245179298415957382317909
1675468799999,2023-02-03 23:59,10440.10307984770040349391314,5616.947850899916903382498978
1675483199999,2023-02-04 03:59,10440.10307984770040349391314,5595.740560474730972524327570
1675497599999,2023-02-04 07:59,10440.10307984770040349391314,5592.324669341477897869315220
1675511999999,2023-02-04 11:59,10440.10307984770040349391314,5600.613898491505359032145189
1675526399999,2023-02-04 15:59,10440.10307984770040349391314,5614.442864068864648635489922
1675540799999,2023-02-04 19:59,10440.10307984770040349391314,5615.507183832488764527999033
1675555199999,2023-02-04 23:59,10440.10307984770040349391314,5591.763744060648971925965824
1675569599999,2023-02-05 03:59,10440.10307984770040349391314,5596.004243299052262497696944
1675583999999,2023-02-05 07:59,10440.10307984770040349391314,5603.883565513089354701925431
1675598399999,2023-02-05 11:59,10440.10307984770040349391314,5598.832840869044282212022960
1675612799999,2023-02-05 15:59,10440.10307984770040349391314,5536.467058683889725510650119
1675627199999,2023-02-05 19:59,10440.10307984770040349391314,5487.479584158163526458136170
1675641599999,2023-02-05 23:59,10440.10307984770040349391314,5497.334130438025554462877061
1675655999999,2023-02-06 03:59,10440.10307984770040349391314,5488.361723061347478369044623
1675670399999,2023-02-06 07:59,10440.10307984770040349391314,5484.576675974044597751315149
1675684799999,2023-02-06 11:59,10440.10307984770040349391314,5484.226696952672703786661252
1675699199999,2023-02-06 15:59,10440.10307984770040349391314,5523.338051149274223836613179
1675713599999,2023-02-06 19:59,10440.10307984770040349391314,5520.854638367484620087425253
1675727999999,2023-02-06 23:59,10440.10307984770040349391314,5456.489660950657737587960974
1675742399999,2023-02-07 03:59,10440.10307984770040349391314,5484.169166154638967792471571
1675756799999,2023-02-07 07:59,10440.10307984770040349391314,5492.060473951599754995489574
1675771199999,2023-02-07 11:59,10440.10307984770040349391314,5507.960548258173540389662847
1675785599999,2023-02-07 15:59,10440.10307984770040349391314,5490.617409767586877141231725
1675799999999,2023-02-07 19:59,10440.10307984770040349391314,5535.445887018790911613783269
1675814399999,2023-02-07 23:59,10440.10307984770040349391314,5571.057451001673492017196227
1675828799999,2023-02-08 03:59,10440.10307984770040349391314,5574.624360479765123656956491
1675843199999,2023-02-08 07:59,10440.10307984770040349391314,5569.192494298746550205547379
1675857599999,2023-02-08 11:59,10440.10307984770040349391314,5551.547319118482772987620428
1675871999999,2023-02-08 15:59,10440.10307984770040349391314,5482.800412584752998930708727
1675886399999,2023-02-08 19:59,10440.10307984770040349391314,5483.426060013369877867521516
1675900799999,2023-02-08 23:59,10440.10307984770040349391314,5504.547054241505204734408401
1675915199999,2023-02-09 03:59,10440.10307984770040349391314,5397.980839350348231497054708
1675929599999,2023-02-09 07:59,10440.10307984770040349391314,5435.848090039470210672654768
1675943999999,2023-02-09 11:59,10440.10307984770040349391314,5438.096585395955392445568161
1675958399999,2023-02-09 15:59,10440.10307984770040349391314,5420.154167759183979257661188
1675972799999,2023-02-09 19:59,10440.10307984770040349391314,5281.545695479820796256412703
1675987199999,2023-02-09 23:59,10440.10307984770040349391314,5224.887447882929797978607865
1676001599999,2023-02-10 03:59,10440.10307984770040349391314,5231.896616776706633270717416
1676015999999,2023-02-10 07:59,10440.10307984770040349391314,5252.540584804478899185781524
1676030399999,2023-02-10 11:59,10440.10307984770040349391314,5209.826364381014662499700782
1676044799999,2023-02-10 15:59,10440.10307984770040349391314,5190.786067348432787422674051
1676059199999,2023-02-10 19:59,10440.10307984770040349391314,5218.832331389879084590143868
1676073599999,2023-02-10 23:59,10440.10307984770040349391314,5183.858400418537078122333215
1676087999999,2023-02-11 03:59,10440.10307984770040349391314,5196.651811631289119830263678
1676102399999,2023-02-11 07:59,10440.10307984770040349391314,5200.024554666016892489633767
1676116799999,2023-02-11 11:59,10440.10307984770040349391314,5201.177567743276351373185304
1676131199999,2023-02-11 15:59,10440.10307984770040349391314,5210.368112729165676444986952
1676145599999,2023-02-11 19:59,10440.10307984770040349391314,5192.833204911799893215923557
1676159999999,2023-02-11 23:59,10440.10307984770040349391314,5240.756359673901976375928394
1676174399999,2023-02-12 03:59,10440.10307984770040349391314,5221.298964355575515341026470
1676188799999,2023-02-12 07:59,10440.10307984770040349391314,5225.383651015970770928493869
1676203199999,2023-02-12 11:59,10440.10307984770040349391314,5246.931331996189639752287561
1676217599999,2023-02-12 15:59,10440.10307984770040349391314,5260.592499412617199372579056
1676231999999,2023-02-12 19:59,10440.10307984770040349391314,5273.028740254243130116581912
1676246399999,2023-02-12 23:59,10440.10307984770040349391314,5221.816741537879139288733605
1676260799999,2023-02-13 03:59,10440.10307984770040349391314,5227.823915699235072682039534
1676275199999,2023-02-13 07:59,10440.10307984770040349391314,5241.988477598457822251490743
1676289599999,2023-02-13 11:59,10440.10307984770040349391314,5178.565566999433366656882501
1676303999999,2023-02-13 15:59,10440.10307984770040349391314,5168.955526611214716627447758
1676318399999,2023-02-13 19:59,10440.10307984770040349391314,5179.692211794260696543097101
1676332799999,2023-02-13 23:59,10440.10307984770040349391314,5219.522700966283916520420048
1676347199999,2023-02-14 03:59,10440.10307984770040349391314,5201.891908485528573301040518
1676361599999,2023-02-14 07:59,10440.10307984770040349391314,5218.206683961262205653331080
1676375999999,2023-02-14 11:59,10440.10307984770040349391314,5228.113966805988491652745846
1676390399999,2023-02-14 15:59,10440.10307984770040349391314,5283.640775374882682044820278
1676404799999,2023-02-14 19:59,10440.10307984770040349391314,5323.720564671718757996965180
1676419199999,2023-02-14 23:59,10440.10307984770040349391314,5321.608704960563699210252281
1676433599999,2023-02-15 03:59,10440.10307984770040349391314,5297.553640032707836639691630
1676447999999,2023-02-15 07:59,10440.10307984770040349391314,5300.046641280836396387911169
1676462399999,2023-02-15 11:59,10440.10307984770040349391314,5380.407577667626624271864859
1676476799999,2023-02-15 15:59,10440.10307984770040349391314,5467.741726199422602451559548
1676491199999,2023-02-15 19:59,10440.10307984770040349391314,5589.860433492366206118190522
1676505599999,2023-02-15 23:59,10633.31655732289067641242542,5830.806607007406766783851096
1676519999999,2023-02-16 03:59,10591.66501694204324099235113,5928.697656978393299897352373
1676534399999,2023-02-16 07:59,10536.63716326557279029660840,5900.059305140516469789680415
1676548799999,2023-02-16 11:59,10525.65065849654270658412944,5889.416107504275310864589305
1676563199999,2023-02-16 15:59,10651.32524965141615496186694,6010.259548774137766660015668
1676577599999,2023-02-16 19:59,10571.09295811618228604817027,5962.295643030095120504126473
1676591999999,2023-02-16 23:59,10343.86517576381620077688759,5637.519905430146999304825985
1676606399999,2023-02-17 03:59,10369.59376718232658327100214,5714.448170867590979535462001
1676620799999,2023-02-17 07:59,10362.41369515855624397031901,5666.122300519252744416129392
1676635199999,2023-02-17 11:59,10361.41646293303258573411302,5702.745447700895182717377586
1676649599999,2023-02-17 15:59,10360.81812359771839079238943,5784.410415509783426469630727
1676663999999,2023-02-17 19:59,10391.53287614384706446753393,5878.854411831915277931266910
1676678399999,2023-02-17 23:59,10375.17826764525906939375569,5889.756498059308248830211588
1676692799999,2023-02-18 03:59,10400.40562920334091287896118,5899.275448017306816868846002
1676707199999,2023-02-18 07:59,10415.21420704023070207514952,5877.540791943478306063935845
1676721599999,2023-02-18 11:59,10363.09923578892816538478920,5877.639073723452605054009885
1676735999999,2023-02-18 15:59,10396.19700988030364188479932,5913.317756970707877450644138
1676750399999,2023-02-18 19:59,10375.00614580006243997689265,5898.954234394951790901286946
1676764799999,2023-02-18 23:59,10387.22191985059071775894541,5904.613826651520569329696881
1676779199999,2023-02-19 03:59,10379.46375246734408991863538,5916.537084544012354125508409
1676793599999,2023-02-19 07:59,10363.94699008466878675605450,5892.788850539003083523959393
1676807999999,2023-02-19 11:59,10374.89630058959112095222370,5913.598219611122340422318837
1676822399999,2023-02-19 15:59,10403.78588297411137394003279,5974.192532640154776302601063
1676836799999,2023-02-19 19:59,10330.06687654374297685693287,5878.686613670983547948213672
1676851199999,2023-02-19 23:59,10322.04938602024199312701320,5818.272084385806537049774201
1676865599999,2023-02-20 03:59,10354.78747232453767669085184,5853.555243396579874486354393
1676879999999,2023-02-20 07:59,10358.12809337599641991165170,5873.858820869319202435796218
1676894399999,2023-02-20 11:59,10366.14558389949740364157137,5966.471420120710458082394201
1676908799999,2023-02-20 15:59,10359.46434179657991719997164,5979.144975504225549802429494
1676923199999,2023-02-20 19:59,10343.42936074957794974013231,5962.202155483290299513568240
1676937599999,2023-02-20 23:59,10348.10623022162019024925212,5955.013202845658039239615934
1676951999999,2023-02-21 03:59,10348.77435443191193889341209,5975.235278354516241197289044
1676966399999,2023-02-21 07:59,10353.45122390395417940253189,5992.827716969915760420542120
1676980799999,2023-02-21 11:59,10323.38563444082549041533314,5890.442073402543602760971962
1676995199999,2023-02-21 15:59,10331.40312496432647414525281,5886.908723556638317117822345
1677009599999,2023-02-21 19:59,10333.40749759520172007773273,5897.645408739684297033471688
1677023999999,2023-02-21 23:59,10322.04938602024199312701320,5861.516067574498092682351595
1677038399999,2023-02-22 03:59,10304.67815655265652837885392,5801.513842341896189742271509
1677052799999,2023-02-22 07:59,10295.32441760857204736061431,5767.738469662923683153412558
1677067199999,2023-02-22 11:59,10275.66044575846668232058737,5791.690458577635768734383363
1677081599999,2023-02-22 15:59,10275.66044575846668232058737,5684.477022208599265562395750
1677095999999,2023-02-22 19:59,10275.66044575846668232058737,5703.188914269071897672589716
1677110399999,2023-02-22 23:59,10275.66044575846668232058737,5796.805905369468794217749225
1677124799999,2023-02-23 03:59,10275.66044575846668232058737,5862.160891935792883617227610
1677139199999,2023-02-23 07:59,10275.66044575846668232058737,5843.324349812913823519622668
1677153599999,2023-02-23 11:59,10275.66044575846668232058737,5700.439421546376264950274512
1677167999999,2023-02-23 15:59,10275.66044575846668232058737,5741.362995881040468817201412
1677182399999,2023-02-23 19:59,10275.66044575846668232058737,5746.296261812433330318966616
1677196799999,2023-02-23 23:59,10275.66044575846668232058737,5738.793286902200261076728964
1677211199999,2023-02-24 03:59,10275.66044575846668232058737,5742.113293372063775741425177
1677225599999,2023-02-24 07:59,10275.66044575846668232058737,5712.453769869088131736886369
1677239999999,2023-02-24 11:59,10275.66044575846668232058737,5725.254372431594390444090542
1677254399999,2023-02-24 15:59,10275.66044575846668232058737,5597.629488343505304333555452
1677268799999,2023-02-24 19:59,10275.66044575846668232058737,5557.108629595077252425956324
1677283199999,2023-02-24 23:59,10275.66044575846668232058737,5557.832558803668430352843151
1677297599999,2023-02-25 03:59,10275.66044575846668232058737,5532.027598768953097959013016
1677311999999,2023-02-25 07:59,10275.66044575846668232058737,5541.501003511841625002247265
1677326399999,2023-02-25 11:59,10275.66044575846668232058737,5509.545042320686019229636997
1677340799999,2023-02-25 15:59,10275.66044575846668232058737,5514.897803654408205689035296
1677355199999,2023-02-25 19:59,10275.66044575846668232058737,5509.353272993906899249004725
1677369599999,2023-02-25 23:59,10275.66044575846668232058737,5551.067895801534973036039748
1677383999999,2023-02-26 03:59,10275.66044575846668232058737,5564.841727697445265644952702
1677398399999,2023-02-26 07:59,10275.66044575846668232058737,5550.468616655350223096563897
1677412799999,2023-02-26 11:59,10275.66044575846668232058737,5574.168908328664713702954844
1677427199999,2023-02-26 15:59,10275.66044575846668232058737,5572.680298929541794853296831
1677441599999,2023-02-26 19:59,10275.66044575846668232058737,5633.111608030811978750041626
1677455999999,2023-02-26 23:59,10275.66044575846668232058737,5646.420399309282905405921321
1677470399999,2023-02-27 03:59,10275.66044575846668232058737,5645.646130652412208484118521
1677484799999,2023-02-27 07:59,10275.66044575846668232058737,5614.888727753626102590459955
1677499199999,2023-02-27 11:59,10275.66044575846668232058737,5616.221524574740986455854247
1677513599999,2023-02-27 15:59,10275.66044575846668232058737,5647.511087355339150295767369
1677527999999,2023-02-27 19:59,10275.66044575846668232058737,5579.660702424301762148311541
1677542399999,2023-02-27 23:59,10275.66044575846668232058737,5631.376095623460942925319562
1677556799999,2023-02-28 03:59,10275.66044575846668232058737,5625.486380174757220520150900
1677571199999,2023-02-28 07:59,10275.66044575846668232058737,5570.151340932642150108708741
1677585599999,2023-02-28 11:59,10275.66044575846668232058737,5607.548756771155285331759734
1677599999999,2023-02-28 15:59,10275.66044575846668232058737,5637.658938192061861290784382
1677614399999,2023-02-28 19:59,10275.66044575846668232058737,5576.786559639199701438585361
1677628799999,2023-02-28 23:59,10275.66044575846668232058737,5547.352365095189523411289473
1677643199999,2023-03-01 03:59,10275.66044575846668232058737,5619.162786624215739158801723
1677657599999,2023-03-01 07:59,10275.66044575846668232058737,5685.064315771860320503082084
1677671999999,2023-03-01 11:59,10275.66044575846668232058737,5690.604052199192148943596849
1677686399999,2023-03-01 15:59,10275.66044575846668232058737,5683.872948829245037623404093
1677700799999,2023-03-01 19:59,10275.66044575846668232058737,5598.547583995460341240832455
1677715199999,2023-03-01 23:59,10275.66044575846668232058737,5664.187827435368371611501345
1677729599999,2023-03-02 03:59,10275.66044575846668232058737,5631.903461272103522872058311
1677743999999,2023-03-02 07:59,10275.66044575846668232058737,5607.352193211206687351611655
1677758399999,2023-03-02 11:59,10275.66044575846668232058737,5612.832001723920040798178835
1677772799999,2023-03-02 15:59,10275.66044575846668232058737,5599.978662596549524096300787
1677787199999,2023-03-02 19:59,10275.66044575846668232058737,5624.640198020344353605610999
1677801599999,2023-03-02 23:59,10275.66044575846668232058737,5624.959014526114640573412152
1677815999999,2023-03-03 03:59,10275.66044575846668232058737,5350.338147228660611308724569
1677830399999,2023-03-03 07:59,10275.66044575846668232058737,5360.187899275353161313949653
1677844799999,2023-03-03 11:59,10275.66044575846668232058737,5355.906649055009307746334175
1677859199999,2023-03-03 15:59,10275.66044575846668232058737,5354.326949225666306905875832
1677873599999,2023-03-03 19:59,10275.66044575846668232058737,5359.636562460863191369631870
1677887999999,2023-03-03 23:59,10275.66044575846668232058737,5358.644156194781245469859861
1677902399999,2023-03-04 03:59,10275.66044575846668232058737,5356.803170657701693655790047
1677916799999,2023-03-04 07:59,10275.66044575846668232058737,5359.782786572532270354863978
1677931199999,2023-03-04 11:59,10275.66044575846668232058737,5357.474363301428613588003000
1677945599999,2023-03-04 15:59,10275.66044575846668232058737,5349.901872010238113352786149
1677959999999,2023-03-04 19:59,10275.66044575846668232058737,5333.819616843224163977012217
1677974399999,2023-03-04 23:59,10275.66044575846668232058737,5356.781596608439042657968917
1677988799999,2023-03-05 03:59,10275.66044575846668232058737,5366.477933193708296678688183
1678003199999,2023-03-05 07:59,10275.66044575846668232058737,5363.764397219783748952741530
1678017599999,2023-03-05 11:59,10275.66044575846668232058737,5367.137140254511521612111619
1678031999999,2023-03-05 15:59,10275.66044575846668232058737,5378.262158324285219488541313
1678046399999,2023-03-05 19:59,10275.66044575846668232058737,5370.416395742434473280923474
1678060799999,2023-03-05 23:59,10275.66044575846668232058737,5376.838271072950253632346691
1678075199999,2023-03-06 03:59,10275.66044575846668232058737,5366.518684175648859674572541
1678089599999,2023-03-06 07:59,10275.66044575846668232058737,5367.849083880179004540208929
1678103999999,2023-03-06 11:59,10275.66044575846668232058737,5364.692081338077741859050147
1678118399999,2023-03-06 15:59,10275.66044575846668232058737,5406.365953163765252650200812
1678132799999,2023-03-06 19:59,10275.66044575846668232058737,5367.995307991848083525441037
1678147199999,2023-03-06 23:59,10275.66044575846668232058737,5371.986507105438518122350203
1678161599999,2023-03-07 03:59,10275.66044575846668232058737,5384.101534324709422898794003
1678175999999,2023-03-07 07:59,10275.66044575846668232058737,5374.314107309220086887274408
1678190399999,2023-03-07 11:59,10275.66044575846668232058737,5357.848313488647897550235931
1678204799999,2023-03-07 15:59,10275.66044575846668232058737,5350.628198335414030279430881
1678219199999,2023-03-07 19:59,10275.66044575846668232058737,5303.613550758928028027671433
1678233599999,2023-03-07 23:59,10275.66044575846668232058737,5321.158047042632767255766441
1678247999999,2023-03-08 03:59,10275.66044575846668232058737,5310.265549281578752355853377
1678262399999,2023-03-08 07:59,10275.66044575846668232058737,5266.760280385150645749664512
1678276799999,2023-03-08 11:59,10275.66044575846668232058737,5291.071836787573581294320828
1678291199999,2023-03-08 15:59,10275.66044575846668232058737,5307.456128644264644639590589
1678305599999,2023-03-08 19:59,10264.04303866776534875727347,5273.045520070336303114887235
1678319999999,2023-03-08 23:59,10219.45012808924136925773062,5203.095261011067551179508026
1678334399999,2023-03-09 03:59,10218.15757995653052927223662,5218.489543718261407624763682
1678348799999,2023-03-09 07:59,10229.79051315092808914168258,5199.044133982858641588651275
1678363199999,2023-03-09 11:59,10246.59363887616900895310452,5194.451258606498718052508354
1678377599999,2023-03-09 15:59,10246.59363887616900895310452,5189.462858993656859556311372
1678391999999,2023-03-09 19:59,10172.38705613129969152398783,4999.218098362430882770065679
1678406399999,2023-03-09 23:59,10172.38705613129969152398783,4881.109767115755625698407099
1678420799999,2023-03-10 03:59,10172.38705613129969152398783,4806.763196240075548207033048
1678435199999,2023-03-10 07:59,10172.38705613129969152398783,4783.153994996981139591442430
1678449599999,2023-03-10 11:59,10172.38705613129969152398783,4736.937587243213224259064816
1678463999999,2023-03-10 15:59,10172.38705613129969152398783,4795.470380009370120347550116
1678478399999,2023-03-10 19:59,10172.38705613129969152398783,4800.111197717424823878851104
1678492799999,2023-03-10 23:59,10172.38705613129969152398783,4830.403559998771563819476411
1678507199999,2023-03-11 03:59,10172.38705613129969152398783,4888.699038223039298931929274
1678521599999,2023-03-11 07:59,10172.38705613129969152398783,4758.518827855618439079469155
1678535999999,2023-03-11 11:59,10172.38705613129969152398783,4814.913392628188147383904619
1678550399999,2023-03-11 15:59,10172.38705613129969152398783,4809.138738775551896967115321
1678564799999,2023-03-11 19:59,10172.38705613129969152398783,4847.248098239732515118263625
1678579199999,2023-03-11 23:59,10172.38705613129969152398783,4903.525204299650012434561823
1678593599999,2023-03-12 03:59,10172.38705613129969152398783,4884.523261132423961353661545
1678607999999,2023-03-12 07:59,10172.38705613129969152398783,4877.391839292825437073898921
1678622399999,2023-03-12 11:59,10172.38705613129969152398783,4901.056174217368842683921317
1678636799999,2023-03-12 15:59,10172.38705613129969152398783,4880.328307109130711777330590
1678651199999,2023-03-12 19:59,10172.38705613129969152398783,4981.146236430083563595231922
1678665599999,2023-03-12 23:59,10172.38705613129969152398783,5273.011960438149957118276588
1678679999999,2023-03-13 03:59,10172.38705613129969152398783,5329.226741466864240440869297
1678694399999,2023-03-13 07:59,10172.38705613129969152398783,5383.665259106286924942855584
1678708799999,2023-03-13 11:59,10172.38705613129969152398783,5299.267578390796221466592563
1678723199999,2023-03-13 15:59,10172.38705613129969152398783,5748.746114962036588071543894
1678737599999,2023-03-13 19:59,10172.38705613129969152398783,5820.225734402368821852465474
1678751999999,2023-03-13 23:59,10151.32179332937657475217895,5780.330523082557648881679135
1678766399999,2023-03-14 03:59,10168.77045261490156403880597,5842.828146679872850569736663
1678780799999,2023-03-14 07:59,10134.92008447278549605559355,5812.490239183416069633711192
1678795199999,2023-03-14 11:59,10205.39134600050326764621463,5931.243394791386117640245788
1678809599999,2023-03-14 15:59,10458.86039204105594310054226,6207.302532039683546759675412
1678823999999,2023-03-14 19:59,10298.85927649333854812157134,6005.820088859201139108378565
1678838399999,2023-03-14 23:59,10229.80803965406516159610778,5913.833137036426762398593370
1678852799999,2023-03-15 03:59,10243.50843451068443613903465,5925.157115782733797254929047
1678867199999,2023-03-15 07:59,10273.59852585956129700419614,5961.984017874079050535599031
1678881599999,2023-03-15 11:59,10211.48662356322849420332297,5933.990490397497011362803088
1678895999999,2023-03-15 15:59,10119.96468775077661757448071,5866.034632336731107225999510
1678910399999,2023-03-15 19:59,10114.03143500239547960911488,5841.032706357903339751067014
1678924799999,2023-03-15 23:59,10110.99333936265660891578403,5821.604076438593746713259931
1678939199999,2023-03-16 03:59,10127.02437538963761393533842,5816.754709587666750203021347
1678953599999,2023-03-16 07:59,10213.37552887589281501610388,5900.375724529702017757723664
1678967999999,2023-03-16 11:59,10202.15854367808747807227305,5950.799071889686877665221751
1678982399999,2023-03-16 15:59,10263.37764596428299914605626,5966.097469933491174120161270
1678996799999,2023-03-16 19:59,10282.76708561809813657526928,5981.623594052845675552101613
1679011199999,2023-03-16 23:59,10285.45258564158141647226675,5992.547254329501297448867422
1679025599999,2023-03-17 03:59,10359.03481747167247993501834,6180.212717515548110495609053
1679039999999,2023-03-17 07:59,10372.89659311094702765478331,6246.562507464538884794617350
1679054399999,2023-03-17 11:59,10467.39733923196695408780577,6452.781653016465555967531322
1679068799999,2023-03-17 15:59,10409.89707147317245306935776,6333.551471208132447009173950
1679083199999,2023-03-17 19:59,10464.13137892292740354058099,6432.679433336844303997753383
1679097599999,2023-03-17 23:59,10527.73961453687411340091383,6566.980287113431504434049452
1679111999999,2023-03-18 03:59,10544.36718556747433252367418,6545.983942947702605554573543
1679126399999,2023-03-18 07:59,10552.14657992229442713619817,6558.532848268811269287197859
1679140799999,2023-03-18 11:59,10554.34922044635802994856384,6578.476858253839747272954174
1679155199999,2023-03-18 15:59,10481.72980816879877919202439,6526.492987997189798523060971
1679169599999,2023-03-18 19:59,10508.81209683405279159203115,6551.327115815085836014940229
1679183999999,2023-03-18 23:59,10448.30948110537229169539214,6450.087293975218920239647897
1679198399999,2023-03-19 03:59,10485.55699385744969627712882,6519.896123155988071189310806
1679212799999,2023-03-19 07:59,10478.00370155888720775139195,6466.224682823681866609853608
1679227199999,2023-03-19 11:59,10499.66404388094889358891237,6510.851802281767825102741265
1679241599999,2023-03-19 15:59,10542.54853394522639174427819,6603.294206255642611766528107
1679255999999,2023-03-19 19:59,10601.57676297461184833550800,6773.309700028256169595826980
1679270399999,2023-03-19 23:59,10563.48111524409517035588236,6705.471300680142476447160669
1679284799999,2023-03-20 03:59,10489.25103968337068333855196,6536.786206612059063483498185
1679299199999,2023-03-20 07:59,10570.43323133901378308396040,6755.873073990864685356837625
1679313599999,2023-03-20 11:59,10583.52605660858442313552144,6757.263401610013305216421599
1679327999999,2023-03-20 15:59,10544.94387292244875740318616,6638.733177844423984187372020
1679342399999,2023-03-20 19:59,10544.72042782283448292687515,6660.460642568498277993008467
1679356799999,2023-03-20 23:59,10521.52746738566271467034100,6644.138675743010428641444195
1679371199999,2023-03-21 03:59,10539.34411646999700410389116,6660.985611100556118939989312
1679385599999,2023-03-21 07:59,10485.16951623336830539742996,6593.377334944577369768081728
1679399999999,2023-03-21 11:59,10559.84707126927952875106011,6721.594306829096988818818959
1679414399999,2023-03-21 15:59,10574.05968512659808188397798,6721.817238671477715796303976
1679428799999,2023-03-21 19:59,10582.02543930690280868056397,6742.379704735368855719599369
1679443199999,2023-03-21 23:59,10562.62103308671600938272201,6737.257066593781613236959796
1679457599999,2023-03-22 03:59,10570.60691390915015394306179,6748.923833011706325058675659
1679471999999,2023-03-22 07:59,10574.59429139887699266979616,6736.830379841698071280052990
1679486399999,2023-03-22 11:59,10524.80230594531123885217930,6741.396886935625865818858973
1679500799999,2023-03-22 15:59,10563.10384304523654682005347,6854.619894582603041383910417
1679515199999,2023-03-22 19:59,10425.60281110652540818315917,6392.518142076127102053839766
1679529599999,2023-03-22 23:59,10425.60281110652540818315917,6532.423454427834083924113991
1679543999999,2023-03-23 03:59,10425.60281110652540818315917,6557.787345010957440362489900
1679558399999,2023-03-23 07:59,10425.60281110652540818315917,6623.744007840051018701202040
1679572799999,2023-03-23 11:59,10425.60281110652540818315917,6612.381675228388159848739909
1679587199999,2023-03-23 15:59,10425.60281110652540818315917,6851.215989032273661727687585
1679601599999,2023-03-23 19:59,10425.60281110652540818315917,6800.665594493297634833020618
1679615999999,2023-03-23 23:59,10425.60281110652540818315917,6782.787899004314174638577037
1679630399999,2023-03-24 03:59,10425.60281110652540818315917,6764.706448605627899464711666
1679644799999,2023-03-24 07:59,10425.60281110652540818315917,6777.797102274887577142622151
1679659199999,2023-03-24 11:59,10425.60281110652540818315917,6731.151610652451380853579828
1679673599999,2023-03-24 15:59,10425.60281110652540818315917,6716.299076293408538353610342
1679687999999,2023-03-24 19:59,10425.60281110652540818315917,6669.210118102795627109355889
1679702399999,2023-03-24 23:59,10425.60281110652540818315917,6581.204776927272728997448246
1679716799999,2023-03-25 03:59,10425.60281110652540818315917,6611.691305651983327918463729
1679731199999,2023-03-25 07:59,10425.60281110652540818315917,6588.609470057531499249611859
1679745599999,2023-03-25 11:59,10425.60281110652540818315917,6581.859189754906475931355875
1679759999999,2023-03-25 15:59,10425.60281110652540818315917,6627.459538546396468325952315
1679774399999,2023-03-25 19:59,10425.60281110652540818315917,6517.731526879968754407924033
1679788799999,2023-03-25 23:59,10425.60281110652540818315917,6583.237531791131400792150332
1679803199999,2023-03-26 03:59,10425.60281110652540818315917,6599.132811864535708186807799
1679817599999,2023-03-26 07:59,10425.60281110652540818315917,6593.303024330450460775586722
1679831999999,2023-03-26 11:59,10425.60281110652540818315917,6679.841330156113091035657482
1679846399999,2023-03-26 15:59,10416.87129959157304934856569,6664.964824631222858538108962
1679860799999,2023-03-26 19:59,10428.00642497208947960849315,6670.732287134104891955624550
1679875199999,2023-03-26 23:59,10431.98325546513106184418153,6704.315890486298278563851229
1679889599999,2023-03-27 03:59,10426.41569277487284671421780,6685.289976153224837485371918
1679903999999,2023-03-27 07:59,10412.09910299992315066573964,6666.144205990914446418997436
1679918399999,2023-03-27 11:59,10431.98325546513106184418153,6686.251219903705176388291182
1679932799999,2023-03-27 15:59,10350.98013069313608936183245,6449.159609856924927333339280
1679947199999,2023-03-27 19:59,10350.98013069313608936183245,6464.817575388440073751964310
1679961599999,2023-03-27 23:59,10350.98013069313608936183245,6502.205402760614252975983690
1679975999999,2023-03-28 03:59,10350.98013069313608936183245,6465.481576682412776684903553
1679990399999,2023-03-28 07:59,10350.98013069313608936183245,6463.364922738088239898674848
1680004799999,2023-03-28 11:59,10350.98013069313608936183245,6486.012880230702309611346201
1680019199999,2023-03-28 15:59,10350.98013069313608936183245,6471.934614528530164033179514
1680033599999,2023-03-28 19:59,10350.98013069313608936183245,6574.377788893936057686939354
1680047999999,2023-03-28 23:59,10350.98013069313608936183245,6534.844542178420473679596428
1680062399999,2023-03-29 03:59,10350.98013069313608936183245,6560.345068406873953104172832
1680076799999,2023-03-29 07:59,10350.98013069313608936183245,6732.786444163243378688469949
1680091199999,2023-03-29 11:59,10350.98013069313608936183245,6796.830207957715235220375173
1680105599999,2023-03-29 15:59,10350.98013069313608936183245,6818.116603230197553070557393
1680119999999,2023-03-29 19:59,10350.98013069313608936183245,6812.531321587755683634642464
1680134399999,2023-03-29 23:59,10350.98013069313608936183245,6795.538162118540914350865238
1680148799999,2023-03-30 03:59,10350.84478223181966909705464,6829.236827066801772947471281
1680163199999,2023-03-30 07:59,10346.37208384221063607245053,6885.768027484701604238107239
1680177599999,2023-03-30 11:59,10347.40424500904348984735917,6866.538358241925348180206138
1680191999999,2023-03-30 15:59,10307.14995950256219262592220,6783.967280364005762519465511
1680206399999,2023-03-30 19:59,10292.69970316690223977720124,6708.640288805167434127108968
1680220799999,2023-03-30 23:59,10295.79618666740080110192716,6718.813651590799749099651012
1680235199999,2023-03-31 03:59,10347.74829873132110777232872,6752.344518378128877713203816
1680249599999,2023-03-31 07:59,10390.75501401602334839352206,6649.285285050445061121662801
1680263999999,2023-03-31 11:59,10381.12150979225004649437475,6694.708247214664367534174389
1680278399999,2023-03-31 15:59,10415.87093574228945691629897,6830.629551802535131806813158
1680292799999,2023-03-31 19:59,10425.84849368834037674041583,6824.473756412925380428517219
1680307199999,2023-03-31 23:59,10417.93525807595516446611625,6823.526895361953475524145374
1680321599999,2023-04-01 03:59,10413.80661340862374936648169,6841.682656374766659690505750
1680335999999,2023-04-01 07:59,10409.67796874129233426684713,6813.849735709362133501489336
1680350399999,2023-04-01 11:59,10394.53960496107714556818707,6801.351169836532988763780991
1680364799999,2023-04-01 15:59,10384.56204701502622574407022,6807.876121180192546104794055
1680379199999,2023-04-01 19:59,10386.62636934869193329388750,6803.539737278399695542746798
1680393599999,2023-04-01 23:59,10404.17310918485044746733438,6820.499337115428118829913376
1680407999999,2023-04-02 03:59,10389.03474540463525876867433,6826.218857286615372252270896
1680422399999,2023-04-02 07:59,10390.06690657146811254358297,6811.785818329901854709934505
1680436799999,2023-04-02 11:59,10367.01530717886771157062333,6797.774671892102401124989114
1680451199999,2023-04-02 15:59,10327.44912911694165019912546,6741.893090068666838768744978
1680465599999,2023-04-02 19:59,10295.02528855813598203723093,6698.514868351229899149724993
1680479999999,2023-04-02 23:59,10295.02528855813598203723093,6753.173920716448571629438393
1680494399999,2023-04-03 03:59,10295.02528855813598203723093,6652.969653241188903749560332
1680508799999,2023-04-03 07:59,10295.02528855813598203723093,6702.084174945906269789243160
1680523199999,2023-04-03 11:59,10295.02528855813598203723093,6772.796717079122023647635652
1680537599999,2023-04-03 15:59,10295.02528855813598203723093,6724.315034152775753544039322
1680551999999,2023-04-03 19:59,10295.02528855813598203723093,6731.410499243603192827433395
1680566399999,2023-04-03 23:59,10295.02528855813598203723093,6664.032346279759387632284538
1680580799999,2023-04-04 03:59,10295.02528855813598203723093,6677.230870195332320299300676
1680595199999,2023-04-04 07:59,10295.02528855813598203723093,6717.080536300033452274686851
1680609599999,2023-04-04 11:59,10295.02528855813598203723093,6781.375997335902903781171932
1680623999999,2023-04-04 15:59,10295.02528855813598203723093,6719.175616195095338063094425
1680638399999,2023-04-04 19:59,10295.02528855813598203723093,6757.340109340724953208674508
1680652799999,2023-04-04 23:59,10295.02528855813598203723093,6751.639766102215611784380215
1680667199999,2023-04-05 03:59,10295.02528855813598203723093,6842.550412578442177602866782
1680681599999,2023-04-05 07:59,10295.02528855813598203723093,6837.873638121616389075197243
1680695999999,2023-04-05 11:59,10295.02528855813598203723093,6844.866027199300051369001470
1680710399999,2023-04-05 15:59,10295.02528855813598203723093,6719.427313436492933037674283
1680724799999,2023-04-05 19:59,10295.02528855813598203723093,6769.658891469698672964540097
1680739199999,2023-04-05 23:59,10295.02528855813598203723093,6752.728057031687117674468360
1680753599999,2023-04-06 03:59,10295.02528855813598203723093,6742.758449155757617681348106
1680767999999,2023-04-06 07:59,10295.02528855813598203723093,6690.633149020608067945738603
1680782399999,2023-04-06 11:59,10295.02528855813598203723093,6698.915186820881312109294861
1680796799999,2023-04-06 15:59,10295.02528855813598203723093,6733.642214783995201602041464
1680811199999,2023-04-06 19:59,10295.02528855813598203723093,6716.234354145620585360146950
1680825599999,2023-04-06 23:59,10295.02528855813598203723093,6720.081726264126679971581912
1680839999999,2023-04-07 03:59,10295.02528855813598203723093,6721.241930691140355854407159
1680854399999,2023-04-07 07:59,10295.02528855813598203723093,6673.568076053851128669224276
1680868799999,2023-04-07 11:59,10295.02528855813598203723093,6673.836553111341896642109457
1680883199999,2023-04-07 15:59,10295.02528855813598203723093,6698.574796265848374143672578
1680897599999,2023-04-07 19:59,10295.02528855813598203723093,6687.409027214134113271358526
1680911999999,2023-04-07 23:59,10295.02528855813598203723093,6689.520886925289172058071424
1680926399999,2023-04-08 03:59,10295.02528855813598203723093,6717.581533666243903224088662
1680940799999,2023-04-08 07:59,10295.02528855813598203723093,6732.642617168159038702995745
1680955199999,2023-04-08 11:59,10295.02528855813598203723093,6715.831638559384433400819178
1680969599999,2023-04-08 15:59,10295.02528855813598203723093,6715.498439354105712434470605
1680983999999,2023-04-08 19:59,10295.02528855813598203723093,6693.787754446124591627139482
1680998399999,2023-04-08 23:59,10295.02528855813598203723093,6697.203645579377666282151832
1681012799999,2023-04-09 03:59,10295.02528855813598203723093,6718.617088030851151119502932
1681027199999,2023-04-09 07:59,10295.02528855813598203723093,6688.727441335740563138205398
1681041599999,2023-04-09 11:59,10295.02528855813598203723093,6695.242804213061164480186848
1681055999999,2023-04-09 15:59,10295.02528855813598203723093,6686.064244810095534407174717
1681070399999,2023-04-09 19:59,10295.02528855813598203723093,6745.630194824274939391316383
1681084799999,2023-04-09 23:59,10295.02528855813598203723093,6789.583724522049238952233185
1681099199999,2023-04-10 03:59,10295.02528855813598203723093,6778.722389276596831049172865
1681113599999,2023-04-10 07:59,10295.02528855813598203723093,6780.189424626457098901009748
1681127999999,2023-04-10 11:59,10295.02528855813598203723093,6785.230560804163215391880605
1681142399999,2023-04-10 15:59,10295.02528855813598203723093,6817.299186474801554153112333
1681156799999,2023-04-10 19:59,10295.02528855813598203723093,6993.170836063932488390969220
1681171199999,2023-04-10 23:59,10295.02528855813598203723093,7104.464164860194769150908425
1681185599999,2023-04-11 03:59,10305.33086234891531934591149,7219.192561722388036563923206
1681199999999,2023-04-11 07:59,10383.80669649518977131207348,7217.020774096614502783262723
1681214399999,2023-04-11 11:59,10321.29185791414524714151400,7204.618092887174918035870515
1681228799999,2023-04-11 15:59,10382.67555592660863008273104,7237.954793231140187669033143
1681243199999,2023-04-11 19:59,10355.14988142888626272861049,7222.565304757115809223293294
1681257599999,2023-04-11 23:59,10299.95047293782333158339633,7239.441005513678367518933253
1681271999999,2023-04-12 03:59,10216.34857861224413647516550,7172.710074027714092258418314
1681286399999,2023-04-12 07:59,10289.04637502190528602869503,7188.281743362178634685758822
1681300799999,2023-04-12 11:59,10276.82285173178526973208387,7195.305294955463903976415793
1681315199999,2023-04-12 15:59,10283.89962837343370021959559,7182.773169450448413242096801
1681329599999,2023-04-12 19:59,10301.91324164308425055144361,7143.117669789111140247100802
1681343999999,2023-04-12 23:59,10296.12315166355371651620675,7164.567068989355710080820454
1681358399999,2023-04-13 03:59,10308.99001828473268103895534,7208.697985314400695623822107
1681372799999,2023-04-13 07:59,10317.35348158849900797874192,7207.842214693648872710250592
1681387199999,2023-04-13 11:59,10328.93366154756007604921565,7229.708712179638028501845436
1681401599999,2023-04-13 15:59,10349.52064814144641928561339,7297.213912322473000684163174
1681415999999,2023-04-13 19:59,10355.95408145203590154698769,7271.732563026697433257649998
1681430399999,2023-04-13 23:59,10336.65378152026745476286480,7281.011801326222101320494072
1681444799999,2023-04-14 03:59,10378.47109803909908946179772,7357.009985528787349645063567
1681459199999,2023-04-14 07:59,10366.89091808003802139132399,7367.279232977809224607921747
1681473599999,2023-04-14 11:59,10374.61103805274540010497314,7383.620376735974985957549246
1681487999999,2023-04-14 15:59,10298.05318165673056119461904,7248.423001356695399611797305
1681502399999,2023-04-14 19:59,10342.44387149979798879810167,7269.086146317145577524924641
1681516799999,2023-04-14 23:59,10354.66739478991800509471283,7303.326559613557450066816852
1681531199999,2023-04-15 03:59,10325.71694489226533491852850,7281.563138140712071264811854
1681545599999,2023-04-15 07:59,10335.36709485814955831058994,7295.265056539080193880987707
1681559999999,2023-04-15 11:59,10331.50703487179586895376537,7283.758896932332995043051372
1681574399999,2023-04-15 15:59,10330.86369154073692072762794,7269.369006074144779496357242
1681588799999,2023-04-15 19:59,10311.56339160896847394350506,7270.919940504470912339720744
1681603199999,2023-04-15 23:59,10312.20673494002742216964249,7262.134508221402478227004771
1681617599999,2023-04-16 03:59,10329.57700487861902427535308,7251.174891195975771333870412
1681631999999,2023-04-16 07:59,10325.07360156120638669239107,7274.091325746080609019426947
1681646399999,2023-04-16 11:59,10312.20673494002742216964249,7245.680699983753983888755812
1681660799999,2023-04-16 15:59,10329.57700487861902427535308,7271.217182960978548309700766
1681675199999,2023-04-16 19:59,10343.08721483085693702423910,7265.483280090282860888795826
1681689599999,2023-04-16 23:59,10395.19802464663174334137088,7264.426151676412961995560425
1681703999999,2023-04-17 03:59,10425.43516120640230996983006,7187.274954396588254787439392
1681718399999,2023-04-17 07:59,10381.04447136333488236634743,7152.636619747109708285735216
1681732799999,2023-04-17 11:59,10368.17760474215591784359885,7088.516148221926203761577083
1681747199999,2023-04-17 15:59,10343.08721483085693702423910,7037.577420796222458906129765
1681761599999,2023-04-17 19:59,10355.95408145203590154698769,7063.689211753784383268971536
1681775999999,2023-04-17 23:59,10346.30393148615167815492624,7054.827071740004301164002654
1681790399999,2023-04-18 03:59,10336.01043818920850653672737,7058.835050669687908759217144
1681804799999,2023-04-18 07:59,10379.75778470121698591407257,7137.611492993965657803196684
1681819199999,2023-04-18 11:59,10395.19802464663174334137088,7282.629855020920926157078869
1681833599999,2023-04-18 15:59,10368.17760474215591784359885,7235.711092107824483895635558
1681847999999,2023-04-18 19:59,10352.73736479674116041630054,7244.498921507477657008109434
1681862399999,2023-04-18 23:59,10361.74417143156643558222455,7282.490822259006064171120471
1681876799999,2023-04-19 03:59,10348.23396147932852283333853,7242.032288541781226257226832
1681891199999,2023-04-19 07:59,10332.15037820285481717990280,7210.037973485269796488490109
1681905599999,2023-04-19 11:59,10303.58190428206329284111646,7026.152763153356386059962145
1681919999999,2023-04-19 15:59,10303.58190428206329284111646,7014.116840781381868275529157
1681934399999,2023-04-19 19:59,10303.58190428206329284111646,7006.117662738107826083405501
1681948799999,2023-04-19 23:59,10303.58190428206329284111646,6903.048840944085053492832873
1681963199999,2023-04-20 03:59,10303.58190428206329284111646,6918.730777641447589909036937
1681977599999,2023-04-20 07:59,10303.58190428206329284111646,6920.442318882951235736179966
1681991999999,2023-04-20 11:59,10303.58190428206329284111646,6857.510817183798275091941922
1682006399999,2023-04-20 15:59,10303.58190428206329284111646,6833.434178206679761523560140
1682020799999,2023-04-20 19:59,10303.58190428206329284111646,6736.995780886045062263348325
1682035199999,2023-04-20 23:59,10303.58190428206329284111646,6770.380423561705111891669022
1682049599999,2023-04-21 03:59,10303.58190428206329284111646,6789.020402124635574009125885
1682063999999,2023-04-21 07:59,10303.58190428206329284111646,6749.137176387748096037129062
1682078399999,2023-04-21 11:59,10303.58190428206329284111646,6727.845986882096300187431035
1682092799999,2023-04-21 15:59,10303.58190428206329284111646,6721.730942474427111805019453
1682107199999,2023-04-21 19:59,10303.58190428206329284111646,6539.360709824068749223486440
1682121599999,2023-04-21 23:59,10303.58190428206329284111646,6535.268831813919276636745331
1682135999999,2023-04-22 03:59,10303.58190428206329284111646,6549.488527394591023200628318
1682150399999,2023-04-22 07:59,10303.58190428206329284111646,6538.845329758349864275537208
1682164799999,2023-04-22 11:59,10303.58190428206329284111646,6540.976366402182835060313334
1682179199999,2023-04-22 15:59,10303.58190428206329284111646,6589.465240678283322163183374
1682193599999,2023-04-22 19:59,10303.58190428206329284111646,6621.509895183074270926836068
1682207999999,2023-04-22 23:59,10303.58190428206329284111646,6668.071487725044602224351772
1682222399999,2023-04-23 03:59,10303.58190428206329284111646,6605.983771063719769494895725
1682236799999,2023-04-23 07:59,10303.58190428206329284111646,6644.591730777526099595687938
1682251199999,2023-04-23 11:59,10303.58190428206329284111646,6626.373644733509701435622073
1682265599999,2023-04-23 15:59,10303.58190428206329284111646,6585.999010096750728513255053
1682279999999,2023-04-23 19:59,10303.58190428206329284111646,6583.913518668027798723879092
1682294399999,2023-04-23 23:59,10303.58190428206329284111646,6613.836724995324732701787274
1682308799999,2023-04-24 03:59,10303.58190428206329284111646,6661.750291291087859862760498
1682323199999,2023-04-24 07:59,10303.58190428206329284111646,6580.605497781087979057972396
1682337599999,2023-04-24 11:59,10303.58190428206329284111646,6604.305789454402469664363343
1682351999999,2023-04-24 15:59,10303.58190428206329284111646,6536.278017896094395534822663
1682366399999,2023-04-24 19:59,10303.58190428206329284111646,6564.142101077100528720691822
1682380799999,2023-04-24 23:59,10303.58190428206329284111646,6594.738897164709121630570861
1682395199999,2023-04-25 03:59,10303.58190428206329284111646,6555.136134068236106630248736
1682409599999,2023-04-25 07:59,10303.58190428206329284111646,6536.155764950272706547169590
1682423999999,2023-04-25 11:59,10303.58190428206329284111646,6565.980689497595341535003733
1682438399999,2023-04-25 15:59,10303.58190428206329284111646,6554.963541674134898647679691
1682452799999,2023-04-25 19:59,10303.58190428206329284111646,6618.822727491581852198226353
1682467199999,2023-04-25 23:59,10303.58190428206329284111646,6784.077547726903756508329068
1682481599999,2023-04-26 03:59,10303.58190428206329284111646,6786.069551608821865307146796
1682495999999,2023-04-26 07:59,10303.58190428206329284111646,6802.149409659251075683162824
1682510399999,2023-04-26 11:59,10303.58190428206329284111646,6940.256884572403807735009497
1682524799999,2023-04-26 15:59,10303.58190428206329284111646,7148.257087746791555728045698
1682539199999,2023-04-26 19:59,10303.58190428206329284111646,6684.225656389600721592862807
1682553599999,2023-04-26 23:59,10303.58190428206329284111646,6811.524532622165303736323034
1682567999999,2023-04-27 03:59,10303.58190428206329284111646,6924.308867934135242345678156
1682582399999,2023-04-27 07:59,10303.58190428206329284111646,6926.236149668265398151032492
1682596799999,2023-04-27 11:59,10303.58190428206329284111646,6935.915706437441479173446434
1682611199999,2023-04-27 15:59,10303.58190428206329284111646,6987.578363071736401955780580
1682625599999,2023-04-27 19:59,10340.43355960995695963357472,7113.247200026678464263866494
1682639999999,2023-04-27 23:59,10325.00080461647410942344732,7065.014817225145050135092118
1682654399999,2023-04-28 03:59,10320.99324312147148070976929,7052.489883069883776400046836
1682668799999,2023-04-28 07:59,10326.23260246546439109123046,7068.864586460235883746284983
1682683199999,2023-04-28 11:59,10306.79151897956360065953724,7008.104872386856456882707422
1682697599999,2023-04-28 15:59,10300.00589284630269037630096,6986.897581961670526024536014
1682711999999,2023-04-28 19:59,10313.93763389802091965003259,7030.438807606869717627093430
1682726399999,2023-04-28 23:59,10312.64677724805165187488998,7026.404460394753981034542002
1682740799999,2023-04-29 03:59,10315.25763644977202472491104,7034.564245249205536210445187
1682755199999,2023-04-29 07:59,10315.24229650146579456715534,7034.516302917510756215287119
1682769599999,2023-04-29 11:59,10314.21221897270243947385972,7031.296975344206279540422848
1682783999999,2023-04-29 15:59,10309.54120471345535643724743,7016.698535343145771014791123
1682798399999,2023-04-29 19:59,10307.19879460709401134795121,7009.377741293352865754154129
1682812799999,2023-04-29 23:59,10306.41492324864565028663467,7006.927888143749608001576851
1682827199999,2023-04-30 03:59,10302.45875058046889260143825,6994.563560799665847250311097
1682841599999,2023-04-30 07:59,10309.17457994893645566688607,7015.552713615640529130513296
1682855999999,2023-04-30 11:59,10303.85008389184396790988073,6998.911930284382392811147871
1682870399999,2023-04-30 15:59,10338.99160446917132480453842,7108.740620847369144719008096
1682884799999,2023-04-30 19:59,10316.43804547193643536421257,7038.253407673118856837858524
1682899199999,2023-04-30 23:59,10306.62661453527162646366340,7007.589492321137571934758190
1682913599999,2023-05-01 03:59,10253.71725006035600706112343,6846.467301077905703207280943
1682927999999,2023-05-01 07:59,10253.71725006035600706112343,6862.774885203885118560297795
1682942399999,2023-05-01 11:59,10253.71725006035600706112343,6837.550027382676624107880283
1682956799999,2023-05-01 15:59,10215.47654884266081011305419,6752.879075376525674659216275
1682971199999,2023-05-01 19:59,10180.43818993917599986769626,6674.426243791187690582553694
1682985599999,2023-05-01 23:59,10180.43818993917599986769626,6728.337395781967795137801233
1682999999999,2023-05-02 03:59,10180.43818993917599986769626,6722.464460149357245730937895
1683014399999,2023-05-02 07:59,10180.43818993917599986769626,6725.750906987034414399023460
1683028799999,2023-05-02 11:59,10180.43818993917599986769626,6732.309417962880317736647172
1683043199999,2023-05-02 15:59,10180.43818993917599986769626,6841.581977478207621700673807
1683057599999,2023-05-02 19:59,10180.43818993917599986769626,6876.450435319821112179136711
1683071999999,2023-05-02 23:59,10180.43818993917599986769626,6872.547929519866020573269970
1683086399999,2023-05-03 03:59,10180.43818993917599986769626,6836.840480873593880179540876
1683100799999,2023-05-03 07:59,10180.43818993917599986769626,6868.698160284775186962077105
1683115199999,2023-05-03 11:59,10180.43818993917599986769626,6842.315495153137755626592249
1683129599999,2023-05-03 15:59,10180.43818993917599986769626,6786.647256705743964248801516
1683143999999,2023-05-03 19:59,10180.43818993917599986769626,6789.396749428439596971116719
1683158399999,2023-05-03 23:59,10180.43818993917599986769626,6957.957193434116581947368227
1683172799999,2023-05-04 03:59,10180.43818993917599986769626,6974.904807688221310235745288
1683187199999,2023-05-04 07:59,10180.43818993917599986769626,6965.635157855035598171932827
1683201599999,2023-05-04 11:59,10180.43818993917599986769626,6988.760141548012728836426958
1683215999999,2023-05-04 15:59,10180.43818993917599986769626,6919.610519428046802820187486
1683230399999,2023-05-04 19:59,10180.43818993917599986769626,6926.545377707696729119802031
1683244799999,2023-05-04 23:59,10180.43818993917599986769626,6912.891401641023386498784246
1683259199999,2023-05-05 03:59,10180.43818993917599986769626,6999.204378507720550781612086
1683273599999,2023-05-05 07:59,10180.43818993917599986769626,6966.617975654778588072673223
1683287999999,2023-05-05 11:59,10180.43818993917599986769626,6987.489669758101058964738154
1683302399999,2023-05-05 15:59,10180.43818993917599986769626,7037.131557111461004951159732
1683316799999,2023-05-05 19:59,10180.43818993917599986769626,7086.322786546890018983095469
1683331199999,2023-05-05 23:59,10180.43818993917599986769626,7072.886948089427925340046894
1683345599999,2023-05-06 03:59,10180.43818993917599986769626,7036.450776001395129019915165
1683359999999,2023-05-06 07:59,10180.43818993917599986769626,7038.785567554930914784113080
1683374399999,2023-05-06 11:59,10180.43818993917599986769626,7015.485594351267837137292001
1683388799999,2023-05-06 15:59,10180.43818993917599986769626,6850.194817367174847830820735
1683403199999,2023-05-06 19:59,10180.43818993917599986769626,6914.008457969511760385967232
1683417599999,2023-05-06 23:59,10180.43818993917599986769626,6915.298106692101342255719263
1683431999999,2023-05-07 03:59,10180.43818993917599986769626,6903.398819965456947457486770
1683446399999,2023-05-07 07:59,10180.43818993917599986769626,6930.210568965762659749636335
1683460799999,2023-05-07 11:59,10180.43818993917599986769626,6913.346853792123796452785893
1683475199999,2023-05-07 15:59,10180.43818993917599986769626,6937.943667068130672968632713
1683489599999,2023-05-07 19:59,10180.43818993917599986769626,6929.568141721052607814518222
1683503999999,2023-05-07 23:59,10180.43818993917599986769626,6815.074662284163762377777975
1683518399999,2023-05-08 03:59,10180.43818993917599986769626,6759.847493288361946955441468
1683532799999,2023-05-08 07:59,10180.43818993917599986769626,6706.096948108759355383973457
1683547199999,2023-05-08 11:59,10180.43818993917599986769626,6696.175282564524635386011272
1683561599999,2023-05-08 15:59,10180.43818993917599986769626,6685.026293328903547512002543
1683575999999,2023-05-08 19:59,10180.43818993917599986769626,6553.937575775866606751297035
1683590399999,2023-05-08 23:59,10180.43818993917599986769626,6632.579779571398971808833984
1683604799999,2023-05-09 03:59,10180.43818993917599986769626,6623.123154644603617763905058
1683619199999,2023-05-09 07:59,10180.43818993917599986769626,6632.064399505680086860884752
1683633599999,2023-05-09 11:59,10180.43818993917599986769626,6634.861834560070499578358024
1683647999999,2023-05-09 15:59,10180.43818993917599986769626,6568.241170437004218306706642
1683662399999,2023-05-09 19:59,10180.43818993917599986769626,6643.973274698663437658148860
1683676799999,2023-05-09 23:59,10180.43818993917599986769626,6622.866663170036544789809394
1683691199999,2023-05-10 03:59,10180.43818993917599986769626,6636.535021936218321409374599
1683705599999,2023-05-10 07:59,10180.43818993917599986769626,6602.249063424696407872082223
1683719999999,2023-05-10 11:59,10180.43818993917599986769626,6634.569386336732341607893809
1683734399999,2023-05-10 15:59,10180.43818993917599986769626,6748.698504052740859081432739
1683748799999,2023-05-10 19:59,10180.43818993917599986769626,6638.205812195781404240633272
1683763199999,2023-05-10 23:59,10180.43818993917599986769626,6615.790375011887017504478548
1683777599999,2023-05-11 03:59,10180.43818993917599986769626,6579.390159672625306180715370
1683791999999,2023-05-11 07:59,10180.43818993917599986769626,6580.150045629987569103970749
1683806399999,2023-05-11 11:59,10180.43818993917599986769626,6569.492465294237976180332218
1683820799999,2023-05-11 15:59,10180.43818993917599986769626,6515.272085264026540656315141
1683835199999,2023-05-11 19:59,10180.43818993917599986769626,6434.640274703160805799718367
1683849599999,2023-05-11 23:59,10180.43818993917599986769626,6464.740867657728425759711401
1683863999999,2023-05-12 03:59,10180.43818993917599986769626,6372.619677306208665063483615
1683878399999,2023-05-12 07:59,10180.43818993917599986769626,6307.226336874528751667878776
1683892799999,2023-05-12 11:59,10180.43818993917599986769626,6315.973415292241361784468294
1683907199999,2023-05-12 15:59,10180.43818993917599986769626,6309.460449531505499442244747
1683921599999,2023-05-12 19:59,10180.43818993917599986769626,6342.727633494513338082428177
1683935999999,2023-05-12 23:59,10180.43818993917599986769626,6423.124526630074650962750418
1683950399999,2023-05-13 03:59,10180.43818993917599986769626,6426.303103221438564641730330
1683964799999,2023-05-13 07:59,10180.43818993917599986769626,6417.579995969573344522719846
1683979199999,2023-05-13 11:59,10180.43818993917599986769626,6430.059384909724577262364963
1683993599999,2023-05-13 15:59,10180.43818993917599986769626,6428.216002256060286448537246
1684007999999,2023-05-13 19:59,10180.43818993917599986769626,6433.415348128359176923429728
1684022399999,2023-05-13 23:59,10180.43818993917599986769626,6418.395015608384604440407003
1684036799999,2023-05-14 03:59,10180.43818993917599986769626,6439.909136956417127267590047
1684051199999,2023-05-14 07:59,10180.43818993917599986769626,6437.555168470203429505328905
1684065599999,2023-05-14 11:59,10180.43818993917599986769626,6425.754163523533333697170451
1684079999999,2023-05-14 15:59,10180.43818993917599986769626,6491.924169728668683014335994
1684094399999,2023-05-14 19:59,10180.43818993917599986769626,6443.250717475543292930107391
1684108799999,2023-05-14 23:59,10180.43818993917599986769626,6452.515573075559526994404045
1684123199999,2023-05-15 03:59,10180.43818993917599986769626,6528.067893593363321364003507
1684137599999,2023-05-15 07:59,10180.43818993917599986769626,6569.940726095584169135060155
1684151999999,2023-05-15 11:59,10180.43818993917599986769626,6552.834902146886666862661469
1684166399999,2023-05-15 15:59,10222.78579617831728037204815,6567.380605583082917393619320
1684180799999,2023-05-15 19:59,10218.67794825896154037070355,6572.520023540763332874564217
1684195199999,2023-05-15 23:59,10184.64149407001398035956259,6511.129867805597549074658060
1684209599999,2023-05-16 03:59,10201.07288574743694036494099,6503.425535102246403852756522
1684223999999,2023-05-16 07:59,10239.21718785574024037742655,6532.809390197977062885136439
1684238399999,2023-05-16 11:59,10257.40908578431566038338120,6486.413198700353722570916070
1684252799999,2023-05-16 15:59,10268.55895870828124038703082,6481.376856755817084079561019
1684267199999,2023-05-16 19:59,10249.78022536265500038088409,6456.214323965811803620848996
1684281599999,2023-05-16 23:59,10275.60098371289108038933585,6480.374862023396182180757397
1684295999999,2023-05-17 03:59,10361.86579001936162041757242,6486.655307475412361546464313
1684310399999,2023-05-17 07:59,10320.78731082580422040412644,6435.141272069371256749120178
1684324799999,2023-05-17 11:59,10329.29642437304111040691168,6385.396308702867533773108755
1684339199999,2023-05-17 15:59,10336.92528479470177040940879,6423.584773014344538916267871
1684353599999,2023-05-17 19:59,10415.26781297098624043505221,6564.573582062353548677114435
1684367999999,2023-05-17 23:59,10389.74047232927557042669648,6569.492465294237976180332218
1684382399999,2023-05-18 03:59,10395.90224420830918042871338,6559.923175887959889146781833
1684396799999,2023-05-18 07:59,10362.74604314493785041786055,6566.136502075603376519267454
1684411199999,2023-05-18 11:59,10360.98553689378539041728429,6567.900779881971280341084359
1684425599999,2023-05-18 15:59,10321.08072853432963040422248,6493.062800106419707899340110
1684439999999,2023-05-18 19:59,10247.67123278245979611793947,6408.502115463166752439539658
1684454399999,2023-05-18 23:59,10247.67123278245979611793947,6429.421751898184003326762658
1684468799999,2023-05-19 03:59,10247.67123278245979611793947,6432.645873704657958001142735
1684483199999,2023-05-19 07:59,10247.67123278245979611793947,6436.637072818248392598051902
1684497599999,2023-05-19 11:59,10247.67123278245979611793947,6437.718172397965681488866337
1684511999999,2023-05-19 15:59,10247.67123278245979611793947,6444.372568037201144816806184
1684526399999,2023-05-19 19:59,10247.67123278245979611793947,6432.581151556870005007679343
1684540799999,2023-05-19 23:59,10247.67123278245979611793947,6443.559945514974623898876930
1684555199999,2023-05-20 03:59,10247.67123278245979611793947,6440.040978368577772254274734
1684569599999,2023-05-20 07:59,10247.67123278245979611793947,6437.500034788754432510897127
1684583999999,2023-05-20 11:59,10247.67123278245979611793947,6443.512003183279843903718862
1684598399999,2023-05-20 15:59,10247.67123278245979611793947,6459.237087979167682315565187
1684612799999,2023-05-20 19:59,10247.67123278245979611793947,6487.372045334249322474077431
1684627199999,2023-05-20 23:59,10247.67123278245979611793947,6496.816684678120981520216840
1684641599999,2023-05-21 03:59,10247.67123278245979611793947,6514.505007956910060733786052
1684655999999,2023-05-21 07:59,10247.67123278245979611793947,6485.444763600119166668723095
1684670399999,2023-05-21 11:59,10247.67123278245979611793947,6431.497654860567977117107005
1684684799999,2023-05-21 15:59,10247.67123278245979611793947,6448.044950645021292445914198
1684699199999,2023-05-21 19:59,10247.67123278245979611793947,6448.800042369214077369653770
1684713599999,2023-05-21 23:59,10247.67123278245979611793947,6411.802945000352355106172644
1684727999999,2023-05-22 03:59,10247.67123278245979611793947,6387.117438410710135599283398
1684742399999,2023-05-22 07:59,10247.67123278245979611793947,6434.659451635838717797781594
1684756799999,2023-05-22 11:59,10247.67123278245979611793947,6430.740166019790453193609530
1684771199999,2023-05-22 15:59,10247.67123278245979611793947,6442.821633606875011973442682
1684785599999,2023-05-22 19:59,10247.67123278245979611793947,6439.285886644384987330535162
1684799999999,2023-05-22 23:59,10247.67123278245979611793947,6436.131281218868463649134284
1684814399999,2023-05-23 03:59,10247.67123278245979611793947,6560.158093313264311123056366
1684828799999,2023-05-23 07:59,10247.67123278245979611793947,6545.231248340094559630591874
1684843199999,2023-05-23 11:59,10247.67123278245979611793947,6553.132144603394302832641491
1684857599999,2023-05-23 15:59,10247.67123278245979611793947,6548.982735795211094251710700
1684871999999,2023-05-23 19:59,10247.67123278245979611793947,6515.703566249279560612737753
1684886399999,2023-05-23 23:59,10247.67123278245979611793947,6524.906096818092580683328918
1684900799999,2023-05-24 03:59,10247.67123278245979611793947,6420.964724587224812180879452
1684915199999,2023-05-24 07:59,10247.67123278245979611793947,6395.236472283221127779302225
1684929599999,2023-05-24 11:59,10247.67123278245979611793947,6410.474942412406949240294159
1684943999999,2023-05-24 15:59,10247.67123278245979611793947,6307.986222831891014591134154
1684958399999,2023-05-24 19:59,10247.67123278245979611793947,6293.037803809458612100848532
1684972799999,2023-05-24 23:59,10247.67123278245979611793947,6311.418893781237262244451828
1684987199999,2023-05-25 03:59,10247.67123278245979611793947,6276.591186921564334761873282
1685001599999,2023-05-25 07:59,10247.67123278245979611793947,6264.018310434608281031669933
1685015999999,2023-05-25 11:59,10247.67123278245979611793947,6303.654633163267642028602705
1685030399999,2023-05-25 15:59,10247.67123278245979611793947,6286.754961240857693735383712
1685044799999,2023-05-25 19:59,10247.67123278245979611793947,6344.899421120286871863088661
1685059199999,2023-05-25 23:59,10247.67123278245979611793947,6346.124347695088500739377300
1685073599999,2023-05-26 03:59,10247.67123278245979611793947,6336.859492095072266675080646
1685087999999,2023-05-26 07:59,10247.67123278245979611793947,6352.726006769459706072643272
1685102399999,2023-05-26 11:59,10247.67123278245979611793947,6343.607375281112550993578726
1685116799999,2023-05-26 15:59,10247.67123278245979611793947,6412.385444330443932047343171
1685131199999,2023-05-26 19:59,10247.67123278245979611793947,6416.460542524500231635778957
1685145599999,2023-05-26 23:59,10247.67123278245979611793947,6401.768614976634902119588999
1685159999999,2023-05-27 03:59,10247.67123278245979611793947,6412.814528199112213004007881
1685174399999,2023-05-27 07:59,10247.67123278245979611793947,6405.814947771674333710929943
1685188799999,2023-05-27 11:59,10247.67123278245979611793947,6400.114604533164992286635650
1685203199999,2023-05-27 15:59,10247.67123278245979611793947,6397.964390956654109503796298
1685217599999,2023-05-27 19:59,10247.67123278245979611793947,6407.444987049296853546304257
1685231999999,2023-05-27 23:59,10247.67123278245979611793947,6437.329839511237963528085985
1685246399999,2023-05-28 03:59,10247.67123278245979611793947,6517.144233316707699467237699
1685260799999,2023-05-28 07:59,10247.67123278245979611793947,6526.526547629376144519671619
1685275199999,2023-05-28 11:59,10247.67123278245979611793947,6509.121084107586267277535008
1685289599999,2023-05-28 15:59,10247.67123278245979611793947,6537.505341587480763410869206
1685303999999,2023-05-28 19:59,10247.67123278245979611793947,6598.348954741326055265973386
1685318399999,2023-05-28 23:59,10247.67123278245979611793947,6727.555935775342881216724723
1685332799999,2023-05-29 03:59,10219.37435254739525890678261,6701.185256226629144880029384
1685347199999,2023-05-29 07:59,10236.69616211663577178944988,6689.890042879338978020788548
1685361599999,2023-05-29 11:59,10247.95654774950318396034145,6691.328312830182377875530590
1685375999999,2023-05-29 15:59,10211.98776904152389034319352,6623.403617285018080735579757
1685390399999,2023-05-29 19:59,10204.29234651074549790474529,6625.184674907479157555701985
1685404799999,2023-05-29 23:59,10204.52190339286415834274031,6648.786684800819349172018893
1685419199999,2023-05-30 03:59,10222.03654072638018106556708,6671.039118056951483924636185
1685433599999,2023-05-30 07:59,10217.03040679416137944661071,6648.024401726872347249005611
1685447999999,2023-05-30 11:59,10278.63341975970023679446833,6717.104507465880842272265885
1685462399999,2023-05-30 15:59,10235.67155202579809793989828,6633.608142586252002704974544
1685476799999,2023-05-30 19:59,10250.15939686682632212976118,6676.065871535149166416959622
1685491199999,2023-05-30 23:59,10242.79386457600309687231170,6638.718795144915550188824600
1685505599999,2023-05-31 03:59,10218.05282665577393204709467,6629.825492615533861087002974
1685519999999,2023-05-31 07:59,10141.13785859943456186018675,6512.510606958407212935210420
1685534399999,2023-05-31 11:59,10141.13785859943456186018675,6495.558198471133006647317553
1685548799999,2023-05-31 15:59,10141.13785859943456186018675,6451.058126192038215141598776
1685563199999,2023-05-31 19:59,10141.13785859943456186018675,6474.796771730708529744116178
1685577599999,2023-05-31 23:59,10141.13785859943456186018675,6522.686366860624266907510367
1685591999999,2023-06-01 03:59,10141.13785859943456186018675,6419.512071936872978327589989
1685606399999,2023-06-01 07:59,10141.13785859943456186018675,6424.960717933984724777304425
1685620799999,2023-06-01 11:59,10141.13785859943456186018675,6446.604283577593153591414252
1685635199999,2023-06-01 15:59,10141.13785859943456186018675,6446.968645298473481554615570
1685649599999,2023-06-01 19:59,10141.13785859943456186018675,6439.345814559003462324482747
1685663999999,2023-06-01 23:59,10141.13785859943456186018675,6428.618717842296438407865018
1685678399999,2023-06-02 03:59,10141.13785859943456186018675,6472.263019500639407000012280
1685692799999,2023-06-02 07:59,10141.13785859943456186018675,6484.164703343868540798002677
1685707199999,2023-06-02 11:59,10141.13785859943456186018675,6503.605318846101828834599277
1685721599999,2023-06-02 15:59,10141.13785859943456186018675,6495.256161781455892677821724
1685735999999,2023-06-02 19:59,10141.13785859943456186018675,6529.558900109070979213419424
1685750399999,2023-06-02 23:59,10141.13785859943456186018675,6530.414670729822802126990939
1685764799999,2023-06-03 03:59,10141.13785859943456186018675,6506.589728994101883533189014
1685779199999,2023-06-03 07:59,10141.13785859943456186018675,6514.073526971657040777363439
1685793599999,2023-06-03 11:59,10141.13785859943456186018675,6503.375195653966884857840551
1685807999999,2023-06-03 15:59,10141.13785859943456186018675,6545.437400366382113609771567
1685822399999,2023-06-03 19:59,10141.13785859943456186018675,6495.361634911184408667169474
1685836799999,2023-06-03 23:59,10141.13785859943456186018675,6488.855860500202763324219637
1685851199999,2023-06-04 03:59,10141.13785859943456186018675,6486.976521097767387514023369
1685865599999,2023-06-04 07:59,10141.13785859943456186018675,6508.327638518037658357668982
1685879999999,2023-06-04 11:59,10141.13785859943456186018675,6519.857769290632247193184351
1685894399999,2023-06-04 15:59,10141.13785859943456186018675,6515.171406367467502666483198
1685908799999,2023-06-04 19:59,10141.13785859943456186018675,6523.347971038012230840691706
1685923199999,2023-06-04 23:59,10141.13785859943456186018675,6499.880199673417423210817389
1685937599999,2023-06-05 03:59,10141.13785859943456186018675,6434.767321882151972786887247
1685951999999,2023-06-05 07:59,10141.13785859943456186018675,6431.509640443491672115896522
1685966399999,2023-06-05 11:59,10141.13785859943456186018675,6417.941960573868933486163260
1685980799999,2023-06-05 15:59,10141.13785859943456186018675,6234.356389815047898027373221
1685995199999,2023-06-05 19:59,10141.13785859943456186018675,6143.855650274811701167488136
1686009599999,2023-06-05 23:59,10141.13785859943456186018675,6167.397732253533417789857459
1686023999999,2023-06-06 03:59,10141.13785859943456186018675,6168.028173915319774726186054
1686038399999,2023-06-06 07:59,10141.13785859943456186018675,6165.990624818291624931968161
1686052799999,2023-06-06 11:59,10141.13785859943456186018675,6157.435315727358134796010915
1686067199999,2023-06-06 15:59,10141.13785859943456186018675,6248.398698768448958609171357
1686081599999,2023-06-06 19:59,10141.13785859943456186018675,6491.471114694153012060092250
1686095999999,2023-06-06 23:59,10141.13785859943456186018675,6527.415877882314313429853782
1686110399999,2023-06-07 03:59,10141.13785859943456186018675,6450.451655696099248202849214
1686124799999,2023-06-07 07:59,10141.13785859943456186018675,6423.330678656362204941930110
1686139199999,2023-06-07 11:59,10141.13785859943456186018675,6447.366566651540155514427535
1686153599999,2023-06-07 15:59,10141.13785859943456186018675,6316.335379896536950747911708
1686167999999,2023-06-07 19:59,10141.13785859943456186018675,6348.193059307718257530447937
1686182399999,2023-06-07 23:59,10141.13785859943456186018675,6313.895115213272648994366043
1686196799999,2023-06-08 03:59,10141.13785859943456186018675,6315.052922523701585877433387
1686211199999,2023-06-08 07:59,10141.13785859943456186018675,6339.148738433498011443878396
1686225599999,2023-06-08 11:59,10141.13785859943456186018675,6336.106797487464220751098978
1686239999999,2023-06-08 15:59,10141.13785859943456186018675,6405.546470714183565738044762
1686254399999,2023-06-08 19:59,10141.13785859943456186018675,6361.971685436798028138876698
1686268799999,2023-06-08 23:59,10141.13785859943456186018675,6352.073991058410698138493546
1686283199999,2023-06-09 03:59,10141.13785859943456186018675,6348.499890230564849499459572
1686297599999,2023-06-09 07:59,10141.13785859943456186018675,6350.832284667515896263899584
1686311999999,2023-06-09 11:59,10141.13785859943456186018675,6378.821017910928457437179720
1686326399999,2023-06-09 15:59,10141.13785859943456186018675,6346.982515432425062652706718
1686340799999,2023-06-09 19:59,10141.13785859943456186018675,6330.149962774387806352709021
1686355199999,2023-06-09 23:59,10141.13785859943456186018675,6347.087988562153578642054468
1686369599999,2023-06-10 03:59,10141.13785859943456186018675,6309.995006529902296388257206
1686383999999,2023-06-10 07:59,10141.13785859943456186018675,6148.913566268610990656664317
1686398399999,2023-06-10 11:59,10141.13785859943456186018675,6168.164809560649897712386548
1686412799999,2023-06-10 15:59,10141.13785859943456186018675,6143.570393401227760196297631
1686427199999,2023-06-10 19:59,10141.13785859943456186018675,6172.623446408264437262086878
1686441599999,2023-06-10 23:59,10141.13785859943456186018675,6194.487546777668854053923819
1686455999999,2023-06-11 03:59,10141.13785859943456186018675,6167.232331209186426806562124
1686470399999,2023-06-11 07:59,10141.13785859943456186018675,6170.545146329295724471984628
1686484799999,2023-06-11 11:59,10141.13785859943456186018675,6183.664565397572270146989953
1686499199999,2023-06-11 15:59,10141.13785859943456186018675,6172.949454263788941229161741
1686513599999,2023-06-11 19:59,10141.13785859943456186018675,6239.956054156998201461835571
1686527999999,2023-06-11 23:59,10141.13785859943456186018675,6214.704828053357578012081122
1686542399999,2023-06-12 03:59,10141.13785859943456186018675,6182.521140786651767262470030
1686556799999,2023-06-12 07:59,10141.13785859943456186018675,6185.323370074211657979459108
1686571199999,2023-06-12 11:59,10141.13785859943456186018675,6229.873781801585968480093857
1686585599999,2023-06-12 15:59,10141.13785859943456186018675,6190.513127480171592455319976
1686599999999,2023-06-12 19:59,10141.13785859943456186018675,6190.417242816782032465003840
1686614399999,2023-06-12 23:59,10141.13785859943456186018675,6209.824298686828974504989793
1686628799999,2023-06-13 03:59,10141.13785859943456186018675,6247.856950420297944663885188
1686643199999,2023-06-13 07:59,10141.13785859943456186018675,6250.270846821130117420093915
1686657599999,2023-06-13 11:59,10141.13785859943456186018675,6278.530454238618185566017136
1686671999999,2023-06-13 15:59,10141.13785859943456186018675,6174.910295630105443031126725
1686686399999,2023-06-13 19:59,10141.13785859943456186018675,6209.260976289415309561882493
1686700799999,2023-06-13 23:59,10141.13785859943456186018675,6216.790319482080507801457082
1686715199999,2023-06-14 03:59,10141.13785859943456186018675,6228.972465965724104571122178
1686729599999,2023-06-14 07:59,10141.13785859943456186018675,6208.033652598028941685835950
1686743999999,2023-06-14 11:59,10141.13785859943456186018675,6226.728764842408400797724592
1686758399999,2023-06-14 15:59,10141.13785859943456186018675,6229.375181551960256530449949
1686772799999,2023-06-14 19:59,10141.13785859943456186018675,6202.489121937527635245805379
1686787199999,2023-06-14 23:59,10141.13785859943456186018675,6023.666621832582992305969402
1686801599999,2023-06-15 03:59,10141.13785859943456186018675,6008.504859434108818837230377
1686815999999,2023-06-15 07:59,10141.13785859943456186018675,5988.956373685562275811528124
1686830399999,2023-06-15 11:59,10141.13785859943456186018675,5996.428186080193738056913031
1686844799999,2023-06-15 15:59,10141.13785859943456186018675,5983.239250630959761388928507
1686859199999,2023-06-15 19:59,10141.13785859943456186018675,6102.025965871116155392073750
1686873599999,2023-06-15 23:59,10141.13785859943456186018675,6136.304733032883851930092416
1686887999999,2023-06-16 03:59,10141.13785859943456186018675,6127.495329583968027819797409
1686902399999,2023-06-16 07:59,10141.13785859943456186018675,6121.567260269908481418502293
1686916799999,2023-06-16 11:59,10141.13785859943456186018675,6106.585281615289732931606023
1686931199999,2023-06-16 15:59,10141.13785859943456186018675,6194.199892787500174082975410
1686945599999,2023-06-16 19:59,10141.13785859943456186018675,6324.224290576912998951171808
1686959999999,2023-06-16 23:59,10141.13785859943456186018675,6315.251883200234922857339370
1686974399999,2023-06-17 03:59,10141.13785859943456186018675,6295.394169412257048862867577
1686988799999,2023-06-17 07:59,10141.13785859943456186018675,6374.837010147092239839544263
1687003199999,2023-06-17 11:59,10141.13785859943456186018675,6354.267352733446882916975160
1687017599999,2023-06-17 15:59,10141.13785859943456186018675,6331.029704560987019263859570
1687031999999,2023-06-17 19:59,10141.13785859943456186018675,6346.486312299384089702820714
1687046399999,2023-06-17 23:59,10141.13785859943456186018675,6356.479891341160979693520002
1687060799999,2023-06-18 03:59,10141.13785859943456186018675,6364.021220116749872931884108
1687075199999,2023-06-18 07:59,10141.13785859943456186018675,6372.777887000801439047505240
1687089599999,2023-06-18 11:59,10141.13785859943456186018675,6352.407190263689419104842119
1687103999999,2023-06-18 15:59,10141.13785859943456186018675,6367.290887138333868601664350
1687118399999,2023-06-18 19:59,10141.13785859943456186018675,6388.363939034774415473393168
1687132799999,2023-06-18 23:59,10141.13785859943456186018675,6314.046133558111205979113958
1687147199999,2023-06-19 03:59,10141.13785859943456186018675,6329.241455588771725444463631
1687161599999,2023-06-19 07:59,10141.13785859943456186018675,6335.150347970153359847695520
1687175999999,2023-06-19 11:59,10141.13785859943456186018675,6339.877461875258667370281031
1687190399999,2023-06-19 15:59,10141.13785859943456186018675,6338.983337389151020460583061
1687204799999,2023-06-19 19:59,10141.13785859943456186018675,6396.101831370311906691905353
1687219199999,2023-06-19 23:59,10141.13785859943456186018675,6434.951899859176875768245809
1687233599999,2023-06-20 03:59,10141.13785859943456186018675,6447.457657081760237505227864
1687247999999,2023-06-20 07:59,10141.13785859943456186018675,6432.096934006752727056582856
1687262399999,2023-06-20 11:59,10141.13785859943456186018675,6450.207149804455870227543067
1687276799999,2023-06-20 15:59,10141.13785859943456186018675,6489.505479094667032258611460
1687291199999,2023-06-20 19:59,10141.13785859943456186018675,6707.844446099034086207485038
1687305599999,2023-06-20 23:59,10141.13785859943456186018675,6785.803471667915836334019518
1687319999999,2023-06-21 03:59,10164.72155338872486616146681,6882.445623898253350573653122
1687334399999,2023-06-21 07:59,10167.12296242979971071064797,6921.070363428152853672750658
1687348799999,2023-06-21 11:59,10185.47976524428346519003418,6934.906520355266360275369101
1687363199999,2023-06-21 15:59,10218.45513055316580811000921,7155.819990571643099964230935
1687377599999,2023-06-21 19:59,10279.71235430050771336220749,7218.252892021170348658825072
1687391999999,2023-06-21 23:59,10285.43862934414859561389523,7189.933356689063805518954266
1687406399999,2023-06-22 03:59,10390.07370793322102552572633,7262.355042947198466204731884
1687420799999,2023-06-22 07:59,10360.58870234715488188780943,7215.548944513584756931910033
1687435199999,2023-06-22 11:59,10293.13785870191350831858009,7174.138755512218536114128743
1687449599999,2023-06-22 15:59,10277.23048040956710482942199,7155.597058729262372986745919
1687463999999,2023-06-22 19:59,10309.06794445649293077664337,7242.482946459712158211712672
1687478399999,2023-06-22 23:59,10281.07218836094687347263021,7163.811977265162925157080882
1687492799999,2023-06-23 03:59,10303.60093414699373451459013,7193.306099723791578178324355
1687507199999,2023-06-23 07:59,10304.44892415311763083932652,7175.095205029529397017532200
1687521599999,2023-06-23 11:59,10301.68936882915095964260340,7225.166176251557623960618487
1687535999999,2023-06-23 15:59,10406.42729849670248805708075,7488.161028113027504399474564
1687550399999,2023-06-23 19:59,10453.77002517990543293249258,7402.552803522243606045470325
1687564799999,2023-06-23 23:59,10430.05768995026602566222784,7356.439471781619467702682557
1687579199999,2023-06-24 03:59,10449.53311226714478610751778,7366.389902724871055697739584
1687593599999,2023-06-24 07:59,10407.29108527037099697152124,7327.453538038955482630114606
1687607999999,2023-06-24 11:59,10415.79104157351428479963317,7355.451859748706999802426355
1687622399999,2023-06-24 15:59,10319.83711382248053062092478,7286.973430272467993718399835
1687636799999,2023-06-24 19:59,10375.61922758405548169666061,7341.898562578592695171240513
1687651199999,2023-06-24 23:59,10370.24169752509916755008827,7317.829114951228398602132442
1687665599999,2023-06-25 03:59,10404.95955079937530632830970,7370.812582823714510251071363
1687679999999,2023-06-25 07:59,10407.67896235054439805997863,7364.896499092578658848565764
1687694399999,2023-06-25 11:59,10415.59633228133360111108971,7363.038733739405934036190626
1687708799999,2023-06-25 15:59,10350.35244495469561689167458,7331.667668994926644204508788
1687723199999,2023-06-25 19:59,10351.43612448476851315179540,7294.421271501252065966205709
1687737599999,2023-06-25 23:59,10369.96195936253408626559760,7302.302990831873897170192099
1687751999999,2023-06-26 03:59,10322.91684102644061671349792,7262.438942027664331196258504
1687766399999,2023-06-26 07:59,10347.99053721917898290782110,7288.311021326752355583309934
1687780799999,2023-06-26 11:59,10342.16054334909933506814221,7268.798492326976897553976232
1687795199999,2023-06-26 15:59,10367.13964875643620289915998,7291.985801051157242212175852
1687809599999,2023-06-26 19:59,10228.51119883024064562213385,7249.880448240216711464602574
1687823999999,2023-06-26 23:59,10228.51119883024064562213385,7255.638322276759788883086549
1687838399999,2023-06-27 03:59,10228.51119883024064562213385,7280.467655861486348375449999
1687852799999,2023-06-27 07:59,10228.51119883024064562213385,7289.972223119976482415536993
1687867199999,2023-06-27 11:59,10228.51119883024064562213385,7366.171765115659806719770374
1687881599999,2023-06-27 15:59,10228.51119883024064562213385,7310.951787469612208296707578
1687895999999,2023-06-27 19:59,10228.51119883024064562213385,7346.738340963180735682447485
1687910399999,2023-06-27 23:59,10228.51119883024064562213385,7357.383935716006633607296498
1687924799999,2023-06-28 03:59,10228.51119883024064562213385,7299.927448296397548410109826
1687939199999,2023-06-28 07:59,10228.51119883024064562213385,7236.015525914086336864889290
1687953599999,2023-06-28 11:59,10228.51119883024064562213385,7265.883598559934273848365694
1687967999999,2023-06-28 15:59,10228.51119883024064562213385,7289.933869254620658419410538
1687982399999,2023-06-28 19:59,10228.51119883024064562213385,7215.369160769729331950067278
1687996799999,2023-06-28 23:59,10228.51119883024064562213385,7209.954074404803931496963490
1688011199999,2023-06-29 03:59,10228.51119883024064562213385,7233.587246813745730110133142
1688025599999,2023-06-29 07:59,10228.51119883024064562213385,7272.969475184422757132728154
1688039999999,2023-06-29 11:59,10228.51119883024064562213385,7352.230135058817784127804181
1688054399999,2023-06-29 15:59,10228.51119883024064562213385,7306.171936999642642779448192
1688068799999,2023-06-29 19:59,10231.33423650808523635809251,7331.626918012986081208624431
1688083199999,2023-06-29 23:59,10254.05675917444265804256424,7298.623416874299532541810375
1688097599999,2023-06-30 03:59,10337.95530440407006118522906,7369.995166068318511333626303
1688111999999,2023-06-30 07:59,10324.84615671194077944418768,7374.798987704135466848464723
1688126399999,2023-06-30 11:59,10331.83770214774306303940975,7409.538001250173051340000842
1688140799999,2023-06-30 15:59,10176.52383358672979258299821,7207.631268434191840731555092
1688155199999,2023-06-30 19:59,10176.52383358672979258299821,7280.657028071680729356324368
1688169599999,2023-06-30 23:59,10176.52383358672979258299821,7304.541897722020122944073878
1688183999999,2023-07-01 03:59,10176.52383358672979258299821,7286.805632111536263735346597
1688198399999,2023-07-01 07:59,10176.52383358672979258299821,7301.636592421316455237494953
1688212799999,2023-07-01 11:59,10176.52383358672979258299821,7316.771986537358499708897041
1688227199999,2023-07-01 15:59,10176.52383358672979258299821,7328.652096331324982509066307
1688241599999,2023-07-01 19:59,10176.52383358672979258299821,7337.504647878766108615003575
1688255999999,2023-07-01 23:59,10176.52383358672979258299821,7331.845055622197330186593640
1688270399999,2023-07-02 03:59,10176.52383358672979258299821,7313.485539699681331040811475
1688284799999,2023-07-02 07:59,10176.52383358672979258299821,7314.372472836034760951235734
1688299199999,2023-07-02 11:59,10176.52383358672979258299821,7321.978523759411607183063233
1688313599999,2023-07-02 15:59,10176.52383358672979258299821,7310.776797958926261314380629
1688327999999,2023-07-02 19:59,10176.52383358672979258299821,7325.094775319572306868337657
1688342399999,2023-07-02 23:59,10176.52383358672979258299821,7339.307279550489836432946935
1688356799999,2023-07-03 03:59,10176.52383358672979258299821,7372.775821306615751052794250
1688371199999,2023-07-03 07:59,10176.52383358672979258299821,7351.331216339540659218590405
1688385599999,2023-07-03 11:59,10176.52383358672979258299821,7341.270518033391077234669822
1688399999999,2023-07-03 15:59,10176.52383358672979258299821,7447.563461633887804499622527
1688414399999,2023-07-03 19:59,10176.52383358672979258299821,7492.437484100201879967574235
1688428799999,2023-07-03 23:59,10167.24175373536786260621911,7468.552614449862486379824726
1688443199999,2023-07-04 03:59,10187.45634921266870966185301,7478.018827842996796423785265
1688457599999,2023-07-04 07:59,10159.98523228197781494522233,7409.873597572036511306107318
1688471999999,2023-07-04 11:59,10164.13181596962927075150621,7447.407649055879769515358806
1688486399999,2023-07-04 15:59,10141.84392864850269579273037,7422.568727004814254023963742
1688500799999,2023-07-04 19:59,10155.32032563336992716315297,7358.438667013291793500773996
1688515199999,2023-07-04 23:59,10157.91194043815208704208039,7375.139378259168404814087006
1688529599999,2023-07-05 03:59,10180.19982775927866200085623,7399.637909755200982339859787
1688543999999,2023-07-05 07:59,10165.16846189154213470307717,7376.994746495756390626704240
1688558399999,2023-07-05 11:59,10075.11204547683443273530641,7288.313418443337094583067838
1688572799999,2023-07-05 15:59,10075.11204547683443273530641,7276.761713621479854749731338
1688587199999,2023-07-05 19:59,10075.11204547683443273530641,7294.941445800140428913670748
1688601599999,2023-07-05 23:59,10075.11204547683443273530641,7312.406837236548781149754944
1688615999999,2023-07-06 03:59,10075.11204547683443273530641,7309.060462484253137487721793
1688630399999,2023-07-06 07:59,10075.11204547683443273530641,7383.932001891991055926076689
1688644799999,2023-07-06 11:59,10075.11204547683443273530641,7394.325899403419358876345845
1688659199999,2023-07-06 15:59,10075.11204547683443273530641,7288.963037037801363517459660
1688673599999,2023-07-06 19:59,10075.11204547683443273530641,7265.679843650231458868943905
1688687999999,2023-07-06 23:59,10075.11204547683443273530641,7166.331346795723613902637358
1688702399999,2023-07-07 03:59,10075.11204547683443273530641,7223.854953479705391093045325
1688716799999,2023-07-07 07:59,10075.11204547683443273530641,7193.171861195046194191881764
1688731199999,2023-07-07 11:59,10075.11204547683443273530641,7219.851768783191261497346642
1688745599999,2023-07-07 15:59,10075.11204547683443273530641,7285.084502403693661909171954
1688759999999,2023-07-07 19:59,10075.11204547683443273530641,7250.415005238613508410615033
1688774399999,2023-07-07 23:59,10075.11204547683443273530641,7274.026603598292656025963555
1688788799999,2023-07-08 03:59,10075.11204547683443273530641,7257.277950020721264717492476
1688803199999,2023-07-08 07:59,10075.11204547683443273530641,7237.748641204852633689853450
1688817599999,2023-07-08 11:59,10075.11204547683443273530641,7239.750233553109698487702792
1688831999999,2023-07-08 15:59,10075.11204547683443273530641,7241.258019884910529335424033
1688846399999,2023-07-08 19:59,10075.11204547683443273530641,7218.245700671416131659551362
1688860799999,2023-07-08 23:59,10075.11204547683443273530641,7259.627124273765484480237812
1688875199999,2023-07-09 03:59,10075.11204547683443273530641,7260.432555446237788398893355
1688889599999,2023-07-09 07:59,10075.11204547683443273530641,7254.921584417922827955473431
1688903999999,2023-07-09 11:59,10075.11204547683443273530641,7255.326697120743718914559106
1688918399999,2023-07-09 15:59,10075.11204547683443273530641,7275.170028209213158910483478
1688932799999,2023-07-09 19:59,10075.11204547683443273530641,7249.508895169582166502127547
1688947199999,2023-07-09 23:59,10075.11204547683443273530641,7229.922055555679799480298839
1688961599999,2023-07-10 03:59,10075.11204547683443273530641,7228.833764626208293590210694
1688975999999,2023-07-10 07:59,10075.11204547683443273530641,7218.269671837263521657130396
1688990399999,2023-07-10 11:59,10075.11204547683443273530641,7248.928792956075328560714923
1689004799999,2023-07-10 15:59,10075.11204547683443273530641,7266.382198809559985798009602
1689019199999,2023-07-10 19:59,10075.11204547683443273530641,7392.132537728383174097864231
1689033599999,2023-07-10 23:59,10075.11204547683443273530641,7290.056122200442347407063612
1689047999999,2023-07-11 03:59,10075.11204547683443273530641,7305.500744355915722847235239
1689062399999,2023-07-11 07:59,10075.11204547683443273530641,7319.734822636095903409665647
1689076799999,2023-07-11 11:59,10075.11204547683443273530641,7288.315815559921833582825741
1689091199999,2023-07-11 15:59,10075.11204547683443273530641,7334.374013619096974931181731
1689105599999,2023-07-11 19:59,10075.11204547683443273530641,7330.907783037564381281253410
1689119999999,2023-07-11 23:59,10075.11204547683443273530641,7340.522617658952509310203960
1689134399999,2023-07-12 03:59,10075.11204547683443273530641,7332.425157835704168128006264
1689148799999,2023-07-12 07:59,10075.11204547683443273530641,7368.784622193025316455885084
1689163199999,2023-07-12 11:59,10075.11204547683443273530641,7377.474169812704190578284921
1689177599999,2023-07-12 15:59,10075.11204547683443273530641,7317.157922307501478669919489
1689191999999,2023-07-12 19:59,10075.11204547683443273530641,7260.307905383831360411482378
1689206399999,2023-07-12 23:59,10075.11204547683443273530641,7282.488425142421325171362568
1689220799999,2023-07-13 03:59,10075.11204547683443273530641,7262.834466264146266156312565
1689235199999,2023-07-13 07:59,10075.11204547683443273530641,7279.137256156956203509813610
1689249599999,2023-07-13 11:59,10130.04066731257855205997999,7321.798740015556182201220477
1689263999999,2023-07-13 15:59,10193.87187347647409345932585,7411.328647338973084159154684
1689278399999,2023-07-13 19:59,11031.28439941145654308123401,7576.377315548007434490077706
1689292799999,2023-07-13 23:59,11082.65443286787615644739155,7539.993880024838896164619852
1689307199999,2023-07-14 03:59,11023.90939995581572852221611,7541.377016294233299024930116
1689321599999,2023-07-14 07:59,10929.17275571758726679675515,7454.778782553952193770911771
1689335999999,2023-07-14 11:59,10999.69665158248359503282764,7481.350819895784006087270996
1689350399999,2023-07-14 15:59,10971.21493577019801639996669,7488.755513026042776339434608
1689364799999,2023-07-14 19:59,10533.35505998473039633008643,7219.005586628778394582806741
1689379199999,2023-07-14 23:59,10533.35505998473039633008643,7266.190429482780865817377330
1689393599999,2023-07-15 03:59,10533.35505998473039633008643,7261.611936805929376279781829
1689407999999,2023-07-15 07:59,10533.35505998473039633008643,7272.420535486517526188168275
1689422399999,2023-07-15 11:59,10533.35505998473039633008643,7266.185635249611387817861523
1689436799999,2023-07-15 15:59,10533.35505998473039633008643,7264.128909219905326025580403
1689451199999,2023-07-15 19:59,10533.35505998473039633008643,7269.656660064313459467305651
1689465599999,2023-07-15 23:59,10533.35505998473039633008643,7260.799314283702855361852576
1689479999999,2023-07-16 03:59,10533.35505998473039633008643,7236.463786715432529819617226
1689494399999,2023-07-16 07:59,10533.35505998473039633008643,7254.974320982787085950147306
1689508799999,2023-07-16 11:59,10533.35505998473039633008643,7264.752159531937465962635288
1689523199999,2023-07-16 15:59,10533.35505998473039633008643,7282.476439559497630172573051
1689537599999,2023-07-16 19:59,10533.35505998473039633008643,7252.028264700142855247684023
1689551999999,2023-07-16 23:59,10533.35505998473039633008643,7247.008702571699389754634297
1689566399999,2023-07-17 03:59,10533.35505998473039633008643,7266.346242060788900801641051
1689580799999,2023-07-17 07:59,10533.35505998473039633008643,7258.756970953505227568118876
1689595199999,2023-07-17 11:59,10533.35505998473039633008643,7230.159370097568960456331276
1689609599999,2023-07-17 15:59,10533.35505998473039633008643,7233.306784173331267138458444
1689623999999,2023-07-17 19:59,10533.35505998473039633008643,7163.684930086171758169912001
1689638399999,2023-07-17 23:59,10533.35505998473039633008643,7224.478203791737531030100210
1689652799999,2023-07-18 03:59,10533.35505998473039633008643,7209.127069183068976580486816
1689667199999,2023-07-18 07:59,10533.35505998473039633008643,7183.758384366776142142595100
1689681599999,2023-07-18 11:59,10533.35505998473039633008643,7163.593839655951676179111672
1689695999999,2023-07-18 15:59,10533.35505998473039633008643,7170.303368976636136501483297
1689710399999,2023-07-18 19:59,10533.35505998473039633008643,7123.317486799167002246818691
1689724799999,2023-07-18 23:59,10533.35505998473039633008643,7157.629813593121044781448005
1689739199999,2023-07-19 03:59,10533.35505998473039633008643,7205.567351054731561940000262
1689753599999,2023-07-19 07:59,10533.35505998473039633008643,7191.560998850101586354570677
1689767999999,2023-07-19 11:59,10533.35505998473039633008643,7194.425553168864691065265244
1689782399999,2023-07-19 15:59,10533.35505998473039633008643,7180.960949312385729425121828
1689796799999,2023-07-19 19:59,10533.35505998473039633008643,7202.019618509317842298303225
1689811199999,2023-07-19 23:59,10533.35505998473039633008643,7169.634573449493955569028248
1689825599999,2023-07-20 03:59,10533.35505998473039633008643,7178.935385798281274629693452
1689839999999,2023-07-20 07:59,10533.35505998473039633008643,7240.004327911092032462040553
1689854399999,2023-07-20 11:59,10533.35505998473039633008643,7259.691846421553437473701203
1689868799999,2023-07-20 15:59,10533.35505998473039633008643,7145.895927910823640966510846
1689883199999,2023-07-20 19:59,10533.35505998473039633008643,7132.908350254707740278190207
1689897599999,2023-07-20 23:59,10533.35505998473039633008643,7143.455663227559339212965181
1689911999999,2023-07-21 03:59,10533.35505998473039633008643,7166.856315327781454849618204
1689926399999,2023-07-21 07:59,10533.35505998473039633008643,7135.499633282810599016483786
1689940799999,2023-07-21 11:59,10533.35505998473039633008643,7138.304259686955228733230768
1689955199999,2023-07-21 15:59,10533.35505998473039633008643,7159.276632686836737615127643
1689969599999,2023-07-21 19:59,10533.35505998473039633008643,7161.671352154990998373273142
1689983999999,2023-07-21 23:59,10533.35505998473039633008643,7167.839133127524444750358599
1689998399999,2023-07-22 03:59,10533.35505998473039633008643,7168.244245830345335709444274
1690012799999,2023-07-22 07:59,10533.35505998473039633008643,7178.158720024825838708132750
1690027199999,2023-07-22 11:59,10533.35505998473039633008643,7164.296194815280203108177369
1690041599999,2023-07-22 15:59,10533.35505998473039633008643,7167.484359872983072786188895
1690055999999,2023-07-22 19:59,10533.35505998473039633008643,7152.085282932619738341417433
1690070399999,2023-07-22 23:59,10533.35505998473039633008643,7142.017393276715939358223139
1690084799999,2023-07-23 03:59,10533.35505998473039633008643,7154.415280252986046106099541
1690099199999,2023-07-23 07:59,10533.35505998473039633008643,7171.262215610531736404644659
1690113599999,2023-07-23 11:59,10533.35505998473039633008643,7164.689321935177399068473527
1690127999999,2023-07-23 15:59,10533.35505998473039633008643,7166.861109560950932849134010
1690142399999,2023-07-23 19:59,10533.35505998473039633008643,7213.719944559428900116629737
1690156799999,2023-07-23 23:59,10533.35505998473039633008643,7211.473846319528457343474248
1690171199999,2023-07-24 03:59,10533.35505998473039633008643,7123.322281032336480246334498
1690185599999,2023-07-24 07:59,10533.35505998473039633008643,7150.167589664828538535094710
1690199999999,2023-07-24 11:59,10533.35505998473039633008643,7016.406087119807613044326907
1690214399999,2023-07-24 15:59,10533.35505998473039633008643,6974.166495780121698310311039
1690228799999,2023-07-24 19:59,10533.35505998473039633008643,6979.969915031774816724195179
1690243199999,2023-07-24 23:59,10533.35505998473039633008643,6993.995444169082704307687991
1690257599999,2023-07-25 03:59,10533.35505998473039633008643,6978.294330539042255893420700
1690271999999,2023-07-25 07:59,10533.35505998473039633008643,6985.835659314631149131784806
1690286399999,2023-07-25 11:59,10533.35505998473039633008643,6982.438945114055986474835684
1690300799999,2023-07-25 15:59,10533.35505998473039633008643,6995.196399578036943186397596
1690315199999,2023-07-25 19:59,10533.35505998473039633008643,6999.348205502804890767086290
1690329599999,2023-07-25 23:59,10533.35505998473039633008643,7006.558732189699802038859727
1690343999999,2023-07-26 03:59,10533.35505998473039633008643,7009.890724242487011702345458
1690358399999,2023-07-26 07:59,10533.35505998473039633008643,7003.610278790470832336638541
1690372799999,2023-07-26 11:59,10533.35505998473039633008643,6993.729364228176675334560713
1690387199999,2023-07-26 15:59,10533.35505998473039633008643,7029.352913793982950736763188
1690401599999,2023-07-26 19:59,10533.35505998473039633008643,7048.033643338853975850104410
1690415999999,2023-07-26 23:59,10533.35505998473039633008643,7036.055251764913194059861104
1690430399999,2023-07-27 03:59,10533.35505998473039633008643,7048.956533223978490756897220
1690444799999,2023-07-27 07:59,10533.35505998473039633008643,7050.488290721626711602197494
1690459199999,2023-07-27 11:59,10533.35505998473039633008643,7073.227338644460863305669177
1690473599999,2023-07-27 15:59,10533.35505998473039633008643,7021.684537839402890511230201
1690487999999,2023-07-27 19:59,10533.35505998473039633008643,6990.958297456218391614424379
1690502399999,2023-07-27 23:59,10533.35505998473039633008643,7005.089299723254795187264941
1690516799999,2023-07-28 03:59,10533.35505998473039633008643,7012.537140952038867435070815
1690531199999,2023-07-28 07:59,10533.35505998473039633008643,6985.437737961564475171972841
1690545599999,2023-07-28 11:59,10533.35505998473039633008643,7001.208367972562354579219331
1690559999999,2023-07-28 15:59,10533.35505998473039633008643,7044.692062819727810187587065
1690574399999,2023-07-28 19:59,10533.35505998473039633008643,7027.435220526191750930440466
1690588799999,2023-07-28 23:59,10533.35505998473039633008643,7026.989356841430296975470433
1690603199999,2023-07-29 03:59,10533.35505998473039633008643,7040.832705118298020577362586
1690617599999,2023-07-29 07:59,10523.70372874206289433041973,7022.403672814824590438601222
1690631999999,2023-07-29 11:59,10514.52729406858346680813266,7015.727703126326476112840244
1690646399999,2023-07-29 15:59,10524.62137220941083708264844,7021.763642686699277503241014
1690660799999,2023-07-29 19:59,10537.46838075228203561385034,7032.713671245787028397343760
1690675199999,2023-07-29 23:59,10532.88016341554232185270680,7036.280580723878660037104024
1690689599999,2023-07-30 03:59,10519.11551140532318056927619,7027.176331935039938956586898
1690703999999,2023-07-30 07:59,10510.85672019919169579921783,7022.235874653892860455547984
1690718399999,2023-07-30 11:59,10514.52729406858346680813266,7026.955797209243950978859785
1690732799999,2023-07-30 15:59,10508.10378979714786754253170,7035.434398569465793122564122
1690747199999,2023-07-30 19:59,10422.39640725813366216986450,7000.175210724539845683562964
1690761599999,2023-07-30 23:59,10422.39640725813366216986450,7019.066886528867902775599685
1690775999999,2023-07-31 03:59,10422.39640725813366216986450,7052.842259207840409364458636
1690790399999,2023-07-31 07:59,10422.39640725813366216986450,7041.245009170873128535721972
1690804799999,2023-07-31 11:59,10422.39640725813366216986450,7049.006872672258009751813191
1690819199999,2023-07-31 15:59,10422.39640725813366216986450,7011.130033516797074577181517
1690833599999,2023-07-31 19:59,10422.39640725813366216986450,6989.436128424909126768155718
1690847999999,2023-07-31 23:59,10422.39640725813366216986450,7007.359369129002627957999464
1690862399999,2023-08-01 03:59,10422.39640725813366216986450,6901.769068619155376106764656
1690876799999,2023-08-01 07:59,10422.39640725813366216986450,6926.254474957526469649115017
1690891199999,2023-08-01 11:59,10422.39640725813366216986450,6908.276968896186754732536956
1690905599999,2023-08-01 15:59,10422.39640725813366216986450,6930.251603851473656962480130
1690919999999,2023-08-01 19:59,10422.39640725813366216986450,7006.941428337079542416091854
1690934399999,2023-08-01 23:59,10422.39640725813366216986450,7110.239685106524278985080798
1690948799999,2023-08-02 03:59,10422.39640725813366216986450,7092.760025039161219733879949
1690963199999,2023-08-02 07:59,10422.39640725813366216986450,7079.428283758151738694692117
1690977599999,2023-08-02 11:59,10422.39640725813366216986450,7075.893098502846352070835667
1690991999999,2023-08-02 15:59,10422.39640725813366216986450,7018.188439518311777856512611
1691006399999,2023-08-02 19:59,10422.39640725813366216986450,6977.537399317833317179750290
1691020799999,2023-08-02 23:59,10422.39640725813366216986450,6985.782973593071676637560358
1691035199999,2023-08-03 03:59,10422.39640725813366216986450,6984.856692825432418260151796
1691049599999,2023-08-03 07:59,10422.39640725813366216986450,6951.833706388432811456260502
1691063999999,2023-08-03 11:59,10422.39640725813366216986450,6976.209012170443683072613981
1691078399999,2023-08-03 15:59,10422.39640725813366216986450,7003.269814131501706883934918
1691092799999,2023-08-03 19:59,10422.39640725813366216986450,7008.595330172838528304436340
1691107199999,2023-08-03 23:59,10422.39640725813366216986450,6987.609206734437966410073880
1691121599999,2023-08-04 03:59,10422.39640725813366216986450,6979.866265433887576614423497
1691135999999,2023-08-04 07:59,10422.39640725813366216986450,6992.223856140144659308378034
1691150399999,2023-08-04 11:59,10422.39640725813366216986450,6981.355016435106229613772659
1691164799999,2023-08-04 15:59,10422.39640725813366216986450,7006.910312962456001437005778
1691179199999,2023-08-04 19:59,10422.39640725813366216986450,6948.935189567732186404472986
1691193599999,2023-08-04 23:59,10422.39640725813366216986450,6968.545056051629974223874405
1691207999999,2023-08-05 03:59,10422.39640725813366216986450,6963.887323819521455354527992
1691222399999,2023-08-05 07:59,10422.39640725813366216986450,6953.901682055720458066288920
1691236799999,2023-08-05 11:59,10422.39640725813366216986450,6952.750413194649441840104118
1691251199999,2023-08-05 15:59,10422.39640725813366216986450,6951.192250973116735887409095
1691265599999,2023-08-05 19:59,10422.39640725813366216986450,6957.381817032845733727146928
1691279999999,2023-08-05 23:59,10422.39640725813366216986450,6958.525905422849778958158021
1691294399999,2023-08-06 03:59,10422.39640725813366216986450,6956.577604273344982267691433
1691308799999,2023-08-06 07:59,10421.59716985437767102065313,6963.444528103724910652149222
1691323199999,2023-08-06 11:59,10413.09183652439380781892577,6959.933277751976094012205138
1691337599999,2023-08-06 15:59,10400.33383652941801301633472,6944.356442517360348482037381
1691351999999,2023-08-06 19:59,10401.39700319566599591655064,6962.324374617277435405050496
1691366399999,2023-08-06 23:59,10401.39700319566599591655064,6962.424901212215029337482433
1691380799999,2023-08-07 03:59,10406.71283652690591041763024,6980.196567102968242392414147
1691395199999,2023-08-07 07:59,10397.14433653067406431568696,6963.782010243872547425313582
1691409599999,2023-08-07 11:59,10396.08116986442608141547104,6963.147735299623442851635884
1691423999999,2023-08-07 15:59,10375.03471795811244714841144,6907.379410012815380335823233
1691438399999,2023-08-07 19:59,10375.03471795811244714841144,6978.339218586978411640814550
1691452799999,2023-08-07 23:59,10375.03471795811244714841144,6991.778666933992457607608028
1691467199999,2023-08-08 03:59,10375.03471795811244714841144,6987.953869345652574178411950
1691481599999,2023-08-08 07:59,10375.03471795811244714841144,6986.168325540332453378549450
1691495999999,2023-08-08 11:59,10375.03471795811244714841144,7046.247326957678769996979208
1691510399999,2023-08-08 15:59,10375.03471795811244714841144,7069.406739639015886430584496
1691524799999,2023-08-08 19:59,10375.03471795811244714841144,7152.903650696110275308873095
1691539199999,2023-08-08 23:59,10375.03471795811244714841144,7125.660943468022319619818176
1691553599999,2023-08-09 03:59,10375.03471795811244714841144,7112.637962442892591373099866
1691567999999,2023-08-09 07:59,10399.07478005763671169151322,7137.049170580238317965321893
1691582399999,2023-08-09 11:59,10428.90437758449173222115183,7153.880194761218330652497625
1691596799999,2023-08-09 15:59,10398.00943728882046095831184,7123.573819877889417022659866
1691611199999,2023-08-09 19:59,10357.03566685821108682071250,7040.883515070651436602218000
1691625599999,2023-08-09 23:59,10366.81726872652301779209776,7080.560404696377498933747027
1691639999999,2023-08-10 03:59,10335.73081058089615552478640,7080.713588079139546830786169
1691654399999,2023-08-10 07:59,10341.54231634689663680627614,7063.808365697134167193482102
1691668799999,2023-08-10 11:59,10354.84872542499795807382922,7061.895966902964225478884063
1691683199999,2023-08-10 15:59,10384.98635079098999090510320,7052.798310061111974593793767
1691697599999,2023-08-10 19:59,10365.83293111551118687050817,7047.657092777160742049417562
1691711999999,2023-08-10 23:59,10377.53095050828631914079502,7050.344982446563551242776258
1691726399999,2023-08-11 03:59,10368.81669050780072227071262,7039.873462140564183281116157
1691740799999,2023-08-11 07:59,10349.07872178740472838219611,7041.137225048351078431689079
1691755199999,2023-08-11 11:59,10358.37553173379743173809851,7048.001755388375349817755632
1691769599999,2023-08-11 15:59,10338.85383012558082138518464,7036.017549177600758872834003
1691783999999,2023-08-11 19:59,10307.88910878008882755455260,7036.225782838542917732871587
1691798399999,2023-08-11 23:59,10325.99993584996509001897604,7043.231529109550952024021099
1691812799999,2023-08-12 03:59,10311.08513708653757975415673,7037.496726217396783878618219
1691827199999,2023-08-12 07:59,10317.47719369943508415336501,7042.144884488082674754399685
1691841599999,2023-08-12 11:59,10318.54253646825133488656638,7044.145842425411925409473478
1691855999999,2023-08-12 15:59,10330.26130692523009295178155,7046.290409784080595968021467
1691870399999,2023-08-12 19:59,10339.84939184457634955059396,7040.869154128517494611870580
1691884799999,2023-08-12 23:59,10356.89487614563636128181602,7044.222434116792949357993049
1691899199999,2023-08-13 03:59,10355.82953337682011054861464,7041.443591813875174225767363
1691913599999,2023-08-13 07:59,10341.98007738220885101699672,7036.130043224316637797222123
1691927999999,2023-08-13 11:59,10333.45733523167884515138569,7033.023292742673853885397024
1691942399999,2023-08-13 15:59,10322.80390754351633781937190,7030.826068596180729362241830
1691956799999,2023-08-13 19:59,10330.26130692523009295178155,7047.271740829899965308428471
1691971199999,2023-08-13 23:59,10284.45156786613131142412226,7013.985470453778088681501151
1691985599999,2023-08-14 03:59,10302.56239493600757388854570,7036.979732300574872226111114
1691999999999,2023-08-14 07:59,10303.62773770482382462174708,7042.269345986576838670743988
1692014399999,2023-08-14 11:59,10314.28116539298633195376087,7039.392370579077126604477602
1692028799999,2023-08-14 15:59,10347.30679122629010468300361,7084.868687336560096037972897
1692043199999,2023-08-14 19:59,10348.37213399510635541620499,7027.556560770353269559812642
1692057599999,2023-08-14 23:59,10385.65913090367513107825325,7044.404339383822881235727030
1692071999999,2023-08-15 03:59,10366.48296106498261788062843,7037.482365275262841888270799
1692086399999,2023-08-15 07:59,10354.76419060800385981541326,7039.117119188176571789485393
1692100799999,2023-08-15 11:59,10348.37213399510635541620499,7028.863406504541990681427822
1692115199999,2023-08-15 15:59,10336.65336353812759735098982,7020.883509658781558045045016
1692129599999,2023-08-15 19:59,10263.76046622083400668797510,6984.758559720850481326111096
1692143999999,2023-08-15 23:59,10263.76046622083400668797510,6989.131466600635817386900354
1692158399999,2023-08-16 03:59,10263.76046622083400668797510,6995.955307604613919800315885
1692172799999,2023-08-16 07:59,10263.76046622083400668797510,6988.573783347767736761742228
1692187199999,2023-08-16 11:59,10263.76046622083400668797510,6980.675265174099642070661466
1692201599999,2023-08-16 15:59,10263.76046622083400668797510,6966.764299227021167420794379
1692215999999,2023-08-16 19:59,10263.76046622083400668797510,6967.996946760184521592281225
1692230399999,2023-08-16 23:59,10263.76046622083400668797510,6876.759487892895399916733480
1692244799999,2023-08-17 03:59,10263.76046622083400668797510,6859.239138489486171692881608
1692259199999,2023-08-17 07:59,10263.76046622083400668797510,6850.785330553305653375033957
1692273599999,2023-08-17 11:59,10263.76046622083400668797510,6832.384176699014649743207018
1692287999999,2023-08-17 15:59,10263.76046622083400668797510,6686.120374555171135053129966
1692302399999,2023-08-17 19:59,10263.76046622083400668797510,6676.544019642187484489792352
1692316799999,2023-08-17 23:59,10263.76046622083400668797510,6372.427135052409268899270658
1692331199999,2023-08-18 03:59,10263.76046622083400668797510,6318.475468945544868162406582
1692345599999,2023-08-18 07:59,10263.76046622083400668797510,6326.132244593291606015972447
1692359999999,2023-08-18 11:59,10263.76046622083400668797510,6341.452976359852052718277889
1692374399999,2023-08-18 15:59,10263.76046622083400668797510,6223.693250861527731869437440
1692388799999,2023-08-18 19:59,10263.76046622083400668797510,6238.774633592522478732619222
1692403199999,2023-08-18 23:59,10263.76046622083400668797510,6236.139400710944123503867732
1692417599999,2023-08-19 03:59,10263.76046622083400668797510,6215.438102624866744418062426
1692431999999,2023-08-19 07:59,10263.76046622083400668797510,6203.585538383653288384658810
1692446399999,2023-08-19 11:59,10263.76046622083400668797510,6199.298797156671604265954069
1692460799999,2023-08-19 15:59,10263.76046622083400668797510,6274.916337962943154440291799
1692475199999,2023-08-19 19:59,10263.76046622083400668797510,6253.281578638159545981904221
1692489599999,2023-08-19 23:59,10263.76046622083400668797510,6247.151849837321973101947303
1692503999999,2023-08-20 03:59,10263.76046622083400668797510,6248.403645293330583260564042
1692518399999,2023-08-20 07:59,10263.76046622083400668797510,6244.382581495826825963286563
1692532799999,2023-08-20 11:59,10263.76046622083400668797510,6265.507527374855493764340746
1692547199999,2023-08-20 15:59,10263.76046622083400668797510,6248.784210259880046004770660
1692561599999,2023-08-20 19:59,10263.76046622083400668797510,6256.065207921788635110912381
1692575999999,2023-08-20 23:59,10263.76046622083400668797510,6268.688476057523644626294180
1692590399999,2023-08-21 03:59,10263.76046622083400668797510,6244.913936354782679606141087
1692604799999,2023-08-21 07:59,10263.76046622083400668797510,6228.800959280499766436336333
1692619199999,2023-08-21 11:59,10263.76046622083400668797510,6230.777982314272447107497760
1692633599999,2023-08-21 15:59,10263.76046622083400668797510,6208.755477551872404909729854
1692647999999,2023-08-21 19:59,10263.76046622083400668797510,6246.608527526587834467136596
1692662399999,2023-08-21 23:59,10263.76046622083400668797510,6253.592732384394955772764979
1692676799999,2023-08-22 03:59,10263.76046622083400668797510,6236.615705291719866183723814
1692691199999,2023-08-22 07:59,10263.76046622083400668797510,6248.750701394900848027293348
1692705599999,2023-08-22 11:59,10263.76046622083400668797510,6235.095838915877672205288576
1692719999999,2023-08-22 15:59,10263.76046622083400668797510,6208.042217425886619389141349
1692734399999,2023-08-22 19:59,10263.76046622083400668797510,6170.555371475586710585593806
1692748799999,2023-08-22 23:59,10263.76046622083400668797510,6236.618098782075523182115050
1692763199999,2023-08-23 03:59,10263.76046622083400668797510,6224.727238695171555174451649
1692777599999,2023-08-23 07:59,10263.76046622083400668797510,6236.888563192264764000324786
1692791999999,2023-08-23 11:59,10263.76046622083400668797510,6208.731542648315834925817488
1692806399999,2023-08-23 15:59,10263.76046622083400668797510,6257.680813911857109024997082
1692820799999,2023-08-23 19:59,10263.76046622083400668797510,6374.483143267918630517342892
1692835199999,2023-08-23 23:59,10263.76046622083400668797510,6326.785667460385966576780038
1692849599999,2023-08-24 03:59,10263.76046622083400668797510,6329.009220000791318082238834
1692863999999,2023-08-24 07:59,10263.76046622083400668797510,6337.474995388750121392042669
1692878399999,2023-08-24 11:59,10263.76046622083400668797510,6329.490311562278374758877389
1692892799999,2023-08-24 15:59,10263.76046622083400668797510,6222.338535320225870779997528
1692907199999,2023-08-24 19:59,10263.76046622083400668797510,6232.654478753107533846227250
1692921599999,2023-08-24 23:59,10263.76046622083400668797510,6266.309346644000588225405005
1692935999999,2023-08-25 03:59,10263.76046622083400668797510,6248.585550560360515138298023
1692950399999,2023-08-25 07:59,10263.76046622083400668797510,6218.547246596865185328278762
1692964799999,2023-08-25 11:59,10263.76046622083400668797510,6246.287799818929796682710892
1692979199999,2023-08-25 15:59,10263.76046622083400668797510,6206.941211862284400129172516
1692993599999,2023-08-25 19:59,10263.76046622083400668797510,6216.598945447360388637812174
1693007999999,2023-08-25 23:59,10263.76046622083400668797510,6237.577888414693979537000925
1693022399999,2023-08-26 03:59,10263.76046622083400668797510,6244.073821239947073170817042
1693036799999,2023-08-26 07:59,10263.76046622083400668797510,6235.375877287489541017063258
1693051199999,2023-08-26 11:59,10263.76046622083400668797510,6234.193493051794983811792380
1693065599999,2023-08-26 15:59,10263.76046622083400668797510,6236.139400710944123503867732
1693079999999,2023-08-26 19:59,10263.76046622083400668797510,6231.402683297098923687610511
1693094399999,2023-08-26 23:59,10263.76046622083400668797510,6227.372045538172538396768086
1693108799999,2023-08-27 03:59,10263.76046622083400668797510,6228.470657611419100658345683
1693123199999,2023-08-27 07:59,10263.76046622083400668797510,6233.652564231416502175372910
1693137599999,2023-08-27 11:59,10263.76046622083400668797510,6237.680808499987230467824098
1693151999999,2023-08-27 15:59,10263.76046622083400668797510,6252.451037484746567540145123
1693166399999,2023-08-27 19:59,10263.76046622083400668797510,6253.250463263536005002818146
1693180799999,2023-08-27 23:59,10263.76046622083400668797510,6247.573104139917604818804943
1693195199999,2023-08-28 03:59,10263.76046622083400668797510,6226.321303272039116103015221
1693209599999,2023-08-28 07:59,10263.76046622083400668797510,6207.446238327328026789723437
1693223999999,2023-08-28 11:59,10263.76046622083400668797510,6223.451508335606375031922544
1693238399999,2023-08-28 15:59,10263.76046622083400668797510,6248.147541825275284432701726
1693252799999,2023-08-28 19:59,10263.76046622083400668797510,6222.319387397380614792867635
1693267199999,2023-08-28 23:59,10263.76046622083400668797510,6251.936437058280312886029255
1693281599999,2023-08-29 03:59,10263.76046622083400668797510,6243.125999059106901807887351
1693295999999,2023-08-29 07:59,10263.76046622083400668797510,6224.219818739772271515509491
1693310399999,2023-08-29 11:59,10263.76046622083400668797510,6217.362468870814971124616648
1693324799999,2023-08-29 15:59,10263.76046622083400668797510,6563.913543976036111193371926
1693339199999,2023-08-29 19:59,10263.76046622083400668797510,6661.541622092929418573521378
1693353599999,2023-08-29 23:59,10263.76046622083400668797510,6634.018876493229594072691778
1693367999999,2023-08-30 03:59,10263.76046622083400668797510,6556.180176636908349391286489
1693382399999,2023-08-30 07:59,10263.76046622083400668797510,6566.979605121632726132546003
1693396799999,2023-08-30 11:59,10263.76046622083400668797510,6543.585630385441223856599529
1693411199999,2023-08-30 15:59,10263.76046622083400668797510,6510.823534397208229877353024
1693425599999,2023-08-30 19:59,10263.76046622083400668797510,6505.234734416749138633815575
1693439999999,2023-08-30 23:59,10263.76046622083400668797510,6534.365905535450466053556167
1693454399999,2023-08-31 03:59,10263.76046622083400668797510,6514.566953313455775361247057
1693468799999,2023-08-31 07:59,10263.76046622083400668797510,6525.040867109810800321298395
1693483199999,2023-08-31 11:59,10263.76046622083400668797510,6535.316121206646294414877095
1693497599999,2023-08-31 15:59,10263.76046622083400668797510,6443.896757072327240861595369
1693511999999,2023-08-31 19:59,10263.76046622083400668797510,6262.178182290136609002130643
1693526399999,2023-08-31 23:59,10263.76046622083400668797510,6209.040302904195587718287009
1693540799999,2023-09-01 03:59,10263.76046622083400668797510,6242.604218161573676158597773
1693555199999,2023-09-01 07:59,10263.76046622083400668797510,6221.041263547459777651947294
1693569599999,2023-09-01 11:59,10263.76046622083400668797510,6234.581238489411417551172709
1693583999999,2023-09-01 15:59,10263.76046622083400668797510,6177.977585068479062596818486
1693598399999,2023-09-01 19:59,10263.76046622083400668797510,6138.403615528046251196112633
1693612799999,2023-09-01 23:59,10263.76046622083400668797510,6176.553458306863148554032712
1693627199999,2023-09-02 03:59,10263.76046622083400668797510,6174.885195528970220675340806
1693641599999,2023-09-02 07:59,10263.76046622083400668797510,6174.260494546143744095228055
1693655999999,2023-09-02 11:59,10263.76046622083400668797510,6178.585531618815940188192581
1693670399999,2023-09-02 15:59,10263.76046622083400668797510,6198.025460287462081121816201
1693684799999,2023-09-02 19:59,10263.76046622083400668797510,6183.336609974795081994797221
1693699199999,2023-09-02 23:59,10263.76046622083400668797510,6191.981897139428160183943800
1693713599999,2023-09-03 03:59,10263.76046622083400668797510,6190.641542540260241084851307
1693727999999,2023-09-03 07:59,10263.76046622083400668797510,6212.735852013329993234356311
1693742399999,2023-09-03 11:59,10263.76046622083400668797510,6209.662610396666407300008523
1693756799999,2023-09-03 15:59,10263.76046622083400668797510,6192.936899791335302542047201
1693771199999,2023-09-03 19:59,10263.76046622083400668797510,6225.885688027309542395810161
1693785599999,2023-09-03 23:59,10263.76046622083400668797510,6216.323694056459833822819966
1693799999999,2023-09-04 03:59,10263.76046622083400668797510,6220.237050787959026192491798
1693814399999,2023-09-04 07:59,10263.76046622083400668797510,6214.827762584174209828297094
1693828799999,2023-09-04 11:59,10263.76046622083400668797510,6197.482137976727942487005494
1693843199999,2023-09-04 15:59,10263.76046622083400668797510,6178.750682453356273077187906
1693857599999,2023-09-04 19:59,10263.76046622083400668797510,6197.647288811268275376000819
1693871999999,2023-09-04 23:59,10263.76046622083400668797510,6181.572607582675874180455851
1693886399999,2023-09-05 03:59,10263.76046622083400668797510,6149.602756902165346668708658
1693900799999,2023-09-05 07:59,10263.76046622083400668797510,6159.921093825402666733329617
1693915199999,2023-09-05 11:59,10263.76046622083400668797510,6171.438569416824142991960110
1693929599999,2023-09-05 15:59,10263.76046622083400668797510,6165.619994362221979902863949
1693943999999,2023-09-05 19:59,10263.76046622083400668797510,6147.563503119145584039375080
1693958399999,2023-09-05 23:59,10263.76046622083400668797510,6173.453888296287335637381322
1693972799999,2023-09-06 03:59,10263.76046622083400668797510,6171.242303207660269123878709
1693987199999,2023-09-06 07:59,10263.76046622083400668797510,6158.334209719602076799939755
1694001599999,2023-09-06 11:59,10263.76046622083400668797510,6159.377771514668528098518910
1694015999999,2023-09-06 15:59,10263.76046622083400668797510,6124.607537118039312469024902
1694030399999,2023-09-06 19:59,10263.76046622083400668797510,6148.906251208669160136858809
1694044799999,2023-09-06 23:59,10263.76046622083400668797510,6165.758816802850085809555671
1694059199999,2023-09-07 03:59,10263.76046622083400668797510,6184.411287144485074272462452
1694073599999,2023-09-07 07:59,10263.76046622083400668797510,6166.462502967413243336579230
1694087999999,2023-09-07 11:59,10263.76046622083400668797510,6153.468243826551399070555758
1694102399999,2023-09-07 15:59,10263.76046622083400668797510,6170.402188092824662688554664
1694116799999,2023-09-07 19:59,10263.76046622083400668797510,6194.495062012868008494742224
1694131199999,2023-09-07 23:59,10263.76046622083400668797510,6284.248556859649791167723281
1694145599999,2023-09-08 03:59,10263.76046622083400668797510,6283.721988981405251521651230
1694159999999,2023-09-08 07:59,10263.76046622083400668797510,6284.540562683039944971454145
1694174399999,2023-09-08 11:59,10263.76046622083400668797510,6184.801426072457165010234017
1694188799999,2023-09-08 15:59,10263.76046622083400668797510,6186.029286624909205184938390
1694203199999,2023-09-08 19:59,10263.76046622083400668797510,6198.231300458048582983462548
1694217599999,2023-09-08 23:59,10263.76046622083400668797510,6201.792814107266196589622601
1694231999999,2023-09-09 03:59,10263.76046622083400668797510,6193.295923344683852300732690
1694246399999,2023-09-09 07:59,10263.76046622083400668797510,6195.964665091241405506961493
1694260799999,2023-09-09 11:59,10263.76046622083400668797510,6190.430915388962425226422487
1694275199999,2023-09-09 15:59,10263.76046622083400668797510,6197.865096433633062229603349
1694289599999,2023-09-09 19:59,10263.76046622083400668797510,6191.723400181017204357690248
1694303999999,2023-09-09 23:59,10263.76046622083400668797510,6199.665001181087125019813268
1694318399999,2023-09-10 03:59,10263.76046622083400668797510,6190.038382970634677490259685
1694332799999,2023-09-10 07:59,10263.76046622083400668797510,6187.850732785564180960669438
1694347199999,2023-09-10 11:59,10263.76046622083400668797510,6174.226985681164546117750742
1694361599999,2023-09-10 15:59,10263.76046622083400668797510,6169.363413278469525386757982
1694375999999,2023-09-10 19:59,10263.76046622083400668797510,6175.344745677256364366458232
1694390399999,2023-09-10 23:59,10263.76046622083400668797510,6185.304059047145134672393701
1694404799999,2023-09-11 03:59,10263.76046622083400668797510,6161.077149667184996956296892
1694419199999,2023-09-11 07:59,10263.76046622083400668797510,6178.611860012728167170496183
1694433599999,2023-09-11 11:59,10263.76046622083400668797510,6127.778911839284835337413390
1694447999999,2023-09-11 15:59,10263.76046622083400668797510,6011.622824879250703410701460
1694462399999,2023-09-11 19:59,10263.76046622083400668797510,5988.810468299483851743825478
1694476799999,2023-09-11 23:59,10263.76046622083400668797510,6022.764522484834030921907807
1694491199999,2023-09-12 03:59,10263.76046622083400668797510,6174.858867135057993693037203
1694505599999,2023-09-12 07:59,10263.76046622083400668797510,6180.780362274953407712956538
1694519999999,2023-09-12 11:59,10263.76046622083400668797510,6246.907713821044959266041170
1694534399999,2023-09-12 15:59,10263.76046622083400668797510,6272.513273645863528055490258
1694548799999,2023-09-12 19:59,10263.76046622083400668797510,6239.090574319469202520262453
1694563199999,2023-09-12 23:59,10263.76046622083400668797510,6184.942642003440927915316976
1694577599999,2023-09-13 03:59,10263.76046622083400668797510,6194.310763255482419618617007
1694591999999,2023-09-13 07:59,10263.76046622083400668797510,6194.471127109311438510829858
1694606399999,2023-09-13 11:59,10263.76046622083400668797510,6270.703794936986837271715392
1694620799999,2023-09-13 15:59,10263.76046622083400668797510,6280.971868562755360370120383
1694635199999,2023-09-13 19:59,10263.76046622083400668797510,6256.725811259949966666893681
1694649599999,2023-09-13 23:59,10263.76046622083400668797510,6276.350038685981696476642519
1694663999999,2023-09-14 03:59,10263.76046622083400668797510,6286.804804559491465449563963
1694678399999,2023-09-14 07:59,10263.76046622083400668797510,6305.658328091001641777334618
1694692799999,2023-09-14 11:59,10263.76046622083400668797510,6330.000125008033315416210784
1694707199999,2023-09-14 15:59,10263.76046622083400668797510,6389.315603001925049547836068
1694721599999,2023-09-14 19:59,10263.76046622083400668797510,6385.526707768920021094508539
1694735999999,2023-09-14 23:59,10263.76046622083400668797510,6348.329474151654609096300625
1694750399999,2023-09-15 03:59,10263.76046622083400668797510,6370.507555787172356189498909
1694764799999,2023-09-15 07:59,10263.76046622083400668797510,6358.611908719557074185053034
1694779199999,2023-09-15 11:59,10263.76046622083400668797510,6324.976188751509275793005172
1694793599999,2023-09-15 15:59,10263.76046622083400668797510,6300.095856504454777516100773
1694807999999,2023-09-15 19:59,10263.76046622083400668797510,6318.327072543494134262149913
1694822399999,2023-09-15 23:59,10263.76046622083400668797510,6366.823974129816235665385790
1694836799999,2023-09-16 03:59,10263.76046622083400668797510,6370.756478784160684022187515
1694851199999,2023-09-16 07:59,10263.76046622083400668797510,6341.572650877634902637839718
1694865599999,2023-09-16 11:59,10263.76046622083400668797510,6348.654988840023960877508801
1694879999999,2023-09-16 15:59,10263.76046622083400668797510,6344.593235706474034607580301
1694894399999,2023-09-16 19:59,10263.76046622083400668797510,6350.739718939801206476275875
1694908799999,2023-09-16 23:59,10263.76046622083400668797510,6357.171027525451561153528605
1694923199999,2023-09-17 03:59,10263.76046622083400668797510,6349.890029863542972047386884
1694937599999,2023-09-17 07:59,10263.76046622083400668797510,6341.914919998493853407786551
1694951999999,2023-09-17 11:59,10263.76046622083400668797510,6358.846470774411460027394221
1694966399999,2023-09-17 15:59,10263.76046622083400668797510,6354.851735370819929712420344
1694980799999,2023-09-17 19:59,10263.76046622083400668797510,6344.121718106409605924506691
1694995199999,2023-09-17 23:59,10263.76046622083400668797510,6349.473562541658654327311717
1695009599999,2023-09-18 03:59,10263.76046622083400668797510,6380.864188556100188228379653
1695023999999,2023-09-18 07:59,10263.76046622083400668797510,6393.312731895872236861201181
1695038399999,2023-09-18 11:59,10263.76046622083400668797510,6509.710561381827725625428007
1695052799999,2023-09-18 15:59,10263.76046622083400668797510,6527.049005518207021971545898
1695067199999,2023-09-18 19:59,10263.76046622083400668797510,6418.233753478972904110756603
1695081599999,2023-09-18 23:59,10263.76046622083400668797510,6405.720585899598116521371687
1695095999999,2023-09-19 03:59,10263.76046622083400668797510,6419.102590478076394526775487
1695110399999,2023-09-19 07:59,10263.76046622083400668797510,6425.993449212012892895145642
1695124799999,2023-09-19 11:59,10263.76046622083400668797510,6519.423345245083825097066108
1695139199999,2023-09-19 15:59,10263.76046622083400668797510,6563.626325133357271386423534
1695153599999,2023-09-19 19:59,10263.76046622083400668797510,6506.948473511399549481940977
1695167999999,2023-09-19 23:59,10263.76046622083400668797510,6512.889116574140219488990205
1695182399999,2023-09-20 03:59,10263.76046622083400668797510,6491.161011125485988093344400
1695196799999,2023-09-20 07:59,10263.76046622083400668797510,6487.843633492545388323090480
1695211199999,2023-09-20 11:59,10263.76046622083400668797510,6486.038941764380011536098088
1695225599999,2023-09-20 15:59,10263.76046622083400668797510,6505.797204650328533255756175
1695239999999,2023-09-20 19:59,10263.76046622083400668797510,6445.955158778192259478058840
1695254399999,2023-09-20 23:59,10263.76046622083400668797510,6492.482217801808651205307000
1695268799999,2023-09-21 03:59,10263.76046622083400668797510,6470.940804600895665684177650
1695283199999,2023-09-21 07:59,10263.76046622083400668797510,6460.196426394351399905916577
1695297599999,2023-09-21 11:59,10263.76046622083400668797510,6398.126041001098460625977973
1695311999999,2023-09-21 15:59,10263.76046622083400668797510,6362.999176541476352236189712
1695326399999,2023-09-21 19:59,10263.76046622083400668797510,6366.812006678037950673429607
1695340799999,2023-09-21 23:59,10263.76046622083400668797510,6359.183952914559096800558580
1695355199999,2023-09-22 03:59,10263.76046622083400668797510,6373.470696847475720197849813
1695369599999,2023-09-22 07:59,10263.76046622083400668797510,6384.727281990130583631835517
1695383999999,2023-09-22 11:59,10263.76046622083400668797510,6376.460166301691311188504319
1695398399999,2023-09-22 15:59,10263.76046622083400668797510,6374.246187722708587676610470
1695412799999,2023-09-22 19:59,10263.76046622083400668797510,6352.486966899430815301878589
1695427199999,2023-09-22 23:59,10263.76046622083400668797510,6362.070502283481436860389913
1695441599999,2023-09-23 03:59,10263.76046622083400668797510,6350.596109518461786572801679
1695455999999,2023-09-23 07:59,10263.76046622083400668797510,6363.307936797356105028659233
1695470399999,2023-09-23 11:59,10263.76046622083400668797510,6360.890511538142536653510272
1695484799999,2023-09-23 15:59,10263.76046622083400668797510,6362.407984423629073633554273
1695499199999,2023-09-23 19:59,10263.76046622083400668797510,6369.239005898674147042143514
1695513599999,2023-09-23 23:59,10263.76046622083400668797510,6361.070023314816811532853017
1695527999999,2023-09-24 03:59,10263.76046622083400668797510,6359.866097665921341342061010
1695542399999,2023-09-24 07:59,10263.76046622083400668797510,6358.073373389534249547024801
1695556799999,2023-09-24 11:59,10263.76046622083400668797510,6366.036515802805083194668950
1695571199999,2023-09-24 15:59,10263.76046622083400668797510,6361.572656289504781195012702
1695585599999,2023-09-24 19:59,10263.76046622083400668797510,6330.722959095441728930364236
1695599999999,2023-09-24 23:59,10263.76046622083400668797510,6282.664066244204858232724655
1695614399999,2023-09-25 03:59,10263.76046622083400668797510,6260.900058440215771861210301
1695628799999,2023-09-25 07:59,10263.76046622083400668797510,6268.501783809782398751777726
1695643199999,2023-09-25 11:59,10263.76046622083400668797510,6241.263863562405757059505280
1695657599999,2023-09-25 15:59,10263.76046622083400668797510,6281.548699738468696982408402
1695671999999,2023-09-25 19:59,10263.76046622083400668797510,6302.637743262162509807594036
1695686399999,2023-09-25 23:59,10263.76046622083400668797510,6296.170532321177300154472758
1695700799999,2023-09-26 03:59,10263.76046622083400668797510,6307.912996006030534261879490
1695715199999,2023-09-26 07:59,10263.76046622083400668797510,6288.319883954622345431216728
1695729599999,2023-09-26 11:59,10263.76046622083400668797510,6288.755499199351919138421788
1695743999999,2023-09-26 15:59,10263.76046622083400668797510,6253.530501635147873814592827
1695758399999,2023-09-26 19:59,10263.76046622083400668797510,6282.501308900020182342120567
1695772799999,2023-09-26 23:59,10263.76046622083400668797510,6276.271053504245015529731711
1695787199999,2023-09-27 03:59,10263.76046622083400668797510,6289.763158639083515461132394
1695801599999,2023-09-27 07:59,10263.76046622083400668797510,6282.175794211650830560912390
1695815999999,2023-09-27 11:59,10263.76046622083400668797510,6406.723458358618398847299820
1695830399999,2023-09-27 15:59,10263.76046622083400668797510,6296.077186197306677217214530
1695844799999,2023-09-27 19:59,10263.76046622083400668797510,6287.312224514890749108506122
1695859199999,2023-09-27 23:59,10263.76046622083400668797510,6312.489349566046715185923859
1695873599999,2023-09-28 03:59,10263.76046622083400668797510,6313.963739625131426194925601
1695887999999,2023-09-28 07:59,10263.76046622083400668797510,6333.312715660262601189682231
1695902399999,2023-09-28 11:59,10263.76046622083400668797510,6337.367288322745556464437022
1695916799999,2023-09-28 15:59,10263.76046622083400668797510,6467.350569067410168097322758
1695931199999,2023-09-28 19:59,10268.79124367516856091079159,6486.498491912666155227215514
1695945599999,2023-09-28 23:59,10252.09984246036713109280087,6467.683264226846490873704645
1695959999999,2023-09-29 03:59,10245.48046121889071952817868,6452.508535371981121073264636
1695974399999,2023-09-29 07:59,10316.95488015198415144136914,6505.641627777210828360325797
1695988799999,2023-09-29 11:59,10262.28769562580255180335941,6455.569809536866422015656240
1696003199999,2023-09-29 15:59,10279.65922985181495761666914,6435.892925323010238241300197
1696017599999,2023-09-29 19:59,10264.27007717041409773908432,6444.976221222728547136043073
1696031999999,2023-09-29 23:59,10269.24077855193193175849516,6440.294554087063458282784294
1696046399999,2023-09-30 03:59,10269.25639026576380156126261,6442.290725043681394941075614
1696060799999,2023-09-30 07:59,10280.09994580535145130586471,6446.228016678737157294659812
1696075199999,2023-09-30 11:59,10284.49471196805127240067881,6447.250037060602695607717838
1696089599999,2023-09-30 15:59,10382.24208138292483903690923,6461.675603434147424911700793
1696103999999,2023-09-30 19:59,10376.03452599069701323715367,6467.518113392306157984709320
1696118399999,2023-09-30 23:59,10356.28341319430972120336997,6453.602360464516369338059759
1696132799999,2023-10-01 03:59,10356.27772825649979662533140,6473.276851188016896114024566
1696147199999,2023-10-01 07:59,10378.29745921622833709908176,6488.401316745413468948248607
1696161599999,2023-10-01 11:59,10514.23000302454531823886408,6507.491795822133688116751684
1696175999999,2023-10-01 15:59,10513.59946116682999681247052,6499.227073624050072671811723
1696190399999,2023-10-01 19:59,10470.86970271664462796612484,6487.221326000074568741368965
1696204799999,2023-10-01 23:59,10705.19832565100203086124082,6700.134260587542860633820227
1696219199999,2023-10-02 03:59,10724.25459848536739297189222,6732.199850882279668081216883
1696233599999,2023-10-02 07:59,10755.43579205892678410037481,6776.567981605093447259569635
1696247999999,2023-10-02 11:59,10702.68099874685838972769980,6749.313306925227206578558534
1696262399999,2023-10-02 15:59,10655.73744465425579885410101,6708.209897047529573205852497
1696276799999,2023-10-02 19:59,10605.65251053678660948256794,6693.533014186640859070789700
1696291199999,2023-10-02 23:59,10535.86404342901544146831647,6580.924079933690398759890403
1696305599999,2023-10-03 03:59,10556.55437458823594323967452,6606.544000700642909539686910
1696319999999,2023-10-03 07:59,10567.96972971056449594111344,6591.965250944336132338664813
1696334399999,2023-10-03 11:59,10575.10432666201984137951277,6596.596654782532424225707623
1696348799999,2023-10-03 15:59,10580.09854452803858318639230,6545.139005626262615812512079
1696363199999,2023-10-03 19:59,10546.56593885619845962591546,6528.384573136663627073855917
1696377599999,2023-10-03 23:59,10552.27361641736273597663492,6564.636378063444524707525377
1696391999999,2023-10-04 03:59,10518.02755105037707787231815,6565.586593734640353068846305
1696406399999,2023-10-04 07:59,10521.59484952610475059151781,6571.175393715099444312383753
1696420799999,2023-10-04 11:59,10550.84669702707166688895506,6599.574156784969730224405947
1696435199999,2023-10-04 15:59,10487.34878415911909248720104,6559.313255512463360285415191
1696449599999,2023-10-04 19:59,10503.75835714746638699551949,6610.505227239255241877183474
1696463999999,2023-10-04 23:59,10518.74101074552261241615808,6648.913566976483095061357105
1696478399999,2023-10-05 03:59,10526.58906739212349239839734,6618.554535305329727466912141
1696492799999,2023-10-05 07:59,10510.17949440377619789007889,6608.083014999330359505252040
1696507199999,2023-10-05 11:59,10525.16214800183242331071748,6636.254396485413230570106757
1696521599999,2023-10-05 15:59,10495.19684080571997246944030,6595.402303095059582028480563
1696535999999,2023-10-05 19:59,10495.19684080571997246944030,6575.364001837499191497047794
1696550399999,2023-10-05 23:59,10488.06224385426462703104097,6560.790039061903728292808170
1696564799999,2023-10-06 03:59,10523.02176891639581967919768,6596.407569044435521352799932
1696579199999,2023-10-06 07:59,10533.72366434357883783679667,6615.392734545506832592088600
1696593599999,2023-10-06 11:59,10522.30830922125028513535775,6644.468855386028049048830749
1696607999999,2023-10-06 15:59,10545.85247916105292508207553,6687.819752707687603910907949
1696622399999,2023-10-06 19:59,10539.43134190474311418751613,6690.510035867446070102657881
1696636799999,2023-10-06 23:59,10538.71788220959757964367620,6685.419081880963634524497644
1696651199999,2023-10-07 03:59,10557.26783428338147778351445,6678.075853469807963460183772
1696665599999,2023-10-07 07:59,10547.27939855134399416975539,6675.775709238021588006205405
1696679999999,2023-10-07 11:59,10543.71210007561632145055573,6688.059101743253303750031608
1696694399999,2023-10-07 15:59,10533.72366434357883783679667,6687.503811980740880123264718
1696708799999,2023-10-07 19:59,10518.74101074552261241615808,6669.715391657498068079594348
1696723199999,2023-10-07 23:59,10530.86982556299669966143694,6691.541630210734236409280853
1696737599999,2023-10-08 03:59,10546.56593885619845962591546,6717.439195858942959002460805
1696751999999,2023-10-08 07:59,10515.34719020225713574303661,6679.320468454749602623626802
1696766399999,2023-10-08 11:59,10493.06077631099127070928703,6656.826446092285131742785287
1696780799999,2023-10-08 15:59,10522.69132813068085505144716,6676.240046367019045694105304
1696795199999,2023-10-08 19:59,10508.96745095461446792957856,6676.778581697041870332133538
1696809599999,2023-10-08 23:59,10501.79094580776544771717699,6682.058621421621208783201466
1696823999999,2023-10-09 03:59,10492.51494939742043526145607,6683.178774908068684030300192
1696838399999,2023-10-09 07:59,10462.32356700961037935982841,6657.218978510612879478948088
1696852799999,2023-10-09 11:59,10462.32356700961037935982841,6574.799138113564139876715957
1696867199999,2023-10-09 15:59,10462.32356700961037935982841,6568.669409312726566996759039
1696881599999,2023-10-09 19:59,10462.32356700961037935982841,6610.160564628040634108845404
1696895999999,2023-10-09 23:59,10462.32356700961037935982841,6603.808241224126960378503482
1696910399999,2023-10-10 03:59,10462.32356700961037935982841,6613.908770524999493589521911
1696924799999,2023-10-10 07:59,10462.32356700961037935982841,6618.487517575371331511957516
1696939199999,2023-10-10 11:59,10462.32356700961037935982841,6584.361132084413848449706152
1696953599999,2023-10-10 15:59,10462.32356700961037935982841,6560.220388357257362675693860
1696967999999,2023-10-10 19:59,10462.32356700961037935982841,6557.656960186348717398679468
1696982399999,2023-10-10 23:59,10462.32356700961037935982841,6555.938434110986992553771593
1696996799999,2023-10-11 03:59,10462.32356700961037935982841,6466.405140376925653732784303
1697011199999,2023-10-11 07:59,10462.32356700961037935982841,6467.817299686763282783613894
1697025599999,2023-10-11 11:59,10462.32356700961037935982841,6509.538230076220421741258972
1697039999999,2023-10-11 15:59,10462.32356700961037935982841,6409.777552052436728794517715
1697054399999,2023-10-11 19:59,10462.32356700961037935982841,6405.885736734138449410367012
1697068799999,2023-10-11 23:59,10462.32356700961037935982841,6432.769420408877855340736441
1697083199999,2023-10-12 03:59,10462.32356700961037935982841,6425.959940347033694917668330
1697097599999,2023-10-12 07:59,10462.32356700961037935982841,6417.245241962086563775175889
1697111999999,2023-10-12 11:59,10462.32356700961037935982841,6423.750748748762285402556953
1697126399999,2023-10-12 15:59,10462.32356700961037935982841,6384.775151797243723599660249
1697140799999,2023-10-12 19:59,10462.32356700961037935982841,6393.846480245183747502446942
1697155199999,2023-10-12 23:59,10462.32356700961037935982841,6405.031260677168900984695548
1697169599999,2023-10-13 03:59,10462.32356700961037935982841,6410.311300401748239435763475
1697183999999,2023-10-13 07:59,10462.32356700961037935982841,6432.644958910383691424392138
1697198399999,2023-10-13 11:59,10462.32356700961037935982841,6419.700963066990644124584635
1697212799999,2023-10-13 15:59,10462.32356700961037935982841,6392.393631599299949478966329
1697227199999,2023-10-13 19:59,10462.32356700961037935982841,6409.564531410783255937697658
1697241599999,2023-10-13 23:59,10462.32356700961037935982841,6429.533421448029593515784565
1697255999999,2023-10-14 03:59,10462.32356700961037935982841,6445.995848114238428450709862
1697270399999,2023-10-14 07:59,10462.32356700961037935982841,6431.160994889876352421825450
1697284799999,2023-10-14 11:59,10462.32356700961037935982841,6432.010683966134586850714441
1697299199999,2023-10-14 15:59,10462.32356700961037935982841,6448.815379753202372555586570
1697313599999,2023-10-14 19:59,10462.32356700961037935982841,6430.081530739475046147377745
1697327999999,2023-10-14 23:59,10462.32356700961037935982841,6427.254818629444131047327327
1697342399999,2023-10-15 03:59,10462.32356700961037935982841,6433.951804644572412546007319
1697356799999,2023-10-15 07:59,10462.32356700961037935982841,6434.444863657837754214602057
1697371199999,2023-10-15 11:59,10462.32356700961037935982841,6427.252425139088474048936091
1697385599999,2023-10-15 15:59,10462.32356700961037935982841,6438.358220389336946584273889
1697399999999,2023-10-15 19:59,10462.32356700961037935982841,6473.035108662095539276509670
1697414399999,2023-10-15 23:59,10462.32356700961037935982841,6499.459242188548801515761673
1697428799999,2023-10-16 03:59,10462.32356700961037935982841,6519.030812826756077360903306
1697443199999,2023-10-16 07:59,10462.32356700961037935982841,6665.785280493509276721183860
1697457599999,2023-10-16 11:59,10462.32356700961037935982841,6641.979625416144770721944691
1697471999999,2023-10-16 15:59,10457.13074880626947632003805,6717.269258043691312116683007
1697486399999,2023-10-16 19:59,10516.24159397033326611656046,6814.131419246774380011636749
1697500799999,2023-10-16 23:59,10522.70190929833136657704977,6821.773833952387175874855195
1697515199999,2023-10-17 03:59,10479.27101091300932226831575,6766.534470034179310003505831
1697529599999,2023-10-17 07:59,10496.84415240003331380150148,6804.983499107453332160330485
1697543999999,2023-10-17 11:59,10482.94109556321419396266280,6803.068706822927733447341209
1697558399999,2023-10-17 15:59,10422.77422587994205799322747,6812.424860623190940158685057
1697572799999,2023-10-17 19:59,10411.38904726129045384178904,6825.529220320413006350705412
1697587199999,2023-10-17 23:59,10402.58002080518977577492633,6796.673300592612233745957029
1697601599999,2023-10-18 03:59,10415.78810471907884712495221,6825.038554797503321680501910
1697615999999,2023-10-18 07:59,10416.96863921704700532596693,6820.282689460812865877114797
1697630399999,2023-10-18 11:59,10422.22323212838807790692424,6783.444479396896003637592371
1697644799999,2023-10-18 15:59,10405.45020242841882570153312,6761.139542772528435629658547
1697659199999,2023-10-18 19:59,10400.18790236567544108549210,6760.701534037443204924062250
1697673599999,2023-10-18 23:59,10404.39157173864866998524119,6778.504315302819958958080040
1697687999999,2023-10-19 03:59,10387.76259763394472582778603,6764.143373168877968610660473
1697702399999,2023-10-19 07:59,10389.88147037058295654186667,6781.094071867640831217398035
1697716799999,2023-10-19 11:59,10398.24737289591765143755033,6809.784840760901270933151093
1697731199999,2023-10-19 15:59,10414.25753423162949767989481,6864.691509519672814028118571
1697745599999,2023-10-19 19:59,10419.18899892204536104294651,6881.603912372745164660596347
1697759999999,2023-10-19 23:59,10416.60392317716843521549909,6872.738424095391642619456001
1697774399999,2023-10-20 03:59,10453.01203505162701773181924,6997.599635478950277695095425
1697788799999,2023-10-20 07:59,10406.07997464552214071991737,6998.827496031402317869799798
1697803199999,2023-10-20 11:59,10472.93268218090948624571944,7142.312455872328057427651164
1697817599999,2023-10-20 15:59,10487.78657874475068544628936,7073.138191103485146922522347
1697831999999,2023-10-20 19:59,10477.78621390996922987592854,7075.634601544435396244582115
1697846399999,2023-10-20 23:59,10446.68612534504502261895406,7101.395738242371669929461581
1697860799999,2023-10-21 03:59,10444.55873176123553187386715,7085.931397054471803323681945
1697875199999,2023-10-21 07:59,10514.52458485399383304927751,7107.800718434109797624410708
1697889599999,2023-10-21 11:59,10568.88048852799821024661049,7133.935239627528563058323083
1697903999999,2023-10-21 15:59,10786.36240850844090209425323,7165.617871465360250763121884
1697918399999,2023-10-21 19:59,10781.40374795014817646133858,7215.325879171644793352323479
1697932799999,2023-10-21 23:59,10765.47350351271713589709566,7159.021412045169563196873830
1697947199999,2023-10-22 03:59,10840.09779486918786497964275,7158.442187379100569586194574
1697961599999,2023-10-22 07:59,10822.53624773994339654741055,7136.632703258354000245246725
1697975999999,2023-10-22 11:59,10785.19679770106197667015104,7158.990296670546022217787754
1697990399999,2023-10-22 15:59,10814.69880110309905382435235,7138.868223250537636742661705
1698004799999,2023-10-22 19:59,10859.15133362329771775888912,7142.973059210489388983632464
1698019199999,2023-10-22 23:59,11042.61063981924110235894990,7178.806003325030311898835520
1698033599999,2023-10-23 03:59,11227.06789790693394605140633,7356.936736064091103169836591
1698047999999,2023-10-23 07:59,11137.53242834275849987898745,7304.598282456939519348665979
1698062399999,2023-10-23 11:59,11141.67587402509504644660962,7337.872585381283110983637116
1698076799999,2023-10-23 15:59,11105.83650456956830085305361,7392.034878639445327578930012
1698091199999,2023-10-23 19:59,11209.55836431445938371042056,7504.789815804090864791694741
1698105599999,2023-10-23 23:59,11437.95701622903538634096730,7915.409840749538537797071180
1698119999999,2023-10-24 03:59,11428.99079509942562728932171,8152.750737906842155270483125
1698134399999,2023-10-24 07:59,11375.90184863951115403217022,8138.002050335283731183683230
1698148799999,2023-10-24 11:59,11549.79205781663291034108491,8267.951822214969144839091654
1698163199999,2023-10-24 15:59,11365.86559862394208059377413,8058.758371640191828446622060
1698177599999,2023-10-24 19:59,11425.03662619375857618372215,8089.299308578375127918801006
1698191999999,2023-10-24 23:59,11500.63041757767697314768694,8119.512337337833418611380538
1698206399999,2023-10-25 03:59,11682.89458377498873837257664,8137.860834404299968278600271
1698220799999,2023-10-25 07:59,11550.21818721929864260471757,8103.906780218949789100517942
1698235199999,2023-10-25 11:59,11660.37231191360389312135625,8185.685165200682453133898665
1698249599999,2023-10-25 15:59,11766.26375143740423121618896,8339.012157384069770076514907
1698263999999,2023-10-25 19:59,11712.02945743333204996634508,8314.775674042687004366853152
1698278399999,2023-10-25 23:59,11668.10695665389028048444502,8256.735926408360450377756972
1698292799999,2023-10-26 03:59,11707.91177420241029182855186,8327.880033739909070558873506
1698307199999,2023-10-26 07:59,11721.45482818762633342274819,8292.947041999095179038775410
1698321599999,2023-10-26 11:59,11603.92174761144585794440537,8162.578409307169790664900582
1698335999999,2023-10-26 15:59,11491.26905443361439544859534,8148.641114966179089032729892
1698350399999,2023-10-26 19:59,11546.13630264566047216418397,8148.542981861597152098689192
1698364799999,2023-10-26 23:59,11609.49850501139769538622937,8174.306512049889082781959895
1698379199999,2023-10-27 03:59,11628.07410448428356205372198,8166.029822400027182345063751
1698393599999,2023-10-27 07:59,11520.77985512073272072454819,8124.124593253184454511293455
1698407999999,2023-10-27 11:59,11586.91612086749808390725021,8149.258635477938594617668934
1698422399999,2023-10-27 15:59,11631.22636293438549934277937,8137.882375817500881264121400
1698436799999,2023-10-27 19:59,11582.86515069413501101826581,8065.852677054359171678247326
1698451199999,2023-10-27 23:59,11603.01589629348574179061971,8112.161928455610776551892956
1698465599999,2023-10-28 03:59,11667.88807457443807175145340,8152.367779449937035527885270
1698479999999,2023-10-28 07:59,11645.16017184880488756801777,8148.775150426095880942639142
1698494399999,2023-10-28 11:59,11672.07899323579813245201278,8180.093971729867704891969980
1698508799999,2023-10-28 15:59,11638.04665883236229482703740,8184.196414199463800134549503
1698523199999,2023-10-28 19:59,11574.75019964880464609474535,8164.830683731843026151054217
1698537599999,2023-10-28 23:59,11568.43168062183123915071106,8157.394109196816732149482118
1698551999999,2023-10-29 03:59,11537.78444753918225683572835,8131.034599909966208866793503
1698566399999,2023-10-29 07:59,11597.26426739526764139859305,8156.343366930683309855729253
1698580799999,2023-10-29 11:59,11635.26324133388280643980598,8198.756016032925321348441708
1698595199999,2023-10-29 15:59,11669.72329921320543759745743,8245.711509830204315787721218
1698609599999,2023-10-29 19:59,11686.22855761799401100083033,8272.513814832851383772788603
1698623999999,2023-10-29 23:59,11678.58114762368247563669082,8263.878101629640933577206970
1698638399999,2023-10-30 03:59,11673.50334857336928940308499,8202.731603513671595676285691
1698652799999,2023-10-30 07:59,11615.57301099372786327304390,8184.311301736535336057328860
1698667199999,2023-10-30 11:59,11772.25173110447124539762520,8283.653118948079054285603714
1698681599999,2023-10-30 15:59,11839.38665509130296379611871,8295.096396338475163594105872
1698695999999,2023-10-30 19:59,11805.89017240973686593767421,8241.431949074289602664190187
1698710399999,2023-10-30 23:59,11792.13711942481571314345216,8251.633004970099729807640553
1698724799999,2023-10-31 03:59,11811.28052069890127646561366,8188.109770930962992504221335
1698739199999,2023-10-31 07:59,11773.27368821878168161758684,8172.762710770490318819612292
1698753599999,2023-10-31 11:59,11958.82153280216034388245475,8254.873790911659305629374902
1698767999999,2023-10-31 15:59,11826.70811522130811864371978,8203.155251306622884391534568
1698782399999,2023-10-31 19:59,11896.95156424380399739878830,8267.327121232142668258978903
1698796799999,2023-10-31 23:59,11918.32976673496070671079618,8291.135169799862831256609308
1698811199999,2023-11-01 03:59,11844.64724498731506615585418,8238.150473796683857869804816
1698825599999,2023-11-01 07:59,11850.01626934546577387369374,8246.020270086084068580190739
1698839999999,2023-11-01 11:59,11819.90921738759998322779541,8239.507582828341375957635965
1698854399999,2023-11-01 15:59,11775.31406227211912465132167,8207.882394759045456214226842
1698868799999,2023-11-01 19:59,11925.91495956209144223418007,8271.484613979918874464556867
1698883199999,2023-11-01 23:59,12067.77952440375282006741444,8478.224736940147767506008952
1698897599999,2023-11-02 03:59,12086.02272670820953785058844,8514.186929533894168334338784
1698911999999,2023-11-02 07:59,11949.38435632701411705232490,8444.337700484755984282881247
1698926399999,2023-11-02 11:59,12026.73476683954574085196498,8466.767098607617716207159374
1698940799999,2023-11-02 15:59,11840.89834950282856147191297,8291.192613568398599217998986
1698955199999,2023-11-02 19:59,11927.49732993260399511051807,8377.358266372050541302516387
1698969599999,2023-11-02 23:59,11891.17958097759208463019095,8363.375495714302356700912203
1698983999999,2023-11-03 03:59,11814.73686678481529975948018,8301.223731648957079475671554
1698998399999,2023-11-03 07:59,11853.70760639642289383262580,8249.296958382978499377793637
1699012799999,2023-11-03 11:59,11821.90660831501445466829973,8198.418533892777684575277348
1699027199999,2023-11-03 15:59,11914.09142538607918771218969,8320.800089267875669317595660
1699041599999,2023-11-03 19:59,11898.07308232118961485185492,8265.031763981067606801783009
1699055999999,2023-11-03 23:59,11955.83827683048181654724341,8309.567439028777375867522322
1699070399999,2023-11-04 03:59,11930.25684799584604004024017,8307.681368628519661135227886
1699084799999,2023-11-04 07:59,11917.75089065575091238156771,8321.824503140096864629044922
1699099199999,2023-11-04 11:59,11929.12426469886771435287569,8308.511909781932639576986984
1699113599999,2023-11-04 15:59,11900.57784926108396657424590,8307.923111154441017972742782
1699127999999,2023-11-04 19:59,11935.54376727525782165997711,8312.906358074918888623297371
1699142399999,2023-11-04 23:59,11974.58624382600407663788282,8392.212267519257873318530693
1699156799999,2023-11-05 03:59,12201.21327014618423339138130,8443.657949223749396739770054
1699171199999,2023-11-05 07:59,12153.68462870960809167359620,8416.240517199698480168154865
1699185599999,2023-11-05 11:59,12238.16825002749499633457650,8397.935102959633756471977390
1699199999999,2023-11-05 15:59,12146.61284719736020956726036,8349.332887797662747139527103
1699214399999,2023-11-05 19:59,12226.28433525073013253260368,8374.533947752375283200857206
1699228799999,2023-11-05 23:59,12311.49801295033586803301635,8380.199339424215398392914225
1699243199999,2023-11-06 03:59,12408.06312666381754270999844,8372.181146732764453782271634
1699257599999,2023-11-06 07:59,12440.76590841896686234172875,8354.550696772995003632422879
1699271999999,2023-11-06 11:59,12539.54476398676559591920450,8432.992556198941811908419789
1699286399999,2023-11-06 15:59,12624.74590566966226696548085,8396.731177310738286281185383
1699300799999,2023-11-06 19:59,12647.85721861391180346385198,8390.443478146427351507406849
1699315199999,2023-11-06 23:59,12685.62206265773456920740557,8388.387469930917989889334615
1699329599999,2023-11-07 03:59,12488.10210533990044732712043,8357.970994491228854333499972
1699343999999,2023-11-07 07:59,12505.48839437428362991614161,8362.446821456307441325112404
1699358399999,2023-11-07 11:59,12447.12013833028294551014195,8288.277342315208375177472814
1699372799999,2023-11-07 15:59,12428.28499187636783103870235,8310.632542237044740151622607
1699387199999,2023-11-07 19:59,12501.34880174704953882351752,8486.015548047811297269484067
1699401599999,2023-11-07 23:59,12497.62316838253885684015584,8472.884859956677004095160110
1699415999999,2023-11-08 03:59,12541.29587059985851786733998,8441.903520793052816918993631
1699430399999,2023-11-08 07:59,12580.00106166449726958337522,8431.544494533769327881721650
1699444799999,2023-11-08 11:59,12604.63163779654011158448855,8456.530140356472734087840460
1699459199999,2023-11-08 15:59,12639.81817512802988587179330,8431.372163228162023997552615
1699473599999,2023-11-08 19:59,12792.77612270432955174425340,8526.228579513204527240650091
1699487999999,2023-11-08 23:59,12886.53789571118171499218902,8526.882002380298887801457681
1699502399999,2023-11-09 03:59,12798.77853201381898382855833,8721.628345168330561904423191
1699516799999,2023-11-09 07:59,12798.77853201381898382855833,8744.287518365335365674260031
1699531199999,2023-11-09 11:59,12861.90731957913887299107569,8809.550819893034740808108252
1699545599999,2023-11-09 15:59,12921.93141267403319383412499,8876.164049981324663034613913
1699559999999,2023-11-09 19:59,12762.97105578824409587735996,8708.184109840605201940847239
1699574399999,2023-11-09 23:59,12821.13233220088307572872841,8784.510123792151223638991001
1699588799999,2023-11-10 03:59,12761.93615763143557310420394,8792.212375756655444461990362
1699603199999,2023-11-10 07:59,12793.39706159841466540814702,8722.013697115591338645412282
1699617599999,2023-11-10 11:59,12845.96988796428762228447295,8873.069266951460164114744996
1699631999999,2023-11-10 15:59,12915.51504410182035264055765,8875.714073794461147337061433
1699646399999,2023-11-10 19:59,12914.68712557637353442203283,8910.137252089520098199826135
1699660799999,2023-11-10 23:59,13005.34420411280012935050038,8928.248793610776605026313445
1699675199999,2023-11-11 03:59,12891.91936612658603341260034,8865.620724964655585121216714
1699689599999,2023-11-11 07:59,12904.54512363965001124510381,8857.585777840715041521835467
1699703999999,2023-11-11 11:59,12900.81949027513932926174213,8853.306217084800328398304436
1699718399999,2023-11-11 15:59,13166.78831657492968196283986,8868.205694548765143383752236
1699732799999,2023-11-11 19:59,13175.06750182939786414808804,8891.666687014915041614653336
1699747199999,2023-11-11 23:59,13209.01216137271741110760557,8887.169318636635541637519774
1699761599999,2023-11-12 03:59,13071.16372688582217772322340,8853.366054343691753358085351
1699775999999,2023-11-12 07:59,13160.16496837135513621464132,8886.678653113725856967316273
1699790399999,2023-11-12 11:59,13127.04822735348240747364861,8869.337815486990903622807146
1699804799999,2023-11-12 15:59,13097.45014006875865616138637,8892.461325812993165080543885
1699819199999,2023-11-12 19:59,13169.47905178263184117304552,8881.187986237848702657819525
1699833599999,2023-11-12 23:59,13115.45736799722695241430116,8871.403397663922893234444327
1699847999999,2023-11-13 03:59,13008.24191895186399311533725,8835.472320444800033385200570
1699862399999,2023-11-13 07:59,12963.12035931501240020573467,8846.549393810780621939843530
1699876799999,2023-11-13 11:59,12931.03851645394819423789798,8810.582414236322907114731224
1699891199999,2023-11-13 15:59,12933.52227203028864889347244,8818.215254980513074984384724
1699905599999,2023-11-13 19:59,12933.93623129301205800273484,8818.950056519699773490494359
1699919999999,2023-11-13 23:59,12780.87256053260621234015828,8727.506757481824149953300267
1699934399999,2023-11-14 03:59,12780.87256053260621234015828,8723.950030813317850343922687
1699948799999,2023-11-14 07:59,12780.87256053260621234015828,8780.386139909354215410890348
1699963199999,2023-11-14 11:59,12780.87256053260621234015828,8678.739391485312807731854654
1699977599999,2023-11-14 15:59,12780.87256053260621234015828,8651.910758088753512764483667
1699991999999,2023-11-14 19:59,12780.87256053260621234015828,8447.722095847654980008089792
1700006399999,2023-11-14 23:59,12780.87256053260621234015828,8509.282667795152978630695002
1700020799999,2023-11-15 03:59,12780.87256053260621234015828,8468.784810977436565850971823
1700035199999,2023-11-15 07:59,12780.87256053260621234015828,8515.431544518835807497781813
1700049599999,2023-11-15 11:59,12798.08929422848382736880262,8674.373665076594442666239106
1700063999999,2023-11-15 15:59,12868.29140427820520456723404,8713.023747339743652687927634
1700078399999,2023-11-15 19:59,12876.09163872817424647817087,8975.726068305588825114882534
1700092799999,2023-11-15 23:59,12885.19191225313812870759716,9061.463286335578164487368584
1700107199999,2023-11-16 03:59,12878.69171687816392711514981,8964.952968214776675355926622
1700121599999,2023-11-16 07:59,12899.49234207808137221098134,8960.709309814196817208264140
1700135999999,2023-11-16 11:59,12841.55134077269456545406411,8915.288043334893958737767286
1700150399999,2023-11-16 15:59,12713.95155807231600076464946,8713.880616887068858111990334
1700164799999,2023-11-16 19:59,12623.74169464360347264188237,8597.798728128060093135406739
1700179199999,2023-11-16 23:59,12623.74169464360347264188237,8655.840869252742304122894155
1700193599999,2023-11-17 03:59,12623.74169464360347264188237,8732.547448170837788565244535
1700207999999,2023-11-17 07:59,12623.74169464360347264188237,8674.091233214626916856073188
1700222399999,2023-11-17 11:59,12623.74169464360347264188237,8705.941409377354594448258550
1700236799999,2023-11-17 15:59,12623.74169464360347264188237,8627.427745240738076220524542
1700251199999,2023-11-17 19:59,12623.74169464360347264188237,8693.871037513776351561252405
1700265599999,2023-11-17 23:59,12623.74169464360347264188237,8763.646068361889168662581607
1700279999999,2023-11-18 03:59,12623.74169464360347264188237,8705.697273361077580612352418
1700294399999,2023-11-18 07:59,12623.74169464360347264188237,8716.551752123982068316610374
1700308799999,2023-11-18 11:59,12623.74169464360347264188237,8713.114699973258618626794624
1700323199999,2023-11-18 15:59,12623.74169464360347264188237,8775.670963908709928580154257
1700337599999,2023-11-18 19:59,12623.74169464360347264188237,8779.246838500061484176661730
1700351999999,2023-11-18 23:59,12623.74169464360347264188237,8752.679095552268802033935531
1700366399999,2023-11-19 03:59,12623.74169464360347264188237,8741.432084371036566593514773
1700380799999,2023-11-19 07:59,12623.74169464360347264188237,8763.066843695820175051902351
1700395199999,2023-11-19 11:59,12623.74169464360347264188237,8725.278417960707484451058997
1700409599999,2023-11-19 15:59,12623.74169464360347264188237,8752.719784888314971006586553
1700423999999,2023-11-19 19:59,12623.74169464360347264188237,8843.839962728176899760963705
1700438399999,2023-11-19 23:59,12623.74169464360347264188237,8942.186087951767306658484135
1700452799999,2023-11-20 03:59,12623.74169464360347264188237,8883.421112739676682156843268
1700467199999,2023-11-20 07:59,12623.74169464360347264188237,8914.567602737841202222005071
1700481599999,2023-11-20 11:59,12606.32565888087599209744586,8891.357926759035288822183815
1700495999999,2023-11-20 15:59,12610.37805122576920710751870,8966.539852320577265289316484
1700510399999,2023-11-20 19:59,12493.06939702818020900374882,8992.298595528157881975804714
1700524799999,2023-11-20 23:59,12450.58463857365456776911423,8963.469004194269336353359933
1700539199999,2023-11-21 03:59,12417.93715481247687713731583,8967.317736686165789766468377
1700553599999,2023-11-21 07:59,12417.93715481247687713731583,8923.050132558289604520547562
1700567999999,2023-11-21 11:59,12417.93715481247687713731583,8897.932844766025063402910740
1700582399999,2023-11-21 15:59,12417.93715481247687713731583,8850.079792085374694566917506
1700596799999,2023-11-21 19:59,12417.93715481247687713731583,8851.266963301780565768970857
1700611199999,2023-11-21 23:59,12417.93715481247687713731583,8554.869085108996169990187180
1700625599999,2023-11-22 03:59,12417.93715481247687713731583,8707.657541962360662294775189
1700639999999,2023-11-22 07:59,12417.93715481247687713731583,8721.973007779545169672761260
1700654399999,2023-11-22 11:59,12417.93715481247687713731583,8727.746106517389849792423926
1700668799999,2023-11-22 15:59,12417.93715481247687713731583,8731.865303419475544023742105
1700683199999,2023-11-22 19:59,12417.93715481247687713731583,8925.460377346436201900522813
1700697599999,2023-11-22 23:59,12417.93715481247687713731583,8953.789729195992434859199145
1700711999999,2023-11-23 03:59,12417.93715481247687713731583,8927.784456481779147338413546
1700726399999,2023-11-23 07:59,12417.93715481247687713731583,8944.424001434306600154290351
1700740799999,2023-11-23 11:59,12417.93715481247687713731583,8944.613087172403503027198042
1700755199999,2023-11-23 15:59,12417.93715481247687713731583,8844.407219942467608379686778
1700769599999,2023-11-23 19:59,12417.93715481247687713731583,8923.411549601993811277624288
1700783999999,2023-11-23 23:59,12417.93715481247687713731583,8926.489578199368711208754549
1700798399999,2023-11-24 03:59,12417.93715481247687713731583,8931.604467089407716770827151
1700812799999,2023-11-24 07:59,12417.93715481247687713731583,8981.231096123599921414726701
1700827199999,2023-11-24 11:59,12417.93715481247687713731583,9033.648534912488186182808120
1700841599999,2023-11-24 15:59,12417.93715481247687713731583,9148.325444832726293103735834
1700855999999,2023-11-24 19:59,12417.93715481247687713731583,9039.421633650332866302470786
1700870399999,2023-11-24 23:59,12417.93715481247687713731583,9026.846235321710996754913718
1700884799999,2023-11-25 03:59,12417.93715481247687713731583,9047.054474394523034172124286
1700899199999,2023-11-25 07:59,12417.93715481247687713731583,9048.107610151012113464268387
1700913599999,2023-11-25 11:59,12417.93715481247687713731583,9012.231583210069364578023073
1700927999999,2023-11-25 15:59,12417.93715481247687713731583,9024.646617684862215233367288
1700942399999,2023-11-25 19:59,12413.96621892557491262330049,9052.183724226695981724544308
1700956799999,2023-11-25 23:59,12426.52813021400435288706315,9042.906555608169455960111267
1700971199999,2023-11-26 03:59,12408.76818666829376492795042,9030.869692609570411050582434
1700985599999,2023-11-26 07:59,12399.67163021805175646108781,9045.087025322172981494527805
1700999999999,2023-11-26 11:59,12381.47851731756773952736257,9018.646137363230120266537146
1701014399999,2023-11-26 15:59,12355.48835603116200105061223,8960.675800949217619230786827
1701028799999,2023-11-26 19:59,12313.47129303722977029384268,8947.023331960550100407173293
1701043199999,2023-11-26 23:59,12313.47129303722977029384268,8963.145882996255641570542993
1701057599999,2023-11-27 03:59,12313.47129303722977029384268,8930.072633261787237800435730
1701071999999,2023-11-27 07:59,12313.47129303722977029384268,8923.835197394945099992873165
1701086399999,2023-11-27 11:59,12313.47129303722977029384268,8864.658541841681471767939603
1701100799999,2023-11-27 15:59,12313.47129303722977029384268,8796.460821137946616606435317
1701115199999,2023-11-27 19:59,12313.47129303722977029384268,8826.614012638513482339233934
1701129599999,2023-11-27 23:59,12313.47129303722977029384268,8914.143954944889913506756194
1701143999999,2023-11-28 03:59,12313.47129303722977029384268,8887.064005060986633708305364
1701158399999,2023-11-28 07:59,12313.47129303722977029384268,8881.211921141405272641731891
1701172799999,2023-11-28 11:59,12313.47129303722977029384268,8916.231078535022816103914505
1701187199999,2023-11-28 15:59,12313.47129303722977029384268,8978.885475575056062991314838
1701201599999,2023-11-28 19:59,12313.47129303722977029384268,9122.751000382531265293372822
1701215999999,2023-11-28 23:59,12313.47129303722977029384268,9052.049688766779189814635058
1701230399999,2023-11-29 03:59,12313.47129303722977029384268,9081.159318472279604248854520
1701244799999,2023-11-29 07:59,12313.47129303722977029384268,9118.545637827641919119970126
1701259199999,2023-11-29 11:59,12313.47129303722977029384268,9120.450856150744889839394455
1701273599999,2023-11-29 15:59,12313.47129303722977029384268,9054.893155309299703903424132
1701287999999,2023-11-29 19:59,12313.47129303722977029384268,9065.292870904629361913347135
1701302399999,2023-11-29 23:59,12313.47129303722977029384268,9060.611203768964273060088357
1701316799999,2023-11-30 03:59,12313.47129303722977029384268,9107.810833582520281335274000
1701331199999,2023-11-30 07:59,12313.47129303722977029384268,9045.852942235983220979723515
1701345599999,2023-11-30 11:59,12313.47129303722977029384268,9067.913742844073775151751206
1701359999999,2023-11-30 15:59,12313.47129303722977029384268,9004.412050218137950833853118
1701374399999,2023-11-30 19:59,12313.47129303722977029384268,9035.407750323896080000367017
1701388799999,2023-11-30 23:59,12313.47129303722977029384268,9029.333071801238618083408540
1701403199999,2023-12-01 03:59,12313.47129303722977029384268,9105.706955559897779749377033
1701417599999,2023-12-01 07:59,12313.47129303722977029384268,9153.823292179670418408406292
1701431999999,2023-12-01 11:59,12313.47129303722977029384268,9234.266109542946477339476996
1701446399999,2023-12-01 15:59,12313.47129303722977029384268,9194.373805785211285152736676
1701460799999,2023-12-01 19:59,12313.47129303722977029384268,9277.882684294083959022981457
1701475199999,2023-12-01 23:59,12313.47129303722977029384268,9258.763483333095855873783540
1701489599999,2023-12-02 03:59,12313.47129303722977029384268,9282.638549630774414826368570
1701503999999,2023-12-02 07:59,12313.47129303722977029384268,9263.540890082987224662691783
1701518399999,2023-12-02 11:59,12313.47129303722977029384268,9272.559561743102794600871271
1701532799999,2023-12-02 15:59,12313.47129303722977029384268,9289.694559199251246083734051
1701547199999,2023-12-02 19:59,12313.47129303722977029384268,9435.278610082088173230699910
1701561599999,2023-12-02 23:59,12313.47129303722977029384268,9442.542853311507163348102974
1701575999999,2023-12-03 03:59,12313.47129303722977029384268,9425.970326088938106487180794
1701590399999,2023-12-03 07:59,12313.47129303722977029384268,9449.333185450506067784041193
1701604799999,2023-12-03 11:59,12313.47129303722977029384268,9449.567747505360453626382379
1701619199999,2023-12-03 15:59,12313.47129303722977029384268,9516.757808769363712465176059
1701633599999,2023-12-03 19:59,12313.47129303722977029384268,9470.221175784324692744362953
1701647999999,2023-12-03 23:59,12313.47129303722977029384268,9567.461508463601566385132076
1701662399999,2023-12-04 03:59,12313.47129303722977029384268,9743.983815683660854737222156
1701676799999,2023-12-04 07:59,12313.47129303722977029384268,9919.026945863924118083528020
1701691199999,2023-12-04 11:59,12313.47129303722977029384268,9956.104504963406680162174105
1701705599999,2023-12-04 15:59,12313.47129303722977029384268,9878.153311060369556556380696
1701719999999,2023-12-04 19:59,12313.47129303722977029384268,10049.75460210919805621608834
1701734399999,2023-12-04 23:59,12313.47129303722977029384268,10050.66891542505902960154072
1701748799999,2023-12-05 03:59,12313.47129303722977029384268,10012.10739230506912852032794
1701763199999,2023-12-05 07:59,12313.47129303722977029384268,9939.826377054583434103374026
1701777599999,2023-12-05 11:59,12313.47129303722977029384268,9987.239027509792915235379726
1701791999999,2023-12-05 15:59,12313.47129303722977029384268,10117.01407459351536800822788
1701806399999,2023-12-05 19:59,12313.47129303722977029384268,10487.06443801057691828214404
1701820799999,2023-12-05 23:59,12313.47129303722977029384268,10549.04626426067054862160689
1701835199999,2023-12-06 03:59,12313.47129303722977029384268,10468.32340852578262087876151
1701849599999,2023-12-06 07:59,12313.47129303722977029384268,10457.02852753743724547051602
1701863999999,2023-12-06 11:59,12313.47129303722977029384268,10493.01226154438455928436698
1701878399999,2023-12-06 15:59,12313.47129303722977029384268,10480.08502013348111097329813
1701892799999,2023-12-06 19:59,12313.47129303722977029384268,10527.83754621919388587685943
1701907199999,2023-12-06 23:59,12313.47129303722977029384268,10474.69727334289720759462456
1701921599999,2023-12-07 03:59,12313.47129303722977029384268,10513.98641753100683618677326
1701935999999,2023-12-07 07:59,12313.47129303722977029384268,10503.73509833772791207710692
1701950399999,2023-12-07 11:59,12313.47129303722977029384268,10337.15295656471213804382242
1701964799999,2023-12-07 15:59,12313.47129303722977029384268,10450.11612739029983411662473
1701979199999,2023-12-07 19:59,12313.47129303722977029384268,10340.87483406775877054219532
1701993599999,2023-12-07 23:59,12313.47129303722977029384268,10357.52395298170885135163707
1702007999999,2023-12-08 03:59,12313.47129303722977029384268,10379.75229791469539541105133
1702022399999,2023-12-08 07:59,12313.47129303722977029384268,10331.88249080155542758631944
1702036799999,2023-12-08 11:59,12313.47129303722977029384268,10448.63934384085946610923175
1702051199999,2023-12-08 15:59,12313.47129303722977029384268,10474.27841253065723287615815
1702065599999,2023-12-08 19:59,12313.47129303722977029384268,10518.35932441079217224756251
1702079999999,2023-12-08 23:59,12313.47129303722977029384268,10572.42348456437245190881471
1702094399999,2023-12-09 03:59,12313.47129303722977029384268,10564.85766155014067999411583
1702108799999,2023-12-09 07:59,12313.47129303722977029384268,10574.63267616264386142392609
1702123199999,2023-12-09 11:59,12313.47129303722977029384268,10487.78009162691836080112378
1702137599999,2023-12-09 15:59,12313.47129303722977029384268,10542.29183447700649916153722
1702151999999,2023-12-09 19:59,12313.47129303722977029384268,10513.40001239387087158092029
1702166399999,2023-12-09 23:59,12313.47129303722977029384268,10462.94762918697700249204411
1702180799999,2023-12-10 03:59,12313.47129303722977029384268,10494.47468415169098530141254
1702195199999,2023-12-10 07:59,12313.47129303722977029384268,10523.46463933940854981607017
1702209599999,2023-12-10 11:59,12313.47129303722977029384268,10468.79253263549139256344388
1702223999999,2023-12-10 15:59,12313.47129303722977029384268,10508.45506131908351290462549
1702238399999,2023-12-10 19:59,12313.47129303722977029384268,10482.93327365671293905886968
1702252799999,2023-12-10 23:59,12313.47129303722977029384268,10481.11661447676927727992110
1702267199999,2023-12-11 03:59,12313.47129303722977029384268,10126.89679627202311436564378
1702281599999,2023-12-11 07:59,12313.47129303722977029384268,10084.51526254440464385201740
1702295999999,2023-12-11 11:59,12313.47129303722977029384268,10135.13758356655015982667137
1702310399999,2023-12-11 15:59,12313.47129303722977029384268,10005.75267541079979779159478
1702324799999,2023-12-11 19:59,12313.47129303722977029384268,9760.790904961084297440485522
1702339199999,2023-12-11 23:59,12313.47129303722977029384268,9874.101131888242258280017141
1702353599999,2023-12-12 03:59,12313.47129303722977029384268,9989.441038636997353755317392
1702367999999,2023-12-12 07:59,12313.47129303722977029384268,10032.75842709367771063991728
1702382399999,2023-12-12 11:59,12313.47129303722977029384268,9953.366351996535074002599440
1702396799999,2023-12-12 15:59,12313.47129303722977029384268,9896.743550652757463061115325
1702411199999,2023-12-12 19:59,12313.47129303722977029384268,9846.477859693604839846755604
1702425599999,2023-12-12 23:59,12313.47129303722977029384268,9931.303157898088862832180513
1702439999999,2023-12-13 03:59,12313.47129303722977029384268,9772.607566846962898498020589
1702454399999,2023-12-13 07:59,12313.47129303722977029384268,9841.039849605552139501866062
1702468799999,2023-12-13 11:59,12313.47129303722977029384268,9814.572633252697051291571800
1702483199999,2023-12-13 15:59,12313.47129303722977029384268,10038.24191349848789395424032
1702497599999,2023-12-13 19:59,12313.47129303722977029384268,10228.48370743717309708489856
1702511999999,2023-12-13 23:59,12313.47129303722977029384268,10260.80061421925388936337505
1702526399999,2023-12-14 03:59,12313.47129303722977029384268,10223.66082437052424532655682
1702540799999,2023-12-14 07:59,12313.47129303722977029384268,10267.96911783444659954512866
1702555199999,2023-12-14 11:59,12335.22742425979042315329081,10356.06871084546939632976522
1702569599999,2023-12-14 15:59,12205.23350225881951808728478,10160.09450750498568205209534
1702583999999,2023-12-14 19:59,12205.23350225881951808728478,10314.67808212509292315011080
1702598399999,2023-12-14 23:59,12230.32356449250516830696051,10297.47606693898607571229339
1702612799999,2023-12-15 03:59,12183.99277172959956881961524,10243.30659320975688812182679
1702627199999,2023-12-15 07:59,12172.04801041791269358614137,10220.34105324722798855791166
1702641599999,2023-12-15 11:59,12173.74871058242428427566824,10238.54115391164380432487473
1702655999999,2023-12-15 15:59,12119.31301859801813540854648,10031.15239506503186471939752
1702670399999,2023-12-15 19:59,12133.19764103485104377226194,10075.79577717874619871274248
1702684799999,2023-12-15 23:59,12084.67546613181668763962048,10038.50998441832147777405882
1702699199999,2023-12-16 03:59,12084.67546613181668763962048,10132.69143642306870747082757
1702713599999,2023-12-16 07:59,12084.67546613181668763962048,10106.09497159100814134740653
1702727999999,2023-12-16 11:59,12084.67546613181668763962048,10132.26060815905044776040498
1702742399999,2023-12-16 15:59,12084.67546613181668763962048,10197.36593932327646100043159
1702756799999,2023-12-16 19:59,12084.67546613181668763962048,10136.98535812111736258470602
1702771199999,2023-12-16 23:59,12084.67546613181668763962048,10119.34533419992528444129232
1702785599999,2023-12-17 03:59,12084.67546613181668763962048,10034.97958614372740514698484
1702799999999,2023-12-17 07:59,12084.67546613181668763962048,10025.69284356377825138898685
1702814399999,2023-12-17 11:59,12084.67546613181668763962048,10043.24191485145536359353356
1702828799999,2023-12-17 15:59,12084.67546613181668763962048,10007.65071326283579751584540
1702843199999,2023-12-17 19:59,12084.67546613181668763962048,10078.14857819835702813132806
1702857599999,2023-12-17 23:59,12084.67546613181668763962048,9903.122202450583363773760849
1702871999999,2023-12-18 03:59,12084.67546613181668763962048,9835.211700589527348419204954
1702886399999,2023-12-18 07:59,12084.67546613181668763962048,9843.612851737883412772445401
1702900799999,2023-12-18 11:59,12084.67546613181668763962048,9838.610456894560286134760918
1702915199999,2023-12-18 15:59,12084.67546613181668763962048,9877.107355774947448259410304
1702929599999,2023-12-18 19:59,12084.67546613181668763962048,9981.257695111006076255679476
1702943999999,2023-12-18 23:59,12084.67546613181668763962048,10210.24291743671111234528447
1702958399999,2023-12-19 03:59,12084.67546613181668763962048,10311.82264813079412406936554
1702972799999,2023-12-19 07:59,12084.67546613181668763962048,10300.80301853334930347611226
1702987199999,2023-12-19 11:59,12084.67546613181668763962048,10286.43010894762902813673651
1703001599999,2023-12-19 15:59,12045.80790219537785035303698,10169.32859329711038184548612
1703015999999,2023-12-19 19:59,12051.99915961525132900111737,10134.64691804364047515646787
1703030399999,2023-12-19 23:59,12040.16966020942119437035789,10118.85706216737125676948006
1703044799999,2023-12-20 03:59,12043.96041172531157946541494,10153.26587952029626564189734
1703059199999,2023-12-20 07:59,12117.16449879000979762394553,10274.01268098248052048300106
1703073599999,2023-12-20 11:59,12105.76875576604782374016086,10259.70200214600732710179746
1703087999999,2023-12-20 15:59,12210.77710746242848873335838,10538.00748674038047204122372
1703102399999,2023-12-20 19:59,12203.97829885933762630943729,10468.79013914513573556505264
1703116799999,2023-12-20 23:59,12204.52921431284704479715654,10452.25590776825719067839025
1703131199999,2023-12-21 03:59,12186.95802986045813279453515,10447.57424063259210182513147
1703145599999,2023-12-21 07:59,12215.73653163489517016948430,10475.13049509727112430343838
1703159999999,2023-12-21 11:59,12324.65474553921607188659238,10515.12571894029956742100187
1703174399999,2023-12-21 15:59,12318.00181681335695869250859,10489.36936922307460773290488
1703188799999,2023-12-21 19:59,12287.99590510511673171535410,10433.07686954837766256941142
1703203199999,2023-12-21 23:59,12324.25521935486650426098759,10498.41915625781371865017044
1703217599999,2023-12-22 03:59,12330.01704126328200733463040,10533.41198525751903513004946
1703231999999,2023-12-22 07:59,12226.12165339750417306407809,10432.01655332082161228209360
1703246399999,2023-12-22 11:59,12301.33931930042290952817090,10472.60296928169733400229254
1703260799999,2023-12-22 15:59,12324.53363192021838443187006,10452.77529517543475932928859
1703275199999,2023-12-22 19:59,12289.81024303615174193657829,10445.52062590743839720545047
1703289599999,2023-12-22 23:59,12341.05660733998382168504228,10524.08694683187936939779168
1703303999999,2023-12-23 03:59,12211.75919382091232503569781,10418.14867020014496360326878
1703318399999,2023-12-23 07:59,12219.83845345229141402597659,10426.73890708659793082941691
1703332799999,2023-12-23 11:59,12260.96876880993915759836268,10423.25877210947265516855890
1703347199999,2023-12-23 15:59,12352.37045821007539137112889,10473.15347206349844363227695
1703361599999,2023-12-23 19:59,12330.55415920980383823319090,10460.60440212878880106702349
1703375999999,2023-12-23 23:59,12343.95012532056339167897111,10460.20947622010539633246945
1703390399999,2023-12-24 03:59,12339.79979919756099463578219,10491.88014060615879904531207
1703404799999,2023-12-24 07:59,12307.75081954594749717786738,10448.00506889661036153555406
1703419199999,2023-12-24 11:59,12313.31705283492838688023343,10443.94331576306043526562555
1703433599999,2023-12-24 15:59,12340.34124006707975915229677,10454.96055187014959886048760
1703447999999,2023-12-24 19:59,12335.86839596894892886101697,10440.08261581938569686056093
1703462399999,2023-12-24 23:59,12167.92535620261634140589298,10290.11369060498514866084963
1703476799999,2023-12-25 03:59,12188.82258369740646092487801,10328.71590306102121871471342
1703491199999,2023-12-25 07:59,12187.97157141360357546443096,10341.96865916029401880699045
1703505599999,2023-12-25 11:59,12167.39500148242563035909739,10333.10317088294049676585010
1703519999999,2023-12-25 15:59,12222.28088952270515263758342,10440.06586138689609787182227
1703534399999,2023-12-25 19:59,12195.07208997412140598722548,10405.65943752432674599779623
1703548799999,2023-12-25 23:59,12225.36333360466953263604707,10430.04431726776024560771465
1703563199999,2023-12-26 03:59,12282.46653480635183566533304,10400.20467300378444666416803
1703577599999,2023-12-26 07:59,12248.63393933931107667912884,10238.08399725371331763214854
1703591999999,2023-12-26 11:59,12414.40300880198989852112643,10216.88485317365928288096602
1703606399999,2023-12-26 15:59,12430.20259629291149448660726,10146.50426926556524518665396
1703620799999,2023-12-26 19:59,12380.20597342062133718967340,10078.91449511216726761652377
1703635199999,2023-12-26 23:59,12399.10401860953600180018072,10174.61102651204537729494529
1703649599999,2023-12-27 03:59,12329.81118625018223156165387,10108.96476652744088241849921
1703663999999,2023-12-27 07:59,12358.60820749043314906337932,10161.90159272350671583747897
1703678399999,2023-12-27 11:59,12515.19201048429751297901140,10296.72211747695412121905386
1703692799999,2023-12-27 15:59,12523.29117270811808352637168,10287.51675356909730540635792
1703707199999,2023-12-27 19:59,12532.61748179882843042072428,10329.08928755650371046374633
1703721599999,2023-12-27 23:59,12670.72679870653954334234874,10394.79299130964397330158209
1703735999999,2023-12-28 03:59,12724.39552698495059827155223,10389.90069702268106858989449
1703750399999,2023-12-28 07:59,12669.73646379849746231645473,10303.91694948605905838311107
1703764799999,2023-12-28 11:59,12800.85757610934579310961069,10306.50431256052427364403783
1703779199999,2023-12-28 15:59,12694.62040490612034952267877,10159.54639821354022942050216
1703793599999,2023-12-28 19:59,12710.76219233488257036327954,10198.95521691943270793221269
1703807999999,2023-12-28 23:59,12621.79728863864748142745611,10187.73453413211269947409554
1703822399999,2023-12-29 03:59,12615.42771147763940406851388,10219.72592622582413997136386
1703836799999,2023-12-29 07:59,12526.23348405381532459917508,10118.22278722312215219580236
1703851199999,2023-12-29 11:59,12607.55771680179766129153606,10259.12038398958267649272697
1703865599999,2023-12-29 15:59,12506.12666074211092759418565,10117.68425189309932755777412
1703879999999,2023-12-29 19:59,12440.38474882336576164765213,10080.68567797535344642603885
1703894399999,2023-12-29 23:59,12440.38474882336576164765213,10068.82353977271736239907028
1703908799999,2023-12-30 03:59,12440.38474882336576164765213,10046.29122156456237954396898
1703923199999,2023-12-30 07:59,12440.38474882336576164765213,10040.15191880230217867044712
1703937599999,2023-12-30 11:59,12440.38474882336576164765213,10027.41855011020694722906844
1703951999999,2023-12-30 15:59,12440.38474882336576164765213,10142.54543621730856984754863
1703966399999,2023-12-30 19:59,12440.38474882336576164765213,10139.23523905543494107246842
1703980799999,2023-12-30 23:59,12440.38474882336576164765213,10086.37500455075013160200823
1703995199999,2023-12-31 03:59,12440.38474882336576164765213,10094.92455210115692985550535
1704009599999,2023-12-31 07:59,12440.38474882336576164765213,10181.35348884393114176305877
1704023999999,2023-12-31 11:59,12440.38474882336576164765213,10176.86808791742992677788140
1704038399999,2023-12-31 15:59,12440.38474882336576164765213,10162.22232043116475362190467
1704052799999,2023-12-31 19:59,12440.38474882336576164765213,10200.96574881818458658085143
1704067199999,2023-12-31 23:59,12440.38474882336576164765213,10120.67372134731491854842863
1704081599999,2024-01-01 03:59,12440.38474882336576164765213,10131.90158460570189800171950
1704095999999,2024-01-01 07:59,12440.38474882336576164765213,10170.66894789627830094457862
1704110399999,2024-01-01 11:59,12440.38474882336576164765213,10217.99782618903978713289104
1704124799999,2024-01-01 15:59,12440.38474882336576164765213,10240.22138414131501719552282
1704139199999,2024-01-01 19:59,12440.38474882336576164765213,10416.12856433997045696106509
1704153599999,2024-01-01 23:59,12440.38474882336576164765213,10574.47231230881484253171323
1704167999999,2024-01-02 03:59,12440.38474882336576164765213,10867.15549346961957680729772
1704182399999,2024-01-02 07:59,12439.35671473624393264934941,10879.87689470993652325672022
1704196799999,2024-01-02 11:59,12437.88345935449133434434005,10874.72131648385134872199659
1704211199999,2024-01-02 15:59,12420.84116392871162591076610,10815.08271729194591980755437
1704225599999,2024-01-02 19:59,12410.90113585860461051304045,10780.29812195318276218771294
1704239999999,2024-01-02 23:59,12404.56901035987408353635675,10758.13918824051027108164455
1704254399999,2024-01-03 03:59,12426.16718048289337289363885,10833.72082669144696628011373
1704268799999,2024-01-03 07:59,12409.00519160687842550770806,10773.66336668730156264720510
1704283199999,2024-01-03 11:59,12353.58289625991991310666649,10460.38180752571270021663849
1704297599999,2024-01-03 15:59,12353.58289625991991310666649,10292.15055089764925429179197
1704311999999,2024-01-03 19:59,12353.58289625991991310666649,10195.61151089257988117965517
1704326399999,2024-01-03 23:59,12353.58289625991991310666649,10255.10410717279023319223196
1704340799999,2024-01-04 03:59,12353.58289625991991310666649,10316.75323826344754075531292
1704355199999,2024-01-04 07:59,12353.58289625991991310666649,10235.44158390106799140822334
1704369599999,2024-01-04 11:59,12353.58289625991991310666649,10334.35017935823779292768437
1704383999999,2024-01-04 15:59,12353.58289625991991310666649,10543.72792869040069819627918
1704398399999,2024-01-04 19:59,12353.58289625991991310666649,10521.08072294517417941839852
1704412799999,2024-01-04 23:59,12353.58289625991991310666649,10567.66283224697068210864512
1704427199999,2024-01-05 03:59,12353.58289625991991310666649,10403.49572224281281945211834
1704441599999,2024-01-05 07:59,12353.58289625991991310666649,10478.23485208855825121687224
1704455999999,2024-01-05 11:59,12353.58289625991991310666649,10476.76764250054051120304421
1704470399999,2024-01-05 15:59,12353.58289625991991310666649,10411.82506868049917385362169
1704484799999,2024-01-05 19:59,12353.58289625991991310666649,10435.75757874671350076759640
1704499199999,2024-01-05 23:59,12353.58289625991991310666649,10566.22913152393214007229440
1704513599999,2024-01-06 03:59,12353.58289625991991310666649,10515.00604442251671750144004
1704527999999,2024-01-06 07:59,12353.58289625991991310666649,10448.49094743880873220897508
1704542399999,2024-01-06 11:59,12353.58289625991991310666649,10452.98113534602126119093494
1704556799999,2024-01-06 15:59,12353.58289625991991310666649,10499.70446057880152678626450
1704571199999,2024-01-06 19:59,12353.58289625991991310666649,10509.08454928262130348152071
1704585599999,2024-01-06 23:59,12353.58289625991991310666649,10523.91461552627206551362265
1704599999999,2024-01-07 03:59,12353.58289625991991310666649,10517.23438394363338300368131
1704614399999,2024-01-07 07:59,12353.58289625991991310666649,10550.64511581824942354695294
1704628799999,2024-01-07 11:59,12353.58289625991991310666649,10546.12141904605769658751577
1704643199999,2024-01-07 15:59,12353.58289625991991310666649,10542.88302659485377776417266
1704657599999,2024-01-07 19:59,12353.58289625991991310666649,10590.08265640840978603935830
1704671999999,2024-01-07 23:59,12353.58289625991991310666649,10514.50819842854006183606283
1704686399999,2024-01-08 03:59,12353.58289625991991310666649,10416.17882763743925392728106
1704700799999,2024-01-08 07:59,12353.58289625991991310666649,10525.40576001784637551136305
1704715199999,2024-01-08 11:59,12353.58289625991991310666649,10683.72078610242287710131635
1704729599999,2024-01-08 15:59,12353.58289625991991310666649,10761.99988818418500948670917
1704743999999,2024-01-08 19:59,12353.58289625991991310666649,11244.60174208566125211013496
1704758399999,2024-01-08 23:59,12353.58289625991991310666649,11237.82577088879628966454416
1704772799999,2024-01-09 03:59,12353.58289625991991310666649,11232.06224611237423753844644
1704787199999,2024-01-09 07:59,12353.58289625991991310666649,11207.78028645423398885935119
1704801599999,2024-01-09 11:59,12353.58289625991991310666649,11157.63187652250855856616206
1704815999999,2024-01-09 15:59,12353.58289625991991310666649,11217.97176838862148800923661
1704830399999,2024-01-09 19:59,12353.58289625991991310666649,11219.86741275030183073509599
1704844799999,2024-01-09 23:59,12353.58289625991991310666649,11036.52365801662009696798161
1704859199999,2024-01-10 03:59,12371.57966859352167518658596,11038.22303616913656582575960
1704873599999,2024-01-10 07:59,12381.10276405348700279052453,10952.26801051678243959967102
1704887999999,2024-01-10 11:59,12425.11419693890687318110251,10894.32400249668216554622430
1704902399999,2024-01-10 15:59,12487.05377776898522633986870,10901.62654157179166763788715
1704916799999,2024-01-10 19:59,12524.67263552520185195763709,11127.28002532242216196689080
1704931199999,2024-01-10 23:59,12664.73053670988528887302092,11166.72713987400515245286112
1704945599999,2024-01-11 03:59,12702.38885480640563822395479,11130.38677580406494587871590
1704959999999,2024-01-11 07:59,12671.00473081817736244633403,11034.46525631075507835151814
1704974399999,2024-01-11 11:59,12761.43467734754425095058496,11263.90524180403494413545809
1704988799999,2024-01-11 15:59,12632.37283267985626168106737,11197.79225120007733457272088
1705003199999,2024-01-11 19:59,12656.05809944426954618242217,11175.89660142652711328968851
1705017599999,2024-01-11 23:59,12632.83091372364805246046938,11091.37288300685587210155941
1705031999999,2024-01-12 03:59,12586.64906112537547149229676,11008.75916989099891562963712
1705046399999,2024-01-12 07:59,12599.05220646929785326565052,11012.15553270567619634680185
1705060799999,2024-01-12 11:59,12748.49309126207739972316090,10999.26898063081891700838402
1705075199999,2024-01-12 15:59,12705.88505399406588303718123,10642.07884089470241909058208
1705089599999,2024-01-12 19:59,12529.30421466605973700339496,10405.25254416386505627128600
1705103999999,2024-01-12 23:59,12369.45617556519893788765904,10240.14479244993399324700324
1705118399999,2024-01-13 03:59,12354.84011716009076094350368,10198.78767259453671804482613
1705132799999,2024-01-13 07:59,12356.10012219501387964558604,10316.79392759949370972796395
1705147199999,2024-01-13 11:59,12329.13601444765913942102356,10202.15292003459045778290478
1705161599999,2024-01-13 15:59,12344.76007688070581132684481,10329.12279642148290844122364
1705175999999,2024-01-13 19:59,12343.50007184578269262476245,10240.98730105512525668071853
1705190399999,2024-01-13 23:59,12344.50807587372118758642834,10255.76471051095156474821326
1705204799999,2024-01-14 03:59,12330.14401847559763438268945,10215.99208127099922248103477
1705219199999,2024-01-14 07:59,12344.00407385975194010559539,10294.88631037416520345297540
1705233599999,2024-01-14 11:59,12335.94004163624398041226830,10251.45642787076896764398739
1705247999999,2024-01-14 15:59,12336.69604465719785163351771,10269.26160262650137867639642
1705262399999,2024-01-14 19:59,12305.19591878411988408145875,10210.76948531495565199135652
1705276799999,2024-01-14 23:59,12292.03455891596372636089331,9988.737352472434196228293834
1705291199999,2024-01-15 03:59,12292.03455891596372636089331,10188.26828248142421011534130
1705305599999,2024-01-15 07:59,12292.03455891596372636089331,10223.88102548324468917855058
1705319999999,2024-01-15 11:59,12292.03455891596372636089331,10219.86235517609658887966434
1705334399999,2024-01-15 15:59,12292.03455891596372636089331,10119.57510927406835628685103
1705348799999,2024-01-15 19:59,12292.03455891596372636089331,10290.39372897659701747262431
1705363199999,2024-01-15 23:59,12292.03455891596372636089331,10175.13041391922294594584363
1705377599999,2024-01-16 03:59,12292.03455891596372636089331,10274.09166616421720142991186
1705391999999,2024-01-16 07:59,12292.03455891596372636089331,10242.15532434868587189564198
1705406399999,2024-01-16 11:59,12292.03455891596372636089331,10268.34250232992909129416156
1705420799999,2024-01-16 15:59,12292.03455891596372636089331,10352.62447822367897564477577
1705435199999,2024-01-16 19:59,12292.03455891596372636089331,10331.90642570511199757023180
1705449599999,2024-01-16 23:59,12292.03455891596372636089331,10325.16635686358189010050955
1705463999999,2024-01-17 03:59,12292.03455891596372636089331,10256.00645303687292158572816
1705478399999,2024-01-17 07:59,12292.03455891596372636089331,10209.79772823055891064451446
1705492799999,2024-01-17 11:59,12292.03455891596372636089331,10215.59476187196016074808949
1705507199999,2024-01-17 15:59,12292.03455891596372636089331,10168.35444272235798350025283
1705521599999,2024-01-17 19:59,12292.03455891596372636089331,10199.06771096614858685660081
1705535999999,2024-01-17 23:59,12292.03455891596372636089331,10238.55790834413340331361338
1705550399999,2024-01-18 03:59,12292.03455891596372636089331,10194.50571834826634792290386
1705564799999,2024-01-18 07:59,12292.03455891596372636089331,10271.88247456594579191480049
1705579199999,2024-01-18 11:59,12292.03455891596372636089331,10183.14621312031823355809498
1705593599999,2024-01-18 15:59,12292.03455891596372636089331,10201.03276654814298253580605
1705607999999,2024-01-18 19:59,12292.03455891596372636089331,9818.792356749720339455321916
1705622399999,2024-01-18 23:59,12292.03455891596372636089331,9891.836895423660616359080306
1705636799999,2024-01-19 03:59,12292.03455891596372636089331,9826.822516892949569057920690
1705651199999,2024-01-19 07:59,12292.03455891596372636089331,9881.485049635444098316982035
1705665599999,2024-01-19 11:59,12292.03455891596372636089331,9927.229437312760651570295829
1705679999999,2024-01-19 15:59,12292.03455891596372636089331,9788.249026321181382984751734
1705694399999,2024-01-19 19:59,12292.03455891596372636089331,10008.34482546597632704930402
1705708799999,2024-01-19 23:59,12292.03455891596372636089331,9971.188281184757084023747123
1705723199999,2024-01-20 03:59,12292.03455891596372636089331,9965.352951697665321945912306
1705737599999,2024-01-20 07:59,12292.03455891596372636089331,9969.254340977386229323627955
1705751999999,2024-01-20 11:59,12247.62507511972990148191741,9952.471186603519356604276954
1705766399999,2024-01-20 15:59,12239.71072543460193397518814,9949.905364942255054328871325
1705780799999,2024-01-20 19:59,12229.42207084393557621644009,9964.948451827559289217793321
1705795199999,2024-01-20 23:59,12256.72657725762706411465607,9980.046588991043635069713759
1705809599999,2024-01-21 03:59,12256.33085977337066573931960,9976.403696669733683518251662
1705823999999,2024-01-21 07:59,12259.10088216316545436667485,9968.670329330605921716166226
1705838399999,2024-01-21 11:59,12246.04220518270430798057155,9985.755063489285576232813037
1705852799999,2024-01-21 15:59,12237.33642052906354372316936,9970.530071336951409466157059
1705867199999,2024-01-21 19:59,12229.42207084393557621644009,9985.637782461858383311642444
1705881599999,2024-01-21 23:59,12272.15955914362660075277814,9952.351512085736506684715124
1705895999999,2024-01-22 03:59,12291.54971587219012114426485,9860.611420243759415347007695
1705910399999,2024-01-22 07:59,12296.69404316752330002363888,9823.909639130115002015785755
1705924799999,2024-01-22 11:59,12162.11663443587697769529268,9769.407470241449491648937262
1705939199999,2024-01-22 15:59,12162.11663443587697769529268,9758.876112676558698727496246
1705953599999,2024-01-22 19:59,12162.11663443587697769529268,9531.092422509393475830292023
1705967999999,2024-01-22 23:59,12162.11663443587697769529268,9470.707054326523063417783981
1705982399999,2024-01-23 03:59,12162.11663443587697769529268,9574.206364285842987851636800
1705996799999,2024-01-23 07:59,12162.11663443587697769529268,9521.444262885740115315217311
1706011199999,2024-01-23 11:59,12162.11663443587697769529268,9297.786950091727557644504977
1706025599999,2024-01-23 15:59,12162.11663443587697769529268,9383.579218399897007979989469
1706039999999,2024-01-23 19:59,12162.11663443587697769529268,9370.192426840707415977803196
1706054399999,2024-01-23 23:59,12162.11663443587697769529268,9549.591709468266416396159662
1706068799999,2024-01-24 03:59,12162.11663443587697769529268,9481.712322981833942020689843
1706083199999,2024-01-24 07:59,12162.11663443587697769529268,9569.574960447646695964593989
1706097599999,2024-01-24 11:59,12162.11663443587697769529268,9624.206377815517684244569258
1706111999999,2024-01-24 15:59,12162.11663443587697769529268,9586.238440303730718764383160
1706126399999,2024-01-24 19:59,12162.11663443587697769529268,9526.961258155529496607017661
1706140799999,2024-01-24 23:59,12162.11663443587697769529268,9594.416996849010682267238603
1706155199999,2024-01-25 03:59,12162.11663443587697769529268,9576.975632627338134990297539
1706169599999,2024-01-25 07:59,12162.11663443587697769529268,9605.216425333735059008498118
1706183999999,2024-01-25 11:59,12162.11663443587697769529268,9616.721933473378250275172427
1706198399999,2024-01-25 15:59,12162.11663443587697769529268,9527.246083507852679415574816
1706212799999,2024-01-25 19:59,12162.11663443587697769529268,9571.528048577862806651843050
1706227199999,2024-01-25 23:59,12162.11663443587697769529268,9564.787979736332699182120800
1706241599999,2024-01-26 03:59,12162.11663443587697769529268,9590.261897591590133060051875
1706255999999,2024-01-26 07:59,12162.11663443587697769529268,9566.918186152867427750321369
1706270399999,2024-01-26 11:59,12162.11663443587697769529268,9882.746419052875336469163720
1706284799999,2024-01-26 15:59,12162.11663443587697769529268,9914.692334829829293996998547
1706299199999,2024-01-26 19:59,12162.11663443587697769529268,10068.23474114522574079482608
1706313599999,2024-01-26 23:59,12162.11663443587697769529268,10010.55641055460339356280663
1706327999999,2024-01-27 03:59,12162.11663443587697769529268,10008.52194375229494493025552
1706342399999,2024-01-27 07:59,12162.11663443587697769529268,9983.421410392520002801357357
1706356799999,2024-01-27 11:59,12162.11663443587697769529268,9995.649752619571607582185119
1706371199999,2024-01-27 15:59,12162.11663443587697769529268,10008.28020122637358809274063
1706385599999,2024-01-27 19:59,12162.11663443587697769529268,10031.37020268739665157300005
1706399999999,2024-01-27 23:59,12188.37347432956777136064258,10081.67179600188412976322832
1706414399999,2024-01-28 03:59,12248.98112733184825122443815,10108.28740875678995187377925
1706428799999,2024-01-28 07:59,12226.22129139428300773128285,10145.86281385024916961780255
1706443199999,2024-01-28 11:59,12293.73361372593721314918171,10165.76707964789276823932607
1706457599999,2024-01-28 15:59,12259.72172406642960208637660,10114.55356650789997366203666
1706471999999,2024-01-28 19:59,12193.74377269685844679161181,10001.55928030768873661014827
1706486399999,2024-01-28 23:59,12231.84731825525419151610776,10060.23330288626439517292215
1706500799999,2024-01-29 03:59,12279.66854657350925368711945,10132.07152242095354488749729
1706515199999,2024-01-29 07:59,12250.77122678761180970142789,10065.59472128293607156929212
1706529599999,2024-01-29 11:59,12269.18367833260841117903667,10111.90636617454333344132899
1706543999999,2024-01-29 15:59,12332.85418524085107128632739,10206.40136541588162992734974
1706558399999,2024-01-29 19:59,12360.59462018242886364117093,10291.18836777467514093851486
1706572799999,2024-01-29 23:59,12411.04147729095715305819011,10364.59911047303093859613245
1706587199999,2024-01-30 03:59,12439.70125830177104516957429,10416.54024468114346068435778
1706601599999,2024-01-30 07:59,12454.99946759617412807485536,10377.89494939870556465945173
1706615999999,2024-01-30 11:59,12537.37119698951811709976186,10420.85570779239302878375736
1706630399999,2024-01-30 15:59,12464.36713102571067163872926,10382.02372026221388688433486
1706644799999,2024-01-30 19:59,12475.58524171237766535415613,10423.30664191658579513638364
1706659199999,2024-01-30 23:59,12335.71696756316944892424770,10278.05049921247387676901719
1706673599999,2024-01-31 03:59,12318.60563793846481625618336,10275.41047935018420754348323
1706687999999,2024-01-31 07:59,12334.09557332230370718344637,10304.11800267593424624797494
1706702399999,2024-01-31 11:59,12148.90985906917776032261754,10207.89250990745593992509013
1706716799999,2024-01-31 15:59,12148.90985906917776032261754,10378.57709415006780920095416
1706731199999,2024-01-31 19:59,12148.90985906917776032261754,10372.24391866899939145774213
1706745599999,2024-01-31 23:59,12148.90985906917776032261754,10191.62156246969966486146376
1706759999999,2024-02-01 03:59,12148.90985906917776032261754,10041.46879872469153381641700
1706774399999,2024-02-01 07:59,12148.90985906917776032261754,10083.17471763475030183630568
1706788799999,2024-02-01 11:59,12148.90985906917776032261754,10058.64491695325106425931081
1706803199999,2024-02-01 15:59,12148.90985906917776032261754,10161.07547591750060854516426
1706817599999,2024-02-01 19:59,12148.90985906917776032261754,10329.04151756764961627961019
1706831999999,2024-02-01 23:59,12148.90985906917776032261754,10296.53905368725312065927405
1706846399999,2024-02-02 03:59,12148.90985906917776032261754,10285.61965975566991562329494
1706860799999,2024-02-02 07:59,12148.90985906917776032261754,10297.48305907201463652471763
1706875199999,2024-02-02 11:59,12148.90985906917776032261754,10312.18564420379399248474027
1706889599999,2024-02-02 15:59,12148.90985906917776032261754,10334.57410608846710799733652
1706903999999,2024-02-02 19:59,12148.90985906917776032261754,10291.52746054334198453310898
1706918399999,2024-02-02 23:59,12148.90985906917776032261754,10324.51507149489439843366043
1706932799999,2024-02-03 03:59,12148.90985906917776032261754,10318.28702584251842287582249
1706947199999,2024-02-03 07:59,12148.90985906917776032261754,10289.39568129471597908506929
1706961599999,2024-02-03 11:59,12148.90985906917776032261754,10275.53194651749685621054209
1706975999999,2024-02-03 15:59,12148.90985906917776032261754,10305.17132571195842523138097
1706990399999,2024-02-03 19:59,12148.90985906917776032261754,10291.31715048293941897321269
1707004799999,2024-02-03 23:59,12148.90985906917776032261754,10279.36771523279364852455970
1707019199999,2024-02-04 03:59,12148.90985906917776032261754,10283.20826372219049914675677
1707033599999,2024-02-04 07:59,12148.90985906917776032261754,10239.68125088000951571049338
1707047999999,2024-02-04 11:59,12148.90985906917776032261754,10291.08055166498653271832936
1707062399999,2024-02-04 15:59,12148.90985906917776032261754,10263.14516193719575056346839
1707076799999,2024-02-04 19:59,12148.90985906917776032261754,10189.83059690345139055280282
1707091199999,2024-02-04 23:59,12148.90985906917776032261754,10177.03036186349524124820574
1707105599999,2024-02-05 03:59,12148.90985906917776032261754,10209.39660218204007508542723
1707119999999,2024-02-05 07:59,12148.90985906917776032261754,10293.89583860992087623603200
1707134399999,2024-02-05 11:59,12148.90985906917776032261754,10323.10025836127713921253992
1707148799999,2024-02-05 15:59,12148.90985906917776032261754,10191.64452117442351850690835
1707163199999,2024-02-05 19:59,12148.90985906917776032261754,10220.64102075242724507760970
1707177599999,2024-02-05 23:59,12148.90985906917776032261754,10207.09992072696205800519613
1707191999999,2024-02-06 03:59,12148.90985906917776032261754,10241.13430220642724139704958
1707206399999,2024-02-06 07:59,12148.90985906917776032261754,10250.42857294399062165201188
1707220799999,2024-02-06 11:59,12148.90985906917776032261754,10235.36272498060683427035019
1707235199999,2024-02-06 15:59,12148.90985906917776032261754,10335.24327446247527114246109
1707249599999,2024-02-06 19:59,12148.90985906917776032261754,10343.34260167502407435255809
1707263999999,2024-02-06 23:59,12148.90985906917776032261754,10300.36526285434979635693273
1707278399999,2024-02-07 03:59,12148.90985906917776032261754,10228.91958949372823484443649
1707292799999,2024-02-07 07:59,12148.90985906917776032261754,10257.12742634522234056552675
1707307199999,2024-02-07 11:59,12148.90985906917776032261754,10259.57945045855225266159034
1707321599999,2024-02-07 15:59,12148.90985906917776032261754,10293.70464764591854390885356
1707335999999,2024-02-07 19:59,12148.90985906917776032261754,10423.80770876245566339969761
1707350399999,2024-02-07 23:59,12148.90985906917776032261754,10599.25648676624595258909003
1707364799999,2024-02-08 03:59,12148.90985906917776032261754,10644.99653501675393271244395
1707379199999,2024-02-08 07:59,12117.76673001649194705832965,10638.36459845292303011344154
1707393599999,2024-02-08 11:59,12129.46049919105588667762842,10682.75197063311450902200795
1707407999999,2024-02-08 15:59,12231.85228293906696773441522,10858.00955767290246588422193
1707422399999,2024-02-08 19:59,12159.97838459784470470848131,10822.60099113967051889077338
1707436799999,2024-02-08 23:59,12172.81300930163439453454093,10823.67883019923366738524188
1707451199999,2024-02-09 03:59,12218.16201658835796525328495,11008.19961944493462549925165
1707465599999,2024-02-09 07:59,12244.68690764285665756047485,11041.95916391364645617078609
1707479999999,2024-02-09 11:59,12262.08495446354934821357789,11275.69489718059778445461808
1707494399999,2024-02-09 15:59,12254.95460740588840942132255,11270.90795341938938881288769
1707508799999,2024-02-09 19:59,12236.41570505596996856145864,11354.43211593085829509488238
1707523199999,2024-02-09 23:59,12292.03241210572529114105036,11264.40268086921003138064100
1707537599999,2024-02-10 03:59,12398.41719020602649792150015,11322.68007658417095385872164
1707551999999,2024-02-10 07:59,12347.07869139086773861726165,11268.93151682901527838068049
1707566399999,2024-02-10 11:59,12326.25807798249779734387603,11276.16809481650355696438474
1707580799999,2024-02-10 15:59,12337.38141939244886185979437,11317.14987795040349129508504
1707595199999,2024-02-10 19:59,12356.20553562467374027134849,11359.59666184597129708279020
1707609599999,2024-02-10 23:59,12351.07168574315786434092464,11412.17417694661268705686336
1707623999999,2024-02-11 03:59,12363.05066880002824151191363,11595.84177651545323716083932
1707638399999,2024-02-11 07:59,12357.06117727159305292641913,11514.56410783101173572319139
1707652799999,2024-02-11 11:59,12371.32187138691493051092983,11570.05489524563866453264616
1707667199999,2024-02-11 15:59,12345.65262197933555085881058,11507.61192640247692647616508
1707681599999,2024-02-11 19:59,12327.68414739402998510232710,11539.53364772971633765269669
1707695999999,2024-02-11 23:59,12306.86353398566004382894148,11543.35507712271295504217591
1707710399999,2024-02-12 03:59,12272.92308199119397517780602,11506.31421773431109580544137
1707724799999,2024-02-12 07:59,12263.22580999277509842033875,11520.40977155538304662667244
1707739199999,2024-02-12 11:59,12214.26771837610681613261535,11448.48612078475565429623008
1707753599999,2024-02-12 15:59,12214.26771837610681613261535,11929.99339396347953283288186
1707767999999,2024-02-12 19:59,12214.26771837610681613261535,11837.79872123450485551334457
1707782399999,2024-02-12 23:59,12214.26771837610681613261535,11929.86672994982798766612614
1707796799999,2024-02-13 03:59,12214.26771837610681613261535,11899.44824757705691441203508
1707811199999,2024-02-13 07:59,12214.26771837610681613261535,11945.59696651311987988473294
1707825599999,2024-02-13 11:59,12214.26771837610681613261535,11946.79907969928454439186743
1707839999999,2024-02-13 15:59,12214.26771837610681613261535,11645.51796873735923406997954
1707854399999,2024-02-13 19:59,12214.26771837610681613261535,11719.42761564656085344898802
1707868799999,2024-02-13 23:59,12214.26771837610681613261535,11877.84366864479336144087047
1707883199999,2024-02-14 03:59,12214.26771837610681613261535,11834.59149281336573072492610
1707897599999,2024-02-14 07:59,12214.26771837610681613261535,11911.14435479989959452717663
1707911999999,2024-02-14 11:59,12214.26771837610681613261535,12321.29438043885299025265221
1707926399999,2024-02-14 15:59,12214.26771837610681613261535,12329.63030646935467971763254
1707940799999,2024-02-14 19:59,12214.26771837610681613261535,12350.66131250961123570726180
1707955199999,2024-02-14 23:59,12214.26771837610681613261535,12378.66361907480283417663523
1707969599999,2024-02-15 03:59,12214.26771837610681613261535,12509.66527772215091560521798
1707983999999,2024-02-15 07:59,12214.26771837610681613261535,12374.22798870994872418609523
1707998399999,2024-02-15 11:59,12214.26771837610681613261535,12506.48194817151208235769682
1708012799999,2024-02-15 15:59,12214.26771837610681613261535,12415.24323026254906667405177
1708027199999,2024-02-15 19:59,12214.26771837610681613261535,12428.09604281760585736862292
1708041599999,2024-02-15 23:59,12214.26771837610681613261535,12398.93703092020014831981989
1708055999999,2024-02-16 03:59,12214.26771837610681613261535,12494.59226009761704076128710
1708070399999,2024-02-16 07:59,12214.26771837610681613261535,12363.56431269271863863771730
1708084799999,2024-02-16 11:59,12214.26771837610681613261535,12478.72579997247348675956565
1708099199999,2024-02-16 15:59,12214.26771837610681613261535,12400.85133044727350074569410
1708113599999,2024-02-16 19:59,12214.26771837610681613261535,12369.37173822428948307576266
1708127999999,2024-02-16 23:59,12214.26771837610681613261535,12457.27656369846182880423353
1708142399999,2024-02-17 03:59,12214.26771837610681613261535,12420.14727848920889086617895
1708156799999,2024-02-17 07:59,12214.26771837610681613261535,12406.42454704794148808294586
1708171199999,2024-02-17 11:59,12214.26771837610681613261535,12353.64389154804762001124559
1708185599999,2024-02-17 15:59,12214.26771837610681613261535,12184.93698491238957450898318
1708199999999,2024-02-17 19:59,12214.26771837610681613261535,12282.89128543193451318477122
1708214399999,2024-02-17 23:59,12214.26771837610681613261535,12342.21067190070814684597441
1708228799999,2024-02-18 03:59,12214.26771837610681613261535,12303.33915903198395557650622
1708243199999,2024-02-18 07:59,12214.26771837610681613261535,12349.01229044509111938534769
1708257599999,2024-02-18 11:59,12214.26771837610681613261535,12387.46796296711023784320275
1708271999999,2024-02-18 15:59,12214.26771837610681613261535,12373.60183830284108581458582
1708286399999,2024-02-18 19:59,12214.26771837610681613261535,12369.80908755444481827418336
1708300799999,2024-02-18 23:59,12214.26771837610681613261535,12460.51725053830136174990822
1708315199999,2024-02-19 03:59,12214.26771837610681613261535,12442.86554478678602964315802
1708329599999,2024-02-19 07:59,12214.26771837610681613261535,12521.78678483989878514833158
1708343999999,2024-02-19 11:59,12214.26771837610681613261535,12507.96845791663021620150926
1708358399999,2024-02-19 15:59,12214.26771837610681613261535,12458.20383987387314059104900
1708372799999,2024-02-19 19:59,12214.26771837610681613261535,12384.74349173007700218090987
1708387199999,2024-02-19 23:59,12214.26771837610681613261535,12373.77868994454324321722588
1708401599999,2024-02-20 03:59,12214.26771837610681613261535,12327.29538682147619617196574
1708415999999,2024-02-20 07:59,12214.26771837610681613261535,12389.20541085248143286643690
1708430399999,2024-02-20 11:59,12214.26771837610681613261535,12496.15763611538613669006064
1708444799999,2024-02-20 15:59,12214.26771837610681613261535,12351.13928991961706652520792
1708459199999,2024-02-20 19:59,12214.26771837610681613261535,12451.77982348339477439785315
1708473599999,2024-02-20 23:59,12214.26771837610681613261535,12489.47073214940456354699442
1708487999999,2024-02-21 03:59,12214.26771837610681613261535,12428.09126304350579906044346
1708502399999,2024-02-21 07:59,12214.26771837610681613261535,12324.52550773049240658196798
1708516799999,2024-02-21 11:59,12214.26771837610681613261535,12180.38902985618409427622586
1708531199999,2024-02-21 15:59,12214.26771837610681613261535,12225.90920849808939222332456
1708545599999,2024-02-21 19:59,12214.26771837610681613261535,12202.48831540780368214396470
1708559999999,2024-02-21 23:59,12214.26771837610681613261535,12391.62158666006090765115453
1708574399999,2024-02-22 03:59,12214.26771837610681613261535,12328.69825051984330962263760
1708588799999,2024-02-22 07:59,12214.26771837610681613261535,12386.42119243919746835190075
1708603199999,2024-02-22 11:59,12214.26771837610681613261535,12337.28750457764808942112937
1708617599999,2024-02-22 15:59,12214.26771837610681613261535,12332.59376641139083078889848
1708631999999,2024-02-22 19:59,12214.26771837610681613261535,12310.50882018207141784569802
1708646399999,2024-02-22 23:59,12214.26771837610681613261535,12257.55609281457545067953715
1708660799999,2024-02-23 03:59,12214.26771837610681613261535,12212.52584101792612932083321
1708675199999,2024-02-23 07:59,12214.26771837610681613261535,12168.54235974918957745343128
1708689599999,2024-02-23 11:59,12214.26771837610681613261535,12240.95354747802291721817868
1708703999999,2024-02-23 15:59,12214.26771837610681613261535,12167.38326452992543771991194
1708718399999,2024-02-23 19:59,12214.26771837610681613261535,12212.30836129637347629866773
1708732799999,2024-02-23 23:59,12214.26771837610681613261535,12127.48171034263868103776987
1708747199999,2024-02-24 03:59,12214.26771837610681613261535,12152.77149510604718961529906
1708761599999,2024-02-24 07:59,12214.26771837610681613261535,12205.04549455133487701997644
1708775999999,2024-02-24 11:59,12214.26771837610681613261535,12217.25542748993382526441007
1708790399999,2024-02-24 15:59,12214.26771837610681613261535,12212.36810847262420515091099
1708804799999,2024-02-24 19:59,12214.26771837610681613261535,12321.76040841360867530014968
1708819199999,2024-02-24 23:59,12214.26771837610681613261535,12324.42513247439118211019929
1708833599999,2024-02-25 03:59,12214.26771837610681613261535,12337.99252125740668987759990
1708847999999,2024-02-25 07:59,12214.26771837610681613261535,12360.52676625213158378966971
1708862399999,2024-02-25 11:59,12214.26771837610681613261535,12342.77468524451502721115083
1708876799999,2024-02-25 15:59,12214.26771837610681613261535,12313.86183171326232103359005
1708891199999,2024-02-25 19:59,12214.26771837610681613261535,12349.45680943639654204603758
1708905599999,2024-02-25 23:59,12214.26771837610681613261535,12362.81388815900948425354190
1708919999999,2024-02-26 03:59,12214.26771837610681613261535,12321.40670513020436049486955
1708934399999,2024-02-26 07:59,12214.26771837610681613261535,12258.71279814678956125896676
1708948799999,2024-02-26 11:59,12214.26771837610681613261535,12210.13834385494700438519234
1708963199999,2024-02-26 15:59,12214.26771837610681613261535,12628.92064151860570468277484
1708977599999,2024-02-26 19:59,12214.26771837610681613261535,13022.00687362035094020757395
1708991999999,2024-02-26 23:59,12214.26771837610681613261535,13019.46403379911992025610059
1709006399999,2024-02-27 03:59,12214.26771837610681613261535,13304.13064998924255134618136
1709020799999,2024-02-27 07:59,12214.26771837610681613261535,13397.68994822378387565095483
1709035199999,2024-02-27 11:59,12214.26771837610681613261535,13509.70634414570035699071771
1709049599999,2024-02-27 15:59,12085.56967042296344890952725,13561.77481330468553714367826
1709063999999,2024-02-27 19:59,12085.56967042296344890952725,13703.73888385051734838185527
1709078399999,2024-02-27 23:59,12085.56967042296344890952725,13631.48303877993590363294036
1709092799999,2024-02-28 03:59,12085.56967042296344890952725,13602.57974479688331407173850
1709107199999,2024-02-28 07:59,12085.56967042296344890952725,13919.16808231424535633835088
1709121599999,2024-02-28 11:59,12085.56967042296344890952725,14086.46256570333617177358250
1709135999999,2024-02-28 15:59,12085.56967042296344890952725,14570.44098209179019563901572
1709150399999,2024-02-28 19:59,12085.56967042296344890952725,14566.82986275919614380943279
1709164799999,2024-02-28 23:59,12085.56967042296344890952725,14920.76974498146383534444469
1709179199999,2024-02-29 03:59,12085.56967042296344890952725,14712.66555032607518467297337
1709193599999,2024-02-29 07:59,12085.56967042296344890952725,14986.50836806661577689066426
1709207999999,2024-02-29 11:59,12085.56967042296344890952725,15041.20093320653296823414901
1709222399999,2024-02-29 15:59,12085.56967042296344890952725,15001.05083076604317952667495
1709236799999,2024-02-29 19:59,12085.56967042296344890952725,14721.90724354853792353796159
1709251199999,2024-02-29 23:59,12085.56967042296344890952725,14609.81676112807053842141706
1709265599999,2024-03-01 03:59,12085.56967042296344890952725,14603.82531429364744911846245
1709279999999,2024-03-01 07:59,12085.56967042296344890952725,14682.23511851805396564843366
1709294399999,2024-03-01 11:59,12085.56967042296344890952725,14784.93334483190677519233693
1709308799999,2024-03-01 15:59,12085.56967042296344890952725,14641.60464878050831696892375
1709323199999,2024-03-01 19:59,12085.56967042296344890952725,14869.00479147783235776087993
1709337599999,2024-03-01 23:59,12085.56967042296344890952725,14910.20644422033497426783544
1709351999999,2024-03-02 03:59,12085.56967042296344890952725,14890.97980290285042961595278
1709366399999,2024-03-02 07:59,12085.56967042296344890952725,14820.33474170398863472351629
1709380799999,2024-03-02 11:59,12085.56967042296344890952725,14775.99516726479773889674450
1709395199999,2024-03-02 15:59,12085.56967042296344890952725,14762.82210984503704155414944
1709409599999,2024-03-02 19:59,12085.56967042296344890952725,14844.93145922288868861502361
1709423999999,2024-03-02 23:59,12085.56967042296344890952725,14814.46278922206700312504821
1709438399999,2024-03-03 03:59,12085.56967042296344890952725,14801.03401388795318629485198
1709452799999,2024-03-03 07:59,12085.56967042296344890952725,14721.42926613853209272001547
1709467199999,2024-03-03 11:59,12085.56967042296344890952725,14777.13753327471167455163572
1709481599999,2024-03-03 15:59,12085.56967042296344890952725,14856.84743605433405090642037
1709495999999,2024-03-03 19:59,12085.56967042296344890952725,14991.96448020183233567751922
1709510399999,2024-03-03 23:59,12085.56967042296344890952725,15083.72897326180176526090501
1709524799999,2024-03-04 03:59,12085.56967042296344890952725,15166.12032931155685250436739
1709539199999,2024-03-04 07:59,12085.56967042296344890952725,15311.40156308282912961909047
1709553599999,2024-03-04 11:59,12085.56967042296344890952725,15589.43624270912085811016883
1709567999999,2024-03-04 15:59,12085.56967042296344890952725,15881.39679417593246748210739
1709582399999,2024-03-04 19:59,12085.56967042296344890952725,16109.29881315376263063290699
1709596799999,2024-03-04 23:59,12085.56967042296344890952725,16310.15687027346288610431514
1709611199999,2024-03-05 03:59,12085.56967042296344890952725,16278.66532861522872266393504
1709625599999,2024-03-05 07:59,12085.56967042296344890952725,15804.44004127794367663869239
1709639999999,2024-03-05 11:59,12085.56967042296344890952725,15930.30822254182913508253382
1709654399999,2024-03-05 15:59,12085.56967042296344890952725,15958.20776396386947992604883
1709668799999,2024-03-05 19:59,12085.56967042296344890952725,14676.73359852888685293387382
1709683199999,2024-03-05 23:59,12085.56967042296344890952725,15229.52164286178028135083044
1709697599999,2024-03-06 03:59,12085.56967042296344890952725,15119.39564759643686089604446
1709711999999,2024-03-06 07:59,12085.56967042296344890952725,15935.12384494763788057334098
1709726399999,2024-03-06 11:59,12085.56967042296344890952725,16084.45593726870957387015742
1709740799999,2024-03-06 15:59,12085.56967042296344890952725,15888.43979131236838458454347
1709755199999,2024-03-06 19:59,12085.56967042296344890952725,15950.18491313692160964682321
1709769599999,2024-03-06 23:59,12085.56967042296344890952725,15791.15226927978157989979026
1709783999999,2024-03-07 03:59,12074.98378615488147813219504,15736.96158042037051091514894
1709798399999,2024-03-07 07:59,12072.49059203688999157662218,15866.13258558739626031099806
1709812799999,2024-03-07 11:59,12070.97956529871333305809317,15989.82357974870515937909491
1709827199999,2024-03-07 15:59,12082.99222786721776828039877,16074.58570375208916747957005
1709841599999,2024-03-07 19:59,12084.50325460539442679892777,16131.46740542983306396924802
1709855999999,2024-03-07 23:59,12083.74774123630609753966327,15970.18587785861560022377859
1709870399999,2024-03-08 03:59,12075.36154283942564276182729,16049.74999752818619817908967
1709884799999,2024-03-08 07:59,12062.06450754347104779877204,16065.74551155403132650165657
1709899199999,2024-03-08 11:59,12076.57036422996696957665049,16189.58706859949206227740645
1709913599999,2024-03-08 15:59,12052.92279577750226376167156,16160.04567477408168857424652
1709927999999,2024-03-08 19:59,12057.83363267657640394689082,16457.91880680266542516417858
1709942399999,2024-03-08 23:59,12054.13161716804359057649476,16281.11496284150860560590891
1709956799999,2024-03-09 03:59,12080.12127706468211709519366,16310.54642186261763822094123
1709971199999,2024-03-09 07:59,12074.30382412270198179885699,16320.41665537923804461152860
1709985599999,2024-03-09 11:59,12071.96173267852816109513703,16323.12917718102113450337283
1709999999999,2024-03-09 15:59,12091.98283695936888646564635,16320.31150034903676183158045
1710014399999,2024-03-09 19:59,12068.86412786526601113215257,16297.68165987231070175592142
1710028799999,2024-03-09 23:59,12074.75713214415497935441569,16326.30294718345985113453506
1710043199999,2024-03-10 03:59,12069.16633321290134283585837,16523.11492552746074873202931
1710057599999,2024-03-10 07:59,12079.66796904322911953963496,16573.39097939892406331769191
1710071999999,2024-03-10 11:59,12066.21983107345685872472681,16626.27917981606924332343005
1710086399999,2024-03-10 15:59,12045.06545673898363946532073,16536.98582996582995906882570
1710100799999,2024-03-10 19:59,12064.85990700909786605805070,16586.06455042522866745553327
1710115199999,2024-03-10 23:59,12203.79881558444161683679278,16479.87947890538332209471305
1710129599999,2024-03-11 03:59,12169.72516263855796724396370,16395.88450864505867245704144
1710143999999,2024-03-11 07:59,12177.43139900325892568846163,16973.17845478895104691009561
1710158399999,2024-03-11 11:59,12178.86687440452675128106418,17084.83636765336315513639890
1710172799999,2024-03-11 15:59,12165.72094178238982216986183,17209.77966262888733094751459
1710187199999,2024-03-11 19:59,12162.54778563221883928095092,17200.22011442877071458859219
1710201599999,2024-03-11 23:59,12173.35162681018194768843331,17226.05479343958587029857996
1710215999999,2024-03-12 03:59,12138.82466584284530054004553,17116.33507897274740603904819
1710230399999,2024-03-12 07:59,12120.69234498472539831769746,17236.33130775471123288442154
1710244799999,2024-03-12 11:59,12113.74162198911276913246404,17213.08248653202762189952227
1710259199999,2024-03-12 15:59,12116.83922680237491909544850,17136.50811556204349571046417
1710273599999,2024-03-12 19:59,12064.68359628278869081067182,17052.04472743991313187120536
1710287999999,2024-03-12 23:59,12064.68359628278869081067182,17076.42635512431056189463692
1710302399999,2024-03-13 03:59,12064.68359628278869081067182,17221.11489690717560879510681
1710316799999,2024-03-13 07:59,12064.68359628278869081067182,17411.76335654915131799518585
1710331199999,2024-03-13 11:59,12064.68359628278869081067182,17462.01073177601428273177168
1710345599999,2024-03-13 15:59,12064.68359628278869081067182,17359.13565382045931578522834
1710359999999,2024-03-13 19:59,12064.68359628278869081067182,17529.84289591699176326059525
1710374399999,2024-03-13 23:59,12064.68359628278869081067182,17463.68365271103469059458310
1710388799999,2024-03-14 03:59,12064.68359628278869081067182,17510.20758391395223325936866
1710403199999,2024-03-14 07:59,12064.68359628278869081067182,17499.91195050242663744080924
1710417599999,2024-03-14 11:59,12064.68359628278869081067182,17418.65579080143539838996889
1710431999999,2024-03-14 15:59,12064.68359628278869081067182,16931.12122248253799323901654
1710446399999,2024-03-14 19:59,12064.68359628278869081067182,16589.62548212977210704923186
1710460799999,2024-03-14 23:59,12064.68359628278869081067182,17061.35333749977668705070604
1710475199999,2024-03-15 03:59,12064.68359628278869081067182,16304.97081537489962172959974
1710489599999,2024-03-15 07:59,12064.68359628278869081067182,16358.57120213295348965407760
1710503999999,2024-03-15 11:59,12064.68359628278869081067182,16193.54233166729031229591059
1710518399999,2024-03-15 15:59,12064.68359628278869081067182,16288.97291146200446425294311
1710532799999,2024-03-15 19:59,12064.68359628278869081067182,16481.82006719000699521557430
1710547199999,2024-03-15 23:59,12064.68359628278869081067182,16609.88216476581921711378841
1710561599999,2024-03-16 03:59,12064.68359628278869081067182,16538.24052066709526496593426
1710575999999,2024-03-16 07:59,12064.68359628278869081067182,16593.77432604862271854900418
1710590399999,2024-03-16 11:59,12064.68359628278869081067182,16312.61845393499291481673766
1710604799999,2024-03-16 15:59,12064.68359628278869081067182,16343.58422044222066435737702
1710619199999,2024-03-16 19:59,12064.68359628278869081067182,15991.30052994562317660654842
1710633599999,2024-03-16 23:59,12064.68359628278869081067182,15606.31601494347677344593605
1710647999999,2024-03-17 03:59,12064.68359628278869081067182,15902.27006767088709930181444
1710662399999,2024-03-17 07:59,12064.68359628278869081067182,15686.62577937265646747724308
1710676799999,2024-03-17 11:59,12064.68359628278869081067182,16001.80886330460136713909387
1710691199999,2024-03-17 15:59,12064.68359628278869081067182,16243.18984524459595935597404
1710705599999,2024-03-17 19:59,12064.68359628278869081067182,16379.70736320341132842365502
1710719999999,2024-03-17 23:59,12064.68359628278869081067182,16345.47223121174369608826419
1710734399999,2024-03-18 03:59,12064.68359628278869081067182,16244.74566171416493866838866
1710748799999,2024-03-18 07:59,12064.68359628278869081067182,16303.62530896573320797708141
1710763199999,2024-03-18 11:59,12064.68359628278869081067182,16311.99469341493530559931797
1710777599999,2024-03-18 15:59,12064.68359628278869081067182,16124.09938365459318191060859
1710791999999,2024-03-18 19:59,12064.68359628278869081067182,15997.15097344409454581820893
1710806399999,2024-03-18 23:59,12064.68359628278869081067182,16158.22697072900950231196153
1710820799999,2024-03-19 03:59,12064.68359628278869081067182,15743.82533602805424146085522
1710835199999,2024-03-19 07:59,12064.68359628278869081067182,15463.78076139268799438031343
1710849599999,2024-03-19 11:59,12064.68359628278869081067182,15075.93077181755663546611406
1710863999999,2024-03-19 15:59,12064.68359628278869081067182,15307.87169990993606902855838
1710878399999,2024-03-19 19:59,12064.68359628278869081067182,15389.16131802962771623665495
1710892799999,2024-03-19 23:59,12064.68359628278869081067182,14802.54203261652158252547198
1710907199999,2024-03-20 03:59,12064.68359628278869081067182,14784.23788770034829135222533
1710921599999,2024-03-20 07:59,12064.68359628278869081067182,15046.41805663674661161203090
1710935999999,2024-03-20 11:59,12064.68359628278869081067182,15150.39965229646507690211951
1710950399999,2024-03-20 15:59,12064.68359628278869081067182,15199.97307937521982018540132
1710964799999,2024-03-20 19:59,12064.68359628278869081067182,15721.94592008503733576937159
1710979199999,2024-03-20 23:59,12064.68359628278869081067182,16213.31864700628156238843129
1710993599999,2024-03-21 03:59,12064.68359628278869081067182,15929.86370355052371242184393
1711007999999,2024-03-21 07:59,12064.68359628278869081067182,16008.90682784318795478559374
1711022399999,2024-03-21 11:59,12064.68359628278869081067182,16022.96175358440940998729939
1711036799999,2024-03-21 15:59,12064.68359628278869081067182,15906.75827555084185068232850
1711051199999,2024-03-21 19:59,12064.68359628278869081067182,15587.94017341580260764999748
1711065599999,2024-03-21 23:59,12064.68359628278869081067182,15654.26670871526172110229078
1711079999999,2024-03-22 03:59,12064.68359628278869081067182,15769.15335898426321650382011
1711094399999,2024-03-22 07:59,12085.76991048040582708519613,15815.99992493893469497071930
1711108799999,2024-03-22 11:59,12034.11439946925369974478109,15351.37959365571681923210392
1711123199999,2024-03-22 15:59,12002.62387403999518361212166,15266.09408438837642638597778
1711137599999,2024-03-22 19:59,11991.57456687183430075855695,15263.67790858079695160126015
1711151999999,2024-03-22 23:59,12002.07140868158713946944343,15246.87939250614202750454377
1711166399999,2024-03-23 03:59,11992.40326490944636697257430,15189.36915053424046348926665
1711180799999,2024-03-23 07:59,12005.10996815283138225417372,15432.99662630126246055049359
1711195199999,2024-03-23 11:59,12003.72880475681127189747813,15445.95220399947050487092316
1711209599999,2024-03-23 15:59,12025.27495373472499346192932,15559.33561531400366235001194
1711223999999,2024-03-23 19:59,12016.71174067940030925041667,15504.09337615257976556588916
1711238399999,2024-03-23 23:59,11996.82298777671072011400019,15293.09263839255578013766435
1711252799999,2024-03-24 03:59,11993.50819562626245525793077,15286.63277369632697663312255
1711267199999,2024-03-24 07:59,11999.03284921034289668471313,15434.91331571538584213045753
1711281599999,2024-03-24 11:59,12009.52969102009573539559961,15614.29345791647408979745679
1711295999999,2024-03-24 15:59,12020.30276550905259617782520,15695.39427495921343383246465
1711310399999,2024-03-24 19:59,12029.97090928119336867469433,15735.94109865000806211883398
1711324799999,2024-03-24 23:59,12037.62312503224958165751387,16062.63148872784333872273760
1711339199999,2024-03-25 03:59,12082.74078138175930928645708,16096.09229731530152513305571
1711353599999,2024-03-25 07:59,12079.68904785134426934860869,15969.71268022270982771401193
1711367999999,2024-03-25 11:59,12073.74232626849409718575915,15967.07424491947764159894935
1711382399999,2024-03-25 15:59,12219.88587101526890183139044,16679.71466436767109961571650
1711396799999,2024-03-25 19:59,12220.64240387227696473977588,16959.05422232327874623978777
1711411199999,2024-03-25 23:59,12152.55337870658777249553118,16700.73611085972753898898685
1711425599999,2024-03-26 03:59,12206.27988233259121434425748,16830.53087654681089760225565
1711439999999,2024-03-26 07:59,12222.76587584147266375759814,16845.65169191234535552798114
1711454399999,2024-03-26 11:59,12237.01266122874674655767322,16895.06977633284820379543046
1711468799999,2024-03-26 15:59,12104.05473631241278807830926,16789.15954182375621115492926
1711483199999,2024-03-26 19:59,12231.96602611141189446752366,16604.58139528885455334276595
1711497599999,2024-03-26 23:59,12282.98906623597878462948421,16726.54450111299237400398758
1711511999999,2024-03-27 03:59,12309.83538726745635745237469,16822.13759322710850843912179
1711526399999,2024-03-27 07:59,12226.64371660587668397102978,16663.92707051517850769895617
1711540799999,2024-03-27 11:59,12309.41300371290194725348435,16782.16434242832087713428780
1711555199999,2024-03-27 15:59,12107.96461812572272297839887,16460.31108373974460840799891
1711569599999,2024-03-27 19:59,12127.66614935400979697982075,16407.25559122909738761597962
1711583999999,2024-03-27 23:59,12168.82443017905871088587466,16602.74596203443216300185285
1711598399999,2024-03-28 03:59,12191.44208523413439609664595,16559.73038502095741854079181
1711612799999,2024-03-28 07:59,12296.55051300597287101811916,16824.77602853034069455418437
1711627199999,2024-03-28 11:59,12235.07444477867979063725519,16884.08107567681415329084917
1711641599999,2024-03-28 15:59,12242.02803204987643340811410,17037.80100062173937349641099
1711655999999,2024-03-28 19:59,12187.65107085756102500001395,16920.18748922865461327849905
1711670399999,2024-03-28 23:59,12240.25975452662031742806910,16915.96694869830312715603481
1711684799999,2024-03-29 03:59,12252.56565337641861808383799,16835.09795069941661106773082
1711699199999,2024-03-29 07:59,12221.69223369438363913216751,16680.18069234242678466321397
1711713599999,2024-03-29 11:59,12506.29736034513071019609729,16763.53517287334362100483778
1711727999999,2024-03-29 15:59,12522.85389270864896876051980,16533.44162747063672355375522
1711742399999,2024-03-29 19:59,12599.67092386983122007061117,16649.58774821500358316057258
1711756799999,2024-03-29 23:59,12731.02373787711024326971410,16693.69311372329162188655077
1711771199999,2024-03-30 03:59,12627.93066780793190371880969,16675.39852835531844732966304
1711785599999,2024-03-30 07:59,12618.46011050404427178966468,16694.08505519949640315726659
1711799999999,2024-03-30 11:59,12618.49817138638099469017959,16773.27874237631248222866943
1711814399999,2024-03-30 15:59,12577.97260418313630216475182,16729.40997568597732975757457
1711828799999,2024-03-30 19:59,12565.37369965050217106758271,16704.63879641242514761751691
1711843199999,2024-03-30 23:59,12558.31903743412050651244822,16629.55810484870924273454043
1711857599999,2024-03-31 03:59,12583.85912743167839218903185,16709.48309746283424295740084
1711871999999,2024-03-31 07:59,12596.54087749455183148738552,16801.52242753355702526110564
1711886399999,2024-03-31 11:59,12574.37070481567352298005331,16817.83579653705603107760671
1711900799999,2024-03-31 15:59,12586.12680839447260571703212,16820.49813071078850873356660
1711915199999,2024-03-31 19:59,12675.17084945928329197710573,16974.01730514351127999559105
1711929599999,2024-03-31 23:59,12710.59434082117714063637880,17035.32029786380911155127063
1711943999999,2024-04-01 03:59,12813.96097348215067603473417,16869.94011400179164854191322
1711958399999,2024-04-01 07:59,12708.83111219047589606150415,16632.60760072454644335303668
1711972799999,2024-04-01 11:59,12574.37390892056411444871911,16600.36085475850306722030171
1711987199999,2024-04-01 15:59,12432.80026732103918882811433,16308.11112695863793020350575
1712001599999,2024-04-01 19:59,12432.80026732103918882811433,16645.29073129905116410723696
1712015999999,2024-04-01 23:59,12432.80026732103918882811433,16645.71852108100638268929874
1712030399999,2024-04-02 03:59,12432.80026732103918882811433,15941.69842422226808347418985
1712044799999,2024-04-02 07:59,12432.80026732103918882811433,15882.31690069019369180665367
1712059199999,2024-04-02 11:59,12432.80026732103918882811433,15683.28471727671571005979970
1712073599999,2024-04-02 15:59,12432.80026732103918882811433,15508.18008300812961905932848
1712087999999,2024-04-02 19:59,12432.80026732103918882811433,15753.11960676561762171581752
1712102399999,2024-04-02 23:59,12432.80026732103918882811433,15645.35720979275303465577511
1712116799999,2024-04-03 03:59,12432.80026732103918882811433,15827.41880526397399321145210
1712131199999,2024-04-03 07:59,12432.80026732103918882811433,15805.95761955471218948567132
1712145599999,2024-04-03 11:59,12432.80026732103918882811433,15787.73951057233994785965497
1712159999999,2024-04-03 15:59,12432.80026732103918882811433,15734.26578782793762510193283
1712174399999,2024-04-03 19:59,12432.80026732103918882811433,15721.83598528073599468124399
1712188799999,2024-04-03 23:59,12432.80026732103918882811433,15764.68188031365866920193416
1712203199999,2024-04-04 03:59,12432.80026732103918882811433,15682.64422754730789676375190
1712217599999,2024-04-04 07:59,12432.80026732103918882811433,15795.34891093963277448135720
1712231999999,2024-04-04 11:59,12432.80026732103918882811433,15857.98068085974681571092699
1712246399999,2024-04-04 15:59,12432.80026732103918882811433,16167.30854151912028785293781
1712260799999,2024-04-04 19:59,12432.80026732103918882811433,16370.92930806865424545207453
1712275199999,2024-04-04 23:59,12432.80026732103918882811433,16368.01125598056864830851347
1712289599999,2024-04-05 03:59,12432.80026732103918882811433,16218.93010179975001619111874
1712303999999,2024-04-05 07:59,12432.80026732103918882811433,15995.89389285577921076701063
1712318399999,2024-04-05 11:59,12432.80026732103918882811433,15887.69414655275928850854752
1712332799999,2024-04-05 15:59,12432.80026732103918882811433,16296.99098251485227622398927
1712347199999,2024-04-05 19:59,12432.80026732103918882811433,16111.00519250748344665297464
1712361599999,2024-04-05 23:59,12432.80026732103918882811433,16208.56516166377357490395713
1712375999999,2024-04-06 03:59,12432.80026732103918882811433,16200.77173999362850341734565
1712390399999,2024-04-06 07:59,12432.80026732103918882811433,16249.52782570127327600193959
1712404799999,2024-04-06 11:59,12432.80026732103918882811433,16172.12894369902909165192443
1712419199999,2024-04-06 15:59,12432.80026732103918882811433,16276.28978088749974349874283
1712433599999,2024-04-06 19:59,12426.50313259291574917494851,16313.56723909385448899036070
1712447999999,2024-04-06 23:59,12437.13493518442380429327308,16465.56883524980874740540623
1712462399999,2024-04-07 03:59,12462.11967127446773382133583,16587.94300164655158257006152
1712476799999,2024-04-07 07:59,12445.10878712805484563201651,16577.41793907822318795888797
1712491199999,2024-04-07 11:59,12438.72057499920087982513011,16575.74262825615275094198682
1712505599999,2024-04-07 15:59,12434.35542022284027025290228,16620.37137902839717441361601
1712519999999,2024-04-07 19:59,12388.09016698023555366238603,16506.67728239736022690286225
1712534399999,2024-04-07 23:59,12425.54458386805908949850676,16576.55279996611263417840549
1712548799999,2024-04-08 03:59,12418.75186208118765719084456,16600.10752673119997688679027
1712563199999,2024-04-08 07:59,12495.96976074711355901933111,16896.37704454921415108251310
1712577599999,2024-04-08 11:59,12593.06807254044280025812163,17303.94121240003600208290017
1712591999999,2024-04-08 15:59,12522.25830422734206815285069,17153.37354847409923612169300
1712606399999,2024-04-08 19:59,12563.73397712900206037147977,17151.46641860817597115808798
1712620799999,2024-04-08 23:59,12541.60948600466048379184146,17116.57406767775032144802125
1712635199999,2024-04-09 03:59,12506.92597538519216529486893,17036.51285150177365944204620
1712649599999,2024-04-09 07:59,12410.43877620652974128544930,16821.18163840709684680322955
1712663999999,2024-04-09 11:59,12472.54866856925389577187472,16919.37253774459467173390091
1712678399999,2024-04-09 15:59,12329.53114285540079053041260,16553.51667869088161790749225
1712692799999,2024-04-09 19:59,12336.97340466945642911323979,16490.60768187296419480351371
1712707199999,2024-04-09 23:59,12338.03658492860723462507225,16525.31601150053759964867119
1712721599999,2024-04-10 03:59,12330.06273298497619328632882,16526.31498428744978605817858
1712735999999,2024-04-10 07:59,12375.24789399888542753920825,16570.79078228849234366806502
1712750399999,2024-04-10 11:59,12370.99517296228220549187842,16500.70017488523731252444602
1712764799999,2024-04-10 15:59,12405.01694125510798187051705,16408.52701113971289759171630
1712779199999,2024-04-10 19:59,12472.52888771118413187187807,16749.48502690622222411131159
1712793599999,2024-04-10 23:59,12493.26090276462483935261098,16880.23335752626721520638290
1712807999999,2024-04-11 03:59,12529.94062170532762951083075,16932.95187596286032527175018
1712822399999,2024-04-11 07:59,12466.68139628585470155679955,16905.30566256812307076174661
1712836799999,2024-04-11 11:59,12403.42217086638177360276836,16725.38779578077826342455797
1712851199999,2024-04-11 15:59,12456.58118382392204919439121,16729.41236557302735891166430
1712865599999,2024-04-11 19:59,12468.27616667458090982454824,16839.26830360171748495431072
1712879999999,2024-04-11 23:59,12466.14980615627929880088332,16730.90126520519552190956646
1712894399999,2024-04-12 03:59,12513.99291781806554683334389,16962.96885731122650063876649
1712908799999,2024-04-12 07:59,12553.86217753622075352706103,16912.00212608230476052117175
1712923199999,2024-04-12 11:59,12559.17807883197478108622332,16945.46054478271291777740013
1712937599999,2024-04-12 15:59,12509.20860665188692203009783,16573.42443781762447147494814
1712951999999,2024-04-12 19:59,12377.36424168940394022329255,15975.15923280972626988450796
1712966399999,2024-04-12 23:59,12377.36424168940394022329255,16040.29321447122083544602569
1712980799999,2024-04-13 03:59,12377.36424168940394022329255,16050.81588715249920090310952
1712995199999,2024-04-13 07:59,12377.36424168940394022329255,16119.15948712218292040713544
1713009599999,2024-04-13 11:59,12377.36424168940394022329255,16098.48218436533067922278630
1713023999999,2024-04-13 15:59,12377.36424168940394022329255,16174.00261514625194845827321
1713038399999,2024-04-13 19:59,12377.36424168940394022329255,15483.80562498488227649816611
1713052799999,2024-04-13 23:59,12377.36424168940394022329255,15277.43887821486482084992893
1713067199999,2024-04-14 03:59,12377.36424168940394022329255,15161.06093842664513329640771
1713081599999,2024-04-14 07:59,12377.36424168940394022329255,15406.44259128838852945949691
1713095999999,2024-04-14 11:59,12377.36424168940394022329255,15335.16421002126900873328181
1713110399999,2024-04-14 15:59,12377.36424168940394022329255,15338.72992149991250663515986
1713124799999,2024-04-14 19:59,12377.36424168940394022329255,15335.77841099312650133434257
1713139199999,2024-04-14 23:59,12377.36424168940394022329255,15692.64112507757984832109500
1713153599999,2024-04-15 03:59,12377.36424168940394022329255,15567.49468970280319441235221
1713167999999,2024-04-15 07:59,12377.36424168940394022329255,15836.51232548933492452287702
1713182399999,2024-04-15 11:59,12377.36424168940394022329255,15740.02780550555791561227330
1713196799999,2024-04-15 15:59,12377.36424168940394022329255,15431.41930084824321885127139
1713211199999,2024-04-15 19:59,12377.36424168940394022329255,15128.45331951604735489612343
1713225599999,2024-04-15 23:59,12377.36424168940394022329255,15156.86429676679393871484078
1713239999999,2024-04-16 03:59,12377.36424168940394022329255,15045.97592753249121810543074
1713254399999,2024-04-16 07:59,12377.36424168940394022329255,15179.85501018807440105804914
1713268799999,2024-04-16 11:59,12377.36424168940394022329255,15079.14039012574578940862226
1713283199999,2024-04-16 15:59,12377.36424168940394022329255,14760.67121150001080287339190
1713297599999,2024-04-16 19:59,12377.36424168940394022329255,14989.91634699995735062262010
1713311999999,2024-04-16 23:59,12377.36424168940394022329255,15246.10267921488255242538133
1713326399999,2024-04-17 03:59,12377.36424168940394022329255,15257.72469993917432876374123
1713340799999,2024-04-17 07:59,12377.36424168940394022329255,15127.67182645068782150878152
1713355199999,2024-04-17 11:59,12377.36424168940394022329255,14959.71056457463887208251506
1713369599999,2024-04-17 15:59,12377.36424168940394022329255,14412.40492113451232314740044
1713383999999,2024-04-17 19:59,12377.36424168940394022329255,14583.85541810360383754467357
1713398399999,2024-04-17 23:59,12377.36424168940394022329255,14644.80231765344732514098329
1713412799999,2024-04-18 03:59,12377.36424168940394022329255,14814.63486108966910221950881
1713427199999,2024-04-18 07:59,12377.36424168940394022329255,14621.07312913370785418404818
1713441599999,2024-04-18 11:59,12377.36424168940394022329255,14960.39885204504726846035747
1713455999999,2024-04-18 15:59,12377.36424168940394022329255,15175.67509773757341055511032
1713470399999,2024-04-18 19:59,12377.36424168940394022329255,15170.49860238721026279675385
1713484799999,2024-04-18 23:59,12377.36424168940394022329255,15168.83524100038997155030135
1713499199999,2024-04-19 03:59,12377.36424168940394022329255,14766.15361239277768235523389
1713513599999,2024-04-19 07:59,12377.36424168940394022329255,15426.24997515903015855518411
1713527999999,2024-04-19 11:59,12377.36424168940394022329255,15503.57716054977346828250735
1713542399999,2024-04-19 15:59,12377.36424168940394022329255,15399.95882772165943441405779
1713556799999,2024-04-19 19:59,12377.36424168940394022329255,15373.21121185773314184179294
1713571199999,2024-04-19 23:59,12377.36424168940394022329255,15251.98658113205432979429806
1713585599999,2024-04-20 03:59,12377.36424168940394022329255,15284.96463253540662707849059
1713599999999,2024-04-20 07:59,12377.36424168940394022329255,15286.21215357552184551332996
1713614399999,2024-04-20 11:59,12377.36424168940394022329255,15225.49707306953118586372411
1713628799999,2024-04-20 15:59,12377.36424168940394022329255,15488.66665524464157591667815
1713643199999,2024-04-20 19:59,12377.36424168940394022329255,15502.54950911826093202392319
1713657599999,2024-04-20 23:59,12377.36424168940394022329255,15520.27052159422710959927558
1713671999999,2024-04-21 03:59,12377.36424168940394022329255,15575.09692040894593357178524
1713686399999,2024-04-21 07:59,12377.36424168940394022329255,15570.47487885418954956224626
1713700799999,2024-04-21 11:59,12377.36424168940394022329255,15590.39458741618254890015080
1713715199999,2024-04-21 15:59,12347.08486246607738238331254,15544.91025708002768826439805
1713729599999,2024-04-21 19:59,12351.80800435707198823930248,15424.05605884710339510081142
1713743999999,2024-04-21 23:59,12376.47330089893270770947218,15520.40435526902874222830050
1713758399999,2024-04-22 03:59,12441.54770028596949950311139,15702.59739452800130425891267
1713772799999,2024-04-22 07:59,12499.27499006479245996521069,15768.67777146130741483996372
1713787199999,2024-04-22 11:59,12477.23366124015096597059096,15744.17425953735849795795589
1713801599999,2024-04-22 15:59,12456.76671304584100726130120,15772.11442903924933842099632
1713815999999,2024-04-22 19:59,12465.68820328438637387817110,15898.87164828574564218621753
1713830399999,2024-04-22 23:59,12507.14689321645013639186059,15969.26577134435437589923231
1713844799999,2024-04-23 03:59,12492.45267400002247372878077,15877.42002212468395507679568
1713859199999,2024-04-23 07:59,12484.05597730492095220702087,15797.30622843360665168084656
1713873599999,2024-04-23 11:59,12508.72127384678167167719057,15783.97065869444397186014982
1713887999999,2024-04-23 15:59,12506.09730612956244620164061,15873.72764663238891200816190
1713902399999,2024-04-23 19:59,12531.28739621486701076692030,15889.23084392592803458824429
1713916799999,2024-04-23 23:59,12516.06838345499550300873048,15872.39886943257270233427169
1713931199999,2024-04-24 03:59,12509.77086093366936186741056,15918.79613662183869983230153
1713945599999,2024-04-24 07:59,12524.98987369354086962560038,15924.23551954770505454052837
1713959999999,2024-04-24 11:59,12559.10145401739080080774996,15910.04437024463193755570808
1713974399999,2024-04-24 15:59,12468.31217100160559935372106,15441.28953436486362524185876
1713988799999,2024-04-24 19:59,12505.57251258611860110653061,15289.75874595776511018249017
1714003199999,2024-04-24 23:59,12529.71301558453547548159032,15364.68887463732917835781362
1714017599999,2024-04-25 03:59,12510.82044802055705205763055,15362.87734025340707955779783
1714031999999,2024-04-25 07:59,12527.61384141076009510115034,15299.77954235853735328073057
1714046399999,2024-04-25 11:59,12543.88244125751929304956015,15262.31567296228033377011371
1714060799999,2024-04-25 15:59,12542.30806062718775776423017,15327.96826011363122576910298
1714075199999,2024-04-25 19:59,12571.69649906004308309038981,15474.03098695026303627116796
1714089599999,2024-04-25 23:59,12552.80393149606465966643004,15414.57776680668776998093987
1714103999999,2024-04-26 03:59,12536.53533164930546171802024,15386.59218945084637559019456
1714118399999,2024-04-26 07:59,12528.13863495420394019626034,15361.66805740609232758839415
1714132799999,2024-04-26 11:59,12496.65102234757323448966072,15353.79815935034632317091129
1714147199999,2024-04-26 15:59,12478.80804187048250125592094,15176.75532668418658820366855
1714161599999,2024-04-26 19:59,12490.35349982624709334834080,15233.83299910003287532870443
1714175999999,2024-04-26 23:59,12473.03531289260020520971101,15240.51512329191439016359119
1714190399999,2024-04-27 03:59,12420.97156979016044665701291,15076.09089424990858879012601
1714204799999,2024-04-27 07:59,12420.97156979016044665701291,15048.56417520767279198460898
1714219199999,2024-04-27 11:59,12420.97156979016044665701291,15023.54444768091757781921935
1714233599999,2024-04-27 15:59,12420.97156979016044665701291,15044.96022553622882761729524
1714247999999,2024-04-27 19:59,12420.97156979016044665701291,15140.64174347119604075374948
1714262399999,2024-04-27 23:59,12420.97156979016044665701291,15166.89943248986635673761956
1714276799999,2024-04-28 03:59,12420.97156979016044665701291,15300.64707135769793621530278
1714291199999,2024-04-28 07:59,12420.97156979016044665701291,15275.28558998278855301508167
1714305599999,2024-04-28 11:59,12420.97156979016044665701291,15172.16435366108058319729607
1714319999999,2024-04-28 15:59,12420.97156979016044665701291,15185.54533125419381694569769
1714334399999,2024-04-28 19:59,12420.97156979016044665701291,15231.07028967019917320097586
1714348799999,2024-04-28 23:59,12420.97156979016044665701291,15084.84027074006532191262974
1714363199999,2024-04-29 03:59,12420.97156979016044665701291,14884.34069667786943955468118
1714377599999,2024-04-29 07:59,12420.97156979016044665701291,14913.09342777677019240823001
1714391999999,2024-04-29 11:59,12420.97156979016044665701291,14878.68383403045043182428885
1714406399999,2024-04-29 15:59,12420.97156979016044665701291,15065.82871925708340112882282
1714420799999,2024-04-29 19:59,12420.97156979016044665701291,15053.47300320843267448491563
1714435199999,2024-04-29 23:59,12420.97156979016044665701291,15263.45564908514424027091520
1714449599999,2024-04-30 03:59,12420.97156979016044665701291,15211.35372150745865196069843
1714463999999,2024-04-30 07:59,12420.97156979016044665701291,15092.03861053475313403089830
1714478399999,2024-04-30 11:59,12420.97156979016044665701291,14627.36809162348464605639858
1714492799999,2024-04-30 15:59,12420.97156979016044665701291,14529.96346512544641282124858
1714507199999,2024-04-30 19:59,12420.97156979016044665701291,14170.54835167156192926666388
1714521599999,2024-04-30 23:59,12420.97156979016044665701291,14500.12572530583242401096206
1714535999999,2024-05-01 03:59,12420.97156979016044665701291,14398.32370663574054725070775
1714550399999,2024-05-01 07:59,12420.97156979016044665701291,13742.05116314953471759432649
1714564799999,2024-05-01 11:59,12420.97156979016044665701291,13837.28338231909644976191138
1714579199999,2024-05-01 15:59,12420.97156979016044665701291,13595.31448816479468563895748
1714593599999,2024-05-01 19:59,12420.97156979016044665701291,13611.67804479634430369134289
1714607999999,2024-05-01 23:59,12420.97156979016044665701291,13948.77161320295648804784380
1714622399999,2024-05-02 03:59,12420.97156979016044665701291,13728.40251820681821858787505
1714636799999,2024-05-02 07:59,12420.97156979016044665701291,13785.32962773851266900525790
1714651199999,2024-05-02 11:59,12420.97156979016044665701291,13995.30032417997408902080882
1714665599999,2024-05-02 15:59,12420.97156979016044665701291,14163.66547696747796548823975
1714679999999,2024-05-02 19:59,12420.97156979016044665701291,14184.44793475453148945253704
1714694399999,2024-05-02 23:59,12420.97156979016044665701291,14115.02171595118456314586315
1714708799999,2024-05-03 03:59,12420.97156979016044665701291,14272.68017475455782929130100
1714723199999,2024-05-03 07:59,12420.97156979016044665701291,14146.12131613321394531552743
1714737599999,2024-05-03 11:59,12420.97156979016044665701291,14170.10383268025650660597398
1714751999999,2024-05-03 15:59,12420.97156979016044665701291,14743.59307864050246774817704
1714766399999,2024-05-03 19:59,12420.97156979016044665701291,14833.59144517050035245925192
1714780799999,2024-05-03 23:59,12420.97156979016044665701291,15028.29315324932550699551405
1714795199999,2024-05-04 03:59,12420.97156979016044665701291,14990.53054797181484322368086
1714809599999,2024-05-04 07:59,12420.97156979016044665701291,15046.70006330865005179461911
1714823999999,2024-05-04 11:59,12420.97156979016044665701291,15265.20265651871555191050827
1714838399999,2024-05-04 15:59,12420.97156979016044665701291,15202.07617997924547578436424
1714852799999,2024-05-04 19:59,12420.97156979016044665701291,15276.64304582720511253804865
1714867199999,2024-05-04 23:59,12420.97156979016044665701291,15269.67891496342015752057368
1714881599999,2024-05-05 03:59,12420.97156979016044665701291,15112.87603572395732853925939
1714895999999,2024-05-05 07:59,12420.97156979016044665701291,15232.59503760811777351022398
1714910399999,2024-05-05 11:59,12420.97156979016044665701291,15261.93329103427566911575681
1714924799999,2024-05-05 15:59,12420.97156979016044665701291,15397.92264395503459512960732
1714939199999,2024-05-05 19:59,12420.97156979016044665701291,15266.78715163288488107199966
1714953599999,2024-05-05 23:59,12420.97156979016044665701291,15298.34800001556988998098194
1714967999999,2024-05-06 03:59,12420.97156979016044665701291,15263.59665242109596036220931
1714982399999,2024-05-06 07:59,12420.97156979016044665701291,15424.71327778586141247548733
1714996799999,2024-05-06 11:59,12420.97156979016044665701291,15344.12867634592836572386128
1715011199999,2024-05-06 15:59,12420.97156979016044665701291,15207.53468200151206372530893
1715025599999,2024-05-06 19:59,12420.97156979016044665701291,15109.06894565326088607431854
1715039999999,2024-05-06 23:59,12420.97156979016044665701291,15095.96997473205109250850513
1715054399999,2024-05-07 03:59,12420.97156979016044665701291,15113.72683551376770739520348
1715068799999,2024-05-07 07:59,12420.97156979016044665701291,15216.53977640602191633541382
1715083199999,2024-05-07 11:59,12420.97156979016044665701291,15173.69866114719930012290312
1715097599999,2024-05-07 15:59,12420.97156979016044665701291,15233.45778683317829813661673
1715111999999,2024-05-07 19:59,12420.97156979016044665701291,15070.83314273984444979271870
1715126399999,2024-05-07 23:59,12420.97156979016044665701291,14892.08632060701392795949805
1715140799999,2024-05-08 03:59,12420.97156979016044665701291,15031.15623793526043359501130
1715155199999,2024-05-08 07:59,12420.97156979016044665701291,14867.21237619031049219358198
1715169599999,2024-05-08 11:59,12420.97156979016044665701291,14875.67257634741369767122830
1715183999999,2024-05-08 15:59,12420.97156979016044665701291,14882.76576111190022700954871
1715198399999,2024-05-08 19:59,12420.97156979016044665701291,14860.38924866247725726740112
1715212799999,2024-05-08 23:59,12420.97156979016044665701291,14624.64601027350143954819543
1715227199999,2024-05-09 03:59,12420.97156979016044665701291,14741.12193543077232241939560
1715241599999,2024-05-09 07:59,12420.97156979016044665701291,14639.01640110532674308974552
1715255999999,2024-05-09 11:59,12420.97156979016044665701291,14591.41702072989608108458119
1715270399999,2024-05-09 15:59,12420.97156979016044665701291,14855.51626896746781207844043
1715284799999,2024-05-09 19:59,12420.97156979016044665701291,14926.22346722963036497720992
1715299199999,2024-05-09 23:59,12420.97156979016044665701291,15074.17898460988526551834154
1715313599999,2024-05-10 03:59,12420.97156979016044665701291,15036.45461752517506821194404
1715327999999,2024-05-10 07:59,12420.97156979016044665701291,15075.13732931694695630832351
1715342399999,2024-05-10 11:59,12420.97156979016044665701291,15128.09961623264304009084330
1715356799999,2024-05-10 15:59,12420.97156979016044665701291,14561.31161356067882701624484
1715371199999,2024-05-10 19:59,12420.97156979016044665701291,14510.87304736981352995248056
1715385599999,2024-05-10 23:59,12420.97156979016044665701291,14530.71388965915556720542399
1715399999999,2024-05-11 03:59,12420.97156979016044665701291,14514.44114873550705700844834
1715414399999,2024-05-11 07:59,12420.97156979016044665701291,14582.94009136344267152830675
1715428799999,2024-05-11 11:59,12420.97156979016044665701291,14502.99597965291743807272850
1715443199999,2024-05-11 15:59,12420.97156979016044665701291,14620.14107318419648408905325
1715457599999,2024-05-11 19:59,12420.97156979016044665701291,14612.92839406720849704624630
1715471999999,2024-05-11 23:59,12420.97156979016044665701291,14536.92759598923136783872354
1715486399999,2024-05-12 03:59,12420.97156979016044665701291,14561.78481119658459952601150
1715500799999,2024-05-12 07:59,12420.97156979016044665701291,14535.49605364626390453897491
1715515199999,2024-05-12 11:59,12420.97156979016044665701291,14613.40637147721432786419242
1715529599999,2024-05-12 15:59,12420.97156979016044665701291,14678.65028794301023451383776
1715543999999,2024-05-12 19:59,12420.97156979016044665701291,14675.56733364847262573808529
1715558399999,2024-05-12 23:59,12420.97156979016044665701291,14694.18216388114970694299692
1715572799999,2024-05-13 03:59,12420.97156979016044665701291,14619.14210039728429767954586
1715587199999,2024-05-13 07:59,12420.97156979016044665701291,14897.41337884152891242550755
1715601599999,2024-05-13 11:59,12420.97156979016044665701291,14993.87638984185565894930370
1715615999999,2024-05-13 15:59,12420.97156979016044665701291,15056.96940796262532691819150
1715630399999,2024-05-13 19:59,12420.97156979016044665701291,15097.76239001957295807580308
1715644799999,2024-05-13 23:59,12420.97156979016044665701291,15042.17122734884480479457963
1715659199999,2024-05-14 03:59,12420.97156979016044665701291,14934.23914839542814779416634
1715673599999,2024-05-14 07:59,12420.97156979016044665701291,14825.96053581975726345074212
1715687999999,2024-05-14 11:59,12420.97156979016044665701291,14769.36323070096683629774209
1715702399999,2024-05-14 15:59,12420.97156979016044665701291,14766.74391449413488341539735
1715716799999,2024-05-14 19:59,12420.97156979016044665701291,14721.07556285512777791473534
1715731199999,2024-05-14 23:59,12420.97156979016044665701291,14716.52760779892229768197802
1715745599999,2024-05-15 03:59,12420.97156979016044665701291,14805.55090041250828752444281
1715759999999,2024-05-15 07:59,12420.97156979016044665701291,14864.11508257347270849329112
1715774399999,2024-05-15 11:59,12420.97156979016044665701291,14929.15346875296610789121963
1715788799999,2024-05-15 15:59,12420.97156979016044665701291,15468.77323544019889727376065
1715803199999,2024-05-15 19:59,12420.97156979016044665701291,15774.94644519353388601732708
1715817599999,2024-05-15 23:59,12420.97156979016044665701291,15822.80871314446775497236177
1715831999999,2024-05-16 03:59,12420.97156979016044665701291,15767.57603353124397480459791
1715846399999,2024-05-16 07:59,12420.97156979016044665701291,15807.54211466888151864716271
1715860799999,2024-05-16 11:59,12420.97156979016044665701291,15893.86005514183450606005246
1715875199999,2024-05-16 15:59,12420.97156979016044665701291,15730.17191131123768414622431
1715889599999,2024-05-16 19:59,12420.97156979016044665701291,15579.12388008824505821298130
1715903999999,2024-05-16 23:59,12507.77741182181666058972571,15590.68137386218604739091847
1715918399999,2024-05-17 03:59,12578.06867653526192545649349,15674.16490829380445805338774
1715932799999,2024-05-17 07:59,12648.18421308692357716109436,15865.93183507519381136746069
1715947199999,2024-05-17 11:59,12684.38421441434788856747977,15825.55708325200128217555196
1715961599999,2024-05-17 15:59,12610.05120197987952097087284,16059.07294691034992828312874
1715975999999,2024-05-17 19:59,12601.85019382603513651174898,16023.91531851737104246910190
1715990399999,2024-05-17 23:59,12614.42984338742334577165185,16018.18197948435110180783820
1716004799999,2024-05-18 03:59,12620.92709451531016306486071,15999.31382122437093026941512
1716019199999,2024-05-18 07:59,12632.10134356906268938122861,15985.44052689895169077852900
1716033599999,2024-05-18 11:59,12640.00731460870479858266976,16058.05007525293745033272404
1716047999999,2024-05-18 15:59,12669.48562575638902476288328,15970.29581266291694131190619
1716062399999,2024-05-18 19:59,12645.28658715991411003412988,15991.56341752112638355641879
1716076799999,2024-05-18 23:59,12655.92016778690122443336179,15992.18000838003390531156928
1716091199999,2024-05-19 03:59,12684.15368418459066503691339,16053.12451804282736375378928
1716105599999,2024-05-19 07:59,12711.65480167441954703299598,16089.98374601542700727970430
1716119999999,2024-05-19 11:59,12695.65069219064601037587166,16091.31252321524321695359451
1716134399999,2024-05-19 15:59,12733.23882948325575334633334,15986.12881436936008715637141
1716148799999,2024-05-19 19:59,12674.75574112146215718741785,15781.58555141851487607859868
1716163199999,2024-05-19 23:59,12655.90817059870293024102793,15838.94284061921457423213304
1716177599999,2024-05-20 03:59,12733.32182065462645206882090,15934.82749895343426546621438
1716191999999,2024-05-20 07:59,12696.27519529366809111804170,15970.65668560747134357945551
1716206399999,2024-05-20 11:59,12700.18386949926357961232734,16011.06011607526422262044101
1716220799999,2024-05-20 15:59,12680.57640423671335855747461,16112.81911677845557460708016
1716235199999,2024-05-20 19:59,13033.49937040732508004275612,16729.40997568597732975757457
1716249599999,2024-05-20 23:59,13242.67081997826134257788926,17075.13820600434484784027213
1716263999999,2024-05-21 03:59,13214.08842025032590819302332,17036.27386279677074403307314
1716278399999,2024-05-21 07:59,13284.91853067136706403958395,16939.31375529003793345861303
1716292799999,2024-05-21 11:59,13335.74404501148555968436330,16999.46960222632177105122192
1716307199999,2024-05-21 15:59,13261.42753250352764323037435,16688.06492972047296400523521
1716321599999,2024-05-21 19:59,13210.49762381410451683662210,16558.77204031389572775080984
1716335999999,2024-05-21 23:59,13311.69153959833093320158146,16764.86395007315983067872799
1716350399999,2024-05-22 03:59,13350.89466712340826848069037,16718.82994571549826460233721
1716364799999,2024-05-22 07:59,13279.77628215127433471402096,16661.30058464719646735434224
1716379199999,2024-05-22 11:59,13201.64330447903255356570240,16666.35041598390806994594299
1716393599999,2024-05-22 15:59,13265.87457521968866832621959,16838.36731618385649386248228
1716407999999,2024-05-22 19:59,13182.85531331577299904234427,16642.77179034832043569666091
1716422399999,2024-05-22 23:59,13192.00705004628583062913395,16530.24395859769771538169568
1716436799999,2024-05-23 03:59,13241.76633780025526902482662,16597.04608142011263049784537
1716451199999,2024-05-23 07:59,13307.68797412725404547334305,16665.85092959045197674118930
1716465599999,2024-05-23 11:59,13389.84838421097933602842763,16725.28264075057698064460982
1716479999999,2024-05-23 15:59,13153.91731862878665768611785,16269.59809714741811204749715
1716494399999,2024-05-23 19:59,13136.96121375291802932188593,16060.23921179076415547891727
1716508799999,2024-05-23 23:59,13024.79310157544688867416060,16244.18164837035805830321224
1716523199999,2024-05-24 03:59,13024.79310157544688867416060,16225.58354734703118117692872
1716537599999,2024-05-24 07:59,13024.79310157544688867416060,16049.71175933538573171365398
1716551999999,2024-05-24 11:59,13024.79310157544688867416060,16096.08990742825149597896597
1716566399999,2024-05-24 15:59,13024.79310157544688867416060,16329.45520820244830537888972
1716580799999,2024-05-24 19:59,13024.79310157544688867416060,16518.14157057635007907129993
1716595199999,2024-05-24 23:59,13024.79310157544688867416060,16382.87635343174998674663779
1716609599999,2024-05-25 03:59,13024.79310157544688867416060,16432.55254565365598365577801
1716623999999,2024-05-25 07:59,13024.79310157544688867416060,16431.61332004299452609851388
1716638399999,2024-05-25 11:59,13024.79310157544688867416060,16515.43860832276710579581462
1716652799999,2024-05-25 15:59,13024.79310157544688867416060,16473.79004670190903747407949
1716667199999,2024-05-25 19:59,13024.79310157544688867416060,16527.54338623116477126030011
1716681599999,2024-05-25 23:59,13024.79310157544688867416060,16559.86660858280908032390645
1716695999999,2024-05-26 03:59,13024.79310157544688867416060,16508.01800903242658234720112
1716710399999,2024-05-26 07:59,13024.79310157544688867416060,16571.71566857685362630079076
1716724799999,2024-05-26 11:59,13024.79310157544688867416060,16522.66562676205526776315995
1716739199999,2024-05-26 15:59,13024.79310157544688867416060,16454.09498752261877862060962
1716753599999,2024-05-26 19:59,13024.79310157544688867416060,16467.37081008553072958906310
1716767999999,2024-05-26 23:59,13024.79310157544688867416060,16372.76235143602660663889790
1716782399999,2024-05-27 03:59,13024.79310157544688867416060,16460.17486017789294662488427
1716796799999,2024-05-27 07:59,13024.79310157544688867416060,16405.19072881787219848245239
1716811199999,2024-05-27 11:59,13024.79310157544688867416060,16355.21819060176258646618557
1716825599999,2024-05-27 15:59,13024.79310157544688867416060,16818.75829293836728455624272
1716839999999,2024-05-27 19:59,13024.79310157544688867416060,16552.56311375791998542568974
1716854399999,2024-05-27 23:59,13024.79310157544688867416060,16594.72550109453432187671696
1716868799999,2024-05-28 03:59,13024.79310157544688867416060,16263.45608742884318603688952
1716883199999,2024-05-28 07:59,13024.79310157544688867416060,16178.30441183630442581978829
1716897599999,2024-05-28 11:59,13024.79310157544688867416060,16344.60948198668317146187145
1716911999999,2024-05-28 15:59,13024.79310157544688867416060,16340.83585033468713715418683
1716926399999,2024-05-28 19:59,13024.79310157544688867416060,16352.83547321288351983872417
1716940799999,2024-05-28 23:59,13024.79310157544688867416060,16346.64566575330801074632192
1716955199999,2024-05-29 03:59,13024.79310157544688867416060,16449.65696727071463947597990
1716969599999,2024-05-29 07:59,13024.79310157544688867416060,16238.74465533154173274907513
1716983999999,2024-05-29 11:59,13024.79310157544688867416060,16194.93563581745730913022353
1716998399999,2024-05-29 15:59,13024.79310157544688867416060,16103.05403829203645099644094
1717012799999,2024-05-29 19:59,13024.79310157544688867416060,16076.20365728495890479831766
1717027199999,2024-05-29 23:59,13024.79310157544688867416060,16168.36726148228320311468846
1717041599999,2024-05-30 03:59,13024.79310157544688867416060,16279.68342049854114230616028
1717055999999,2024-05-30 07:59,13024.79310157544688867416060,16152.14948796078536346177662
1717070399999,2024-05-30 11:59,13024.79310157544688867416060,16207.70241243871305027756438
1717084799999,2024-05-30 15:59,13024.79310157544688867416060,16378.28060063454392343208585
1717099199999,2024-05-30 19:59,13024.79310157544688867416060,16407.49935970820036133313215
1717113599999,2024-05-30 23:59,13024.79310157544688867416060,16335.59960780807326054358709
1717127999999,2024-05-31 03:59,13024.79310157544688867416060,16379.48749359480864624739980
1717142399999,2024-05-31 07:59,13024.79310157544688867416060,16293.25558905565670838174035
1717156799999,2024-05-31 11:59,13024.79310157544688867416060,16335.01647536786614694569282
1717171199999,2024-05-31 15:59,13024.79310157544688867416060,16063.96743558880963585889700
1717185599999,2024-05-31 19:59,13024.79310157544688867416060,16175.19755867126652550313851
1717199999999,2024-05-31 23:59,13024.79310157544688867416060,16141.50254115290548199202681
1717214399999,2024-06-01 03:59,13024.79310157544688867416060,16183.39726113991655318500420
1717228799999,2024-06-01 07:59,13024.79310157544688867416060,16163.50623122252390369617643
1717243199999,2024-06-01 11:59,13024.79310157544688867416060,16170.31501942805696369781890
1717257599999,2024-06-01 15:59,13024.79310157544688867416060,16177.65436255869649590738157
1717271999999,2024-06-01 19:59,13024.79310157544688867416060,16192.58637684727865066001835
1717286399999,2024-06-01 23:59,13024.79310157544688867416060,16195.71473899576681336347570
1717300799999,2024-06-02 03:59,13024.79310157544688867416060,16201.12066350293275991444632
1717315199999,2024-06-02 07:59,13024.79310157544688867416060,16184.75710687138314186206091
1717329599999,2024-06-02 11:59,13024.79310157544688867416060,16311.54539464952982463044862
1717343999999,2024-06-02 15:59,13024.79310157544688867416060,16285.41197975746102465924452
1717358399999,2024-06-02 19:59,13024.79310157544688867416060,16188.56897671617964263518121
1717372799999,2024-06-02 23:59,13024.79310157544688867416060,16195.42317277566325656452857
1717387199999,2024-06-03 03:59,13024.79310157544688867416060,16342.92222172936258867452164
1717401599999,2024-06-03 07:59,13024.79310157544688867416060,16468.12601439333994228141797
1717415999999,2024-06-03 11:59,13024.79310157544688867416060,16509.54275697034518265644924
1717430399999,2024-06-03 15:59,13024.79310157544688867416060,16637.46863098430574277154871
1717444799999,2024-06-03 19:59,13024.79310157544688867416060,16539.17735639070669336910866
1717459199999,2024-06-03 23:59,13024.79310157544688867416060,16444.99190774905773069282577
1717473599999,2024-06-04 03:59,13024.79310157544688867416060,16531.10431793570821085399870
1717487999999,2024-06-04 07:59,13024.79310157544688867416060,16493.68107661930168696290726
1717502399999,2024-06-04 11:59,13024.79310157544688867416060,16479.87230924423323463244386
1717516799999,2024-06-04 15:59,13024.79310157544688867416060,16835.76233929932471590467593
1717531199999,2024-06-04 19:59,13024.79310157544688867416060,16830.64798101226232615265245
1717545599999,2024-06-04 23:59,13024.79310157544688867416060,16857.95005067179538247373480
1717559999999,2024-06-05 03:59,13024.79310157544688867416060,16955.87328265968994214635634
1717574399999,2024-06-05 07:59,13024.79310157544688867416060,17016.19881157652584967933611
1717588799999,2024-06-05 11:59,13024.79310157544688867416060,16961.64008011141029096487628
1717603199999,2024-06-05 15:59,13024.79310157544688867416060,17107.01451947763370508909885
1717617599999,2024-06-05 19:59,13024.79310157544688867416060,17035.30595854150893662673225
1717631999999,2024-06-05 23:59,13024.79310157544688867416060,16994.21185071625763205381461
1717646399999,2024-06-06 03:59,13003.27091469427625994757182,16980.35050582608853833337713
1717660799999,2024-06-06 07:59,13002.50984268867319245857651,16973.53215807235536171537574
1717675199999,2024-06-06 11:59,13015.82860278672687351599454,17009.03154031348841656423405
1717689599999,2024-06-06 15:59,13025.34200285676521712843600,17040.09768207681739057664210
1717703999999,2024-06-06 19:59,12999.84609066906245624709290,16844.00505973487526836015676
1717718399999,2024-06-06 23:59,12972.06696246455049289876385,16920.37868019265694560567750
1717732799999,2024-06-07 03:59,12951.31043115399238099869416,16965.93470714031268086412216
1717747199999,2024-06-07 07:59,12951.31043115399238099869416,16994.68982812626346287176073
1717761599999,2024-06-07 11:59,12951.31043115399238099869416,17135.69077419093352501177630
1717775999999,2024-06-07 15:59,12951.31043115399238099869416,16995.05787073196795260157924
1717790399999,2024-06-07 19:59,12951.31043115399238099869416,16551.36578034585537922673471
1717804799999,2024-06-07 23:59,12951.31043115399238099869416,16575.40804406914866936942453
1717819199999,2024-06-08 03:59,12951.31043115399238099869416,16593.66678113137140661496630
1717833599999,2024-06-08 07:59,12951.31043115399238099869416,16629.56288462280930104271989
1717847999999,2024-06-08 11:59,12951.31043115399238099869416,16577.87679739182878554411624
1717862399999,2024-06-08 15:59,12951.31043115399238099869416,16593.19119360841560495110991
1717876799999,2024-06-08 19:59,12951.31043115399238099869416,16600.36085475850306722030171
1717891199999,2024-06-08 23:59,12951.31043115399238099869416,16564.62009392531706780838061
1717905599999,2024-06-09 03:59,12951.31043115399238099869416,16552.41255087376814871803671
1717919999999,2024-06-09 07:59,12951.31043115399238099869416,16561.07828131717386144739986
1717934399999,2024-06-09 11:59,12951.31043115399238099869416,16578.29741751263391666390883
1717948799999,2024-06-09 15:59,12951.31043115399238099869416,16611.98287548279484355866161
1717963199999,2024-06-09 19:59,12951.31043115399238099869416,16660.16777818548264831580994
1717977599999,2024-06-09 23:59,12951.31043115399238099869416,16645.32179983070154311040346
1717991999999,2024-06-10 03:59,12951.31043115399238099869416,16636.97153447789967872088475
1718006399999,2024-06-10 07:59,12951.31043115399238099869416,16563.07383700394820511232491
1718020799999,2024-06-10 11:59,12951.31043115399238099869416,16603.67801798394353309684778
1718035199999,2024-06-10 15:59,12951.31043115399238099869416,16745.21429874782012575296301
1718049599999,2024-06-10 19:59,12951.31043115399238099869416,16607.71931698554283266258222
1718063999999,2024-06-10 23:59,12951.31043115399238099869416,16619.47756127168627078405677
1718078399999,2024-06-11 03:59,12951.31043115399238099869416,16362.32571468854929072904437
1718092799999,2024-06-11 07:59,12951.31043115399238099869416,16148.71283038284343988074402
1718107199999,2024-06-11 11:59,12951.31043115399238099869416,15986.15988290101046615953791
1718121599999,2024-06-11 15:59,12951.31043115399238099869416,15831.88550416047848220515858
1718135999999,2024-06-11 19:59,12951.31043115399238099869416,16109.71704338751773259860985
1718150399999,2024-06-11 23:59,12951.31043115399238099869416,16087.54606122439727010817909
1718164799999,2024-06-12 03:59,12951.31043115399238099869416,16109.71465350046770344452012
1718179199999,2024-06-12 07:59,12951.31043115399238099869416,16120.85869681475364896493390
1718193599999,2024-06-12 11:59,12951.31043115399238099869416,16198.48222819970057379938373
1718207999999,2024-06-12 15:59,12951.31043115399238099869416,16665.84137004225186012483038
1718222399999,2024-06-12 19:59,12951.31043115399238099869416,16139.80811123443481174240781
1718236799999,2024-06-12 23:59,12951.31043115399238099869416,16314.52558380091617978034267
1718251199999,2024-06-13 03:59,12951.31043115399238099869416,16125.95154611836577633014980
1718265599999,2024-06-13 07:59,12951.31043115399238099869416,16185.66765383744424957024827
1718279999999,2024-06-13 11:59,12951.31043115399238099869416,16189.29550237938850547845931
1718294399999,2024-06-13 15:59,12951.31043115399238099869416,15885.78462679978599439085277
1718308799999,2024-06-13 19:59,12951.31043115399238099869416,15917.80911327017665919324279
1718323199999,2024-06-13 23:59,12951.31043115399238099869416,15958.19820441566936330968990
1718337599999,2024-06-14 03:59,12951.31043115399238099869416,15951.26514208353478729538144
1718351999999,2024-06-14 07:59,12951.31043115399238099869416,15989.73754381490410983186461
1718366399999,2024-06-14 11:59,12951.31043115399238099869416,16021.04984394438608671551491
1718380799999,2024-06-14 15:59,12951.31043115399238099869416,15867.14111792250856333686437
1718395199999,2024-06-14 19:59,12951.31043115399238099869416,15658.74774693406638502053565
1718409599999,2024-06-14 23:59,12951.31043115399238099869416,15783.97065869444397186014982
1718423999999,2024-06-15 03:59,12951.31043115399238099869416,15837.47544997049667362103845
1718438399999,2024-06-15 07:59,12951.31043115399238099869416,15791.85728595954018035626079
1718452799999,2024-06-15 11:59,12951.31043115399238099869416,15849.92198172704850812035541
1718467199999,2024-06-15 15:59,12951.31043115399238099869416,15848.98275611638705056309129
1718481599999,2024-06-15 19:59,12951.31043115399238099869416,15810.42909822531673678755727
1718495999999,2024-06-15 23:59,12951.31043115399238099869416,15828.00671747828116511752582
1718510399999,2024-06-16 03:59,12951.31043115399238099869416,15808.34989649179137272949165
1718524799999,2024-06-16 07:59,12951.31043115399238099869416,15837.10023770364209642895075
1718539199999,2024-06-16 11:59,12951.31043115399238099869416,15891.23834904795252402361800
1718553599999,2024-06-16 15:59,12951.31043115399238099869416,15943.80869448744382653542197
1718567999999,2024-06-16 19:59,12951.31043115399238099869416,15907.89347189960569887495054
1718582399999,2024-06-16 23:59,12951.31043115399238099869416,15935.22183031668907589101993
1718596799999,2024-06-17 03:59,12951.31043115399238099869416,15826.51303807201294381144420
1718611199999,2024-06-17 07:59,12951.31043115399238099869416,15814.56360282186717336279121
1718625599999,2024-06-17 11:59,12951.31043115399238099869416,15729.77041028683278625914957
1718639999999,2024-06-17 15:59,12951.31043115399238099869416,15622.41668399952318454845109
1718654399999,2024-06-17 19:59,12951.31043115399238099869416,15938.83533953633315687469260
1718668799999,2024-06-17 23:59,12863.70944421124889500662438,15893.98671915548605122680819
1718683199999,2024-06-18 03:59,12813.41757111330621862611171,15653.96319305990801853289499
1718697599999,2024-06-18 07:59,12813.41757111330621862611171,15695.19113455996095573483754
1718711999999,2024-06-18 11:59,12813.41757111330621862611171,15621.93870658951735373050497
1718726399999,2024-06-18 15:59,12813.41757111330621862611171,15464.20616128759318380828547
1718740799999,2024-06-18 19:59,12813.41757111330621862611171,15393.98888987068660749791076
1718755199999,2024-06-18 23:59,12813.41757111330621862611171,15576.36834031956144354752192
1718769599999,2024-06-19 03:59,12813.41757111330621862611171,15631.02027737962813927148125
1718783999999,2024-06-19 07:59,12813.41757111330621862611171,15612.59185833685333208556860
1718798399999,2024-06-19 11:59,12813.41757111330621862611171,15584.65646860906254993070764
1718812799999,2024-06-19 15:59,12813.41757111330621862611171,15515.82772156822291214646640
1718827199999,2024-06-19 19:59,12813.41757111330621862611171,15506.27056325515632494163374
1718841599999,2024-06-19 23:59,12813.41757111330621862611171,15528.34356004922559211438554
1718855999999,2024-06-20 03:59,12813.41757111330621862611171,15579.87430462195421259715671
1718870399999,2024-06-20 07:59,12813.41757111330621862611171,15739.72189996315418388878779
1718884799999,2024-06-20 11:59,12813.41757111330621862611171,15814.04977710611090523349913
1718899199999,2024-06-20 15:59,12813.41757111330621862611171,15494.13471681510828047398176
1718913599999,2024-06-20 19:59,12813.41757111330621862611171,15546.41827580859608449501806
1718927999999,2024-06-20 23:59,12813.41757111330621862611171,15503.39791902102128172577756
1718942399999,2024-06-21 03:59,12813.41757111330621862611171,15416.44187870571051017092973
1718956799999,2024-06-21 07:59,12813.41757111330621862611171,15343.66742814527273898454328
1718971199999,2024-06-21 11:59,12813.41757111330621862611171,15240.51273340486436100950146
1718985599999,2024-06-21 15:59,12813.41757111330621862611171,15231.43594238885363377670464
1718999999999,2024-06-21 19:59,12813.41757111330621862611171,15350.92790500326130910914484
1719014399999,2024-06-21 23:59,12813.41757111330621862611171,15329.78935404575344118547769
1719028799999,2024-06-22 03:59,12813.41757111330621862611171,15373.73698700873955574153367
1719043199999,2024-06-22 07:59,12813.41757111330621862611171,15419.75426215705091773929634
1719057599999,2024-06-22 11:59,12813.41757111330621862611171,15358.87427944460824645749908
1719071999999,2024-06-22 15:59,12813.41757111330621862611171,15368.86878708783016886075244
1719086399999,2024-06-22 19:59,12813.41757111330621862611171,15365.98419341844497987444761
1719100799999,2024-06-22 23:59,12813.41757111330621862611171,15358.09756615334877137833663
1719115199999,2024-06-23 03:59,12813.41757111330621862611171,15394.93289525544812336335435
1719129599999,2024-06-23 07:59,12813.41757111330621862611171,15394.72497508209558695754778
1719143999999,2024-06-23 11:59,12813.41757111330621862611171,15377.08282887878037146715651
1719158399999,2024-06-23 15:59,12813.41757111330621862611171,15317.94507382580895351677285
1719172799999,2024-06-23 19:59,12813.41757111330621862611171,15331.27586379087157502929013
1719187199999,2024-06-23 23:59,12813.41757111330621862611171,15106.68144849028176113867767
1719201599999,2024-06-24 03:59,12813.41757111330621862611171,15023.51098926221716966196312
1719215999999,2024-06-24 07:59,12813.41757111330621862611171,14926.48157503103351361890082
1719230399999,2024-06-24 11:59,12813.41757111330621862611171,14648.28677297238983180381051
1719244799999,2024-06-24 15:59,12813.41757111330621862611171,14541.22939267928384520023862
1719259199999,2024-06-24 19:59,12813.41757111330621862611171,14173.83922613945207444822291
1719273599999,2024-06-24 23:59,12813.41757111330621862611171,14409.62070272122835863286429
1719287999999,2024-06-25 03:59,12813.41757111330621862611171,14650.82961279362085175528386
1719302399999,2024-06-25 07:59,12813.41757111330621862611171,14503.27081666367079079304752
1719316799999,2024-06-25 11:59,12813.41757111330621862611171,14623.35786115353572549383063
1719331199999,2024-06-25 15:59,12813.41757111330621862611171,14772.09487159915015942230416
1719345599999,2024-06-25 19:59,12813.41757111330621862611171,14811.63794272893254299098664
1719359999999,2024-06-25 23:59,12813.41757111330621862611171,14771.14130666618852694050165
1719374399999,2024-06-26 03:59,12813.41757111330621862611171,14802.22417763886770503153781
1719388799999,2024-06-26 07:59,12813.41757111330621862611171,14750.59066792298783092290824
1719403199999,2024-06-26 11:59,12813.41757111330621862611171,14684.92613133638679315347031
1719417599999,2024-06-26 15:59,12813.41757111330621862611171,14690.32727606945268139626146
1719431999999,2024-06-26 19:59,12813.41757111330621862611171,14578.51641043383870730821542
1719446399999,2024-06-26 23:59,12813.41757111330621862611171,14546.24815548434506878867288
1719460799999,2024-06-27 03:59,12813.41757111330621862611171,14587.43068913044745206291055
1719475199999,2024-06-27 07:59,12813.41757111330621862611171,14529.28473720323813305976509
1719489599999,2024-06-27 11:59,12813.41757111330621862611171,14625.36058650146015662102488
1719503999999,2024-06-27 15:59,12813.41757111330621862611171,14716.17151462846795372260816
1719518399999,2024-06-27 19:59,12813.41757111330621862611171,14686.05893779810061219200262
1719532799999,2024-06-27 23:59,12813.41757111330621862611171,14747.35237097019832713132327
1719547199999,2024-06-28 03:59,12813.41757111330621862611171,14776.43729636905313240334466
1719561599999,2024-06-28 07:59,12813.41757111330621862611171,14662.16245718485910044878636
1719575999999,2024-06-28 11:59,12813.41757111330621862611171,14743.41622699880031034553698
1719590399999,2024-06-28 15:59,12813.41757111330621862611171,14593.33371014401946266454513
1719604799999,2024-06-28 19:59,12813.41757111330621862611171,14369.09538801388399273330253
1719619199999,2024-06-28 23:59,12813.41757111330621862611171,14441.77424309232059775609976
1719633599999,2024-06-29 03:59,12813.41757111330621862611171,14521.63470875609481081853744
1719647999999,2024-06-29 07:59,12813.41757111330621862611171,14591.01312981844115404341671
1719662399999,2024-06-29 11:59,12813.41757111330621862611171,14602.96973472973701195433890
1719676799999,2024-06-29 15:59,12813.41757111330621862611171,14603.84682327709771150527003
1719691199999,2024-06-29 19:59,12813.41757111330621862611171,14592.22958232690599347508959
1719705599999,2024-06-29 23:59,12813.41757111330621862611171,14575.33069099614984490660453
1719719999999,2024-06-30 03:59,12813.41757111330621862611171,14554.21364902209223936974496
1719734399999,2024-06-30 07:59,12813.41757111330621862611171,14704.70244667537804324599101
1719748799999,2024-06-30 11:59,12813.41757111330621862611171,14712.34769534842130717903920
1719763199999,2024-06-30 15:59,12813.41757111330621862611171,14750.08401186838165025588535
1719777599999,2024-06-30 19:59,12813.41757111330621862611171,14823.91479250493230754993273
1719791999999,2024-06-30 23:59,12813.41757111330621862611171,15002.00439569900481200847746
1719806399999,2024-07-01 03:59,12813.41757111330621862611171,15161.09439684534554145366394
1719820799999,2024-07-01 07:59,12813.41757111330621862611171,15122.89205235062951332932032
1719835199999,2024-07-01 11:59,12813.41757111330621862611171,14975.73475724508435025415872
1719849599999,2024-07-01 15:59,12813.41757111330621862611171,15088.25302944750695395276503
1719863999999,2024-07-01 19:59,12813.41757111330621862611171,15110.68928907318065254715589
1719878399999,2024-07-01 23:59,12813.41757111330621862611171,15032.59017016527792604884966
1719892799999,2024-07-02 03:59,12813.41757111330621862611171,15089.63199427537377586253959
1719907199999,2024-07-02 07:59,12813.41757111330621862611171,14968.06321981449076562612350
1719921599999,2024-07-02 11:59,12813.41757111330621862611171,15016.34371799917973654686105
1719935999999,2024-07-02 15:59,12813.41757111330621862611171,14805.09443198595271909330426
1719950399999,2024-07-02 19:59,12813.41757111330621862611171,14802.94831341502653872072619
1719964799999,2024-07-02 23:59,12813.41757111330621862611171,14849.87852541644903758076595
1719979199999,2024-07-03 03:59,12813.41757111330621862611171,14575.64376619970366409235924
1719993599999,2024-07-03 07:59,12813.41757111330621862611171,14547.44787878345970414171764
1720007999999,2024-07-03 11:59,12813.41757111330621862611171,14431.77734556204864619875667
1720022399999,2024-07-03 15:59,12813.41757111330621862611171,14384.03696185066626410229824
1720036799999,2024-07-03 19:59,12813.41757111330621862611171,14260.92193046841439116982646
1720051199999,2024-07-03 23:59,12813.41757111330621862611171,14389.37357963338136518466666
1720065599999,2024-07-04 03:59,12813.41757111330621862611171,14124.91345845125523192325810
1720079999999,2024-07-04 07:59,12813.41757111330621862611171,13914.12303075163381205492958
1720094399999,2024-07-04 11:59,12813.41757111330621862611171,13804.65425442504840897481952
1720108799999,2024-07-04 15:59,12813.41757111330621862611171,13895.00632423845060849117453
1720123199999,2024-07-04 19:59,12813.41757111330621862611171,13929.32988205096931952788538
1720137599999,2024-07-04 23:59,12813.41757111330621862611171,13634.51102567232284186462903
1720151999999,2024-07-05 03:59,12813.41757111330621862611171,13199.06882538291090840753453
1720166399999,2024-07-05 07:59,12813.41757111330621862611171,13004.78534753784085583697525
1720180799999,2024-07-05 11:59,12813.41757111330621862611171,13260.84979551321457078116023
1720195199999,2024-07-05 15:59,12813.41757111330621862611171,13541.78101824414163402899207
1720209599999,2024-07-05 19:59,12813.41757111330621862611171,13494.80061861466852293306797
1720223999999,2024-07-05 23:59,12813.41757111330621862611171,13533.84420335099481329699676
1720238399999,2024-07-06 03:59,12813.41757111330621862611171,13481.55586458340695096778099
1720252799999,2024-07-06 07:59,12813.41757111330621862611171,13528.39765076397837112650072
1720267199999,2024-07-06 11:59,12813.41757111330621862611171,13558.37161414544402171990189
1720281599999,2024-07-06 15:59,12813.41757111330621862611171,13698.55282895195408400713987
1720295999999,2024-07-06 19:59,12813.41757111330621862611171,13827.60911954057843400668192
1720310399999,2024-07-06 23:59,12813.41757111330621862611171,13916.54637622036337430191641
1720324799999,2024-07-07 03:59,12813.41757111330621862611171,13852.81286837018589303698081
1720339199999,2024-07-07 07:59,12813.41757111330621862611171,13710.98263149915571442782871
1720353599999,2024-07-07 11:59,12813.41757111330621862611171,13732.49400483646813038949383
1720367999999,2024-07-07 15:59,12813.41757111330621862611171,13580.83655241571807016336951
1720382399999,2024-07-07 19:59,12813.41757111330621862611171,13658.67039386106756055771564
1720396799999,2024-07-07 23:59,12813.41757111330621862611171,13349.58869156784709128694708
1720411199999,2024-07-08 03:59,12813.41757111330621862611171,13182.82237321681271890554592
1720425599999,2024-07-08 07:59,12813.41757111330621862611171,13348.20255707883018191490333
1720439999999,2024-07-08 11:59,12813.41757111330621862611171,13659.36585099262604439782725
1720454399999,2024-07-08 15:59,12813.41757111330621862611171,13326.57646916311636655693114
1720468799999,2024-07-08 19:59,12813.41757111330621862611171,13497.64219431715318714575765
1720483199999,2024-07-08 23:59,12813.41757111330621862611171,13554.35660390139504284915448
1720497599999,2024-07-09 03:59,12813.41757111330621862611171,13662.79533890941788051659066
1720511999999,2024-07-09 07:59,12813.41757111330621862611171,13650.48264082766767864629861
1720526399999,2024-07-09 11:59,12813.41757111330621862611171,13724.84875616342486645644565
1720540799999,2024-07-09 15:59,12813.41757111330621862611171,13736.55920270856772149612558
1720555199999,2024-07-09 19:59,12813.41757111330621862611171,13828.56985413469015395075362
1720569599999,2024-07-09 23:59,12813.41757111330621862611171,13873.49734078818822168359914
1720583999999,2024-07-10 03:59,12813.41757111330621862611171,13904.56826232561725400418665
1720598399999,2024-07-10 07:59,12813.41757111330621862611171,14095.27646914384369205650895
1720612799999,2024-07-10 11:59,12813.41757111330621862611171,13979.13034839947683244969159
1720627199999,2024-07-10 15:59,12813.41757111330621862611171,13789.77720753861692476624655
1720641599999,2024-07-10 19:59,12813.41757111330621862611171,13716.24994255741997004159495
1720655999999,2024-07-10 23:59,12813.41757111330621862611171,13796.02915206149319186498179
1720670399999,2024-07-11 03:59,12813.41757111330621862611171,13758.30478497678299455858429
1720684799999,2024-07-11 07:59,12813.41757111330621862611171,13907.31424254610075205328711
1720699199999,2024-07-11 11:59,12813.41757111330621862611171,14047.47872814326061026189698
1720713599999,2024-07-11 15:59,12813.41757111330621862611171,13718.63504983334906582314609
1720727999999,2024-07-11 19:59,12813.41757111330621862611171,13712.89932091327909600779265
1720742399999,2024-07-11 23:59,12813.41757111330621862611171,13703.78907147856796061773961
1720756799999,2024-07-12 03:59,12813.41757111330621862611171,13602.00856179192634624429289
1720771199999,2024-07-12 07:59,12813.41757111330621862611171,13648.11665264813881609746532
1720785599999,2024-07-12 11:59,12813.41757111330621862611171,13671.20296155142044460426290
1720799999999,2024-07-12 15:59,12813.41757111330621862611171,13912.69148840866634875518095
1720814399999,2024-07-12 19:59,12813.41757111330621862611171,13760.21908450385634698445850
1720828799999,2024-07-12 23:59,12813.41757111330621862611171,13835.04405815321913237983381
1720843199999,2024-07-13 03:59,12813.41757111330621862611171,13817.09600640750018516595702
1720857599999,2024-07-13 07:59,12813.41757111330621862611171,13902.25246177413900369123770
1720871999999,2024-07-13 11:59,12813.41757111330621862611171,13989.16787400959927962656011
1720886399999,2024-07-13 15:59,12813.41757111330621862611171,14060.05909357461407739023885
1720900799999,2024-07-13 19:59,12813.41757111330621862611171,14010.76767316776277428954525
1720915199999,2024-07-13 23:59,12813.41757111330621862611171,14149.29508613565266194668966
1720929599999,2024-07-14 03:59,12813.41757111330621862611171,14211.94119537806687810079784
1720943999999,2024-07-14 07:59,12813.41757111330621862611171,14354.34500514110405369148528
1720958399999,2024-07-14 11:59,12813.41757111330621862611171,14363.20909620966218621029607
1720972799999,2024-07-14 15:59,12813.41757111330621862611171,14359.60036676411816353480287
1720987199999,2024-07-14 19:59,12813.41757111330621862611171,14319.44787443657834567323908
1721001599999,2024-07-14 23:59,12813.41757111330621862611171,14530.21679315274950315476002
1721015999999,2024-07-15 03:59,12813.41757111330621862611171,14972.33633785994289313856181
1721030399999,2024-07-15 07:59,12813.41757111330621862611171,15018.28191639675338051363257
1721044799999,2024-07-15 11:59,12813.41757111330621862611171,14926.00359762102768280095470
1721059199999,2024-07-15 15:59,12813.41757111330621862611171,15062.70513688269529673354493
1721073599999,2024-07-15 19:59,12813.41757111330621862611171,15138.22556766361656596903184
1721087999999,2024-07-15 23:59,12813.41757111330621862611171,15468.54141639634606932705678
1721102399999,2024-07-16 03:59,12813.41757111330621862611171,15475.23310013642770077830245
1721116799999,2024-07-16 07:59,12813.41757111330621862611171,15031.40000641436340731216382
1721131199999,2024-07-16 11:59,12813.41757111330621862611171,15234.80329324234471188913506
1721145599999,2024-07-16 15:59,12813.41757111330621862611171,15505.36957583729533384980530
1721159999999,2024-07-16 19:59,12813.41757111330621862611171,15574.00474202708261015277836
1721174399999,2024-07-16 23:59,12813.41757111330621862611171,15544.98195369152856288708997
1721188799999,2024-07-17 03:59,12813.41757111330621862611171,15702.15765531079593990640224
1721203199999,2024-07-17 07:59,12813.41757111330621862611171,15596.12792644920248956141451
1721217599999,2024-07-17 11:59,12813.41757111330621862611171,15468.44343102729487400937782
1721231999999,2024-07-17 15:59,12813.41757111330621862611171,15468.51034786469569032389028
1721246399999,2024-07-17 19:59,12813.41757111330621862611171,15435.47493917214269334154422
1721260799999,2024-07-17 23:59,12813.41757111330621862611171,15316.50875170874143190884476
1721275199999,2024-07-18 03:59,12813.41757111330621862611171,15502.22448447945696706771983
1721289599999,2024-07-18 07:59,12813.41757111330621862611171,15455.12459049748239826730920
1721303999999,2024-07-18 11:59,12813.41757111330621862611171,15476.63357394774478507488459
1721318399999,2024-07-18 15:59,12813.41757111330621862611171,15185.09603248878833597682834
1721332799999,2024-07-18 19:59,12813.41757111330621862611171,15189.13016182923754808029359
1721347199999,2024-07-18 23:59,12813.41757111330621862611171,15292.59315199909968693291066
1721361599999,2024-07-19 03:59,12813.41757111330621862611171,15373.15146468148241298954967
1721375999999,2024-07-19 07:59,12813.41757111330621862611171,15222.35198171169281908163864
1721390399999,2024-07-19 11:59,12813.41757111330621862611171,15323.20282533587309251418016
1721404799999,2024-07-19 15:59,12813.41757111330621862611171,15734.44741924373984081275235
1721419199999,2024-07-19 19:59,12813.41757111330621862611171,16050.02961431303960920758815
1721433599999,2024-07-19 23:59,12813.41757111330621862611171,15931.19009086328989294164441
1721447999999,2024-07-20 03:59,12813.41757111330621862611171,15917.33113586017082837529667
1721462399999,2024-07-20 07:59,12813.41757111330621862611171,15907.83611461040499917679700
1721476799999,2024-07-20 11:59,12813.41757111330621862611171,15889.05399228422587718560423
1721491199999,2024-07-20 15:59,12813.41757111330621862611171,15970.62322718877093542219929
1721505599999,2024-07-20 19:59,12813.41757111330621862611171,16065.97972048493418360245016
1721519999999,2024-07-20 23:59,12813.41757111330621862611171,16045.89510971648917263235422
1721534399999,2024-07-21 03:59,12813.41757111330621862611171,16053.39218539243062901183910
1721548799999,2024-07-21 07:59,12813.41757111330621862611171,15941.22522658636231096442319
1721563199999,2024-07-21 11:59,12813.41757111330621862611171,15983.76521607688125376162785
1721577599999,2024-07-21 15:59,12813.41757111330621862611171,16051.64039818475925906406657
1721591999999,2024-07-21 19:59,12813.41757111330621862611171,16113.30426384961149288729548
1721606399999,2024-07-21 23:59,12813.41757111330621862611171,16290.94934805237857468515032
1721620799999,2024-07-22 03:59,12813.41757111330621862611171,16222.75870085389672104286715
1721635199999,2024-07-22 07:59,12813.41757111330621862611171,16068.84758494496916851012688
1721649599999,2024-07-22 11:59,12813.41757111330621862611171,16135.76681223283551217667337
1721663999999,2024-07-22 15:59,12813.41757111330621862611171,16027.71045915281733916359409
1721678399999,2024-07-22 19:59,12813.41757111330621862611171,16306.89706433722311992592260
1721692799999,2024-07-22 23:59,12813.41757111330621862611171,16139.59063151288215872024233
1721707199999,2024-07-23 03:59,12813.41757111330621862611171,16125.72450684861300669162540
1721721599999,2024-07-23 07:59,12813.41757111330621862611171,15911.11503964304499858790738
1721735999999,2024-07-23 11:59,12813.41757111330621862611171,15935.01630003038656863930310
1721750399999,2024-07-23 15:59,12813.41757111330621862611171,15913.02933917011835101378159
1721764799999,2024-07-23 19:59,12813.41757111330621862611171,15662.56917632706300241001488
1721779199999,2024-07-23 23:59,12813.41757111330621862611171,15758.16465832822916599923881
1721793599999,2024-07-24 03:59,12813.41757111330621862611171,15786.05464020206939422639490
1721807999999,2024-07-24 07:59,12813.41757111330621862611171,15792.09866455159312491932358
1721822399999,2024-07-24 11:59,12813.41757111330621862611171,15861.40299911538856436742121
1721836799999,2024-07-24 15:59,12813.41757111330621862611171,15815.51955764187883499868345
1721851199999,2024-07-24 19:59,12813.41757111330621862611171,15690.28947622035116069680009
1721865599999,2024-07-24 23:59,12813.41757111330621862611171,15624.32859363954650782023557
1721879999999,2024-07-25 03:59,12813.41757111330621862611171,15317.84708845675775819909389
1721894399999,2024-07-25 07:59,12813.41757111330621862611171,15327.50462202592556987569524
1721908799999,2024-07-25 11:59,12813.41757111330621862611171,15318.42305123581478433471897
1721923199999,2024-07-25 15:59,12813.41757111330621862611171,15484.49152256824064372191879
1721937599999,2024-07-25 19:59,12813.41757111330621862611171,15460.86270930460239723675237
1721951999999,2024-07-25 23:59,12813.41757111330621862611171,15725.64785512553249545436429
1721966399999,2024-07-26 03:59,12813.41757111330621862611171,16022.48616606145360832344300
1721980799999,2024-07-26 07:59,12813.41757111330621862611171,15986.29132668876206963447309
1721995199999,2024-07-26 11:59,12813.41757111330621862611171,16089.40061357521989368181003
1722009599999,2024-07-26 15:59,12813.41757111330621862611171,16146.28231525296379017148800
1722023999999,2024-07-26 19:59,12813.41757111330621862611171,16249.04506851716738687581401
1722038399999,2024-07-26 23:59,12813.41757111330621862611171,16229.44560481987829418593337
1722052799999,2024-07-27 03:59,12821.22519535481234875876597,16203.15923715660762835298652
1722067199999,2024-07-27 07:59,12843.24613442105916977096700,16260.20106126670347816667644
1722081599999,2024-07-27 11:59,12842.69561094440299924566197,16301.59390497320842700081041
1722095999999,2024-07-27 15:59,12834.43775879456044136608659,16453.14142258965714613880711
1722110399999,2024-07-27 19:59,12828.93252402799873611303633,16310.22617699791373157291733
1722124799999,2024-07-27 23:59,12812.41681972831362035388556,16226.69962459939479613683291
1722139199999,2024-07-28 03:59,12806.91158496175191510083530,16237.32267253677438606568542
1722153599999,2024-07-28 07:59,12796.45163890528467512003981,16146.48545565221626826911510
1722167999999,2024-07-28 11:59,12814.06839015828213192980064,16212.24080794671841389396279
1722182399999,2024-07-28 15:59,12805.26001453178340352492023,16166.59396529116157078010836
1722196799999,2024-07-28 19:59,12825.62938316806171296120618,16278.20169052752306677052731
1722211199999,2024-07-28 23:59,12825.07885969140554243590115,16311.15345317332504335973280
1722225599999,2024-07-29 03:59,12871.32283173052386656152331,16573.51286363847555017626817
1722239999999,2024-07-29 07:59,12879.03016040371025391579367,16616.61208669870131503046978
1722254399999,2024-07-29 11:59,12899.44067347358334617780942,16629.03949935885291629706889
1722268799999,2024-07-29 15:59,12803.49207765181082598555045,16276.28978088749974349874283
1722283199999,2024-07-29 19:59,12729.50973265144798605621949,16084.87177761541464668177055
1722297599999,2024-07-29 23:59,12716.38136192240456397213611,15960.98959249010341528649524
1722311999999,2024-07-30 03:59,12724.38646602547982134047963,15919.24065561314412249299142
1722326399999,2024-07-30 07:59,12724.38646602547982134047963,16000.97479272414119236177789
1722340799999,2024-07-30 11:59,12704.53380784985318306698769,15910.63945212008919692405100
1722355199999,2024-07-30 15:59,12702.29237870099211100385150,15825.08149572904548051169557
1722369599999,2024-07-30 19:59,12673.98203660649417041297228,15756.97210469026461810846325
1722383999999,2024-07-30 23:59,12673.98203660649417041297228,15818.38742210191381990636016
1722398399999,2024-07-31 03:59,12653.60561625697726286314713,15787.31889045153481673986238
1722412799999,2024-07-31 07:59,12658.44563515591276206478715,15826.99101548201877462939032
1722427199999,2024-07-31 11:59,12661.67231442186976153254716,15795.92487371868980061698227
1722441599999,2024-07-31 15:59,12661.13453454421026162125383,15864.27086357542354927509792
1722455999999,2024-07-31 19:59,12636.39666017187326570176040,15595.84830966434907853291603
1722470399999,2024-07-31 23:59,12606.81876690060077058062696,15445.56504229736578190838681
1722484799999,2024-08-01 03:59,12606.81876690060077058062696,15257.27774755613062684210998
1722499199999,2024-08-01 07:59,12606.81876690060077058062696,15350.95785580337961778699734
1722513599999,2024-08-01 11:59,12606.81876690060077058062696,15433.44159470180563594892552
1722527999999,2024-08-01 15:59,12606.81876690060077058062696,15011.63293571956079707855480
1722542399999,2024-08-01 19:59,12606.81876690060077058062696,15134.62357353023531545163644
1722556799999,2024-08-01 23:59,12606.81876690060077058062696,15595.65293298504076401099205
1722571199999,2024-08-02 03:59,12606.81876690060077058062696,15417.91414897444180732601090
1722585599999,2024-08-02 07:59,12606.81876690060077058062696,15311.69897504318448815672359
1722599999999,2024-08-02 11:59,12606.81876690060077058062696,15430.04354910233336117421668
1722614399999,2024-08-02 15:59,12606.81876690060077058062696,15133.19181274394081765330407
1722628799999,2024-08-02 19:59,12606.81876690060077058062696,14946.48066113922967476544003
1722643199999,2024-08-02 23:59,12606.81876690060077058062696,14675.58197530040206133563229
1722657599999,2024-08-03 03:59,12606.81876690060077058062696,14770.47430768004706041644106
1722671999999,2024-08-03 07:59,12606.81876690060077058062696,14714.64040955051596127413950
1722686399999,2024-08-03 11:59,12606.81876690060077058062696,14776.05578847861844433360677
1722700799999,2024-08-03 15:59,12606.81876690060077058062696,14527.79324067110684109543389
1722715199999,2024-08-03 19:59,12606.81876690060077058062696,14376.74247771703732337136823
1722729599999,2024-08-03 23:59,12606.81876690060077058062696,14484.59940401657900001607666
1722743999999,2024-08-04 03:59,12606.81876690060077058062696,14493.43098180003889393545687
1722758399999,2024-08-04 07:59,12606.81876690060077058062696,14407.28432155667611890612836
1722772799999,2024-08-04 11:59,12606.81876690060077058062696,14531.84989623227458485737562
1722787199999,2024-08-04 15:59,12606.81876690060077058062696,14099.93777863474490652343944
1722801599999,2024-08-04 19:59,12606.81876690060077058062696,14140.89806846265333103739816
1722815999999,2024-08-04 23:59,12606.81876690060077058062696,13879.20560447969933845086759
1722830399999,2024-08-05 03:59,12606.81876690060077058062696,12860.23815674974535785202952
1722844799999,2024-08-05 07:59,12606.81876690060077058062696,12569.90570450494709430619033
1722859199999,2024-08-05 11:59,12606.81876690060077058062696,12251.53221726057109138001155
1722873599999,2024-08-05 15:59,12606.81876690060077058062696,12962.90017766301516498512198
1722887999999,2024-08-05 19:59,12606.81876690060077058062696,12759.82877280691222725497999
1722902399999,2024-08-05 23:59,12606.81876690060077058062696,12890.76806924949836590513688
1722916799999,2024-08-06 03:59,12606.81876690060077058062696,13283.76731494352075157672964
1722931199999,2024-08-06 07:59,12606.81876690060077058062696,13363.53070834798722392182631
1722945599999,2024-08-06 11:59,12606.81876690060077058062696,13175.02031068849932880072458
1722959999999,2024-08-06 15:59,12606.81876690060077058062696,13460.41318822058157494231708
1722974399999,2024-08-06 19:59,12606.81876690060077058062696,13546.19713573141641052940138
1722988799999,2024-08-06 23:59,12606.81876690060077058062696,13368.78527043368803084170613
1723003199999,2024-08-07 03:59,12606.81876690060077058062696,13569.22939424694056511190820
1723017599999,2024-08-07 07:59,12606.81876690060077058062696,13583.28689890037537599520158
1723031999999,2024-08-07 11:59,12606.81876690060077058062696,13593.42137899936326291106425
1723046399999,2024-08-07 15:59,12606.81876690060077058062696,13386.08332700010272174189178
1723060799999,2024-08-07 19:59,12606.81876690060077058062696,13067.44973654621655171568263
1723075199999,2024-08-07 23:59,12606.81876690060077058062696,13156.92046808175971913347280
1723089599999,2024-08-08 03:59,12606.81876690060077058062696,13614.02918925009540122172825
1723103999999,2024-08-08 07:59,12606.81876690060077058062696,13648.33179142173441097344142
1723118399999,2024-08-08 11:59,12606.81876690060077058062696,13678.64216726758892936413782
1723132799999,2024-08-08 15:59,12606.81876690060077058062696,14181.55291598948559602104597
1723147199999,2024-08-08 19:59,12606.81876690060077058062696,14178.32668168436866098213702
1723161599999,2024-08-08 23:59,12593.91285778793302417607070,14720.36268015973963747480790
1723175999999,2024-08-09 03:59,12590.05562849457811582506298,14642.18854122806005768586017
1723190399999,2024-08-09 07:59,12564.76934757147371663512346,14524.11122918235282425738913
1723204799999,2024-08-09 11:59,12529.83999341498204656766464,14474.39810841423070320295848
1723219199999,2024-08-09 15:59,12500.69648319852273902671740,14272.75607807644510577481832
1723233599999,2024-08-09 19:59,12518.05401501861982660625215,14480.64535797842902859634875
1723247999999,2024-08-09 23:59,12516.55398140453736224752692,14518.00715569678394864383210
1723262399999,2024-08-10 03:59,12535.41154683871691418578690,14422.52064259082673297671540
1723276799999,2024-08-10 07:59,12529.62570289868455165927532,14518.96404915562410467238424
1723291199999,2024-08-10 11:59,12535.84012787131190400256554,14537.78693095944243572779387
1723305599999,2024-08-10 15:59,12552.76907865881400176532166,14441.14546415254099183668905
1723319999999,2024-08-10 19:59,12539.26877613207182253679463,14560.59249401713662815889807
1723334399999,2024-08-10 23:59,12524.26843999124717894954237,14538.41451943743485726272957
1723348799999,2024-08-11 03:59,12534.55438477352693455222963,14576.95274726852842300117602
1723363199999,2024-08-11 07:59,12539.91164768096430726196258,14617.99417020766020239037357
1723377599999,2024-08-11 11:59,12506.48232713855510155322898,14477.71740717045678059875904
1723391999999,2024-08-11 15:59,12484.62688586908959616134810,14348.41509056020068443136217
1723406399999,2024-08-11 19:59,12484.62688586908959616134810,14227.62697809244253517138183
1723420799999,2024-08-11 23:59,12484.62688586908959616134810,14010.82975983172967854789347
1723435199999,2024-08-12 03:59,12484.62688586908959616134810,13962.36704348363808557067309
1723449599999,2024-08-12 07:59,12484.62688586908959616134810,14001.76671405448550748444953
1723463999999,2024-08-12 11:59,12484.62688586908959616134810,14282.65193137771724305762559
1723478399999,2024-08-12 15:59,12484.62688586908959616134810,14367.52432452127791504643828
1723492799999,2024-08-12 19:59,12484.62688586908959616134810,14089.90829432675194944612114
1723507199999,2024-08-12 23:59,12484.62688586908959616134810,14162.13108092340073338666729
1723521599999,2024-08-13 03:59,12484.62688586908959616134810,14088.95855967184326590656067
1723535999999,2024-08-13 07:59,12484.62688586908959616134810,14136.21859695944748073318184
1723550399999,2024-08-13 11:59,12484.62688586908959616134810,14038.84693215153584296492751
1723564799999,2024-08-13 15:59,12484.62688586908959616134810,14192.10737925245320229108614
1723579199999,2024-08-13 19:59,12484.62688586908959616134810,14513.75005362553497519012384
1723593599999,2024-08-13 23:59,12484.62688586908959616134810,14458.15000975776531068821657
1723607999999,2024-08-14 03:59,12484.62688586908959616134810,14545.41105714646063650391378
1723622399999,2024-08-14 07:59,12484.62688586908959616134810,14536.14995112711239324503386
1723636799999,2024-08-14 11:59,12484.62688586908959616134810,14627.50822063258714026029221
1723651199999,2024-08-14 15:59,12484.62688586908959616134810,14183.38079725998823821025031
1723665599999,2024-08-14 19:59,12484.62688586908959616134810,14053.43418829589961803360387
1723679999999,2024-08-14 23:59,12484.62688586908959616134810,14003.86185733842978926267590
1723694399999,2024-08-15 03:59,12484.62688586908959616134810,13946.49358889958641997982815
1723708799999,2024-08-15 07:59,12484.62688586908959616134810,13855.19258982556345287650309
1723723199999,2024-08-15 11:59,12484.62688586908959616134810,14018.64955999287479402311879
1723737599999,2024-08-15 15:59,12484.62688586908959616134810,14242.35741031543576001989142
1723751999999,2024-08-15 19:59,12484.62688586908959616134810,13613.48512015130349205836194
1723766399999,2024-08-15 23:59,12484.62688586908959616134810,13731.27130750379751093450540
1723780799999,2024-08-16 03:59,12484.62688586908959616134810,13814.53774229873118789285528
1723795199999,2024-08-16 07:59,12484.62688586908959616134810,13949.83675033558407233893425
1723809599999,2024-08-16 11:59,12484.62688586908959616134810,13936.23740913376350075110723
1723823999999,2024-08-16 15:59,12484.62688586908959616134810,13857.74351029314481645386528
1723838399999,2024-08-16 19:59,12484.62688586908959616134810,14242.48865505417942231807189
1723852799999,2024-08-16 23:59,12484.62688586908959616134810,14049.48968732965827659919817
1723867199999,2024-08-17 03:59,12484.62688586908959616134810,14117.20481371745654997132789
1723881599999,2024-08-17 07:59,12484.62688586908959616134810,14138.59293359671918958208303
1723895999999,2024-08-17 11:59,12484.62688586908959616134810,14112.13399426599687026890073
1723910399999,2024-08-17 15:59,12484.62688586908959616134810,14172.02693422467287066947456
1723924799999,2024-08-17 19:59,12484.62688586908959616134810,14192.32930217432884944982766
1723939199999,2024-08-17 23:59,12484.62688586908959616134810,14196.81548597138494255126910
1723953599999,2024-08-18 03:59,12484.62688586908959616134810,14159.93094184846152176989654
1723967999999,2024-08-18 07:59,12484.62688586908959616134810,14216.23970730544696268197833
1723982399999,2024-08-18 11:59,12484.62688586908959616134810,14323.76971489211806232940087
1723996799999,2024-08-18 15:59,12484.62688586908959616134810,14285.58465472164380604787641
1724011199999,2024-08-18 19:59,12484.62688586908959616134810,14248.45193872909600564812624
1724025599999,2024-08-18 23:59,12484.62688586908959616134810,13942.76385205128925321517231
1724039999999,2024-08-19 03:59,12484.62688586908959616134810,14016.61884594431376464581737
1724054399999,2024-08-19 07:59,12484.62688586908959616134810,13960.62268159233595575303815
1724068799999,2024-08-19 11:59,12484.62688586908959616134810,13935.50959740073046437028828
1724083199999,2024-08-19 15:59,12484.62688586908959616134810,13969.46380444770447965774057
1724097599999,2024-08-19 19:59,12484.62688586908959616134810,14071.66527564138288999903612
1724111999999,2024-08-19 23:59,12484.62688586908959616134810,14184.05133856156949467913597
1724126399999,2024-08-20 03:59,12484.62688586908959616134810,14465.79322608860077143498090
1724140799999,2024-08-20 07:59,12484.62688586908959616134810,14538.61019341156177196183499
1724155199999,2024-08-20 11:59,12484.62688586908959616134810,14441.84464066984813826154136
1724169599999,2024-08-20 15:59,12484.62688586908959616134810,14037.78027036574644210516989
1724183999999,2024-08-20 19:59,12484.62688586908959616134810,14201.58802192569993521237702
1724198399999,2024-08-20 23:59,12484.62688586908959616134810,14082.70653757169062552050929
1724212799999,2024-08-21 03:59,12484.62688586908959616134810,14155.77406303225316316207154
1724227199999,2024-08-21 07:59,12484.62688586908959616134810,14249.31576773682701931978677
1724241599999,2024-08-21 11:59,12484.62688586908959616134810,14165.59116949027910306597053
1724255999999,2024-08-21 15:59,12484.62688586908959616134810,14201.54268283413394278209649
1724270399999,2024-08-21 19:59,12484.62688586908959616134810,14692.68435789268983753671252
1724284799999,2024-08-21 23:59,12484.62688586908959616134810,14593.90002244230096194077024
1724299199999,2024-08-22 03:59,12484.62688586908959616134810,14449.02253474513788722384767
1724313599999,2024-08-22 07:59,12484.62688586908959616134810,14552.92302873855243495249764
1724327999999,2024-08-22 11:59,12484.62688586908959616134810,14636.86716363899884086872484
1724342399999,2024-08-22 15:59,12484.62688586908959616134810,14415.25684286835931414650914
1724356799999,2024-08-22 19:59,12484.62688586908959616134810,14391.53733917541380062080278
1724371199999,2024-08-22 23:59,12484.62688586908959616134810,14407.72578113245025572728084
1724385599999,2024-08-23 03:59,12484.62688586908959616134810,14459.61995083169432842783781
1724399999999,2024-08-23 07:59,12484.62688586908959616134810,14573.19676147248252377688409
1724414399999,2024-08-23 11:59,12484.62688586908959616134810,14495.02500880878010148426691
1724428799999,2024-08-23 15:59,12484.62688586908959616134810,14683.86709771709288859531564
1724443199999,2024-08-23 19:59,12484.62688586908959616134810,15183.97875410178381205648400
1724457599999,2024-08-23 23:59,12484.62688586908959616134810,15281.43393828889596219630772
1724471999999,2024-08-24 03:59,12484.62688586908959616134810,15232.46056059369266500434880
1724486399999,2024-08-24 07:59,12501.31961042692161717318130,15347.71491762242258027377451
1724500799999,2024-08-24 11:59,12513.58521419690461283816066,15249.88031682694238821739271
1724515199999,2024-08-24 15:59,12538.58817572802379630908013,15266.82043319678345466799527
1724529599999,2024-08-24 19:59,12549.43851752454721555117726,15322.80227994089831858279117
1724543999999,2024-08-24 23:59,12504.15013437384077001894577,15310.01426985131129574735250
1724558399999,2024-08-25 03:59,12477.73191086926201012514406,15296.65116917922931629625032
1724572799999,2024-08-25 07:59,12404.35276767884075304915975,15241.11078201088858920260690
1724587199999,2024-08-25 11:59,12404.35276767884075304915975,15242.45902341798257462936989
1724601599999,2024-08-25 15:59,12404.35276767884075304915975,15304.08439392807491736592591
1724615999999,2024-08-25 19:59,12404.35276767884075304915975,15317.26852450187008459223653
1724630399999,2024-08-25 23:59,12404.35276767884075304915975,15325.04537183942636513351189
1724644799999,2024-08-26 03:59,12404.35276767884075304915975,15299.98717181129549616636476
1724659199999,2024-08-26 07:59,12404.35276767884075304915975,15183.54206706196399022799262
1724673599999,2024-08-26 11:59,12404.35276767884075304915975,15238.90109786404074760051394
1724687999999,2024-08-26 15:59,12404.35276767884075304915975,15160.99660721377996489691881
1724702399999,2024-08-26 19:59,12404.35276767884075304915975,15115.76728397473677944759905
1724716799999,2024-08-26 23:59,12404.35276767884075304915975,14994.30863020539737371873305
1724731199999,2024-08-27 03:59,12404.35276767884075304915975,15026.76187469473932381426690
1724745599999,2024-08-27 07:59,12404.35276767884075304915975,15010.60922675736023115274715
1724759999999,2024-08-27 11:59,12404.35276767884075304915975,14894.80125555792977673463292
1724774399999,2024-08-27 15:59,12404.35276767884075304915975,14725.88450425888208398370976
1724788799999,2024-08-27 19:59,12404.35276767884075304915975,14819.63620054544579981851374
1724803199999,2024-08-27 23:59,12404.35276767884075304915975,14178.44360881524937830233416
1724817599999,2024-08-28 03:59,12404.35276767884075304915975,14229.51212979439695727251946
1724831999999,2024-08-28 07:59,12404.35276767884075304915975,13984.19662293867486200258072
1724846399999,2024-08-28 11:59,12404.35276767884075304915975,14302.52954362743918749114008
1724860799999,2024-08-28 15:59,12404.35276767884075304915975,14079.41348776321328058434483
1724875199999,2024-08-28 19:59,12404.35276767884075304915975,14055.27638717426520520079152
1724889599999,2024-08-28 23:59,12404.35276767884075304915975,14087.74156300349294277797815
1724903999999,2024-08-29 03:59,12404.35276767884075304915975,14113.08372892090555380846120
1724918399999,2024-08-29 07:59,12404.35276767884075304915975,14218.74290241348517633272944
1724932799999,2024-08-29 11:59,12404.35276767884075304915975,14334.04259853378108403243567
1724947199999,2024-08-29 15:59,12404.35276767884075304915975,14504.16680142927046992661913
1724961599999,2024-08-29 19:59,12404.35276767884075304915975,14140.97920157387668591263699
1724975999999,2024-08-29 23:59,12404.35276767884075304915975,14165.08289441114455634756254
1724990399999,2024-08-30 03:59,12404.35276767884075304915975,14087.05193155809442633844805
1725004799999,2024-08-30 07:59,12404.35276767884075304915975,14144.10521262395300610566268
1725019199999,2024-08-30 11:59,12404.35276767884075304915975,14173.90969965865013527428164
1725033599999,2024-08-30 15:59,12404.35276767884075304915975,13863.45384956248270517288090
1725047999999,2024-08-30 19:59,12404.35276767884075304915975,14007.83022098444270566038714
1725062399999,2024-08-30 23:59,12404.35276767884075304915975,14109.00082441198907758688338
1725076799999,2024-08-31 03:59,12404.35276767884075304915975,14134.77729110124435294952725
1725091199999,2024-08-31 07:59,12404.35276767884075304915975,14102.08303354620949572460745
1725105599999,2024-08-31 11:59,12404.35276767884075304915975,14108.28494401884182868771719
1725119999999,2024-08-31 15:59,12404.35276767884075304915975,14080.97410702027428318452712
1725134399999,2024-08-31 19:59,12404.35276767884075304915975,14045.05122889214533342436780
1725148799999,2024-08-31 23:59,12404.35276767884075304915975,14073.20680475462663262857398
1725163199999,2024-09-01 03:59,12404.35276767884075304915975,13965.87724367803676267291797
1725177599999,2024-09-01 07:59,12404.35276767884075304915975,13955.00302050613005189458357
1725191999999,2024-09-01 11:59,12404.35276767884075304915975,13898.18120743405574927143268
1725206399999,2024-09-01 15:59,12404.35276767884075304915975,13892.56870515178131790196977
1725220799999,2024-09-01 19:59,12404.35276767884075304915975,13963.44086407335895891942238
1725235199999,2024-09-01 23:59,12404.35276767884075304915975,13674.19177749019019870765468
1725249599999,2024-09-02 03:59,12404.35276767884075304915975,13779.22336250477739969698723
1725263999999,2024-09-02 07:59,12404.35276767884075304915975,13732.92499121196765589157930
1725278399999,2024-09-02 11:59,12404.35276767884075304915975,13941.48958495148715017465650
1725292799999,2024-09-02 15:59,12404.35276767884075304915975,13969.16552095055979261642133
1725307199999,2024-09-02 19:59,12404.35276767884075304915975,13945.78009477441632857699252
1725321599999,2024-09-02 23:59,12404.35276767884075304915975,14110.94324654539527959995430
1725335999999,2024-09-03 03:59,12404.35276767884075304915975,14105.89867604168433235716323
1725350399999,2024-09-03 07:59,12404.35276767884075304915975,14106.13968910737723948654918
1725364799999,2024-09-03 11:59,12404.35276767884075304915975,14096.59461719874725416433334
1725379199999,2024-09-03 15:59,12404.35276767884075304915975,13775.16432067563249843871494
1725393599999,2024-09-03 19:59,12404.35276767884075304915975,13851.76352274238813064949705
1725407999999,2024-09-03 23:59,12404.35276767884075304915975,13718.54534038161658300366114
1725422399999,2024-09-04 03:59,12404.35276767884075304915975,13519.59024778611032644372473
1725436799999,2024-09-04 07:59,12404.35276767884075304915975,13541.54868571191360767748227
1725451199999,2024-09-04 11:59,12404.35276767884075304915975,13500.26624970708892115889876
1725465599999,2024-09-04 15:59,12404.35276767884075304915975,13872.76268094137409835837190
1725479999999,2024-09-04 19:59,12404.35276767884075304915975,13854.62943058295428374249236
1725494399999,2024-09-04 23:59,12404.35276767884075304915975,13833.84265023393533320703682
1725508799999,2024-09-05 03:59,12404.35276767884075304915975,13634.47473327838082978191457
1725523199999,2024-09-05 07:59,12404.35276767884075304915975,13639.17090865742678256044477
1725537599999,2024-09-05 11:59,12404.35276767884075304915975,13530.09698568953478278715382
1725551999999,2024-09-05 15:59,12404.35276767884075304915975,13357.80843773876354772115791
1725566399999,2024-09-05 19:59,12404.35276767884075304915975,13377.85308874688651689781117
1725580799999,2024-09-05 23:59,12404.35276767884075304915975,13406.48591820479931536812814
1725595199999,2024-09-06 03:59,12404.35276767884075304915975,13503.84565167282516565472970
1725609599999,2024-09-06 07:59,12404.35276767884075304915975,13316.83144403501502073288531
1725623999999,2024-09-06 11:59,12404.35276767884075304915975,13363.31594423004304925207645
1725638399999,2024-09-06 15:59,12404.35276767884075304915975,12897.02009134965100629118826
1725652799999,2024-09-06 19:59,12404.35276767884075304915975,12775.14622695228619620080586
1725667199999,2024-09-06 23:59,12404.35276767884075304915975,12877.44314886505090639532357
1725681599999,2024-09-07 03:59,12404.35276767884075304915975,12843.06657238612001425736322
1725695999999,2024-09-07 07:59,12404.35276767884075304915975,12954.52676333116951036120814
1725710399999,2024-09-07 11:59,12404.35276767884075304915975,12964.07183523979949568342398
1725724799999,2024-09-07 15:59,12404.35276767884075304915975,13072.40840140274982909057375
1725739199999,2024-09-07 19:59,12404.35276767884075304915975,12982.68711172960512455807542
1725753599999,2024-09-07 23:59,12404.35276767884075304915975,12924.66500586502060128065588
1725767999999,2024-09-08 03:59,12404.35276767884075304915975,12982.44371239593505993235891
1725782399999,2024-09-08 07:59,12404.35276767884075304915975,12990.38043968796089272778138
1725796799999,2024-09-08 11:59,12404.35276767884075304915975,13018.97508885823917125680948
1725811199999,2024-09-08 15:59,12404.35276767884075304915975,12811.58931149943548016102594
1725825599999,2024-09-08 19:59,12404.35276767884075304915975,12966.69911628264989914336389
1725839999999,2024-09-08 23:59,12404.35276767884075304915975,13093.87288185728150858390662
1725854399999,2024-09-09 03:59,12404.35276767884075304915975,13152.34837863752595616413141
1725868799999,2024-09-09 07:59,12404.35276767884075304915975,13118.70438642758241539965113
1725883199999,2024-09-09 11:59,12404.35276767884075304915975,13188.11137681118535367014361
1725897599999,2024-09-09 15:59,12404.35276767884075304915975,13217.01624081849410672214372
1725911999999,2024-09-09 19:59,12404.35276767884075304915975,13623.52653579918223661733301
1725926399999,2024-09-09 23:59,12404.35276767884075304915975,13612.18221783577549906187948
1725940799999,2024-09-10 03:59,12404.35276767884075304915975,13488.75012044932684386764535
1725955199999,2024-09-10 07:59,12404.35276767884075304915975,13654.31655150844541177047075
1725969599999,2024-09-10 11:59,12404.35276767884075304915975,13656.56680221090493081018314
1725983999999,2024-09-10 15:59,12404.35276767884075304915975,13505.75466605455116271917287
1725998399999,2024-09-10 19:59,12404.35276767884075304915975,13829.33499002508482263862038
1726012799999,2024-09-10 23:59,12404.35276767884075304915975,13753.92414941095362360045414
1726027199999,2024-09-11 03:59,12404.35276767884075304915975,13559.09968668390699318870664
1726041599999,2024-09-11 07:59,12404.35276767884075304915975,13533.43537458957812015359880
1726055999999,2024-09-11 11:59,12404.35276767884075304915975,13553.95489292515543110003231
1726070399999,2024-09-11 15:59,12404.35276767884075304915975,13530.86536397817949660559219
1726084799999,2024-09-11 19:59,12404.35276767884075304915975,13741.87588239428542462748720
1726099199999,2024-09-11 23:59,12404.35276767884075304915975,13682.81574995963739044627669
1726113599999,2024-09-12 03:59,12404.35276767884075304915975,13896.31991841187290213360059
1726127999999,2024-09-12 07:59,12404.35276767884075304915975,13873.75536841987161683188235
1726142399999,2024-09-12 11:59,12404.35276767884075304915975,13854.62465804699996874983125
1726156799999,2024-09-12 15:59,12404.35276767884075304915975,13724.34397156610929908690726
1726171199999,2024-09-12 19:59,12404.35276767884075304915975,13933.37388756117450515444248
1726185599999,2024-09-12 23:59,12404.35276767884075304915975,13872.36178792121163897483884
1726199999999,2024-09-13 03:59,12391.89567617771399420784447,13804.03100439530673154942619
1726214399999,2024-09-13 07:59,12404.55440827365798332362445,13866.87098530577223991823417
1726228799999,2024-09-13 11:59,12401.25213033558563833689924,13810.02769582190351982810830
1726243199999,2024-09-13 15:59,12446.93364181225307731993135,14238.66824002275027069285500
1726257599999,2024-09-13 19:59,12426.56959452747361656845921,14256.94943899575385008122889
1726271999999,2024-09-13 23:59,12456.29009597012472144898612,14436.87643074140623090132802
1726286399999,2024-09-14 03:59,12481.05718050566730884942522,14396.63679384259937027919659
1726300799999,2024-09-14 07:59,12490.96401431988434380960086,14351.00419131541656795001322
1726315199999,2024-09-14 11:59,12534.99438682751561029927037,14247.97707140164166387834600
1726329599999,2024-09-14 15:59,12534.44400717117021946814950,14288.45056256220995914087171
1726343999999,2024-09-14 19:59,12557.00957308133124354410512,14272.70119391297048335921558
1726358399999,2024-09-14 23:59,12581.77665761687383094454422,14316.37705669888413869734471
1726372799999,2024-09-15 03:59,12539.39742407827873694823732,14355.24936204677975392206871
1726387199999,2024-09-15 07:59,12543.80046132904186359720427,14364.81113783124984171859843
1726401599999,2024-09-15 11:59,12515.18071919908154037891909,14318.16198514579794595259907
1726415999999,2024-09-15 15:59,12542.69970201635108193496253,14398.07809970080249806285118
1726430399999,2024-09-15 19:59,12516.83185816811771287228170,14288.98031405313892332625469
1726444799999,2024-09-15 23:59,12435.52153519178315438175985,14110.91222506169223214765710
1726459199999,2024-09-16 03:59,12435.52153519178315438175985,13978.01857514581410400277652
1726473599999,2024-09-16 07:59,12435.52153519178315438175985,14058.19956544628313820572012
1726487999999,2024-09-16 11:59,12435.52153519178315438175985,13999.23249746274424638140122
1726502399999,2024-09-16 15:59,12435.52153519178315438175985,13812.55475360971330844216494
1726516799999,2024-09-16 19:59,12435.52153519178315438175985,13827.42120310740451058151611
1726531199999,2024-09-16 23:59,12435.52153519178315438175985,13891.85043849065691150647303
1726545599999,2024-09-17 03:59,12435.52153519178315438175985,13855.10429791040862551227260
1726559999999,2024-09-17 07:59,12435.52153519178315438175985,14006.72537891101878485934066
1726574399999,2024-09-17 11:59,12435.52153519178315438175985,14098.73987211021184336550135
1726588799999,2024-09-17 15:59,12435.52153519178315438175985,14589.00101428519662197414296
1726603199999,2024-09-17 19:59,12435.52153519178315438175985,14310.40184168408176788563759
1726617599999,2024-09-17 23:59,12435.52153519178315438175985,14392.96671369373114092280460
1726631999999,2024-09-18 03:59,12435.52153519178315438175985,14439.73756604601806900166222
1726646399999,2024-09-18 07:59,12435.52153519178315438175985,14420.17494116928091408378085
1726660799999,2024-09-18 11:59,12435.52153519178315438175985,14281.29175863073747014920983
1726675199999,2024-09-18 15:59,12435.52153519178315438175985,14181.82733680685870809905968
1726689599999,2024-09-18 19:59,12435.52153519178315438175985,14331.87825347849923486062323
1726703999999,2024-09-18 23:59,12435.52153519178315438175985,14738.02106319070511032090720
1726718399999,2024-09-19 03:59,12435.52153519178315438175985,14823.44945677294347895473897
1726732799999,2024-09-19 07:59,12435.52153519178315438175985,14817.72241362776548776140946
1726747199999,2024-09-19 11:59,12460.15066564182102038457762,14949.31316122811562290980758
1726761599999,2024-09-19 15:59,12446.88392277565698062569972,15070.67875054634588628178198
1726775999999,2024-09-19 19:59,12449.53727134888978857747530,15094.05224538260356283955802
1726790399999,2024-09-19 23:59,12429.12442436716598859118212,15021.50969887701567439071764
1726804799999,2024-09-20 03:59,12539.79047003128590747051250,15211.01994281893256047432147
1726819199999,2024-09-20 07:59,12616.79420223195614718796781,15159.15202206743722023340060
1726833599999,2024-09-20 11:59,12572.13119726974622867136840,15138.91646962114165135030302
1726847999999,2024-09-20 15:59,12538.83693705626880876325585,15070.66681920646009880012921
1726862399999,2024-09-20 19:59,12492.19099861124913542232019,14988.37398174620668034464535
1726876799999,2024-09-20 23:59,12498.19642263659720901129241,15081.89659630696327653171615
1726891199999,2024-09-21 03:59,12471.19070433306190827196941,15007.56912135446158082762140
1726905599999,2024-09-21 07:59,12490.37793585919580794587433,15055.64048975429934440663093
1726919999999,2024-09-21 11:59,12484.37251183384773435690211,15055.34220625715465736531168
1726934399999,2024-09-21 15:59,12509.06462302566308184023033,15074.00520810650343616657420
1726948799999,2024-09-21 19:59,12505.12706784850297674953956,15082.50270837316128059967685
1726963199999,2024-09-21 23:59,12555.68224968222335062318425,15117.19188595709980475693977
1726977599999,2024-09-22 03:59,12499.73543533665914717204320,15059.21511918408127390980076
1726991999999,2024-09-22 07:59,12472.41828736007039629492113,15018.64856357240383629038344
1727006399999,2024-09-22 11:59,12440.49316911589848719966897,14982.37729031960989206596325
1727020799999,2024-09-22 15:59,12376.06367444321220760355439,14950.90718823685683045861763
1727035199999,2024-09-22 19:59,12394.83529697505769517185559,15072.10096626073175409479214
1727049599999,2024-09-22 23:59,12347.57934528011821792949501,15172.02832407217907043306977
1727063999999,2024-09-23 03:59,12347.57934528011821792949501,15357.02136273333681596293495
1727078399999,2024-09-23 07:59,12347.57934528011821792949501,15164.88383774856952641939121
1727092799999,2024-09-23 11:59,12347.57934528011821792949501,15137.73288070447153317034825
1727107199999,2024-09-23 15:59,12347.57934528011821792949501,15181.39203961454508603416350
1727121599999,2024-09-23 19:59,12347.57934528011821792949501,15105.16509535222602325094781
1727135999999,2024-09-23 23:59,12347.57934528011821792949501,15115.05140358158953054843286
1727150399999,2024-09-24 03:59,12347.57934528011821792949501,15063.51040154296476730479789
1727164799999,2024-09-24 07:59,12347.57934528011821792949501,15167.53259520321434734630610
1727179199999,2024-09-24 11:59,12347.57934528011821792949501,15148.06542104556349228164690
1727193599999,2024-09-24 15:59,12347.57934528011821792949501,15072.09857999275459659846159
1727207999999,2024-09-24 19:59,12347.57934528011821792949501,15342.30763438618369358873923
1727222399999,2024-09-24 23:59,12347.57934528011821792949501,15335.23473610188887446497730
1727236799999,2024-09-25 03:59,12347.57934528011821792949501,15382.31580329120627706680693
1727251199999,2024-09-25 07:59,12347.57934528011821792949501,15235.16181594383495085053588
1727265599999,2024-09-25 11:59,12347.57934528011821792949501,15233.89232137998716280268118
1727279999999,2024-09-25 15:59,12347.57934528011821792949501,15152.19843718200027592616636
1727294399999,2024-09-25 19:59,12347.57934528011821792949501,15077.23144241162037120548315
1727308799999,2024-09-25 23:59,12347.57934528011821792949501,15070.19433814698291452667953
1727323199999,2024-09-26 03:59,12347.57934528011821792949501,15156.65598576333047907164116
1727337599999,2024-09-26 07:59,12347.57934528011821792949501,15237.24741415587060264344004
1727351999999,2024-09-26 11:59,12347.57934528011821792949501,15366.56404837398964378882024
1727366399999,2024-09-26 15:59,12347.57934528011821792949501,15565.82696953854921737539810
1727380799999,2024-09-26 19:59,12347.57934528011821792949501,15442.22544712572237994169464
1727395199999,2024-09-26 23:59,12347.57934528011821792949501,15552.69295059227435757202911
1727409599999,2024-09-27 03:59,12347.57934528011821792949501,15598.51406828965260211132625
1727423999999,2024-09-27 07:59,12347.57934528011821792949501,15620.94737354291022511486402
1727438399999,2024-09-27 11:59,12347.57934528011821792949501,15615.53770403869418093349820
1727452799999,2024-09-27 15:59,12347.57934528011821792949501,15751.23521882773236726677968
1727467199999,2024-09-27 19:59,12347.57934528011821792949501,15668.18832068669717997084077
1727481599999,2024-09-27 23:59,12347.57934528011821792949501,15694.90497695895250888772290
1727495999999,2024-09-28 03:59,12347.57934528011821792949501,15765.01591639581690857572880
1727510399999,2024-09-28 07:59,12347.57934528011821792949501,15707.80514164346593405069761
1727524799999,2024-09-28 11:59,12347.57934528011821792949501,15701.60084490285644359125731
1727539199999,2024-09-28 15:59,12347.57934528011821792949501,15658.91528332746314923030808
1727553599999,2024-09-28 19:59,12347.57934528011821792949501,15683.94007560391381324882746
1727567999999,2024-09-28 23:59,12347.57934528011821792949501,15715.91606649782426407825052
1727582399999,2024-09-29 03:59,12347.57934528011821792949501,15705.87465084994551951927946
1727596799999,2024-09-29 07:59,12347.57934528011821792949501,15625.00164283610081138047520
1727611199999,2024-09-29 11:59,12347.57934528011821792949501,15676.28492793319256502041035
1727625599999,2024-09-29 15:59,12347.57934528011821792949501,15690.46413225346240821656198
1727639999999,2024-09-29 19:59,12347.57934528011821792949501,15739.97442024352614208289554
1727654399999,2024-09-29 23:59,12347.57934528011821792949501,15654.82999255056951551239970
1727668799999,2024-09-30 03:59,12347.57934528011821792949501,15404.67036170121770269143642
1727683199999,2024-09-30 07:59,12347.57934528011821792949501,15406.65812292618989713478787
1727697599999,2024-09-30 11:59,12347.57934528011821792949501,15229.46102174640569211684247
1727711999999,2024-09-30 15:59,12347.57934528011821792949501,15167.88814913181081429955864
1727726399999,2024-09-30 19:59,12347.57934528011821792949501,15150.37055591149763373696203
1727740799999,2024-09-30 23:59,12347.57934528011821792949501,15112.09243128991423509854595
1727755199999,2024-10-01 03:59,12347.57934528011821792949501,15206.56239423760235732884667
1727769599999,2024-10-01 07:59,12347.57934528011821792949501,15283.50521889306866901122856
1727783999999,2024-10-01 11:59,12347.57934528011821792949501,15209.07274814957204346858944
1727798399999,2024-10-01 15:59,12347.57934528011821792949501,14945.35434265401133649741856
1727812799999,2024-10-01 19:59,12347.57934528011821792949501,14737.06655599984211178868562
1727827199999,2024-10-01 23:59,12347.57934528011821792949501,14510.32098654235965296311780
1727841599999,2024-10-02 03:59,12347.57934528011821792949501,14735.74933607645117381421983
1727855999999,2024-10-02 07:59,12347.57934528011821792949501,14730.24421585314882977963185
1727870399999,2024-10-02 11:59,12347.57934528011821792949501,14595.80426428807264401255230
1727884799999,2024-10-02 15:59,12347.57934528011821792949501,14765.22929066625488348188345
1727899199999,2024-10-02 19:59,12347.57934528011821792949501,14363.38176331293250141659661
1727913599999,2024-10-02 23:59,12347.57934528011821792949501,14472.97589269984483538994832
1727927999999,2024-10-03 03:59,12347.57934528011821792949501,14667.38753106684321893650999
1727942399999,2024-10-03 07:59,12347.57934528011821792949501,14539.00870016374707384903750
1727956799999,2024-10-03 11:59,12347.57934528011821792949501,14500.52774276410528802252434
1727971199999,2024-10-03 15:59,12347.57934528011821792949501,14471.11937621361630324477734
1727985599999,2024-10-03 19:59,12347.57934528011821792949501,14565.25764791247953348513106
1727999999999,2024-10-03 23:59,12347.57934528011821792949501,14497.65706238758481993686793
1728014399999,2024-10-04 03:59,12347.57934528011821792949501,14545.21061063637940681214724
1728028799999,2024-10-04 07:59,12347.57934528011821792949501,14662.53147573332771390383268
1728043199999,2024-10-04 11:59,12347.57934528011821792949501,14664.01096187916536162877614
1728057599999,2024-10-04 15:59,12347.57934528011821792949501,14764.99782267247060633781972
1728071999999,2024-10-04 19:59,12347.57934528011821792949501,14883.10854246985804471491852
1728086399999,2024-10-04 23:59,12347.57934528011821792949501,14815.81578551401664819329685
1728100799999,2024-10-05 03:59,12347.57934528011821792949501,14762.36099655771157289255759
1728115199999,2024-10-05 07:59,12347.57934528011821792949501,14813.47485662842514429302341
1728129599999,2024-10-05 11:59,12347.57934528011821792949501,14838.24670449929711370050407
1728143999999,2024-10-05 15:59,12347.57934528011821792949501,14835.30204981548476322860049
1728158399999,2024-10-05 19:59,12347.57934528011821792949501,14759.13714852057179534997919
1728172799999,2024-10-05 23:59,12347.57934528011821792949501,14809.13423517797565846774576
1728187199999,2024-10-06 03:59,12347.57934528011821792949501,14766.33890527563311927559104
1728201599999,2024-10-06 07:59,12347.57934528011821792949501,14783.12630049493610596103815
1728215999999,2024-10-06 11:59,12347.57934528011821792949501,14819.61472413365138235153875
1728230399999,2024-10-06 15:59,12347.57934528011821792949501,14967.10756153377907304674846
1728244799999,2024-10-06 19:59,12347.57934528011821792949501,14945.95806845223218306904871
1728259199999,2024-10-06 23:59,12347.57934528011821792949501,14990.94637862558246138898252
1728273599999,2024-10-07 03:59,12372.54507869892328118973054,15160.51458108239415063814691
1728287999999,2024-10-07 07:59,12360.12804212447592591390939,15160.86774874301346009506889
1728302399999,2024-10-07 11:59,12316.89835923565920754623572,15066.24029210883294310695162
1728316799999,2024-10-07 15:59,12290.68461535627034640839105,15189.40990001779427370482481
1728331199999,2024-10-07 19:59,12260.96716171291068988330523,15125.07611535362817263309005
1728345599999,2024-10-07 23:59,12200.45647045694606441727724,14848.74628359879009755494150
1728359999999,2024-10-08 03:59,12195.82120475002567040069893,14945.58103811184129864882119
1728374399999,2024-10-08 07:59,12195.82120475002567040069893,14871.65206991152490483192896
1728388799999,2024-10-08 11:59,12195.82120475002567040069893,14944.19938895306710827343044
1728403199999,2024-10-08 15:59,12195.82120475002567040069893,14864.02078492057523156681739
1728417599999,2024-10-08 19:59,12195.82120475002567040069893,14853.88391855361018715462417
1728431999999,2024-10-08 23:59,12195.82120475002567040069893,14833.59109567586283835959330
1728446399999,2024-10-09 03:59,12195.82120475002567040069893,14889.32954308630763764867269
1728460799999,2024-10-09 07:59,12195.82120475002567040069893,14861.34100598222736318760530
1728475199999,2024-10-09 11:59,12195.82120475002567040069893,14843.01924045361210636161199
1728489599999,2024-10-09 15:59,12195.82120475002567040069893,14870.69994898863906379603793
1728503999999,2024-10-09 19:59,12195.82120475002567040069893,14564.29836818566221996024837
1728518399999,2024-10-09 23:59,12195.82120475002567040069893,14469.81170136213399525563377
1728532799999,2024-10-10 03:59,12195.82120475002567040069893,14524.52166727442391362624441
1728547199999,2024-10-10 07:59,12195.82120475002567040069893,14532.80440342313758338959721
1728561599999,2024-10-10 11:59,12195.82120475002567040069893,14619.18730419623895055565055
1728575999999,2024-10-10 15:59,12195.82120475002567040069893,14506.40273452386704398834819
1728590399999,2024-10-10 19:59,12195.82120475002567040069893,14252.96198520592367371287322
1728604799999,2024-10-10 23:59,12195.82120475002567040069893,14395.92568598540643637269151
1728619199999,2024-10-11 03:59,12195.82120475002567040069893,14464.55713927643318833575395
1728633599999,2024-10-11 07:59,12195.82120475002567040069893,14479.03939962980203356588594
1728647999999,2024-10-11 11:59,12195.82120475002567040069893,14598.39575131126568502753390
1728662399999,2024-10-11 15:59,12195.82120475002567040069893,14857.11015285872712219353312
1728676799999,2024-10-11 19:59,12195.82120475002567040069893,15054.44496949774343874502339
1728691199999,2024-10-11 23:59,12187.52441476433530986602100,14924.15235167696698160044663
1728705599999,2024-10-12 03:59,12203.42712619124373307044014,14930.83390201300797132599772
1728719999999,2024-10-12 07:59,12196.53595123958341634852518,14978.45665203314012559486309
1728734399999,2024-10-12 11:59,12202.36694542944983819014553,15018.86571395832516845646385
1728748799999,2024-10-12 15:59,12199.71649352496510098940901,15071.50201299846522251582310
1728763199999,2024-10-12 19:59,12208.19793961931626003176589,15033.92306489418897030225934
1728777599999,2024-10-12 23:59,12207.47098525452790117869448,15083.13029685115370213461254
1728791999999,2024-10-13 03:59,12171.02171034169282727058329,14965.27013519136780087222191
1728806399999,2024-10-13 07:59,12181.60545899317722767951889,14996.57081224774268024009820
1728820799999,2024-10-13 11:59,12161.31044625148086439884255,14929.24226127224392127351822
1728835199999,2024-10-13 15:59,12120.65530315086302942878388,14850.01339189466072810646565
1728849599999,2024-10-13 19:59,12159.62713196758595837229712,14970.52231100909145029577118
1728863999999,2024-10-13 23:59,12171.96528973318095747058474,15002.90396745911867550138841
1728878399999,2024-10-14 03:59,12268.30576804002763622891390,15344.13312938870917828161301
1728892799999,2024-10-14 07:59,12178.16722691495113784347159,15420.70369623973892053642848
1728907199999,2024-10-14 11:59,12189.00794207368776212916992,15492.09844784831405325027240
1728921599999,2024-10-14 15:59,12223.42763844686289790896293,15718.77958807041325967491527
1728935999999,2024-10-14 19:59,12226.86304146885312307226622,15735.34028783188628420895975
1728950399999,2024-10-14 23:59,12234.80557405524283064814783,15769.84333651360652365243946
1728964799999,2024-10-15 03:59,12179.60754568438616826985179,15606.62499314401093213887916
1728979199999,2024-10-15 07:59,12186.23029994491167247737359,15663.59475483066899953452439
1728993599999,2024-10-15 11:59,12147.82990729937445806096912,15606.55101883671904975263198
1729007999999,2024-10-15 15:59,12139.60497847673533296628991,15755.05086132320720389933546
1729022399999,2024-10-15 19:59,12173.96090380582685479259909,15981.31201838132669096980083
1729036799999,2024-10-15 23:59,12177.72774343249305172679208,16006.11966027185602282223980
1729051199999,2024-10-16 03:59,12178.51908411589426124047787,16011.33126953396799480816964
1729065599999,2024-10-16 07:59,12174.04605264309758933276217,15981.87279135595870260748101
1729079999999,2024-10-16 11:59,12207.46026806552256192552310,16201.93203794144585671483664
1729094399999,2024-10-16 15:59,12202.21618669607855767113920,16167.39558150804541232272918
1729108799999,2024-10-16 19:59,12201.41941098051113105914513,16162.14817822627607789184102
1729123199999,2024-10-16 23:59,12197.50655015631256808373632,16136.37887034095227501818880
1729137599999,2024-10-17 03:59,12196.83224383222390008695552,16131.93802563546217434702789
1729151999999,2024-10-17 07:59,12186.02667521482881303698408,16060.77474202067131877724769
1729166399999,2024-10-17 11:59,12170.41907451084204572836896,15957.98624890461216433863587
1729180799999,2024-10-17 15:59,12196.44309552912275584808257,16129.37517382799502328801293
1729195199999,2024-10-17 19:59,12169.24402055650590907411850,15950.24758185469040373864938
1729209599999,2024-10-17 23:59,12190.32397398091779876606534,16089.07588022975922525761766
1729223999999,2024-10-18 03:59,12195.16550063458398993908252,16120.96119294053769122647967
1729238399999,2024-10-18 07:59,12210.17705947767561546655609,16219.82427523417276420133023
1729252799999,2024-10-18 11:59,12200.47733873836683401904300,16155.94388148566658743240072
1729267199999,2024-10-18 15:59,12237.91927533143642426479443,16402.52888290523647075019417
1729281599999,2024-10-18 19:59,12233.30529535779585560761730,16372.14214648411291247692004
1729295999999,2024-10-18 23:59,12226.78289442285758983112558,16329.18693662730082103061821
1729310399999,2024-10-19 03:59,12227.58039480938051205622742,16334.43911244502447045416748
1729324799999,2024-10-19 07:59,12223.83130962112395764317483,16309.74839768537585592192565
1729339199999,2024-10-19 11:59,12214.54682533931416250641444,16248.60266703869216994781098
1729353599999,2024-10-19 15:59,12219.49741497178244345215114,16281.20624641059504231216974
1729367999999,2024-10-19 19:59,12217.86871699930605299243611,16270.47997185327209630632969
1729382399999,2024-10-19 23:59,12224.97121703411855706169841,16317.25559674151333937784841
1729396799999,2024-10-20 03:59,12218.08684295691023253787514,16271.91650517552090909732317
1729411199999,2024-10-20 07:59,12224.97121703411855706169841,16317.25559674151333937784841
1729425599999,2024-10-20 11:59,12226.49338837613709239457112,16327.28030851355198146250560
1729439999999,2024-10-20 15:59,12233.95677454678641179150331,16376.43265630704209087925606
1729454399999,2024-10-20 19:59,12229.69208597369472865227174,16348.34628221589835906863595
1729468799999,2024-10-20 23:59,12248.66759494334735787925197,16473.31513617963644189974683
1729483199999,2024-10-21 03:59,12245.33410854806753758350597,16451.36147078978747565865040
1729497599999,2024-10-21 07:59,12229.89897953148872619454032,16349.70884123085528947338226
1729511999999,2024-10-21 11:59,12219.89888268112701311385620,16283.85023132928554824642353
1729526399999,2024-10-21 15:59,12183.52649467204412380117547,16069.80438004623528489206388
1729540799999,2024-10-21 19:59,12183.52649467204412380117547,16170.50011614632731504877988
1729555199999,2024-10-21 23:59,12183.52649467204412380117547,16078.50948562690583150592472
1729569599999,2024-10-22 03:59,12183.52649467204412380117547,16081.49709313430701691177828
1729583999999,2024-10-22 07:59,12183.52649467204412380117547,16084.35584217094169751578193
1729598399999,2024-10-22 11:59,12183.52649467204412380117547,16059.81307602587684775603445
1729612799999,2024-10-22 15:59,12183.52649467204412380117547,16055.78505568043499395005936
1729627199999,2024-10-22 19:59,12183.52649467204412380117547,16103.67984024996310280060789
1729641599999,2024-10-22 23:59,12183.52649467204412380117547,16090.08288531611968870911143
1729655999999,2024-10-23 03:59,12183.52649467204412380117547,16008.01912958167338990136075
1729670399999,2024-10-23 07:59,12183.52649467204412380117547,15953.19223653850275421055297
1729684799999,2024-10-23 11:59,12183.52649467204412380117547,15848.59256602778106005705069
1729699199999,2024-10-23 15:59,12183.52649467204412380117547,15803.11984345506780998201443
1729713599999,2024-10-23 19:59,12183.52649467204412380117547,15862.43292029529453877426366
1729727999999,2024-10-23 23:59,12183.52649467204412380117547,15909.35888006609670411460728
1729742399999,2024-10-24 03:59,12183.52649467204412380117547,16039.29355769029953680960095
1729756799999,2024-10-24 07:59,12183.52649467204412380117547,16017.79805575206480986397088
1729771199999,2024-10-24 11:59,12183.52649467204412380117547,16056.67274736793758258502544
1729785599999,2024-10-24 15:59,12183.52649467204412380117547,16155.75775258344830271861751
1729799999999,2024-10-24 19:59,12183.52649467204412380117547,16300.97886286932205690713985
1729814399999,2024-10-24 23:59,12183.52649467204412380117547,16274.36958865603881532513264
1729828799999,2024-10-25 03:59,12183.52649467204412380117547,16228.96368158668597514735189
1729843199999,2024-10-25 07:59,12183.52649467204412380117547,16115.37016707005767732399174
1729857599999,2024-10-25 11:59,12183.52649467204412380117547,16252.29899613530913176383907
1729871999999,2024-10-25 15:59,12188.10765628738309255375492,16153.08274618105474933206652
1729886399999,2024-10-25 19:59,12141.91809430072794010587267,15952.63384983184790006920334
1729900799999,2024-10-25 23:59,12092.31548828191660677827173,15916.44132342230015322369143
1729915199999,2024-10-26 03:59,12092.31548828191660677827173,15967.90596488565587658474868
1729929599999,2024-10-26 07:59,12092.31548828191660677827173,15990.33449760295918459562535
1729943999999,2024-10-26 11:59,12092.31548828191660677827173,16021.35836757398379438915738
1729958399999,2024-10-26 15:59,12092.31548828191660677827173,15961.34134168049560417939474
1729972799999,2024-10-26 19:59,12092.31548828191660677827173,16030.90105321463662221504267
1729987199999,2024-10-26 23:59,12092.31548828191660677827173,16010.56289124532328098973127
1730001599999,2024-10-27 03:59,12092.31548828191660677827173,16057.52703130375996627136375
1730015999999,2024-10-27 07:59,12092.31548828191660677827173,16037.11012249120042766714407
1730030399999,2024-10-27 11:59,12092.31548828191660677827173,16018.98164466873492804392564
1730044799999,2024-10-27 15:59,12092.31548828191660677827173,16177.41790701210689691105581
1730059199999,2024-10-27 19:59,12092.31548828191660677827173,16191.26064754759753312459933
1730073599999,2024-10-27 23:59,12092.31548828191660677827173,16232.23286871539174512021082
1730087999999,2024-10-28 03:59,12092.31548828191660677827173,16162.05034123921262054228831
1730102399999,2024-10-28 07:59,12092.31548828191660677827173,16326.20887419180826561008687
1730116799999,2024-10-28 11:59,12092.31548828191660677827173,16406.92677478713773648740512
1730131199999,2024-10-28 15:59,12092.31548828191660677827173,16344.98403063608344673888542
1730145599999,2024-10-28 19:59,12092.31548828191660677827173,16616.01157494567756497054308
1730159999999,2024-10-28 23:59,12092.31548828191660677827173,16695.29055595078106556053729
1730174399999,2024-10-29 03:59,12092.31548828191660677827173,16928.17360664551260494828990
1730188799999,2024-10-29 07:59,12095.56382676085380345594354,16947.22318390716089815510216
1730203199999,2024-10-29 11:59,12098.07259378092203652976970,17050.79675918770486888646623
1730217599999,2024-10-29 15:59,12131.94094855184318302642287,17277.49221701766702028909242
1730231999999,2024-10-29 19:59,12097.76927301036582962203565,17309.50400193123483356347380
1730246399999,2024-10-29 23:59,12150.34395688070855933182965,17357.29140444179085507914740
1730260799999,2024-10-30 03:59,12127.31662418946921313914795,17237.40052873344392443945534
1730275199999,2024-10-30 07:59,12098.25964374797120672492656,17235.96638167917226914479241
1730289599999,2024-10-30 11:59,12032.02123989433209414668214,17177.74144303652935867927579
1730303999999,2024-10-30 15:59,12093.64956772815032055212807,17196.19922583984259279611067
1730318399999,2024-10-30 19:59,12058.21771962798245360833403,17139.08867434253223311696275
1730332799999,2024-10-30 23:59,12053.38129539334492932260364,17263.82606031248603880400990
1730347199999,2024-10-31 03:59,12061.77052163012707415883710,17265.97370149192778550150846
1730361599999,2024-10-31 07:59,12003.34866756409173968292464,17281.11457180699209971887333
1730375999999,2024-10-31 11:59,12011.65448233514139502293345,17235.49151435171792737501218
1730390399999,2024-10-31 15:59,11883.62806359670888960131000,16852.25687722022401668804622
1730404799999,2024-10-31 19:59,11883.62806359670888960131000,16726.27863190214831290911101
1730419199999,2024-10-31 23:59,11883.62806359670888960131000,16773.98967383743529454220689
1730433599999,2024-11-01 03:59,11883.62806359670888960131000,16553.97099380755981787247068
1730447999999,2024-11-01 07:59,11883.62806359670888960131000,16530.99361945551028570556660
1730462399999,2024-11-01 11:59,11883.62806359670888960131000,16704.78790249986790095614205
1730476799999,2024-11-01 15:59,11883.62806359670888960131000,16558.21377827094584634819562
1730491199999,2024-11-01 19:59,11883.62806359670888960131000,16529.63344670853051279715084
1730505599999,2024-11-01 23:59,11883.62806359670888960131000,16584.04274285569858663011168
1730519999999,2024-11-02 03:59,11883.62806359670888960131000,16608.85515728218223347521175
1730534399999,2024-11-02 07:59,11883.62806359670888960131000,16659.90220184953539497842206
1730548799999,2024-11-02 11:59,11883.62806359670888960131000,16610.76655793188538803598548
1730563199999,2024-11-02 15:59,11883.62806359670888960131000,16559.50236297861089436669476
1730577599999,2024-11-02 19:59,11883.62806359670888960131000,16587.38113175574192399655667
1730591999999,2024-11-02 23:59,11883.62806359670888960131000,16555.10447109670962862948381
1730606399999,2024-11-03 03:59,11883.62806359670888960131000,16317.70660138919610618432311
1730620799999,2024-11-03 07:59,11883.62806359670888960131000,16321.88972915315319725178420
1730635199999,2024-11-03 11:59,11883.62806359670888960131000,16312.68827983323389140116813
1730649599999,2024-11-03 15:59,11883.62806359670888960131000,16248.74584311732161972764422
1730663999999,2024-11-03 19:59,11883.62806359670888960131000,16389.08226285395397892752260
1730678399999,2024-11-03 23:59,11883.62806359670888960131000,16412.22667596440453583756546
1730692799999,2024-11-04 03:59,11883.62806359670888960131000,16477.10214345938538857633597
1730707199999,2024-11-04 07:59,11883.62806359670888960131000,16374.52602819329325131114345
1730721599999,2024-11-04 11:59,11883.62806359670888960131000,16416.21651602221186970225168
1730735999999,2024-11-04 15:59,11883.62806359670888960131000,16381.20996479731139853302509
1730750399999,2024-11-04 19:59,11883.62806359670888960131000,16192.69240833389203092293170
1730764799999,2024-11-04 23:59,11883.62806359670888960131000,16191.26303381557469062092988
1730779199999,2024-11-05 03:59,11883.62806359670888960131000,16285.04097904988713891536995
1730793599999,2024-11-05 07:59,11883.62806359670888960131000,16440.38463809486299253810219
1730807999999,2024-11-05 11:59,11883.62806359670888960131000,16420.34953215864865334677114
1730822399999,2024-11-05 15:59,11883.62806359670888960131000,16618.40022919081221879742759
1730836799999,2024-11-05 19:59,11883.62806359670888960131000,16464.72457146186945510975258
1730851199999,2024-11-05 23:59,11883.62806359670888960131000,16554.45301993894563213124258
1730865599999,2024-11-06 03:59,11883.62806359670888960131000,17741.98405130732799602408182
1730879999999,2024-11-06 07:59,11840.16745853852634681368731,17508.69294878850252476380449
1730894399999,2024-11-06 11:59,11876.12076192411104280744423,17723.72432874611883410268292
1730908799999,2024-11-06 15:59,11845.31641805312917790503181,17729.92623921875116706579266
1730923199999,2024-11-06 19:59,11954.96426450156311078021363,18093.96335047401301977345201
1730937599999,2024-11-06 23:59,11952.00938429833112992827644,18033.93439324063904208203660
1730951999999,2024-11-07 03:59,12027.45919678590914251211197,17908.89872377354054935367021
1730966399999,2024-11-07 07:59,11989.65732655725237429043449,17839.59434291295538342539155
1730980799999,2024-11-07 11:59,11936.62072679036185656090438,17836.83104459540700267461007
1730995199999,2024-11-07 15:59,12059.42939273725428967235992,18150.31268248661013812315322
1731009599999,2024-11-07 19:59,12137.39009109511868934373817,18262.63431617141349040232812
1731023999999,2024-11-07 23:59,12108.08085364363389044225640,18102.15779470757186217257431
1731038399999,2024-11-08 03:59,12100.49796930798861613265500,18110.00861635242002510009684
1731052799999,2024-11-08 07:59,12134.45311834997152083739844,18171.50274212376870553847239
1731067199999,2024-11-08 11:59,12149.44471360393568171138484,18120.42944860866681157562598
1731081599999,2024-11-08 15:59,12158.53856181832896665541484,18238.13450284993747557653061
1731095999999,2024-11-08 19:59,12159.60422710754203479945940,18353.83509199039584265976991
1731110399999,2024-11-08 23:59,12157.45462938033784746729599,18257.71621787049189046505640
1731124799999,2024-11-09 03:59,12112.48413572587728881035465,18217.55294154695406972550271
1731139199999,2024-11-09 07:59,12158.97397495902158004186160,18262.32171506640585838302555
1731153599999,2024-11-09 11:59,12174.87210259654936050476694,18252.30654836627584628369058
1731167999999,2024-11-09 15:59,12114.02412120287010081810656,18212.40576152022535014049781
1731182399999,2024-11-09 19:59,12111.12234373866470882491337,18184.96845231886845733178838
1731196799999,2024-11-09 23:59,12187.81653187169437298215903,18297.72915931146878893578520
1731211199999,2024-11-10 03:59,12272.53355139736325296751398,18423.84342190424247000556198
1731225599999,2024-11-10 07:59,12428.23613224455735400073615,18811.94843197711483070318857
1731239999999,2024-11-10 11:59,12486.85006718600388856746248,19053.35284561827578948734937
1731254399999,2024-11-10 15:59,12607.03433160017358214896074,19017.56359849686765952170108
1731268799999,2024-11-10 19:59,12538.57622912432153628736371,19030.67852729932525935442565
1731283199999,2024-11-10 23:59,12449.91461879092984580105512,19178.87054121676009647448766
1731297599999,2024-11-11 03:59,12498.85179652348110902113597,19475.29752187521860564856167
1731311999999,2024-11-11 07:59,12460.99585178640383394440940,19355.23722114049349276940028
1731326399999,2024-11-11 11:59,12587.75883933293868357891778,19599.80582611936529168787563
1731340799999,2024-11-11 15:59,12676.91604550823833915130457,20059.29127019294984012136282
1731355199999,2024-11-11 19:59,12747.87143966199995658448104,20546.72707108298014307462855
1731369599999,2024-11-11 23:59,12887.95655740377282628982211,21154.21840017178124391439455
1731383999999,2024-11-12 03:59,12850.68229901510161279609852,21010.91584933954211677563760
1731398399999,2024-11-12 07:59,12898.74558402754251764996852,21234.24428305373504085585215
1731412799999,2024-11-12 11:59,12730.11896746072677807736523,20798.08222218888786155719936
1731427199999,2024-11-12 15:59,12703.86877089427523875774906,20673.14916224480714117104679
1731441599999,2024-11-12 19:59,12810.13952525174861113906494,21167.65070261520079075908279
1731455999999,2024-11-12 23:59,12766.45365028383029255570836,20988.13892149757381430050005
1731470399999,2024-11-13 03:59,12658.30098515149944708725034,20793.41706829354495623096637
1731484799999,2024-11-13 07:59,12660.30100897992281934271702,20845.91496379100987550315349
1731499199999,2024-11-13 11:59,12672.80478844104718444113175,20920.69821592714865300638404
1731513599999,2024-11-13 15:59,12867.13504249810565834151385,22082.95866941743313075865685
1731527999999,2024-11-13 19:59,12773.51329800872079378479487,21523.02088857742661679417016
1731542399999,2024-11-13 23:59,12780.76244983325790694964050,21566.37699145440116762400506
1731556799999,2024-11-14 03:59,12763.27974111799745097202996,21461.81550123131399341179164
1731571199999,2024-11-14 07:59,12796.49122209518217769566639,21660.44844764990398796710326
1731585599999,2024-11-14 11:59,12825.31546803121934008661293,21832.84199139167015287164354
1731599999999,2024-11-14 15:59,12683.92050035868733925276691,20987.17964177075650077561736
1731614399999,2024-11-14 19:59,12744.40657095144568345391158,21348.93786710783294448759768
1731628799999,2024-11-14 23:59,12659.08769670635700057810171,20838.65832287247392916193889
1731643199999,2024-11-15 03:59,12694.70186315260235229368598,21051.66137504950636661984646
1731657599999,2024-11-15 07:59,12670.51501562355483525003433,20907.00342400624178156533486
1731671999999,2024-11-15 11:59,12755.46881892806057693228188,21415.09953304250168774853677
1731686399999,2024-11-15 15:59,12703.76679404882576641143009,21105.87738349052468325003243
1731700799999,2024-11-15 19:59,12780.86977669994294649179161,21567.01889754025653413692407
1731715199999,2024-11-15 23:59,12806.97055352076791589120112,21723.12377606994562908910302
1731729599999,2024-11-16 03:59,12815.74661954160111205906641,21775.61212649550191837596792
1731743999999,2024-11-16 07:59,12810.38027620734913495151103,21743.51682220273359273001716
1731758399999,2024-11-16 11:59,12812.46138006098915819262693,21755.96359597158709359018661
1731772799999,2024-11-16 15:59,12786.58762549720429102178240,21601.21650392090061405009287
1731787199999,2024-11-16 19:59,12809.69043177426945700214573,21739.39096487022828157448936
1731801599999,2024-11-16 23:59,12789.20975251524919760548901,21616.89905706677967993449349
1731815999999,2024-11-17 03:59,12775.68177949732001278699290,21535.99025503327760935073093
1731830399999,2024-11-17 07:59,12787.76862001537424286106596,21608.27985713328680318853259
1731844799999,2024-11-17 11:59,12793.09067605519484677464821,21640.11028568059064674179186
1731859199999,2024-11-17 15:59,12776.16654582825801666696909,21538.88957062552396739235399
1731873599999,2024-11-17 19:59,12767.54807873805898636954873,21487.34379605094488915605790
1731887999999,2024-11-17 23:59,12760.04676862450720781199121,21442.47957181240680064531290
1731902399999,2024-11-18 03:59,12792.46786104071400392967468,21636.38532136824779496979713
1731916799999,2024-11-18 07:59,12834.41391363674217175655293,21887.25844634276969919359604
1731931199999,2024-11-18 11:59,12776.76981059564753260649502,21542.49760780698610184415158
1731945599999,2024-11-18 15:59,12857.93844667249167526871448,22027.95519254395284033938807
1731959999999,2024-11-18 19:59,12790.06118572530821018151304,21621.99135293003377710389564
1731974399999,2024-11-18 23:59,12784.30862526484389747246223,21587.58614123537699500996865
1731988799999,2024-11-19 03:59,12822.76755215519457236848292,21817.60328408954238130472595
1732003199999,2024-11-19 07:59,12830.42845612255310117459228,21863.42201551894346834769254
1732017599999,2024-11-19 11:59,12831.70560593764162003862832,21871.06045931382461410179576
1732031999999,2024-11-19 15:59,12861.22927193798686539385327,22047.63713081954787007379713
1732046399999,2024-11-19 19:59,12894.57959956798346483372979,22247.10049849418867335214153
1732060799999,2024-11-19 23:59,12857.98951670570983534825106,22028.26063484502899986969898
1732075199999,2024-11-20 03:59,12847.18501280299284352129197,21963.64049802360399923829774
1732089599999,2024-11-20 07:59,12879.51832859960592700227194,22157.02126862447034437006010
1732103999999,2024-11-20 11:59,12903.62777310955717017537596,22301.21628368016637513644423
1732118399999,2024-11-20 15:59,12954.91006615328022754253643,22607.92807932017369349520581
1732132799999,2024-11-20 19:59,12925.38640015293498218731148,22431.35140781445043752320444
1732147199999,2024-11-20 23:59,12936.81970383965056999356479,22499.73230296787565237155871
1732161599999,2024-11-21 03:59,12997.12862525468342141881693,22860.43102532309416771277307
1732175999999,2024-11-21 07:59,13041.57112470888368000866721,23126.23502903069052647684811
1732190399999,2024-11-21 11:59,13083.98239338875852481007405,23379.89054246657807142207294
1732204799999,2024-11-21 15:59,13031.99509449584414821993586,23068.96221131093345704722252
1732219199999,2024-11-21 19:59,13078.19073243411155829012803,23345.25147651015985468775166
1732233599999,2024-11-21 23:59,13097.63285468948439044433370,23461.53192876906749337931557
1732247999999,2024-11-22 03:59,13118.35531863702187646754644,23585.46991496667353779562714
1732262399999,2024-11-22 07:59,13131.80908051293092242046596,23665.93487115642431406190666
1732276799999,2024-11-22 11:59,13119.70707857876505107278047,23593.55459087328313536354395
1732291199999,2024-11-22 15:59,13111.47283369160577199874865,23544.30679236070672609357133
1732305599999,2024-11-22 19:59,13128.06022088701035908198340,23643.51349724305247854002166
1732319999999,2024-11-22 23:59,13120.56968335859053616620312,23598.71370223989764243020161
1732334399999,2024-11-23 03:59,13111.57936258902177778965700,23544.94392591060777761382923
1732348799999,2024-11-23 07:59,13107.35730718656419996421826,23519.69243817632715144390723
1732363199999,2024-11-23 11:59,13102.13619425927636558284504,23488.46573542724415446227811
1732377599999,2024-11-23 15:59,13100.93963934036025559432768,23481.30931776374882296694679
1732391999999,2024-11-23 19:59,13065.19061608764819991871710,23267.49970701043715174931198
1732406399999,2024-11-23 23:59,13071.90951733291238538274927,23307.68445974576938995584067
1732420799999,2024-11-24 03:59,13092.96393649636791192294983,23433.60782090037047131917313
1732435199999,2024-11-24 07:59,13102.17848663053515439871128,23488.71867983282284907331683
1732449599999,2024-11-24 11:59,13056.25455722837373662667860,23214.05446312604070643389494
1732463999999,2024-11-24 15:59,13001.25372739095339846826043,22885.10264993892552227437046
1732478399999,2024-11-24 19:59,13017.95163333011916009861732,22984.97035105094390120438424
1732492799999,2024-11-24 23:59,13080.99200355305454202783408,23362.00546397778263642457101
1732507199999,2024-11-25 03:59,13080.94252945837444945078301,23361.70956674861510687958232
1732521599999,2024-11-25 07:59,13086.86904721948811993075533,23397.15519128131255737363084
1732535999999,2024-11-25 11:59,13092.48475595031314430167295,23430.74191305980431822617782
1732550399999,2024-11-25 15:59,12986.96098194143158207272103,22908.73863425267052342850744
1732564799999,2024-11-25 19:59,12986.96098194143158207272103,22591.10727634919050186113094
1732579199999,2024-11-25 23:59,12986.96098194143158207272103,22195.11326434383545829469296
1732593599999,2024-11-26 03:59,12986.96098194143158207272103,22542.07424195455826726090817
1732607999999,2024-11-26 07:59,12986.96098194143158207272103,22380.21607133194244865576363
1732622399999,2024-11-26 11:59,12986.96098194143158207272103,22039.25178514781642796823052
1732636799999,2024-11-26 15:59,12986.96098194143158207272103,22148.10139892585562308644940
1732651199999,2024-11-26 19:59,12986.96098194143158207272103,21878.66549535702555490727123
1732665599999,2024-11-26 23:59,12986.96098194143158207272103,21945.78405475053445419676246
1732679999999,2024-11-27 03:59,12986.96098194143158207272103,22094.41036943981195564898530
1732694399999,2024-11-27 07:59,12986.96098194143158207272103,22335.22298862263785534316872
1732708799999,2024-11-27 11:59,12986.96098194143158207272103,22280.53688539011951193586362
1732723199999,2024-11-27 15:59,12986.96098194143158207272103,22802.65709132813402405373115
1732737599999,2024-11-27 19:59,12986.96098194143158207272103,23058.46024594346331569645454
1732751999999,2024-11-27 23:59,12986.96098194143158207272103,22875.93938090664073636504326
1732766399999,2024-11-28 03:59,12986.96098194143158207272103,22782.47403677733592008990576
1732780799999,2024-11-28 07:59,12986.96098194143158207272103,22741.48511173370160561998039
1732795199999,2024-11-28 11:59,12986.96098194143158207272103,22777.83990436569606221596997
1732809599999,2024-11-28 15:59,12986.96098194143158207272103,22671.68200086589052295861595
1732823999999,2024-11-28 19:59,12986.96098194143158207272103,22698.48933532127783673605914
1732838399999,2024-11-28 23:59,12986.96098194143158207272103,22823.64909072318851927361433
1732852799999,2024-11-29 03:59,12986.96098194143158207272103,23049.48071954541965700457999
1732867199999,2024-11-29 07:59,12986.96098194143158207272103,22819.13188544242937871987569
1732881599999,2024-11-29 11:59,12986.96098194143158207272103,23204.00350240625333188960166
1732895999999,2024-11-29 15:59,12986.96098194143158207272103,23390.50466242897461510037695
1732910399999,2024-11-29 19:59,12986.96098194143158207272103,23225.91421497251346319674812
1732924799999,2024-11-29 23:59,12986.96098194143158207272103,23257.00012791094416789487456
1732939199999,2024-11-30 03:59,12986.96098194143158207272103,23061.33092631998378378211095
1732953599999,2024-11-30 07:59,12986.96098194143158207272103,23095.54046404051365117693252
1732967999999,2024-11-30 11:59,12986.96098194143158207272103,22972.55459876579344779651198
1732982399999,2024-11-30 15:59,12986.96098194143158207272103,23062.61712475967167430427954
1732996799999,2024-11-30 19:59,12986.96098194143158207272103,23151.92797634074528946792260
1733011199999,2024-11-30 23:59,12986.96098194143158207272103,23005.96235044599839642426742
1733025599999,2024-12-01 03:59,12986.96098194143158207272103,22988.96257737672839256540101
1733039999999,2024-12-01 07:59,12986.96098194143158207272103,23021.46831976156780758020705
1733054399999,2024-12-01 11:59,12986.96098194143158207272103,23173.21587296496731423279447
1733068799999,2024-12-01 15:59,12986.96098194143158207272103,23153.91812383369464140760460
1733083199999,2024-12-01 19:59,12986.96098194143158207272103,23189.88156851743526860538333
1733097599999,2024-12-01 23:59,12986.96098194143158207272103,23191.42071136270185373859063
1733111999999,2024-12-02 03:59,12986.96098194143158207272103,23024.04071664094358862454422
1733126399999,2024-12-02 07:59,12986.96098194143158207272103,22908.60261697797254613766586
1733140799999,2024-12-02 11:59,12986.96098194143158207272103,22700.68470186026273336016878
1733155199999,2024-12-02 15:59,12986.96098194143158207272103,23158.68588725205531907605141
1733169599999,2024-12-02 19:59,12986.96098194143158207272103,22864.69767246625177115180355
1733183999999,2024-12-02 23:59,12986.96098194143158207272103,22870.57266422601352711762740
1733198399999,2024-12-03 03:59,12986.96098194143158207272103,22927.54242591267159451327264
1733212799999,2024-12-03 07:59,12986.96098194143158207272103,22801.22294427386236875906822
1733227199999,2024-12-03 11:59,12986.96098194143158207272103,22667.11707022558823247826623
1733241599999,2024-12-03 15:59,12986.96098194143158207272103,22832.85054004310782512423040
1733255999999,2024-12-03 19:59,12986.96098194143158207272103,22772.25365103117036330614315
1733270399999,2024-12-03 23:59,12986.96098194143158207272103,22872.73700928129537628943984
1733284799999,2024-12-04 03:59,12986.96098194143158207272103,22853.79720034659632791383306
1733299199999,2024-12-04 07:59,12986.96098194143158207272103,23049.11084800896024507334413
1733313599999,2024-12-04 11:59,12986.96098194143158207272103,22954.04193179900559126407436
1733327999999,2024-12-04 15:59,12986.96098194143158207272103,22847.23257714143605550847912
1733342399999,2024-12-04 19:59,12986.96098194143158207272103,23197.25752283482908976312562
1733356799999,2024-12-04 23:59,12986.96098194143158207272103,23526.00888951186304423088356
1733371199999,2024-12-05 03:59,12986.96098194143158207272103,24570.40202253843014823177408
1733385599999,2024-12-05 07:59,12986.96098194143158207272103,24396.70557648113599033075134
1733399999999,2024-12-05 11:59,12986.96098194143158207272103,24475.64570743348312644180689
1733414399999,2024-12-05 15:59,12986.96098194143158207272103,24171.42040302567391925948254
1733428799999,2024-12-05 19:59,12986.96098194143158207272103,23631.16694672923959252573547
1733443199999,2024-12-05 23:59,12986.96098194143158207272103,23134.25766196989402914017052
1733457599999,2024-12-06 03:59,12986.96098194143158207272103,23322.69169905411288437869452
1733471999999,2024-12-06 07:59,12986.96098194143158207272103,23418.91795523298892390828295
1733486399999,2024-12-06 11:59,12986.96098194143158207272103,23402.47179633441945919810506
1733500799999,2024-12-06 15:59,12986.96098194143158207272103,23698.45731741710383155102658
1733515199999,2024-12-06 19:59,12986.96098194143158207272103,24206.73239655165054995902004
1733529599999,2024-12-06 23:59,12986.96098194143158207272103,23801.26967321293456095294394
1733543999999,2024-12-07 03:59,12986.96098194143158207272103,23695.98514379276866535257268
1733558399999,2024-12-07 07:59,12986.96098194143158207272103,23721.17697482762035411423083
1733572799999,2024-12-07 11:59,12986.96098194143158207272103,23772.43401097696337529452989
1733587199999,2024-12-07 15:59,12986.96098194143158207272103,23804.88964173428248288639430
1733601599999,2024-12-07 19:59,12986.96098194143158207272103,23881.59383959203304493572079
1733615999999,2024-12-07 23:59,12986.96098194143158207272103,23823.02050582472514000594329
1733630399999,2024-12-08 03:59,12986.96098194143158207272103,23847.55849943383567477302966
1733644799999,2024-12-08 07:59,12986.96098194143158207272103,23785.58473379907833757221277
1733659199999,2024-12-08 11:59,12986.96098194143158207272103,23791.80096187957361551330583
1733673599999,2024-12-08 15:59,12986.96098194143158207272103,23842.11542217793942564303608
1733687999999,2024-12-08 19:59,12986.96098194143158207272103,23887.20872814228463380151426
1733702399999,2024-12-08 23:59,12986.96098194143158207272103,24127.89010258636687119751720
1733716799999,2024-12-09 03:59,12986.96098194143158207272103,23646.16225469769729946693655
1733731199999,2024-12-09 07:59,12986.96098194143158207272103,23762.05613154430542375295072
1733745599999,2024-12-09 11:59,12986.96098194143158207272103,23406.96991147136133978119927
1733759999999,2024-12-09 15:59,12986.96098194143158207272103,23340.99676070688803873037395
1733774399999,2024-12-09 19:59,12986.96098194143158207272103,23164.01203737707085088584785
1733788799999,2024-12-09 23:59,12986.96098194143158207272103,23213.20495172617263774021773
1733803199999,2024-12-10 03:59,12986.96098194143158207272103,23131.00279244905120414529492
1733817599999,2024-12-10 07:59,12986.96098194143158207272103,23194.10764910498119460679439
1733831999999,2024-12-10 11:59,12986.96098194143158207272103,23319.64443484728276156457711
1733846399999,2024-12-10 15:59,12986.96098194143158207272103,22827.18315359735877133916475
1733860799999,2024-12-10 19:59,12986.96098194143158207272103,22874.36205777373963129054709
1733875199999,2024-12-10 23:59,12986.96098194143158207272103,23050.11069429138923603584623
1733889599999,2024-12-11 03:59,12986.96098194143158207272103,23242.30787597558546298765383
1733903999999,2024-12-11 07:59,12986.96098194143158207272103,23227.07632747738916390972790
1733918399999,2024-12-11 11:59,12986.96098194143158207272103,23455.68318595705446987312781
1733932799999,2024-12-11 15:59,12986.96098194143158207272103,23949.40918923487193315373377
1733947199999,2024-12-11 19:59,12986.96098194143158207272103,24131.02088617239750638320400
1733961599999,2024-12-11 23:59,12986.96098194143158207272103,24131.56734153916657304290086
1733975999999,2024-12-12 03:59,12986.96098194143158207272103,24107.91226708160431191811945
1733990399999,2024-12-12 07:59,12986.96098194143158207272103,23982.42320669884589488694781
1734004799999,2024-12-12 11:59,12988.47477520482308625765430,23948.64081094622721933529540
1734019199999,2024-12-12 15:59,13020.26924109424505634734486,24291.95795735583053140475472
1734033599999,2024-12-12 19:59,12958.15194298154053903280605,23739.34124666974321618240758
1734047999999,2024-12-12 23:59,12965.66804273006724995714699,23864.13590307114880178138802
1734062399999,2024-12-13 03:59,13002.43734828112151295091421,23798.46580833977450276454304
1734076799999,2024-12-13 07:59,12937.07572852450258389572352,23894.13367781199568815278185
1734091199999,2024-12-13 11:59,12944.52227044043975239402659,23947.43574561776268368836565
1734105599999,2024-12-13 15:59,12904.05318714791063434491334,23832.84477108668255239883394
1734119999999,2024-12-13 19:59,12994.64252247284776284214579,24212.06570548059755425780814
1734134399999,2024-12-13 23:59,12980.24884952156471959207329,24202.97641075560465073472811
1734148799999,2024-12-14 03:59,13001.82099658746890553233446,24361.36494773943346967524719
1734163199999,2024-12-14 07:59,12999.96365258620593996609155,24298.36747314247556654862265
1734177599999,2024-12-14 11:59,12950.63882450612264352943594,24241.09465542271849711899706
1734191999999,2024-12-14 15:59,12931.21637088343345073745947,24250.90937561276727952656550
1734206399999,2024-12-14 19:59,12893.76158756446616671084983,24176.55803798049400885916522
1734220799999,2024-12-14 23:59,12918.90991148989070934912925,24201.96224686531271479424267
1734235199999,2024-12-15 03:59,12912.93199322343735976132789,24276.84810852446926463968704
1734249599999,2024-12-15 07:59,12867.57328399321253564734818,24276.43528416442101777450121
1734263999999,2024-12-15 11:59,12917.40768648292926972657447,24500.58936659871043558508743
1734278399999,2024-12-15 15:59,12938.95259226838964247336835,24508.36144140031240113370168
1734292799999,2024-12-15 19:59,12955.13139400962505265291007,24639.35323573839600470313075
1734307199999,2024-12-15 23:59,12993.55293422615497577195468,24928.33983284407744031853751
1734321599999,2024-12-16 03:59,12954.82862915439191850082784,24956.56699674587346441266030
1734335999999,2024-12-16 07:59,12992.16457348941661293263516,25054.52568347616584627823091
1734350399999,2024-12-16 11:59,12909.60911115461786804112487,24759.86931365675819938142794
1734364799999,2024-12-16 15:59,12979.09006867442888597314923,25374.09946351305206985867832
1734379199999,2024-12-16 19:59,13091.48912827945979453064616,25434.02103868745396021521881
1734393599999,2024-12-16 23:59,13019.09259809944387687561060,25308.87082835745190766298583
1734407999999,2024-12-17 03:59,13059.48044743901201833476731,25501.64071435616593373412637
1734422399999,2024-12-17 07:59,13008.95122227611674801717259,25487.14652266291130102234162
1734436799999,2024-12-17 11:59,13025.96219916603704056913468,25487.75740726506362008296343
1734451199999,2024-12-17 15:59,13019.02404780381018514558632,25409.04874430650076111597162
1734465599999,2024-12-17 19:59,13000.04789526992700628652741,25408.43308716839412706268870
1734479999999,2024-12-17 23:59,12941.94157659004021353466937,25326.78692832995039011278496
1734494399999,2024-12-18 03:59,12890.34009281609278811831719,24999.92548589082517273882575
1734508799999,2024-12-18 07:59,12879.95426586021613751970332,24877.45505449917098856580487
1734523199999,2024-12-18 11:59,12901.10979639487606065834718,25063.00647986698358823701968
1734537599999,2024-12-18 15:59,12878.60993448844845009617746,24919.88051286505411582672372
1734551999999,2024-12-18 19:59,12850.55586138813855202101930,24535.51955724834186687173629
1734566399999,2024-12-18 23:59,12810.46780466978378516070475,23911.79444711093831849521170
1734580799999,2024-12-19 03:59,12810.46780466978378516070475,24147.82975780349491053562609
1734595199999,2024-12-19 07:59,12810.46780466978378516070475,24258.41418840092760548615770
1734609599999,2024-12-19 11:59,12810.46780466978378516070475,24447.74546224455767934496999
1734623999999,2024-12-19 15:59,12810.46780466978378516070475,24025.34500880397778138462189
1734638399999,2024-12-19 19:59,12810.46780466978378516070475,23194.89034500148885340321609
1734652799999,2024-12-19 23:59,12810.46780466978378516070475,23257.44397375469546221235759
1734667199999,2024-12-20 03:59,12810.46780466978378516070475,23172.53101405552311278592549
1734681599999,2024-12-20 07:59,12810.46780466978378516070475,23345.89576886399237869700122
1734695999999,2024-12-20 11:59,12810.46780466978378516070475,22126.85884139319959075185805
1734710399999,2024-12-20 15:59,12810.46780466978378516070475,23145.23210839684135476438818
1734724799999,2024-12-20 19:59,12810.46780466978378516070475,23174.91250949672629412381834
1734739199999,2024-12-20 23:59,12810.46780466978378516070475,23339.43136891387272113753055
1734753599999,2024-12-21 03:59,12810.46780466978378516070475,23263.55281977621865281857573
1734767999999,2024-12-21 07:59,12810.46780466978378516070475,23634.03046830182858812240022
1734782399999,2024-12-21 11:59,12810.46780466978378516070475,23448.39790982279263357594657
1734796799999,2024-12-21 15:59,12810.46780466978378516070475,23273.21959135168367045364982
1734811199999,2024-12-21 19:59,12810.46780466978378516070475,23211.42956835116746047028559
1734825599999,2024-12-21 23:59,12810.46780466978378516070475,23216.90843962672107204523748
1734839999999,2024-12-22 03:59,12810.46780466978378516070475,23145.88833209055966625529052
1734854399999,2024-12-22 07:59,12810.46780466978378516070475,22958.77390119770890648756287
1734868799999,2024-12-22 11:59,12810.46780466978378516070475,23171.39992303435045952524291
1734883199999,2024-12-22 15:59,12810.46780466978378516070475,22760.11231956339302197628460
1734897599999,2024-12-22 19:59,12810.46780466978378516070475,22630.97465544356079305569595
1734911999999,2024-12-22 23:59,12810.46780466978378516070475,22714.42721914071275472782904
1734926399999,2024-12-23 03:59,12810.46780466978378516070475,22914.60646720850080690533962
1734940799999,2024-12-23 07:59,12810.46780466978378516070475,22766.38581807534007982931096
1734955199999,2024-12-23 11:59,12810.46780466978378516070475,22892.47860425631934343211275
1734969599999,2024-12-23 15:59,12810.46780466978378516070475,22252.46960144279304009588794
1734983999999,2024-12-23 19:59,12810.46780466978378516070475,22203.41270436838923053235963
1734998399999,2024-12-23 23:59,12810.46780466978378516070475,22641.69377119695226657254434
1735012799999,2024-12-24 03:59,12810.46780466978378516070475,22514.57250351781812205127379
1735027199999,2024-12-24 07:59,12810.46780466978378516070475,22486.99679077378609445539223
1735041599999,2024-12-24 11:59,12810.46780466978378516070475,22526.46804938394824125908528
1735055999999,2024-12-24 15:59,12810.46780466978378516070475,23457.44663799217385966140719
1735070399999,2024-12-24 19:59,12810.46780466978378516070475,23285.89544684634429096155246
1735084799999,2024-12-24 23:59,12810.46780466978378516070475,23544.20656910566611124768806
1735099199999,2024-12-25 03:59,12810.46780466978378516070475,23392.89331667410926892726146
1735113599999,2024-12-25 07:59,12810.46780466978378516070475,23405.98199652881813630034993
1735127999999,2024-12-25 11:59,12810.46780466978378516070475,23363.81186883649086114680036
1735142399999,2024-12-25 15:59,12803.49603016549647982086521,23509.93976095368446394093320
1735156799999,2024-12-25 19:59,12808.99121228797786468115775,23628.90476468689428600437031
1735171199999,2024-12-25 23:59,12799.49953407641910901337973,23726.99946869188464516078250
1735185599999,2024-12-26 03:59,12815.84883625900835322582034,23623.33282896023153207252682
1735199999999,2024-12-26 07:59,12818.07415794497188924362476,23319.04070904906191499294696
1735214399999,2024-12-26 11:59,12770.29786378918332004504831,22836.01711764879582275487551
1735228799999,2024-12-26 15:59,12749.45250350638203367418653,22918.83732033200104789941179
1735243199999,2024-12-26 19:59,12751.81406937720048006042795,22933.00459331238510361391065
1735257599999,2024-12-26 23:59,12739.00711600083890542734947,22858.87517860198748010525189
1735271999999,2024-12-27 03:59,12737.87174779371465235704110,23008.31282440349853030986307
1735286399999,2024-12-27 07:59,12751.95031356205539042886496,22694.97674885890200213748371
1735300799999,2024-12-27 11:59,12814.57722386702918978707496,23135.86839285447533916329445
1735315199999,2024-12-27 15:59,12736.19140284717075781298470,22568.26353300386178948873788
1735329599999,2024-12-27 19:59,12763.98521655757247297413374,22610.32150610126266231475143
1735343999999,2024-12-27 23:59,12750.13372443065658551637156,22502.70797913539105029575950
1735358399999,2024-12-28 03:59,12773.84021259541098962441044,22573.31287604352705172419006
1735372799999,2024-12-28 07:59,12769.34415449519894746598927,22522.50445827388963985403515
1735387199999,2024-12-28 11:59,12804.22266581805600178586257,22611.47407353422973304240899
1735401599999,2024-12-28 15:59,12885.24254107844270088306826,22538.08678816472809089255251
1735415999999,2024-12-28 19:59,12924.29920740351700650167638,22676.60248543478928039221822
1735430399999,2024-12-28 23:59,12887.64952167754611739212202,22741.56624484492496049521922
1735444799999,2024-12-29 03:59,12857.76663046603577658160557,22711.11746545639530731735069
1735459199999,2024-12-29 07:59,12860.71858780455883456440735,22734.89423958079260075499035
1735473599999,2024-12-29 11:59,12836.37629344381484873699577,22677.75028033180203612721467
1735487999999,2024-12-29 15:59,12835.33175469326053591231207,22553.31833666292438997047843
1735502399999,2024-12-29 19:59,12791.86985972454412838090745,22338.97658815070659707113009
1735516799999,2024-12-29 23:59,12763.34248354501141771966765,22368.87891217246718358930177
1735531199999,2024-12-30 03:59,12763.34248354501141771966765,22365.18258307585022177327368
1735545599999,2024-12-30 07:59,12763.34248354501141771966765,22367.31590664742902349278892
1735559999999,2024-12-30 11:59,12763.34248354501141771966765,22413.01055214201792072656670
1735574399999,2024-12-30 15:59,12763.34248354501141771966765,21985.16940771351893113255557
1735588799999,2024-12-30 19:59,12763.34248354501141771966765,22530.86832753382666449262678
1735603199999,2024-12-30 23:59,12763.34248354501141771966765,22143.10216751371066827393885
1735617599999,2024-12-31 03:59,12763.34248354501141771966765,22075.69964223092002692111170
1735631999999,2024-12-31 07:59,12763.34248354501141771966765,22159.49582851678266806484456
1735646399999,2024-12-31 11:59,12763.34248354501141771966765,22486.87509110695106214253397
1735660799999,2024-12-31 15:59,12763.34248354501141771966765,22768.29244618908891939742357
1735675199999,2024-12-31 19:59,12763.34248354501141771966765,22471.17344781725473628748892
1735689599999,2024-12-31 23:59,12763.34248354501141771966765,22330.17364558297259310771654
1735703999999,2025-01-01 03:59,12763.34248354501141771966765,22392.70341165640762695355250
1735718399999,2025-01-01 07:59,12763.34248354501141771966765,22355.96920241604512844100484
1735732799999,2025-01-01 11:59,12763.34248354501141771966765,22298.82762943503172130955972
1735747199999,2025-01-01 15:59,12763.34248354501141771966765,22534.66249361750708365820758
1735761599999,2025-01-01 19:59,12763.34248354501141771966765,22580.98711385806555992325160
1735775999999,2025-01-01 23:59,12763.34248354501141771966765,22572.56836043465391286905723
1735790399999,2025-01-02 03:59,12763.34248354501141771966765,22672.44322035060376428806267
1735804799999,2025-01-02 07:59,12705.44287912458186945665683,22866.12943325254626895013593
1735819199999,2025-01-02 11:59,12739.65747397038110763837843,23083.51605970361702716727112
1735833599999,2025-01-02 15:59,12699.54382046805657593346410,23017.18258247459294417053214
1735847999999,2025-01-02 19:59,12688.98650820093038349321794,23223.05307966790162509641392
1735862399999,2025-01-02 23:59,12712.31543448569168740386609,23143.60228736844278477061983
1735876799999,2025-01-03 03:59,12927.69643321892770035608720,23162.09825045939053882874357
1735891199999,2025-01-03 07:59,12898.46526728730938226195809,22981.14754975153759208283679
1735905599999,2025-01-03 11:59,12987.34985900807054731915437,23089.38389265944731064410331
1735919999999,2025-01-03 15:59,13068.20110734207281675269844,23271.63988195080540788282310
1735934399999,2025-01-03 19:59,13140.20458576893638560983041,23527.12804919314991000991337
1735948799999,2025-01-03 23:59,13097.45996844953355877884897,23427.42261430357824083037726
1735963199999,2025-01-04 03:59,13114.91096393157165824873591,23433.58395822059889635586759
1735977599999,2025-01-04 07:59,13055.35477992524507484475707,23450.73645244040697997988945
1735991999999,2025-01-04 11:59,13012.86961495864879452027788,23359.46408858210990283253104
1736006399999,2025-01-04 15:59,12989.52769648484179588453455,23304.23391625079965026185964
1736020799999,2025-01-04 19:59,13029.05230276992292083434400,23425.53269006566950373657853
1736035199999,2025-01-04 23:59,13022.19445361438279965912237,23438.47580757377176383350321
1736049599999,2025-01-05 03:59,12964.47825928902313150790044,23430.71089157610127077388062
1736063999999,2025-01-05 07:59,13057.81318672188054465438822,23449.99432309951099862108717
1736078399999,2025-01-05 11:59,12952.66098377220132137621797,23300.34191318005577374672613
1736092799999,2025-01-05 15:59,13014.80363151471504220245857,23392.77400327525139411073377
1736107199999,2025-01-05 19:59,13034.12941448533275033867161,23404.86045057955411302498957
1736121599999,2025-01-05 23:59,13053.33109459518202691875935,23472.62568859487269382006093
1736135999999,2025-01-06 03:59,13077.29564420797542564745373,23633.45060518337931651407561
1736150399999,2025-01-06 07:59,13037.68380537325674743678811,23700.53575682520801085493908
1736164799999,2025-01-06 11:59,13054.38677217055174711322125,23686.52597753131634989825678
1736179199999,2025-01-06 15:59,13178.59701723527482627034653,24375.67062426249266017691818
1736193599999,2025-01-06 19:59,13187.89048471658298621276404,24296.74958345396278403650707
1736207999999,2025-01-06 23:59,13160.42962972890733886183235,24396.58626308227811551422364
1736222399999,2025-01-07 03:59,13120.88680465682204370135726,24270.70585475126586908484115
1736236799999,2025-01-07 07:59,13176.59991123387559763053519,24260.38047321410538246253416
1736251199999,2025-01-07 11:59,13227.42809024346849684254076,24061.37765525905597597598668
1736265599999,2025-01-07 15:59,12887.32351669400940895924505,23374.46655535449908226272379
1736279999999,2025-01-07 19:59,12887.32351669400940895924505,23016.45954327751422278237429
1736294399999,2025-01-07 23:59,12887.32351669400940895924505,23136.40053061338146084500798
1736308799999,2025-01-08 03:59,12887.32351669400940895924505,23033.93179740626141091469039
1736323199999,2025-01-08 07:59,12887.32351669400940895924505,22826.77748804124199696297057
1736337599999,2025-01-08 11:59,12887.32351669400940895924505,22702.17373307800901107043445
1736351999999,2025-01-08 15:59,12887.32351669400940895924505,22787.80495943830576689236330
1736366399999,2025-01-08 19:59,12887.32351669400940895924505,22489.55009750934461552908496
1736380799999,2025-01-08 23:59,12887.32351669400940895924505,22684.44137573975165583808798
1736395199999,2025-01-09 03:59,12887.32351669400940895924505,22438.00909547071985228544998
1736409599999,2025-01-09 07:59,12887.32351669400940895924505,22245.60192220453376565655364
1736423999999,2025-01-09 11:59,12887.32351669400940895924505,22303.74095519999900625417032
1736438399999,2025-01-09 15:59,12887.32351669400940895924505,22489.58111899304766298138217
1736452799999,2025-01-09 19:59,12887.32351669400940895924505,21932.52356360147024708787411
1736467199999,2025-01-09 23:59,12887.32351669400940895924505,22085.93673185292568617918819
1736481599999,2025-01-10 03:59,12887.32351669400940895924505,22358.83988279256559652666126
1736495999999,2025-01-10 07:59,12887.32351669400940895924505,22548.90612717316017925528416
1736510399999,2025-01-10 11:59,12887.32351669400940895924505,22687.62465722127975594304696
1736524799999,2025-01-10 15:59,12887.32351669400940895924505,22367.14170908509652626065848
1736539199999,2025-01-10 19:59,12887.32351669400940895924505,22748.02348599111314556569824
1736553599999,2025-01-10 23:59,12887.32351669400940895924505,22604.62071190383340358105802
1736567999999,2025-01-11 03:59,12887.32351669400940895924505,22480.73522360172482408401864
1736582399999,2025-01-11 07:59,12887.32351669400940895924505,22490.13950569970251712273179
1736596799999,2025-01-11 11:59,12887.32351669400940895924505,22580.64826380530919544431294
1736611199999,2025-01-11 15:59,12887.32351669400940895924505,22529.25043784531388198051119
1736625599999,2025-01-11 19:59,12887.32351669400940895924505,22490.83152341307819105859244
1736639999999,2025-01-11 23:59,12887.32351669400940895924505,22574.52510017592305986011148
1736654399999,2025-01-12 03:59,12887.32351669400940895924505,22579.87272671273300913688290
1736668799999,2025-01-12 07:59,12887.32351669400940895924505,22508.63069625469595618819443
1736683199999,2025-01-12 11:59,12887.32351669400940895924505,22492.22510391173816891563595
1736697599999,2025-01-12 15:59,12887.32351669400940895924505,22687.13547228596246919528340
1736711999999,2025-01-12 19:59,12887.32351669400940895924505,22586.52086929709379391380623
1736726399999,2025-01-12 23:59,12887.32351669400940895924505,22561.41733017739693251637857
1736740799999,2025-01-13 03:59,12887.32351669400940895924505,22495.59690056346171123070870
1736755199999,2025-01-13 07:59,12887.32351669400940895924505,22333.57169118244486788242538
1736769599999,2025-01-13 11:59,12887.32351669400940895924505,21679.96811970305230795103465
1736783999999,2025-01-13 15:59,12887.32351669400940895924505,21983.62787860027518850301771
1736798399999,2025-01-13 19:59,12887.32351669400940895924505,22028.59232609385389185964598
1736812799999,2025-01-13 23:59,12887.32351669400940895924505,22559.27923406986381580420223
1736827199999,2025-01-14 03:59,12887.32351669400940895924505,22636.90453136679717143712254
1736841599999,2025-01-14 07:59,12887.32351669400940895924505,22637.52496104085812048306657
1736855999999,2025-01-14 11:59,12887.32351669400940895924505,23039.38203346608913253367563
1736870399999,2025-01-14 15:59,12887.32351669400940895924505,23021.15333238858301806457393
1736884799999,2025-01-14 19:59,12887.32351669400940895924505,23036.93849505747985629118838
1736899199999,2025-01-14 23:59,12887.32351669400940895924505,23042.44122901280504282944581
1736913599999,2025-01-15 03:59,12887.32351669400940895924505,23222.90513105331786032391958
1736927999999,2025-01-15 07:59,12887.32351669400940895924505,23219.14198645334048861063598
1736942399999,2025-01-15 11:59,12887.32351669400940895924505,23090.48157592893975895615813
1736956799999,2025-01-15 15:59,12887.32351669400940895924505,23622.67660526651322058162448
1736971199999,2025-01-15 19:59,12887.32351669400940895924505,23826.10117778323546776868845
1736985599999,2025-01-15 23:59,12887.32351669400940895924505,23981.79323195287631585568156
1736999999999,2025-01-16 03:59,12887.32351669400940895924505,23738.55616450525839988965532
1737014399999,2025-01-16 07:59,12889.79381584720598481730750,23815.38444829782115174817062
1737028799999,2025-01-16 11:59,13051.78411768461174250087077,23662.35785545866522706240628
1737043199999,2025-01-16 15:59,13229.55145711515476479884008,23695.15949507267217162220101
1737057599999,2025-01-16 19:59,13341.24194116755977511738316,23962.66729411595898276629158
1737071999999,2025-01-16 23:59,13186.61860720774360961046867,23860.08163377795821551577684
1737086399999,2025-01-17 03:59,13401.50558538310213003982881,24114.08315607053359742893199
1737100799999,2025-01-17 07:59,13553.71926877088187469325354,24206.85409621848558227187829
1737115199999,2025-01-17 11:59,13598.72110841134438227922152,24397.06351667770961478033443
1737129599999,2025-01-17 15:59,13586.87790191588984278423741,24817.61938497194676807716432
1737143999999,2025-01-17 19:59,13600.53085888565535059252271,25255.48285490450724225950209
1737158399999,2025-01-17 23:59,13698.24314044473430029589515,24836.10818925896304964629641
1737172799999,2025-01-18 03:59,13525.86079637633844111543270,24712.58064115342809459884012
1737187199999,2025-01-18 07:59,13511.79248229652348387554707,24536.45736056336476292964400
1737201599999,2025-01-18 11:59,13676.40502881090942687544792,24719.61297288211123628498264
1737215999999,2025-01-18 15:59,13817.77881100387075512421629,24953.38848780029967930036243
1737230399999,2025-01-18 19:59,13772.34189171744802073218206,24908.77720796734028540065615
1737244799999,2025-01-18 23:59,13812.48669795484107804546177,24950.35076866537818647156723
1737259199999,2025-01-19 03:59,13719.18241576603281966892320,25052.43054019222156450000453
1737273599999,2025-01-19 07:59,13841.15477667025833840499868,25096.12549312195247980877809
1737287999999,2025-01-19 11:59,13949.08384819380984156342595,24904.29579670623850729187581
1737302399999,2025-01-19 15:59,13782.13258170907936670939171,25041.05758701308893698858436
1737316799999,2025-01-19 19:59,13770.61870126185657534014797,25342.59833994659596079903550
1737331199999,2025-01-19 23:59,13534.86878128381717389448900,24180.86047914330897474315401
1737345599999,2025-01-20 03:59,13534.86878128381717389448900,24314.57739151130643912207570
1737359999999,2025-01-20 07:59,13534.86878128381717389448900,25562.29010126360086047148582
1737374399999,2025-01-20 11:59,13534.86878128381717389448900,25829.20371958057545502926845
1737388799999,2025-01-20 15:59,13534.86878128381717389448900,25046.22147091565775904790313
1737403199999,2025-01-20 19:59,13534.86878128381717389448900,24744.03403936034105373187186
1737417599999,2025-01-20 23:59,13534.86878128381717389448900,24402.41114321451956405710586
1737431999999,2025-01-21 03:59,13534.86878128381717389448900,24563.72285847036631600255355
1737446399999,2025-01-21 07:59,13534.86878128381717389448900,24337.75282610546004348441576
1737460799999,2025-01-21 11:59,13534.86878128381717389448900,24759.93135662416429428602234
1737475199999,2025-01-21 15:59,13534.86878128381717389448900,24804.01765750214903899300675
1737489599999,2025-01-21 19:59,13534.86878128381717389448900,25540.97834195960726074330840
1737503999999,2025-01-21 23:59,13534.86878128381717389448900,25329.19228645092514641398335
1737518399999,2025-01-22 03:59,13534.86878128381717389448900,25199.42464758512333846212846
1737532799999,2025-01-22 07:59,13534.86878128381717389448900,25076.47457633006049752666623
1737547199999,2025-01-22 11:59,13534.86878128381717389448900,25080.20192691038050679499152
1737561599999,2025-01-22 15:59,13534.86878128381717389448900,24860.57459482875885952346616
1737575999999,2025-01-22 19:59,13534.86878128381717389448900,24967.95426753286903690206380
1737590399999,2025-01-22 23:59,13534.86878128381717389448900,24747.62060013000877071669446
1737604799999,2025-01-23 03:59,13534.86878128381717389448900,24450.43239998683702021317375
1737619199999,2025-01-23 07:59,13534.86878128381717389448900,24509.85524515401299383662846
1737633599999,2025-01-23 11:59,13534.86878128381717389448900,24327.11961599924623983546732
1737647999999,2025-01-23 15:59,13534.86878128381717389448900,25119.12911642175074443531826
1737662399999,2025-01-23 19:59,13534.86878128381717389448900,24762.74476656923298245974546
1737676799999,2025-01-23 23:59,13534.86878128381717389448900,24796.22410628875265597741752
1737691199999,2025-01-24 03:59,13534.86878128381717389448900,24791.78803411921687029891771
1737705599999,2025-01-24 07:59,13534.86878128381717389448900,25067.41391682079348395955285
1737719999999,2025-01-24 11:59,13534.86878128381717389448900,25156.49330040808282197913217
1737734399999,2025-01-24 15:59,13534.86878128381717389448900,25261.46045618728677056753976
1737748799999,2025-01-24 19:59,13534.86878128381717389448900,25237.82685814151892690973334
1737763199999,2025-01-24 23:59,13534.86878128381717389448900,25025.34401238350682365188653
1737777599999,2025-01-25 03:59,13534.86878128381717389448900,25104.54424654536412686297246
1737791999999,2025-01-25 07:59,13534.86878128381717389448900,24909.72455635427181144388607
1737806399999,2025-01-25 11:59,13534.86878128381717389448900,24977.73557997123761436100448
1737820799999,2025-01-25 15:59,13534.86878128381717389448900,25031.85613769316963113796829
1737835199999,2025-01-25 19:59,13534.86878128381717389448900,25069.40883684969715089189596
1737849599999,2025-01-25 23:59,13534.86878128381717389448900,24995.83780884595438152458682
1737863999999,2025-01-26 03:59,13534.86878128381717389448900,25071.14126740111349322787813
1737878399999,2025-01-26 07:59,13534.86878128381717389448900,25055.85244847146541423801891
1737892799999,2025-01-26 11:59,13534.86878128381717389448900,25012.98075799385383516328647
1737907199999,2025-01-26 15:59,13534.86878128381717389448900,25048.37388463105382073806280
1737921599999,2025-01-26 19:59,13534.86878128381717389448900,25075.72528818523304367887229
1737935999999,2025-01-26 23:59,13534.86878128381717389448900,24488.31440412421227446071786
1737950399999,2025-01-27 03:59,13534.86878128381717389448900,24196.14929807295705373301323
1737964799999,2025-01-27 07:59,13534.86878128381717389448900,23635.94425521950890017950450
1737979199999,2025-01-27 11:59,13534.86878128381717389448900,23567.48461322283748795224194
1737993599999,2025-01-27 15:59,13534.86878128381717389448900,24128.47235197279330030217237
1738007999999,2025-01-27 19:59,13534.86878128381717389448900,23791.52892733017766093162268
1738022399999,2025-01-27 23:59,13534.86878128381717389448900,24360.13124719524304407235080
1738036799999,2025-01-28 03:59,13534.86878128381717389448900,24492.20879346293330847218192
1738051199999,2025-01-28 07:59,13534.86878128381717389448900,24528.81414423252930218287967
1738065599999,2025-01-28 11:59,13534.86878128381717389448900,24522.20179566782587985091464
1738079999999,2025-01-28 15:59,13534.86878128381717389448900,24526.01505189532355898713987
1738094399999,2025-01-28 19:59,13534.86878128381717389448900,24441.60082220337712629379354
1738108799999,2025-01-28 23:59,13534.86878128381717389448900,24181.80305499428618579372282
1738123199999,2025-01-29 03:59,13534.86878128381717389448900,24349.48133321318913794908847
1738137599999,2025-01-29 07:59,13534.86878128381717389448900,24520.72469578996538962230174
1738151999999,2025-01-29 11:59,13534.86878128381717389448900,24494.51870086482176492015816
1738166399999,2025-01-29 15:59,13534.86878128381717389448900,24335.77938248835079401904764
1738180799999,2025-01-29 19:59,13534.86878128381717389448900,24718.34825085421776322978904
1738195199999,2025-01-29 23:59,13534.86878128381717389448900,24753.96330041329339596330689
1738209599999,2025-01-30 03:59,13534.86878128381717389448900,25103.01703503998332921141793
1738223999999,2025-01-30 07:59,13534.86878128381717389448900,25087.76162386201545517018646
1738238399999,2025-01-30 11:59,13534.86878128381717389448900,25127.98455688498221331800401
1738252799999,2025-01-30 15:59,13566.85915622918582810331112,25190.83169659937919417580365
1738267199999,2025-01-30 19:59,13530.79599554785147354436498,25225.97426509897764263587182
1738281599999,2025-01-30 23:59,13552.40469101682914348251894,24990.13224211257080779823230
1738295999999,2025-01-31 03:59,13491.37472678687869730584085,24899.81677171311388667942603
1738310399999,2025-01-31 07:59,13539.84828689296374068061867,24862.61485394922851888608979
1738324799999,2025-01-31 11:59,13581.89764023800136866837773,24993.24870809073849800593577
1738339199999,2025-01-31 15:59,13557.66086018495884698098883,25166.97140309578138836659461
1738353599999,2025-01-31 19:59,13497.94493824704082667892821,24414.89371100303042736223362
1738367999999,2025-01-31 23:59,13522.32772299919806235238572,24442.87031676722491434164825
1738382399999,2025-02-01 03:59,13522.32772299919806235238572,24363.25331357974015765163215
1738396799999,2025-02-01 07:59,13522.32772299919806235238572,24343.54998924133224218524826
1738411199999,2025-02-01 11:59,13522.32772299919806235238572,24310.74764710213028569901207
1738425599999,2025-02-01 15:59,13522.32772299919806235238572,24321.48798399663365727367453
1738439999999,2025-02-01 19:59,13522.32772299919806235238572,24225.16565029923418757712871
1738454399999,2025-02-01 23:59,13522.32772299919806235238572,23978.82644594981624082419503
1738468799999,2025-02-02 03:59,13522.32772299919806235238572,23638.41637604082173611785128
1738483199999,2025-02-02 07:59,13522.32772299919806235238572,23742.39846641875100608337222
1738497599999,2025-02-02 11:59,13522.32772299919806235238572,23556.87272685021117810667175
1738511999999,2025-02-02 15:59,13522.32772299919806235238572,23671.77384207009008248361195
1738526399999,2025-02-02 19:59,13522.32772299919806235238572,23415.96179400005425521141076
1738540799999,2025-02-02 23:59,13522.32772299919806235238572,23279.54664990764530528895104
1738555199999,2025-02-03 03:59,13522.32772299919806235238572,22407.10870276618188025173435
1738569599999,2025-02-03 07:59,13522.32772299919806235238572,22715.46930242121468255737725
1738583999999,2025-02-03 11:59,13522.32772299919806235238572,22661.83432811574442947645415
1738598399999,2025-02-03 15:59,13522.32772299919806235238572,23551.48826336716379129239997
1738612799999,2025-02-03 19:59,13522.32772299919806235238572,24275.29357582282578871530487
1738627199999,2025-02-03 23:59,13522.32772299919806235238572,24143.90313681260574976244655
1738641599999,2025-02-04 03:59,13522.32772299919806235238572,23977.40885490007588898592436
1738655999999,2025-02-04 07:59,13522.32772299919806235238572,23457.62229332065894805847105
1738670399999,2025-02-04 11:59,13522.32772299919806235238572,23581.43636335915744273284077
1738684799999,2025-02-04 15:59,13522.32772299919806235238572,23671.85008226100048796062819
1738699199999,2025-02-04 19:59,13522.32772299919806235238572,23555.72197646865724543795791
1738713599999,2025-02-04 23:59,13522.32772299919806235238572,23294.44684221869767570331195
1738727999999,2025-02-05 03:59,13522.32772299919806235238572,23360.41128489796006452045471
1738742399999,2025-02-05 07:59,13522.32772299919806235238572,23318.58162765377290952126464
1738756799999,2025-02-05 11:59,13522.32772299919806235238572,23398.05487915997276879722198
1738771199999,2025-02-05 15:59,13522.32772299919806235238572,23378.57551038236416941957329
1738785599999,2025-02-05 19:59,13522.32772299919806235238572,23200.78338517929859701770741
1738799999999,2025-02-05 23:59,13522.32772299919806235238572,23020.29188071681148069523537
1738814399999,2025-02-06 03:59,13522.32772299919806235238572,23197.36925413009200175007403
1738828799999,2025-02-06 07:59,13522.32772299919806235238572,23397.48546023411067789075695
1738843199999,2025-02-06 11:59,13522.32772299919806235238572,23560.06290233861845728556994
1738857599999,2025-02-06 15:59,13522.32772299919806235238572,23191.98955565897651527811577
1738871999999,2025-02-06 19:59,13522.32772299919806235238572,22870.32980770200985757545294
1738886399999,2025-02-06 23:59,13522.32772299919806235238572,23006.45428606657288661678826
1738900799999,2025-02-07 03:59,13522.32772299919806235238572,23218.42345935119366426233937
1738915199999,2025-02-07 07:59,13522.32772299919806235238572,23054.74768199638285596426121
1738929599999,2025-02-07 11:59,13522.32772299919806235238572,23291.31861188540510097448946
1738943999999,2025-02-07 15:59,13522.32772299919806235238572,23418.53966545521234040302230
1738958399999,2025-02-07 19:59,13522.32772299919806235238572,23088.46252392054372800353549
1738972799999,2025-02-07 23:59,13522.32772299919806235238572,22995.12547019847982276640672
1738987199999,2025-02-08 03:59,13522.32772299919806235238572,23040.97203250125896633588980
1739001599999,2025-02-08 07:59,13522.32772299919806235238572,22924.39363308135114146459236
1739015999999,2025-02-08 11:59,13522.32772299919806235238572,22902.97013943552720242302962
1739030399999,2025-02-08 15:59,13522.32772299919806235238572,22837.15102962018777404644907
1739044799999,2025-02-08 19:59,13522.32772299919806235238572,23012.56303136326912546271429
1739059199999,2025-02-08 23:59,13522.32772299919806235238572,22980.33963817379306056757016
1739073599999,2025-02-09 03:59,13522.32772299919806235238572,23184.10584341764739892040546
1739087999999,2025-02-09 07:59,13522.32772299919806235238572,23126.40869644023210401721096
1739102399999,2025-02-09 11:59,13522.32772299919806235238572,23006.37328086373058079745851
1739116799999,2025-02-09 15:59,13522.32772299919806235238572,22990.68209657198275355905413
1739131199999,2025-02-09 19:59,13522.32772299919806235238572,22889.80441146768655661078811
1739145599999,2025-02-09 23:59,13522.32772299919806235238572,22984.63053141846931882089027
1739159999999,2025-02-10 03:59,13522.32772299919806235238572,23068.54953905713219747535696
1739174399999,2025-02-10 07:59,13522.32772299919806235238572,23215.03791837357847104858707
1739188799999,2025-02-10 11:59,13522.32772299919806235238572,23270.15242888390378041785652
1739203199999,2025-02-10 15:59,13522.32772299919806235238572,23164.73368740850655724481085
1739217599999,2025-02-10 19:59,13522.32772299919806235238572,23202.21288875886869971176186
1739231999999,2025-02-10 23:59,13522.32772299919806235238572,23215.27378646420753799310605
1739246399999,2025-02-11 03:59,13522.32772299919806235238572,23257.32025175129615856756104
1739260799999,2025-02-11 07:59,13522.32772299919806235238572,23414.96352400032113349672940
1739275199999,2025-02-11 11:59,13522.32772299919806235238572,23386.98099143023637326061348
1739289599999,2025-02-11 15:59,13522.32772299919806235238572,23114.42469143150274309872113
1739303999999,2025-02-11 19:59,13522.32772299919806235238572,22645.85486060211663152808212
1739318399999,2025-02-11 23:59,13522.32772299919806235238572,22821.53608551935035228506093
1739332799999,2025-02-12 03:59,13522.32772299919806235238572,22707.43072729209880507447770
1739347199999,2025-02-12 07:59,13522.32772299919806235238572,22890.95754435520643945065870
1739361599999,2025-02-12 11:59,13522.32772299919806235238572,22896.93048681184351854064956
1739375999999,2025-02-12 15:59,13522.32772299919806235238572,22830.58484317802910233842562
1739390399999,2025-02-12 19:59,13522.32772299919806235238572,23161.48633177691647395815049
1739404799999,2025-02-12 23:59,13522.32772299919806235238572,23319.90630097084120468442177
1739419199999,2025-02-13 03:59,13522.32772299919806235238572,23231.37952679403069501278623
1739433599999,2025-02-13 07:59,13522.32772299919806235238572,22891.11240724299320057584793
1739447999999,2025-02-13 11:59,13522.32772299919806235238572,22856.53748066512431674898422
1739462399999,2025-02-13 15:59,13522.32772299919806235238572,22873.90356665093511431058907
1739476799999,2025-02-13 19:59,13522.32772299919806235238572,22785.69366576759597740280227
1739491199999,2025-02-13 23:59,13522.32772299919806235238572,23019.26978565741885726898644
1739505599999,2025-02-14 03:59,13522.32772299919806235238572,23143.59847698456258891321576
1739519999999,2025-02-14 07:59,13522.32772299919806235238572,23099.31007358351485728025204
1739534399999,2025-02-14 11:59,13522.32772299919806235238572,23085.84176735799853973110233
1739548799999,2025-02-14 15:59,13512.48182379078999183152725,23094.61653683059302010143992
1739563199999,2025-02-14 19:59,13566.54735913120178707893885,23336.69343800692611065493457
1739577599999,2025-02-14 23:59,13523.93200882307465547468926,23231.87032302301643027107826
1739591999999,2025-02-15 03:59,13588.58681302793016221164166,23268.25357162904149400592085
1739606399999,2025-02-15 07:59,13545.79927948623484017666783,23195.12731601613289069156529
1739620799999,2025-02-15 11:59,13574.55387949212264210761604,23259.29534919706885045651295
1739635199999,2025-02-15 15:59,13559.74612140525826506533134,23263.49570721503900220587628
1739649599999,2025-02-15 19:59,13529.26968906368855882714072,23239.35615676803186804561008
1739663999999,2025-02-15 23:59,13544.16353876733703108478755,23248.35249929545971433352611
1739678399999,2025-02-16 03:59,13562.50105314234931195691919,23242.99424337803777940197866
1739692799999,2025-02-16 07:59,13542.78607289879150763899362,23171.95029797936962567862909
1739707199999,2025-02-16 11:59,13546.14364595337122103811632,23192.68286489506801508473218
1739721599999,2025-02-16 15:59,13510.75999145510808752428484,23091.42874384815169109369848
1739735999999,2025-02-16 19:59,13513.34273995863094398514845,23126.56117682205291497124343
1739750399999,2025-02-16 23:59,13515.23675552788103872311510,22902.52222831392857024555923
1739764799999,2025-02-17 03:59,13501.72037169277808991126220,22925.68256880893018406039813
1739779199999,2025-02-17 07:59,13452.13160042513924586268086,22890.63352354383721617333969
1739793599999,2025-02-17 11:59,13467.36981659592409898177617,22889.43274053699832991033395
1739807999999,2025-02-17 15:59,13444.81381299849115255690063,22793.24620967965801996972330
1739822399999,2025-02-17 19:59,13408.85838480306755864993921,22762.72630825583632745166072
1739836799999,2025-02-17 23:59,13408.85838480306755864993921,22821.96493659322138309327726
1739851199999,2025-02-18 03:59,13408.85838480306755864993921,22922.03018716312857167708900
1739865599999,2025-02-18 07:59,13408.85838480306755864993921,22744.99331635126920353191522
1739879999999,2025-02-18 11:59,13408.85838480306755864993921,22788.69085827276129271800310
1739894399999,2025-02-18 15:59,13408.85838480306755864993921,22766.32865727635298624067794
1739908799999,2025-02-18 19:59,13408.85838480306755864993921,22422.69029178349599961692789
1739923199999,2025-02-18 23:59,13408.85838480306755864993921,22796.17192700584483015022141
1739937599999,2025-02-19 03:59,13408.85838480306755864993921,22805.34933998668488944605100
1739951999999,2025-02-19 07:59,13408.85838480306755864993921,22799.97678903346725348756301
1739966399999,2025-02-19 11:59,13408.85838480306755864993921,22975.06476996517938162650922
1739980799999,2025-02-19 15:59,13408.85838480306755864993921,22860.97608927968948561402330
1739995199999,2025-02-19 19:59,13408.85838480306755864993921,22923.58834606485998361360836
1740009599999,2025-02-19 23:59,13408.85838480306755864993921,23027.90160477205632736991858
1740023999999,2025-02-20 03:59,13408.85838480306755864993921,23125.79400990101695985876754
1740038399999,2025-02-20 07:59,13408.85838480306755864993921,23081.16252564087240357923075
1740052799999,2025-02-20 11:59,13408.85838480306755864993921,23162.16772848317822290898311
1740067199999,2025-02-20 15:59,13408.85838480306755864993921,23089.70380952880376717620611
1740081599999,2025-02-20 19:59,13408.85838480306755864993921,23451.61361327453261640112883
1740095999999,2025-02-20 23:59,13408.85838480306755864993921,23423.54769299563960017452640
1740110399999,2025-02-21 03:59,13408.85838480306755864993921,23384.71046324468586014822366
1740124799999,2025-02-21 07:59,13408.85838480306755864993921,23393.70918827807965660729644
1740139199999,2025-02-21 11:59,13408.85838480306755864993921,23500.81236147140365078816960
1740153599999,2025-02-21 15:59,13408.85838480306755864993921,23375.66885310390496060832924
1740167999999,2025-02-21 19:59,13408.85838480306755864993921,22704.05709884431336271650919
1740182399999,2025-02-21 23:59,13408.85838480306755864993921,22917.73691141248636325261213
1740196799999,2025-02-22 03:59,13408.85838480306755864993921,22945.63367376779691732708478
1740211199999,2025-02-22 07:59,13408.85838480306755864993921,22943.01768221718362939696513
1740225599999,2025-02-22 11:59,13408.85838480306755864993921,23012.56541386923507563387105
1740239999999,2025-02-22 15:59,13408.85838480306755864993921,23015.42442102837528102197996
1740254399999,2025-02-22 19:59,13408.85838480306755864993921,23026.85806715897015240325883
1740268799999,2025-02-22 23:59,13408.85838480306755864993921,23005.65852907394552945043128
1740283199999,2025-02-23 03:59,13408.85838480306755864993921,22973.01581483446223443169784
1740297599999,2025-02-23 07:59,13408.85838480306755864993921,22995.61388392149960785354199
1740311999999,2025-02-23 11:59,13408.85838480306755864993921,22902.01475454318118378916990
1740326399999,2025-02-23 15:59,13408.85838480306755864993921,22740.04961647192259838164357
1740340799999,2025-02-23 19:59,13408.85838480306755864993921,22816.24453976897502214590269
1740355199999,2025-02-23 23:59,13408.85838480306755864993921,22935.84872176563956438628205
1740369599999,2025-02-24 03:59,13408.85838480306755864993921,22739.34201220003539754808662
1740383999999,2025-02-24 07:59,13408.85838480306755864993921,22843.88875649189485807775906
1740398399999,2025-02-24 11:59,13408.85838480306755864993921,22831.84042382208484253803678
1740412799999,2025-02-24 15:59,13408.85838480306755864993921,22475.06015542104671181361279
1740427199999,2025-02-24 19:59,13408.85838480306755864993921,22384.42009845243840032593342
1740441599999,2025-02-24 23:59,13408.85838480306755864993921,21814.85107471449263307803377
1740455999999,2025-02-25 03:59,13408.85838480306755864993921,21958.05159579792767045493864
1740470399999,2025-02-25 07:59,13408.85838480306755864993921,21282.86846509537676599913921
1740484799999,2025-02-25 11:59,13408.85838480306755864993921,21263.66070199788648613336087
1740499199999,2025-02-25 15:59,13408.85838480306755864993921,20785.22253145753476563143263
1740513599999,2025-02-25 19:59,13408.85838480306755864993921,20955.80757611360107028410731
1740527999999,2025-02-25 23:59,13408.85838480306755864993921,21130.48100100723786864177773
1740542399999,2025-02-26 03:59,13408.85838480306755864993921,21182.80083201950362724417072
1740556799999,2025-02-26 07:59,13408.85838480306755864993921,21139.92048964433244676485063
1740571199999,2025-02-26 11:59,13408.85838480306755864993921,21115.32826306379478008480052
1740585599999,2025-02-26 15:59,13408.85838480306755864993921,20865.33905957454117111971447
1740599999999,2025-02-26 19:59,13408.85838480306755864993921,19981.30069088486636272024589
1740614399999,2025-02-26 23:59,13408.85838480306755864993921,20074.95700040636759089238016
1740628799999,2025-02-27 03:59,13408.85838480306755864993921,20307.54438032032114972851000
1740643199999,2025-02-27 07:59,13408.85838480306755864993921,20556.68064667376459741947689
1740657599999,2025-02-27 11:59,13408.85838480306755864993921,20658.31596867523294879559177
1740671999999,2025-02-27 15:59,13408.85838480306755864993921,20372.94893409758524832381476
1740686399999,2025-02-27 19:59,13408.85838480306755864993921,20042.52871170381981127775489
1740700799999,2025-02-27 23:59,13408.85838480306755864993921,20184.19251643921698825855122
1740715199999,2025-02-28 03:59,13408.85838480306755864993921,19170.16462224730084154639768
1740729599999,2025-02-28 07:59,13408.85838480306755864993921,18872.86361528620873375042274
1740743999999,2025-02-28 11:59,13408.85838480306755864993921,19184.68361360380118457567741
1740758399999,2025-02-28 15:59,13408.85838480306755864993921,20016.57607421672459686719629
1740772799999,2025-02-28 19:59,13408.85838480306755864993921,20122.58329466571151231596104
1740787199999,2025-02-28 23:59,13408.85838480306755864993921,20098.74632247638004989260303
1740801599999,2025-03-01 03:59,13408.85838480306755864993921,20332.44633267643233865893858
1740815999999,2025-03-01 07:59,13408.85838480306755864993921,20191.71408777372167860043440
1740830399999,2025-03-01 11:59,13408.85838480306755864993921,20166.13550372328064106148672
1740844799999,2025-03-01 15:59,13408.85838480306755864993921,20205.97338597993345297362757
1740859199999,2025-03-01 19:59,13408.85838480306755864993921,20369.27272739212413422893806
1740873599999,2025-03-01 23:59,13408.85838480306755864993921,20507.24841289223044625907390
1740887999999,2025-03-02 03:59,13408.85838480306755864993921,20461.63295366814846929179629
1740902399999,2025-03-02 07:59,13408.85838480306755864993921,20547.24830555456786980987426
1740916799999,2025-03-02 11:59,13408.85838480306755864993921,20517.10245756740035416342260
1740931199999,2025-03-02 15:59,13408.85838480306755864993921,20832.09357132567248279832140
1740945599999,2025-03-02 19:59,13408.85838480306755864993921,22283.99508948167273589745131
1740959999999,2025-03-02 23:59,13520.27577445804876087458728,22462.20653573474553842290650
1740974399999,2025-03-03 03:59,13362.30268662643655180985496,22090.53084003458693762643510
1740988799999,2025-03-03 07:59,13237.01148852243676810731505,22008.00083337407300875635799
1741003199999,2025-03-03 11:59,13160.70721738810548324155462,22097.68074043840340126786413
1741017599999,2025-03-03 15:59,13160.70721738810548324155462,21453.30341187558820986893818
1741031999999,2025-03-03 19:59,13160.70721738810548324155462,20398.00336683551724820827581
1741046399999,2025-03-03 23:59,13160.70721738810548324155462,20544.43456600878071767374374
1741060799999,2025-03-04 03:59,13160.70721738810548324155462,20011.49418899135288178983271
1741075199999,2025-03-04 07:59,13160.70721738810548324155462,19821.53222331421383511924991
1741089599999,2025-03-04 11:59,13160.70721738810548324155462,20000.58707667923299823419723
1741103999999,2025-03-04 15:59,13160.70721738810548324155462,19773.56284819577308904909597
1741118399999,2025-03-04 19:59,13160.70721738810548324155462,21017.50018559591480221718400
1741132799999,2025-03-04 23:59,13160.70721738810548324155462,20797.30660171683403373850628
1741147199999,2025-03-05 03:59,13160.70721738810548324155462,20692.81465506219142714543925
1741161599999,2025-03-05 07:59,13160.70721738810548324155462,20877.71856057361826045022604
1741175999999,2025-03-05 11:59,13160.70721738810548324155462,21400.62382246246397542187481
1741190399999,2025-03-05 15:59,13160.70721738810548324155462,21050.39306296182286520737697
1741204799999,2025-03-05 19:59,13160.70721738810548324155462,21385.31383912526817556855161
1741219199999,2025-03-05 23:59,13160.70721738810548324155462,21589.25873231656877675814372
1741233599999,2025-03-06 03:59,13160.70721738810548324155462,21827.27107831499087531821021
1741247999999,2025-03-06 07:59,13160.70721738810548324155462,21765.67615157728110040256057
1741262399999,2025-03-06 11:59,13160.70721738810548324155462,21766.51479367729556064973918
1741276799999,2025-03-06 15:59,13160.70721738810548324155462,21640.40637039358705115141206
1741291199999,2025-03-06 19:59,13160.70721738810548324155462,21093.73799400035432906226476
1741305599999,2025-03-06 23:59,13160.70721738810548324155462,21428.64924013993583873881237
1741319999999,2025-03-07 03:59,13160.70721738810548324155462,20728.04000576876470769809774
1741334399999,2025-03-07 07:59,13160.70721738810548324155462,21055.37964794855657343847026
1741348799999,2025-03-07 11:59,13160.70721738810548324155462,21198.75409196750597330981842
1741363199999,2025-03-07 15:59,13160.70721738810548324155462,21077.49168581854011194433590
1741377599999,2025-03-07 19:59,13160.70721738810548324155462,20925.51401275654464402593668
1741391999999,2025-03-07 23:59,13160.70721738810548324155462,20682.89151771400896427754458
1741406399999,2025-03-08 03:59,13160.70721738810548324155462,20472.60439364134900746866422
1741420799999,2025-03-08 07:59,13160.70721738810548324155462,20538.84282450669566596883407
1741435199999,2025-03-08 11:59,13160.70721738810548324155462,20481.36248557218183664090450
1741449599999,2025-03-08 15:59,13160.70721738810548324155462,20587.17434053196083805481514
1741463999999,2025-03-08 19:59,13160.70721738810548324155462,20547.51038121082238863711758
1741478399999,2025-03-08 23:59,13160.70721738810548324155462,20544.87294710651554916658711
1741492799999,2025-03-09 03:59,13160.70721738810548324155462,20519.44207842596342223935838
1741507199999,2025-03-09 07:59,13160.70721738810548324155462,20492.97243714425702068778342
1741521599999,2025-03-09 11:59,13160.70721738810548324155462,20259.34390212318323705615059
1741535999999,2025-03-09 15:59,13160.70721738810548324155462,19796.28004258110797102877799
1741550399999,2025-03-09 19:59,13160.70721738810548324155462,19691.55699284776819783350549
1741564799999,2025-03-09 23:59,13160.70721738810548324155462,19237.33461294533401696885969
1741579199999,2025-03-10 03:59,13160.70721738810548324155462,19550.18623634618289190499033
1741593599999,2025-03-10 07:59,13160.70721738810548324155462,19614.81885819047913504550568
1741607999999,2025-03-10 11:59,13160.70721738810548324155462,19915.78415932720260608057354
1741622399999,2025-03-10 15:59,13160.70721738810548324155462,19072.81781098454279825244616
1741636799999,2025-03-10 19:59,13160.70721738810548324155462,18838.61509202567502337203479
1741651199999,2025-03-10 23:59,13160.70721738810548324155462,18727.83332962092396492512817
1741665599999,2025-03-11 03:59,13160.70721738810548324155462,18948.55582982444567140060605
1741679999999,2025-03-11 07:59,13160.70721738810548324155462,19163.61511334690382103647153
1741694399999,2025-03-11 11:59,13160.70721738810548324155462,19472.24255367012304251167126
1741708799999,2025-03-11 15:59,13160.70721738810548324155462,19355.95243747209518835034147
1741723199999,2025-03-11 19:59,13160.70721738810548324155462,19801.90275666075037495872551
1741737599999,2025-03-11 23:59,13160.70721738810548324155462,19761.15713963107054783586007
1741751999999,2025-03-12 03:59,13160.70721738810548324155462,19569.30108171100111509565513
1741766399999,2025-03-12 07:59,13160.70721738810548324155462,19645.55795016316824330998994
1741780799999,2025-03-12 11:59,13160.70721738810548324155462,19778.18252726375047092204861
1741795199999,2025-03-12 15:59,13160.70721738810548324155462,19476.68116228468821137671033
1741809599999,2025-03-12 19:59,13160.70721738810548324155462,19757.09258445315955584243191
1741823999999,2025-03-12 23:59,13160.70721738810548324155462,19939.16130786510568547067736
1741838399999,2025-03-13 03:59,13160.70721738810548324155462,19914.62626142775082289838943
1741852799999,2025-03-13 07:59,13160.70721738810548324155462,19813.33402028537929616884762
1741867199999,2025-03-13 11:59,13160.70721738810548324155462,19771.37094270709893158487914
1741881599999,2025-03-13 15:59,13160.70721738810548324155462,19311.27568559859757881882629
1741895999999,2025-03-13 19:59,13160.70721738810548324155462,19112.73669844403791598391677
1741910399999,2025-03-13 23:59,13160.70721738810548324155462,19328.20577299263949505874453
1741924799999,2025-03-14 03:59,13160.70721738810548324155462,19512.37110165462177530493652
1741939199999,2025-03-14 07:59,13160.70721738810548324155462,19579.57682994214420329474989
1741953599999,2025-03-14 11:59,13160.70721738810548324155462,19837.43545063693122759060570
1741967999999,2025-03-14 15:59,13160.70721738810548324155462,20188.00452598473726210936309
1741982399999,2025-03-14 19:59,13160.70721738810548324155462,20147.36373921755924251739499
1741996799999,2025-03-14 23:59,13160.70721738810548324155462,20011.37029868112347288968132
1742011199999,2025-03-15 03:59,13160.70721738810548324155462,20132.58981972270223117434221
1742025599999,2025-03-15 07:59,13127.80854586992387942754222,19974.22941317792625472698986
1742039999999,2025-03-15 11:59,13157.70931397837928572732998,20040.08902559468683601323529
1742054399999,2025-03-15 15:59,13158.63790926125057163726127,20097.81238013772758279915412
1742068799999,2025-03-15 19:59,13135.70160577432980966195824,20086.84332267049299479344294
1742083199999,2025-03-15 23:59,13126.04421483246843619867275,20096.00644061553735306233199
1742097599999,2025-03-16 03:59,13117.96543587148824878227047,20094.55311197630774865670996
1742111999999,2025-03-16 07:59,13116.57254294718131991737353,20080.64404214709064944356013
1742126399999,2025-03-16 11:59,13039.68485352543884657506214,19636.55922512977444685091716
1742140799999,2025-03-16 15:59,13023.68975249716206330979953,19853.56025101448198597953994
1742155199999,2025-03-16 19:59,13023.68975249716206330979953,19800.58284835561398013788190
1742169599999,2025-03-16 23:59,13023.68975249716206330979953,19675.75383077562071255073351
1742183999999,2025-03-17 03:59,13023.68975249716206330979953,19938.09632769832595896360680
1742198399999,2025-03-17 07:59,13023.68975249716206330979953,19912.41767839731501423607530
1742212799999,2025-03-17 11:59,13023.68975249716206330979953,19899.75704169425580470906636
1742227199999,2025-03-17 15:59,13023.68975249716206330979953,19903.64767393665243420805123
1742241599999,2025-03-17 19:59,13023.68975249716206330979953,20130.34073409084526960236320
1742255999999,2025-03-17 23:59,13023.68975249716206330979953,20017.76256218776778210326148
1742270399999,2025-03-18 03:59,13023.68975249716206330979953,19812.28810016632717103103111
1742284799999,2025-03-18 07:59,13023.68975249716206330979953,19816.15014233713239847613489
1742299199999,2025-03-18 11:59,13023.68975249716206330979953,19677.31913719524997500072314
1742313599999,2025-03-18 15:59,13023.68975249716206330979953,19446.00401546711380756230176
1742327999999,2025-03-18 19:59,13023.68975249716206330979953,19614.44718725979090834505152
1742342399999,2025-03-18 23:59,13023.68975249716206330979953,19709.22803959722061730317530
1742356799999,2025-03-19 03:59,13023.68975249716206330979953,19785.97808678433943094695890
1742371199999,2025-03-19 07:59,13023.68975249716206330979953,19822.38992546195589673568258
1742385599999,2025-03-19 11:59,13023.68975249716206330979953,19987.11638794775073051389076
1742399999999,2025-03-19 15:59,13023.68975249716206330979953,20190.02250853789705707913663
1742414399999,2025-03-19 19:59,13023.68975249716206330979953,20356.87654885128539370032919
1742428799999,2025-03-19 23:59,13023.68975249716206330979953,20693.41981157754277061925563
1742443199999,2025-03-20 03:59,13023.68975249716206330979953,20465.90955187702902651817586
1742457599999,2025-03-20 07:59,13023.68975249716206330979953,20448.12890985314289917529522
1742471999999,2025-03-20 11:59,13023.68975249716206330979953,20373.26580739105662108766350
1742486399999,2025-03-20 15:59,13023.68975249716206330979953,20180.18514140448880037288523
1742500799999,2025-03-20 19:59,13023.68975249716206330979953,20057.01673048276280208199677
1742515199999,2025-03-20 23:59,13023.68975249716206330979953,20068.59570947728063390383785
1742529599999,2025-03-21 03:59,13023.68975249716206330979953,20123.05264834100369603384225
1742543999999,2025-03-21 07:59,13023.68975249716206330979953,20000.59660670309679891882426
1742558399999,2025-03-21 11:59,13023.68975249716206330979953,20026.45632645751995665426932
1742572799999,2025-03-21 15:59,13023.68975249716206330979953,19911.84825947145292332961028
1742587199999,2025-03-21 19:59,13023.68975249716206330979953,20004.97565266851321350494440
1742601599999,2025-03-21 23:59,13023.68975249716206330979953,20036.52717917559133013388294
1742615999999,2025-03-22 03:59,13023.68975249716206330979953,20076.54136687372445471162385
1742630399999,2025-03-22 07:59,13023.68975249716206330979953,20080.82511260050286245147369
1742644799999,2025-03-22 11:59,13023.68975249716206330979953,20072.37436393927760535845512
1742659199999,2025-03-22 15:59,13023.68975249716206330979953,20041.36366628647017758210051
1742673599999,2025-03-22 19:59,13023.68975249716206330979953,20056.25432857365874731183440
1742687999999,2025-03-22 23:59,13023.68975249716206330979953,19977.39338110070808202316372
1742702399999,2025-03-23 03:59,13023.68975249716206330979953,20068.83396007387565101951359
1742716799999,2025-03-23 07:59,13023.68975249716206330979953,20082.04019064313744974141998
1742731199999,2025-03-23 11:59,13023.68975249716206330979953,20177.38093188256544892138175
1742745599999,2025-03-23 15:59,13023.68975249716206330979953,20298.75055079999906798891836
1742759999999,2025-03-23 19:59,13023.68975249716206330979953,20256.28952947483511763318758
1742774399999,2025-03-23 23:59,13023.68975249716206330979953,20511.52977611304290382776698
1742788799999,2025-03-24 03:59,13023.68975249716206330979953,20618.64009682426474852211042
1742803199999,2025-03-24 07:59,13023.68975249716206330979953,20700.22901362822835978526835
1742817599999,2025-03-24 11:59,13023.68975249716206330979953,20894.40324985316730906099826
1742831999999,2025-03-24 15:59,13023.68975249716206330979953,21051.76538639821016379366925
1742846399999,2025-03-24 19:59,13023.68975249716206330979953,21021.26692752808202281601749
1742860799999,2025-03-24 23:59,13023.68975249716206330979953,20848.81161568874483380528823
1742875199999,2025-03-25 03:59,13023.68975249716206330979953,20615.97407264836650699769886
1742889599999,2025-03-25 07:59,13023.68975249716206330979953,20595.94672749858936825399597
1742903999999,2025-03-25 11:59,13023.68975249716206330979953,20818.37986698566329762002568
1742918399999,2025-03-25 15:59,13023.68975249716206330979953,20914.61881297425451132608499
1742932799999,2025-03-25 19:59,13023.68975249716206330979953,20996.06716192622706249099423
1742947199999,2025-03-25 23:59,13023.68975249716206330979953,20823.72621037325548169578933
1742961599999,2025-03-26 03:59,13023.68975249716206330979953,20766.69854757227218488764367
1742975999999,2025-03-26 07:59,13023.68975249716206330979953,21001.83759137575837703266071
1742990399999,2025-03-26 11:59,13023.68975249716206330979953,20957.64448821334865224596728
1743004799999,2025-03-26 15:59,13023.68975249716206330979953,20671.16244084363627167282779
1743019199999,2025-03-26 19:59,13023.68975249716206330979953,20627.00745777668174962464249
1743033599999,2025-03-26 23:59,13023.68975249716206330979953,20708.48439680024570284343281
1743047999999,2025-03-27 03:59,13023.68975249716206330979953,20889.79548331501967804382941
1743062399999,2025-03-27 07:59,13023.68975249716206330979953,20825.42255462101200355940062
1743076799999,2025-03-27 11:59,13023.68975249716206330979953,20716.66830479328454076689456
1743091199999,2025-03-27 15:59,13023.68975249716206330979953,20723.94686051926231365078848
1743105599999,2025-03-27 19:59,13023.68975249716206330979953,20744.51741702927609141823207
1743119999999,2025-03-27 23:59,13023.68975249716206330979953,20785.40121940498102846818944
1743134399999,2025-03-28 03:59,13023.68975249716206330979953,20679.41544150968766455983550
1743148799999,2025-03-28 07:59,13023.68975249716206330979953,20304.36849986770957157655236
1743163199999,2025-03-28 11:59,13023.68975249716206330979953,20314.43935258578094505616598
1743177599999,2025-03-28 15:59,13023.68975249716206330979953,20027.56180922572083607100476
1743191999999,2025-03-28 19:59,13023.68975249716206330979953,19965.51420635448052863557121
1743206399999,2025-03-28 23:59,13023.68975249716206330979953,20116.48169688691312398350528
1743220799999,2025-03-29 03:59,13023.68975249716206330979953,20054.99398291767110676990972
1743235199999,2025-03-29 07:59,13023.68975249716206330979953,19951.47886370906807035111324
1743249599999,2025-03-29 11:59,13023.68975249716206330979953,19608.81256065031875355932022
1743263999999,2025-03-29 15:59,13023.68975249716206330979953,19637.56226014143946890791203
1743278399999,2025-03-29 19:59,13023.68975249716206330979953,19719.56096797154650961003224
1743292799999,2025-03-29 23:59,13023.68975249716206330979953,19693.38675742961792928189519
1743307199999,2025-03-30 03:59,13023.68975249716206330979953,19798.28134759250611480045423
1743321599999,2025-03-30 07:59,13023.68975249716206330979953,19795.36992530211500564689666
1743335999999,2025-03-30 11:59,13023.68975249716206330979953,19803.74919878436175760521251
1743350399999,2025-03-30 15:59,13023.68975249716206330979953,19712.69220327171216616510059
1743364799999,2025-03-30 19:59,13023.68975249716206330979953,19669.62602543119687233555342
1743379199999,2025-03-30 23:59,13023.68975249716206330979953,19631.78706567997625402393204
1743393599999,2025-03-31 03:59,13023.68975249716206330979953,19426.89393511422748471395048
1743407999999,2025-03-31 07:59,13023.68975249716206330979953,19523.03043334628284106026923
1743422399999,2025-03-31 11:59,13023.68975249716206330979953,19587.83459562012749652407111
1743436799999,2025-03-31 15:59,13023.68975249716206330979953,19876.89689695096391245997889
1743451199999,2025-03-31 19:59,13023.68975249716206330979953,19649.00781880186409114497469
1743465599999,2025-03-31 23:59,13023.68975249716206330979953,19669.91192614711089287436431
1743479999999,2025-04-01 03:59,13023.68975249716206330979953,19768.26891993943180873878098
1743494399999,2025-04-01 07:59,13023.68975249716206330979953,19883.26295289198276979083472
1743508799999,2025-04-01 11:59,13023.68975249716206330979953,19998.76684212124706747043456
1743523199999,2025-04-01 15:59,13023.68975249716206330979953,20320.54095036457933338862174
1743537599999,2025-04-01 19:59,13023.68975249716206330979953,20246.95487110024234704101199
1743551999999,2025-04-01 23:59,13023.68975249716206330979953,20291.34810476379188620487304
1743566399999,2025-04-02 03:59,13023.68975249716206330979953,20146.41073683117917405469202
1743580799999,2025-04-02 07:59,13023.68975249716206330979953,20116.94628555027340735907297
1743595199999,2025-04-02 11:59,13023.68975249716206330979953,20150.43955441960091348076882
1743609599999,2025-04-02 15:59,13023.68975249716206330979953,20672.38943141610060981855787
1743623999999,2025-04-02 19:59,13023.68975249716206330979953,20706.30440384140129623499977
1743638399999,2025-04-02 23:59,13023.68975249716206330979953,19661.87811602992691573377828
1743652799999,2025-04-03 03:59,13023.68975249716206330979953,19892.42845334299307823088053
1743667199999,2025-04-03 07:59,13023.68975249716206330979953,19885.94327210367671234218682
1743681599999,2025-04-03 11:59,13023.68975249716206330979953,19799.99675188799023803331957
1743695999999,2025-04-03 15:59,13023.68975249716206330979953,19548.23734646603565189876276
1743710399999,2025-04-03 19:59,13023.68975249716206330979953,19540.94449570426217798792829
1743724799999,2025-04-03 23:59,13023.68975249716206330979953,19827.89113173733484193663547
1743739199999,2025-04-04 03:59,13023.68975249716206330979953,19733.88459383883893860445786
1743753599999,2025-04-04 07:59,13023.68975249716206330979953,20013.66941693826538805595223
1743767999999,2025-04-04 11:59,13023.68975249716206330979953,19700.98933396696492544310813
1743782399999,2025-04-04 15:59,13023.68975249716206330979953,19743.76722858560024856268765
1743796799999,2025-04-04 19:59,13023.68975249716206330979953,20017.75303216390398141863445
1743811199999,2025-04-04 23:59,13023.68975249716206330979953,19989.13437050091052548366430
1743825599999,2025-04-05 03:59,13023.68975249716206330979953,19925.79306689015927511011147
1743839999999,2025-04-05 07:59,13023.68975249716206330979953,19902.28488052412893630638598
1743854399999,2025-04-05 11:59,13023.68975249716206330979953,19884.97597468150094285254331
1743868799999,2025-04-05 15:59,13023.68975249716206330979953,19686.17252936472081101923372
1743883199999,2025-04-05 19:59,13023.68975249716206330979953,19743.76722858560024856268765
1743897599999,2025-04-05 23:59,13023.68975249716206330979953,19905.29875057105590281968412
1743911999999,2025-04-06 03:59,13023.68975249716206330979953,19859.11387242111183494594149
1743926399999,2025-04-06 07:59,13023.68975249716206330979953,19783.06904699991427196455808
1743940799999,2025-04-06 11:59,13023.68975249716206330979953,19742.81184369325422992882792
1743955199999,2025-04-06 15:59,13023.68975249716206330979953,19669.51881266272911463349934
1743969599999,2025-04-06 19:59,13023.68975249716206330979953,18970.48917974698294706971488
1743983999999,2025-04-06 23:59,13023.68975249716206330979953,18688.31708566967442611914957
1743998399999,2025-04-07 03:59,13023.68975249716206330979953,18516.24535729085521466465825
1744012799999,2025-04-07 07:59,13023.68975249716206330979953,17901.13949702570382609765399
1744027199999,2025-04-07 11:59,13023.68975249716206330979953,18272.71750998125846987669833
1744041599999,2025-04-07 15:59,13023.68975249716206330979953,18700.20579043976578019136910
1744055999999,2025-04-07 19:59,13023.68975249716206330979953,18616.94673695367109894732422
1744070399999,2025-04-07 23:59,13023.68975249716206330979953,18863.01195311700477601723080
1744084799999,2025-04-08 03:59,13023.68975249716206330979953,19039.49846505072965462519361
1744099199999,2025-04-08 07:59,13023.68975249716206330979953,18942.29222163996267142949078
1744113599999,2025-04-08 11:59,13023.68975249716206330979953,19058.08201158514098964790151
1744127999999,2025-04-08 15:59,13023.68975249716206330979953,18704.51574373216963981394328
1744142399999,2025-04-08 19:59,13023.68975249716206330979953,18312.84605796575720266996360
1744156799999,2025-04-08 23:59,13023.68975249716206330979953,18186.18489329794825346326876
1744171199999,2025-04-09 03:59,13023.68975249716206330979953,17888.58845559707832444385589
1744185599999,2025-04-09 07:59,13023.68975249716206330979953,18512.99323664733323103568437
1744199999999,2025-04-09 11:59,13023.68975249716206330979953,18164.16815566660272180367342
1744214399999,2025-04-09 15:59,13023.68975249716206330979953,18409.08738646031436654717967
1744228799999,2025-04-09 19:59,13023.68975249716206330979953,19617.98997363115881285514981
1744243199999,2025-04-09 23:59,13023.68975249716206330979953,19685.44824755107195898757946
1744257599999,2025-04-10 03:59,13023.68975249716206330979953,19485.31298139932568147764247
1744271999999,2025-04-10 07:59,13023.68975249716206330979953,19442.57320687614556109657108
1744286399999,2025-04-10 11:59,13023.68975249716206330979953,19510.76052762163945960296850
1744300799999,2025-04-10 15:59,13023.68975249716206330979953,18766.22503075624502294511727
1744315199999,2025-04-10 19:59,13023.68975249716206330979953,18978.82556812184259594720910
1744329599999,2025-04-10 23:59,13023.68975249716206330979953,18968.80951304098807640420089
1744343999999,2025-04-11 03:59,13023.68975249716206330979953,19263.21339274748477607355881
1744358399999,2025-04-11 07:59,13023.68975249716206330979953,19364.17684806655517918346810
1744372799999,2025-04-11 11:59,13023.68975249716206330979953,19569.76567037436139847122282
1744387199999,2025-04-11 15:59,13023.68975249716206330979953,19663.17658178136975901421108
1744401599999,2025-04-11 19:59,13023.68975249716206330979953,19981.60803415447393479946760
1744415999999,2025-04-11 23:59,13023.68975249716206330979953,19878.10244496973469906529815
1744430399999,2025-04-12 03:59,13023.68975249716206330979953,19770.72051857839453485908437
1744444799999,2025-04-12 07:59,13023.68975249716206330979953,19949.83493459256245225295062
1744459199999,2025-04-12 11:59,13023.68975249716206330979953,19902.99010229005018696878618
1744473599999,2025-04-12 15:59,13023.68975249716206330979953,20255.62481031033501988045225
1744487999999,2025-04-12 19:59,13023.68975249716206330979953,20240.13852153165890736152901
1744502399999,2025-04-12 23:59,13023.68975249716206330979953,20319.59509549609711543938904
1744516799999,2025-04-13 03:59,13023.68975249716206330979953,20356.62162071292872538655614
1744531199999,2025-04-13 07:59,13023.68975249716206330979953,20113.79423015732133091868290
1744545599999,2025-04-13 11:59,13023.68975249716206330979953,20141.32646909984150880617168
1744559999999,2025-04-13 15:59,13023.68975249716206330979953,19979.55431401182488726234270
1744574399999,2025-04-13 19:59,13023.68975249716206330979953,20010.92000505355889054105417
1744588799999,2025-04-13 23:59,13023.68975249716206330979953,19958.19276552111565267085565
1744603199999,2025-04-14 03:59,13023.68975249716206330979953,20150.22989389459729841897416
1744617599999,2025-04-14 07:59,13023.68975249716206330979953,20153.73932518244190053287785
1744631999999,2025-04-14 11:59,13023.68975249716206330979953,20236.36224957562788607806850
1744646399999,2025-04-14 15:59,13023.68975249716206330979953,20039.47433905547169185479187
1744660799999,2025-04-14 19:59,13023.68975249716206330979953,20235.29488690288220939984117
1744675199999,2025-04-14 23:59,13023.68975249716206330979953,20156.31719663759998572448938
1744689599999,2025-04-15 03:59,13023.68975249716206330979953,20344.14920198117957938093104
1744703999999,2025-04-15 07:59,13023.68975249716206330979953,20424.39438542034729411167778
1744718399999,2025-04-15 11:59,13023.68975249716206330979953,20394.00790433061881117839361
1744732799999,2025-04-15 15:59,13023.68975249716206330979953,20234.12031146166877501955976
1744747199999,2025-04-15 19:59,13023.68975249716206330979953,20015.02029782095913510183369
1744761599999,2025-04-15 23:59,13023.68975249716206330979953,19930.55331381012771708131280
1744775999999,2025-04-16 03:59,13023.68975249716206330979953,19942.86372213619225144827840
1744790399999,2025-04-16 07:59,13023.68975249716206330979953,19863.64778127431501065725086
1744804799999,2025-04-16 11:59,13023.68975249716206330979953,20026.83514490610603386819375
1744819199999,2025-04-16 15:59,13023.68975249716206330979953,20217.07109876932935022180365
1744833599999,2025-04-16 19:59,13023.68975249716206330979953,20094.95099047262142723988845
1744847999999,2025-04-16 23:59,13023.68975249716206330979953,20022.61096182847638040726284
1744862399999,2025-04-17 03:59,13023.68975249716206330979953,20013.99820276156651167558476
1744876799999,2025-04-17 07:59,13023.68975249716206330979953,20174.99604341064932759346757
1744891199999,2025-04-17 11:59,13023.68975249716206330979953,20149.26974399031937944280092
1744905599999,2025-04-17 15:59,13023.68975249716206330979953,20142.05313341945631100898269
1744919999999,2025-04-17 19:59,13023.68975249716206330979953,20217.66196024888499266867949
1744934399999,2025-04-17 23:59,13023.68975249716206330979953,20241.21303172230243455322661
1744948799999,2025-04-18 03:59,13023.68975249716206330979953,20212.64440268459393221254836
1744963199999,2025-04-18 07:59,13023.68975249716206330979953,20171.35080928274556572362871
1744977599999,2025-04-18 11:59,13023.68975249716206330979953,20174.78876539161166270282967
1744991999999,2025-04-18 15:59,13023.68975249716206330979953,20104.61919968244722179401007
1745006399999,2025-04-18 19:59,13023.68975249716206330979953,20149.46749198549324364881179
1745020799999,2025-04-18 23:59,13023.68975249716206330979953,20128.46808440160843507315187
1745035199999,2025-04-19 03:59,13023.68975249716206330979953,20225.91734342090233572684396
1745049599999,2025-04-19 07:59,13023.68975249716206330979953,20305.41680249272764688552562
1745063999999,2025-04-19 11:59,13023.68975249716206330979953,20305.41918499869359705668238
1745078399999,2025-04-19 15:59,13023.68975249716206330979953,20299.17463686193819845482118
1745092799999,2025-04-19 19:59,13023.68975249716206330979953,20274.00584383764059035483577
1745107199999,2025-04-19 23:59,13023.68975249716206330979953,20271.97118374271914418696493
1745121599999,2025-04-20 03:59,13023.68975249716206330979953,20293.84258851014171540599807
1745135999999,2025-04-20 07:59,13023.68975249716206330979953,20202.16375894037912929397246
1745150399999,2025-04-20 11:59,13023.68975249716206330979953,20046.30498365985083256121540
1745164799999,2025-04-20 15:59,13023.68975249716206330979953,20097.48835932635835952183511
1745179199999,2025-04-20 19:59,13023.68975249716206330979953,20170.61937995119886317850418
1745193599999,2025-04-20 23:59,13023.68975249716206330979953,20296.32754223262774392249606
1745207999999,2025-04-21 03:59,13023.68975249716206330979953,20779.09949112504282575856605
1745222399999,2025-04-21 07:59,13023.68975249716206330979953,20833.71129287655264901375969
1745236799999,2025-04-21 11:59,13023.68975249716206330979953,20723.43462173658302685208564
1745251199999,2025-04-21 15:59,13023.68975249716206330979953,20979.04892181144498991827596
1745265599999,2025-04-21 19:59,13023.68975249716206330979953,20829.02252113556271217726108
1745279999999,2025-04-21 23:59,13023.68975249716206330979953,20853.11680396921679308554889
1745294399999,2025-04-22 03:59,13023.68975249716206330979953,21005.91167657753316971071590
1745308799999,2025-04-22 07:59,13023.68975249716206330979953,21081.98032705839023440366688
1745323199999,2025-04-22 11:59,13023.68975249716206330979953,21114.68498645298823387247602
1745337599999,2025-04-22 15:59,13023.68975249716206330979953,21667.54787835769140096919262
1745351999999,2025-04-22 19:59,13023.68975249716206330979953,21781.95104983068671957437052
1745366399999,2025-04-22 23:59,13023.68975249716206330979953,22265.17090984470043358791091
1745380799999,2025-04-23 03:59,13023.68975249716206330979953,22199.87118632993814252350348
1745395199999,2025-04-23 07:59,13023.68975249716206330979953,22429.76156949043610761018392
1745409599999,2025-04-23 11:59,13023.68975249716206330979953,22270.65543857831772759076650
1745423999999,2025-04-23 15:59,13023.68975249716206330979953,22206.15385456214874386387281
1745438399999,2025-04-23 19:59,13023.68975249716206330979953,22278.24848509180092306735241
1745452799999,2025-04-23 23:59,13023.68975249716206330979953,22324.27850035395822981590580
1745467199999,2025-04-24 03:59,13023.68975249716206330979953,22081.94667103926847094863811
1745481599999,2025-04-24 07:59,13023.68975249716206330979953,21969.87359040097241973476896
1745495999999,2025-04-24 11:59,13023.68975249716206330979953,22069.07875631717159653099127
1745510399999,2025-04-24 15:59,13023.68975249716206330979953,22207.87640637553071761020842
1745524799999,2025-04-24 19:59,13023.68975249716206330979953,22292.12419983749471988430763
1745539199999,2025-04-24 23:59,13023.68975249716206330979953,22393.22584050259023292130885
1745553599999,2025-04-25 03:59,13023.68975249716206330979953,22233.92196159529798869588056
1745567999999,2025-04-25 07:59,13023.68975249716206330979953,22343.61968378554171926646256
1745582399999,2025-04-25 11:59,13023.68975249716206330979953,22549.32763139164544711205516
1745596799999,2025-04-25 15:59,13023.68975249716206330979953,22650.71517277265498068786726
1745611199999,2025-04-25 19:59,13023.68975249716206330979953,22705.46039485825801352783931
1745625599999,2025-04-25 23:59,13023.68975249716206330979953,22550.04476568739644863023914
1745639999999,2025-04-26 03:59,13023.68975249716206330979953,22574.18193362843763261934859
1745654399999,2025-04-26 07:59,13023.68975249716206330979953,22533.75557239819512843148865
1745668799999,2025-04-26 11:59,13023.68975249716206330979953,22432.20125559956908287470352
1745683199999,2025-04-26 15:59,13023.68975249716206330979953,22486.80352732721510544527012
1745697599999,2025-04-26 19:59,13023.68975249716206330979953,22471.14093310705868026074683
1745711999999,2025-04-26 23:59,13023.68975249716206330979953,22547.50024931576166583482222
1745726399999,2025-04-27 03:59,13023.68975249716206330979953,22435.09600034819854083016379
1745740799999,2025-04-27 07:59,13023.68975249716206330979953,22413.59864901743014648274157
1745755199999,2025-04-27 11:59,13023.68975249716206330979953,22378.82120943245549810755347
1745769599999,2025-04-27 15:59,13023.68975249716206330979953,22374.31112563891182410781167
1745783999999,2025-04-27 19:59,13023.68975249716206330979953,22501.16050827803083683589035
1745798399999,2025-04-27 23:59,13023.68975249716206330979953,22338.14945008772012629054752
1745812799999,2025-04-28 03:59,13023.68975249716206330979953,22362.12460762307669864099746
1745827199999,2025-04-28 07:59,13023.68975249716206330979953,22562.86503029017431962475083
1745841599999,2025-04-28 11:59,13023.68975249716206330979953,22712.36727965354755971127908
1745855999999,2025-04-28 15:59,13023.68975249716206330979953,22358.21253282698651760160177
1745870399999,2025-04-28 19:59,13023.68975249716206330979953,22585.42974429368839065040038
1745884799999,2025-04-28 23:59,13023.68975249716206330979953,22638.79311291904032421945312
1745899199999,2025-04-29 03:59,13023.68975249716206330979953,22554.82883766702439231300805
1745913599999,2025-04-29 07:59,13023.68975249716206330979953,22616.50000459564457270567392
1745927999999,2025-04-29 11:59,13023.68975249716206330979953,22667.04010365134555345396912
1745942399999,2025-04-29 15:59,13023.68975249716206330979953,22598.74795264334984741667437
1745956799999,2025-04-29 19:59,13023.68975249716206330979953,22707.79286819892323109030483
1745971199999,2025-04-29 23:59,13023.68975249716206330979953,22459.06639287162321283830021
1745985599999,2025-04-30 03:59,13023.68975249716206330979953,22643.95362084128839494498970
1745999999999,2025-04-30 07:59,13023.68975249716206330979953,22545.83011263363059585393526
1746014399999,2025-04-30 11:59,13023.68975249716206330979953,22678.21882164358375652147495
1746028799999,2025-04-30 15:59,13023.68975249716206330979953,22398.98197491632584643603478
1746043199999,2025-04-30 19:59,13023.68975249716206330979953,22434.09534784249946894432567
1746057599999,2025-04-30 23:59,13023.68975249716206330979953,22438.85797726843386108668376
1746071999999,2025-05-01 03:59,13023.68975249716206330979953,22584.33379154935131191829196
1746086399999,2025-05-01 07:59,13023.68975249716206330979953,22642.28586666512327513525950
1746100799999,2025-05-01 11:59,13023.68975249716206330979953,22917.26755773719417953473091
1746115199999,2025-05-01 15:59,13023.68975249716206330979953,23077.91755251524827046372714
1746129599999,2025-05-01 19:59,13023.68975249716206330979953,22999.04707501843380449042944
1746143999999,2025-05-01 23:59,13023.68975249716206330979953,22991.10141762198998368264343
1746158399999,2025-05-02 03:59,13023.68975249716206330979953,23137.00846548274441549362473
1746172799999,2025-05-02 07:59,13023.68975249716206330979953,22957.76777665238113902845034
1746187199999,2025-05-02 11:59,13023.68975249716206330979953,23095.70772456299819849123482
1746201599999,2025-05-02 15:59,13023.68975249716206330979953,23191.29862892885096564265611
1746215999999,2025-05-02 19:59,13023.68975249716206330979953,23094.57841673513781736293180
1746230399999,2025-05-02 23:59,13023.68975249716206330979953,23085.74170210742863254251852
1746244799999,2025-05-03 03:59,13023.68975249716206330979953,22954.78964419494342508250356
1746259199999,2025-05-03 07:59,13023.68975249716206330979953,22951.25877035340527142818906
1746273599999,2025-05-03 11:59,13023.68975249716206330979953,22860.56629825354605617506102
1746287999999,2025-05-03 15:59,13023.68975249716206330979953,22974.13082762652691453306031
1746302399999,2025-05-03 19:59,13023.68975249716206330979953,22958.80178424160351331048306
1746316799999,2025-05-03 23:59,13023.68975249716206330979953,22840.17204718501259107321749
1746331199999,2025-05-04 03:59,13023.68975249716206330979953,22808.20119962792724432068964
1746345599999,2025-05-04 07:59,13023.68975249716206330979953,22845.78761374675714448969473
1746359999999,2025-05-04 11:59,13023.68975249716206330979953,22736.95712372811927622017244
1746374399999,2025-05-04 15:59,13023.68975249716206330979953,22747.53545021693803615617539
1746388799999,2025-05-04 19:59,13023.68975249716206330979953,22775.28449720235967961892909
1746403199999,2025-05-04 23:59,13023.68975249716206330979953,22464.02200528079956884435565
1746417599999,2025-05-05 03:59,13023.68975249716206330979953,22405.37662092893610582077170
1746431999999,2025-05-05 07:59,13023.68975249716206330979953,22579.40438670580040779496086
1746446399999,2025-05-05 11:59,13023.68975249716206330979953,22406.97528243208867066695593
1746460799999,2025-05-05 15:59,13023.68975249716206330979953,22343.15509512218143589089486
1746475199999,2025-05-05 19:59,13023.68975249716206330979953,22480.59233427398300923960352
1746489599999,2025-05-05 23:59,13023.68975249716206330979953,22572.67857236392307461943465
1746503999999,2025-05-06 03:59,13023.68975249716206330979953,22506.04702801419463787839982
1746518399999,2025-05-06 07:59,13023.68975249716206330979953,22493.41498138272683040527197
1746532799999,2025-05-06 11:59,13023.68975249716206330979953,22353.21641781638900868588146
1746547199999,2025-05-06 15:59,13023.68975249716206330979953,22531.04904562087573399741221
1746561599999,2025-05-06 19:59,13023.68975249716206330979953,22627.43332447338990814403373
1746575999999,2025-05-06 23:59,13023.68975249716206330979953,23073.08583041630132335782309
1746590399999,2025-05-07 03:59,13023.68975249716206330979953,22995.14929525813932447797429
1746604799999,2025-05-07 07:59,13024.70941730371047351487965,23111.39652634878007555848244
1746619199999,2025-05-07 11:59,12988.83397474503230998139369,23123.93089023564392601418324
1746633599999,2025-05-07 15:59,12923.33411370986990534828676,23094.50217654422741188591556
1746647999999,2025-05-07 19:59,12887.14927898122373103221197,22917.26755773719417953473091
1746662399999,2025-05-07 23:59,12887.14927898122373103221197,23119.89730763529028624579292
1746676799999,2025-05-08 03:59,12887.14927898122373103221197,23625.53416628292916067326390
1746691199999,2025-05-08 07:59,12887.14927898122373103221197,23649.25201317396311453878404
1746705599999,2025-05-08 11:59,12887.14927898122373103221197,23686.60970672006179827674042
1746719999999,2025-05-08 15:59,12887.14927898122373103221197,24007.99546649094418629637615
1746734399999,2025-05-08 19:59,12887.14927898122373103221197,24137.10584729174991145221762
1746748799999,2025-05-08 23:59,12942.88704005215491892077103,24604.46060007850143573291034
1746763199999,2025-05-09 03:59,12869.25528026897341367551508,24411.34419650244436245078071
1746777599999,2025-05-09 07:59,12992.99373575442396525199690,24691.93907163029387009557261
1746791999999,2025-05-09 11:59,13074.04019196993458807187316,24532.20157663719869471961448
1746806399999,2025-05-09 15:59,12977.67965413253924100007974,24517.35379945739722807070222
1746820799999,2025-05-09 19:59,12995.94092480990058300582133,24587.20410936712434604451633
1746835199999,2025-05-09 23:59,12980.73537293056150773557988,24535.46084479861852886205863
1746849599999,2025-05-10 03:59,13013.13812039508141410322166,24596.03605898290163052261609
1746863999999,2025-05-10 07:59,13093.79007896663378608766405,24723.13560474844541122215430
1746878399999,2025-05-10 11:59,13035.92870439820333172137559,24645.75895849228170256414349
1746892799999,2025-05-10 15:59,13112.89974314923465921067965,24575.19627929873548341445892
1746907199999,2025-05-10 19:59,13204.24978401268969246651470,24587.72349566770148335668944
1746921599999,2025-05-10 23:59,13359.83062820605869840554870,24973.25584606582627960086201
1746935999999,2025-05-11 03:59,13212.76989564593355329981334,24782.05974229832504427107887
1746950399999,2025-05-11 07:59,13072.63212865716876403565161,24633.97270147872620585166453
1746964799999,2025-05-11 11:59,13146.51127202932927512889696,24935.72661209017918353961909
1746979199999,2025-05-11 15:59,13093.53959869699457480832238,24816.12243009351464129923973
1746993599999,2025-05-11 19:59,13181.48173269696709554806640,24880.45009117416926253169014
1747007999999,2025-05-11 23:59,13203.91330668790415290520297,24808.49841100247409359761598
1747022399999,2025-05-12 03:59,13246.20874146666035356794844,24804.24087284132113774049047
1747036799999,2025-05-12 07:59,13328.74450295058399148401608,24891.88373730476413391296901
1747051199999,2025-05-12 11:59,13299.61859991960162795108399,24723.89562415158351582115992
1747065599999,2025-05-12 15:59,13400.23268232941838231167414,24429.50365697491656700758579
1747079999999,2025-05-12 19:59,13279.14042620643229950212150,24270.52856389092544640179003
1747094399999,2025-05-12 23:59,13329.20108706413893172943022,24492.41610951179678657292228
1747108799999,2025-05-13 03:59,13086.31902063397088902956958,24237.03053000966603993778067
1747123199999,2025-05-13 07:59,13220.43134708183747310470111,24462.43941944821173307860039
1747137599999,2025-05-13 11:59,13304.40452651265087023712240,24715.86657904633143902288740
1747151999999,2025-05-13 15:59,13352.20053070747721465822494,24704.75218871517389057661403
1747166399999,2025-05-13 19:59,13529.38639912486790845068505,24969.13172823876653332851491
1747180799999,2025-05-13 23:59,13489.49143853843610249752732,24805.09619248309724918576638
1747195199999,2025-05-14 03:59,13432.56514347946666661662502,24682.09217447302181270469418
1747209599999,2025-05-14 07:59,13492.15059284527464113916736,24712.85270899940447250958926
1747223999999,2025-05-14 11:59,13472.31470879342911484140639,24767.26438024977448138761527
1747238399999,2025-05-14 15:59,13397.40084496321202801995189,24664.65223080226655983722985
1747252799999,2025-05-14 19:59,13403.11640701714799248323413,24618.78422594579386472733596
1747267199999,2025-05-14 23:59,13385.21483530104666982465200,24663.12266197212654995459159
1747281599999,2025-05-15 03:59,13300.66627532203227355400401,24483.43644452613059148310356
1747295999999,2025-05-15 07:59,13141.14583119362807918777938,24251.46613365735812697657389
1747310399999,2025-05-15 11:59,13181.52197542823962334448312,24392.41995161490215295265651
1747324799999,2025-05-15 15:59,13051.70693506466435089007090,24602.01853146340251029723398
1747339199999,2025-05-15 19:59,13051.70693506466435089007090,24579.60153282977734988330339
1747353599999,2025-05-15 23:59,13051.70693506466435089007090,24724.08860713482547968485727
1747367999999,2025-05-16 03:59,13051.70693506466435089007090,24785.98134711827902599510158
1747382399999,2025-05-16 07:59,13051.70693506466435089007090,24711.33267019312826331157803
1747396799999,2025-05-16 11:59,13051.70693506466435089007090,24697.40454031618356272917414
1747411199999,2025-05-16 15:59,13051.70693506466435089007090,24824.06332247802656176471222
1747425599999,2025-05-16 19:59,13051.70693506466435089007090,24788.15181005325963191890760
1747439999999,2025-05-16 23:59,13051.70693506466435089007090,24652.65869576967339823411299
1747454399999,2025-05-17 03:59,13051.70693506466435089007090,24663.27990736587926125093758
1747468799999,2025-05-17 07:59,13051.70693506466435089007090,24649.61861815712097983809052
1747483199999,2025-05-17 11:59,13051.70693506466435089007090,24540.74524303109600848774659
1747497599999,2025-05-17 15:59,13051.70693506466435089007090,24527.72723043314427328722404
1747511999999,2025-05-17 19:59,13051.70693506466435089007090,24579.92078862921467281830889
1747526399999,2025-05-17 23:59,13051.70693506466435089007090,24572.30868206800387597246892
1747540799999,2025-05-18 03:59,13051.70693506466435089007090,24612.58494542239151937745315
1747555199999,2025-05-18 07:59,13051.70693506466435089007090,24761.17946001273774425325682
1747569599999,2025-05-18 11:59,13051.70693506466435089007090,24732.86337660741996005519485
1747583999999,2025-05-18 15:59,13051.70693506466435089007090,25142.04924623549805554365511
1747598399999,2025-05-18 19:59,13051.70693506466435089007090,24752.74062388134223801602203
1747612799999,2025-05-18 23:59,13051.70693506466435089007090,25365.11374980354878026622553
1747627199999,2025-05-19 03:59,13051.70693506466435089007090,24686.48551547423392831775487
1747641599999,2025-05-19 07:59,13051.70693506466435089007090,24596.04797151273138137839988
1747655999999,2025-05-19 11:59,13051.70693506466435089007090,24533.41665467983328200956076
1747670399999,2025-05-19 15:59,13051.70693506466435089007090,24967.74749227254948388643885
1747684799999,2025-05-19 19:59,13051.70693506466435089007090,25141.97777105651955040895238
1747699199999,2025-05-19 23:59,13051.70693506466435089007090,25155.32933448970430957142098
1747713599999,2025-05-20 03:59,13051.70693506466435089007090,25200.16333175695463039928215
1747727999999,2025-05-20 07:59,13051.70693506466435089007090,25023.80785765135701120494099
1747742399999,2025-05-20 11:59,13051.70693506466435089007090,25067.18137876147987711370987
1747756799999,2025-05-20 15:59,13051.70693506466435089007090,25098.13489627110450078230230
1747771199999,2025-05-20 19:59,13051.70693506466435089007090,25501.44312368118352402704199
1747785599999,2025-05-20 23:59,13051.70693506466435089007090,25459.39665839409490345258700
1747799999999,2025-05-21 03:59,13051.70693506466435089007090,25457.87185457588679391226225
1747814399999,2025-05-21 07:59,13051.70693506466435089007090,25382.48221829532552799898713
1747828799999,2025-05-21 11:59,13051.70693506466435089007090,25387.07568979767745798921545
1747843199999,2025-05-21 15:59,13051.70693506466435089007090,25965.28844518009044619383102
1747857599999,2025-05-21 19:59,13051.70693506466435089007090,25877.24055470243592092470372
1747871999999,2025-05-21 23:59,13051.70693506466435089007090,26125.06882528057272465061079
1747886399999,2025-05-22 03:59,13051.70693506466435089007090,26634.17461261463504828232058
1747900799999,2025-05-22 07:59,13051.70693506466435089007090,26458.96750638462541158553650
1747915199999,2025-05-22 11:59,13051.70693506466435089007090,26443.84335851277372508244038
1747929599999,2025-05-22 15:59,13051.70693506466435089007090,26517.43658529500856194352040
1747943999999,2025-05-22 19:59,13033.33780116029082653312609,26492.93012892924510142511355
1747958399999,2025-05-22 23:59,13044.30314165813363212284987,26614.01146462479874978268251
1747972799999,2025-05-23 03:59,13142.55129436560768632320151,26471.96645893484954541680499
1747987199999,2025-05-23 07:59,13028.67985946414240426398122,26380.33766199037191289907129
1748001599999,2025-05-23 11:59,12881.37092962248984955651227,25989.82825662937720910843247
1748015999999,2025-05-23 15:59,12792.83577257447009896282478,25957.34278778364662538604502
1748030399999,2025-05-23 19:59,12792.83577257447009896282478,25903.99133168812444267277606
1748044799999,2025-05-23 23:59,12792.83577257447009896282478,25570.97179528550736889469384
1748059199999,2025-05-24 03:59,12792.83577257447009896282478,25820.65842051708530612287170
1748073599999,2025-05-24 07:59,12792.83577257447009896282478,25635.16841853803473071352259
1748087999999,2025-05-24 11:59,12792.83577257447009896282478,26021.32736800520442197192235
1748102399999,2025-05-24 15:59,12792.83577257447009896282478,25954.88880663871794909458487
1748116799999,2025-05-24 19:59,12792.83577257447009896282478,25962.10779971554696769955986
1748131199999,2025-05-24 23:59,12792.83577257447009896282478,25676.66214244102291157960985
1748145599999,2025-05-25 03:59,12792.83577257447009896282478,25756.19972160830342547679964
1748159999999,2025-05-25 07:59,12792.83577257447009896282478,25657.57826965376204061398290
1748174399999,2025-05-25 11:59,12792.83577257447009896282478,25557.08178550401787105079807
1748188799999,2025-05-25 15:59,12792.83577257447009896282478,25487.50546378037502276001107
1748203199999,2025-05-25 19:59,12792.83577257447009896282478,25665.96469065390664308576903
1748217599999,2025-05-25 23:59,12792.83577257447009896282478,25972.63609357908077404127091
1748231999999,2025-05-26 03:59,12792.83577257447009896282478,26120.19421807423867446388511
1748246399999,2025-05-26 07:59,12792.83577257447009896282478,26232.43169162418528748757051
1748260799999,2025-05-26 11:59,12792.83577257447009896282478,26155.73882458024927795154909
1748275199999,2025-05-26 15:59,12792.83577257447009896282478,26212.22804103292783607826757
1748289599999,2025-05-26 19:59,12792.83577257447009896282478,26002.71523139920168489533337
1748303999999,2025-05-26 23:59,12792.83577257447009896282478,26075.22680047289514405124552
1748318399999,2025-05-27 03:59,12792.83577257447009896282478,25945.94487924254100657211751
1748332799999,2025-05-27 07:59,12792.83577257447009896282478,26101.99902001227721733972867
1748347199999,2025-05-27 11:59,12792.83577257447009896282478,26111.13116537976422338357987
1748361599999,2025-05-27 15:59,12792.83577257447009896282478,26243.26971126329261607966003
1748375999999,2025-05-27 19:59,12792.83577257447009896282478,26180.79087481221532766485338
1748390399999,2025-05-27 23:59,12792.83577257447009896282478,25956.90678919187774406435841
1748404799999,2025-05-28 03:59,12792.83577257447009896282478,25939.14997222765111843304534
1748419199999,2025-05-28 07:59,12792.83577257447009896282478,25927.90454406836631057315031
1748433599999,2025-05-28 11:59,12792.83577257447009896282478,25940.75578124870153379269984
1748447999999,2025-05-28 15:59,12792.83577257447009896282478,25520.70330190992470765826899
1748462399999,2025-05-28 19:59,12792.83577257447009896282478,25482.27348067914844689977177
1748476799999,2025-05-28 23:59,12792.83577257447009896282478,25681.39618179536590166808685
1748491199999,2025-05-29 03:59,12792.83577257447009896282478,25744.07991375951490480237463
1748505599999,2025-05-29 07:59,12792.83577257447009896282478,25704.96869582247689509304479
1748519999999,2025-05-29 11:59,12792.83577257447009896282478,25919.18457223298868413941814
1748534399999,2025-05-29 15:59,12792.83577257447009896282478,25499.87543475558831140589560
1748548799999,2025-05-29 19:59,12792.83577257447009896282478,25192.97292875171701384818825
1748563199999,2025-05-29 23:59,12792.83577257447009896282478,25159.14372654119053359338961
1748577599999,2025-05-30 03:59,12792.83577257447009896282478,25262.68267080945307172375367
1748591999999,2025-05-30 07:59,12792.83577257447009896282478,25025.31121891587156920485493
1748606399999,2025-05-30 11:59,12792.83577257447009896282478,25228.41747000715771014726842
1748620799999,2025-05-30 15:59,12792.83577257447009896282478,25148.00551115037348343554866
1748635199999,2025-05-30 19:59,12792.83577257447009896282478,24932.98434772337053653819130
1748649599999,2025-05-30 23:59,12792.83577257447009896282478,24776.92544194170242542826662
1748663999999,2025-05-31 03:59,12792.83577257447009896282478,24705.10003458620261556550061
1748678399999,2025-05-31 07:59,12792.83577257447009896282478,24720.11220467765464402422913
1748692799999,2025-05-31 11:59,12792.83577257447009896282478,24660.82592622095058495947743
1748707199999,2025-05-31 15:59,12792.83577257447009896282478,24912.87123235881919163284514
1748721599999,2025-05-31 19:59,12792.83577257447009896282478,24946.68852203951592103185999
1748735999999,2025-05-31 23:59,12792.83577257447009896282478,24921.40060371692080437403671
1748750399999,2025-06-01 03:59,12792.83577257447009896282478,24871.16546542486144553380646
1748764799999,2025-06-01 07:59,12792.83577257447009896282478,24846.13009273465704701859947
1748779199999,2025-06-01 11:59,12792.83577257447009896282478,24800.08339993073808907194877
1748793599999,2025-06-01 15:59,12792.83577257447009896282478,24950.75784222935881336760167
1748807999999,2025-06-01 19:59,12792.83577257447009896282478,25047.68771494807557670912064
1748822399999,2025-06-01 23:59,12792.83577257447009896282478,25171.81389326811354380502558
1748836799999,2025-06-02 03:59,12792.83577257447009896282478,24977.95891284261191746430116
1748851199999,2025-06-02 07:59,12792.83577257447009896282478,25110.99804598126947485763562
1748865599999,2025-06-02 11:59,12792.83577257447009896282478,24791.73509902604868933867076
1748879999999,2025-06-02 15:59,12792.83577257447009896282478,24884.92681988418963413523733
1748894399999,2025-06-02 19:59,12792.83577257447009896282478,24881.79144203299920889294457
1748908799999,2025-06-02 23:59,12792.83577257447009896282478,25223.05206657183792470225071
1748923199999,2025-06-03 03:59,12792.83577257447009896282478,25133.47698977000933972164190
1748937599999,2025-06-03 07:59,12792.83577257447009896282478,25059.31672656787836212525362
1748951999999,2025-06-03 11:59,12792.83577257447009896282478,25087.07053856523190593032083
1748966399999,2025-06-03 15:59,12792.83577257447009896282478,25402.37614311100945715791161
1748980799999,2025-06-03 19:59,12792.83577257447009896282478,25313.78265876715234269388686
1748995199999,2025-06-03 23:59,12749.31643073165379789332588,25108.42970454997519035065112
1749009599999,2025-06-04 03:59,12791.32856694894350327920878,25142.35182449317372728056330
1749023999999,2025-06-04 07:59,12791.13395369489699624789028,25095.05431605713092947661495
1749038399999,2025-06-04 11:59,12787.07140201667616196911642,25038.73425752803483350202624
1749052799999,2025-06-04 15:59,12840.01837044570398117720799,25089.69844264567494471622427
1749067199999,2025-06-04 19:59,12786.24429568697850708601277,24998.03152560574210945998244
1749081599999,2025-06-04 23:59,12766.73431696881617719633234,24946.41215134746570117767613
1749095999999,2025-06-05 03:59,12787.78903839097265664710342,25029.86895282873424662773188
1749110399999,2025-06-05 07:59,12762.35551875276976899166592,24903.81056217031069072369666
1749124799999,2025-06-05 11:59,12767.13570680528709794842677,24977.60868446561724230425782
1749139199999,2025-06-05 15:59,12744.53624267913646893656503,24907.01265018854772075837864
1749153599999,2025-06-05 19:59,12677.19093023282445304500841,24283.57754906643453382735043
1749167999999,2025-06-05 23:59,12677.19093023282445304500841,24186.82636429516403332258827
1749182399999,2025-06-06 03:59,12677.19093023282445304500841,24421.41266671454978575923758
1749196799999,2025-06-06 07:59,12677.19093023282445304500841,24577.97666376099933315439483
1749211199999,2025-06-06 11:59,12677.19093023282445304500841,24763.22841514345489144806820
1749225599999,2025-06-06 15:59,12677.19093023282445304500841,25040.62120225306736905817812
1749239999999,2025-06-06 19:59,12677.19093023282445304500841,24832.75232173584683597340654
1749254399999,2025-06-06 23:59,12677.19093023282445304500841,24849.10584268612881079338949
1749268799999,2025-06-07 03:59,12677.19093023282445304500841,24988.03929558454709162854181
1749283199999,2025-06-07 07:59,12677.19093023282445304500841,24986.95763787600571392337394
1749297599999,2025-06-07 11:59,12677.19093023282445304500841,25054.37540919449770714613872
1749311999999,2025-06-07 15:59,12677.19093023282445304500841,25151.60547766492419205340913
1749326399999,2025-06-07 19:59,12677.19093023282445304500841,25191.58392777356806406379867
1749340799999,2025-06-07 23:59,12677.19093023282445304500841,25150.18550410921789004398170
1749355199999,2025-06-08 03:59,12677.19093023282445304500841,25130.99203604752331120514391
1749369599999,2025-06-08 07:59,12677.19093023282445304500841,25120.23740411722423860354090
1749383999999,2025-06-08 11:59,12677.19093023282445304500841,25182.24450438704339312930958
1749398399999,2025-06-08 15:59,12677.19093023282445304500841,25253.19791455900544034870237
1749412799999,2025-06-08 19:59,12677.19093023282445304500841,25325.97632430088531867417135
1749427199999,2025-06-08 23:59,12677.19093023282445304500841,25193.51137510002175252961543
1749441599999,2025-06-09 03:59,12638.28765955600401061697380,25175.67355293295282107897261
1749455999999,2025-06-09 07:59,12622.23521364882427988753227,25152.22492921607123655416606
1749470399999,2025-06-09 11:59,12675.13849189944269681325695,25676.01886583021636536728535
1749484799999,2025-06-09 15:59,12667.18206218892752592996854,25646.64256727005075500446633
1749499199999,2025-06-09 19:59,12712.40808370132954989813423,25867.93210389346860221525247
1749513599999,2025-06-09 23:59,12748.00263766942373542863500,26272.55309209078616976736550
1749527999999,2025-06-10 03:59,12716.45609179966182982121079,26106.96892745724927437272465
1749542399999,2025-06-10 07:59,12696.35563779414981916869271,26020.51255096484946343631131
1749556799999,2025-06-10 11:59,12724.97086745477455655595803,26100.59810650429851669955531
1749571199999,2025-06-10 15:59,12685.32830538834809110238070,25975.31164777884281625030950
1749585599999,2025-06-10 19:59,12712.54767018747893886099894,26097.02911256730516030673269
1749599999999,2025-06-10 23:59,12747.10049239763682902509362,26275.26200137407151437259869
1749614399999,2025-06-11 03:59,12756.32369682528863018068196,26143.88109238771527610436740
1749628799999,2025-06-11 07:59,12749.33343038544900831636644,26078.07389510220559858357064
1749643199999,2025-06-11 11:59,12748.15715115565533330025839,26031.69841647498551701728741
1749657599999,2025-06-11 15:59,12803.82672204870222440081579,26146.91878749430174432923311
1749671999999,2025-06-11 19:59,12681.25471138271758676766881,25910.25732237857339281504808
1749686399999,2025-06-11 23:59,12635.25460830355544605218158,25887.08745185970797831558215
1749700799999,2025-06-12 03:59,12582.44744520332441928137632,25700.04405599085789131202720
1749715199999,2025-06-12 07:59,12560.92406819911178077388597,25646.07553085015461426915807
1749729599999,2025-06-12 11:59,12525.43657151377515911938470,25471.53790879657697566742282
1749743999999,2025-06-12 15:59,12498.20553510678279272494772,25500.12798038797902954851189
1749758399999,2025-06-12 19:59,12498.20553510678279272494772,25444.81810438844580614438833
1749772799999,2025-06-12 23:59,12498.20553510678279272494772,25178.67551045005003673648696
1749787199999,2025-06-13 03:59,12498.20553510678279272494772,24846.43267099233271875550766
1749801599999,2025-06-13 07:59,12498.20553510678279272494772,24993.61912455680239247766770
1749815999999,2025-06-13 11:59,12498.20553510678279272494772,25028.04157075285046535049893
1749830399999,2025-06-13 15:59,12498.20553510678279272494772,25122.71997533374431694888214
1749844799999,2025-06-13 19:59,12498.20553510678279272494772,25044.84300282473107234795228
1749859199999,2025-06-13 23:59,12498.20553510678279272494772,25272.75114102155849503221054
1749873599999,2025-06-14 03:59,12498.20553510678279272494772,25073.15193871215100603254397
1749887999999,2025-06-14 07:59,12498.20553510678279272494772,25036.88305039249155051322573
1749902399999,2025-06-14 11:59,12498.20553510678279272494772,25038.17436862603654328018825
1749916799999,2025-06-14 15:59,12498.20553510678279272494772,24980.82506751964997336588034
1749931199999,2025-06-14 19:59,12498.20553510678279272494772,24934.21610330776677502623489
1749945599999,2025-06-14 23:59,12498.20553510678279272494772,25117.42366457143708646741039
1749959999999,2025-06-15 03:59,12498.20553510678279272494772,25131.45900721684954475186836
1749974399999,2025-06-15 07:59,12498.20553510678279272494772,25120.60669254194651513283830
1749988799999,2025-06-15 11:59,12498.20553510678279272494772,25011.60942710569213488234299
1750003199999,2025-06-15 15:59,12498.20553510678279272494772,25153.00877367886884286473925
1750017599999,2025-06-15 19:59,12498.20553510678279272494772,25088.72638021156727488426724
1750031999999,2025-06-15 23:59,12498.20553510678279272494772,25160.15867408268530650616827
1750046399999,2025-06-16 03:59,12498.20553510678279272494772,25238.26436716442976753814685
1750060799999,2025-06-16 07:59,12498.20553510678279272494772,25509.86051725888547872386596
1750075199999,2025-06-16 11:59,12498.20553510678279272494772,25467.49717867832548538556223
1750089599999,2025-06-16 15:59,12498.20553510678279272494772,25596.38360391833189445266851
1750103999999,2025-06-16 19:59,12498.20553510678279272494772,25888.72661596428169607143126
1750118399999,2025-06-16 23:59,12498.20553510678279272494772,25446.18328030693525421721034
1750132799999,2025-06-17 03:59,12498.20553510678279272494772,25635.80216512497747624122006
1750147199999,2025-06-17 07:59,12474.55437471134861875402229,25437.60387632354868788172686
1750161599999,2025-06-17 11:59,12416.71859932914221278458166,25171.46604739708481881613900
1750175999999,2025-06-17 15:59,12375.08120547880070632091348,24837.95333225951605960860799
1750190399999,2025-06-17 19:59,12375.08120547880070632091348,24943.85333994003521735531866
1750204799999,2025-06-17 23:59,12375.08120547880070632091348,24911.70142192953765759487724
1750219199999,2025-06-18 03:59,12375.08120547880070632091348,25062.67367747390215328512482
1750233599999,2025-06-18 07:59,12375.08120547880070632091348,25012.25985123439653160813777
1750247999999,2025-06-18 11:59,12375.08120547880070632091348,24980.65590959606751121375056
1750262399999,2025-06-18 15:59,12375.08120547880070632091348,24971.22595098283673377530468
1750276799999,2025-06-18 19:59,12375.08120547880070632091348,24734.73840880262274475556295
1750291199999,2025-06-18 23:59,12375.08120547880070632091348,24991.66070465279135178681309
1750305599999,2025-06-19 03:59,12375.08120547880070632091348,25042.46526187071280153350837
1750319999999,2025-06-19 07:59,12375.08120547880070632091348,24933.54423662536882676002929
1750334399999,2025-06-19 11:59,12375.08120547880070632091348,24965.32210119921220964885979
1750348799999,2025-06-19 15:59,12375.08120547880070632091348,24803.47847093221708297032809
1750363199999,2025-06-19 19:59,12375.08120547880070632091348,24840.05232001551816039771128
1750377599999,2025-06-19 23:59,12375.08120547880070632091348,24937.29430101577439616076548
1750391999999,2025-06-20 03:59,12375.08120547880070632091348,24922.53229405074713567349649
1750406399999,2025-06-20 07:59,12375.08120547880070632091348,25212.03297647931838310224763
1750420799999,2025-06-20 11:59,12375.08120547880070632091348,25251.60163556181882567367490
1750435199999,2025-06-20 15:59,12375.08120547880070632091348,24832.32108815600985499403345
1750449599999,2025-06-20 19:59,12375.08120547880070632091348,24615.32959229516611655003770
1750463999999,2025-06-20 23:59,12375.08120547880070632091348,24613.13053928859410857235060
1750478399999,2025-06-21 03:59,12375.08120547880070632091348,24660.27556734281609542226647
1750492799999,2025-06-21 07:59,12375.08120547880070632091348,24651.37214254806030580946398
1750507199999,2025-06-21 11:59,12375.08120547880070632091348,24750.51774581511072832676735
1750521599999,2025-06-21 15:59,12375.08120547880070632091348,24675.76900363939005845465999
1750535999999,2025-06-21 19:59,12375.08120547880070632091348,24362.27886863966653764851836
1750550399999,2025-06-21 23:59,12375.08120547880070632091348,24332.47610151159584664863976
1750564799999,2025-06-22 03:59,12375.08120547880070632091348,24393.32292137599726782106757
1750579199999,2025-06-22 07:59,12375.08120547880070632091348,24405.04723323443806008347085
1750593599999,2025-06-22 11:59,12375.08120547880070632091348,24480.06519858431109929629180
1750607999999,2025-06-22 15:59,12375.08120547880070632091348,23566.78633417452984028993938
1750622399999,2025-06-22 19:59,12375.08120547880070632091348,23561.21841773210429029659729
1750636799999,2025-06-22 23:59,12375.08120547880070632091348,24057.02505676423275853128714
1750651199999,2025-06-23 03:59,12375.08120547880070632091348,24102.35699777836666513091062
1750665599999,2025-06-23 07:59,12375.08120547880070632091348,24287.45388627303546229939475
1750679999999,2025-06-23 11:59,12375.08120547880070632091348,24134.48985574113662352209797
1750694399999,2025-06-23 15:59,12375.08120547880070632091348,24165.86507680673442748543646
1750708799999,2025-06-23 19:59,12375.08120547880070632091348,24580.56168273405526885947663
1750723199999,2025-06-23 23:59,12375.08120547880070632091348,25098.19445892025325506122123
1750737599999,2025-06-24 03:59,12375.08120547880070632091348,24999.48008923303981352329095
1750751999999,2025-06-24 07:59,12375.08120547880070632091348,25002.84895266889335553894595
1750766399999,2025-06-24 11:59,12375.08120547880070632091348,25059.13803862043209928849681
1750780799999,2025-06-24 15:59,12375.08120547880070632091348,25076.94250570397772834294503
1750795199999,2025-06-24 19:59,12375.08120547880070632091348,25171.87583842322824825510128
1750809599999,2025-06-24 23:59,12375.08120547880070632091348,25276.66083331168272590044947
1750823999999,2025-06-25 03:59,12375.08120547880070632091348,25312.16255471030622630729182
1750838399999,2025-06-25 07:59,12375.08120547880070632091348,25399.83877425727252487596496
1750852799999,2025-06-25 11:59,12387.77170243989015526804327,25542.31501352705871022121557
1750867199999,2025-06-25 15:59,12382.84513702475123200324863,25501.80764709397390021402587
1750881599999,2025-06-25 19:59,12404.10453305921262019825234,25676.60734480380605764300443
1750895999999,2025-06-25 23:59,12391.90257625227813845019315,25576.28001857764435023194938
1750910399999,2025-06-26 03:59,12406.77354811854944070125336,25698.55260725617308416789705
1750924799999,2025-06-26 07:59,12398.33549985475030451421086,25689.07023351169140296400251
1750939199999,2025-06-26 11:59,12373.28444556754009518387879,25572.66575702729794058714837
1750953599999,2025-06-26 15:59,12374.79953306649026466941262,25569.85201748151078845101785
1750967999999,2025-06-26 19:59,12381.83500132006302022274794,25622.11943336252564328796219
1750982399999,2025-06-26 23:59,12354.53486196995165796064056,25482.52364380557321487123130
1750996799999,2025-06-27 03:59,12382.69941761938188843949488,25608.96323541854879816034770
1751011199999,2025-06-27 07:59,12357.25824051484068847073115,25464.09496015894864097371264
1751025599999,2025-06-27 11:59,12367.13034108509485160257561,25491.22932060515514027802292
1751039999999,2025-06-27 15:59,12380.39499170885817726764218,25568.57737678972744688215263
1751054399999,2025-06-27 19:59,12361.01833476834317700360315,25447.72952667883691529794590
1751068799999,2025-06-27 23:59,12369.62745119225462436454900,25506.47497628127028551011366
1751083199999,2025-06-28 03:59,12372.51620520823289586494616,25566.64278194537590790286561
1751097599999,2025-06-28 07:59,12386.94525947096690923969919,25610.68816973789672207784007
1751111999999,2025-06-28 11:59,12381.38958155872700599188519,25584.09702065192686179727048
1751126399999,2025-06-28 15:59,12384.51724892972478352634648,25602.17785842752271070590256
1751140799999,2025-06-28 19:59,12381.39729170940635988238699,25548.91932006467258466774714
1751155199999,2025-06-28 23:59,12387.17066131883006001965925,25565.84702495274855073650863
1751169599999,2025-06-29 03:59,12384.92842319394350282927831,25545.35509113961112861723804
1751183999999,2025-06-29 07:59,12392.68897522622716882903451,25590.95625532789740455757510
1751198399999,2025-06-29 11:59,12430.37282602804475253685428,25847.05896912577915271090070
1751212799999,2025-06-29 15:59,12401.75260418838619083029865,25673.99611826512467005519830
1751227199999,2025-06-29 19:59,12390.53722988692248783960567,25592.05935559013233380315379
1751241599999,2025-06-29 23:59,12440.39157616334922479213964,25818.42601242698999574899000
1751255999999,2025-06-30 03:59,12446.46718097764251838184243,25853.40358251310445850134571
1751270399999,2025-06-30 07:59,12417.79494821089133401822946,25641.44155674638153136926488
1751284799999,2025-06-30 11:59,12417.38592049584992410329717,25651.00017068177361805017566
1751299199999,2025-06-30 15:59,12423.67848010199270226581018,25633.43157168885705594024643
1751313599999,2025-06-30 19:59,12438.61806994526930996900155,25672.86442793129833875573852
1751327999999,2025-06-30 23:59,12412.46114364654533540723216,25530.04034279048342842160133
1751342399999,2025-07-01 03:59,12409.75452750283103336850233,25540.97128016226281368880438
1751356799999,2025-07-01 07:59,12402.75883660218493834653285,25537.78110467385553450990619
1751371199999,2025-07-01 11:59,12380.25650956754985213403463,25401.21824521155767397572750
1751385599999,2025-07-01 15:59,12344.06214464038270105814544,25246.20764205490763817477609
1751399999999,2025-07-01 19:59,12344.06214464038270105814544,25113.58544746029136073387418
1751414399999,2025-07-01 23:59,12344.06214464038270105814544,25180.91744856400914779499569
1751428799999,2025-07-02 03:59,12344.06214464038270105814544,25303.27342495134613772142987
1751443199999,2025-07-02 07:59,12344.06214464038270105814544,25514.19667811691479022916447
1751457599999,2025-07-02 11:59,12344.06214464038270105814544,25609.49453424895568632830460
1751471999999,2025-07-02 15:59,12344.06214464038270105814544,25909.15422211633846356946939
1751486399999,2025-07-02 19:59,12344.06214464038270105814544,26132.72858196110252491958590
1751500799999,2025-07-02 23:59,12344.06214464038270105814544,25935.80493385145707812895792
1751515199999,2025-07-03 03:59,12344.06214464038270105814544,25883.05863427128623888950535
1751529599999,2025-07-03 07:59,12344.06214464038270105814544,26038.34799062595244471579738
1751543999999,2025-07-03 11:59,12344.06214464038270105814544,26114.39519855311595786833754
1751558399999,2025-07-03 15:59,12344.06214464038270105814544,26002.09577984805464039457644
1751572799999,2025-07-03 19:59,12344.06214464038270105814544,26163.05073538975035323163762
1751587199999,2025-07-03 23:59,12344.06214464038270105814544,26110.96200745618176123145009
1751601599999,2025-07-04 03:59,12344.06214464038270105814544,26027.76251661923583426632415
1751615999999,2025-07-04 07:59,12344.06214464038270105814544,25900.16264460084251762386688
1751630399999,2025-07-04 11:59,12344.06214464038270105814544,25944.95375676070573537090642
1751644799999,2025-07-04 15:59,12344.06214464038270105814544,25631.72331491127078322085135
1751659199999,2025-07-04 19:59,12344.06214464038270105814544,25606.93095782959330216363362
1751673599999,2025-07-04 23:59,12344.06214464038270105814544,25729.63239758199306690779762
1751687999999,2025-07-05 03:59,12344.06214464038270105814544,25770.24935928951158478819816
1751702399999,2025-07-05 07:59,12344.06214464038270105814544,25746.12410387830015165487250
1751716799999,2025-07-05 11:59,12344.06214464038270105814544,25760.12132642825740720082236
1751731199999,2025-07-05 15:59,12344.06214464038270105814544,25747.20576158684152936004037
1751745599999,2025-07-05 19:59,12344.06214464038270105814544,25767.16639656957206331135406
1751759999999,2025-07-05 23:59,12344.06214464038270105814544,25780.58943518173532760852537
1751774399999,2025-07-06 03:59,12344.06214464038270105814544,25745.41649960641295082131555
1751788799999,2025-07-06 07:59,12344.06214464038270105814544,25742.99110853307567658373649
1751803199999,2025-07-06 11:59,12344.06214464038270105814544,25751.49665483151778761336049
1751817599999,2025-07-06 15:59,12344.06214464038270105814544,25949.23988499345009328191303
1751831999999,2025-07-06 19:59,12344.06214464038270105814544,25861.67564322688345275760748
1751846399999,2025-07-06 23:59,12344.06214464038270105814544,26020.20282518927594118593285
1751860799999,2025-07-07 03:59,12344.06214464038270105814544,26064.42928343520896836882088
1751875199999,2025-07-07 07:59,12344.06214464038270105814544,25986.19017001937129775206389
1751889599999,2025-07-07 11:59,12344.06214464038270105814544,25886.34649250429747508583059
1751903999999,2025-07-07 15:59,12344.06214464038270105814544,25803.09696904206659452641274
1751918399999,2025-07-07 19:59,12344.06214464038270105814544,25746.89127079933610676734839
1751932799999,2025-07-07 23:59,12344.06214464038270105814544,25796.03283885302433704662698
1751947199999,2025-07-08 03:59,12344.06214464038270105814544,25709.92430823165325109910023
1751961599999,2025-07-08 07:59,12344.06214464038270105814544,25848.84584860024178107846876
1751975999999,2025-07-08 11:59,12344.06214464038270105814544,25913.59283073090363243450847
1751990399999,2025-07-08 15:59,12344.06214464038270105814544,25797.32177458060337964243275
1752004799999,2025-07-08 19:59,12344.06214464038270105814544,25917.28809748409234789863923
1752019199999,2025-07-08 23:59,12344.06214464038270105814544,25953.28776262959943407724389
1752033599999,2025-07-09 03:59,12344.06214464038270105814544,25823.06713404866092916235345
1752047999999,2025-07-09 07:59,12344.06214464038270105814544,25903.59107068584481391844081
1752062399999,2025-07-09 11:59,12344.06214464038270105814544,25985.52068584293929965701505
1752076799999,2025-07-09 15:59,12344.06214464038270105814544,25988.62985612850427301658349
1752091199999,2025-07-09 19:59,12344.06214464038270105814544,26626.82696421564472043488069
1752105599999,2025-07-09 23:59,12344.06214464038270105814544,26503.88727386664993857504094
1752119999999,2025-07-10 03:59,12344.06214464038270105814544,26465.89106872167660896707357
1752134399999,2025-07-10 07:59,12344.06214464038270105814544,26502.93665398623582028349473
1752148799999,2025-07-10 11:59,12344.06214464038270105814544,26452.90164619531627582043210
1752163199999,2025-07-10 15:59,12344.06214464038270105814544,26545.44056041878687372004714
1752177599999,2025-07-10 19:59,12344.06214464038270105814544,26996.54662251775823071165424
1752191999999,2025-07-10 23:59,12344.06214464038270105814544,27641.77450571041763321354259
1752206399999,2025-07-11 03:59,12344.06214464038270105814544,27849.45755076229405294808709
1752220799999,2025-07-11 07:59,12344.06214464038270105814544,28003.17207067346719563976246
1752235199999,2025-07-11 11:59,12344.06214464038270105814544,28073.46314418689509527757669
1752249599999,2025-07-11 15:59,12344.06214464038270105814544,27854.43460572516396049455335
1752263999999,2025-07-11 19:59,12344.06214464038270105814544,28141.81724035000550576494714
1752278399999,2025-07-11 23:59,12344.06214464038270105814544,28003.35790613881130898998954
1752292799999,2025-07-12 03:59,12344.06214464038270105814544,28062.14862335459773245413569
1752307199999,2025-07-12 07:59,12344.06214464038270105814544,28052.03965054107115623601395
1752321599999,2025-07-12 11:59,12344.06214464038270105814544,28070.62557958144844142987860
1752335999999,2025-07-12 15:59,12344.06214464038270105814544,27901.47003850495223947125838
1752350399999,2025-07-12 19:59,12344.06214464038270105814544,28008.90914503947520778523434
1752364799999,2025-07-12 23:59,12344.06214464038270105814544,27977.70784690939176631633913
1752379199999,2025-07-13 03:59,12344.06214464038270105814544,28057.18824593348947610576674
1752393599999,2025-07-13 07:59,12344.06214464038270105814544,28115.65494233790667629259388
1752407999999,2025-07-13 11:59,12344.06214464038270105814544,28133.04961839530887590807982
1752422399999,2025-07-13 15:59,12344.06214464038270105814544,28276.05477398953599925013058
1752436799999,2025-07-13 19:59,12344.06214464038270105814544,28344.87107631004074294191197
1752451199999,2025-07-13 23:59,12344.06214464038270105814544,28374.78582121851109198615816
1752465599999,2025-07-14 03:59,12344.06214464038270105814544,28771.13951371398156562432294
1752479999999,2025-07-14 07:59,12344.06214464038270105814544,29244.25754843236655393321186
1752494399999,2025-07-14 11:59,12344.06214464038270105814544,28941.96519147260883756383012
1752508799999,2025-07-14 15:59,12344.06214464038270105814544,28563.38261097716069058391896
1752523199999,2025-07-14 19:59,12344.06214464038270105814544,28577.95878247684383772096087
1752537599999,2025-07-14 23:59,12344.06214464038270105814544,28554.55542637331530644813271
1752551999999,2025-07-15 03:59,12344.06214464038270105814544,27913.01566241594676889690485
1752566399999,2025-07-15 07:59,12344.06214464038270105814544,27825.01780456357719722206945
1752580799999,2025-07-15 11:59,12344.06214464038270105814544,27904.79839933938462857724850
1752595199999,2025-07-15 15:59,12344.06214464038270105814544,27732.65043076965501164574095
1752609599999,2025-07-15 19:59,12344.06214464038270105814544,27738.52092546975623337599124
1752623999999,2025-07-15 23:59,12344.06214464038270105814544,28058.25799111220110295515082
1752638399999,2025-07-16 03:59,12344.06214464038270105814544,27992.63901179800148895573790
1752652799999,2025-07-16 07:59,12344.06214464038270105814544,28160.98211834010868254990384
1752667199999,2025-07-16 11:59,12344.06214464038270105814544,28299.12219675186555638985595
1752681599999,2025-07-16 15:59,12344.06214464038270105814544,28376.95866665945764808112093
1752695999999,2025-07-16 19:59,12344.06214464038270105814544,28408.97954684182794842794069
1752710399999,2025-07-16 23:59,12344.06214464038270105814544,28266.09351654589833364372780
1752724799999,2025-07-17 03:59,12344.06214464038270105814544,28146.57986977593989790730523
1752739199999,2025-07-17 07:59,12344.06214464038270105814544,28190.16781642299827922018227
1752753599999,2025-07-17 11:59,12344.06214464038270105814544,28114.70193995152660782989092
1752767999999,2025-07-17 15:59,12344.06214464038270105814544,28326.02783662534083926311752
1752782399999,2025-07-17 19:59,12344.06214464038270105814544,28344.53276046287581863765242
1752796799999,2025-07-17 23:59,12344.06214464038270105814544,28396.44756546093004814339665
1752811199999,2025-07-18 03:59,12344.06214464038270105814544,28645.54571171891829309585542
1752825599999,2025-07-18 07:59,12344.06214464038270105814544,28435.03224957949307002708310
1752839999999,2025-07-18 11:59,12344.06214464038270105814544,28394.96564675010904168389353
1752854399999,2025-07-18 15:59,12344.06214464038270105814544,28082.59767206034805149258465
1752868799999,2025-07-18 19:59,12344.06214464038270105814544,27966.92938991943319200316855
1752883199999,2025-07-18 23:59,12344.06214464038270105814544,28097.98627809442020699408084
1752897599999,2025-07-19 03:59,12344.06214464038270105814544,28192.73854036025851389832353
1752911999999,2025-07-19 07:59,12344.06214464038270105814544,28154.74233521528518429035615
1752926399999,2025-07-19 11:59,12344.06214464038270105814544,28193.81543305686799126117788
1752940799999,2025-07-19 15:59,12344.06214464038270105814544,28129.73793510263813800018701
1752955199999,2025-07-19 19:59,12344.06214464038270105814544,28117.77060763567042827979448
1752969599999,2025-07-19 23:59,12344.06214464038270105814544,28077.77309747929895490015087
1752983999999,2025-07-20 03:59,12344.06214464038270105814544,28105.88905038347692472104521
1752998399999,2025-07-20 07:59,12344.06214464038270105814544,28122.91920302808874814954727
1753012799999,2025-07-20 11:59,12344.06214464038270105814544,28086.93621542434331316903992
1753027199999,2025-07-20 15:59,12344.06214464038270105814544,28275.78555081538362990941700
1753041599999,2025-07-20 19:59,12344.06214464038270105814544,28152.82441791269529650916643
1753055999999,2025-07-20 23:59,12344.06214464038270105814544,27940.80759450875551544048018
1753070399999,2025-07-21 03:59,12344.06214464038270105814544,28212.14643395888860814126949
1753084799999,2025-07-21 07:59,12344.06214464038270105814544,28440.55013339663366642613329
1753099199999,2025-07-21 11:59,12344.06214464038270105814544,28132.61123729757404441523646
1753113599999,2025-07-21 15:59,12344.06214464038270105814544,28190.50374976419725335328506
1753127999999,2025-07-21 19:59,12344.06214464038270105814544,27822.28983523256425124758220
1753142399999,2025-07-21 23:59,12344.06214464038270105814544,27968.26359326036528785095271
1753156799999,2025-07-22 03:59,12344.06214464038270105814544,27927.67522162443817202443326
1753171199999,2025-07-22 07:59,12344.06214464038270105814544,28112.00494319807101408044151
1753185599999,2025-07-22 11:59,12344.06214464038270105814544,28391.07024949578051184259515
1753199999999,2025-07-22 15:59,12344.06214464038270105814544,28333.18726705302110358917357
1753214399999,2025-07-22 19:59,12344.06214464038270105814544,28421.35428282897313741613874
1753228799999,2025-07-22 23:59,12344.06214464038270105814544,28581.53492393173504462725376
1753243199999,2025-07-23 03:59,12344.06214464038270105814544,28262.21956184526335534284023
1753257599999,2025-07-23 07:59,12344.06214464038270105814544,28199.36428945156593988526592
1753271999999,2025-07-23 11:59,12344.06214464038270105814544,28244.18160917705460951502979
1753286399999,2025-07-23 15:59,12344.06214464038270105814544,28251.07419893654845467152901
1753300799999,2025-07-23 19:59,12344.06214464038270105814544,28209.67815777816423082286880
1753315199999,2025-07-23 23:59,12344.06214464038270105814544,28296.00826145436868268797400
1753329599999,2025-07-24 03:59,12344.06214464038270105814544,28232.37867462173746160445352
1753343999999,2025-07-24 07:59,12344.06214464038270105814544,28215.05547374331376712367030
1753358399999,2025-07-24 11:59,12344.06214464038270105814544,28258.84355089151196281371497
1753372799999,2025-07-24 15:59,12344.06214464038270105814544,28376.21770730404714485136937
1753387199999,2025-07-24 19:59,12344.06214464038270105814544,28340.66357077417274067907836
1753401599999,2025-07-24 23:59,12344.06214464038270105814544,28197.13426386743657968254097
1753415999999,2025-07-25 03:59,12344.06214464038270105814544,27501.12564851651522914552492
1753430399999,2025-07-25 07:59,12344.06214464038270105814544,27477.38397656582177356843721
1753444799999,2025-07-25 11:59,12344.06214464038270105814544,27768.90025904158686579580513
1753459199999,2025-07-25 15:59,12344.06214464038270105814544,27574.36864692175539084656160
1753473599999,2025-07-25 19:59,12344.06214464038270105814544,27803.45136055979624791110127
1753487999999,2025-07-25 23:59,12344.06214464038270105814544,28024.00232033376954206329261
1753502399999,2025-07-26 03:59,12344.06214464038270105814544,27994.29485344433685790968431
1753516799999,2025-07-26 07:59,12344.06214464038270105814544,27950.18275548476943894232063
1753531199999,2025-07-26 11:59,12344.06214464038270105814544,28062.55126686284331137962770
1753545599999,2025-07-26 15:59,12344.06214464038270105814544,28146.88959555151342015768369
1753559999999,2025-07-26 19:59,12344.06214464038270105814544,28171.19353891017111612776616
1753574399999,2025-07-26 23:59,12344.06214464038270105814544,28096.83076270093437398305349
1753588799999,2025-07-27 03:59,12344.06214464038270105814544,28159.45254950996867266726558
1753603199999,2025-07-27 07:59,12344.06214464038270105814544,28138.75333767779358565735709
1753617599999,2025-07-27 11:59,12344.06214464038270105814544,28133.21639381292538788905284
1753631999999,2025-07-27 15:59,12344.06214464038270105814544,28255.44609738406701874417888
1753646399999,2025-07-27 19:59,12344.06214464038270105814544,28344.61376566571812445698217
1753660799999,2025-07-27 23:59,12344.06214464038270105814544,28453.14882494457817150306654
1753675199999,2025-07-28 03:59,12344.06214464038270105814544,28422.75757884291778822746886
1753689599999,2025-07-28 07:59,12344.06214464038270105814544,28330.31872987001709751643763
1753703999999,2025-07-28 11:59,12344.06214464038270105814544,28313.04317911091240645878957
1753718399999,2025-07-28 15:59,12344.06214464038270105814544,28157.56322227897018693995694
1753732799999,2025-07-28 19:59,12344.06214464038270105814544,28132.26815643847721976866339
1753747199999,2025-07-28 23:59,12344.06214464038270105814544,28130.74097011430316005718188
1753761599999,2025-07-29 03:59,12344.06214464038270105814544,28298.11916174020053433286107
1753775999999,2025-07-29 07:59,12344.06214464038270105814544,28326.11837185204694576707430
1753790399999,2025-07-29 11:59,12344.06214464038270105814544,28257.02808134545793239226581
1753804799999,2025-07-29 15:59,12344.06214464038270105814544,27972.94521748345737417398105
1753819199999,2025-07-29 19:59,12344.06214464038270105814544,28002.79325222488111842583803
1753833599999,2025-07-29 23:59,12344.06214464038270105814544,28104.16173355816305063239608
1753847999999,2025-07-30 03:59,12344.06214464038270105814544,28154.45881700533711392270202
1753862399999,2025-07-30 07:59,12344.06214464038270105814544,28145.20039882165474880754268
1753876799999,2025-07-30 11:59,12344.06214464038270105814544,28015.82555985862855465330113
1753891199999,2025-07-30 15:59,12344.06214464038270105814544,28115.89557544046764357942638
1753905599999,2025-07-30 19:59,12344.06214464038270105814544,27857.80346916101750251020834
1753919999999,2025-07-30 23:59,12344.06214464038270105814544,28077.84457265827746003485359
1753934399999,2025-07-31 03:59,12344.06214464038270105814544,28226.95132603130297170936011
1753948799999,2025-07-31 07:59,12344.06214464038270105814544,28274.56094274888524193484368
1753963199999,2025-07-31 11:59,12344.06214464038270105814544,28204.34372692040179760288893
1753977599999,2025-07-31 15:59,12344.06214464038270105814544,28188.84076059996403388586838
1753991999999,2025-07-31 19:59,12344.06214464038270105814544,27826.60693604286596138362665
1754006399999,2025-07-31 23:59,12344.06214464038270105814544,27583.18391899577102412656406
