pair,strategy,entry_time,entry_price,exit_time,exit_price,exit_reason,qty,fees_quote,pnl,pnl_pct,duration_hours,entry_client_order_id,exit_client_order_id
BTC/USDT,pullback_rsi,2021-08-12 20:00,44416.18,2021-08-13 04:00,44802.42,signal,0.01011,0.9028883734,3.0019980266,0.006685,8.00,tb-pullback_rsi-BTCUSDT-1628784000-B,tb-pullback_rsi-BTCUSDT-1628812800-S
ETH/USDT,pullback_rsi,2021-08-12 20:00,3051.61,2021-08-13 04:00,3085.14,signal,0.1079,0.6627656510,2.9551213490,0.008975,8.00,tb-pullback_rsi-ETHUSDT-1628784000-B,tb-pullback_rsi-ETHUSDT-1628812800-S
ADA/USDT,pullback_rsi,2021-08-15 12:00,2.1259,2021-08-16 00:00,2.1645,signal,103.1,0.442765420000,3.536894580000,0.016137,12.00,tb-pullback_rsi-ADAUSDT-1629014400-B,tb-pullback_rsi-ADAUSDT-1629057600-S
BTC/USDT,pullback_rsi,2021-08-15 12:00,45969.50,2021-08-16 00:00,46926.84,signal,0.01093,1.0162763850,9.4474498150,0.018803,12.00,tb-pullback_rsi-BTCUSDT-1629014400-B,tb-pullback_rsi-BTCUSDT-1629057600-S
ETH/USDT,pullback_rsi,2021-08-17 04:00,3198.17,2021-08-17 12:00,3254.45,signal,0.1239,0.8001192570,6.1729727430,0.015578,8.00,tb-pullback_rsi-ETHUSDT-1629158400-B,tb-pullback_rsi-ETHUSDT-1629187200-S
XRP/USDT,pullback_rsi,2021-08-17 04:00,1.2093,2021-08-18 16:00,1.1421,signal,148.4,0.349189620000,-10.321669620000,-0.057515,36.00,tb-pullback_rsi-XRPUSDT-1629158400-B,tb-pullback_rsi-XRPUSDT-1629288000-S
SOL/USDT,pullback_rsi,2021-08-22 00:00,73.93,2021-08-22 08:00,75.44,signal,2.432,0.3634896300,3.3088303700,0.018403,8.00,tb-pullback_rsi-SOLUSDT-1629576000-B,tb-pullback_rsi-SOLUSDT-1629604800-S
ETH/USDT,pullback_rsi,2021-08-23 00:00,3241.24,2021-08-23 04:00,3336.87,signal,0.1392,0.9163211560,12.3953748440,0.027473,4.00,tb-pullback_rsi-ETHUSDT-1629662400-B,tb-pullback_rsi-ETHUSDT-1629676800-S
BNB/USDT,pullback_rsi,2021-08-24 20:00,478.54,2021-08-25 08:00,487.40,signal,0.692,0.6689090200,5.4622109800,0.016495,12.00,tb-pullback_rsi-BNBUSDT-1629820800-B,tb-pullback_rsi-BNBUSDT-1629864000-S
ETH/USDT,pullback_rsi,2021-08-24 20:00,3220.67,2021-08-25 16:00,3213.95,signal,0.1389,0.8944128570,-1.8278208570,-0.004086,20.00,tb-pullback_rsi-ETHUSDT-1629820800-B,tb-pullback_rsi-ETHUSDT-1629892800-S
SOL/USDT,pullback_rsi,2021-08-25 16:00,71.35,2021-08-26 00:00,71.91,signal,2.706,0.3878756100,1.1274843900,0.005840,8.00,tb-pullback_rsi-SOLUSDT-1629892800-B,tb-pullback_rsi-SOLUSDT-1629921600-S
ETH/USDT,pullback_rsi,2021-08-26 16:00,3107.87,2021-08-27 08:00,3123.04,signal,0.1329,0.8287095170,1.1873834830,0.002875,16.00,tb-pullback_rsi-ETHUSDT-1629979200-B,tb-pullback_rsi-ETHUSDT-1630036800-S
LTC/USDT,pullback_rsi,2021-08-26 20:00,168.37,2021-08-27 08:00,169.43,signal,1.944,0.6570199400,1.4036200600,0.004288,12.00,tb-pullback_rsi-LTCUSDT-1629993600-B,tb-pullback_rsi-LTCUSDT-1630036800-S
BNB/USDT,pullback_rsi,2021-08-30 08:00,478.88,2021-08-30 20:00,477.62,signal,0.959,0.9177623800,-2.1261023800,-0.004630,12.00,tb-pullback_rsi-BNBUSDT-1630296000-B,tb-pullback_rsi-BNBUSDT-1630339200-S
LTC/USDT,pullback_rsi,2021-08-30 08:00,172.88,2021-08-30 20:00,175.52,signal,2.401,0.8370270400,5.5016129600,0.013254,12.00,tb-pullback_rsi-LTCUSDT-1630296000-B,tb-pullback_rsi-LTCUSDT-1630339200-S
ETH/USDT,pullback_rsi,2021-09-04 16:00,3921.64,2021-09-05 12:00,3920.63,signal,0.1254,0.9842049840,-1.1108589840,-0.002259,20.00,tb-pullback_rsi-ETHUSDT-1630756800-B,tb-pullback_rsi-ETHUSDT-1630828800-S
XRP/USDT,pullback_rsi,2021-09-05 00:00,1.2561,2021-09-05 12:00,1.2606,signal,298.4,0.751360110000,0.591439890000,0.001578,12.00,tb-pullback_rsi-XRPUSDT-1630785600-B,tb-pullback_rsi-XRPUSDT-1630828800-S
ETH/USDT,pullback_rsi,2021-09-08 00:00,3438.28,2021-09-08 20:00,3519.62,signal,0.0738,0.5138368520,5.4890551480,0.021632,20.00,tb-pullback_rsi-ETHUSDT-1631044800-B,tb-pullback_rsi-ETHUSDT-1631116800-S
ADA/USDT,pullback_rsi,2021-09-08 00:00,2.5166,2021-09-09 00:00,2.4675,signal,69.0,0.344154560000,-3.732054560000,-0.021492,24.00,tb-pullback_rsi-ADAUSDT-1631044800-B,tb-pullback_rsi-ADAUSDT-1631131200-S
ETH/USDT,pullback_rsi,2021-09-10 20:00,3314.57,2021-09-11 12:00,3289.84,signal,0.0810,0.5352886670,-2.5384186670,-0.009455,16.00,tb-pullback_rsi-ETHUSDT-1631289600-B,tb-pullback_rsi-ETHUSDT-1631347200-S
SOL/USDT,pullback_rsi,2021-09-10 00:00,188.08,2021-09-11 16:00,188.23,signal,0.610,0.2297371800,-0.1382371800,-0.001205,40.00,tb-pullback_rsi-SOLUSDT-1631217600-B,tb-pullback_rsi-SOLUSDT-1631361600-S
SOL/USDT,pullback_rsi,2021-09-15 00:00,158.88,2021-09-15 08:00,161.86,signal,0.886,0.2843345200,2.3559454800,0.016736,8.00,tb-pullback_rsi-SOLUSDT-1631649600-B,tb-pullback_rsi-SOLUSDT-1631678400-S
SOL/USDT,pullback_rsi,2021-09-17 16:00,144.77,2021-09-18 00:00,147.44,signal,1.116,0.3263959000,2.6533241000,0.016423,8.00,tb-pullback_rsi-SOLUSDT-1631880000-B,tb-pullback_rsi-SOLUSDT-1631908800-S
LINK/USDT,pullback_rsi,2021-09-18 04:00,28.299,2021-09-18 08:00,28.951,signal,8.86,0.50751799000,5.26920201000,0.021016,4.00,tb-pullback_rs-LINKUSDT-1631923200-B,tb-pullback_rs-LINKUSDT-1631937600-S
LTC/USDT,pullback_rsi,2021-09-17 04:00,186.19,2021-09-18 08:00,183.61,signal,1.570,0.5809583800,-4.6315583800,-0.015844,28.00,tb-pullback_rsi-LTCUSDT-1631836800-B,tb-pullback_rsi-LTCUSDT-1631937600-S
LINK/USDT,pullback_rsi,2021-09-19 08:00,28.659,2021-09-20 03:59,26.204,stop,10.32,0.56675934000,-25.90235934000,-0.087579,20.00,tb-pullback_rs-LINKUSDT-1632024000-B,tb-pullback_rs-LINKUSDT-1632096000-X
ETH/USDT,pullback_rsi,2021-09-19 08:00,3444.27,2021-09-20 03:59,3239.65,stop,0.1244,0.8321685020,-26.2868965020,-0.061351,20.00,tb-pullback_rsi-ETHUSDT-1632024000-B,tb-pullback_rsi-ETHUSDT-1632096000-X
BTC/USDT,pullback_rsi,2021-10-07 20:00,54016.72,2021-10-08 08:00,54774.55,signal,0.00888,0.9666066408,5.7629237592,0.012014,12.00,tb-pullback_rsi-BTCUSDT-1633622400-B,tb-pullback_rsi-BTCUSDT-1633665600-S
LTC/USDT,pullback_rsi,2021-10-08 08:00,179.98,2021-10-08 12:00,181.61,signal,1.770,0.6403742600,2.2447257400,0.007046,4.00,tb-pullback_rsi-LTCUSDT-1633665600-B,tb-pullback_rsi-LTCUSDT-1633680000-S
LINK/USDT,pullback_rsi,2021-10-09 04:00,26.497,2021-10-09 12:00,27.052,signal,12.35,0.66186009000,6.19238991000,0.018923,8.00,tb-pullback_rs-LINKUSDT-1633737600-B,tb-pullback_rs-LINKUSDT-1633766400-S
BNB/USDT,pullback_rsi,2021-10-09 04:00,424.53,2021-10-11 04:00,415.38,signal,0.974,0.8184968700,-9.7305968700,-0.023533,48.00,tb-pullback_rsi-BNBUSDT-1633737600-B,tb-pullback_rsi-BNBUSDT-1633910400-S
SOL/USDT,pullback_rsi,2021-10-10 00:00,156.96,2021-10-11 19:59,143.55,stop,1.883,0.5661742500,-25.8172042500,-0.087351,44.00,tb-pullback_rsi-SOLUSDT-1633809600-B,tb-pullback_rsi-SOLUSDT-1633968000-X
BNB/USDT,pullback_rsi,2021-10-12 16:00,434.24,2021-10-12 20:00,433.66,signal,0.860,0.7468282400,-1.2456282400,-0.003335,4.00,tb-pullback_rsi-BNBUSDT-1634040000-B,tb-pullback_rsi-BNBUSDT-1634054400-S
XRP/USDT,pullback_rsi,2021-10-12 08:00,1.1025,2021-10-13 04:00,1.1178,signal,281.8,0.626011290000,3.685528710000,0.011863,20.00,tb-pullback_rsi-XRPUSDT-1634011200-B,tb-pullback_rsi-XRPUSDT-1634083200-S
BTC/USDT,pullback_rsi,2021-10-13 00:00,56052.91,2021-10-13 16:00,56112.68,signal,0.00808,0.9068584919,-0.4239168919,-0.000936,16.00,tb-pullback_rsi-BTCUSDT-1634068800-B,tb-pullback_rsi-BTCUSDT-1634126400-S
LINK/USDT,pullback_rsi,2021-10-15 20:00,27.048,2021-10-16 00:00,26.982,signal,11.65,0.62999046000,-1.39889046000,-0.004439,4.00,tb-pullback_rs-LINKUSDT-1634313600-B,tb-pullback_rs-LINKUSDT-1634328000-S
BNB/USDT,pullback_rsi,2021-10-17 00:00,466.27,2021-10-17 12:00,468.53,signal,0.719,0.6725874700,0.9523525300,0.002841,12.00,tb-pullback_rsi-BNBUSDT-1634414400-B,tb-pullback_rsi-BNBUSDT-1634457600-S
BTC/USDT,pullback_rsi,2021-10-17 00:00,60936.45,2021-10-18 00:00,61466.79,signal,0.00851,1.0422609340,3.4709324660,0.006693,24.00,tb-pullback_rsi-BTCUSDT-1634414400-B,tb-pullback_rsi-BTCUSDT-1634500800-S
LTC/USDT,pullback_rsi,2021-10-17 20:00,184.19,2021-10-18 04:00,185.61,signal,2.366,0.8754993700,2.4842206300,0.005700,8.00,tb-pullback_rsi-LTCUSDT-1634486400-B,tb-pullback_rsi-LTCUSDT-1634515200-S
SOL/USDT,pullback_rsi,2021-10-18 20:00,156.91,2021-10-19 04:00,158.34,signal,2.175,0.6861394800,2.4241105200,0.007103,8.00,tb-pullback_rsi-SOLUSDT-1634572800-B,tb-pullback_rsi-SOLUSDT-1634601600-S
XRP/USDT,pullback_rsi,2021-10-18 04:00,1.0969,2021-10-19 04:00,1.0958,signal,331.8,0.727976620000,-1.092956620000,-0.003003,24.00,tb-pullback_rsi-XRPUSDT-1634515200-B,tb-pullback_rsi-XRPUSDT-1634601600-S
SOL/USDT,pullback_rsi,2021-10-20 00:00,155.93,2021-10-20 08:00,156.36,signal,2.552,0.7974318700,0.2999281300,0.000754,8.00,tb-pullback_rsi-SOLUSDT-1634673600-B,tb-pullback_rsi-SOLUSDT-1634702400-S
BNB/USDT,pullback_rsi,2021-10-21 20:00,475.18,2021-10-22 08:00,488.81,signal,0.913,0.8805980500,11.5635919500,0.026654,12.00,tb-pullback_rsi-BNBUSDT-1634832000-B,tb-pullback_rsi-BNBUSDT-1634875200-S
BTC/USDT,pullback_rsi,2021-10-22 20:00,61093.75,2021-10-23 12:00,61490.68,signal,0.00648,0.7949580475,1.7771483525,0.004489,16.00,tb-pullback_rsi-BTCUSDT-1634918400-B,tb-pullback_rsi-BTCUSDT-1634976000-S
XRP/USDT,pullback_rsi,2021-10-22 04:00,1.1088,2021-10-23 16:00,1.0955,signal,381.8,0.842045260000,-5.919985260000,-0.013984,36.00,tb-pullback_rsi-XRPUSDT-1634860800-B,tb-pullback_rsi-XRPUSDT-1634990400-S
BTC/USDT,pullback_rsi,2021-10-24 20:00,60703.74,2021-10-25 00:00,60791.36,signal,0.00806,0.9798575418,-0.2736403418,-0.000559,4.00,tb-pullback_rsi-BTCUSDT-1635091200-B,tb-pullback_rsi-BTCUSDT-1635105600-S
SOL/USDT,pullback_rsi,2021-10-24 00:00,197.95,2021-10-25 00:00,201.94,signal,1.261,0.5046571900,4.5267328100,0.018135,24.00,tb-pullback_rsi-SOLUSDT-1635019200-B,tb-pullback_rsi-SOLUSDT-1635105600-S
LTC/USDT,pullback_rsi,2021-10-26 20:00,194.00,2021-10-27 00:00,197.30,signal,2.659,1.0410487000,7.7336513000,0.014992,4.00,tb-pullback_rsi-LTCUSDT-1635264000-B,tb-pullback_rsi-LTCUSDT-1635278400-S
SOL/USDT,pullback_rsi,2021-10-27 04:00,203.06,2021-10-27 11:59,184.07,stop,1.326,0.5137405000,-25.6944805000,-0.095427,8.00,tb-pullback_rsi-SOLUSDT-1635292800-B,tb-pullback_rsi-SOLUSDT-1635321600-X
BNB/USDT,pullback_rsi,2021-10-27 16:00,455.16,2021-10-28 12:00,477.82,signal,1.032,0.9637456800,22.4213743200,0.047733,20.00,tb-pullback_rsi-BNBUSDT-1635336000-B,tb-pullback_rsi-BNBUSDT-1635408000-S
BTC/USDT,pullback_rsi,2021-10-27 04:00,60775.05,2021-10-28 12:00,60899.65,signal,0.00894,1.0883795675,0.0255444325,0.000047,32.00,tb-pullback_rsi-BTCUSDT-1635292800-B,tb-pullback_rsi-BTCUSDT-1635408000-S
ETH/USDT,pullback_rsi,2021-10-30 20:00,4340.97,2021-10-31 04:00,4366.11,signal,0.1021,0.8898610610,1.6769329390,0.003784,8.00,tb-pullback_rsi-ETHUSDT-1635609600-B,tb-pullback_rsi-ETHUSDT-1635638400-S
SOL/USDT,pullback_rsi,2021-10-30 20:00,194.77,2021-10-31 16:00,194.79,signal,1.505,0.5866773400,-0.5565773400,-0.001899,20.00,tb-pullback_rsi-SOLUSDT-1635609600-B,tb-pullback_rsi-SOLUSDT-1635681600-S
BTC/USDT,pullback_rsi,2021-10-31 20:00,60750.64,2021-11-01 00:00,61238.51,signal,0.00915,1.1168082324,3.3472022676,0.006022,4.00,tb-pullback_rsi-BTCUSDT-1635696000-B,tb-pullback_rsi-BTCUSDT-1635710400-S
LINK/USDT,pullback_rsi,2021-10-31 16:00,29.300,2021-11-01 00:00,29.970,signal,10.68,0.63358960000,6.52201040000,0.020842,8.00,tb-pullback_rs-LINKUSDT-1635681600-B,tb-pullback_rs-LINKUSDT-1635710400-S
LINK/USDT,pullback_rsi,2021-11-03 20:00,31.702,2021-11-04 00:00,31.938,signal,11.60,0.73885804000,1.99874196000,0.005435,4.00,tb-pullback_rs-LINKUSDT-1635955200-B,tb-pullback_rs-LINKUSDT-1635969600-S
LINK/USDT,pullback_rsi,2021-11-04 20:00,30.721,2021-11-05 00:00,30.959,signal,12.29,0.75866162000,2.16635838000,0.005738,4.00,tb-pullback_rs-LINKUSDT-1636041600-B,tb-pullback_rs-LINKUSDT-1636056000-S
BTC/USDT,pullback_rsi,2021-11-03 20:00,62862.79,2021-11-05 04:00,62141.58,signal,0.00783,0.9794128436,-6.6264871436,-0.013463,32.00,tb-pullback_rsi-BTCUSDT-1635955200-B,tb-pullback_rsi-BTCUSDT-1636070400-S
SOL/USDT,pullback_rsi,2021-11-05 20:00,236.03,2021-11-06 04:00,239.56,signal,1.190,0.5664241600,3.6342758400,0.012939,8.00,tb-pullback_rsi-SOLUSDT-1636128000-B,tb-pullback_rsi-SOLUSDT-1636156800-S
XRP/USDT,pullback_rsi,2021-11-05 20:00,1.1530,2021-11-06 04:00,1.1643,signal,300.1,0.695882930000,2.695247070000,0.007789,8.00,tb-pullback_rsi-XRPUSDT-1636128000-B,tb-pullback_rsi-XRPUSDT-1636156800-S
ETH/USDT,pullback_rsi,2021-11-06 16:00,4402.97,2021-11-06 20:00,4489.24,signal,0.1167,1.0386015030,9.0291074970,0.017572,4.00,tb-pullback_rsi-ETHUSDT-1636200000-B,tb-pullback_rsi-ETHUSDT-1636214400-S
LINK/USDT,pullback_rsi,2021-11-06 16:00,31.382,2021-11-07 00:00,32.017,signal,11.23,0.71259841000,6.41845159000,0.018213,8.00,tb-pullback_rs-LINKUSDT-1636200000-B,tb-pullback_rs-LINKUSDT-1636228800-S
BNB/USDT,pullback_rsi,2021-11-08 08:00,642.05,2021-11-08 16:00,648.15,signal,0.647,0.8354014500,3.1112985500,0.007490,8.00,tb-pullback_rsi-BNBUSDT-1636344000-B,tb-pullback_rsi-BNBUSDT-1636372800-S
SOL/USDT,pullback_rsi,2021-11-08 00:00,249.87,2021-11-10 00:00,238.82,signal,1.319,0.6450818500,-15.2200318500,-0.046180,48.00,tb-pullback_rsi-SOLUSDT-1636315200-B,tb-pullback_rsi-SOLUSDT-1636488000-S
BNB/USDT,pullback_rsi,2021-11-10 08:00,644.85,2021-11-10 12:00,654.64,signal,0.746,0.9700643900,6.3332756100,0.013165,4.00,tb-pullback_rsi-BNBUSDT-1636516800-B,tb-pullback_rsi-BNBUSDT-1636531200-S
SOL/USDT,pullback_rsi,2021-11-10 08:00,241.12,2021-11-10 16:00,244.59,signal,1.489,0.7237044300,4.4431255700,0.012375,8.00,tb-pullback_rsi-SOLUSDT-1636516800-B,tb-pullback_rsi-SOLUSDT-1636545600-S
BNB/USDT,pullback_rsi,2021-11-11 04:00,617.32,2021-11-12 04:00,632.16,signal,0.564,0.7053240400,7.6644359600,0.022014,24.00,tb-pullback_rsi-BNBUSDT-1636588800-B,tb-pullback_rsi-BNBUSDT-1636675200-S
LTC/USDT,pullback_rsi,2021-11-11 08:00,265.57,2021-11-12 04:00,275.42,signal,0.754,0.4081720300,7.0187279700,0.035052,20.00,tb-pullback_rsi-LTCUSDT-1636603200-B,tb-pullback_rsi-LTCUSDT-1636675200-S
BTC/USDT,pullback_rsi,2021-11-12 20:00,63908.85,2021-11-13 16:00,64624.31,signal,0.00765,0.9839177610,4.4893512390,0.009183,20.00,tb-pullback_rsi-BTCUSDT-1636732800-B,tb-pullback_rsi-BTCUSDT-1636804800-S
SOL/USDT,pullback_rsi,2021-11-12 20:00,229.08,2021-11-13 16:00,233.37,signal,1.251,0.5789831100,4.7878068900,0.016707,20.00,tb-pullback_rsi-SOLUSDT-1636732800-B,tb-pullback_rsi-SOLUSDT-1636804800-S
ETH/USDT,pullback_rsi,2021-11-14 12:00,4617.06,2021-11-15 00:00,4621.87,signal,0.1221,1.1289967680,-0.5416957680,-0.000961,12.00,tb-pullback_rsi-ETHUSDT-1636876800-B,tb-pullback_rsi-ETHUSDT-1636920000-S
LINK/USDT,pullback_rsi,2021-11-15 00:00,33.784,2021-11-15 04:00,34.005,signal,10.36,0.70296972000,1.58659028000,0.004533,4.00,tb-pullback_rs-LINKUSDT-1636920000-B,tb-pullback_rs-LINKUSDT-1636934400-S
BNB/USDT,pullback_rsi,2021-11-15 20:00,639.34,2021-11-16 03:59,608.43,stop,0.827,1.0325451300,-26.5951151300,-0.050300,8.00,tb-pullback_rsi-BNBUSDT-1636992000-B,tb-pullback_rsi-BNBUSDT-1637020800-X
LTC/USDT,pullback_rsi,2021-11-16 08:00,246.95,2021-11-17 03:59,219.66,stop,0.923,0.4309279800,-25.6195979800,-0.112399,20.00,tb-pullback_rsi-LTCUSDT-1637035200-B,tb-pullback_rsi-LTCUSDT-1637107200-X
SOL/USDT,pullback_rsi,2021-11-16 16:00,225.47,2021-11-17 12:00,220.09,signal,1.368,0.6099770200,-7.9698170200,-0.025839,20.00,tb-pullback_rsi-SOLUSDT-1637064000-B,tb-pullback_rsi-SOLUSDT-1637136000-S
XRP/USDT,pullback_rsi,2023-01-15 16:00,0.3889,2023-01-16 04:00,0.4048,signal,1038.0,0.824288390000,15.679911610000,0.038843,12.00,tb-pullback_rsi-XRPUSDT-1673784000-B,tb-pullback_rsi-XRPUSDT-1673827200-S
LTC/USDT,pullback_rsi,2023-01-16 16:00,86.25,2023-01-16 20:00,86.94,signal,4.450,0.7711267500,2.2993732500,0.005991,4.00,tb-pullback_rsi-LTCUSDT-1673870400-B,tb-pullback_rsi-LTCUSDT-1673884800-S
ADA/USDT,pullback_rsi,2023-01-18 04:00,0.3504,2023-01-18 19:59,0.3281,stop,1139.5,0.773571230000,-26.184421230000,-0.065579,16.00,tb-pullback_rsi-ADAUSDT-1674000000-B,tb-pullback_rsi-ADAUSDT-1674057600-X
XRP/USDT,pullback_rsi,2023-01-18 20:00,0.3902,2023-01-19 12:00,0.3843,signal,882.5,0.683847430000,-5.890597430000,-0.017106,16.00,tb-pullback_rsi-XRPUSDT-1674057600-B,tb-pullback_rsi-XRPUSDT-1674115200-S
SOL/USDT,pullback_rsi,2023-01-19 04:00,21.38,2023-01-19 20:00,21.63,signal,8.346,0.3591538800,1.7273461200,0.009680,16.00,tb-pullback_rsi-SOLUSDT-1674086400-B,tb-pullback_rsi-SOLUSDT-1674144000-S
BNB/USDT,pullback_rsi,2023-01-20 16:00,289.79,2023-01-20 20:00,294.20,signal,1.897,1.1084086100,7.2573613900,0.013202,4.00,tb-pullback_rsi-BNBUSDT-1674216000-B,tb-pullback_rsi-BNBUSDT-1674230400-S
LTC/USDT,pullback_rsi,2023-01-23 04:00,87.96,2023-01-23 12:00,91.90,signal,5.110,0.9196123600,19.2137876400,0.042747,8.00,tb-pullback_rsi-LTCUSDT-1674432000-B,tb-pullback_rsi-LTCUSDT-1674460800-S
SOL/USDT,pullback_rsi,2023-01-23 04:00,24.56,2023-01-24 04:00,24.95,signal,9.864,0.4886122400,3.3583477600,0.013863,24.00,tb-pullback_rsi-SOLUSDT-1674432000-B,tb-pullback_rsi-SOLUSDT-1674518400-S
LINK/USDT,pullback_rsi,2023-01-25 04:00,6.699,2023-01-25 20:00,6.816,signal,48.56,0.65662335000,5.02489665000,0.015447,16.00,tb-pullback_rs-LINKUSDT-1674604800-B,tb-pullback_rs-LINKUSDT-1674662400-S
LTC/USDT,pullback_rsi,2023-01-25 04:00,87.65,2023-01-25 20:00,88.39,signal,4.828,0.8503593700,2.7223606300,0.006433,16.00,tb-pullback_rsi-LTCUSDT-1674604800-B,tb-pullback_rsi-LTCUSDT-1674662400-S
LTC/USDT,pullback_rsi,2023-01-26 20:00,88.04,2023-01-27 20:00,88.54,signal,5.408,0.9554728800,1.7485271200,0.003672,24.00,tb-pullback_rsi-LTCUSDT-1674748800-B,tb-pullback_rsi-LTCUSDT-1674835200-S
SOL/USDT,pullback_rsi,2023-01-27 08:00,24.06,2023-01-27 20:00,24.45,signal,11.489,0.5576201100,3.9230898900,0.014192,12.00,tb-pullback_rsi-SOLUSDT-1674792000-B,tb-pullback_rsi-SOLUSDT-1674835200-S
ETH/USDT,pullback_rsi,2023-01-29 04:00,1595.96,2023-01-29 08:00,1590.99,signal,0.3572,1.1390169260,-2.9143009260,-0.005112,4.00,tb-pullback_rsi-ETHUSDT-1674950400-B,tb-pullback_rsi-ETHUSDT-1674964800-S
SOL/USDT,pullback_rsi,2023-01-29 04:00,24.16,2023-01-29 12:00,24.33,signal,13.440,0.6520438400,1.6327561600,0.005028,8.00,tb-pullback_rsi-SOLUSDT-1674950400-B,tb-pullback_rsi-SOLUSDT-1674979200-S
LINK/USDT,pullback_rsi,2023-01-30 16:00,7.032,2023-01-31 08:00,7.028,signal,56.42,0.79368712000,-1.01936712000,-0.002569,16.00,tb-pullback_rs-LINKUSDT-1675080000-B,tb-pullback_rs-LINKUSDT-1675137600-S
XRP/USDT,pullback_rsi,2023-01-30 16:00,0.4003,2023-01-31 12:00,0.3994,signal,1391.9,1.113662850000,-2.366372850000,-0.004247,20.00,tb-pullback_rsi-XRPUSDT-1675080000-B,tb-pullback_rsi-XRPUSDT-1675152000-S
LINK/USDT,pullback_rsi,2023-02-01 20:00,7.013,2023-02-02 00:00,7.206,signal,56.40,0.80237238000,10.08282762000,0.025492,4.00,tb-pullback_rs-LINKUSDT-1675267200-B,tb-pullback_rs-LINKUSDT-1675281600-S
SOL/USDT,pullback_rsi,2023-02-01 20:00,24.27,2023-02-02 00:00,24.97,signal,12.054,0.5938544700,7.8439455300,0.026812,4.00,tb-pullback_rsi-SOLUSDT-1675267200-B,tb-pullback_rsi-SOLUSDT-1675281600-S
BTC/USDT,pullback_rsi,2023-02-03 04:00,23557.18,2023-02-03 16:00,23581.01,signal,0.02937,1.3851553520,-0.6852682520,-0.000990,12.00,tb-pullback_rsi-BTCUSDT-1675382400-B,tb-pullback_rsi-BTCUSDT-1675425600-S
XRP/USDT,pullback_rsi,2023-02-03 04:00,0.4117,2023-02-04 00:00,0.4111,signal,1393.0,1.146736780000,-1.982536780000,-0.003457,20.00,tb-pullback_rsi-XRPUSDT-1675382400-B,tb-pullback_rsi-XRPUSDT-1675454400-S
LTC/USDT,pullback_rsi,2023-02-06 00:00,96.75,2023-02-06 16:00,97.21,signal,5.617,1.0900538200,1.4937661800,0.002749,16.00,tb-pullback_rsi-LTCUSDT-1675627200-B,tb-pullback_rsi-LTCUSDT-1675684800-S
SOL/USDT,pullback_rsi,2023-02-06 00:00,23.49,2023-02-06 16:00,23.44,signal,16.832,0.7903250900,-1.6319250900,-0.004127,16.00,tb-pullback_rsi-SOLUSDT-1675627200-B,tb-pullback_rsi-SOLUSDT-1675684800-S
SOL/USDT,pullback_rsi,2023-02-07 04:00,23.09,2023-02-07 12:00,23.31,signal,16.725,0.7764325300,2.9030674700,0.007517,8.00,tb-pullback_rsi-SOLUSDT-1675728000-B,tb-pullback_rsi-SOLUSDT-1675756800-S
ADA/USDT,pullback_rsi,2023-02-07 04:00,0.3867,2023-02-07 20:00,0.3919,signal,1267.6,0.987456070000,5.604063930000,0.011433,16.00,tb-pullback_rsi-ADAUSDT-1675728000-B,tb-pullback_rsi-ADAUSDT-1675785600-S
BNB/USDT,pullback_rsi,2023-02-09 00:00,328.53,2023-02-09 03:59,316.90,stop,2.213,1.4293221800,-27.1665121800,-0.037366,4.00,tb-pullback_rsi-BNBUSDT-1675886400-B,tb-pullback_rsi-BNBUSDT-1675900800-X
LTC/USDT,pullback_rsi,2023-02-08 20:00,99.03,2023-02-09 19:59,94.18,stop,5.269,1.0186176700,-26.5732676700,-0.050927,24.00,tb-pullback_rsi-LTCUSDT-1675872000-B,tb-pullback_rsi-LTCUSDT-1675958400-X
ETH/USDT,pullback_rsi,2023-02-09 08:00,1631.51,2023-02-09 19:59,1564.38,stop,0.3803,1.2160495670,-26.7455885670,-0.043106,12.00,tb-pullback_rsi-ETHUSDT-1675915200-B,tb-pullback_rsi-ETHUSDT-1675958400-X
BNB/USDT,pullback_rsi,2023-02-10 04:00,307.01,2023-02-10 20:00,308.29,signal,1.793,1.1038469200,1.1911930800,0.002164,16.00,tb-pullback_rsi-BNBUSDT-1675987200-B,tb-pullback_rsi-BNBUSDT-1676044800-S
LTC/USDT,pullback_rsi,2023-02-10 00:00,92.16,2023-02-10 20:00,94.00,signal,4.425,0.8242188000,7.3177812000,0.017944,20.00,tb-pullback_rsi-LTCUSDT-1675972800-B,tb-pullback_rsi-LTCUSDT-1676044800-S
LTC/USDT,pullback_rsi,2023-02-13 16:00,91.10,2023-02-14 08:00,91.38,signal,5.408,0.9873984400,0.5268415600,0.001069,16.00,tb-pullback_rsi-LTCUSDT-1676289600-B,tb-pullback_rsi-LTCUSDT-1676347200-S
BNB/USDT,pullback_rsi,2023-02-17 04:00,310.01,2023-02-17 20:00,314.58,signal,1.371,0.8569329100,5.4085370900,0.012725,16.00,tb-pullback_rsi-BNBUSDT-1676592000-B,tb-pullback_rsi-BNBUSDT-1676649600-S
SOL/USDT,pullback_rsi,2023-02-17 04:00,22.71,2023-02-17 20:00,23.43,signal,13.794,0.6367731000,9.2949069000,0.029671,16.00,tb-pullback_rsi-SOLUSDT-1676592000-B,tb-pullback_rsi-SOLUSDT-1676649600-S
ADA/USDT,pullback_rsi,2023-02-21 08:00,0.4044,2023-02-21 23:59,0.3853,stop,1330.0,1.050867160000,-26.453867160000,-0.049184,16.00,tb-pullback_rsi-ADAUSDT-1676952000-B,tb-pullback_rsi-ADAUSDT-1677009600-X
LTC/USDT,pullback_rsi,2023-02-21 00:00,96.00,2023-02-22 04:00,94.92,signal,5.184,0.9903052800,-6.5890252800,-0.013240,28.00,tb-pullback_rsi-LTCUSDT-1676923200-B,tb-pullback_rsi-LTCUSDT-1677024000-S
ADA/USDT,pullback_rsi,2023-02-22 12:00,0.3863,2023-02-23 00:00,0.3885,signal,1199.8,0.930107230000,1.709452770000,0.003688,12.00,tb-pullback_rsi-ADAUSDT-1677052800-B,tb-pullback_rsi-ADAUSDT-1677096000-S
BTC/USDT,pullback_rsi,2023-02-22 12:00,24185.04,2023-02-23 00:00,24158.02,signal,0.02408,1.1648264344,-1.8154680344,-0.003117,12.00,tb-pullback_rsi-BTCUSDT-1677052800-B,tb-pullback_rsi-BTCUSDT-1677096000-S
ADA/USDT,pullback_rsi,2023-02-24 08:00,0.3817,2023-02-24 12:00,0.3833,signal,1330.4,1.018290380000,1.110349620000,0.002187,4.00,tb-pullback_rsi-ADAUSDT-1677211200-B,tb-pullback_rsi-ADAUSDT-1677225600-S
ETH/USDT,pullback_rsi,2023-02-24 20:00,1612.45,2023-02-26 04:00,1601.14,signal,0.3321,1.0678782150,-4.8239292150,-0.009008,32.00,tb-pullback_rsi-ETHUSDT-1677254400-B,tb-pullback_rsi-ETHUSDT-1677369600-S
LINK/USDT,pullback_rsi,2023-02-24 20:00,7.685,2023-02-26 04:00,7.409,signal,39.85,0.60180330000,-11.60040330000,-0.037879,32.00,tb-pullback_rs-LINKUSDT-1677254400-B,tb-pullback_rs-LINKUSDT-1677369600-S
LINK/USDT,pullback_rsi,2023-02-27 16:00,7.377,2023-02-28 12:00,7.319,signal,56.12,0.82518214000,-4.08014214000,-0.009855,20.00,tb-pullback_rs-LINKUSDT-1677499200-B,tb-pullback_rs-LINKUSDT-1677571200-S
LTC/USDT,pullback_rsi,2023-02-28 00:00,94.17,2023-02-28 12:00,94.93,signal,6.710,1.2695201900,3.8300798100,0.006061,12.00,tb-pullback_rsi-LTCUSDT-1677528000-B,tb-pullback_rsi-LTCUSDT-1677571200-S
LTC/USDT,pullback_rsi,2023-03-02 20:00,95.03,2023-03-03 03:59,91.12,stop,6.493,1.2093371600,-26.5969671600,-0.043105,8.00,tb-pullback_rsi-LTCUSDT-1677772800-B,tb-pullback_rsi-LTCUSDT-1677801600-X
LINK/USDT,pullback_rsi,2023-03-02 20:00,7.282,2023-03-03 03:59,6.882,stop,62.99,0.89270010000,-26.08870010000,-0.056876,8.00,tb-pullback_rs-LINKUSDT-1677772800-B,tb-pullback_rs-LINKUSDT-1677801600-X
BTC/USDT,pullback_rsi,2023-03-16 08:00,24640.41,2023-03-16 12:00,24801.50,signal,0.01421,0.7030623543,1.5860265457,0.004530,4.00,tb-pullback_rsi-BTCUSDT-1678939200-B,tb-pullback_rsi-BTCUSDT-1678953600-S
ETH/USDT,pullback_rsi,2023-03-15 20:00,1649.65,2023-03-16 12:00,1658.70,signal,0.2048,0.6780449750,1.1753950250,0.003479,16.00,tb-pullback_rsi-ETHUSDT-1678896000-B,tb-pullback_rsi-ETHUSDT-1678953600-S
BNB/USDT,pullback_rsi,2023-03-18 20:00,336.64,2023-03-19 12:00,336.86,signal,1.270,0.8560182800,-0.5766182800,-0.001349,16.00,tb-pullback_rsi-BNBUSDT-1679155200-B,tb-pullback_rsi-BNBUSDT-1679212800-S
LINK/USDT,pullback_rsi,2023-03-18 20:00,7.041,2023-03-19 12:00,7.093,signal,49.19,0.69560351000,1.86227649000,0.005377,16.00,tb-pullback_rs-LINKUSDT-1679155200-B,tb-pullback_rs-LINKUSDT-1679212800-S
XRP/USDT,pullback_rsi,2023-03-21 04:00,0.3821,2023-03-21 08:00,0.3861,signal,1109.0,0.852392320000,3.583607680000,0.008457,4.00,tb-pullback_rsi-XRPUSDT-1679356800-B,tb-pullback_rsi-XRPUSDT-1679371200-S
ETH/USDT,pullback_rsi,2023-03-21 04:00,1747.89,2023-03-21 12:00,1759.57,signal,0.2437,0.8552923700,1.9911236300,0.004674,8.00,tb-pullback_rsi-ETHUSDT-1679356800-B,tb-pullback_rsi-ETHUSDT-1679385600-S
XRP/USDT,pullback_rsi,2023-03-23 00:00,0.4218,2023-03-23 08:00,0.4464,signal,533.9,0.463785060000,12.670154940000,0.056262,8.00,tb-pullback_rsi-XRPUSDT-1679515200-B,tb-pullback_rsi-XRPUSDT-1679544000-S
BNB/USDT,pullback_rsi,2023-03-22 16:00,328.13,2023-03-23 12:00,324.97,signal,1.506,0.9842248600,-5.7431848600,-0.011622,20.00,tb-pullback_rsi-BNBUSDT-1679486400-B,tb-pullback_rsi-BNBUSDT-1679558400-S
BNB/USDT,pullback_rsi,2023-03-24 20:00,322.53,2023-03-25 04:00,323.57,signal,1.751,1.1319661600,0.6890738400,0.001220,8.00,tb-pullback_rsi-BNBUSDT-1679673600-B,tb-pullback_rsi-BNBUSDT-1679702400-S
XRP/USDT,pullback_rsi,2023-03-24 08:00,0.4337,2023-03-25 04:00,0.4298,signal,559.0,0.482956720000,-2.663056720000,-0.010984,20.00,tb-pullback_rsi-XRPUSDT-1679630400-B,tb-pullback_rsi-XRPUSDT-1679702400-S
LINK/USDT,pullback_rsi,2023-03-25 16:00,7.139,2023-03-26 04:00,7.119,signal,55.31,0.78903832000,-1.89523832000,-0.004800,12.00,tb-pullback_rs-LINKUSDT-1679745600-B,tb-pullback_rs-LINKUSDT-1679788800-S
ADA/USDT,pullback_rsi,2023-03-26 00:00,0.3517,2023-03-26 12:00,0.3577,signal,1086.5,0.771149970000,5.747850030000,0.015042,12.00,tb-pullback_rsi-ADAUSDT-1679774400-B,tb-pullback_rsi-ADAUSDT-1679817600-S
ADA/USDT,pullback_rsi,2023-03-27 12:00,0.3532,2023-03-28 08:00,0.3484,signal,1291.1,0.906294920000,-7.103574920000,-0.015577,20.00,tb-pullback_rsi-ADAUSDT-1679904000-B,tb-pullback_rsi-ADAUSDT-1679976000-S
BTC/USDT,pullback_rsi,2023-03-27 20:00,26995.90,2023-03-28 20:00,27398.55,signal,0.02038,1.1093687690,7.0966382310,0.012899,24.00,tb-pullback_rsi-BTCUSDT-1679932800-B,tb-pullback_rsi-BTCUSDT-1680019200-S
BNB/USDT,pullback_rsi,2023-03-30 08:00,315.82,2023-03-30 12:00,316.98,signal,1.972,1.2485132400,1.0390067600,0.001668,4.00,tb-pullback_rsi-BNBUSDT-1680148800-B,tb-pullback_rsi-BNBUSDT-1680163200-S
LINK/USDT,pullback_rsi,2023-03-31 00:00,7.238,2023-03-31 04:00,7.375,signal,64.95,0.94962101000,7.94852899000,0.016908,4.00,tb-pullback_rs-LINKUSDT-1680206400-B,tb-pullback_rs-LINKUSDT-1680220800-S
LTC/USDT,pullback_rsi,2023-03-31 00:00,89.15,2023-03-31 04:00,89.67,signal,4.543,0.8128250100,1.5495349900,0.003826,4.00,tb-pullback_rsi-LTCUSDT-1680206400-B,tb-pullback_rsi-LTCUSDT-1680220800-S
BNB/USDT,pullback_rsi,2023-03-31 12:00,316.22,2023-03-31 20:00,316.38,signal,2.270,1.4369506600,-1.0737506600,-0.001496,8.00,tb-pullback_rsi-BNBUSDT-1680249600-B,tb-pullback_rsi-BNBUSDT-1680278400-S
BNB/USDT,pullback_rsi,2023-04-01 12:00,314.72,2023-04-02 00:00,314.58,signal,2.643,1.6641840600,-2.0342040600,-0.002446,12.00,tb-pullback_rsi-BNBUSDT-1680336000-B,tb-pullback_rsi-BNBUSDT-1680379200-S
XRP/USDT,pullback_rsi,2023-04-01 12:00,0.5159,2023-04-02 08:00,0.5134,signal,504.0,0.519076740000,-1.779076740000,-0.006842,20.00,tb-pullback_rsi-XRPUSDT-1680336000-B,tb-pullback_rsi-XRPUSDT-1680408000-S
ADA/USDT,pullback_rsi,2023-04-03 00:00,0.3820,2023-04-03 08:00,0.3943,signal,1263.2,0.981118760000,14.556241240000,0.030166,8.00,tb-pullback_rsi-ADAUSDT-1680465600-B,tb-pullback_rsi-ADAUSDT-1680494400-S
LINK/USDT,pullback_rsi,2023-04-03 00:00,7.263,2023-04-03 12:00,7.291,signal,77.42,1.12735172000,1.04040828000,0.001850,12.00,tb-pullback_rs-LINKUSDT-1680465600-B,tb-pullback_rs-LINKUSDT-1680508800-S
XRP/USDT,pullback_rsi,2023-04-04 08:00,0.4968,2023-04-04 20:00,0.5045,signal,683.8,0.685036700000,4.580223300000,0.013483,12.00,tb-pullback_rsi-XRPUSDT-1680580800-B,tb-pullback_rsi-XRPUSDT-1680624000-S
BTC/USDT,pullback_rsi,2023-04-06 12:00,27973.46,2023-04-06 16:00,28062.29,signal,0.02615,1.4661740628,0.8567304372,0.001171,4.00,tb-pullback_rsi-BTCUSDT-1680768000-B,tb-pullback_rsi-BTCUSDT-1680782400-S
ADA/USDT,pullback_rsi,2023-04-06 16:00,0.3851,2023-04-07 16:00,0.3837,signal,1206.4,0.927980950000,-2.616940950000,-0.005633,24.00,tb-pullback_rsi-ADAUSDT-1680782400-B,tb-pullback_rsi-ADAUSDT-1680868800-S
LTC/USDT,pullback_rsi,2023-04-07 12:00,90.00,2023-04-07 16:00,90.45,signal,6.040,1.0905480000,1.6274520000,0.002994,4.00,tb-pullback_rsi-LTCUSDT-1680854400-B,tb-pullback_rsi-LTCUSDT-1680868800-S
LTC/USDT,pullback_rsi,2023-04-09 00:00,90.00,2023-04-09 04:00,90.57,signal,8.016,1.4482591200,3.1208608800,0.004326,4.00,tb-pullback_rsi-LTCUSDT-1680984000-B,tb-pullback_rsi-LTCUSDT-1680998400-S
ETH/USDT,pullback_rsi,2023-04-09 12:00,1841.06,2023-04-09 20:00,1854.53,signal,0.4836,1.7881078560,4.7259841440,0.005308,8.00,tb-pullback_rsi-ETHUSDT-1681027200-B,tb-pullback_rsi-ETHUSDT-1681056000-S
XRP/USDT,pullback_rsi,2023-04-09 04:00,0.5068,2023-04-09 20:00,0.5050,signal,1231.3,1.246488180000,-3.462828180000,-0.005549,16.00,tb-pullback_rsi-XRPUSDT-1680998400-B,tb-pullback_rsi-XRPUSDT-1681056000-S
ETH/USDT,pullback_rsi,2023-04-12 08:00,1872.18,2023-04-12 16:00,1910.26,signal,0.4302,1.6281417760,14.7538742240,0.018318,8.00,tb-pullback_rsi-ETHUSDT-1681272000-B,tb-pullback_rsi-ETHUSDT-1681300800-S
XRP/USDT,pullback_rsi,2023-04-12 20:00,0.5033,2023-04-13 00:00,0.5043,signal,1337.4,1.348268860000,-0.010868860000,-0.000016,4.00,tb-pullback_rsi-XRPUSDT-1681315200-B,tb-pullback_rsi-XRPUSDT-1681329600-S
LTC/USDT,pullback_rsi,2023-04-12 08:00,92.17,2023-04-13 04:00,92.37,signal,6.465,1.1936962900,0.0993037100,0.000167,20.00,tb-pullback_rsi-LTCUSDT-1681272000-B,tb-pullback_rsi-LTCUSDT-1681344000-S
SOL/USDT,pullback_rsi,2023-04-16 00:00,24.08,2023-04-16 04:00,24.29,signal,15.977,0.7731927700,2.5819772300,0.006711,4.00,tb-pullback_rsi-SOLUSDT-1681588800-B,tb-pullback_rsi-SOLUSDT-1681603200-S
XRP/USDT,pullback_rsi,2023-04-16 08:00,0.5204,2023-04-16 20:00,0.5202,signal,1277.9,1.330459260000,-1.586039260000,-0.002385,12.00,tb-pullback_rsi-XRPUSDT-1681617600-B,tb-pullback_rsi-XRPUSDT-1681660800-S
BTC/USDT,pullback_rsi,2023-04-16 08:00,30375.32,2023-04-17 11:59,29663.98,stop,0.03637,2.1848443512,-28.0562801512,-0.025396,28.00,tb-pullback_rsi-BTCUSDT-1681617600-B,tb-pullback_rsi-BTCUSDT-1681718400-X
ADA/USDT,pullback_rsi,2023-04-17 12:00,0.4431,2023-04-18 08:00,0.4415,signal,1066.3,0.943736390000,-2.649816390000,-0.005608,20.00,tb-pullback_rsi-ADAUSDT-1681718400-B,tb-pullback_rsi-ADAUSDT-1681790400-S
BTC/USDT,pullback_rsi,2023-04-17 20:00,29496.72,2023-04-18 08:00,29745.83,signal,0.03362,1.9929143952,6.3821638048,0.006436,12.00,tb-pullback_rsi-BTCUSDT-1681747200-B,tb-pullback_rsi-BTCUSDT-1681790400-S
ADA/USDT,pullback_rsi,2023-04-19 16:00,0.4213,2023-04-20 19:59,0.3966,stop,1019.2,0.834067110000,-26.008307110000,-0.060571,28.00,tb-pullback_rsi-ADAUSDT-1681905600-B,tb-pullback_rsi-ADAUSDT-1682006400-X
SOL/USDT,pullback_rsi,2023-04-19 16:00,23.37,2023-04-21 16:00,21.84,signal,13.108,0.5929398600,-20.6481798600,-0.067404,48.00,tb-pullback_rsi-SOLUSDT-1681905600-B,tb-pullback_rsi-SOLUSDT-1682078400-S
BTC/USDT,pullback_rsi,2023-04-21 00:00,28271.90,2023-04-21 19:59,27183.58,stop,0.02319,1.2868607380,-26.5250015380,-0.040458,20.00,tb-pullback_rsi-BTCUSDT-1682020800-B,tb-pullback_rsi-BTCUSDT-1682092800-X
ADA/USDT,pullback_rsi,2023-04-30 08:00,0.4016,2023-04-30 16:00,0.4064,signal,1449.9,1.172121600000,5.787398400000,0.009939,8.00,tb-pullback_rsi-ADAUSDT-1682827200-B,tb-pullback_rsi-ADAUSDT-1682856000-S
BTC/USDT,pullback_rsi,2023-04-30 08:00,29295.70,2023-04-30 16:00,29625.52,signal,0.02616,1.5422579830,7.0858332170,0.009246,8.00,tb-pullback_rsi-BTCUSDT-1682827200-B,tb-pullback_rsi-BTCUSDT-1682856000-S
SOL/USDT,pullback_rsi,2023-05-01 08:00,22.37,2023-05-02 12:00,21.96,signal,17.649,0.7827828300,-8.0188728300,-0.020311,28.00,tb-pullback_rsi-SOLUSDT-1682913600-B,tb-pullback_rsi-SOLUSDT-1683014400-S
BTC/USDT,pullback_rsi,2023-05-01 08:00,28657.71,2023-05-02 16:00,28512.14,signal,0.02200,1.2585964313,-4.4611364313,-0.007076,32.00,tb-pullback_rsi-BTCUSDT-1682913600-B,tb-pullback_rsi-BTCUSDT-1683028800-S
BTC/USDT,pullback_rsi,2023-05-06 20:00,28871.67,2023-05-07 16:00,28913.71,signal,0.02347,1.3570890150,-0.3704102150,-0.000547,20.00,tb-pullback_rsi-BTCUSDT-1683388800-B,tb-pullback_rsi-BTCUSDT-1683460800-S
ETH/USDT,pullback_rsi,2023-05-06 20:00,1899.84,2023-05-07 16:00,1915.01,signal,0.3045,1.1623817660,3.4568832340,0.005976,20.00,tb-pullback_rsi-ETHUSDT-1683388800-B,tb-pullback_rsi-ETHUSDT-1683460800-S
LTC/USDT,pullback_rsi,2023-06-24 20:00,89.22,2023-06-26 12:00,88.00,signal,3.950,0.7003758800,-5.5193758800,-0.015661,40.00,tb-pullback_rsi-LTCUSDT-1687622400-B,tb-pullback_rsi-LTCUSDT-1687766400-S
BTC/USDT,pullback_rsi,2023-06-26 00:00,30493.14,2023-06-27 04:00,30341.18,signal,0.02444,1.4877055758,-5.2016079758,-0.006980,28.00,tb-pullback_rsi-BTCUSDT-1687723200-B,tb-pullback_rsi-BTCUSDT-1687824000-S
LINK/USDT,pullback_rsi,2023-06-28 12:00,6.000,2023-06-29 12:00,6.128,signal,70.26,0.85259328000,8.14068672000,0.019311,24.00,tb-pullback_rs-LINKUSDT-1687939200-B,tb-pullback_rs-LINKUSDT-1688025600-S
LTC/USDT,pullback_rsi,2023-06-28 12:00,85.78,2023-06-29 12:00,85.49,signal,5.152,0.8828977200,-2.3769777200,-0.005379,24.00,tb-pullback_rsi-LTCUSDT-1687939200-B,tb-pullback_rsi-LTCUSDT-1688025600-S
LINK/USDT,pullback_rsi,2023-07-04 12:00,6.534,2023-07-05 04:00,6.546,signal,71.43,0.93482712000,-0.07766712000,-0.000166,16.00,tb-pullback_rs-LINKUSDT-1688457600-B,tb-pullback_rs-LINKUSDT-1688515200-S
LTC/USDT,pullback_rsi,2023-07-03 16:00,109.52,2023-07-05 15:59,99.01,stop,2.357,0.4918337700,-25.2639037700,-0.097870,48.00,tb-pullback_rsi-LTCUSDT-1688385600-B,tb-pullback_rsi-LTCUSDT-1688558400-X
LTC/USDT,pullback_rsi,2023-07-05 20:00,100.63,2023-07-06 00:00,102.49,signal,2.785,0.5659910900,4.6141089100,0.016464,4.00,tb-pullback_rsi-LTCUSDT-1688572800-B,tb-pullback_rsi-LTCUSDT-1688587200-S
ETH/USDT,pullback_rsi,2023-07-05 20:00,1909.62,2023-07-06 08:00,1923.16,signal,0.4694,1.8000617380,4.5556142620,0.005082,12.00,tb-pullback_rsi-ETHUSDT-1688572800-B,tb-pullback_rsi-ETHUSDT-1688616000-S
LINK/USDT,pullback_rsi,2023-07-07 04:00,6.160,2023-07-07 16:00,6.205,signal,70.65,0.87408005000,2.30516995000,0.005297,12.00,tb-pullback_rs-LINKUSDT-1688688000-B,tb-pullback_rs-LINKUSDT-1688731200-S
LTC/USDT,pullback_rsi,2023-07-07 04:00,97.30,2023-07-07 16:00,97.61,signal,2.755,0.5372689500,0.3167810500,0.001182,12.00,tb-pullback_rsi-LTCUSDT-1688688000-B,tb-pullback_rsi-LTCUSDT-1688731200-S
BTC/USDT,pullback_rsi,2023-07-09 00:00,30314.92,2023-07-09 04:00,30257.70,signal,0.03372,2.0437213392,-3.9731797392,-0.003887,4.00,tb-pullback_rsi-BTCUSDT-1688846400-B,tb-pullback_rsi-BTCUSDT-1688860800-S
ETH/USDT,pullback_rsi,2023-07-09 00:00,1867.11,2023-07-09 04:00,1865.98,signal,0.4974,1.8577725190,-2.4198345190,-0.002606,4.00,tb-pullback_rsi-ETHUSDT-1688846400-B,tb-pullback_rsi-ETHUSDT-1688860800-S
LTC/USDT,pullback_rsi,2023-07-10 12:00,95.11,2023-07-10 16:00,95.12,signal,4.531,0.8624076800,-0.8170976800,-0.001896,4.00,tb-pullback_rsi-LTCUSDT-1688976000-B,tb-pullback_rsi-LTCUSDT-1688990400-S
SOL/USDT,pullback_rsi,2023-07-10 12:00,20.83,2023-07-10 16:00,21.13,signal,15.178,0.6372021600,3.9161978400,0.012387,4.00,tb-pullback_rsi-SOLUSDT-1688976000-B,tb-pullback_rsi-SOLUSDT-1688990400-S
LTC/USDT,pullback_rsi,2023-07-13 00:00,96.31,2023-07-13 08:00,100.19,signal,5.420,1.0656078600,19.9639921400,0.038245,8.00,tb-pullback_rsi-LTCUSDT-1689192000-B,tb-pullback_rsi-LTCUSDT-1689220800-S
BTC/USDT,pullback_rsi,2023-07-13 00:00,30410.38,2023-07-13 12:00,30513.44,signal,0.03420,2.0848110612,1.4398409388,0.001384,12.00,tb-pullback_rsi-BTCUSDT-1689192000-B,tb-pullback_rsi-BTCUSDT-1689235200-S
ADA/USDT,pullback_rsi,2023-07-15 00:00,0.3282,2023-07-15 08:00,0.3343,signal,764.9,0.507008810000,4.158881190000,0.016567,8.00,tb-pullback_rsi-ADAUSDT-1689364800-B,tb-pullback_rsi-ADAUSDT-1689393600-S
LTC/USDT,pullback_rsi,2023-07-15 00:00,95.22,2023-07-17 00:00,92.79,signal,3.490,0.6565357800,-9.1372357800,-0.027495,48.00,tb-pullback_rsi-LTCUSDT-1689364800-B,tb-pullback_rsi-LTCUSDT-1689537600-S
LINK/USDT,pullback_rsi,2023-07-17 04:00,6.713,2023-07-17 20:00,6.888,signal,68.26,0.92887417000,11.01662583000,0.024042,16.00,tb-pullback_rs-LINKUSDT-1689552000-B,tb-pullback_rs-LINKUSDT-1689609600-S
ADA/USDT,pullback_rsi,2023-07-16 08:00,0.3212,2023-07-18 08:00,0.3059,signal,990.5,0.621463750000,-15.776113750000,-0.049587,48.00,tb-pullback_rsi-ADAUSDT-1689480000-B,tb-pullback_rsi-ADAUSDT-1689652800-S
ADA/USDT,pullback_rsi,2023-07-18 16:00,0.3051,2023-07-19 00:00,0.3090,signal,1224.6,0.752423490000,4.023516510000,0.010769,8.00,tb-pullback_rsi-ADAUSDT-1689681600-B,tb-pullback_rsi-ADAUSDT-1689710400-S
ETH/USDT,pullback_rsi,2023-07-18 00:00,1913.13,2023-07-19 04:00,1910.56,signal,0.4234,1.6199069070,-2.7080449070,-0.003343,28.00,tb-pullback_rsi-ETHUSDT-1689624000-B,tb-pullback_rsi-ETHUSDT-1689724800-S
XRP/USDT,pullback_rsi,2023-07-20 20:00,0.7938,2023-07-21 20:00,0.7832,signal,321.3,0.507007620000,-3.912787620000,-0.015341,24.00,tb-pullback_rsi-XRPUSDT-1689868800-B,tb-pullback_rsi-XRPUSDT-1689955200-S
ADA/USDT,pullback_rsi,2023-07-21 04:00,0.3174,2023-07-22 16:00,0.3133,signal,1218.5,0.768920570000,-5.764770570000,-0.014906,36.00,tb-pullback_rsi-ADAUSDT-1689897600-B,tb-pullback_rsi-ADAUSDT-1690027200-S
BNB/USDT,pullback_rsi,2023-10-18 04:00,212.62,2023-10-18 08:00,212.38,signal,4.478,1.9042131000,-2.9789331000,-0.003129,4.00,tb-pullback_rsi-BNBUSDT-1697587200-B,tb-pullback_rsi-BNBUSDT-1697601600-S
LINK/USDT,pullback_rsi,2023-10-18 04:00,7.352,2023-10-18 12:00,7.432,signal,78.82,1.16586304000,5.13973696000,0.008869,8.00,tb-pullback_rs-LINKUSDT-1697587200-B,tb-pullback_rs-LINKUSDT-1697616000-S
SOL/USDT,pullback_rsi,2023-10-18 20:00,23.73,2023-10-19 08:00,23.83,signal,21.575,1.0266290600,1.1308709400,0.002209,12.00,tb-pullback_rsi-SOLUSDT-1697644800-B,tb-pullback_rsi-SOLUSDT-1697688000-S
BTC/USDT,pullback_rsi,2023-10-19 00:00,28348.32,2023-10-19 12:00,28422.24,signal,0.02973,1.6886392032,0.5090023968,0.000604,12.00,tb-pullback_rsi-BTCUSDT-1697659200-B,tb-pullback_rsi-BTCUSDT-1697702400-S
XRP/USDT,pullback_rsi,2023-10-22 16:00,0.5190,2023-10-22 20:00,0.5197,signal,1242.9,1.291674930000,-0.421644930000,-0.000654,4.00,tb-pullback_rsi-XRPUSDT-1697976000-B,tb-pullback_rsi-XRPUSDT-1697990400-S
XRP/USDT,pullback_rsi,2023-10-25 12:00,0.5524,2023-10-25 16:00,0.5580,signal,741.7,0.824025600000,3.329494400000,0.008126,4.00,tb-pullback_rsi-XRPUSDT-1698220800-B,tb-pullback_rsi-XRPUSDT-1698235200-S
LINK/USDT,pullback_rsi,2023-10-26 20:00,10.715,2023-10-27 00:00,10.916,signal,17.43,0.37724263000,3.12618737000,0.016739,4.00,tb-pullback_rs-LINKUSDT-1698336000-B,tb-pullback_rs-LINKUSDT-1698350400-S
XRP/USDT,pullback_rsi,2023-10-26 20:00,0.5516,2023-10-27 16:00,0.5541,signal,784.6,0.867973500000,1.093526500000,0.002527,20.00,tb-pullback_rsi-XRPUSDT-1698336000-B,tb-pullback_rsi-XRPUSDT-1698408000-S
BTC/USDT,pullback_rsi,2023-10-28 00:00,33925.91,2023-10-28 04:00,34025.93,signal,0.01786,1.2142983808,0.5720588192,0.000944,4.00,tb-pullback_rsi-BTCUSDT-1698436800-B,tb-pullback_rsi-BTCUSDT-1698451200-S
SOL/USDT,pullback_rsi,2023-10-29 00:00,31.66,2023-10-29 08:00,32.25,signal,10.041,0.6420685700,5.2821214300,0.016616,8.00,tb-pullback_rsi-SOLUSDT-1698523200-B,tb-pullback_rsi-SOLUSDT-1698552000-S
LINK/USDT,pullback_rsi,2023-10-29 08:00,11.027,2023-10-29 16:00,11.045,signal,22.98,0.50754537000,-0.09390537000,-0.000371,8.00,tb-pullback_rs-LINKUSDT-1698552000-B,tb-pullback_rs-LINKUSDT-1698580800-S
BNB/USDT,pullback_rsi,2023-10-31 12:00,228.33,2023-11-01 20:00,226.37,signal,3.810,1.7333203200,-9.2009203200,-0.010577,32.00,tb-pullback_rsi-BNBUSDT-1698739200-B,tb-pullback_rsi-BNBUSDT-1698854400-S
LTC/USDT,pullback_rsi,2023-11-01 20:00,68.49,2023-11-02 00:00,69.90,signal,7.259,1.0051209300,9.2300690700,0.018565,4.00,tb-pullback_rsi-LTCUSDT-1698854400-B,tb-pullback_rsi-LTCUSDT-1698868800-S
ETH/USDT,pullback_rsi,2023-11-02 20:00,1814.19,2023-11-03 16:00,1811.18,signal,0.3576,1.2971579900,-2.3735339900,-0.003659,20.00,tb-pullback_rsi-ETHUSDT-1698940800-B,tb-pullback_rsi-ETHUSDT-1699012800-S
BTC/USDT,pullback_rsi,2023-11-03 16:00,34798.48,2023-11-04 08:00,34733.22,signal,0.01951,1.3572594344,-2.6304820344,-0.003875,16.00,tb-pullback_rsi-BTCUSDT-1699012800-B,tb-pullback_rsi-BTCUSDT-1699070400-S
SOL/USDT,pullback_rsi,2023-11-05 20:00,40.80,2023-11-07 00:00,42.11,signal,6.571,0.5450872100,8.0629227900,0.030075,28.00,tb-pullback_rsi-SOLUSDT-1699200000-B,tb-pullback_rsi-SOLUSDT-1699300800-S
BTC/USDT,pullback_rsi,2023-11-07 16:00,34755.96,2023-11-07 20:00,35418.52,signal,0.02745,1.9273321508,16.2599398492,0.017043,4.00,tb-pullback_rsi-BTCUSDT-1699358400-B,tb-pullback_rsi-BTCUSDT-1699372800-S
ETH/USDT,pullback_rsi,2023-11-07 20:00,1896.12,2023-11-08 16:00,1887.23,signal,0.3736,1.4142180100,-4.7355220100,-0.006685,20.00,tb-pullback_rsi-ETHUSDT-1699372800-B,tb-pullback_rsi-ETHUSDT-1699444800-S
LTC/USDT,pullback_rsi,2023-11-10 00:00,73.93,2023-11-11 00:00,73.19,signal,5.117,0.7532566200,-4.5398366200,-0.012001,24.00,tb-pullback_rsi-LTCUSDT-1699560000-B,tb-pullback_rsi-LTCUSDT-1699646400-S
XRP/USDT,pullback_rsi,2023-11-10 00:00,0.6674,2023-11-11 12:00,0.6667,signal,429.4,0.573196240000,-0.873776240000,-0.003049,36.00,tb-pullback_rsi-XRPUSDT-1699560000-B,tb-pullback_rsi-XRPUSDT-1699689600-S
ETH/USDT,pullback_rsi,2023-11-11 08:00,2057.00,2023-11-11 16:00,2065.93,signal,0.2674,1.1030885800,1.2847934200,0.002336,8.00,tb-pullback_rsi-ETHUSDT-1699675200-B,tb-pullback_rsi-ETHUSDT-1699704000-S
BNB/USDT,pullback_rsi,2023-11-13 08:00,245.95,2023-11-13 16:00,246.85,signal,2.484,1.2248530500,1.0107469500,0.001654,8.00,tb-pullback_rsi-BNBUSDT-1699848000-B,tb-pullback_rsi-BNBUSDT-1699876800-S
XRP/USDT,pullback_rsi,2023-11-13 08:00,0.6569,2023-11-14 00:00,0.6694,signal,618.5,0.820776380000,6.910473620000,0.017009,16.00,tb-pullback_rsi-XRPUSDT-1699848000-B,tb-pullback_rsi-XRPUSDT-1699905600-S
SOL/USDT,pullback_rsi,2023-11-14 04:00,54.09,2023-11-14 16:00,56.16,signal,2.827,0.3118390200,5.5400509800,0.036230,12.00,tb-pullback_rsi-SOLUSDT-1699920000-B,tb-pullback_rsi-SOLUSDT-1699963200-S
LINK/USDT,pullback_rsi,2023-11-14 04:00,14.653,2023-11-15 08:00,14.584,signal,14.32,0.41896690000,-1.40704690000,-0.006706,28.00,tb-pullback_rs-LINKUSDT-1699920000-B,tb-pullback_rs-LINKUSDT-1700020800-S
BTC/USDT,pullback_rsi,2023-11-15 00:00,35586.76,2023-11-15 12:00,36204.70,signal,0.01961,1.4085422688,10.7092611312,0.015346,12.00,tb-pullback_rsi-BTCUSDT-1699992000-B,tb-pullback_rsi-BTCUSDT-1700035200-S
BTC/USDT,pullback_rsi,2023-11-17 00:00,36199.68,2023-11-18 00:00,36577.29,signal,0.01612,1.1738887452,4.9131844548,0.008420,24.00,tb-pullback_rsi-BTCUSDT-1700164800-B,tb-pullback_rsi-BTCUSDT-1700251200-S
SOL/USDT,pullback_rsi,2023-11-16 20:00,62.41,2023-11-18 00:00,58.46,signal,2.839,0.3433371600,-11.5573871600,-0.065229,28.00,tb-pullback_rsi-SOLUSDT-1700150400-B,tb-pullback_rsi-SOLUSDT-1700251200-S
BNB/USDT,pullback_rsi,2023-11-19 16:00,243.85,2023-11-19 20:00,245.55,signal,2.914,1.4268431500,3.5269568500,0.004963,4.00,tb-pullback_rsi-BNBUSDT-1700395200-B,tb-pullback_rsi-BNBUSDT-1700409600-S
XRP/USDT,pullback_rsi,2023-11-21 04:00,0.6143,2023-11-21 19:59,0.5840,stop,845.8,1.014075010000,-26.641815010000,-0.051276,16.00,tb-pullback_rsi-XRPUSDT-1700524800-B,tb-pullback_rsi-XRPUSDT-1700582400-X
ETH/USDT,pullback_rsi,2023-11-22 04:00,1980.29,2023-11-22 08:00,1991.73,signal,0.2625,1.0432493420,1.9597506580,0.003770,4.00,tb-pullback_rsi-ETHUSDT-1700611200-B,tb-pullback_rsi-ETHUSDT-1700625600-S
SOL/USDT,pullback_rsi,2023-11-21 12:00,56.34,2023-11-22 16:00,54.88,signal,4.330,0.4818643000,-6.8036643000,-0.027889,28.00,tb-pullback_rsi-SOLUSDT-1700553600-B,tb-pullback_rsi-SOLUSDT-1700654400-S
SOL/USDT,pullback_rsi,2023-11-26 20:00,57.26,2023-11-27 19:59,53.47,stop,6.694,0.7416274400,-26.1118874400,-0.068124,24.00,tb-pullback_rsi-SOLUSDT-1701014400-B,tb-pullback_rsi-SOLUSDT-1701100800-X
BTC/USDT,pullback_rsi,2023-11-27 20:00,36913.88,2023-11-28 00:00,37205.45,signal,0.02692,1.9963997760,5.8526646240,0.005890,4.00,tb-pullback_rsi-BTCUSDT-1701100800-B,tb-pullback_rsi-BTCUSDT-1701115200-S
LTC/USDT,pullback_rsi,2023-11-27 00:00,70.11,2023-11-28 00:00,69.15,signal,10.601,1.4770664700,-11.6540264700,-0.015680,24.00,tb-pullback_rsi-LTCUSDT-1701028800-B,tb-pullback_rsi-LTCUSDT-1701115200-S
ETH/USDT,pullback_rsi,2023-11-29 20:00,2040.93,2023-11-30 12:00,2043.42,signal,0.3591,1.4675064550,-0.5733474550,-0.000782,16.00,tb-pullback_rsi-ETHUSDT-1701273600-B,tb-pullback_rsi-ETHUSDT-1701331200-S
ADA/USDT,pullback_rsi,2023-11-29 20:00,0.3860,2023-12-01 04:00,0.3788,signal,1385.9,1.060476720000,-11.038956720000,-0.020635,32.00,tb-pullback_rsi-ADAUSDT-1701273600-B,tb-pullback_rsi-ADAUSDT-1701388800-S
ADA/USDT,pullback_rsi,2023-12-04 00:00,0.3952,2023-12-04 04:00,0.4025,signal,1796.1,1.433460330000,11.678069670000,0.016452,4.00,tb-pullback_rsi-ADAUSDT-1701633600-B,tb-pullback_rsi-ADAUSDT-1701648000-S
SOL/USDT,pullback_rsi,2023-12-04 20:00,61.10,2023-12-05 16:00,60.88,signal,5.899,0.7199266200,-2.0177066200,-0.005598,20.00,tb-pullback_rsi-SOLUSDT-1701705600-B,tb-pullback_rsi-SOLUSDT-1701777600-S
BTC/USDT,pullback_rsi,2023-12-07 16:00,43703.65,2023-12-08 12:00,43610.16,signal,0.01554,1.3577306840,-2.8105652840,-0.004138,20.00,tb-pullback_rsi-BTCUSDT-1701950400-B,tb-pullback_rsi-BTCUSDT-1702022400-S
LINK/USDT,pullback_rsi,2023-12-10 04:00,16.383,2023-12-11 00:00,16.351,signal,19.93,0.65271628000,-1.29047628000,-0.003952,20.00,tb-pullback_rs-LINKUSDT-1702166400-B,tb-pullback_rs-LINKUSDT-1702238400-S
BNB/USDT,pullback_rsi,2023-12-10 04:00,240.85,2023-12-11 03:59,231.27,stop,2.666,1.2593944700,-26.7996744700,-0.041737,24.00,tb-pullback_rsi-BNBUSDT-1702166400-B,tb-pullback_rsi-BNBUSDT-1702252800-X
BTC/USDT,pullback_rsi,2023-12-11 12:00,42386.36,2023-12-11 19:59,40757.69,stop,0.01564,1.3012206676,-26.7736194676,-0.040387,8.00,tb-pullback_rsi-BTCUSDT-1702281600-B,tb-pullback_rsi-BTCUSDT-1702310400-X
ADA/USDT,pullback_rsi,2023-12-12 00:00,0.5513,2023-12-12 04:00,0.5619,signal,353.2,0.393402760000,3.350517240000,0.017207,4.00,tb-pullback_rsi-ADAUSDT-1702324800-B,tb-pullback_rsi-ADAUSDT-1702339200-S
ETH/USDT,pullback_rsi,2023-12-11 12:00,2251.93,2023-12-13 03:59,2149.07,stop,0.2466,1.0859621770,-26.4512381770,-0.047632,40.00,tb-pullback_rsi-ETHUSDT-1702281600-B,tb-pullback_rsi-ETHUSDT-1702425600-X
SOL/USDT,pullback_rsi,2023-12-13 00:00,68.67,2023-12-13 16:00,67.50,signal,3.498,0.4765973400,-4.5692573400,-0.019022,16.00,tb-pullback_rsi-SOLUSDT-1702411200-B,tb-pullback_rsi-SOLUSDT-1702468800-S
BTC/USDT,pullback_rsi,2023-12-15 20:00,42138.18,2023-12-16 16:00,42561.38,signal,0.01379,1.1688496958,4.6670783042,0.008032,20.00,tb-pullback_rsi-BTCUSDT-1702656000-B,tb-pullback_rsi-BTCUSDT-1702728000-S
ETH/USDT,pullback_rsi,2023-12-15 20:00,2244.47,2023-12-16 16:00,2254.49,signal,0.2498,1.1245135470,1.3784824530,0.002459,20.00,tb-pullback_rsi-ETHUSDT-1702656000-B,tb-pullback_rsi-ETHUSDT-1702728000-S
ETH/USDT,pullback_rsi,2023-12-17 12:00,2218.20,2023-12-17 20:00,2232.27,signal,0.3083,1.3729671800,2.9648138200,0.004335,8.00,tb-pullback_rsi-ETHUSDT-1702800000-B,tb-pullback_rsi-ETHUSDT-1702828800-S
BNB/USDT,pullback_rsi,2023-12-17 12:00,241.75,2023-12-18 11:59,232.79,stop,2.834,1.3455716100,-26.7382116100,-0.039027,24.00,tb-pullback_rsi-BNBUSDT-1702800000-B,tb-pullback_rsi-BNBUSDT-1702886400-X
SOL/USDT,pullback_rsi,2023-12-18 12:00,69.09,2023-12-18 16:00,70.65,signal,3.704,0.5178733200,5.2603666800,0.020556,4.00,tb-pullback_rsi-SOLUSDT-1702886400-B,tb-pullback_rsi-SOLUSDT-1702900800-S
ADA/USDT,pullback_rsi,2023-12-18 16:00,0.5674,2023-12-18 20:00,0.5775,signal,459.6,0.526479740000,4.115480260000,0.015782,4.00,tb-pullback_rsi-ADAUSDT-1702900800-B,tb-pullback_rsi-ADAUSDT-1702915200-S
ADA/USDT,pullback_rsi,2023-12-20 04:00,0.5794,2023-12-20 08:00,0.5912,signal,505.7,0.592320060000,5.374939940000,0.018344,4.00,tb-pullback_rsi-ADAUSDT-1703030400-B,tb-pullback_rsi-ADAUSDT-1703044800-S
ETH/USDT,pullback_rsi,2023-12-20 00:00,2180.08,2023-12-20 08:00,2214.54,signal,0.2605,1.1454525340,7.8313774660,0.013790,8.00,tb-pullback_rsi-ETHUSDT-1703016000-B,tb-pullback_rsi-ETHUSDT-1703044800-S
BTC/USDT,pullback_rsi,2023-12-25 04:00,43195.94,2023-12-25 16:00,43574.39,signal,0.02101,1.8243405076,6.1268939924,0.006751,12.00,tb-pullback_rsi-BTCUSDT-1703462400-B,tb-pullback_rsi-BTCUSDT-1703505600-S
ETH/USDT,pullback_rsi,2023-12-25 04:00,2278.38,2023-12-25 16:00,2284.19,signal,0.2916,1.3311289220,0.3630670780,0.000546,12.00,tb-pullback_rsi-ETHUSDT-1703462400-B,tb-pullback_rsi-ETHUSDT-1703505600-S
BTC/USDT,pullback_rsi,2023-12-27 00:00,42551.44,2023-12-27 12:00,42976.09,signal,0.01932,1.6532429096,6.5509950904,0.007969,12.00,tb-pullback_rsi-BTCUSDT-1703620800-B,tb-pullback_rsi-BTCUSDT-1703664000-S
SOL/USDT,pullback_rsi,2023-12-26 12:00,114.93,2023-12-27 12:00,112.66,signal,1.675,0.3814431100,-4.1836931100,-0.021733,24.00,tb-pullback_rsi-SOLUSDT-1703577600-B,tb-pullback_rsi-SOLUSDT-1703664000-S
SOL/USDT,pullback_rsi,2023-12-28 20:00,101.21,2023-12-29 04:00,104.80,signal,1.739,0.3584538100,5.8845561900,0.033434,8.00,tb-pullback_rsi-SOLUSDT-1703779200-B,tb-pullback_rsi-SOLUSDT-1703808000-S
BTC/USDT,pullback_rsi,2023-12-28 20:00,42653.26,2023-12-29 12:00,42819.13,signal,0.01886,1.6128623388,1.5154458612,0.001884,16.00,tb-pullback_rsi-BTCUSDT-1703779200-B,tb-pullback_rsi-BTCUSDT-1703836800-S
BNB/USDT,pullback_rsi,2023-12-29 12:00,318.22,2023-12-30 08:00,317.98,signal,1.072,0.6826428400,-0.9399228400,-0.002755,20.00,tb-pullback_rsi-BNBUSDT-1703836800-B,tb-pullback_rsi-BNBUSDT-1703908800-S
SOL/USDT,pullback_rsi,2023-12-30 16:00,104.38,2023-12-31 08:00,103.87,signal,2.062,0.4297246400,-1.4813446400,-0.006883,16.00,tb-pullback_rsi-SOLUSDT-1703937600-B,tb-pullback_rsi-SOLUSDT-1703995200-S
LTC/USDT,pullback_rsi,2023-12-30 08:00,74.01,2023-12-31 12:00,73.83,signal,5.803,0.8583595800,-1.9028995800,-0.004431,28.00,tb-pullback_rsi-LTCUSDT-1703908800-B,tb-pullback_rsi-LTCUSDT-1704009600-S
ADA/USDT,pullback_rsi,2024-01-01 04:00,0.5961,2024-01-01 12:00,0.6024,signal,670.8,0.804371070000,3.421668930000,0.008557,8.00,tb-pullback_rsi-ADAUSDT-1704067200-B,tb-pullback_rsi-ADAUSDT-1704096000-S
BNB/USDT,pullback_rsi,2024-01-01 08:00,310.92,2024-01-01 16:00,312.18,signal,1.470,0.9165788400,0.9356211600,0.002047,8.00,tb-pullback_rsi-BNBUSDT-1704081600-B,tb-pullback_rsi-BNBUSDT-1704110400-S
ADA/USDT,pullback_rsi,2024-01-03 04:00,0.6098,2024-01-03 15:59,0.5758,stop,742.0,0.880203040000,-26.108203040000,-0.057701,12.00,tb-pullback_rsi-ADAUSDT-1704240000-B,tb-pullback_rsi-ADAUSDT-1704283200-X
LTC/USDT,pullback_rsi,2024-01-03 04:00,73.21,2024-01-03 15:59,70.32,stop,8.808,1.2648711300,-26.7199911300,-0.041437,12.00,tb-pullback_rsi-LTCUSDT-1704240000-B,tb-pullback_rsi-LTCUSDT-1704283200-X
BTC/USDT,pullback_rsi,2024-01-04 00:00,42888.08,2024-01-04 16:00,44007.04,signal,0.01121,0.9749520584,11.5685895416,0.024062,16.00,tb-pullback_rsi-BTCUSDT-1704312000-B,tb-pullback_rsi-BTCUSDT-1704369600-S
SOL/USDT,pullback_rsi,2024-01-04 00:00,98.62,2024-01-04 16:00,103.55,signal,1.931,0.3905875100,9.1292424900,0.047939,16.00,tb-pullback_rsi-SOLUSDT-1704312000-B,tb-pullback_rsi-SOLUSDT-1704369600-S
BNB/USDT,pullback_rsi,2024-01-06 12:00,307.31,2024-01-07 08:00,308.69,signal,1.303,0.8032626200,0.9948773800,0.002485,20.00,tb-pullback_rsi-BNBUSDT-1704528000-B,tb-pullback_rsi-BNBUSDT-1704600000-S
SOL/USDT,pullback_rsi,2024-01-06 00:00,100.03,2024-01-07 08:00,95.16,signal,2.181,0.4260094800,-11.0474794800,-0.050638,32.00,tb-pullback_rsi-SOLUSDT-1704484800-B,tb-pullback_rsi-SOLUSDT-1704600000-S
ETH/USDT,pullback_rsi,2024-01-09 20:00,2273.19,2024-01-10 00:00,2341.95,signal,0.2442,1.1276991450,15.6634928550,0.028217,4.00,tb-pullback_rsi-ETHUSDT-1704816000-B,tb-pullback_rsi-ETHUSDT-1704830400-S
BTC/USDT,pullback_rsi,2024-01-10 04:00,46163.22,2024-01-10 20:00,46442.70,signal,0.01043,0.9668030090,1.9481733910,0.004046,16.00,tb-pullback_rsi-BTCUSDT-1704844800-B,tb-pullback_rsi-BTCUSDT-1704902400-S
SOL/USDT,pullback_rsi,2024-01-10 20:00,96.40,2024-01-11 00:00,101.88,signal,2.285,0.4533590000,12.0684410000,0.054788,4.00,tb-pullback_rsi-SOLUSDT-1704902400-B,tb-pullback_rsi-SOLUSDT-1704916800-S
BTC/USDT,pullback_rsi,2024-01-12 08:00,46054.20,2024-01-12 19:59,43287.52,stop,0.00907,0.8107899460,-25.9045775460,-0.062015,12.00,tb-pullback_rsi-BTCUSDT-1705032000-B,tb-pullback_rsi-BTCUSDT-1705075200-X
BNB/USDT,pullback_rsi,2024-01-17 12:00,313.32,2024-01-18 08:00,311.28,signal,1.800,1.1249066400,-4.7969066400,-0.008506,20.00,tb-pullback_rsi-BNBUSDT-1705478400-B,tb-pullback_rsi-BNBUSDT-1705550400-S
ETH/USDT,pullback_rsi,2024-01-18 08:00,2541.53,2024-01-18 19:59,2449.96,stop,0.2765,1.3809094440,-26.7000144440,-0.037995,12.00,tb-pullback_rsi-ETHUSDT-1705550400-B,tb-pullback_rsi-ETHUSDT-1705593600-X
BNB/USDT,pullback_rsi,2024-01-31 08:00,307.31,2024-01-31 23:59,299.36,stop,3.215,1.9516732900,-27.5109232900,-0.027845,16.00,tb-pullback_rsi-BNBUSDT-1706673600-B,tb-pullback_rsi-BNBUSDT-1706731200-X
SOL/USDT,pullback_rsi,2024-02-03 20:00,98.26,2024-02-05 08:00,97.51,signal,3.767,0.7378586300,-3.5631086300,-0.009626,36.00,tb-pullback_rsi-SOLUSDT-1706976000-B,tb-pullback_rsi-SOLUSDT-1707105600-S
ADA/USDT,pullback_rsi,2024-02-10 16:00,0.5386,2024-02-10 20:00,0.5408,signal,1013.7,1.094780240000,1.135359760000,0.002079,4.00,tb-pullback_rsi-ADAUSDT-1707566400-B,tb-pullback_rsi-ADAUSDT-1707580800-S
BNB/USDT,pullback_rsi,2024-02-10 16:00,321.53,2024-02-11 00:00,322.67,signal,2.985,1.9239015900,1.4789984100,0.001541,8.00,tb-pullback_rsi-BNBUSDT-1707566400-B,tb-pullback_rsi-BNBUSDT-1707595200-S
ADA/USDT,pullback_rsi,2024-02-12 00:00,0.5421,2024-02-12 16:00,0.5554,signal,961.4,1.055678600000,11.730941400000,0.022509,16.00,tb-pullback_rsi-ADAUSDT-1707681600-B,tb-pullback_rsi-ADAUSDT-1707739200-S
ETH/USDT,pullback_rsi,2024-02-12 08:00,2504.21,2024-02-12 16:00,2555.31,signal,0.3625,1.8350776890,16.6886723110,0.018384,8.00,tb-pullback_rsi-ETHUSDT-1707710400-B,tb-pullback_rsi-ETHUSDT-1707739200-S
BTC/USDT,pullback_rsi,2024-02-13 20:00,49085.78,2024-02-14 00:00,49649.90,signal,0.01317,1.3013306182,6.1281297818,0.009480,4.00,tb-pullback_rsi-BTCUSDT-1707840000-B,tb-pullback_rsi-BTCUSDT-1707854400-S
LINK/USDT,pullback_rsi,2024-02-14 00:00,19.889,2024-02-14 04:00,20.063,signal,20.41,0.81601699000,2.73532301000,0.006738,4.00,tb-pullback_rs-LINKUSDT-1707854400-B,tb-pullback_rs-LINKUSDT-1707868800-S
SOL/USDT,pullback_rsi,2024-02-16 12:00,112.23,2024-02-17 15:59,105.41,stop,3.733,0.8128990400,-26.2719590400,-0.062708,28.00,tb-pullback_rsi-SOLUSDT-1708070400-B,tb-pullback_rsi-SOLUSDT-1708171200-X
LINK/USDT,pullback_rsi,2024-02-17 00:00,19.575,2024-02-17 16:00,19.588,signal,21.34,0.83632567000,-0.55890567000,-0.001338,16.00,tb-pullback_rs-LINKUSDT-1708113600-B,tb-pullback_rs-LINKUSDT-1708171200-S
XRP/USDT,pullback_rsi,2024-02-17 20:00,0.5498,2024-02-18 08:00,0.5543,signal,908.4,1.003514240000,3.084285760000,0.006176,12.00,tb-pullback_rsi-XRPUSDT-1708185600-B,tb-pullback_rsi-XRPUSDT-1708228800-S
BTC/USDT,pullback_rsi,2024-02-17 20:00,51445.84,2024-02-18 12:00,51780.17,signal,0.01435,1.4823221608,3.3153133392,0.004491,16.00,tb-pullback_rsi-BTCUSDT-1708185600-B,tb-pullback_rsi-BTCUSDT-1708243200-S
BNB/USDT,pullback_rsi,2024-02-19 04:00,352.66,2024-02-19 08:00,354.14,signal,1.688,1.1937837200,1.3044562800,0.002191,4.00,tb-pullback_rsi-BNBUSDT-1708300800-B,tb-pullback_rsi-BNBUSDT-1708315200-S
BTC/USDT,pullback_rsi,2024-02-20 08:00,51891.12,2024-02-20 12:00,52234.51,signal,0.01780,1.8544740384,4.2578679616,0.004610,4.00,tb-pullback_rsi-BTCUSDT-1708401600-B,tb-pullback_rsi-BTCUSDT-1708416000-S
LTC/USDT,pullback_rsi,2024-02-20 08:00,71.00,2024-02-20 15:59,68.70,stop,11.215,1.5675875000,-27.3620875000,-0.034363,8.00,tb-pullback_rsi-LTCUSDT-1708401600-B,tb-pullback_rsi-LTCUSDT-1708430400-X
LINK/USDT,pullback_rsi,2024-02-20 20:00,19.220,2024-02-21 19:59,18.043,stop,21.52,0.80247636000,-26.13151636000,-0.063178,24.00,tb-pullback_rs-LINKUSDT-1708444800-B,tb-pullback_rs-LINKUSDT-1708531200-X
LTC/USDT,pullback_rsi,2024-02-20 20:00,69.71,2024-02-22 00:00,68.84,signal,8.515,1.1803806400,-8.5884306400,-0.014469,28.00,tb-pullback_rsi-LTCUSDT-1708444800-B,tb-pullback_rsi-LTCUSDT-1708545600-S
BTC/USDT,pullback_rsi,2024-02-23 12:00,51270.16,2024-02-24 08:00,51017.63,signal,0.01510,1.5455710292,-5.3587740292,-0.006922,20.00,tb-pullback_rsi-BTCUSDT-1708675200-B,tb-pullback_rsi-BTCUSDT-1708747200-S
ETH/USDT,pullback_rsi,2024-02-23 12:00,2946.58,2024-02-24 08:00,2961.10,signal,0.1727,1.0208456520,1.4867583480,0.002922,20.00,tb-pullback_rsi-ETHUSDT-1708675200-B,tb-pullback_rsi-ETHUSDT-1708747200-S
ADA/USDT,pullback_rsi,2024-02-25 20:00,0.5883,2024-02-26 00:00,0.5907,signal,801.1,0.945026370000,0.977613630000,0.002074,4.00,tb-pullback_rsi-ADAUSDT-1708876800-B,tb-pullback_rsi-ADAUSDT-1708891200-S
LINK/USDT,pullback_rsi,2024-02-26 16:00,18.884,2024-02-26 20:00,19.183,signal,27.71,1.05540309000,7.22988691000,0.013817,4.00,tb-pullback_rs-LINKUSDT-1708948800-B,tb-pullback_rs-LINKUSDT-1708963200-S
SOL/USDT,pullback_rsi,2024-02-26 16:00,105.07,2024-02-26 20:00,109.59,signal,4.292,0.9218460700,18.4779939300,0.040975,4.00,tb-pullback_rsi-SOLUSDT-1708948800-B,tb-pullback_rsi-SOLUSDT-1708963200-S
LINK/USDT,pullback_rsi,2024-03-01 04:00,19.554,2024-03-01 12:00,19.854,signal,15.86,0.62540196000,4.13259804000,0.013326,8.00,tb-pullback_rs-LINKUSDT-1709251200-B,tb-pullback_rs-LINKUSDT-1709280000-S
BNB/USDT,pullback_rsi,2024-03-01 04:00,406.01,2024-03-02 00:00,406.99,signal,1.141,0.9284450200,0.1897349800,0.000410,20.00,tb-pullback_rsi-BNBUSDT-1709251200-B,tb-pullback_rsi-BNBUSDT-1709323200-S
SOL/USDT,pullback_rsi,2024-03-02 20:00,130.77,2024-03-03 20:00,130.03,signal,2.150,0.5611123100,-2.1521123100,-0.007655,24.00,tb-pullback_rsi-SOLUSDT-1709395200-B,tb-pullback_rsi-SOLUSDT-1709481600-S
ADA/USDT,pullback_rsi,2024-03-03 12:00,0.7279,2024-03-04 04:00,0.7541,signal,373.4,0.553669960000,9.229410040000,0.033957,16.00,tb-pullback_rsi-ADAUSDT-1709452800-B,tb-pullback_rsi-ADAUSDT-1709510400-S
LINK/USDT,pullback_rsi,2024-03-04 08:00,20.389,2024-03-04 16:00,20.475,signal,17.48,0.71471050000,0.78856950000,0.002213,8.00,tb-pullback_rs-LINKUSDT-1709524800-B,tb-pullback_rs-LINKUSDT-1709553600-S
LTC/USDT,pullback_rsi,2024-03-05 04:00,89.22,2024-03-05 12:00,89.52,signal,3.325,0.5946673800,0.4028326200,0.001358,8.00,tb-pullback_rsi-LTCUSDT-1709596800-B,tb-pullback_rsi-LTCUSDT-1709625600-S
ADA/USDT,pullback_rsi,2024-03-05 12:00,0.7686,2024-03-05 19:59,0.6980,stop,357.1,0.524030300000,-25.735290300000,-0.093765,8.00,tb-pullback_rsi-ADAUSDT-1709625600-B,tb-pullback_rsi-ADAUSDT-1709654400-X
BNB/USDT,pullback_rsi,2024-03-06 00:00,394.50,2024-03-06 08:00,410.18,signal,0.859,0.6916146200,12.7775053800,0.037706,8.00,tb-pullback_rsi-BNBUSDT-1709668800-B,tb-pullback_rsi-BNBUSDT-1709697600-S
LTC/USDT,pullback_rsi,2024-03-06 00:00,82.02,2024-03-06 08:00,85.81,signal,2.317,0.3891081700,8.3923218300,0.044161,8.00,tb-pullback_rsi-LTCUSDT-1709668800-B,tb-pullback_rsi-LTCUSDT-1709697600-S
LINK/USDT,pullback_rsi,2024-03-08 12:00,20.016,2024-03-09 04:00,20.023,signal,17.01,0.68146371000,-0.56239371000,-0.001652,16.00,tb-pullback_rs-LINKUSDT-1709884800-B,tb-pullback_rs-LINKUSDT-1709942400-S
ADA/USDT,pullback_rsi,2024-03-10 20:00,0.7206,2024-03-11 08:00,0.7332,signal,504.7,0.734165220000,5.625054780000,0.015467,12.00,tb-pullback_rsi-ADAUSDT-1710086400-B,tb-pullback_rsi-ADAUSDT-1710129600-S
XRP/USDT,pullback_rsi,2024-03-10 20:00,0.6126,2024-03-11 08:00,0.6190,signal,729.4,0.898819120000,3.769340880000,0.008436,12.00,tb-pullback_rsi-XRPUSDT-1710086400-B,tb-pullback_rsi-XRPUSDT-1710129600-S
LINK/USDT,pullback_rsi,2024-03-12 16:00,20.550,2024-03-12 20:00,20.684,signal,15.45,0.63747630000,1.43282370000,0.004513,4.00,tb-pullback_rs-LINKUSDT-1710244800-B,tb-pullback_rs-LINKUSDT-1710259200-S
ETH/USDT,pullback_rsi,2024-03-13 04:00,4047.83,2024-03-13 08:00,4034.32,signal,0.1186,0.9593525540,-2.5616385540,-0.005336,4.00,tb-pullback_rsi-ETHUSDT-1710288000-B,tb-pullback_rsi-ETHUSDT-1710302400-S
LINK/USDT,pullback_rsi,2024-03-13 20:00,20.440,2024-03-14 00:00,20.731,signal,17.44,0.71843104000,4.35660896000,0.012221,4.00,tb-pullback_rs-LINKUSDT-1710345600-B,tb-pullback_rs-LINKUSDT-1710360000-S
LTC/USDT,pullback_rsi,2024-03-13 20:00,96.61,2024-03-15 03:59,88.66,stop,3.177,0.5889892300,-25.8461392300,-0.084209,32.00,tb-pullback_rsi-LTCUSDT-1710345600-B,tb-pullback_rsi-LTCUSDT-1710460800-X
ETH/USDT,pullback_rsi,2024-03-15 00:00,3885.58,2024-03-15 03:59,3662.47,stop,0.1136,0.8582355940,-26.2035315940,-0.059364,4.00,tb-pullback_rsi-ETHUSDT-1710446400-B,tb-pullback_rsi-ETHUSDT-1710460800-X
LTC/USDT,pullback_rsi,2024-03-15 16:00,88.30,2024-03-16 00:00,89.68,signal,2.700,0.4808109000,3.2451891000,0.013612,8.00,tb-pullback_rsi-LTCUSDT-1710504000-B,tb-pullback_rsi-LTCUSDT-1710532800-S
XRP/USDT,pullback_rsi,2024-03-15 16:00,0.6279,2024-03-16 04:00,0.6405,signal,390.2,0.495180840000,4.421339160000,0.018046,12.00,tb-pullback_rsi-XRPUSDT-1710504000-B,tb-pullback_rsi-XRPUSDT-1710547200-S
ETH/USDT,pullback_rsi,2024-03-17 04:00,3575.07,2024-03-17 16:00,3624.79,signal,0.0950,0.6843442070,4.0390557930,0.011892,12.00,tb-pullback_rsi-ETHUSDT-1710633600-B,tb-pullback_rsi-ETHUSDT-1710676800-S
XRP/USDT,pullback_rsi,2024-03-17 04:00,0.6159,2024-03-17 16:00,0.6198,signal,439.4,0.543274530000,1.170385470000,0.004325,12.00,tb-pullback_rsi-XRPUSDT-1710633600-B,tb-pullback_rsi-XRPUSDT-1710676800-S
LTC/USDT,pullback_rsi,2024-03-19 00:00,86.85,2024-03-19 07:59,78.69,stop,3.077,0.5097139800,-25.6180339800,-0.095862,8.00,tb-pullback_rsi-LTCUSDT-1710792000-B,tb-pullback_rsi-LTCUSDT-1710820800-X
XRP/USDT,pullback_rsi,2024-03-19 00:00,0.6460,2024-03-19 07:59,0.5893,stop,443.9,0.548672670000,-25.717802670000,-0.089684,8.00,tb-pullback_rsi-XRPUSDT-1710792000-B,tb-pullback_rsi-XRPUSDT-1710820800-X
BTC/USDT,pullback_rsi,2024-03-19 16:00,64115.91,2024-03-20 12:00,63329.55,signal,0.00548,0.6990422759,-5.0082950759,-0.014254,20.00,tb-pullback_rsi-BTCUSDT-1710849600-B,tb-pullback_rsi-BTCUSDT-1710921600-S
SOL/USDT,pullback_rsi,2024-03-19 08:00,186.33,2024-03-20 20:00,182.36,signal,0.962,0.3548661100,-4.1740061100,-0.023286,36.00,tb-pullback_rsi-SOLUSDT-1710820800-B,tb-pullback_rsi-SOLUSDT-1710950400-S
BTC/USDT,pullback_rsi,2024-03-22 00:00,65566.79,2024-03-22 08:00,66111.83,signal,0.00529,0.6972355670,2.1860260330,0.006303,8.00,tb-pullback_rsi-BTCUSDT-1711051200-B,tb-pullback_rsi-BTCUSDT-1711080000-S
SOL/USDT,pullback_rsi,2024-03-22 00:00,179.64,2024-03-23 00:00,175.03,signal,1.020,0.3621226800,-5.0643226800,-0.027639,24.00,tb-pullback_rsi-SOLUSDT-1711051200-B,tb-pullback_rsi-SOLUSDT-1711137600-S
XRP/USDT,pullback_rsi,2024-03-22 20:00,0.6131,2024-03-23 08:00,0.6152,signal,475.5,0.584363200000,0.414186800000,0.001421,12.00,tb-pullback_rsi-XRPUSDT-1711123200-B,tb-pullback_rsi-XRPUSDT-1711166400-S
BTC/USDT,pullback_rsi,2024-03-23 08:00,64639.99,2024-03-23 12:00,64564.98,signal,0.00577,0.7461590722,-1.1789667722,-0.003161,4.00,tb-pullback_rsi-BTCUSDT-1711166400-B,tb-pullback_rsi-BTCUSDT-1711180800-S
SOL/USDT,pullback_rsi,2024-03-24 08:00,173.72,2024-03-24 12:00,174.66,signal,1.487,0.5183885000,0.8793915000,0.003404,4.00,tb-pullback_rsi-SOLUSDT-1711252800-B,tb-pullback_rsi-SOLUSDT-1711267200-S
LTC/USDT,pullback_rsi,2024-03-26 20:00,95.24,2024-03-27 00:00,95.66,signal,3.887,0.7424092600,0.8901307400,0.002404,4.00,tb-pullback_rsi-LTCUSDT-1711468800-B,tb-pullback_rsi-LTCUSDT-1711483200-S
BNB/USDT,pullback_rsi,2024-03-27 00:00,580.99,2024-03-28 04:00,581.21,signal,0.792,0.9210433900,-0.7468033900,-0.001623,28.00,tb-pullback_rsi-BNBUSDT-1711483200-B,tb-pullback_rsi-BNBUSDT-1711584000-S
XRP/USDT,pullback_rsi,2024-03-27 12:00,0.6228,2024-03-28 08:00,0.6215,signal,788.1,0.981131070000,-2.005661070000,-0.004086,20.00,tb-pullback_rsi-XRPUSDT-1711526400-B,tb-pullback_rsi-XRPUSDT-1711598400-S
XRP/USDT,pullback_rsi,2024-03-29 12:00,0.6301,2024-03-30 00:00,0.6293,signal,782.2,0.985606760000,-1.611366760000,-0.003269,12.00,tb-pullback_rsi-XRPUSDT-1711699200-B,tb-pullback_rsi-XRPUSDT-1711742400-S
ETH/USDT,pullback_rsi,2024-03-29 12:00,3553.41,2024-03-30 12:00,3556.43,signal,0.1546,1.0998919480,-0.6329999480,-0.001152,24.00,tb-pullback_rsi-ETHUSDT-1711699200-B,tb-pullback_rsi-ETHUSDT-1711785600-S
BNB/USDT,pullback_rsi,2024-04-01 20:00,579.88,2024-04-02 03:59,553.31,stop,0.949,1.0759771900,-26.2909071900,-0.047775,8.00,tb-pullback_rsi-BNBUSDT-1711987200-B,tb-pullback_rsi-BNBUSDT-1712016000-X
ETH/USDT,pullback_rsi,2024-04-01 20:00,3489.82,2024-04-02 03:59,3331.96,stop,0.1598,1.0908184100,-26.3168464100,-0.047190,8.00,tb-pullback_rsi-ETHUSDT-1711987200-B,tb-pullback_rsi-ETHUSDT-1712016000-X
LTC/USDT,pullback_rsi,2024-04-02 08:00,99.05,2024-04-02 12:00,102.40,signal,2.611,0.5262831000,8.2205669000,0.031786,4.00,tb-pullback_rsi-LTCUSDT-1712030400-B,tb-pullback_rsi-LTCUSDT-1712044800-S
BNB/USDT,pullback_rsi,2024-04-02 20:00,558.56,2024-04-03 04:00,559.73,signal,0.858,0.9600513800,0.0438086200,0.000091,8.00,tb-pullback_rsi-BNBUSDT-1712073600-B,tb-pullback_rsi-BNBUSDT-1712102400-S
BTC/USDT,pullback_rsi,2024-04-02 20:00,65980.83,2024-04-03 04:00,66159.56,signal,0.00803,1.0617471432,0.3734547568,0.000705,8.00,tb-pullback_rsi-BTCUSDT-1712073600-B,tb-pullback_rsi-BTCUSDT-1712102400-S
BNB/USDT,pullback_rsi,2024-04-05 12:00,578.08,2024-04-05 16:00,583.31,signal,0.804,0.9343356400,3.2705843600,0.007037,4.00,tb-pullback_rsi-BNBUSDT-1712304000-B,tb-pullback_rsi-BNBUSDT-1712318400-S
SOL/USDT,pullback_rsi,2024-04-05 16:00,176.07,2024-04-06 08:00,177.09,signal,1.588,0.5611702200,1.0585897800,0.003786,16.00,tb-pullback_rsi-SOLUSDT-1712318400-B,tb-pullback_rsi-SOLUSDT-1712376000-S
BNB/USDT,pullback_rsi,2024-04-08 00:00,584.39,2024-04-08 08:00,588.21,signal,1.208,1.4176695800,3.1968904200,0.004529,8.00,tb-pullback_rsi-BNBUSDT-1712520000-B,tb-pullback_rsi-BNBUSDT-1712548800-S
LTC/USDT,pullback_rsi,2024-04-08 00:00,101.32,2024-04-08 08:00,102.06,signal,3.587,0.7299293400,1.9244506600,0.005295,8.00,tb-pullback_rsi-LTCUSDT-1712520000-B,tb-pullback_rsi-LTCUSDT-1712548800-S
BNB/USDT,pullback_rsi,2024-04-09 12:00,584.79,2024-04-10 08:00,586.91,signal,1.065,1.2490300800,1.0087699200,0.001620,20.00,tb-pullback_rsi-BNBUSDT-1712649600-B,tb-pullback_rsi-BNBUSDT-1712721600-S
BTC/USDT,pullback_rsi,2024-04-09 12:00,70865.64,2024-04-10 15:59,68120.23,stop,0.00919,1.2779887980,-26.5083066980,-0.040703,28.00,tb-pullback_rsi-BTCUSDT-1712649600-B,tb-pullback_rsi-BTCUSDT-1712750400-X
BTC/USDT,pullback_rsi,2024-04-10 20:00,70154.09,2024-04-11 00:00,70560.44,signal,0.00870,1.2249179539,2.3103270461,0.003785,4.00,tb-pullback_rsi-BTCUSDT-1712764800-B,tb-pullback_rsi-BTCUSDT-1712779200-S
LTC/USDT,pullback_rsi,2024-04-10 20:00,96.42,2024-04-11 04:00,97.19,signal,4.120,0.7981553000,2.3742447000,0.005977,8.00,tb-pullback_rsi-LTCUSDT-1712764800-B,tb-pullback_rsi-LTCUSDT-1712793600-S
SOL/USDT,pullback_rsi,2024-05-19 20:00,169.48,2024-05-20 04:00,171.96,signal,2.446,0.8356706800,5.2304093200,0.012617,8.00,tb-pullback_rsi-SOLUSDT-1716134400-B,tb-pullback_rsi-SOLUSDT-1716163200-S
BTC/USDT,pullback_rsi,2024-05-20 00:00,66340.28,2024-05-20 08:00,66758.32,signal,0.01382,1.8407494552,3.9365633448,0.004294,8.00,tb-pullback_rsi-BTCUSDT-1716148800-B,tb-pullback_rsi-BTCUSDT-1716177600-S
LINK/USDT,pullback_rsi,2024-05-21 20:00,16.686,2024-05-22 04:00,16.866,signal,21.57,0.72421722000,3.15838278000,0.008775,8.00,tb-pullback_rs-LINKUSDT-1716307200-B,tb-pullback_rs-LINKUSDT-1716336000-S
SOL/USDT,pullback_rsi,2024-05-22 00:00,178.33,2024-05-22 08:00,179.71,signal,2.095,0.7506287900,2.1404712100,0.005729,8.00,tb-pullback_rsi-SOLUSDT-1716321600-B,tb-pullback_rsi-SOLUSDT-1716350400-S
ADA/USDT,pullback_rsi,2024-05-22 16:00,0.4844,2024-05-23 04:00,0.4863,signal,1008.6,0.979580860000,0.936759140000,0.001917,12.00,tb-pullback_rsi-ADAUSDT-1716379200-B,tb-pullback_rsi-ADAUSDT-1716422400-S
XRP/USDT,pullback_rsi,2024-05-22 16:00,0.5363,2024-05-23 15:59,0.5152,stop,1199.2,1.261655990000,-26.564775990000,-0.041305,24.00,tb-pullback_rsi-XRPUSDT-1716379200-B,tb-pullback_rsi-XRPUSDT-1716465600-X
XRP/USDT,pullback_rsi,2024-05-24 00:00,0.5294,2024-05-24 04:00,0.5300,signal,848.2,0.899059540000,-0.390139540000,-0.000869,4.00,tb-pullback_rsi-XRPUSDT-1716494400-B,tb-pullback_rsi-XRPUSDT-1716508800-S
BNB/USDT,pullback_rsi,2024-05-24 00:00,600.00,2024-05-24 20:00,601.39,signal,0.873,1.0494134700,0.1640565300,0.000313,20.00,tb-pullback_rsi-BNBUSDT-1716494400-B,tb-pullback_rsi-BNBUSDT-1716566400-S
ETH/USDT,pullback_rsi,2024-05-24 12:00,3716.34,2024-05-25 08:00,3742.85,signal,0.0810,0.6045660240,1.5427439760,0.005125,20.00,tb-pullback_rsi-ETHUSDT-1716537600-B,tb-pullback_rsi-ETHUSDT-1716609600-S
SOL/USDT,pullback_rsi,2024-05-27 00:00,163.59,2024-05-27 04:00,165.21,signal,2.565,0.8438627700,3.3114372300,0.007892,4.00,tb-pullback_rsi-SOLUSDT-1716753600-B,tb-pullback_rsi-SOLUSDT-1716768000-S
LTC/USDT,pullback_rsi,2024-05-27 04:00,84.52,2024-05-27 08:00,84.39,signal,8.814,1.4895334200,-2.6353534200,-0.003538,4.00,tb-pullback_rsi-LTCUSDT-1716768000-B,tb-pullback_rsi-LTCUSDT-1716782400-S
BNB/USDT,pullback_rsi,2024-05-29 12:00,599.60,2024-05-30 04:00,597.00,signal,1.556,1.8631088000,-5.9087088000,-0.006333,16.00,tb-pullback_rsi-BNBUSDT-1716969600-B,tb-pullback_rsi-BNBUSDT-1717027200-S
ETH/USDT,pullback_rsi,2024-05-30 00:00,3771.21,2024-05-30 04:00,3787.50,signal,0.1456,1.1013024180,1.2705215820,0.002314,4.00,tb-pullback_rsi-ETHUSDT-1717012800-B,tb-pullback_rsi-ETHUSDT-1717027200-S
BTC/USDT,pullback_rsi,2024-05-31 20:00,67748.69,2024-06-01 20:00,67686.00,signal,0.01064,1.4423800754,-2.1094016754,-0.002926,24.00,tb-pullback_rsi-BTCUSDT-1717171200-B,tb-pullback_rsi-BTCUSDT-1717257600-S
SOL/USDT,pullback_rsi,2024-06-02 12:00,166.22,2024-06-03 08:00,165.18,signal,3.724,1.2347984800,-5.1077584800,-0.008252,20.00,tb-pullback_rsi-SOLUSDT-1717315200-B,tb-pullback_rsi-SOLUSDT-1717387200-S
ETH/USDT,pullback_rsi,2024-06-04 04:00,3777.29,2024-06-04 16:00,3806.81,signal,0.2020,1.5331213870,4.4299186130,0.005806,12.00,tb-pullback_rsi-ETHUSDT-1717459200-B,tb-pullback_rsi-ETHUSDT-1717502400-S
LINK/USDT,pullback_rsi,2024-06-03 08:00,18.154,2024-06-04 16:00,17.769,signal,29.59,1.06350619000,-12.45565619000,-0.023187,32.00,tb-pullback_rs-LINKUSDT-1717387200-B,tb-pullback_rs-LINKUSDT-1717502400-S
XRP/USDT,pullback_rsi,2024-06-06 12:00,0.5268,2024-06-06 16:00,0.5258,signal,2011.7,2.118621700000,-4.130321700000,-0.003897,4.00,tb-pullback_rsi-XRPUSDT-1717660800-B,tb-pullback_rsi-XRPUSDT-1717675200-S
LINK/USDT,pullback_rsi,2024-06-06 16:00,17.481,2024-06-07 08:00,17.481,signal,36.15,1.26457554000,-1.26457554000,-0.002001,16.00,tb-pullback_rs-LINKUSDT-1717675200-B,tb-pullback_rs-LINKUSDT-1717732800-S
ETH/USDT,pullback_rsi,2024-06-07 00:00,3817.29,2024-06-07 12:00,3831.15,signal,0.2177,1.6662105800,1.3511114200,0.001626,12.00,tb-pullback_rsi-ETHUSDT-1717704000-B,tb-pullback_rsi-ETHUSDT-1717747200-S
LTC/USDT,pullback_rsi,2024-06-07 12:00,84.53,2024-06-07 19:59,82.35,stop,11.700,1.9535103600,-27.4595103600,-0.027765,8.00,tb-pullback_rsi-LTCUSDT-1717747200-B,tb-pullback_rsi-LTCUSDT-1717776000-X
BNB/USDT,pullback_rsi,2024-06-08 00:00,684.69,2024-06-08 08:00,694.00,signal,0.688,0.9492234100,5.4560565900,0.011582,8.00,tb-pullback_rsi-BNBUSDT-1717790400-B,tb-pullback_rsi-BNBUSDT-1717819200-S
BTC/USDT,pullback_rsi,2024-06-08 00:00,69424.96,2024-06-09 12:00,69298.31,signal,0.01132,1.5717359164,-3.0054139164,-0.003824,36.00,tb-pullback_rsi-BTCUSDT-1717790400-B,tb-pullback_rsi-BTCUSDT-1717920000-S
BNB/USDT,pullback_rsi,2024-06-09 08:00,680.58,2024-06-10 07:59,649.51,stop,0.802,1.0674127600,-25.9855527600,-0.047608,24.00,tb-pullback_rsi-BNBUSDT-1717905600-B,tb-pullback_rsi-BNBUSDT-1717992000-X
BTC/USDT,pullback_rsi,2024-06-10 12:00,69543.37,2024-06-10 16:00,69996.05,signal,0.01991,2.7796207241,6.2332380759,0.004502,4.00,tb-pullback_rsi-BTCUSDT-1718006400-B,tb-pullback_rsi-BTCUSDT-1718020800-S
ETH/USDT,pullback_rsi,2024-06-10 12:00,3679.63,2024-06-10 16:00,3698.82,signal,0.2706,1.9977124570,3.1951015430,0.003209,4.00,tb-pullback_rsi-ETHUSDT-1718006400-B,tb-pullback_rsi-ETHUSDT-1718020800-S
BNB/USDT,pullback_rsi,2024-06-11 04:00,626.23,2024-06-12 03:59,592.25,stop,0.729,0.8888981500,-25.6603181500,-0.056208,24.00,tb-pullback_rsi-BNBUSDT-1718064000-B,tb-pullback_rsi-BNBUSDT-1718150400-X
XRP/USDT,pullback_rsi,2024-07-21 16:00,0.5887,2024-07-21 20:00,0.5906,signal,576.3,0.679983810000,0.414986190000,0.001223,4.00,tb-pullback_rsi-XRPUSDT-1721563200-B,tb-pullback_rsi-XRPUSDT-1721577600-S
ADA/USDT,pullback_rsi,2024-07-22 00:00,0.4475,2024-07-23 07:59,0.4226,stop,992.6,0.864108760000,-25.579848760000,-0.057588,32.00,tb-pullback_rsi-ADAUSDT-1721592000-B,tb-pullback_rsi-ADAUSDT-1721707200-X
LTC/USDT,pullback_rsi,2024-07-22 20:00,72.40,2024-07-23 16:00,72.26,signal,8.106,1.1732655600,-2.3081055600,-0.003933,20.00,tb-pullback_rsi-LTCUSDT-1721664000-B,tb-pullback_rsi-LTCUSDT-1721736000-S
ADA/USDT,pullback_rsi,2024-07-23 12:00,0.4259,2024-07-24 08:00,0.4191,signal,1039.4,0.878761490000,-7.946681490000,-0.017951,20.00,tb-pullback_rsi-ADAUSDT-1721721600-B,tb-pullback_rsi-ADAUSDT-1721793600-S
BTC/USDT,pullback_rsi,2024-07-24 00:00,66001.94,2024-07-24 12:00,66301.63,signal,0.01002,1.3270018076,1.6758919924,0.002534,12.00,tb-pullback_rsi-BTCUSDT-1721764800-B,tb-pullback_rsi-BTCUSDT-1721808000-S
BTC/USDT,pullback_rsi,2024-07-25 16:00,64855.69,2024-07-26 00:00,65734.15,signal,0.00999,1.3052410600,7.4705743400,0.011530,8.00,tb-pullback_rsi-BTCUSDT-1721908800-B,tb-pullback_rsi-BTCUSDT-1721937600-S
SOL/USDT,pullback_rsi,2024-07-25 16:00,170.62,2024-07-26 00:00,171.68,signal,1.895,0.6489997400,1.3597002600,0.004205,8.00,tb-pullback_rsi-SOLUSDT-1721908800-B,tb-pullback_rsi-SOLUSDT-1721937600-S
BNB/USDT,pullback_rsi,2024-07-28 12:00,582.49,2024-07-28 20:00,583.41,signal,1.284,1.4981805800,-0.3169005800,-0.000424,8.00,tb-pullback_rsi-BNBUSDT-1722153600-B,tb-pullback_rsi-BNBUSDT-1722182400-S
BNB/USDT,pullback_rsi,2024-07-30 08:00,575.18,2024-07-31 00:00,587.51,signal,1.279,1.4882308700,14.2818391300,0.019414,16.00,tb-pullback_rsi-BNBUSDT-1722312000-B,tb-pullback_rsi-BNBUSDT-1722369600-S
BTC/USDT,pullback_rsi,2024-07-30 08:00,67018.96,2024-07-31 16:00,66313.61,signal,0.00939,1.2526630240,-7.8758995240,-0.012515,32.00,tb-pullback_rsi-BTCUSDT-1722312000-B,tb-pullback_rsi-BTCUSDT-1722427200-S
SOL/USDT,pullback_rsi,2024-08-01 12:00,169.86,2024-08-01 19:59,158.49,stop,2.227,0.7317450300,-26.0527350300,-0.068872,8.00,tb-pullback_rsi-SOLUSDT-1722499200-B,tb-pullback_rsi-SOLUSDT-1722528000-X
XRP/USDT,pullback_rsi,2024-08-01 12:00,0.6108,2024-08-01 19:59,0.5706,stop,631.5,0.746481660000,-26.132781660000,-0.067751,8.00,tb-pullback_rsi-XRPUSDT-1722499200-B,tb-pullback_rsi-XRPUSDT-1722528000-X
XRP/USDT,pullback_rsi,2024-08-02 00:00,0.5971,2024-08-02 15:59,0.5525,stop,565.2,0.650112180000,-25.858032180000,-0.076621,16.00,tb-pullback_rsi-XRPUSDT-1722542400-B,tb-pullback_rsi-XRPUSDT-1722600000-X
SOL/USDT,pullback_rsi,2024-08-02 00:00,167.54,2024-08-02 15:59,154.70,stop,1.959,0.6316032400,-25.7851632400,-0.078563,16.00,tb-pullback_rsi-SOLUSDT-1722542400-B,tb-pullback_rsi-SOLUSDT-1722600000-X
XRP/USDT,pullback_rsi,2024-08-02 20:00,0.5633,2024-08-03 08:00,0.5752,signal,527.6,0.601010580000,5.677429420000,0.019103,12.00,tb-pullback_rsi-XRPUSDT-1722614400-B,tb-pullback_rsi-XRPUSDT-1722657600-S
BNB/USDT,pullback_rsi,2024-09-25 12:00,597.30,2024-09-26 08:00,595.30,signal,1.128,1.3464474000,-3.6024474000,-0.005347,20.00,tb-pullback_rsi-BNBUSDT-1727251200-B,tb-pullback_rsi-BNBUSDT-1727323200-S
ADA/USDT,pullback_rsi,2024-09-29 12:00,0.3977,2024-09-29 16:00,0.4000,signal,1458.4,1.163962230000,2.190357770000,0.003776,4.00,tb-pullback_rsi-ADAUSDT-1727596800-B,tb-pullback_rsi-ADAUSDT-1727611200-S
ETH/USDT,pullback_rsi,2024-09-28 20:00,2681.01,2024-09-30 11:59,2591.57,stop,0.2846,1.5013805690,-26.9560045690,-0.035328,40.00,tb-pullback_rsi-ETHUSDT-1727539200-B,tb-pullback_rsi-ETHUSDT-1727683200-X
BNB/USDT,pullback_rsi,2024-09-30 08:00,582.89,2024-10-01 04:00,576.32,signal,1.175,1.3632375300,-9.0829875300,-0.013262,20.00,tb-pullback_rsi-BNBUSDT-1727668800-B,tb-pullback_rsi-BNBUSDT-1727740800-S
LINK/USDT,pullback_rsi,2024-09-30 20:00,11.972,2024-10-01 04:00,12.097,signal,40.06,0.96480274000,4.04269726000,0.008429,8.00,tb-pullback_rs-LINKUSDT-1727712000-B,tb-pullback_rs-LINKUSDT-1727740800-S
LTC/USDT,pullback_rsi,2024-10-15 16:00,66.33,2024-10-15 20:00,69.65,signal,9.797,1.3328593600,31.1931806400,0.048002,4.00,tb-pullback_rsi-LTCUSDT-1728993600-B,tb-pullback_rsi-LTCUSDT-1729008000-S
SOL/USDT,pullback_rsi,2024-10-15 16:00,153.46,2024-10-15 20:00,155.01,signal,3.018,0.9315763000,3.7463237000,0.008089,4.00,tb-pullback_rsi-SOLUSDT-1728993600-B,tb-pullback_rsi-SOLUSDT-1729008000-S
BTC/USDT,pullback_rsi,2024-10-17 16:00,67658.27,2024-10-18 08:00,67901.72,signal,0.01112,1.5087802578,1.1983837422,0.001593,16.00,tb-pullback_rsi-BTCUSDT-1729166400-B,tb-pullback_rsi-BTCUSDT-1729224000-S
SOL/USDT,pullback_rsi,2024-10-17 16:00,153.05,2024-10-18 08:00,153.74,signal,3.370,1.0344945000,1.2908055000,0.002503,16.00,tb-pullback_rsi-SOLUSDT-1729166400-B,tb-pullback_rsi-SOLUSDT-1729224000-S
BNB/USDT,pullback_rsi,2024-10-20 08:00,598.10,2024-10-20 16:00,598.60,signal,1.955,2.3407447000,-1.3632447000,-0.001166,8.00,tb-pullback_rsi-BNBUSDT-1729396800-B,tb-pullback_rsi-BNBUSDT-1729425600-S
BTC/USDT,pullback_rsi,2024-10-21 20:00,67831.76,2024-10-22 20:00,67415.50,signal,0.01441,1.9502696568,-7.9485762568,-0.008132,24.00,tb-pullback_rsi-BTCUSDT-1729526400-B,tb-pullback_rsi-BTCUSDT-1729612800-S
ETH/USDT,pullback_rsi,2024-10-21 20:00,2682.79,2024-10-23 11:59,2595.48,stop,0.2919,1.5415318480,-27.0273208480,-0.034513,40.00,tb-pullback_rsi-ETHUSDT-1729526400-B,tb-pullback_rsi-ETHUSDT-1729670400-X
LTC/USDT,pullback_rsi,2024-10-23 00:00,70.11,2024-10-23 20:00,69.66,signal,8.839,1.2360580200,-5.2136080200,-0.008413,20.00,tb-pullback_rsi-LTCUSDT-1729627200-B,tb-pullback_rsi-LTCUSDT-1729699200-S
BNB/USDT,pullback_rsi,2024-10-23 20:00,582.79,2024-10-24 00:00,584.31,signal,1.384,1.6164319800,0.4872480200,0.000604,4.00,tb-pullback_rsi-BNBUSDT-1729699200-B,tb-pullback_rsi-BNBUSDT-1729713600-S
BNB/USDT,pullback_rsi,2024-10-25 12:00,593.20,2024-10-25 23:59,576.14,stop,1.494,1.7481803600,-27.2358203600,-0.030732,12.00,tb-pullback_rsi-BNBUSDT-1729843200-B,tb-pullback_rsi-BNBUSDT-1729886400-X
SOL/USDT,pullback_rsi,2024-10-25 12:00,173.83,2024-10-25 23:59,164.57,stop,2.708,0.9169086900,-25.9929886900,-0.055218,12.00,tb-pullback_rsi-SOLUSDT-1729843200-B,tb-pullback_rsi-SOLUSDT-1729886400-X
SOL/USDT,pullback_rsi,2024-10-26 04:00,165.81,2024-10-26 12:00,168.49,signal,2.197,0.7349545300,5.1530054700,0.014146,8.00,tb-pullback_rsi-SOLUSDT-1729900800-B,tb-pullback_rsi-SOLUSDT-1729929600-S
LTC/USDT,pullback_rsi,2024-10-26 04:00,69.43,2024-10-27 04:00,69.04,signal,7.610,1.0543121400,-4.0222121400,-0.007613,24.00,tb-pullback_rsi-LTCUSDT-1729900800-B,tb-pullback_rsi-LTCUSDT-1729987200-S
BNB/USDT,pullback_rsi,2024-10-30 16:00,597.70,2024-10-31 15:59,580.27,stop,1.453,1.7127858100,-27.0385758100,-0.031134,24.00,tb-pullback_rsi-BNBUSDT-1730289600-B,tb-pullback_rsi-BNBUSDT-1730376000-X
LTC/USDT,pullback_rsi,2024-10-30 16:00,72.36,2024-10-31 19:59,69.55,stop,8.967,1.2731582100,-26.4704282100,-0.040796,28.00,tb-pullback_rsi-LTCUSDT-1730289600-B,tb-pullback_rsi-LTCUSDT-1730390400-X
LTC/USDT,pullback_rsi,2024-11-01 00:00,69.40,2024-11-01 16:00,70.00,signal,8.429,1.1756272000,3.8817728000,0.006636,16.00,tb-pullback_rsi-LTCUSDT-1730404800-B,tb-pullback_rsi-LTCUSDT-1730462400-S
BTC/USDT,pullback_rsi,2024-11-01 00:00,70362.31,2024-11-02 08:00,69744.09,signal,0.01113,1.5607914765,-8.4415800765,-0.010779,32.00,tb-pullback_rsi-BTCUSDT-1730404800-B,tb-pullback_rsi-BTCUSDT-1730520000-S
BTC/USDT,pullback_rsi,2024-11-03 20:00,68747.68,2024-11-04 00:00,68707.21,signal,0.01130,1.5546152076,-2.0119262076,-0.002590,4.00,tb-pullback_rsi-BTCUSDT-1730649600-B,tb-pullback_rsi-BTCUSDT-1730664000-S
BTC/USDT,pullback_rsi,2024-11-05 04:00,68311.26,2024-11-05 08:00,68825.10,signal,0.01039,1.4262130066,3.9125845934,0.005513,4.00,tb-pullback_rsi-BTCUSDT-1730764800-B,tb-pullback_rsi-BTCUSDT-1730779200-S
LINK/USDT,pullback_rsi,2024-11-12 20:00,14.155,2024-11-13 16:00,14.205,signal,17.43,0.49459790000,0.37690210000,0.001528,20.00,tb-pullback_rs-LINKUSDT-1731427200-B,tb-pullback_rs-LINKUSDT-1731499200-S
LTC/USDT,pullback_rsi,2024-11-12 20:00,76.83,2024-11-13 16:00,76.46,signal,3.074,0.4715207800,-1.6089007800,-0.006812,20.00,tb-pullback_rsi-LTCUSDT-1731427200-B,tb-pullback_rsi-LTCUSDT-1731499200-S
LINK/USDT,pullback_rsi,2024-11-14 20:00,13.304,2024-11-15 12:00,13.476,signal,16.81,0.45043788000,2.44088212000,0.010914,16.00,tb-pullback_rs-LINKUSDT-1731600000-B,tb-pullback_rs-LINKUSDT-1731657600-S
ETH/USDT,pullback_rsi,2024-11-14 20:00,3148.56,2024-11-16 00:00,3086.91,signal,0.0988,0.6163792940,-6.7073992940,-0.021562,28.00,tb-pullback_rsi-ETHUSDT-1731600000-B,tb-pullback_rsi-ETHUSDT-1731700800-S
LTC/USDT,pullback_rsi,2024-11-17 16:00,88.51,2024-11-18 04:00,94.53,signal,2.011,0.3683589700,11.7378610300,0.065945,12.00,tb-pullback_rsi-LTCUSDT-1731844800-B,tb-pullback_rsi-LTCUSDT-1731888000-S
BTC/USDT,pullback_rsi,2024-11-18 04:00,90759.25,2024-11-18 08:00,91628.18,signal,0.00636,1.1608916425,4.3655031575,0.007563,4.00,tb-pullback_rsi-BTCUSDT-1731888000-B,tb-pullback_rsi-BTCUSDT-1731902400-S
BNB/USDT,pullback_rsi,2024-11-20 08:00,613.41,2024-11-20 16:00,614.50,signal,0.856,1.0517043700,-0.1186643700,-0.000226,8.00,tb-pullback_rsi-BNBUSDT-1732075200-B,tb-pullback_rsi-BNBUSDT-1732104000-S
LTC/USDT,pullback_rsi,2024-11-19 20:00,87.44,2024-11-20 16:00,86.38,signal,2.574,0.4476750000,-3.1761150000,-0.014112,20.00,tb-pullback_rsi-LTCUSDT-1732032000-B,tb-pullback_rsi-LTCUSDT-1732104000-S
ETH/USDT,pullback_rsi,2024-11-23 00:00,3331.11,2024-11-23 04:00,3342.16,signal,0.1288,0.8601834000,0.5630566000,0.001312,4.00,tb-pullback_rsi-ETHUSDT-1732305600-B,tb-pullback_rsi-ETHUSDT-1732320000-S
BTC/USDT,pullback_rsi,2024-11-24 00:00,97770.08,2024-11-24 04:00,98101.89,signal,0.00799,1.5659947400,1.0851671600,0.001389,4.00,tb-pullback_rsi-BTCUSDT-1732392000-B,tb-pullback_rsi-BTCUSDT-1732406400-S
ADA/USDT,pullback_rsi,2024-11-24 20:00,0.9834,2024-11-25 00:00,1.0217,signal,156.7,0.314395850000,5.687214150000,0.036906,4.00,tb-pullback_rsi-ADAUSDT-1732464000-B,tb-pullback_rsi-ADAUSDT-1732478400-S
XRP/USDT,pullback_rsi,2024-11-24 20:00,1.3805,2024-11-25 00:00,1.4319,signal,109.4,0.307952660000,5.315207340000,0.035194,4.00,tb-pullback_rsi-XRPUSDT-1732464000-B,tb-pullback_rsi-XRPUSDT-1732478400-S
SOL/USDT,pullback_rsi,2024-11-26 04:00,237.68,2024-11-27 04:00,231.27,signal,1.328,0.6232409600,-9.1357209600,-0.028944,24.00,tb-pullback_rsi-SOLUSDT-1732579200-B,tb-pullback_rsi-SOLUSDT-1732665600-S
BTC/USDT,pullback_rsi,2024-11-26 04:00,94558.47,2024-11-27 08:00,93503.56,signal,0.00617,1.1612883146,-7.6700830146,-0.013147,28.00,tb-pullback_rsi-BTCUSDT-1732579200-B,tb-pullback_rsi-BTCUSDT-1732680000-S
ADA/USDT,pullback_rsi,2024-11-28 20:00,1.0033,2024-11-29 00:00,1.0310,signal,205.2,0.417739350000,5.266300650000,0.025580,4.00,tb-pullback_rsi-ADAUSDT-1732809600-B,tb-pullback_rsi-ADAUSDT-1732824000-S
LTC/USDT,pullback_rsi,2024-11-28 20:00,95.37,2024-11-29 04:00,96.37,signal,3.244,0.6223860400,2.6216139600,0.008474,8.00,tb-pullback_rsi-LTCUSDT-1732809600-B,tb-pullback_rsi-LTCUSDT-1732838400-S
ADA/USDT,pullback_rsi,2024-12-01 08:00,1.0573,2024-12-01 16:00,1.0722,signal,226.9,0.483500740000,2.897309260000,0.012077,8.00,tb-pullback_rsi-ADAUSDT-1733025600-B,tb-pullback_rsi-ADAUSDT-1733054400-S
SOL/USDT,pullback_rsi,2024-12-01 12:00,237.33,2024-12-01 16:00,238.27,signal,2.032,0.9671311900,0.9429488100,0.001955,4.00,tb-pullback_rsi-SOLUSDT-1733040000-B,tb-pullback_rsi-SOLUSDT-1733054400-S
BNB/USDT,pullback_rsi,2024-12-02 16:00,650.30,2024-12-03 04:00,651.27,signal,0.795,1.0353984500,-0.2642484500,-0.000511,12.00,tb-pullback_rsi-BNBUSDT-1733140800-B,tb-pullback_rsi-BNBUSDT-1733184000-S
ETH/USDT,pullback_rsi,2024-12-02 16:00,3675.81,2024-12-03 15:59,3498.53,stop,0.1402,1.0065776340,-25.8612336340,-0.050182,24.00,tb-pullback_rsi-ETHUSDT-1733140800-B,tb-pullback_rsi-ETHUSDT-1733227200-X
ETH/USDT,pullback_rsi,2024-12-03 20:00,3580.92,2024-12-04 00:00,3610.89,signal,0.1368,0.9845557900,3.1153402100,0.006360,4.00,tb-pullback_rsi-ETHUSDT-1733241600-B,tb-pullback_rsi-ETHUSDT-1733256000-S
SOL/USDT,pullback_rsi,2024-12-05 04:00,233.16,2024-12-05 08:00,233.66,signal,1.318,0.6157350800,0.0432649200,0.000141,4.00,tb-pullback_rsi-SOLUSDT-1733356800-B,tb-pullback_rsi-SOLUSDT-1733371200-S
BTC/USDT,pullback_rsi,2024-12-06 04:00,97833.03,2024-12-06 16:00,99210.69,signal,0.00399,0.7871827700,4.7096806300,0.012065,12.00,tb-pullback_rsi-BTCUSDT-1733443200-B,tb-pullback_rsi-BTCUSDT-1733486400-S
XRP/USDT,pullback_rsi,2024-12-05 08:00,2.3776,2024-12-06 20:00,2.3621,signal,54.3,0.257603470000,-1.099253470000,-0.008515,36.00,tb-pullback_rsi-XRPUSDT-1733371200-B,tb-pullback_rsi-XRPUSDT-1733500800-S
LTC/USDT,pullback_rsi,2024-12-08 12:00,132.90,2024-12-08 16:00,134.23,signal,2.000,0.5346587000,2.1253413000,0.007996,4.00,tb-pullback_rsi-LTCUSDT-1733644800-B,tb-pullback_rsi-LTCUSDT-1733659200-S
ETH/USDT,pullback_rsi,2024-12-08 16:00,3994.79,2024-12-09 00:00,4000.14,signal,0.1444,1.1552668540,-0.3827268540,-0.000663,8.00,tb-pullback_rsi-ETHUSDT-1733659200-B,tb-pullback_rsi-ETHUSDT-1733688000-S
ADA/USDT,pullback_rsi,2024-12-09 00:00,1.1948,2024-12-09 15:59,1.0959,stop,248.8,0.570284600000,-25.176604600000,-0.084694,16.00,tb-pullback_rsi-ADAUSDT-1733688000-B,tb-pullback_rsi-ADAUSDT-1733745600-X
ADA/USDT,pullback_rsi,2024-12-09 16:00,1.1164,2024-12-09 23:59,1.0104,stop,231.3,0.492263760000,-25.010063760000,-0.096854,8.00,tb-pullback_rsi-ADAUSDT-1733745600-B,tb-pullback_rsi-ADAUSDT-1733774400-X
LTC/USDT,pullback_rsi,2024-12-09 16:00,123.29,2024-12-09 23:59,110.61,stop,1.931,0.4519074800,-24.9369874800,-0.104745,8.00,tb-pullback_rsi-LTCUSDT-1733745600-B,tb-pullback_rsi-LTCUSDT-1733774400-X
BTC/USDT,pullback_rsi,2024-12-10 00:00,97373.76,2024-12-10 12:00,97624.80,signal,0.00538,1.0500659864,0.3005292136,0.000574,12.00,tb-pullback_rsi-BTCUSDT-1733774400-B,tb-pullback_rsi-BTCUSDT-1733817600-S
ADA/USDT,pullback_rsi,2024-12-10 20:00,0.9656,2024-12-11 00:00,1.0204,signal,171.3,0.340394920000,9.046845080000,0.054694,4.00,tb-pullback_rsi-ADAUSDT-1733846400-B,tb-pullback_rsi-ADAUSDT-1733860800-S
ETH/USDT,pullback_rsi,2024-12-10 08:00,3738.28,2024-12-11 12:00,3713.12,signal,0.1014,0.7563196180,-3.3075436180,-0.008726,28.00,tb-pullback_rsi-ETHUSDT-1733803200-B,tb-pullback_rsi-ETHUSDT-1733904000-S
XRP/USDT,pullback_rsi,2024-12-13 04:00,2.3534,2024-12-13 16:00,2.3966,signal,85.9,0.408260340000,3.302619660000,0.016337,12.00,tb-pullback_rsi-XRPUSDT-1734048000-B,tb-pullback_rsi-XRPUSDT-1734091200-S
SOL/USDT,pullback_rsi,2024-12-13 12:00,225.83,2024-12-14 04:00,226.00,signal,1.679,0.7590742300,-0.4736442300,-0.001249,16.00,tb-pullback_rsi-SOLUSDT-1734076800-B,tb-pullback_rsi-SOLUSDT-1734134400-S
ADA/USDT,pullback_rsi,2024-12-15 00:00,1.0620,2024-12-15 12:00,1.0772,signal,252.6,0.540680520000,3.298839480000,0.012297,12.00,tb-pullback_rsi-ADAUSDT-1734206400-B,tb-pullback_rsi-ADAUSDT-1734249600-S
LTC/USDT,pullback_rsi,2024-12-15 00:00,118.35,2024-12-15 16:00,119.94,signal,2.319,0.5529495600,3.1342604400,0.011420,16.00,tb-pullback_rsi-LTCUSDT-1734206400-B,tb-pullback_rsi-LTCUSDT-1734264000-S
LTC/USDT,pullback_rsi,2024-12-16 16:00,118.42,2024-12-16 20:00,119.96,signal,2.440,0.5820024600,3.1755975400,0.010990,4.00,tb-pullback_rsi-LTCUSDT-1734350400-B,tb-pullback_rsi-LTCUSDT-1734364800-S
XRP/USDT,pullback_rsi,2024-12-16 16:00,2.3767,2024-12-16 20:00,2.4724,signal,133.3,0.646860370000,12.109949630000,0.038224,4.00,tb-pullback_rsi-XRPUSDT-1734350400-B,tb-pullback_rsi-XRPUSDT-1734364800-S
LINK/USDT,pullback_rsi,2024-12-17 12:00,28.419,2024-12-18 12:00,27.892,signal,7.95,0.44795664000,-4.63760664000,-0.020527,24.00,tb-pullback_rs-LINKUSDT-1734422400-B,tb-pullback_rs-LINKUSDT-1734508800-S
BTC/USDT,pullback_rsi,2024-12-18 12:00,105133.36,2024-12-18 23:59,101254.74,stop,0.00640,1.3219351776,-26.1451031776,-0.038857,12.00,tb-pullback_rsi-BTCUSDT-1734508800-B,tb-pullback_rsi-BTCUSDT-1734552000-X
BTC/USDT,pullback_rsi,2024-12-19 04:00,101294.35,2024-12-19 12:00,102347.55,signal,0.00556,1.1332619095,4.7225300905,0.008385,8.00,tb-pullback_rsi-BTCUSDT-1734566400-B,tb-pullback_rsi-BTCUSDT-1734595200-S
ETH/USDT,pullback_rsi,2024-12-19 04:00,3672.57,2024-12-19 19:59,3449.84,stop,0.1100,0.7841996140,-25.2844996140,-0.062588,16.00,tb-pullback_rsi-ETHUSDT-1734566400-B,tb-pullback_rsi-ETHUSDT-1734624000-X
BTC/USDT,pullback_rsi,2024-12-20 00:00,97559.33,2024-12-20 15:59,92325.88,stop,0.00468,0.8896383777,-25.3821843777,-0.055592,16.00,tb-pullback_rsi-BTCUSDT-1734638400-B,tb-pullback_rsi-BTCUSDT-1734696000-X
LINK/USDT,pullback_rsi,2024-12-20 00:00,22.833,2024-12-20 20:00,23.276,signal,7.10,0.32760223000,2.81769777000,0.017381,20.00,tb-pullback_rs-LINKUSDT-1734638400-B,tb-pullback_rs-LINKUSDT-1734710400-S
XRP/USDT,pullback_rsi,2024-12-20 16:00,2.2170,2024-12-21 04:00,2.2973,signal,69.4,0.313514120000,5.259305880000,0.034182,12.00,tb-pullback_rsi-XRPUSDT-1734696000-B,tb-pullback_rsi-XRPUSDT-1734739200-S
BNB/USDT,pullback_rsi,2024-12-26 20:00,692.91,2024-12-27 12:00,705.32,signal,0.730,1.0214008100,8.0378991900,0.015891,16.00,tb-pullback_rsi-BNBUSDT-1735228800-B,tb-pullback_rsi-BNBUSDT-1735286400-S
LINK/USDT,pullback_rsi,2024-12-26 20:00,22.833,2024-12-27 12:00,23.416,signal,10.87,0.50318329000,5.83402671000,0.023506,16.00,tb-pullback_rs-LINKUSDT-1735228800-B,tb-pullback_rs-LINKUSDT-1735286400-S
XRP/USDT,pullback_rsi,2025-01-05 08:00,2.4030,2025-01-06 00:00,2.3969,signal,190.2,0.913421580000,-2.073641580000,-0.004537,16.00,tb-pullback_rsi-XRPUSDT-1736049600-B,tb-pullback_rsi-XRPUSDT-1736107200-S
BNB/USDT,pullback_rsi,2025-01-18 12:00,702.62,2025-01-19 00:00,708.81,signal,0.955,1.3486182700,4.5628317300,0.006800,12.00,tb-pullback_rsi-BNBUSDT-1737187200-B,tb-pullback_rsi-BNBUSDT-1737230400-S
LTC/USDT,pullback_rsi,2025-01-18 12:00,127.77,2025-01-19 11:59,114.38,stop,1.813,0.4392734900,-24.7153434900,-0.106694,24.00,tb-pullback_rsi-LTCUSDT-1737187200-B,tb-pullback_rsi-LTCUSDT-1737273600-X
LINK/USDT,pullback_rsi,2025-01-19 16:00,25.436,2025-01-19 20:00,26.013,signal,9.31,0.47924455000,4.89262545000,0.020661,4.00,tb-pullback_rs-LINKUSDT-1737288000-B,tb-pullback_rs-LINKUSDT-1737302400-S
LTC/USDT,pullback_rsi,2025-01-19 16:00,124.44,2025-01-19 23:59,110.98,stop,1.800,0.4240048800,-24.6520048800,-0.110058,8.00,tb-pullback_rsi-LTCUSDT-1737288000-B,tb-pullback_rsi-LTCUSDT-1737316800-X
ADA/USDT,pullback_rsi,2025-01-21 12:00,1.0014,2025-01-21 20:00,1.0136,signal,190.9,0.384863780000,1.944116220000,0.010170,8.00,tb-pullback_rsi-ADAUSDT-1737446400-B,tb-pullback_rsi-ADAUSDT-1737475200-S
SOL/USDT,pullback_rsi,2025-01-20 08:00,262.18,2025-01-21 20:00,253.15,signal,0.568,0.2929696200,-5.4220096200,-0.036409,36.00,tb-pullback_rsi-SOLUSDT-1737345600-B,tb-pullback_rsi-SOLUSDT-1737475200-S
BTC/USDT,pullback_rsi,2025-01-22 20:00,104734.63,2025-01-23 16:00,105158.25,signal,0.00427,0.8972899464,0.9115674536,0.002038,20.00,tb-pullback_rsi-BTCUSDT-1737561600-B,tb-pullback_rsi-BTCUSDT-1737633600-S
LTC/USDT,pullback_rsi,2025-01-22 12:00,117.31,2025-01-23 16:00,115.84,signal,1.928,0.4497478200,-3.2839078200,-0.014519,28.00,tb-pullback_rsi-LTCUSDT-1737532800-B,tb-pullback_rsi-LTCUSDT-1737633600-S
SOL/USDT,pullback_rsi,2025-01-25 12:00,250.22,2025-01-25 16:00,253.42,signal,0.954,0.4807227800,2.5720772200,0.010775,4.00,tb-pullback_rsi-SOLUSDT-1737792000-B,tb-pullback_rsi-SOLUSDT-1737806400-S
BTC/USDT,pullback_rsi,2025-01-27 16:00,101213.15,2025-01-28 00:00,101980.74,signal,0.00552,1.1226423995,3.1144544005,0.005575,8.00,tb-pullback_rsi-BTCUSDT-1737979200-B,tb-pullback_rsi-BTCUSDT-1738008000-S
XRP/USDT,pullback_rsi,2025-01-27 16:00,2.9596,2025-01-28 00:00,3.0521,signal,95.9,0.576817990000,8.293932010000,0.029222,8.00,tb-pullback_rsi-XRPUSDT-1737979200-B,tb-pullback_rsi-XRPUSDT-1738008000-S
LTC/USDT,pullback_rsi,2025-01-29 04:00,113.46,2025-01-29 08:00,114.60,signal,2.478,0.5654730600,2.2594469400,0.008036,4.00,tb-pullback_rsi-LTCUSDT-1738108800-B,tb-pullback_rsi-LTCUSDT-1738123200-S
SOL/USDT,pullback_rsi,2025-01-29 04:00,231.44,2025-01-29 08:00,234.18,signal,1.171,0.5457039000,2.6628361000,0.009825,4.00,tb-pullback_rsi-SOLUSDT-1738108800-B,tb-pullback_rsi-SOLUSDT-1738123200-S
SOL/USDT,pullback_rsi,2025-01-31 12:00,239.01,2025-01-31 16:00,239.85,signal,1.415,0.6780649200,0.5105350800,0.001510,4.00,tb-pullback_rsi-SOLUSDT-1738310400-B,tb-pullback_rsi-SOLUSDT-1738324800-S
BTC/USDT,pullback_rsi,2025-02-01 16:00,102175.97,2025-02-02 11:59,98836.79,stop,0.00770,1.5488200087,-27.2605060087,-0.034649,20.00,tb-pullback_rsi-BTCUSDT-1738411200-B,tb-pullback_rsi-BTCUSDT-1738483200-X
XRP/USDT,pullback_rsi,2025-02-02 08:00,2.8846,2025-02-02 19:59,2.6881,stop,128.5,0.716668870000,-25.966918870000,-0.070054,12.00,tb-pullback_rsi-XRPUSDT-1738468800-B,tb-pullback_rsi-XRPUSDT-1738512000-X
LTC/USDT,pullback_rsi,2025-02-12 00:00,119.38,2025-02-12 20:00,123.67,signal,2.161,0.5255891900,8.7451008100,0.033898,20.00,tb-pullback_rsi-LTCUSDT-1739304000-B,tb-pullback_rsi-LTCUSDT-1739376000-S
BNB/USDT,pullback_rsi,2025-02-14 04:00,683.88,2025-02-15 16:00,665.55,signal,0.448,0.6052285200,-8.8170685200,-0.028778,36.00,tb-pullback_rsi-BNBUSDT-1739491200-B,tb-pullback_rsi-BNBUSDT-1739620800-S
XRP/USDT,pullback_rsi,2025-04-24 12:00,2.1578,2025-04-24 16:00,2.2103,signal,216.6,0.946777800000,10.424722200000,0.022305,4.00,tb-pullback_rsi-XRPUSDT-1745481600-B,tb-pullback_rsi-XRPUSDT-1745496000-S
BNB/USDT,pullback_rsi,2025-04-24 00:00,606.33,2025-04-25 00:00,600.95,signal,1.527,1.8447292200,-10.0599892200,-0.010865,24.00,tb-pullback_rsi-BNBUSDT-1745438400-B,tb-pullback_rsi-BNBUSDT-1745524800-S
BNB/USDT,pullback_rsi,2025-04-26 04:00,602.81,2025-04-26 16:00,607.35,signal,1.516,1.8358081800,5.0468318200,0.005523,12.00,tb-pullback_rsi-BNBUSDT-1745625600-B,tb-pullback_rsi-BNBUSDT-1745668800-S
SOL/USDT,pullback_rsi,2025-04-26 16:00,149.47,2025-04-27 16:00,148.87,signal,3.092,0.9230651600,-2.7782651600,-0.006011,24.00,tb-pullback_rsi-SOLUSDT-1745668800-B,tb-pullback_rsi-SOLUSDT-1745755200-S
XRP/USDT,pullback_rsi,2025-04-27 12:00,2.1825,2025-04-27 16:00,2.2255,signal,279.4,1.232249950000,10.781950050000,0.017681,4.00,tb-pullback_rsi-XRPUSDT-1745740800-B,tb-pullback_rsi-XRPUSDT-1745755200-S
LINK/USDT,pullback_rsi,2025-04-27 20:00,14.835,2025-04-28 04:00,14.835,signal,28.24,0.83832585000,-0.83832585000,-0.002001,8.00,tb-pullback_rs-LINKUSDT-1745769600-B,tb-pullback_rs-LINKUSDT-1745798400-S
ADA/USDT,pullback_rsi,2025-04-27 20:00,0.7167,2025-04-28 08:00,0.7244,signal,562.8,0.811481100000,3.522078900000,0.008732,12.00,tb-pullback_rsi-ADAUSDT-1745769600-B,tb-pullback_rsi-ADAUSDT-1745812800-S
XRP/USDT,pullback_rsi,2025-04-30 04:00,2.2510,2025-04-30 15:59,2.1435,stop,236.2,1.038656200000,-26.430156200000,-0.049710,12.00,tb-pullback_rsi-XRPUSDT-1745971200-B,tb-pullback_rsi-XRPUSDT-1746014400-X
LINK/USDT,pullback_rsi,2025-04-30 04:00,14.745,2025-04-30 15:59,13.867,stop,28.79,0.82418183000,-26.10180183000,-0.061487,12.00,tb-pullback_rs-LINKUSDT-1745971200-B,tb-pullback_rs-LINKUSDT-1746014400-X
LINK/USDT,pullback_rsi,2025-04-30 20:00,14.225,2025-05-01 04:00,14.515,signal,26.93,0.77439495000,7.03530505000,0.018365,8.00,tb-pullback_rs-LINKUSDT-1746028800-B,tb-pullback_rs-LINKUSDT-1746057600-S
LTC/USDT,pullback_rsi,2025-04-30 20:00,83.78,2025-05-01 08:00,84.86,signal,5.537,0.9342623600,5.0456976400,0.010877,12.00,tb-pullback_rsi-LTCUSDT-1746028800-B,tb-pullback_rsi-LTCUSDT-1746072000-S
SOL/USDT,pullback_rsi,2025-05-02 12:00,150.88,2025-05-04 12:00,145.31,signal,3.440,1.0194971200,-20.1802971200,-0.038881,48.00,tb-pullback_rsi-SOLUSDT-1746172800-B,tb-pullback_rsi-SOLUSDT-1746345600-S
LINK/USDT,pullback_rsi,2025-05-03 16:00,14.435,2025-05-05 08:00,14.105,signal,33.95,0.96951040000,-12.17301040000,-0.024839,40.00,tb-pullback_rs-LINKUSDT-1746273600-B,tb-pullback_rs-LINKUSDT-1746417600-S
SOL/USDT,pullback_rsi,2025-05-04 16:00,146.98,2025-05-05 08:00,146.73,signal,4.357,1.2804293700,-2.3696793700,-0.003700,16.00,tb-pullback_rsi-SOLUSDT-1746360000-B,tb-pullback_rsi-SOLUSDT-1746417600-S
ETH/USDT,pullback_rsi,2025-05-06 20:00,1786.59,2025-05-07 00:00,1815.18,signal,0.3468,1.2498084680,8.6652035320,0.013985,4.00,tb-pullback_rsi-ETHUSDT-1746547200-B,tb-pullback_rsi-ETHUSDT-1746561600-S
ETH/USDT,pullback_rsi,2025-05-08 00:00,1812.93,2025-05-08 04:00,1899.18,signal,0.3420,1.2702667920,28.2272332080,0.045526,4.00,tb-pullback_rsi-ETHUSDT-1746648000-B,tb-pullback_rsi-ETHUSDT-1746662400-S
BTC/USDT,pullback_rsi,2025-05-13 00:00,102894.12,2025-05-13 12:00,103625.47,signal,0.00721,1.4900351864,3.7829983136,0.005099,12.00,tb-pullback_rsi-BTCUSDT-1747080000-B,tb-pullback_rsi-BTCUSDT-1747123200-S
LINK/USDT,pullback_rsi,2025-05-13 00:00,16.757,2025-05-13 16:00,16.853,signal,17.22,0.57909934000,1.07402066000,0.003722,16.00,tb-pullback_rs-LINKUSDT-1747080000-B,tb-pullback_rs-LINKUSDT-1747137600-S
LTC/USDT,pullback_rsi,2025-05-14 20:00,100.29,2025-05-15 20:00,99.49,signal,3.079,0.6155237800,-3.0787237800,-0.009970,24.00,tb-pullback_rsi-LTCUSDT-1747238400-B,tb-pullback_rsi-LTCUSDT-1747324800-S
LINK/USDT,pullback_rsi,2025-05-15 12:00,16.337,2025-05-16 08:00,16.333,signal,18.93,0.61876984000,-0.69448984000,-0.002246,20.00,tb-pullback_rs-LINKUSDT-1747296000-B,tb-pullback_rs-LINKUSDT-1747368000-S
XRP/USDT,pullback_rsi,2025-05-16 04:00,2.4151,2025-05-18 04:00,2.3562,signal,132.4,0.632203140000,-8.430563140000,-0.026365,48.00,tb-pullback_rsi-XRPUSDT-1747353600-B,tb-pullback_rsi-XRPUSDT-1747526400-S
SOL/USDT,pullback_rsi,2025-05-17 04:00,168.43,2025-05-18 08:00,170.50,signal,2.125,0.7207315400,3.6780184600,0.010276,28.00,tb-pullback_rsi-SOLUSDT-1747440000-B,tb-pullback_rsi-SOLUSDT-1747540800-S
ADA/USDT,pullback_rsi,2025-05-20 16:00,0.7329,2025-05-20 20:00,0.7385,signal,480.6,0.707521290000,1.983838710000,0.005632,4.00,tb-pullback_rsi-ADAUSDT-1747742400-B,tb-pullback_rsi-ADAUSDT-1747756800-S
LTC/USDT,pullback_rsi,2025-05-20 16:00,93.99,2025-05-21 04:00,94.64,signal,3.616,0.6824620400,1.6679379600,0.004908,12.00,tb-pullback_rsi-LTCUSDT-1747742400-B,tb-pullback_rsi-LTCUSDT-1747785600-S
BNB/USDT,pullback_rsi,2025-05-24 04:00,665.14,2025-05-24 12:00,674.01,signal,0.981,1.3143712900,7.3870987100,0.011321,8.00,tb-pullback_rsi-BNBUSDT-1748044800-B,tb-pullback_rsi-BNBUSDT-1748073600-S
BTC/USDT,pullback_rsi,2025-05-24 04:00,108474.68,2025-05-24 12:00,109099.36,signal,0.00605,1.3174076908,2.4619063092,0.003751,8.00,tb-pullback_rsi-BTCUSDT-1748044800-B,tb-pullback_rsi-BTCUSDT-1748073600-S
LINK/USDT,pullback_rsi,2025-05-25 04:00,15.486,2025-05-26 00:00,15.524,signal,23.08,0.71617538000,0.16086462000,0.000450,20.00,tb-pullback_rs-LINKUSDT-1748131200-B,tb-pullback_rs-LINKUSDT-1748203200-S
LTC/USDT,pullback_rsi,2025-05-25 04:00,95.88,2025-05-26 00:00,95.49,signal,4.341,0.8312165700,-2.5242065700,-0.006065,20.00,tb-pullback_rsi-LTCUSDT-1748131200-B,tb-pullback_rsi-LTCUSDT-1748203200-S
SOL/USDT,pullback_rsi,2025-05-27 00:00,175.10,2025-05-27 12:00,176.62,signal,2.636,0.9276592200,3.0790607800,0.006671,12.00,tb-pullback_rsi-SOLUSDT-1748289600-B,tb-pullback_rsi-SOLUSDT-1748332800-S
ADA/USDT,pullback_rsi,2025-05-28 12:00,0.7597,2025-05-29 04:00,0.7572,signal,650.2,0.986820170000,-2.612320170000,-0.005289,16.00,tb-pullback_rsi-ADAUSDT-1748419200-B,tb-pullback_rsi-ADAUSDT-1748476800-S
SOL/USDT,pullback_rsi,2025-05-28 12:00,174.70,2025-05-29 04:00,173.51,signal,3.023,1.0533376300,-4.6507076300,-0.008806,16.00,tb-pullback_rsi-SOLUSDT-1748419200-B,tb-pullback_rsi-SOLUSDT-1748476800-S
BNB/USDT,pullback_rsi,2025-05-30 12:00,671.86,2025-05-30 23:59,652.74,stop,1.341,1.7776323200,-27.4175523200,-0.030431,12.00,tb-pullback_rsi-BNBUSDT-1748592000-B,tb-pullback_rsi-BNBUSDT-1748635200-X
BTC/USDT,pullback_rsi,2025-05-30 04:00,106130.36,2025-05-31 16:00,104451.52,signal,0.00754,1.5888486780,-14.2473022780,-0.017804,36.00,tb-pullback_rsi-BTCUSDT-1748563200-B,tb-pullback_rsi-BTCUSDT-1748692800-S
ETH/USDT,pullback_rsi,2025-05-31 08:00,2523.64,2025-05-31 16:00,2533.75,signal,0.1723,0.8718930300,0.8700599700,0.002001,8.00,tb-pullback_rsi-ETHUSDT-1748664000-B,tb-pullback_rsi-ETHUSDT-1748692800-S
ETH/USDT,pullback_rsi,2025-06-01 16:00,2525.76,2025-06-01 20:00,2523.85,signal,0.2107,1.0647105600,-1.4671475600,-0.002757,4.00,tb-pullback_rsi-ETHUSDT-1748779200-B,tb-pullback_rsi-ETHUSDT-1748793600-S
BNB/USDT,pullback_rsi,2025-06-01 16:00,655.38,2025-06-02 00:00,660.10,signal,1.452,1.9113877200,4.9420522800,0.005193,8.00,tb-pullback_rsi-BNBUSDT-1748779200-B,tb-pullback_rsi-BNBUSDT-1748808000-S
ETH/USDT,pullback_rsi,2025-06-06 04:00,2458.16,2025-06-06 16:00,2507.11,signal,0.1737,0.8629590340,7.6396559660,0.017892,12.00,tb-pullback_rsi-ETHUSDT-1749168000-B,tb-pullback_rsi-ETHUSDT-1749211200-S
BTC/USDT,pullback_rsi,2025-06-12 16:00,107127.99,2025-06-13 03:59,104470.16,stop,0.00967,2.0472253932,-27.7484414932,-0.026786,12.00,tb-pullback_rsi-BTCUSDT-1749729600-B,tb-pullback_rsi-BTCUSDT-1749772800-X
BNB/USDT,pullback_rsi,2025-06-13 08:00,655.67,2025-06-14 00:00,654.69,signal,1.407,1.8449878600,-3.2238478600,-0.003495,16.00,tb-pullback_rsi-BNBUSDT-1749787200-B,tb-pullback_rsi-BNBUSDT-1749844800-S
ETH/USDT,pullback_rsi,2025-06-13 08:00,2528.99,2025-06-14 00:00,2576.61,signal,0.1395,0.7127370030,5.9302529970,0.016809,16.00,tb-pullback_rsi-ETHUSDT-1749787200-B,tb-pullback_rsi-ETHUSDT-1749844800-S
BTC/USDT,pullback_rsi,2025-06-15 00:00,105520.05,2025-06-15 04:00,105368.06,signal,0.00932,1.9665323865,-3.3830791865,-0.003440,4.00,tb-pullback_rsi-BTCUSDT-1749931200-B,tb-pullback_rsi-BTCUSDT-1749945600-S
ETH/USDT,pullback_rsi,2025-06-15 00:00,2533.31,2025-06-15 16:00,2539.26,signal,0.1761,0.8937862430,0.1540087570,0.000345,16.00,tb-pullback_rsi-ETHUSDT-1749931200-B,tb-pullback_rsi-ETHUSDT-1749988800-S
BTC/USDT,pullback_rsi,2025-07-02 00:00,105786.82,2025-07-02 04:00,106088.50,signal,0.01192,2.5276695508,1.0683560492,0.000847,4.00,tb-pullback_rsi-BTCUSDT-1751400000-B,tb-pullback_rsi-BTCUSDT-1751414400-S
ETH/USDT,pullback_rsi,2025-07-04 12:00,2551.75,2025-07-05 08:00,2518.79,signal,0.2347,1.1908212600,-8.9265332600,-0.014905,20.00,tb-pullback_rsi-ETHUSDT-1751616000-B,tb-pullback_rsi-ETHUSDT-1751688000-S
LTC/USDT,pullback_rsi,2025-07-04 12:00,88.24,2025-07-05 20:00,86.67,signal,6.295,1.1016761300,-10.9848261300,-0.019776,32.00,tb-pullback_rsi-LTCUSDT-1751616000-B,tb-pullback_rsi-LTCUSDT-1751731200-S
BTC/USDT,pullback_rsi,2025-07-08 00:00,108371.21,2025-07-08 08:00,108376.12,signal,0.01394,3.0236252016,-2.9551798016,-0.001956,8.00,tb-pullback_rsi-BTCUSDT-1751918400-B,tb-pullback_rsi-BTCUSDT-1751947200-S
ETH/USDT,pullback_rsi,2025-07-07 20:00,2546.52,2025-07-08 08:00,2550.86,signal,0.2744,1.3994850240,-0.2085890240,-0.000299,12.00,tb-pullback_rsi-ETHUSDT-1751904000-B,tb-pullback_rsi-ETHUSDT-1751947200-S
ETH/USDT,pullback_rsi,2025-07-12 20:00,2944.13,2025-07-13 04:00,2952.15,signal,0.1745,1.0294896910,0.3700003090,0.000720,8.00,tb-pullback_rsi-ETHUSDT-1752336000-B,tb-pullback_rsi-ETHUSDT-1752364800-S
SOL/USDT,pullback_rsi,2025-07-12 20:00,160.88,2025-07-13 08:00,162.50,signal,3.114,1.0076488400,4.0370311600,0.008058,12.00,tb-pullback_rsi-SOLUSDT-1752336000-B,tb-pullback_rsi-SOLUSDT-1752379200-S
LINK/USDT,pullback_rsi,2025-07-15 08:00,15.426,2025-07-15 16:00,15.554,signal,23.49,0.72818298000,2.27853702000,0.006288,8.00,tb-pullback_rs-LINKUSDT-1752552000-B,tb-pullback_rs-LINKUSDT-1752580800-S
SOL/USDT,pullback_rsi,2025-07-15 08:00,159.70,2025-07-16 00:00,163.81,signal,3.019,0.9773154900,11.4307745100,0.023709,16.00,tb-pullback_rsi-SOLUSDT-1752552000-B,tb-pullback_rsi-SOLUSDT-1752609600-S
BTC/USDT,pullback_rsi,2025-07-19 00:00,118042.77,2025-07-20 16:00,118552.44,signal,0.00659,1.5603428620,1.7983824380,0.002312,40.00,tb-pullback_rsi-BTCUSDT-1752868800-B,tb-pullback_rsi-BTCUSDT-1753012800-S
ETH/USDT,pullback_rsi,2025-07-22 12:00,3709.01,2025-07-23 00:00,3742.46,signal,0.1188,0.8859764400,3.0878835600,0.007008,12.00,tb-pullback_rsi-ETHUSDT-1753171200-B,tb-pullback_rsi-ETHUSDT-1753214400-S
ADA/USDT,pullback_rsi,2025-07-24 00:00,0.8169,2025-07-24 16:00,0.8226,signal,322.5,0.529065510000,1.309184490000,0.004969,16.00,tb-pullback_rsi-ADAUSDT-1753300800-B,tb-pullback_rsi-ADAUSDT-1753358400-S
LINK/USDT,pullback_rsi,2025-07-24 00:00,18.199,2025-07-24 16:00,18.451,signal,14.78,0.54205098000,3.18250902000,0.011832,16.00,tb-pullback_rs-LINKUSDT-1753300800-B,tb-pullback_rs-LINKUSDT-1753358400-S
BNB/USDT,pullback_rsi,2025-07-25 08:00,762.17,2025-07-25 12:00,770.89,signal,0.562,0.8623418900,4.0382981100,0.009428,4.00,tb-pullback_rsi-BNBUSDT-1753416000-B,tb-pullback_rsi-BNBUSDT-1753430400-S
LTC/USDT,pullback_rsi,2025-07-25 08:00,111.27,2025-07-25 12:00,115.56,signal,2.508,0.5692234500,10.1900965500,0.036515,4.00,tb-pullback_rsi-LTCUSDT-1753416000-B,tb-pullback_rsi-LTCUSDT-1753430400-S
ETH/USDT,pullback_rsi,2025-07-29 00:00,3802.80,2025-07-29 08:00,3873.48,signal,0.1419,1.0900246900,8.9394673100,0.016566,8.00,tb-pullback_rsi-ETHUSDT-1753732800-B,tb-pullback_rsi-ETHUSDT-1753761600-S
LTC/USDT,pullback_rsi,2025-07-29 04:00,109.39,2025-07-29 08:00,110.49,signal,3.781,0.8318038400,3.3272961600,0.008045,4.00,tb-pullback_rsi-LTCUSDT-1753747200-B,tb-pullback_rsi-LTCUSDT-1753761600-S
BTC/USDT,pullback_rsi,2025-07-29 20:00,117642.81,2025-07-30 04:00,118043.69,signal,0.00971,2.2896923432,1.6028524568,0.001403,8.00,tb-pullback_rsi-BTCUSDT-1753804800-B,tb-pullback_rsi-BTCUSDT-1753833600-S
BNB/USDT,pullback_rsi,2025-07-30 00:00,805.92,2025-07-30 19:59,766.43,stop,0.637,1.0023928700,-26.1575228700,-0.050952,20.00,tb-pullback_rsi-BNBUSDT-1753819200-B,tb-pullback_rsi-BNBUSDT-1753891200-X
SOL/USDT,pullback_rsi,2025-07-30 16:00,179.35,2025-07-31 04:00,180.12,signal,2.405,0.8650634000,0.9867866000,0.002288,12.00,tb-pullback_rsi-SOLUSDT-1753876800-B,tb-pullback_rsi-SOLUSDT-1753920000-S
