pair,strategy,entry_time,entry_price,exit_time,exit_price,exit_reason,qty,fees_quote,pnl,pnl_pct,duration_hours,entry_client_order_id,exit_client_order_id
ETH/USDT,supertrend,2021-08-15 21:00,3262.93,2021-08-16 13:59,3212.99,trailing,0.2109,1.3667504060,-11.8990964060,-0.017291,17.00,tb-supertrend-ETHUSDT-1629057600-B,tb-supertrend-ETHUSDT-1629118800-T
LINK/USDT,supertrend,2021-08-15 23:00,27.768,2021-08-16 19:59,28.703,trailing,18.48,1.04413944000,16.23466056000,0.031637,21.00,tb-supertrend-LINKUSDT-1629064800-B,tb-supertrend-LINKUSDT-1629140400-T
LINK/USDT,supertrend,2021-08-17 12:00,29.952,2021-08-17 17:59,27.979,stop,12.84,0.74443308000,-26.07775308000,-0.067808,6.00,tb-supertrend-LINKUSDT-1629198000-B,tb-supertrend-LINKUSDT-1629219600-X
BNB/USDT,supertrend,2021-08-17 12:00,433.01,2021-08-17 19:59,413.96,stop,1.340,1.1358058200,-26.6628058200,-0.045952,8.00,tb-supertrend-BNBUSDT-1629198000-B,tb-supertrend-BNBUSDT-1629226800-X
ETH/USDT,supertrend,2021-08-23 01:00,3252.10,2021-08-24 13:59,3264.42,trailing,0.2427,1.5825350300,1.4075289700,0.001783,37.00,tb-supertrend-ETHUSDT-1629676800-B,tb-supertrend-ETHUSDT-1629810000-T
LINK/USDT,supertrend,2021-08-23 03:00,28.537,2021-08-24 13:59,28.045,trailing,18.76,1.06204906000,-10.29196906000,-0.019225,35.00,tb-supertrend-LINKUSDT-1629684000-B,tb-supertrend-LINKUSDT-1629810000-T
BNB/USDT,supertrend,2021-08-25 07:00,493.76,2021-08-25 09:59,469.62,stop,1.048,1.0106097600,-26.3093297600,-0.050843,3.00,tb-supertrend-BNBUSDT-1629871200-B,tb-supertrend-BNBUSDT-1629882000-X
BTC/USDT,supertrend,2021-08-25 19:00,48973.57,2021-08-26 03:59,47853.24,trailing,0.01733,1.6789880895,-21.0943069895,-0.024854,9.00,tb-supertrend-BTCUSDT-1629914400-B,tb-supertrend-BTCUSDT-1629946800-T
ETH/USDT,supertrend,2021-08-25 18:00,3228.06,2021-08-26 04:59,3133.02,trailing,0.1968,1.2525061600,-19.9563781600,-0.031413,11.00,tb-supertrend-ETHUSDT-1629910800-B,tb-supertrend-ETHUSDT-1629950400-T
ADA/USDT,supertrend,2021-08-27 12:00,2.7188,2021-08-28 11:59,2.7985,trailing,142.1,0.784552090000,10.540817910000,0.027284,24.00,tb-supertrend-ADAUSDT-1630062000-B,tb-supertrend-ADAUSDT-1630148400-T
SOL/USDT,supertrend,2021-08-26 14:00,73.22,2021-08-29 09:59,91.51,trailing,3.953,0.6514705700,71.6488994300,0.247544,68.00,tb-supertrend-SOLUSDT-1629982800-B,tb-supertrend-SOLUSDT-1630227600-T
ETH/USDT,supertrend,2021-08-30 17:00,3271.88,2021-08-30 23:59,3238.06,trailing,0.2624,1.7091898160,-10.5835578160,-0.012327,7.00,tb-supertrend-ETHUSDT-1630339200-B,tb-supertrend-ETHUSDT-1630364400-T
LINK/USDT,supertrend,2021-08-30 19:00,25.586,2021-08-30 23:59,25.293,trailing,24.91,1.26816347000,-8.56679347000,-0.013441,5.00,tb-supertrend-LINKUSDT-1630346400-B,tb-supertrend-LINKUSDT-1630364400-T
ETH/USDT,supertrend,2021-08-31 08:00,3361.47,2021-09-03 01:59,3706.30,trailing,0.1906,1.3477892560,64.3768087440,0.100479,66.00,tb-supertrend-ETHUSDT-1630393200-B,tb-supertrend-ETHUSDT-1630630800-T
LINK/USDT,supertrend,2021-08-31 12:00,26.937,2021-09-03 01:59,29.198,trailing,16.79,0.94304539000,37.01914461000,0.081851,62.00,tb-supertrend-LINKUSDT-1630407600-B,tb-supertrend-LINKUSDT-1630630800-T
BTC/USDT,supertrend,2021-09-03 09:00,50036.89,2021-09-04 17:59,49481.18,trailing,0.01821,1.8132247947,-11.9327038947,-0.013096,33.00,tb-supertrend-BTCUSDT-1630656000-B,tb-supertrend-BTCUSDT-1630774800-T
BNB/USDT,supertrend,2021-09-04 13:00,504.71,2021-09-05 06:59,488.76,trailing,1.565,1.5557899700,-26.5175399700,-0.033572,18.00,tb-supertrend-BNBUSDT-1630756800-B,tb-supertrend-BNBUSDT-1630821600-T
LINK/USDT,supertrend,2021-09-05 16:00,31.482,2021-09-06 12:59,33.209,trailing,19.44,1.25822268000,32.31465732000,0.052801,21.00,tb-supertrend-LINKUSDT-1630854000-B,tb-supertrend-LINKUSDT-1630929600-T
XRP/USDT,supertrend,2021-09-05 16:00,1.2890,2021-09-06 12:59,1.3299,trailing,591.8,1.550638420000,22.653981580000,0.029697,21.00,tb-supertrend-XRPUSDT-1630854000-B,tb-supertrend-XRPUSDT-1630929600-T
SOL/USDT,supertrend,2021-09-08 20:00,194.86,2021-09-09 18:59,186.18,trailing,0.830,0.3164580600,-7.5208580600,-0.046501,23.00,tb-supertrend-SOLUSDT-1631127600-B,tb-supertrend-SOLUSDT-1631210400-T
XRP/USDT,supertrend,2021-09-10 02:00,1.2173,2021-09-10 03:59,1.1220,stop,266.4,0.623554710000,-26.011474710000,-0.080211,2.00,tb-supertrend-XRPUSDT-1631235600-B,tb-supertrend-XRPUSDT-1631242800-X
BNB/USDT,supertrend,2021-09-10 02:00,439.84,2021-09-10 07:59,418.15,trailing,1.044,0.8966212400,-23.5409812400,-0.051266,6.00,tb-supertrend-BNBUSDT-1631235600-B,tb-supertrend-BNBUSDT-1631257200-T
ADA/USDT,supertrend,2021-09-15 14:00,2.5036,2021-09-16 02:59,2.4453,trailing,207.5,1.027647830000,-13.124897830000,-0.025265,13.00,tb-supertrend-ADAUSDT-1631710800-B,tb-supertrend-ADAUSDT-1631757600-T
XRP/USDT,supertrend,2021-09-15 15:00,1.1011,2021-09-16 14:59,1.0896,trailing,735.7,1.612578870000,-10.073128870000,-0.012435,24.00,tb-supertrend-XRPUSDT-1631714400-B,tb-supertrend-XRPUSDT-1631800800-T
BTC/USDT,supertrend,2021-09-18 05:00,48377.63,2021-09-19 01:59,47683.47,trailing,0.02061,1.9812706032,-16.2879082032,-0.016336,21.00,tb-supertrend-BTCUSDT-1631937600-B,tb-supertrend-BTCUSDT-1632013200-T
SOL/USDT,supertrend,2021-09-18 07:00,155.66,2021-09-19 11:59,158.35,trailing,2.003,0.6294290100,4.7586409900,0.015262,29.00,tb-supertrend-SOLUSDT-1631944800-B,tb-supertrend-SOLUSDT-1632049200-T
BNB/USDT,supertrend,2021-09-19 17:00,417.82,2021-09-19 22:59,406.37,stop,2.252,1.8573293400,-27.6427293400,-0.029378,6.00,tb-supertrend-BNBUSDT-1632067200-B,tb-supertrend-BNBUSDT-1632088800-X
LINK/USDT,supertrend,2021-10-07 14:00,27.688,2021-10-08 03:59,26.327,trailing,16.15,0.87289601000,-22.85304601000,-0.051107,14.00,tb-supertrend-LINKUSDT-1633611600-B,tb-supertrend-LINKUSDT-1633662000-T
SOL/USDT,supertrend,2021-10-08 11:00,164.80,2021-10-08 23:59,157.58,trailing,2.597,0.8377152600,-19.5880552600,-0.045768,13.00,tb-supertrend-SOLUSDT-1633687200-B,tb-supertrend-SOLUSDT-1633734000-T
LTC/USDT,supertrend,2021-10-11 08:00,184.69,2021-10-11 11:59,177.19,trailing,3.308,1.1978378000,-26.0078378000,-0.042569,4.00,tb-supertrend-LTCUSDT-1633935600-B,tb-supertrend-LTCUSDT-1633950000-T
ETH/USDT,supertrend,2021-10-11 08:00,3580.65,2021-10-11 20:59,3484.60,trailing,0.1993,1.4088204550,-20.5515854550,-0.028799,13.00,tb-supertrend-ETHUSDT-1633935600-B,tb-supertrend-ETHUSDT-1633982400-T
BNB/USDT,supertrend,2021-10-12 14:00,431.44,2021-10-13 05:59,439.23,trailing,1.096,0.9551172000,7.5827228000,0.016036,16.00,tb-supertrend-BNBUSDT-1634043600-B,tb-supertrend-BNBUSDT-1634101200-T
SOL/USDT,supertrend,2021-10-12 17:00,149.54,2021-10-13 13:59,145.15,trailing,2.346,0.6917913600,-10.9907313600,-0.031329,21.00,tb-supertrend-SOLUSDT-1634054400-B,tb-supertrend-SOLUSDT-1634130000-T
BTC/USDT,supertrend,2021-10-13 17:00,56998.68,2021-10-16 12:59,60721.54,trailing,0.01123,1.3231380400,40.4845797600,0.063248,68.00,tb-supertrend-BTCUSDT-1634140800-B,tb-supertrend-BTCUSDT-1634385600-T
LTC/USDT,supertrend,2021-10-13 13:00,178.18,2021-10-16 20:59,185.79,trailing,2.796,1.0181946600,20.2593653400,0.040666,80.00,tb-supertrend-LTCUSDT-1634126400-B,tb-supertrend-LTCUSDT-1634414400-T
BTC/USDT,supertrend,2021-10-18 00:00,61589.85,2021-10-18 09:59,60741.33,trailing,0.01347,1.6490327965,-13.0785971965,-0.015765,10.00,tb-supertrend-BTCUSDT-1634511600-B,tb-supertrend-BTCUSDT-1634547600-T
ETH/USDT,supertrend,2021-10-18 00:00,3850.85,2021-10-18 10:59,3750.14,trailing,0.1751,1.3317035150,-18.9660245150,-0.028128,11.00,tb-supertrend-ETHUSDT-1634511600-B,tb-supertrend-ETHUSDT-1634551200-T
BTC/USDT,supertrend,2021-10-19 17:00,63232.16,2021-10-21 01:59,65085.08,trailing,0.01213,1.5577527640,20.9181668360,0.027272,33.00,tb-supertrend-BTCUSDT-1634659200-B,tb-supertrend-BTCUSDT-1634778000-T
ETH/USDT,supertrend,2021-10-19 23:00,3882.33,2021-10-21 12:59,4145.92,trailing,0.2042,1.6405333450,52.1845446550,0.065825,38.00,tb-supertrend-ETHUSDT-1634680800-B,tb-supertrend-ETHUSDT-1634817600-T
BNB/USDT,supertrend,2021-10-22 09:00,497.70,2021-10-22 14:59,479.98,trailing,1.369,1.3394393200,-25.5981193200,-0.037570,6.00,tb-supertrend-BNBUSDT-1634889600-B,tb-supertrend-BNBUSDT-1634911200-T
ETH/USDT,supertrend,2021-10-23 18:00,4109.66,2021-10-24 11:59,4050.44,trailing,0.1812,1.4794320540,-12.2100960540,-0.016397,18.00,tb-supertrend-ETHUSDT-1635008400-B,tb-supertrend-ETHUSDT-1635073200-T
LTC/USDT,supertrend,2021-10-24 04:00,198.50,2021-10-24 11:59,192.57,trailing,4.040,1.5809153000,-25.5381153000,-0.031845,8.00,tb-supertrend-LTCUSDT-1635044400-B,tb-supertrend-LTCUSDT-1635073200-T
SOL/USDT,supertrend,2021-10-24 22:00,200.01,2021-10-26 04:59,206.74,trailing,2.335,0.9503612800,14.7641887200,0.031613,31.00,tb-supertrend-SOLUSDT-1635109200-B,tb-supertrend-SOLUSDT-1635220800-T
ETH/USDT,supertrend,2021-10-25 01:00,4136.11,2021-10-26 14:59,4137.86,trailing,0.1892,1.5662623440,-1.2351623440,-0.001578,38.00,tb-supertrend-ETHUSDT-1635120000-B,tb-supertrend-ETHUSDT-1635256800-T
LTC/USDT,supertrend,2021-10-27 00:00,197.70,2021-10-27 07:59,194.86,trailing,3.588,1.4092960800,-11.5992160800,-0.016352,8.00,tb-supertrend-LTCUSDT-1635289200-B,tb-supertrend-LTCUSDT-1635318000-T
ADA/USDT,supertrend,2021-10-28 09:00,2.0551,2021-10-30 02:59,1.9917,trailing,189.9,0.768898340000,-12.808558340000,-0.032820,42.00,tb-supertrend-ADAUSDT-1635408000-B,tb-supertrend-ADAUSDT-1635559200-T
BNB/USDT,supertrend,2021-10-28 09:00,479.48,2021-10-30 13:59,517.18,trailing,1.172,1.1690444800,43.0153555200,0.076547,53.00,tb-supertrend-BNBUSDT-1635408000-B,tb-supertrend-BNBUSDT-1635598800-T
ADA/USDT,supertrend,2021-10-31 03:00,2.0071,2021-10-31 10:59,1.9377,trailing,351.3,1.386611080000,-25.766831080000,-0.036544,8.00,tb-supertrend-ADAUSDT-1635645600-B,tb-supertrend-ADAUSDT-1635674400-T
LINK/USDT,supertrend,2021-11-01 01:00,30.351,2021-11-01 04:59,29.209,trailing,21.77,1.29753173000,-26.15887173000,-0.039590,4.00,tb-supertrend-LINKUSDT-1635724800-B,tb-supertrend-LINKUSDT-1635739200-T
BTC/USDT,supertrend,2021-11-01 08:00,62238.47,2021-11-01 19:00,60494.45,trailing,0.01199,1.4728124847,-22.3836122847,-0.029995,11.00,tb-supertrend-BTCUSDT-1635750000-B,tb-supertrend-BTCUSDT-1635789600-T
LTC/USDT,supertrend,2021-11-01 23:00,196.80,2021-11-03 12:59,199.47,trailing,3.161,1.2533966700,7.1864733300,0.011552,38.00,tb-supertrend-LTCUSDT-1635804000-B,tb-supertrend-LTCUSDT-1635940800-T
BNB/USDT,supertrend,2021-11-03 19:00,563.07,2021-11-03 22:59,547.88,trailing,1.139,1.2664981900,-18.5679081900,-0.028952,4.00,tb-supertrend-BNBUSDT-1635962400-B,tb-supertrend-BNBUSDT-1635976800-T
SOL/USDT,supertrend,2021-10-31 16:00,195.19,2021-11-05 12:59,235.34,trailing,2.224,0.9580842900,88.3355157100,0.203490,117.00,tb-supertrend-SOLUSDT-1635692400-B,tb-supertrend-SOLUSDT-1636113600-T
LINK/USDT,supertrend,2021-11-05 13:00,33.064,2021-11-06 07:59,32.130,trailing,17.58,1.14677180000,-17.56649180000,-0.030221,19.00,tb-supertrend-LINKUSDT-1636113600-B,tb-supertrend-LINKUSDT-1636182000-T
BNB/USDT,supertrend,2021-11-05 04:00,580.99,2021-11-06 12:59,597.12,trailing,1.262,1.4879368000,18.8681232000,0.025734,33.00,tb-supertrend-BNBUSDT-1636081200-B,tb-supertrend-BNBUSDT-1636200000-T
BTC/USDT,supertrend,2021-11-07 01:00,61982.12,2021-11-09 15:59,66764.21,trailing,0.02129,2.7428688284,99.0678272716,0.075074,63.00,tb-supertrend-BTCUSDT-1636243200-B,tb-supertrend-BTCUSDT-1636470000-T
ETH/USDT,supertrend,2021-11-06 20:00,4498.24,2021-11-09 19:59,4726.38,trailing,0.2135,1.9708058420,46.7370841580,0.048665,72.00,tb-supertrend-ETHUSDT-1636225200-B,tb-supertrend-ETHUSDT-1636484400-T
BNB/USDT,supertrend,2021-11-10 10:00,647.45,2021-11-10 19:59,637.14,trailing,1.290,1.6584160000,-14.9583160000,-0.017910,10.00,tb-supertrend-BNBUSDT-1636534800-B,tb-supertrend-BNBUSDT-1636570800-T
LINK/USDT,supertrend,2021-11-10 14:00,36.637,2021-11-10 19:59,35.962,trailing,13.35,0.96992939000,-9.98117939000,-0.020407,6.00,tb-supertrend-LINKUSDT-1636549200-B,tb-supertrend-LINKUSDT-1636570800-T
SOL/USDT,supertrend,2021-11-11 06:00,243.20,2021-11-11 23:59,234.35,trailing,1.796,0.8581662000,-16.7527662000,-0.038355,18.00,tb-supertrend-SOLUSDT-1636606800-B,tb-supertrend-SOLUSDT-1636671600-T
BNB/USDT,supertrend,2021-11-13 12:00,633.24,2021-11-14 08:59,636.35,trailing,1.464,1.8599462400,2.6930937600,0.002905,21.00,tb-supertrend-BNBUSDT-1636801200-B,tb-supertrend-BNBUSDT-1636876800-T
LTC/USDT,supertrend,2021-11-13 15:00,260.67,2021-11-14 08:59,249.67,trailing,1.508,0.7701140600,-17.3581140600,-0.044158,18.00,tb-supertrend-LTCUSDT-1636812000-B,tb-supertrend-LTCUSDT-1636876800-T
XRP/USDT,supertrend,2021-11-15 01:00,1.2125,2021-11-15 16:59,1.1824,trailing,773.0,1.852227700000,-25.119527700000,-0.026801,16.00,tb-supertrend-XRPUSDT-1636934400-B,tb-supertrend-XRPUSDT-1636992000-T
ETH/USDT,supertrend,2021-11-15 01:00,4679.12,2021-11-15 16:59,4623.00,trailing,0.2002,1.8636881600,-13.0989121600,-0.013983,16.00,tb-supertrend-ETHUSDT-1636934400-B,tb-supertrend-ETHUSDT-1636992000-T
BNB/USDT,supertrend,2023-01-16 02:00,305.91,2023-01-16 08:59,298.26,trailing,2.962,1.7904692700,-24.4497692700,-0.026983,7.00,tb-supertrend-BNBUSDT-1673830800-B,tb-supertrend-BNBUSDT-1673856000-T
XRP/USDT,supertrend,2023-01-16 04:00,0.4058,2023-01-16 08:59,0.3909,trailing,1712.7,1.365238530000,-26.884468530000,-0.038682,5.00,tb-supertrend-XRPUSDT-1673838000-B,tb-supertrend-XRPUSDT-1673856000-T
LINK/USDT,supertrend,2023-01-17 20:00,6.871,2023-01-18 10:59,6.697,trailing,91.44,1.24134502000,-17.15190502000,-0.027300,15.00,tb-supertrend-LINKUSDT-1673982000-B,tb-supertrend-LINKUSDT-1674036000-T
LTC/USDT,supertrend,2023-01-17 12:00,88.06,2023-01-18 15:59,85.54,trailing,9.134,1.5865430000,-24.6042230000,-0.030589,28.00,tb-supertrend-LTCUSDT-1673953200-B,tb-supertrend-LTCUSDT-1674054000-T
ETH/USDT,supertrend,2023-01-19 20:00,1553.51,2023-01-21 10:59,1621.82,trailing,0.5975,1.8981917810,38.9170332190,0.041926,39.00,tb-supertrend-ETHUSDT-1674154800-B,tb-supertrend-ETHUSDT-1674295200-T
BTC/USDT,supertrend,2023-01-19 20:00,21113.20,2023-01-22 11:59,22715.22,trailing,0.05667,2.4850233560,88.3014500440,0.073801,64.00,tb-supertrend-BTCUSDT-1674154800-B,tb-supertrend-BTCUSDT-1674385200-T
LINK/USDT,supertrend,2023-01-22 17:00,7.159,2023-01-22 20:59,6.848,trailing,73.02,1.02336386000,-23.73258386000,-0.045399,4.00,tb-supertrend-LINKUSDT-1674403200-B,tb-supertrend-LINKUSDT-1674417600-T
LTC/USDT,supertrend,2023-01-23 12:00,92.10,2023-01-24 13:59,89.32,trailing,7.752,1.4071046400,-22.9576646400,-0.032155,26.00,tb-supertrend-LTCUSDT-1674471600-B,tb-supertrend-LTCUSDT-1674565200-T
XRP/USDT,supertrend,2023-01-23 08:00,0.4140,2023-01-24 21:59,0.4145,trailing,1895.4,1.571125500000,-0.623425500000,-0.000794,38.00,tb-supertrend-XRPUSDT-1674457200-B,tb-supertrend-XRPUSDT-1674594000-T
SOL/USDT,supertrend,2023-01-25 13:00,24.31,2023-01-25 15:59,22.97,stop,18.957,0.8967488500,-26.2991288500,-0.057067,3.00,tb-supertrend-SOLUSDT-1674648000-B,tb-supertrend-SOLUSDT-1674658800-X
ETH/USDT,supertrend,2023-01-25 21:00,1582.28,2023-01-26 16:59,1581.61,trailing,0.6177,1.9554424520,-2.3693014520,-0.002424,20.00,tb-supertrend-ETHUSDT-1674676800-B,tb-supertrend-ETHUSDT-1674748800-T
ADA/USDT,supertrend,2023-01-25 21:00,0.3671,2023-01-27 01:59,0.3711,trailing,2015.6,1.488686830000,6.573713170000,0.008884,29.00,tb-supertrend-ADAUSDT-1674676800-B,tb-supertrend-ADAUSDT-1674781200-T
LTC/USDT,supertrend,2023-01-28 04:00,89.52,2023-01-28 13:59,87.48,trailing,11.337,2.0077232400,-25.1352032400,-0.024766,10.00,tb-supertrend-LTCUSDT-1674874800-B,tb-supertrend-LTCUSDT-1674910800-T
LINK/USDT,supertrend,2023-01-29 10:00,7.393,2023-01-30 07:59,7.213,trailing,114.77,1.67721778000,-22.33581778000,-0.026324,22.00,tb-supertrend-LINKUSDT-1674982800-B,tb-supertrend-LINKUSDT-1675062000-T
ETH/USDT,supertrend,2023-01-29 02:00,1604.30,2023-01-30 08:59,1617.45,trailing,0.6380,2.0565995100,6.3331004900,0.006187,31.00,tb-supertrend-ETHUSDT-1674954000-B,tb-supertrend-ETHUSDT-1675065600-T
SOL/USDT,supertrend,2023-02-01 20:00,24.27,2023-02-02 14:59,24.66,trailing,18.390,0.9002838300,6.2718161700,0.014052,19.00,tb-supertrend-SOLUSDT-1675278000-B,tb-supertrend-SOLUSDT-1675346400-T
ADA/USDT,supertrend,2023-02-01 20:00,0.3879,2023-02-02 21:59,0.3967,trailing,1480.6,1.162260610000,11.867019390000,0.020663,26.00,tb-supertrend-ADAUSDT-1675278000-B,tb-supertrend-ADAUSDT-1675371600-T
BNB/USDT,supertrend,2023-02-03 13:00,334.84,2023-02-05 00:59,328.73,trailing,2.387,1.5849461100,-16.1695161100,-0.020231,36.00,tb-supertrend-BNBUSDT-1675425600-B,tb-supertrend-BNBUSDT-1675555200-T
ETH/USDT,supertrend,2023-02-04 14:00,1685.92,2023-02-05 12:59,1658.25,trailing,0.7376,2.4680085280,-22.8774005280,-0.018397,23.00,tb-supertrend-ETHUSDT-1675515600-B,tb-supertrend-ETHUSDT-1675598400-T
ADA/USDT,supertrend,2023-02-06 01:00,0.4000,2023-02-06 05:59,0.3878,trailing,2065.3,1.627883340000,-26.824543340000,-0.032471,5.00,tb-supertrend-ADAUSDT-1675641600-B,tb-supertrend-ADAUSDT-1675659600-T
LTC/USDT,supertrend,2023-02-06 18:00,97.74,2023-02-06 23:59,95.51,trailing,10.226,1.9772496400,-24.7812296400,-0.024794,6.00,tb-supertrend-LTCUSDT-1675702800-B,tb-supertrend-LTCUSDT-1675724400-T
LINK/USDT,supertrend,2023-02-07 13:00,7.060,2023-02-07 18:59,6.918,trailing,157.18,2.19819164000,-24.51775164000,-0.022094,6.00,tb-supertrend-LINKUSDT-1675771200-B,tb-supertrend-LINKUSDT-1675792800-T
BTC/USDT,supertrend,2023-02-07 18:00,23306.21,2023-02-07 18:59,22893.75,stop,0.06369,2.9441068896,-29.2136842896,-0.019681,1.00,tb-supertrend-BTCUSDT-1675789200-B,tb-supertrend-BTCUSDT-1675792800-X
XRP/USDT,supertrend,2023-02-07 21:00,0.4021,2023-02-08 16:59,0.3964,trailing,2359.6,1.885105640000,-15.334825640000,-0.016162,20.00,tb-supertrend-XRPUSDT-1675800000-B,tb-supertrend-XRPUSDT-1675872000-T
LINK/USDT,supertrend,2023-02-09 08:00,7.455,2023-02-09 19:59,7.293,trailing,69.25,1.02182085000,-12.24032085000,-0.023710,12.00,tb-supertrend-LINKUSDT-1675926000-B,tb-supertrend-LINKUSDT-1675969200-T
XRP/USDT,supertrend,2023-02-09 15:00,0.4045,2023-02-09 19:59,0.3939,stop,2426.5,1.938328850000,-27.659228850000,-0.028180,5.00,tb-supertrend-XRPUSDT-1675951200-B,tb-supertrend-XRPUSDT-1675969200-X
LTC/USDT,supertrend,2023-02-11 04:00,94.73,2023-02-12 21:59,92.77,trailing,7.844,1.4715078400,-16.8457478400,-0.022671,42.00,tb-supertrend-LTCUSDT-1676084400-B,tb-supertrend-LTCUSDT-1676235600-T
ADA/USDT,supertrend,2023-02-11 23:00,0.3687,2023-02-12 21:59,0.3651,trailing,2944.7,2.161926960000,-12.762846960000,-0.011755,23.00,tb-supertrend-ADAUSDT-1676152800-B,tb-supertrend-ADAUSDT-1676235600-T
ADA/USDT,supertrend,2023-02-14 10:00,0.3620,2023-02-16 07:59,0.4049,trailing,2610.6,2.003046540000,109.991693460000,0.116389,46.00,tb-supertrend-ADAUSDT-1676365200-B,tb-supertrend-ADAUSDT-1676530800-T
SOL/USDT,supertrend,2023-02-14 10:00,21.49,2023-02-16 21:59,23.00,trailing,26.232,1.1676419100,38.4426780900,0.068194,60.00,tb-supertrend-SOLUSDT-1676365200-B,tb-supertrend-SOLUSDT-1676581200-T
LINK/USDT,supertrend,2023-02-17 18:00,7.444,2023-02-19 17:59,7.874,trailing,81.65,1.25138466000,33.85811534000,0.055706,48.00,tb-supertrend-LINKUSDT-1676653200-B,tb-supertrend-LINKUSDT-1676826000-T
SOL/USDT,supertrend,2023-02-17 20:00,23.49,2023-02-19 17:59,24.23,trailing,27.221,1.2996438400,18.8438961600,0.029470,46.00,tb-supertrend-SOLUSDT-1676660400-B,tb-supertrend-SOLUSDT-1676826000-T
ETH/USDT,supertrend,2023-02-20 10:00,1713.45,2023-02-21 08:59,1679.00,trailing,0.6626,2.2490367850,-25.0756067850,-0.022087,23.00,tb-supertrend-ETHUSDT-1676883600-B,tb-supertrend-ETHUSDT-1676966400-T
BTC/USDT,supertrend,2023-02-20 10:00,24907.45,2023-02-21 12:59,24526.48,trailing,0.03991,1.9739044475,-17.1784171475,-0.017281,27.00,tb-supertrend-BTCUSDT-1676883600-B,tb-supertrend-BTCUSDT-1676980800-T
BNB/USDT,supertrend,2023-02-23 00:00,312.82,2023-02-23 11:59,308.19,trailing,3.568,2.2170149600,-18.7368549600,-0.016787,12.00,tb-supertrend-BNBUSDT-1677106800-B,tb-supertrend-BNBUSDT-1677150000-T
LINK/USDT,supertrend,2023-02-22 23:00,7.691,2023-02-23 18:59,7.734,trailing,82.31,1.27032394000,2.26900606000,0.003584,20.00,tb-supertrend-LINKUSDT-1677103200-B,tb-supertrend-LINKUSDT-1677175200-T
SOL/USDT,supertrend,2023-02-26 03:00,22.69,2023-02-27 08:59,22.69,trailing,25.475,1.1566454400,-1.1566454400,-0.002001,30.00,tb-supertrend-SOLUSDT-1677376800-B,tb-supertrend-SOLUSDT-1677484800-T
ETH/USDT,supertrend,2023-02-26 03:00,1605.43,2023-02-27 16:59,1629.55,trailing,0.7788,2.5206867680,16.2639692320,0.013008,38.00,tb-supertrend-ETHUSDT-1677376800-B,tb-supertrend-ETHUSDT-1677513600-T
XRP/USDT,supertrend,2023-02-27 15:00,0.3789,2023-02-28 02:59,0.3719,stop,3767.0,2.829703420000,-29.198703420000,-0.020457,12.00,tb-supertrend-XRPUSDT-1677506400-B,tb-supertrend-XRPUSDT-1677549600-X
LTC/USDT,supertrend,2023-02-28 16:00,95.78,2023-02-28 21:59,93.83,stop,13.379,2.5381331100,-28.6271831100,-0.022340,6.00,tb-supertrend-LTCUSDT-1677596400-B,tb-supertrend-LTCUSDT-1677618000-X
XRP/USDT,supertrend,2023-03-03 23:00,0.3756,2023-03-04 19:59,0.3714,trailing,2906.1,2.171983500000,-14.377603500000,-0.013172,21.00,tb-supertrend-XRPUSDT-1677880800-B,tb-supertrend-XRPUSDT-1677956400-T
BNB/USDT,supertrend,2023-03-16 07:00,315.72,2023-03-16 12:59,309.54,trailing,2.246,1.4052811200,-15.2855611200,-0.021556,6.00,tb-supertrend-BNBUSDT-1678946400-B,tb-supertrend-BNBUSDT-1678968000-T
ETH/USDT,supertrend,2023-03-17 02:00,1697.48,2023-03-17 14:59,1703.21,trailing,0.4592,1.5624455860,1.0687704140,0.001371,13.00,tb-supertrend-ETHUSDT-1679014800-B,tb-supertrend-ETHUSDT-1679061600-T
BTC/USDT,supertrend,2023-03-17 02:00,25689.45,2023-03-18 16:59,26702.86,trailing,0.02676,1.4027888955,25.7160627045,0.037408,39.00,tb-supertrend-BTCUSDT-1679014800-B,tb-supertrend-BTCUSDT-1679155200-T
ETH/USDT,supertrend,2023-03-19 19:00,1824.15,2023-03-20 00:59,1767.75,stop,0.4518,1.6237324950,-27.1052524950,-0.032889,6.00,tb-supertrend-ETHUSDT-1679248800-B,tb-supertrend-ETHUSDT-1679270400-X
ADA/USDT,supertrend,2023-03-19 19:00,0.3509,2023-03-20 02:59,0.3384,trailing,2031.2,1.400843050000,-26.790843050000,-0.037588,8.00,tb-supertrend-ADAUSDT-1679248800-B,tb-supertrend-ADAUSDT-1679277600-T
LINK/USDT,supertrend,2023-03-20 11:00,7.367,2023-03-20 23:59,7.024,stop,73.20,1.05401056000,-26.16161056000,-0.048514,13.00,tb-supertrend-LINKUSDT-1679306400-B,tb-supertrend-LINKUSDT-1679353200-X
XRP/USDT,supertrend,2023-03-21 10:00,0.3875,2023-03-21 22:59,0.4559,trailing,1808.8,1.526278170000,122.195641830000,0.174339,13.00,tb-supertrend-XRPUSDT-1679389200-B,tb-supertrend-XRPUSDT-1679436000-T
BNB/USDT,supertrend,2023-03-22 07:00,339.24,2023-03-22 09:59,331.27,stop,3.245,2.1771619100,-28.0398119100,-0.025471,3.00,tb-supertrend-BNBUSDT-1679464800-B,tb-supertrend-BNBUSDT-1679475600-X
ETH/USDT,supertrend,2023-03-21 13:00,1807.32,2023-03-22 17:59,1775.71,trailing,0.4151,1.4882194120,-14.6095304120,-0.019474,29.00,tb-supertrend-ETHUSDT-1679400000-B,tb-supertrend-ETHUSDT-1679504400-T
XRP/USDT,supertrend,2023-03-23 08:00,0.4474,2023-03-24 08:59,0.4299,trailing,774.8,0.680089960000,-14.239089960000,-0.041077,25.00,tb-supertrend-XRPUSDT-1679554800-B,tb-supertrend-XRPUSDT-1679644800-T
ETH/USDT,supertrend,2023-03-23 15:00,1805.34,2023-03-24 08:59,1791.24,trailing,0.4751,1.7096378240,-8.4085478240,-0.009803,18.00,tb-supertrend-ETHUSDT-1679580000-B,tb-supertrend-ETHUSDT-1679644800-T
XRP/USDT,supertrend,2023-03-25 05:00,0.4486,2023-03-26 16:59,0.4437,trailing,1154.7,1.030877130000,-6.688907130000,-0.012913,36.00,tb-supertrend-XRPUSDT-1679716800-B,tb-supertrend-XRPUSDT-1679846400-T
LTC/USDT,supertrend,2023-03-26 06:00,94.58,2023-03-27 05:59,91.72,trailing,7.043,1.3128675400,-21.4558475400,-0.032210,24.00,tb-supertrend-LTCUSDT-1679806800-B,tb-supertrend-LTCUSDT-1679893200-T
XRP/USDT,supertrend,2023-03-28 05:00,0.4864,2023-03-29 15:59,0.5370,trailing,848.9,0.869202020000,42.085137980000,0.101925,35.00,tb-supertrend-XRPUSDT-1679976000-B,tb-supertrend-XRPUSDT-1680102000-T
ADA/USDT,supertrend,2023-03-28 14:00,0.3563,2023-03-30 00:59,0.3759,trailing,2111.9,1.547117040000,39.846122960000,0.052954,35.00,tb-supertrend-ADAUSDT-1680008400-B,tb-supertrend-ADAUSDT-1680134400-T
ADA/USDT,supertrend,2023-03-31 10:00,0.3856,2023-04-01 06:59,0.3930,trailing,2033.8,1.584326440000,13.465793560000,0.017171,21.00,tb-supertrend-ADAUSDT-1680253200-B,tb-supertrend-ADAUSDT-1680328800-T
LINK/USDT,supertrend,2023-03-31 08:00,7.519,2023-04-01 14:59,7.457,trailing,97.16,1.45582006000,-7.47974006000,-0.010239,31.00,tb-supertrend-LINKUSDT-1680246000-B,tb-supertrend-LINKUSDT-1680357600-T
XRP/USDT,supertrend,2023-04-02 17:00,0.5254,2023-04-03 01:59,0.5049,trailing,1104.5,1.138596830000,-23.780846830000,-0.040980,9.00,tb-supertrend-XRPUSDT-1680451200-B,tb-supertrend-XRPUSDT-1680483600-T
ADA/USDT,supertrend,2023-04-03 07:00,0.3870,2023-04-03 14:59,0.3875,trailing,2036.9,1.578391750000,-0.559941750000,-0.000710,8.00,tb-supertrend-ADAUSDT-1680501600-B,tb-supertrend-ADAUSDT-1680530400-T
BTC/USDT,supertrend,2023-04-03 09:00,28363.34,2023-04-03 20:59,27790.68,trailing,0.04270,2.3991948250,-26.8517768250,-0.022171,12.00,tb-supertrend-BTCUSDT-1680508800-B,tb-supertrend-BTCUSDT-1680552000-T
SOL/USDT,supertrend,2023-04-03 19:00,20.66,2023-04-03 21:59,20.16,trailing,35.633,1.4552828200,-19.2717828200,-0.026178,3.00,tb-supertrend-SOLUSDT-1680544800-B,tb-supertrend-SOLUSDT-1680555600-T
LINK/USDT,supertrend,2023-04-04 19:00,7.419,2023-04-05 12:59,7.405,trailing,116.96,1.73470532000,-3.37214532000,-0.003886,18.00,tb-supertrend-LINKUSDT-1680631200-B,tb-supertrend-LINKUSDT-1680696000-T
BTC/USDT,supertrend,2023-04-05 01:00,28690.48,2023-04-05 14:59,28181.98,trailing,0.03880,2.2077990632,-21.9375990632,-0.019707,14.00,tb-supertrend-BTCUSDT-1680652800-B,tb-supertrend-BTCUSDT-1680703200-T
ADA/USDT,supertrend,2023-04-05 13:00,0.3993,2023-04-05 15:59,0.3879,stop,2234.0,1.759523190000,-27.227123190000,-0.030522,3.00,tb-supertrend-ADAUSDT-1680696000-B,tb-supertrend-ADAUSDT-1680706800-X
XRP/USDT,supertrend,2023-04-06 18:00,0.5097,2023-04-08 17:59,0.5044,trailing,1641.7,1.665714460000,-10.366724460000,-0.012389,48.00,tb-supertrend-XRPUSDT-1680800400-B,tb-supertrend-XRPUSDT-1680973200-T
ADA/USDT,supertrend,2023-04-08 03:00,0.3870,2023-04-08 22:59,0.3825,trailing,2617.4,2.015134200000,-13.793434200000,-0.013617,20.00,tb-supertrend-ADAUSDT-1680919200-B,tb-supertrend-ADAUSDT-1680991200-T
LINK/USDT,supertrend,2023-04-09 20:00,7.210,2023-04-12 00:59,7.272,trailing,213.49,3.09334838000,10.14303162000,0.006590,53.00,tb-supertrend-LINKUSDT-1681066800-B,tb-supertrend-LINKUSDT-1681257600-T
BTC/USDT,supertrend,2023-04-09 20:00,28168.56,2023-04-12 15:59,29765.00,trailing,0.07298,4.2302446936,112.2779465064,0.054617,68.00,tb-supertrend-BTCUSDT-1681066800-B,tb-supertrend-BTCUSDT-1681311600-T
ADA/USDT,supertrend,2023-04-12 13:00,0.4027,2023-04-13 07:59,0.3986,trailing,2310.5,1.852370130000,-11.325420130000,-0.012172,19.00,tb-supertrend-ADAUSDT-1681300800-B,tb-supertrend-ADAUSDT-1681369200-T
LTC/USDT,supertrend,2023-04-13 09:00,93.82,2023-04-14 12:59,95.53,trailing,11.553,2.1886863900,17.5669436100,0.016207,28.00,tb-supertrend-LTCUSDT-1681372800-B,tb-supertrend-LTCUSDT-1681473600-T
BNB/USDT,supertrend,2023-04-13 10:00,322.83,2023-04-14 14:59,328.80,trailing,5.538,3.6106639200,29.4511960800,0.016473,29.00,tb-supertrend-BNBUSDT-1681376400-B,tb-supertrend-BNBUSDT-1681480800-T
BNB/USDT,supertrend,2023-04-15 10:00,334.34,2023-04-17 00:59,342.12,trailing,4.614,3.1228581400,32.7740618600,0.021245,39.00,tb-supertrend-BNBUSDT-1681549200-B,tb-supertrend-BNBUSDT-1681689600-T
LINK/USDT,supertrend,2023-04-15 15:00,7.964,2023-04-17 00:59,7.909,trailing,105.58,1.67674738000,-7.48364738000,-0.008900,34.00,tb-supertrend-LINKUSDT-1681567200-B,tb-supertrend-LINKUSDT-1681689600-T
ETH/USDT,supertrend,2023-04-18 07:00,2106.76,2023-04-18 17:59,2077.94,trailing,0.6618,2.7709091900,-21.8439851900,-0.015667,11.00,tb-supertrend-ETHUSDT-1681797600-B,tb-supertrend-ETHUSDT-1681837200-T
LTC/USDT,supertrend,2023-04-18 03:00,102.10,2023-04-19 04:59,100.46,trailing,7.919,1.6048894400,-14.5920494400,-0.018048,26.00,tb-supertrend-LTCUSDT-1681783200-B,tb-supertrend-LTCUSDT-1681876800-T
BNB/USDT,supertrend,2023-04-21 08:00,330.03,2023-04-21 19:59,320.87,trailing,2.527,1.6458143900,-24.7931343900,-0.029728,12.00,tb-supertrend-BNBUSDT-1682060400-B,tb-supertrend-BNBUSDT-1682103600-T
ADA/USDT,supertrend,2023-04-22 15:00,0.3972,2023-04-23 14:59,0.3887,trailing,2285.9,1.797402370000,-21.227552370000,-0.023379,24.00,tb-supertrend-ADAUSDT-1682172000-B,tb-supertrend-ADAUSDT-1682258400-T
XRP/USDT,supertrend,2023-04-22 15:00,0.4732,2023-04-23 15:59,0.4624,trailing,1519.3,1.422214200000,-17.830654200000,-0.024802,25.00,tb-supertrend-XRPUSDT-1682172000-B,tb-supertrend-XRPUSDT-1682262000-T
XRP/USDT,supertrend,2023-04-24 01:00,0.4821,2023-04-24 06:59,0.4637,trailing,1343.8,1.271640980000,-25.997560980000,-0.040129,6.00,tb-supertrend-XRPUSDT-1682294400-B,tb-supertrend-XRPUSDT-1682316000-T
LTC/USDT,supertrend,2023-04-24 01:00,87.99,2023-04-24 17:59,85.77,trailing,9.848,1.7120683800,-23.5746283800,-0.027206,17.00,tb-supertrend-LTCUSDT-1682294400-B,tb-supertrend-LTCUSDT-1682355600-T
BTC/USDT,supertrend,2023-04-25 21:00,28002.99,2023-04-26 19:59,29175.61,trailing,0.04165,2.3828888430,46.4567341570,0.039832,23.00,tb-supertrend-BTCUSDT-1682452800-B,tb-supertrend-BTCUSDT-1682535600-T
LINK/USDT,supertrend,2023-04-25 21:00,7.207,2023-04-26 19:59,7.291,trailing,114.04,1.65421676000,7.92514324000,0.009643,23.00,tb-supertrend-LINKUSDT-1682452800-B,tb-supertrend-LINKUSDT-1682535600-T
ADA/USDT,supertrend,2023-04-27 01:00,0.4107,2023-04-28 11:59,0.4035,trailing,1163.0,0.947407440000,-9.321007440000,-0.019515,35.00,tb-supertrend-ADAUSDT-1682553600-B,tb-supertrend-ADAUSDT-1682679600-T
BTC/USDT,supertrend,2023-04-27 19:00,29801.90,2023-04-28 13:59,29050.70,trailing,0.02149,1.2656364280,-17.4089244280,-0.027183,19.00,tb-supertrend-BTCUSDT-1682618400-B,tb-supertrend-BTCUSDT-1682686800-T
LINK/USDT,supertrend,2023-04-29 14:00,7.212,2023-04-30 19:59,7.106,trailing,165.50,2.37085504000,-19.91385504000,-0.016684,30.00,tb-supertrend-LINKUSDT-1682773200-B,tb-supertrend-LINKUSDT-1682881200-T
LTC/USDT,supertrend,2023-04-29 22:00,91.27,2023-04-30 19:59,89.72,trailing,13.241,2.3977663700,-22.9213163700,-0.018967,22.00,tb-supertrend-LTCUSDT-1682802000-B,tb-supertrend-LTCUSDT-1682881200-T
LINK/USDT,supertrend,2023-05-03 19:00,7.067,2023-05-04 13:59,6.996,trailing,135.22,1.90258824000,-11.50320824000,-0.012038,19.00,tb-supertrend-LINKUSDT-1683136800-B,tb-supertrend-LINKUSDT-1683205200-T
LTC/USDT,supertrend,2023-05-03 22:00,89.19,2023-05-05 09:59,87.59,trailing,10.039,1.7756755100,-17.8380755100,-0.019922,36.00,tb-supertrend-LTCUSDT-1683147600-B,tb-supertrend-LTCUSDT-1683277200-T
ETH/USDT,supertrend,2023-05-05 12:00,1913.11,2023-05-06 06:59,1955.84,trailing,0.8035,3.1104231240,31.2231318760,0.020312,19.00,tb-supertrend-ETHUSDT-1683284400-B,tb-supertrend-ETHUSDT-1683352800-T
SOL/USDT,supertrend,2023-05-05 15:00,22.39,2023-05-06 12:59,22.39,trailing,33.991,1.5229006300,-1.5229006300,-0.002001,22.00,tb-supertrend-SOLUSDT-1683295200-B,tb-supertrend-SOLUSDT-1683374400-T
BNB/USDT,supertrend,2023-05-07 15:00,325.53,2023-05-07 22:59,322.01,stop,7.509,4.8649821000,-31.2966621000,-0.012803,8.00,tb-supertrend-BNBUSDT-1683468000-B,tb-supertrend-BNBUSDT-1683496800-X
SOL/USDT,supertrend,2023-05-07 16:00,22.49,2023-05-07 23:59,22.01,trailing,47.092,2.0966735200,-24.7008335200,-0.023322,8.00,tb-supertrend-SOLUSDT-1683471600-B,tb-supertrend-SOLUSDT-1683500400-T
LINK/USDT,supertrend,2023-06-23 08:00,5.840,2023-06-24 15:59,5.926,trailing,126.15,1.48504010000,9.36385990000,0.012710,32.00,tb-supertrend-LINKUSDT-1687503600-B,tb-supertrend-LINKUSDT-1687618800-T
SOL/USDT,supertrend,2023-06-23 16:00,17.00,2023-06-24 15:59,16.86,trailing,35.658,1.2079918800,-6.2001118800,-0.010228,24.00,tb-supertrend-SOLUSDT-1687532400-B,tb-supertrend-SOLUSDT-1687618800-T
ADA/USDT,supertrend,2023-06-25 04:00,0.2971,2023-06-25 20:59,0.2909,trailing,2645.7,1.556473770000,-17.959813770000,-0.022849,17.00,tb-supertrend-ADAUSDT-1687662000-B,tb-supertrend-ADAUSDT-1687723200-T
SOL/USDT,supertrend,2023-06-25 08:00,17.29,2023-06-26 01:59,16.64,trailing,36.463,1.2378293200,-24.9387793200,-0.039557,18.00,tb-supertrend-SOLUSDT-1687676400-B,tb-supertrend-SOLUSDT-1687741200-T
LTC/USDT,supertrend,2023-06-26 14:00,90.07,2023-06-26 16:59,87.23,stop,8.815,1.5637101300,-26.5983101300,-0.033501,3.00,tb-supertrend-LTCUSDT-1687784400-B,tb-supertrend-LTCUSDT-1687795200-X
ETH/USDT,supertrend,2023-06-27 17:00,1910.97,2023-06-28 00:59,1871.55,trailing,0.5564,2.1057407100,-24.0390287100,-0.022609,8.00,tb-supertrend-ETHUSDT-1687881600-B,tb-supertrend-ETHUSDT-1687910400-T
BTC/USDT,supertrend,2023-06-27 12:00,30759.82,2023-06-28 07:59,30282.44,trailing,0.04847,2.9602563364,-26.0988649364,-0.017505,20.00,tb-supertrend-BTCUSDT-1687863600-B,tb-supertrend-BTCUSDT-1687935600-T
BTC/USDT,supertrend,2023-06-29 11:00,30727.82,2023-06-29 20:59,30222.62,trailing,0.04931,3.0070025852,-27.9184145852,-0.018426,10.00,tb-supertrend-BTCUSDT-1688032800-B,tb-supertrend-BTCUSDT-1688068800-T
SOL/USDT,supertrend,2023-06-29 10:00,17.24,2023-06-30 13:59,18.11,trailing,32.259,1.1409245700,26.9244054300,0.048413,28.00,tb-supertrend-SOLUSDT-1688029200-B,tb-supertrend-SOLUSDT-1688130000-T
ADA/USDT,supertrend,2023-06-30 03:00,0.2789,2023-06-30 13:59,0.2857,trailing,2901.0,1.638741300000,18.088058700000,0.022356,11.00,tb-supertrend-ADAUSDT-1688090400-B,tb-supertrend-ADAUSDT-1688130000-T
ETH/USDT,supertrend,2023-06-30 18:00,1933.74,2023-07-02 04:59,1908.89,trailing,0.3534,1.3587589420,-10.1407489420,-0.014839,35.00,tb-supertrend-ETHUSDT-1688144400-B,tb-supertrend-ETHUSDT-1688270400-T
LINK/USDT,supertrend,2023-06-30 18:00,6.389,2023-07-04 06:59,6.468,trailing,60.41,0.77713860000,3.99525140000,0.010351,85.00,tb-supertrend-LINKUSDT-1688144400-B,tb-supertrend-LINKUSDT-1688450400-T
BTC/USDT,supertrend,2023-07-03 03:00,30785.75,2023-07-04 15:59,30873.55,trailing,0.06310,3.8928568375,1.6473231625,0.000848,37.00,tb-supertrend-BTCUSDT-1688349600-B,tb-supertrend-BTCUSDT-1688482800-T
BTC/USDT,supertrend,2023-07-06 07:00,30723.27,2023-07-06 11:59,30806.77,trailing,0.06185,3.8077835984,1.3566914016,0.000714,5.00,tb-supertrend-BTCUSDT-1688623200-B,tb-supertrend-BTCUSDT-1688641200-T
SOL/USDT,supertrend,2023-07-06 02:00,19.69,2023-07-06 12:59,19.41,trailing,29.523,1.1549400000,-9.4213800000,-0.016207,11.00,tb-supertrend-SOLUSDT-1688605200-B,tb-supertrend-SOLUSDT-1688644800-T
ADA/USDT,supertrend,2023-07-08 16:00,0.2893,2023-07-09 10:59,0.2853,trailing,3438.8,1.976947030000,-15.732147030000,-0.015814,19.00,tb-supertrend-ADAUSDT-1688828400-B,tb-supertrend-ADAUSDT-1688896800-T
ETH/USDT,supertrend,2023-07-09 00:00,1867.11,2023-07-09 14:59,1856.79,trailing,1.1535,4.2977591870,-16.2018791870,-0.007523,15.00,tb-supertrend-ETHUSDT-1688857200-B,tb-supertrend-ETHUSDT-1688911200-T
XRP/USDT,supertrend,2023-07-10 11:00,0.4733,2023-07-11 13:59,0.4714,trailing,2799.9,2.646438100000,-7.966248100000,-0.006011,27.00,tb-supertrend-XRPUSDT-1688983200-B,tb-supertrend-XRPUSDT-1689080400-T
BNB/USDT,supertrend,2023-07-10 10:00,240.95,2023-07-12 12:59,246.10,trailing,4.333,2.1115924000,20.2033576000,0.019351,51.00,tb-supertrend-BNBUSDT-1688979600-B,tb-supertrend-BNBUSDT-1689163200-T
ETH/USDT,supertrend,2023-07-12 15:00,1895.25,2023-07-12 19:59,1868.28,stop,0.9553,3.5971954550,-29.3616364550,-0.016217,5.00,tb-supertrend-ETHUSDT-1689170400-B,tb-supertrend-ETHUSDT-1689188400-X
LTC/USDT,supertrend,2023-07-13 06:00,98.13,2023-07-14 16:59,99.35,trailing,9.417,1.8606504600,9.6280895400,0.010419,35.00,tb-supertrend-LTCUSDT-1689224400-B,tb-supertrend-LTCUSDT-1689350400-T
SOL/USDT,supertrend,2023-07-13 12:00,22.45,2023-07-14 17:59,26.91,trailing,32.683,1.6139737300,144.1522062700,0.196464,30.00,tb-supertrend-SOLUSDT-1689246000-B,tb-supertrend-SOLUSDT-1689354000-T
SOL/USDT,supertrend,2023-07-15 10:00,28.79,2023-07-16 02:59,27.23,trailing,10.942,0.6132875300,-17.6828075300,-0.056132,17.00,tb-supertrend-SOLUSDT-1689411600-B,tb-supertrend-SOLUSDT-1689472800-T
XRP/USDT,supertrend,2023-07-16 12:00,0.7504,2023-07-17 09:59,0.7349,trailing,570.5,0.847813890000,-9.690563890000,-0.022636,22.00,tb-supertrend-XRPUSDT-1689505200-B,tb-supertrend-XRPUSDT-1689584400-T
BNB/USDT,supertrend,2023-07-18 02:00,246.65,2023-07-18 06:59,241.33,trailing,4.629,2.2600926700,-26.8863726700,-0.023549,5.00,tb-supertrend-BNBUSDT-1689642000-B,tb-supertrend-BNBUSDT-1689660000-T
LINK/USDT,supertrend,2023-07-17 17:00,6.793,2023-07-18 11:59,6.950,trailing,104.96,1.44321251000,15.03550749000,0.021088,19.00,tb-supertrend-LINKUSDT-1689609600-B,tb-supertrend-LINKUSDT-1689678000-T
XRP/USDT,supertrend,2023-07-19 00:00,0.7788,2023-07-20 14:59,0.7985,trailing,614.8,0.970269200000,11.141290800000,0.023269,39.00,tb-supertrend-XRPUSDT-1689721200-B,tb-supertrend-XRPUSDT-1689861600-T
ADA/USDT,supertrend,2023-07-19 01:00,0.3156,2023-07-20 14:59,0.3184,trailing,2053.2,1.302391560000,4.446568440000,0.006862,38.00,tb-supertrend-ADAUSDT-1689724800-B,tb-supertrend-ADAUSDT-1689861600-T
BNB/USDT,supertrend,2023-07-21 13:00,244.95,2023-07-22 10:59,242.04,trailing,7.298,3.5560126200,-24.7931926200,-0.013869,22.00,tb-supertrend-BNBUSDT-1689940800-B,tb-supertrend-BNBUSDT-1690020000-T
LTC/USDT,supertrend,2023-07-21 19:00,94.60,2023-07-22 10:59,93.33,trailing,12.395,2.3306221500,-18.0722721500,-0.015413,16.00,tb-supertrend-LTCUSDT-1689962400-B,tb-supertrend-LTCUSDT-1690020000-T
SOL/USDT,supertrend,2023-10-19 12:00,24.32,2023-10-22 07:59,28.54,trailing,34.266,1.8121519600,142.7903680400,0.171345,68.00,tb-supertrend-SOLUSDT-1697713200-B,tb-supertrend-SOLUSDT-1697958000-T
LTC/USDT,supertrend,2023-10-19 16:00,61.54,2023-10-22 07:59,63.92,trailing,24.610,3.0891091000,55.4826909000,0.036634,64.00,tb-supertrend-LTCUSDT-1697727600-B,tb-supertrend-LTCUSDT-1697958000-T
LTC/USDT,supertrend,2023-10-22 18:00,65.55,2023-10-24 06:59,68.90,trailing,14.059,1.8912158000,45.2064342000,0.049054,37.00,tb-supertrend-LTCUSDT-1697994000-B,tb-supertrend-LTCUSDT-1698127200-T
SOL/USDT,supertrend,2023-10-23 23:00,32.45,2023-10-24 16:59,30.38,trailing,12.277,0.7717857600,-26.1851757600,-0.065728,18.00,tb-supertrend-SOLUSDT-1698098400-B,tb-supertrend-SOLUSDT-1698163200-T
ADA/USDT,supertrend,2023-10-26 04:00,0.2902,2023-10-26 14:59,0.2842,trailing,2423.2,1.392611580000,-15.931811580000,-0.022656,11.00,tb-supertrend-ADAUSDT-1698289200-B,tb-supertrend-ADAUSDT-1698328800-T
ETH/USDT,supertrend,2023-10-26 08:00,1851.20,2023-10-26 14:59,1794.74,stop,0.4673,1.7046733600,-28.0884313600,-0.032470,7.00,tb-supertrend-ETHUSDT-1698303600-B,tb-supertrend-ETHUSDT-1698328800-X
BNB/USDT,supertrend,2023-10-27 12:00,227.83,2023-10-27 17:59,222.83,trailing,4.319,1.9475396900,-23.5425396900,-0.023925,6.00,tb-supertrend-BNBUSDT-1698404400-B,tb-supertrend-BNBUSDT-1698426000-T
ADA/USDT,supertrend,2023-10-28 03:00,0.2958,2023-10-28 19:59,0.2895,trailing,2486.2,1.455912360000,-17.118972360000,-0.023278,17.00,tb-supertrend-ADAUSDT-1698458400-B,tb-supertrend-ADAUSDT-1698519600-T
LINK/USDT,supertrend,2023-10-28 04:00,11.406,2023-10-28 22:59,10.953,trailing,32.79,0.73360785000,-15.58747785000,-0.041677,19.00,tb-supertrend-LINKUSDT-1698462000-B,tb-supertrend-LINKUSDT-1698530400-T
BTC/USDT,supertrend,2023-10-29 13:00,34454.42,2023-10-30 02:59,34209.31,trailing,0.06083,4.1792265080,-19.0892678080,-0.009108,14.00,tb-supertrend-BTCUSDT-1698580800-B,tb-supertrend-BTCUSDT-1698631200-T
XRP/USDT,supertrend,2023-10-29 10:00,0.5516,2023-10-30 06:59,0.5491,trailing,3119.3,3.435178630000,-11.233428630000,-0.006529,21.00,tb-supertrend-XRPUSDT-1698570000-B,tb-supertrend-XRPUSDT-1698645600-T
LINK/USDT,supertrend,2023-10-30 10:00,11.422,2023-10-31 13:59,11.137,trailing,47.24,1.06625826000,-14.52965826000,-0.026928,28.00,tb-supertrend-LINKUSDT-1698656400-B,tb-supertrend-LINKUSDT-1698757200-T
BTC/USDT,supertrend,2023-11-01 13:00,34825.40,2023-11-01 14:59,34297.87,stop,0.05099,3.5266850600,-30.4254397600,-0.017134,2.00,tb-supertrend-BTCUSDT-1698840000-B,tb-supertrend-BTCUSDT-1698847200-X
ADA/USDT,supertrend,2023-11-01 19:00,0.2980,2023-11-02 15:59,0.3005,trailing,2294.9,1.374183050000,4.363066950000,0.006380,21.00,tb-supertrend-ADAUSDT-1698861600-B,tb-supertrend-ADAUSDT-1698937200-T
LTC/USDT,supertrend,2023-11-01 21:00,69.92,2023-11-02 16:59,68.24,trailing,9.964,1.3773254400,-18.1168454400,-0.026004,20.00,tb-supertrend-LTCUSDT-1698868800-B,tb-supertrend-LTCUSDT-1698940800-T
LINK/USDT,supertrend,2023-11-03 16:00,11.282,2023-11-05 13:59,11.849,trailing,44.56,1.03128146000,24.23423854000,0.048206,46.00,tb-supertrend-LINKUSDT-1699023600-B,tb-supertrend-LINKUSDT-1699189200-T
ETH/USDT,supertrend,2023-11-03 21:00,1829.79,2023-11-05 21:59,1856.33,trailing,0.6412,2.3648210010,14.6526269990,0.012489,49.00,tb-supertrend-ETHUSDT-1699041600-B,tb-supertrend-ETHUSDT-1699218000-T
SOL/USDT,supertrend,2023-11-07 00:00,42.21,2023-11-07 02:59,40.33,stop,13.747,1.1352683200,-26.9796283200,-0.046496,3.00,tb-supertrend-SOLUSDT-1699311600-B,tb-supertrend-SOLUSDT-1699322400-X
BTC/USDT,supertrend,2023-11-07 19:00,35412.38,2023-11-08 15:59,35108.12,trailing,0.04050,2.8578508690,-15.1803808690,-0.010585,21.00,tb-supertrend-BTCUSDT-1699380000-B,tb-supertrend-BTCUSDT-1699455600-T
LINK/USDT,supertrend,2023-11-06 05:00,12.417,2023-11-09 16:59,14.780,trailing,42.45,1.15513350000,99.15421650000,0.188112,84.00,tb-supertrend-LINKUSDT-1699243200-B,tb-supertrend-LINKUSDT-1699545600-T
LTC/USDT,supertrend,2023-11-09 03:00,74.55,2023-11-09 16:59,73.92,trailing,14.103,2.0949906600,-10.9798806600,-0.010443,14.00,tb-supertrend-LTCUSDT-1699495200-B,tb-supertrend-LTCUSDT-1699545600-T
BNB/USDT,supertrend,2023-11-10 02:00,254.86,2023-11-10 14:59,248.56,trailing,2.652,1.3358344200,-18.0434344200,-0.026696,13.00,tb-supertrend-BNBUSDT-1699578000-B,tb-supertrend-BNBUSDT-1699624800-T
BTC/USDT,supertrend,2023-11-10 17:00,37414.85,2023-11-11 21:59,36880.08,trailing,0.02670,1.9847970805,-16.2631560805,-0.016280,29.00,tb-supertrend-BTCUSDT-1699632000-B,tb-supertrend-BTCUSDT-1699736400-T
SOL/USDT,supertrend,2023-11-10 07:00,48.80,2023-11-11 23:59,56.26,trailing,6.765,0.7110725000,49.7558275000,0.150715,41.00,tb-supertrend-SOLUSDT-1699596000-B,tb-supertrend-SOLUSDT-1699743600-T
ETH/USDT,supertrend,2023-11-13 16:00,2107.34,2023-11-13 21:59,2053.06,stop,0.4842,2.0155193480,-28.2978953480,-0.027733,6.00,tb-supertrend-ETHUSDT-1699887600-B,tb-supertrend-ETHUSDT-1699909200-X
XRP/USDT,supertrend,2023-11-13 21:00,0.7122,2023-11-13 21:59,0.6785,stop,765.4,1.065011540000,-26.858991540000,-0.049272,1.00,tb-supertrend-XRPUSDT-1699905600-B,tb-supertrend-XRPUSDT-1699909200-X
BNB/USDT,supertrend,2023-11-14 09:00,246.65,2023-11-14 18:59,240.77,stop,4.464,2.1770761300,-28.4253961300,-0.025817,10.00,tb-supertrend-BNBUSDT-1699948800-B,tb-supertrend-BNBUSDT-1699984800-X
SOL/USDT,supertrend,2023-11-14 15:00,57.39,2023-11-14 18:59,52.29,stop,4.988,0.5473707900,-25.9861707900,-0.090778,4.00,tb-supertrend-SOLUSDT-1699970400-B,tb-supertrend-SOLUSDT-1699984800-X
LINK/USDT,supertrend,2023-11-15 12:00,15.148,2023-11-16 12:59,14.392,trailing,28.58,0.84470764000,-22.45118764000,-0.051859,25.00,tb-supertrend-LINKUSDT-1700046000-B,tb-supertrend-LINKUSDT-1700136000-T
ADA/USDT,supertrend,2023-11-15 12:00,0.3725,2023-11-16 13:59,0.3861,trailing,1587.3,1.204721780000,20.382558220000,0.034473,26.00,tb-supertrend-ADAUSDT-1700046000-B,tb-supertrend-ADAUSDT-1700139600-T
ADA/USDT,supertrend,2023-11-18 17:00,0.3704,2023-11-20 14:59,0.3840,trailing,1624.1,1.225850720000,20.861909280000,0.034679,46.00,tb-supertrend-ADAUSDT-1700323200-B,tb-supertrend-ADAUSDT-1700488800-T
ETH/USDT,supertrend,2023-11-18 19:00,1969.37,2023-11-20 14:59,1995.53,trailing,0.6625,2.6281248140,14.7028751860,0.011269,44.00,tb-supertrend-ETHUSDT-1700330400-B,tb-supertrend-ETHUSDT-1700488800-T
ETH/USDT,supertrend,2023-11-22 11:00,2027.19,2023-11-23 11:59,2040.54,trailing,0.4519,1.8392207860,4.1936442140,0.004578,25.00,tb-supertrend-ETHUSDT-1700647200-B,tb-supertrend-ETHUSDT-1700737200-T
BTC/USDT,supertrend,2023-11-22 19:00,37235.19,2023-11-23 15:59,36939.73,trailing,0.02839,2.1069430298,-10.4950524298,-0.009928,21.00,tb-supertrend-BTCUSDT-1700676000-B,tb-supertrend-BTCUSDT-1700751600-T
LTC/USDT,supertrend,2023-11-24 16:00,70.61,2023-11-26 09:59,70.79,trailing,19.154,2.7097878000,0.7379322000,0.000546,42.00,tb-supertrend-LTCUSDT-1700838000-B,tb-supertrend-LTCUSDT-1700989200-T
LINK/USDT,supertrend,2023-11-27 01:00,15.242,2023-11-27 03:59,14.628,stop,41.89,1.25201640000,-26.97247640000,-0.042244,3.00,tb-supertrend-LINKUSDT-1701043200-B,tb-supertrend-LINKUSDT-1701054000-X
BTC/USDT,supertrend,2023-11-28 16:00,37550.72,2023-11-29 15:59,37661.27,trailing,0.04517,3.3992031284,1.5943403716,0.000940,24.00,tb-supertrend-BTCUSDT-1701183600-B,tb-supertrend-BTCUSDT-1701270000-T
SOL/USDT,supertrend,2023-11-28 17:00,57.32,2023-11-29 21:59,58.65,trailing,10.934,1.2686465000,13.2735735000,0.021179,29.00,tb-supertrend-SOLUSDT-1701187200-B,tb-supertrend-SOLUSDT-1701291600-T
XRP/USDT,supertrend,2023-12-01 05:00,0.6119,2023-12-03 15:59,0.6178,trailing,2750.8,3.384372080000,12.845347920000,0.007631,59.00,tb-supertrend-XRPUSDT-1701403200-B,tb-supertrend-XRPUSDT-1701615600-T
ADA/USDT,supertrend,2023-12-03 23:00,0.3982,2023-12-04 11:59,0.4005,trailing,2978.6,2.380202420000,4.470577580000,0.003769,13.00,tb-supertrend-ADAUSDT-1701640800-B,tb-supertrend-ADAUSDT-1701687600-T
ETH/USDT,supertrend,2023-12-01 02:00,2090.61,2023-12-04 15:59,2204.49,trailing,0.6661,2.8624295380,72.9930384620,0.052417,86.00,tb-supertrend-ETHUSDT-1701392400-B,tb-supertrend-ETHUSDT-1701702000-T
ETH/USDT,supertrend,2023-12-05 18:00,2294.16,2023-12-06 11:59,2248.13,trailing,0.3945,1.7928510740,-19.9516860740,-0.022045,18.00,tb-supertrend-ETHUSDT-1701795600-B,tb-supertrend-ETHUSDT-1701860400-T
ADA/USDT,supertrend,2023-12-05 18:00,0.4139,2023-12-07 09:59,0.4321,trailing,1836.9,1.554803810000,31.876776190000,0.041927,40.00,tb-supertrend-ADAUSDT-1701795600-B,tb-supertrend-ADAUSDT-1701939600-T
BTC/USDT,supertrend,2023-12-08 15:00,44006.96,2023-12-09 08:59,43835.03,trailing,0.03203,2.8153392172,-8.3222571172,-0.005904,18.00,tb-supertrend-BTCUSDT-1702044000-B,tb-supertrend-BTCUSDT-1702108800-T
LINK/USDT,supertrend,2023-12-07 22:00,15.657,2023-12-09 14:59,16.471,trailing,33.06,1.06277796000,25.84806204000,0.049936,41.00,tb-supertrend-LINKUSDT-1701982800-B,tb-supertrend-LINKUSDT-1702130400-T
ETH/USDT,supertrend,2023-12-10 21:00,2378.59,2023-12-11 01:59,2337.52,stop,0.6546,3.0888306170,-29.9732526170,-0.019250,5.00,tb-supertrend-ETHUSDT-1702238400-B,tb-supertrend-ETHUSDT-1702256400-X
SOL/USDT,supertrend,2023-12-11 00:00,74.96,2023-12-11 02:59,71.51,stop,7.501,1.0992711500,-26.9777211500,-0.047980,3.00,tb-supertrend-SOLUSDT-1702249200-B,tb-supertrend-SOLUSDT-1702260000-X
ADA/USDT,supertrend,2023-12-12 07:00,0.5742,2023-12-12 17:59,0.5583,trailing,680.6,0.771181440000,-11.592721440000,-0.029664,11.00,tb-supertrend-ADAUSDT-1702360800-B,tb-supertrend-ADAUSDT-1702400400-T
BNB/USDT,supertrend,2023-12-11 13:00,242.65,2023-12-13 03:59,246.16,trailing,2.678,1.3097611300,8.0900188700,0.012450,39.00,tb-supertrend-BNBUSDT-1702296000-B,tb-supertrend-BNBUSDT-1702436400-T
ADA/USDT,supertrend,2023-12-13 14:00,0.6120,2023-12-14 13:59,0.6287,trailing,534.5,0.663521350000,8.262628650000,0.025259,24.00,tb-supertrend-ADAUSDT-1702472400-B,tb-supertrend-ADAUSDT-1702558800-T
BTC/USDT,supertrend,2023-12-13 16:00,41981.11,2023-12-14 13:59,42365.50,trailing,0.02618,2.2094536831,7.8538765169,0.007146,22.00,tb-supertrend-BTCUSDT-1702479600-B,tb-supertrend-BTCUSDT-1702558800-T
LTC/USDT,supertrend,2023-12-17 05:00,72.66,2023-12-17 22:59,71.85,trailing,20.607,2.9794434300,-19.6711134300,-0.013138,18.00,tb-supertrend-LTCUSDT-1702785600-B,tb-supertrend-LTCUSDT-1702850400-T
ETH/USDT,supertrend,2023-12-17 21:00,2249.24,2023-12-17 23:59,2206.07,trailing,0.6061,2.7019378620,-28.8672748620,-0.021175,3.00,tb-supertrend-ETHUSDT-1702843200-B,tb-supertrend-ETHUSDT-1702854000-T
SOL/USDT,supertrend,2023-12-18 19:00,72.41,2023-12-19 14:59,72.91,trailing,6.172,0.8974219100,2.1885780900,0.004897,20.00,tb-supertrend-SOLUSDT-1702922400-B,tb-supertrend-SOLUSDT-1702994400-T
BTC/USDT,supertrend,2023-12-18 21:00,42013.07,2023-12-19 14:59,42409.45,trailing,0.02594,2.1911805579,8.0909166421,0.007424,18.00,tb-supertrend-BTCUSDT-1702929600-B,tb-supertrend-BTCUSDT-1702994400-T
SOL/USDT,supertrend,2023-12-20 09:00,76.48,2023-12-22 09:59,91.68,trailing,7.021,1.1812632000,105.5379368000,0.196545,49.00,tb-supertrend-SOLUSDT-1703059200-B,tb-supertrend-SOLUSDT-1703235600-T
BTC/USDT,supertrend,2023-12-20 14:00,43813.21,2023-12-23 04:59,43382.72,trailing,0.02636,2.2997991119,-13.6475155119,-0.011817,63.00,tb-supertrend-BTCUSDT-1703077200-B,tb-supertrend-BTCUSDT-1703304000-T
ADA/USDT,supertrend,2023-12-24 02:00,0.6250,2023-12-24 05:59,0.6034,stop,1210.4,1.487667860000,-27.632307860000,-0.036527,4.00,tb-supertrend-ADAUSDT-1703379600-B,tb-supertrend-ADAUSDT-1703394000-X
XRP/USDT,supertrend,2023-12-25 10:00,0.6424,2023-12-26 05:59,0.6283,trailing,1468.4,1.866859480000,-22.571299480000,-0.023928,20.00,tb-supertrend-XRPUSDT-1703494800-B,tb-supertrend-XRPUSDT-1703566800-T
BTC/USDT,supertrend,2023-12-25 15:00,43717.78,2023-12-26 05:59,43125.25,trailing,0.03867,3.3599686838,-26.2731037838,-0.015541,15.00,tb-supertrend-BTCUSDT-1703512800-B,tb-supertrend-BTCUSDT-1703566800-T
LTC/USDT,supertrend,2023-12-26 12:00,73.50,2023-12-26 17:59,71.91,trailing,12.889,1.8751449900,-22.3686549900,-0.023612,6.00,tb-supertrend-LTCUSDT-1703588400-B,tb-supertrend-LTCUSDT-1703610000-T
ETH/USDT,supertrend,2023-12-27 11:00,2280.88,2023-12-28 07:59,2363.37,trailing,0.5595,2.5998264080,43.5533285920,0.034129,21.00,tb-supertrend-ETHUSDT-1703671200-B,tb-supertrend-ETHUSDT-1703746800-T
BTC/USDT,supertrend,2023-12-27 11:00,43238.76,2023-12-28 12:59,42804.11,trailing,0.03347,2.8815844076,-17.4293199076,-0.012043,26.00,tb-supertrend-BTCUSDT-1703671200-B,tb-supertrend-BTCUSDT-1703764800-T
SOL/USDT,supertrend,2023-12-29 07:00,108.29,2023-12-30 08:59,102.75,trailing,3.152,0.6656312400,-18.1277112400,-0.053109,26.00,tb-supertrend-SOLUSDT-1703829600-B,tb-supertrend-SOLUSDT-1703923200-T
BNB/USDT,supertrend,2023-12-31 05:00,322.83,2023-12-31 16:59,315.17,trailing,2.854,1.8218204900,-23.6834604900,-0.025705,12.00,tb-supertrend-BNBUSDT-1703995200-B,tb-supertrend-BNBUSDT-1704038400-T
BTC/USDT,supertrend,2023-12-30 18:00,42531.49,2023-12-31 22:59,42085.28,trailing,0.03272,2.7703619724,-17.3703531724,-0.012482,29.00,tb-supertrend-BTCUSDT-1703955600-B,tb-supertrend-BTCUSDT-1704060000-T
LTC/USDT,supertrend,2023-12-31 18:00,74.31,2023-12-31 22:59,73.00,trailing,19.095,2.8143706500,-27.8288206500,-0.019612,5.00,tb-supertrend-LTCUSDT-1704042000-B,tb-supertrend-LTCUSDT-1704060000-T
XRP/USDT,supertrend,2024-01-01 18:00,0.6240,2024-01-02 14:59,0.6258,trailing,2660.6,3.326902680000,1.462177320000,0.000881,21.00,tb-supertrend-XRPUSDT-1704128400-B,tb-supertrend-XRPUSDT-1704204000-T
ETH/USDT,supertrend,2024-01-01 19:00,2329.23,2024-01-02 14:59,2370.28,trailing,0.6521,3.0661809340,23.7025240660,0.015605,20.00,tb-supertrend-ETHUSDT-1704132000-B,tb-supertrend-ETHUSDT-1704204000-T
BNB/USDT,supertrend,2024-01-03 07:00,319.82,2024-01-03 12:59,319.61,trailing,3.138,2.0078106200,-2.6667906200,-0.002657,6.00,tb-supertrend-BNBUSDT-1704261600-B,tb-supertrend-BNBUSDT-1704283200-T
SOL/USDT,supertrend,2024-01-04 20:00,105.27,2024-01-05 01:59,99.24,trailing,3.470,0.7100707800,-21.6341707800,-0.059225,6.00,tb-supertrend-SOLUSDT-1704394800-B,tb-supertrend-SOLUSDT-1704416400-T
BTC/USDT,supertrend,2024-01-04 21:00,44157.80,2024-01-05 01:59,43070.80,trailing,0.01853,1.6172291100,-21.7593391100,-0.026593,5.00,tb-supertrend-BTCUSDT-1704398400-B,tb-supertrend-BTCUSDT-1704416400-T
LTC/USDT,supertrend,2024-01-07 07:00,66.21,2024-01-07 15:59,64.84,trailing,18.206,2.3871542900,-27.3293742900,-0.022672,9.00,tb-supertrend-LTCUSDT-1704607200-B,tb-supertrend-LTCUSDT-1704639600-T
LTC/USDT,supertrend,2024-01-10 04:00,67.62,2024-01-10 12:59,65.33,trailing,9.804,1.3041180000,-23.7552780000,-0.035833,9.00,tb-supertrend-LTCUSDT-1704855600-B,tb-supertrend-LTCUSDT-1704888000-T
XRP/USDT,supertrend,2024-01-10 20:00,0.5795,2024-01-12 01:59,0.5932,trailing,1001.8,1.175448310000,12.549211690000,0.021616,30.00,tb-supertrend-XRPUSDT-1704913200-B,tb-supertrend-XRPUSDT-1705021200-T
ETH/USDT,supertrend,2024-01-09 23:00,2343.26,2024-01-12 08:59,2585.70,trailing,0.2584,1.2743462420,61.3721497580,0.101358,58.00,tb-supertrend-ETHUSDT-1704837600-B,tb-supertrend-ETHUSDT-1705046400-T
ETH/USDT,supertrend,2024-01-16 16:00,2562.00,2024-01-17 07:59,2554.58,trailing,0.4129,2.1139168800,-5.1776348800,-0.004894,16.00,tb-supertrend-ETHUSDT-1705417200-B,tb-supertrend-ETHUSDT-1705474800-T
ADA/USDT,supertrend,2024-01-16 17:00,0.5448,2024-01-17 07:59,0.5294,trailing,1368.0,1.470268320000,-22.537468320000,-0.030240,15.00,tb-supertrend-ADAUSDT-1705420800-B,tb-supertrend-ADAUSDT-1705474800-T
BNB/USDT,supertrend,2024-01-18 15:00,315.32,2024-01-18 19:59,308.23,trailing,3.570,2.2273347800,-27.5386347800,-0.024464,5.00,tb-supertrend-BNBUSDT-1705586400-B,tb-supertrend-BNBUSDT-1705604400-T
BTC/USDT,supertrend,2024-01-31 16:00,43404.48,2024-01-31 20:59,42741.30,trailing,0.02644,2.2789965556,-19.8134757556,-0.017265,5.00,tb-supertrend-BTCUSDT-1706713200-B,tb-supertrend-BTCUSDT-1706731200-T
ETH/USDT,supertrend,2024-01-31 17:00,2348.27,2024-01-31 20:59,2291.03,trailing,0.4407,2.0457136440,-27.2713816440,-0.026352,4.00,tb-supertrend-ETHUSDT-1706716800-B,tb-supertrend-ETHUSDT-1706731200-T
LINK/USDT,supertrend,2024-02-10 22:00,18.767,2024-02-12 02:59,19.916,trailing,47.85,1.85191990000,53.12773010000,0.059162,29.00,tb-supertrend-LINKUSDT-1707598800-B,tb-supertrend-LINKUSDT-1707703200-T
ETH/USDT,supertrend,2024-02-12 15:00,2530.72,2024-02-13 13:59,2617.80,trailing,0.5831,3.0036204440,47.7727275560,0.032374,23.00,tb-supertrend-ETHUSDT-1707746400-B,tb-supertrend-ETHUSDT-1707829200-T
ADA/USDT,supertrend,2024-02-12 16:00,0.5566,2024-02-13 13:59,0.5450,trailing,1421.1,1.566318660000,-18.051078660000,-0.022821,22.00,tb-supertrend-ADAUSDT-1707750000-B,tb-supertrend-ADAUSDT-1707829200-T
BTC/USDT,supertrend,2024-02-14 09:00,50808.76,2024-02-15 21:59,51364.70,trailing,0.02167,2.2156231420,9.8315966580,0.008929,37.00,tb-supertrend-BTCUSDT-1707897600-B,tb-supertrend-BTCUSDT-1708030800-T
ETH/USDT,supertrend,2024-02-14 09:00,2709.92,2024-02-16 14:59,2781.00,trailing,0.3597,1.9761678920,23.5913081080,0.024202,54.00,tb-supertrend-ETHUSDT-1707897600-B,tb-supertrend-ETHUSDT-1708092000-T
ADA/USDT,supertrend,2024-02-17 21:00,0.5998,2024-02-18 20:59,0.6129,trailing,1255.3,1.523082050000,14.921347950000,0.019818,24.00,tb-supertrend-ADAUSDT-1708200000-B,tb-supertrend-ADAUSDT-1708286400-T
LINK/USDT,supertrend,2024-02-17 18:00,19.934,2024-02-19 10:59,19.757,trailing,34.65,1.37609051000,-7.50914051000,-0.010872,41.00,tb-supertrend-LINKUSDT-1708189200-B,tb-supertrend-LINKUSDT-1708336800-T
BTC/USDT,supertrend,2024-02-20 14:00,52892.99,2024-02-20 14:59,51919.42,stop,0.02744,2.8776393153,-29.5924001153,-0.020389,1.00,tb-supertrend-BTCUSDT-1708434000-B,tb-supertrend-BTCUSDT-1708437600-X
BNB/USDT,supertrend,2024-02-20 06:00,357.56,2024-02-20 15:59,350.07,trailing,3.171,2.2453249700,-25.9961149700,-0.022928,10.00,tb-supertrend-BNBUSDT-1708405200-B,tb-supertrend-BNBUSDT-1708441200-T
ETH/USDT,supertrend,2024-02-22 09:00,3023.80,2024-02-22 13:59,2926.99,stop,0.2691,1.6022647300,-27.6538357300,-0.033985,5.00,tb-supertrend-ETHUSDT-1708588800-B,tb-supertrend-ETHUSDT-1708606800-X
BNB/USDT,supertrend,2024-02-21 08:00,360.77,2024-02-23 07:59,374.66,trailing,2.616,1.9249671900,34.4112728100,0.036461,48.00,tb-supertrend-BNBUSDT-1708498800-B,tb-supertrend-BNBUSDT-1708671600-T
XRP/USDT,supertrend,2024-02-24 10:00,0.5451,2024-02-26 02:59,0.5396,trailing,2156.8,2.340680180000,-14.203080180000,-0.012081,41.00,tb-supertrend-XRPUSDT-1708765200-B,tb-supertrend-XRPUSDT-1708912800-T
LTC/USDT,supertrend,2024-02-24 01:00,69.41,2024-02-26 05:59,69.57,trailing,18.292,2.5435409500,0.3831790500,0.000302,53.00,tb-supertrend-LTCUSDT-1708732800-B,tb-supertrend-LTCUSDT-1708923600-T
BTC/USDT,supertrend,2024-02-26 15:00,51738.72,2024-02-28 17:59,60098.18,trailing,0.03711,4.1523369080,306.0672236920,0.159408,51.00,tb-supertrend-BTCUSDT-1708956000-B,tb-supertrend-BTCUSDT-1709139600-T
ADA/USDT,supertrend,2024-02-26 16:00,0.6066,2024-02-28 17:59,0.6227,trailing,1238.9,1.523768350000,18.422521650000,0.024514,50.00,tb-supertrend-ADAUSDT-1708959600-B,tb-supertrend-ADAUSDT-1709139600-T
LTC/USDT,supertrend,2024-02-29 05:00,83.40,2024-02-29 22:59,79.20,trailing,4.951,0.8054496000,-21.5996496000,-0.052310,18.00,tb-supertrend-LTCUSDT-1709179200-B,tb-supertrend-LTCUSDT-1709244000-T
XRP/USDT,supertrend,2024-02-29 17:00,0.6124,2024-03-01 14:59,0.5866,trailing,715.8,0.858734120000,-19.326374120000,-0.044088,22.00,tb-supertrend-XRPUSDT-1709222400-B,tb-supertrend-XRPUSDT-1709301600-T
ADA/USDT,supertrend,2024-03-02 00:00,0.7204,2024-03-02 09:59,0.7208,trailing,750.9,1.082773400000,-0.782413400000,-0.001446,10.00,tb-supertrend-ADAUSDT-1709334000-B,tb-supertrend-ADAUSDT-1709370000-T
LINK/USDT,supertrend,2024-03-02 02:00,20.449,2024-03-03 07:59,20.763,trailing,36.06,1.48692268000,9.83591732000,0.013339,30.00,tb-supertrend-LINKUSDT-1709341200-B,tb-supertrend-LINKUSDT-1709449200-T
ADA/USDT,supertrend,2024-03-04 03:00,0.7534,2024-03-05 05:59,0.7505,trailing,740.9,1.114842230000,-3.263452230000,-0.005846,27.00,tb-supertrend-ADAUSDT-1709517600-B,tb-supertrend-ADAUSDT-1709614800-T
ETH/USDT,supertrend,2024-03-03 17:00,3484.00,2024-03-05 16:59,3671.78,trailing,0.3419,2.4479547800,61.7540272200,0.051843,48.00,tb-supertrend-ETHUSDT-1709481600-B,tb-supertrend-ETHUSDT-1709654400-T
LINK/USDT,supertrend,2024-03-05 06:00,20.991,2024-03-05 16:59,20.028,trailing,24.56,1.00805637000,-24.65933637000,-0.047832,11.00,tb-supertrend-LINKUSDT-1709614800-B,tb-supertrend-LINKUSDT-1709654400-T
BNB/USDT,supertrend,2024-03-06 08:00,411.02,2024-03-08 15:59,468.31,trailing,1.108,0.9751196800,62.5022003200,0.137244,56.00,tb-supertrend-BNBUSDT-1709708400-B,tb-supertrend-BNBUSDT-1709910000-T
ETH/USDT,supertrend,2024-03-06 06:00,3773.21,2024-03-08 16:59,3855.47,trailing,0.0981,0.7487508320,7.3209551680,0.019778,59.00,tb-supertrend-ETHUSDT-1709701200-B,tb-supertrend-ETHUSDT-1709913600-T
LINK/USDT,supertrend,2024-03-10 23:00,20.681,2024-03-11 00:59,20.641,trailing,32.95,1.36238714000,-2.68038714000,-0.003933,2.00,tb-supertrend-LINKUSDT-1710108000-B,tb-supertrend-LINKUSDT-1710115200-T
ETH/USDT,supertrend,2024-03-11 08:00,4005.41,2024-03-12 08:59,3969.69,trailing,0.1827,1.4578518490,-7.9838958490,-0.010910,25.00,tb-supertrend-ETHUSDT-1710140400-B,tb-supertrend-ETHUSDT-1710230400-T
BTC/USDT,supertrend,2024-03-11 08:00,71091.01,2024-03-12 15:59,70738.86,trailing,0.01345,1.9090335747,-6.6454510747,-0.006950,32.00,tb-supertrend-BTCUSDT-1710140400-B,tb-supertrend-BTCUSDT-1710255600-T
BTC/USDT,supertrend,2024-03-13 08:00,72928.01,2024-03-13 13:59,71584.22,trailing,0.01383,2.0000626985,-20.5846783985,-0.020409,6.00,tb-supertrend-BTCUSDT-1710313200-B,tb-supertrend-BTCUSDT-1710334800-T
ETH/USDT,supertrend,2024-03-13 09:00,4067.83,2024-03-13 13:59,3963.15,trailing,0.2306,1.8531643370,-25.9923723370,-0.027709,5.00,tb-supertrend-ETHUSDT-1710316800-B,tb-supertrend-ETHUSDT-1710334800-T
LINK/USDT,supertrend,2024-03-14 10:00,21.137,2024-03-14 15:59,20.675,trailing,34.33,1.43625144000,-17.29671144000,-0.023837,6.00,tb-supertrend-LINKUSDT-1710406800-B,tb-supertrend-LINKUSDT-1710428400-T
SOL/USDT,supertrend,2024-03-15 00:00,176.83,2024-03-15 08:59,169.72,trailing,1.917,0.6646900100,-14.2945600100,-0.042169,9.00,tb-supertrend-SOLUSDT-1710457200-B,tb-supertrend-SOLUSDT-1710489600-T
BNB/USDT,supertrend,2024-03-15 19:00,613.22,2024-03-16 13:59,593.35,trailing,0.578,0.6980106800,-12.1828706800,-0.034372,19.00,tb-supertrend-BNBUSDT-1710525600-B,tb-supertrend-BNBUSDT-1710594000-T
SOL/USDT,supertrend,2024-03-16 06:00,192.43,2024-03-16 19:59,180.68,trailing,1.547,0.5775860300,-18.7548360300,-0.063001,14.00,tb-supertrend-SOLUSDT-1710565200-B,tb-supertrend-SOLUSDT-1710615600-T
ETH/USDT,supertrend,2024-03-17 16:00,3632.05,2024-03-18 13:59,3525.52,trailing,0.1613,1.1552424550,-18.3385314550,-0.031302,22.00,tb-supertrend-ETHUSDT-1710687600-B,tb-supertrend-ETHUSDT-1710766800-T
BTC/USDT,supertrend,2024-03-17 16:00,68033.48,2024-03-18 14:59,66619.29,trailing,0.01001,1.3492348944,-15.5052767944,-0.022768,23.00,tb-supertrend-BTCUSDT-1710687600-B,tb-supertrend-BTCUSDT-1710770400-T
LTC/USDT,supertrend,2024-03-19 00:00,86.85,2024-03-19 01:59,82.29,stop,5.751,0.9732452400,-27.1978052400,-0.054453,2.00,tb-supertrend-LTCUSDT-1710802800-B,tb-supertrend-LTCUSDT-1710810000-X
XRP/USDT,supertrend,2024-03-18 23:00,0.6338,2024-03-19 02:59,0.6114,trailing,937.5,1.168008800000,-22.168008800000,-0.037308,4.00,tb-supertrend-XRPUSDT-1710799200-B,tb-supertrend-XRPUSDT-1710813600-T
ETH/USDT,supertrend,2024-03-20 13:00,3358.19,2024-03-20 16:59,3189.06,trailing,0.1287,0.8433027110,-22.6103337110,-0.052315,4.00,tb-supertrend-ETHUSDT-1710936000-B,tb-supertrend-ETHUSDT-1710950400-T
SOL/USDT,supertrend,2024-03-20 19:00,184.02,2024-03-21 18:59,179.75,trailing,1.427,0.5194678300,-6.6127578300,-0.025182,24.00,tb-supertrend-SOLUSDT-1710957600-B,tb-supertrend-SOLUSDT-1711044000-T
BTC/USDT,supertrend,2024-03-20 19:00,65480.35,2024-03-21 18:59,65403.72,trailing,0.00741,0.9705057670,-1.5383340670,-0.003170,24.00,tb-supertrend-BTCUSDT-1710957600-B,tb-supertrend-BTCUSDT-1711044000-T
LTC/USDT,supertrend,2024-03-23 02:00,84.74,2024-03-26 14:59,89.33,trailing,8.067,1.4049853500,35.6225446500,0.052110,85.00,tb-supertrend-LTCUSDT-1711155600-B,tb-supertrend-LTCUSDT-1711461600-T
LINK/USDT,supertrend,2024-03-23 10:00,18.415,2024-03-26 14:59,19.851,trailing,32.84,1.25739204000,45.90084796000,0.075901,77.00,tb-supertrend-LINKUSDT-1711184400-B,tb-supertrend-LINKUSDT-1711461600-T
LTC/USDT,supertrend,2024-03-26 19:00,93.90,2024-03-27 14:59,92.95,trailing,5.733,1.0717744500,-6.5181244500,-0.012108,20.00,tb-supertrend-LTCUSDT-1711476000-B,tb-supertrend-LTCUSDT-1711548000-T
BTC/USDT,supertrend,2024-03-28 15:00,71609.51,2024-03-29 05:59,70205.06,trailing,0.01416,2.0095265018,-21.8965385018,-0.021594,15.00,tb-supertrend-BTCUSDT-1711634400-B,tb-supertrend-BTCUSDT-1711688400-T
BNB/USDT,supertrend,2024-03-28 01:00,588.39,2024-03-30 06:59,602.95,trailing,1.394,1.6619047400,18.6347352600,0.022719,54.00,tb-supertrend-BNBUSDT-1711584000-B,tb-supertrend-BNBUSDT-1711778400-T
XRP/USDT,supertrend,2024-03-29 12:00,0.6301,2024-03-30 21:59,0.6209,trailing,1421.0,1.778616150000,-14.851816150000,-0.016587,34.00,tb-supertrend-XRPUSDT-1711710000-B,tb-supertrend-XRPUSDT-1711832400-T
ETH/USDT,supertrend,2024-03-31 06:00,3607.81,2024-04-01 05:59,3583.28,trailing,0.3740,2.6909107840,-11.8651307840,-0.008793,24.00,tb-supertrend-ETHUSDT-1711861200-B,tb-supertrend-ETHUSDT-1711947600-T
BTC/USDT,supertrend,2024-03-31 12:00,70440.36,2024-04-01 05:59,70298.76,trailing,0.03160,4.4501738104,-8.9247338104,-0.004009,18.00,tb-supertrend-BTCUSDT-1711882800-B,tb-supertrend-BTCUSDT-1711947600-T
LTC/USDT,supertrend,2024-04-02 12:00,102.62,2024-04-03 08:59,100.49,trailing,3.413,0.6936249100,-7.9633149100,-0.022737,21.00,tb-supertrend-LTCUSDT-1712055600-B,tb-supertrend-LTCUSDT-1712131200-T
SOL/USDT,supertrend,2024-04-03 04:00,188.66,2024-04-04 03:59,181.82,trailing,2.339,0.8671187000,-16.8658787000,-0.038221,24.00,tb-supertrend-SOLUSDT-1712113200-B,tb-supertrend-SOLUSDT-1712199600-T
LTC/USDT,supertrend,2024-04-06 11:00,101.93,2024-04-07 17:59,101.81,trailing,6.599,1.3451937700,-2.1370737700,-0.003177,31.00,tb-supertrend-LTCUSDT-1712397600-B,tb-supertrend-LTCUSDT-1712509200-T
XRP/USDT,supertrend,2024-04-06 16:00,0.5947,2024-04-07 19:59,0.5913,trailing,2293.8,2.721814610000,-10.520734610000,-0.007712,28.00,tb-supertrend-XRPUSDT-1712415600-B,tb-supertrend-XRPUSDT-1712516400-T
LTC/USDT,supertrend,2024-04-08 09:00,104.54,2024-04-09 00:59,102.55,trailing,7.259,1.5041026300,-15.9495126300,-0.021018,16.00,tb-supertrend-LTCUSDT-1712563200-B,tb-supertrend-LTCUSDT-1712620800-T
ADA/USDT,supertrend,2024-04-08 08:00,0.5955,2024-04-09 07:59,0.6012,trailing,1782.9,2.134668330000,8.027861670000,0.007561,24.00,tb-supertrend-ADAUSDT-1712559600-B,tb-supertrend-ADAUSDT-1712646000-T
BNB/USDT,supertrend,2024-04-10 16:00,593.70,2024-04-11 09:59,599.50,trailing,1.480,1.7671234000,6.8168766000,0.007758,18.00,tb-supertrend-BNBUSDT-1712761200-B,tb-supertrend-BNBUSDT-1712826000-T
BTC/USDT,supertrend,2024-04-10 20:00,70154.09,2024-04-12 13:59,69805.11,trailing,0.01347,1.8866535041,-6.5874141041,-0.006971,42.00,tb-supertrend-BTCUSDT-1712775600-B,tb-supertrend-BTCUSDT-1712926800-T
LINK/USDT,supertrend,2024-04-19 07:00,13.860,2024-04-21 16:59,14.563,trailing,30.07,0.85523401000,20.28397599000,0.048669,58.00,tb-supertrend-LINKUSDT-1713506400-B,tb-supertrend-LINKUSDT-1713715200-T
LTC/USDT,supertrend,2024-04-22 21:00,86.32,2024-04-23 04:59,84.23,trailing,11.124,1.8982340400,-25.1473940400,-0.026189,8.00,tb-supertrend-LTCUSDT-1713816000-B,tb-supertrend-LTCUSDT-1713844800-T
BTC/USDT,supertrend,2024-04-19 07:00,64689.00,2024-04-23 11:59,65787.33,trailing,0.00815,1.0640289800,7.8873605200,0.014960,101.00,tb-supertrend-BTCUSDT-1713506400-B,tb-supertrend-BTCUSDT-1713870000-T
ETH/USDT,supertrend,2024-05-17 08:00,3027.69,2024-05-19 11:59,3092.01,trailing,0.3953,2.4203284830,23.0053675170,0.019222,52.00,tb-supertrend-ETHUSDT-1715929200-B,tb-supertrend-ETHUSDT-1716116400-T
SOL/USDT,supertrend,2024-05-20 03:00,172.94,2024-05-21 12:59,179.80,trailing,4.068,1.4358110200,26.4706689800,0.037626,34.00,tb-supertrend-SOLUSDT-1716170400-B,tb-supertrend-SOLUSDT-1716292800-T
LINK/USDT,supertrend,2024-05-16 19:00,14.433,2024-05-21 15:59,16.553,trailing,43.04,1.33435909000,89.91044091000,0.144738,117.00,tb-supertrend-LINKUSDT-1715882400-B,tb-supertrend-LINKUSDT-1716303600-T
ETH/USDT,supertrend,2024-05-23 11:00,3832.04,2024-05-23 12:59,3783.44,trailing,0.2173,1.6559934140,-12.2167734140,-0.014671,2.00,tb-supertrend-ETHUSDT-1716458400-B,tb-supertrend-ETHUSDT-1716465600-T
LINK/USDT,supertrend,2024-05-24 01:00,16.918,2024-05-25 08:59,17.009,trailing,28.10,0.95385624000,1.60324376000,0.003372,32.00,tb-supertrend-LINKUSDT-1716508800-B,tb-supertrend-LINKUSDT-1716624000-T
LTC/USDT,supertrend,2024-05-24 01:00,86.33,2024-05-25 12:59,84.62,trailing,7.378,1.2619597400,-13.8783397400,-0.021789,36.00,tb-supertrend-LTCUSDT-1716508800-B,tb-supertrend-LTCUSDT-1716638400-T
ETH/USDT,supertrend,2024-05-26 10:00,3803.80,2024-05-27 19:59,3866.87,trailing,0.3512,2.6954608200,19.4547231800,0.014563,34.00,tb-supertrend-ETHUSDT-1716714000-B,tb-supertrend-ETHUSDT-1716836400-T
BNB/USDT,supertrend,2024-05-27 03:00,606.51,2024-05-27 19:59,604.10,trailing,3.696,4.4768406000,-13.3842006000,-0.005971,17.00,tb-supertrend-BNBUSDT-1716775200-B,tb-supertrend-BNBUSDT-1716836400-T
SOL/USDT,supertrend,2024-05-29 04:00,172.53,2024-05-29 12:59,167.29,trailing,4.288,1.4580108100,-23.9271308100,-0.032342,9.00,tb-supertrend-SOLUSDT-1716951600-B,tb-supertrend-SOLUSDT-1716984000-T
LINK/USDT,supertrend,2024-05-29 13:00,19.084,2024-05-30 06:59,18.403,trailing,35.17,1.31918115000,-25.26995115000,-0.037650,18.00,tb-supertrend-LINKUSDT-1716984000-B,tb-supertrend-LINKUSDT-1717048800-T
BTC/USDT,supertrend,2024-05-30 17:00,68744.68,2024-05-31 06:59,68208.98,trailing,0.01992,2.7294917992,-13.4006357992,-0.009786,14.00,tb-supertrend-BTCUSDT-1717084800-B,tb-supertrend-BTCUSDT-1717135200-T
LTC/USDT,supertrend,2024-05-30 14:00,84.78,2024-05-31 13:59,83.56,trailing,12.848,2.1639344600,-17.8384944600,-0.016377,24.00,tb-supertrend-LTCUSDT-1717074000-B,tb-supertrend-LTCUSDT-1717160400-T
LINK/USDT,supertrend,2024-05-31 20:00,18.250,2024-06-02 09:59,18.246,trailing,40.29,1.47133634000,-1.63249634000,-0.002220,38.00,tb-supertrend-LINKUSDT-1717182000-B,tb-supertrend-LINKUSDT-1717318800-T
BTC/USDT,supertrend,2024-06-02 12:00,68319.79,2024-06-02 18:59,67572.07,stop,0.03742,5.0878061934,-33.0674885934,-0.012935,7.00,tb-supertrend-BTCUSDT-1717326000-B,tb-supertrend-BTCUSDT-1717351200-X
LTC/USDT,supertrend,2024-06-03 02:00,83.76,2024-06-03 14:59,82.67,trailing,21.284,3.5441388400,-26.7436988400,-0.015001,13.00,tb-supertrend-LTCUSDT-1717376400-B,tb-supertrend-LTCUSDT-1717423200-T
BNB/USDT,supertrend,2024-06-03 01:00,605.41,2024-06-06 16:59,698.93,trailing,3.458,4.5128293600,318.8793306400,0.152318,88.00,tb-supertrend-BNBUSDT-1717372800-B,tb-supertrend-BNBUSDT-1717689600-T
LTC/USDT,supertrend,2024-06-04 17:00,83.07,2024-06-06 20:59,84.30,trailing,18.104,3.0316448100,19.2362751900,0.012791,52.00,tb-supertrend-LTCUSDT-1717516800-B,tb-supertrend-LTCUSDT-1717704000-T
ADA/USDT,supertrend,2024-06-07 09:00,0.4650,2024-06-07 17:59,0.4712,trailing,3096.5,2.900384800000,16.297915200000,0.011319,9.00,tb-supertrend-ADAUSDT-1717747200-B,tb-supertrend-ADAUSDT-1717779600-T
BTC/USDT,supertrend,2024-06-09 13:00,69782.68,2024-06-09 13:59,69256.82,stop,0.03769,5.2431900664,-25.0628534664,-0.009529,1.00,tb-supertrend-BTCUSDT-1717934400-B,tb-supertrend-BTCUSDT-1717938000-X
SOL/USDT,supertrend,2024-06-09 15:00,161.51,2024-06-10 04:59,159.17,trailing,7.017,2.2515036400,-18.6712836400,-0.016475,14.00,tb-supertrend-SOLUSDT-1717941600-B,tb-supertrend-SOLUSDT-1717992000-T
ADA/USDT,supertrend,2024-06-09 19:00,0.4438,2024-06-10 06:59,0.4372,trailing,3273.4,2.885329940000,-24.489769940000,-0.016858,12.00,tb-supertrend-ADAUSDT-1717956000-B,tb-supertrend-ADAUSDT-1717999200-T
ADA/USDT,supertrend,2024-06-10 10:00,0.4497,2024-06-10 13:59,0.4388,stop,2515.7,2.236368670000,-29.657498670000,-0.026215,4.00,tb-supertrend-ADAUSDT-1718010000-B,tb-supertrend-ADAUSDT-1718024400-X
XRP/USDT,supertrend,2024-06-10 15:00,0.5034,2024-06-10 20:59,0.4954,trailing,3178.6,3.176396560000,-28.605196560000,-0.017877,6.00,tb-supertrend-XRPUSDT-1718028000-B,tb-supertrend-XRPUSDT-1718049600-T
SOL/USDT,supertrend,2024-06-10 16:00,162.54,2024-06-10 23:59,158.18,stop,6.214,1.9940918600,-29.0871318600,-0.028798,8.00,tb-supertrend-SOLUSDT-1718031600-B,tb-supertrend-SOLUSDT-1718060400-X
BNB/USDT,supertrend,2024-06-12 10:00,616.92,2024-06-12 19:59,612.32,trailing,1.408,1.7320037600,-8.2088037600,-0.009450,10.00,tb-supertrend-BNBUSDT-1718182800-B,tb-supertrend-BNBUSDT-1718218800-T
ETH/USDT,supertrend,2024-06-12 13:00,3642.05,2024-06-12 19:59,3547.13,stop,0.2839,2.0421008200,-28.9898888200,-0.028037,7.00,tb-supertrend-ETHUSDT-1718193600-B,tb-supertrend-ETHUSDT-1718218800-X
BTC/USDT,supertrend,2024-06-16 11:00,66783.03,2024-06-17 01:59,66186.39,trailing,0.03543,4.7137778741,-25.8527330741,-0.010926,15.00,tb-supertrend-BTCUSDT-1718532000-B,tb-supertrend-BTCUSDT-1718586000-T
ETH/USDT,supertrend,2024-06-14 22:00,3507.72,2024-06-17 05:59,3563.84,trailing,0.2455,1.7371202960,12.0403397040,0.013982,56.00,tb-supertrend-ETHUSDT-1718398800-B,tb-supertrend-ETHUSDT-1718600400-T
ADA/USDT,supertrend,2024-07-21 22:00,0.4397,2024-07-22 05:59,0.4314,trailing,1618.4,1.410535730000,-14.843255730000,-0.020859,8.00,tb-supertrend-ADAUSDT-1721595600-B,tb-supertrend-ADAUSDT-1721624400-T
ETH/USDT,supertrend,2024-07-21 23:00,3537.02,2024-07-22 06:59,3462.27,trailing,0.3053,2.1382980440,-24.9594730440,-0.023114,8.00,tb-supertrend-ETHUSDT-1721599200-B,tb-supertrend-ETHUSDT-1721628000-T
XRP/USDT,supertrend,2024-07-22 10:00,0.6025,2024-07-23 05:59,0.5975,trailing,1032.2,1.239302750000,-6.400302750000,-0.010292,20.00,tb-supertrend-XRPUSDT-1721638800-B,tb-supertrend-XRPUSDT-1721710800-T
ETH/USDT,supertrend,2024-07-23 09:00,3525.01,2024-07-23 13:59,3430.29,trailing,0.2744,1.9095918270,-27.9007598270,-0.028845,5.00,tb-supertrend-ETHUSDT-1721721600-B,tb-supertrend-ETHUSDT-1721739600-T
LTC/USDT,supertrend,2024-07-24 00:00,73.00,2024-07-24 21:59,71.74,trailing,10.883,1.5760084200,-15.2885884200,-0.019244,22.00,tb-supertrend-LTCUSDT-1721775600-B,tb-supertrend-LTCUSDT-1721854800-T
XRP/USDT,supertrend,2024-07-24 09:00,0.6147,2024-07-25 01:59,0.6038,trailing,1093.0,1.332496670000,-13.246196670000,-0.019716,17.00,tb-supertrend-XRPUSDT-1721808000-B,tb-supertrend-XRPUSDT-1721869200-T
BNB/USDT,supertrend,2024-07-26 01:00,574.28,2024-07-27 15:59,582.24,trailing,1.734,2.0065542400,11.7960857600,0.011846,39.00,tb-supertrend-BNBUSDT-1721952000-B,tb-supertrend-BNBUSDT-1722092400-T
BTC/USDT,supertrend,2024-07-25 22:00,65903.85,2024-07-27 19:59,68061.75,trailing,0.01472,1.9732917090,29.7909962910,0.030709,46.00,tb-supertrend-BTCUSDT-1721941200-B,tb-supertrend-BTCUSDT-1722106800-T
XRP/USDT,supertrend,2024-07-28 10:00,0.6099,2024-07-29 15:59,0.5973,trailing,1439.6,1.738799970000,-19.877759970000,-0.022640,30.00,tb-supertrend-XRPUSDT-1722157200-B,tb-supertrend-XRPUSDT-1722265200-T
LINK/USDT,supertrend,2024-07-29 01:00,13.554,2024-07-29 15:59,13.540,trailing,75.99,2.05995738000,-3.12381738000,-0.003033,15.00,tb-supertrend-LINKUSDT-1722211200-B,tb-supertrend-LINKUSDT-1722265200-T
XRP/USDT,supertrend,2024-07-30 11:00,0.6244,2024-07-31 20:59,0.6264,trailing,1199.8,1.501521560000,0.898078440000,0.001199,34.00,tb-supertrend-XRPUSDT-1722333600-B,tb-supertrend-XRPUSDT-1722456000-T
BNB/USDT,supertrend,2024-07-30 23:00,582.99,2024-07-31 20:59,579.05,trailing,2.329,2.7081401300,-11.8844001300,-0.008753,22.00,tb-supertrend-BNBUSDT-1722376800-B,tb-supertrend-BNBUSDT-1722456000-T
BTC/USDT,supertrend,2024-08-01 21:00,64824.78,2024-08-02 14:59,63652.19,trailing,0.01330,1.7100401996,-17.3054871996,-0.020072,18.00,tb-supertrend-BTCUSDT-1722542400-B,tb-supertrend-BTCUSDT-1722607200-T
BNB/USDT,supertrend,2024-08-01 21:00,571.28,2024-08-02 14:59,561.65,trailing,1.611,1.8262927900,-17.3402227900,-0.018841,18.00,tb-supertrend-BNBUSDT-1722542400-B,tb-supertrend-BNBUSDT-1722607200-T
LTC/USDT,supertrend,2024-09-25 17:00,67.77,2024-09-25 23:59,66.35,stop,18.390,2.4677544300,-28.5815544300,-0.022933,7.00,tb-supertrend-LTCUSDT-1727280000-B,tb-supertrend-LTCUSDT-1727305200-X
ADA/USDT,supertrend,2024-09-29 19:00,0.4043,2024-09-30 00:59,0.3949,trailing,2699.2,2.158332680000,-27.530812680000,-0.025228,6.00,tb-supertrend-ADAUSDT-1727632800-B,tb-supertrend-ADAUSDT-1727654400-T
LTC/USDT,supertrend,2024-09-29 20:00,70.30,2024-09-30 00:59,68.91,stop,18.909,2.6336575900,-28.9171675900,-0.021754,5.00,tb-supertrend-LTCUSDT-1727636400-B,tb-supertrend-LTCUSDT-1727654400-X
SOL/USDT,supertrend,2024-10-15 14:00,158.71,2024-10-15 14:59,153.04,stop,4.478,1.3968100500,-26.7870700500,-0.037691,1.00,tb-supertrend-SOLUSDT-1728997200-B,tb-supertrend-SOLUSDT-1729000800-X
XRP/USDT,supertrend,2024-10-16 20:00,0.5532,2024-10-17 18:59,0.5461,trailing,2032.5,2.235488970000,-16.666238970000,-0.014823,23.00,tb-supertrend-XRPUSDT-1729105200-B,tb-supertrend-XRPUSDT-1729188000-T
LINK/USDT,supertrend,2024-10-18 07:00,11.342,2024-10-20 03:59,11.282,trailing,70.94,1.60585392000,-5.86225392000,-0.007286,45.00,tb-supertrend-LINKUSDT-1729231200-B,tb-supertrend-LINKUSDT-1729393200-T
SOL/USDT,supertrend,2024-10-18 07:00,153.86,2024-10-21 12:59,165.41,trailing,5.883,1.8791885700,66.0694614300,0.072992,78.00,tb-supertrend-SOLUSDT-1729231200-B,tb-supertrend-SOLUSDT-1729512000-T
XRP/USDT,supertrend,2024-10-20 23:00,0.5488,2024-10-21 13:59,0.5470,trailing,3002.5,3.291840780000,-8.696340780000,-0.005278,15.00,tb-supertrend-XRPUSDT-1729461600-B,tb-supertrend-XRPUSDT-1729515600-T
LINK/USDT,supertrend,2024-10-22 07:00,12.083,2024-10-23 03:59,11.736,trailing,63.53,1.51406688000,-23.55897688000,-0.030690,21.00,tb-supertrend-LINKUSDT-1729576800-B,tb-supertrend-LINKUSDT-1729652400-T
SOL/USDT,supertrend,2024-10-22 15:00,170.34,2024-10-23 05:59,164.31,trailing,3.483,1.1662673100,-22.1687573100,-0.037366,15.00,tb-supertrend-SOLUSDT-1729605600-B,tb-supertrend-SOLUSDT-1729659600-T
LINK/USDT,supertrend,2024-10-24 01:00,11.532,2024-10-25 06:59,11.643,trailing,60.86,1.41123774000,5.34422226000,0.007615,30.00,tb-supertrend-LINKUSDT-1729728000-B,tb-supertrend-LINKUSDT-1729836000-T
BTC/USDT,supertrend,2024-10-24 01:00,67499.44,2024-10-25 07:59,67228.72,trailing,0.01829,2.4655280364,-7.4169968364,-0.006008,31.00,tb-supertrend-BTCUSDT-1729728000-B,tb-supertrend-BTCUSDT-1729839600-T
ETH/USDT,supertrend,2024-10-25 10:00,2541.78,2024-10-25 17:59,2488.53,trailing,0.3913,1.9693770160,-22.8061020160,-0.022930,8.00,tb-supertrend-ETHUSDT-1729846800-B,tb-supertrend-ETHUSDT-1729875600-T
SOL/USDT,supertrend,2024-10-26 21:00,172.72,2024-10-28 05:59,173.11,trailing,4.309,1.4910450700,0.1894649300,0.000255,33.00,tb-supertrend-SOLUSDT-1729972800-B,tb-supertrend-SOLUSDT-1730091600-T
LTC/USDT,supertrend,2024-10-27 12:00,69.77,2024-10-28 15:59,70.14,trailing,20.428,2.8595466500,4.6988133500,0.003297,28.00,tb-supertrend-LTCUSDT-1730026800-B,tb-supertrend-LTCUSDT-1730127600-T
ETH/USDT,supertrend,2024-10-28 10:00,2544.85,2024-10-28 16:59,2494.36,trailing,0.4870,2.4553676950,-27.0439976950,-0.021821,7.00,tb-supertrend-ETHUSDT-1730106000-B,tb-supertrend-ETHUSDT-1730131200-T
LTC/USDT,supertrend,2024-10-29 02:00,71.91,2024-10-30 07:59,72.48,trailing,16.272,2.3507365500,6.9243034500,0.005918,30.00,tb-supertrend-LTCUSDT-1730163600-B,tb-supertrend-LTCUSDT-1730271600-T
ADA/USDT,supertrend,2024-10-28 20:00,0.3427,2024-10-30 12:59,0.3507,trailing,2338.0,1.621991680000,17.082008320000,0.021320,41.00,tb-supertrend-ADAUSDT-1730142000-B,tb-supertrend-ADAUSDT-1730289600-T
XRP/USDT,supertrend,2024-11-01 04:00,0.5199,2024-11-01 21:59,0.5074,trailing,1956.1,2.010541330000,-26.461791330000,-0.026020,18.00,tb-supertrend-XRPUSDT-1730430000-B,tb-supertrend-XRPUSDT-1730494800-T
ADA/USDT,supertrend,2024-11-01 13:00,0.3538,2024-11-02 14:59,0.3499,trailing,2288.9,1.611512670000,-10.538222670000,-0.013013,26.00,tb-supertrend-ADAUSDT-1730462400-B,tb-supertrend-ADAUSDT-1730556000-T
BTC/USDT,supertrend,2024-11-03 22:00,69214.50,2024-11-04 16:59,67994.17,trailing,0.01843,2.5301400750,-25.0208219750,-0.019615,19.00,tb-supertrend-BTCUSDT-1730667600-B,tb-supertrend-BTCUSDT-1730736000-T
XRP/USDT,supertrend,2024-11-04 02:00,0.5070,2024-11-04 21:59,0.5032,trailing,2187.6,2.211028920000,-10.523908920000,-0.009489,20.00,tb-supertrend-XRPUSDT-1730682000-B,tb-supertrend-XRPUSDT-1730754000-T
BNB/USDT,supertrend,2024-11-05 08:00,561.10,2024-11-07 06:59,591.98,trailing,2.332,2.6906658600,69.3214941400,0.052978,47.00,tb-supertrend-BNBUSDT-1730790000-B,tb-supertrend-BNBUSDT-1730959200-T
XRP/USDT,supertrend,2024-11-05 08:00,0.5154,2024-11-07 14:59,0.5407,trailing,2197.0,2.321385580000,53.262714420000,0.047038,55.00,tb-supertrend-XRPUSDT-1730790000-B,tb-supertrend-XRPUSDT-1730988000-T
BNB/USDT,supertrend,2024-11-09 01:00,608.48,2024-11-09 14:59,617.36,trailing,1.634,2.0042395200,12.5056804800,0.012578,14.00,tb-supertrend-BNBUSDT-1731110400-B,tb-supertrend-BNBUSDT-1731160800-T
LTC/USDT,supertrend,2024-11-11 16:00,78.56,2024-11-12 04:59,76.47,trailing,7.341,1.1387037100,-16.4813937100,-0.028578,13.00,tb-supertrend-LTCUSDT-1731337200-B,tb-supertrend-LTCUSDT-1731384000-T
SOL/USDT,supertrend,2024-11-11 12:00,217.84,2024-11-12 10:59,212.64,trailing,2.252,0.9700944800,-12.6804944800,-0.025848,23.00,tb-supertrend-SOLUSDT-1731322800-B,tb-supertrend-SOLUSDT-1731405600-T
LINK/USDT,supertrend,2024-11-13 15:00,14.385,2024-11-13 19:59,13.392,trailing,24.22,0.67319049000,-24.72365049000,-0.070962,5.00,tb-supertrend-LINKUSDT-1731506400-B,tb-supertrend-LINKUSDT-1731524400-T
ADA/USDT,supertrend,2024-11-13 15:00,0.6059,2024-11-14 11:59,0.5602,trailing,424.5,0.495312400000,-19.894962400000,-0.077351,21.00,tb-supertrend-ADAUSDT-1731506400-B,tb-supertrend-ADAUSDT-1731582000-T
LINK/USDT,supertrend,2024-11-15 21:00,13.794,2024-11-17 01:59,14.174,trailing,32.72,0.91566472000,11.51793528000,0.025519,29.00,tb-supertrend-LINKUSDT-1731700800-B,tb-supertrend-LINKUSDT-1731805200-T
BTC/USDT,supertrend,2024-11-15 21:00,91539.44,2024-11-17 02:59,89883.67,trailing,0.00758,1.3761025696,-13.9268391696,-0.020071,30.00,tb-supertrend-BTCUSDT-1731700800-B,tb-supertrend-BTCUSDT-1731808800-T
BNB/USDT,supertrend,2024-11-17 05:00,630.53,2024-11-17 17:59,619.68,trailing,1.150,1.4390025600,-13.9165025600,-0.019192,13.00,tb-supertrend-BNBUSDT-1731816000-B,tb-supertrend-BNBUSDT-1731862800-T
LTC/USDT,supertrend,2024-11-18 04:00,94.73,2024-11-18 14:59,88.34,trailing,3.569,0.6537557500,-23.4596657500,-0.069389,11.00,tb-supertrend-LTCUSDT-1731898800-B,tb-supertrend-LTCUSDT-1731938400-T
LINK/USDT,supertrend,2024-11-18 04:00,14.385,2024-11-19 09:59,14.716,trailing,34.68,1.00979808000,10.46928192000,0.020986,30.00,tb-supertrend-LINKUSDT-1731898800-B,tb-supertrend-LINKUSDT-1732006800-T
ETH/USDT,supertrend,2024-11-18 17:00,3171.17,2024-11-19 09:59,3098.89,trailing,0.2152,1.3502682650,-16.9049242650,-0.024771,17.00,tb-supertrend-ETHUSDT-1731945600-B,tb-supertrend-ETHUSDT-1732006800-T
LINK/USDT,supertrend,2024-11-20 14:00,15.126,2024-11-20 17:59,14.339,stop,31.63,0.93258299000,-25.82539299000,-0.053979,4.00,tb-supertrend-LINKUSDT-1732107600-B,tb-supertrend-LINKUSDT-1732122000-X
BTC/USDT,supertrend,2024-11-19 13:00,92560.46,2024-11-21 15:59,95585.71,trailing,0.01136,2.1391917048,32.2276482952,0.030650,51.00,tb-supertrend-BTCUSDT-1732017600-B,tb-supertrend-BTCUSDT-1732201200-T
LTC/USDT,supertrend,2024-11-21 07:00,90.28,2024-11-23 17:59,97.10,trailing,4.163,0.7805143400,27.6111456600,0.073466,59.00,tb-supertrend-LTCUSDT-1732168800-B,tb-supertrend-LTCUSDT-1732381200-T
ADA/USDT,supertrend,2024-11-22 02:00,0.8591,2024-11-24 11:59,1.0246,trailing,387.1,0.729523910000,63.335526090000,0.190450,58.00,tb-supertrend-ADAUSDT-1732237200-B,tb-supertrend-ADAUSDT-1732446000-T
BTC/USDT,supertrend,2024-11-25 06:00,98180.78,2024-11-25 14:59,96691.25,trailing,0.01328,2.5898641740,-22.3708225740,-0.017158,9.00,tb-supertrend-BTCUSDT-1732510800-B,tb-supertrend-BTCUSDT-1732543200-T
LINK/USDT,supertrend,2024-11-24 23:00,18.099,2024-11-25 21:59,17.429,trailing,18.64,0.66260390000,-13.15140390000,-0.038983,23.00,tb-supertrend-LINKUSDT-1732485600-B,tb-supertrend-LINKUSDT-1732568400-T
LINK/USDT,supertrend,2024-11-27 05:00,17.848,2024-11-28 08:59,17.738,trailing,19.79,0.70460390000,-2.88150390000,-0.008158,28.00,tb-supertrend-LINKUSDT-1732680000-B,tb-supertrend-LINKUSDT-1732780800-T
ADA/USDT,supertrend,2024-11-27 08:00,0.9839,2024-11-28 15:59,0.9739,trailing,315.7,0.618471020000,-3.775471020000,-0.012155,32.00,tb-supertrend-ADAUSDT-1732690800-B,tb-supertrend-ADAUSDT-1732806000-T
LTC/USDT,supertrend,2024-11-29 14:00,98.56,2024-11-30 03:59,100.55,trailing,7.721,1.5381167900,13.8266732100,0.018170,14.00,tb-supertrend-LTCUSDT-1732885200-B,tb-supertrend-LTCUSDT-1732935600-T
SOL/USDT,supertrend,2024-11-29 12:00,245.47,2024-11-30 15:59,238.43,trailing,3.389,1.6409189800,-25.4994789800,-0.030652,28.00,tb-supertrend-SOLUSDT-1732878000-B,tb-supertrend-SOLUSDT-1732978800-T
LTC/USDT,supertrend,2024-12-01 16:00,108.81,2024-12-02 03:59,119.09,trailing,4.594,1.0475166500,46.1788033500,0.092381,12.00,tb-supertrend-LTCUSDT-1733065200-B,tb-supertrend-LTCUSDT-1733108400-T
ETH/USDT,supertrend,2024-11-30 04:00,3660.78,2024-12-02 04:59,3649.14,trailing,0.2555,1.8687827940,-4.8428027940,-0.005178,49.00,tb-supertrend-ETHUSDT-1732935600-B,tb-supertrend-ETHUSDT-1733112000-T
BTC/USDT,supertrend,2024-12-02 16:00,97145.06,2024-12-02 17:59,94856.91,stop,0.01119,2.1504449426,-27.7548434426,-0.025532,2.00,tb-supertrend-BTCUSDT-1733151600-B,tb-supertrend-BTCUSDT-1733158800-X
ADA/USDT,supertrend,2024-12-02 16:00,1.2073,2024-12-03 13:59,1.1713,trailing,202.9,0.482980130000,-7.787380130000,-0.031790,22.00,tb-supertrend-ADAUSDT-1733151600-B,tb-supertrend-ADAUSDT-1733230800-T
LTC/USDT,supertrend,2024-12-02 20:00,132.73,2024-12-03 13:59,126.05,trailing,1.600,0.4143134600,-11.1023134600,-0.052279,18.00,tb-supertrend-LTCUSDT-1733166000-B,tb-supertrend-LTCUSDT-1733230800-T
BNB/USDT,supertrend,2024-12-03 19:00,678.48,2024-12-04 16:59,737.83,trailing,0.841,1.1917951900,48.7215548100,0.085386,22.00,tb-supertrend-BNBUSDT-1733248800-B,tb-supertrend-BNBUSDT-1733328000-T
SOL/USDT,supertrend,2024-12-03 22:00,237.71,2024-12-04 16:59,228.36,trailing,1.864,0.8692299000,-18.2976299000,-0.041295,19.00,tb-supertrend-SOLUSDT-1733259600-B,tb-supertrend-SOLUSDT-1733328000-T
BTC/USDT,supertrend,2024-12-04 21:00,98846.71,2024-12-05 18:59,100364.50,trailing,0.01011,2.0160022723,13.3288546277,0.013338,22.00,tb-supertrend-BTCUSDT-1733342400-B,tb-supertrend-BTCUSDT-1733421600-T
SOL/USDT,supertrend,2024-12-05 10:00,237.81,2024-12-05 20:59,229.45,trailing,1.942,0.9078945400,-17.1430145400,-0.037120,11.00,tb-supertrend-SOLUSDT-1733389200-B,tb-supertrend-SOLUSDT-1733428800-T
BTC/USDT,supertrend,2024-12-06 18:00,100944.91,2024-12-07 13:59,99248.67,trailing,0.00686,1.3743374117,-13.0105438117,-0.018788,20.00,tb-supertrend-BTCUSDT-1733504400-B,tb-supertrend-BTCUSDT-1733576400-T
ETH/USDT,supertrend,2024-12-06 15:00,3988.47,2024-12-07 14:59,3974.77,trailing,0.1585,1.2629712390,-3.4344212390,-0.005433,24.00,tb-supertrend-ETHUSDT-1733493600-B,tb-supertrend-ETHUSDT-1733580000-T
XRP/USDT,supertrend,2024-12-10 21:00,2.2973,2024-12-12 22:59,2.3259,trailing,79.4,0.367311810000,1.903528190000,0.010436,50.00,tb-supertrend-XRPUSDT-1733860800-B,tb-supertrend-XRPUSDT-1734040800-T
SOL/USDT,supertrend,2024-12-11 11:00,224.19,2024-12-13 01:59,225.52,trailing,2.236,1.0062241300,1.9676558700,0.003925,39.00,tb-supertrend-SOLUSDT-1733911200-B,tb-supertrend-SOLUSDT-1734051600-T
BNB/USDT,supertrend,2024-12-13 20:00,728.26,2024-12-14 12:59,715.62,trailing,1.051,1.5189744000,-14.8036144000,-0.019341,17.00,tb-supertrend-BNBUSDT-1734116400-B,tb-supertrend-BNBUSDT-1734177600-T
BTC/USDT,supertrend,2024-12-13 18:00,101839.62,2024-12-14 20:59,100650.76,trailing,0.01067,2.1626091478,-14.8477453478,-0.013664,27.00,tb-supertrend-BTCUSDT-1734109200-B,tb-supertrend-BTCUSDT-1734206400-T
SOL/USDT,supertrend,2024-12-16 00:00,224.49,2024-12-16 09:59,218.85,trailing,3.457,1.5335243400,-21.0310043400,-0.027100,10.00,tb-supertrend-SOLUSDT-1734303600-B,tb-supertrend-SOLUSDT-1734339600-T
ETH/USDT,supertrend,2024-12-16 00:00,3963.05,2024-12-16 11:59,3908.05,trailing,0.2578,2.0303584950,-16.2093584950,-0.015865,12.00,tb-supertrend-ETHUSDT-1734303600-B,tb-supertrend-ETHUSDT-1734346800-T
ADA/USDT,supertrend,2024-12-16 17:00,1.1099,2024-12-17 00:59,1.0597,trailing,400.0,0.868394950000,-20.948394950000,-0.047185,8.00,tb-supertrend-ADAUSDT-1734364800-B,tb-supertrend-ADAUSDT-1734393600-T
XRP/USDT,supertrend,2024-12-16 17:00,2.5190,2024-12-17 15:59,2.5640,trailing,193.3,0.983047700000,7.715452300000,0.015845,23.00,tb-supertrend-XRPUSDT-1734364800-B,tb-supertrend-XRPUSDT-1734447600-T
SOL/USDT,supertrend,2024-12-17 10:00,222.14,2024-12-17 15:59,218.31,trailing,3.033,1.3367734100,-12.9531634100,-0.019225,6.00,tb-supertrend-SOLUSDT-1734426000-B,tb-supertrend-SOLUSDT-1734447600-T
ETH/USDT,supertrend,2024-12-20 18:00,3441.25,2024-12-21 13:59,3381.07,trailing,0.1008,0.6883781100,-6.7545221100,-0.019472,20.00,tb-supertrend-ETHUSDT-1734714000-B,tb-supertrend-ETHUSDT-1734786000-T
XRP/USDT,supertrend,2024-12-20 18:00,2.2630,2024-12-21 13:59,2.2041,trailing,101.0,0.451629700000,-6.400529700000,-0.028003,20.00,tb-supertrend-XRPUSDT-1734714000-B,tb-supertrend-XRPUSDT-1734786000-T
LTC/USDT,supertrend,2024-12-27 10:00,105.72,2024-12-27 14:59,101.45,trailing,5.478,1.1355115800,-24.5265715800,-0.042350,5.00,tb-supertrend-LTCUSDT-1735290000-B,tb-supertrend-LTCUSDT-1735308000-T
ETH/USDT,supertrend,2024-12-27 10:00,3426.51,2024-12-27 15:59,3317.62,trailing,0.2163,1.4597832760,-25.0126902760,-0.033748,6.00,tb-supertrend-ETHUSDT-1735290000-B,tb-supertrend-ETHUSDT-1735311600-T
BNB/USDT,supertrend,2025-01-03 16:00,710.75,2025-01-04 15:59,710.00,trailing,2.154,3.0624277500,-4.6779277500,-0.003056,24.00,tb-supertrend-BNBUSDT-1735916400-B,tb-supertrend-BNBUSDT-1736002800-T
ADA/USDT,supertrend,2025-01-19 02:00,1.1384,2025-01-19 05:59,1.0683,stop,349.0,0.770593660000,-25.235493660000,-0.063517,4.00,tb-supertrend-ADAUSDT-1737248400-B,tb-supertrend-ADAUSDT-1737262800-X
LINK/USDT,supertrend,2025-01-19 15:00,25.506,2025-01-19 21:59,24.501,trailing,11.86,0.59359314000,-12.51289314000,-0.041365,7.00,tb-supertrend-LINKUSDT-1737295200-B,tb-supertrend-LINKUSDT-1737320400-T
ETH/USDT,supertrend,2025-01-19 15:00,3384.54,2025-01-19 21:59,3278.18,trailing,0.1429,0.9527795940,-16.1516235940,-0.033395,7.00,tb-supertrend-ETHUSDT-1737295200-B,tb-supertrend-ETHUSDT-1737320400-T
BNB/USDT,supertrend,2025-01-20 07:00,704.56,2025-01-20 16:59,681.43,trailing,0.980,1.3589747600,-24.0263747600,-0.034797,10.00,tb-supertrend-BNBUSDT-1737352800-B,tb-supertrend-BNBUSDT-1737388800-T
BTC/USDT,supertrend,2025-01-20 07:00,107589.85,2025-01-20 17:59,103348.27,trailing,0.00461,0.9735006270,-20.5271844270,-0.041386,11.00,tb-supertrend-BTCUSDT-1737352800-B,tb-supertrend-BTCUSDT-1737392400-T
LINK/USDT,supertrend,2025-01-21 17:00,26.257,2025-01-22 13:59,25.577,trailing,10.49,0.54426380000,-7.67746380000,-0.027874,21.00,tb-supertrend-LINKUSDT-1737475200-B,tb-supertrend-LINKUSDT-1737550800-T
SOL/USDT,supertrend,2025-01-21 19:00,259.68,2025-01-23 02:59,251.20,trailing,1.071,0.5476718400,-9.6297518400,-0.034625,32.00,tb-supertrend-SOLUSDT-1737482400-B,tb-supertrend-SOLUSDT-1737597600-T
LINK/USDT,supertrend,2025-01-23 15:00,25.696,2025-01-25 00:59,25.082,trailing,16.95,0.86120102000,-11.26850102000,-0.025872,34.00,tb-supertrend-LINKUSDT-1737640800-B,tb-supertrend-LINKUSDT-1737763200-T
BTC/USDT,supertrend,2025-01-23 15:00,105318.82,2025-01-25 08:59,104263.05,trailing,0.00735,1.5414799352,-9.3013894352,-0.012016,42.00,tb-supertrend-BTCUSDT-1737640800-B,tb-supertrend-BTCUSDT-1737792000-T
BNB/USDT,supertrend,2025-01-26 05:00,691.12,2025-01-26 09:59,684.66,trailing,3.214,4.4245214000,-25.1869614000,-0.011339,5.00,tb-supertrend-BNBUSDT-1737864000-B,tb-supertrend-BNBUSDT-1737882000-T
SOL/USDT,supertrend,2025-01-25 18:00,258.14,2025-01-26 21:59,251.27,trailing,2.338,1.1917750000,-17.2538350000,-0.028588,28.00,tb-supertrend-SOLUSDT-1737824400-B,tb-supertrend-SOLUSDT-1737925200-T
BTC/USDT,supertrend,2025-01-27 15:00,102022.81,2025-01-28 21:59,100546.80,trailing,0.00730,1.4797783811,-12.2546513811,-0.016454,31.00,tb-supertrend-BTCUSDT-1737986400-B,tb-supertrend-BTCUSDT-1738098000-T
XRP/USDT,supertrend,2025-01-27 15:00,2.9557,2025-01-28 21:59,3.0394,trailing,120.5,0.723000690000,9.362849310000,0.026288,31.00,tb-supertrend-XRPUSDT-1737986400-B,tb-supertrend-XRPUSDT-1738098000-T
BNB/USDT,supertrend,2025-01-29 05:00,677.31,2025-01-29 13:59,665.39,trailing,1.699,2.2826019200,-22.5346819200,-0.019583,9.00,tb-supertrend-BNBUSDT-1738123200-B,tb-supertrend-BNBUSDT-1738155600-T
BTC/USDT,supertrend,2025-01-29 21:00,104298.12,2025-01-31 03:59,103830.88,trailing,0.00879,1.8304968960,-5.9375364960,-0.006477,31.00,tb-supertrend-BTCUSDT-1738180800-B,tb-supertrend-BTCUSDT-1738292400-T
ADA/USDT,supertrend,2025-01-31 12:00,0.9751,2025-01-31 18:59,0.9434,trailing,701.3,1.346224130000,-23.577434130000,-0.034478,7.00,tb-supertrend-ADAUSDT-1738321200-B,tb-supertrend-ADAUSDT-1738346400-T
LINK/USDT,supertrend,2025-01-29 21:00,24.065,2025-01-31 20:59,24.643,trailing,15.24,0.74279122000,8.06592878000,0.021993,48.00,tb-supertrend-LINKUSDT-1738180800-B,tb-supertrend-LINKUSDT-1738353600-T
BNB/USDT,supertrend,2025-02-08 14:00,595.20,2025-02-09 12:59,623.12,trailing,1.820,2.2185328000,48.5958672000,0.044861,23.00,tb-supertrend-BNBUSDT-1739019600-B,tb-supertrend-BNBUSDT-1739102400-T
SOL/USDT,supertrend,2025-02-08 22:00,199.02,2025-02-09 12:59,200.58,trailing,3.806,1.5216736800,4.4156863200,0.005830,15.00,tb-supertrend-SOLUSDT-1739048400-B,tb-supertrend-SOLUSDT-1739102400-T
BTC/USDT,supertrend,2025-02-10 08:00,97527.26,2025-02-11 13:59,97012.46,trailing,0.01220,2.3753351272,-8.6558951272,-0.007275,30.00,tb-supertrend-BTCUSDT-1739170800-B,tb-supertrend-BTCUSDT-1739278800-T
LTC/USDT,supertrend,2025-02-10 01:00,110.53,2025-02-11 18:59,121.98,trailing,3.850,0.8956056200,43.1868943800,0.101487,42.00,tb-supertrend-LTCUSDT-1739145600-B,tb-supertrend-LTCUSDT-1739296800-T
BTC/USDT,supertrend,2025-02-12 17:00,97083.13,2025-02-13 06:59,95854.89,trailing,0.01027,1.9834151277,-14.5974399277,-0.014641,14.00,tb-supertrend-BTCUSDT-1739376000-B,tb-supertrend-BTCUSDT-1739426400-T
LTC/USDT,supertrend,2025-02-12 20:00,123.93,2025-02-13 13:59,119.59,trailing,2.903,0.7073103500,-13.3063303500,-0.036986,18.00,tb-supertrend-LTCUSDT-1739386800-B,tb-supertrend-LTCUSDT-1739451600-T
SOL/USDT,supertrend,2025-02-14 04:00,197.20,2025-02-15 00:59,197.20,trailing,4.280,1.6890180000,-1.6890180000,-0.002001,21.00,tb-supertrend-SOLUSDT-1739502000-B,tb-supertrend-SOLUSDT-1739577600-T
ETH/USDT,supertrend,2025-02-14 15:00,2723.48,2025-02-15 07:59,2698.19,trailing,0.3700,2.0071072920,-11.3644072920,-0.011278,17.00,tb-supertrend-ETHUSDT-1739541600-B,tb-supertrend-ETHUSDT-1739602800-T
ADA/USDT,supertrend,2025-04-24 15:00,0.7130,2025-04-26 13:59,0.7029,trailing,855.6,1.212085740000,-9.853645740000,-0.016152,47.00,tb-supertrend-ADAUSDT-1745503200-B,tb-supertrend-ADAUSDT-1745672400-T
LINK/USDT,supertrend,2025-04-24 17:00,15.015,2025-04-26 13:59,14.714,trailing,38.00,1.13030260000,-12.56830260000,-0.022028,45.00,tb-supertrend-LINKUSDT-1745510400-B,tb-supertrend-LINKUSDT-1745672400-T
BNB/USDT,supertrend,2025-04-27 22:00,607.20,2025-04-28 01:59,598.76,stop,3.198,3.8590888800,-30.8502088800,-0.015887,4.00,tb-supertrend-BNBUSDT-1745787600-B,tb-supertrend-BNBUSDT-1745802000-X
SOL/USDT,supertrend,2025-04-28 06:00,149.89,2025-04-28 14:59,147.60,trailing,5.522,1.6436391200,-14.2890191200,-0.017264,9.00,tb-supertrend-SOLUSDT-1745816400-B,tb-supertrend-SOLUSDT-1745848800-T
XRP/USDT,supertrend,2025-04-27 13:00,2.2172,2025-04-28 15:59,2.2558,trailing,425.0,1.902133600000,14.502866400000,0.015391,27.00,tb-supertrend-XRPUSDT-1745755200-B,tb-supertrend-XRPUSDT-1745852400-T
ETH/USDT,supertrend,2025-04-29 07:00,1822.97,2025-04-29 23:59,1783.69,trailing,0.4948,1.7854868510,-21.2212308510,-0.023527,17.00,tb-supertrend-ETHUSDT-1745906400-B,tb-supertrend-ETHUSDT-1745967600-T
SOL/USDT,supertrend,2025-05-01 01:00,148.12,2025-05-02 06:59,149.17,trailing,5.202,1.5473913000,3.9147087000,0.005081,30.00,tb-supertrend-SOLUSDT-1746057600-B,tb-supertrend-SOLUSDT-1746165600-T
LINK/USDT,supertrend,2025-05-01 06:00,14.685,2025-05-02 12:59,14.511,trailing,50.78,1.48345398000,-10.31917398000,-0.013838,31.00,tb-supertrend-LINKUSDT-1746075600-B,tb-supertrend-LINKUSDT-1746187200-T
ADA/USDT,supertrend,2025-05-03 15:00,0.7196,2025-05-04 00:59,0.6978,trailing,1134.7,1.609187300000,-26.345647300000,-0.032265,10.00,tb-supertrend-ADAUSDT-1746280800-B,tb-supertrend-ADAUSDT-1746316800-T
LTC/USDT,supertrend,2025-05-05 06:00,88.31,2025-05-05 15:59,86.15,trailing,9.252,1.6149870200,-21.5993070200,-0.026436,10.00,tb-supertrend-LTCUSDT-1746421200-B,tb-supertrend-LTCUSDT-1746457200-T
BNB/USDT,supertrend,2025-05-05 11:00,594.51,2025-05-06 11:59,593.03,trailing,3.425,4.0697025400,-9.1387025400,-0.004488,25.00,tb-supertrend-BNBUSDT-1746439200-B,tb-supertrend-BNBUSDT-1746529200-T
LTC/USDT,supertrend,2025-05-06 20:00,84.43,2025-05-07 14:59,89.05,trailing,8.157,1.4158362300,36.2695037700,0.052664,19.00,tb-supertrend-LTCUSDT-1746558000-B,tb-supertrend-LTCUSDT-1746626400-T
BTC/USDT,supertrend,2025-05-06 19:00,95162.43,2025-05-07 18:59,96026.77,trailing,0.01658,3.1718201880,11.1589370120,0.007072,24.00,tb-supertrend-BTCUSDT-1746554400-B,tb-supertrend-BTCUSDT-1746640800-T
BNB/USDT,supertrend,2025-05-08 03:00,607.52,2025-05-10 11:59,653.80,trailing,2.830,3.5713581600,127.4010418400,0.074101,57.00,tb-supertrend-BNBUSDT-1746669600-B,tb-supertrend-BNBUSDT-1746874800-T
ADA/USDT,supertrend,2025-05-08 03:00,0.6974,2025-05-11 06:59,0.7995,trailing,974.0,1.458678000000,97.986722000000,0.144253,76.00,tb-supertrend-ADAUSDT-1746669600-B,tb-supertrend-ADAUSDT-1746943200-T
BNB/USDT,supertrend,2025-05-12 09:00,669.38,2025-05-12 14:59,665.96,trailing,1.463,1.9549411800,-6.9584011800,-0.007105,6.00,tb-supertrend-BNBUSDT-1747036800-B,tb-supertrend-BNBUSDT-1747058400-T
LINK/USDT,supertrend,2025-05-12 08:00,17.528,2025-05-12 17:59,16.643,trailing,27.72,0.94774596000,-25.47994596000,-0.052441,10.00,tb-supertrend-LINKUSDT-1747033200-B,tb-supertrend-LINKUSDT-1747069200-T
BTC/USDT,supertrend,2025-05-13 18:00,104372.44,2025-05-14 08:59,103241.30,trailing,0.01262,2.6221728516,-16.8971596516,-0.012828,15.00,tb-supertrend-BTCUSDT-1747155600-B,tb-supertrend-BTCUSDT-1747209600-T
ETH/USDT,supertrend,2025-05-13 14:00,2552.21,2025-05-14 09:59,2584.69,trailing,0.2385,1.2259163180,6.5205636820,0.010712,20.00,tb-supertrend-ETHUSDT-1747141200-B,tb-supertrend-ETHUSDT-1747213200-T
BNB/USDT,supertrend,2025-05-15 17:00,660.42,2025-05-16 20:59,647.92,trailing,1.491,1.9520557800,-20.5895557800,-0.020910,28.00,tb-supertrend-BNBUSDT-1747324800-B,tb-supertrend-BNBUSDT-1747425600-T
BTC/USDT,supertrend,2025-05-15 17:00,103950.13,2025-05-17 01:59,102652.65,trailing,0.01260,2.6052740306,-18.9535220306,-0.014471,33.00,tb-supertrend-BTCUSDT-1747324800-B,tb-supertrend-BTCUSDT-1747443600-T
LINK/USDT,supertrend,2025-05-18 09:00,15.836,2025-05-18 18:59,15.737,trailing,45.93,1.45093969000,-5.99800969000,-0.008246,10.00,tb-supertrend-LINKUSDT-1747555200-B,tb-supertrend-LINKUSDT-1747591200-T
SOL/USDT,supertrend,2025-05-18 09:00,171.36,2025-05-18 18:59,170.95,trailing,4.986,1.7076144600,-3.7518744600,-0.004391,10.00,tb-supertrend-SOLUSDT-1747555200-B,tb-supertrend-SOLUSDT-1747591200-T
SOL/USDT,supertrend,2025-05-19 00:00,173.48,2025-05-19 02:59,165.80,stop,3.353,1.1382997600,-26.8893397600,-0.046227,3.00,tb-supertrend-SOLUSDT-1747609200-B,tb-supertrend-SOLUSDT-1747620000-X
BTC/USDT,supertrend,2025-05-18 23:00,106034.04,2025-05-19 03:59,104212.23,trailing,0.01242,2.6133793576,-25.2402595576,-0.019166,5.00,tb-supertrend-BTCUSDT-1747605600-B,tb-supertrend-BTCUSDT-1747623600-T
BTC/USDT,supertrend,2025-05-19 16:00,104891.21,2025-05-20 13:59,104443.11,trailing,0.01058,2.2168549260,-6.9577529260,-0.006270,22.00,tb-supertrend-BTCUSDT-1747666800-B,tb-supertrend-BTCUSDT-1747746000-T
ETH/USDT,supertrend,2025-05-19 17:00,2512.50,2025-05-20 13:59,2470.82,trailing,0.2055,1.0248260100,-9.5900660100,-0.018574,21.00,tb-supertrend-ETHUSDT-1747670400-B,tb-supertrend-ETHUSDT-1747746000-T
ADA/USDT,supertrend,2025-05-21 04:00,0.7528,2025-05-21 17:59,0.7443,trailing,962.9,1.442310390000,-9.626960390000,-0.013281,14.00,tb-supertrend-ADAUSDT-1747796400-B,tb-supertrend-ADAUSDT-1747846800-T
BNB/USDT,supertrend,2025-05-21 03:00,651.98,2025-05-23 11:59,676.71,trailing,2.580,3.4299761400,60.3734238600,0.035892,57.00,tb-supertrend-BNBUSDT-1747792800-B,tb-supertrend-BNBUSDT-1747998000-T
ETH/USDT,supertrend,2025-05-22 04:00,2631.87,2025-05-23 11:59,2621.98,trailing,0.1928,1.0134686500,-2.9202606500,-0.005755,32.00,tb-supertrend-ETHUSDT-1747882800-B,tb-supertrend-ETHUSDT-1747998000-T
BNB/USDT,supertrend,2025-05-24 11:00,677.08,2025-05-24 23:59,665.60,trailing,1.822,2.4477171200,-23.3642771200,-0.018939,13.00,tb-supertrend-BNBUSDT-1748080800-B,tb-supertrend-BNBUSDT-1748127600-T
ADA/USDT,supertrend,2025-05-25 23:00,0.7597,2025-05-26 17:59,0.7524,trailing,1000.6,1.513842930000,-8.818222930000,-0.011601,19.00,tb-supertrend-ADAUSDT-1748210400-B,tb-supertrend-ADAUSDT-1748278800-T
BTC/USDT,supertrend,2025-05-25 23:00,109275.16,2025-05-27 01:59,108520.27,trailing,0.01356,2.9554915328,-13.1917999328,-0.008903,27.00,tb-supertrend-BTCUSDT-1748210400-B,tb-supertrend-BTCUSDT-1748307600-T
SOL/USDT,supertrend,2025-05-27 16:00,178.63,2025-05-28 06:59,173.93,trailing,4.692,1.6551046700,-23.7075046700,-0.028286,15.00,tb-supertrend-SOLUSDT-1748358000-B,tb-supertrend-SOLUSDT-1748412000-T
LINK/USDT,supertrend,2025-05-27 09:00,15.946,2025-05-28 15:59,15.523,trailing,43.81,1.37945419000,-19.91108419000,-0.028502,31.00,tb-supertrend-LINKUSDT-1748332800-B,tb-supertrend-LINKUSDT-1748444400-T
LINK/USDT,supertrend,2025-05-29 01:00,16.057,2025-05-29 13:59,15.575,trailing,39.63,1.25421844000,-20.35587844000,-0.031989,13.00,tb-supertrend-LINKUSDT-1748476800-B,tb-supertrend-LINKUSDT-1748523600-T
LTC/USDT,supertrend,2025-05-29 03:00,98.42,2025-05-29 14:59,95.31,trailing,7.312,1.4173411200,-24.1576611200,-0.033569,12.00,tb-supertrend-LTCUSDT-1748484000-B,tb-supertrend-LTCUSDT-1748527200-T
XRP/USDT,supertrend,2025-05-31 17:00,2.1932,2025-06-01 08:59,2.1429,trailing,375.0,1.626914780000,-20.489414780000,-0.024913,16.00,tb-supertrend-XRPUSDT-1748707200-B,tb-supertrend-XRPUSDT-1748764800-T
BTC/USDT,supertrend,2025-05-31 22:00,104968.03,2025-06-01 09:59,103770.65,trailing,0.01978,4.1309504540,-27.8151268540,-0.013397,12.00,tb-supertrend-BTCUSDT-1748725200-B,tb-supertrend-BTCUSDT-1748768400-T
SOL/USDT,supertrend,2025-06-01 17:00,156.04,2025-06-02 09:59,153.55,trailing,5.193,1.6086371100,-14.5392071100,-0.017943,17.00,tb-supertrend-SOLUSDT-1748793600-B,tb-supertrend-SOLUSDT-1748854800-T
ADA/USDT,supertrend,2025-06-01 17:00,0.6833,2025-06-02 11:59,0.6636,trailing,1034.4,1.393984990000,-21.771664990000,-0.030803,19.00,tb-supertrend-ADAUSDT-1748793600-B,tb-supertrend-ADAUSDT-1748862000-T
BNB/USDT,supertrend,2025-06-02 18:00,661.49,2025-06-03 12:59,662.18,trailing,2.694,3.5679514500,-1.7090914500,-0.000959,19.00,tb-supertrend-BNBUSDT-1748883600-B,tb-supertrend-BNBUSDT-1748952000-T
ETH/USDT,supertrend,2025-06-02 16:00,2546.94,2025-06-03 21:59,2582.03,trailing,0.3705,1.9013021660,11.0995428340,0.011762,30.00,tb-supertrend-ETHUSDT-1748876400-B,tb-supertrend-ETHUSDT-1748984400-T
BNB/USDT,supertrend,2025-06-04 08:00,671.54,2025-06-04 20:59,663.20,trailing,2.942,3.9288197000,-28.4650997000,-0.014408,13.00,tb-supertrend-BNBUSDT-1749020400-B,tb-supertrend-BNBUSDT-1749067200-T
BTC/USDT,supertrend,2025-06-05 13:00,105755.25,2025-06-05 13:59,104414.04,stop,0.01983,4.1697721225,-30.7659664225,-0.014671,1.00,tb-supertrend-BTCUSDT-1749124800-B,tb-supertrend-BTCUSDT-1749128400-X
ADA/USDT,supertrend,2025-06-05 13:00,0.6881,2025-06-05 14:59,0.6685,stop,1298.5,1.762439630000,-27.213039630000,-0.030457,2.00,tb-supertrend-ADAUSDT-1749124800-B,tb-supertrend-ADAUSDT-1749132000-X
ADA/USDT,supertrend,2025-06-06 13:00,0.6571,2025-06-08 09:59,0.6548,trailing,1043.4,1.369559270000,-3.769379270000,-0.005498,45.00,tb-supertrend-ADAUSDT-1749211200-B,tb-supertrend-ADAUSDT-1749373200-T
BTC/USDT,supertrend,2025-06-06 11:00,103779.92,2025-06-08 10:59,104925.85,trailing,0.01496,3.1243139216,14.0187988784,0.009030,48.00,tb-supertrend-BTCUSDT-1749204000-B,tb-supertrend-BTCUSDT-1749376800-T
LTC/USDT,supertrend,2025-06-08 17:00,88.46,2025-06-09 01:59,86.96,trailing,15.954,2.8000660400,-26.7310660400,-0.018941,9.00,tb-supertrend-LTCUSDT-1749398400-B,tb-supertrend-LTCUSDT-1749430800-T
ADA/USDT,supertrend,2025-06-08 14:00,0.6702,2025-06-09 04:59,0.6595,trailing,1373.7,1.827547170000,-16.526137170000,-0.017950,15.00,tb-supertrend-ADAUSDT-1749387600-B,tb-supertrend-ADAUSDT-1749441600-T
BTC/USDT,supertrend,2025-06-09 10:00,106719.15,2025-06-10 14:59,108740.39,trailing,0.02175,4.6894465670,39.2725234330,0.016919,29.00,tb-supertrend-BTCUSDT-1749459600-B,tb-supertrend-BTCUSDT-1749564000-T
SOL/USDT,supertrend,2025-06-09 11:00,155.51,2025-06-10 14:59,156.84,trailing,5.967,1.8647255100,6.0713844900,0.006543,28.00,tb-supertrend-SOLUSDT-1749463200-B,tb-supertrend-SOLUSDT-1749564000-T
ADA/USDT,supertrend,2025-06-10 23:00,0.7152,2025-06-11 19:59,0.7018,trailing,903.2,1.280549600000,-13.383429600000,-0.020718,21.00,tb-supertrend-ADAUSDT-1749592800-B,tb-supertrend-ADAUSDT-1749668400-T
BNB/USDT,supertrend,2025-06-10 20:00,668.21,2025-06-11 21:59,663.80,trailing,2.392,3.1881725500,-13.7368925500,-0.008594,26.00,tb-supertrend-BNBUSDT-1749582000-B,tb-supertrend-BNBUSDT-1749675600-T
BTC/USDT,supertrend,2025-06-14 00:00,106172.66,2025-06-14 12:59,104804.38,trailing,0.01256,2.6519950728,-19.8375918728,-0.014876,13.00,tb-supertrend-BTCUSDT-1749855600-B,tb-supertrend-BTCUSDT-1749902400-T
LTC/USDT,supertrend,2025-06-13 23:00,86.04,2025-06-14 16:59,84.73,trailing,8.542,1.4594917000,-12.6495117000,-0.017211,18.00,tb-supertrend-LTCUSDT-1749852000-B,tb-supertrend-LTCUSDT-1749916800-T
BNB/USDT,supertrend,2025-06-15 05:00,649.85,2025-06-15 20:59,643.86,trailing,3.596,4.6547805600,-26.1948205600,-0.011209,16.00,tb-supertrend-BNBUSDT-1749960000-B,tb-supertrend-BNBUSDT-1750017600-T
SOL/USDT,supertrend,2025-06-15 06:00,147.52,2025-06-16 22:59,153.32,trailing,6.592,1.9841699200,36.2494300800,0.037276,41.00,tb-supertrend-SOLUSDT-1749963600-B,tb-supertrend-SOLUSDT-1750111200-T
LINK/USDT,supertrend,2025-06-16 02:00,13.434,2025-06-16 22:59,13.744,trailing,61.86,1.68217146000,17.49442854000,0.021052,21.00,tb-supertrend-LINKUSDT-1750035600-B,tb-supertrend-LINKUSDT-1750111200-T
BTC/USDT,supertrend,2025-06-29 10:00,107999.54,2025-06-29 14:59,107692.83,trailing,0.01689,3.6452041214,-8.8255360214,-0.004838,5.00,tb-supertrend-BTCUSDT-1751187600-B,tb-supertrend-BTCUSDT-1751205600-T
BNB/USDT,supertrend,2025-06-29 06:00,650.26,2025-06-29 21:59,647.02,trailing,3.740,4.8544282400,-16.9720282400,-0.006979,16.00,tb-supertrend-BNBUSDT-1751173200-B,tb-supertrend-BNBUSDT-1751230800-T
ADA/USDT,supertrend,2025-06-29 23:00,0.5802,2025-06-30 06:59,0.5639,trailing,1517.1,1.736642430000,-26.465372430000,-0.030067,8.00,tb-supertrend-ADAUSDT-1751234400-B,tb-supertrend-ADAUSDT-1751263200-T
BTC/USDT,supertrend,2025-06-30 00:00,108465.29,2025-06-30 06:59,107686.71,trailing,0.02032,4.3954626015,-20.2162082015,-0.009172,7.00,tb-supertrend-BTCUSDT-1751238000-B,tb-supertrend-BTCUSDT-1751263200-T
XRP/USDT,supertrend,2025-06-30 18:00,2.2155,2025-06-30 23:59,2.2557,trailing,562.4,2.515932180000,20.092547820000,0.016126,6.00,tb-supertrend-XRPUSDT-1751302800-B,tb-supertrend-XRPUSDT-1751324400-T
ADA/USDT,supertrend,2025-06-30 20:00,0.5902,2025-07-01 00:59,0.5697,trailing,1220.0,1.415845260000,-26.425845260000,-0.036700,5.00,tb-supertrend-ADAUSDT-1751310000-B,tb-supertrend-ADAUSDT-1751328000-T
BNB/USDT,supertrend,2025-07-02 07:00,656.46,2025-07-03 15:59,657.28,trailing,3.644,4.7898944000,-1.8018144000,-0.000753,33.00,tb-supertrend-BNBUSDT-1751436000-B,tb-supertrend-BNBUSDT-1751554800-T
BTC/USDT,supertrend,2025-07-02 07:00,107121.41,2025-07-04 05:59,108849.09,trailing,0.01693,3.6585229895,25.5910994105,0.014111,47.00,tb-supertrend-BTCUSDT-1751436000-B,tb-supertrend-BTCUSDT-1751605200-T
BNB/USDT,supertrend,2025-07-06 13:00,658.20,2025-07-07 16:59,658.16,trailing,3.022,3.9806727200,-4.1015527200,-0.002062,28.00,tb-supertrend-BNBUSDT-1751803200-B,tb-supertrend-BNBUSDT-1751904000-T
XRP/USDT,supertrend,2025-07-06 09:00,2.2450,2025-07-07 18:59,2.2866,trailing,763.0,3.459406800000,28.281393200000,0.016510,34.00,tb-supertrend-XRPUSDT-1751788800-B,tb-supertrend-XRPUSDT-1751911200-T
SOL/USDT,supertrend,2025-07-08 13:00,152.57,2025-07-08 16:59,149.26,stop,7.671,2.3165584900,-27.7075684900,-0.023674,4.00,tb-supertrend-SOLUSDT-1751976000-B,tb-supertrend-SOLUSDT-1751990400-X
BTC/USDT,supertrend,2025-07-08 13:00,109058.14,2025-07-10 13:59,110466.56,trailing,0.01954,4.2916937984,23.2288330016,0.010900,49.00,tb-supertrend-BTCUSDT-1751976000-B,tb-supertrend-BTCUSDT-1752152400-T
LTC/USDT,supertrend,2025-07-08 19:00,87.63,2025-07-11 21:59,94.31,trailing,15.331,2.7907242200,99.6203557800,0.074152,75.00,tb-supertrend-LTCUSDT-1751997600-B,tb-supertrend-LTCUSDT-1752267600-T
LTC/USDT,supertrend,2025-07-13 12:00,94.94,2025-07-13 22:59,93.78,trailing,9.788,1.8481407600,-13.2022207600,-0.014207,11.00,tb-supertrend-LTCUSDT-1752404400-B,tb-supertrend-LTCUSDT-1752444000-T
SOL/USDT,supertrend,2025-07-14 03:00,165.07,2025-07-14 18:59,162.83,trailing,5.502,1.8050962200,-14.1295762200,-0.015558,16.00,tb-supertrend-SOLUSDT-1752458400-B,tb-supertrend-SOLUSDT-1752516000-T
ADA/USDT,supertrend,2025-07-13 08:00,0.7410,2025-07-14 20:59,0.7267,trailing,669.3,0.982850310000,-10.553840310000,-0.021280,37.00,tb-supertrend-ADAUSDT-1752390000-B,tb-supertrend-ADAUSDT-1752523200-T
LINK/USDT,supertrend,2025-07-15 18:00,16.157,2025-07-18 14:59,18.099,trailing,30.32,1.03928820000,57.84215180000,0.118074,69.00,tb-supertrend-LINKUSDT-1752598800-B,tb-supertrend-LINKUSDT-1752847200-T
ETH/USDT,supertrend,2025-07-15 14:00,3054.76,2025-07-18 15:59,3528.22,trailing,0.2700,1.7783210280,126.0558789720,0.152835,74.00,tb-supertrend-ETHUSDT-1752584400-B,tb-supertrend-ETHUSDT-1752850800-T
LTC/USDT,supertrend,2025-07-19 20:00,112.76,2025-07-21 19:59,114.88,trailing,3.986,0.9078240800,7.5424959200,0.016781,48.00,tb-supertrend-LTCUSDT-1752951600-B,tb-supertrend-LTCUSDT-1753124400-T
LINK/USDT,supertrend,2025-07-20 01:00,18.449,2025-07-21 19:59,19.260,trailing,31.98,1.20667178000,24.72910822000,0.041914,43.00,tb-supertrend-LINKUSDT-1752969600-B,tb-supertrend-LINKUSDT-1753124400-T
BTC/USDT,supertrend,2025-07-22 13:00,119413.00,2025-07-23 09:59,118092.92,trailing,0.01203,2.8595844800,-18.7401468800,-0.013045,21.00,tb-supertrend-BTCUSDT-1753185600-B,tb-supertrend-BTCUSDT-1753261200-T
BNB/USDT,supertrend,2025-07-23 00:00,787.48,2025-07-23 13:59,784.10,trailing,1.151,1.8104635400,-5.7008435400,-0.006290,14.00,tb-supertrend-BNBUSDT-1753225200-B,tb-supertrend-BNBUSDT-1753275600-T
ADA/USDT,supertrend,2025-07-24 15:00,0.8327,2025-07-25 03:59,0.7844,trailing,448.4,0.725523990000,-22.383243990000,-0.059947,13.00,tb-supertrend-ADAUSDT-1753365600-B,tb-supertrend-ADAUSDT-1753412400-T
ETH/USDT,supertrend,2025-07-24 15:00,3738.19,2025-07-25 03:59,3602.90,trailing,0.1642,1.2061546160,-23.4207726160,-0.038156,13.00,tb-supertrend-ETHUSDT-1753365600-B,tb-supertrend-ETHUSDT-1753412400-T
LTC/USDT,supertrend,2025-07-25 12:00,115.80,2025-07-25 15:59,109.72,trailing,4.081,0.9209261200,-25.7334061200,-0.054453,4.00,tb-supertrend-LTCUSDT-1753441200-B,tb-supertrend-LTCUSDT-1753455600-T
SOL/USDT,supertrend,2025-07-25 23:00,186.28,2025-07-26 23:59,184.33,trailing,3.437,1.2745316900,-7.9766816900,-0.012459,25.00,tb-supertrend-SOLUSDT-1753480800-B,tb-supertrend-SOLUSDT-1753570800-T
XRP/USDT,supertrend,2025-07-27 05:00,3.2130,2025-07-28 13:59,3.2168,trailing,300.5,1.933440100000,-0.791540100000,-0.000820,33.00,tb-supertrend-XRPUSDT-1753588800-B,tb-supertrend-XRPUSDT-1753707600-T
BNB/USDT,supertrend,2025-07-25 23:00,784.22,2025-07-28 14:59,834.06,trailing,1.161,1.8803915200,55.9838484800,0.061488,64.00,tb-supertrend-BNBUSDT-1753480800-B,tb-supertrend-BNBUSDT-1753711200-T
ETH/USDT,supertrend,2025-07-29 08:00,3881.24,2025-07-29 14:59,3772.15,trailing,0.2206,1.6895022060,-25.7547562060,-0.030080,7.00,tb-supertrend-ETHUSDT-1753772400-B,tb-supertrend-ETHUSDT-1753797600-T
LINK/USDT,supertrend,2025-07-31 04:00,18.079,2025-07-31 13:59,17.593,trailing,34.52,1.23212060000,-18.00884060000,-0.028856,10.00,tb-supertrend-LINKUSDT-1753930800-B,tb-supertrend-LINKUSDT-1753966800-T
ETH/USDT,supertrend,2025-07-31 05:00,3874.93,2025-07-31 13:59,3785.36,trailing,0.2270,1.7400483090,-22.0724383090,-0.025093,9.00,tb-supertrend-ETHUSDT-1753934400-B,tb-supertrend-ETHUSDT-1753966800-T
BNB/USDT,supertrend,2025-07-31 17:00,814.12,2025-07-31 21:59,790.66,stop,1.085,1.7428145400,-27.1969145400,-0.030789,5.00,tb-supertrend-BNBUSDT-1753977600-B,tb-supertrend-BNBUSDT-1753995600-X
