pair,strategy,entry_time,entry_price,exit_time,exit_price,exit_reason,qty,fees_quote,pnl,pnl_pct,duration_hours,entry_client_order_id,exit_client_order_id
BTC/USDT,pullback_rsi,2021-08-12 20:00,44460.55,2021-08-13 04:00,44757.57,signal,0.02023,1.8062163830,4.2024982170,0.004672,8.00,tb-pullback_rsi-BTCUSDT-1628784000-B,tb-pullback_rsi-BTCUSDT-1628812800-S
ETH/USDT,pullback_rsi,2021-08-12 20:00,3054.66,2021-08-13 04:00,3082.05,signal,0.2159,1.3258320920,4.5876689080,0.006956,8.00,tb-pullback_rsi-ETHUSDT-1628784000-B,tb-pullback_rsi-ETHUSDT-1628812800-S
LINK/USDT,pullback_rsi,2021-08-12 20:00,24.812,2021-08-13 04:00,25.229,signal,20.94,1.04860290000,7.68337710000,0.014788,8.00,tb-pullback_rs-LINKUSDT-1628784000-B,tb-pullback_rs-LINKUSDT-1628812800-S
LINK/USDT,pullback_rsi,2021-08-15 12:00,26.626,2021-08-15 20:00,26.773,signal,21.81,1.16543097000,2.04063903000,0.003514,8.00,tb-pullback_rs-LINKUSDT-1629014400-B,tb-pullback_rs-LINKUSDT-1629043200-S
ADA/USDT,pullback_rsi,2021-08-15 12:00,2.1280,2021-08-16 00:00,2.1623,signal,206.6,0.887014380000,6.199365620000,0.014101,12.00,tb-pullback_rsi-ADAUSDT-1629014400-B,tb-pullback_rsi-ADAUSDT-1629057600-S
BTC/USDT,pullback_rsi,2021-08-15 12:00,46015.42,2021-08-16 00:00,46879.87,signal,0.02189,2.0348583564,16.8879521436,0.016766,12.00,tb-pullback_rsi-BTCUSDT-1629014400-B,tb-pullback_rsi-BTCUSDT-1629057600-S
BTC/USDT,pullback_rsi,2021-08-17 04:00,46509.84,2021-08-17 12:00,46751.45,signal,0.02111,1.9701411276,3.1302459724,0.003188,8.00,tb-pullback_rsi-BTCUSDT-1629158400-B,tb-pullback_rsi-BTCUSDT-1629187200-S
ETH/USDT,pullback_rsi,2021-08-17 04:00,3201.36,2021-08-17 12:00,3251.19,signal,0.2485,1.6044190880,10.7783359120,0.013548,8.00,tb-pullback_rsi-ETHUSDT-1629158400-B,tb-pullback_rsi-ETHUSDT-1629187200-S
XRP/USDT,pullback_rsi,2021-08-17 04:00,1.2105,2021-08-18 16:00,1.1410,signal,297.6,0.700169550000,-21.383369550000,-0.059358,36.00,tb-pullback_rsi-XRPUSDT-1629158400-B,tb-pullback_rsi-XRPUSDT-1629288000-S
SOL/USDT,pullback_rsi,2021-08-22 00:00,74.00,2021-08-22 08:00,75.36,signal,4.874,0.7283506400,5.9002893600,0.016359,8.00,tb-pullback_rsi-SOLUSDT-1629576000-B,tb-pullback_rsi-SOLUSDT-1629604800-S
ETH/USDT,pullback_rsi,2021-08-23 00:00,3244.48,2021-08-23 04:00,3333.53,signal,0.2792,1.8375537400,23.0252062600,0.025418,4.00,tb-pullback_rsi-ETHUSDT-1629662400-B,tb-pullback_rsi-ETHUSDT-1629676800-S
BNB/USDT,pullback_rsi,2021-08-24 20:00,479.02,2021-08-25 08:00,486.91,signal,1.389,1.3426348100,9.6165751900,0.014453,12.00,tb-pullback_rsi-BNBUSDT-1629820800-B,tb-pullback_rsi-BNBUSDT-1629864000-S
ETH/USDT,pullback_rsi,2021-08-24 20:00,3223.89,2021-08-25 16:00,3210.73,signal,0.2789,1.7955826880,-5.4659066880,-0.006079,20.00,tb-pullback_rsi-ETHUSDT-1629820800-B,tb-pullback_rsi-ETHUSDT-1629892800-S
SOL/USDT,pullback_rsi,2021-08-25 16:00,71.42,2021-08-26 00:00,71.83,signal,5.428,0.7779895200,1.4474904800,0.003734,8.00,tb-pullback_rsi-SOLUSDT-1629892800-B,tb-pullback_rsi-SOLUSDT-1629921600-S
ADA/USDT,pullback_rsi,2021-08-24 20:00,2.7989,2021-08-26 19:59,2.4877,stop,164.0,0.867562180000,-51.904362180000,-0.113077,48.00,tb-pullback_rsi-ADAUSDT-1629820800-B,tb-pullback_rsi-ADAUSDT-1629993600-X
BTC/USDT,pullback_rsi,2021-08-26 20:00,47028.09,2021-08-27 08:00,47384.81,signal,0.02177,2.0567796720,5.7090147280,0.005576,12.00,tb-pullback_rsi-BTCUSDT-1629993600-B,tb-pullback_rsi-BTCUSDT-1630036800-S
ETH/USDT,pullback_rsi,2021-08-26 16:00,3110.97,2021-08-27 08:00,3119.91,signal,0.2658,1.6571011970,0.7191508030,0.000870,16.00,tb-pullback_rsi-ETHUSDT-1629979200-B,tb-pullback_rsi-ETHUSDT-1630036800-S
LTC/USDT,pullback_rsi,2021-08-26 20:00,168.54,2021-08-27 08:00,169.26,signal,3.880,1.3113381600,1.4822618400,0.002267,12.00,tb-pullback_rsi-LTCUSDT-1629993600-B,tb-pullback_rsi-LTCUSDT-1630036800-S
BNB/USDT,pullback_rsi,2021-08-30 08:00,479.36,2021-08-30 20:00,477.14,signal,1.916,1.8336127200,-6.0871327200,-0.006628,12.00,tb-pullback_rsi-BNBUSDT-1630296000-B,tb-pullback_rsi-BNBUSDT-1630339200-S
LINK/USDT,pullback_rsi,2021-08-30 16:00,25.030,2021-08-30 20:00,26.117,signal,28.57,1.46202069000,29.59356931000,0.041383,4.00,tb-pullback_rs-LINKUSDT-1630324800-B,tb-pullback_rs-LINKUSDT-1630339200-S
LTC/USDT,pullback_rsi,2021-08-30 08:00,173.05,2021-08-30 20:00,175.34,signal,4.796,1.6717436900,9.3110963100,0.011219,12.00,tb-pullback_rsi-LTCUSDT-1630296000-B,tb-pullback_rsi-LTCUSDT-1630339200-S
LINK/USDT,pullback_rsi,2021-09-05 00:00,29.950,2021-09-05 08:00,30.089,signal,22.61,1.35838029000,1.78440971000,0.002635,8.00,tb-pullback_rs-LINKUSDT-1630785600-B,tb-pullback_rs-LINKUSDT-1630814400-S
ETH/USDT,pullback_rsi,2021-09-04 16:00,3925.56,2021-09-05 12:00,3916.71,signal,0.2512,1.9711558900,-4.1942758900,-0.004253,20.00,tb-pullback_rsi-ETHUSDT-1630756800-B,tb-pullback_rsi-ETHUSDT-1630828800-S
XRP/USDT,pullback_rsi,2021-09-05 00:00,1.2574,2021-09-05 12:00,1.2593,signal,597.3,1.503979350000,-0.369109350000,-0.000491,12.00,tb-pullback_rsi-XRPUSDT-1630785600-B,tb-pullback_rsi-XRPUSDT-1630828800-S
ETH/USDT,pullback_rsi,2021-09-08 00:00,3441.71,2021-09-08 20:00,3516.10,signal,0.1478,1.0290526600,9.9657893400,0.019591,20.00,tb-pullback_rsi-ETHUSDT-1631044800-B,tb-pullback_rsi-ETHUSDT-1631116800-S
ADA/USDT,pullback_rsi,2021-09-08 00:00,2.5191,2021-09-09 00:00,2.4650,signal,138.2,0.689306440000,-8.165926440000,-0.023456,24.00,tb-pullback_rsi-ADAUSDT-1631044800-B,tb-pullback_rsi-ADAUSDT-1631131200-S
XRP/USDT,pullback_rsi,2021-09-08 00:00,1.1313,2021-09-09 08:00,1.1078,signal,292.1,0.654380500000,-7.518730500000,-0.022753,32.00,tb-pullback_rsi-XRPUSDT-1631044800-B,tb-pullback_rsi-XRPUSDT-1631160000-S
ETH/USDT,pullback_rsi,2021-09-10 20:00,3317.88,2021-09-11 12:00,3286.55,signal,0.1620,1.0705812360,-6.1460412360,-0.011435,16.00,tb-pullback_rsi-ETHUSDT-1631289600-B,tb-pullback_rsi-ETHUSDT-1631347200-S
SOL/USDT,pullback_rsi,2021-09-10 00:00,188.27,2021-09-11 16:00,188.04,signal,1.221,0.4598510500,-0.7406810500,-0.003222,40.00,tb-pullback_rsi-SOLUSDT-1631217600-B,tb-pullback_rsi-SOLUSDT-1631361600-S
SOL/USDT,pullback_rsi,2021-09-15 00:00,159.04,2021-09-15 08:00,161.70,signal,1.772,0.5686693600,4.1448506400,0.014707,8.00,tb-pullback_rsi-SOLUSDT-1631649600-B,tb-pullback_rsi-SOLUSDT-1631678400-S
SOL/USDT,pullback_rsi,2021-09-17 16:00,144.91,2021-09-18 00:00,147.29,signal,2.231,0.6523329300,4.6574470700,0.014406,8.00,tb-pullback_rsi-SOLUSDT-1631880000-B,tb-pullback_rsi-SOLUSDT-1631908800-S
ETH/USDT,pullback_rsi,2021-09-18 04:00,3458.27,2021-09-18 08:00,3496.21,signal,0.2190,1.5240686010,6.7847913990,0.008958,4.00,tb-pullback_rsi-ETHUSDT-1631923200-B,tb-pullback_rsi-ETHUSDT-1631937600-S
LINK/USDT,pullback_rsi,2021-09-18 04:00,28.327,2021-09-18 08:00,28.922,signal,17.71,1.01444633000,9.52300367000,0.018983,4.00,tb-pullback_rs-LINKUSDT-1631923200-B,tb-pullback_rs-LINKUSDT-1631937600-S
LTC/USDT,pullback_rsi,2021-09-17 04:00,186.38,2021-09-18 08:00,183.43,signal,3.142,1.1626885400,-10.4315885400,-0.017813,28.00,tb-pullback_rsi-LTCUSDT-1631836800-B,tb-pullback_rsi-LTCUSDT-1631937600-S
LINK/USDT,pullback_rsi,2021-09-19 08:00,28.688,2021-09-20 03:59,26.207,stop,20.67,1.13554029000,-52.41781029000,-0.088397,20.00,tb-pullback_rs-LINKUSDT-1632024000-B,tb-pullback_rs-LINKUSDT-1632096000-X
ETH/USDT,pullback_rsi,2021-09-19 08:00,3447.71,2021-09-20 03:59,3239.84,stop,0.2492,1.6675717750,-53.4687757750,-0.062233,20.00,tb-pullback_rsi-ETHUSDT-1632024000-B,tb-pullback_rsi-ETHUSDT-1632096000-X
LTC/USDT,pullback_rsi,2021-09-19 08:00,181.47,2021-09-20 03:59,168.85,stop,4.089,1.4333658300,-53.0365458300,-0.071475,20.00,tb-pullback_rsi-LTCUSDT-1632024000-B,tb-pullback_rsi-LTCUSDT-1632096000-X
BTC/USDT,pullback_rsi,2021-10-07 20:00,54070.68,2021-10-08 08:00,54719.72,signal,0.01759,1.9147045448,9.5019090552,0.009990,12.00,tb-pullback_rsi-BTCUSDT-1633622400-B,tb-pullback_rsi-BTCUSDT-1633665600-S
LTC/USDT,pullback_rsi,2021-10-08 08:00,180.16,2021-10-08 12:00,181.43,signal,3.508,1.2691783600,3.1859816400,0.005041,4.00,tb-pullback_rsi-LTCUSDT-1633665600-B,tb-pullback_rsi-LTCUSDT-1633680000-S
LINK/USDT,pullback_rsi,2021-10-08 08:00,27.085,2021-10-09 12:00,27.025,signal,22.22,1.20313675000,-2.53633675000,-0.004214,28.00,tb-pullback_rs-LINKUSDT-1633665600-B,tb-pullback_rs-LINKUSDT-1633766400-S
ETH/USDT,pullback_rsi,2021-10-10 08:00,3589.35,2021-10-11 03:59,3394.05,stop,0.2618,1.8293309250,-52.9588709250,-0.056358,20.00,tb-pullback_rsi-ETHUSDT-1633838400-B,tb-pullback_rsi-ETHUSDT-1633910400-X
BNB/USDT,pullback_rsi,2021-10-09 04:00,424.95,2021-10-11 04:00,414.96,signal,1.927,1.6193564700,-20.8700864700,-0.025486,48.00,tb-pullback_rsi-BNBUSDT-1633737600-B,tb-pullback_rsi-BNBUSDT-1633910400-S
SOL/USDT,pullback_rsi,2021-10-10 00:00,157.12,2021-10-11 19:59,143.57,stop,3.727,1.1213001100,-51.6221501100,-0.088155,44.00,tb-pullback_rsi-SOLUSDT-1633809600-B,tb-pullback_rsi-SOLUSDT-1633968000-X
LINK/USDT,pullback_rsi,2021-10-11 04:00,26.353,2021-10-12 03:59,24.357,stop,25.15,1.27614709000,-51.47554709000,-0.077666,24.00,tb-pullback_rs-LINKUSDT-1633910400-B,tb-pullback_rs-LINKUSDT-1633996800-X
BNB/USDT,pullback_rsi,2021-10-12 16:00,434.67,2021-10-12 20:00,433.23,signal,1.677,1.4563376400,-3.8712176400,-0.005311,4.00,tb-pullback_rsi-BNBUSDT-1634040000-B,tb-pullback_rsi-BNBUSDT-1634054400-S
LTC/USDT,pullback_rsi,2021-10-12 16:00,172.05,2021-10-13 04:00,173.75,signal,3.499,1.2106424000,4.7376576000,0.007870,12.00,tb-pullback_rsi-LTCUSDT-1634040000-B,tb-pullback_rsi-LTCUSDT-1634083200-S
XRP/USDT,pullback_rsi,2021-10-12 08:00,1.1036,2021-10-13 04:00,1.1167,signal,549.9,1.221605130000,5.982084870000,0.009857,20.00,tb-pullback_rsi-XRPUSDT-1634011200-B,tb-pullback_rsi-XRPUSDT-1634083200-S
BTC/USDT,pullback_rsi,2021-10-13 00:00,56108.91,2021-10-13 16:00,56056.51,signal,0.01576,1.7688491998,-2.5946731998,-0.002934,16.00,tb-pullback_rsi-BTCUSDT-1634068800-B,tb-pullback_rsi-BTCUSDT-1634126400-S
LINK/USDT,pullback_rsi,2021-10-15 20:00,27.075,2021-10-16 00:00,26.955,signal,22.75,1.22999475000,-3.95999475000,-0.006429,4.00,tb-pullback_rs-LINKUSDT-1634313600-B,tb-pullback_rs-LINKUSDT-1634328000-S
BNB/USDT,pullback_rsi,2021-10-17 00:00,466.74,2021-10-17 12:00,468.06,signal,1.404,1.3133926800,0.5398873200,0.000824,12.00,tb-pullback_rsi-BNBUSDT-1634414400-B,tb-pullback_rsi-BNBUSDT-1634457600-S
XRP/USDT,pullback_rsi,2021-10-17 12:00,1.1327,2021-10-17 23:59,1.0633,stop,722.9,1.588394560000,-51.757654560000,-0.063209,12.00,tb-pullback_rsi-XRPUSDT-1634457600-B,tb-pullback_rsi-XRPUSDT-1634500800-X
BTC/USDT,pullback_rsi,2021-10-17 00:00,60997.33,2021-10-18 00:00,61405.26,signal,0.01661,2.0343269679,4.7413903321,0.004680,24.00,tb-pullback_rsi-BTCUSDT-1634414400-B,tb-pullback_rsi-BTCUSDT-1634500800-S
ETH/USDT,pullback_rsi,2021-10-18 00:00,3854.70,2021-10-18 04:00,3845.25,signal,0.2220,1.7105453100,-3.8084453100,-0.004450,4.00,tb-pullback_rsi-ETHUSDT-1634500800-B,tb-pullback_rsi-ETHUSDT-1634515200-S
LTC/USDT,pullback_rsi,2021-10-17 20:00,184.37,2021-10-18 04:00,185.42,signal,4.607,1.7045443800,3.1328056200,0.003688,8.00,tb-pullback_rsi-LTCUSDT-1634486400-B,tb-pullback_rsi-LTCUSDT-1634515200-S
SOL/USDT,pullback_rsi,2021-10-18 20:00,157.07,2021-10-19 04:00,158.18,signal,4.219,1.3308251000,3.3522649000,0.005059,8.00,tb-pullback_rsi-SOLUSDT-1634572800-B,tb-pullback_rsi-SOLUSDT-1634601600-S
XRP/USDT,pullback_rsi,2021-10-18 04:00,1.0980,2021-10-19 04:00,1.0947,signal,644.1,1.413086670000,-3.538616670000,-0.005004,24.00,tb-pullback_rsi-XRPUSDT-1634515200-B,tb-pullback_rsi-XRPUSDT-1634601600-S
SOL/USDT,pullback_rsi,2021-10-20 00:00,156.09,2021-10-20 08:00,156.20,signal,4.952,1.5472405300,-1.0025205300,-0.001297,8.00,tb-pullback_rsi-SOLUSDT-1634673600-B,tb-pullback_rsi-SOLUSDT-1634702400-S
BNB/USDT,pullback_rsi,2021-10-21 20:00,475.65,2021-10-22 08:00,488.32,signal,1.772,1.7091061400,20.7421338600,0.024609,12.00,tb-pullback_rsi-BNBUSDT-1634832000-B,tb-pullback_rsi-BNBUSDT-1634875200-S
BTC/USDT,pullback_rsi,2021-10-22 04:00,63364.38,2021-10-23 11:59,59488.07,stop,0.01286,1.5811497944,-51.4304963944,-0.063115,32.00,tb-pullback_rsi-BTCUSDT-1634860800-B,tb-pullback_rsi-BTCUSDT-1634976000-X
ETH/USDT,pullback_rsi,2021-10-22 20:00,3991.44,2021-10-23 12:00,4031.16,signal,0.1807,1.4504821060,5.7269218940,0.007940,16.00,tb-pullback_rsi-ETHUSDT-1634918400-B,tb-pullback_rsi-ETHUSDT-1634976000-S
XRP/USDT,pullback_rsi,2021-10-22 04:00,1.1099,2021-10-23 16:00,1.0944,signal,740.8,1.633833360000,-13.116233360000,-0.015952,36.00,tb-pullback_rsi-XRPUSDT-1634860800-B,tb-pullback_rsi-XRPUSDT-1634990400-S
BTC/USDT,pullback_rsi,2021-10-24 20:00,60764.38,2021-10-25 00:00,60730.51,signal,0.01556,1.8916757804,-2.4186929804,-0.002558,4.00,tb-pullback_rsi-BTCUSDT-1635091200-B,tb-pullback_rsi-BTCUSDT-1635105600-S
SOL/USDT,pullback_rsi,2021-10-24 00:00,198.15,2021-10-25 00:00,201.74,signal,2.435,0.9743266000,7.7673234000,0.016098,24.00,tb-pullback_rsi-SOLUSDT-1635019200-B,tb-pullback_rsi-SOLUSDT-1635105600-S
BNB/USDT,pullback_rsi,2021-10-24 20:00,474.95,2021-10-25 04:00,479.13,signal,2.363,2.2559158900,7.6214241100,0.006791,8.00,tb-pullback_rsi-BNBUSDT-1635091200-B,tb-pullback_rsi-BNBUSDT-1635120000-S
LTC/USDT,pullback_rsi,2021-10-26 20:00,194.19,2021-10-27 00:00,197.10,signal,5.138,2.0116131600,12.9399668400,0.012969,4.00,tb-pullback_rsi-LTCUSDT-1635264000-B,tb-pullback_rsi-LTCUSDT-1635278400-S
BTC/USDT,pullback_rsi,2021-10-27 04:00,60835.76,2021-10-27 11:59,57930.78,stop,0.01730,2.0558778532,-52.3120318532,-0.049705,8.00,tb-pullback_rsi-BTCUSDT-1635292800-B,tb-pullback_rsi-BTCUSDT-1635321600-X
SOL/USDT,pullback_rsi,2021-10-27 04:00,203.26,2021-10-27 11:59,184.08,stop,2.566,0.9945242200,-50.2104042200,-0.096269,8.00,tb-pullback_rsi-SOLUSDT-1635292800-B,tb-pullback_rsi-SOLUSDT-1635321600-X
BNB/USDT,pullback_rsi,2021-10-27 04:00,483.77,2021-10-27 11:59,465.37,stop,2.762,2.6229759900,-53.4437759900,-0.039998,8.00,tb-pullback_rsi-BNBUSDT-1635292800-B,tb-pullback_rsi-BNBUSDT-1635321600-X
BNB/USDT,pullback_rsi,2021-10-27 16:00,455.61,2021-10-28 12:00,477.34,signal,1.973,1.8416215700,41.0316684300,0.045646,20.00,tb-pullback_rsi-BNBUSDT-1635336000-B,tb-pullback_rsi-BNBUSDT-1635408000-S
BTC/USDT,pullback_rsi,2021-10-27 16:00,58936.79,2021-10-28 12:00,60838.69,signal,0.01575,1.8876425483,28.0672824517,0.030237,20.00,tb-pullback_rsi-BTCUSDT-1635336000-B,tb-pullback_rsi-BTCUSDT-1635408000-S
SOL/USDT,pullback_rsi,2021-10-27 20:00,189.68,2021-10-28 12:00,195.01,signal,2.247,0.8649674700,11.1115425300,0.026071,16.00,tb-pullback_rsi-SOLUSDT-1635350400-B,tb-pullback_rsi-SOLUSDT-1635408000-S
ETH/USDT,pullback_rsi,2021-10-30 20:00,4345.31,2021-10-31 04:00,4361.74,signal,0.1962,1.7091922740,1.5143737260,0.001776,8.00,tb-pullback_rsi-ETHUSDT-1635609600-B,tb-pullback_rsi-ETHUSDT-1635638400-S
SOL/USDT,pullback_rsi,2021-10-30 20:00,194.96,2021-10-31 16:00,194.60,signal,2.890,1.1264132800,-2.1668132800,-0.003846,20.00,tb-pullback_rsi-SOLUSDT-1635609600-B,tb-pullback_rsi-SOLUSDT-1635681600-S
BTC/USDT,pullback_rsi,2021-10-31 20:00,60811.33,2021-11-01 00:00,61177.21,signal,0.01754,2.1408952148,4.2766399852,0.004009,4.00,tb-pullback_rsi-BTCUSDT-1635696000-B,tb-pullback_rsi-BTCUSDT-1635710400-S
ETH/USDT,pullback_rsi,2021-10-31 16:00,4222.78,2021-11-01 00:00,4278.90,signal,0.1984,1.6875778680,9.4466301320,0.011276,8.00,tb-pullback_rsi-ETHUSDT-1635681600-B,tb-pullback_rsi-ETHUSDT-1635710400-S
LINK/USDT,pullback_rsi,2021-10-30 20:00,30.171,2021-11-01 00:00,29.940,signal,20.14,1.21154067000,-5.86388067000,-0.009650,28.00,tb-pullback_rs-LINKUSDT-1635609600-B,tb-pullback_rs-LINKUSDT-1635710400-S
LINK/USDT,pullback_rsi,2021-11-03 20:00,31.734,2021-11-04 00:00,31.906,signal,22.26,1.41757842000,2.41114158000,0.003413,4.00,tb-pullback_rs-LINKUSDT-1635955200-B,tb-pullback_rs-LINKUSDT-1635969600-S
ETH/USDT,pullback_rsi,2021-11-04 20:00,4498.81,2021-11-05 00:00,4523.24,signal,0.2007,1.8120750800,3.0910259200,0.003423,4.00,tb-pullback_rsi-ETHUSDT-1636041600-B,tb-pullback_rsi-ETHUSDT-1636056000-S
LINK/USDT,pullback_rsi,2021-11-04 20:00,30.752,2021-11-05 00:00,30.928,signal,23.55,1.45348656000,2.69131344000,0.003716,4.00,tb-pullback_rs-LINKUSDT-1636041600-B,tb-pullback_rs-LINKUSDT-1636056000-S
BTC/USDT,pullback_rsi,2021-11-03 20:00,62925.59,2021-11-05 04:00,62079.38,signal,0.01502,1.8788331636,-14.5889073636,-0.015436,32.00,tb-pullback_rsi-BTCUSDT-1635955200-B,tb-pullback_rsi-BTCUSDT-1636070400-S
LTC/USDT,pullback_rsi,2021-11-05 20:00,198.90,2021-11-06 04:00,199.60,signal,4.019,1.6025660000,1.2107340000,0.001515,8.00,tb-pullback_rsi-LTCUSDT-1636128000-B,tb-pullback_rsi-LTCUSDT-1636156800-S
SOL/USDT,pullback_rsi,2021-11-05 20:00,236.27,2021-11-06 04:00,239.32,signal,2.283,1.0864807800,5.8766692200,0.010895,8.00,tb-pullback_rsi-SOLUSDT-1636128000-B,tb-pullback_rsi-SOLUSDT-1636156800-S
XRP/USDT,pullback_rsi,2021-11-05 20:00,1.1542,2021-11-06 04:00,1.1631,signal,575.5,1.334298670000,3.787651330000,0.005702,8.00,tb-pullback_rsi-XRPUSDT-1636128000-B,tb-pullback_rsi-XRPUSDT-1636156800-S
ETH/USDT,pullback_rsi,2021-11-06 16:00,4407.37,2021-11-06 20:00,4484.75,signal,0.2240,1.9931570910,15.3399629090,0.015538,4.00,tb-pullback_rsi-ETHUSDT-1636200000-B,tb-pullback_rsi-ETHUSDT-1636214400-S
LINK/USDT,pullback_rsi,2021-11-06 16:00,31.413,2021-11-07 00:00,31.985,signal,21.55,1.36716929000,10.95943071000,0.016189,8.00,tb-pullback_rs-LINKUSDT-1636200000-B,tb-pullback_rs-LINKUSDT-1636228800-S
LTC/USDT,pullback_rsi,2021-11-06 16:00,194.69,2021-11-07 00:00,197.20,signal,4.146,1.6257493900,8.7807106100,0.010878,8.00,tb-pullback_rsi-LTCUSDT-1636200000-B,tb-pullback_rsi-LTCUSDT-1636228800-S
BNB/USDT,pullback_rsi,2021-11-08 08:00,642.69,2021-11-08 16:00,647.50,signal,1.243,1.6049915500,4.3738384500,0.005475,8.00,tb-pullback_rsi-BNBUSDT-1636344000-B,tb-pullback_rsi-BNBUSDT-1636372800-S
SOL/USDT,pullback_rsi,2021-11-08 00:00,250.12,2021-11-10 00:00,238.58,signal,2.536,1.2400935600,-30.5055335600,-0.048093,48.00,tb-pullback_rsi-SOLUSDT-1636315200-B,tb-pullback_rsi-SOLUSDT-1636488000-S
BNB/USDT,pullback_rsi,2021-11-10 08:00,645.49,2021-11-10 12:00,653.98,signal,1.432,1.8621320200,10.2955479800,0.011138,4.00,tb-pullback_rsi-BNBUSDT-1636516800-B,tb-pullback_rsi-BNBUSDT-1636531200-S
ETH/USDT,pullback_rsi,2021-11-10 08:00,4724.03,2021-11-10 16:00,4837.24,signal,0.2664,2.5485395410,27.6106044590,0.021940,8.00,tb-pullback_rsi-ETHUSDT-1636516800-B,tb-pullback_rsi-ETHUSDT-1636545600-S
SOL/USDT,pullback_rsi,2021-11-10 08:00,241.36,2021-11-10 16:00,244.35,signal,2.860,1.3898546800,7.1615453200,0.010375,8.00,tb-pullback_rsi-SOLUSDT-1636516800-B,tb-pullback_rsi-SOLUSDT-1636545600-S
BNB/USDT,pullback_rsi,2021-11-11 04:00,617.94,2021-11-12 04:00,631.53,signal,1.086,1.3581603000,13.4005797000,0.019969,24.00,tb-pullback_rsi-BNBUSDT-1636588800-B,tb-pullback_rsi-BNBUSDT-1636675200-S
LTC/USDT,pullback_rsi,2021-11-11 08:00,265.84,2021-11-12 04:00,275.14,signal,1.454,0.7871166000,12.7350834000,0.032947,20.00,tb-pullback_rsi-LTCUSDT-1636603200-B,tb-pullback_rsi-LTCUSDT-1636675200-S
XRP/USDT,pullback_rsi,2021-11-12 20:00,1.1837,2021-11-13 00:00,1.1860,signal,472.5,1.120275100000,-0.033525100000,-0.000060,4.00,tb-pullback_rsi-XRPUSDT-1636732800-B,tb-pullback_rsi-XRPUSDT-1636747200-S
BTC/USDT,pullback_rsi,2021-11-12 20:00,63972.69,2021-11-13 16:00,64559.62,signal,0.01476,1.8984163482,6.7646704518,0.007164,20.00,tb-pullback_rsi-BTCUSDT-1636732800-B,tb-pullback_rsi-BTCUSDT-1636804800-S
LTC/USDT,pullback_rsi,2021-11-13 08:00,250.30,2021-11-13 16:00,260.97,signal,1.554,0.7950141800,15.7861658200,0.040585,8.00,tb-pullback_rsi-LTCUSDT-1636776000-B,tb-pullback_rsi-LTCUSDT-1636804800-S
SOL/USDT,pullback_rsi,2021-11-12 20:00,229.31,2021-11-13 16:00,233.14,signal,2.414,1.1170422300,8.1285777700,0.014684,20.00,tb-pullback_rsi-SOLUSDT-1636732800-B,tb-pullback_rsi-SOLUSDT-1636804800-S
ETH/USDT,pullback_rsi,2021-11-14 12:00,4621.67,2021-11-15 00:00,4617.24,signal,0.2362,2.1836170450,-3.2299830450,-0.002959,12.00,tb-pullback_rsi-ETHUSDT-1636876800-B,tb-pullback_rsi-ETHUSDT-1636920000-S
LINK/USDT,pullback_rsi,2021-11-15 00:00,33.818,2021-11-15 04:00,33.971,signal,20.03,1.35882821000,1.70576179000,0.002518,4.00,tb-pullback_rs-LINKUSDT-1636920000-B,tb-pullback_rs-LINKUSDT-1636934400-S
BNB/USDT,pullback_rsi,2021-11-15 20:00,639.98,2021-11-16 03:59,608.46,stop,1.598,1.9962870800,-52.3652470800,-0.051204,8.00,tb-pullback_rsi-BNBUSDT-1636992000-B,tb-pullback_rsi-BNBUSDT-1637020800-X
LTC/USDT,pullback_rsi,2021-11-16 08:00,247.20,2021-11-17 03:59,219.68,stop,1.779,0.8310739200,-49.7891539200,-0.113217,20.00,tb-pullback_rsi-LTCUSDT-1637035200-B,tb-pullback_rsi-LTCUSDT-1637107200-X
SOL/USDT,pullback_rsi,2021-11-16 16:00,225.70,2021-11-17 12:00,219.87,signal,2.634,1.1743084800,-16.5305284800,-0.027806,20.00,tb-pullback_rsi-SOLUSDT-1637064000-B,tb-pullback_rsi-SOLUSDT-1637136000-S
XRP/USDT,pullback_rsi,2023-01-15 16:00,0.3893,2023-01-16 04:00,0.4044,signal,2076.2,1.648697470000,29.701922530000,0.036748,12.00,tb-pullback_rsi-XRPUSDT-1673784000-B,tb-pullback_rsi-XRPUSDT-1673827200-S
LTC/USDT,pullback_rsi,2023-01-16 16:00,86.34,2023-01-16 20:00,86.85,signal,8.913,1.5444195300,3.0012104700,0.003900,4.00,tb-pullback_rsi-LTCUSDT-1673870400-B,tb-pullback_rsi-LTCUSDT-1673884800-S
ADA/USDT,pullback_rsi,2023-01-18 04:00,0.3507,2023-01-18 19:59,0.3280,stop,2282.5,1.549939360000,-53.362689360000,-0.066664,16.00,tb-pullback_rsi-ADAUSDT-1674000000-B,tb-pullback_rsi-ADAUSDT-1674057600-X
XRP/USDT,pullback_rsi,2023-01-18 20:00,0.3906,2023-01-19 12:00,0.3839,signal,1762.9,1.366069130000,-13.177499130000,-0.019137,16.00,tb-pullback_rsi-XRPUSDT-1674057600-B,tb-pullback_rsi-XRPUSDT-1674115200-S
ADA/USDT,pullback_rsi,2023-01-19 04:00,0.3304,2023-01-19 16:00,0.3339,signal,2006.2,1.333412500000,5.688287500000,0.008582,12.00,tb-pullback_rsi-ADAUSDT-1674086400-B,tb-pullback_rsi-ADAUSDT-1674129600-S
SOL/USDT,pullback_rsi,2023-01-19 04:00,21.40,2023-01-19 20:00,21.61,signal,16.655,0.7166953500,2.7808546500,0.007802,16.00,tb-pullback_rsi-SOLUSDT-1674086400-B,tb-pullback_rsi-SOLUSDT-1674144000-S
BNB/USDT,pullback_rsi,2023-01-20 16:00,290.08,2023-01-20 20:00,293.91,signal,3.790,2.2144824200,12.3012175800,0.011189,4.00,tb-pullback_rsi-BNBUSDT-1674216000-B,tb-pullback_rsi-BNBUSDT-1674230400-S
XRP/USDT,pullback_rsi,2023-01-23 04:00,0.4060,2023-01-23 08:00,0.4126,signal,2258.8,1.849987480000,13.058092520000,0.014239,4.00,tb-pullback_rsi-XRPUSDT-1674432000-B,tb-pullback_rsi-XRPUSDT-1674446400-S
LTC/USDT,pullback_rsi,2023-01-23 04:00,88.05,2023-01-23 12:00,91.81,signal,10.213,1.8378787300,36.5630012700,0.040659,8.00,tb-pullback_rsi-LTCUSDT-1674432000-B,tb-pullback_rsi-LTCUSDT-1674460800-S
SOL/USDT,pullback_rsi,2023-01-23 04:00,24.58,2023-01-24 04:00,24.93,signal,19.713,0.9764822300,5.9230677700,0.012224,24.00,tb-pullback_rsi-SOLUSDT-1674432000-B,tb-pullback_rsi-SOLUSDT-1674518400-S
LINK/USDT,pullback_rsi,2023-01-25 04:00,6.706,2023-01-25 20:00,6.809,signal,97.37,1.31662615000,8.71248385000,0.013343,16.00,tb-pullback_rs-LINKUSDT-1674604800-B,tb-pullback_rs-LINKUSDT-1674662400-S
LTC/USDT,pullback_rsi,2023-01-25 04:00,87.74,2023-01-25 20:00,88.30,signal,9.680,1.7049446000,3.7158554000,0.004375,16.00,tb-pullback_rsi-LTCUSDT-1674604800-B,tb-pullback_rsi-LTCUSDT-1674662400-S
SOL/USDT,pullback_rsi,2023-01-25 04:00,22.98,2023-01-25 20:00,23.69,signal,21.936,1.0242586800,14.5503013200,0.028865,16.00,tb-pullback_rsi-SOLUSDT-1674604800-B,tb-pullback_rsi-SOLUSDT-1674662400-S
ETH/USDT,pullback_rsi,2023-01-27 08:00,1588.58,2023-01-27 20:00,1606.48,signal,0.6434,2.0568136080,9.4600463920,0.009256,12.00,tb-pullback_rsi-ETHUSDT-1674792000-B,tb-pullback_rsi-ETHUSDT-1674835200-S
LTC/USDT,pullback_rsi,2023-01-26 20:00,88.13,2023-01-27 20:00,88.45,signal,10.865,1.9195111300,1.5572888700,0.001626,24.00,tb-pullback_rsi-LTCUSDT-1674748800-B,tb-pullback_rsi-LTCUSDT-1674835200-S
SOL/USDT,pullback_rsi,2023-01-27 08:00,24.08,2023-01-27 20:00,24.43,signal,23.075,1.1199461700,6.9563038300,0.012519,12.00,tb-pullback_rsi-SOLUSDT-1674792000-B,tb-pullback_rsi-SOLUSDT-1674835200-S
ETH/USDT,pullback_rsi,2023-01-29 04:00,1597.55,2023-01-29 08:00,1589.40,signal,0.7185,2.2911016150,-8.1468766150,-0.007098,4.00,tb-pullback_rsi-ETHUSDT-1674950400-B,tb-pullback_rsi-ETHUSDT-1674964800-S
LINK/USDT,pullback_rsi,2023-01-29 04:00,7.322,2023-01-29 08:00,7.306,signal,106.05,1.55210482000,-3.24890482000,-0.004184,4.00,tb-pullback_rs-LINKUSDT-1674950400-B,tb-pullback_rs-LINKUSDT-1674964800-S
SOL/USDT,pullback_rsi,2023-01-29 04:00,24.18,2023-01-29 12:00,24.31,signal,27.032,1.3114587200,2.2027012800,0.003370,8.00,tb-pullback_rsi-SOLUSDT-1674950400-B,tb-pullback_rsi-SOLUSDT-1674979200-S
BNB/USDT,pullback_rsi,2023-01-30 16:00,309.52,2023-01-31 04:00,311.17,signal,3.785,2.3505497300,3.8947002700,0.003324,12.00,tb-pullback_rsi-BNBUSDT-1675080000-B,tb-pullback_rsi-BNBUSDT-1675123200-S
LINK/USDT,pullback_rsi,2023-01-30 16:00,7.039,2023-01-31 08:00,7.021,signal,113.40,1.59524868000,-3.63644868000,-0.004556,16.00,tb-pullback_rs-LINKUSDT-1675080000-B,tb-pullback_rs-LINKUSDT-1675137600-S
XRP/USDT,pullback_rsi,2023-01-30 16:00,0.4007,2023-01-31 12:00,0.3990,signal,2797.2,2.238042800000,-6.993282800000,-0.006239,20.00,tb-pullback_rsi-XRPUSDT-1675080000-B,tb-pullback_rsi-XRPUSDT-1675152000-S
ADA/USDT,pullback_rsi,2023-01-31 08:00,0.3754,2023-01-31 16:00,0.3952,signal,2312.4,1.782836400000,44.002683600000,0.050690,8.00,tb-pullback_rsi-ADAUSDT-1675137600-B,tb-pullback_rsi-ADAUSDT-1675166400-S
ADA/USDT,pullback_rsi,2023-02-01 20:00,0.3883,2023-02-02 00:00,0.3962,signal,1977.9,1.552439150000,14.072970850000,0.018324,4.00,tb-pullback_rsi-ADAUSDT-1675267200-B,tb-pullback_rsi-ADAUSDT-1675281600-S
LINK/USDT,pullback_rsi,2023-02-01 20:00,7.020,2023-02-02 00:00,7.199,signal,112.81,1.60488779000,18.58810221000,0.023472,4.00,tb-pullback_rs-LINKUSDT-1675267200-B,tb-pullback_rs-LINKUSDT-1675281600-S
SOL/USDT,pullback_rsi,2023-02-01 20:00,24.29,2023-02-02 00:00,24.95,signal,24.109,1.1877344100,14.7242055900,0.025143,4.00,tb-pullback_rsi-SOLUSDT-1675267200-B,tb-pullback_rsi-SOLUSDT-1675281600-S
BTC/USDT,pullback_rsi,2023-02-03 04:00,23580.71,2023-02-03 16:00,23557.41,signal,0.05893,2.7792642529,-4.1523332529,-0.002988,12.00,tb-pullback_rsi-BTCUSDT-1675382400-B,tb-pullback_rsi-BTCUSDT-1675425600-S
LTC/USDT,pullback_rsi,2023-02-03 04:00,99.11,2023-02-03 20:00,99.09,signal,7.957,1.5778702800,-1.7370102800,-0.002203,16.00,tb-pullback_rsi-LTCUSDT-1675382400-B,tb-pullback_rsi-LTCUSDT-1675440000-S
XRP/USDT,pullback_rsi,2023-02-03 04:00,0.4121,2023-02-04 00:00,0.4107,signal,2794.1,2.300139360000,-6.211879360000,-0.005395,20.00,tb-pullback_rsi-XRPUSDT-1675382400-B,tb-pullback_rsi-XRPUSDT-1675454400-S
LINK/USDT,pullback_rsi,2023-02-06 00:00,6.999,2023-02-06 16:00,7.022,signal,137.25,1.92536211000,1.23138789000,0.001282,16.00,tb-pullback_rs-LINKUSDT-1675627200-B,tb-pullback_rs-LINKUSDT-1675684800-S
LTC/USDT,pullback_rsi,2023-02-06 00:00,96.85,2023-02-06 16:00,97.11,signal,11.256,2.1843759600,0.7421840400,0.000681,16.00,tb-pullback_rsi-LTCUSDT-1675627200-B,tb-pullback_rsi-LTCUSDT-1675684800-S
SOL/USDT,pullback_rsi,2023-02-06 00:00,23.51,2023-02-06 16:00,23.42,signal,33.732,1.5838421000,-4.6197221000,-0.005825,16.00,tb-pullback_rsi-SOLUSDT-1675627200-B,tb-pullback_rsi-SOLUSDT-1675684800-S
SOL/USDT,pullback_rsi,2023-02-07 04:00,23.11,2023-02-07 12:00,23.29,signal,33.509,1.5556033400,4.4760166600,0.005780,8.00,tb-pullback_rsi-SOLUSDT-1675728000-B,tb-pullback_rsi-SOLUSDT-1675756800-S
ADA/USDT,pullback_rsi,2023-02-07 04:00,0.3871,2023-02-07 20:00,0.3915,signal,2539.6,1.978339020000,9.195900980000,0.009354,16.00,tb-pullback_rsi-ADAUSDT-1675728000-B,tb-pullback_rsi-ADAUSDT-1675785600-S
BNB/USDT,pullback_rsi,2023-02-09 00:00,328.86,2023-02-09 03:59,316.91,stop,4.437,2.8669257900,-55.8890757900,-0.038302,4.00,tb-pullback_rsi-BNBUSDT-1675886400-B,tb-pullback_rsi-BNBUSDT-1675900800-X
LTC/USDT,pullback_rsi,2023-02-08 20:00,99.13,2023-02-09 19:59,94.19,stop,10.563,2.0431295900,-54.2243495900,-0.051785,24.00,tb-pullback_rsi-LTCUSDT-1675872000-B,tb-pullback_rsi-LTCUSDT-1675958400-X
SOL/USDT,pullback_rsi,2023-02-09 00:00,23.26,2023-02-09 19:59,21.78,stop,34.948,1.5748720200,-53.2979120200,-0.065566,20.00,tb-pullback_rsi-SOLUSDT-1675886400-B,tb-pullback_rsi-SOLUSDT-1675958400-X
ETH/USDT,pullback_rsi,2023-02-09 08:00,1633.14,2023-02-09 19:59,1564.44,stop,0.7577,2.4241128800,-54.4781028800,-0.044025,12.00,tb-pullback_rsi-ETHUSDT-1675915200-B,tb-pullback_rsi-ETHUSDT-1675958400-X
BNB/USDT,pullback_rsi,2023-02-10 04:00,307.32,2023-02-10 20:00,307.98,signal,3.544,2.1818524800,0.1571875200,0.000144,16.00,tb-pullback_rsi-BNBUSDT-1675987200-B,tb-pullback_rsi-BNBUSDT-1676044800-S
LTC/USDT,pullback_rsi,2023-02-10 00:00,92.25,2023-02-10 20:00,93.91,signal,8.749,1.6295440900,12.8937959100,0.015976,20.00,tb-pullback_rsi-LTCUSDT-1675972800-B,tb-pullback_rsi-LTCUSDT-1676044800-S
BTC/USDT,pullback_rsi,2023-02-10 04:00,21869.25,2023-02-11 16:00,21692.30,signal,0.06474,2.8217055925,-14.2774485925,-0.010084,36.00,tb-pullback_rsi-BTCUSDT-1675987200-B,tb-pullback_rsi-BTCUSDT-1676116800-S
LTC/USDT,pullback_rsi,2023-02-13 16:00,91.19,2023-02-14 08:00,91.29,signal,10.682,1.9502544500,-0.8820544500,-0.000906,16.00,tb-pullback_rsi-LTCUSDT-1676289600-B,tb-pullback_rsi-LTCUSDT-1676347200-S
ADA/USDT,pullback_rsi,2023-02-17 04:00,0.3975,2023-02-17 16:00,0.3998,signal,1865.9,1.488437320000,2.803132680000,0.003779,12.00,tb-pullback_rsi-ADAUSDT-1676592000-B,tb-pullback_rsi-ADAUSDT-1676635200-S
BNB/USDT,pullback_rsi,2023-02-17 04:00,310.32,2023-02-17 20:00,314.27,signal,2.708,1.6923206800,9.0042793200,0.010715,16.00,tb-pullback_rsi-BNBUSDT-1676592000-B,tb-pullback_rsi-BNBUSDT-1676649600-S
SOL/USDT,pullback_rsi,2023-02-17 04:00,22.73,2023-02-17 20:00,23.41,signal,27.239,1.2574439000,17.2650761000,0.027885,16.00,tb-pullback_rsi-SOLUSDT-1676592000-B,tb-pullback_rsi-SOLUSDT-1676649600-S
ADA/USDT,pullback_rsi,2023-02-21 08:00,0.4048,2023-02-21 23:59,0.3853,stop,2629.9,2.078976950000,-53.362026950000,-0.050125,16.00,tb-pullback_rsi-ADAUSDT-1676952000-B,tb-pullback_rsi-ADAUSDT-1677009600-X
LTC/USDT,pullback_rsi,2023-02-21 00:00,96.10,2023-02-22 04:00,94.82,signal,10.253,1.9585598600,-15.0823998600,-0.015307,28.00,tb-pullback_rsi-LTCUSDT-1676923200-B,tb-pullback_rsi-LTCUSDT-1677024000-S
ETH/USDT,pullback_rsi,2023-02-21 16:00,1675.32,2023-02-22 15:59,1605.04,stop,0.7294,2.3940348440,-53.6562668440,-0.043909,24.00,tb-pullback_rsi-ETHUSDT-1676980800-B,tb-pullback_rsi-ETHUSDT-1677067200-X
ADA/USDT,pullback_rsi,2023-02-22 12:00,0.3867,2023-02-23 00:00,0.3881,signal,2358.5,1.828293880000,1.473606120000,0.001616,12.00,tb-pullback_rsi-ADAUSDT-1677052800-B,tb-pullback_rsi-ADAUSDT-1677096000-S
BTC/USDT,pullback_rsi,2023-02-22 12:00,24209.20,2023-02-23 00:00,24133.84,signal,0.04735,2.2902534000,-5.8585494000,-0.005111,12.00,tb-pullback_rsi-BTCUSDT-1677052800-B,tb-pullback_rsi-BTCUSDT-1677096000-S
SOL/USDT,pullback_rsi,2023-02-22 16:00,23.71,2023-02-23 00:00,24.11,signal,22.608,1.0816598900,7.9615401100,0.014853,8.00,tb-pullback_rsi-SOLUSDT-1677067200-B,tb-pullback_rsi-SOLUSDT-1677096000-S
ADA/USDT,pullback_rsi,2023-02-24 08:00,0.3821,2023-02-24 12:00,0.3829,signal,2608.0,1.996151670000,0.090248330000,0.000091,4.00,tb-pullback_rsi-ADAUSDT-1677211200-B,tb-pullback_rsi-ADAUSDT-1677225600-S
ETH/USDT,pullback_rsi,2023-02-24 20:00,1614.06,2023-02-26 04:00,1599.54,signal,0.6511,2.0935047980,-11.5474767980,-0.010988,32.00,tb-pullback_rsi-ETHUSDT-1677254400-B,tb-pullback_rsi-ETHUSDT-1677369600-S
LINK/USDT,pullback_rsi,2023-02-24 20:00,7.693,2023-02-26 04:00,7.402,signal,78.12,1.17983684000,-23.91275684000,-0.039790,32.00,tb-pullback_rs-LINKUSDT-1677254400-B,tb-pullback_rs-LINKUSDT-1677369600-S
SOL/USDT,pullback_rsi,2023-02-25 00:00,23.12,2023-02-26 04:00,22.61,signal,26.308,1.2036890800,-14.6207690800,-0.024038,28.00,tb-pullback_rsi-SOLUSDT-1677268800-B,tb-pullback_rsi-SOLUSDT-1677369600-S
LINK/USDT,pullback_rsi,2023-02-27 16:00,7.384,2023-02-28 12:00,7.312,signal,109.64,1.61208168000,-9.50616168000,-0.011742,20.00,tb-pullback_rs-LINKUSDT-1677499200-B,tb-pullback_rs-LINKUSDT-1677571200-S
LTC/USDT,pullback_rsi,2023-02-28 00:00,94.26,2023-02-28 12:00,94.83,signal,13.097,2.4778313700,4.9874586300,0.004040,12.00,tb-pullback_rsi-LTCUSDT-1677528000-B,tb-pullback_rsi-LTCUSDT-1677571200-S
LTC/USDT,pullback_rsi,2023-03-02 20:00,95.12,2023-03-03 03:59,91.12,stop,12.678,2.3623872800,-53.0743872800,-0.044011,8.00,tb-pullback_rsi-LTCUSDT-1677772800-B,tb-pullback_rsi-LTCUSDT-1677801600-X
LINK/USDT,pullback_rsi,2023-03-02 20:00,7.289,2023-03-03 03:59,6.882,stop,123.00,1.74398057000,-51.80498057000,-0.057783,8.00,tb-pullback_rs-LINKUSDT-1677772800-B,tb-pullback_rs-LINKUSDT-1677801600-X
ETH/USDT,pullback_rsi,2023-03-02 20:00,1651.77,2023-03-03 03:59,1587.15,stop,0.7871,2.5506753530,-53.4130773530,-0.041084,8.00,tb-pullback_rsi-ETHUSDT-1677772800-B,tb-pullback_rsi-ETHUSDT-1677801600-X
BTC/USDT,pullback_rsi,2023-03-16 08:00,24665.03,2023-03-16 12:00,24776.67,signal,0.02745,1.3579146144,1.7066033856,0.002521,4.00,tb-pullback_rsi-BTCUSDT-1678939200-B,tb-pullback_rsi-BTCUSDT-1678953600-S
ETH/USDT,pullback_rsi,2023-03-15 20:00,1651.30,2023-03-16 12:00,1657.04,signal,0.3957,1.3097706600,0.9615473400,0.001472,16.00,tb-pullback_rsi-ETHUSDT-1678896000-B,tb-pullback_rsi-ETHUSDT-1678953600-S
BNB/USDT,pullback_rsi,2023-03-18 20:00,336.98,2023-03-19 12:00,336.52,signal,2.454,1.6537799400,-2.7826199400,-0.003365,16.00,tb-pullback_rsi-BNBUSDT-1679155200-B,tb-pullback_rsi-BNBUSDT-1679212800-S
LINK/USDT,pullback_rsi,2023-03-18 20:00,7.048,2023-03-19 12:00,7.086,signal,94.98,1.34315212000,2.26608788000,0.003385,16.00,tb-pullback_rs-LINKUSDT-1679155200-B,tb-pullback_rs-LINKUSDT-1679212800-S
ETH/USDT,pullback_rsi,2023-03-19 04:00,1786.08,2023-03-19 16:00,1790.02,signal,0.4260,1.5243116400,0.1541283600,0.000203,12.00,tb-pullback_rsi-ETHUSDT-1679184000-B,tb-pullback_rsi-ETHUSDT-1679227200-S
XRP/USDT,pullback_rsi,2023-03-21 04:00,0.3825,2023-03-21 08:00,0.3857,signal,2141.1,1.645634520000,5.205885480000,0.006357,4.00,tb-pullback_rsi-XRPUSDT-1679356800-B,tb-pullback_rsi-XRPUSDT-1679371200-S
ETH/USDT,pullback_rsi,2023-03-21 04:00,1749.64,2023-03-21 12:00,1757.81,signal,0.4705,1.6511300500,2.1928549500,0.002664,8.00,tb-pullback_rsi-ETHUSDT-1679356800-B,tb-pullback_rsi-ETHUSDT-1679385600-S
XRP/USDT,pullback_rsi,2023-03-23 00:00,0.4222,2023-03-23 08:00,0.4460,signal,1029.7,0.894449960000,23.612410040000,0.054314,8.00,tb-pullback_rsi-XRPUSDT-1679515200-B,tb-pullback_rsi-XRPUSDT-1679544000-S
BNB/USDT,pullback_rsi,2023-03-22 16:00,328.46,2023-03-23 12:00,324.64,signal,2.910,1.9015063800,-13.0177063800,-0.013619,20.00,tb-pullback_rsi-BNBUSDT-1679486400-B,tb-pullback_rsi-BNBUSDT-1679558400-S
SOL/USDT,pullback_rsi,2023-03-23 00:00,21.46,2023-03-23 12:00,21.71,signal,20.994,0.9067831000,4.3417169000,0.009637,12.00,tb-pullback_rsi-SOLUSDT-1679515200-B,tb-pullback_rsi-SOLUSDT-1679558400-S
BNB/USDT,pullback_rsi,2023-03-24 20:00,322.85,2023-03-25 04:00,323.25,signal,3.382,2.1864016000,-0.8336016000,-0.000763,8.00,tb-pullback_rsi-BNBUSDT-1679673600-B,tb-pullback_rsi-BNBUSDT-1679702400-S
XRP/USDT,pullback_rsi,2023-03-24 08:00,0.4341,2023-03-25 04:00,0.4294,signal,1080.5,0.933489260000,-6.011839260000,-0.012817,20.00,tb-pullback_rsi-XRPUSDT-1679630400-B,tb-pullback_rsi-XRPUSDT-1679702400-S
BTC/USDT,pullback_rsi,2023-03-25 04:00,27636.82,2023-03-25 16:00,27592.14,signal,0.03314,1.8313932076,-3.3120884076,-0.003616,12.00,tb-pullback_rsi-BTCUSDT-1679702400-B,tb-pullback_rsi-BTCUSDT-1679745600-S
LINK/USDT,pullback_rsi,2023-03-25 16:00,7.146,2023-03-26 04:00,7.112,signal,106.84,1.52411078000,-5.15667078000,-0.006754,12.00,tb-pullback_rs-LINKUSDT-1679745600-B,tb-pullback_rs-LINKUSDT-1679788800-S
BNB/USDT,pullback_rsi,2023-03-26 00:00,323.05,2023-03-26 08:00,323.35,signal,4.025,2.6033752500,-1.3958752500,-0.001074,8.00,tb-pullback_rsi-BNBUSDT-1679774400-B,tb-pullback_rsi-BNBUSDT-1679803200-S
ADA/USDT,pullback_rsi,2023-03-26 00:00,0.3521,2023-03-26 12:00,0.3573,signal,2096.9,1.488280270000,9.415599730000,0.012753,12.00,tb-pullback_rsi-ADAUSDT-1679774400-B,tb-pullback_rsi-ADAUSDT-1679817600-S
ADA/USDT,pullback_rsi,2023-03-27 12:00,0.3536,2023-03-28 08:00,0.3481,signal,2492.5,1.749871250000,-15.458621250000,-0.017540,20.00,tb-pullback_rsi-ADAUSDT-1679904000-B,tb-pullback_rsi-ADAUSDT-1679976000-S
BTC/USDT,pullback_rsi,2023-03-27 20:00,27022.87,2023-03-28 20:00,27371.12,signal,0.03930,2.1387647258,11.5474602742,0.010873,24.00,tb-pullback_rsi-BTCUSDT-1679932800-B,tb-pullback_rsi-BTCUSDT-1680019200-S
LTC/USDT,pullback_rsi,2023-03-28 00:00,89.42,2023-03-28 20:00,88.74,signal,7.484,1.3340648000,-6.4231848000,-0.009598,20.00,tb-pullback_rsi-LTCUSDT-1679947200-B,tb-pullback_rsi-LTCUSDT-1680019200-S
BNB/USDT,pullback_rsi,2023-03-30 08:00,316.14,2023-03-30 12:00,316.66,signal,3.804,2.4084357600,-0.4303557600,-0.000358,4.00,tb-pullback_rsi-BNBUSDT-1680148800-B,tb-pullback_rsi-BNBUSDT-1680163200-S
LINK/USDT,pullback_rsi,2023-03-31 00:00,7.245,2023-03-31 04:00,7.368,signal,125.25,1.83122010000,13.57452990000,0.014959,4.00,tb-pullback_rs-LINKUSDT-1680206400-B,tb-pullback_rs-LINKUSDT-1680220800-S
LTC/USDT,pullback_rsi,2023-03-31 00:00,89.24,2023-03-31 04:00,89.58,signal,8.762,1.5676240000,1.4114560000,0.001805,4.00,tb-pullback_rsi-LTCUSDT-1680206400-B,tb-pullback_rsi-LTCUSDT-1680220800-S
BTC/USDT,pullback_rsi,2023-03-31 00:00,28084.59,2023-03-31 16:00,28438.01,signal,0.03966,2.2428097030,11.7738274970,0.010571,16.00,tb-pullback_rsi-BTCUSDT-1680206400-B,tb-pullback_rsi-BTCUSDT-1680264000-S
BNB/USDT,pullback_rsi,2023-03-31 12:00,316.54,2023-03-31 20:00,316.06,signal,4.377,2.7704729000,-4.8714329000,-0.003516,8.00,tb-pullback_rsi-BNBUSDT-1680249600-B,tb-pullback_rsi-BNBUSDT-1680278400-S
BNB/USDT,pullback_rsi,2023-04-01 12:00,315.03,2023-04-02 00:00,314.27,signal,5.103,3.2132080800,-7.0914880800,-0.004411,12.00,tb-pullback_rsi-BNBUSDT-1680336000-B,tb-pullback_rsi-BNBUSDT-1680379200-S
XRP/USDT,pullback_rsi,2023-04-01 12:00,0.5164,2023-04-02 08:00,0.5129,signal,973.4,1.002437020000,-4.409337020000,-0.008772,20.00,tb-pullback_rsi-XRPUSDT-1680336000-B,tb-pullback_rsi-XRPUSDT-1680408000-S
ADA/USDT,pullback_rsi,2023-04-01 16:00,0.3938,2023-04-03 03:59,0.3711,stop,2175.1,1.664600350000,-51.039370350000,-0.059587,36.00,tb-pullback_rsi-ADAUSDT-1680350400-B,tb-pullback_rsi-ADAUSDT-1680480000-X
BTC/USDT,pullback_rsi,2023-04-03 00:00,28228.22,2023-04-03 12:00,28197.22,signal,0.05599,3.1609540810,-4.8966440810,-0.003098,12.00,tb-pullback_rsi-BTCUSDT-1680465600-B,tb-pullback_rsi-BTCUSDT-1680508800-S
LINK/USDT,pullback_rsi,2023-04-03 00:00,7.270,2023-04-03 12:00,7.284,signal,148.95,2.16890880000,-0.08360880000,-0.000077,12.00,tb-pullback_rs-LINKUSDT-1680465600-B,tb-pullback_rs-LINKUSDT-1680508800-S
XRP/USDT,pullback_rsi,2023-04-04 08:00,0.4973,2023-04-04 20:00,0.5040,signal,1309.5,1.311898570000,7.461751430000,0.011458,12.00,tb-pullback_rsi-XRPUSDT-1680580800-B,tb-pullback_rsi-XRPUSDT-1680624000-S
BTC/USDT,pullback_rsi,2023-04-06 12:00,28001.41,2023-04-06 16:00,28034.20,signal,0.05010,2.8090641456,-1.1662851456,-0.000831,4.00,tb-pullback_rsi-BTCUSDT-1680768000-B,tb-pullback_rsi-BTCUSDT-1680782400-S
ETH/USDT,pullback_rsi,2023-04-06 16:00,1878.29,2023-04-07 04:00,1872.97,signal,0.6651,2.4962778320,-6.0346098320,-0.004831,12.00,tb-pullback_rsi-ETHUSDT-1680782400-B,tb-pullback_rsi-ETHUSDT-1680825600-S
ADA/USDT,pullback_rsi,2023-04-06 16:00,0.3855,2023-04-07 16:00,0.3833,signal,2311.3,1.777852640000,-6.862712640000,-0.007702,24.00,tb-pullback_rsi-ADAUSDT-1680782400-B,tb-pullback_rsi-ADAUSDT-1680868800-S
LTC/USDT,pullback_rsi,2023-04-07 12:00,90.09,2023-04-07 16:00,90.36,signal,11.552,2.0856394800,1.0334005200,0.000993,4.00,tb-pullback_rsi-LTCUSDT-1680854400-B,tb-pullback_rsi-LTCUSDT-1680868800-S
BTC/USDT,pullback_rsi,2023-04-07 16:00,27999.98,2023-04-08 04:00,27967.34,signal,0.05913,3.3110276262,-5.2410308262,-0.003166,12.00,tb-pullback_rsi-BTCUSDT-1680868800-B,tb-pullback_rsi-BTCUSDT-1680912000-S
LTC/USDT,pullback_rsi,2023-04-09 00:00,90.09,2023-04-09 04:00,90.48,signal,15.327,2.7690378300,3.2084921700,0.002324,4.00,tb-pullback_rsi-LTCUSDT-1680984000-B,tb-pullback_rsi-LTCUSDT-1680998400-S
ETH/USDT,pullback_rsi,2023-04-09 04:00,1855.50,2023-04-09 20:00,1852.67,signal,0.9275,3.4411831800,-6.0660081800,-0.003525,16.00,tb-pullback_rsi-ETHUSDT-1680998400-B,tb-pullback_rsi-ETHUSDT-1681056000-S
XRP/USDT,pullback_rsi,2023-04-09 04:00,0.5073,2023-04-09 20:00,0.5045,signal,2355.1,2.384107700000,-8.978387700000,-0.007515,16.00,tb-pullback_rsi-XRPUSDT-1680998400-B,tb-pullback_rsi-XRPUSDT-1681056000-S
ETH/USDT,pullback_rsi,2023-04-12 08:00,1874.05,2023-04-12 16:00,1908.35,signal,0.8212,3.1077935250,25.0593664750,0.016283,8.00,tb-pullback_rsi-ETHUSDT-1681272000-B,tb-pullback_rsi-ETHUSDT-1681300800-S
BNB/USDT,pullback_rsi,2023-04-12 08:00,319.74,2023-04-13 00:00,319.26,signal,5.293,3.3841454400,-5.9247854400,-0.003501,16.00,tb-pullback_rsi-BNBUSDT-1681272000-B,tb-pullback_rsi-BNBUSDT-1681329600-S
XRP/USDT,pullback_rsi,2023-04-12 20:00,0.5038,2023-04-13 00:00,0.5038,signal,2552.7,2.573410400000,-2.573410400000,-0.002001,4.00,tb-pullback_rsi-XRPUSDT-1681315200-B,tb-pullback_rsi-XRPUSDT-1681329600-S
LTC/USDT,pullback_rsi,2023-04-12 08:00,92.26,2023-04-13 04:00,92.28,signal,12.341,2.2786075200,-2.0317875200,-0.001784,20.00,tb-pullback_rsi-LTCUSDT-1681272000-B,tb-pullback_rsi-LTCUSDT-1681344000-S
SOL/USDT,pullback_rsi,2023-04-16 00:00,24.10,2023-04-16 04:00,24.27,signal,30.496,1.4758386200,3.7084813800,0.005046,4.00,tb-pullback_rsi-SOLUSDT-1681588800-B,tb-pullback_rsi-SOLUSDT-1681603200-S
XRP/USDT,pullback_rsi,2023-04-16 08:00,0.5209,2023-04-16 20:00,0.5197,signal,2439.5,2.539845950000,-5.467245950000,-0.004302,12.00,tb-pullback_rsi-XRPUSDT-1681617600-B,tb-pullback_rsi-XRPUSDT-1681660800-S
BTC/USDT,pullback_rsi,2023-04-16 08:00,30405.66,2023-04-17 11:59,29664.56,stop,0.06738,4.0496598170,-53.9849778170,-0.026350,28.00,tb-pullback_rsi-BTCUSDT-1681617600-B,tb-pullback_rsi-BTCUSDT-1681718400-X
XRP/USDT,pullback_rsi,2023-04-17 20:00,0.5114,2023-04-18 04:00,0.5115,signal,2707.5,2.770933670000,-2.500183670000,-0.001806,8.00,tb-pullback_rsi-XRPUSDT-1681747200-B,tb-pullback_rsi-XRPUSDT-1681776000-S
ADA/USDT,pullback_rsi,2023-04-17 12:00,0.4435,2023-04-18 08:00,0.4411,signal,2028.8,1.795607830000,-6.664727830000,-0.007407,20.00,tb-pullback_rsi-ADAUSDT-1681718400-B,tb-pullback_rsi-ADAUSDT-1681790400-S
BTC/USDT,pullback_rsi,2023-04-17 20:00,29526.19,2023-04-18 08:00,29716.05,signal,0.06394,3.7900156619,8.3496327381,0.004423,12.00,tb-pullback_rsi-BTCUSDT-1681747200-B,tb-pullback_rsi-BTCUSDT-1681790400-S
ADA/USDT,pullback_rsi,2023-04-19 16:00,0.4217,2023-04-20 19:59,0.3966,stop,1938.4,1.587036120000,-50.240876120000,-0.061462,28.00,tb-pullback_rsi-ADAUSDT-1681905600-B,tb-pullback_rsi-ADAUSDT-1682006400-X
SOL/USDT,pullback_rsi,2023-04-19 16:00,23.39,2023-04-21 16:00,21.82,signal,24.930,1.1276700500,-40.2677700500,-0.069057,48.00,tb-pullback_rsi-SOLUSDT-1681905600-B,tb-pullback_rsi-SOLUSDT-1682078400-S
LINK/USDT,pullback_rsi,2023-04-20 04:00,7.838,2023-04-21 19:59,7.271,stop,85.06,1.28587696000,-49.51489696000,-0.074269,40.00,tb-pullback_rs-LINKUSDT-1681948800-B,tb-pullback_rs-LINKUSDT-1682092800-X
BTC/USDT,pullback_rsi,2023-04-21 00:00,28300.14,2023-04-21 19:59,27184.55,stop,0.04380,2.4316444290,-51.2944864290,-0.041382,20.00,tb-pullback_rsi-BTCUSDT-1682020800-B,tb-pullback_rsi-BTCUSDT-1682092800-X
ADA/USDT,pullback_rsi,2023-04-30 08:00,0.4020,2023-04-30 16:00,0.4060,signal,2721.6,2.200178400000,8.686221600000,0.007939,8.00,tb-pullback_rsi-ADAUSDT-1682827200-B,tb-pullback_rsi-ADAUSDT-1682856000-S
BTC/USDT,pullback_rsi,2023-04-30 08:00,29324.97,2023-04-30 16:00,29595.86,signal,0.04912,2.8956574149,10.4104593851,0.007227,8.00,tb-pullback_rsi-BTCUSDT-1682827200-B,tb-pullback_rsi-BTCUSDT-1682856000-S
SOL/USDT,pullback_rsi,2023-05-01 08:00,22.39,2023-05-02 12:00,21.94,signal,33.154,1.4704780800,-16.3897780800,-0.022079,28.00,tb-pullback_rsi-SOLUSDT-1682913600-B,tb-pullback_rsi-SOLUSDT-1683014400-S
BTC/USDT,pullback_rsi,2023-05-01 08:00,28686.34,2023-05-02 16:00,28483.60,signal,0.04134,2.3648396326,-10.7461112326,-0.009062,32.00,tb-pullback_rsi-BTCUSDT-1682913600-B,tb-pullback_rsi-BTCUSDT-1683028800-S
BTC/USDT,pullback_rsi,2023-05-06 20:00,28900.51,2023-05-07 16:00,28884.77,signal,0.04403,2.5457309008,-3.2387631008,-0.002545,20.00,tb-pullback_rsi-BTCUSDT-1683388800-B,tb-pullback_rsi-BTCUSDT-1683460800-S
ETH/USDT,pullback_rsi,2023-05-06 20:00,1901.74,2023-05-07 16:00,1913.09,signal,0.5712,2.1801719420,4.3029480580,0.003961,20.00,tb-pullback_rsi-ETHUSDT-1683388800-B,tb-pullback_rsi-ETHUSDT-1683460800-S
LTC/USDT,pullback_rsi,2023-06-24 20:00,89.31,2023-06-26 12:00,87.91,signal,7.406,1.3132058000,-11.6816058000,-0.017661,40.00,tb-pullback_rsi-LTCUSDT-1687622400-B,tb-pullback_rsi-LTCUSDT-1687766400-S
BTC/USDT,pullback_rsi,2023-06-26 00:00,30523.60,2023-06-27 04:00,30310.81,signal,0.04581,2.7883505060,-12.5362604060,-0.008965,28.00,tb-pullback_rsi-BTCUSDT-1687723200-B,tb-pullback_rsi-BTCUSDT-1687824000-S
BTC/USDT,pullback_rsi,2023-06-28 12:00,30371.36,2023-06-29 08:00,30279.60,signal,0.05033,3.0543851004,-7.6726659004,-0.005019,20.00,tb-pullback_rsi-BTCUSDT-1687939200-B,tb-pullback_rsi-BTCUSDT-1688011200-S
LINK/USDT,pullback_rsi,2023-06-28 12:00,6.006,2023-06-29 12:00,6.122,signal,131.55,1.59627924000,13.66352076000,0.017294,24.00,tb-pullback_rs-LINKUSDT-1687939200-B,tb-pullback_rs-LINKUSDT-1688025600-S
LTC/USDT,pullback_rsi,2023-06-28 12:00,85.87,2023-06-29 12:00,85.40,signal,9.646,1.6529291200,-6.1865491200,-0.007469,24.00,tb-pullback_rsi-LTCUSDT-1687939200-B,tb-pullback_rsi-LTCUSDT-1688025600-S
SOL/USDT,pullback_rsi,2023-07-04 12:00,19.27,2023-07-04 16:00,19.80,signal,37.988,1.4849426900,18.6486973100,0.025475,4.00,tb-pullback_rsi-SOLUSDT-1688457600-B,tb-pullback_rsi-SOLUSDT-1688472000-S
LINK/USDT,pullback_rsi,2023-07-04 12:00,6.541,2023-07-05 04:00,6.539,signal,133.57,1.74801134000,-2.01515134000,-0.002307,16.00,tb-pullback_rs-LINKUSDT-1688457600-B,tb-pullback_rs-LINKUSDT-1688515200-S
LTC/USDT,pullback_rsi,2023-07-03 16:00,109.63,2023-07-05 15:59,99.02,stop,4.411,0.9209033000,-47.7216133000,-0.098684,48.00,tb-pullback_rsi-LTCUSDT-1688385600-B,tb-pullback_rsi-LTCUSDT-1688558400-X
LTC/USDT,pullback_rsi,2023-07-05 20:00,100.73,2023-07-06 00:00,102.39,signal,5.207,1.0582502200,7.5853697800,0.014462,4.00,tb-pullback_rsi-LTCUSDT-1688572800-B,tb-pullback_rsi-LTCUSDT-1688587200-S
BTC/USDT,pullback_rsi,2023-07-05 20:00,30492.82,2023-07-06 08:00,30741.59,signal,0.05696,3.4897415664,10.6801976336,0.006149,12.00,tb-pullback_rsi-BTCUSDT-1688572800-B,tb-pullback_rsi-BTCUSDT-1688616000-S
ETH/USDT,pullback_rsi,2023-07-05 20:00,1911.53,2023-07-06 08:00,1921.23,signal,0.8775,3.3649672820,5.1467827180,0.003068,12.00,tb-pullback_rsi-ETHUSDT-1688572800-B,tb-pullback_rsi-ETHUSDT-1688616000-S
BTC/USDT,pullback_rsi,2023-07-07 04:00,30195.69,2023-07-07 16:00,30330.04,signal,0.04759,2.8819292716,3.5117872284,0.002444,12.00,tb-pullback_rsi-BTCUSDT-1688688000-B,tb-pullback_rsi-BTCUSDT-1688731200-S
LINK/USDT,pullback_rsi,2023-07-07 04:00,6.166,2023-07-07 16:00,6.199,signal,132.30,1.63675274000,2.72914726000,0.003346,12.00,tb-pullback_rs-LINKUSDT-1688688000-B,tb-pullback_rs-LINKUSDT-1688731200-S
LTC/USDT,pullback_rsi,2023-07-07 04:00,97.40,2023-07-07 16:00,97.51,signal,5.159,1.0061250900,-0.4386350900,-0.000873,12.00,tb-pullback_rsi-LTCUSDT-1688688000-B,tb-pullback_rsi-LTCUSDT-1688731200-S
BTC/USDT,pullback_rsi,2023-07-09 00:00,30345.20,2023-07-09 04:00,30227.41,signal,0.06126,3.7128022560,-10.9286176560,-0.005879,4.00,tb-pullback_rsi-BTCUSDT-1688846400-B,tb-pullback_rsi-BTCUSDT-1688860800-S
ETH/USDT,pullback_rsi,2023-07-09 00:00,1868.98,2023-07-09 04:00,1864.11,signal,0.9317,3.4799889360,-8.0173679360,-0.004604,4.00,tb-pullback_rsi-ETHUSDT-1688846400-B,tb-pullback_rsi-ETHUSDT-1688860800-S
ETH/USDT,pullback_rsi,2023-07-10 12:00,1867.72,2023-07-10 16:00,1867.34,signal,1.0388,3.8820348180,-4.2767788180,-0.002204,4.00,tb-pullback_rsi-ETHUSDT-1688976000-B,tb-pullback_rsi-ETHUSDT-1688990400-S
LTC/USDT,pullback_rsi,2023-07-10 12:00,95.21,2023-07-10 16:00,95.02,signal,8.475,1.6130561400,-3.2233061400,-0.003995,4.00,tb-pullback_rsi-LTCUSDT-1688976000-B,tb-pullback_rsi-LTCUSDT-1688990400-S
SOL/USDT,pullback_rsi,2023-07-10 12:00,20.85,2023-07-10 16:00,21.11,signal,28.389,1.1918070900,6.1893329100,0.010457,4.00,tb-pullback_rsi-SOLUSDT-1688976000-B,tb-pullback_rsi-SOLUSDT-1688990400-S
LTC/USDT,pullback_rsi,2023-07-13 00:00,96.41,2023-07-13 08:00,100.09,signal,10.133,1.9921950100,35.2972449900,0.036131,8.00,tb-pullback_rsi-LTCUSDT-1689192000-B,tb-pullback_rsi-LTCUSDT-1689220800-S
BTC/USDT,pullback_rsi,2023-07-13 00:00,30440.76,2023-07-13 12:00,30482.90,signal,0.06395,3.8981989152,-1.2033459152,-0.000618,12.00,tb-pullback_rsi-BTCUSDT-1689192000-B,tb-pullback_rsi-BTCUSDT-1689235200-S
ETH/USDT,pullback_rsi,2023-07-13 00:00,1875.57,2023-07-13 12:00,1879.95,signal,0.8310,3.1225251330,0.5172548670,0.000332,12.00,tb-pullback_rsi-ETHUSDT-1689192000-B,tb-pullback_rsi-ETHUSDT-1689235200-S
ADA/USDT,pullback_rsi,2023-07-15 00:00,0.3285,2023-07-15 08:00,0.3340,signal,1432.2,0.949325250000,6.927774750000,0.014725,8.00,tb-pullback_rsi-ADAUSDT-1689364800-B,tb-pullback_rsi-ADAUSDT-1689393600-S
BTC/USDT,pullback_rsi,2023-07-15 00:00,30372.63,2023-07-16 12:00,30245.39,signal,0.04308,2.6129429319,-8.0944421319,-0.006186,36.00,tb-pullback_rsi-BTCUSDT-1689364800-B,tb-pullback_rsi-BTCUSDT-1689494400-S
LTC/USDT,pullback_rsi,2023-07-15 00:00,95.32,2023-07-17 00:00,92.70,signal,6.535,1.2293779400,-18.3510779400,-0.029460,48.00,tb-pullback_rsi-LTCUSDT-1689364800-B,tb-pullback_rsi-LTCUSDT-1689537600-S
LINK/USDT,pullback_rsi,2023-07-17 04:00,6.720,2023-07-17 20:00,6.881,signal,127.56,1.73581716000,18.80134284000,0.021933,16.00,tb-pullback_rs-LINKUSDT-1689552000-B,tb-pullback_rs-LINKUSDT-1689609600-S
ADA/USDT,pullback_rsi,2023-07-16 08:00,0.3215,2023-07-18 08:00,0.3056,signal,1853.6,1.163003410000,-30.635243410000,-0.051407,48.00,tb-pullback_rsi-ADAUSDT-1689480000-B,tb-pullback_rsi-ADAUSDT-1689652800-S
ADA/USDT,pullback_rsi,2023-07-18 16:00,0.3054,2023-07-19 00:00,0.3087,signal,2280.6,1.401218880000,6.124761120000,0.008794,8.00,tb-pullback_rsi-ADAUSDT-1689681600-B,tb-pullback_rsi-ADAUSDT-1689710400-S
BTC/USDT,pullback_rsi,2023-07-18 00:00,30198.29,2023-07-19 04:00,29998.98,signal,0.05861,3.5299738943,-15.2115329943,-0.008594,28.00,tb-pullback_rsi-BTCUSDT-1689624000-B,tb-pullback_rsi-BTCUSDT-1689724800-S
ETH/USDT,pullback_rsi,2023-07-18 00:00,1915.04,2023-07-19 04:00,1908.65,signal,0.7916,3.0283650360,-8.0866890360,-0.005334,28.00,tb-pullback_rsi-ETHUSDT-1689624000-B,tb-pullback_rsi-ETHUSDT-1689724800-S
XRP/USDT,pullback_rsi,2023-07-20 20:00,0.7946,2023-07-21 20:00,0.7824,signal,599.0,0.945099760000,-8.252899760000,-0.017339,24.00,tb-pullback_rsi-XRPUSDT-1689868800-B,tb-pullback_rsi-XRPUSDT-1689955200-S
ADA/USDT,pullback_rsi,2023-07-21 04:00,0.3177,2023-07-22 16:00,0.3130,signal,2271.3,1.433239620000,-12.108349620000,-0.016780,36.00,tb-pullback_rsi-ADAUSDT-1689897600-B,tb-pullback_rsi-ADAUSDT-1690027200-S
BNB/USDT,pullback_rsi,2023-10-18 04:00,212.83,2023-10-18 08:00,212.17,signal,8.958,3.8090654700,-9.7213454700,-0.005099,4.00,tb-pullback_rsi-BNBUSDT-1697587200-B,tb-pullback_rsi-BNBUSDT-1697601600-S
LINK/USDT,pullback_rsi,2023-10-18 04:00,7.359,2023-10-18 12:00,7.425,signal,157.64,2.33172720000,8.07251280000,0.006959,8.00,tb-pullback_rs-LINKUSDT-1697587200-B,tb-pullback_rs-LINKUSDT-1697616000-S
SOL/USDT,pullback_rsi,2023-10-18 20:00,23.75,2023-10-19 08:00,23.81,signal,43.134,2.0524980400,0.5355419600,0.000523,12.00,tb-pullback_rsi-SOLUSDT-1697644800-B,tb-pullback_rsi-SOLUSDT-1697688000-S
BTC/USDT,pullback_rsi,2023-10-19 00:00,28376.64,2023-10-19 12:00,28393.79,signal,0.05940,3.3738661444,-2.3551561444,-0.001397,12.00,tb-pullback_rsi-BTCUSDT-1697659200-B,tb-pullback_rsi-BTCUSDT-1697702400-S
LINK/USDT,pullback_rsi,2023-10-19 08:00,7.364,2023-10-19 16:00,7.347,signal,170.30,2.50660882000,-5.40170882000,-0.004307,8.00,tb-pullback_rs-LINKUSDT-1697688000-B,tb-pullback_rs-LINKUSDT-1697716800-S
XRP/USDT,pullback_rsi,2023-10-22 16:00,0.5195,2023-10-22 20:00,0.5192,signal,2482.7,2.580079240000,-3.324889240000,-0.002578,4.00,tb-pullback_rsi-XRPUSDT-1697976000-B,tb-pullback_rsi-XRPUSDT-1697990400-S
XRP/USDT,pullback_rsi,2023-10-25 12:00,0.5530,2023-10-25 16:00,0.5574,signal,1481.3,1.645665020000,4.872054980000,0.005948,4.00,tb-pullback_rsi-XRPUSDT-1698220800-B,tb-pullback_rsi-XRPUSDT-1698235200-S
LINK/USDT,pullback_rsi,2023-10-26 20:00,10.726,2023-10-27 00:00,10.905,signal,34.81,0.75340415000,5.47758585000,0.014671,4.00,tb-pullback_rs-LINKUSDT-1698336000-B,tb-pullback_rs-LINKUSDT-1698350400-S
SOL/USDT,pullback_rsi,2023-10-26 20:00,31.61,2023-10-27 00:00,32.71,signal,15.390,0.9903905600,15.9386094400,0.032763,4.00,tb-pullback_rsi-SOLUSDT-1698336000-B,tb-pullback_rsi-SOLUSDT-1698350400-S
XRP/USDT,pullback_rsi,2023-10-26 20:00,0.5522,2023-10-27 16:00,0.5535,signal,1567.1,1.733625990000,0.303604010000,0.000351,20.00,tb-pullback_rsi-XRPUSDT-1698336000-B,tb-pullback_rsi-XRPUSDT-1698408000-S
BTC/USDT,pullback_rsi,2023-10-28 00:00,33959.80,2023-10-28 04:00,33991.87,signal,0.03574,2.4299510740,-1.2837692740,-0.001058,4.00,tb-pullback_rsi-BTCUSDT-1698436800-B,tb-pullback_rsi-BTCUSDT-1698451200-S
SOL/USDT,pullback_rsi,2023-10-29 00:00,31.69,2023-10-29 08:00,32.22,signal,20.086,1.2843617500,9.3612182500,0.014707,8.00,tb-pullback_rsi-SOLUSDT-1698523200-B,tb-pullback_rsi-SOLUSDT-1698552000-S
XRP/USDT,pullback_rsi,2023-10-29 08:00,0.5481,2023-10-29 12:00,0.5541,signal,2397.9,2.644335630000,11.743064370000,0.008935,4.00,tb-pullback_rsi-XRPUSDT-1698552000-B,tb-pullback_rsi-XRPUSDT-1698566400-S
LINK/USDT,pullback_rsi,2023-10-29 08:00,11.038,2023-10-29 16:00,11.034,signal,46.00,1.01586390000,-1.19986390000,-0.002363,8.00,tb-pullback_rs-LINKUSDT-1698552000-B,tb-pullback_rs-LINKUSDT-1698580800-S
BNB/USDT,pullback_rsi,2023-10-31 12:00,228.56,2023-11-01 20:00,226.14,signal,7.633,3.4725535800,-21.9444135800,-0.012578,32.00,tb-pullback_rsi-BNBUSDT-1698739200-B,tb-pullback_rsi-BNBUSDT-1698854400-S
LINK/USDT,pullback_rsi,2023-11-01 20:00,11.264,2023-11-02 00:00,11.615,signal,47.45,1.08617175000,15.56877825000,0.029129,4.00,tb-pullback_rs-LINKUSDT-1698854400-B,tb-pullback_rs-LINKUSDT-1698868800-S
LTC/USDT,pullback_rsi,2023-11-01 20:00,68.56,2023-11-02 00:00,69.83,signal,14.529,2.0116967100,16.4401332900,0.016504,4.00,tb-pullback_rsi-LTCUSDT-1698854400-B,tb-pullback_rsi-LTCUSDT-1698868800-S
ETH/USDT,pullback_rsi,2023-11-02 20:00,1816.00,2023-11-03 16:00,1809.37,signal,0.7170,2.6008430900,-7.3545530900,-0.005648,20.00,tb-pullback_rsi-ETHUSDT-1698940800-B,tb-pullback_rsi-ETHUSDT-1699012800-S
BNB/USDT,pullback_rsi,2023-11-03 16:00,229.96,2023-11-04 00:00,229.83,signal,5.806,2.6709205000,-3.4257005000,-0.002566,8.00,tb-pullback_rsi-BNBUSDT-1699012800-B,tb-pullback_rsi-BNBUSDT-1699041600-S
BTC/USDT,pullback_rsi,2023-11-03 16:00,34833.24,2023-11-04 08:00,34698.45,signal,0.03911,2.7207777260,-7.9924146260,-0.005867,16.00,tb-pullback_rsi-BTCUSDT-1699012800-B,tb-pullback_rsi-BTCUSDT-1699070400-S
SOL/USDT,pullback_rsi,2023-11-05 20:00,40.84,2023-11-07 00:00,42.07,signal,13.159,1.0915844500,15.0939855500,0.028086,28.00,tb-pullback_rsi-SOLUSDT-1699200000-B,tb-pullback_rsi-SOLUSDT-1699300800-S
BTC/USDT,pullback_rsi,2023-11-07 16:00,34790.68,2023-11-07 20:00,35383.07,signal,0.05500,3.8616436908,28.7198063092,0.015009,4.00,tb-pullback_rsi-BTCUSDT-1699358400-B,tb-pullback_rsi-BTCUSDT-1699372800-S
ETH/USDT,pullback_rsi,2023-11-07 20:00,1898.01,2023-11-08 16:00,1885.34,signal,0.7499,2.8386525770,-12.3398855770,-0.008670,20.00,tb-pullback_rsi-ETHUSDT-1699372800-B,tb-pullback_rsi-ETHUSDT-1699444800-S
BNB/USDT,pullback_rsi,2023-11-07 20:00,248.30,2023-11-08 20:00,246.60,signal,4.634,2.2946081000,-10.1724081000,-0.008841,24.00,tb-pullback_rsi-BNBUSDT-1699372800-B,tb-pullback_rsi-BNBUSDT-1699459200-S
LTC/USDT,pullback_rsi,2023-11-10 00:00,74.00,2023-11-11 00:00,73.12,signal,10.250,1.5087940000,-10.5287940000,-0.013881,24.00,tb-pullback_rsi-LTCUSDT-1699560000-B,tb-pullback_rsi-LTCUSDT-1699646400-S
XRP/USDT,pullback_rsi,2023-11-10 00:00,0.6681,2023-11-11 12:00,0.6660,signal,860.1,1.148060700000,-2.954270700000,-0.005141,36.00,tb-pullback_rsi-XRPUSDT-1699560000-B,tb-pullback_rsi-XRPUSDT-1699689600-S
ETH/USDT,pullback_rsi,2023-11-11 08:00,2059.05,2023-11-11 16:00,2063.86,signal,0.5350,2.2069922800,0.3663577200,0.000333,8.00,tb-pullback_rsi-ETHUSDT-1699675200-B,tb-pullback_rsi-ETHUSDT-1699704000-S
BNB/USDT,pullback_rsi,2023-11-13 08:00,246.20,2023-11-13 16:00,246.60,signal,4.971,2.4509398000,-0.4625398000,-0.000378,8.00,tb-pullback_rsi-BNBUSDT-1699848000-B,tb-pullback_rsi-BNBUSDT-1699876800-S
XRP/USDT,pullback_rsi,2023-11-13 08:00,0.6576,2023-11-14 00:00,0.6687,signal,1237.7,1.642416390000,12.096053610000,0.014862,16.00,tb-pullback_rsi-XRPUSDT-1699848000-B,tb-pullback_rsi-XRPUSDT-1699905600-S
BTC/USDT,pullback_rsi,2023-11-13 08:00,37034.21,2023-11-14 15:59,35979.81,stop,0.05099,3.7252069305,-57.4890629305,-0.030444,32.00,tb-pullback_rsi-BTCUSDT-1699848000-B,tb-pullback_rsi-BTCUSDT-1699963200-X
SOL/USDT,pullback_rsi,2023-11-14 04:00,54.14,2023-11-14 16:00,56.10,signal,5.642,0.6222989200,10.4360210800,0.034165,12.00,tb-pullback_rsi-SOLUSDT-1699920000-B,tb-pullback_rsi-SOLUSDT-1699963200-S
LINK/USDT,pullback_rsi,2023-11-14 04:00,14.668,2023-11-15 08:00,14.569,signal,28.58,0.83603350000,-3.66545350000,-0.008744,28.00,tb-pullback_rs-LINKUSDT-1699920000-B,tb-pullback_rs-LINKUSDT-1700020800-S
BTC/USDT,pullback_rsi,2023-11-15 00:00,35622.31,2023-11-15 12:00,36168.46,signal,0.03901,2.8019828255,18.5033286745,0.013315,12.00,tb-pullback_rsi-BTCUSDT-1699992000-B,tb-pullback_rsi-BTCUSDT-1700035200-S
XRP/USDT,pullback_rsi,2023-11-15 00:00,0.6309,2023-11-15 12:00,0.6389,signal,871.4,1.107071530000,5.864128470000,0.010667,12.00,tb-pullback_rsi-XRPUSDT-1699992000-B,tb-pullback_rsi-XRPUSDT-1700035200-S
BTC/USDT,pullback_rsi,2023-11-17 00:00,36235.84,2023-11-18 00:00,36540.68,signal,0.03210,2.3375757276,7.4477882724,0.006403,24.00,tb-pullback_rsi-BTCUSDT-1700164800-B,tb-pullback_rsi-BTCUSDT-1700251200-S
SOL/USDT,pullback_rsi,2023-11-16 20:00,62.47,2023-11-18 00:00,58.40,signal,5.660,0.6844990200,-23.7206990200,-0.067087,28.00,tb-pullback_rsi-SOLUSDT-1700150400-B,tb-pullback_rsi-SOLUSDT-1700251200-S
ADA/USDT,pullback_rsi,2023-11-17 00:00,0.3715,2023-11-18 16:00,0.3660,signal,1501.8,1.108171900000,-9.368071900000,-0.016791,40.00,tb-pullback_rsi-ADAUSDT-1700164800-B,tb-pullback_rsi-ADAUSDT-1700308800-S
BNB/USDT,pullback_rsi,2023-11-19 16:00,244.09,2023-11-19 20:00,245.30,signal,5.798,2.8389477600,4.1766322400,0.002951,4.00,tb-pullback_rsi-BNBUSDT-1700395200-B,tb-pullback_rsi-BNBUSDT-1700409600-S
XRP/USDT,pullback_rsi,2023-11-21 04:00,0.6149,2023-11-21 19:59,0.5840,stop,1683.1,2.018913920000,-54.026703920000,-0.052203,16.00,tb-pullback_rsi-XRPUSDT-1700524800-B,tb-pullback_rsi-XRPUSDT-1700582400-X
ETH/USDT,pullback_rsi,2023-11-22 04:00,1982.27,2023-11-22 08:00,1989.74,signal,0.5198,2.0658401580,1.8170658420,0.001763,4.00,tb-pullback_rsi-ETHUSDT-1700611200-B,tb-pullback_rsi-ETHUSDT-1700625600-S
LINK/USDT,pullback_rsi,2023-11-21 12:00,14.206,2023-11-22 08:00,14.102,signal,42.87,1.21427426000,-5.67275426000,-0.009315,20.00,tb-pullback_rs-LINKUSDT-1700553600-B,tb-pullback_rs-LINKUSDT-1700625600-S
SOL/USDT,pullback_rsi,2023-11-21 12:00,56.40,2023-11-22 16:00,54.83,signal,8.613,0.9585315900,-14.4809415900,-0.029810,28.00,tb-pullback_rsi-SOLUSDT-1700553600-B,tb-pullback_rsi-SOLUSDT-1700654400-S
SOL/USDT,pullback_rsi,2023-11-26 20:00,57.32,2023-11-27 19:59,53.47,stop,13.264,1.4703210400,-52.5367210400,-0.069101,24.00,tb-pullback_rsi-SOLUSDT-1701014400-B,tb-pullback_rsi-SOLUSDT-1701100800-X
BTC/USDT,pullback_rsi,2023-11-27 00:00,37522.32,2023-11-28 00:00,37168.21,signal,0.05113,3.8211781408,-21.9268224408,-0.011429,24.00,tb-pullback_rsi-BTCUSDT-1701028800-B,tb-pullback_rsi-BTCUSDT-1701115200-S
LTC/USDT,pullback_rsi,2023-11-27 00:00,70.18,2023-11-28 00:00,69.08,signal,21.008,2.9271180400,-26.0359180400,-0.017659,24.00,tb-pullback_rsi-LTCUSDT-1701028800-B,tb-pullback_rsi-LTCUSDT-1701115200-S
SOL/USDT,pullback_rsi,2023-11-27 20:00,54.23,2023-11-28 08:00,54.96,signal,12.589,1.3752979000,7.8146721000,0.011447,12.00,tb-pullback_rsi-SOLUSDT-1701100800-B,tb-pullback_rsi-SOLUSDT-1701144000-S
ETH/USDT,pullback_rsi,2023-11-29 20:00,2042.97,2023-11-30 12:00,2041.37,signal,0.7071,2.8896711930,-4.0210311930,-0.002784,16.00,tb-pullback_rsi-ETHUSDT-1701273600-B,tb-pullback_rsi-ETHUSDT-1701331200-S
ADA/USDT,pullback_rsi,2023-11-29 20:00,0.3864,2023-12-01 04:00,0.3784,signal,2729.3,2.088450560000,-23.922850560000,-0.022684,32.00,tb-pullback_rsi-ADAUSDT-1701273600-B,tb-pullback_rsi-ADAUSDT-1701388800-S
ADA/USDT,pullback_rsi,2023-12-04 00:00,0.3956,2023-12-04 04:00,0.4021,signal,3531.0,2.818102860000,20.133397140000,0.014413,4.00,tb-pullback_rsi-ADAUSDT-1701633600-B,tb-pullback_rsi-ADAUSDT-1701648000-S
SOL/USDT,pullback_rsi,2023-12-04 20:00,61.16,2023-12-05 16:00,60.82,signal,11.607,1.4165557800,-5.3629357800,-0.007555,20.00,tb-pullback_rsi-SOLUSDT-1701705600-B,tb-pullback_rsi-SOLUSDT-1701777600-S
BTC/USDT,pullback_rsi,2023-12-07 16:00,43747.31,2023-12-08 12:00,43566.51,signal,0.03057,2.6709333691,-8.1979893691,-0.006130,20.00,tb-pullback_rsi-BTCUSDT-1701950400-B,tb-pullback_rsi-BTCUSDT-1702022400-S
LINK/USDT,pullback_rsi,2023-12-10 04:00,16.399,2023-12-11 00:00,16.335,signal,39.17,1.28284674000,-3.78972674000,-0.005900,20.00,tb-pullback_rs-LINKUSDT-1702166400-B,tb-pullback_rs-LINKUSDT-1702238400-S
BNB/USDT,pullback_rsi,2023-12-10 04:00,241.09,2023-12-11 03:59,231.28,stop,5.240,2.4766653400,-53.8810653400,-0.042651,24.00,tb-pullback_rsi-BNBUSDT-1702166400-B,tb-pullback_rsi-BNBUSDT-1702252800-X
XRP/USDT,pullback_rsi,2023-12-10 04:00,0.6669,2023-12-11 03:59,0.6275,stop,1287.5,1.667406970000,-52.394906970000,-0.061021,24.00,tb-pullback_rsi-XRPUSDT-1702166400-B,tb-pullback_rsi-XRPUSDT-1702252800-X
BTC/USDT,pullback_rsi,2023-12-11 12:00,42428.70,2023-12-11 19:59,40759.14,stop,0.03049,2.5380943910,-53.4429787910,-0.041312,8.00,tb-pullback_rsi-BTCUSDT-1702281600-B,tb-pullback_rsi-BTCUSDT-1702310400-X
ADA/USDT,pullback_rsi,2023-12-12 00:00,0.5519,2023-12-12 04:00,0.5613,signal,685.2,0.763150970000,5.677729030000,0.015014,4.00,tb-pullback_rsi-ADAUSDT-1702324800-B,tb-pullback_rsi-ADAUSDT-1702339200-S
XRP/USDT,pullback_rsi,2023-12-11 12:00,0.6279,2023-12-12 04:00,0.6223,signal,1145.4,1.432732560000,-7.846972560000,-0.010911,16.00,tb-pullback_rsi-XRPUSDT-1702281600-B,tb-pullback_rsi-XRPUSDT-1702339200-S
ETH/USDT,pullback_rsi,2023-12-11 12:00,2254.18,2023-12-13 03:59,2149.16,stop,0.4808,2.1182529640,-52.6118689640,-0.048543,40.00,tb-pullback_rsi-ETHUSDT-1702281600-B,tb-pullback_rsi-ETHUSDT-1702425600-X
LTC/USDT,pullback_rsi,2023-12-13 00:00,72.53,2023-12-13 16:00,72.35,signal,11.742,1.7020513200,-3.8156113200,-0.004480,16.00,tb-pullback_rsi-LTCUSDT-1702411200-B,tb-pullback_rsi-LTCUSDT-1702468800-S
SOL/USDT,pullback_rsi,2023-12-13 00:00,68.74,2023-12-13 16:00,67.43,signal,6.787,0.9246669700,-9.8156369700,-0.021039,16.00,tb-pullback_rsi-SOLUSDT-1702411200-B,tb-pullback_rsi-SOLUSDT-1702468800-S
XRP/USDT,pullback_rsi,2023-12-15 20:00,0.6245,2023-12-16 12:00,0.6224,signal,1543.1,1.925090590000,-5.165600590000,-0.005360,16.00,tb-pullback_rsi-XRPUSDT-1702656000-B,tb-pullback_rsi-XRPUSDT-1702713600-S
BTC/USDT,pullback_rsi,2023-12-15 20:00,42180.28,2023-12-16 16:00,42518.78,signal,0.02671,2.2635772972,6.7777577028,0.006016,20.00,tb-pullback_rsi-BTCUSDT-1702656000-B,tb-pullback_rsi-BTCUSDT-1702728000-S
ETH/USDT,pullback_rsi,2023-12-15 20:00,2246.71,2023-12-16 16:00,2252.23,signal,0.4835,2.1763608500,0.4925591500,0.000453,20.00,tb-pullback_rsi-ETHUSDT-1702656000-B,tb-pullback_rsi-ETHUSDT-1702728000-S
BTC/USDT,pullback_rsi,2023-12-17 12:00,42044.00,2023-12-17 20:00,42021.69,signal,0.03581,3.0120741200,-3.8109952200,-0.002531,8.00,tb-pullback_rsi-BTCUSDT-1702800000-B,tb-pullback_rsi-BTCUSDT-1702828800-S
ETH/USDT,pullback_rsi,2023-12-17 12:00,2220.42,2023-12-17 20:00,2230.04,signal,0.5966,2.6564766840,3.0828153160,0.002327,8.00,tb-pullback_rsi-ETHUSDT-1702800000-B,tb-pullback_rsi-ETHUSDT-1702828800-S
BNB/USDT,pullback_rsi,2023-12-17 12:00,241.99,2023-12-18 11:59,232.80,stop,5.484,2.6052003000,-53.0031603000,-0.039940,24.00,tb-pullback_rsi-BNBUSDT-1702800000-B,tb-pullback_rsi-BNBUSDT-1702886400-X
SOL/USDT,pullback_rsi,2023-12-18 12:00,69.16,2023-12-18 16:00,70.58,signal,7.142,0.9985763600,9.1430636400,0.018510,4.00,tb-pullback_rsi-SOLUSDT-1702886400-B,tb-pullback_rsi-SOLUSDT-1702900800-S
ADA/USDT,pullback_rsi,2023-12-18 16:00,0.5680,2023-12-18 20:00,0.5769,signal,886.8,1.015808520000,6.876711480000,0.013652,4.00,tb-pullback_rsi-ADAUSDT-1702900800-B,tb-pullback_rsi-ADAUSDT-1702915200-S
ETH/USDT,pullback_rsi,2023-12-18 16:00,2159.52,2023-12-18 20:00,2170.46,signal,0.5309,2.3000820900,3.5079639100,0.003060,4.00,tb-pullback_rsi-ETHUSDT-1702900800-B,tb-pullback_rsi-ETHUSDT-1702915200-S
ADA/USDT,pullback_rsi,2023-12-20 04:00,0.5800,2023-12-20 08:00,0.5906,signal,976.3,1.143436780000,9.205343220000,0.016257,4.00,tb-pullback_rsi-ADAUSDT-1703030400-B,tb-pullback_rsi-ADAUSDT-1703044800-S
ETH/USDT,pullback_rsi,2023-12-20 00:00,2182.26,2023-12-20 08:00,2212.32,signal,0.5029,2.2113436400,12.9058303600,0.011760,8.00,tb-pullback_rsi-ETHUSDT-1703016000-B,tb-pullback_rsi-ETHUSDT-1703044800-S
BNB/USDT,pullback_rsi,2023-12-25 04:00,265.23,2023-12-25 16:00,266.56,signal,4.648,2.4730860700,3.7087539300,0.003008,12.00,tb-pullback_rsi-BNBUSDT-1703462400-B,tb-pullback_rsi-BNBUSDT-1703505600-S
BTC/USDT,pullback_rsi,2023-12-25 04:00,43239.09,2023-12-25 16:00,43530.77,signal,0.04060,3.5250182685,8.3171897315,0.004738,12.00,tb-pullback_rsi-BTCUSDT-1703462400-B,tb-pullback_rsi-BTCUSDT-1703505600-S
ETH/USDT,pullback_rsi,2023-12-25 04:00,2280.66,2023-12-25 16:00,2281.90,signal,0.5635,2.5723709560,-1.8736309560,-0.001458,12.00,tb-pullback_rsi-ETHUSDT-1703462400-B,tb-pullback_rsi-ETHUSDT-1703505600-S
BTC/USDT,pullback_rsi,2023-12-27 00:00,42593.95,2023-12-27 12:00,42933.07,signal,0.03733,3.1944274115,9.4649221885,0.005953,12.00,tb-pullback_rsi-BTCUSDT-1703620800-B,tb-pullback_rsi-BTCUSDT-1703664000-S
ETH/USDT,pullback_rsi,2023-12-27 00:00,2235.35,2023-12-27 12:00,2281.34,signal,0.6077,2.7463572600,25.2017657400,0.018552,12.00,tb-pullback_rsi-ETHUSDT-1703620800-B,tb-pullback_rsi-ETHUSDT-1703664000-S
SOL/USDT,pullback_rsi,2023-12-26 12:00,115.04,2023-12-27 12:00,112.55,signal,3.238,0.7373965800,-8.8000165800,-0.023624,24.00,tb-pullback_rsi-SOLUSDT-1703577600-B,tb-pullback_rsi-SOLUSDT-1703664000-S
SOL/USDT,pullback_rsi,2023-12-28 20:00,101.31,2023-12-29 04:00,104.70,signal,3.371,0.6948649500,10.7328250500,0.031427,8.00,tb-pullback_rsi-SOLUSDT-1703779200-B,tb-pullback_rsi-SOLUSDT-1703808000-S
BTC/USDT,pullback_rsi,2023-12-28 20:00,42695.87,2023-12-29 12:00,42776.27,signal,0.03655,3.1257145533,-0.1870945533,-0.000120,16.00,tb-pullback_rsi-BTCUSDT-1703779200-B,tb-pullback_rsi-BTCUSDT-1703836800-S
BNB/USDT,pullback_rsi,2023-12-29 12:00,318.54,2023-12-30 08:00,317.66,signal,2.081,1.3248878200,-3.1561678200,-0.004761,20.00,tb-pullback_rsi-BNBUSDT-1703836800-B,tb-pullback_rsi-BNBUSDT-1703908800-S
SOL/USDT,pullback_rsi,2023-12-30 16:00,104.48,2023-12-31 08:00,103.77,signal,3.997,0.8328976500,-3.6707676500,-0.008790,16.00,tb-pullback_rsi-SOLUSDT-1703937600-B,tb-pullback_rsi-SOLUSDT-1703995200-S
LINK/USDT,pullback_rsi,2023-12-30 08:00,15.336,2023-12-31 12:00,15.303,signal,36.37,1.11495387000,-2.31516387000,-0.004151,28.00,tb-pullback_rs-LINKUSDT-1703908800-B,tb-pullback_rs-LINKUSDT-1704009600-S
LTC/USDT,pullback_rsi,2023-12-30 08:00,74.08,2023-12-31 12:00,73.76,signal,11.247,1.6636454400,-5.2626854400,-0.006316,28.00,tb-pullback_rsi-LTCUSDT-1703908800-B,tb-pullback_rsi-LTCUSDT-1704009600-S
ADA/USDT,pullback_rsi,2024-01-01 04:00,0.5967,2024-01-01 12:00,0.6018,signal,1298.9,1.557567030000,5.066822970000,0.006537,8.00,tb-pullback_rsi-ADAUSDT-1704067200-B,tb-pullback_rsi-ADAUSDT-1704096000-S
LINK/USDT,pullback_rsi,2024-01-01 08:00,15.250,2024-01-01 12:00,15.268,signal,46.47,1.41893396000,-0.58247396000,-0.000822,4.00,tb-pullback_rs-LINKUSDT-1704081600-B,tb-pullback_rs-LINKUSDT-1704096000-S
BNB/USDT,pullback_rsi,2024-01-01 08:00,311.23,2024-01-01 16:00,311.87,signal,2.847,1.7748993900,0.0471806100,0.000053,8.00,tb-pullback_rsi-BNBUSDT-1704081600-B,tb-pullback_rsi-BNBUSDT-1704110400-S
ADA/USDT,pullback_rsi,2024-01-03 04:00,0.6104,2024-01-03 15:59,0.5758,stop,1436.9,1.705366380000,-51.422106380000,-0.058629,12.00,tb-pullback_rsi-ADAUSDT-1704240000-B,tb-pullback_rsi-ADAUSDT-1704283200-X
LTC/USDT,pullback_rsi,2024-01-03 04:00,73.28,2024-01-03 15:59,70.32,stop,17.056,2.4505606400,-52.9363206400,-0.042354,12.00,tb-pullback_rsi-LTCUSDT-1704240000-B,tb-pullback_rsi-LTCUSDT-1704283200-X
LINK/USDT,pullback_rsi,2024-01-03 04:00,15.325,2024-01-03 15:59,14.382,stop,52.47,1.55964579000,-51.03885579000,-0.063473,12.00,tb-pullback_rs-LINKUSDT-1704240000-B,tb-pullback_rs-LINKUSDT-1704283200-X
BTC/USDT,pullback_rsi,2024-01-04 00:00,42930.93,2024-01-04 16:00,43962.99,signal,0.02148,1.8677693343,20.3008794657,0.022015,16.00,tb-pullback_rsi-BTCUSDT-1704312000-B,tb-pullback_rsi-BTCUSDT-1704369600-S
SOL/USDT,pullback_rsi,2024-01-04 00:00,98.72,2024-01-04 16:00,103.45,signal,3.699,0.7482217100,16.7480482900,0.045864,16.00,tb-pullback_rsi-SOLUSDT-1704312000-B,tb-pullback_rsi-SOLUSDT-1704369600-S
BNB/USDT,pullback_rsi,2024-01-06 12:00,307.62,2024-01-07 08:00,308.38,signal,2.497,1.5390748600,0.3586451400,0.000467,20.00,tb-pullback_rsi-BNBUSDT-1704528000-B,tb-pullback_rsi-BNBUSDT-1704600000-S
SOL/USDT,pullback_rsi,2024-01-06 00:00,100.13,2024-01-07 08:00,95.06,signal,4.187,0.8177611800,-22.0458511800,-0.052585,32.00,tb-pullback_rsi-SOLUSDT-1704484800-B,tb-pullback_rsi-SOLUSDT-1704600000-S
ETH/USDT,pullback_rsi,2024-01-09 20:00,2275.46,2024-01-10 00:00,2339.61,signal,0.4681,2.1614519960,27.8671630040,0.026163,4.00,tb-pullback_rsi-ETHUSDT-1704816000-B,tb-pullback_rsi-ETHUSDT-1704830400-S
BTC/USDT,pullback_rsi,2024-01-10 04:00,46209.34,2024-01-10 20:00,46396.21,signal,0.02002,1.8553493870,1.8857880130,0.002038,16.00,tb-pullback_rsi-BTCUSDT-1704844800-B,tb-pullback_rsi-BTCUSDT-1704902400-S
BNB/USDT,pullback_rsi,2024-01-10 20:00,298.60,2024-01-11 00:00,305.08,signal,3.203,1.9347814400,18.8206585600,0.019678,4.00,tb-pullback_rsi-BNBUSDT-1704902400-B,tb-pullback_rsi-BNBUSDT-1704916800-S
SOL/USDT,pullback_rsi,2024-01-10 20:00,96.50,2024-01-11 00:00,101.78,signal,4.386,0.8701385800,22.2879414200,0.052659,4.00,tb-pullback_rsi-SOLUSDT-1704902400-B,tb-pullback_rsi-SOLUSDT-1704916800-S
BTC/USDT,pullback_rsi,2024-01-12 08:00,46100.21,2024-01-12 19:59,43290.11,stop,0.01747,1.5625708929,-50.6550178929,-0.062897,12.00,tb-pullback_rsi-BTCUSDT-1705032000-B,tb-pullback_rsi-BTCUSDT-1705075200-X
BNB/USDT,pullback_rsi,2024-01-17 12:00,313.63,2024-01-18 08:00,310.97,signal,3.455,2.1592475200,-11.3495475200,-0.010474,20.00,tb-pullback_rsi-BNBUSDT-1705478400-B,tb-pullback_rsi-BNBUSDT-1705550400-S
ETH/USDT,pullback_rsi,2024-01-18 08:00,2544.07,2024-01-18 19:59,2450.04,stop,0.5306,2.6514012040,-52.5437192040,-0.038925,12.00,tb-pullback_rsi-ETHUSDT-1705550400-B,tb-pullback_rsi-ETHUSDT-1705593600-X
LINK/USDT,pullback_rsi,2024-01-18 08:00,15.488,2024-01-18 19:59,14.319,stop,41.46,1.23657262000,-49.70331262000,-0.077404,12.00,tb-pullback_rs-LINKUSDT-1705550400-B,tb-pullback_rs-LINKUSDT-1705593600-X
BNB/USDT,pullback_rsi,2024-01-31 08:00,307.62,2024-01-31 23:59,299.37,stop,6.117,3.7151111700,-54.1803611700,-0.028793,16.00,tb-pullback_rsi-BNBUSDT-1706673600-B,tb-pullback_rsi-BNBUSDT-1706731200-X
SOL/USDT,pullback_rsi,2024-02-03 20:00,98.36,2024-02-05 08:00,97.41,signal,7.535,1.4759138300,-8.6341638300,-0.011650,36.00,tb-pullback_rsi-SOLUSDT-1706976000-B,tb-pullback_rsi-SOLUSDT-1707105600-S
ADA/USDT,pullback_rsi,2024-02-10 16:00,0.5391,2024-02-10 20:00,0.5403,signal,2026.6,2.188644150000,0.243275850000,0.000223,4.00,tb-pullback_rsi-ADAUSDT-1707566400-B,tb-pullback_rsi-ADAUSDT-1707580800-S
BNB/USDT,pullback_rsi,2024-02-10 16:00,321.85,2024-02-11 00:00,322.35,signal,5.967,3.8458725000,-0.8623725000,-0.000449,8.00,tb-pullback_rsi-BNBUSDT-1707566400-B,tb-pullback_rsi-BNBUSDT-1707595200-S
ADA/USDT,pullback_rsi,2024-02-12 00:00,0.5426,2024-02-12 16:00,0.5548,signal,1921.3,2.109519820000,21.330340180000,0.020461,16.00,tb-pullback_rsi-ADAUSDT-1707681600-B,tb-pullback_rsi-ADAUSDT-1707739200-S
ETH/USDT,pullback_rsi,2024-02-12 08:00,2506.71,2024-02-12 16:00,2552.75,signal,0.7239,3.6645484670,29.6638075330,0.016347,8.00,tb-pullback_rsi-ETHUSDT-1707710400-B,tb-pullback_rsi-ETHUSDT-1707739200-S
LTC/USDT,pullback_rsi,2024-02-12 08:00,71.32,2024-02-12 16:00,72.03,signal,22.911,3.2859322100,12.9808777900,0.007944,8.00,tb-pullback_rsi-LTCUSDT-1707710400-B,tb-pullback_rsi-LTCUSDT-1707739200-S
BTC/USDT,pullback_rsi,2024-02-13 20:00,49134.82,2024-02-14 00:00,49600.20,signal,0.02642,2.6100532690,9.6852863310,0.007461,4.00,tb-pullback_rsi-BTCUSDT-1707840000-B,tb-pullback_rsi-BTCUSDT-1707854400-S
LINK/USDT,pullback_rsi,2024-02-14 00:00,19.909,2024-02-14 04:00,20.043,signal,40.96,1.63742937000,3.85121063000,0.004723,4.00,tb-pullback_rs-LINKUSDT-1707854400-B,tb-pullback_rs-LINKUSDT-1707868800-S
SOL/USDT,pullback_rsi,2024-02-16 12:00,112.34,2024-02-17 15:59,105.41,stop,7.490,1.6318462200,-53.5375462200,-0.063627,28.00,tb-pullback_rsi-SOLUSDT-1708070400-B,tb-pullback_rsi-SOLUSDT-1708171200-X
LINK/USDT,pullback_rsi,2024-02-17 00:00,19.595,2024-02-17 16:00,19.568,signal,42.80,1.67715615000,-2.83275615000,-0.003378,16.00,tb-pullback_rs-LINKUSDT-1708113600-B,tb-pullback_rs-LINKUSDT-1708171200-S
ADA/USDT,pullback_rsi,2024-02-17 00:00,0.5999,2024-02-18 00:00,0.6083,signal,1359.3,1.643146120000,9.774973880000,0.011987,24.00,tb-pullback_rsi-ADAUSDT-1708113600-B,tb-pullback_rsi-ADAUSDT-1708200000-S
XRP/USDT,pullback_rsi,2024-02-17 20:00,0.5503,2024-02-18 08:00,0.5537,signal,1814.1,2.003811970000,4.164128030000,0.004171,12.00,tb-pullback_rsi-XRPUSDT-1708185600-B,tb-pullback_rsi-XRPUSDT-1708228800-S
BTC/USDT,pullback_rsi,2024-02-17 20:00,51497.23,2024-02-18 12:00,51728.34,signal,0.02866,2.9599897487,3.6636228513,0.002482,16.00,tb-pullback_rsi-BTCUSDT-1708185600-B,tb-pullback_rsi-BTCUSDT-1708243200-S
BNB/USDT,pullback_rsi,2024-02-19 04:00,353.01,2024-02-19 08:00,353.79,signal,3.381,2.3911028400,0.2460771600,0.000206,4.00,tb-pullback_rsi-BNBUSDT-1708300800-B,tb-pullback_rsi-BNBUSDT-1708315200-S
BTC/USDT,pullback_rsi,2024-02-20 08:00,51942.96,2024-02-20 12:00,52182.22,signal,0.03566,3.7151816420,4.8168299580,0.002600,4.00,tb-pullback_rsi-BTCUSDT-1708401600-B,tb-pullback_rsi-BTCUSDT-1708416000-S
LTC/USDT,pullback_rsi,2024-02-20 08:00,71.07,2024-02-20 15:59,68.70,stop,22.459,3.1407290400,-56.3685590400,-0.035315,8.00,tb-pullback_rsi-LTCUSDT-1708401600-B,tb-pullback_rsi-LTCUSDT-1708430400-X
SOL/USDT,pullback_rsi,2024-02-20 12:00,110.64,2024-02-20 15:59,103.93,stop,7.710,1.6552198200,-53.3893198200,-0.062588,4.00,tb-pullback_rsi-SOLUSDT-1708416000-B,tb-pullback_rsi-SOLUSDT-1708430400-X
LINK/USDT,pullback_rsi,2024-02-20 20:00,19.239,2024-02-21 19:59,18.043,stop,42.76,1.59514027000,-52.73610027000,-0.064104,24.00,tb-pullback_rs-LINKUSDT-1708444800-B,tb-pullback_rs-LINKUSDT-1708531200-X
ADA/USDT,pullback_rsi,2024-02-20 20:00,0.6193,2024-02-21 19:59,0.5747,stop,1141.9,1.364171760000,-52.292911760000,-0.073946,24.00,tb-pullback_rsi-ADAUSDT-1708444800-B,tb-pullback_rsi-ADAUSDT-1708531200-X
LTC/USDT,pullback_rsi,2024-02-20 20:00,69.78,2024-02-22 00:00,68.77,signal,16.913,2.3444824100,-19.4266124100,-0.016461,28.00,tb-pullback_rsi-LTCUSDT-1708444800-B,tb-pullback_rsi-LTCUSDT-1708545600-S
ADA/USDT,pullback_rsi,2024-02-23 12:00,0.5855,2024-02-23 20:00,0.5902,signal,1234.4,1.452045230000,4.349634770000,0.006018,8.00,tb-pullback_rsi-ADAUSDT-1708675200-B,tb-pullback_rsi-ADAUSDT-1708704000-S
BTC/USDT,pullback_rsi,2024-02-23 12:00,51321.38,2024-02-24 08:00,50966.56,signal,0.02973,3.0425600988,-13.5913586988,-0.008908,20.00,tb-pullback_rsi-BTCUSDT-1708675200-B,tb-pullback_rsi-BTCUSDT-1708747200-S
ETH/USDT,pullback_rsi,2024-02-23 12:00,2949.52,2024-02-24 08:00,2958.14,signal,0.3399,2.0091934460,0.9207445540,0.000918,20.00,tb-pullback_rsi-ETHUSDT-1708675200-B,tb-pullback_rsi-ETHUSDT-1708747200-S
ADA/USDT,pullback_rsi,2024-02-25 20:00,0.5889,2024-02-26 00:00,0.5901,signal,1576.1,1.859164140000,0.032155860000,0.000035,4.00,tb-pullback_rsi-ADAUSDT-1708876800-B,tb-pullback_rsi-ADAUSDT-1708891200-S
LINK/USDT,pullback_rsi,2024-02-26 16:00,18.903,2024-02-26 20:00,19.164,signal,54.51,2.07616635000,12.15094365000,0.011792,4.00,tb-pullback_rs-LINKUSDT-1708948800-B,tb-pullback_rs-LINKUSDT-1708963200-S
LTC/USDT,pullback_rsi,2024-02-26 16:00,71.30,2024-02-26 20:00,71.29,signal,22.502,3.2102000800,-3.4352200800,-0.002141,4.00,tb-pullback_rsi-LTCUSDT-1708948800-B,tb-pullback_rsi-LTCUSDT-1708963200-S
SOL/USDT,pullback_rsi,2024-02-26 16:00,105.17,2024-02-26 20:00,109.48,signal,8.444,1.8134511300,34.5801888700,0.038939,4.00,tb-pullback_rsi-SOLUSDT-1708948800-B,tb-pullback_rsi-SOLUSDT-1708963200-S
ETH/USDT,pullback_rsi,2024-03-01 04:00,3374.52,2024-03-01 12:00,3404.06,signal,0.2355,1.5973679460,5.3593020540,0.006744,8.00,tb-pullback_rsi-ETHUSDT-1709251200-B,tb-pullback_rsi-ETHUSDT-1709280000-S
LINK/USDT,pullback_rsi,2024-03-01 04:00,19.574,2024-03-01 12:00,19.834,signal,31.26,1.23267704000,6.89492296000,0.011268,8.00,tb-pullback_rs-LINKUSDT-1709251200-B,tb-pullback_rs-LINKUSDT-1709280000-S
BNB/USDT,pullback_rsi,2024-03-01 04:00,406.42,2024-03-02 00:00,406.58,signal,2.251,1.8312822600,-1.4711222600,-0.001608,20.00,tb-pullback_rsi-BNBUSDT-1709251200-B,tb-pullback_rsi-BNBUSDT-1709323200-S
SOL/USDT,pullback_rsi,2024-03-02 20:00,130.90,2024-03-03 20:00,129.90,signal,4.241,1.1067073000,-5.3477073000,-0.009633,24.00,tb-pullback_rsi-SOLUSDT-1709395200-B,tb-pullback_rsi-SOLUSDT-1709481600-S
ADA/USDT,pullback_rsi,2024-03-03 12:00,0.7286,2024-03-04 04:00,0.7533,signal,735.9,1.091113090000,17.085616910000,0.031866,16.00,tb-pullback_rsi-ADAUSDT-1709452800-B,tb-pullback_rsi-ADAUSDT-1709510400-S
LINK/USDT,pullback_rsi,2024-03-03 12:00,20.551,2024-03-04 16:00,20.455,signal,30.15,1.23715294000,-4.13155294000,-0.006668,28.00,tb-pullback_rs-LINKUSDT-1709452800-B,tb-pullback_rs-LINKUSDT-1709553600-S
LTC/USDT,pullback_rsi,2024-03-05 04:00,89.31,2024-03-05 12:00,89.43,signal,6.557,1.1726233500,-0.3857833500,-0.000659,8.00,tb-pullback_rsi-LTCUSDT-1709596800-B,tb-pullback_rsi-LTCUSDT-1709625600-S
ADA/USDT,pullback_rsi,2024-03-05 12:00,0.7694,2024-03-05 19:59,0.6981,stop,704.3,1.034175770000,-51.250765770000,-0.094578,8.00,tb-pullback_rsi-ADAUSDT-1709625600-B,tb-pullback_rsi-ADAUSDT-1709654400-X
ADA/USDT,pullback_rsi,2024-03-06 00:00,0.6937,2024-03-06 08:00,0.7366,signal,468.5,0.670442400000,19.428207600000,0.059779,8.00,tb-pullback_rsi-ADAUSDT-1709668800-B,tb-pullback_rsi-ADAUSDT-1709697600-S
BNB/USDT,pullback_rsi,2024-03-06 00:00,394.89,2024-03-06 08:00,409.77,signal,1.689,1.3598605200,23.7724594800,0.035643,8.00,tb-pullback_rsi-BNBUSDT-1709668800-B,tb-pullback_rsi-BNBUSDT-1709697600-S
LTC/USDT,pullback_rsi,2024-03-06 00:00,82.10,2024-03-06 08:00,85.72,signal,4.557,0.7651662400,15.7311737600,0.042047,8.00,tb-pullback_rsi-LTCUSDT-1709668800-B,tb-pullback_rsi-LTCUSDT-1709697600-S
LINK/USDT,pullback_rsi,2024-03-08 12:00,20.036,2024-03-09 04:00,20.003,signal,33.57,1.34491067000,-2.45272067000,-0.003647,16.00,tb-pullback_rs-LINKUSDT-1709884800-B,tb-pullback_rs-LINKUSDT-1709942400-S
ADA/USDT,pullback_rsi,2024-03-10 20:00,0.7213,2024-03-11 08:00,0.7325,signal,996.3,1.449142240000,9.709417760000,0.013511,12.00,tb-pullback_rsi-ADAUSDT-1710086400-B,tb-pullback_rsi-ADAUSDT-1710129600-S
XRP/USDT,pullback_rsi,2024-03-10 20:00,0.6132,2024-03-11 08:00,0.6184,signal,1439.6,1.773931160000,5.711988840000,0.006471,12.00,tb-pullback_rsi-XRPUSDT-1710086400-B,tb-pullback_rsi-XRPUSDT-1710129600-S
LTC/USDT,pullback_rsi,2024-03-11 08:00,90.28,2024-03-11 12:00,94.50,signal,7.190,1.3292904400,29.0125095600,0.044696,4.00,tb-pullback_rsi-LTCUSDT-1710129600-B,tb-pullback_rsi-LTCUSDT-1710144000-S
LINK/USDT,pullback_rsi,2024-03-12 16:00,20.571,2024-03-12 20:00,20.663,signal,30.61,1.26299558000,1.55312442000,0.002467,4.00,tb-pullback_rs-LINKUSDT-1710244800-B,tb-pullback_rs-LINKUSDT-1710259200-S
ETH/USDT,pullback_rsi,2024-03-13 04:00,4051.87,2024-03-13 08:00,4030.28,signal,0.2350,1.9005208110,-6.9741708110,-0.007324,4.00,tb-pullback_rsi-ETHUSDT-1710288000-B,tb-pullback_rsi-ETHUSDT-1710302400-S
LINK/USDT,pullback_rsi,2024-03-13 20:00,20.460,2024-03-14 00:00,20.710,signal,34.53,1.42241850000,7.21008150000,0.010206,4.00,tb-pullback_rs-LINKUSDT-1710345600-B,tb-pullback_rs-LINKUSDT-1710360000-S
LTC/USDT,pullback_rsi,2024-03-13 20:00,96.71,2024-03-15 03:59,88.68,stop,6.292,1.1671508500,-51.6919108500,-0.084950,32.00,tb-pullback_rsi-LTCUSDT-1710345600-B,tb-pullback_rsi-LTCUSDT-1710460800-X
XRP/USDT,pullback_rsi,2024-03-13 20:00,0.6860,2024-03-15 03:59,0.6288,stop,884.3,1.163295040000,-51.745255040000,-0.085300,32.00,tb-pullback_rsi-XRPUSDT-1710345600-B,tb-pullback_rsi-XRPUSDT-1710460800-X
ETH/USDT,pullback_rsi,2024-03-15 00:00,3889.46,2024-03-15 03:59,3662.68,stop,0.2245,1.6966222680,-52.6087322680,-0.060249,4.00,tb-pullback_rsi-ETHUSDT-1710446400-B,tb-pullback_rsi-ETHUSDT-1710460800-X
LTC/USDT,pullback_rsi,2024-03-15 16:00,88.39,2024-03-16 00:00,89.59,signal,5.291,0.9422225200,5.4069774800,0.011561,8.00,tb-pullback_rsi-LTCUSDT-1710504000-B,tb-pullback_rsi-LTCUSDT-1710532800-S
XRP/USDT,pullback_rsi,2024-03-15 16:00,0.6285,2024-03-16 04:00,0.6399,signal,764.6,0.970321440000,7.746118560000,0.016119,12.00,tb-pullback_rsi-XRPUSDT-1710504000-B,tb-pullback_rsi-XRPUSDT-1710547200-S
BTC/USDT,pullback_rsi,2024-03-17 04:00,66672.07,2024-03-17 16:00,67829.57,signal,0.01083,1.4579861995,11.0777388005,0.015342,12.00,tb-pullback_rsi-BTCUSDT-1710633600-B,tb-pullback_rsi-BTCUSDT-1710676800-S
ETH/USDT,pullback_rsi,2024-03-17 04:00,3578.64,2024-03-17 16:00,3621.16,signal,0.1864,1.3427584440,6.5829695560,0.009869,12.00,tb-pullback_rsi-ETHUSDT-1710633600-B,tb-pullback_rsi-ETHUSDT-1710676800-S
XRP/USDT,pullback_rsi,2024-03-17 04:00,0.6165,2024-03-17 16:00,0.6192,signal,861.6,1.065233970000,1.261086030000,0.002374,12.00,tb-pullback_rsi-XRPUSDT-1710633600-B,tb-pullback_rsi-XRPUSDT-1710676800-S
LTC/USDT,pullback_rsi,2024-03-19 00:00,86.94,2024-03-19 07:59,78.70,stop,6.042,1.0014054600,-50.7874854600,-0.096684,8.00,tb-pullback_rsi-LTCUSDT-1710792000-B,tb-pullback_rsi-LTCUSDT-1710820800-X
XRP/USDT,pullback_rsi,2024-03-19 00:00,0.6466,2024-03-19 07:59,0.5893,stop,871.5,1.077668790000,-51.014618790000,-0.090530,8.00,tb-pullback_rsi-XRPUSDT-1710792000-B,tb-pullback_rsi-XRPUSDT-1710820800-X
ETH/USDT,pullback_rsi,2024-03-19 00:00,3527.52,2024-03-19 11:59,3273.64,stop,0.1974,1.3432544920,-51.4591664920,-0.073900,12.00,tb-pullback_rsi-ETHUSDT-1710792000-B,tb-pullback_rsi-ETHUSDT-1710835200-X
BNB/USDT,pullback_rsi,2024-03-19 16:00,530.56,2024-03-20 08:00,530.93,signal,0.774,0.8221238200,-0.5357438200,-0.001305,16.00,tb-pullback_rsi-BNBUSDT-1710849600-B,tb-pullback_rsi-BNBUSDT-1710907200-S
BTC/USDT,pullback_rsi,2024-03-19 16:00,64179.96,2024-03-20 12:00,63266.16,signal,0.01065,1.3585847732,-11.0905547732,-0.016226,20.00,tb-pullback_rsi-BTCUSDT-1710849600-B,tb-pullback_rsi-BTCUSDT-1710921600-S
SOL/USDT,pullback_rsi,2024-03-19 08:00,186.52,2024-03-20 20:00,182.18,signal,1.872,0.6905794400,-8.8150594400,-0.025246,36.00,tb-pullback_rsi-SOLUSDT-1710820800-B,tb-pullback_rsi-SOLUSDT-1710950400-S
BTC/USDT,pullback_rsi,2024-03-22 00:00,65632.29,2024-03-22 08:00,66045.65,signal,0.01026,1.3523283112,2.8887452888,0.004290,8.00,tb-pullback_rsi-BTCUSDT-1711051200-B,tb-pullback_rsi-BTCUSDT-1711080000-S
SOL/USDT,pullback_rsi,2024-03-22 00:00,179.82,2024-03-23 00:00,174.85,signal,1.981,0.7029609100,-10.5485309100,-0.029612,24.00,tb-pullback_rsi-SOLUSDT-1711051200-B,tb-pullback_rsi-SOLUSDT-1711137600-S
XRP/USDT,pullback_rsi,2024-03-22 20:00,0.6137,2024-03-23 08:00,0.6146,signal,921.9,1.132983470000,-0.303273470000,-0.000536,12.00,tb-pullback_rsi-XRPUSDT-1711123200-B,tb-pullback_rsi-XRPUSDT-1711166400-S
BTC/USDT,pullback_rsi,2024-03-23 08:00,64704.57,2024-03-23 12:00,64500.35,signal,0.01119,1.4470971497,-3.7323189497,-0.005155,4.00,tb-pullback_rsi-BTCUSDT-1711166400-B,tb-pullback_rsi-BTCUSDT-1711180800-S
SOL/USDT,pullback_rsi,2024-03-24 08:00,173.89,2024-03-24 12:00,174.49,signal,2.884,1.0052495900,0.7251504100,0.001446,4.00,tb-pullback_rsi-SOLUSDT-1711252800-B,tb-pullback_rsi-SOLUSDT-1711267200-S
LTC/USDT,pullback_rsi,2024-03-26 20:00,95.34,2024-03-27 00:00,95.56,signal,7.534,1.4390033200,0.2184766800,0.000304,4.00,tb-pullback_rsi-LTCUSDT-1711468800-B,tb-pullback_rsi-LTCUSDT-1711483200-S
BNB/USDT,pullback_rsi,2024-03-27 00:00,581.57,2024-03-28 04:00,580.63,signal,1.535,1.7851401400,-3.2280401400,-0.003616,28.00,tb-pullback_rsi-BNBUSDT-1711483200-B,tb-pullback_rsi-BNBUSDT-1711584000-S
ETH/USDT,pullback_rsi,2024-03-28 00:00,3508.21,2024-03-28 08:00,3566.73,signal,0.2508,1.7754474110,12.9013685890,0.014663,8.00,tb-pullback_rsi-ETHUSDT-1711569600-B,tb-pullback_rsi-ETHUSDT-1711598400-S
XRP/USDT,pullback_rsi,2024-03-27 00:00,0.6330,2024-03-28 08:00,0.6209,signal,1476.2,1.851956680000,-19.713976680000,-0.021097,32.00,tb-pullback_rsi-XRPUSDT-1711483200-B,tb-pullback_rsi-XRPUSDT-1711598400-S
XRP/USDT,pullback_rsi,2024-03-29 12:00,0.6307,2024-03-30 00:00,0.6287,signal,1514.7,1.908622300000,-4.938022300000,-0.005169,12.00,tb-pullback_rsi-XRPUSDT-1711699200-B,tb-pullback_rsi-XRPUSDT-1711742400-S
BTC/USDT,pullback_rsi,2024-03-29 12:00,70283.07,2024-03-30 12:00,70043.17,signal,0.01731,2.4304528731,-6.5831218731,-0.005411,24.00,tb-pullback_rsi-BTCUSDT-1711699200-B,tb-pullback_rsi-BTCUSDT-1711785600-S
ETH/USDT,pullback_rsi,2024-03-29 12:00,3556.96,2024-03-30 12:00,3552.87,signal,0.2995,2.1304611780,-3.3554161780,-0.003150,24.00,tb-pullback_rsi-ETHUSDT-1711699200-B,tb-pullback_rsi-ETHUSDT-1711785600-S
BNB/USDT,pullback_rsi,2024-04-01 20:00,580.46,2024-04-02 03:59,553.33,stop,1.836,2.0827993600,-51.8934793600,-0.048693,8.00,tb-pullback_rsi-BNBUSDT-1711987200-B,tb-pullback_rsi-BNBUSDT-1712016000-X
ETH/USDT,pullback_rsi,2024-04-01 20:00,3493.31,2024-04-02 03:59,3332.11,stop,0.3090,2.1104521040,-51.9212521040,-0.048100,8.00,tb-pullback_rsi-ETHUSDT-1711987200-B,tb-pullback_rsi-ETHUSDT-1712016000-X
BTC/USDT,pullback_rsi,2024-04-01 20:00,69787.31,2024-04-02 03:59,67253.50,stop,0.01991,2.7298782783,-53.1780353783,-0.038272,8.00,tb-pullback_rsi-BTCUSDT-1711987200-B,tb-pullback_rsi-BTCUSDT-1712016000-X
LTC/USDT,pullback_rsi,2024-04-02 08:00,99.15,2024-04-02 12:00,102.30,signal,4.993,1.0063356000,14.7216144000,0.029737,4.00,tb-pullback_rsi-LTCUSDT-1712030400-B,tb-pullback_rsi-LTCUSDT-1712044800-S
BNB/USDT,pullback_rsi,2024-04-02 20:00,559.12,2024-04-03 04:00,559.17,signal,1.643,1.8384687100,-1.7563187100,-0.001912,8.00,tb-pullback_rsi-BNBUSDT-1712073600-B,tb-pullback_rsi-BNBUSDT-1712102400-S
BTC/USDT,pullback_rsi,2024-04-02 20:00,66046.74,2024-04-03 04:00,66093.33,signal,0.01537,2.0323138086,-1.3162255086,-0.001297,8.00,tb-pullback_rsi-BTCUSDT-1712073600-B,tb-pullback_rsi-BTCUSDT-1712102400-S
SOL/USDT,pullback_rsi,2024-04-02 20:00,186.05,2024-04-03 04:00,188.09,signal,3.209,1.2013594600,5.3450005400,0.008953,8.00,tb-pullback_rsi-SOLUSDT-1712073600-B,tb-pullback_rsi-SOLUSDT-1712102400-S
BNB/USDT,pullback_rsi,2024-04-05 12:00,578.66,2024-04-05 16:00,582.73,signal,1.540,1.7896979200,4.4781020800,0.005025,4.00,tb-pullback_rsi-BNBUSDT-1712304000-B,tb-pullback_rsi-BNBUSDT-1712318400-S
BTC/USDT,pullback_rsi,2024-04-05 16:00,68327.01,2024-04-06 08:00,67856.03,signal,0.01414,1.9269947216,-8.5866519216,-0.008888,16.00,tb-pullback_rsi-BTCUSDT-1712318400-B,tb-pullback_rsi-BTCUSDT-1712376000-S
SOL/USDT,pullback_rsi,2024-04-05 16:00,176.25,2024-04-06 08:00,176.91,signal,3.041,1.0746645600,0.9323954400,0.001740,16.00,tb-pullback_rsi-SOLUSDT-1712318400-B,tb-pullback_rsi-SOLUSDT-1712376000-S
BNB/USDT,pullback_rsi,2024-04-08 00:00,584.97,2024-04-08 08:00,587.62,signal,2.312,2.7127829900,3.4140170100,0.002524,8.00,tb-pullback_rsi-BNBUSDT-1712520000-B,tb-pullback_rsi-BNBUSDT-1712548800-S
LTC/USDT,pullback_rsi,2024-04-08 00:00,101.42,2024-04-08 08:00,101.96,signal,6.860,1.3958967400,2.3085032600,0.003318,8.00,tb-pullback_rsi-LTCUSDT-1712520000-B,tb-pullback_rsi-LTCUSDT-1712548800-S
BTC/USDT,pullback_rsi,2024-04-09 12:00,70936.43,2024-04-09 19:59,68122.69,stop,0.01757,2.4446874637,-51.8820992637,-0.041627,8.00,tb-pullback_rsi-BTCUSDT-1712649600-B,tb-pullback_rsi-BTCUSDT-1712678400-X
BNB/USDT,pullback_rsi,2024-04-09 12:00,585.37,2024-04-10 08:00,586.32,signal,2.038,2.3896603300,-0.4535603300,-0.000380,20.00,tb-pullback_rsi-BNBUSDT-1712649600-B,tb-pullback_rsi-BNBUSDT-1712721600-S
SOL/USDT,pullback_rsi,2024-04-09 20:00,174.67,2024-04-10 15:59,163.09,stop,4.154,1.4039283900,-49.5072483900,-0.068231,20.00,tb-pullback_rsi-SOLUSDT-1712678400-B,tb-pullback_rsi-SOLUSDT-1712750400-X
BTC/USDT,pullback_rsi,2024-04-10 20:00,70224.17,2024-04-11 00:00,70489.81,signal,0.01646,2.3175565916,2.0548778084,0.001778,4.00,tb-pullback_rsi-BTCUSDT-1712764800-B,tb-pullback_rsi-BTCUSDT-1712779200-S
LTC/USDT,pullback_rsi,2024-04-09 20:00,98.63,2024-04-11 04:00,97.09,signal,7.389,1.4469641200,-12.8260241200,-0.017599,32.00,tb-pullback_rsi-LTCUSDT-1712678400-B,tb-pullback_rsi-LTCUSDT-1712793600-S
SOL/USDT,pullback_rsi,2024-05-19 20:00,169.65,2024-05-20 04:00,171.79,signal,4.633,1.5827397700,8.3318802300,0.010601,8.00,tb-pullback_rsi-SOLUSDT-1716134400-B,tb-pullback_rsi-SOLUSDT-1716163200-S
BTC/USDT,pullback_rsi,2024-05-20 00:00,66406.55,2024-05-20 08:00,66691.49,signal,0.02618,3.4864988855,3.9732303145,0.002285,8.00,tb-pullback_rsi-BTCUSDT-1716148800-B,tb-pullback_rsi-BTCUSDT-1716177600-S
LINK/USDT,pullback_rsi,2024-05-21 20:00,16.703,2024-05-22 04:00,16.849,signal,40.88,1.37244091000,4.59603909000,0.006731,8.00,tb-pullback_rs-LINKUSDT-1716307200-B,tb-pullback_rs-LINKUSDT-1716336000-S
SOL/USDT,pullback_rsi,2024-05-22 00:00,178.51,2024-05-22 08:00,179.53,signal,3.970,1.4221328400,2.6272671600,0.003707,8.00,tb-pullback_rsi-SOLUSDT-1716321600-B,tb-pullback_rsi-SOLUSDT-1716350400-S
ADA/USDT,pullback_rsi,2024-05-22 16:00,0.4849,2024-05-23 04:00,0.4858,signal,1911.3,1.856268710000,-0.136098710000,-0.000147,12.00,tb-pullback_rsi-ADAUSDT-1716379200-B,tb-pullback_rsi-ADAUSDT-1716422400-S
LTC/USDT,pullback_rsi,2024-05-22 16:00,87.53,2024-05-23 12:00,87.16,signal,12.506,2.1858110300,-6.8130310300,-0.006224,20.00,tb-pullback_rsi-LTCUSDT-1716379200-B,tb-pullback_rsi-LTCUSDT-1716451200-S
XRP/USDT,pullback_rsi,2024-05-22 16:00,0.5368,2024-05-23 15:59,0.5152,stop,2272.5,2.391904640000,-51.477904640000,-0.042199,24.00,tb-pullback_rsi-XRPUSDT-1716379200-B,tb-pullback_rsi-XRPUSDT-1716465600-X
XRP/USDT,pullback_rsi,2024-05-24 00:00,0.5299,2024-05-24 04:00,0.5295,signal,1601.4,1.697423990000,-2.337983990000,-0.002755,4.00,tb-pullback_rsi-XRPUSDT-1716494400-B,tb-pullback_rsi-XRPUSDT-1716508800-S
BNB/USDT,pullback_rsi,2024-05-24 00:00,600.60,2024-05-24 20:00,600.79,signal,1.648,1.9810919200,-1.6679719200,-0.001685,20.00,tb-pullback_rsi-BNBUSDT-1716494400-B,tb-pullback_rsi-BNBUSDT-1716566400-S
SOL/USDT,pullback_rsi,2024-05-24 00:00,176.51,2024-05-25 04:00,169.31,signal,3.204,1.1087133200,-24.1775133200,-0.042751,28.00,tb-pullback_rsi-SOLUSDT-1716494400-B,tb-pullback_rsi-SOLUSDT-1716595200-S
ETH/USDT,pullback_rsi,2024-05-24 12:00,3720.05,2024-05-25 08:00,3739.10,signal,0.1523,1.1367725550,1.7645424450,0.003114,20.00,tb-pullback_rsi-ETHUSDT-1716537600-B,tb-pullback_rsi-ETHUSDT-1716609600-S
SOL/USDT,pullback_rsi,2024-05-27 00:00,163.75,2024-05-27 04:00,165.04,signal,4.828,1.5882168700,4.6399031300,0.005869,4.00,tb-pullback_rsi-SOLUSDT-1716753600-B,tb-pullback_rsi-SOLUSDT-1716768000-S
LTC/USDT,pullback_rsi,2024-05-27 04:00,84.60,2024-05-27 08:00,84.31,signal,16.595,2.8044996500,-7.6170496500,-0.005425,4.00,tb-pullback_rsi-LTCUSDT-1716768000-B,tb-pullback_rsi-LTCUSDT-1716782400-S
XRP/USDT,pullback_rsi,2024-05-27 04:00,0.5327,2024-05-27 16:00,0.5381,signal,2567.2,2.750342780000,11.112537220000,0.008126,12.00,tb-pullback_rsi-XRPUSDT-1716768000-B,tb-pullback_rsi-XRPUSDT-1716811200-S
BNB/USDT,pullback_rsi,2024-05-29 12:00,600.20,2024-05-30 04:00,596.40,signal,2.931,3.5090352000,-14.6468352000,-0.008326,16.00,tb-pullback_rsi-BNBUSDT-1716969600-B,tb-pullback_rsi-BNBUSDT-1717027200-S
BTC/USDT,pullback_rsi,2024-05-30 00:00,67787.72,2024-05-30 04:00,67981.96,signal,0.02109,2.8654161864,1.2311054136,0.000861,4.00,tb-pullback_rsi-BTCUSDT-1717012800-B,tb-pullback_rsi-BTCUSDT-1717027200-S
ETH/USDT,pullback_rsi,2024-05-30 00:00,3774.98,2024-05-30 04:00,3783.71,signal,0.2741,2.0729694220,0.3199235780,0.000309,4.00,tb-pullback_rsi-ETHUSDT-1717012800-B,tb-pullback_rsi-ETHUSDT-1717027200-S
BTC/USDT,pullback_rsi,2024-05-31 20:00,67816.37,2024-06-01 20:00,67618.25,signal,0.02003,2.7147899322,-6.6831335322,-0.004920,24.00,tb-pullback_rsi-BTCUSDT-1717171200-B,tb-pullback_rsi-BTCUSDT-1717257600-S
SOL/USDT,pullback_rsi,2024-06-02 12:00,166.39,2024-06-03 08:00,165.01,signal,7.004,2.3224567200,-11.9879767200,-0.010287,20.00,tb-pullback_rsi-SOLUSDT-1717315200-B,tb-pullback_rsi-SOLUSDT-1717387200-S
ETH/USDT,pullback_rsi,2024-06-04 04:00,3781.06,2024-06-04 16:00,3803.00,signal,0.3793,2.8781463820,5.4436956180,0.003796,12.00,tb-pullback_rsi-ETHUSDT-1717459200-B,tb-pullback_rsi-ETHUSDT-1717502400-S
LINK/USDT,pullback_rsi,2024-06-03 08:00,18.172,2024-06-04 16:00,17.751,signal,55.63,1.99948681000,-25.41971681000,-0.025145,32.00,tb-pullback_rs-LINKUSDT-1717387200-B,tb-pullback_rs-LINKUSDT-1717502400-S
XRP/USDT,pullback_rsi,2024-06-06 12:00,0.5273,2024-06-06 16:00,0.5253,signal,3775.9,3.976516080000,-11.528316080000,-0.005790,4.00,tb-pullback_rsi-XRPUSDT-1717660800-B,tb-pullback_rsi-XRPUSDT-1717675200-S
LINK/USDT,pullback_rsi,2024-06-06 16:00,17.498,2024-06-07 08:00,17.464,signal,67.82,2.37234770000,-4.67822770000,-0.003942,16.00,tb-pullback_rs-LINKUSDT-1717675200-B,tb-pullback_rs-LINKUSDT-1717732800-S
SOL/USDT,pullback_rsi,2024-06-07 00:00,170.50,2024-06-07 08:00,171.66,signal,6.919,2.3685985400,5.6574414600,0.004796,8.00,tb-pullback_rsi-SOLUSDT-1717704000-B,tb-pullback_rsi-SOLUSDT-1717732800-S
ETH/USDT,pullback_rsi,2024-06-07 00:00,3821.10,2024-06-07 12:00,3827.32,signal,0.4080,3.1224659100,-0.5847059100,-0.000375,12.00,tb-pullback_rsi-ETHUSDT-1717704000-B,tb-pullback_rsi-ETHUSDT-1717747200-S
LTC/USDT,pullback_rsi,2024-06-07 12:00,84.61,2024-06-07 19:59,82.35,stop,21.951,3.6668003800,-53.2760603800,-0.028685,8.00,tb-pullback_rsi-LTCUSDT-1717747200-B,tb-pullback_rsi-LTCUSDT-1717776000-X
BNB/USDT,pullback_rsi,2024-06-08 00:00,685.37,2024-06-08 08:00,693.31,signal,1.286,1.7743532200,8.4364867800,0.009572,8.00,tb-pullback_rsi-BNBUSDT-1717790400-B,tb-pullback_rsi-BNBUSDT-1717819200-S
BTC/USDT,pullback_rsi,2024-06-08 00:00,69494.32,2024-06-09 12:00,69228.94,signal,0.02118,2.9402434772,-8.5609918772,-0.005816,36.00,tb-pullback_rsi-BTCUSDT-1717790400-B,tb-pullback_rsi-BTCUSDT-1717920000-S
ETH/USDT,pullback_rsi,2024-06-08 04:00,3697.38,2024-06-09 12:00,3686.10,signal,0.3588,2.6506715760,-6.6979355760,-0.005049,32.00,tb-pullback_rsi-ETHUSDT-1717804800-B,tb-pullback_rsi-ETHUSDT-1717920000-S
BNB/USDT,pullback_rsi,2024-06-09 08:00,681.26,2024-06-10 07:59,649.54,stop,1.498,1.9949009200,-49.5114609200,-0.048516,24.00,tb-pullback_rsi-BNBUSDT-1717905600-B,tb-pullback_rsi-BNBUSDT-1717992000-X
BTC/USDT,pullback_rsi,2024-06-10 12:00,69612.84,2024-06-10 16:00,69925.98,signal,0.02588,3.6133530444,4.4907101556,0.002493,4.00,tb-pullback_rsi-BTCUSDT-1718006400-B,tb-pullback_rsi-BTCUSDT-1718020800-S
ETH/USDT,pullback_rsi,2024-06-10 12:00,3683.31,2024-06-10 16:00,3695.12,signal,0.5040,3.7209387060,2.2313012940,0.001202,4.00,tb-pullback_rsi-ETHUSDT-1718006400-B,tb-pullback_rsi-ETHUSDT-1718020800-S
BNB/USDT,pullback_rsi,2024-06-10 16:00,652.31,2024-06-10 23:59,621.04,stop,1.512,1.9266098200,-49.2068498200,-0.049891,8.00,tb-pullback_rsi-BNBUSDT-1718020800-B,tb-pullback_rsi-BNBUSDT-1718049600-X
BNB/USDT,pullback_rsi,2024-06-11 04:00,626.86,2024-06-12 03:59,592.29,stop,1.350,1.6471062200,-48.3166062200,-0.057094,24.00,tb-pullback_rsi-BNBUSDT-1718064000-B,tb-pullback_rsi-BNBUSDT-1718150400-X
XRP/USDT,pullback_rsi,2024-07-21 16:00,0.5893,2024-07-21 20:00,0.5900,signal,1064.3,1.255777220000,-0.510767220000,-0.000814,4.00,tb-pullback_rsi-XRPUSDT-1721563200-B,tb-pullback_rsi-XRPUSDT-1721577600-S
ADA/USDT,pullback_rsi,2024-07-22 00:00,0.4479,2024-07-22 23:59,0.4225,stop,1832.9,1.596207170000,-48.151867170000,-0.058653,24.00,tb-pullback_rsi-ADAUSDT-1721592000-B,tb-pullback_rsi-ADAUSDT-1721678400-X
LTC/USDT,pullback_rsi,2024-07-22 20:00,72.47,2024-07-23 16:00,72.19,signal,14.947,2.1633200700,-6.3484800700,-0.005861,20.00,tb-pullback_rsi-LTCUSDT-1721664000-B,tb-pullback_rsi-LTCUSDT-1721736000-S
ADA/USDT,pullback_rsi,2024-07-23 12:00,0.4263,2024-07-23 19:59,0.4021,stop,1913.4,1.585913160000,-47.890193160000,-0.058712,8.00,tb-pullback_rsi-ADAUSDT-1721721600-B,tb-pullback_rsi-ADAUSDT-1721750400-X
BTC/USDT,pullback_rsi,2024-07-24 00:00,66067.88,2024-07-24 12:00,66235.26,signal,0.01840,2.4356991296,0.6440928704,0.000530,12.00,tb-pullback_rsi-BTCUSDT-1721764800-B,tb-pullback_rsi-BTCUSDT-1721808000-S
SOL/USDT,pullback_rsi,2024-07-24 00:00,173.38,2024-07-24 12:00,177.41,signal,3.799,1.3333447300,13.9766252700,0.021219,12.00,tb-pullback_rsi-SOLUSDT-1721764800-B,tb-pullback_rsi-SOLUSDT-1721808000-S
BTC/USDT,pullback_rsi,2024-07-25 16:00,64920.48,2024-07-26 00:00,65668.35,signal,0.01834,2.3962975528,11.3196382472,0.009507,8.00,tb-pullback_rsi-BTCUSDT-1721908800-B,tb-pullback_rsi-BTCUSDT-1721937600-S
SOL/USDT,pullback_rsi,2024-07-25 16:00,170.79,2024-07-26 00:00,171.51,signal,3.477,1.1908602600,1.3125797400,0.002210,8.00,tb-pullback_rsi-SOLUSDT-1721908800-B,tb-pullback_rsi-SOLUSDT-1721937600-S
BNB/USDT,pullback_rsi,2024-07-28 12:00,583.07,2024-07-28 20:00,582.83,signal,2.358,2.7509414100,-3.3168614100,-0.002412,8.00,tb-pullback_rsi-BNBUSDT-1722153600-B,tb-pullback_rsi-BNBUSDT-1722182400-S
BNB/USDT,pullback_rsi,2024-07-30 08:00,575.75,2024-07-31 00:00,586.92,signal,2.348,2.7316764100,23.4954835900,0.017380,16.00,tb-pullback_rsi-BNBUSDT-1722312000-B,tb-pullback_rsi-BNBUSDT-1722369600-S
SOL/USDT,pullback_rsi,2024-07-31 00:00,179.52,2024-07-31 04:00,180.54,signal,3.979,1.4333968200,2.6251831800,0.003675,4.00,tb-pullback_rsi-SOLUSDT-1722369600-B,tb-pullback_rsi-SOLUSDT-1722384000-S
BTC/USDT,pullback_rsi,2024-07-30 08:00,67085.91,2024-07-31 16:00,66247.23,signal,0.01724,2.3000050566,-16.7588482566,-0.014490,32.00,tb-pullback_rsi-BTCUSDT-1722312000-B,tb-pullback_rsi-BTCUSDT-1722427200-S
SOL/USDT,pullback_rsi,2024-08-01 12:00,170.03,2024-08-01 19:59,158.50,stop,4.455,1.4644513000,-52.8306013000,-0.069745,8.00,tb-pullback_rsi-SOLUSDT-1722499200-B,tb-pullback_rsi-SOLUSDT-1722528000-X
XRP/USDT,pullback_rsi,2024-08-01 12:00,0.6114,2024-08-01 19:59,0.5707,stop,1263.2,1.494023540000,-52.906263540000,-0.068503,8.00,tb-pullback_rsi-XRPUSDT-1722499200-B,tb-pullback_rsi-XRPUSDT-1722528000-X
XRP/USDT,pullback_rsi,2024-08-02 00:00,0.5977,2024-08-02 15:59,0.5526,stop,1124.4,1.294114560000,-52.004554560000,-0.077382,16.00,tb-pullback_rsi-XRPUSDT-1722542400-B,tb-pullback_rsi-XRPUSDT-1722600000-X
SOL/USDT,pullback_rsi,2024-08-02 00:00,167.71,2024-08-02 15:59,154.72,stop,3.898,1.2575029800,-51.8925229800,-0.079379,16.00,tb-pullback_rsi-SOLUSDT-1722542400-B,tb-pullback_rsi-SOLUSDT-1722600000-X
XRP/USDT,pullback_rsi,2024-08-02 20:00,0.5639,2024-08-03 08:00,0.5746,signal,1044.1,1.189328140000,9.982541860000,0.016955,12.00,tb-pullback_rsi-XRPUSDT-1722614400-B,tb-pullback_rsi-XRPUSDT-1722657600-S
BNB/USDT,pullback_rsi,2024-09-25 12:00,597.90,2024-09-26 08:00,594.70,signal,2.235,2.6672547000,-9.8192547000,-0.007348,20.00,tb-pullback_rsi-BNBUSDT-1727251200-B,tb-pullback_rsi-BNBUSDT-1727323200-S
ADA/USDT,pullback_rsi,2024-09-29 12:00,0.3981,2024-09-29 16:00,0.3996,signal,2882.2,2.300285430000,2.023014570000,0.001763,4.00,tb-pullback_rsi-ADAUSDT-1727596800-B,tb-pullback_rsi-ADAUSDT-1727611200-S
BNB/USDT,pullback_rsi,2024-09-29 12:00,598.60,2024-09-29 20:00,598.40,signal,2.501,2.9954928000,-3.4956928000,-0.002335,8.00,tb-pullback_rsi-BNBUSDT-1727596800-B,tb-pullback_rsi-BNBUSDT-1727625600-S
ETH/USDT,pullback_rsi,2024-09-28 20:00,2683.69,2024-09-30 11:59,2591.65,stop,0.5630,2.9716266340,-54.7901466340,-0.036263,40.00,tb-pullback_rsi-ETHUSDT-1727539200-B,tb-pullback_rsi-ETHUSDT-1727683200-X
BNB/USDT,pullback_rsi,2024-09-30 08:00,583.47,2024-10-01 04:00,575.74,signal,2.321,2.6922768200,-20.6336068200,-0.015236,20.00,tb-pullback_rsi-BNBUSDT-1727668800-B,tb-pullback_rsi-BNBUSDT-1727740800-S
LINK/USDT,pullback_rsi,2024-09-30 20:00,11.984,2024-10-01 04:00,12.085,signal,78.89,1.89976213000,6.06812787000,0.006418,8.00,tb-pullback_rs-LINKUSDT-1727712000-B,tb-pullback_rs-LINKUSDT-1727740800-S
ADA/USDT,pullback_rsi,2024-09-30 20:00,0.3800,2024-10-01 08:00,0.3832,signal,2770.6,2.115585920000,6.750334080000,0.006412,12.00,tb-pullback_rsi-ADAUSDT-1727712000-B,tb-pullback_rsi-ADAUSDT-1727755200-S
LTC/USDT,pullback_rsi,2024-10-15 16:00,66.40,2024-10-15 20:00,69.58,signal,19.312,2.6273737600,58.7847862400,0.045843,4.00,tb-pullback_rsi-LTCUSDT-1728993600-B,tb-pullback_rsi-LTCUSDT-1729008000-S
SOL/USDT,pullback_rsi,2024-10-15 16:00,153.61,2024-10-15 20:00,154.85,signal,5.951,1.8365671200,5.5426728800,0.006063,4.00,tb-pullback_rsi-SOLUSDT-1728993600-B,tb-pullback_rsi-SOLUSDT-1729008000-S
ETH/USDT,pullback_rsi,2024-10-15 20:00,2597.30,2024-10-16 00:00,2602.19,signal,0.4300,2.2370793500,-0.1343793500,-0.000120,4.00,tb-pullback_rsi-ETHUSDT-1729008000-B,tb-pullback_rsi-ETHUSDT-1729022400-S
BTC/USDT,pullback_rsi,2024-10-17 16:00,67725.86,2024-10-18 08:00,67833.75,signal,0.02200,2.9843431958,-0.6107631958,-0.000410,16.00,tb-pullback_rsi-BTCUSDT-1729166400-B,tb-pullback_rsi-BTCUSDT-1729224000-S
SOL/USDT,pullback_rsi,2024-10-17 16:00,153.20,2024-10-18 08:00,153.59,signal,6.665,2.0458277500,0.5535222500,0.000542,16.00,tb-pullback_rsi-SOLUSDT-1729166400-B,tb-pullback_rsi-SOLUSDT-1729224000-S
BNB/USDT,pullback_rsi,2024-10-20 08:00,598.70,2024-10-20 16:00,598.00,signal,3.866,4.6288370000,-7.3350370000,-0.003169,8.00,tb-pullback_rsi-BNBUSDT-1729396800-B,tb-pullback_rsi-BNBUSDT-1729425600-S
ADA/USDT,pullback_rsi,2024-10-21 20:00,0.3603,2024-10-22 04:00,0.3635,signal,3236.5,2.343767690000,8.013032310000,0.006872,8.00,tb-pullback_rsi-ADAUSDT-1729526400-B,tb-pullback_rsi-ADAUSDT-1729555200-S
BTC/USDT,pullback_rsi,2024-10-21 20:00,67899.52,2024-10-22 20:00,67348.02,signal,0.02848,3.8538869252,-19.5606069252,-0.010115,24.00,tb-pullback_rsi-BTCUSDT-1729526400-B,tb-pullback_rsi-BTCUSDT-1729612800-S
ETH/USDT,pullback_rsi,2024-10-21 20:00,2685.47,2024-10-23 11:59,2595.56,stop,0.5767,3.0471812810,-54.8982782810,-0.035448,40.00,tb-pullback_rsi-ETHUSDT-1729526400-B,tb-pullback_rsi-ETHUSDT-1729670400-X
SOL/USDT,pullback_rsi,2024-10-23 08:00,166.07,2024-10-23 16:00,167.80,signal,5.588,1.8666619800,7.8005780200,0.008406,8.00,tb-pullback_rsi-SOLUSDT-1729656000-B,tb-pullback_rsi-SOLUSDT-1729684800-S
LTC/USDT,pullback_rsi,2024-10-23 00:00,70.18,2024-10-23 20:00,69.59,signal,17.421,2.4361964100,-12.7145864100,-0.010400,20.00,tb-pullback_rsi-LTCUSDT-1729627200-B,tb-pullback_rsi-LTCUSDT-1729699200-S
BNB/USDT,pullback_rsi,2024-10-23 20:00,583.37,2024-10-24 00:00,583.73,signal,2.728,3.1855989100,-2.2035189100,-0.001385,4.00,tb-pullback_rsi-BNBUSDT-1729699200-B,tb-pullback_rsi-BNBUSDT-1729713600-S
BTC/USDT,pullback_rsi,2024-10-23 20:00,66604.95,2024-10-24 00:00,66535.31,signal,0.02540,3.3837607485,-5.1526167485,-0.003046,4.00,tb-pullback_rsi-BTCUSDT-1729699200-B,tb-pullback_rsi-BTCUSDT-1729713600-S
BNB/USDT,pullback_rsi,2024-10-25 12:00,593.79,2024-10-25 23:59,576.15,stop,2.940,3.4414049700,-55.3030049700,-0.031679,12.00,tb-pullback_rsi-BNBUSDT-1729843200-B,tb-pullback_rsi-BNBUSDT-1729886400-X
SOL/USDT,pullback_rsi,2024-10-25 12:00,174.00,2024-10-25 23:59,164.57,stop,5.329,1.8052835300,-52.0577535300,-0.056142,12.00,tb-pullback_rsi-SOLUSDT-1729843200-B,tb-pullback_rsi-SOLUSDT-1729886400-X
BTC/USDT,pullback_rsi,2024-10-26 04:00,67047.83,2024-10-26 12:00,67003.72,signal,0.02093,2.8077103768,-3.7309326768,-0.002659,8.00,tb-pullback_rsi-BTCUSDT-1729900800-B,tb-pullback_rsi-BTCUSDT-1729929600-S
SOL/USDT,pullback_rsi,2024-10-26 04:00,165.98,2024-10-26 12:00,168.32,signal,4.300,1.4383199000,8.6236801000,0.012083,8.00,tb-pullback_rsi-SOLUSDT-1729900800-B,tb-pullback_rsi-SOLUSDT-1729929600-S
LTC/USDT,pullback_rsi,2024-10-26 04:00,69.50,2024-10-27 04:00,68.97,signal,14.888,2.0625838600,-9.9532238600,-0.009619,24.00,tb-pullback_rsi-LTCUSDT-1729900800-B,tb-pullback_rsi-LTCUSDT-1729987200-S
BNB/USDT,pullback_rsi,2024-10-30 16:00,598.30,2024-10-31 11:59,580.28,stop,2.842,3.3513192600,-54.5641592600,-0.032090,20.00,tb-pullback_rsi-BNBUSDT-1730289600-B,tb-pullback_rsi-BNBUSDT-1730361600-X
SOL/USDT,pullback_rsi,2024-10-30 20:00,174.65,2024-10-31 12:00,174.65,signal,5.234,1.8292841000,-1.8292841000,-0.002001,16.00,tb-pullback_rsi-SOLUSDT-1730304000-B,tb-pullback_rsi-SOLUSDT-1730361600-S
LTC/USDT,pullback_rsi,2024-10-30 16:00,72.43,2024-10-31 19:59,69.55,stop,17.529,2.4900711600,-52.9735911600,-0.041724,28.00,tb-pullback_rsi-LTCUSDT-1730289600-B,tb-pullback_rsi-LTCUSDT-1730390400-X
LTC/USDT,pullback_rsi,2024-11-01 00:00,69.47,2024-11-01 16:00,69.93,signal,16.380,2.2845529900,5.2502470100,0.004614,16.00,tb-pullback_rsi-LTCUSDT-1730404800-B,tb-pullback_rsi-LTCUSDT-1730462400-S
BTC/USDT,pullback_rsi,2024-11-01 00:00,70432.60,2024-11-02 08:00,69674.28,signal,0.02164,3.0340258620,-19.4440706620,-0.012757,32.00,tb-pullback_rsi-BTCUSDT-1730404800-B,tb-pullback_rsi-BTCUSDT-1730520000-S
SOL/USDT,pullback_rsi,2024-11-01 12:00,168.22,2024-11-02 08:00,167.29,signal,5.441,1.8265192300,-6.8866492300,-0.007524,20.00,tb-pullback_rsi-SOLUSDT-1730448000-B,tb-pullback_rsi-SOLUSDT-1730520000-S
BTC/USDT,pullback_rsi,2024-11-03 20:00,68816.36,2024-11-04 00:00,68638.43,signal,0.02194,3.0178225792,-6.9216067792,-0.004584,4.00,tb-pullback_rsi-BTCUSDT-1730649600-B,tb-pullback_rsi-BTCUSDT-1730664000-S
BTC/USDT,pullback_rsi,2024-11-05 04:00,68379.50,2024-11-05 08:00,68756.21,signal,0.02016,2.7667072950,4.8277663050,0.003502,4.00,tb-pullback_rsi-BTCUSDT-1730764800-B,tb-pullback_rsi-BTCUSDT-1730779200-S
LINK/USDT,pullback_rsi,2024-11-12 20:00,14.169,2024-11-13 16:00,14.191,signal,33.81,0.95941836000,-0.21559836000,-0.000450,20.00,tb-pullback_rs-LINKUSDT-1731427200-B,tb-pullback_rs-LINKUSDT-1731499200-S
LTC/USDT,pullback_rsi,2024-11-12 20:00,76.91,2024-11-13 16:00,76.38,signal,5.963,0.9145297300,-4.0749197300,-0.008885,20.00,tb-pullback_rsi-LTCUSDT-1731427200-B,tb-pullback_rsi-LTCUSDT-1731499200-S
SOL/USDT,pullback_rsi,2024-11-12 20:00,213.60,2024-11-13 16:00,215.95,signal,2.529,1.0869727500,4.8561772500,0.008990,20.00,tb-pullback_rsi-SOLUSDT-1731427200-B,tb-pullback_rsi-SOLUSDT-1731499200-S
LINK/USDT,pullback_rsi,2024-11-14 20:00,13.317,2024-11-15 12:00,13.463,signal,32.60,0.87356068000,3.88603932000,0.008951,16.00,tb-pullback_rs-LINKUSDT-1731600000-B,tb-pullback_rs-LINKUSDT-1731657600-S
ETH/USDT,pullback_rsi,2024-11-14 20:00,3151.71,2024-11-16 00:00,3083.82,signal,0.1916,1.1953578880,-14.2030818880,-0.023520,28.00,tb-pullback_rsi-ETHUSDT-1731600000-B,tb-pullback_rsi-ETHUSDT-1731700800-S
LTC/USDT,pullback_rsi,2024-11-17 16:00,88.60,2024-11-18 04:00,94.44,signal,3.900,0.7142104000,22.0617896000,0.063847,12.00,tb-pullback_rsi-LTCUSDT-1731844800-B,tb-pullback_rsi-LTCUSDT-1731888000-S
BTC/USDT,pullback_rsi,2024-11-18 04:00,90849.92,2024-11-18 08:00,91536.46,signal,0.01235,2.2542887904,6.2244802096,0.005548,4.00,tb-pullback_rsi-BTCUSDT-1731888000-B,tb-pullback_rsi-BTCUSDT-1731902400-S
BNB/USDT,pullback_rsi,2024-11-20 08:00,614.02,2024-11-20 16:00,613.88,signal,1.661,2.0407699400,-2.2733099400,-0.002229,8.00,tb-pullback_rsi-BNBUSDT-1732075200-B,tb-pullback_rsi-BNBUSDT-1732104000-S
LTC/USDT,pullback_rsi,2024-11-19 20:00,87.53,2024-11-20 16:00,86.29,signal,4.995,0.8687560800,-7.0625560800,-0.016154,20.00,tb-pullback_rsi-LTCUSDT-1732032000-B,tb-pullback_rsi-LTCUSDT-1732104000-S
ETH/USDT,pullback_rsi,2024-11-23 00:00,3334.44,2024-11-23 04:00,3338.81,signal,0.2499,1.6686455080,-0.5765825080,-0.000692,4.00,tb-pullback_rsi-ETHUSDT-1732305600-B,tb-pullback_rsi-ETHUSDT-1732320000-S
BTC/USDT,pullback_rsi,2024-11-24 00:00,97867.75,2024-11-24 04:00,98003.69,signal,0.01549,3.0360059625,-0.9302953625,-0.000614,4.00,tb-pullback_rsi-BTCUSDT-1732392000-B,tb-pullback_rsi-BTCUSDT-1732406400-S
ADA/USDT,pullback_rsi,2024-11-24 20:00,0.9844,2024-11-25 00:00,1.0207,signal,303.9,0.609743650000,10.421826350000,0.034837,4.00,tb-pullback_rsi-ADAUSDT-1732464000-B,tb-pullback_rsi-ADAUSDT-1732478400-S
XRP/USDT,pullback_rsi,2024-11-24 20:00,1.3819,2024-11-25 00:00,1.4305,signal,212.2,0.597205850000,9.715714150000,0.033132,4.00,tb-pullback_rsi-XRPUSDT-1732464000-B,tb-pullback_rsi-XRPUSDT-1732478400-S
LTC/USDT,pullback_rsi,2024-11-24 20:00,95.58,2024-11-25 08:00,97.04,signal,4.272,0.8233505400,5.4137694600,0.013259,12.00,tb-pullback_rsi-LTCUSDT-1732464000-B,tb-pullback_rsi-LTCUSDT-1732507200-S
LTC/USDT,pullback_rsi,2024-11-26 04:00,94.22,2024-11-27 00:00,92.63,signal,4.654,0.8700710000,-8.2699310000,-0.018860,20.00,tb-pullback_rsi-LTCUSDT-1732579200-B,tb-pullback_rsi-LTCUSDT-1732651200-S
SOL/USDT,pullback_rsi,2024-11-26 04:00,237.92,2024-11-27 04:00,231.04,signal,2.580,1.2106305600,-18.9610305600,-0.030890,24.00,tb-pullback_rsi-SOLUSDT-1732579200-B,tb-pullback_rsi-SOLUSDT-1732665600-S
BTC/USDT,pullback_rsi,2024-11-26 04:00,94652.93,2024-11-27 08:00,93409.96,signal,0.01198,2.2548864800,-17.1456670800,-0.015120,28.00,tb-pullback_rsi-BTCUSDT-1732579200-B,tb-pullback_rsi-BTCUSDT-1732680000-S
ADA/USDT,pullback_rsi,2024-11-28 20:00,1.0043,2024-11-29 00:00,1.0300,signal,397.5,0.809035970000,9.406714030000,0.023563,4.00,tb-pullback_rsi-ADAUSDT-1732809600-B,tb-pullback_rsi-ADAUSDT-1732824000-S
SOL/USDT,pullback_rsi,2024-11-28 20:00,235.95,2024-11-29 00:00,237.10,signal,3.002,1.4210399000,2.0312601000,0.002868,4.00,tb-pullback_rsi-SOLUSDT-1732809600-B,tb-pullback_rsi-SOLUSDT-1732824000-S
LTC/USDT,pullback_rsi,2024-11-28 20:00,95.47,2024-11-29 04:00,96.27,signal,6.280,1.2047954900,3.8192045100,0.006370,8.00,tb-pullback_rsi-LTCUSDT-1732809600-B,tb-pullback_rsi-LTCUSDT-1732838400-S
ADA/USDT,pullback_rsi,2024-12-01 08:00,1.0584,2024-12-01 16:00,1.0711,signal,439.7,0.936870350000,4.647319650000,0.009986,8.00,tb-pullback_rsi-ADAUSDT-1733025600-B,tb-pullback_rsi-ADAUSDT-1733054400-S
BNB/USDT,pullback_rsi,2024-12-01 12:00,659.49,2024-12-01 16:00,660.95,signal,1.629,2.1523157400,0.2260242600,0.000210,4.00,tb-pullback_rsi-BNBUSDT-1733040000-B,tb-pullback_rsi-BNBUSDT-1733054400-S
SOL/USDT,pullback_rsi,2024-12-01 12:00,237.57,2024-12-01 16:00,238.03,signal,3.940,1.8748142800,-0.0624142800,-0.000067,4.00,tb-pullback_rsi-SOLUSDT-1733040000-B,tb-pullback_rsi-SOLUSDT-1733054400-S
BNB/USDT,pullback_rsi,2024-12-02 16:00,650.95,2024-12-03 04:00,650.62,signal,1.542,2.0083228400,-2.5171828400,-0.002508,12.00,tb-pullback_rsi-BNBUSDT-1733140800-B,tb-pullback_rsi-BNBUSDT-1733184000-S
ETH/USDT,pullback_rsi,2024-12-02 16:00,3679.48,2024-12-03 15:59,3498.69,stop,0.2718,1.9521304480,-51.0908524480,-0.051087,24.00,tb-pullback_rsi-ETHUSDT-1733140800-B,tb-pullback_rsi-ETHUSDT-1733227200-X
BTC/USDT,pullback_rsi,2024-12-02 16:00,97242.11,2024-12-03 15:59,94059.71,stop,0.01577,3.0187745469,-53.2052225469,-0.034695,24.00,tb-pullback_rsi-BTCUSDT-1733140800-B,tb-pullback_rsi-BTCUSDT-1733227200-X
ETH/USDT,pullback_rsi,2024-12-03 20:00,3584.50,2024-12-04 00:00,3607.28,signal,0.2629,1.8917943100,4.0970676900,0.004348,4.00,tb-pullback_rsi-ETHUSDT-1733241600-B,tb-pullback_rsi-ETHUSDT-1733256000-S
SOL/USDT,pullback_rsi,2024-12-05 04:00,233.39,2024-12-05 08:00,233.43,signal,2.533,1.1831552300,-1.0818352300,-0.001830,4.00,tb-pullback_rsi-SOLUSDT-1733356800-B,tb-pullback_rsi-SOLUSDT-1733371200-S
BNB/USDT,pullback_rsi,2024-12-05 08:00,731.06,2024-12-06 04:00,727.90,signal,0.724,1.0570181000,-3.3448581000,-0.006320,20.00,tb-pullback_rsi-BNBUSDT-1733371200-B,tb-pullback_rsi-BNBUSDT-1733443200-S
BTC/USDT,pullback_rsi,2024-12-06 04:00,97930.77,2024-12-06 16:00,99111.38,signal,0.00768,1.5142630213,7.5528217787,0.010042,12.00,tb-pullback_rsi-BTCUSDT-1733443200-B,tb-pullback_rsi-BTCUSDT-1733486400-S
XRP/USDT,pullback_rsi,2024-12-05 08:00,2.3800,2024-12-06 20:00,2.3597,signal,104.3,0.494826710000,-2.612116710000,-0.010523,36.00,tb-pullback_rsi-XRPUSDT-1733371200-B,tb-pullback_rsi-XRPUSDT-1733500800-S
LTC/USDT,pullback_rsi,2024-12-08 12:00,133.03,2024-12-08 16:00,134.10,signal,3.843,1.0271127100,3.0848972900,0.006034,4.00,tb-pullback_rsi-LTCUSDT-1733644800-B,tb-pullback_rsi-LTCUSDT-1733659200-S
ETH/USDT,pullback_rsi,2024-12-08 16:00,3998.78,2024-12-09 00:00,3996.14,signal,0.2775,2.2197899340,-2.9523899340,-0.002661,8.00,tb-pullback_rsi-ETHUSDT-1733659200-B,tb-pullback_rsi-ETHUSDT-1733688000-S
ADA/USDT,pullback_rsi,2024-12-09 00:00,1.1960,2024-12-09 15:59,1.0960,stop,477.9,1.095944800000,-48.885944800000,-0.085529,16.00,tb-pullback_rsi-ADAUSDT-1733688000-B,tb-pullback_rsi-ADAUSDT-1733745600-X
ADA/USDT,pullback_rsi,2024-12-09 16:00,1.1175,2024-12-09 23:59,1.0105,stop,443.0,0.943262750000,-48.344262750000,-0.097655,8.00,tb-pullback_rsi-ADAUSDT-1733745600-B,tb-pullback_rsi-ADAUSDT-1733774400-X
LTC/USDT,pullback_rsi,2024-12-09 16:00,123.41,2024-12-09 23:59,110.62,stop,3.698,0.8659365800,-48.1633565800,-0.105536,8.00,tb-pullback_rsi-LTCUSDT-1733745600-B,tb-pullback_rsi-LTCUSDT-1733774400-X
XRP/USDT,pullback_rsi,2024-12-09 16:00,2.3927,2024-12-09 23:59,2.1176,stop,171.6,0.774446020000,-47.981606020000,-0.116861,8.00,tb-pullback_rsi-XRPUSDT-1733745600-B,tb-pullback_rsi-XRPUSDT-1733774400-X
BTC/USDT,pullback_rsi,2024-12-10 00:00,97471.04,2024-12-10 12:00,97527.08,signal,0.01021,1.9928802292,-1.4207118292,-0.001428,12.00,tb-pullback_rsi-BTCUSDT-1733774400-B,tb-pullback_rsi-BTCUSDT-1733817600-S
ADA/USDT,pullback_rsi,2024-12-10 20:00,0.9666,2024-12-11 00:00,1.0194,signal,323.4,0.642659040000,16.432860960000,0.052569,4.00,tb-pullback_rsi-ADAUSDT-1733846400-B,tb-pullback_rsi-ADAUSDT-1733860800-S
LINK/USDT,pullback_rsi,2024-12-10 08:00,23.117,2024-12-11 04:00,22.395,signal,11.94,0.54387562000,-9.16455562000,-0.033203,20.00,tb-pullback_rs-LINKUSDT-1733803200-B,tb-pullback_rs-LINKUSDT-1733875200-S
ETH/USDT,pullback_rsi,2024-12-10 08:00,3742.01,2024-12-11 12:00,3709.40,signal,0.1923,1.4336545450,-7.7045575450,-0.010707,28.00,tb-pullback_rsi-ETHUSDT-1733803200-B,tb-pullback_rsi-ETHUSDT-1733904000-S
XRP/USDT,pullback_rsi,2024-12-13 04:00,2.3558,2024-12-13 16:00,2.3942,signal,162.6,0.772821160000,5.471018840000,0.014283,12.00,tb-pullback_rsi-XRPUSDT-1734048000-B,tb-pullback_rsi-XRPUSDT-1734091200-S
SOL/USDT,pullback_rsi,2024-12-13 12:00,226.06,2024-12-14 04:00,225.77,signal,3.179,1.4372718100,-2.3591818100,-0.003283,16.00,tb-pullback_rsi-SOLUSDT-1734076800-B,tb-pullback_rsi-SOLUSDT-1734134400-S
ADA/USDT,pullback_rsi,2024-12-15 00:00,1.0631,2024-12-15 12:00,1.0761,signal,478.4,1.023924830000,5.195275170000,0.010215,12.00,tb-pullback_rsi-ADAUSDT-1734206400-B,tb-pullback_rsi-ADAUSDT-1734249600-S
ETH/USDT,pullback_rsi,2024-12-15 00:00,3878.05,2024-12-15 16:00,3886.97,signal,0.2627,2.0410341700,0.3022498300,0.000297,16.00,tb-pullback_rsi-ETHUSDT-1734206400-B,tb-pullback_rsi-ETHUSDT-1734264000-S
LTC/USDT,pullback_rsi,2024-12-15 00:00,118.47,2024-12-15 16:00,119.82,signal,4.391,1.0469237400,4.8809262600,0.009383,16.00,tb-pullback_rsi-LTCUSDT-1734206400-B,tb-pullback_rsi-LTCUSDT-1734264000-S
LTC/USDT,pullback_rsi,2024-12-16 16:00,118.54,2024-12-16 20:00,119.84,signal,4.623,1.1026234400,4.9072765600,0.008955,4.00,tb-pullback_rsi-LTCUSDT-1734350400-B,tb-pullback_rsi-LTCUSDT-1734364800-S
XRP/USDT,pullback_rsi,2024-12-16 16:00,2.3791,2024-12-16 20:00,2.4699,signal,252.7,1.226056030000,21.719103970000,0.036126,4.00,tb-pullback_rsi-XRPUSDT-1734350400-B,tb-pullback_rsi-XRPUSDT-1734364800-S
LINK/USDT,pullback_rsi,2024-12-17 12:00,28.447,2024-12-18 12:00,27.864,signal,15.08,0.84973882000,-9.64137882000,-0.022475,24.00,tb-pullback_rs-LINKUSDT-1734422400-B,tb-pullback_rs-LINKUSDT-1734508800-S
BTC/USDT,pullback_rsi,2024-12-18 12:00,105238.39,2024-12-18 23:59,101258.20,stop,0.01214,2.5089733724,-50.8284799724,-0.039785,12.00,tb-pullback_rsi-BTCUSDT-1734508800-B,tb-pullback_rsi-BTCUSDT-1734552000-X
ETH/USDT,pullback_rsi,2024-12-18 12:00,3890.43,2024-12-18 23:59,3698.46,stop,0.2486,1.8877651870,-49.6115071870,-0.051296,12.00,tb-pullback_rsi-ETHUSDT-1734508800-B,tb-pullback_rsi-ETHUSDT-1734552000-X
BTC/USDT,pullback_rsi,2024-12-19 04:00,101395.54,2024-12-19 12:00,102245.10,signal,0.01046,2.1321090092,6.7542885908,0.006368,8.00,tb-pullback_rsi-BTCUSDT-1734566400-B,tb-pullback_rsi-BTCUSDT-1734595200-S
ETH/USDT,pullback_rsi,2024-12-19 04:00,3676.24,2024-12-19 19:59,3450.05,stop,0.2068,1.4748196440,-48.2509116440,-0.063467,16.00,tb-pullback_rsi-ETHUSDT-1734566400-B,tb-pullback_rsi-ETHUSDT-1734624000-X
BNB/USDT,pullback_rsi,2024-12-19 04:00,702.09,2024-12-19 19:59,663.05,stop,1.202,1.6423024600,-48.5683824600,-0.057551,16.00,tb-pullback_rsi-BNBUSDT-1734566400-B,tb-pullback_rsi-BNBUSDT-1734624000-X
XRP/USDT,pullback_rsi,2024-12-20 00:00,2.2436,2024-12-20 04:00,2.3251,signal,161.8,0.739664380000,12.447035620000,0.034288,4.00,tb-pullback_rsi-XRPUSDT-1734638400-B,tb-pullback_rsi-XRPUSDT-1734652800-S
BTC/USDT,pullback_rsi,2024-12-20 00:00,97656.79,2024-12-20 15:59,92330.72,stop,0.00873,1.6595675346,-48.1561586346,-0.056485,16.00,tb-pullback_rsi-BTCUSDT-1734638400-B,tb-pullback_rsi-BTCUSDT-1734696000-X
LINK/USDT,pullback_rsi,2024-12-20 00:00,22.856,2024-12-20 20:00,23.253,signal,13.25,0.61140137000,4.64884863000,0.015351,20.00,tb-pullback_rs-LINKUSDT-1734638400-B,tb-pullback_rs-LINKUSDT-1734710400-S
BTC/USDT,pullback_rsi,2024-12-20 16:00,97185.62,2024-12-21 00:00,97609.82,signal,0.00722,1.4073949326,1.6553290674,0.002359,8.00,tb-pullback_rsi-BTCUSDT-1734696000-B,tb-pullback_rsi-BTCUSDT-1734724800-S
XRP/USDT,pullback_rsi,2024-12-20 16:00,2.2192,2024-12-21 04:00,2.2950,signal,129.3,0.584129900000,9.216810100000,0.032121,12.00,tb-pullback_rsi-XRPUSDT-1734696000-B,tb-pullback_rsi-XRPUSDT-1734739200-S
BNB/USDT,pullback_rsi,2024-12-26 20:00,693.60,2024-12-27 12:00,704.61,signal,1.361,1.9043510100,13.0802589900,0.013856,16.00,tb-pullback_rsi-BNBUSDT-1735228800-B,tb-pullback_rsi-BNBUSDT-1735286400-S
LINK/USDT,pullback_rsi,2024-12-26 20:00,22.856,2024-12-27 12:00,23.393,signal,20.28,0.93861540000,9.95174460000,0.021470,16.00,tb-pullback_rs-LINKUSDT-1735228800-B,tb-pullback_rs-LINKUSDT-1735286400-S
XRP/USDT,pullback_rsi,2024-12-27 04:00,2.1798,2024-12-27 12:00,2.2100,signal,292.0,1.282475540000,7.535924460000,0.011840,8.00,tb-pullback_rsi-XRPUSDT-1735257600-B,tb-pullback_rsi-XRPUSDT-1735286400-S
XRP/USDT,pullback_rsi,2025-01-05 08:00,2.4054,2025-01-06 00:00,2.3945,signal,355.2,1.705886640000,-5.577566640000,-0.006528,16.00,tb-pullback_rsi-XRPUSDT-1736049600-B,tb-pullback_rsi-XRPUSDT-1736107200-S
ADA/USDT,pullback_rsi,2025-01-18 12:00,1.0732,2025-01-19 00:00,1.1021,signal,446.6,0.972025580000,11.934714420000,0.024901,12.00,tb-pullback_rsi-ADAUSDT-1737187200-B,tb-pullback_rsi-ADAUSDT-1737230400-S
BNB/USDT,pullback_rsi,2025-01-18 12:00,703.32,2025-01-19 00:00,708.10,signal,1.783,2.5179685000,6.0047715000,0.004788,12.00,tb-pullback_rsi-BNBUSDT-1737187200-B,tb-pullback_rsi-BNBUSDT-1737230400-S
LTC/USDT,pullback_rsi,2025-01-18 12:00,127.90,2025-01-19 11:59,114.39,stop,3.385,0.8206632500,-46.5520132500,-0.107525,24.00,tb-pullback_rsi-LTCUSDT-1737187200-B,tb-pullback_rsi-LTCUSDT-1737273600-X
BNB/USDT,pullback_rsi,2025-01-19 16:00,699.28,2025-01-19 20:00,705.89,signal,1.632,2.2946360000,8.4928840000,0.007442,4.00,tb-pullback_rsi-BNBUSDT-1737288000-B,tb-pullback_rsi-BNBUSDT-1737302400-S
LINK/USDT,pullback_rsi,2025-01-19 16:00,25.461,2025-01-19 20:00,25.987,signal,17.36,0.89364650000,8.23771350000,0.018637,4.00,tb-pullback_rs-LINKUSDT-1737288000-B,tb-pullback_rs-LINKUSDT-1737302400-S
LTC/USDT,pullback_rsi,2025-01-19 16:00,124.56,2025-01-19 23:59,110.99,stop,3.357,0.7912395900,-46.3457295900,-0.110836,8.00,tb-pullback_rsi-LTCUSDT-1737288000-B,tb-pullback_rsi-LTCUSDT-1737316800-X
LINK/USDT,pullback_rsi,2025-01-21 12:00,25.712,2025-01-21 16:00,25.788,signal,12.48,0.64323424000,0.30524576000,0.000951,4.00,tb-pullback_rs-LINKUSDT-1737446400-B,tb-pullback_rs-LINKUSDT-1737460800-S
ADA/USDT,pullback_rsi,2025-01-21 12:00,1.0024,2025-01-21 20:00,1.0126,signal,355.0,0.715725960000,2.905274040000,0.008164,8.00,tb-pullback_rsi-ADAUSDT-1737446400-B,tb-pullback_rsi-ADAUSDT-1737475200-S
SOL/USDT,pullback_rsi,2025-01-20 08:00,262.44,2025-01-21 20:00,252.90,signal,1.059,0.5462699400,-10.6491299400,-0.038317,36.00,tb-pullback_rsi-SOLUSDT-1737345600-B,tb-pullback_rsi-SOLUSDT-1737475200-S
BTC/USDT,pullback_rsi,2025-01-22 20:00,104839.26,2025-01-23 16:00,105052.99,signal,0.00796,1.6717907022,0.0295000978,0.000035,20.00,tb-pullback_rsi-BTCUSDT-1737561600-B,tb-pullback_rsi-BTCUSDT-1737633600-S
LTC/USDT,pullback_rsi,2025-01-22 12:00,117.43,2025-01-23 16:00,115.72,signal,3.588,0.8370119200,-6.9724919200,-0.016548,28.00,tb-pullback_rsi-LTCUSDT-1737532800-B,tb-pullback_rsi-LTCUSDT-1737633600-S
LINK/USDT,pullback_rsi,2025-01-23 16:00,25.531,2025-01-24 00:00,25.608,signal,16.81,0.86015721000,0.43421279000,0.001012,8.00,tb-pullback_rs-LINKUSDT-1737633600-B,tb-pullback_rs-LINKUSDT-1737662400-S
SOL/USDT,pullback_rsi,2025-01-25 12:00,250.47,2025-01-25 16:00,253.17,signal,1.776,0.8949655800,3.9002344200,0.008768,4.00,tb-pullback_rsi-SOLUSDT-1737792000-B,tb-pullback_rsi-SOLUSDT-1737806400-S
BTC/USDT,pullback_rsi,2025-01-27 16:00,101314.26,2025-01-28 00:00,101878.66,signal,0.01027,2.0888175754,3.7075704246,0.003563,8.00,tb-pullback_rsi-BTCUSDT-1737979200-B,tb-pullback_rsi-BTCUSDT-1738008000-S
XRP/USDT,pullback_rsi,2025-01-27 16:00,2.9626,2025-01-28 00:00,3.0490,signal,178.4,1.073061960000,14.340698040000,0.027133,8.00,tb-pullback_rsi-XRPUSDT-1737979200-B,tb-pullback_rsi-XRPUSDT-1738008000-S
SOL/USDT,pullback_rsi,2025-01-27 16:00,234.14,2025-01-28 04:00,236.20,signal,1.944,0.9148092400,3.0898307600,0.006788,12.00,tb-pullback_rsi-SOLUSDT-1737979200-B,tb-pullback_rsi-SOLUSDT-1738022400-S
BTC/USDT,pullback_rsi,2025-01-29 04:00,102242.29,2025-01-29 08:00,102550.29,signal,0.01068,2.1892296030,1.1002103970,0.001008,4.00,tb-pullback_rsi-BTCUSDT-1738108800-B,tb-pullback_rsi-BTCUSDT-1738123200-S
LTC/USDT,pullback_rsi,2025-01-29 04:00,113.57,2025-01-29 08:00,114.49,signal,4.618,1.0537489300,3.1948110700,0.006092,4.00,tb-pullback_rsi-LTCUSDT-1738108800-B,tb-pullback_rsi-LTCUSDT-1738123200-S
SOL/USDT,pullback_rsi,2025-01-29 04:00,231.67,2025-01-29 08:00,233.95,signal,2.183,1.0171434700,3.9600965300,0.007830,4.00,tb-pullback_rsi-SOLUSDT-1738108800-B,tb-pullback_rsi-SOLUSDT-1738123200-S
BTC/USDT,pullback_rsi,2025-01-31 12:00,104945.49,2025-01-31 16:00,105253.07,signal,0.01287,2.7073543761,1.2512002239,0.000926,4.00,tb-pullback_rsi-BTCUSDT-1738310400-B,tb-pullback_rsi-BTCUSDT-1738324800-S
SOL/USDT,pullback_rsi,2025-01-31 12:00,239.25,2025-01-31 16:00,239.61,signal,2.638,1.2639504300,-0.3142704300,-0.000498,4.00,tb-pullback_rsi-SOLUSDT-1738310400-B,tb-pullback_rsi-SOLUSDT-1738324800-S
BTC/USDT,pullback_rsi,2025-02-01 16:00,102278.04,2025-02-02 07:59,98839.72,stop,0.01541,3.1012702472,-56.0857814472,-0.035585,16.00,tb-pullback_rsi-BTCUSDT-1738411200-B,tb-pullback_rsi-BTCUSDT-1738468800-X
XRP/USDT,pullback_rsi,2025-02-02 08:00,2.8875,2025-02-02 19:59,2.6883,stop,256.3,1.429943790000,-52.484903790000,-0.070919,12.00,tb-pullback_rsi-XRPUSDT-1738468800-B,tb-pullback_rsi-XRPUSDT-1738512000-X
LTC/USDT,pullback_rsi,2025-02-02 08:00,115.79,2025-02-02 23:59,103.87,stop,4.240,0.9319373500,-51.4727373500,-0.104843,16.00,tb-pullback_rsi-LTCUSDT-1738468800-B,tb-pullback_rsi-LTCUSDT-1738526400-X
LTC/USDT,pullback_rsi,2025-02-12 00:00,119.50,2025-02-12 20:00,123.55,signal,4.277,1.0401223500,16.2817276500,0.031856,20.00,tb-pullback_rsi-LTCUSDT-1739304000-B,tb-pullback_rsi-LTCUSDT-1739376000-S
BNB/USDT,pullback_rsi,2025-02-14 04:00,684.56,2025-02-15 16:00,664.88,signal,0.888,1.1989872800,-18.6748272800,-0.030721,36.00,tb-pullback_rsi-BNBUSDT-1739491200-B,tb-pullback_rsi-BNBUSDT-1739620800-S
ADA/USDT,pullback_rsi,2025-04-24 12:00,0.6889,2025-04-24 16:00,0.7247,signal,1252.7,1.771712290000,43.074947710000,0.049914,4.00,tb-pullback_rsi-ADAUSDT-1745481600-B,tb-pullback_rsi-ADAUSDT-1745496000-S
XRP/USDT,pullback_rsi,2025-04-24 12:00,2.1600,2025-04-24 16:00,2.2081,signal,427.9,1.870189990000,18.711800010000,0.020245,4.00,tb-pullback_rsi-XRPUSDT-1745481600-B,tb-pullback_rsi-XRPUSDT-1745496000-S
BNB/USDT,pullback_rsi,2025-04-24 00:00,606.94,2025-04-25 00:00,600.35,signal,3.020,3.6484435600,-23.5502435600,-0.012848,24.00,tb-pullback_rsi-BNBUSDT-1745438400-B,tb-pullback_rsi-BNBUSDT-1745524800-S
BNB/USDT,pullback_rsi,2025-04-26 04:00,603.41,2025-04-26 16:00,606.74,signal,3.010,3.6449651400,6.3783348600,0.003512,12.00,tb-pullback_rsi-BNBUSDT-1745625600-B,tb-pullback_rsi-BNBUSDT-1745668800-S
SOL/USDT,pullback_rsi,2025-04-26 16:00,149.62,2025-04-27 16:00,148.72,signal,6.144,1.8340483000,-7.3636483000,-0.008010,24.00,tb-pullback_rsi-SOLUSDT-1745668800-B,tb-pullback_rsi-SOLUSDT-1745755200-S
XRP/USDT,pullback_rsi,2025-04-27 12:00,2.1847,2025-04-27 16:00,2.2233,signal,554.6,2.445987620000,18.961572380000,0.015650,4.00,tb-pullback_rsi-XRPUSDT-1745740800-B,tb-pullback_rsi-XRPUSDT-1745755200-S
BNB/USDT,pullback_rsi,2025-04-27 12:00,601.74,2025-04-27 20:00,604.24,signal,3.214,3.8784266800,4.1565733200,0.002149,8.00,tb-pullback_rsi-BNBUSDT-1745740800-B,tb-pullback_rsi-BNBUSDT-1745769600-S
LINK/USDT,pullback_rsi,2025-04-27 20:00,14.850,2025-04-28 04:00,14.820,signal,56.16,1.66715820000,-3.35195820000,-0.004019,8.00,tb-pullback_rs-LINKUSDT-1745769600-B,tb-pullback_rs-LINKUSDT-1745798400-S
ADA/USDT,pullback_rsi,2025-04-27 20:00,0.7174,2025-04-28 08:00,0.7237,signal,1119.3,1.613884110000,5.437705890000,0.006772,12.00,tb-pullback_rsi-ADAUSDT-1745769600-B,tb-pullback_rsi-ADAUSDT-1745812800-S
XRP/USDT,pullback_rsi,2025-04-30 04:00,2.2532,2025-04-30 15:59,2.1436,stop,469.5,2.065424200000,-53.522624200000,-0.050594,12.00,tb-pullback_rsi-XRPUSDT-1745971200-B,tb-pullback_rsi-XRPUSDT-1746014400-X
LINK/USDT,pullback_rsi,2025-04-30 04:00,14.760,2025-04-30 15:59,13.868,stop,57.22,1.63897976000,-52.67921976000,-0.062374,12.00,tb-pullback_rs-LINKUSDT-1745971200-B,tb-pullback_rs-LINKUSDT-1746014400-X
ADA/USDT,pullback_rsi,2025-04-30 04:00,0.7042,2025-05-01 04:00,0.6874,signal,1155.4,1.608699680000,-21.019419680000,-0.025834,24.00,tb-pullback_rsi-ADAUSDT-1745971200-B,tb-pullback_rsi-ADAUSDT-1746057600-S
LINK/USDT,pullback_rsi,2025-04-30 20:00,14.239,2025-05-01 04:00,14.500,signal,53.09,1.52660785000,12.32988215000,0.016310,8.00,tb-pullback_rs-LINKUSDT-1746028800-B,tb-pullback_rs-LINKUSDT-1746057600-S
LTC/USDT,pullback_rsi,2025-04-30 20:00,83.86,2025-05-01 08:00,84.78,signal,10.916,1.8417967000,8.2009233000,0.008959,12.00,tb-pullback_rsi-LTCUSDT-1746028800-B,tb-pullback_rsi-LTCUSDT-1746072000-S
SOL/USDT,pullback_rsi,2025-05-02 12:00,151.03,2025-05-04 12:00,145.16,signal,6.790,2.0121873100,-41.8694873100,-0.040829,48.00,tb-pullback_rsi-SOLUSDT-1746172800-B,tb-pullback_rsi-SOLUSDT-1746345600-S
BTC/USDT,pullback_rsi,2025-05-03 16:00,96611.52,2025-05-04 23:59,94237.90,stop,0.02014,3.8466056684,-51.6513124684,-0.026546,32.00,tb-pullback_rsi-BTCUSDT-1746273600-B,tb-pullback_rsi-BTCUSDT-1746388800-X
LINK/USDT,pullback_rsi,2025-05-03 16:00,14.449,2025-05-05 08:00,14.091,signal,66.95,1.91176443000,-25.87986443000,-0.026753,40.00,tb-pullback_rs-LINKUSDT-1746273600-B,tb-pullback_rs-LINKUSDT-1746417600-S
SOL/USDT,pullback_rsi,2025-05-04 16:00,147.13,2025-05-05 08:00,146.58,signal,8.549,2.5122509600,-7.2142009600,-0.005736,16.00,tb-pullback_rsi-SOLUSDT-1746360000-B,tb-pullback_rsi-SOLUSDT-1746417600-S
ADA/USDT,pullback_rsi,2025-05-05 08:00,0.6872,2025-05-06 11:59,0.6464,stop,1223.7,1.632819680000,-51.559779680000,-0.061313,28.00,tb-pullback_rsi-ADAUSDT-1746417600-B,tb-pullback_rsi-ADAUSDT-1746518400-X
ETH/USDT,pullback_rsi,2025-05-06 20:00,1788.37,2025-05-07 00:00,1813.36,signal,0.6746,2.4309789210,14.4272750790,0.011959,4.00,tb-pullback_rsi-ETHUSDT-1746547200-B,tb-pullback_rsi-ETHUSDT-1746561600-S
ETH/USDT,pullback_rsi,2025-05-08 00:00,1814.74,2025-05-08 04:00,1897.28,signal,0.6655,2.4716196280,52.4587503720,0.043437,4.00,tb-pullback_rsi-ETHUSDT-1746648000-B,tb-pullback_rsi-ETHUSDT-1746662400-S
BTC/USDT,pullback_rsi,2025-05-13 00:00,102996.91,2025-05-13 12:00,103521.74,signal,0.01407,2.9077773419,4.4765807581,0.003089,12.00,tb-pullback_rsi-BTCUSDT-1747080000-B,tb-pullback_rsi-BTCUSDT-1747123200-S
ETH/USDT,pullback_rsi,2025-05-13 00:00,2500.48,2025-05-13 12:00,2508.36,signal,0.2392,1.1988646700,0.6860313300,0.001147,12.00,tb-pullback_rsi-ETHUSDT-1747080000-B,tb-pullback_rsi-ETHUSDT-1747123200-S
LINK/USDT,pullback_rsi,2025-05-13 00:00,16.774,2025-05-13 16:00,16.836,signal,33.60,1.12996696000,0.95323304000,0.001691,16.00,tb-pullback_rs-LINKUSDT-1747080000-B,tb-pullback_rs-LINKUSDT-1747137600-S
LTC/USDT,pullback_rsi,2025-05-14 20:00,100.39,2025-05-15 20:00,99.39,signal,6.009,1.2011807500,-7.2101807500,-0.011952,24.00,tb-pullback_rsi-LTCUSDT-1747238400-B,tb-pullback_rsi-LTCUSDT-1747324800-S
ADA/USDT,pullback_rsi,2025-05-15 12:00,0.7735,2025-05-16 04:00,0.7799,signal,739.3,1.149047420000,3.582472580000,0.006265,16.00,tb-pullback_rsi-ADAUSDT-1747296000-B,tb-pullback_rsi-ADAUSDT-1747353600-S
LINK/USDT,pullback_rsi,2025-05-15 12:00,16.353,2025-05-16 08:00,16.317,signal,36.90,1.20617712000,-2.53457712000,-0.004200,20.00,tb-pullback_rs-LINKUSDT-1747296000-B,tb-pullback_rs-LINKUSDT-1747368000-S
XRP/USDT,pullback_rsi,2025-05-16 04:00,2.4175,2025-05-18 04:00,2.3538,signal,258.5,1.234106300000,-17.700556300000,-0.028324,48.00,tb-pullback_rsi-XRPUSDT-1747353600-B,tb-pullback_rsi-XRPUSDT-1747526400-S
ADA/USDT,pullback_rsi,2025-05-17 08:00,0.7776,2025-05-18 08:00,0.7578,signal,782.5,1.202072580000,-16.695572580000,-0.027439,24.00,tb-pullback_rsi-ADAUSDT-1747454400-B,tb-pullback_rsi-ADAUSDT-1747540800-S
SOL/USDT,pullback_rsi,2025-05-17 04:00,168.60,2025-05-18 08:00,170.33,signal,4.143,1.4050299900,5.7623600100,0.008250,28.00,tb-pullback_rsi-SOLUSDT-1747440000-B,tb-pullback_rsi-SOLUSDT-1747540800-S
ADA/USDT,pullback_rsi,2025-05-20 16:00,0.7336,2025-05-20 20:00,0.7378,signal,935.0,1.376492600000,2.550507400000,0.003718,4.00,tb-pullback_rsi-ADAUSDT-1747742400-B,tb-pullback_rsi-ADAUSDT-1747756800-S
LTC/USDT,pullback_rsi,2025-05-20 16:00,94.08,2025-05-21 04:00,94.55,signal,7.036,1.3279533200,1.9789666800,0.002990,12.00,tb-pullback_rsi-LTCUSDT-1747742400-B,tb-pullback_rsi-LTCUSDT-1747785600-S
BNB/USDT,pullback_rsi,2025-05-24 04:00,665.80,2025-05-24 12:00,673.34,signal,1.909,2.5577498600,11.8361101400,0.009312,8.00,tb-pullback_rsi-BNBUSDT-1748044800-B,tb-pullback_rsi-BNBUSDT-1748073600-S
BTC/USDT,pullback_rsi,2025-05-24 04:00,108583.05,2025-05-24 12:00,108990.15,signal,0.01177,2.5630082295,2.2285587705,0.001744,8.00,tb-pullback_rsi-BTCUSDT-1748044800-B,tb-pullback_rsi-BTCUSDT-1748073600-S
ETH/USDT,pullback_rsi,2025-05-25 12:00,2502.91,2025-05-25 20:00,2521.54,signal,0.3473,1.7459926470,4.7242063530,0.005435,8.00,tb-pullback_rsi-ETHUSDT-1748160000-B,tb-pullback_rsi-ETHUSDT-1748188800-S
LINK/USDT,pullback_rsi,2025-05-24 04:00,15.772,2025-05-26 00:00,15.508,signal,37.83,1.18395328000,-11.17107328000,-0.018723,44.00,tb-pullback_rs-LINKUSDT-1748044800-B,tb-pullback_rs-LINKUSDT-1748203200-S
LTC/USDT,pullback_rsi,2025-05-25 04:00,95.98,2025-05-26 00:00,95.39,signal,8.442,1.6164093600,-6.5971893600,-0.008142,20.00,tb-pullback_rsi-LTCUSDT-1748131200-B,tb-pullback_rsi-LTCUSDT-1748203200-S
SOL/USDT,pullback_rsi,2025-05-27 00:00,175.27,2025-05-27 12:00,176.44,signal,5.126,1.8039170800,4.1935029200,0.004668,12.00,tb-pullback_rsi-SOLUSDT-1748289600-B,tb-pullback_rsi-SOLUSDT-1748332800-S
ADA/USDT,pullback_rsi,2025-05-28 12:00,0.7605,2025-05-29 04:00,0.7564,signal,1264.5,1.919108700000,-7.103558700000,-0.007387,16.00,tb-pullback_rsi-ADAUSDT-1748419200-B,tb-pullback_rsi-ADAUSDT-1748476800-S
BTC/USDT,pullback_rsi,2025-05-29 00:00,107997.35,2025-05-29 04:00,107828.78,signal,0.01577,3.4057380165,-6.0640869165,-0.003561,4.00,tb-pullback_rsi-BTCUSDT-1748462400-B,tb-pullback_rsi-BTCUSDT-1748476800-S
SOL/USDT,pullback_rsi,2025-05-28 12:00,174.87,2025-05-29 04:00,173.34,signal,5.881,2.0488722300,-11.0468022300,-0.010742,16.00,tb-pullback_rsi-SOLUSDT-1748419200-B,tb-pullback_rsi-SOLUSDT-1748476800-S
BNB/USDT,pullback_rsi,2025-05-30 12:00,672.53,2025-05-30 23:59,652.75,stop,2.603,3.4517214300,-54.9390614300,-0.031383,12.00,tb-pullback_rsi-BNBUSDT-1748592000-B,tb-pullback_rsi-BNBUSDT-1748635200-X
ETH/USDT,pullback_rsi,2025-05-30 12:00,2627.29,2025-05-31 03:59,2479.70,stop,0.3370,1.7221065460,-51.4599365460,-0.058121,16.00,tb-pullback_rsi-ETHUSDT-1748592000-B,tb-pullback_rsi-ETHUSDT-1748649600-X
BTC/USDT,pullback_rsi,2025-05-30 04:00,106236.38,2025-05-31 16:00,104346.96,signal,0.01463,3.0829589870,-30.7251735870,-0.019769,36.00,tb-pullback_rsi-BTCUSDT-1748563200-B,tb-pullback_rsi-BTCUSDT-1748692800-S
ETH/USDT,pullback_rsi,2025-05-31 08:00,2526.16,2025-05-31 16:00,2531.21,signal,0.3310,1.6749999340,-0.0034499340,-0.000004,8.00,tb-pullback_rsi-ETHUSDT-1748664000-B,tb-pullback_rsi-ETHUSDT-1748692800-S
BNB/USDT,pullback_rsi,2025-05-31 08:00,655.15,2025-05-31 20:00,657.21,signal,2.356,3.0938856100,1.7594743900,0.001140,12.00,tb-pullback_rsi-BNBUSDT-1748664000-B,tb-pullback_rsi-BNBUSDT-1748707200-S
ETH/USDT,pullback_rsi,2025-06-01 16:00,2528.28,2025-06-01 20:00,2521.32,signal,0.4050,2.0463521400,-4.8651521400,-0.004751,4.00,tb-pullback_rsi-ETHUSDT-1748779200-B,tb-pullback_rsi-ETHUSDT-1748793600-S
BNB/USDT,pullback_rsi,2025-06-01 16:00,656.03,2025-06-02 00:00,659.44,signal,2.792,3.6747603300,5.8459596700,0.003192,8.00,tb-pullback_rsi-BNBUSDT-1748779200-B,tb-pullback_rsi-BNBUSDT-1748808000-S
ETH/USDT,pullback_rsi,2025-06-06 04:00,2460.62,2025-06-06 16:00,2504.60,signal,0.3337,1.6578781620,13.0182478380,0.015854,12.00,tb-pullback_rsi-ETHUSDT-1749168000-B,tb-pullback_rsi-ETHUSDT-1749211200-S
BTC/USDT,pullback_rsi,2025-06-12 16:00,107235.01,2025-06-13 03:59,104472.39,stop,0.01859,3.9377852661,-55.2948910661,-0.027738,12.00,tb-pullback_rsi-BTCUSDT-1749729600-B,tb-pullback_rsi-BTCUSDT-1749772800-X
BTC/USDT,pullback_rsi,2025-06-13 08:00,105104.81,2025-06-13 16:00,105225.99,signal,0.01540,3.2411964202,-1.3750244202,-0.000850,8.00,tb-pullback_rsi-BTCUSDT-1749787200-B,tb-pullback_rsi-BTCUSDT-1749816000-S
BNB/USDT,pullback_rsi,2025-06-13 08:00,656.33,2025-06-14 00:00,654.03,signal,2.697,3.5360099100,-9.7391099100,-0.005502,16.00,tb-pullback_rsi-BNBUSDT-1749787200-B,tb-pullback_rsi-BNBUSDT-1749844800-S
ETH/USDT,pullback_rsi,2025-06-13 08:00,2531.52,2025-06-14 00:00,2574.03,signal,0.2674,1.3659835240,10.0011904760,0.014774,16.00,tb-pullback_rsi-ETHUSDT-1749787200-B,tb-pullback_rsi-ETHUSDT-1749844800-S
BTC/USDT,pullback_rsi,2025-06-15 00:00,105625.46,2025-06-15 04:00,105262.59,signal,0.01786,3.7685730848,-10.2494312848,-0.005433,4.00,tb-pullback_rsi-BTCUSDT-1749931200-B,tb-pullback_rsi-BTCUSDT-1749945600-S
ETH/USDT,pullback_rsi,2025-06-15 00:00,2535.84,2025-06-15 16:00,2536.72,signal,0.3374,1.7124960820,-1.4155840820,-0.001655,16.00,tb-pullback_rsi-ETHUSDT-1749931200-B,tb-pullback_rsi-ETHUSDT-1749988800-S
BTC/USDT,pullback_rsi,2025-07-02 00:00,105892.50,2025-07-02 04:00,105982.31,signal,0.02225,4.7173913000,-2.7191188000,-0.001154,4.00,tb-pullback_rsi-BTCUSDT-1751400000-B,tb-pullback_rsi-BTCUSDT-1751414400-S
ETH/USDT,pullback_rsi,2025-07-04 12:00,2554.30,2025-07-05 08:00,2516.27,signal,0.4491,2.2784701400,-19.3577431400,-0.016875,20.00,tb-pullback_rsi-ETHUSDT-1751616000-B,tb-pullback_rsi-ETHUSDT-1751688000-S
BTC/USDT,pullback_rsi,2025-07-05 00:00,108200.22,2025-07-05 20:00,107925.49,signal,0.01666,3.6028183296,-8.1798201296,-0.004538,20.00,tb-pullback_rsi-BTCUSDT-1751659200-B,tb-pullback_rsi-BTCUSDT-1751731200-S
LTC/USDT,pullback_rsi,2025-07-04 12:00,88.33,2025-07-05 20:00,86.58,signal,12.043,2.1075894200,-23.1828394200,-0.021793,32.00,tb-pullback_rsi-LTCUSDT-1751616000-B,tb-pullback_rsi-LTCUSDT-1751731200-S
BTC/USDT,pullback_rsi,2025-07-08 00:00,108479.47,2025-07-08 08:00,108267.64,signal,0.01852,4.0163260638,-7.9394176638,-0.003952,8.00,tb-pullback_rsi-BTCUSDT-1751918400-B,tb-pullback_rsi-BTCUSDT-1751947200-S
ETH/USDT,pullback_rsi,2025-07-07 20:00,2549.06,2025-07-08 08:00,2548.31,signal,0.5232,2.6684734180,-3.0608734180,-0.002295,12.00,tb-pullback_rsi-ETHUSDT-1751904000-B,tb-pullback_rsi-ETHUSDT-1751947200-S
ETH/USDT,pullback_rsi,2025-07-12 20:00,2947.07,2025-07-13 04:00,2949.19,signal,0.3325,1.9616852830,-1.2567852830,-0.001283,8.00,tb-pullback_rsi-ETHUSDT-1752336000-B,tb-pullback_rsi-ETHUSDT-1752364800-S
LINK/USDT,pullback_rsi,2025-07-12 20:00,15.081,2025-07-13 08:00,15.339,signal,50.39,1.53376866000,11.46685134000,0.015089,12.00,tb-pullback_rs-LINKUSDT-1752336000-B,tb-pullback_rs-LINKUSDT-1752379200-S
SOL/USDT,pullback_rsi,2025-07-12 20:00,161.04,2025-07-13 08:00,162.34,signal,5.935,1.9202265400,5.7952734600,0.006063,12.00,tb-pullback_rsi-SOLUSDT-1752336000-B,tb-pullback_rsi-SOLUSDT-1752379200-S
LINK/USDT,pullback_rsi,2025-07-15 08:00,15.441,2025-07-15 16:00,15.538,signal,44.82,1.38925083000,2.95828917000,0.004275,8.00,tb-pullback_rs-LINKUSDT-1752552000-B,tb-pullback_rs-LINKUSDT-1752580800-S
LTC/USDT,pullback_rsi,2025-07-15 08:00,92.67,2025-07-15 20:00,94.98,signal,8.854,1.6622871300,18.7904528700,0.022901,12.00,tb-pullback_rsi-LTCUSDT-1752552000-B,tb-pullback_rsi-LTCUSDT-1752595200-S
SOL/USDT,pullback_rsi,2025-07-15 08:00,159.86,2025-07-16 00:00,163.65,signal,5.761,1.8647002700,19.9694897300,0.021683,16.00,tb-pullback_rsi-SOLUSDT-1752552000-B,tb-pullback_rsi-SOLUSDT-1752609600-S
BTC/USDT,pullback_rsi,2025-07-19 00:00,118160.69,2025-07-20 16:00,118433.77,signal,0.01261,2.9858193547,0.4577194453,0.000307,40.00,tb-pullback_rsi-BTCUSDT-1752868800-B,tb-pullback_rsi-BTCUSDT-1753012800-S
ETH/USDT,pullback_rsi,2025-07-22 12:00,3712.72,2025-07-23 00:00,3738.71,signal,0.2273,1.6948238520,4.2127031480,0.004992,12.00,tb-pullback_rsi-ETHUSDT-1753171200-B,tb-pullback_rsi-ETHUSDT-1753214400-S
ADA/USDT,pullback_rsi,2025-07-24 00:00,0.8177,2025-07-24 16:00,0.8218,signal,617.1,1.012307840000,1.517802160000,0.003008,16.00,tb-pullback_rsi-ADAUSDT-1753300800-B,tb-pullback_rsi-ADAUSDT-1753358400-S
LINK/USDT,pullback_rsi,2025-07-24 00:00,18.217,2025-07-24 16:00,18.433,signal,28.28,1.03700851000,5.07147149000,0.009844,16.00,tb-pullback_rs-LINKUSDT-1753300800-B,tb-pullback_rs-LINKUSDT-1753358400-S
BNB/USDT,pullback_rsi,2025-07-25 08:00,762.93,2025-07-25 12:00,770.12,signal,1.070,1.6418893600,6.0514106400,0.007413,4.00,tb-pullback_rsi-BNBUSDT-1753416000-B,tb-pullback_rsi-BNBUSDT-1753430400-S
LTC/USDT,pullback_rsi,2025-07-25 08:00,111.38,2025-07-25 12:00,115.44,signal,4.779,1.0845296800,18.3182103200,0.034414,4.00,tb-pullback_rsi-LTCUSDT-1753416000-B,tb-pullback_rsi-LTCUSDT-1753430400-S
SOL/USDT,pullback_rsi,2025-07-24 00:00,189.78,2025-07-25 20:00,181.79,signal,3.297,1.2258254100,-27.5688554100,-0.044060,44.00,tb-pullback_rsi-SOLUSDT-1753300800-B,tb-pullback_rsi-SOLUSDT-1753459200-S
ETH/USDT,pullback_rsi,2025-07-29 00:00,3806.60,2025-07-29 08:00,3869.60,signal,0.2712,2.0829274200,15.0026725800,0.014533,8.00,tb-pullback_rsi-ETHUSDT-1753732800-B,tb-pullback_rsi-ETHUSDT-1753761600-S
LTC/USDT,pullback_rsi,2025-07-29 04:00,109.50,2025-07-29 08:00,110.38,signal,7.219,1.5881897200,4.7645302800,0.006027,4.00,tb-pullback_rsi-LTCUSDT-1753747200-B,tb-pullback_rsi-LTCUSDT-1753761600-S
XRP/USDT,pullback_rsi,2025-07-29 04:00,3.1470,2025-07-29 08:00,3.1690,signal,255.8,1.616576900000,4.011023100000,0.004983,4.00,tb-pullback_rsi-XRPUSDT-1753747200-B,tb-pullback_rsi-XRPUSDT-1753761600-S
BTC/USDT,pullback_rsi,2025-07-29 20:00,117760.34,2025-07-30 04:00,117925.53,signal,0.01858,4.3813986740,-1.3121684740,-0.000600,8.00,tb-pullback_rsi-BTCUSDT-1753804800-B,tb-pullback_rsi-BTCUSDT-1753833600-S
BNB/USDT,pullback_rsi,2025-07-30 00:00,806.73,2025-07-30 19:59,766.47,stop,1.219,1.9193442600,-50.9962842600,-0.051857,20.00,tb-pullback_rsi-BNBUSDT-1753819200-B,tb-pullback_rsi-BNBUSDT-1753891200-X
LINK/USDT,pullback_rsi,2025-07-30 16:00,17.636,2025-07-31 00:00,17.684,signal,38.98,1.37747904000,0.49356096000,0.000718,8.00,tb-pullback_rs-LINKUSDT-1753876800-B,tb-pullback_rs-LINKUSDT-1753905600-S
SOL/USDT,pullback_rsi,2025-07-30 16:00,179.53,2025-07-31 04:00,179.94,signal,4.595,1.6526623000,0.2312877000,0.000280,12.00,tb-pullback_rsi-SOLUSDT-1753876800-B,tb-pullback_rsi-SOLUSDT-1753920000-S
