pair,strategy,entry_time,entry_price,exit_time,exit_price,exit_reason,qty,fees_quote,pnl,pnl_pct,duration_hours,entry_client_order_id,exit_client_order_id
ETH/USDT,supertrend,2021-08-15 21:00,3261.30,2021-08-16 13:59,3214.60,trailing,0.2109,1.3667457000,-11.2157757000,-0.016307,17.00,tb-supertrend-ETHUSDT-1629057600-B,tb-supertrend-ETHUSDT-1629118800-T
LINK/USDT,supertrend,2021-08-15 23:00,27.754,2021-08-16 19:59,28.717,trailing,18.48,1.04413916000,16.75210084000,0.032662,21.00,tb-supertrend-LINKUSDT-1629064800-B,tb-supertrend-LINKUSDT-1629140400-T
LINK/USDT,supertrend,2021-08-17 12:00,29.937,2021-08-17 17:59,27.978,stop,12.84,0.74422734000,-25.89778734000,-0.067374,6.00,tb-supertrend-LINKUSDT-1629198000-B,tb-supertrend-LINKUSDT-1629219600-X
BNB/USDT,supertrend,2021-08-17 12:00,432.79,2021-08-17 19:59,413.95,stop,1.340,1.1354971800,-26.3810971800,-0.045489,8.00,tb-supertrend-BNBUSDT-1629198000-B,tb-supertrend-BNBUSDT-1629226800-X
ETH/USDT,supertrend,2021-08-23 01:00,3250.48,2021-08-24 13:59,3266.05,trailing,0.2427,1.5825369800,2.1963020200,0.002784,37.00,tb-supertrend-ETHUSDT-1629676800-B,tb-supertrend-ETHUSDT-1629810000-T
LINK/USDT,supertrend,2021-08-23 03:00,28.523,2021-08-24 13:59,28.059,trailing,18.76,1.06204878000,-9.76668878000,-0.018252,35.00,tb-supertrend-LINKUSDT-1629684000-B,tb-supertrend-LINKUSDT-1629810000-T
BNB/USDT,supertrend,2021-08-25 07:00,493.51,2021-08-26 04:59,490.05,trailing,1.048,1.0317579000,-4.6578379000,-0.009006,22.00,tb-supertrend-BNBUSDT-1629871200-B,tb-supertrend-BNBUSDT-1629950400-T
ETH/USDT,supertrend,2021-08-25 18:00,3226.45,2021-08-26 04:59,3134.59,trailing,0.1976,1.2575867900,-19.4091227900,-0.030443,11.00,tb-supertrend-ETHUSDT-1629910800-B,tb-supertrend-ETHUSDT-1629950400-T
ADA/USDT,supertrend,2021-08-27 12:00,2.7174,2021-08-28 11:59,2.7999,trailing,142.8,0.788413920000,10.992586080000,0.028328,24.00,tb-supertrend-ADAUSDT-1630062000-B,tb-supertrend-ADAUSDT-1630148400-T
SOL/USDT,supertrend,2021-08-26 14:00,73.18,2021-08-29 09:59,91.56,trailing,3.972,0.6546400000,72.3507200000,0.248909,68.00,tb-supertrend-SOLUSDT-1629982800-B,tb-supertrend-SOLUSDT-1630227600-T
ETH/USDT,supertrend,2021-08-30 17:00,3270.25,2021-08-30 23:59,3239.68,trailing,0.2636,1.7169986250,-9.7752506250,-0.011340,7.00,tb-supertrend-ETHUSDT-1630339200-B,tb-supertrend-ETHUSDT-1630364400-T
LINK/USDT,supertrend,2021-08-30 19:00,25.573,2021-08-30 23:59,25.306,trailing,25.03,1.27426856000,-7.95727856000,-0.012431,5.00,tb-supertrend-LINKUSDT-1630346400-B,tb-supertrend-LINKUSDT-1630364400-T
ETH/USDT,supertrend,2021-08-31 08:00,3359.79,2021-09-03 01:59,3708.15,trailing,0.1915,1.3541824730,65.3567575270,0.101580,66.00,tb-supertrend-ETHUSDT-1630393200-B,tb-supertrend-ETHUSDT-1630630800-T
LINK/USDT,supertrend,2021-08-31 12:00,26.924,2021-09-03 01:59,29.213,trailing,16.88,0.94813104000,37.69018896000,0.082931,62.00,tb-supertrend-LINKUSDT-1630407600-B,tb-supertrend-LINKUSDT-1630630800-T
BTC/USDT,supertrend,2021-09-03 09:00,50011.90,2021-09-04 17:59,49505.95,trailing,0.01831,1.8231720670,-11.0871165670,-0.012108,33.00,tb-supertrend-BTCUSDT-1630656000-B,tb-supertrend-BTCUSDT-1630774800-T
BNB/USDT,supertrend,2021-09-04 13:00,504.46,2021-09-05 06:59,489.01,trailing,1.573,1.5637372300,-25.8665872300,-0.032597,18.00,tb-supertrend-BNBUSDT-1630756800-B,tb-supertrend-BNBUSDT-1630821600-T
LINK/USDT,supertrend,2021-09-05 16:00,31.466,2021-09-06 12:59,33.226,trailing,19.55,1.26535792000,33.14264208000,0.053876,21.00,tb-supertrend-LINKUSDT-1630854000-B,tb-supertrend-LINKUSDT-1630929600-T
XRP/USDT,supertrend,2021-09-05 16:00,1.2884,2021-09-06 12:59,1.3305,trailing,594.9,1.558756650000,23.486533350000,0.030643,21.00,tb-supertrend-XRPUSDT-1630854000-B,tb-supertrend-XRPUSDT-1630929600-T
SOL/USDT,supertrend,2021-09-08 20:00,194.76,2021-09-09 18:59,186.27,trailing,0.834,0.3179737800,-7.3986337800,-0.045550,23.00,tb-supertrend-SOLUSDT-1631127600-B,tb-supertrend-SOLUSDT-1631210400-T
XRP/USDT,supertrend,2021-09-10 02:00,1.2167,2021-09-10 03:59,1.1219,stop,267.8,0.626642090000,-26.014082090000,-0.079839,2.00,tb-supertrend-XRPUSDT-1631235600-B,tb-supertrend-XRPUSDT-1631242800-X
BNB/USDT,supertrend,2021-09-10 02:00,439.62,2021-09-10 07:59,418.14,trailing,1.049,0.9006694800,-23.4331894800,-0.050813,6.00,tb-supertrend-BNBUSDT-1631235600-B,tb-supertrend-BNBUSDT-1631257200-T
ADA/USDT,supertrend,2021-09-15 14:00,2.5023,2021-09-16 02:59,2.4465,trailing,208.7,1.033565250000,-12.679025250000,-0.024279,13.00,tb-supertrend-ADAUSDT-1631710800-B,tb-supertrend-ADAUSDT-1631757600-T
XRP/USDT,supertrend,2021-09-15 15:00,1.1006,2021-09-16 14:59,1.0901,trailing,739.7,1.621341270000,-9.388191270000,-0.011532,24.00,tb-supertrend-XRPUSDT-1631714400-B,tb-supertrend-XRPUSDT-1631800800-T
BTC/USDT,supertrend,2021-09-18 05:00,48353.47,2021-09-19 01:59,47707.34,trailing,0.02072,1.9918305825,-15.3796441825,-0.015351,21.00,tb-supertrend-BTCUSDT-1631937600-B,tb-supertrend-BTCUSDT-1632013200-T
SOL/USDT,supertrend,2021-09-18 07:00,155.58,2021-09-19 11:59,158.43,trailing,2.014,0.6328828800,5.1070171200,0.016299,29.00,tb-supertrend-SOLUSDT-1631944800-B,tb-supertrend-SOLUSDT-1632049200-T
BNB/USDT,supertrend,2021-09-19 17:00,417.61,2021-09-19 22:59,406.36,stop,2.265,1.8675448800,-27.3487948800,-0.028913,6.00,tb-supertrend-BNBUSDT-1632067200-B,tb-supertrend-BNBUSDT-1632088800-X
LINK/USDT,supertrend,2021-10-07 14:00,27.674,2021-10-08 03:59,26.326,trailing,16.24,0.87751348000,-22.76903348000,-0.050663,14.00,tb-supertrend-LINKUSDT-1633611600-B,tb-supertrend-LINKUSDT-1633662000-T
SOL/USDT,supertrend,2021-10-08 11:00,164.72,2021-10-08 23:59,157.66,trailing,2.612,0.8425507200,-19.2832707200,-0.044819,13.00,tb-supertrend-SOLUSDT-1633687200-B,tb-supertrend-SOLUSDT-1633734000-T
LTC/USDT,supertrend,2021-10-11 08:00,184.60,2021-10-11 11:59,177.19,trailing,3.327,1.2044137300,-25.8574837300,-0.042102,4.00,tb-supertrend-LTCUSDT-1633935600-B,tb-supertrend-LTCUSDT-1633950000-T
ETH/USDT,supertrend,2021-10-11 08:00,3578.86,2021-10-11 20:59,3486.35,trailing,0.2004,1.4169417420,-19.9559457420,-0.027825,13.00,tb-supertrend-ETHUSDT-1633935600-B,tb-supertrend-ETHUSDT-1633982400-T
BNB/USDT,supertrend,2021-10-12 14:00,431.22,2021-10-13 05:59,439.45,trailing,1.103,0.9612114500,8.1164785500,0.017064,16.00,tb-supertrend-BNBUSDT-1634043600-B,tb-supertrend-BNBUSDT-1634101200-T
SOL/USDT,supertrend,2021-10-12 17:00,149.47,2021-10-13 13:59,145.22,trailing,2.360,0.6959168100,-10.7259168100,-0.030407,21.00,tb-supertrend-SOLUSDT-1634054400-B,tb-supertrend-SOLUSDT-1634130000-T
BTC/USDT,supertrend,2021-10-13 17:00,56970.21,2021-10-16 12:59,60751.93,trailing,0.01129,1.3302223651,41.3653964349,0.064313,68.00,tb-supertrend-BTCUSDT-1634140800-B,tb-supertrend-BTCUSDT-1634385600-T
LTC/USDT,supertrend,2021-10-13 13:00,178.09,2021-10-16 20:59,185.89,trailing,2.812,1.0240460300,20.9095539700,0.041753,80.00,tb-supertrend-LTCUSDT-1634126400-B,tb-supertrend-LTCUSDT-1634414400-T
BTC/USDT,supertrend,2021-10-18 00:00,61559.09,2021-10-18 09:59,60771.73,trailing,0.01355,1.6588137913,-12.3275417913,-0.014779,10.00,tb-supertrend-BTCUSDT-1634511600-B,tb-supertrend-BTCUSDT-1634547600-T
ETH/USDT,supertrend,2021-10-18 00:00,3848.93,2021-10-18 10:59,3752.02,trailing,0.1761,1.3392970790,-18.4051480790,-0.027154,11.00,tb-supertrend-ETHUSDT-1634511600-B,tb-supertrend-ETHUSDT-1634551200-T
BTC/USDT,supertrend,2021-10-19 17:00,63200.58,2021-10-21 01:59,65117.65,trailing,0.01221,1.5680296034,21.8393950966,0.028301,33.00,tb-supertrend-BTCUSDT-1634659200-B,tb-supertrend-BTCUSDT-1634778000-T
ETH/USDT,supertrend,2021-10-19 23:00,3880.39,2021-10-21 12:59,4148.00,trailing,0.2055,1.6509982620,53.3428567380,0.066894,38.00,tb-supertrend-ETHUSDT-1634680800-B,tb-supertrend-ETHUSDT-1634817600-T
BNB/USDT,supertrend,2021-10-22 09:00,497.45,2021-10-22 14:59,479.97,trailing,1.378,1.3478796600,-25.4353196600,-0.037106,6.00,tb-supertrend-BNBUSDT-1634889600-B,tb-supertrend-BNBUSDT-1634911200-T
ETH/USDT,supertrend,2021-10-23 18:00,4107.61,2021-10-24 11:59,4052.47,trailing,0.1824,1.4892201160,-11.5467561160,-0.015412,18.00,tb-supertrend-ETHUSDT-1635008400-B,tb-supertrend-ETHUSDT-1635073200-T
LTC/USDT,supertrend,2021-10-24 04:00,198.40,2021-10-24 11:59,192.57,trailing,4.066,1.5906760200,-25.2954560200,-0.031357,8.00,tb-supertrend-LTCUSDT-1635044400-B,tb-supertrend-LTCUSDT-1635073200-T
SOL/USDT,supertrend,2021-10-24 22:00,199.91,2021-10-26 04:59,206.84,trailing,2.350,0.9564622300,15.3290377700,0.032630,31.00,tb-supertrend-SOLUSDT-1635109200-B,tb-supertrend-SOLUSDT-1635220800-T
ETH/USDT,supertrend,2021-10-25 01:00,4134.04,2021-10-26 14:59,4139.93,trailing,0.1904,1.5761906940,-0.4547346940,-0.000578,38.00,tb-supertrend-ETHUSDT-1635120000-B,tb-supertrend-ETHUSDT-1635256800-T
LTC/USDT,supertrend,2021-10-27 00:00,197.60,2021-10-27 07:59,194.96,trailing,3.612,1.4187171200,-10.9543971200,-0.015348,8.00,tb-supertrend-LTCUSDT-1635289200-B,tb-supertrend-LTCUSDT-1635318000-T
ADA/USDT,supertrend,2021-10-28 09:00,2.0541,2021-10-30 02:59,1.9917,trailing,191.2,0.773967780000,-12.704847780000,-0.032349,42.00,tb-supertrend-ADAUSDT-1635408000-B,tb-supertrend-ADAUSDT-1635559200-T
BNB/USDT,supertrend,2021-10-28 09:00,479.24,2021-10-30 13:59,517.44,trailing,1.180,1.1770408800,43.8989591200,0.077628,53.00,tb-supertrend-BNBUSDT-1635408000-B,tb-supertrend-BNBUSDT-1635598800-T
ADA/USDT,supertrend,2021-10-31 03:00,2.0061,2021-10-31 11:59,1.9377,trailing,353.7,1.395724500000,-25.588804500000,-0.036063,9.00,tb-supertrend-ADAUSDT-1635645600-B,tb-supertrend-ADAUSDT-1635678000-T
LINK/USDT,supertrend,2021-11-01 01:00,30.336,2021-11-01 04:59,29.208,trailing,21.92,1.30611456000,-26.03187456000,-0.039148,4.00,tb-supertrend-LINKUSDT-1635724800-B,tb-supertrend-LINKUSDT-1635739200-T
BTC/USDT,supertrend,2021-11-01 08:00,62207.38,2021-11-01 19:00,60524.73,trailing,0.01207,1.4826207142,-21.7922062142,-0.029024,11.00,tb-supertrend-BTCUSDT-1635750000-B,tb-supertrend-BTCUSDT-1635789600-T
LTC/USDT,supertrend,2021-11-01 23:00,196.70,2021-11-03 12:59,199.57,trailing,3.183,1.2621142100,7.8730957900,0.012575,38.00,tb-supertrend-LTCUSDT-1635804000-B,tb-supertrend-LTCUSDT-1635940800-T
BNB/USDT,supertrend,2021-11-03 19:00,562.79,2021-11-03 22:59,548.15,trailing,1.147,1.2753737600,-18.0674537600,-0.027989,4.00,tb-supertrend-BNBUSDT-1635962400-B,tb-supertrend-BNBUSDT-1635976800-T
SOL/USDT,supertrend,2021-10-31 16:00,195.09,2021-11-05 12:59,235.45,trailing,2.239,0.9645643300,89.4014756700,0.204671,117.00,tb-supertrend-SOLUSDT-1635692400-B,tb-supertrend-SOLUSDT-1636113600-T
LINK/USDT,supertrend,2021-11-05 13:00,33.047,2021-11-06 07:59,32.146,trailing,17.71,1.15522897000,-17.11193897000,-0.029238,19.00,tb-supertrend-LINKUSDT-1636113600-B,tb-supertrend-LINKUSDT-1636182000-T
BNB/USDT,supertrend,2021-11-05 04:00,580.70,2021-11-06 12:59,597.42,trailing,1.271,1.4985519200,19.7525680800,0.026762,33.00,tb-supertrend-BNBUSDT-1636081200-B,tb-supertrend-BNBUSDT-1636200000-T
BTC/USDT,supertrend,2021-11-07 01:00,61951.16,2021-11-09 15:59,66797.62,trailing,0.02145,2.7635198668,101.1930471332,0.076151,63.00,tb-supertrend-BTCUSDT-1636243200-B,tb-supertrend-BTCUSDT-1636470000-T
ETH/USDT,supertrend,2021-11-06 20:00,4495.99,2021-11-09 19:59,4728.74,trailing,0.2150,1.9846657470,48.0565842530,0.049715,72.00,tb-supertrend-ETHUSDT-1636225200-B,tb-supertrend-ETHUSDT-1636484400-T
BNB/USDT,supertrend,2021-11-10 10:00,647.13,2021-11-10 19:59,637.46,trailing,1.299,1.6699766700,-14.2313066700,-0.016929,10.00,tb-supertrend-BNBUSDT-1636534800-B,tb-supertrend-BNBUSDT-1636570800-T
LINK/USDT,supertrend,2021-11-10 14:00,36.619,2021-11-10 19:59,35.980,trailing,13.45,0.97718893000,-9.57173893000,-0.019434,6.00,tb-supertrend-LINKUSDT-1636549200-B,tb-supertrend-LINKUSDT-1636570800-T
SOL/USDT,supertrend,2021-11-11 06:00,243.08,2021-11-11 23:59,234.47,trailing,1.810,0.8648516600,-16.4489516600,-0.037386,18.00,tb-supertrend-SOLUSDT-1636606800-B,tb-supertrend-SOLUSDT-1636671600-T
BNB/USDT,supertrend,2021-11-13 12:00,632.92,2021-11-14 08:59,636.67,trailing,1.475,1.8739110900,3.6573389100,0.003918,21.00,tb-supertrend-BNBUSDT-1636801200-B,tb-supertrend-BNBUSDT-1636876800-T
LTC/USDT,supertrend,2021-11-13 15:00,260.54,2021-11-14 08:59,249.79,trailing,1.520,0.7762226800,-17.1162226800,-0.043221,18.00,tb-supertrend-LTCUSDT-1636812000-B,tb-supertrend-LTCUSDT-1636876800-T
XRP/USDT,supertrend,2021-11-15 01:00,1.2119,2021-11-15 16:59,1.1830,trailing,779.0,1.866596620000,-24.379696620000,-0.025824,16.00,tb-supertrend-XRPUSDT-1636934400-B,tb-supertrend-XRPUSDT-1636992000-T
ETH/USDT,supertrend,2021-11-15 01:00,4676.78,2021-11-15 16:59,4625.32,trailing,0.2018,1.8785668180,-12.2631948180,-0.012994,16.00,tb-supertrend-ETHUSDT-1636934400-B,tb-supertrend-ETHUSDT-1636992000-T
BNB/USDT,supertrend,2023-01-16 02:00,305.76,2023-01-16 08:59,298.41,trailing,2.962,1.7904688200,-23.5611688200,-0.026015,7.00,tb-supertrend-BNBUSDT-1673830800-B,tb-supertrend-BNBUSDT-1673856000-T
XRP/USDT,supertrend,2023-01-16 04:00,0.4056,2023-01-16 08:59,0.3909,trailing,1712.8,1.364975280000,-26.543135280000,-0.038207,5.00,tb-supertrend-XRPUSDT-1673838000-B,tb-supertrend-XRPUSDT-1673856000-T
LINK/USDT,supertrend,2023-01-17 20:00,6.868,2023-01-18 10:59,6.701,trailing,91.45,1.24157185000,-16.51372185000,-0.026292,15.00,tb-supertrend-LINKUSDT-1673982000-B,tb-supertrend-LINKUSDT-1674036000-T
LTC/USDT,supertrend,2023-01-17 12:00,88.02,2023-01-18 15:59,85.54,trailing,9.135,1.5863508000,-24.2411508000,-0.030148,28.00,tb-supertrend-LTCUSDT-1673953200-B,tb-supertrend-LTCUSDT-1674054000-T
ETH/USDT,supertrend,2023-01-19 20:00,1552.73,2023-01-21 10:59,1622.63,trailing,0.5976,1.8985267760,39.8737132240,0.042971,39.00,tb-supertrend-ETHUSDT-1674154800-B,tb-supertrend-ETHUSDT-1674295200-T
BTC/USDT,supertrend,2023-01-19 20:00,21102.65,2023-01-22 11:59,22726.59,trailing,0.05668,2.4855074810,89.5594117190,0.074876,64.00,tb-supertrend-BTCUSDT-1674154800-B,tb-supertrend-BTCUSDT-1674385200-T
LINK/USDT,supertrend,2023-01-22 17:00,7.155,2023-01-22 20:59,6.851,trailing,73.06,1.02385076000,-23.23409076000,-0.044446,4.00,tb-supertrend-LINKUSDT-1674403200-B,tb-supertrend-LINKUSDT-1674417600-T
LTC/USDT,supertrend,2023-01-23 12:00,92.05,2023-01-24 14:59,89.31,trailing,7.756,1.4073645600,-22.6588045600,-0.031738,27.00,tb-supertrend-LTCUSDT-1674471600-B,tb-supertrend-LTCUSDT-1674568800-T
XRP/USDT,supertrend,2023-01-23 08:00,0.4138,2023-01-24 21:59,0.4147,trailing,1896.4,1.571953620000,0.134806380000,0.000172,38.00,tb-supertrend-XRPUSDT-1674457200-B,tb-supertrend-XRPUSDT-1674594000-T
SOL/USDT,supertrend,2023-01-25 13:00,24.30,2023-01-25 15:59,22.97,stop,18.968,0.8970790600,-26.1245190600,-0.056679,3.00,tb-supertrend-SOLUSDT-1674648000-B,tb-supertrend-SOLUSDT-1674658800-X
ETH/USDT,supertrend,2023-01-25 21:00,1581.49,2023-01-26 16:59,1582.40,trailing,0.6181,1.9567074520,-1.3942364520,-0.001426,20.00,tb-supertrend-ETHUSDT-1674676800-B,tb-supertrend-ETHUSDT-1674748800-T
ADA/USDT,supertrend,2023-01-25 21:00,0.3669,2023-01-27 01:59,0.3713,trailing,2016.8,1.489572250000,7.384347750000,0.009979,29.00,tb-supertrend-ADAUSDT-1674676800-B,tb-supertrend-ADAUSDT-1674781200-T
LTC/USDT,supertrend,2023-01-28 04:00,89.48,2023-01-28 13:59,87.49,trailing,11.346,2.0089753800,-24.5875153800,-0.024218,10.00,tb-supertrend-LTCUSDT-1674874800-B,tb-supertrend-LTCUSDT-1674910800-T
LINK/USDT,supertrend,2023-01-29 10:00,7.389,2023-01-30 07:59,7.217,trailing,114.88,1.67882396000,-21.43818396000,-0.025256,22.00,tb-supertrend-LINKUSDT-1674982800-B,tb-supertrend-LINKUSDT-1675062000-T
ETH/USDT,supertrend,2023-01-29 02:00,1603.50,2023-01-30 08:59,1618.26,trailing,0.6386,2.0585383900,7.3671976100,0.007195,31.00,tb-supertrend-ETHUSDT-1674954000-B,tb-supertrend-ETHUSDT-1675065600-T
SOL/USDT,supertrend,2023-02-01 20:00,24.26,2023-02-02 14:59,24.67,trailing,18.390,0.9002836400,6.6396163600,0.014882,19.00,tb-supertrend-SOLUSDT-1675278000-B,tb-supertrend-SOLUSDT-1675346400-T
ADA/USDT,supertrend,2023-02-01 20:00,0.3877,2023-02-02 21:59,0.3969,trailing,1480.6,1.162260310000,12.459259690000,0.021705,26.00,tb-supertrend-ADAUSDT-1675278000-B,tb-supertrend-ADAUSDT-1675371600-T
BNB/USDT,supertrend,2023-02-03 13:00,334.67,2023-02-05 00:59,328.73,trailing,2.387,1.5845398100,-15.7633198100,-0.019732,36.00,tb-supertrend-BNBUSDT-1675425600-B,tb-supertrend-BNBUSDT-1675555200-T
ETH/USDT,supertrend,2023-02-04 14:00,1685.08,2023-02-05 12:59,1658.24,trailing,0.7377,2.4677152300,-22.2675832300,-0.017913,23.00,tb-supertrend-ETHUSDT-1675515600-B,tb-supertrend-ETHUSDT-1675598400-T
ADA/USDT,supertrend,2023-02-06 01:00,0.3998,2023-02-06 05:59,0.3878,trailing,2065.7,1.627784900000,-26.416184900000,-0.031986,5.00,tb-supertrend-ADAUSDT-1675641600-B,tb-supertrend-ADAUSDT-1675659600-T
LTC/USDT,supertrend,2023-02-06 18:00,97.69,2023-02-06 23:59,95.56,trailing,10.229,1.9778288400,-23.7655988400,-0.023783,6.00,tb-supertrend-LTCUSDT-1675702800-B,tb-supertrend-LTCUSDT-1675724400-T
LINK/USDT,supertrend,2023-02-07 13:00,7.056,2023-02-07 18:59,6.922,trailing,157.24,2.19902968000,-23.26918968000,-0.020973,6.00,tb-supertrend-LINKUSDT-1675771200-B,tb-supertrend-LINKUSDT-1675792800-T
BTC/USDT,supertrend,2023-02-07 18:00,23294.57,2023-02-07 18:59,22893.58,stop,0.06372,2.9447395403,-28.4958223403,-0.019198,1.00,tb-supertrend-BTCUSDT-1675789200-B,tb-supertrend-BTCUSDT-1675792800-X
XRP/USDT,supertrend,2023-02-07 21:00,0.4019,2023-02-08 16:59,0.3966,trailing,2360.9,1.886143210000,-14.398913210000,-0.015175,20.00,tb-supertrend-XRPUSDT-1675800000-B,tb-supertrend-XRPUSDT-1675872000-T
LINK/USDT,supertrend,2023-02-09 08:00,7.451,2023-02-09 19:59,7.297,trailing,69.29,1.02241049000,-11.69307049000,-0.022649,12.00,tb-supertrend-LINKUSDT-1675926000-B,tb-supertrend-LINKUSDT-1675969200-T
XRP/USDT,supertrend,2023-02-09 15:00,0.4043,2023-02-09 19:59,0.3939,stop,2428.1,1.939120170000,-27.191360170000,-0.027699,5.00,tb-supertrend-XRPUSDT-1675951200-B,tb-supertrend-XRPUSDT-1675969200-X
LTC/USDT,supertrend,2023-02-11 04:00,94.68,2023-02-12 21:59,92.76,trailing,7.850,1.4721614400,-16.5441614400,-0.022260,42.00,tb-supertrend-LTCUSDT-1676084400-B,tb-supertrend-LTCUSDT-1676235600-T
ADA/USDT,supertrend,2023-02-11 23:00,0.3685,2023-02-12 21:59,0.3653,trailing,2947.0,2.163614100000,-11.594014100000,-0.010676,23.00,tb-supertrend-ADAUSDT-1676152800-B,tb-supertrend-ADAUSDT-1676235600-T
ADA/USDT,supertrend,2023-02-14 10:00,0.3618,2023-02-16 07:59,0.4051,trailing,2612.9,2.004809870000,111.133760130000,0.117559,46.00,tb-supertrend-ADAUSDT-1676365200-B,tb-supertrend-ADAUSDT-1676530800-T
SOL/USDT,supertrend,2023-02-14 10:00,21.48,2023-02-16 21:59,23.01,trailing,26.255,1.1686649100,39.0014850900,0.069157,60.00,tb-supertrend-SOLUSDT-1676365200-B,tb-supertrend-SOLUSDT-1676581200-T
LINK/USDT,supertrend,2023-02-17 18:00,7.440,2023-02-19 17:59,7.878,trailing,81.73,1.25260974000,34.54513026000,0.056811,48.00,tb-supertrend-LINKUSDT-1676653200-B,tb-supertrend-LINKUSDT-1676826000-T
SOL/USDT,supertrend,2023-02-17 20:00,23.48,2023-02-19 17:59,24.24,trailing,27.251,1.3010751600,19.4096848400,0.030335,46.00,tb-supertrend-SOLUSDT-1676660400-B,tb-supertrend-SOLUSDT-1676826000-T
ETH/USDT,supertrend,2023-02-20 10:00,1712.59,2023-02-21 08:59,1679.84,trailing,0.6633,2.2513976300,-23.9744726300,-0.021105,23.00,tb-supertrend-ETHUSDT-1676883600-B,tb-supertrend-ETHUSDT-1676966400-T
BTC/USDT,supertrend,2023-02-20 10:00,24895.01,2023-02-21 12:59,24538.76,trailing,0.03996,1.9763692500,-16.2121192500,-0.016297,27.00,tb-supertrend-BTCUSDT-1676883600-B,tb-supertrend-BTCUSDT-1676980800-T
BNB/USDT,supertrend,2023-02-23 00:00,312.66,2023-02-23 11:59,308.35,trailing,3.573,2.2201193700,-17.6197493700,-0.015772,12.00,tb-supertrend-BNBUSDT-1677106800-B,tb-supertrend-BNBUSDT-1677150000-T
LINK/USDT,supertrend,2023-02-22 23:00,7.687,2023-02-23 18:59,7.738,trailing,82.43,1.27217458000,2.93175542000,0.004627,20.00,tb-supertrend-LINKUSDT-1677103200-B,tb-supertrend-LINKUSDT-1677175200-T
SOL/USDT,supertrend,2023-02-26 03:00,22.68,2023-02-27 08:59,22.70,trailing,25.515,1.1584603800,-0.6481603800,-0.001120,30.00,tb-supertrend-SOLUSDT-1677376800-B,tb-supertrend-SOLUSDT-1677484800-T
ETH/USDT,supertrend,2023-02-26 03:00,1604.63,2023-02-27 16:59,1630.36,trailing,0.7801,2.5248994070,17.5470735930,0.014018,38.00,tb-supertrend-ETHUSDT-1677376800-B,tb-supertrend-ETHUSDT-1677513600-T
XRP/USDT,supertrend,2023-02-27 15:00,0.3787,2023-02-28 02:59,0.3719,stop,3773.4,2.833753100000,-28.492873100000,-0.019939,12.00,tb-supertrend-XRPUSDT-1677506400-B,tb-supertrend-XRPUSDT-1677549600-X
LTC/USDT,supertrend,2023-02-28 16:00,95.73,2023-02-28 21:59,93.83,stop,13.403,2.5420129000,-28.0077129000,-0.021829,6.00,tb-supertrend-LTCUSDT-1677596400-B,tb-supertrend-LTCUSDT-1677618000-X
XRP/USDT,supertrend,2023-03-03 23:00,0.3754,2023-03-04 19:59,0.3716,trailing,2911.7,2.176166100000,-13.240626100000,-0.012113,21.00,tb-supertrend-XRPUSDT-1677880800-B,tb-supertrend-XRPUSDT-1677956400-T
BNB/USDT,supertrend,2023-03-16 07:00,315.56,2023-03-16 12:59,309.70,trailing,2.250,1.4077816800,-14.5927816800,-0.020553,6.00,tb-supertrend-BNBUSDT-1678946400-B,tb-supertrend-BNBUSDT-1678968000-T
ETH/USDT,supertrend,2023-03-17 02:00,1696.63,2023-03-17 14:59,1704.06,trailing,0.4601,1.5655057880,1.8530372120,0.002374,13.00,tb-supertrend-ETHUSDT-1679014800-B,tb-supertrend-ETHUSDT-1679061600-T
BTC/USDT,supertrend,2023-03-17 02:00,25676.62,2023-03-18 16:59,26716.22,trailing,0.02682,1.4059462670,26.4761257330,0.038447,39.00,tb-supertrend-BTCUSDT-1679014800-B,tb-supertrend-BTCUSDT-1679155200-T
ETH/USDT,supertrend,2023-03-19 19:00,1823.24,2023-03-20 00:59,1767.73,stop,0.4529,1.6272619360,-26.7677409360,-0.032416,6.00,tb-supertrend-ETHUSDT-1679248800-B,tb-supertrend-ETHUSDT-1679270400-X
ADA/USDT,supertrend,2023-03-19 19:00,0.3507,2023-03-20 03:59,0.3383,trailing,2035.8,1.403402670000,-26.647322670000,-0.037324,9.00,tb-supertrend-ADAUSDT-1679248800-B,tb-supertrend-ADAUSDT-1679281200-T
LINK/USDT,supertrend,2023-03-20 11:00,7.363,2023-03-20 23:59,7.024,stop,73.37,1.05616323000,-25.92859323000,-0.047996,13.00,tb-supertrend-LINKUSDT-1679306400-B,tb-supertrend-LINKUSDT-1679353200-X
XRP/USDT,supertrend,2023-03-21 10:00,0.3873,2023-03-21 22:59,0.4561,trailing,1813.0,1.529820070000,123.204579930000,0.175461,13.00,tb-supertrend-XRPUSDT-1679389200-B,tb-supertrend-XRPUSDT-1679436000-T
BNB/USDT,supertrend,2023-03-22 07:00,339.07,2023-03-22 09:59,331.27,stop,3.253,2.1819723000,-27.5553723000,-0.024982,3.00,tb-supertrend-BNBUSDT-1679464800-B,tb-supertrend-BNBUSDT-1679475600-X
ETH/USDT,supertrend,2023-03-21 13:00,1806.42,2023-03-22 17:59,1776.60,trailing,0.4161,1.4917978320,-13.8998998320,-0.018492,29.00,tb-supertrend-ETHUSDT-1679400000-B,tb-supertrend-ETHUSDT-1679504400-T
XRP/USDT,supertrend,2023-03-23 08:00,0.4472,2023-03-24 08:59,0.4301,trailing,776.8,0.681844400000,-13.965124400000,-0.040201,25.00,tb-supertrend-XRPUSDT-1679554800-B,tb-supertrend-XRPUSDT-1679644800-T
ETH/USDT,supertrend,2023-03-23 15:00,1804.44,2023-03-24 08:59,1792.13,trailing,0.4763,1.7139485120,-7.5772015120,-0.008816,18.00,tb-supertrend-ETHUSDT-1679580000-B,tb-supertrend-ETHUSDT-1679644800-T
XRP/USDT,supertrend,2023-03-25 05:00,0.4484,2023-03-26 16:59,0.4440,trailing,1157.8,1.033758800000,-6.128078800000,-0.011804,36.00,tb-supertrend-XRPUSDT-1679716800-B,tb-supertrend-XRPUSDT-1679846400-T
LTC/USDT,supertrend,2023-03-26 06:00,94.53,2023-03-27 05:59,91.76,trailing,7.062,1.3163362200,-20.8780762200,-0.031275,24.00,tb-supertrend-LTCUSDT-1679806800-B,tb-supertrend-LTCUSDT-1679893200-T
XRP/USDT,supertrend,2023-03-28 05:00,0.4862,2023-03-29 15:59,0.5372,trailing,851.3,0.871658000000,42.544642000000,0.102789,35.00,tb-supertrend-XRPUSDT-1679976000-B,tb-supertrend-XRPUSDT-1680102000-T
ADA/USDT,supertrend,2023-03-28 14:00,0.3561,2023-03-30 00:59,0.3761,trailing,2117.8,1.551436580000,40.804563420000,0.054107,35.00,tb-supertrend-ADAUSDT-1680008400-B,tb-supertrend-ADAUSDT-1680134400-T
ADA/USDT,supertrend,2023-03-31 10:00,0.3854,2023-04-01 06:59,0.3932,trailing,2039.8,1.588997620000,14.321442380000,0.018217,21.00,tb-supertrend-ADAUSDT-1680253200-B,tb-supertrend-ADAUSDT-1680328800-T
LINK/USDT,supertrend,2023-03-31 08:00,7.515,2023-04-01 14:59,7.461,trailing,97.45,1.46016270000,-6.72246270000,-0.009179,31.00,tb-supertrend-LINKUSDT-1680246000-B,tb-supertrend-LINKUSDT-1680357600-T
XRP/USDT,supertrend,2023-04-02 17:00,0.5251,2023-04-03 02:59,0.5048,trailing,1107.9,1.141656330000,-23.632026330000,-0.040622,10.00,tb-supertrend-XRPUSDT-1680451200-B,tb-supertrend-XRPUSDT-1680487200-T
ADA/USDT,supertrend,2023-04-03 07:00,0.3868,2023-04-03 14:59,0.3877,trailing,2043.2,1.583270680000,0.255609320000,0.000323,8.00,tb-supertrend-ADAUSDT-1680501600-B,tb-supertrend-ADAUSDT-1680530400-T
BTC/USDT,supertrend,2023-04-03 09:00,28349.17,2023-04-03 20:59,27790.43,trailing,0.04283,2.4058765296,-26.3367107296,-0.021691,12.00,tb-supertrend-BTCUSDT-1680508800-B,tb-supertrend-BTCUSDT-1680552000-T
SOL/USDT,supertrend,2023-04-03 19:00,20.65,2023-04-03 21:59,20.17,trailing,35.748,1.4599767600,-18.6190167600,-0.025222,3.00,tb-supertrend-SOLUSDT-1680544800-B,tb-supertrend-SOLUSDT-1680555600-T
LINK/USDT,supertrend,2023-04-04 19:00,7.415,2023-04-05 12:59,7.409,trailing,117.35,1.74048620000,-2.44458620000,-0.002809,18.00,tb-supertrend-LINKUSDT-1680631200-B,tb-supertrend-LINKUSDT-1680696000-T
BTC/USDT,supertrend,2023-04-05 01:00,28676.15,2023-04-05 14:59,28181.76,trailing,0.03893,2.2146254855,-21.4612281855,-0.019224,14.00,tb-supertrend-BTCUSDT-1680652800-B,tb-supertrend-BTCUSDT-1680703200-T
ADA/USDT,supertrend,2023-04-05 13:00,0.3991,2023-04-05 15:59,0.3879,stop,2241.8,1.765214530000,-26.873374530000,-0.030036,3.00,tb-supertrend-ADAUSDT-1680696000-B,tb-supertrend-ADAUSDT-1680706800-X
XRP/USDT,supertrend,2023-04-06 18:00,0.5094,2023-04-08 17:59,0.5046,trailing,1647.4,1.671329580000,-9.578849580000,-0.011414,48.00,tb-supertrend-XRPUSDT-1680800400-B,tb-supertrend-XRPUSDT-1680973200-T
ADA/USDT,supertrend,2023-04-08 03:00,0.3868,2023-04-08 22:59,0.3826,trailing,2626.7,2.022027340000,-13.054167340000,-0.012848,20.00,tb-supertrend-ADAUSDT-1680919200-B,tb-supertrend-ADAUSDT-1680991200-T
LINK/USDT,supertrend,2023-04-09 20:00,7.206,2023-04-12 00:59,7.276,trailing,214.27,3.10464346000,11.89425654000,0.007703,53.00,tb-supertrend-LINKUSDT-1681066800-B,tb-supertrend-LINKUSDT-1681257600-T
BTC/USDT,supertrend,2023-04-09 20:00,28154.49,2023-04-12 15:59,29779.90,trailing,0.07329,4.2482638013,114.8780350987,0.055673,68.00,tb-supertrend-BTCUSDT-1681066800-B,tb-supertrend-BTCUSDT-1681311600-T
ADA/USDT,supertrend,2023-04-12 13:00,0.4025,2023-04-13 07:59,0.3988,trailing,2319.6,1.859661480000,-10.442181480000,-0.011184,19.00,tb-supertrend-ADAUSDT-1681300800-B,tb-supertrend-ADAUSDT-1681369200-T
LTC/USDT,supertrend,2023-04-13 09:00,93.77,2023-04-14 12:59,95.58,trailing,11.601,2.1977745900,18.8000354100,0.017282,28.00,tb-supertrend-LTCUSDT-1681372800-B,tb-supertrend-LTCUSDT-1681473600-T
BNB/USDT,supertrend,2023-04-13 10:00,322.67,2023-04-14 14:59,328.97,trailing,5.561,3.6257060600,31.4085939400,0.017504,29.00,tb-supertrend-BNBUSDT-1681376400-B,tb-supertrend-BNBUSDT-1681480800-T
BNB/USDT,supertrend,2023-04-15 10:00,334.17,2023-04-17 00:59,342.29,trailing,4.634,3.1363864900,34.4916935100,0.022274,39.00,tb-supertrend-BNBUSDT-1681549200-B,tb-supertrend-BNBUSDT-1681689600-T
LINK/USDT,supertrend,2023-04-15 15:00,7.960,2023-04-17 00:59,7.913,trailing,106.05,1.68420725000,-6.66855725000,-0.007900,34.00,tb-supertrend-LINKUSDT-1681567200-B,tb-supertrend-LINKUSDT-1681689600-T
ETH/USDT,supertrend,2023-04-18 07:00,2105.71,2023-04-18 17:59,2078.98,trailing,0.6650,2.7842928470,-20.5597428470,-0.014682,11.00,tb-supertrend-ETHUSDT-1681797600-B,tb-supertrend-ETHUSDT-1681837200-T
LTC/USDT,supertrend,2023-04-18 03:00,102.05,2023-04-19 04:59,100.51,trailing,7.957,1.6125863200,-13.8663663200,-0.017077,26.00,tb-supertrend-LTCUSDT-1681783200-B,tb-supertrend-LTCUSDT-1681876800-T
BNB/USDT,supertrend,2023-04-21 08:00,329.87,2023-04-21 19:59,320.87,trailing,2.540,1.6538692100,-24.5138692100,-0.029257,12.00,tb-supertrend-BNBUSDT-1682060400-B,tb-supertrend-BNBUSDT-1682103600-T
ADA/USDT,supertrend,2023-04-22 15:00,0.3970,2023-04-23 14:59,0.3887,trailing,2297.3,1.805901710000,-20.873491710000,-0.022887,24.00,tb-supertrend-ADAUSDT-1682172000-B,tb-supertrend-ADAUSDT-1682258400-T
XRP/USDT,supertrend,2023-04-22 15:00,0.4730,2023-04-23 15:59,0.4626,trailing,1526.8,1.429230880000,-17.307950880000,-0.023966,25.00,tb-supertrend-XRPUSDT-1682172000-B,tb-supertrend-XRPUSDT-1682262000-T
XRP/USDT,supertrend,2023-04-24 01:00,0.4819,2023-04-24 06:59,0.4638,trailing,1350.6,1.277937080000,-25.723797080000,-0.039523,6.00,tb-supertrend-XRPUSDT-1682294400-B,tb-supertrend-XRPUSDT-1682316000-T
LTC/USDT,supertrend,2023-04-24 01:00,87.95,2023-04-24 17:59,85.81,trailing,9.898,1.7207559800,-22.9024759800,-0.026309,17.00,tb-supertrend-LTCUSDT-1682294400-B,tb-supertrend-LTCUSDT-1682355600-T
BTC/USDT,supertrend,2023-04-25 21:00,27989.00,2023-04-26 19:59,29190.21,trailing,0.04186,2.3949211800,47.8877294200,0.040873,23.00,tb-supertrend-BTCUSDT-1682452800-B,tb-supertrend-BTCUSDT-1682535600-T
LINK/USDT,supertrend,2023-04-25 21:00,7.203,2023-04-26 19:59,7.295,trailing,114.64,1.66291508000,8.88396492000,0.010759,23.00,tb-supertrend-LINKUSDT-1682452800-B,tb-supertrend-LINKUSDT-1682535600-T
ADA/USDT,supertrend,2023-04-27 01:00,0.4105,2023-04-28 11:59,0.4037,trailing,1169.3,0.952536660000,-8.903776660000,-0.018550,35.00,tb-supertrend-ADAUSDT-1682553600-B,tb-supertrend-ADAUSDT-1682679600-T
BTC/USDT,supertrend,2023-04-27 19:00,29787.01,2023-04-28 13:59,29050.36,trailing,0.02161,1.2723691764,-17.1913756764,-0.026707,19.00,tb-supertrend-BTCUSDT-1682618400-B,tb-supertrend-BTCUSDT-1682686800-T
LINK/USDT,supertrend,2023-04-29 14:00,7.208,2023-04-30 19:59,7.110,trailing,166.41,2.38388374000,-18.69206374000,-0.015583,30.00,tb-supertrend-LINKUSDT-1682773200-B,tb-supertrend-LINKUSDT-1682881200-T
LTC/USDT,supertrend,2023-04-29 22:00,91.22,2023-04-30 19:59,89.71,trailing,13.314,2.4101791000,-22.5143191000,-0.018538,22.00,tb-supertrend-LTCUSDT-1682802000-B,tb-supertrend-LTCUSDT-1682881200-T
LINK/USDT,supertrend,2023-05-03 19:00,7.063,2023-05-04 13:59,6.999,trailing,135.99,1.91328020000,-10.61664020000,-0.011053,19.00,tb-supertrend-LINKUSDT-1683136800-B,tb-supertrend-LINKUSDT-1683205200-T
LTC/USDT,supertrend,2023-05-03 22:00,89.15,2023-05-05 09:59,87.62,trailing,10.096,1.7856505700,-17.2325305700,-0.019146,36.00,tb-supertrend-LTCUSDT-1683147600-B,tb-supertrend-LTCUSDT-1683277200-T
ETH/USDT,supertrend,2023-05-05 12:00,1912.15,2023-05-06 06:59,1956.82,trailing,0.8082,3.1286224850,32.9736715150,0.021337,19.00,tb-supertrend-ETHUSDT-1683284400-B,tb-supertrend-ETHUSDT-1683352800-T
SOL/USDT,supertrend,2023-05-05 15:00,22.38,2023-05-06 12:59,22.40,trailing,34.193,1.5319458400,-0.8480858400,-0.001108,22.00,tb-supertrend-SOLUSDT-1683295200-B,tb-supertrend-SOLUSDT-1683374400-T
BNB/USDT,supertrend,2023-05-07 15:00,325.37,2023-05-07 23:59,322.01,stop,7.559,4.8961483800,-30.2943883800,-0.012317,9.00,tb-supertrend-BNBUSDT-1683468000-B,tb-supertrend-BNBUSDT-1683500400-X
SOL/USDT,supertrend,2023-05-07 16:00,22.48,2023-05-07 23:59,22.02,trailing,47.384,2.1096670400,-23.9063070400,-0.022443,8.00,tb-supertrend-SOLUSDT-1683471600-B,tb-supertrend-SOLUSDT-1683500400-T
LINK/USDT,supertrend,2023-06-23 08:00,5.837,2023-06-24 15:59,5.929,trailing,126.94,1.49433485000,10.18414515000,0.013745,32.00,tb-supertrend-LINKUSDT-1687503600-B,tb-supertrend-LINKUSDT-1687618800-T
SOL/USDT,supertrend,2023-06-23 16:00,16.99,2023-06-24 15:59,16.86,trailing,35.885,1.2153188900,-5.8803688900,-0.009645,24.00,tb-supertrend-SOLUSDT-1687532400-B,tb-supertrend-SOLUSDT-1687618800-T
ADA/USDT,supertrend,2023-06-25 04:00,0.2970,2023-06-25 20:59,0.2911,trailing,2662.7,1.566735770000,-17.276665770000,-0.021846,17.00,tb-supertrend-ADAUSDT-1687662000-B,tb-supertrend-ADAUSDT-1687723200-T
SOL/USDT,supertrend,2023-06-25 08:00,17.28,2023-06-26 01:59,16.65,trailing,36.698,1.2458025000,-24.3655425000,-0.038423,18.00,tb-supertrend-SOLUSDT-1687676400-B,tb-supertrend-SOLUSDT-1687741200-T
LTC/USDT,supertrend,2023-06-26 14:00,90.03,2023-06-26 16:59,87.24,stop,8.873,1.5737269800,-26.3293969800,-0.032960,3.00,tb-supertrend-LTCUSDT-1687784400-B,tb-supertrend-LTCUSDT-1687795200-X
ETH/USDT,supertrend,2023-06-27 17:00,1910.02,2023-06-28 00:59,1871.53,trailing,0.5602,2.1195703260,-23.6816683260,-0.022133,8.00,tb-supertrend-ETHUSDT-1687881600-B,tb-supertrend-ETHUSDT-1687910400-T
BTC/USDT,supertrend,2023-06-27 12:00,30744.46,2023-06-28 07:59,30297.59,trailing,0.04879,2.9797788464,-24.7825661464,-0.016521,20.00,tb-supertrend-BTCUSDT-1687863600-B,tb-supertrend-BTCUSDT-1687935600-T
SOL/USDT,supertrend,2023-06-29 10:00,17.23,2023-06-30 13:59,18.12,trailing,32.479,1.1487012400,27.7576087600,0.049601,28.00,tb-supertrend-SOLUSDT-1688029200-B,tb-supertrend-SOLUSDT-1688130000-T
BTC/USDT,supertrend,2023-06-29 11:00,30712.47,2023-06-30 13:59,30392.54,trailing,0.04965,3.0353993690,-18.9199238690,-0.012408,27.00,tb-supertrend-BTCUSDT-1688032800-B,tb-supertrend-BTCUSDT-1688130000-T
ETH/USDT,supertrend,2023-06-30 18:00,1932.77,2023-07-02 04:59,1909.85,trailing,0.3555,1.3668245230,-9.5148845230,-0.013848,35.00,tb-supertrend-ETHUSDT-1688144400-B,tb-supertrend-ETHUSDT-1688270400-T
LINK/USDT,supertrend,2023-06-30 18:00,6.386,2023-07-04 06:59,6.471,trailing,60.77,0.78176691000,4.38368309000,0.011296,85.00,tb-supertrend-LINKUSDT-1688144400-B,tb-supertrend-LINKUSDT-1688450400-T
BTC/USDT,supertrend,2023-07-03 03:00,30770.37,2023-07-04 15:59,30889.00,trailing,0.06348,3.9162907335,3.6143416665,0.001850,37.00,tb-supertrend-BTCUSDT-1688349600-B,tb-supertrend-BTCUSDT-1688482800-T
BTC/USDT,supertrend,2023-07-06 07:00,30707.92,2023-07-06 11:59,30822.19,trailing,0.06224,3.8317836052,3.2803811948,0.001716,5.00,tb-supertrend-BTCUSDT-1688623200-B,tb-supertrend-BTCUSDT-1688641200-T
SOL/USDT,supertrend,2023-07-06 02:00,19.68,2023-07-06 12:59,19.42,trailing,29.709,1.1622123000,-8.8865523000,-0.015199,11.00,tb-supertrend-SOLUSDT-1688605200-B,tb-supertrend-SOLUSDT-1688644800-T
ADA/USDT,supertrend,2023-07-08 16:00,0.2892,2023-07-09 10:59,0.2855,trailing,3461.3,1.990221310000,-14.797031310000,-0.014782,19.00,tb-supertrend-ADAUSDT-1688828400-B,tb-supertrend-ADAUSDT-1688896800-T
ETH/USDT,supertrend,2023-07-09 00:00,1866.18,2023-07-09 14:59,1857.72,trailing,1.1617,4.3282940420,-14.1562760420,-0.006530,15.00,tb-supertrend-ETHUSDT-1688857200-B,tb-supertrend-ETHUSDT-1688911200-T
XRP/USDT,supertrend,2023-07-10 11:00,0.4731,2023-07-11 13:59,0.4717,trailing,2819.3,2.665046630000,-6.612066630000,-0.004957,27.00,tb-supertrend-XRPUSDT-1688983200-B,tb-supertrend-XRPUSDT-1689080400-T
BNB/USDT,supertrend,2023-07-10 10:00,240.83,2023-07-12 12:59,246.23,trailing,4.362,2.1257598700,21.4290401300,0.020399,51.00,tb-supertrend-BNBUSDT-1688979600-B,tb-supertrend-BNBUSDT-1689163200-T
ETH/USDT,supertrend,2023-07-12 15:00,1894.30,2023-07-12 19:59,1868.26,stop,0.9621,3.6218532800,-28.6749372800,-0.015734,5.00,tb-supertrend-ETHUSDT-1689170400-B,tb-supertrend-ETHUSDT-1689188400-X
LTC/USDT,supertrend,2023-07-13 06:00,98.08,2023-07-14 16:59,99.40,trailing,9.485,1.8740786000,10.6461214000,0.011444,35.00,tb-supertrend-LTCUSDT-1689224400-B,tb-supertrend-LTCUSDT-1689350400-T
SOL/USDT,supertrend,2023-07-13 12:00,22.44,2023-07-14 17:59,26.93,trailing,32.921,1.6260502900,146.1892397100,0.197888,30.00,tb-supertrend-SOLUSDT-1689246000-B,tb-supertrend-SOLUSDT-1689354000-T
SOL/USDT,supertrend,2023-07-15 10:00,28.78,2023-07-16 02:59,27.24,trailing,11.023,0.6178538200,-17.5932738200,-0.055457,17.00,tb-supertrend-SOLUSDT-1689411600-B,tb-supertrend-SOLUSDT-1689472800-T
XRP/USDT,supertrend,2023-07-16 12:00,0.7500,2023-07-17 09:59,0.7352,trailing,574.8,0.854142960000,-9.361182960000,-0.021715,22.00,tb-supertrend-XRPUSDT-1689505200-B,tb-supertrend-XRPUSDT-1689584400-T
BNB/USDT,supertrend,2023-07-18 02:00,246.53,2023-07-18 06:59,241.33,trailing,4.664,2.2766116900,-26.5294116900,-0.023073,5.00,tb-supertrend-BNBUSDT-1689642000-B,tb-supertrend-BNBUSDT-1689660000-T
LINK/USDT,supertrend,2023-07-17 17:00,6.790,2023-07-18 11:59,6.954,trailing,105.74,1.45403746000,15.88732254000,0.022128,19.00,tb-supertrend-LINKUSDT-1689609600-B,tb-supertrend-LINKUSDT-1689678000-T
XRP/USDT,supertrend,2023-07-19 00:00,0.7784,2023-07-20 14:59,0.7989,trailing,619.5,0.977682230000,11.722067770000,0.024309,39.00,tb-supertrend-XRPUSDT-1689721200-B,tb-supertrend-XRPUSDT-1689861600-T
ADA/USDT,supertrend,2023-07-19 01:00,0.3154,2023-07-20 14:59,0.3185,trailing,2068.9,1.312138050000,5.101451950000,0.007818,38.00,tb-supertrend-ADAUSDT-1689724800-B,tb-supertrend-ADAUSDT-1689861600-T
BNB/USDT,supertrend,2023-07-21 13:00,244.83,2023-07-22 10:59,242.04,trailing,7.355,3.5828874900,-24.1033374900,-0.013385,22.00,tb-supertrend-BNBUSDT-1689940800-B,tb-supertrend-BNBUSDT-1690020000-T
LTC/USDT,supertrend,2023-07-21 19:00,94.55,2023-07-22 10:59,93.37,trailing,12.493,2.3489137100,-17.0906537100,-0.014469,16.00,tb-supertrend-LTCUSDT-1689962400-B,tb-supertrend-LTCUSDT-1690020000-T
SOL/USDT,supertrend,2023-10-19 12:00,24.31,2023-10-22 07:59,28.56,trailing,34.266,1.8124942700,143.8180057300,0.172649,68.00,tb-supertrend-SOLUSDT-1697713200-B,tb-supertrend-SOLUSDT-1697958000-T
LTC/USDT,supertrend,2023-10-19 16:00,61.51,2023-10-22 07:59,63.96,trailing,24.611,3.0894799200,57.2074700800,0.037790,64.00,tb-supertrend-LTCUSDT-1697727600-B,tb-supertrend-LTCUSDT-1697958000-T
LTC/USDT,supertrend,2023-10-22 18:00,65.52,2023-10-24 06:59,68.94,trailing,14.063,1.8918937800,46.2035662200,0.050145,37.00,tb-supertrend-LTCUSDT-1697994000-B,tb-supertrend-LTCUSDT-1698127200-T
SOL/USDT,supertrend,2023-10-23 23:00,32.43,2023-10-24 16:59,30.38,trailing,12.281,0.7717912000,-25.9478412000,-0.065151,18.00,tb-supertrend-SOLUSDT-1698098400-B,tb-supertrend-SOLUSDT-1698163200-T
ADA/USDT,supertrend,2023-10-26 04:00,0.2901,2023-10-26 14:59,0.2844,trailing,2424.1,1.393370700000,-15.210740700000,-0.021630,11.00,tb-supertrend-ADAUSDT-1698289200-B,tb-supertrend-ADAUSDT-1698328800-T
ETH/USDT,supertrend,2023-10-26 08:00,1850.28,2023-10-26 14:59,1794.72,stop,0.4675,1.7049626400,-27.6792626400,-0.031999,7.00,tb-supertrend-ETHUSDT-1698303600-B,tb-supertrend-ETHUSDT-1698328800-X
BNB/USDT,supertrend,2023-10-27 12:00,227.72,2023-10-27 17:59,222.94,trailing,4.321,1.9484404600,-22.6028204600,-0.022971,6.00,tb-supertrend-BNBUSDT-1698404400-B,tb-supertrend-BNBUSDT-1698426000-T
ADA/USDT,supertrend,2023-10-28 03:00,0.2957,2023-10-28 19:59,0.2897,trailing,2487.7,1.457038830000,-16.383238830000,-0.022272,17.00,tb-supertrend-ADAUSDT-1698458400-B,tb-supertrend-ADAUSDT-1698519600-T
LINK/USDT,supertrend,2023-10-28 04:00,11.400,2023-10-28 22:59,10.959,trailing,32.81,0.73405479000,-15.20326479000,-0.040647,19.00,tb-supertrend-LINKUSDT-1698462000-B,tb-supertrend-LINKUSDT-1698530400-T
BTC/USDT,supertrend,2023-10-29 13:00,34437.21,2023-10-30 02:59,34226.44,trailing,0.06091,4.1847135258,-17.0227142258,-0.008115,14.00,tb-supertrend-BTCUSDT-1698580800-B,tb-supertrend-BTCUSDT-1698631200-T
XRP/USDT,supertrend,2023-10-29 10:00,0.5513,2023-10-30 06:59,0.5494,trailing,3121.5,3.437599210000,-9.368449210000,-0.005444,21.00,tb-supertrend-XRPUSDT-1698570000-B,tb-supertrend-XRPUSDT-1698645600-T
LINK/USDT,supertrend,2023-10-30 10:00,11.416,2023-10-31 13:59,11.143,trailing,47.30,1.06761150000,-13.98051150000,-0.025891,28.00,tb-supertrend-LINKUSDT-1698656400-B,tb-supertrend-LINKUSDT-1698757200-T
BTC/USDT,supertrend,2023-11-01 13:00,34808.00,2023-11-01 14:59,34297.65,stop,0.05105,3.5299319100,-29.5832994100,-0.016648,2.00,tb-supertrend-BTCUSDT-1698840000-B,tb-supertrend-BTCUSDT-1698847200-X
ADA/USDT,supertrend,2023-11-01 19:00,0.2979,2023-11-02 15:59,0.3007,trailing,2297.7,1.376088390000,5.057471610000,0.007389,21.00,tb-supertrend-ADAUSDT-1698861600-B,tb-supertrend-ADAUSDT-1698937200-T
LTC/USDT,supertrend,2023-11-01 21:00,69.89,2023-11-02 16:59,68.27,trailing,9.977,1.3791212200,-17.5418612200,-0.025157,20.00,tb-supertrend-LTCUSDT-1698868800-B,tb-supertrend-LTCUSDT-1698940800-T
LINK/USDT,supertrend,2023-11-03 16:00,11.276,2023-11-05 13:59,11.855,trailing,44.62,1.03266902000,24.80231098000,0.049296,46.00,tb-supertrend-LINKUSDT-1699023600-B,tb-supertrend-LINKUSDT-1699189200-T
ETH/USDT,supertrend,2023-11-03 21:00,1828.88,2023-11-05 21:59,1857.26,trailing,0.6421,2.3681507140,15.8546472860,0.013501,49.00,tb-supertrend-ETHUSDT-1699041600-B,tb-supertrend-ETHUSDT-1699218000-T
SOL/USDT,supertrend,2023-11-07 00:00,42.19,2023-11-07 02:59,40.33,stop,13.769,1.1368085400,-26.7471485400,-0.046043,3.00,tb-supertrend-SOLUSDT-1699311600-B,tb-supertrend-SOLUSDT-1699322400-X
BTC/USDT,supertrend,2023-11-07 19:00,35394.69,2023-11-08 15:59,35125.70,trailing,0.04057,2.8627819578,-13.7757062578,-0.009593,21.00,tb-supertrend-BTCUSDT-1699380000-B,tb-supertrend-BTCUSDT-1699455600-T
LINK/USDT,supertrend,2023-11-06 05:00,12.411,2023-11-09 16:59,14.787,trailing,42.51,1.15680753000,99.84695247000,0.189250,84.00,tb-supertrend-LINKUSDT-1699243200-B,tb-supertrend-LINKUSDT-1699545600-T
LTC/USDT,supertrend,2023-11-09 03:00,74.51,2023-11-09 16:59,73.96,trailing,14.127,2.0985533400,-9.8684033400,-0.009375,14.00,tb-supertrend-LTCUSDT-1699495200-B,tb-supertrend-LTCUSDT-1699545600-T
BNB/USDT,supertrend,2023-11-10 02:00,254.73,2023-11-10 14:59,248.68,trailing,2.657,1.3383245600,-17.4131745600,-0.025728,13.00,tb-supertrend-BNBUSDT-1699578000-B,tb-supertrend-BNBUSDT-1699624800-T
BTC/USDT,supertrend,2023-11-10 17:00,37396.16,2023-11-11 22:59,36879.86,trailing,0.02676,1.9887481764,-15.8049361764,-0.015794,30.00,tb-supertrend-BTCUSDT-1699632000-B,tb-supertrend-BTCUSDT-1699740000-T
SOL/USDT,supertrend,2023-11-10 07:00,48.78,2023-11-11 23:59,56.28,trailing,6.777,0.7123330800,50.1151669200,0.151597,41.00,tb-supertrend-SOLUSDT-1699596000-B,tb-supertrend-SOLUSDT-1699743600-T
ETH/USDT,supertrend,2023-11-13 16:00,2106.29,2023-11-13 21:59,2053.04,stop,0.4852,2.0191600630,-27.8560600630,-0.027257,6.00,tb-supertrend-ETHUSDT-1699887600-B,tb-supertrend-ETHUSDT-1699909200-X
XRP/USDT,supertrend,2023-11-13 21:00,0.7118,2023-11-13 21:59,0.6784,stop,767.0,1.066852840000,-26.684652840000,-0.048877,1.00,tb-supertrend-XRPUSDT-1699905600-B,tb-supertrend-XRPUSDT-1699909200-X
BNB/USDT,supertrend,2023-11-14 09:00,246.53,2023-11-14 18:59,240.77,stop,4.474,2.1814128500,-27.9516528500,-0.025342,10.00,tb-supertrend-BNBUSDT-1699948800-B,tb-supertrend-BNBUSDT-1699984800-X
SOL/USDT,supertrend,2023-11-14 15:00,57.36,2023-11-14 18:59,52.29,stop,4.998,0.5483748600,-25.8882348600,-0.090302,4.00,tb-supertrend-SOLUSDT-1699970400-B,tb-supertrend-SOLUSDT-1699984800-X
LINK/USDT,supertrend,2023-11-15 12:00,15.140,2023-11-16 12:59,14.399,trailing,28.64,0.84645116000,-22.06869116000,-0.050895,25.00,tb-supertrend-LINKUSDT-1700046000-B,tb-supertrend-LINKUSDT-1700136000-T
ADA/USDT,supertrend,2023-11-15 12:00,0.3723,2023-11-16 13:59,0.3863,trailing,1590.8,1.207376560000,21.063823440000,0.035565,26.00,tb-supertrend-ADAUSDT-1700046000-B,tb-supertrend-ADAUSDT-1700139600-T
ADA/USDT,supertrend,2023-11-18 17:00,0.3702,2023-11-20 14:59,0.3842,trailing,1627.7,1.228566220000,21.559233780000,0.035779,46.00,tb-supertrend-ADAUSDT-1700323200-B,tb-supertrend-ADAUSDT-1700488800-T
ETH/USDT,supertrend,2023-11-18 19:00,1968.39,2023-11-20 14:59,1996.53,trailing,0.6640,2.6340847530,16.0508752470,0.012281,44.00,tb-supertrend-ETHUSDT-1700330400-B,tb-supertrend-ETHUSDT-1700488800-T
ETH/USDT,supertrend,2023-11-22 11:00,2026.18,2023-11-23 11:59,2041.56,trailing,0.4530,1.8436993100,5.1234406900,0.005582,25.00,tb-supertrend-ETHUSDT-1700647200-B,tb-supertrend-ETHUSDT-1700737200-T
BTC/USDT,supertrend,2023-11-22 19:00,37216.59,2023-11-23 15:59,36958.22,trailing,0.02846,2.1121315891,-9.4653417891,-0.008936,21.00,tb-supertrend-BTCUSDT-1700676000-B,tb-supertrend-BTCUSDT-1700751600-T
LTC/USDT,supertrend,2023-11-24 16:00,70.57,2023-11-26 09:59,70.83,trailing,19.205,2.7169984000,2.2763016000,0.001680,42.00,tb-supertrend-LTCUSDT-1700838000-B,tb-supertrend-LTCUSDT-1700989200-T
LINK/USDT,supertrend,2023-11-27 01:00,15.234,2023-11-27 03:59,14.628,stop,42.01,1.25526432000,-26.71332432000,-0.041741,3.00,tb-supertrend-LINKUSDT-1701043200-B,tb-supertrend-LINKUSDT-1701054000-X
BTC/USDT,supertrend,2023-11-28 16:00,37531.96,2023-11-29 15:59,37680.12,trailing,0.04530,3.4089838260,3.3026641740,0.001943,24.00,tb-supertrend-BTCUSDT-1701183600-B,tb-supertrend-BTCUSDT-1701270000-T
SOL/USDT,supertrend,2023-11-28 17:00,57.29,2023-11-29 21:59,58.68,trailing,10.966,1.2723572100,13.9703827900,0.022237,29.00,tb-supertrend-SOLUSDT-1701187200-B,tb-supertrend-SOLUSDT-1701291600-T
XRP/USDT,supertrend,2023-12-01 05:00,0.6116,2023-12-03 15:59,0.6181,trailing,2759.5,3.395069630000,14.541680370000,0.008616,59.00,tb-supertrend-XRPUSDT-1701403200-B,tb-supertrend-XRPUSDT-1701615600-T
ADA/USDT,supertrend,2023-12-03 23:00,0.3980,2023-12-04 11:59,0.4007,trailing,2988.5,2.388108950000,5.680841050000,0.004776,13.00,tb-supertrend-ADAUSDT-1701640800-B,tb-supertrend-ADAUSDT-1701687600-T
ETH/USDT,supertrend,2023-12-01 02:00,2089.57,2023-12-04 15:59,2205.59,trailing,0.6682,2.8714886130,74.6530753870,0.053467,86.00,tb-supertrend-ETHUSDT-1701392400-B,tb-supertrend-ETHUSDT-1701702000-T
ETH/USDT,supertrend,2023-12-05 18:00,2293.01,2023-12-06 11:59,2249.26,trailing,0.3959,1.7992018930,-19.1198268930,-0.021062,18.00,tb-supertrend-ETHUSDT-1701795600-B,tb-supertrend-ETHUSDT-1701860400-T
ADA/USDT,supertrend,2023-12-05 18:00,0.4137,2023-12-07 09:59,0.4324,trailing,1843.3,1.560402160000,32.909307840000,0.043156,40.00,tb-supertrend-ADAUSDT-1701795600-B,tb-supertrend-ADAUSDT-1701939600-T
BTC/USDT,supertrend,2023-12-08 15:00,43984.98,2023-12-09 08:59,43856.97,trailing,0.03214,2.8249996764,-6.9392410764,-0.004909,18.00,tb-supertrend-BTCUSDT-1702044000-B,tb-supertrend-BTCUSDT-1702108800-T
LINK/USDT,supertrend,2023-12-07 22:00,15.649,2023-12-09 14:59,16.480,trailing,33.18,1.06666618000,26.50591382000,0.051048,41.00,tb-supertrend-LINKUSDT-1701982800-B,tb-supertrend-LINKUSDT-1702130400-T
ETH/USDT,supertrend,2023-12-10 21:00,2377.40,2023-12-11 01:59,2337.50,stop,0.6572,3.1002964600,-29.3225764600,-0.018767,5.00,tb-supertrend-ETHUSDT-1702238400-B,tb-supertrend-ETHUSDT-1702256400-X
SOL/USDT,supertrend,2023-12-11 00:00,74.92,2023-12-11 02:59,71.51,stop,7.531,1.1033636900,-26.7840736900,-0.047471,3.00,tb-supertrend-SOLUSDT-1702249200-B,tb-supertrend-SOLUSDT-1702260000-X
ADA/USDT,supertrend,2023-12-12 07:00,0.5739,2023-12-12 17:59,0.5586,trailing,683.3,0.774238980000,-11.228728980000,-0.028634,11.00,tb-supertrend-ADAUSDT-1702360800-B,tb-supertrend-ADAUSDT-1702400400-T
BNB/USDT,supertrend,2023-12-11 13:00,242.53,2023-12-13 03:59,246.28,trailing,2.689,1.3151376800,8.7686123200,0.013445,39.00,tb-supertrend-BNBUSDT-1702296000-B,tb-supertrend-BNBUSDT-1702436400-T
ADA/USDT,supertrend,2023-12-13 14:00,0.6117,2023-12-14 13:59,0.6291,trailing,536.6,0.666180300000,8.670659700000,0.026416,24.00,tb-supertrend-ADAUSDT-1702472400-B,tb-supertrend-ADAUSDT-1702558800-T
BTC/USDT,supertrend,2023-12-13 16:00,41960.14,2023-12-14 13:59,42386.70,trailing,0.02629,2.2187372248,8.9955251752,0.008155,22.00,tb-supertrend-BTCUSDT-1702479600-B,tb-supertrend-BTCUSDT-1702558800-T
LTC/USDT,supertrend,2023-12-17 05:00,72.62,2023-12-17 22:59,71.88,trailing,20.694,2.9918080200,-18.3053680200,-0.012181,18.00,tb-supertrend-LTCUSDT-1702785600-B,tb-supertrend-LTCUSDT-1702850400-T
ETH/USDT,supertrend,2023-12-17 21:00,2248.12,2023-12-17 23:59,2206.06,trailing,0.6088,2.7132784700,-28.3194064700,-0.020691,3.00,tb-supertrend-ETHUSDT-1702843200-B,tb-supertrend-ETHUSDT-1702854000-T
SOL/USDT,supertrend,2023-12-18 19:00,72.37,2023-12-19 14:59,72.95,trailing,6.200,0.9014905900,2.6945094100,0.006005,20.00,tb-supertrend-SOLUSDT-1702922400-B,tb-supertrend-SOLUSDT-1702994400-T
BTC/USDT,supertrend,2023-12-18 21:00,41992.08,2023-12-19 14:59,42430.67,trailing,0.02605,2.2004723964,9.2247971036,0.008433,18.00,tb-supertrend-BTCUSDT-1702929600-B,tb-supertrend-BTCUSDT-1702994400-T
SOL/USDT,supertrend,2023-12-20 09:00,76.44,2023-12-22 09:59,91.73,trailing,7.054,1.1868827000,106.6687773000,0.197825,49.00,tb-supertrend-SOLUSDT-1703059200-B,tb-supertrend-SOLUSDT-1703235600-T
BTC/USDT,supertrend,2023-12-20 14:00,43791.33,2023-12-23 04:59,43404.43,trailing,0.02648,2.3102574683,-12.5553694683,-0.010827,63.00,tb-supertrend-BTCUSDT-1703077200-B,tb-supertrend-BTCUSDT-1703304000-T
ADA/USDT,supertrend,2023-12-24 02:00,0.6247,2023-12-24 05:59,0.6034,stop,1216.2,1.494427330000,-27.399487330000,-0.036063,4.00,tb-supertrend-ADAUSDT-1703379600-B,tb-supertrend-ADAUSDT-1703394000-X
XRP/USDT,supertrend,2023-12-25 10:00,0.6421,2023-12-26 05:59,0.6287,trailing,1475.5,1.876028550000,-21.647728550000,-0.022849,20.00,tb-supertrend-XRPUSDT-1703494800-B,tb-supertrend-XRPUSDT-1703566800-T
BTC/USDT,supertrend,2023-12-25 15:00,43695.94,2023-12-26 05:59,43125.00,trailing,0.03885,3.3747413566,-25.5557603566,-0.015054,15.00,tb-supertrend-BTCUSDT-1703512800-B,tb-supertrend-BTCUSDT-1703566800-T
LTC/USDT,supertrend,2023-12-26 12:00,73.46,2023-12-26 17:59,71.95,trailing,12.954,1.8845961200,-21.4451361200,-0.022536,6.00,tb-supertrend-LTCUSDT-1703588400-B,tb-supertrend-LTCUSDT-1703610000-T
ETH/USDT,supertrend,2023-12-27 11:00,2279.74,2023-12-28 07:59,2364.55,trailing,0.5623,2.6128521160,45.0758108840,0.035163,21.00,tb-supertrend-ETHUSDT-1703671200-B,tb-supertrend-ETHUSDT-1703746800-T
BTC/USDT,supertrend,2023-12-27 11:00,43217.16,2023-12-28 12:59,42825.53,trailing,0.03364,2.8962047788,-16.0706379788,-0.011054,26.00,tb-supertrend-BTCUSDT-1703671200-B,tb-supertrend-BTCUSDT-1703764800-T
SOL/USDT,supertrend,2023-12-29 07:00,108.24,2023-12-30 08:59,102.80,trailing,3.169,0.6692187200,-17.9085787200,-0.052210,26.00,tb-supertrend-SOLUSDT-1703829600-B,tb-supertrend-SOLUSDT-1703923200-T
BNB/USDT,supertrend,2023-12-31 05:00,322.67,2023-12-31 16:59,315.33,trailing,2.870,1.8320280100,-22.8978280100,-0.024726,12.00,tb-supertrend-BNBUSDT-1703995200-B,tb-supertrend-BNBUSDT-1704038400-T
BTC/USDT,supertrend,2023-12-30 18:00,42510.25,2023-12-31 22:59,42106.35,trailing,0.03290,2.7855865550,-16.0738965550,-0.011493,29.00,tb-supertrend-BTCUSDT-1703955600-B,tb-supertrend-BTCUSDT-1704060000-T
LTC/USDT,supertrend,2023-12-31 18:00,74.27,2023-12-31 22:59,72.99,trailing,19.202,2.8291719200,-27.4077319200,-0.019218,5.00,tb-supertrend-LTCUSDT-1704042000-B,tb-supertrend-LTCUSDT-1704060000-T
XRP/USDT,supertrend,2024-01-01 18:00,0.6237,2024-01-02 14:59,0.6261,trailing,2675.8,3.345898830000,3.076021170000,0.001843,21.00,tb-supertrend-XRPUSDT-1704128400-B,tb-supertrend-XRPUSDT-1704204000-T
ETH/USDT,supertrend,2024-01-01 19:00,2328.07,2024-01-02 14:59,2371.47,trailing,0.6559,3.0840579320,25.3820020680,0.016622,20.00,tb-supertrend-ETHUSDT-1704132000-B,tb-supertrend-ETHUSDT-1704204000-T
BNB/USDT,supertrend,2024-01-03 07:00,319.66,2024-01-03 12:59,319.77,trailing,3.157,2.0199591500,-1.6726891500,-0.001657,6.00,tb-supertrend-BNBUSDT-1704261600-B,tb-supertrend-BNBUSDT-1704283200-T
SOL/USDT,supertrend,2024-01-04 20:00,105.22,2024-01-05 01:59,99.29,trailing,3.491,0.7143652900,-21.4159952900,-0.058303,6.00,tb-supertrend-SOLUSDT-1704394800-B,tb-supertrend-SOLUSDT-1704416400-T
BTC/USDT,supertrend,2024-01-04 21:00,44135.74,2024-01-05 01:59,43092.35,trailing,0.01865,1.6276865958,-21.0869100958,-0.025618,5.00,tb-supertrend-BTCUSDT-1704398400-B,tb-supertrend-BTCUSDT-1704416400-T
LTC/USDT,supertrend,2024-01-07 07:00,66.18,2024-01-07 15:59,64.84,trailing,18.319,2.4014128000,-26.9488728000,-0.022229,9.00,tb-supertrend-LTCUSDT-1704607200-B,tb-supertrend-LTCUSDT-1704639600-T
LTC/USDT,supertrend,2024-01-10 04:00,67.59,2024-01-10 12:59,65.34,trailing,9.866,1.3121632800,-23.5106632800,-0.035257,9.00,tb-supertrend-LTCUSDT-1704855600-B,tb-supertrend-LTCUSDT-1704888000-T
XRP/USDT,supertrend,2024-01-10 20:00,0.5792,2024-01-12 01:59,0.5935,trailing,1008.2,1.182953260000,13.234306740000,0.022663,30.00,tb-supertrend-XRPUSDT-1704913200-B,tb-supertrend-XRPUSDT-1705021200-T
ETH/USDT,supertrend,2024-01-09 23:00,2342.09,2024-01-12 08:59,2587.00,trailing,0.2600,1.2822660270,62.3943339730,0.102463,58.00,tb-supertrend-ETHUSDT-1704837600-B,tb-supertrend-ETHUSDT-1705046400-T
ETH/USDT,supertrend,2024-01-16 16:00,2560.72,2024-01-17 07:59,2555.86,trailing,0.4156,2.1277310120,-4.1475470120,-0.003897,16.00,tb-supertrend-ETHUSDT-1705417200-B,tb-supertrend-ETHUSDT-1705474800-T
ADA/USDT,supertrend,2024-01-16 17:00,0.5445,2024-01-17 07:59,0.5294,trailing,1376.9,1.479415210000,-22.270605210000,-0.029705,15.00,tb-supertrend-ADAUSDT-1705420800-B,tb-supertrend-ADAUSDT-1705474800-T
BNB/USDT,supertrend,2024-01-18 15:00,315.16,2024-01-18 19:59,308.36,trailing,3.593,2.2415680000,-26.6739680000,-0.023556,5.00,tb-supertrend-BNBUSDT-1705586400-B,tb-supertrend-BNBUSDT-1705604400-T
BTC/USDT,supertrend,2024-01-31 16:00,43382.80,2024-01-31 20:59,42762.70,trailing,0.02661,2.2936332420,-18.7944942420,-0.016281,5.00,tb-supertrend-BTCUSDT-1706713200-B,tb-supertrend-BTCUSDT-1706731200-T
ETH/USDT,supertrend,2024-01-31 17:00,2347.10,2024-01-31 20:59,2291.18,trailing,0.4437,2.0591783900,-26.8708823900,-0.025802,4.00,tb-supertrend-ETHUSDT-1706716800-B,tb-supertrend-ETHUSDT-1706731200-T
LINK/USDT,supertrend,2024-02-10 22:00,18.758,2024-02-12 02:59,19.926,trailing,47.85,1.85196730000,54.03683270000,0.060203,29.00,tb-supertrend-LINKUSDT-1707598800-B,tb-supertrend-LINKUSDT-1707703200-T
ETH/USDT,supertrend,2024-02-12 15:00,2529.46,2024-02-13 13:59,2619.11,trailing,0.5831,3.0036488420,49.2712661580,0.033406,23.00,tb-supertrend-ETHUSDT-1707746400-B,tb-supertrend-ETHUSDT-1707829200-T
ADA/USDT,supertrend,2024-02-12 16:00,0.5563,2024-02-13 13:59,0.5453,trailing,1421.3,1.566538530000,-17.200838530000,-0.021755,22.00,tb-supertrend-ADAUSDT-1707750000-B,tb-supertrend-ADAUSDT-1707829200-T
BTC/USDT,supertrend,2024-02-14 09:00,50783.38,2024-02-15 21:59,51390.40,trailing,0.02167,2.2156293160,10.9384940840,0.009940,37.00,tb-supertrend-BTCUSDT-1707897600-B,tb-supertrend-BTCUSDT-1708030800-T
ETH/USDT,supertrend,2024-02-14 09:00,2708.57,2024-02-16 14:59,2782.39,trailing,0.3598,1.9767308340,24.5837051660,0.025226,54.00,tb-supertrend-ETHUSDT-1707897600-B,tb-supertrend-ETHUSDT-1708092000-T
ADA/USDT,supertrend,2024-02-17 21:00,0.5995,2024-02-18 20:59,0.6132,trailing,1256.0,1.523930550000,15.683269450000,0.020828,24.00,tb-supertrend-ADAUSDT-1708200000-B,tb-supertrend-ADAUSDT-1708286400-T
LINK/USDT,supertrend,2024-02-17 18:00,19.924,2024-02-19 10:59,19.767,trailing,34.67,1.37688393000,-6.82007393000,-0.009873,41.00,tb-supertrend-LINKUSDT-1708189200-B,tb-supertrend-LINKUSDT-1708336800-T
BTC/USDT,supertrend,2024-02-20 14:00,52866.57,2024-02-20 14:59,51919.00,stop,0.02746,2.8789977493,-28.8992699493,-0.019907,1.00,tb-supertrend-BTCUSDT-1708434000-B,tb-supertrend-BTCUSDT-1708437600-X
BNB/USDT,supertrend,2024-02-20 06:00,357.38,2024-02-20 15:59,350.24,trailing,3.173,2.2467077800,-24.9019277800,-0.021960,10.00,tb-supertrend-BNBUSDT-1708405200-B,tb-supertrend-BNBUSDT-1708441200-T
ETH/USDT,supertrend,2024-02-22 09:00,3022.29,2024-02-22 13:59,2928.09,trailing,0.2694,1.6039390630,-26.9814190630,-0.033138,5.00,tb-supertrend-ETHUSDT-1708588800-B,tb-supertrend-ETHUSDT-1708606800-T
BNB/USDT,supertrend,2024-02-21 08:00,360.59,2024-02-23 07:59,374.85,trailing,2.619,1.9271991300,35.4197408700,0.037506,48.00,tb-supertrend-BNBUSDT-1708498800-B,tb-supertrend-BNBUSDT-1708671600-T
XRP/USDT,supertrend,2024-02-24 10:00,0.5448,2024-02-26 02:59,0.5399,trailing,2159.1,2.343174330000,-12.922764330000,-0.010986,41.00,tb-supertrend-XRPUSDT-1708765200-B,tb-supertrend-XRPUSDT-1708912800-T
LTC/USDT,supertrend,2024-02-24 01:00,69.38,2024-02-26 05:59,69.61,trailing,18.310,2.5462251200,1.6650748800,0.001311,53.00,tb-supertrend-LTCUSDT-1708732800-B,tb-supertrend-LTCUSDT-1708923600-T
BTC/USDT,supertrend,2024-02-26 15:00,51712.88,2024-02-28 17:59,60128.26,trailing,0.03716,4.1580852760,308.5574355240,0.160569,51.00,tb-supertrend-BTCUSDT-1708956000-B,tb-supertrend-BTCUSDT-1709139600-T
ADA/USDT,supertrend,2024-02-26 16:00,0.6063,2024-02-28 17:59,0.6230,trailing,1240.6,1.525857770000,19.192162230000,0.025516,50.00,tb-supertrend-ADAUSDT-1708959600-B,tb-supertrend-ADAUSDT-1709139600-T
LTC/USDT,supertrend,2024-02-29 05:00,83.36,2024-02-29 22:59,79.24,trailing,4.959,0.8067502000,-21.2378302000,-0.051376,18.00,tb-supertrend-LTCUSDT-1709179200-B,tb-supertrend-LTCUSDT-1709244000-T
XRP/USDT,supertrend,2024-02-29 17:00,0.6121,2024-03-01 15:59,0.5866,trailing,716.9,0.859837710000,-19.140787710000,-0.043619,23.00,tb-supertrend-XRPUSDT-1709222400-B,tb-supertrend-XRPUSDT-1709305200-T
ADA/USDT,supertrend,2024-03-02 00:00,0.7200,2024-03-02 09:59,0.7212,trailing,752.1,1.084502520000,-0.181982520000,-0.000336,10.00,tb-supertrend-ADAUSDT-1709334000-B,tb-supertrend-ADAUSDT-1709370000-T
LINK/USDT,supertrend,2024-03-02 02:00,20.439,2024-03-03 07:59,20.773,trailing,36.12,1.48939500000,10.57468500000,0.014324,30.00,tb-supertrend-LINKUSDT-1709341200-B,tb-supertrend-LINKUSDT-1709449200-T
ADA/USDT,supertrend,2024-03-04 03:00,0.7530,2024-03-05 05:59,0.7509,trailing,742.3,1.116947370000,-2.675777370000,-0.004787,27.00,tb-supertrend-ADAUSDT-1709517600-B,tb-supertrend-ADAUSDT-1709614800-T
ETH/USDT,supertrend,2024-03-03 17:00,3482.26,2024-03-05 16:59,3673.62,trailing,0.3425,2.4522818040,63.0885181960,0.052897,48.00,tb-supertrend-ETHUSDT-1709481600-B,tb-supertrend-ETHUSDT-1709654400-T
LINK/USDT,supertrend,2024-03-05 06:00,20.981,2024-03-05 16:59,20.029,trailing,24.61,1.00988553000,-24.43860553000,-0.047330,11.00,tb-supertrend-LINKUSDT-1709614800-B,tb-supertrend-LINKUSDT-1709654400-T
BNB/USDT,supertrend,2024-03-06 08:00,410.81,2024-03-08 15:59,468.54,trailing,1.110,0.9769001200,63.1033998800,0.138385,56.00,tb-supertrend-BNBUSDT-1709708400-B,tb-supertrend-BNBUSDT-1709910000-T
ETH/USDT,supertrend,2024-03-06 06:00,3771.33,2024-03-08 16:59,3857.40,trailing,0.0983,0.7502812920,7.7103997080,0.020798,59.00,tb-supertrend-ETHUSDT-1709701200-B,tb-supertrend-ETHUSDT-1709913600-T
LINK/USDT,supertrend,2024-03-10 23:00,20.671,2024-03-11 00:59,20.652,trailing,33.01,1.36489907000,-1.99208907000,-0.002919,2.00,tb-supertrend-LINKUSDT-1710108000-B,tb-supertrend-LINKUSDT-1710115200-T
ETH/USDT,supertrend,2024-03-11 08:00,4003.41,2024-03-12 08:59,3971.67,trailing,0.1831,1.4610378330,-7.2726318330,-0.009921,25.00,tb-supertrend-ETHUSDT-1710140400-B,tb-supertrend-ETHUSDT-1710230400-T
BTC/USDT,supertrend,2024-03-11 08:00,71055.50,2024-03-12 15:59,70774.26,trailing,0.01348,1.9132862700,-5.7044014700,-0.005956,32.00,tb-supertrend-BTCUSDT-1710140400-B,tb-supertrend-BTCUSDT-1710255600-T
BTC/USDT,supertrend,2024-03-13 08:00,72891.58,2024-03-13 13:59,71620.04,trailing,0.01386,2.0043888804,-19.6279332804,-0.019428,6.00,tb-supertrend-BTCUSDT-1710313200-B,tb-supertrend-BTCUSDT-1710334800-T
ETH/USDT,supertrend,2024-03-13 09:00,4065.80,2024-03-13 13:59,3963.10,trailing,0.2312,1.8575014200,-25.6017414200,-0.027236,5.00,tb-supertrend-ETHUSDT-1710316800-B,tb-supertrend-ETHUSDT-1710334800-T
LINK/USDT,supertrend,2024-03-14 10:00,21.126,2024-03-14 15:59,20.686,trailing,34.41,1.43959596000,-16.57999596000,-0.022808,6.00,tb-supertrend-LINKUSDT-1710406800-B,tb-supertrend-LINKUSDT-1710428400-T
SOL/USDT,supertrend,2024-03-15 00:00,176.74,2024-03-15 08:59,169.81,trailing,1.922,0.6664225800,-13.9858825800,-0.041172,9.00,tb-supertrend-SOLUSDT-1710457200-B,tb-supertrend-SOLUSDT-1710489600-T
BNB/USDT,supertrend,2024-03-15 19:00,612.91,2024-03-16 13:59,593.64,trailing,0.580,0.7004119100,-11.8770119100,-0.033410,19.00,tb-supertrend-BNBUSDT-1710525600-B,tb-supertrend-BNBUSDT-1710594000-T
SOL/USDT,supertrend,2024-03-16 06:00,192.33,2024-03-16 19:59,180.77,trailing,1.551,0.5790627600,-18.5086227600,-0.062046,14.00,tb-supertrend-SOLUSDT-1710565200-B,tb-supertrend-SOLUSDT-1710615600-T
ETH/USDT,supertrend,2024-03-17 16:00,3630.24,2024-03-18 13:59,3527.28,trailing,0.1617,1.1580970360,-17.8067290360,-0.030335,22.00,tb-supertrend-ETHUSDT-1710687600-B,tb-supertrend-ETHUSDT-1710766800-T
BTC/USDT,supertrend,2024-03-17 16:00,67999.50,2024-03-18 14:59,66652.63,trailing,0.01004,1.3532673800,-14.8758421800,-0.021789,23.00,tb-supertrend-BTCUSDT-1710687600-B,tb-supertrend-BTCUSDT-1710770400-T
LTC/USDT,supertrend,2024-03-19 00:00,86.81,2024-03-19 01:59,82.29,stop,5.767,0.9757205600,-27.0425605600,-0.054017,2.00,tb-supertrend-LTCUSDT-1710802800-B,tb-supertrend-LTCUSDT-1710810000-X
XRP/USDT,supertrend,2024-03-18 23:00,0.6335,2024-03-19 02:59,0.6117,trailing,940.0,1.171121500000,-21.663121500000,-0.036379,4.00,tb-supertrend-XRPUSDT-1710799200-B,tb-supertrend-XRPUSDT-1710813600-T
ETH/USDT,supertrend,2024-03-20 13:00,3356.51,2024-03-20 16:59,3190.66,trailing,0.1291,0.8459109530,-22.2571459530,-0.051364,4.00,tb-supertrend-ETHUSDT-1710936000-B,tb-supertrend-ETHUSDT-1710950400-T
SOL/USDT,supertrend,2024-03-20 19:00,183.93,2024-03-21 18:59,179.84,trailing,1.431,0.5209227300,-6.3737127300,-0.024216,24.00,tb-supertrend-SOLUSDT-1710957600-B,tb-supertrend-SOLUSDT-1711044000-T
BTC/USDT,supertrend,2024-03-20 19:00,65447.64,2024-03-21 18:59,65436.46,trailing,0.00744,0.9744321780,-1.0576113780,-0.002172,24.00,tb-supertrend-BTCUSDT-1710957600-B,tb-supertrend-BTCUSDT-1711044000-T
LTC/USDT,supertrend,2024-03-23 02:00,84.70,2024-03-26 14:59,89.38,trailing,8.090,1.4090695000,36.4521305000,0.053197,85.00,tb-supertrend-LTCUSDT-1711155600-B,tb-supertrend-LTCUSDT-1711461600-T
LINK/USDT,supertrend,2024-03-23 10:00,18.406,2024-03-26 14:59,19.861,trailing,32.93,1.26086855000,46.65228145000,0.076970,77.00,tb-supertrend-LINKUSDT-1711184400-B,tb-supertrend-LINKUSDT-1711461600-T
LTC/USDT,supertrend,2024-03-26 19:00,93.85,2024-03-27 14:59,93.00,trailing,5.750,1.0749506000,-5.9624506000,-0.011049,20.00,tb-supertrend-LTCUSDT-1711476000-B,tb-supertrend-LTCUSDT-1711548000-T
BTC/USDT,supertrend,2024-03-28 15:00,71573.74,2024-03-29 05:59,70204.44,trailing,0.01421,2.0160994102,-21.4738524102,-0.021114,15.00,tb-supertrend-BTCUSDT-1711634400-B,tb-supertrend-BTCUSDT-1711688400-T
BNB/USDT,supertrend,2024-03-28 01:00,588.10,2024-03-30 06:59,603.26,trailing,1.399,1.6678888400,19.5409511600,0.023751,54.00,tb-supertrend-BNBUSDT-1711584000-B,tb-supertrend-BNBUSDT-1711778400-T
XRP/USDT,supertrend,2024-03-29 12:00,0.6298,2024-03-30 21:59,0.6212,trailing,1425.4,1.784120100000,-14.042560100000,-0.015643,34.00,tb-supertrend-XRPUSDT-1711710000-B,tb-supertrend-XRPUSDT-1711832400-T
ETH/USDT,supertrend,2024-03-31 06:00,3606.01,2024-04-01 05:59,3585.07,trailing,0.3752,2.6995356160,-10.5562236160,-0.007802,24.00,tb-supertrend-ETHUSDT-1711861200-B,tb-supertrend-ETHUSDT-1711947600-T
BTC/USDT,supertrend,2024-03-31 12:00,70405.18,2024-04-01 05:59,70333.95,trailing,0.03172,4.4670614068,-6.7264770068,-0.003012,18.00,tb-supertrend-BTCUSDT-1711882800-B,tb-supertrend-BTCUSDT-1711947600-T
LTC/USDT,supertrend,2024-04-02 12:00,102.57,2024-04-03 08:59,100.54,trailing,3.425,0.6960620300,-7.6488120300,-0.021773,21.00,tb-supertrend-LTCUSDT-1712055600-B,tb-supertrend-LTCUSDT-1712131200-T
SOL/USDT,supertrend,2024-04-03 04:00,188.57,2024-04-04 03:59,181.92,trailing,2.347,0.8701057400,-16.4776557400,-0.037231,24.00,tb-supertrend-SOLUSDT-1712113200-B,tb-supertrend-SOLUSDT-1712199600-T
LTC/USDT,supertrend,2024-04-06 11:00,101.88,2024-04-07 17:59,101.86,trailing,6.624,1.3502869200,-1.4827669200,-0.002197,31.00,tb-supertrend-LTCUSDT-1712397600-B,tb-supertrend-LTCUSDT-1712509200-T
XRP/USDT,supertrend,2024-04-06 16:00,0.5944,2024-04-07 19:59,0.5916,trailing,2302.3,2.731954360000,-9.178394360000,-0.006707,28.00,tb-supertrend-XRPUSDT-1712415600-B,tb-supertrend-XRPUSDT-1712516400-T
LTC/USDT,supertrend,2024-04-08 09:00,104.49,2024-04-09 00:59,102.61,trailing,7.288,1.5101807200,-15.2116207200,-0.019975,16.00,tb-supertrend-LTCUSDT-1712563200-B,tb-supertrend-LTCUSDT-1712620800-T
ADA/USDT,supertrend,2024-04-08 08:00,0.5952,2024-04-09 07:59,0.6015,trailing,1789.9,2.143044690000,9.133325310000,0.008573,24.00,tb-supertrend-ADAUSDT-1712559600-B,tb-supertrend-ADAUSDT-1712646000-T
BNB/USDT,supertrend,2024-04-10 16:00,593.40,2024-04-11 09:59,599.80,trailing,1.486,1.7742820000,7.7361180000,0.008773,18.00,tb-supertrend-BNBUSDT-1712761200-B,tb-supertrend-BNBUSDT-1712826000-T
BTC/USDT,supertrend,2024-04-10 20:00,70119.05,2024-04-12 13:59,69840.04,trailing,0.01353,1.8950488675,-5.6700541675,-0.005977,42.00,tb-supertrend-BTCUSDT-1712775600-B,tb-supertrend-BTCUSDT-1712926800-T
LINK/USDT,supertrend,2024-04-19 07:00,13.853,2024-04-21 16:59,14.570,trailing,30.20,0.85892872000,20.79447128000,0.049705,58.00,tb-supertrend-LINKUSDT-1713506400-B,tb-supertrend-LINKUSDT-1713715200-T
LTC/USDT,supertrend,2024-04-22 21:00,86.28,2024-04-23 04:59,84.23,trailing,11.172,1.9059730800,-24.8085730800,-0.025737,8.00,tb-supertrend-LTCUSDT-1713816000-B,tb-supertrend-LTCUSDT-1713844800-T
BTC/USDT,supertrend,2024-04-19 07:00,64656.69,2024-04-23 11:59,65820.26,trailing,0.00818,1.0679480211,8.4500545789,0.015977,101.00,tb-supertrend-BTCUSDT-1713506400-B,tb-supertrend-BTCUSDT-1713870000-T
ETH/USDT,supertrend,2024-05-17 08:00,3026.18,2024-05-19 11:59,3093.56,trailing,0.3971,2.4313592300,24.3252387700,0.020242,52.00,tb-supertrend-ETHUSDT-1715929200-B,tb-supertrend-ETHUSDT-1716116400-T
SOL/USDT,supertrend,2024-05-20 03:00,172.85,2024-05-21 12:59,179.89,trailing,4.086,1.4421598900,27.3232801100,0.038687,34.00,tb-supertrend-SOLUSDT-1716170400-B,tb-supertrend-SOLUSDT-1716292800-T
LINK/USDT,supertrend,2024-05-16 19:00,14.426,2024-05-21 15:59,16.561,trailing,43.23,1.34028931000,90.95576069000,0.145848,117.00,tb-supertrend-LINKUSDT-1715882400-B,tb-supertrend-LINKUSDT-1716303600-T
ETH/USDT,supertrend,2024-05-23 11:00,3830.13,2024-05-23 12:59,3785.34,trailing,0.2183,1.6636061380,-11.4412631380,-0.013684,2.00,tb-supertrend-ETHUSDT-1716458400-B,tb-supertrend-ETHUSDT-1716465600-T
LINK/USDT,supertrend,2024-05-24 01:00,16.910,2024-05-25 08:59,17.017,trailing,28.23,0.95826651000,2.06234349000,0.004320,32.00,tb-supertrend-LINKUSDT-1716508800-B,tb-supertrend-LINKUSDT-1716624000-T
LTC/USDT,supertrend,2024-05-24 01:00,86.29,2024-05-25 12:59,84.62,trailing,7.413,1.2676461500,-13.6473561500,-0.021335,36.00,tb-supertrend-LTCUSDT-1716508800-B,tb-supertrend-LTCUSDT-1716638400-T
ETH/USDT,supertrend,2024-05-26 10:00,3801.90,2024-05-27 19:59,3868.80,trailing,0.3529,2.7085107900,20.9004992100,0.015578,34.00,tb-supertrend-ETHUSDT-1716714000-B,tb-supertrend-ETHUSDT-1716836400-T
BNB/USDT,supertrend,2024-05-27 03:00,606.21,2024-05-27 19:59,604.40,trailing,3.716,4.5010516000,-11.2270116000,-0.004984,17.00,tb-supertrend-BNBUSDT-1716775200-B,tb-supertrend-BNBUSDT-1716836400-T
SOL/USDT,supertrend,2024-05-29 04:00,172.44,2024-05-29 12:59,167.38,trailing,4.310,1.4654864000,-23.2740864000,-0.031315,9.00,tb-supertrend-SOLUSDT-1716951600-B,tb-supertrend-SOLUSDT-1716984000-T
LINK/USDT,supertrend,2024-05-29 13:00,19.074,2024-05-30 06:59,18.407,trailing,35.35,1.32571631000,-24.90416631000,-0.036935,18.00,tb-supertrend-LINKUSDT-1716984000-B,tb-supertrend-LINKUSDT-1717048800-T
BTC/USDT,supertrend,2024-05-30 17:00,68710.34,2024-05-31 06:59,68243.12,trailing,0.02002,2.7438695770,-12.0976139770,-0.008795,14.00,tb-supertrend-BTCUSDT-1717084800-B,tb-supertrend-BTCUSDT-1717135200-T
LTC/USDT,supertrend,2024-05-30 14:00,84.74,2024-05-31 13:59,83.60,trailing,12.916,2.1753810600,-16.8996210600,-0.015440,24.00,tb-supertrend-LTCUSDT-1717074000-B,tb-supertrend-LTCUSDT-1717160400-T
LINK/USDT,supertrend,2024-05-31 20:00,18.241,2024-06-02 09:59,18.255,trailing,40.51,1.47936501000,-0.91222501000,-0.001234,38.00,tb-supertrend-LINKUSDT-1717182000-B,tb-supertrend-LINKUSDT-1717318800-T
BTC/USDT,supertrend,2024-06-02 12:00,68285.66,2024-06-02 18:59,67571.78,stop,0.03765,5.1177640454,-31.9953460454,-0.012445,7.00,tb-supertrend-BTCUSDT-1717326000-B,tb-supertrend-BTCUSDT-1717351200-X
LTC/USDT,supertrend,2024-06-03 02:00,83.72,2024-06-03 14:59,82.71,trailing,21.406,3.5644424200,-25.1845024200,-0.014053,13.00,tb-supertrend-LTCUSDT-1717376400-B,tb-supertrend-LTCUSDT-1717423200-T
BNB/USDT,supertrend,2024-06-03 01:00,605.11,2024-06-06 16:59,699.28,trailing,3.478,4.5390888600,322.9841711400,0.153468,88.00,tb-supertrend-BNBUSDT-1717372800-B,tb-supertrend-BNBUSDT-1717689600-T
LTC/USDT,supertrend,2024-06-04 17:00,83.03,2024-06-06 20:59,84.34,trailing,18.211,3.0495526400,20.8068573600,0.013761,52.00,tb-supertrend-LTCUSDT-1717516800-B,tb-supertrend-LTCUSDT-1717704000-T
ADA/USDT,supertrend,2024-06-07 09:00,0.4648,2024-06-07 17:59,0.4714,trailing,3115.5,2.918218460000,17.644081540000,0.012184,9.00,tb-supertrend-ADAUSDT-1717747200-B,tb-supertrend-ADAUSDT-1717779600-T
BTC/USDT,supertrend,2024-06-09 13:00,69747.82,2024-06-09 13:59,69256.64,stop,0.03795,5.2780091718,-23.9182901718,-0.009036,1.00,tb-supertrend-BTCUSDT-1717934400-B,tb-supertrend-BTCUSDT-1717938000-X
SOL/USDT,supertrend,2024-06-09 15:00,161.43,2024-06-10 04:59,159.25,trailing,7.062,2.2659336000,-17.6610936000,-0.015492,14.00,tb-supertrend-SOLUSDT-1717941600-B,tb-supertrend-SOLUSDT-1717992000-T
ADA/USDT,supertrend,2024-06-09 19:00,0.4436,2024-06-10 06:59,0.4374,trailing,3294.6,2.904006480000,-23.330526480000,-0.015964,12.00,tb-supertrend-ADAUSDT-1717956000-B,tb-supertrend-ADAUSDT-1717999200-T
ADA/USDT,supertrend,2024-06-10 10:00,0.4495,2024-06-10 13:59,0.4388,stop,2532.5,2.250788450000,-29.348538450000,-0.025781,4.00,tb-supertrend-ADAUSDT-1718010000-B,tb-supertrend-ADAUSDT-1718024400-X
XRP/USDT,supertrend,2024-06-10 15:00,0.5031,2024-06-10 20:59,0.4957,trailing,3199.8,3.197620470000,-26.876140470000,-0.016695,6.00,tb-supertrend-XRPUSDT-1718028000-B,tb-supertrend-XRPUSDT-1718049600-T
SOL/USDT,supertrend,2024-06-10 16:00,162.46,2024-06-10 23:59,158.22,trailing,6.256,2.0073113000,-28.5327513000,-0.028074,8.00,tb-supertrend-SOLUSDT-1718031600-B,tb-supertrend-SOLUSDT-1718060400-T
BNB/USDT,supertrend,2024-06-12 10:00,616.61,2024-06-12 19:59,612.63,trailing,1.418,1.7442955400,-7.3879355400,-0.008450,10.00,tb-supertrend-BNBUSDT-1718182800-B,tb-supertrend-BNBUSDT-1718218800-T
ETH/USDT,supertrend,2024-06-12 13:00,3640.23,2024-06-12 19:59,3547.09,stop,0.2859,2.0559468560,-28.6846728560,-0.027562,7.00,tb-supertrend-ETHUSDT-1718193600-B,tb-supertrend-ETHUSDT-1718218800-X
BTC/USDT,supertrend,2024-06-16 11:00,66749.67,2024-06-17 02:59,66198.98,trailing,0.03570,4.7489367958,-24.4085697958,-0.010243,16.00,tb-supertrend-BTCUSDT-1718532000-B,tb-supertrend-BTCUSDT-1718589600-T
ETH/USDT,supertrend,2024-06-14 22:00,3505.97,2024-06-17 05:59,3565.62,trailing,0.2472,1.7491488350,12.9963311650,0.014996,56.00,tb-supertrend-ETHUSDT-1718398800-B,tb-supertrend-ETHUSDT-1718600400-T
ADA/USDT,supertrend,2024-07-21 22:00,0.4395,2024-07-22 05:59,0.4316,trailing,1630.3,1.420901480000,-14.300271480000,-0.019958,8.00,tb-supertrend-ADAUSDT-1721595600-B,tb-supertrend-ADAUSDT-1721624400-T
ETH/USDT,supertrend,2024-07-21 23:00,3535.25,2024-07-22 06:59,3464.00,trailing,0.3076,2.1543834000,-24.0708834000,-0.022135,8.00,tb-supertrend-ETHUSDT-1721599200-B,tb-supertrend-ETHUSDT-1721628000-T
XRP/USDT,supertrend,2024-07-22 10:00,0.6022,2024-07-23 05:59,0.5978,trailing,1040.0,1.248662420000,-5.824662420000,-0.009300,20.00,tb-supertrend-XRPUSDT-1721638800-B,tb-supertrend-XRPUSDT-1721710800-T
ETH/USDT,supertrend,2024-07-23 09:00,3523.25,2024-07-23 13:59,3430.25,trailing,0.2765,1.9236997300,-27.6381997300,-0.028371,5.00,tb-supertrend-ETHUSDT-1721721600-B,tb-supertrend-ETHUSDT-1721739600-T
LTC/USDT,supertrend,2024-07-24 00:00,72.96,2024-07-24 21:59,71.78,trailing,10.966,1.5880214000,-14.5279014000,-0.018158,22.00,tb-supertrend-LTCUSDT-1721775600-B,tb-supertrend-LTCUSDT-1721854800-T
XRP/USDT,supertrend,2024-07-24 09:00,0.6144,2024-07-25 01:59,0.6041,trailing,1101.3,1.342671330000,-12.686061330000,-0.018749,17.00,tb-supertrend-XRPUSDT-1721808000-B,tb-supertrend-XRPUSDT-1721869200-T
BNB/USDT,supertrend,2024-07-26 01:00,573.99,2024-07-27 15:59,582.53,trailing,1.747,2.0215884200,12.8977915800,0.012862,39.00,tb-supertrend-BNBUSDT-1721952000-B,tb-supertrend-BNBUSDT-1722092400-T
BTC/USDT,supertrend,2024-07-25 22:00,65870.93,2024-07-27 19:59,68095.81,trailing,0.01484,1.9893838398,31.0278353602,0.031741,46.00,tb-supertrend-BTCUSDT-1721941200-B,tb-supertrend-BTCUSDT-1722106800-T
XRP/USDT,supertrend,2024-07-28 10:00,0.6096,2024-07-29 15:59,0.5975,trailing,1451.0,1.752416500000,-19.309516500000,-0.021830,30.00,tb-supertrend-XRPUSDT-1722157200-B,tb-supertrend-XRPUSDT-1722265200-T
LINK/USDT,supertrend,2024-07-29 01:00,13.547,2024-07-29 15:59,13.547,trailing,76.60,2.07648416000,-2.07648416000,-0.002001,15.00,tb-supertrend-LINKUSDT-1722211200-B,tb-supertrend-LINKUSDT-1722265200-T
XRP/USDT,supertrend,2024-07-30 11:00,0.6241,2024-07-31 20:59,0.6267,trailing,1209.5,1.513653930000,1.631046070000,0.002161,34.00,tb-supertrend-XRPUSDT-1722333600-B,tb-supertrend-XRPUSDT-1722456000-T
BNB/USDT,supertrend,2024-07-30 23:00,582.70,2024-07-31 20:59,579.34,trailing,2.348,2.7302180200,-10.6194980200,-0.007762,22.00,tb-supertrend-BNBUSDT-1722376800-B,tb-supertrend-BNBUSDT-1722456000-T
BTC/USDT,supertrend,2024-08-01 21:00,64792.40,2024-08-02 14:59,63684.04,trailing,0.01330,1.7100324980,-16.4512204980,-0.019091,18.00,tb-supertrend-BTCUSDT-1722542400-B,tb-supertrend-BTCUSDT-1722607200-T
BNB/USDT,supertrend,2024-08-01 21:00,570.99,2024-08-02 14:59,561.93,trailing,1.611,1.8262761000,-16.4219361000,-0.017853,18.00,tb-supertrend-BNBUSDT-1722542400-B,tb-supertrend-BNBUSDT-1722607200-T
LTC/USDT,supertrend,2024-09-25 17:00,67.74,2024-09-26 00:59,66.35,stop,18.393,2.4676044300,-28.0338744300,-0.022500,8.00,tb-supertrend-LTCUSDT-1727280000-B,tb-supertrend-LTCUSDT-1727308800-X
ADA/USDT,supertrend,2024-09-29 19:00,0.4041,2024-09-30 00:59,0.3949,trailing,2699.8,2.158271680000,-26.996431680000,-0.024745,6.00,tb-supertrend-ADAUSDT-1727632800-B,tb-supertrend-ADAUSDT-1727654400-T
LTC/USDT,supertrend,2024-09-29 20:00,70.26,2024-09-30 00:59,68.91,stop,18.915,2.6337354900,-28.1689854900,-0.021196,5.00,tb-supertrend-LTCUSDT-1727636400-B,tb-supertrend-LTCUSDT-1727654400-X
SOL/USDT,supertrend,2024-10-15 14:00,158.63,2024-10-15 14:59,153.04,stop,4.480,1.3970747500,-26.4402747500,-0.037205,1.00,tb-supertrend-SOLUSDT-1728997200-B,tb-supertrend-SOLUSDT-1729000800-X
XRP/USDT,supertrend,2024-10-16 20:00,0.5529,2024-10-17 18:59,0.5464,trailing,2033.3,2.236367780000,-15.452817780000,-0.013745,23.00,tb-supertrend-XRPUSDT-1729105200-B,tb-supertrend-XRPUSDT-1729188000-T
LINK/USDT,supertrend,2024-10-18 07:00,11.336,2024-10-20 03:59,11.288,trailing,70.98,1.60675840000,-5.01379840000,-0.006231,45.00,tb-supertrend-LINKUSDT-1729231200-B,tb-supertrend-LINKUSDT-1729393200-T
SOL/USDT,supertrend,2024-10-18 07:00,153.78,2024-10-21 12:59,165.49,trailing,5.886,1.8801459000,67.0449141000,0.074071,78.00,tb-supertrend-SOLUSDT-1729231200-B,tb-supertrend-SOLUSDT-1729512000-T
XRP/USDT,supertrend,2024-10-20 23:00,0.5485,2024-10-21 13:59,0.5473,trailing,3004.5,3.294031450000,-6.899431450000,-0.004187,15.00,tb-supertrend-XRPUSDT-1729461600-B,tb-supertrend-XRPUSDT-1729515600-T
LINK/USDT,supertrend,2024-10-22 07:00,12.077,2024-10-23 03:59,11.742,trailing,63.59,1.51549560000,-22.81814560000,-0.029712,21.00,tb-supertrend-LINKUSDT-1729576800-B,tb-supertrend-LINKUSDT-1729652400-T
SOL/USDT,supertrend,2024-10-22 15:00,170.25,2024-10-23 05:59,164.30,trailing,3.486,1.1669223000,-21.9086223000,-0.036915,15.00,tb-supertrend-SOLUSDT-1729605600-B,tb-supertrend-SOLUSDT-1729659600-T
LINK/USDT,supertrend,2024-10-24 01:00,11.526,2024-10-25 06:59,11.649,trailing,60.92,1.41262782000,6.08053218000,0.008660,30.00,tb-supertrend-LINKUSDT-1729728000-B,tb-supertrend-LINKUSDT-1729836000-T
BTC/USDT,supertrend,2024-10-24 01:00,67465.72,2024-10-25 07:59,67262.36,trailing,0.01831,2.4682204576,-6.1917420576,-0.005012,31.00,tb-supertrend-BTCUSDT-1729728000-B,tb-supertrend-BTCUSDT-1729839600-T
ETH/USDT,supertrend,2024-10-25 10:00,2540.51,2024-10-25 17:59,2489.78,trailing,0.3918,1.9718838220,-21.8478978220,-0.021949,8.00,tb-supertrend-ETHUSDT-1729846800-B,tb-supertrend-ETHUSDT-1729875600-T
SOL/USDT,supertrend,2024-10-26 21:00,172.63,2024-10-28 05:59,173.19,trailing,4.314,1.4927306300,0.9231093700,0.001240,33.00,tb-supertrend-SOLUSDT-1729972800-B,tb-supertrend-SOLUSDT-1730091600-T
LTC/USDT,supertrend,2024-10-27 12:00,69.74,2024-10-28 15:59,70.18,trailing,20.455,2.8635281400,6.1366718600,0.004302,28.00,tb-supertrend-LTCUSDT-1730026800-B,tb-supertrend-LTCUSDT-1730127600-T
ETH/USDT,supertrend,2024-10-28 10:00,2543.58,2024-10-28 16:59,2494.34,trailing,0.4877,2.4582653760,-26.4726133760,-0.021340,7.00,tb-supertrend-ETHUSDT-1730106000-B,tb-supertrend-ETHUSDT-1730131200-T
LTC/USDT,supertrend,2024-10-29 02:00,71.87,2024-10-30 07:59,72.51,trailing,16.299,2.3544714100,8.0768885900,0.006895,30.00,tb-supertrend-LTCUSDT-1730163600-B,tb-supertrend-LTCUSDT-1730271600-T
ADA/USDT,supertrend,2024-10-28 20:00,0.3425,2024-10-30 12:59,0.3509,trailing,2341.7,1.624556780000,18.045723220000,0.022500,41.00,tb-supertrend-ADAUSDT-1730142000-B,tb-supertrend-ADAUSDT-1730289600-T
XRP/USDT,supertrend,2024-11-01 04:00,0.5196,2024-11-01 21:59,0.5076,trailing,1959.6,2.013940320000,-25.529140320000,-0.025073,18.00,tb-supertrend-XRPUSDT-1730430000-B,tb-supertrend-XRPUSDT-1730494800-T
ADA/USDT,supertrend,2024-11-01 13:00,0.3536,2024-11-02 14:59,0.3501,trailing,2293.2,1.614538120000,-9.640738120000,-0.011889,26.00,tb-supertrend-ADAUSDT-1730462400-B,tb-supertrend-ADAUSDT-1730556000-T
BTC/USDT,supertrend,2024-11-03 22:00,69179.93,2024-11-04 16:59,68028.20,trailing,0.01846,2.5342456764,-23.7951814764,-0.018633,19.00,tb-supertrend-BTCUSDT-1730667600-B,tb-supertrend-BTCUSDT-1730736000-T
XRP/USDT,supertrend,2024-11-04 02:00,0.5067,2024-11-04 21:59,0.5034,trailing,2192.1,2.215354950000,-9.449284950000,-0.008507,20.00,tb-supertrend-XRPUSDT-1730682000-B,tb-supertrend-XRPUSDT-1730754000-T
BNB/USDT,supertrend,2024-11-05 08:00,560.82,2024-11-07 06:59,592.28,trailing,2.337,2.6964771600,70.8255428400,0.054039,47.00,tb-supertrend-BNBUSDT-1730790000-B,tb-supertrend-BNBUSDT-1730959200-T
XRP/USDT,supertrend,2024-11-05 08:00,0.5151,2024-11-07 14:59,0.5409,trailing,2201.8,2.326285530000,54.480154470000,0.048036,55.00,tb-supertrend-XRPUSDT-1730790000-B,tb-supertrend-XRPUSDT-1730988000-T
BNB/USDT,supertrend,2024-11-09 01:00,608.18,2024-11-09 14:59,617.67,trailing,1.638,2.0091586600,13.5354613400,0.013587,14.00,tb-supertrend-BNBUSDT-1731110400-B,tb-supertrend-BNBUSDT-1731160800-T
LTC/USDT,supertrend,2024-11-11 16:00,78.52,2024-11-12 04:59,76.51,trailing,7.360,1.1416489600,-15.9352489600,-0.027574,13.00,tb-supertrend-LTCUSDT-1731337200-B,tb-supertrend-LTCUSDT-1731384000-T
SOL/USDT,supertrend,2024-11-11 12:00,217.73,2024-11-12 10:59,212.75,trailing,2.258,0.9726770300,-12.2175170300,-0.024851,23.00,tb-supertrend-SOLUSDT-1731322800-B,tb-supertrend-SOLUSDT-1731405600-T
LINK/USDT,supertrend,2024-11-13 15:00,14.378,2024-11-13 19:59,13.392,trailing,24.29,0.67496464000,-24.62490464000,-0.070510,5.00,tb-supertrend-LINKUSDT-1731506400-B,tb-supertrend-LINKUSDT-1731524400-T
ADA/USDT,supertrend,2024-11-13 15:00,0.6056,2024-11-14 11:59,0.5601,trailing,425.7,0.496541290000,-19.865891290000,-0.077058,21.00,tb-supertrend-ADAUSDT-1731506400-B,tb-supertrend-ADAUSDT-1731582000-T
LINK/USDT,supertrend,2024-11-15 21:00,13.787,2024-11-17 01:59,14.181,trailing,32.81,0.91818156000,12.00895844000,0.026548,29.00,tb-supertrend-LINKUSDT-1731700800-B,tb-supertrend-LINKUSDT-1731805200-T
BTC/USDT,supertrend,2024-11-15 21:00,91493.72,2024-11-17 02:59,89928.65,trailing,0.00760,1.3797249492,-13.2742569492,-0.019090,30.00,tb-supertrend-BTCUSDT-1731700800-B,tb-supertrend-BTCUSDT-1731808800-T
BNB/USDT,supertrend,2024-11-17 05:00,630.22,2024-11-17 17:59,619.99,trailing,1.153,1.4427525700,-13.2379425700,-0.018218,13.00,tb-supertrend-BNBUSDT-1731816000-B,tb-supertrend-BNBUSDT-1731862800-T
LTC/USDT,supertrend,2024-11-18 04:00,94.68,2024-11-18 19:59,88.34,trailing,3.579,0.6554073000,-23.3462673000,-0.068897,16.00,tb-supertrend-LTCUSDT-1731898800-B,tb-supertrend-LTCUSDT-1731956400-T
LINK/USDT,supertrend,2024-11-18 04:00,14.378,2024-11-19 09:59,14.724,trailing,34.78,1.01274268000,11.02113732000,0.022039,30.00,tb-supertrend-LINKUSDT-1731898800-B,tb-supertrend-LINKUSDT-1732006800-T
LINK/USDT,supertrend,2024-11-20 14:00,15.118,2024-11-20 17:59,14.339,stop,31.78,0.93674818000,-25.69336818000,-0.053478,4.00,tb-supertrend-LINKUSDT-1732107600-B,tb-supertrend-LINKUSDT-1732122000-X
BTC/USDT,supertrend,2024-11-19 13:00,92514.23,2024-11-21 15:59,95633.55,trailing,0.01141,2.1486164589,33.4428247411,0.031682,51.00,tb-supertrend-BTCUSDT-1732017600-B,tb-supertrend-BTCUSDT-1732201200-T
LTC/USDT,supertrend,2024-11-21 07:00,90.23,2024-11-23 17:59,97.15,trailing,4.183,0.7842616900,28.1620983100,0.074615,59.00,tb-supertrend-LTCUSDT-1732168800-B,tb-supertrend-LTCUSDT-1732381200-T
ADA/USDT,supertrend,2024-11-22 02:00,0.8587,2024-11-24 11:59,1.0251,trailing,389.0,0.733141680000,63.996458320000,0.191586,58.00,tb-supertrend-ADAUSDT-1732237200-B,tb-supertrend-ADAUSDT-1732446000-T
BTC/USDT,supertrend,2024-11-25 06:00,98131.74,2024-11-25 14:59,96739.64,trailing,0.01334,2.6015468464,-21.1721608464,-0.016173,9.00,tb-supertrend-BTCUSDT-1732510800-B,tb-supertrend-BTCUSDT-1732543200-T
LINK/USDT,supertrend,2024-11-24 23:00,18.090,2024-11-25 21:59,17.438,trailing,18.73,0.66580124000,-12.87776124000,-0.038007,23.00,tb-supertrend-LINKUSDT-1732485600-B,tb-supertrend-LINKUSDT-1732568400-T
LINK/USDT,supertrend,2024-11-27 05:00,17.839,2024-11-28 08:59,17.747,trailing,19.89,0.70816232000,-2.53804232000,-0.007153,28.00,tb-supertrend-LINKUSDT-1732680000-B,tb-supertrend-LINKUSDT-1732780800-T
ADA/USDT,supertrend,2024-11-27 08:00,0.9834,2024-11-28 15:59,0.9744,trailing,317.3,0.621603300000,-3.477303300000,-0.011144,32.00,tb-supertrend-ADAUSDT-1732690800-B,tb-supertrend-ADAUSDT-1732806000-T
LTC/USDT,supertrend,2024-11-29 14:00,98.51,2024-11-30 03:59,100.60,trailing,7.761,1.5460807900,14.6744092100,0.019194,14.00,tb-supertrend-LTCUSDT-1732885200-B,tb-supertrend-LTCUSDT-1732935600-T
SOL/USDT,supertrend,2024-11-29 12:00,245.35,2024-11-30 22:59,239.40,trailing,3.406,1.6520399000,-21.9177399000,-0.026228,35.00,tb-supertrend-SOLUSDT-1732878000-B,tb-supertrend-SOLUSDT-1733004000-T
LTC/USDT,supertrend,2024-12-01 16:00,108.76,2024-12-02 03:59,119.15,trailing,4.620,1.0534880000,46.9483120000,0.093435,12.00,tb-supertrend-LTCUSDT-1733065200-B,tb-supertrend-LTCUSDT-1733108400-T
ETH/USDT,supertrend,2024-11-30 04:00,3658.95,2024-12-02 04:59,3650.97,trailing,0.2569,1.8790161300,-3.9290781300,-0.004180,49.00,tb-supertrend-ETHUSDT-1732935600-B,tb-supertrend-ETHUSDT-1733112000-T
BTC/USDT,supertrend,2024-12-02 16:00,97096.54,2024-12-02 17:59,94855.89,stop,0.01126,2.1633262912,-27.3930452912,-0.025055,2.00,tb-supertrend-BTCUSDT-1733151600-B,tb-supertrend-BTCUSDT-1733158800-X
ADA/USDT,supertrend,2024-12-02 16:00,1.2067,2024-12-03 13:59,1.1719,trailing,204.0,0.485596410000,-7.584796410000,-0.030812,22.00,tb-supertrend-ADAUSDT-1733151600-B,tb-supertrend-ADAUSDT-1733230800-T
LTC/USDT,supertrend,2024-12-02 20:00,132.66,2024-12-03 13:59,126.11,trailing,1.609,0.4166262500,-10.9555762500,-0.051326,18.00,tb-supertrend-LTCUSDT-1733166000-B,tb-supertrend-LTCUSDT-1733230800-T
BNB/USDT,supertrend,2024-12-03 19:00,678.14,2024-12-04 16:59,738.20,trailing,0.846,1.1989017800,49.6118582200,0.086476,22.00,tb-supertrend-BNBUSDT-1733248800-B,tb-supertrend-BNBUSDT-1733328000-T
SOL/USDT,supertrend,2024-12-03 22:00,237.59,2024-12-04 16:59,228.47,trailing,1.875,0.8743376800,-17.9743376800,-0.040348,19.00,tb-supertrend-SOLUSDT-1733259600-B,tb-supertrend-SOLUSDT-1733328000-T
BTC/USDT,supertrend,2024-12-04 21:00,98797.34,2024-12-05 18:59,100414.73,trailing,0.01018,2.0299548180,14.4350753820,0.014352,22.00,tb-supertrend-BTCUSDT-1733342400-B,tb-supertrend-BTCUSDT-1733421600-T
SOL/USDT,supertrend,2024-12-05 10:00,237.69,2024-12-05 20:59,229.57,trailing,1.954,0.9135014200,-16.7799814200,-0.036129,11.00,tb-supertrend-SOLUSDT-1733389200-B,tb-supertrend-SOLUSDT-1733428800-T
BTC/USDT,supertrend,2024-12-06 18:00,100894.49,2024-12-07 13:59,99298.34,trailing,0.00690,1.3823394759,-12.3957744759,-0.017806,20.00,tb-supertrend-BTCUSDT-1733504400-B,tb-supertrend-BTCUSDT-1733576400-T
ETH/USDT,supertrend,2024-12-06 15:00,3986.48,2024-12-07 14:59,3976.76,trailing,0.1595,1.2709340760,-2.8212740760,-0.004437,24.00,tb-supertrend-ETHUSDT-1733493600-B,tb-supertrend-ETHUSDT-1733580000-T
XRP/USDT,supertrend,2024-12-10 21:00,2.2962,2024-12-12 22:59,2.3271,trailing,79.9,0.369631290000,2.099278710000,0.011442,50.00,tb-supertrend-XRPUSDT-1733860800-B,tb-supertrend-XRPUSDT-1734040800-T
SOL/USDT,supertrend,2024-12-11 11:00,224.08,2024-12-13 01:59,225.63,trailing,2.250,1.0125197400,2.4749802600,0.004909,39.00,tb-supertrend-SOLUSDT-1733911200-B,tb-supertrend-SOLUSDT-1734051600-T
BNB/USDT,supertrend,2024-12-13 20:00,727.90,2024-12-14 12:59,715.98,trailing,1.058,1.5290808400,-14.1404408400,-0.018361,17.00,tb-supertrend-BNBUSDT-1734116400-B,tb-supertrend-BNBUSDT-1734177600-T
BTC/USDT,supertrend,2024-12-13 18:00,101788.75,2024-12-14 20:59,100701.14,trailing,0.01074,2.1767771900,-13.8577085900,-0.012676,27.00,tb-supertrend-BTCUSDT-1734109200-B,tb-supertrend-BTCUSDT-1734206400-T
SOL/USDT,supertrend,2024-12-16 00:00,224.38,2024-12-16 09:59,218.96,trailing,3.479,1.5432773800,-20.3994573800,-0.026132,10.00,tb-supertrend-SOLUSDT-1734303600-B,tb-supertrend-SOLUSDT-1734339600-T
ETH/USDT,supertrend,2024-12-16 00:00,3961.07,2024-12-16 11:59,3910.01,trailing,0.2595,2.0437335860,-15.2938035860,-0.014879,12.00,tb-supertrend-ETHUSDT-1734303600-B,tb-supertrend-ETHUSDT-1734346800-T
ADA/USDT,supertrend,2024-12-16 17:00,1.1093,2024-12-17 00:59,1.0602,trailing,402.7,0.874212300000,-20.646782300000,-0.046219,8.00,tb-supertrend-ADAUSDT-1734364800-B,tb-supertrend-ADAUSDT-1734393600-T
XRP/USDT,supertrend,2024-12-16 17:00,2.5177,2024-12-17 15:59,2.5653,trailing,194.6,0.989655340000,8.273304660000,0.016886,23.00,tb-supertrend-XRPUSDT-1734364800-B,tb-supertrend-XRPUSDT-1734447600-T
SOL/USDT,supertrend,2024-12-17 10:00,222.03,2024-12-17 15:59,218.42,trailing,3.054,1.3460224200,-12.3709624200,-0.018244,6.00,tb-supertrend-SOLUSDT-1734426000-B,tb-supertrend-SOLUSDT-1734447600-T
ETH/USDT,supertrend,2024-12-20 18:00,3439.53,2024-12-21 13:59,3382.77,trailing,0.1015,0.6931513610,-6.4542913610,-0.018488,20.00,tb-supertrend-ETHUSDT-1734714000-B,tb-supertrend-ETHUSDT-1734786000-T
XRP/USDT,supertrend,2024-12-20 18:00,2.2619,2024-12-21 13:59,2.2052,trailing,101.7,0.454756450000,-6.221146450000,-0.027044,20.00,tb-supertrend-XRPUSDT-1734714000-B,tb-supertrend-XRPUSDT-1734786000-T
LTC/USDT,supertrend,2024-12-27 10:00,105.67,2024-12-27 14:59,101.45,trailing,5.516,1.1431079400,-24.4206279400,-0.041897,5.00,tb-supertrend-LTCUSDT-1735290000-B,tb-supertrend-LTCUSDT-1735308000-T
ETH/USDT,supertrend,2024-12-27 10:00,3424.80,2024-12-27 15:59,3317.57,trailing,0.2178,1.4695156300,-24.8242096300,-0.033280,6.00,tb-supertrend-ETHUSDT-1735290000-B,tb-supertrend-ETHUSDT-1735311600-T
BNB/USDT,supertrend,2025-01-03 16:00,710.39,2025-01-04 15:59,710.35,trailing,2.169,3.0837162300,-3.1704762300,-0.002058,24.00,tb-supertrend-BNBUSDT-1735916400-B,tb-supertrend-BNBUSDT-1736002800-T
ADA/USDT,supertrend,2025-01-19 02:00,1.1378,2025-01-19 05:59,1.0682,stop,351.5,0.775864120000,-25.240264120000,-0.063111,4.00,tb-supertrend-ADAUSDT-1737248400-B,tb-supertrend-ADAUSDT-1737262800-X
LINK/USDT,supertrend,2025-01-19 15:00,25.493,2025-01-19 21:59,24.513,trailing,11.95,0.59808156000,-12.30908156000,-0.040405,7.00,tb-supertrend-LINKUSDT-1737295200-B,tb-supertrend-LINKUSDT-1737320400-T
ETH/USDT,supertrend,2025-01-19 15:00,3382.85,2025-01-19 21:59,3279.82,trailing,0.1439,0.9594347850,-15.7854517850,-0.032428,7.00,tb-supertrend-ETHUSDT-1737295200-B,tb-supertrend-ETHUSDT-1737320400-T
BNB/USDT,supertrend,2025-01-20 07:00,704.21,2025-01-20 16:59,681.42,trailing,0.987,1.3683210200,-23.8620510200,-0.034331,10.00,tb-supertrend-BNBUSDT-1737352800-B,tb-supertrend-BNBUSDT-1737388800-T
BTC/USDT,supertrend,2025-01-20 07:00,107536.11,2025-01-20 17:59,103399.99,trailing,0.00465,0.9819282226,-20.2148862226,-0.040426,11.00,tb-supertrend-BTCUSDT-1737352800-B,tb-supertrend-BTCUSDT-1737392400-T
LINK/USDT,supertrend,2025-01-21 17:00,26.244,2025-01-22 13:59,25.590,trailing,10.57,0.54841026000,-7.46119026000,-0.026897,21.00,tb-supertrend-LINKUSDT-1737475200-B,tb-supertrend-LINKUSDT-1737550800-T
SOL/USDT,supertrend,2025-01-21 19:00,259.55,2025-01-23 02:59,251.32,trailing,1.079,0.5517478300,-9.4319178300,-0.033679,32.00,tb-supertrend-SOLUSDT-1737482400-B,tb-supertrend-SOLUSDT-1737597600-T
LINK/USDT,supertrend,2025-01-23 15:00,25.683,2025-01-25 00:59,25.094,trailing,17.08,0.86778482000,-10.92790482000,-0.024912,34.00,tb-supertrend-LINKUSDT-1737640800-B,tb-supertrend-LINKUSDT-1737763200-T
BTC/USDT,supertrend,2025-01-23 15:00,105266.21,2025-01-25 08:59,104315.24,trailing,0.00740,1.5519553961,-8.5891333961,-0.011026,42.00,tb-supertrend-BTCUSDT-1737640800-B,tb-supertrend-BTCUSDT-1737792000-T
BNB/USDT,supertrend,2025-01-26 05:00,690.77,2025-01-26 09:59,684.65,trailing,3.241,4.4604993000,-24.2954193000,-0.010852,5.00,tb-supertrend-BNBUSDT-1737864000-B,tb-supertrend-BNBUSDT-1737882000-T
SOL/USDT,supertrend,2025-01-25 18:00,258.01,2025-01-26 21:59,251.39,trailing,2.355,1.2004110300,-16.7905110300,-0.027634,28.00,tb-supertrend-SOLUSDT-1737824400-B,tb-supertrend-SOLUSDT-1737925200-T
BTC/USDT,supertrend,2025-01-27 15:00,101971.85,2025-01-28 21:59,100597.12,trailing,0.00736,1.4919273345,-11.6099401345,-0.015469,31.00,tb-supertrend-BTCUSDT-1737986400-B,tb-supertrend-BTCUSDT-1738098000-T
XRP/USDT,supertrend,2025-01-27 15:00,2.9542,2025-01-28 21:59,3.0410,trailing,121.4,0.728408120000,9.809111880000,0.027351,31.00,tb-supertrend-XRPUSDT-1737986400-B,tb-supertrend-XRPUSDT-1738098000-T
BNB/USDT,supertrend,2025-01-29 05:00,676.97,2025-01-29 13:59,665.73,trailing,1.713,2.3013990400,-21.5555190400,-0.018588,9.00,tb-supertrend-BNBUSDT-1738123200-B,tb-supertrend-BNBUSDT-1738155600-T
BTC/USDT,supertrend,2025-01-29 21:00,104246.02,2025-01-31 03:59,103882.84,trailing,0.00886,1.8450641574,-5.0628389574,-0.005482,31.00,tb-supertrend-BTCUSDT-1738180800-B,tb-supertrend-BTCUSDT-1738292400-T
ADA/USDT,supertrend,2025-01-31 12:00,0.9746,2025-01-31 18:59,0.9439,trailing,707.0,1.357159180000,-23.062059180000,-0.033470,7.00,tb-supertrend-ADAUSDT-1738321200-B,tb-supertrend-ADAUSDT-1738346400-T
LINK/USDT,supertrend,2025-01-29 21:00,24.053,2025-01-31 20:59,24.655,trailing,15.36,0.74863594000,8.49808406000,0.023002,48.00,tb-supertrend-LINKUSDT-1738180800-B,tb-supertrend-LINKUSDT-1738353600-T
BNB/USDT,supertrend,2025-02-08 14:00,594.90,2025-02-09 12:59,623.44,trailing,1.820,2.2185686000,49.7242314000,0.045925,23.00,tb-supertrend-BNBUSDT-1739019600-B,tb-supertrend-BNBUSDT-1739102400-T
SOL/USDT,supertrend,2025-02-08 22:00,198.92,2025-02-09 12:59,200.68,trailing,3.806,1.5216732800,5.1768867200,0.006838,15.00,tb-supertrend-SOLUSDT-1739048400-B,tb-supertrend-SOLUSDT-1739102400-T
BTC/USDT,supertrend,2025-02-10 08:00,97478.55,2025-02-11 13:59,97061.02,trailing,0.01220,2.3753323210,-7.4691983210,-0.006281,30.00,tb-supertrend-BTCUSDT-1739170800-B,tb-supertrend-BTCUSDT-1739278800-T
LTC/USDT,supertrend,2025-02-10 01:00,110.47,2025-02-11 18:59,122.04,trailing,3.851,0.8958378900,43.6602321100,0.102629,42.00,tb-supertrend-LTCUSDT-1739145600-B,tb-supertrend-LTCUSDT-1739296800-T
BTC/USDT,supertrend,2025-02-12 17:00,97034.64,2025-02-13 06:59,95902.87,trailing,0.01027,1.9834089156,-13.6066868156,-0.013654,14.00,tb-supertrend-BTCUSDT-1739376000-B,tb-supertrend-BTCUSDT-1739426400-T
LTC/USDT,supertrend,2025-02-12 20:00,123.87,2025-02-13 13:59,119.65,trailing,2.904,0.7075536900,-12.9624336900,-0.036035,18.00,tb-supertrend-LTCUSDT-1739386800-B,tb-supertrend-LTCUSDT-1739451600-T
SOL/USDT,supertrend,2025-02-14 04:00,197.10,2025-02-15 00:59,197.30,trailing,4.282,1.6898063000,-0.8334063000,-0.000987,21.00,tb-supertrend-SOLUSDT-1739502000-B,tb-supertrend-SOLUSDT-1739577600-T
ETH/USDT,supertrend,2025-02-14 15:00,2722.12,2025-02-15 07:59,2699.54,trailing,0.3702,2.0081873820,-10.3673033820,-0.010288,17.00,tb-supertrend-ETHUSDT-1739541600-B,tb-supertrend-ETHUSDT-1739602800-T
ADA/USDT,supertrend,2025-04-24 15:00,0.7126,2025-04-26 13:59,0.7033,trailing,856.1,1.212793330000,-9.174523330000,-0.015039,47.00,tb-supertrend-ADAUSDT-1745503200-B,tb-supertrend-ADAUSDT-1745672400-T
LINK/USDT,supertrend,2025-04-24 17:00,15.008,2025-04-26 13:59,14.721,trailing,38.02,1.13089690000,-12.04263690000,-0.021105,45.00,tb-supertrend-LINKUSDT-1745510400-B,tb-supertrend-LINKUSDT-1745672400-T
BNB/USDT,supertrend,2025-04-27 22:00,606.90,2025-04-28 01:59,598.76,stop,3.201,3.8617452600,-29.9178852600,-0.015400,4.00,tb-supertrend-BNBUSDT-1745787600-B,tb-supertrend-BNBUSDT-1745802000-X
SOL/USDT,supertrend,2025-04-28 06:00,149.82,2025-04-28 14:59,147.67,trailing,5.527,1.6451261500,-13.5281761500,-0.016337,9.00,tb-supertrend-SOLUSDT-1745816400-B,tb-supertrend-SOLUSDT-1745848800-T
XRP/USDT,supertrend,2025-04-27 13:00,2.2161,2025-04-28 15:59,2.2569,trailing,425.3,1.903474950000,15.448765050000,0.016391,27.00,tb-supertrend-XRPUSDT-1745755200-B,tb-supertrend-XRPUSDT-1745852400-T
ETH/USDT,supertrend,2025-04-29 07:00,1822.06,2025-04-29 23:59,1784.58,trailing,0.4953,1.7872798180,-20.3511238180,-0.022551,17.00,tb-supertrend-ETHUSDT-1745906400-B,tb-supertrend-ETHUSDT-1745967600-T
SOL/USDT,supertrend,2025-05-01 01:00,148.05,2025-05-02 06:59,149.24,trailing,5.208,1.5491746200,4.6483453800,0.006029,30.00,tb-supertrend-SOLUSDT-1746057600-B,tb-supertrend-SOLUSDT-1746165600-T
LINK/USDT,supertrend,2025-05-01 06:00,14.678,2025-05-02 12:59,14.519,trailing,50.84,1.48525616000,-9.56881616000,-0.012823,31.00,tb-supertrend-LINKUSDT-1746075600-B,tb-supertrend-LINKUSDT-1746187200-T
ADA/USDT,supertrend,2025-05-03 15:00,0.7192,2025-05-04 00:59,0.6981,trailing,1136.2,1.611199300000,-25.585019300000,-0.031310,10.00,tb-supertrend-ADAUSDT-1746280800-B,tb-supertrend-ADAUSDT-1746316800-T
LTC/USDT,supertrend,2025-05-05 06:00,88.27,2025-05-05 15:59,86.19,trailing,9.265,1.6172546000,-20.8884546000,-0.025542,10.00,tb-supertrend-LTCUSDT-1746421200-B,tb-supertrend-LTCUSDT-1746457200-T
BNB/USDT,supertrend,2025-05-05 11:00,594.21,2025-05-06 11:59,593.33,trailing,3.430,4.0756390400,-7.0940390400,-0.003481,25.00,tb-supertrend-BNBUSDT-1746439200-B,tb-supertrend-BNBUSDT-1746529200-T
LTC/USDT,supertrend,2025-05-06 20:00,84.39,2025-05-07 14:59,89.10,trailing,8.171,1.4183463000,37.0670637000,0.053755,19.00,tb-supertrend-LTCUSDT-1746558000-B,tb-supertrend-LTCUSDT-1746626400-T
BTC/USDT,supertrend,2025-05-06 19:00,95114.90,2025-05-07 18:59,96074.83,trailing,0.01661,3.1775637170,12.7668735830,0.008081,24.00,tb-supertrend-BTCUSDT-1746554400-B,tb-supertrend-BTCUSDT-1746640800-T
BNB/USDT,supertrend,2025-05-08 03:00,607.22,2025-05-10 11:59,654.13,trailing,2.836,3.5790102600,129.4577497400,0.075175,57.00,tb-supertrend-BNBUSDT-1746669600-B,tb-supertrend-BNBUSDT-1746874800-T
ADA/USDT,supertrend,2025-05-08 03:00,0.6971,2025-05-11 06:59,0.7999,trailing,975.8,1.461469700000,98.850770300000,0.145320,76.00,tb-supertrend-ADAUSDT-1746669600-B,tb-supertrend-ADAUSDT-1746943200-T
BNB/USDT,supertrend,2025-05-12 09:00,669.05,2025-05-12 14:59,666.30,trailing,1.466,1.9589612000,-5.9904612000,-0.006108,6.00,tb-supertrend-BNBUSDT-1747036800-B,tb-supertrend-BNBUSDT-1747058400-T
LINK/USDT,supertrend,2025-05-12 08:00,17.519,2025-05-12 17:59,16.652,trailing,27.78,0.94979595000,-25.03505595000,-0.051441,10.00,tb-supertrend-LINKUSDT-1747033200-B,tb-supertrend-LINKUSDT-1747069200-T
BTC/USDT,supertrend,2025-05-13 18:00,104320.31,2025-05-14 08:59,103292.97,trailing,0.01265,2.6283943977,-15.6242453977,-0.011840,15.00,tb-supertrend-BTCUSDT-1747155600-B,tb-supertrend-BTCUSDT-1747209600-T
ETH/USDT,supertrend,2025-05-13 14:00,2550.94,2025-05-14 09:59,2585.98,trailing,0.2390,1.2284891620,7.1460708380,0.011721,20.00,tb-supertrend-ETHUSDT-1747141200-B,tb-supertrend-ETHUSDT-1747213200-T
BNB/USDT,supertrend,2025-05-15 17:00,660.09,2025-05-16 20:59,647.91,trailing,1.495,1.9567801800,-20.1658801800,-0.020435,28.00,tb-supertrend-BNBUSDT-1747324800-B,tb-supertrend-BNBUSDT-1747425600-T
BTC/USDT,supertrend,2025-05-15 17:00,103898.21,2025-05-17 01:59,102704.03,trailing,0.01263,2.6114642565,-17.6939576565,-0.013484,33.00,tb-supertrend-BTCUSDT-1747324800-B,tb-supertrend-BTCUSDT-1747443600-T
LINK/USDT,supertrend,2025-05-18 09:00,15.828,2025-05-18 18:59,15.745,trailing,46.05,1.45472805000,-5.27687805000,-0.007240,10.00,tb-supertrend-LINKUSDT-1747555200-B,tb-supertrend-LINKUSDT-1747591200-T
SOL/USDT,supertrend,2025-05-18 09:00,171.27,2025-05-18 18:59,171.03,trailing,4.998,1.7118430200,-2.9113630200,-0.003401,10.00,tb-supertrend-SOLUSDT-1747555200-B,tb-supertrend-SOLUSDT-1747591200-T
BTC/USDT,supertrend,2025-05-18 23:00,105981.08,2025-05-19 03:59,104264.39,trailing,0.01246,2.6217781784,-24.0117355784,-0.018183,5.00,tb-supertrend-BTCUSDT-1747605600-B,tb-supertrend-BTCUSDT-1747623600-T
SOL/USDT,supertrend,2025-05-19 00:00,173.39,2025-05-19 03:59,165.79,stop,3.362,1.1410167200,-26.6922167200,-0.045789,4.00,tb-supertrend-SOLUSDT-1747609200-B,tb-supertrend-SOLUSDT-1747623600-X
BTC/USDT,supertrend,2025-05-19 16:00,104838.82,2025-05-20 13:59,104495.38,trailing,0.01061,2.2231326366,-5.8670310366,-0.005274,22.00,tb-supertrend-BTCUSDT-1747666800-B,tb-supertrend-BTCUSDT-1747746000-T
ETH/USDT,supertrend,2025-05-19 17:00,2511.25,2025-05-20 13:59,2472.05,trailing,0.2061,1.0278115100,-9.1069315100,-0.017596,21.00,tb-supertrend-ETHUSDT-1747670400-B,tb-supertrend-ETHUSDT-1747746000-T
ADA/USDT,supertrend,2025-05-21 04:00,0.7524,2025-05-21 17:59,0.7447,trailing,966.0,1.446951000000,-8.885151000000,-0.012225,14.00,tb-supertrend-ADAUSDT-1747796400-B,tb-supertrend-ADAUSDT-1747846800-T
BNB/USDT,supertrend,2025-05-21 03:00,651.65,2025-05-23 11:59,677.04,trailing,2.588,3.4406046700,62.2687153300,0.036923,57.00,tb-supertrend-BNBUSDT-1747792800-B,tb-supertrend-BNBUSDT-1747998000-T
ETH/USDT,supertrend,2025-05-22 04:00,2630.56,2025-05-23 11:59,2623.29,trailing,0.1934,1.0166207060,-2.4226387060,-0.004762,32.00,tb-supertrend-ETHUSDT-1747882800-B,tb-supertrend-ETHUSDT-1747998000-T
BNB/USDT,supertrend,2025-05-24 11:00,676.74,2025-05-25 00:59,665.59,trailing,1.828,2.4551327200,-22.8373327200,-0.018461,14.00,tb-supertrend-BNBUSDT-1748080800-B,tb-supertrend-BNBUSDT-1748131200-T
ADA/USDT,supertrend,2025-05-25 23:00,0.7593,2025-05-26 17:59,0.7528,trailing,1004.1,1.519134840000,-8.045784840000,-0.010553,19.00,tb-supertrend-ADAUSDT-1748210400-B,tb-supertrend-ADAUSDT-1748278800-T
BTC/USDT,supertrend,2025-05-25 23:00,109220.58,2025-05-27 01:59,108574.58,trailing,0.01361,2.9663765354,-11.7584365354,-0.007910,27.00,tb-supertrend-BTCUSDT-1748210400-B,tb-supertrend-BTCUSDT-1748307600-T
SOL/USDT,supertrend,2025-05-27 16:00,178.54,2025-05-28 06:59,173.94,trailing,4.709,1.6607210200,-23.3221210200,-0.027740,15.00,tb-supertrend-SOLUSDT-1748358000-B,tb-supertrend-SOLUSDT-1748412000-T
LINK/USDT,supertrend,2025-05-27 09:00,15.938,2025-05-28 15:59,15.531,trailing,43.97,1.38448883000,-19.28027883000,-0.027512,31.00,tb-supertrend-LINKUSDT-1748332800-B,tb-supertrend-LINKUSDT-1748444400-T
LINK/USDT,supertrend,2025-05-29 01:00,16.049,2025-05-29 13:59,15.583,trailing,39.78,1.25896292000,-19.79644292000,-0.031008,13.00,tb-supertrend-LINKUSDT-1748476800-B,tb-supertrend-LINKUSDT-1748523600-T
LTC/USDT,supertrend,2025-05-29 03:00,98.37,2025-05-29 14:59,95.31,trailing,7.340,1.4223981600,-23.8827981600,-0.033077,12.00,tb-supertrend-LTCUSDT-1748484000-B,tb-supertrend-LTCUSDT-1748527200-T
XRP/USDT,supertrend,2025-05-31 17:00,2.1921,2025-06-01 08:59,2.1439,trailing,376.5,1.633380840000,-19.780680840000,-0.023967,16.00,tb-supertrend-XRPUSDT-1748707200-B,tb-supertrend-XRPUSDT-1748764800-T
BTC/USDT,supertrend,2025-05-31 22:00,104915.60,2025-06-01 09:59,103770.18,trailing,0.01985,4.1445110420,-26.8810980420,-0.012908,12.00,tb-supertrend-BTCUSDT-1748725200-B,tb-supertrend-BTCUSDT-1748768400-T
SOL/USDT,supertrend,2025-06-01 17:00,155.96,2025-06-02 09:59,153.63,trailing,5.214,1.6151380200,-13.7637580200,-0.016926,17.00,tb-supertrend-SOLUSDT-1748793600-B,tb-supertrend-SOLUSDT-1748854800-T
ADA/USDT,supertrend,2025-06-01 17:00,0.6830,2025-06-02 11:59,0.6640,trailing,1038.7,1.399880200000,-21.135180200000,-0.029792,19.00,tb-supertrend-ADAUSDT-1748793600-B,tb-supertrend-ADAUSDT-1748862000-T
BNB/USDT,supertrend,2025-06-02 18:00,661.16,2025-06-03 12:59,662.51,trailing,2.706,3.5838345000,0.0692655000,0.000039,19.00,tb-supertrend-BNBUSDT-1748883600-B,tb-supertrend-BNBUSDT-1748952000-T
ETH/USDT,supertrend,2025-06-02 16:00,2545.67,2025-06-03 21:59,2583.32,trailing,0.3721,1.9095154450,12.1000495550,0.012774,30.00,tb-supertrend-ETHUSDT-1748876400-B,tb-supertrend-ETHUSDT-1748984400-T
BNB/USDT,supertrend,2025-06-04 08:00,671.20,2025-06-04 21:59,663.19,trailing,2.955,3.9451360500,-27.6146860500,-0.013923,14.00,tb-supertrend-BNBUSDT-1749020400-B,tb-supertrend-BNBUSDT-1749070800-T
BTC/USDT,supertrend,2025-06-05 13:00,105702.43,2025-06-05 13:59,104413.50,stop,0.01992,4.1876233742,-29.8631089742,-0.014183,1.00,tb-supertrend-BTCUSDT-1749124800-B,tb-supertrend-BTCUSDT-1749128400-X
ADA/USDT,supertrend,2025-06-05 13:00,0.6878,2025-06-05 14:59,0.6685,stop,1304.4,1.770120640000,-26.945040640000,-0.030033,2.00,tb-supertrend-ADAUSDT-1749124800-B,tb-supertrend-ADAUSDT-1749132000-X
ADA/USDT,supertrend,2025-06-06 13:00,0.6568,2025-06-08 09:59,0.6551,trailing,1048.5,1.376249630000,-3.158699630000,-0.004587,45.00,tb-supertrend-ADAUSDT-1749211200-B,tb-supertrend-ADAUSDT-1749373200-T
BTC/USDT,supertrend,2025-06-06 11:00,103728.08,2025-06-08 10:59,104978.36,trailing,0.01504,3.1410194148,15.6631917852,0.010040,48.00,tb-supertrend-BTCUSDT-1749204000-B,tb-supertrend-BTCUSDT-1749376800-T
LTC/USDT,supertrend,2025-06-08 17:00,88.42,2025-06-09 01:59,86.97,trailing,16.034,2.8137064000,-26.0630064000,-0.018384,9.00,tb-supertrend-LTCUSDT-1749398400-B,tb-supertrend-LTCUSDT-1749430800-T
ADA/USDT,supertrend,2025-06-08 14:00,0.6699,2025-06-09 04:59,0.6598,trailing,1380.6,1.836721680000,-15.780781680000,-0.017063,15.00,tb-supertrend-ADAUSDT-1749387600-B,tb-supertrend-ADAUSDT-1749441600-T
BTC/USDT,supertrend,2025-06-09 10:00,106665.84,2025-06-10 14:59,108794.81,trailing,0.02187,4.7153243860,41.8452495140,0.017938,29.00,tb-supertrend-BTCUSDT-1749459600-B,tb-supertrend-BTCUSDT-1749564000-T
SOL/USDT,supertrend,2025-06-09 11:00,155.43,2025-06-10 14:59,156.92,trailing,5.997,1.8742509600,7.0612790400,0.007576,28.00,tb-supertrend-SOLUSDT-1749463200-B,tb-supertrend-SOLUSDT-1749564000-T
ADA/USDT,supertrend,2025-06-10 23:00,0.7148,2025-06-11 19:59,0.7022,trailing,908.2,1.287634200000,-12.730954200000,-0.019611,21.00,tb-supertrend-ADAUSDT-1749592800-B,tb-supertrend-ADAUSDT-1749668400-T
BNB/USDT,supertrend,2025-06-10 20:00,667.88,2025-06-11 21:59,664.13,trailing,2.405,3.2054876900,-12.2242376900,-0.007610,26.00,tb-supertrend-BNBUSDT-1749582000-B,tb-supertrend-BNBUSDT-1749675600-T
BTC/USDT,supertrend,2025-06-14 00:00,106119.63,2025-06-14 12:59,104803.83,trailing,0.01263,2.6660856895,-19.2846396895,-0.014388,13.00,tb-supertrend-BTCUSDT-1749855600-B,tb-supertrend-BTCUSDT-1749902400-T
LTC/USDT,supertrend,2025-06-13 23:00,86.00,2025-06-14 16:59,84.77,trailing,8.592,1.4680298400,-12.0361898400,-0.016289,18.00,tb-supertrend-LTCUSDT-1749852000-B,tb-supertrend-LTCUSDT-1749916800-T
BNB/USDT,supertrend,2025-06-15 05:00,649.53,2025-06-15 20:59,644.19,trailing,3.618,4.6832770800,-24.0033970800,-0.010214,16.00,tb-supertrend-BNBUSDT-1749960000-B,tb-supertrend-BNBUSDT-1750017600-T
SOL/USDT,supertrend,2025-06-15 06:00,147.45,2025-06-16 22:59,153.40,trailing,6.632,1.9962693500,37.4641306500,0.038311,41.00,tb-supertrend-SOLUSDT-1749963600-B,tb-supertrend-SOLUSDT-1750111200-T
LINK/USDT,supertrend,2025-06-16 02:00,13.427,2025-06-16 22:59,13.751,trailing,62.24,1.69249861000,18.47326139000,0.022105,21.00,tb-supertrend-LINKUSDT-1750035600-B,tb-supertrend-LINKUSDT-1750111200-T
BTC/USDT,supertrend,2025-06-29 10:00,107945.59,2025-06-29 14:59,107746.73,trailing,0.01700,3.6689283518,-7.0495483518,-0.003842,5.00,tb-supertrend-BTCUSDT-1751187600-B,tb-supertrend-BTCUSDT-1751205600-T
BNB/USDT,supertrend,2025-06-29 06:00,649.94,2025-06-29 21:59,647.35,trailing,3.766,4.8881939000,-14.6421339000,-0.005982,16.00,tb-supertrend-BNBUSDT-1751173200-B,tb-supertrend-BNBUSDT-1751230800-T
ADA/USDT,supertrend,2025-06-29 23:00,0.5799,2025-06-30 06:59,0.5639,trailing,1527.3,1.747853580000,-26.184653580000,-0.029564,8.00,tb-supertrend-ADAUSDT-1751234400-B,tb-supertrend-ADAUSDT-1751263200-T
BTC/USDT,supertrend,2025-06-30 00:00,108411.11,2025-06-30 06:59,107740.61,trailing,0.02047,4.4278780450,-18.1530130450,-0.008180,7.00,tb-supertrend-BTCUSDT-1751238000-B,tb-supertrend-BTCUSDT-1751263200-T
XRP/USDT,supertrend,2025-06-30 18:00,2.2144,2025-06-30 23:59,2.2569,trailing,566.3,2.533425830000,21.534324170000,0.017172,6.00,tb-supertrend-XRPUSDT-1751302800-B,tb-supertrend-XRPUSDT-1751324400-T
ADA/USDT,supertrend,2025-06-30 20:00,0.5899,2025-07-01 00:59,0.5697,trailing,1228.7,1.425567390000,-26.245307390000,-0.036210,5.00,tb-supertrend-ADAUSDT-1751310000-B,tb-supertrend-ADAUSDT-1751328000-T
BNB/USDT,supertrend,2025-07-02 07:00,656.13,2025-07-03 15:59,657.61,trailing,3.670,4.8240503200,0.6075496800,0.000252,33.00,tb-supertrend-BNBUSDT-1751436000-B,tb-supertrend-BNBUSDT-1751554800-T
BTC/USDT,supertrend,2025-07-02 07:00,107067.90,2025-07-04 05:59,108903.57,trailing,0.01706,3.6866146320,27.6299155680,0.015127,47.00,tb-supertrend-BTCUSDT-1751436000-B,tb-supertrend-BTCUSDT-1751605200-T
BNB/USDT,supertrend,2025-07-06 13:00,657.87,2025-07-07 16:59,658.49,trailing,3.047,4.0135804000,-2.1244404000,-0.001060,28.00,tb-supertrend-BNBUSDT-1751803200-B,tb-supertrend-BNBUSDT-1751904000-T
XRP/USDT,supertrend,2025-07-06 09:00,2.2439,2025-07-07 18:59,2.2878,trailing,768.8,3.485766080000,30.264553920000,0.017544,34.00,tb-supertrend-XRPUSDT-1751788800-B,tb-supertrend-XRPUSDT-1751911200-T
SOL/USDT,supertrend,2025-07-08 13:00,152.49,2025-07-08 16:59,149.25,stop,7.732,2.3342736000,-27.3859536000,-0.023227,4.00,tb-supertrend-SOLUSDT-1751976000-B,tb-supertrend-SOLUSDT-1751990400-X
BTC/USDT,supertrend,2025-07-08 13:00,109003.67,2025-07-10 13:59,110521.85,trailing,0.01971,4.3290280691,25.5942997309,0.011913,49.00,tb-supertrend-BTCUSDT-1751976000-B,tb-supertrend-BTCUSDT-1752152400-T
LTC/USDT,supertrend,2025-07-08 19:00,87.59,2025-07-11 21:59,94.36,trailing,15.457,2.8138025900,101.8300874100,0.075214,75.00,tb-supertrend-LTCUSDT-1751997600-B,tb-supertrend-LTCUSDT-1752267600-T
LTC/USDT,supertrend,2025-07-13 12:00,94.89,2025-07-13 22:59,93.82,trailing,9.871,1.8637053100,-12.4256753100,-0.013266,11.00,tb-supertrend-LTCUSDT-1752404400-B,tb-supertrend-LTCUSDT-1752444000-T
SOL/USDT,supertrend,2025-07-14 03:00,164.99,2025-07-14 18:59,162.91,trailing,5.549,1.8205070400,-13.3624270400,-0.014595,16.00,tb-supertrend-SOLUSDT-1752458400-B,tb-supertrend-SOLUSDT-1752516000-T
ADA/USDT,supertrend,2025-07-13 08:00,0.7406,2025-07-14 20:59,0.7270,trailing,674.9,0.991001660000,-10.169641660000,-0.020346,37.00,tb-supertrend-ADAUSDT-1752390000-B,tb-supertrend-ADAUSDT-1752523200-T
LINK/USDT,supertrend,2025-07-15 18:00,16.149,2025-07-18 14:59,18.108,trailing,30.59,1.04856759000,58.87724241000,0.119185,69.00,tb-supertrend-LINKUSDT-1752598800-B,tb-supertrend-LINKUSDT-1752847200-T
ETH/USDT,supertrend,2025-07-15 14:00,3053.23,2025-07-18 15:59,3529.98,trailing,0.2723,1.7935240480,128.0255009520,0.153989,74.00,tb-supertrend-ETHUSDT-1752584400-B,tb-supertrend-ETHUSDT-1752850800-T
LTC/USDT,supertrend,2025-07-19 20:00,112.70,2025-07-21 19:59,114.94,trailing,4.020,0.9156763000,8.0891237000,0.017855,48.00,tb-supertrend-LTCUSDT-1752951600-B,tb-supertrend-LTCUSDT-1753124400-T
LINK/USDT,supertrend,2025-07-20 01:00,18.440,2025-07-21 19:59,19.270,trailing,32.27,1.21763930000,25.56646070000,0.042965,43.00,tb-supertrend-LINKUSDT-1752969600-B,tb-supertrend-LINKUSDT-1753124400-T
BTC/USDT,supertrend,2025-07-22 13:00,119353.35,2025-07-23 09:59,118152.02,trailing,0.01214,2.8857022560,-17.4698484560,-0.012057,21.00,tb-supertrend-BTCUSDT-1753185600-B,tb-supertrend-BTCUSDT-1753261200-T
BNB/USDT,supertrend,2025-07-23 00:00,787.09,2025-07-23 13:59,784.50,trailing,1.162,1.8277617600,-4.8373417600,-0.005289,14.00,tb-supertrend-BNBUSDT-1753225200-B,tb-supertrend-BNBUSDT-1753275600-T
ADA/USDT,supertrend,2025-07-24 15:00,0.8323,2025-07-25 03:59,0.7844,trailing,452.6,0.732134570000,-22.411674570000,-0.059495,13.00,tb-supertrend-ADAUSDT-1753365600-B,tb-supertrend-ADAUSDT-1753412400-T
ETH/USDT,supertrend,2025-07-24 15:00,3736.32,2025-07-25 03:59,3604.70,trailing,0.1657,1.2171542780,-23.0265882780,-0.037193,13.00,tb-supertrend-ETHUSDT-1753365600-B,tb-supertrend-ETHUSDT-1753412400-T
LTC/USDT,supertrend,2025-07-25 12:00,115.74,2025-07-25 15:59,109.71,trailing,4.119,0.9292072500,-25.7667772500,-0.054049,4.00,tb-supertrend-LTCUSDT-1753441200-B,tb-supertrend-LTCUSDT-1753455600-T
SOL/USDT,supertrend,2025-07-25 23:00,186.19,2025-07-26 23:59,184.42,trailing,3.469,1.2863908500,-7.4265208500,-0.011498,25.00,tb-supertrend-SOLUSDT-1753480800-B,tb-supertrend-SOLUSDT-1753570800-T
XRP/USDT,supertrend,2025-07-27 05:00,3.2114,2025-07-28 13:59,3.2184,trailing,303.3,1.951442900000,0.171657100000,0.000176,33.00,tb-supertrend-XRPUSDT-1753588800-B,tb-supertrend-XRPUSDT-1753707600-T
BNB/USDT,supertrend,2025-07-25 23:00,783.83,2025-07-28 14:59,834.48,trailing,1.172,1.8982269800,57.4635730200,0.062552,64.00,tb-supertrend-BNBUSDT-1753480800-B,tb-supertrend-BNBUSDT-1753711200-T
ETH/USDT,supertrend,2025-07-29 08:00,3879.30,2025-07-29 14:59,3772.10,trailing,0.2228,1.7058957100,-25.5900557100,-0.029608,7.00,tb-supertrend-ETHUSDT-1753772400-B,tb-supertrend-ETHUSDT-1753797600-T
LINK/USDT,supertrend,2025-07-31 04:00,18.070,2025-07-31 13:59,17.602,trailing,34.85,1.24389200000,-17.55369200000,-0.027875,10.00,tb-supertrend-LINKUSDT-1753930800-B,tb-supertrend-LINKUSDT-1753966800-T
ETH/USDT,supertrend,2025-07-31 05:00,3872.99,2025-07-31 13:59,3786.40,trailing,0.2292,1.7566940850,-21.6031220850,-0.024336,9.00,tb-supertrend-ETHUSDT-1753934400-B,tb-supertrend-ETHUSDT-1753966800-T
BNB/USDT,supertrend,2025-07-31 17:00,813.71,2025-07-31 21:59,790.64,stop,1.096,1.7599950200,-27.0447150200,-0.030325,5.00,tb-supertrend-BNBUSDT-1753977600-B,tb-supertrend-BNBUSDT-1753995600-X
