pair,strategy,entry_time,entry_price,exit_time,exit_price,exit_reason,qty,fees_quote,pnl,pnl_pct,duration_hours,entry_client_order_id,exit_client_order_id
BTC/USDT,pullback_rsi,2021-08-12 20:00,44416.18,2021-08-13 04:00,44802.42,signal,0.02023,1.8062247668,6.0074104332,0.006686,8.00,tb-pullback_rsi-BTCUSDT-1628784000-B,tb-pullback_rsi-BTCUSDT-1628812800-S
ETH/USDT,pullback_rsi,2021-08-12 20:00,3051.61,2021-08-13 04:00,3085.14,signal,0.2159,1.3258398120,5.9132871880,0.008975,8.00,tb-pullback_rsi-ETHUSDT-1628784000-B,tb-pullback_rsi-ETHUSDT-1628812800-S
LINK/USDT,pullback_rsi,2021-08-12 20:00,24.787,2021-08-13 04:00,25.254,signal,20.94,1.04860215000,8.73037785000,0.016820,8.00,tb-pullback_rs-LINKUSDT-1628784000-B,tb-pullback_rs-LINKUSDT-1628812800-S
LINK/USDT,pullback_rsi,2021-08-15 12:00,26.599,2021-08-15 20:00,26.800,signal,21.82,1.16596415000,3.21985585000,0.005548,8.00,tb-pullback_rs-LINKUSDT-1629014400-B,tb-pullback_rs-LINKUSDT-1629043200-S
ADA/USDT,pullback_rsi,2021-08-15 12:00,2.1259,2021-08-16 00:00,2.1645,signal,206.7,0.887463450000,7.091156550000,0.016137,12.00,tb-pullback_rsi-ADAUSDT-1629014400-B,tb-pullback_rsi-ADAUSDT-1629057600-S
BTC/USDT,pullback_rsi,2021-08-15 12:00,45969.50,2021-08-16 00:00,46926.84,signal,0.02190,2.0358089350,18.9299370650,0.018803,12.00,tb-pullback_rsi-BTCUSDT-1629014400-B,tb-pullback_rsi-BTCUSDT-1629057600-S
BTC/USDT,pullback_rsi,2021-08-17 04:00,46463.42,2021-08-17 12:00,46798.30,signal,0.02112,1.9710814330,5.1015841670,0.005199,8.00,tb-pullback_rsi-BTCUSDT-1629158400-B,tb-pullback_rsi-BTCUSDT-1629187200-S
ETH/USDT,pullback_rsi,2021-08-17 04:00,3198.17,2021-08-17 12:00,3254.45,signal,0.2487,1.6057260500,12.3911099500,0.015579,8.00,tb-pullback_rsi-ETHUSDT-1629158400-B,tb-pullback_rsi-ETHUSDT-1629187200-S
XRP/USDT,pullback_rsi,2021-08-17 04:00,1.2093,2021-08-18 16:00,1.1421,signal,297.9,0.700844850000,-20.719724850000,-0.057515,36.00,tb-pullback_rsi-XRPUSDT-1629158400-B,tb-pullback_rsi-XRPUSDT-1629288000-S
SOL/USDT,pullback_rsi,2021-08-22 00:00,73.93,2021-08-22 08:00,75.44,signal,4.880,0.7292952500,6.6395047500,0.018403,8.00,tb-pullback_rsi-SOLUSDT-1629576000-B,tb-pullback_rsi-SOLUSDT-1629604800-S
ETH/USDT,pullback_rsi,2021-08-23 00:00,3241.24,2021-08-23 04:00,3336.87,signal,0.2796,1.8402119260,24.8979360740,0.027474,4.00,tb-pullback_rsi-ETHUSDT-1629662400-B,tb-pullback_rsi-ETHUSDT-1629676800-S
BNB/USDT,pullback_rsi,2021-08-24 20:00,478.54,2021-08-25 08:00,487.40,signal,1.391,1.3445796200,10.9796803800,0.016495,12.00,tb-pullback_rsi-BNBUSDT-1629820800-B,tb-pullback_rsi-BNBUSDT-1629864000-S
ETH/USDT,pullback_rsi,2021-08-24 20:00,3220.67,2021-08-25 16:00,3213.95,signal,0.2793,1.7981555720,-3.6750515720,-0.004086,20.00,tb-pullback_rsi-ETHUSDT-1629820800-B,tb-pullback_rsi-ETHUSDT-1629892800-S
SOL/USDT,pullback_rsi,2021-08-25 16:00,71.35,2021-08-26 00:00,71.91,signal,5.438,0.7794759800,2.2658040200,0.005840,8.00,tb-pullback_rsi-SOLUSDT-1629892800-B,tb-pullback_rsi-SOLUSDT-1629921600-S
ADA/USDT,pullback_rsi,2021-08-24 20:00,2.7961,2021-08-26 19:59,2.4874,stop,164.3,0.868638270000,-51.588048270000,-0.112295,48.00,tb-pullback_rsi-ADAUSDT-1629820800-B,tb-pullback_rsi-ADAUSDT-1629993600-X
BTC/USDT,pullback_rsi,2021-08-26 20:00,46981.16,2021-08-27 08:00,47432.29,signal,0.02181,2.0605667744,7.7785785256,0.007591,12.00,tb-pullback_rsi-BTCUSDT-1629993600-B,tb-pullback_rsi-BTCUSDT-1630036800-S
ETH/USDT,pullback_rsi,2021-08-26 16:00,3107.87,2021-08-27 08:00,3123.04,signal,0.2663,1.6602236920,2.3795473080,0.002875,16.00,tb-pullback_rsi-ETHUSDT-1629979200-B,tb-pullback_rsi-ETHUSDT-1630036800-S
LTC/USDT,pullback_rsi,2021-08-26 20:00,168.37,2021-08-27 08:00,169.43,signal,3.888,1.3140398800,2.8072401200,0.004288,12.00,tb-pullback_rsi-LTCUSDT-1629993600-B,tb-pullback_rsi-LTCUSDT-1630036800-S
BNB/USDT,pullback_rsi,2021-08-30 08:00,478.88,2021-08-30 20:00,477.62,signal,1.921,1.8383942600,-4.2588542600,-0.004630,12.00,tb-pullback_rsi-BNBUSDT-1630296000-B,tb-pullback_rsi-BNBUSDT-1630339200-S
LINK/USDT,pullback_rsi,2021-08-30 16:00,25.005,2021-08-30 20:00,26.143,signal,28.64,1.46562887000,31.12669113000,0.043464,4.00,tb-pullback_rs-LINKUSDT-1630324800-B,tb-pullback_rs-LINKUSDT-1630339200-S
LTC/USDT,pullback_rsi,2021-08-30 08:00,172.88,2021-08-30 20:00,175.52,signal,4.807,1.6756232000,11.0148568000,0.013254,12.00,tb-pullback_rsi-LTCUSDT-1630296000-B,tb-pullback_rsi-LTCUSDT-1630339200-S
LINK/USDT,pullback_rsi,2021-09-05 00:00,29.920,2021-09-05 08:00,30.119,signal,22.68,1.36258212000,3.15073788000,0.004643,8.00,tb-pullback_rs-LINKUSDT-1630785600-B,tb-pullback_rs-LINKUSDT-1630814400-S
ETH/USDT,pullback_rsi,2021-09-04 16:00,3921.64,2021-09-05 12:00,3920.63,signal,0.2520,1.9774285320,-2.2319485320,-0.002258,20.00,tb-pullback_rsi-ETHUSDT-1630756800-B,tb-pullback_rsi-ETHUSDT-1630828800-S
XRP/USDT,pullback_rsi,2021-09-05 00:00,1.2561,2021-09-05 12:00,1.2606,signal,599.2,1.508760300000,1.187639700000,0.001578,12.00,tb-pullback_rsi-XRPUSDT-1630785600-B,tb-pullback_rsi-XRPUSDT-1630828800-S
ETH/USDT,pullback_rsi,2021-09-08 00:00,3438.28,2021-09-08 20:00,3519.62,signal,0.1484,1.0332400180,11.0376159820,0.021632,20.00,tb-pullback_rsi-ETHUSDT-1631044800-B,tb-pullback_rsi-ETHUSDT-1631116800-S
ADA/USDT,pullback_rsi,2021-09-08 00:00,2.5166,2021-09-09 00:00,2.4675,signal,138.7,0.691797990000,-7.501967990000,-0.021492,24.00,tb-pullback_rsi-ADAUSDT-1631044800-B,tb-pullback_rsi-ADAUSDT-1631131200-S
XRP/USDT,pullback_rsi,2021-09-08 00:00,1.1302,2021-09-09 08:00,1.1089,signal,293.1,0.656619270000,-6.899649270000,-0.020828,32.00,tb-pullback_rsi-XRPUSDT-1631044800-B,tb-pullback_rsi-XRPUSDT-1631160000-S
ETH/USDT,pullback_rsi,2021-09-10 20:00,3314.57,2021-09-11 12:00,3289.84,signal,0.1626,1.0745399760,-5.0956379760,-0.009455,16.00,tb-pullback_rsi-ETHUSDT-1631289600-B,tb-pullback_rsi-ETHUSDT-1631347200-S
SOL/USDT,pullback_rsi,2021-09-10 00:00,188.08,2021-09-11 16:00,188.23,signal,1.225,0.4613559100,-0.2776059100,-0.001205,40.00,tb-pullback_rsi-SOLUSDT-1631217600-B,tb-pullback_rsi-SOLUSDT-1631361600-S
SOL/USDT,pullback_rsi,2021-09-15 00:00,158.88,2021-09-15 08:00,161.86,signal,1.779,0.5709142200,4.7305057800,0.016736,8.00,tb-pullback_rsi-SOLUSDT-1631649600-B,tb-pullback_rsi-SOLUSDT-1631678400-S
SOL/USDT,pullback_rsi,2021-09-17 16:00,144.77,2021-09-18 00:00,147.44,signal,2.240,0.6549847100,5.3258152900,0.016423,8.00,tb-pullback_rsi-SOLUSDT-1631880000-B,tb-pullback_rsi-SOLUSDT-1631908800-S
ETH/USDT,pullback_rsi,2021-09-18 04:00,3454.82,2021-09-18 08:00,3499.71,signal,0.2199,1.5303375940,8.3409734060,0.010979,4.00,tb-pullback_rsi-ETHUSDT-1631923200-B,tb-pullback_rsi-ETHUSDT-1631937600-S
LINK/USDT,pullback_rsi,2021-09-18 04:00,28.299,2021-09-18 08:00,28.951,signal,17.79,1.01904348000,10.58003652000,0.021016,4.00,tb-pullback_rs-LINKUSDT-1631923200-B,tb-pullback_rs-LINKUSDT-1631937600-S
LTC/USDT,pullback_rsi,2021-09-17 04:00,186.19,2021-09-18 08:00,183.61,signal,3.155,1.1674637600,-9.3073637600,-0.015844,28.00,tb-pullback_rsi-LTCUSDT-1631836800-B,tb-pullback_rsi-LTCUSDT-1631937600-S
LINK/USDT,pullback_rsi,2021-09-19 08:00,28.659,2021-09-20 03:59,26.204,stop,20.75,1.13926702000,-52.08051702000,-0.087578,20.00,tb-pullback_rs-LINKUSDT-1632024000-B,tb-pullback_rs-LINKUSDT-1632096000-X
ETH/USDT,pullback_rsi,2021-09-19 08:00,3444.27,2021-09-20 03:59,3239.65,stop,0.2503,1.6740184620,-52.8904044620,-0.061351,20.00,tb-pullback_rsi-ETHUSDT-1632024000-B,tb-pullback_rsi-ETHUSDT-1632096000-X
LTC/USDT,pullback_rsi,2021-09-19 08:00,181.29,2021-09-20 03:59,168.84,stop,4.106,1.4385402300,-52.5582402300,-0.070607,20.00,tb-pullback_rsi-LTCUSDT-1632024000-B,tb-pullback_rsi-LTCUSDT-1632096000-X
BTC/USDT,pullback_rsi,2021-10-07 20:00,54016.72,2021-10-08 08:00,54774.55,signal,0.01767,1.9234220768,11.4674340232,0.012014,12.00,tb-pullback_rsi-BTCUSDT-1633622400-B,tb-pullback_rsi-BTCUSDT-1633665600-S
LTC/USDT,pullback_rsi,2021-10-08 08:00,179.98,2021-10-08 12:00,181.61,signal,3.525,1.2753246700,4.4704253300,0.007046,4.00,tb-pullback_rsi-LTCUSDT-1633665600-B,tb-pullback_rsi-LTCUSDT-1633680000-S
LINK/USDT,pullback_rsi,2021-10-08 08:00,27.058,2021-10-09 12:00,27.052,signal,22.32,1.20854694000,-1.34246694000,-0.002223,28.00,tb-pullback_rs-LINKUSDT-1633665600-B,tb-pullback_rs-LINKUSDT-1633766400-S
ETH/USDT,pullback_rsi,2021-10-10 08:00,3585.77,2021-10-11 03:59,3393.87,stop,0.2632,1.8381169750,-52.3461969750,-0.055465,20.00,tb-pullback_rsi-ETHUSDT-1633838400-B,tb-pullback_rsi-ETHUSDT-1633910400-X
BNB/USDT,pullback_rsi,2021-10-09 04:00,424.53,2021-10-11 04:00,415.38,signal,1.937,1.6277547300,-19.3513047300,-0.023533,48.00,tb-pullback_rsi-BNBUSDT-1633737600-B,tb-pullback_rsi-BNBUSDT-1633910400-S
SOL/USDT,pullback_rsi,2021-10-10 00:00,156.96,2021-10-11 19:59,143.55,stop,3.746,1.1263383000,-51.3601983000,-0.087351,44.00,tb-pullback_rsi-SOLUSDT-1633809600-B,tb-pullback_rsi-SOLUSDT-1633968000-X
LINK/USDT,pullback_rsi,2021-10-11 04:00,26.327,2021-10-12 03:59,24.355,stop,25.28,1.28203077000,-51.13419077000,-0.076830,24.00,tb-pullback_rs-LINKUSDT-1633910400-B,tb-pullback_rs-LINKUSDT-1633996800-X
BNB/USDT,pullback_rsi,2021-10-12 16:00,434.24,2021-10-12 20:00,433.66,signal,1.686,1.4641478800,-2.4420278800,-0.003336,4.00,tb-pullback_rsi-BNBUSDT-1634040000-B,tb-pullback_rsi-BNBUSDT-1634054400-S
LTC/USDT,pullback_rsi,2021-10-12 16:00,171.88,2021-10-13 04:00,173.92,signal,3.518,1.2172119200,5.9595080800,0.009856,12.00,tb-pullback_rsi-LTCUSDT-1634040000-B,tb-pullback_rsi-LTCUSDT-1634083200-S
XRP/USDT,pullback_rsi,2021-10-12 08:00,1.1025,2021-10-13 04:00,1.1178,signal,552.8,1.228043340000,7.229796660000,0.011863,20.00,tb-pullback_rsi-XRPUSDT-1634011200-B,tb-pullback_rsi-XRPUSDT-1634083200-S
BTC/USDT,pullback_rsi,2021-10-13 00:00,56052.91,2021-10-13 16:00,56112.68,signal,0.01585,1.7789456617,-0.8315911617,-0.000936,16.00,tb-pullback_rsi-BTCUSDT-1634068800-B,tb-pullback_rsi-BTCUSDT-1634126400-S
LINK/USDT,pullback_rsi,2021-10-15 20:00,27.048,2021-10-16 00:00,26.982,signal,22.88,1.23701784000,-2.74709784000,-0.004439,4.00,tb-pullback_rs-LINKUSDT-1634313600-B,tb-pullback_rs-LINKUSDT-1634328000-S
BNB/USDT,pullback_rsi,2021-10-17 00:00,466.27,2021-10-17 12:00,468.53,signal,1.412,1.3208701400,1.8702498600,0.002841,12.00,tb-pullback_rsi-BNBUSDT-1634414400-B,tb-pullback_rsi-BNBUSDT-1634457600-S
XRP/USDT,pullback_rsi,2021-10-17 12:00,1.1316,2021-10-17 23:59,1.0633,stop,727.4,1.597475540000,-51.278895540000,-0.062298,12.00,tb-pullback_rsi-XRPUSDT-1634457600-B,tb-pullback_rsi-XRPUSDT-1634500800-X
BTC/USDT,pullback_rsi,2021-10-17 00:00,60936.45,2021-10-18 00:00,61466.79,signal,0.01671,2.0465768685,6.8154045315,0.006693,24.00,tb-pullback_rsi-BTCUSDT-1634414400-B,tb-pullback_rsi-BTCUSDT-1634500800-S
ETH/USDT,pullback_rsi,2021-10-18 00:00,3850.85,2021-10-18 04:00,3849.10,signal,0.2234,1.7213240850,-2.1122740850,-0.002455,4.00,tb-pullback_rsi-ETHUSDT-1634500800-B,tb-pullback_rsi-ETHUSDT-1634515200-S
LTC/USDT,pullback_rsi,2021-10-17 20:00,184.19,2021-10-18 04:00,185.61,signal,4.636,1.7153137500,4.8678062500,0.005701,8.00,tb-pullback_rsi-LTCUSDT-1634486400-B,tb-pullback_rsi-LTCUSDT-1634515200-S
SOL/USDT,pullback_rsi,2021-10-18 20:00,156.91,2021-10-19 04:00,158.34,signal,4.248,1.3399665500,4.7346734500,0.007103,8.00,tb-pullback_rsi-SOLUSDT-1634572800-B,tb-pullback_rsi-SOLUSDT-1634601600-S
XRP/USDT,pullback_rsi,2021-10-18 04:00,1.0969,2021-10-19 04:00,1.0958,signal,648.4,1.422514510000,-2.135754510000,-0.003003,24.00,tb-pullback_rsi-XRPUSDT-1634515200-B,tb-pullback_rsi-XRPUSDT-1634601600-S
SOL/USDT,pullback_rsi,2021-10-20 00:00,155.93,2021-10-20 08:00,156.36,signal,4.988,1.5584821700,0.5863578300,0.000754,8.00,tb-pullback_rsi-SOLUSDT-1634673600-B,tb-pullback_rsi-SOLUSDT-1634702400-S
BNB/USDT,pullback_rsi,2021-10-21 20:00,475.18,2021-10-22 08:00,488.81,signal,1.785,1.7216725100,22.6078774900,0.026654,12.00,tb-pullback_rsi-BNBUSDT-1634832000-B,tb-pullback_rsi-BNBUSDT-1634875200-S
BTC/USDT,pullback_rsi,2021-10-22 04:00,63301.14,2021-10-23 12:00,61490.68,signal,0.01296,1.6185680072,-25.0821296072,-0.030574,32.00,tb-pullback_rsi-BTCUSDT-1634860800-B,tb-pullback_rsi-BTCUSDT-1634976000-S
ETH/USDT,pullback_rsi,2021-10-22 20:00,3987.46,2021-10-23 12:00,4035.20,signal,0.1821,1.4617238780,7.2317301220,0.009959,16.00,tb-pullback_rsi-ETHUSDT-1634918400-B,tb-pullback_rsi-ETHUSDT-1634976000-S
XRP/USDT,pullback_rsi,2021-10-22 04:00,1.1088,2021-10-23 16:00,1.0955,signal,746.3,1.645956130000,-11.571746130000,-0.013984,36.00,tb-pullback_rsi-XRPUSDT-1634860800-B,tb-pullback_rsi-XRPUSDT-1634990400-S
BTC/USDT,pullback_rsi,2021-10-24 20:00,60703.74,2021-10-25 00:00,60791.36,signal,0.01572,1.9111170476,-0.5337306476,-0.000559,4.00,tb-pullback_rsi-BTCUSDT-1635091200-B,tb-pullback_rsi-BTCUSDT-1635105600-S
SOL/USDT,pullback_rsi,2021-10-24 00:00,197.95,2021-10-25 00:00,201.94,signal,2.461,0.9847231400,8.8346668600,0.018135,24.00,tb-pullback_rsi-SOLUSDT-1635019200-B,tb-pullback_rsi-SOLUSDT-1635105600-S
BNB/USDT,pullback_rsi,2021-10-24 20:00,474.48,2021-10-25 04:00,479.61,signal,2.389,2.2807444500,9.9748255500,0.008800,8.00,tb-pullback_rsi-BNBUSDT-1635091200-B,tb-pullback_rsi-BNBUSDT-1635120000-S
LTC/USDT,pullback_rsi,2021-10-26 20:00,194.00,2021-10-27 00:00,197.30,signal,5.195,2.0339675000,15.1095325000,0.014992,4.00,tb-pullback_rsi-LTCUSDT-1635264000-B,tb-pullback_rsi-LTCUSDT-1635278400-S
SOL/USDT,pullback_rsi,2021-10-27 04:00,203.06,2021-10-27 11:59,184.07,stop,2.595,1.0052115300,-50.2842615300,-0.095427,8.00,tb-pullback_rsi-SOLUSDT-1635292800-B,tb-pullback_rsi-SOLUSDT-1635321600-X
BNB/USDT,pullback_rsi,2021-10-27 04:00,483.29,2021-10-27 11:59,465.35,stop,2.794,2.6519500300,-52.7763100300,-0.039085,8.00,tb-pullback_rsi-BNBUSDT-1635292800-B,tb-pullback_rsi-BNBUSDT-1635321600-X
BNB/USDT,pullback_rsi,2021-10-27 16:00,455.16,2021-10-28 12:00,477.82,signal,1.998,1.8654595200,43.4092204800,0.047733,20.00,tb-pullback_rsi-BNBUSDT-1635336000-B,tb-pullback_rsi-BNBUSDT-1635408000-S
BTC/USDT,pullback_rsi,2021-10-27 04:00,60775.05,2021-10-28 12:00,60899.65,signal,0.01749,2.1293060055,0.0499479945,0.000047,32.00,tb-pullback_rsi-BTCUSDT-1635292800-B,tb-pullback_rsi-BTCUSDT-1635408000-S
SOL/USDT,pullback_rsi,2021-10-27 20:00,189.49,2021-10-28 12:00,195.21,signal,2.279,0.8772997700,12.1585802300,0.028155,16.00,tb-pullback_rsi-SOLUSDT-1635350400-B,tb-pullback_rsi-SOLUSDT-1635408000-S
ETH/USDT,pullback_rsi,2021-10-30 20:00,4340.97,2021-10-31 04:00,4366.11,signal,0.1990,1.7335771140,3.2692828860,0.003785,8.00,tb-pullback_rsi-ETHUSDT-1635609600-B,tb-pullback_rsi-ETHUSDT-1635638400-S
SOL/USDT,pullback_rsi,2021-10-30 20:00,194.77,2021-10-31 16:00,194.79,signal,2.931,1.1423846700,-1.0837646700,-0.001898,20.00,tb-pullback_rsi-SOLUSDT-1635609600-B,tb-pullback_rsi-SOLUSDT-1635681600-S
BTC/USDT,pullback_rsi,2021-10-31 20:00,60750.64,2021-11-01 00:00,61238.51,signal,0.01780,2.1726218848,6.5114641152,0.006022,4.00,tb-pullback_rsi-BTCUSDT-1635696000-B,tb-pullback_rsi-BTCUSDT-1635710400-S
ETH/USDT,pullback_rsi,2021-10-31 16:00,4218.57,2021-11-01 00:00,4283.19,signal,0.2012,1.7118196850,11.2897243150,0.013301,8.00,tb-pullback_rsi-ETHUSDT-1635681600-B,tb-pullback_rsi-ETHUSDT-1635710400-S
LINK/USDT,pullback_rsi,2021-10-30 20:00,30.141,2021-11-01 00:00,29.970,signal,20.42,1.22837085000,-4.72019085000,-0.007669,28.00,tb-pullback_rs-LINKUSDT-1635609600-B,tb-pullback_rs-LINKUSDT-1635710400-S
LINK/USDT,pullback_rsi,2021-11-03 20:00,31.702,2021-11-04 00:00,31.938,signal,22.60,1.43921506000,3.89438494000,0.005436,4.00,tb-pullback_rs-LINKUSDT-1635955200-B,tb-pullback_rs-LINKUSDT-1635969600-S
ETH/USDT,pullback_rsi,2021-11-04 20:00,4494.32,2021-11-05 00:00,4527.77,signal,0.2038,1.8400502420,4.9770597580,0.005434,4.00,tb-pullback_rsi-ETHUSDT-1636041600-B,tb-pullback_rsi-ETHUSDT-1636056000-S
LINK/USDT,pullback_rsi,2021-11-04 20:00,30.721,2021-11-05 00:00,30.959,signal,23.91,1.47569043000,4.21488957000,0.005738,4.00,tb-pullback_rs-LINKUSDT-1636041600-B,tb-pullback_rs-LINKUSDT-1636056000-S
BTC/USDT,pullback_rsi,2021-11-03 20:00,62862.79,2021-11-05 04:00,62141.58,signal,0.01524,1.9063238554,-12.8975642554,-0.013463,32.00,tb-pullback_rsi-BTCUSDT-1635955200-B,tb-pullback_rsi-BTCUSDT-1636070400-S
LTC/USDT,pullback_rsi,2021-11-05 20:00,198.70,2021-11-06 04:00,199.80,signal,4.083,1.6280690000,2.8632310000,0.003529,8.00,tb-pullback_rsi-LTCUSDT-1636128000-B,tb-pullback_rsi-LTCUSDT-1636156800-S
SOL/USDT,pullback_rsi,2021-11-05 20:00,236.03,2021-11-06 04:00,239.56,signal,2.319,1.1036013000,7.0824687000,0.012939,8.00,tb-pullback_rsi-SOLUSDT-1636128000-B,tb-pullback_rsi-SOLUSDT-1636156800-S
XRP/USDT,pullback_rsi,2021-11-05 20:00,1.1530,2021-11-06 04:00,1.1643,signal,584.6,1.355385380000,5.250594620000,0.007790,8.00,tb-pullback_rsi-XRPUSDT-1636128000-B,tb-pullback_rsi-XRPUSDT-1636156800-S
ETH/USDT,pullback_rsi,2021-11-06 16:00,4402.97,2021-11-06 20:00,4489.24,signal,0.2276,2.0251878830,17.6098641170,0.017573,4.00,tb-pullback_rsi-ETHUSDT-1636200000-B,tb-pullback_rsi-ETHUSDT-1636214400-S
LINK/USDT,pullback_rsi,2021-11-06 16:00,31.382,2021-11-07 00:00,32.017,signal,21.90,1.38937956000,12.51712044000,0.018213,8.00,tb-pullback_rs-LINKUSDT-1636200000-B,tb-pullback_rs-LINKUSDT-1636228800-S
LTC/USDT,pullback_rsi,2021-11-06 16:00,194.50,2021-11-07 00:00,197.40,signal,4.213,1.6520472000,10.5656528000,0.012894,8.00,tb-pullback_rsi-LTCUSDT-1636200000-B,tb-pullback_rsi-LTCUSDT-1636228800-S
BNB/USDT,pullback_rsi,2021-11-08 08:00,642.05,2021-11-08 16:00,648.15,signal,1.264,1.6320969000,6.0783031000,0.007490,8.00,tb-pullback_rsi-BNBUSDT-1636344000-B,tb-pullback_rsi-BNBUSDT-1636372800-S
SOL/USDT,pullback_rsi,2021-11-08 00:00,249.87,2021-11-10 00:00,238.82,signal,2.579,1.2610811200,-29.7590311200,-0.046180,48.00,tb-pullback_rsi-SOLUSDT-1636315200-B,tb-pullback_rsi-SOLUSDT-1636488000-S
BNB/USDT,pullback_rsi,2021-11-10 08:00,644.85,2021-11-10 12:00,654.64,signal,1.456,1.8933471400,12.3608928600,0.013165,4.00,tb-pullback_rsi-BNBUSDT-1636516800-B,tb-pullback_rsi-BNBUSDT-1636531200-S
ETH/USDT,pullback_rsi,2021-11-10 08:00,4719.32,2021-11-10 16:00,4842.09,signal,0.2710,2.5925579060,30.6781120940,0.023987,8.00,tb-pullback_rsi-ETHUSDT-1636516800-B,tb-pullback_rsi-ETHUSDT-1636545600-S
SOL/USDT,pullback_rsi,2021-11-10 08:00,241.12,2021-11-10 16:00,244.59,signal,2.909,1.4136537500,8.6805762500,0.012376,8.00,tb-pullback_rsi-SOLUSDT-1636516800-B,tb-pullback_rsi-SOLUSDT-1636545600-S
BNB/USDT,pullback_rsi,2021-11-11 04:00,617.32,2021-11-12 04:00,632.16,signal,1.106,1.3831595200,15.0298804800,0.022014,24.00,tb-pullback_rsi-BNBUSDT-1636588800-B,tb-pullback_rsi-BNBUSDT-1636675200-S
LTC/USDT,pullback_rsi,2021-11-11 08:00,265.57,2021-11-12 04:00,275.42,signal,1.480,0.8011963400,13.7768036600,0.035052,20.00,tb-pullback_rsi-LTCUSDT-1636603200-B,tb-pullback_rsi-LTCUSDT-1636675200-S
XRP/USDT,pullback_rsi,2021-11-12 20:00,1.1825,2021-11-13 00:00,1.1872,signal,481.0,1.140416950000,1.120283050000,0.001970,4.00,tb-pullback_rsi-XRPUSDT-1636732800-B,tb-pullback_rsi-XRPUSDT-1636747200-S
BTC/USDT,pullback_rsi,2021-11-12 20:00,63908.85,2021-11-13 16:00,64624.31,signal,0.01502,1.9318462440,8.8143629560,0.009182,20.00,tb-pullback_rsi-BTCUSDT-1636732800-B,tb-pullback_rsi-BTCUSDT-1636804800-S
LTC/USDT,pullback_rsi,2021-11-13 08:00,250.05,2021-11-13 16:00,261.23,signal,1.583,0.8098563400,16.8880836600,0.042665,8.00,tb-pullback_rsi-LTCUSDT-1636776000-B,tb-pullback_rsi-LTCUSDT-1636804800-S
SOL/USDT,pullback_rsi,2021-11-12 20:00,229.08,2021-11-13 16:00,233.37,signal,2.457,1.1369268900,9.4036031100,0.016707,20.00,tb-pullback_rsi-SOLUSDT-1636732800-B,tb-pullback_rsi-SOLUSDT-1636804800-S
ETH/USDT,pullback_rsi,2021-11-14 12:00,4617.06,2021-11-15 00:00,4621.87,signal,0.2406,2.2242716740,-1.0669856740,-0.000961,12.00,tb-pullback_rsi-ETHUSDT-1636876800-B,tb-pullback_rsi-ETHUSDT-1636920000-S
LINK/USDT,pullback_rsi,2021-11-15 00:00,33.784,2021-11-15 04:00,34.005,signal,20.40,1.38390912000,3.12449088000,0.004534,4.00,tb-pullback_rs-LINKUSDT-1636920000-B,tb-pullback_rs-LINKUSDT-1636934400-S
BNB/USDT,pullback_rsi,2021-11-15 20:00,639.34,2021-11-16 03:59,608.43,stop,1.629,2.0338960100,-52.3862860100,-0.050300,8.00,tb-pullback_rsi-BNBUSDT-1636992000-B,tb-pullback_rsi-BNBUSDT-1637020800-X
LTC/USDT,pullback_rsi,2021-11-16 08:00,246.95,2021-11-17 03:59,219.66,stop,1.813,0.8464578300,-50.3232278300,-0.112399,20.00,tb-pullback_rsi-LTCUSDT-1637035200-B,tb-pullback_rsi-LTCUSDT-1637107200-X
SOL/USDT,pullback_rsi,2021-11-16 16:00,225.47,2021-11-17 12:00,220.09,signal,2.684,1.1965594500,-15.6364794500,-0.025839,20.00,tb-pullback_rsi-SOLUSDT-1637064000-B,tb-pullback_rsi-SOLUSDT-1637136000-S
XRP/USDT,pullback_rsi,2023-01-15 16:00,0.3889,2023-01-16 04:00,0.4048,signal,2076.2,1.648696630000,31.362883370000,0.038843,12.00,tb-pullback_rsi-XRPUSDT-1673784000-B,tb-pullback_rsi-XRPUSDT-1673827200-S
LTC/USDT,pullback_rsi,2023-01-16 16:00,86.25,2023-01-16 20:00,86.94,signal,8.915,1.5447651000,4.6065849000,0.005991,4.00,tb-pullback_rsi-LTCUSDT-1673870400-B,tb-pullback_rsi-LTCUSDT-1673884800-S
ADA/USDT,pullback_rsi,2023-01-18 04:00,0.3504,2023-01-18 19:59,0.3281,stop,2283.3,1.550024970000,-52.467614970000,-0.065579,16.00,tb-pullback_rsi-ADAUSDT-1674000000-B,tb-pullback_rsi-ADAUSDT-1674057600-X
XRP/USDT,pullback_rsi,2023-01-18 20:00,0.3902,2023-01-19 12:00,0.3843,signal,1763.6,1.366610560000,-11.771850560000,-0.017106,16.00,tb-pullback_rsi-XRPUSDT-1674057600-B,tb-pullback_rsi-XRPUSDT-1674115200-S
ADA/USDT,pullback_rsi,2023-01-19 04:00,0.3301,2023-01-19 16:00,0.3342,signal,2007.2,1.334076170000,6.895443830000,0.010407,12.00,tb-pullback_rsi-ADAUSDT-1674086400-B,tb-pullback_rsi-ADAUSDT-1674129600-S
SOL/USDT,pullback_rsi,2023-01-19 04:00,21.38,2023-01-19 20:00,21.63,signal,16.663,0.7170390900,3.4487109100,0.009680,16.00,tb-pullback_rsi-SOLUSDT-1674086400-B,tb-pullback_rsi-SOLUSDT-1674144000-S
BNB/USDT,pullback_rsi,2023-01-20 16:00,289.79,2023-01-20 20:00,294.20,signal,3.793,2.2162332300,14.5108967700,0.013202,4.00,tb-pullback_rsi-BNBUSDT-1674216000-B,tb-pullback_rsi-BNBUSDT-1674230400-S
XRP/USDT,pullback_rsi,2023-01-23 04:00,0.4056,2023-01-23 08:00,0.4130,signal,2261.0,1.851787480000,14.879612520000,0.016225,4.00,tb-pullback_rsi-XRPUSDT-1674432000-B,tb-pullback_rsi-XRPUSDT-1674446400-S
LTC/USDT,pullback_rsi,2023-01-23 04:00,87.96,2023-01-23 12:00,91.90,signal,10.223,1.8396763400,38.4389436600,0.042747,8.00,tb-pullback_rsi-LTCUSDT-1674432000-B,tb-pullback_rsi-LTCUSDT-1674460800-S
SOL/USDT,pullback_rsi,2023-01-23 04:00,24.56,2023-01-24 04:00,24.95,signal,19.732,0.9774225200,6.7180574800,0.013863,24.00,tb-pullback_rsi-SOLUSDT-1674432000-B,tb-pullback_rsi-SOLUSDT-1674518400-S
LINK/USDT,pullback_rsi,2023-01-25 04:00,6.699,2023-01-25 20:00,6.816,signal,97.51,1.31851755000,10.09015245000,0.015447,16.00,tb-pullback_rs-LINKUSDT-1674604800-B,tb-pullback_rs-LINKUSDT-1674662400-S
LTC/USDT,pullback_rsi,2023-01-25 04:00,87.65,2023-01-25 20:00,88.39,signal,9.694,1.7074082600,5.4661517400,0.006433,16.00,tb-pullback_rsi-LTCUSDT-1674604800-B,tb-pullback_rsi-LTCUSDT-1674662400-S
SOL/USDT,pullback_rsi,2023-01-25 04:00,22.96,2023-01-25 20:00,23.71,signal,21.967,1.0257050100,15.4495449900,0.030632,16.00,tb-pullback_rsi-SOLUSDT-1674604800-B,tb-pullback_rsi-SOLUSDT-1674662400-S
ETH/USDT,pullback_rsi,2023-01-27 08:00,1586.99,2023-01-27 20:00,1608.09,signal,0.6446,2.0606594570,11.5404005430,0.011281,12.00,tb-pullback_rsi-ETHUSDT-1674792000-B,tb-pullback_rsi-ETHUSDT-1674835200-S
LTC/USDT,pullback_rsi,2023-01-26 20:00,88.04,2023-01-27 20:00,88.54,signal,10.885,1.9230417400,3.5194582600,0.003673,24.00,tb-pullback_rsi-LTCUSDT-1674748800-B,tb-pullback_rsi-LTCUSDT-1674835200-S
SOL/USDT,pullback_rsi,2023-01-27 08:00,24.06,2023-01-27 20:00,24.45,signal,23.119,1.1220801300,7.8943298700,0.014192,12.00,tb-pullback_rsi-SOLUSDT-1674792000-B,tb-pullback_rsi-SOLUSDT-1674835200-S
ETH/USDT,pullback_rsi,2023-01-29 04:00,1595.96,2023-01-29 08:00,1590.99,signal,0.7202,2.2965181600,-5.8759121600,-0.005112,4.00,tb-pullback_rsi-ETHUSDT-1674950400-B,tb-pullback_rsi-ETHUSDT-1674964800-S
LINK/USDT,pullback_rsi,2023-01-29 04:00,7.315,2023-01-29 08:00,7.313,signal,106.29,1.55561477000,-1.76819477000,-0.002274,4.00,tb-pullback_rs-LINKUSDT-1674950400-B,tb-pullback_rs-LINKUSDT-1674964800-S
SOL/USDT,pullback_rsi,2023-01-29 04:00,24.16,2023-01-29 12:00,24.33,signal,27.094,1.3144645400,3.2915154600,0.005028,8.00,tb-pullback_rsi-SOLUSDT-1674950400-B,tb-pullback_rsi-SOLUSDT-1674979200-S
BNB/USDT,pullback_rsi,2023-01-30 16:00,309.21,2023-01-31 04:00,311.48,signal,3.796,2.3573760800,6.2595439200,0.005333,12.00,tb-pullback_rsi-BNBUSDT-1675080000-B,tb-pullback_rsi-BNBUSDT-1675123200-S
LINK/USDT,pullback_rsi,2023-01-30 16:00,7.032,2023-01-31 08:00,7.028,signal,113.72,1.59974704000,-2.05462704000,-0.002569,16.00,tb-pullback_rs-LINKUSDT-1675080000-B,tb-pullback_rs-LINKUSDT-1675137600-S
XRP/USDT,pullback_rsi,2023-01-30 16:00,0.4003,2023-01-31 12:00,0.3994,signal,2804.9,2.244239400000,-4.768649400000,-0.004247,20.00,tb-pullback_rsi-XRPUSDT-1675080000-B,tb-pullback_rsi-XRPUSDT-1675152000-S
ADA/USDT,pullback_rsi,2023-01-31 08:00,0.3750,2023-01-31 16:00,0.3956,signal,2319.8,1.788537880000,45.999342120000,0.052877,8.00,tb-pullback_rsi-ADAUSDT-1675137600-B,tb-pullback_rsi-ADAUSDT-1675166400-S
ADA/USDT,pullback_rsi,2023-02-01 20:00,0.3879,2023-02-02 00:00,0.3966,signal,1977.9,1.552438350000,15.655291650000,0.020405,4.00,tb-pullback_rsi-ADAUSDT-1675267200-B,tb-pullback_rsi-ADAUSDT-1675281600-S
LINK/USDT,pullback_rsi,2023-02-01 20:00,7.013,2023-02-02 00:00,7.206,signal,112.81,1.60488695000,20.16744305000,0.025492,4.00,tb-pullback_rs-LINKUSDT-1675267200-B,tb-pullback_rs-LINKUSDT-1675281600-S
SOL/USDT,pullback_rsi,2023-02-01 20:00,24.27,2023-02-02 00:00,24.97,signal,24.109,1.1877339100,15.6885660900,0.026812,4.00,tb-pullback_rsi-SOLUSDT-1675267200-B,tb-pullback_rsi-SOLUSDT-1675281600-S
BTC/USDT,pullback_rsi,2023-02-03 04:00,23557.18,2023-02-03 16:00,23581.01,signal,0.05895,2.7802097318,-1.3754312318,-0.000990,12.00,tb-pullback_rsi-BTCUSDT-1675382400-B,tb-pullback_rsi-BTCUSDT-1675425600-S
LTC/USDT,pullback_rsi,2023-02-03 04:00,99.01,2023-02-03 20:00,99.19,signal,7.960,1.5784640800,-0.1456640800,-0.000185,16.00,tb-pullback_rsi-LTCUSDT-1675382400-B,tb-pullback_rsi-LTCUSDT-1675440000-S
XRP/USDT,pullback_rsi,2023-02-03 04:00,0.4117,2023-02-04 00:00,0.4111,signal,2795.3,2.301125600000,-3.978305600000,-0.003457,20.00,tb-pullback_rsi-XRPUSDT-1675382400-B,tb-pullback_rsi-XRPUSDT-1675454400-S
LINK/USDT,pullback_rsi,2023-02-06 00:00,6.992,2023-02-06 16:00,7.029,signal,137.39,1.92732407000,3.15610593000,0.003285,16.00,tb-pullback_rs-LINKUSDT-1675627200-B,tb-pullback_rs-LINKUSDT-1675684800-S
LTC/USDT,pullback_rsi,2023-02-06 00:00,96.75,2023-02-06 16:00,97.21,signal,11.268,2.1867022800,2.9965777200,0.002749,16.00,tb-pullback_rsi-LTCUSDT-1675627200-B,tb-pullback_rsi-LTCUSDT-1675684800-S
SOL/USDT,pullback_rsi,2023-02-06 00:00,23.49,2023-02-06 16:00,23.44,signal,33.768,1.5855309000,-3.2739309000,-0.004127,16.00,tb-pullback_rsi-SOLUSDT-1675627200-B,tb-pullback_rsi-SOLUSDT-1675684800-S
SOL/USDT,pullback_rsi,2023-02-07 04:00,23.09,2023-02-07 12:00,23.31,signal,33.563,1.5581082600,5.8257517400,0.007517,8.00,tb-pullback_rsi-SOLUSDT-1675728000-B,tb-pullback_rsi-SOLUSDT-1675756800-S
ADA/USDT,pullback_rsi,2023-02-07 04:00,0.3867,2023-02-07 20:00,0.3919,signal,2543.7,1.981530240000,11.245709760000,0.011433,16.00,tb-pullback_rsi-ADAUSDT-1675728000-B,tb-pullback_rsi-ADAUSDT-1675785600-S
BNB/USDT,pullback_rsi,2023-02-09 00:00,328.53,2023-02-09 03:59,316.90,stop,4.446,2.8712244300,-54.5782044300,-0.037366,4.00,tb-pullback_rsi-BNBUSDT-1675886400-B,tb-pullback_rsi-BNBUSDT-1675900800-X
LTC/USDT,pullback_rsi,2023-02-08 20:00,99.03,2023-02-09 19:59,94.18,stop,10.583,2.0458307600,-53.3733807600,-0.050927,24.00,tb-pullback_rsi-LTCUSDT-1675872000-B,tb-pullback_rsi-LTCUSDT-1675958400-X
SOL/USDT,pullback_rsi,2023-02-09 00:00,23.24,2023-02-09 19:59,21.78,stop,35.020,1.5774370400,-52.7066370400,-0.064761,20.00,tb-pullback_rsi-SOLUSDT-1675886400-B,tb-pullback_rsi-SOLUSDT-1675958400-X
ETH/USDT,pullback_rsi,2023-02-09 08:00,1631.51,2023-02-09 19:59,1564.38,stop,0.7594,2.4282640720,-53.4067860720,-0.043106,12.00,tb-pullback_rsi-ETHUSDT-1675915200-B,tb-pullback_rsi-ETHUSDT-1675958400-X
BNB/USDT,pullback_rsi,2023-02-10 04:00,307.01,2023-02-10 20:00,308.29,signal,3.553,2.1873889400,2.3604510600,0.002164,16.00,tb-pullback_rsi-BNBUSDT-1675987200-B,tb-pullback_rsi-BNBUSDT-1676044800-S
LTC/USDT,pullback_rsi,2023-02-10 00:00,92.16,2023-02-10 20:00,94.00,signal,8.770,1.6334526400,14.5033473600,0.017944,20.00,tb-pullback_rsi-LTCUSDT-1675972800-B,tb-pullback_rsi-LTCUSDT-1676044800-S
BTC/USDT,pullback_rsi,2023-02-10 04:00,21847.42,2023-02-11 16:00,21714.04,signal,0.06490,2.8286680774,-11.4850300774,-0.008100,36.00,tb-pullback_rsi-BTCUSDT-1675987200-B,tb-pullback_rsi-BTCUSDT-1676116800-S
LTC/USDT,pullback_rsi,2023-02-13 16:00,91.10,2023-02-14 08:00,91.38,signal,10.715,1.9562753000,1.0439247000,0.001069,16.00,tb-pullback_rsi-LTCUSDT-1676289600-B,tb-pullback_rsi-LTCUSDT-1676347200-S
ADA/USDT,pullback_rsi,2023-02-17 04:00,0.3971,2023-02-17 16:00,0.4002,signal,1872.0,1.493300090000,4.309899910000,0.005798,12.00,tb-pullback_rsi-ADAUSDT-1676592000-B,tb-pullback_rsi-ADAUSDT-1676635200-S
BNB/USDT,pullback_rsi,2023-02-17 04:00,310.01,2023-02-17 20:00,314.58,signal,2.717,1.6979410600,10.7187489400,0.012726,16.00,tb-pullback_rsi-BNBUSDT-1676592000-B,tb-pullback_rsi-BNBUSDT-1676649600-S
SOL/USDT,pullback_rsi,2023-02-17 04:00,22.71,2023-02-17 20:00,23.43,signal,27.328,1.2615498000,18.4146102000,0.029671,16.00,tb-pullback_rsi-SOLUSDT-1676592000-B,tb-pullback_rsi-SOLUSDT-1676649600-S
ADA/USDT,pullback_rsi,2023-02-21 08:00,0.4044,2023-02-21 23:59,0.3853,stop,2639.9,2.085820910000,-52.507910910000,-0.049184,16.00,tb-pullback_rsi-ADAUSDT-1676952000-B,tb-pullback_rsi-ADAUSDT-1677009600-X
LTC/USDT,pullback_rsi,2023-02-21 00:00,96.00,2023-02-22 04:00,94.92,signal,10.291,1.9658137200,-13.0800937200,-0.013240,28.00,tb-pullback_rsi-LTCUSDT-1676923200-B,tb-pullback_rsi-LTCUSDT-1677024000-S
ETH/USDT,pullback_rsi,2023-02-21 16:00,1673.65,2023-02-22 15:59,1604.98,stop,0.7322,2.4019518100,-52.6821258100,-0.042990,24.00,tb-pullback_rsi-ETHUSDT-1676980800-B,tb-pullback_rsi-ETHUSDT-1677067200-X
ADA/USDT,pullback_rsi,2023-02-22 12:00,0.3863,2023-02-23 00:00,0.3885,signal,2368.2,1.835808480000,3.374231520000,0.003688,12.00,tb-pullback_rsi-ADAUSDT-1677052800-B,tb-pullback_rsi-ADAUSDT-1677096000-S
BTC/USDT,pullback_rsi,2023-02-22 12:00,24185.04,2023-02-23 00:00,24158.02,signal,0.04755,2.2999217540,-3.5847227540,-0.003117,12.00,tb-pullback_rsi-BTCUSDT-1677052800-B,tb-pullback_rsi-BTCUSDT-1677096000-S
SOL/USDT,pullback_rsi,2023-02-22 16:00,23.69,2023-02-23 00:00,24.13,signal,22.707,1.0863936100,8.9046863900,0.016554,8.00,tb-pullback_rsi-SOLUSDT-1677067200-B,tb-pullback_rsi-SOLUSDT-1677096000-S
ADA/USDT,pullback_rsi,2023-02-24 08:00,0.3817,2023-02-24 12:00,0.3833,signal,2620.2,2.005483590000,2.186836410000,0.002187,4.00,tb-pullback_rsi-ADAUSDT-1677211200-B,tb-pullback_rsi-ADAUSDT-1677225600-S
ETH/USDT,pullback_rsi,2023-02-24 20:00,1612.45,2023-02-26 04:00,1601.14,signal,0.6543,2.1037806500,-9.5039136500,-0.009008,32.00,tb-pullback_rsi-ETHUSDT-1677254400-B,tb-pullback_rsi-ETHUSDT-1677369600-S
LINK/USDT,pullback_rsi,2023-02-24 20:00,7.685,2023-02-26 04:00,7.409,signal,78.50,1.18549380000,-22.85149380000,-0.037879,32.00,tb-pullback_rs-LINKUSDT-1677254400-B,tb-pullback_rs-LINKUSDT-1677369600-S
SOL/USDT,pullback_rsi,2023-02-25 00:00,23.10,2023-02-26 04:00,22.63,signal,26.441,1.2097706300,-13.6370406300,-0.022327,28.00,tb-pullback_rsi-SOLUSDT-1677268800-B,tb-pullback_rsi-SOLUSDT-1677369600-S
LINK/USDT,pullback_rsi,2023-02-27 16:00,7.377,2023-02-28 12:00,7.319,signal,110.21,1.62053140000,-8.01271140000,-0.009856,20.00,tb-pullback_rs-LINKUSDT-1677499200-B,tb-pullback_rs-LINKUSDT-1677571200-S
LTC/USDT,pullback_rsi,2023-02-28 00:00,94.17,2023-02-28 12:00,94.93,signal,13.168,2.4913871800,7.5162928200,0.006061,12.00,tb-pullback_rsi-LTCUSDT-1677528000-B,tb-pullback_rsi-LTCUSDT-1677571200-S
LTC/USDT,pullback_rsi,2023-03-02 20:00,95.03,2023-03-03 03:59,91.12,stop,12.751,2.3748340400,-52.2312440400,-0.043105,8.00,tb-pullback_rsi-LTCUSDT-1677772800-B,tb-pullback_rsi-LTCUSDT-1677801600-X
LINK/USDT,pullback_rsi,2023-03-02 20:00,7.282,2023-03-03 03:59,6.882,stop,123.70,1.75303346000,-51.23303346000,-0.056876,8.00,tb-pullback_rs-LINKUSDT-1677772800-B,tb-pullback_rs-LINKUSDT-1677801600-X
ETH/USDT,pullback_rsi,2023-03-02 20:00,1650.12,2023-03-03 03:59,1587.10,stop,0.7916,2.5639034480,-52.4505354480,-0.040154,8.00,tb-pullback_rsi-ETHUSDT-1677772800-B,tb-pullback_rsi-ETHUSDT-1677801600-X
BTC/USDT,pullback_rsi,2023-03-16 08:00,24640.41,2023-03-16 12:00,24801.50,signal,0.02762,1.3663247665,3.0829810335,0.004530,4.00,tb-pullback_rsi-BTCUSDT-1678939200-B,tb-pullback_rsi-BTCUSDT-1678953600-S
ETH/USDT,pullback_rsi,2023-03-15 20:00,1649.65,2023-03-16 12:00,1658.70,signal,0.3981,1.3177139950,2.2850910050,0.003480,16.00,tb-pullback_rsi-ETHUSDT-1678896000-B,tb-pullback_rsi-ETHUSDT-1678953600-S
BNB/USDT,pullback_rsi,2023-03-18 20:00,336.64,2023-03-19 12:00,336.86,signal,2.470,1.6645549200,-1.1211549200,-0.001348,16.00,tb-pullback_rsi-BNBUSDT-1679155200-B,tb-pullback_rsi-BNBUSDT-1679212800-S
LINK/USDT,pullback_rsi,2023-03-18 20:00,7.041,2023-03-19 12:00,7.093,signal,95.58,1.35163182000,3.61852818000,0.005377,16.00,tb-pullback_rs-LINKUSDT-1679155200-B,tb-pullback_rs-LINKUSDT-1679212800-S
ETH/USDT,pullback_rsi,2023-03-19 04:00,1784.30,2023-03-19 16:00,1791.81,signal,0.4288,1.5343281200,1.6859598800,0.002204,12.00,tb-pullback_rsi-ETHUSDT-1679184000-B,tb-pullback_rsi-ETHUSDT-1679227200-S
XRP/USDT,pullback_rsi,2023-03-21 04:00,0.3821,2023-03-21 08:00,0.3861,signal,2155.8,1.656926180000,6.966273820000,0.008457,4.00,tb-pullback_rsi-XRPUSDT-1679356800-B,tb-pullback_rsi-XRPUSDT-1679371200-S
ETH/USDT,pullback_rsi,2023-03-21 04:00,1747.89,2023-03-21 12:00,1759.57,signal,0.4738,1.6627084970,3.8712755030,0.004675,8.00,tb-pullback_rsi-ETHUSDT-1679356800-B,tb-pullback_rsi-ETHUSDT-1679385600-S
XRP/USDT,pullback_rsi,2023-03-23 00:00,0.4218,2023-03-23 08:00,0.4464,signal,1037.3,0.901047840000,24.616532160000,0.056262,8.00,tb-pullback_rsi-XRPUSDT-1679515200-B,tb-pullback_rsi-XRPUSDT-1679544000-S
BNB/USDT,pullback_rsi,2023-03-22 16:00,328.13,2023-03-23 12:00,324.97,signal,2.931,1.9152204900,-11.1771804900,-0.011622,20.00,tb-pullback_rsi-BNBUSDT-1679486400-B,tb-pullback_rsi-BNBUSDT-1679558400-S
SOL/USDT,pullback_rsi,2023-03-23 00:00,21.44,2023-03-23 12:00,21.73,signal,21.148,0.9134308400,5.2194891600,0.011512,12.00,tb-pullback_rsi-SOLUSDT-1679515200-B,tb-pullback_rsi-SOLUSDT-1679558400-S
BNB/USDT,pullback_rsi,2023-03-24 20:00,322.53,2023-03-25 04:00,323.57,signal,3.408,2.2031989200,1.3411210800,0.001220,8.00,tb-pullback_rsi-BNBUSDT-1679673600-B,tb-pullback_rsi-BNBUSDT-1679702400-S
XRP/USDT,pullback_rsi,2023-03-24 08:00,0.4337,2023-03-25 04:00,0.4298,signal,1088.7,0.940569520000,-5.186499520000,-0.010984,20.00,tb-pullback_rsi-XRPUSDT-1679630400-B,tb-pullback_rsi-XRPUSDT-1679702400-S
BTC/USDT,pullback_rsi,2023-03-25 04:00,27609.24,2023-03-25 16:00,27619.79,signal,0.03340,1.8457539756,-1.4933839756,-0.001619,12.00,tb-pullback_rsi-BTCUSDT-1679702400-B,tb-pullback_rsi-BTCUSDT-1679745600-S
LINK/USDT,pullback_rsi,2023-03-25 16:00,7.139,2023-03-26 04:00,7.119,signal,107.70,1.53637189000,-3.69037189000,-0.004800,12.00,tb-pullback_rs-LINKUSDT-1679745600-B,tb-pullback_rs-LINKUSDT-1679788800-S
BNB/USDT,pullback_rsi,2023-03-26 00:00,322.73,2023-03-26 08:00,323.67,signal,4.058,2.6247048500,1.1898151500,0.000909,8.00,tb-pullback_rsi-BNBUSDT-1679774400-B,tb-pullback_rsi-BNBUSDT-1679803200-S
ADA/USDT,pullback_rsi,2023-03-26 00:00,0.3517,2023-03-26 12:00,0.3577,signal,2114.0,1.500445340000,11.183554660000,0.015042,12.00,tb-pullback_rsi-ADAUSDT-1679774400-B,tb-pullback_rsi-ADAUSDT-1679817600-S
ADA/USDT,pullback_rsi,2023-03-27 12:00,0.3532,2023-03-28 08:00,0.3484,signal,2514.2,1.764881040000,-13.833041040000,-0.015577,20.00,tb-pullback_rsi-ADAUSDT-1679904000-B,tb-pullback_rsi-ADAUSDT-1679976000-S
BTC/USDT,pullback_rsi,2023-03-27 20:00,26995.90,2023-03-28 20:00,27398.55,signal,0.03964,2.1572758320,13.8037701680,0.012899,24.00,tb-pullback_rsi-BTCUSDT-1679932800-B,tb-pullback_rsi-BTCUSDT-1680019200-S
LTC/USDT,pullback_rsi,2023-03-28 00:00,89.33,2023-03-28 20:00,88.83,signal,7.551,1.3460008000,-5.1215008000,-0.007593,20.00,tb-pullback_rsi-LTCUSDT-1679947200-B,tb-pullback_rsi-LTCUSDT-1680019200-S
BNB/USDT,pullback_rsi,2023-03-30 08:00,315.82,2023-03-30 12:00,316.98,signal,3.839,2.4305824800,2.0226575200,0.001668,4.00,tb-pullback_rsi-BNBUSDT-1680148800-B,tb-pullback_rsi-BNBUSDT-1680163200-S
LINK/USDT,pullback_rsi,2023-03-31 00:00,7.238,2023-03-31 04:00,7.375,signal,126.45,1.84875479000,15.47489521000,0.016908,4.00,tb-pullback_rs-LINKUSDT-1680206400-B,tb-pullback_rs-LINKUSDT-1680220800-S
LTC/USDT,pullback_rsi,2023-03-31 00:00,89.15,2023-03-31 04:00,89.67,signal,8.845,1.5824652500,3.0169347500,0.003826,4.00,tb-pullback_rsi-LTCUSDT-1680206400-B,tb-pullback_rsi-LTCUSDT-1680220800-S
BTC/USDT,pullback_rsi,2023-03-31 00:00,28056.56,2023-03-31 16:00,28466.50,signal,0.04003,2.2640209248,14.1458772752,0.012595,16.00,tb-pullback_rsi-BTCUSDT-1680206400-B,tb-pullback_rsi-BTCUSDT-1680264000-S
BNB/USDT,pullback_rsi,2023-03-31 12:00,316.22,2023-03-31 20:00,316.38,signal,4.421,2.7983057000,-2.0909457000,-0.001496,8.00,tb-pullback_rsi-BNBUSDT-1680249600-B,tb-pullback_rsi-BNBUSDT-1680278400-S
BNB/USDT,pullback_rsi,2023-04-01 12:00,314.72,2023-04-02 00:00,314.58,signal,5.156,3.2465591200,-3.9683991200,-0.002446,12.00,tb-pullback_rsi-BNBUSDT-1680336000-B,tb-pullback_rsi-BNBUSDT-1680379200-S
XRP/USDT,pullback_rsi,2023-04-01 12:00,0.5159,2023-04-02 08:00,0.5134,signal,983.5,1.012832450000,-3.471582450000,-0.006842,20.00,tb-pullback_rsi-XRPUSDT-1680336000-B,tb-pullback_rsi-XRPUSDT-1680408000-S
ADA/USDT,pullback_rsi,2023-04-01 16:00,0.3934,2023-04-03 03:59,0.3711,stop,2198.1,1.681352270000,-50.698982270000,-0.058630,36.00,tb-pullback_rsi-ADAUSDT-1680350400-B,tb-pullback_rsi-ADAUSDT-1680480000-X
BTC/USDT,pullback_rsi,2023-04-03 00:00,28200.05,2023-04-03 12:00,28225.47,signal,0.05660,3.1953764330,-1.7566044330,-0.001101,12.00,tb-pullback_rsi-BTCUSDT-1680465600-B,tb-pullback_rsi-BTCUSDT-1680508800-S
LINK/USDT,pullback_rsi,2023-04-03 00:00,7.263,2023-04-03 12:00,7.291,signal,150.57,2.19255786000,2.02340214000,0.001850,12.00,tb-pullback_rs-LINKUSDT-1680465600-B,tb-pullback_rs-LINKUSDT-1680508800-S
XRP/USDT,pullback_rsi,2023-04-04 08:00,0.4968,2023-04-04 20:00,0.5045,signal,1324.5,1.326917370000,8.871732630000,0.013483,12.00,tb-pullback_rsi-XRPUSDT-1680580800-B,tb-pullback_rsi-XRPUSDT-1680624000-S
BTC/USDT,pullback_rsi,2023-04-06 12:00,27973.46,2023-04-06 16:00,28062.29,signal,0.05069,2.8421305750,1.6606621250,0.001171,4.00,tb-pullback_rsi-BTCUSDT-1680768000-B,tb-pullback_rsi-BTCUSDT-1680782400-S
ETH/USDT,pullback_rsi,2023-04-06 16:00,1876.42,2023-04-07 04:00,1874.85,signal,0.6730,2.5259182040,-3.5825282040,-0.002837,12.00,tb-pullback_rsi-ETHUSDT-1680782400-B,tb-pullback_rsi-ETHUSDT-1680825600-S
ADA/USDT,pullback_rsi,2023-04-06 16:00,0.3851,2023-04-07 16:00,0.3837,signal,2338.5,1.798763040000,-5.072663040000,-0.005633,24.00,tb-pullback_rsi-ADAUSDT-1680782400-B,tb-pullback_rsi-ADAUSDT-1680868800-S
LTC/USDT,pullback_rsi,2023-04-07 12:00,90.00,2023-04-07 16:00,90.45,signal,11.694,2.1112623000,3.1510377000,0.002994,4.00,tb-pullback_rsi-LTCUSDT-1680854400-B,tb-pullback_rsi-LTCUSDT-1680868800-S
BTC/USDT,pullback_rsi,2023-04-07 16:00,27972.04,2023-04-08 04:00,27995.36,signal,0.05986,3.3518868868,-1.9559516868,-0.001168,12.00,tb-pullback_rsi-BTCUSDT-1680868800-B,tb-pullback_rsi-BTCUSDT-1680912000-S
LTC/USDT,pullback_rsi,2023-04-09 00:00,90.00,2023-04-09 04:00,90.57,signal,15.526,2.8049698200,6.0448501800,0.004326,4.00,tb-pullback_rsi-LTCUSDT-1680984000-B,tb-pullback_rsi-LTCUSDT-1680998400-S
ETH/USDT,pullback_rsi,2023-04-09 04:00,1853.65,2023-04-09 20:00,1854.53,signal,0.9408,3.4905093900,-2.6626053900,-0.001527,16.00,tb-pullback_rsi-ETHUSDT-1680998400-B,tb-pullback_rsi-ETHUSDT-1681056000-S
XRP/USDT,pullback_rsi,2023-04-09 04:00,0.5068,2023-04-09 20:00,0.5050,signal,2386.0,2.415371120000,-6.710171120000,-0.005549,16.00,tb-pullback_rsi-XRPUSDT-1680998400-B,tb-pullback_rsi-XRPUSDT-1681056000-S
ETH/USDT,pullback_rsi,2023-04-12 08:00,1872.18,2023-04-12 16:00,1910.26,signal,0.8326,3.1509445100,28.5544634900,0.018319,8.00,tb-pullback_rsi-ETHUSDT-1681272000-B,tb-pullback_rsi-ETHUSDT-1681300800-S
BNB/USDT,pullback_rsi,2023-04-12 08:00,319.42,2023-04-13 00:00,319.58,signal,5.374,3.4359025200,-2.5760625200,-0.001501,16.00,tb-pullback_rsi-BNBUSDT-1681272000-B,tb-pullback_rsi-BNBUSDT-1681329600-S
XRP/USDT,pullback_rsi,2023-04-12 20:00,0.5033,2023-04-13 00:00,0.5043,signal,2589.7,2.610690300000,-0.020990300000,-0.000016,4.00,tb-pullback_rsi-XRPUSDT-1681315200-B,tb-pullback_rsi-XRPUSDT-1681329600-S
LTC/USDT,pullback_rsi,2023-04-12 08:00,92.17,2023-04-13 04:00,92.37,signal,12.513,2.3103472300,0.1922527700,0.000167,20.00,tb-pullback_rsi-LTCUSDT-1681272000-B,tb-pullback_rsi-LTCUSDT-1681344000-S
SOL/USDT,pullback_rsi,2023-04-16 00:00,24.08,2023-04-16 04:00,24.29,signal,30.957,1.4981365700,5.0028334300,0.006711,4.00,tb-pullback_rsi-SOLUSDT-1681588800-B,tb-pullback_rsi-SOLUSDT-1681603200-S
XRP/USDT,pullback_rsi,2023-04-16 08:00,0.5204,2023-04-16 20:00,0.5202,signal,2476.6,2.578450960000,-3.073770960000,-0.002385,12.00,tb-pullback_rsi-XRPUSDT-1681617600-B,tb-pullback_rsi-XRPUSDT-1681660800-S
BTC/USDT,pullback_rsi,2023-04-16 08:00,30375.32,2023-04-17 11:59,29663.98,stop,0.06848,4.1136175360,-52.8261807360,-0.025396,28.00,tb-pullback_rsi-BTCUSDT-1681617600-B,tb-pullback_rsi-BTCUSDT-1681718400-X
XRP/USDT,pullback_rsi,2023-04-17 20:00,0.5109,2023-04-18 04:00,0.5120,signal,2750.2,2.814610100000,0.210609900000,0.000150,8.00,tb-pullback_rsi-XRPUSDT-1681747200-B,tb-pullback_rsi-XRPUSDT-1681776000-S
ADA/USDT,pullback_rsi,2023-04-17 12:00,0.4431,2023-04-18 08:00,0.4415,signal,2060.7,1.823825730000,-5.120945730000,-0.005608,20.00,tb-pullback_rsi-ADAUSDT-1681718400-B,tb-pullback_rsi-ADAUSDT-1681790400-S
BTC/USDT,pullback_rsi,2023-04-17 20:00,29496.72,2023-04-18 08:00,29745.83,signal,0.06495,3.8498683944,12.3298261056,0.006436,12.00,tb-pullback_rsi-BTCUSDT-1681747200-B,tb-pullback_rsi-BTCUSDT-1681790400-S
ADA/USDT,pullback_rsi,2023-04-19 16:00,0.4213,2023-04-20 19:59,0.3966,stop,1970.6,1.612596340000,-50.286416340000,-0.060570,28.00,tb-pullback_rsi-ADAUSDT-1681905600-B,tb-pullback_rsi-ADAUSDT-1682006400-X
SOL/USDT,pullback_rsi,2023-04-19 16:00,23.37,2023-04-21 16:00,21.84,signal,25.343,1.1463646500,-39.9211546500,-0.067404,48.00,tb-pullback_rsi-SOLUSDT-1681905600-B,tb-pullback_rsi-SOLUSDT-1682078400-S
LINK/USDT,pullback_rsi,2023-04-20 04:00,7.830,2023-04-21 19:59,7.271,stop,86.48,1.30663918000,-49.64895918000,-0.073322,40.00,tb-pullback_rs-LINKUSDT-1681948800-B,tb-pullback_rs-LINKUSDT-1682092800-X
BTC/USDT,pullback_rsi,2023-04-21 00:00,28271.90,2023-04-21 19:59,27183.58,stop,0.04453,2.4708461220,-50.9337357220,-0.040457,20.00,tb-pullback_rsi-BTCUSDT-1682020800-B,tb-pullback_rsi-BTCUSDT-1682092800-X
ADA/USDT,pullback_rsi,2023-04-30 08:00,0.4016,2023-04-30 16:00,0.4064,signal,2767.8,2.237506880000,11.047933120000,0.009939,8.00,tb-pullback_rsi-ADAUSDT-1682827200-B,tb-pullback_rsi-ADAUSDT-1682856000-S
BTC/USDT,pullback_rsi,2023-04-30 08:00,29295.70,2023-04-30 16:00,29625.52,signal,0.04995,2.9448726770,13.5296363230,0.009246,8.00,tb-pullback_rsi-BTCUSDT-1682827200-B,tb-pullback_rsi-BTCUSDT-1682856000-S
SOL/USDT,pullback_rsi,2023-05-01 08:00,22.37,2023-05-02 12:00,21.96,signal,33.735,1.4962331300,-15.3275831300,-0.020311,28.00,tb-pullback_rsi-SOLUSDT-1682913600-B,tb-pullback_rsi-SOLUSDT-1683014400-S
BTC/USDT,pullback_rsi,2023-05-01 08:00,28657.71,2023-05-02 16:00,28512.14,signal,0.04207,2.4065684752,-8.5306983752,-0.007076,32.00,tb-pullback_rsi-BTCUSDT-1682913600-B,tb-pullback_rsi-BTCUSDT-1683028800-S
BTC/USDT,pullback_rsi,2023-05-06 20:00,28871.67,2023-05-07 16:00,28913.71,signal,0.04482,2.5913843129,-0.7071515129,-0.000546,20.00,tb-pullback_rsi-BTCUSDT-1683388800-B,tb-pullback_rsi-BTCUSDT-1683460800-S
ETH/USDT,pullback_rsi,2023-05-06 20:00,1899.84,2023-05-07 16:00,1915.01,signal,0.5815,2.2194751840,6.6018798160,0.005976,20.00,tb-pullback_rsi-ETHUSDT-1683388800-B,tb-pullback_rsi-ETHUSDT-1683460800-S
LTC/USDT,pullback_rsi,2023-06-24 20:00,89.22,2023-06-26 12:00,88.00,signal,7.543,1.3374842200,-10.5399442200,-0.015661,40.00,tb-pullback_rsi-LTCUSDT-1687622400-B,tb-pullback_rsi-LTCUSDT-1687766400-S
BTC/USDT,pullback_rsi,2023-06-26 00:00,30493.14,2023-06-27 04:00,30341.18,signal,0.04666,2.8400540294,-9.9305076294,-0.006980,28.00,tb-pullback_rsi-BTCUSDT-1687723200-B,tb-pullback_rsi-BTCUSDT-1687824000-S
BTC/USDT,pullback_rsi,2023-06-28 12:00,30341.05,2023-06-29 08:00,30309.94,signal,0.05129,3.1126097375,-4.7082416375,-0.003025,20.00,tb-pullback_rsi-BTCUSDT-1687939200-B,tb-pullback_rsi-BTCUSDT-1688011200-S
LINK/USDT,pullback_rsi,2023-06-28 12:00,6.000,2023-06-29 12:00,6.128,signal,134.04,1.62647712000,15.53064288000,0.019311,24.00,tb-pullback_rs-LINKUSDT-1687939200-B,tb-pullback_rs-LINKUSDT-1688025600-S
LTC/USDT,pullback_rsi,2023-06-28 12:00,85.78,2023-06-29 12:00,85.49,signal,9.828,1.6840993600,-4.5342193600,-0.005378,24.00,tb-pullback_rsi-LTCUSDT-1687939200-B,tb-pullback_rsi-LTCUSDT-1688025600-S
SOL/USDT,pullback_rsi,2023-07-04 12:00,19.25,2023-07-04 16:00,19.82,signal,38.736,1.5141662700,20.5653537300,0.027580,4.00,tb-pullback_rsi-SOLUSDT-1688457600-B,tb-pullback_rsi-SOLUSDT-1688472000-S
LINK/USDT,pullback_rsi,2023-07-04 12:00,6.534,2023-07-05 04:00,6.546,signal,136.20,1.78241076000,-0.14801076000,-0.000166,16.00,tb-pullback_rs-LINKUSDT-1688457600-B,tb-pullback_rs-LINKUSDT-1688515200-S
LTC/USDT,pullback_rsi,2023-07-03 16:00,109.52,2023-07-05 15:59,99.01,stop,4.498,0.9385155400,-48.2124955400,-0.097869,48.00,tb-pullback_rsi-LTCUSDT-1688385600-B,tb-pullback_rsi-LTCUSDT-1688558400-X
LTC/USDT,pullback_rsi,2023-07-05 20:00,100.63,2023-07-06 00:00,102.49,signal,5.312,1.0795772200,8.8007427800,0.016464,4.00,tb-pullback_rsi-LTCUSDT-1688572800-B,tb-pullback_rsi-LTCUSDT-1688587200-S
BTC/USDT,pullback_rsi,2023-07-05 20:00,30462.39,2023-07-06 08:00,30772.39,signal,0.05818,3.5644672436,14.4713327564,0.008165,12.00,tb-pullback_rsi-BTCUSDT-1688572800-B,tb-pullback_rsi-BTCUSDT-1688616000-S
ETH/USDT,pullback_rsi,2023-07-05 20:00,1909.62,2023-07-06 08:00,1923.16,signal,0.8951,3.4324400400,8.6872139600,0.005082,12.00,tb-pullback_rsi-ETHUSDT-1688572800-B,tb-pullback_rsi-ETHUSDT-1688616000-S
BTC/USDT,pullback_rsi,2023-07-07 04:00,30165.55,2023-07-07 16:00,30360.43,signal,0.04858,2.9418603865,6.5254100135,0.004453,12.00,tb-pullback_rsi-BTCUSDT-1688688000-B,tb-pullback_rsi-BTCUSDT-1688731200-S
LINK/USDT,pullback_rsi,2023-07-07 04:00,6.160,2023-07-07 16:00,6.205,signal,135.08,1.67112660000,4.40747340000,0.005297,12.00,tb-pullback_rs-LINKUSDT-1688688000-B,tb-pullback_rs-LINKUSDT-1688731200-S
LTC/USDT,pullback_rsi,2023-07-07 04:00,97.30,2023-07-07 16:00,97.61,signal,5.267,1.0271747700,0.6055952300,0.001182,12.00,tb-pullback_rsi-LTCUSDT-1688688000-B,tb-pullback_rsi-LTCUSDT-1688731200-S
BTC/USDT,pullback_rsi,2023-07-09 00:00,30314.92,2023-07-09 04:00,30257.70,signal,0.06267,3.7982081408,-7.3841855408,-0.003887,4.00,tb-pullback_rsi-BTCUSDT-1688846400-B,tb-pullback_rsi-BTCUSDT-1688860800-S
ETH/USDT,pullback_rsi,2023-07-09 00:00,1867.11,2023-07-09 04:00,1865.98,signal,0.9518,3.5550221680,-4.6305561680,-0.002606,4.00,tb-pullback_rsi-ETHUSDT-1688846400-B,tb-pullback_rsi-ETHUSDT-1688860800-S
ETH/USDT,pullback_rsi,2023-07-10 12:00,1865.86,2023-07-10 16:00,1869.21,signal,1.0633,3.9735523740,-0.4114973740,-0.000207,4.00,tb-pullback_rsi-ETHUSDT-1688976000-B,tb-pullback_rsi-ETHUSDT-1688990400-S
LTC/USDT,pullback_rsi,2023-07-10 12:00,95.11,2023-07-10 16:00,95.12,signal,8.665,1.6491989400,-1.5625489400,-0.001896,4.00,tb-pullback_rsi-LTCUSDT-1688976000-B,tb-pullback_rsi-LTCUSDT-1688990400-S
SOL/USDT,pullback_rsi,2023-07-10 12:00,20.83,2023-07-10 16:00,21.13,signal,29.023,1.2184299800,7.4884700200,0.012387,4.00,tb-pullback_rsi-SOLUSDT-1688976000-B,tb-pullback_rsi-SOLUSDT-1688990400-S
LTC/USDT,pullback_rsi,2023-07-13 00:00,96.31,2023-07-13 08:00,100.19,signal,10.368,2.0383714100,38.1894685900,0.038245,8.00,tb-pullback_rsi-LTCUSDT-1689192000-B,tb-pullback_rsi-LTCUSDT-1689220800-S
BTC/USDT,pullback_rsi,2023-07-13 00:00,30410.38,2023-07-13 12:00,30513.44,signal,0.06543,3.9883742700,2.7548415300,0.001385,12.00,tb-pullback_rsi-BTCUSDT-1689192000-B,tb-pullback_rsi-BTCUSDT-1689235200-S
ETH/USDT,pullback_rsi,2023-07-13 00:00,1873.70,2023-07-13 12:00,1881.83,signal,0.8514,3.1991445700,3.7227374300,0.002334,12.00,tb-pullback_rsi-ETHUSDT-1689192000-B,tb-pullback_rsi-ETHUSDT-1689235200-S
ADA/USDT,pullback_rsi,2023-07-15 00:00,0.3282,2023-07-15 08:00,0.3343,signal,1466.8,0.972247300000,7.975232700000,0.016567,8.00,tb-pullback_rsi-ADAUSDT-1689364800-B,tb-pullback_rsi-ADAUSDT-1689393600-S
BTC/USDT,pullback_rsi,2023-07-15 00:00,30342.32,2023-07-16 12:00,30275.70,signal,0.04412,2.6759841544,-5.6152585544,-0.004195,36.00,tb-pullback_rsi-BTCUSDT-1689364800-B,tb-pullback_rsi-BTCUSDT-1689494400-S
LTC/USDT,pullback_rsi,2023-07-15 00:00,95.22,2023-07-17 00:00,92.79,signal,6.693,1.2590174700,-17.5230074700,-0.027495,48.00,tb-pullback_rsi-LTCUSDT-1689364800-B,tb-pullback_rsi-LTCUSDT-1689537600-S
LINK/USDT,pullback_rsi,2023-07-17 04:00,6.713,2023-07-17 20:00,6.888,signal,130.71,1.77872653000,21.09552347000,0.024042,16.00,tb-pullback_rs-LINKUSDT-1689552000-B,tb-pullback_rs-LINKUSDT-1689609600-S
ADA/USDT,pullback_rsi,2023-07-16 08:00,0.3212,2023-07-18 08:00,0.3059,signal,1898.9,1.191442590000,-30.244612590000,-0.049587,48.00,tb-pullback_rsi-ADAUSDT-1689480000-B,tb-pullback_rsi-ADAUSDT-1689652800-S
ADA/USDT,pullback_rsi,2023-07-18 16:00,0.3051,2023-07-19 00:00,0.3090,signal,2338.4,1.436743680000,7.683016320000,0.010769,8.00,tb-pullback_rsi-ADAUSDT-1689681600-B,tb-pullback_rsi-ADAUSDT-1689710400-S
BTC/USDT,pullback_rsi,2023-07-18 00:00,30168.15,2023-07-19 04:00,30029.04,signal,0.06014,3.6223707815,-11.9884461815,-0.006608,28.00,tb-pullback_rsi-BTCUSDT-1689624000-B,tb-pullback_rsi-BTCUSDT-1689724800-S
ETH/USDT,pullback_rsi,2023-07-18 00:00,1913.13,2023-07-19 04:00,1910.56,signal,0.8112,3.1034991430,-5.1882831430,-0.003343,28.00,tb-pullback_rsi-ETHUSDT-1689624000-B,tb-pullback_rsi-ETHUSDT-1689724800-S
XRP/USDT,pullback_rsi,2023-07-20 20:00,0.7938,2023-07-21 20:00,0.7832,signal,614.4,0.969464460000,-7.482104460000,-0.015341,24.00,tb-pullback_rsi-XRPUSDT-1689868800-B,tb-pullback_rsi-XRPUSDT-1689955200-S
ADA/USDT,pullback_rsi,2023-07-21 04:00,0.3174,2023-07-22 16:00,0.3133,signal,2330.0,1.470292760000,-11.023292760000,-0.014906,36.00,tb-pullback_rsi-ADAUSDT-1689897600-B,tb-pullback_rsi-ADAUSDT-1690027200-S
BNB/USDT,pullback_rsi,2023-10-18 04:00,212.62,2023-10-18 08:00,212.38,signal,8.958,3.8090635800,-5.9589835800,-0.003129,4.00,tb-pullback_rsi-BNBUSDT-1697587200-B,tb-pullback_rsi-BNBUSDT-1697601600-S
LINK/USDT,pullback_rsi,2023-10-18 04:00,7.352,2023-10-18 12:00,7.432,signal,157.64,2.33172608000,10.27947392000,0.008869,8.00,tb-pullback_rs-LINKUSDT-1697587200-B,tb-pullback_rs-LINKUSDT-1697616000-S
SOL/USDT,pullback_rsi,2023-10-18 20:00,23.73,2023-10-19 08:00,23.83,signal,43.160,2.0537337200,2.2622662800,0.002209,12.00,tb-pullback_rsi-SOLUSDT-1697644800-B,tb-pullback_rsi-SOLUSDT-1697688000-S
BTC/USDT,pullback_rsi,2023-10-19 00:00,28348.32,2023-10-19 12:00,28422.24,signal,0.05944,3.3761429900,1.0176618100,0.000604,12.00,tb-pullback_rsi-BTCUSDT-1697659200-B,tb-pullback_rsi-BTCUSDT-1697702400-S
LINK/USDT,pullback_rsi,2023-10-19 08:00,7.357,2023-10-19 16:00,7.354,signal,170.44,2.50866710000,-3.01998710000,-0.002408,8.00,tb-pullback_rs-LINKUSDT-1697688000-B,tb-pullback_rs-LINKUSDT-1697716800-S
XRP/USDT,pullback_rsi,2023-10-22 16:00,0.5190,2023-10-22 20:00,0.5197,signal,2486.1,2.583609570000,-0.843339570000,-0.000654,4.00,tb-pullback_rsi-XRPUSDT-1697976000-B,tb-pullback_rsi-XRPUSDT-1697990400-S
XRP/USDT,pullback_rsi,2023-10-25 12:00,0.5524,2023-10-25 16:00,0.5580,signal,1483.7,1.648329080000,6.660390920000,0.008126,4.00,tb-pullback_rsi-XRPUSDT-1698220800-B,tb-pullback_rsi-XRPUSDT-1698235200-S
LINK/USDT,pullback_rsi,2023-10-26 20:00,10.715,2023-10-27 00:00,10.916,signal,34.88,0.75491788000,6.25596212000,0.016739,4.00,tb-pullback_rs-LINKUSDT-1698336000-B,tb-pullback_rs-LINKUSDT-1698350400-S
SOL/USDT,pullback_rsi,2023-10-26 20:00,31.58,2023-10-27 00:00,32.74,signal,15.418,0.9921910400,16.8926889600,0.034694,4.00,tb-pullback_rsi-SOLUSDT-1698336000-B,tb-pullback_rsi-SOLUSDT-1698350400-S
XRP/USDT,pullback_rsi,2023-10-26 20:00,0.5516,2023-10-27 16:00,0.5541,signal,1569.9,1.736720990000,2.188029010000,0.002527,20.00,tb-pullback_rsi-XRPUSDT-1698336000-B,tb-pullback_rsi-XRPUSDT-1698408000-S
BTC/USDT,pullback_rsi,2023-10-28 00:00,33925.91,2023-10-28 04:00,34025.93,signal,0.03581,2.4347124235,1.1470037765,0.000944,4.00,tb-pullback_rsi-BTCUSDT-1698436800-B,tb-pullback_rsi-BTCUSDT-1698451200-S
SOL/USDT,pullback_rsi,2023-10-29 00:00,31.66,2023-10-29 08:00,32.25,signal,20.134,1.2874288000,10.5916312000,0.016616,8.00,tb-pullback_rsi-SOLUSDT-1698523200-B,tb-pullback_rsi-SOLUSDT-1698552000-S
XRP/USDT,pullback_rsi,2023-10-29 08:00,0.5476,2023-10-29 12:00,0.5547,signal,2403.7,2.650967510000,14.415302490000,0.010952,4.00,tb-pullback_rsi-XRPUSDT-1698552000-B,tb-pullback_rsi-XRPUSDT-1698566400-S
LINK/USDT,pullback_rsi,2023-10-29 08:00,11.027,2023-10-29 16:00,11.045,signal,46.11,1.01829127000,-0.18831127000,-0.000370,8.00,tb-pullback_rs-LINKUSDT-1698552000-B,tb-pullback_rs-LINKUSDT-1698580800-S
BNB/USDT,pullback_rsi,2023-10-31 12:00,228.33,2023-11-01 20:00,226.37,signal,7.655,3.4825551400,-18.4863551400,-0.010577,32.00,tb-pullback_rsi-BNBUSDT-1698739200-B,tb-pullback_rsi-BNBUSDT-1698854400-S
LINK/USDT,pullback_rsi,2023-11-01 20:00,11.253,2023-11-02 00:00,11.627,signal,47.59,1.08942185000,16.70923815000,0.031201,4.00,tb-pullback_rs-LINKUSDT-1698854400-B,tb-pullback_rs-LINKUSDT-1698868800-S
LTC/USDT,pullback_rsi,2023-11-01 20:00,68.49,2023-11-02 00:00,69.90,signal,14.573,2.0177848200,18.5301451800,0.018565,4.00,tb-pullback_rsi-LTCUSDT-1698854400-B,tb-pullback_rsi-LTCUSDT-1698868800-S
ETH/USDT,pullback_rsi,2023-11-02 20:00,1814.19,2023-11-03 16:00,1811.18,signal,0.7196,2.6102676060,-4.7762636060,-0.003659,20.00,tb-pullback_rsi-ETHUSDT-1698940800-B,tb-pullback_rsi-ETHUSDT-1699012800-S
BNB/USDT,pullback_rsi,2023-11-03 16:00,229.73,2023-11-04 00:00,230.06,signal,5.827,2.6805747100,-0.7576647100,-0.000566,8.00,tb-pullback_rsi-BNBUSDT-1699012800-B,tb-pullback_rsi-BNBUSDT-1699041600-S
BTC/USDT,pullback_rsi,2023-11-03 16:00,34798.48,2023-11-04 08:00,34733.22,signal,0.03925,2.7305111692,-5.2919661692,-0.003875,16.00,tb-pullback_rsi-BTCUSDT-1699012800-B,tb-pullback_rsi-BTCUSDT-1699070400-S
SOL/USDT,pullback_rsi,2023-11-05 20:00,40.80,2023-11-07 00:00,42.11,signal,13.216,1.0963097600,16.2166502400,0.030075,28.00,tb-pullback_rsi-SOLUSDT-1699200000-B,tb-pullback_rsi-SOLUSDT-1699300800-S
BTC/USDT,pullback_rsi,2023-11-07 16:00,34755.96,2023-11-07 20:00,35418.52,signal,0.05525,3.8792253776,32.7272146224,0.017043,4.00,tb-pullback_rsi-BTCUSDT-1699358400-B,tb-pullback_rsi-BTCUSDT-1699372800-S
ETH/USDT,pullback_rsi,2023-11-07 20:00,1896.12,2023-11-08 16:00,1887.23,signal,0.7533,2.8515144520,-9.5483514520,-0.006685,20.00,tb-pullback_rsi-ETHUSDT-1699372800-B,tb-pullback_rsi-ETHUSDT-1699444800-S
BNB/USDT,pullback_rsi,2023-11-07 20:00,248.05,2023-11-08 20:00,246.85,signal,4.656,2.3054946500,-7.8926946500,-0.006834,24.00,tb-pullback_rsi-BNBUSDT-1699372800-B,tb-pullback_rsi-BNBUSDT-1699459200-S
LTC/USDT,pullback_rsi,2023-11-10 00:00,73.93,2023-11-11 00:00,73.19,signal,10.304,1.5167377100,-9.1416977100,-0.012001,24.00,tb-pullback_rsi-LTCUSDT-1699560000-B,tb-pullback_rsi-LTCUSDT-1699646400-S
XRP/USDT,pullback_rsi,2023-11-10 00:00,0.6674,2023-11-11 12:00,0.6667,signal,864.7,1.154196930000,-1.759486930000,-0.003049,36.00,tb-pullback_rsi-XRPUSDT-1699560000-B,tb-pullback_rsi-XRPUSDT-1699689600-S
ETH/USDT,pullback_rsi,2023-11-11 08:00,2057.00,2023-11-11 16:00,2065.93,signal,0.5380,2.2193705400,2.5849694600,0.002336,8.00,tb-pullback_rsi-ETHUSDT-1699675200-B,tb-pullback_rsi-ETHUSDT-1699704000-S
BNB/USDT,pullback_rsi,2023-11-13 08:00,245.95,2023-11-13 16:00,246.85,signal,4.999,2.4649829000,2.0341171000,0.001654,8.00,tb-pullback_rsi-BNBUSDT-1699848000-B,tb-pullback_rsi-BNBUSDT-1699876800-S
XRP/USDT,pullback_rsi,2023-11-13 08:00,0.6569,2023-11-14 00:00,0.6694,signal,1244.9,1.651964840000,13.909285160000,0.017009,16.00,tb-pullback_rsi-XRPUSDT-1699848000-B,tb-pullback_rsi-XRPUSDT-1699905600-S
BTC/USDT,pullback_rsi,2023-11-13 08:00,36997.25,2023-11-14 15:59,35978.94,stop,0.05129,3.7451686175,-55.9742885175,-0.029498,32.00,tb-pullback_rsi-BTCUSDT-1699848000-B,tb-pullback_rsi-BTCUSDT-1699963200-X
SOL/USDT,pullback_rsi,2023-11-14 04:00,54.09,2023-11-14 16:00,56.16,signal,5.678,0.6263240400,11.1271359600,0.036230,12.00,tb-pullback_rsi-SOLUSDT-1699920000-B,tb-pullback_rsi-SOLUSDT-1699963200-S
LINK/USDT,pullback_rsi,2023-11-14 04:00,14.653,2023-11-15 08:00,14.584,signal,28.76,0.84129571000,-2.82573571000,-0.006705,28.00,tb-pullback_rs-LINKUSDT-1699920000-B,tb-pullback_rs-LINKUSDT-1700020800-S
BTC/USDT,pullback_rsi,2023-11-15 00:00,35586.76,2023-11-15 12:00,36204.70,signal,0.03926,2.8199561880,21.4403682120,0.015346,12.00,tb-pullback_rsi-BTCUSDT-1699992000-B,tb-pullback_rsi-BTCUSDT-1700035200-S
XRP/USDT,pullback_rsi,2023-11-15 00:00,0.6303,2023-11-15 12:00,0.6395,signal,877.1,1.114308850000,6.955011150000,0.012581,12.00,tb-pullback_rsi-XRPUSDT-1699992000-B,tb-pullback_rsi-XRPUSDT-1700035200-S
BTC/USDT,pullback_rsi,2023-11-17 00:00,36199.68,2023-11-18 00:00,36577.29,signal,0.03232,2.3535996548,9.8507555452,0.008420,24.00,tb-pullback_rsi-BTCUSDT-1700164800-B,tb-pullback_rsi-BTCUSDT-1700251200-S
SOL/USDT,pullback_rsi,2023-11-16 20:00,62.41,2023-11-18 00:00,58.46,signal,5.699,0.6892125900,-23.2002625900,-0.065229,28.00,tb-pullback_rsi-SOLUSDT-1700150400-B,tb-pullback_rsi-SOLUSDT-1700251200-S
ADA/USDT,pullback_rsi,2023-11-17 00:00,0.3711,2023-11-18 16:00,0.3664,signal,1512.3,1.115915010000,-8.223725010000,-0.014653,40.00,tb-pullback_rsi-ADAUSDT-1700164800-B,tb-pullback_rsi-ADAUSDT-1700308800-S
BNB/USDT,pullback_rsi,2023-11-19 16:00,243.85,2023-11-19 20:00,245.55,signal,5.841,2.8600485000,7.0696515000,0.004964,4.00,tb-pullback_rsi-BNBUSDT-1700395200-B,tb-pullback_rsi-BNBUSDT-1700409600-S
XRP/USDT,pullback_rsi,2023-11-21 04:00,0.6143,2023-11-21 19:59,0.5840,stop,1696.0,2.033361110000,-53.422161110000,-0.051276,16.00,tb-pullback_rsi-XRPUSDT-1700524800-B,tb-pullback_rsi-XRPUSDT-1700582400-X
ETH/USDT,pullback_rsi,2023-11-22 04:00,1980.29,2023-11-22 08:00,1991.73,signal,0.5239,2.0821294550,3.9112865450,0.003770,4.00,tb-pullback_rsi-ETHUSDT-1700611200-B,tb-pullback_rsi-ETHUSDT-1700625600-S
LINK/USDT,pullback_rsi,2023-11-21 12:00,14.192,2023-11-22 08:00,14.116,signal,43.20,1.22361520000,-4.50681520000,-0.007351,20.00,tb-pullback_rs-LINKUSDT-1700553600-B,tb-pullback_rs-LINKUSDT-1700625600-S
SOL/USDT,pullback_rsi,2023-11-21 12:00,56.34,2023-11-22 16:00,54.88,signal,8.680,0.9658966600,-13.6386966600,-0.027889,28.00,tb-pullback_rsi-SOLUSDT-1700553600-B,tb-pullback_rsi-SOLUSDT-1700654400-S
SOL/USDT,pullback_rsi,2023-11-26 20:00,57.26,2023-11-27 19:59,53.47,stop,13.373,1.4815939300,-52.1652639300,-0.068124,24.00,tb-pullback_rsi-SOLUSDT-1701014400-B,tb-pullback_rsi-SOLUSDT-1701100800-X
BTC/USDT,pullback_rsi,2023-11-27 00:00,37484.87,2023-11-28 00:00,37205.45,signal,0.05162,3.8577634116,-18.2814238116,-0.009448,24.00,tb-pullback_rsi-BTCUSDT-1701028800-B,tb-pullback_rsi-BTCUSDT-1701115200-S
LTC/USDT,pullback_rsi,2023-11-27 00:00,70.11,2023-11-28 00:00,69.15,signal,21.182,2.9513477400,-23.2860677400,-0.015680,24.00,tb-pullback_rsi-LTCUSDT-1701028800-B,tb-pullback_rsi-LTCUSDT-1701115200-S
SOL/USDT,pullback_rsi,2023-11-27 20:00,54.18,2023-11-28 08:00,55.02,signal,12.698,1.3873259400,9.2789940600,0.013487,12.00,tb-pullback_rsi-SOLUSDT-1701100800-B,tb-pullback_rsi-SOLUSDT-1701144000-S
ETH/USDT,pullback_rsi,2023-11-29 20:00,2040.93,2023-11-30 12:00,2043.42,signal,0.7135,2.9158164690,-1.1392014690,-0.000782,16.00,tb-pullback_rsi-ETHUSDT-1701273600-B,tb-pullback_rsi-ETHUSDT-1701331200-S
ADA/USDT,pullback_rsi,2023-11-29 20:00,0.3860,2023-12-01 04:00,0.3788,signal,2754.2,2.107492960000,-21.937732960000,-0.020635,32.00,tb-pullback_rsi-ADAUSDT-1701273600-B,tb-pullback_rsi-ADAUSDT-1701388800-S
ADA/USDT,pullback_rsi,2023-12-04 00:00,0.3952,2023-12-04 04:00,0.4025,signal,3565.0,2.845223220000,23.179276780000,0.016452,4.00,tb-pullback_rsi-ADAUSDT-1701633600-B,tb-pullback_rsi-ADAUSDT-1701648000-S
SOL/USDT,pullback_rsi,2023-12-04 20:00,61.10,2023-12-05 16:00,60.88,signal,11.722,1.4305827600,-4.0094227600,-0.005598,20.00,tb-pullback_rsi-SOLUSDT-1701705600-B,tb-pullback_rsi-SOLUSDT-1701777600-S
BTC/USDT,pullback_rsi,2023-12-07 16:00,43703.65,2023-12-08 12:00,43610.16,signal,0.03088,2.6979985980,-5.5849697980,-0.004138,20.00,tb-pullback_rsi-BTCUSDT-1701950400-B,tb-pullback_rsi-BTCUSDT-1702022400-S
LINK/USDT,pullback_rsi,2023-12-10 04:00,16.383,2023-12-11 00:00,16.351,signal,39.58,1.29626704000,-2.56282704000,-0.003952,20.00,tb-pullback_rs-LINKUSDT-1702166400-B,tb-pullback_rs-LINKUSDT-1702238400-S
BNB/USDT,pullback_rsi,2023-12-10 04:00,240.85,2023-12-11 03:59,231.27,stop,5.295,2.5013205000,-53.2274205000,-0.041737,24.00,tb-pullback_rsi-BNBUSDT-1702166400-B,tb-pullback_rsi-BNBUSDT-1702252800-X
XRP/USDT,pullback_rsi,2023-12-10 04:00,0.6662,2023-12-11 03:59,0.6275,stop,1300.7,1.683648270000,-52.020738270000,-0.060034,24.00,tb-pullback_rsi-XRPUSDT-1702166400-B,tb-pullback_rsi-XRPUSDT-1702252800-X
BTC/USDT,pullback_rsi,2023-12-11 12:00,42386.36,2023-12-11 19:59,40757.69,stop,0.03081,2.5633636360,-52.7426863360,-0.040387,8.00,tb-pullback_rsi-BTCUSDT-1702281600-B,tb-pullback_rsi-BTCUSDT-1702310400-X
ADA/USDT,pullback_rsi,2023-12-12 00:00,0.5513,2023-12-12 04:00,0.5619,signal,692.7,0.771499550000,6.571120450000,0.017207,4.00,tb-pullback_rsi-ADAUSDT-1702324800-B,tb-pullback_rsi-ADAUSDT-1702339200-S
XRP/USDT,pullback_rsi,2023-12-11 12:00,0.6273,2023-12-12 04:00,0.6229,signal,1157.7,1.448109300000,-6.541989300000,-0.009008,16.00,tb-pullback_rsi-XRPUSDT-1702281600-B,tb-pullback_rsi-XRPUSDT-1702339200-S
ETH/USDT,pullback_rsi,2023-12-11 12:00,2251.93,2023-12-13 03:59,2149.07,stop,0.4860,2.1400119650,-52.1299719650,-0.047632,40.00,tb-pullback_rsi-ETHUSDT-1702281600-B,tb-pullback_rsi-ETHUSDT-1702425600-X
LTC/USDT,pullback_rsi,2023-12-13 00:00,72.46,2023-12-13 16:00,72.42,signal,11.873,1.7210297600,-2.1959497600,-0.002552,16.00,tb-pullback_rsi-LTCUSDT-1702411200-B,tb-pullback_rsi-LTCUSDT-1702468800-S
SOL/USDT,pullback_rsi,2023-12-13 00:00,68.67,2023-12-13 16:00,67.50,signal,6.862,0.9348792300,-8.9634192300,-0.019022,16.00,tb-pullback_rsi-SOLUSDT-1702411200-B,tb-pullback_rsi-SOLUSDT-1702468800-S
XRP/USDT,pullback_rsi,2023-12-15 20:00,0.6239,2023-12-16 12:00,0.6230,signal,1560.8,1.947159760000,-3.351879760000,-0.003442,16.00,tb-pullback_rsi-XRPUSDT-1702656000-B,tb-pullback_rsi-XRPUSDT-1702713600-S
BTC/USDT,pullback_rsi,2023-12-15 20:00,42138.18,2023-12-16 16:00,42561.38,signal,0.02702,2.2898462590,9.1450177410,0.008032,20.00,tb-pullback_rsi-BTCUSDT-1702656000-B,tb-pullback_rsi-BTCUSDT-1702728000-S
ETH/USDT,pullback_rsi,2023-12-15 20:00,2244.47,2023-12-16 16:00,2254.49,signal,0.4890,2.2011136750,2.6986663250,0.002459,20.00,tb-pullback_rsi-ETHUSDT-1702656000-B,tb-pullback_rsi-ETHUSDT-1702728000-S
BTC/USDT,pullback_rsi,2023-12-17 12:00,42002.04,2023-12-17 20:00,42063.80,signal,0.03624,3.0482261212,-0.8100437212,-0.000532,8.00,tb-pullback_rsi-BTCUSDT-1702800000-B,tb-pullback_rsi-BTCUSDT-1702828800-S
ETH/USDT,pullback_rsi,2023-12-17 12:00,2218.20,2023-12-17 20:00,2232.27,signal,0.6037,2.6883014800,5.8057575200,0.004335,8.00,tb-pullback_rsi-ETHUSDT-1702800000-B,tb-pullback_rsi-ETHUSDT-1702828800-S
BNB/USDT,pullback_rsi,2023-12-17 12:00,241.75,2023-12-18 11:59,232.79,stop,5.550,2.6351475000,-52.3631475000,-0.039027,24.00,tb-pullback_rsi-BNBUSDT-1702800000-B,tb-pullback_rsi-BNBUSDT-1702886400-X
SOL/USDT,pullback_rsi,2023-12-18 12:00,69.09,2023-12-18 16:00,70.65,signal,7.234,1.0114318800,10.2736081200,0.020556,4.00,tb-pullback_rsi-SOLUSDT-1702886400-B,tb-pullback_rsi-SOLUSDT-1702900800-S
ADA/USDT,pullback_rsi,2023-12-18 16:00,0.5674,2023-12-18 20:00,0.5775,signal,898.3,1.028974330000,8.043855670000,0.015782,4.00,tb-pullback_rsi-ADAUSDT-1702900800-B,tb-pullback_rsi-ADAUSDT-1702915200-S
ETH/USDT,pullback_rsi,2023-12-18 16:00,2157.36,2023-12-18 20:00,2172.63,signal,0.5378,2.3299630340,5.8822429660,0.005070,4.00,tb-pullback_rsi-ETHUSDT-1702900800-B,tb-pullback_rsi-ETHUSDT-1702915200-S
ADA/USDT,pullback_rsi,2023-12-20 04:00,0.5794,2023-12-20 08:00,0.5912,signal,989.5,1.158888100000,10.517211900000,0.018345,4.00,tb-pullback_rsi-ADAUSDT-1703030400-B,tb-pullback_rsi-ADAUSDT-1703044800-S
ETH/USDT,pullback_rsi,2023-12-20 00:00,2180.08,2023-12-20 08:00,2214.54,signal,0.5097,2.2412458640,15.3230161360,0.013790,8.00,tb-pullback_rsi-ETHUSDT-1703016000-B,tb-pullback_rsi-ETHUSDT-1703044800-S
BNB/USDT,pullback_rsi,2023-12-25 04:00,264.97,2023-12-25 16:00,266.83,signal,4.712,2.5071664500,6.2571535500,0.005012,12.00,tb-pullback_rsi-BNBUSDT-1703462400-B,tb-pullback_rsi-BNBUSDT-1703505600-S
BTC/USDT,pullback_rsi,2023-12-25 04:00,43195.94,2023-12-25 16:00,43574.39,signal,0.04116,3.5736265774,12.0033754226,0.006751,12.00,tb-pullback_rsi-BTCUSDT-1703462400-B,tb-pullback_rsi-BTCUSDT-1703505600-S
ETH/USDT,pullback_rsi,2023-12-25 04:00,2278.38,2023-12-25 16:00,2284.19,signal,0.5712,2.6075070140,0.7111649860,0.000546,12.00,tb-pullback_rsi-ETHUSDT-1703462400-B,tb-pullback_rsi-ETHUSDT-1703505600-S
BTC/USDT,pullback_rsi,2023-12-27 00:00,42551.44,2023-12-27 12:00,42976.09,signal,0.03788,3.2414848948,12.8442571052,0.007969,12.00,tb-pullback_rsi-BTCUSDT-1703620800-B,tb-pullback_rsi-BTCUSDT-1703664000-S
ETH/USDT,pullback_rsi,2023-12-27 00:00,2233.12,2023-12-27 12:00,2283.63,signal,0.6166,2.7865912360,28.3578747640,0.020595,12.00,tb-pullback_rsi-ETHUSDT-1703620800-B,tb-pullback_rsi-ETHUSDT-1703664000-S
SOL/USDT,pullback_rsi,2023-12-26 12:00,114.93,2023-12-27 12:00,112.66,signal,3.285,0.7480928700,-8.2050428700,-0.021733,24.00,tb-pullback_rsi-SOLUSDT-1703577600-B,tb-pullback_rsi-SOLUSDT-1703664000-S
SOL/USDT,pullback_rsi,2023-12-28 20:00,101.21,2023-12-29 04:00,104.80,signal,3.423,0.7055770700,11.5829929300,0.033434,8.00,tb-pullback_rsi-SOLUSDT-1703779200-B,tb-pullback_rsi-SOLUSDT-1703808000-S
BTC/USDT,pullback_rsi,2023-12-28 20:00,42653.26,2023-12-29 12:00,42819.13,signal,0.03711,3.1735865190,2.9818491810,0.001884,16.00,tb-pullback_rsi-BTCUSDT-1703779200-B,tb-pullback_rsi-BTCUSDT-1703836800-S
BNB/USDT,pullback_rsi,2023-12-29 12:00,318.22,2023-12-30 08:00,317.98,signal,2.113,1.3452452600,-1.8523652600,-0.002755,20.00,tb-pullback_rsi-BNBUSDT-1703836800-B,tb-pullback_rsi-BNBUSDT-1703908800-S
SOL/USDT,pullback_rsi,2023-12-30 16:00,104.38,2023-12-31 08:00,103.87,signal,4.061,0.8462251500,-2.9173351500,-0.006882,16.00,tb-pullback_rsi-SOLUSDT-1703937600-B,tb-pullback_rsi-SOLUSDT-1703995200-S
LINK/USDT,pullback_rsi,2023-12-30 08:00,15.321,2023-12-31 12:00,15.318,signal,36.94,1.13241750000,-1.24323750000,-0.002197,28.00,tb-pullback_rs-LINKUSDT-1703908800-B,tb-pullback_rs-LINKUSDT-1704009600-S
LTC/USDT,pullback_rsi,2023-12-30 08:00,74.01,2023-12-31 12:00,73.83,signal,11.425,1.6899601200,-3.7464601200,-0.004431,28.00,tb-pullback_rsi-LTCUSDT-1703908800-B,tb-pullback_rsi-LTCUSDT-1704009600-S
ADA/USDT,pullback_rsi,2024-01-01 04:00,0.5961,2024-01-01 12:00,0.6024,signal,1320.0,1.582854540000,6.733145460000,0.008557,8.00,tb-pullback_rsi-ADAUSDT-1704067200-B,tb-pullback_rsi-ADAUSDT-1704096000-S
LINK/USDT,pullback_rsi,2024-01-01 08:00,15.235,2024-01-01 12:00,15.283,signal,47.23,1.44212689000,0.82491311000,0.001146,4.00,tb-pullback_rs-LINKUSDT-1704081600-B,tb-pullback_rs-LINKUSDT-1704096000-S
BNB/USDT,pullback_rsi,2024-01-01 08:00,310.92,2024-01-01 16:00,312.18,signal,2.894,1.8041841600,1.8422558400,0.002047,8.00,tb-pullback_rsi-BNBUSDT-1704081600-B,tb-pullback_rsi-BNBUSDT-1704110400-S
ADA/USDT,pullback_rsi,2024-01-03 04:00,0.6098,2024-01-03 15:59,0.5758,stop,1461.0,1.733076300000,-51.407076300000,-0.057701,12.00,tb-pullback_rsi-ADAUSDT-1704240000-B,tb-pullback_rsi-ADAUSDT-1704283200-X
LTC/USDT,pullback_rsi,2024-01-03 04:00,73.21,2024-01-03 15:59,70.32,stop,17.341,2.4902715100,-52.6057615100,-0.041437,12.00,tb-pullback_rsi-LTCUSDT-1704240000-B,tb-pullback_rsi-LTCUSDT-1704283200-X
LINK/USDT,pullback_rsi,2024-01-03 04:00,15.310,2024-01-03 15:59,14.382,stop,53.35,1.58498680000,-51.09378680000,-0.062554,12.00,tb-pullback_rs-LINKUSDT-1704240000-B,tb-pullback_rs-LINKUSDT-1704283200-X
BTC/USDT,pullback_rsi,2024-01-04 00:00,42888.08,2024-01-04 16:00,44007.04,signal,0.02185,1.8999450104,22.5493309896,0.024063,16.00,tb-pullback_rsi-BTCUSDT-1704312000-B,tb-pullback_rsi-BTCUSDT-1704369600-S
SOL/USDT,pullback_rsi,2024-01-04 00:00,98.62,2024-01-04 16:00,103.55,signal,3.762,0.7609580200,17.7857019800,0.047939,16.00,tb-pullback_rsi-SOLUSDT-1704312000-B,tb-pullback_rsi-SOLUSDT-1704369600-S
BNB/USDT,pullback_rsi,2024-01-06 12:00,307.31,2024-01-07 08:00,308.69,signal,2.541,1.5661779300,1.9404020700,0.002485,20.00,tb-pullback_rsi-BNBUSDT-1704528000-B,tb-pullback_rsi-BNBUSDT-1704600000-S
SOL/USDT,pullback_rsi,2024-01-06 00:00,100.03,2024-01-07 08:00,95.16,signal,4.259,0.8318143600,-21.5731443600,-0.050638,32.00,tb-pullback_rsi-SOLUSDT-1704484800-B,tb-pullback_rsi-SOLUSDT-1704600000-S
ETH/USDT,pullback_rsi,2024-01-09 20:00,2273.19,2024-01-10 00:00,2341.95,signal,0.4763,2.1993277820,30.5510602180,0.028217,4.00,tb-pullback_rsi-ETHUSDT-1704816000-B,tb-pullback_rsi-ETHUSDT-1704830400-S
BTC/USDT,pullback_rsi,2024-01-10 04:00,46163.22,2024-01-10 20:00,46442.70,signal,0.02038,1.8886935502,3.8071088498,0.004047,16.00,tb-pullback_rsi-BTCUSDT-1704844800-B,tb-pullback_rsi-BTCUSDT-1704902400-S
BNB/USDT,pullback_rsi,2024-01-10 20:00,298.30,2024-01-11 00:00,305.39,signal,3.260,1.9692226000,21.1441774000,0.021743,4.00,tb-pullback_rsi-BNBUSDT-1704902400-B,tb-pullback_rsi-BNBUSDT-1704916800-S
SOL/USDT,pullback_rsi,2024-01-10 20:00,96.40,2024-01-11 00:00,101.88,signal,4.465,0.8858022000,23.5823978000,0.054789,4.00,tb-pullback_rsi-SOLUSDT-1704902400-B,tb-pullback_rsi-SOLUSDT-1704916800-S
BTC/USDT,pullback_rsi,2024-01-12 08:00,46054.20,2024-01-12 19:59,43287.52,stop,0.01779,1.5903102820,-50.8095474820,-0.062015,12.00,tb-pullback_rsi-BTCUSDT-1705032000-B,tb-pullback_rsi-BTCUSDT-1705075200-X
BNB/USDT,pullback_rsi,2024-01-17 12:00,313.32,2024-01-18 08:00,311.28,signal,3.518,2.1985960800,-9.3753160800,-0.008506,20.00,tb-pullback_rsi-BNBUSDT-1705478400-B,tb-pullback_rsi-BNBUSDT-1705550400-S
ETH/USDT,pullback_rsi,2024-01-18 08:00,2541.53,2024-01-18 19:59,2449.96,stop,0.5404,2.6989261100,-52.1833541100,-0.037995,12.00,tb-pullback_rsi-ETHUSDT-1705550400-B,tb-pullback_rsi-ETHUSDT-1705593600-X
LINK/USDT,pullback_rsi,2024-01-18 08:00,15.473,2024-01-18 19:59,14.318,stop,42.23,1.25884758000,-50.03449758000,-0.076573,12.00,tb-pullback_rs-LINKUSDT-1705550400-B,tb-pullback_rs-LINKUSDT-1705593600-X
BNB/USDT,pullback_rsi,2024-01-31 08:00,307.31,2024-01-31 23:59,299.36,stop,6.233,3.7835252800,-53.3358752800,-0.027845,16.00,tb-pullback_rsi-BNBUSDT-1706673600-B,tb-pullback_rsi-BNBUSDT-1706731200-X
SOL/USDT,pullback_rsi,2024-02-03 20:00,98.26,2024-02-05 08:00,97.51,signal,7.535,1.4759130300,-7.1271630300,-0.009626,36.00,tb-pullback_rsi-SOLUSDT-1706976000-B,tb-pullback_rsi-SOLUSDT-1707105600-S
ADA/USDT,pullback_rsi,2024-02-10 16:00,0.5386,2024-02-10 20:00,0.5408,signal,2026.9,2.188966920000,2.270213080000,0.002080,4.00,tb-pullback_rsi-ADAUSDT-1707566400-B,tb-pullback_rsi-ADAUSDT-1707580800-S
BNB/USDT,pullback_rsi,2024-02-10 16:00,321.53,2024-02-11 00:00,322.67,signal,5.968,3.8465147800,2.9570052200,0.001541,8.00,tb-pullback_rsi-BNBUSDT-1707566400-B,tb-pullback_rsi-BNBUSDT-1707595200-S
ADA/USDT,pullback_rsi,2024-02-12 00:00,0.5421,2024-02-12 16:00,0.5554,signal,1922.7,2.111247450000,23.460662550000,0.022509,16.00,tb-pullback_rsi-ADAUSDT-1707681600-B,tb-pullback_rsi-ADAUSDT-1707739200-S
ETH/USDT,pullback_rsi,2024-02-12 08:00,2504.21,2024-02-12 16:00,2555.31,signal,0.7245,3.6676256130,33.3543243870,0.018384,8.00,tb-pullback_rsi-ETHUSDT-1707710400-B,tb-pullback_rsi-ETHUSDT-1707739200-S
LTC/USDT,pullback_rsi,2024-02-12 08:00,71.25,2024-02-12 16:00,72.10,signal,22.930,3.2886542500,16.2018457500,0.009917,8.00,tb-pullback_rsi-LTCUSDT-1707710400-B,tb-pullback_rsi-LTCUSDT-1707739200-S
BTC/USDT,pullback_rsi,2024-02-13 20:00,49085.78,2024-02-14 00:00,49649.90,signal,0.02646,2.6140186622,12.3125965378,0.009480,4.00,tb-pullback_rsi-BTCUSDT-1707840000-B,tb-pullback_rsi-BTCUSDT-1707854400-S
LINK/USDT,pullback_rsi,2024-02-14 00:00,19.889,2024-02-14 04:00,20.063,signal,41.04,1.64062453000,5.50033547000,0.006739,4.00,tb-pullback_rs-LINKUSDT-1707854400-B,tb-pullback_rs-LINKUSDT-1707868800-S
SOL/USDT,pullback_rsi,2024-02-16 12:00,112.23,2024-02-17 15:59,105.41,stop,7.505,1.6342860400,-52.8183860400,-0.062708,28.00,tb-pullback_rsi-SOLUSDT-1708070400-B,tb-pullback_rsi-SOLUSDT-1708171200-X
LINK/USDT,pullback_rsi,2024-02-17 00:00,19.575,2024-02-17 16:00,19.588,signal,42.89,1.68067982000,-1.12310982000,-0.001338,16.00,tb-pullback_rs-LINKUSDT-1708113600-B,tb-pullback_rs-LINKUSDT-1708171200-S
ADA/USDT,pullback_rsi,2024-02-17 00:00,0.5993,2024-02-18 00:00,0.6089,signal,1362.2,1.646649060000,11.430470940000,0.014002,24.00,tb-pullback_rsi-ADAUSDT-1708113600-B,tb-pullback_rsi-ADAUSDT-1708200000-S
XRP/USDT,pullback_rsi,2024-02-17 20:00,0.5498,2024-02-18 08:00,0.5543,signal,1818.4,2.008740060000,6.174059940000,0.006176,12.00,tb-pullback_rsi-XRPUSDT-1708185600-B,tb-pullback_rsi-XRPUSDT-1708228800-S
BTC/USDT,pullback_rsi,2024-02-17 20:00,51445.84,2024-02-18 12:00,51780.17,signal,0.02873,2.9672266384,6.6380742616,0.004491,16.00,tb-pullback_rsi-BTCUSDT-1708185600-B,tb-pullback_rsi-BTCUSDT-1708243200-S
BNB/USDT,pullback_rsi,2024-02-19 04:00,352.66,2024-02-19 08:00,354.14,signal,3.391,2.3981694400,2.6205105600,0.002191,4.00,tb-pullback_rsi-BNBUSDT-1708300800-B,tb-pullback_rsi-BNBUSDT-1708315200-S
BTC/USDT,pullback_rsi,2024-02-20 08:00,51891.12,2024-02-20 12:00,52234.51,signal,0.03577,3.7266494272,8.5564108728,0.004610,4.00,tb-pullback_rsi-BTCUSDT-1708401600-B,tb-pullback_rsi-BTCUSDT-1708416000-S
LTC/USDT,pullback_rsi,2024-02-20 08:00,71.00,2024-02-20 15:59,68.70,stop,22.531,3.1492137000,-54.9705137000,-0.034363,8.00,tb-pullback_rsi-LTCUSDT-1708401600-B,tb-pullback_rsi-LTCUSDT-1708430400-X
SOL/USDT,pullback_rsi,2024-02-20 12:00,110.53,2024-02-20 15:59,103.93,stop,7.738,1.6603757200,-52.7311757200,-0.061654,4.00,tb-pullback_rsi-SOLUSDT-1708416000-B,tb-pullback_rsi-SOLUSDT-1708430400-X
LINK/USDT,pullback_rsi,2024-02-20 20:00,19.220,2024-02-21 19:59,18.043,stop,42.92,1.60028896000,-52.11712896000,-0.063178,24.00,tb-pullback_rs-LINKUSDT-1708444800-B,tb-pullback_rs-LINKUSDT-1708531200-X
ADA/USDT,pullback_rsi,2024-02-20 20:00,0.6187,2024-02-21 19:59,0.5747,stop,1146.3,1.368736860000,-51.805936860000,-0.073047,24.00,tb-pullback_rsi-ADAUSDT-1708444800-B,tb-pullback_rsi-ADAUSDT-1708531200-X
LTC/USDT,pullback_rsi,2024-02-20 20:00,69.71,2024-02-22 00:00,68.84,signal,16.978,2.3534869700,-17.1243469700,-0.014469,28.00,tb-pullback_rsi-LTCUSDT-1708444800-B,tb-pullback_rsi-LTCUSDT-1708545600-S
ADA/USDT,pullback_rsi,2024-02-23 12:00,0.5849,2024-02-23 20:00,0.5908,signal,1239.7,1.458275660000,5.855954340000,0.008076,8.00,tb-pullback_rsi-ADAUSDT-1708675200-B,tb-pullback_rsi-ADAUSDT-1708704000-S
BTC/USDT,pullback_rsi,2024-02-23 12:00,51270.16,2024-02-24 08:00,51017.63,signal,0.02986,3.0558515124,-10.5963973124,-0.006922,20.00,tb-pullback_rsi-BTCUSDT-1708675200-B,tb-pullback_rsi-BTCUSDT-1708747200-S
ETH/USDT,pullback_rsi,2024-02-23 12:00,2946.58,2024-02-24 08:00,2961.10,signal,0.3414,2.0180605840,2.9390674160,0.002922,20.00,tb-pullback_rsi-ETHUSDT-1708675200-B,tb-pullback_rsi-ETHUSDT-1708747200-S
ADA/USDT,pullback_rsi,2024-02-25 20:00,0.5883,2024-02-26 00:00,0.5907,signal,1583.8,1.868241480000,1.932878520000,0.002074,4.00,tb-pullback_rsi-ADAUSDT-1708876800-B,tb-pullback_rsi-ADAUSDT-1708891200-S
LINK/USDT,pullback_rsi,2024-02-26 16:00,18.884,2024-02-26 20:00,19.183,signal,54.79,2.08682397000,14.29538603000,0.013817,4.00,tb-pullback_rs-LINKUSDT-1708948800-B,tb-pullback_rs-LINKUSDT-1708963200-S
LTC/USDT,pullback_rsi,2024-02-26 16:00,71.23,2024-02-26 20:00,71.36,signal,22.616,3.2264537300,-0.2863737300,-0.000178,4.00,tb-pullback_rsi-LTCUSDT-1708948800-B,tb-pullback_rsi-LTCUSDT-1708963200-S
SOL/USDT,pullback_rsi,2024-02-26 16:00,105.07,2024-02-26 20:00,109.59,signal,8.487,1.8227650500,36.5384749500,0.040975,4.00,tb-pullback_rsi-SOLUSDT-1708948800-B,tb-pullback_rsi-SOLUSDT-1708963200-S
ETH/USDT,pullback_rsi,2024-03-01 04:00,3371.15,2024-03-01 12:00,3407.47,signal,0.2368,1.6061885650,6.9943874350,0.008762,8.00,tb-pullback_rsi-ETHUSDT-1709251200-B,tb-pullback_rsi-ETHUSDT-1709280000-S
LINK/USDT,pullback_rsi,2024-03-01 04:00,19.554,2024-03-01 12:00,19.854,signal,31.44,1.23976968000,8.19223032000,0.013326,8.00,tb-pullback_rs-LINKUSDT-1709251200-B,tb-pullback_rs-LINKUSDT-1709280000-S
BNB/USDT,pullback_rsi,2024-03-01 04:00,406.01,2024-03-02 00:00,406.99,signal,2.264,1.8418500300,0.3768699700,0.000410,20.00,tb-pullback_rsi-BNBUSDT-1709251200-B,tb-pullback_rsi-BNBUSDT-1709323200-S
SOL/USDT,pullback_rsi,2024-03-02 20:00,130.77,2024-03-03 20:00,130.03,signal,4.268,1.1137482500,-4.2720682500,-0.007654,24.00,tb-pullback_rsi-SOLUSDT-1709395200-B,tb-pullback_rsi-SOLUSDT-1709481600-S
ADA/USDT,pullback_rsi,2024-03-03 12:00,0.7279,2024-03-04 04:00,0.7541,signal,740.6,1.098151520000,18.305568480000,0.033957,16.00,tb-pullback_rsi-ADAUSDT-1709452800-B,tb-pullback_rsi-ADAUSDT-1709510400-S
LINK/USDT,pullback_rsi,2024-03-03 12:00,20.530,2024-03-04 16:00,20.475,signal,30.34,1.24491290000,-2.91361290000,-0.004678,28.00,tb-pullback_rs-LINKUSDT-1709452800-B,tb-pullback_rs-LINKUSDT-1709553600-S
LTC/USDT,pullback_rsi,2024-03-05 04:00,89.22,2024-03-05 12:00,89.52,signal,6.601,1.1804872800,0.7998127200,0.001358,8.00,tb-pullback_rsi-LTCUSDT-1709596800-B,tb-pullback_rsi-LTCUSDT-1709625600-S
ADA/USDT,pullback_rsi,2024-03-05 12:00,0.7686,2024-03-05 19:59,0.6980,stop,709.0,1.040434280000,-51.095834280000,-0.093765,8.00,tb-pullback_rsi-ADAUSDT-1709625600-B,tb-pullback_rsi-ADAUSDT-1709654400-X
ADA/USDT,pullback_rsi,2024-03-06 00:00,0.6930,2024-03-06 08:00,0.7373,signal,471.7,0.675019010000,20.221290990000,0.061860,8.00,tb-pullback_rsi-ADAUSDT-1709668800-B,tb-pullback_rsi-ADAUSDT-1709697600-S
BNB/USDT,pullback_rsi,2024-03-06 00:00,394.50,2024-03-06 08:00,410.18,signal,1.701,1.3695496800,25.3021303200,0.037706,8.00,tb-pullback_rsi-BNBUSDT-1709668800-B,tb-pullback_rsi-BNBUSDT-1709697600-S
LTC/USDT,pullback_rsi,2024-03-06 00:00,82.02,2024-03-06 08:00,85.81,signal,4.588,0.7704141400,16.6181058600,0.044161,8.00,tb-pullback_rsi-LTCUSDT-1709668800-B,tb-pullback_rsi-LTCUSDT-1709697600-S
LINK/USDT,pullback_rsi,2024-03-08 12:00,20.016,2024-03-09 04:00,20.023,signal,33.81,1.35451923000,-1.11784923000,-0.001652,16.00,tb-pullback_rs-LINKUSDT-1709884800-B,tb-pullback_rs-LINKUSDT-1709942400-S
ADA/USDT,pullback_rsi,2024-03-10 20:00,0.7206,2024-03-11 08:00,0.7332,signal,1003.4,1.459535580000,11.183304420000,0.015467,12.00,tb-pullback_rsi-ADAUSDT-1710086400-B,tb-pullback_rsi-ADAUSDT-1710129600-S
XRP/USDT,pullback_rsi,2024-03-10 20:00,0.6126,2024-03-11 08:00,0.6190,signal,1450.1,1.786862060000,7.493777940000,0.008436,12.00,tb-pullback_rsi-XRPUSDT-1710086400-B,tb-pullback_rsi-XRPUSDT-1710129600-S
LTC/USDT,pullback_rsi,2024-03-11 08:00,90.19,2024-03-11 12:00,94.59,signal,7.243,1.3390830600,30.5301169400,0.046736,4.00,tb-pullback_rsi-LTCUSDT-1710129600-B,tb-pullback_rsi-LTCUSDT-1710144000-S
LINK/USDT,pullback_rsi,2024-03-12 16:00,20.550,2024-03-12 20:00,20.684,signal,30.84,1.27247856000,2.86008144000,0.004513,4.00,tb-pullback_rs-LINKUSDT-1710244800-B,tb-pullback_rs-LINKUSDT-1710259200-S
ETH/USDT,pullback_rsi,2024-03-13 04:00,4047.83,2024-03-13 08:00,4034.32,signal,0.2368,1.9150674730,-5.1142354730,-0.005336,4.00,tb-pullback_rsi-ETHUSDT-1710288000-B,tb-pullback_rsi-ETHUSDT-1710302400-S
LINK/USDT,pullback_rsi,2024-03-13 20:00,20.440,2024-03-14 00:00,20.731,signal,34.81,1.43398011000,8.69572989000,0.012221,4.00,tb-pullback_rs-LINKUSDT-1710345600-B,tb-pullback_rs-LINKUSDT-1710360000-S
LTC/USDT,pullback_rsi,2024-03-13 20:00,96.61,2024-03-15 03:59,88.66,stop,6.343,1.1758438800,-51.6026938800,-0.084208,32.00,tb-pullback_rsi-LTCUSDT-1710345600-B,tb-pullback_rsi-LTCUSDT-1710460800-X
XRP/USDT,pullback_rsi,2024-03-13 20:00,0.6853,2024-03-15 03:59,0.6287,stop,891.4,1.171916370000,-51.625156370000,-0.084510,32.00,tb-pullback_rsi-XRPUSDT-1710345600-B,tb-pullback_rsi-XRPUSDT-1710460800-X
ETH/USDT,pullback_rsi,2024-03-15 00:00,3885.58,2024-03-15 03:59,3662.47,stop,0.2264,1.7100441960,-52.2221481960,-0.059364,4.00,tb-pullback_rsi-ETHUSDT-1710446400-B,tb-pullback_rsi-ETHUSDT-1710460800-X
LTC/USDT,pullback_rsi,2024-03-15 16:00,88.30,2024-03-16 00:00,89.68,signal,5.335,0.9500531000,6.4122469000,0.013612,8.00,tb-pullback_rsi-LTCUSDT-1710504000-B,tb-pullback_rsi-LTCUSDT-1710532800-S
XRP/USDT,pullback_rsi,2024-03-15 16:00,0.6279,2024-03-16 04:00,0.6405,signal,771.0,0.978438720000,8.736161280000,0.018046,12.00,tb-pullback_rsi-XRPUSDT-1710504000-B,tb-pullback_rsi-XRPUSDT-1710547200-S
BTC/USDT,pullback_rsi,2024-03-17 04:00,66605.53,2024-03-17 16:00,67897.54,signal,0.01093,1.4714506635,12.6502186365,0.017377,12.00,tb-pullback_rsi-BTCUSDT-1710633600-B,tb-pullback_rsi-BTCUSDT-1710676800-S
ETH/USDT,pullback_rsi,2024-03-17 04:00,3575.07,2024-03-17 16:00,3624.79,signal,0.1880,1.3542886940,7.9930713060,0.011892,12.00,tb-pullback_rsi-ETHUSDT-1710633600-B,tb-pullback_rsi-ETHUSDT-1710676800-S
XRP/USDT,pullback_rsi,2024-03-17 04:00,0.6159,2024-03-17 16:00,0.6198,signal,868.9,1.074254040000,2.314455960000,0.004325,12.00,tb-pullback_rsi-XRPUSDT-1710633600-B,tb-pullback_rsi-XRPUSDT-1710676800-S
LTC/USDT,pullback_rsi,2024-03-19 00:00,86.85,2024-03-19 07:59,78.69,stop,6.096,1.0097397900,-50.7530997900,-0.095862,8.00,tb-pullback_rsi-LTCUSDT-1710792000-B,tb-pullback_rsi-LTCUSDT-1710820800-X
XRP/USDT,pullback_rsi,2024-03-19 00:00,0.6460,2024-03-19 07:59,0.5893,stop,879.3,1.086780690000,-50.943090690000,-0.089684,8.00,tb-pullback_rsi-XRPUSDT-1710792000-B,tb-pullback_rsi-XRPUSDT-1710820800-X
ETH/USDT,pullback_rsi,2024-03-19 00:00,3524.00,2024-03-19 11:59,3273.40,stop,0.1991,1.3540671400,-51.2485271400,-0.073042,12.00,tb-pullback_rsi-ETHUSDT-1710792000-B,tb-pullback_rsi-ETHUSDT-1710835200-X
BNB/USDT,pullback_rsi,2024-03-19 16:00,530.03,2024-03-20 08:00,531.46,signal,0.781,0.8295537200,0.2872762800,0.000694,16.00,tb-pullback_rsi-BNBUSDT-1710849600-B,tb-pullback_rsi-BNBUSDT-1710907200-S
BTC/USDT,pullback_rsi,2024-03-19 16:00,64115.91,2024-03-20 12:00,63329.55,signal,0.01075,1.3713210107,-9.8246910107,-0.014254,20.00,tb-pullback_rsi-BTCUSDT-1710849600-B,tb-pullback_rsi-BTCUSDT-1710921600-S
SOL/USDT,pullback_rsi,2024-03-19 08:00,186.33,2024-03-20 20:00,182.36,signal,1.889,0.6968280700,-8.1961580700,-0.023286,36.00,tb-pullback_rsi-SOLUSDT-1710820800-B,tb-pullback_rsi-SOLUSDT-1710950400-S
BTC/USDT,pullback_rsi,2024-03-22 00:00,65566.79,2024-03-22 08:00,66111.83,signal,0.01036,1.3655018402,4.2811125598,0.006303,8.00,tb-pullback_rsi-BTCUSDT-1711051200-B,tb-pullback_rsi-BTCUSDT-1711080000-S
SOL/USDT,pullback_rsi,2024-03-22 00:00,179.64,2024-03-23 00:00,175.03,signal,1.999,0.7095242500,-9.9249142500,-0.027638,24.00,tb-pullback_rsi-SOLUSDT-1711051200-B,tb-pullback_rsi-SOLUSDT-1711137600-S
XRP/USDT,pullback_rsi,2024-03-22 20:00,0.6131,2024-03-23 08:00,0.6152,signal,930.7,1.143791910000,0.810678090000,0.001421,12.00,tb-pullback_rsi-XRPUSDT-1711123200-B,tb-pullback_rsi-XRPUSDT-1711166400-S
BTC/USDT,pullback_rsi,2024-03-23 08:00,64639.99,2024-03-23 12:00,64564.98,signal,0.01130,1.4613089568,-2.3089219568,-0.003161,4.00,tb-pullback_rsi-BTCUSDT-1711166400-B,tb-pullback_rsi-BTCUSDT-1711180800-S
SOL/USDT,pullback_rsi,2024-03-24 08:00,173.72,2024-03-24 12:00,174.66,signal,2.913,1.0153521000,1.7228679000,0.003405,4.00,tb-pullback_rsi-SOLUSDT-1711252800-B,tb-pullback_rsi-SOLUSDT-1711267200-S
LTC/USDT,pullback_rsi,2024-03-26 20:00,95.24,2024-03-27 00:00,95.66,signal,7.610,1.4535109200,1.7426890800,0.002404,4.00,tb-pullback_rsi-LTCUSDT-1711468800-B,tb-pullback_rsi-LTCUSDT-1711483200-S
BNB/USDT,pullback_rsi,2024-03-27 00:00,580.99,2024-03-28 04:00,581.21,signal,1.550,1.8025719800,-1.4615719800,-0.001623,28.00,tb-pullback_rsi-BNBUSDT-1711483200-B,tb-pullback_rsi-BNBUSDT-1711584000-S
ETH/USDT,pullback_rsi,2024-03-28 00:00,3504.71,2024-03-28 08:00,3570.30,signal,0.2534,1.7938589470,14.8266470530,0.016695,8.00,tb-pullback_rsi-ETHUSDT-1711569600-B,tb-pullback_rsi-ETHUSDT-1711598400-S
XRP/USDT,pullback_rsi,2024-03-27 00:00,0.6324,2024-03-28 08:00,0.6215,signal,1491.1,1.870638890000,-18.123628890000,-0.019220,32.00,tb-pullback_rsi-XRPUSDT-1711483200-B,tb-pullback_rsi-XRPUSDT-1711598400-S
XRP/USDT,pullback_rsi,2024-03-29 12:00,0.6301,2024-03-30 00:00,0.6293,signal,1530.9,1.929023620000,-3.153743620000,-0.003269,12.00,tb-pullback_rsi-XRPUSDT-1711699200-B,tb-pullback_rsi-XRPUSDT-1711742400-S
BTC/USDT,pullback_rsi,2024-03-29 12:00,70212.93,2024-03-30 12:00,70113.35,signal,0.01750,2.4571141636,-4.1997641636,-0.003418,24.00,tb-pullback_rsi-BTCUSDT-1711699200-B,tb-pullback_rsi-BTCUSDT-1711785600-S
ETH/USDT,pullback_rsi,2024-03-29 12:00,3553.41,2024-03-30 12:00,3556.43,signal,0.3026,2.1528589500,-1.2390069500,-0.001152,24.00,tb-pullback_rsi-ETHUSDT-1711699200-B,tb-pullback_rsi-ETHUSDT-1711785600-S
BNB/USDT,pullback_rsi,2024-04-01 20:00,579.88,2024-04-02 03:59,553.31,stop,1.856,2.1043604000,-51.4182804000,-0.047775,8.00,tb-pullback_rsi-BNBUSDT-1711987200-B,tb-pullback_rsi-BNBUSDT-1712016000-X
ETH/USDT,pullback_rsi,2024-04-01 20:00,3489.82,2024-04-02 03:59,3331.96,stop,0.3125,2.1332021780,-51.4644521780,-0.047190,8.00,tb-pullback_rsi-ETHUSDT-1711987200-B,tb-pullback_rsi-ETHUSDT-1712016000-X
BTC/USDT,pullback_rsi,2024-04-01 20:00,69717.66,2024-04-02 03:59,67251.30,stop,0.02012,2.7579070090,-52.3810702090,-0.037343,8.00,tb-pullback_rsi-BTCUSDT-1711987200-B,tb-pullback_rsi-BTCUSDT-1712016000-X
LTC/USDT,pullback_rsi,2024-04-02 08:00,99.05,2024-04-02 12:00,102.40,signal,5.051,1.0181182500,15.9027317500,0.031786,4.00,tb-pullback_rsi-LTCUSDT-1712030400-B,tb-pullback_rsi-LTCUSDT-1712044800-S
BNB/USDT,pullback_rsi,2024-04-02 20:00,558.56,2024-04-03 04:00,559.73,signal,1.662,1.8597151000,0.0848249000,0.000091,8.00,tb-pullback_rsi-BNBUSDT-1712073600-B,tb-pullback_rsi-BNBUSDT-1712102400-S
BTC/USDT,pullback_rsi,2024-04-02 20:00,65980.83,2024-04-03 04:00,66159.56,signal,0.01555,2.0561026831,0.7231488169,0.000705,8.00,tb-pullback_rsi-BTCUSDT-1712073600-B,tb-pullback_rsi-BTCUSDT-1712102400-S
SOL/USDT,pullback_rsi,2024-04-02 20:00,185.86,2024-04-03 04:00,188.28,signal,3.247,1.2155760200,6.6421639800,0.011006,8.00,tb-pullback_rsi-SOLUSDT-1712073600-B,tb-pullback_rsi-SOLUSDT-1712102400-S
BNB/USDT,pullback_rsi,2024-04-05 12:00,578.08,2024-04-05 16:00,583.31,signal,1.559,1.8117631700,6.3418068300,0.007037,4.00,tb-pullback_rsi-BNBUSDT-1712304000-B,tb-pullback_rsi-BNBUSDT-1712318400-S
BTC/USDT,pullback_rsi,2024-04-05 16:00,68258.82,2024-04-06 08:00,67924.02,signal,0.01432,1.9515034488,-6.7458394488,-0.006901,16.00,tb-pullback_rsi-BTCUSDT-1712318400-B,tb-pullback_rsi-BTCUSDT-1712376000-S
SOL/USDT,pullback_rsi,2024-04-05 16:00,176.07,2024-04-06 08:00,177.09,signal,3.079,1.0880839200,2.0524960800,0.003786,16.00,tb-pullback_rsi-SOLUSDT-1712318400-B,tb-pullback_rsi-SOLUSDT-1712376000-S
BNB/USDT,pullback_rsi,2024-04-08 00:00,584.39,2024-04-08 08:00,588.21,signal,2.342,2.7479823700,6.1984576300,0.004529,8.00,tb-pullback_rsi-BNBUSDT-1712520000-B,tb-pullback_rsi-BNBUSDT-1712548800-S
LTC/USDT,pullback_rsi,2024-04-08 00:00,101.32,2024-04-08 08:00,102.06,signal,6.949,1.4139968600,3.7282631400,0.005295,8.00,tb-pullback_rsi-LTCUSDT-1712520000-B,tb-pullback_rsi-LTCUSDT-1712548800-S
BNB/USDT,pullback_rsi,2024-04-09 12:00,584.79,2024-04-10 08:00,586.91,signal,2.065,2.4213148700,1.9564851300,0.001620,20.00,tb-pullback_rsi-BNBUSDT-1712649600-B,tb-pullback_rsi-BNBUSDT-1712721600-S
BTC/USDT,pullback_rsi,2024-04-09 12:00,70865.64,2024-04-10 15:59,68120.23,stop,0.01781,2.4767556612,-51.3725077612,-0.040703,28.00,tb-pullback_rsi-BTCUSDT-1712649600-B,tb-pullback_rsi-BTCUSDT-1712750400-X
BTC/USDT,pullback_rsi,2024-04-10 20:00,70154.09,2024-04-11 00:00,70560.44,signal,0.01678,2.3625928920,4.4559601080,0.003785,4.00,tb-pullback_rsi-BTCUSDT-1712764800-B,tb-pullback_rsi-BTCUSDT-1712779200-S
LTC/USDT,pullback_rsi,2024-04-09 20:00,98.53,2024-04-11 04:00,97.19,signal,7.503,1.4692754000,-11.5232954000,-0.015587,32.00,tb-pullback_rsi-LTCUSDT-1712678400-B,tb-pullback_rsi-LTCUSDT-1712793600-S
SOL/USDT,pullback_rsi,2024-05-19 20:00,169.48,2024-05-20 04:00,171.96,signal,4.723,1.6134685200,10.0995714800,0.012617,8.00,tb-pullback_rsi-SOLUSDT-1716134400-B,tb-pullback_rsi-SOLUSDT-1716163200-S
BTC/USDT,pullback_rsi,2024-05-20 00:00,66340.28,2024-05-20 08:00,66758.32,signal,0.02669,3.5543918416,7.6030957584,0.004294,8.00,tb-pullback_rsi-BTCUSDT-1716148800-B,tb-pullback_rsi-BTCUSDT-1716177600-S
LINK/USDT,pullback_rsi,2024-05-21 20:00,16.686,2024-05-22 04:00,16.866,signal,41.70,1.39995270000,6.10604730000,0.008775,8.00,tb-pullback_rs-LINKUSDT-1716307200-B,tb-pullback_rs-LINKUSDT-1716336000-S
SOL/USDT,pullback_rsi,2024-05-22 00:00,178.33,2024-05-22 08:00,179.71,signal,4.049,1.4505956100,4.1370243900,0.005729,8.00,tb-pullback_rsi-SOLUSDT-1716321600-B,tb-pullback_rsi-SOLUSDT-1716350400-S
ADA/USDT,pullback_rsi,2024-05-22 16:00,0.4844,2024-05-23 04:00,0.4863,signal,1950.2,1.894027940000,1.811352060000,0.001917,12.00,tb-pullback_rsi-ADAUSDT-1716379200-B,tb-pullback_rsi-ADAUSDT-1716422400-S
LTC/USDT,pullback_rsi,2024-05-22 16:00,87.44,2024-05-23 12:00,87.25,signal,12.761,2.2303558100,-4.6549458100,-0.004172,20.00,tb-pullback_rsi-LTCUSDT-1716379200-B,tb-pullback_rsi-LTCUSDT-1716451200-S
XRP/USDT,pullback_rsi,2024-05-22 16:00,0.5363,2024-05-23 15:59,0.5152,stop,2318.6,2.439295020000,-51.361755020000,-0.041305,24.00,tb-pullback_rsi-XRPUSDT-1716379200-B,tb-pullback_rsi-XRPUSDT-1716465600-X
XRP/USDT,pullback_rsi,2024-05-24 00:00,0.5294,2024-05-24 04:00,0.5300,signal,1635.0,1.733018980000,-0.752018980000,-0.000869,4.00,tb-pullback_rsi-XRPUSDT-1716494400-B,tb-pullback_rsi-XRPUSDT-1716508800-S
BNB/USDT,pullback_rsi,2024-05-24 00:00,600.00,2024-05-24 20:00,601.39,signal,1.683,2.0231393700,0.3162306300,0.000313,20.00,tb-pullback_rsi-BNBUSDT-1716494400-B,tb-pullback_rsi-BNBUSDT-1716566400-S
SOL/USDT,pullback_rsi,2024-05-24 00:00,176.33,2024-05-25 04:00,169.48,signal,3.271,1.1318498300,-23.5381998300,-0.040810,28.00,tb-pullback_rsi-SOLUSDT-1716494400-B,tb-pullback_rsi-SOLUSDT-1716595200-S
ETH/USDT,pullback_rsi,2024-05-24 12:00,3716.34,2024-05-25 08:00,3742.85,signal,0.1555,1.1606473180,2.9616576820,0.005125,20.00,tb-pullback_rsi-ETHUSDT-1716537600-B,tb-pullback_rsi-ETHUSDT-1716609600-S
SOL/USDT,pullback_rsi,2024-05-27 00:00,163.59,2024-05-27 04:00,165.21,signal,4.932,1.6224595500,6.3673804500,0.007892,4.00,tb-pullback_rsi-SOLUSDT-1716753600-B,tb-pullback_rsi-SOLUSDT-1716768000-S
LTC/USDT,pullback_rsi,2024-05-27 04:00,84.52,2024-05-27 08:00,84.39,signal,16.955,2.8653058900,-5.0694558900,-0.003538,4.00,tb-pullback_rsi-LTCUSDT-1716768000-B,tb-pullback_rsi-LTCUSDT-1716782400-S
XRP/USDT,pullback_rsi,2024-05-27 04:00,0.5322,2024-05-27 16:00,0.5386,signal,2622.8,2.809931180000,13.975988820000,0.010012,12.00,tb-pullback_rsi-XRPUSDT-1716768000-B,tb-pullback_rsi-XRPUSDT-1716811200-S
BNB/USDT,pullback_rsi,2024-05-29 12:00,599.60,2024-05-30 04:00,597.00,signal,2.997,3.5880090000,-11.3802090000,-0.006333,16.00,tb-pullback_rsi-BNBUSDT-1716969600-B,tb-pullback_rsi-BNBUSDT-1717027200-S
BTC/USDT,pullback_rsi,2024-05-30 00:00,67720.07,2024-05-30 04:00,68050.08,signal,0.02157,2.9305937420,4.1877219580,0.002867,4.00,tb-pullback_rsi-BTCUSDT-1717012800-B,tb-pullback_rsi-BTCUSDT-1717027200-S
ETH/USDT,pullback_rsi,2024-05-30 00:00,3771.21,2024-05-30 04:00,3787.50,signal,0.2803,2.1198377760,2.4462492240,0.002314,4.00,tb-pullback_rsi-ETHUSDT-1717012800-B,tb-pullback_rsi-ETHUSDT-1717027200-S
BTC/USDT,pullback_rsi,2024-05-31 20:00,67748.69,2024-06-01 20:00,67686.00,signal,0.02050,2.7784436057,-4.0635886057,-0.002926,24.00,tb-pullback_rsi-BTCUSDT-1717171200-B,tb-pullback_rsi-BTCUSDT-1717257600-S
SOL/USDT,pullback_rsi,2024-06-02 12:00,166.22,2024-06-03 08:00,165.18,signal,7.169,2.3771363600,-9.8328963600,-0.008252,20.00,tb-pullback_rsi-SOLUSDT-1717315200-B,tb-pullback_rsi-SOLUSDT-1717387200-S
ETH/USDT,pullback_rsi,2024-06-04 04:00,3777.29,2024-06-04 16:00,3806.81,signal,0.3884,2.9471753520,8.5183926480,0.005806,12.00,tb-pullback_rsi-ETHUSDT-1717459200-B,tb-pullback_rsi-ETHUSDT-1717502400-S
LINK/USDT,pullback_rsi,2024-06-03 08:00,18.154,2024-06-04 16:00,17.769,signal,56.95,2.04690409000,-23.97265409000,-0.023187,32.00,tb-pullback_rs-LINKUSDT-1717387200-B,tb-pullback_rs-LINKUSDT-1717502400-S
XRP/USDT,pullback_rsi,2024-06-06 12:00,0.5268,2024-06-06 16:00,0.5258,signal,3868.0,4.073511320000,-7.941511320000,-0.003897,4.00,tb-pullback_rsi-XRPUSDT-1717660800-B,tb-pullback_rsi-XRPUSDT-1717675200-S
LINK/USDT,pullback_rsi,2024-06-06 16:00,17.481,2024-06-07 08:00,17.481,signal,69.49,2.43073305000,-2.43073305000,-0.002001,16.00,tb-pullback_rs-LINKUSDT-1717675200-B,tb-pullback_rs-LINKUSDT-1717732800-S
SOL/USDT,pullback_rsi,2024-06-07 00:00,170.33,2024-06-07 08:00,171.83,signal,7.091,2.4276192000,8.2088808000,0.006796,8.00,tb-pullback_rsi-SOLUSDT-1717704000-B,tb-pullback_rsi-SOLUSDT-1717732800-S
ETH/USDT,pullback_rsi,2024-06-07 00:00,3817.29,2024-06-07 12:00,3831.15,signal,0.4182,3.2004862530,2.5957657470,0.001626,12.00,tb-pullback_rsi-ETHUSDT-1717704000-B,tb-pullback_rsi-ETHUSDT-1717747200-S
LTC/USDT,pullback_rsi,2024-06-07 12:00,84.53,2024-06-07 19:59,82.35,stop,22.511,3.7585798700,-52.8325598700,-0.027765,8.00,tb-pullback_rsi-LTCUSDT-1717747200-B,tb-pullback_rsi-LTCUSDT-1717776000-X
BNB/USDT,pullback_rsi,2024-06-08 00:00,684.69,2024-06-08 08:00,694.00,signal,1.320,1.8212401800,10.4679598200,0.011582,8.00,tb-pullback_rsi-BNBUSDT-1717790400-B,tb-pullback_rsi-BNBUSDT-1717819200-S
BTC/USDT,pullback_rsi,2024-06-08 00:00,69424.96,2024-06-09 12:00,69298.31,signal,0.02173,3.0165394096,-5.7686439096,-0.003824,36.00,tb-pullback_rsi-BTCUSDT-1717790400-B,tb-pullback_rsi-BTCUSDT-1717920000-S
ETH/USDT,pullback_rsi,2024-06-08 04:00,3693.69,2024-06-09 12:00,3689.79,signal,0.3682,2.7200748140,-4.1560548140,-0.003056,32.00,tb-pullback_rsi-ETHUSDT-1717804800-B,tb-pullback_rsi-ETHUSDT-1717920000-S
BNB/USDT,pullback_rsi,2024-06-09 08:00,680.58,2024-06-10 07:59,649.51,stop,1.538,2.0470395800,-49.8326995800,-0.047608,24.00,tb-pullback_rsi-BNBUSDT-1717905600-B,tb-pullback_rsi-BNBUSDT-1717992000-X
BTC/USDT,pullback_rsi,2024-06-10 12:00,69543.37,2024-06-10 16:00,69996.05,signal,0.02661,3.7152302668,8.3305845332,0.004502,4.00,tb-pullback_rsi-BTCUSDT-1718006400-B,tb-pullback_rsi-BTCUSDT-1718020800-S
ETH/USDT,pullback_rsi,2024-06-10 12:00,3679.63,2024-06-10 16:00,3698.82,signal,0.5175,3.8205556530,6.1102693470,0.003209,4.00,tb-pullback_rsi-ETHUSDT-1718006400-B,tb-pullback_rsi-ETHUSDT-1718020800-S
BNB/USDT,pullback_rsi,2024-06-10 16:00,651.66,2024-06-10 23:59,621.02,stop,1.553,1.9777753600,-49.5616953600,-0.048973,8.00,tb-pullback_rsi-BNBUSDT-1718020800-B,tb-pullback_rsi-BNBUSDT-1718049600-X
BNB/USDT,pullback_rsi,2024-06-11 04:00,626.23,2024-06-12 03:59,592.25,stop,1.388,1.6925027000,-48.8567427000,-0.056208,24.00,tb-pullback_rsi-BNBUSDT-1718064000-B,tb-pullback_rsi-BNBUSDT-1718150400-X
XRP/USDT,pullback_rsi,2024-07-21 16:00,0.5887,2024-07-21 20:00,0.5906,signal,1094.0,1.290801770000,0.787798230000,0.001223,4.00,tb-pullback_rsi-XRPUSDT-1721563200-B,tb-pullback_rsi-XRPUSDT-1721577600-S
ADA/USDT,pullback_rsi,2024-07-22 00:00,0.4475,2024-07-23 07:59,0.4226,stop,1884.4,1.640466690000,-48.562026690000,-0.057588,32.00,tb-pullback_rsi-ADAUSDT-1721592000-B,tb-pullback_rsi-ADAUSDT-1721707200-X
LTC/USDT,pullback_rsi,2024-07-22 20:00,72.40,2024-07-23 16:00,72.26,signal,15.367,2.2241486200,-4.3755286200,-0.003933,20.00,tb-pullback_rsi-LTCUSDT-1721664000-B,tb-pullback_rsi-LTCUSDT-1721736000-S
ADA/USDT,pullback_rsi,2024-07-23 12:00,0.4259,2024-07-24 08:00,0.4191,signal,1967.5,1.663389300000,-15.042389300000,-0.017951,20.00,tb-pullback_rsi-ADAUSDT-1721721600-B,tb-pullback_rsi-ADAUSDT-1721793600-S
BTC/USDT,pullback_rsi,2024-07-24 00:00,66001.94,2024-07-24 12:00,66301.63,signal,0.01896,2.5097957212,3.1723266788,0.002535,12.00,tb-pullback_rsi-BTCUSDT-1721764800-B,tb-pullback_rsi-BTCUSDT-1721808000-S
SOL/USDT,pullback_rsi,2024-07-24 00:00,173.21,2024-07-24 12:00,177.59,signal,3.914,1.3737240400,15.7695959600,0.023261,12.00,tb-pullback_rsi-SOLUSDT-1721764800-B,tb-pullback_rsi-SOLUSDT-1721808000-S
BTC/USDT,pullback_rsi,2024-07-25 16:00,64855.69,2024-07-26 00:00,65734.15,signal,0.01894,2.4746686824,14.1633637176,0.011530,8.00,tb-pullback_rsi-BTCUSDT-1721908800-B,tb-pullback_rsi-BTCUSDT-1721937600-S
SOL/USDT,pullback_rsi,2024-07-25 16:00,170.62,2024-07-26 00:00,171.68,signal,3.591,1.2298817800,2.5765782200,0.004205,8.00,tb-pullback_rsi-SOLUSDT-1721908800-B,tb-pullback_rsi-SOLUSDT-1721937600-S
BNB/USDT,pullback_rsi,2024-07-28 12:00,582.49,2024-07-28 20:00,583.41,signal,2.437,2.8430457700,-0.6010057700,-0.000423,8.00,tb-pullback_rsi-BNBUSDT-1722153600-B,tb-pullback_rsi-BNBUSDT-1722182400-S
BNB/USDT,pullback_rsi,2024-07-30 08:00,575.18,2024-07-31 00:00,587.51,signal,2.427,2.8235741700,27.1013358300,0.019414,16.00,tb-pullback_rsi-BNBUSDT-1722312000-B,tb-pullback_rsi-BNBUSDT-1722369600-S
SOL/USDT,pullback_rsi,2024-07-31 00:00,179.34,2024-07-31 04:00,180.72,signal,4.112,1.4814634200,4.1930965800,0.005686,4.00,tb-pullback_rsi-SOLUSDT-1722369600-B,tb-pullback_rsi-SOLUSDT-1722384000-S
BTC/USDT,pullback_rsi,2024-07-30 08:00,67018.96,2024-07-31 16:00,66313.61,signal,0.01782,2.3773267764,-14.9466637764,-0.012515,32.00,tb-pullback_rsi-BTCUSDT-1722312000-B,tb-pullback_rsi-BTCUSDT-1722427200-S
SOL/USDT,pullback_rsi,2024-08-01 12:00,169.86,2024-08-01 19:59,158.49,stop,4.455,1.4636485500,-52.1169985500,-0.068872,8.00,tb-pullback_rsi-SOLUSDT-1722499200-B,tb-pullback_rsi-SOLUSDT-1722528000-X
XRP/USDT,pullback_rsi,2024-08-01 12:00,0.6108,2024-08-01 19:59,0.5706,stop,1263.2,1.493138520000,-52.273778520000,-0.067751,8.00,tb-pullback_rsi-XRPUSDT-1722499200-B,tb-pullback_rsi-XRPUSDT-1722528000-X
XRP/USDT,pullback_rsi,2024-08-02 00:00,0.5971,2024-08-02 15:59,0.5525,stop,1124.6,1.293556680000,-51.450716680000,-0.076621,16.00,tb-pullback_rsi-XRPUSDT-1722542400-B,tb-pullback_rsi-XRPUSDT-1722600000-X
SOL/USDT,pullback_rsi,2024-08-02 00:00,167.54,2024-08-02 15:59,154.70,stop,3.898,1.2567616800,-51.3070816800,-0.078563,16.00,tb-pullback_rsi-SOLUSDT-1722542400-B,tb-pullback_rsi-SOLUSDT-1722600000-X
XRP/USDT,pullback_rsi,2024-08-02 20:00,0.5633,2024-08-03 08:00,0.5752,signal,1044.3,1.189555180000,11.237614820000,0.019103,12.00,tb-pullback_rsi-XRPUSDT-1722614400-B,tb-pullback_rsi-XRPUSDT-1722657600-S
BNB/USDT,pullback_rsi,2024-09-25 12:00,597.30,2024-09-26 08:00,595.30,signal,2.236,2.6684455000,-7.1404455000,-0.005346,20.00,tb-pullback_rsi-BNBUSDT-1727251200-B,tb-pullback_rsi-BNBUSDT-1727323200-S
ADA/USDT,pullback_rsi,2024-09-29 12:00,0.3977,2024-09-29 16:00,0.4000,signal,2884.5,2.302118980000,4.332231020000,0.003776,4.00,tb-pullback_rsi-ADAUSDT-1727596800-B,tb-pullback_rsi-ADAUSDT-1727611200-S
BNB/USDT,pullback_rsi,2024-09-29 12:00,598.00,2024-09-29 20:00,599.00,signal,2.503,2.9978850000,-0.4948850000,-0.000331,8.00,tb-pullback_rsi-BNBUSDT-1727596800-B,tb-pullback_rsi-BNBUSDT-1727625600-S
ETH/USDT,pullback_rsi,2024-09-28 20:00,2681.01,2024-09-30 11:59,2591.57,stop,0.5634,2.9721801800,-53.3626761800,-0.035328,40.00,tb-pullback_rsi-ETHUSDT-1727539200-B,tb-pullback_rsi-ETHUSDT-1727683200-X
BNB/USDT,pullback_rsi,2024-09-30 08:00,582.89,2024-10-01 04:00,576.32,signal,2.324,2.6957527100,-17.9644327100,-0.013261,20.00,tb-pullback_rsi-BNBUSDT-1727668800-B,tb-pullback_rsi-BNBUSDT-1727740800-S
LINK/USDT,pullback_rsi,2024-09-30 20:00,11.972,2024-10-01 04:00,12.097,signal,79.01,1.90264945000,7.97360055000,0.008430,8.00,tb-pullback_rs-LINKUSDT-1727712000-B,tb-pullback_rs-LINKUSDT-1727740800-S
ADA/USDT,pullback_rsi,2024-09-30 20:00,0.3796,2024-10-01 08:00,0.3836,signal,2774.7,2.118713920000,8.980086080000,0.008526,12.00,tb-pullback_rsi-ADAUSDT-1727712000-B,tb-pullback_rsi-ADAUSDT-1727755200-S
LTC/USDT,pullback_rsi,2024-10-15 16:00,66.33,2024-10-15 20:00,69.65,signal,19.352,2.6328115600,61.6158284400,0.048002,4.00,tb-pullback_rsi-LTCUSDT-1728993600-B,tb-pullback_rsi-LTCUSDT-1729008000-S
SOL/USDT,pullback_rsi,2024-10-15 16:00,153.46,2024-10-15 20:00,155.01,signal,5.963,1.8403273700,7.4023226300,0.008089,4.00,tb-pullback_rsi-SOLUSDT-1728993600-B,tb-pullback_rsi-SOLUSDT-1729008000-S
ETH/USDT,pullback_rsi,2024-10-15 20:00,2594.71,2024-10-16 00:00,2604.80,signal,0.4310,2.2422861650,2.1065038350,0.001884,4.00,tb-pullback_rsi-ETHUSDT-1729008000-B,tb-pullback_rsi-ETHUSDT-1729022400-S
BTC/USDT,pullback_rsi,2024-10-17 16:00,67658.27,2024-10-18 08:00,67901.72,signal,0.02206,2.9924831243,2.3780238757,0.001593,16.00,tb-pullback_rsi-BTCUSDT-1729166400-B,tb-pullback_rsi-BTCUSDT-1729224000-S
SOL/USDT,pullback_rsi,2024-10-17 16:00,153.05,2024-10-18 08:00,153.74,signal,6.683,2.0513489200,2.5599210800,0.002503,16.00,tb-pullback_rsi-SOLUSDT-1729166400-B,tb-pullback_rsi-SOLUSDT-1729224000-S
BNB/USDT,pullback_rsi,2024-10-20 08:00,598.10,2024-10-20 16:00,598.60,signal,3.879,4.6443917000,-2.7048917000,-0.001166,8.00,tb-pullback_rsi-BNBUSDT-1729396800-B,tb-pullback_rsi-BNBUSDT-1729425600-S
ADA/USDT,pullback_rsi,2024-10-21 20:00,0.3599,2024-10-22 04:00,0.3639,signal,3248.6,2.352524350000,10.641875650000,0.009102,8.00,tb-pullback_rsi-ADAUSDT-1729526400-B,tb-pullback_rsi-ADAUSDT-1729555200-S
BTC/USDT,pullback_rsi,2024-10-21 20:00,67831.76,2024-10-22 20:00,67415.50,signal,0.02859,3.8687541212,-15.7696275212,-0.008132,24.00,tb-pullback_rsi-BTCUSDT-1729526400-B,tb-pullback_rsi-BTCUSDT-1729612800-S
ETH/USDT,pullback_rsi,2024-10-21 20:00,2682.79,2024-10-23 11:59,2595.48,stop,0.5788,3.0566723460,-53.5917003460,-0.034513,40.00,tb-pullback_rsi-ETHUSDT-1729526400-B,tb-pullback_rsi-ETHUSDT-1729670400-X
SOL/USDT,pullback_rsi,2024-10-23 08:00,165.90,2024-10-23 16:00,167.97,signal,5.614,1.8753415800,9.7456384200,0.010464,8.00,tb-pullback_rsi-SOLUSDT-1729656000-B,tb-pullback_rsi-SOLUSDT-1729684800-S
LTC/USDT,pullback_rsi,2024-10-23 00:00,70.11,2024-10-23 20:00,69.66,signal,17.500,2.4472369800,-10.3222369800,-0.008413,20.00,tb-pullback_rsi-LTCUSDT-1729627200-B,tb-pullback_rsi-LTCUSDT-1729699200-S
BNB/USDT,pullback_rsi,2024-10-23 20:00,582.79,2024-10-24 00:00,584.31,signal,2.741,3.2007694700,0.9655505300,0.000604,4.00,tb-pullback_rsi-BNBUSDT-1729699200-B,tb-pullback_rsi-BNBUSDT-1729713600-S
BTC/USDT,pullback_rsi,2024-10-23 20:00,66538.48,2024-10-24 00:00,66601.98,signal,0.02553,3.4010720988,-1.7799170988,-0.001048,4.00,tb-pullback_rsi-BTCUSDT-1729699200-B,tb-pullback_rsi-BTCUSDT-1729713600-S
BNB/USDT,pullback_rsi,2024-10-25 12:00,593.20,2024-10-25 23:59,576.14,stop,2.957,3.4595179800,-53.9059379800,-0.030732,12.00,tb-pullback_rsi-BNBUSDT-1729843200-B,tb-pullback_rsi-BNBUSDT-1729886400-X
SOL/USDT,pullback_rsi,2024-10-25 12:00,173.83,2024-10-25 23:59,164.57,stop,5.359,1.8145285800,-51.4388685800,-0.055218,12.00,tb-pullback_rsi-SOLUSDT-1729843200-B,tb-pullback_rsi-SOLUSDT-1729886400-X
BTC/USDT,pullback_rsi,2024-10-26 04:00,66980.92,2024-10-26 12:00,67070.86,signal,0.02105,2.8237993936,-0.9305623936,-0.000660,8.00,tb-pullback_rsi-BTCUSDT-1729900800-B,tb-pullback_rsi-BTCUSDT-1729929600-S
SOL/USDT,pullback_rsi,2024-10-26 04:00,165.81,2024-10-26 12:00,168.49,signal,4.326,1.4470108500,10.1466691500,0.014146,8.00,tb-pullback_rsi-SOLUSDT-1729900800-B,tb-pullback_rsi-SOLUSDT-1729929600-S
LTC/USDT,pullback_rsi,2024-10-26 04:00,69.43,2024-10-27 04:00,69.04,signal,14.977,2.0749066400,-7.9159366400,-0.007613,24.00,tb-pullback_rsi-LTCUSDT-1729900800-B,tb-pullback_rsi-LTCUSDT-1729987200-S
SOL/USDT,pullback_rsi,2024-10-30 20:00,174.48,2024-10-31 12:00,174.82,signal,5.270,1.8418578800,-0.0500578800,-0.000054,16.00,tb-pullback_rsi-SOLUSDT-1730304000-B,tb-pullback_rsi-SOLUSDT-1730361600-S
BNB/USDT,pullback_rsi,2024-10-30 16:00,597.70,2024-10-31 15:59,580.27,stop,2.861,3.3719652700,-53.2391952700,-0.031134,24.00,tb-pullback_rsi-BNBUSDT-1730289600-B,tb-pullback_rsi-BNBUSDT-1730376000-X
LTC/USDT,pullback_rsi,2024-10-30 16:00,72.36,2024-10-31 19:59,69.55,stop,17.646,2.5054463400,-52.0907063400,-0.040796,28.00,tb-pullback_rsi-LTCUSDT-1730289600-B,tb-pullback_rsi-LTCUSDT-1730390400-X
LTC/USDT,pullback_rsi,2024-11-01 00:00,69.40,2024-11-01 16:00,70.00,signal,16.497,2.3008616000,7.5973384000,0.006636,16.00,tb-pullback_rsi-LTCUSDT-1730404800-B,tb-pullback_rsi-LTCUSDT-1730462400-S
BTC/USDT,pullback_rsi,2024-11-01 00:00,70362.31,2024-11-02 08:00,69744.09,signal,0.02180,3.0564303873,-16.5336263873,-0.010779,32.00,tb-pullback_rsi-BTCUSDT-1730404800-B,tb-pullback_rsi-BTCUSDT-1730520000-S
SOL/USDT,pullback_rsi,2024-11-01 12:00,168.05,2024-11-02 08:00,167.46,signal,5.481,1.8399386100,-5.0737286100,-0.005508,20.00,tb-pullback_rsi-SOLUSDT-1730448000-B,tb-pullback_rsi-SOLUSDT-1730520000-S
BTC/USDT,pullback_rsi,2024-11-03 20:00,68747.68,2024-11-04 00:00,68707.21,signal,0.02211,3.0411900452,-3.9359817452,-0.002589,4.00,tb-pullback_rsi-BTCUSDT-1730649600-B,tb-pullback_rsi-BTCUSDT-1730664000-S
BTC/USDT,pullback_rsi,2024-11-05 04:00,68311.26,2024-11-05 08:00,68825.10,signal,0.02033,2.7900315336,7.6563356664,0.005513,4.00,tb-pullback_rsi-BTCUSDT-1730764800-B,tb-pullback_rsi-BTCUSDT-1730779200-S
LINK/USDT,pullback_rsi,2024-11-12 20:00,14.155,2024-11-13 16:00,14.205,signal,34.10,0.96764220000,0.73735780000,0.001528,20.00,tb-pullback_rs-LINKUSDT-1731427200-B,tb-pullback_rs-LINKUSDT-1731499200-S
LTC/USDT,pullback_rsi,2024-11-12 20:00,76.83,2024-11-13 16:00,76.46,signal,6.013,0.9222705800,-3.1470805800,-0.006812,20.00,tb-pullback_rsi-LTCUSDT-1731427200-B,tb-pullback_rsi-LTCUSDT-1731499200-S
SOL/USDT,pullback_rsi,2024-11-12 20:00,213.39,2024-11-13 16:00,216.17,signal,2.550,1.0960181700,5.9929818300,0.011014,20.00,tb-pullback_rsi-SOLUSDT-1731427200-B,tb-pullback_rsi-SOLUSDT-1731499200-S
LINK/USDT,pullback_rsi,2024-11-14 20:00,13.304,2024-11-15 12:00,13.476,signal,32.89,0.88132636000,4.77575364000,0.010914,16.00,tb-pullback_rs-LINKUSDT-1731600000-B,tb-pullback_rs-LINKUSDT-1731657600-S
ETH/USDT,pullback_rsi,2024-11-14 20:00,3148.56,2024-11-16 00:00,3086.91,signal,0.1933,1.2059460600,-13.1228910600,-0.021562,28.00,tb-pullback_rsi-ETHUSDT-1731600000-B,tb-pullback_rsi-ETHUSDT-1731700800-S
LTC/USDT,pullback_rsi,2024-11-17 16:00,88.51,2024-11-18 04:00,94.53,signal,3.936,0.7207994800,22.9739205200,0.065946,12.00,tb-pullback_rsi-LTCUSDT-1731844800-B,tb-pullback_rsi-LTCUSDT-1731888000-S
BTC/USDT,pullback_rsi,2024-11-18 04:00,90759.25,2024-11-18 08:00,91628.18,signal,0.01246,2.2743625600,8.5525052400,0.007563,4.00,tb-pullback_rsi-BTCUSDT-1731888000-B,tb-pullback_rsi-BTCUSDT-1731902400-S
BNB/USDT,pullback_rsi,2024-11-20 08:00,613.41,2024-11-20 16:00,614.50,signal,1.677,2.0604318900,-0.2325018900,-0.000226,8.00,tb-pullback_rsi-BNBUSDT-1732075200-B,tb-pullback_rsi-BNBUSDT-1732104000-S
LTC/USDT,pullback_rsi,2024-11-19 20:00,87.44,2024-11-20 16:00,86.38,signal,5.042,0.8769250800,-6.2214450800,-0.014112,20.00,tb-pullback_rsi-LTCUSDT-1732032000-B,tb-pullback_rsi-LTCUSDT-1732104000-S
ETH/USDT,pullback_rsi,2024-11-23 00:00,3331.11,2024-11-23 04:00,3342.16,signal,0.2523,1.6846653560,1.1032496440,0.001313,4.00,tb-pullback_rsi-ETHUSDT-1732305600-B,tb-pullback_rsi-ETHUSDT-1732320000-S
BTC/USDT,pullback_rsi,2024-11-24 00:00,97770.08,2024-11-24 04:00,98101.89,signal,0.01564,3.0653930128,2.1241153872,0.001389,4.00,tb-pullback_rsi-BTCUSDT-1732392000-B,tb-pullback_rsi-BTCUSDT-1732406400-S
ADA/USDT,pullback_rsi,2024-11-24 20:00,0.9834,2024-11-25 00:00,1.0217,signal,307.0,0.615959060000,11.142140940000,0.036906,4.00,tb-pullback_rsi-ADAUSDT-1732464000-B,tb-pullback_rsi-ADAUSDT-1732478400-S
XRP/USDT,pullback_rsi,2024-11-24 20:00,1.3805,2024-11-25 00:00,1.4319,signal,214.4,0.603392710000,10.416767290000,0.035194,4.00,tb-pullback_rsi-XRPUSDT-1732464000-B,tb-pullback_rsi-XRPUSDT-1732478400-S
LTC/USDT,pullback_rsi,2024-11-24 20:00,95.48,2024-11-25 08:00,97.14,signal,4.316,0.8318253200,6.3327346800,0.015367,12.00,tb-pullback_rsi-LTCUSDT-1732464000-B,tb-pullback_rsi-LTCUSDT-1732507200-S
LTC/USDT,pullback_rsi,2024-11-26 04:00,94.13,2024-11-27 00:00,92.72,signal,4.703,0.8792262000,-7.5104562000,-0.016965,20.00,tb-pullback_rsi-LTCUSDT-1732579200-B,tb-pullback_rsi-LTCUSDT-1732651200-S
SOL/USDT,pullback_rsi,2024-11-26 04:00,237.68,2024-11-27 04:00,231.27,signal,2.607,1.2232656900,-17.9341356900,-0.028943,24.00,tb-pullback_rsi-SOLUSDT-1732579200-B,tb-pullback_rsi-SOLUSDT-1732665600-S
BTC/USDT,pullback_rsi,2024-11-26 04:00,94558.47,2024-11-27 08:00,93503.56,signal,0.01210,2.2774417364,-15.0418527364,-0.013147,28.00,tb-pullback_rsi-BTCUSDT-1732579200-B,tb-pullback_rsi-BTCUSDT-1732680000-S
ADA/USDT,pullback_rsi,2024-11-28 20:00,1.0033,2024-11-29 00:00,1.0310,signal,401.7,0.817679960000,10.309410040000,0.025580,4.00,tb-pullback_rsi-ADAUSDT-1732809600-B,tb-pullback_rsi-ADAUSDT-1732824000-S
SOL/USDT,pullback_rsi,2024-11-28 20:00,235.71,2024-11-29 00:00,237.34,signal,3.035,1.4366495900,3.5104004100,0.004907,4.00,tb-pullback_rsi-SOLUSDT-1732809600-B,tb-pullback_rsi-SOLUSDT-1732824000-S
LTC/USDT,pullback_rsi,2024-11-28 20:00,95.37,2024-11-29 04:00,96.37,signal,6.349,1.2180248500,5.1309751500,0.008474,8.00,tb-pullback_rsi-LTCUSDT-1732809600-B,tb-pullback_rsi-LTCUSDT-1732838400-S
ADA/USDT,pullback_rsi,2024-12-01 08:00,1.0573,2024-12-01 16:00,1.0722,signal,444.6,0.947304350000,5.677235650000,0.012077,8.00,tb-pullback_rsi-ADAUSDT-1733025600-B,tb-pullback_rsi-ADAUSDT-1733054400-S
BNB/USDT,pullback_rsi,2024-12-01 12:00,658.83,2024-12-01 16:00,661.61,signal,1.647,2.1760823400,2.4025776600,0.002214,4.00,tb-pullback_rsi-BNBUSDT-1733040000-B,tb-pullback_rsi-BNBUSDT-1733054400-S
SOL/USDT,pullback_rsi,2024-12-01 12:00,237.33,2024-12-01 16:00,238.27,signal,3.985,1.8962153200,1.8496846800,0.001956,4.00,tb-pullback_rsi-SOLUSDT-1733040000-B,tb-pullback_rsi-SOLUSDT-1733054400-S
BNB/USDT,pullback_rsi,2024-12-02 16:00,650.30,2024-12-03 04:00,651.27,signal,1.560,2.0317498000,-0.5185498000,-0.000511,12.00,tb-pullback_rsi-BNBUSDT-1733140800-B,tb-pullback_rsi-BNBUSDT-1733184000-S
ETH/USDT,pullback_rsi,2024-12-02 16:00,3675.81,2024-12-03 15:59,3498.53,stop,0.2750,1.9740462430,-50.7260462430,-0.050182,24.00,tb-pullback_rsi-ETHUSDT-1733140800-B,tb-pullback_rsi-ETHUSDT-1733227200-X
BTC/USDT,pullback_rsi,2024-12-02 16:00,97145.06,2024-12-03 15:59,94057.01,stop,0.01596,3.0535279388,-52.3388059388,-0.033757,24.00,tb-pullback_rsi-BTCUSDT-1733140800-B,tb-pullback_rsi-BTCUSDT-1733227200-X
ETH/USDT,pullback_rsi,2024-12-03 20:00,3580.92,2024-12-04 00:00,3610.89,signal,0.2661,1.9148149180,6.0602020820,0.006360,4.00,tb-pullback_rsi-ETHUSDT-1733241600-B,tb-pullback_rsi-ETHUSDT-1733256000-S
SOL/USDT,pullback_rsi,2024-12-05 04:00,233.16,2024-12-05 08:00,233.66,signal,2.565,1.1980927800,0.0844072200,0.000141,4.00,tb-pullback_rsi-SOLUSDT-1733356800-B,tb-pullback_rsi-SOLUSDT-1733371200-S
BNB/USDT,pullback_rsi,2024-12-05 08:00,730.33,2024-12-06 04:00,728.63,signal,0.733,1.0701480100,-2.3162480100,-0.004327,20.00,tb-pullback_rsi-BNBUSDT-1733371200-B,tb-pullback_rsi-BNBUSDT-1733443200-S
BTC/USDT,pullback_rsi,2024-12-06 04:00,97833.03,2024-12-06 16:00,99210.69,signal,0.00778,1.5339784737,9.1842163263,0.012066,12.00,tb-pullback_rsi-BTCUSDT-1733443200-B,tb-pullback_rsi-BTCUSDT-1733486400-S
XRP/USDT,pullback_rsi,2024-12-05 08:00,2.3776,2024-12-06 20:00,2.3621,signal,105.6,0.500987840000,-2.137787840000,-0.008515,36.00,tb-pullback_rsi-XRPUSDT-1733371200-B,tb-pullback_rsi-XRPUSDT-1733500800-S
LTC/USDT,pullback_rsi,2024-12-08 12:00,132.90,2024-12-08 16:00,134.23,signal,3.893,1.0404686900,4.1372213100,0.007996,4.00,tb-pullback_rsi-LTCUSDT-1733644800-B,tb-pullback_rsi-LTCUSDT-1733659200-S
ETH/USDT,pullback_rsi,2024-12-08 16:00,3994.79,2024-12-09 00:00,4000.14,signal,0.2811,2.2485732560,-0.7446882560,-0.000663,8.00,tb-pullback_rsi-ETHUSDT-1733659200-B,tb-pullback_rsi-ETHUSDT-1733688000-S
ADA/USDT,pullback_rsi,2024-12-09 00:00,1.1948,2024-12-09 15:59,1.0959,stop,484.2,1.109754340000,-48.997134340000,-0.084694,16.00,tb-pullback_rsi-ADAUSDT-1733688000-B,tb-pullback_rsi-ADAUSDT-1733745600-X
ADA/USDT,pullback_rsi,2024-12-09 16:00,1.1164,2024-12-09 23:59,1.0104,stop,449.0,0.955491400000,-48.549491400000,-0.096854,8.00,tb-pullback_rsi-ADAUSDT-1733745600-B,tb-pullback_rsi-ADAUSDT-1733774400-X
LTC/USDT,pullback_rsi,2024-12-09 16:00,123.29,2024-12-09 23:59,110.61,stop,3.747,0.8769164600,-48.3888764600,-0.104745,8.00,tb-pullback_rsi-LTCUSDT-1733745600-B,tb-pullback_rsi-LTCUSDT-1733774400-X
XRP/USDT,pullback_rsi,2024-12-09 16:00,2.3903,2024-12-09 23:59,2.1173,stop,173.9,0.784349700000,-48.259049700000,-0.116099,8.00,tb-pullback_rsi-XRPUSDT-1733745600-B,tb-pullback_rsi-XRPUSDT-1733774400-X
BTC/USDT,pullback_rsi,2024-12-10 00:00,97373.76,2024-12-10 12:00,97624.80,signal,0.01034,2.0182325836,0.5775210164,0.000574,12.00,tb-pullback_rsi-BTCUSDT-1733774400-B,tb-pullback_rsi-BTCUSDT-1733817600-S
ADA/USDT,pullback_rsi,2024-12-10 20:00,0.9656,2024-12-11 00:00,1.0204,signal,327.9,0.651595640000,17.317324360000,0.054694,4.00,tb-pullback_rsi-ADAUSDT-1733846400-B,tb-pullback_rsi-ADAUSDT-1733860800-S
LINK/USDT,pullback_rsi,2024-12-10 08:00,23.094,2024-12-11 04:00,22.417,signal,12.10,0.55114498000,-8.74284498000,-0.031287,20.00,tb-pullback_rs-LINKUSDT-1733803200-B,tb-pullback_rs-LINKUSDT-1733875200-S
ETH/USDT,pullback_rsi,2024-12-10 08:00,3738.28,2024-12-11 12:00,3713.12,signal,0.1950,1.4537706560,-6.3599706560,-0.008725,28.00,tb-pullback_rsi-ETHUSDT-1733803200-B,tb-pullback_rsi-ETHUSDT-1733904000-S
XRP/USDT,pullback_rsi,2024-12-13 04:00,2.3534,2024-12-13 16:00,2.3966,signal,164.9,0.783745680000,6.339934320000,0.016337,12.00,tb-pullback_rsi-XRPUSDT-1734048000-B,tb-pullback_rsi-XRPUSDT-1734091200-S
SOL/USDT,pullback_rsi,2024-12-13 12:00,225.83,2024-12-14 04:00,226.00,signal,3.223,1.4571514100,-0.9092414100,-0.001249,16.00,tb-pullback_rsi-SOLUSDT-1734076800-B,tb-pullback_rsi-SOLUSDT-1734134400-S
ADA/USDT,pullback_rsi,2024-12-15 00:00,1.0620,2024-12-15 12:00,1.0772,signal,485.2,1.038470840000,6.336569160000,0.012297,12.00,tb-pullback_rsi-ADAUSDT-1734206400-B,tb-pullback_rsi-ADAUSDT-1734249600-S
ETH/USDT,pullback_rsi,2024-12-15 00:00,3874.18,2024-12-15 16:00,3890.86,signal,0.2664,2.0697689060,2.3737830940,0.002300,16.00,tb-pullback_rsi-ETHUSDT-1734206400-B,tb-pullback_rsi-ETHUSDT-1734264000-S
LTC/USDT,pullback_rsi,2024-12-15 00:00,118.35,2024-12-15 16:00,119.94,signal,4.454,1.0619354100,6.0199245900,0.011420,16.00,tb-pullback_rsi-LTCUSDT-1734206400-B,tb-pullback_rsi-LTCUSDT-1734264000-S
LTC/USDT,pullback_rsi,2024-12-16 16:00,118.42,2024-12-16 20:00,119.96,signal,4.692,1.1190710600,6.1066089400,0.010990,4.00,tb-pullback_rsi-LTCUSDT-1734350400-B,tb-pullback_rsi-LTCUSDT-1734364800-S
XRP/USDT,pullback_rsi,2024-12-16 16:00,2.3767,2024-12-16 20:00,2.4724,signal,256.4,1.244022250000,23.293457750000,0.038224,4.00,tb-pullback_rsi-XRPUSDT-1734350400-B,tb-pullback_rsi-XRPUSDT-1734364800-S
LINK/USDT,pullback_rsi,2024-12-17 12:00,28.419,2024-12-18 12:00,27.892,signal,15.31,0.86268979000,-8.93105979000,-0.020527,24.00,tb-pullback_rs-LINKUSDT-1734422400-B,tb-pullback_rs-LINKUSDT-1734508800-S
BTC/USDT,pullback_rsi,2024-12-18 12:00,105133.36,2024-12-18 23:59,101254.74,stop,0.01232,2.5448040624,-50.3294024624,-0.038857,12.00,tb-pullback_rsi-BTCUSDT-1734508800-B,tb-pullback_rsi-BTCUSDT-1734552000-X
ETH/USDT,pullback_rsi,2024-12-18 12:00,3886.55,2024-12-18 23:59,3698.29,stop,0.2523,1.9148211000,-49.4128191000,-0.050392,12.00,tb-pullback_rsi-ETHUSDT-1734508800-B,tb-pullback_rsi-ETHUSDT-1734552000-X
BTC/USDT,pullback_rsi,2024-12-19 04:00,101294.35,2024-12-19 12:00,102347.55,signal,0.01062,2.1647028640,9.0202811360,0.008385,8.00,tb-pullback_rsi-BTCUSDT-1734566400-B,tb-pullback_rsi-BTCUSDT-1734595200-S
ETH/USDT,pullback_rsi,2024-12-19 04:00,3672.57,2024-12-19 19:59,3449.84,stop,0.2100,1.4968078710,-48.2701078710,-0.062588,16.00,tb-pullback_rsi-ETHUSDT-1734566400-B,tb-pullback_rsi-ETHUSDT-1734624000-X
BNB/USDT,pullback_rsi,2024-12-19 04:00,701.39,2024-12-19 19:59,663.01,stop,1.221,1.6673351800,-48.5293151800,-0.056667,16.00,tb-pullback_rsi-BNBUSDT-1734566400-B,tb-pullback_rsi-BNBUSDT-1734624000-X
XRP/USDT,pullback_rsi,2024-12-20 00:00,2.2414,2024-12-20 04:00,2.3274,signal,164.3,0.751102120000,13.378697880000,0.036329,4.00,tb-pullback_rsi-XRPUSDT-1734638400-B,tb-pullback_rsi-XRPUSDT-1734652800-S
BTC/USDT,pullback_rsi,2024-12-20 00:00,97559.33,2024-12-20 15:59,92325.88,stop,0.00887,1.6852574104,-48.1059589104,-0.055591,16.00,tb-pullback_rsi-BTCUSDT-1734638400-B,tb-pullback_rsi-BTCUSDT-1734696000-X
LINK/USDT,pullback_rsi,2024-12-20 00:00,22.833,2024-12-20 20:00,23.276,signal,13.46,0.62108380000,5.34169620000,0.017381,20.00,tb-pullback_rs-LINKUSDT-1734638400-B,tb-pullback_rs-LINKUSDT-1734710400-S
BTC/USDT,pullback_rsi,2024-12-20 16:00,97088.63,2024-12-21 00:00,97707.63,signal,0.00733,1.4288274742,3.1084425258,0.004368,8.00,tb-pullback_rsi-BTCUSDT-1734696000-B,tb-pullback_rsi-BTCUSDT-1734724800-S
XRP/USDT,pullback_rsi,2024-12-20 16:00,2.2170,2024-12-21 04:00,2.2973,signal,131.4,0.593622420000,9.957797580000,0.034182,12.00,tb-pullback_rsi-XRPUSDT-1734696000-B,tb-pullback_rsi-XRPUSDT-1734739200-S
BNB/USDT,pullback_rsi,2024-12-26 20:00,692.91,2024-12-27 12:00,705.32,signal,1.383,1.9351379100,15.2278920900,0.015891,16.00,tb-pullback_rsi-BNBUSDT-1735228800-B,tb-pullback_rsi-BNBUSDT-1735286400-S
LINK/USDT,pullback_rsi,2024-12-26 20:00,22.833,2024-12-27 12:00,23.416,signal,20.61,0.95387688000,11.06175312000,0.023506,16.00,tb-pullback_rs-LINKUSDT-1735228800-B,tb-pullback_rs-LINKUSDT-1735286400-S
XRP/USDT,pullback_rsi,2024-12-27 04:00,2.1776,2024-12-27 12:00,2.2122,signal,296.8,1.303545920000,8.965734080000,0.013872,8.00,tb-pullback_rsi-XRPUSDT-1735257600-B,tb-pullback_rsi-XRPUSDT-1735286400-S
XRP/USDT,pullback_rsi,2025-01-05 08:00,2.4030,2025-01-06 00:00,2.3969,signal,361.1,1.734205090000,-3.936915090000,-0.004537,16.00,tb-pullback_rsi-XRPUSDT-1736049600-B,tb-pullback_rsi-XRPUSDT-1736107200-S
ADA/USDT,pullback_rsi,2025-01-18 12:00,1.0721,2025-01-19 00:00,1.1032,signal,454.2,0.988557310000,13.137062690000,0.026978,12.00,tb-pullback_rsi-ADAUSDT-1737187200-B,tb-pullback_rsi-ADAUSDT-1737230400-S
BNB/USDT,pullback_rsi,2025-01-18 12:00,702.62,2025-01-19 00:00,708.81,signal,1.813,2.5603278300,8.6621421700,0.006800,12.00,tb-pullback_rsi-BNBUSDT-1737187200-B,tb-pullback_rsi-BNBUSDT-1737230400-S
LTC/USDT,pullback_rsi,2025-01-18 12:00,127.77,2025-01-19 11:59,114.38,stop,3.442,0.8339913800,-46.9223713800,-0.106694,24.00,tb-pullback_rsi-LTCUSDT-1737187200-B,tb-pullback_rsi-LTCUSDT-1737273600-X
BNB/USDT,pullback_rsi,2025-01-19 16:00,698.58,2025-01-19 20:00,706.60,signal,1.661,2.3354011400,10.9858188600,0.009468,4.00,tb-pullback_rsi-BNBUSDT-1737288000-B,tb-pullback_rsi-BNBUSDT-1737302400-S
LINK/USDT,pullback_rsi,2025-01-19 16:00,25.436,2025-01-19 20:00,26.013,signal,17.66,0.90909806000,9.28072194000,0.020661,4.00,tb-pullback_rs-LINKUSDT-1737288000-B,tb-pullback_rs-LINKUSDT-1737302400-S
LTC/USDT,pullback_rsi,2025-01-19 16:00,124.44,2025-01-19 23:59,110.98,stop,3.415,0.8044570600,-46.7703570600,-0.110058,8.00,tb-pullback_rsi-LTCUSDT-1737288000-B,tb-pullback_rsi-LTCUSDT-1737316800-X
LINK/USDT,pullback_rsi,2025-01-21 12:00,25.686,2025-01-21 16:00,25.814,signal,12.70,0.65456372000,0.97103628000,0.002977,4.00,tb-pullback_rs-LINKUSDT-1737446400-B,tb-pullback_rs-LINKUSDT-1737460800-S
ADA/USDT,pullback_rsi,2025-01-21 12:00,1.0014,2025-01-21 20:00,1.0136,signal,361.3,0.728420060000,3.679439940000,0.010170,8.00,tb-pullback_rsi-ADAUSDT-1737446400-B,tb-pullback_rsi-ADAUSDT-1737475200-S
SOL/USDT,pullback_rsi,2025-01-20 08:00,262.18,2025-01-21 20:00,253.15,signal,1.077,0.5555347700,-10.2808447700,-0.036409,36.00,tb-pullback_rsi-SOLUSDT-1737345600-B,tb-pullback_rsi-SOLUSDT-1737475200-S
BTC/USDT,pullback_rsi,2025-01-22 20:00,104734.63,2025-01-23 16:00,105158.25,signal,0.00811,1.7032786056,1.7322795944,0.002039,20.00,tb-pullback_rsi-BTCUSDT-1737561600-B,tb-pullback_rsi-BTCUSDT-1737633600-S
LTC/USDT,pullback_rsi,2025-01-22 12:00,117.31,2025-01-23 16:00,115.84,signal,3.653,0.8521661900,-6.2220761900,-0.014519,28.00,tb-pullback_rsi-LTCUSDT-1737532800-B,tb-pullback_rsi-LTCUSDT-1737633600-S
LINK/USDT,pullback_rsi,2025-01-23 16:00,25.506,2025-01-24 00:00,25.634,signal,17.11,0.87551552000,1.31456448000,0.003012,8.00,tb-pullback_rs-LINKUSDT-1737633600-B,tb-pullback_rs-LINKUSDT-1737662400-S
SOL/USDT,pullback_rsi,2025-01-25 12:00,250.22,2025-01-25 16:00,253.42,signal,1.809,0.9115852000,4.8772148000,0.010775,4.00,tb-pullback_rsi-SOLUSDT-1737792000-B,tb-pullback_rsi-SOLUSDT-1737806400-S
BTC/USDT,pullback_rsi,2025-01-27 16:00,101213.15,2025-01-28 00:00,101980.74,signal,0.01046,2.1274323520,5.9015590480,0.005574,8.00,tb-pullback_rsi-BTCUSDT-1737979200-B,tb-pullback_rsi-BTCUSDT-1738008000-S
XRP/USDT,pullback_rsi,2025-01-27 16:00,2.9596,2025-01-28 00:00,3.0521,signal,181.7,1.092917810000,15.714332190000,0.029222,8.00,tb-pullback_rsi-XRPUSDT-1737979200-B,tb-pullback_rsi-XRPUSDT-1738008000-S
SOL/USDT,pullback_rsi,2025-01-27 16:00,233.91,2025-01-28 04:00,236.44,signal,1.980,0.9317608200,4.0776391800,0.008804,12.00,tb-pullback_rsi-SOLUSDT-1737979200-B,tb-pullback_rsi-SOLUSDT-1738022400-S
BTC/USDT,pullback_rsi,2025-01-29 04:00,102140.25,2025-01-29 08:00,102653.05,signal,0.01088,2.2301939050,3.3490700950,0.003014,4.00,tb-pullback_rsi-BTCUSDT-1738108800-B,tb-pullback_rsi-BTCUSDT-1738123200-S
LTC/USDT,pullback_rsi,2025-01-29 04:00,113.46,2025-01-29 08:00,114.60,signal,4.705,1.0735896000,4.2901104000,0.008036,4.00,tb-pullback_rsi-LTCUSDT-1738108800-B,tb-pullback_rsi-LTCUSDT-1738123200-S
SOL/USDT,pullback_rsi,2025-01-29 04:00,231.44,2025-01-29 08:00,234.18,signal,2.224,1.0362332000,5.0575268000,0.009826,4.00,tb-pullback_rsi-SOLUSDT-1738108800-B,tb-pullback_rsi-SOLUSDT-1738123200-S
BTC/USDT,pullback_rsi,2025-01-31 12:00,104840.75,2025-01-31 16:00,105358.53,signal,0.01312,2.7599113650,4.0333622350,0.002932,4.00,tb-pullback_rsi-BTCUSDT-1738310400-B,tb-pullback_rsi-BTCUSDT-1738324800-S
SOL/USDT,pullback_rsi,2025-01-31 12:00,239.01,2025-01-31 16:00,239.85,signal,2.690,1.2888504300,0.9707495700,0.001510,4.00,tb-pullback_rsi-SOLUSDT-1738310400-B,tb-pullback_rsi-SOLUSDT-1738324800-S
BTC/USDT,pullback_rsi,2025-02-01 16:00,102175.97,2025-02-02 11:59,98836.79,stop,0.01541,3.0996501471,-54.5564139471,-0.034649,20.00,tb-pullback_rsi-BTCUSDT-1738411200-B,tb-pullback_rsi-BTCUSDT-1738483200-X
XRP/USDT,pullback_rsi,2025-02-02 08:00,2.8846,2025-02-02 19:59,2.6881,stop,256.7,1.431377470000,-51.872927470000,-0.070053,12.00,tb-pullback_rsi-XRPUSDT-1738468800-B,tb-pullback_rsi-XRPUSDT-1738512000-X
LTC/USDT,pullback_rsi,2025-02-02 08:00,115.67,2025-02-03 03:59,103.85,stop,4.246,0.9326602700,-51.1203802700,-0.104086,20.00,tb-pullback_rsi-LTCUSDT-1738468800-B,tb-pullback_rsi-LTCUSDT-1738540800-X
LTC/USDT,pullback_rsi,2025-02-12 00:00,119.38,2025-02-12 20:00,123.67,signal,4.278,1.0403648000,17.3122552000,0.033899,20.00,tb-pullback_rsi-LTCUSDT-1739304000-B,tb-pullback_rsi-LTCUSDT-1739376000-S
BNB/USDT,pullback_rsi,2025-02-14 04:00,683.88,2025-02-15 16:00,665.55,signal,0.889,1.2003271500,-17.4956971500,-0.028777,36.00,tb-pullback_rsi-BNBUSDT-1739491200-B,tb-pullback_rsi-BNBUSDT-1739620800-S
ADA/USDT,pullback_rsi,2025-04-24 12:00,0.6882,2025-04-24 16:00,0.7254,signal,1253.6,1.772983620000,44.860936380000,0.051999,4.00,tb-pullback_rsi-ADAUSDT-1745481600-B,tb-pullback_rsi-ADAUSDT-1745496000-S
XRP/USDT,pullback_rsi,2025-04-24 12:00,2.1578,2025-04-24 16:00,2.2103,signal,428.2,1.871499320000,20.609000680000,0.022305,4.00,tb-pullback_rsi-XRPUSDT-1745481600-B,tb-pullback_rsi-XRPUSDT-1745496000-S
BNB/USDT,pullback_rsi,2025-04-24 00:00,606.33,2025-04-25 00:00,600.95,signal,3.022,3.6508254800,-19.9091854800,-0.010866,24.00,tb-pullback_rsi-BNBUSDT-1745438400-B,tb-pullback_rsi-BNBUSDT-1745524800-S
BNB/USDT,pullback_rsi,2025-04-26 04:00,602.81,2025-04-26 16:00,607.35,signal,3.014,3.6498334800,10.0337265200,0.005523,12.00,tb-pullback_rsi-BNBUSDT-1745625600-B,tb-pullback_rsi-BNBUSDT-1745668800-S
SOL/USDT,pullback_rsi,2025-04-26 16:00,149.47,2025-04-27 16:00,148.87,signal,6.152,1.8364339700,-5.5276339700,-0.006011,24.00,tb-pullback_rsi-SOLUSDT-1745668800-B,tb-pullback_rsi-SOLUSDT-1745755200-S
XRP/USDT,pullback_rsi,2025-04-27 12:00,2.1825,2025-04-27 16:00,2.2255,signal,555.5,2.449953500000,21.436546500000,0.017681,4.00,tb-pullback_rsi-XRPUSDT-1745740800-B,tb-pullback_rsi-XRPUSDT-1745755200-S
BNB/USDT,pullback_rsi,2025-04-27 12:00,601.14,2025-04-27 20:00,604.85,signal,3.223,3.8893103300,8.0680196700,0.004164,8.00,tb-pullback_rsi-BNBUSDT-1745740800-B,tb-pullback_rsi-BNBUSDT-1745769600-S
LINK/USDT,pullback_rsi,2025-04-27 20:00,14.835,2025-04-28 04:00,14.835,signal,56.29,1.67101440000,-1.67101440000,-0.002001,8.00,tb-pullback_rs-LINKUSDT-1745769600-B,tb-pullback_rs-LINKUSDT-1745798400-S
ADA/USDT,pullback_rsi,2025-04-27 20:00,0.7167,2025-04-28 08:00,0.7244,signal,1121.8,1.617486020000,7.020373980000,0.008732,12.00,tb-pullback_rsi-ADAUSDT-1745769600-B,tb-pullback_rsi-ADAUSDT-1745812800-S
XRP/USDT,pullback_rsi,2025-04-30 04:00,2.2510,2025-04-30 15:59,2.1435,stop,470.8,2.070056100000,-52.681056100000,-0.049710,12.00,tb-pullback_rsi-XRPUSDT-1745971200-B,tb-pullback_rsi-XRPUSDT-1746014400-X
LINK/USDT,pullback_rsi,2025-04-30 04:00,14.745,2025-04-30 15:59,13.867,stop,57.38,1.64264126000,-52.02228126000,-0.061487,12.00,tb-pullback_rs-LINKUSDT-1745971200-B,tb-pullback_rs-LINKUSDT-1746014400-X
ADA/USDT,pullback_rsi,2025-04-30 04:00,0.7035,2025-05-01 04:00,0.6881,signal,1158.6,1.613151960000,-19.455591960000,-0.023870,24.00,tb-pullback_rsi-ADAUSDT-1745971200-B,tb-pullback_rsi-ADAUSDT-1746057600-S
LINK/USDT,pullback_rsi,2025-04-30 20:00,14.225,2025-05-01 04:00,14.515,signal,53.25,1.53125850000,13.91124150000,0.018365,8.00,tb-pullback_rs-LINKUSDT-1746028800-B,tb-pullback_rs-LINKUSDT-1746057600-S
LTC/USDT,pullback_rsi,2025-04-30 20:00,83.78,2025-05-01 08:00,84.86,signal,10.949,1.8473609400,9.9775590600,0.010877,12.00,tb-pullback_rsi-LTCUSDT-1746028800-B,tb-pullback_rsi-LTCUSDT-1746072000-S
SOL/USDT,pullback_rsi,2025-05-02 12:00,150.88,2025-05-04 12:00,145.31,signal,6.814,2.0192948200,-39.9732748200,-0.038881,48.00,tb-pullback_rsi-SOLUSDT-1746172800-B,tb-pullback_rsi-SOLUSDT-1746345600-S
BTC/USDT,pullback_rsi,2025-05-03 16:00,96515.10,2025-05-04 23:59,94236.00,stop,0.02023,3.8617902060,-49.9679832060,-0.025592,32.00,tb-pullback_rsi-BTCUSDT-1746273600-B,tb-pullback_rsi-BTCUSDT-1746388800-X
LINK/USDT,pullback_rsi,2025-05-03 16:00,14.435,2025-05-05 08:00,14.105,signal,67.19,1.91861305000,-24.09131305000,-0.024839,40.00,tb-pullback_rs-LINKUSDT-1746273600-B,tb-pullback_rs-LINKUSDT-1746417600-S
SOL/USDT,pullback_rsi,2025-05-04 16:00,146.98,2025-05-05 08:00,146.73,signal,8.583,2.5222357500,-4.6679857500,-0.003700,16.00,tb-pullback_rsi-SOLUSDT-1746360000-B,tb-pullback_rsi-SOLUSDT-1746417600-S
ADA/USDT,pullback_rsi,2025-05-05 08:00,0.6865,2025-05-06 11:59,0.6463,stop,1228.7,1.638503810000,-51.032243810000,-0.060500,28.00,tb-pullback_rsi-ADAUSDT-1746417600-B,tb-pullback_rsi-ADAUSDT-1746518400-X
ETH/USDT,pullback_rsi,2025-05-06 20:00,1786.59,2025-05-07 00:00,1815.18,signal,0.6775,2.4414497880,16.9282752120,0.013986,4.00,tb-pullback_rsi-ETHUSDT-1746547200-B,tb-pullback_rsi-ETHUSDT-1746561600-S
ETH/USDT,pullback_rsi,2025-05-08 00:00,1812.93,2025-05-08 04:00,1899.18,signal,0.6686,2.4831857990,55.1835642010,0.045526,4.00,tb-pullback_rsi-ETHUSDT-1746648000-B,tb-pullback_rsi-ETHUSDT-1746662400-S
BTC/USDT,pullback_rsi,2025-05-13 00:00,102894.12,2025-05-13 12:00,103625.47,signal,0.01414,2.9222448892,7.4190441108,0.005099,12.00,tb-pullback_rsi-BTCUSDT-1747080000-B,tb-pullback_rsi-BTCUSDT-1747123200-S
ETH/USDT,pullback_rsi,2025-05-13 00:00,2497.98,2025-05-13 12:00,2510.87,signal,0.2403,1.2043760480,1.8930909520,0.003154,12.00,tb-pullback_rsi-ETHUSDT-1747080000-B,tb-pullback_rsi-ETHUSDT-1747123200-S
LINK/USDT,pullback_rsi,2025-05-13 00:00,16.757,2025-05-13 16:00,16.853,signal,33.76,1.13534388000,2.10561612000,0.003722,16.00,tb-pullback_rs-LINKUSDT-1747080000-B,tb-pullback_rs-LINKUSDT-1747137600-S
LTC/USDT,pullback_rsi,2025-05-14 20:00,100.29,2025-05-15 20:00,99.49,signal,6.042,1.2077727900,-6.0413727900,-0.009970,24.00,tb-pullback_rsi-LTCUSDT-1747238400-B,tb-pullback_rsi-LTCUSDT-1747324800-S
ADA/USDT,pullback_rsi,2025-05-15 12:00,0.7727,2025-05-16 04:00,0.7807,signal,743.4,1.155415720000,4.791784280000,0.008342,16.00,tb-pullback_rsi-ADAUSDT-1747296000-B,tb-pullback_rsi-ADAUSDT-1747353600-S
LINK/USDT,pullback_rsi,2025-05-15 12:00,16.337,2025-05-16 08:00,16.333,signal,37.11,1.21303718000,-1.36147718000,-0.002246,20.00,tb-pullback_rs-LINKUSDT-1747296000-B,tb-pullback_rs-LINKUSDT-1747368000-S
XRP/USDT,pullback_rsi,2025-05-16 04:00,2.4151,2025-05-18 04:00,2.3562,signal,260.0,1.241262530000,-16.555262530000,-0.026365,48.00,tb-pullback_rsi-XRPUSDT-1747353600-B,tb-pullback_rsi-XRPUSDT-1747526400-S
ADA/USDT,pullback_rsi,2025-05-17 08:00,0.7768,2025-05-18 08:00,0.7586,signal,787.2,1.209288320000,-15.536328320000,-0.025407,24.00,tb-pullback_rsi-ADAUSDT-1747454400-B,tb-pullback_rsi-ADAUSDT-1747540800-S
SOL/USDT,pullback_rsi,2025-05-17 04:00,168.43,2025-05-18 08:00,170.50,signal,4.167,1.4131634600,7.2125265400,0.010276,28.00,tb-pullback_rsi-SOLUSDT-1747440000-B,tb-pullback_rsi-SOLUSDT-1747540800-S
ADA/USDT,pullback_rsi,2025-05-20 16:00,0.7329,2025-05-20 20:00,0.7385,signal,940.9,1.385173160000,3.883866840000,0.005632,4.00,tb-pullback_rsi-ADAUSDT-1747742400-B,tb-pullback_rsi-ADAUSDT-1747756800-S
LTC/USDT,pullback_rsi,2025-05-20 16:00,93.99,2025-05-21 04:00,94.64,signal,7.080,1.3362523200,3.2657476800,0.004908,12.00,tb-pullback_rsi-LTCUSDT-1747742400-B,tb-pullback_rsi-LTCUSDT-1747785600-S
BNB/USDT,pullback_rsi,2025-05-24 04:00,665.14,2025-05-24 12:00,674.01,signal,1.921,2.5738374300,14.4654325700,0.011321,8.00,tb-pullback_rsi-BNBUSDT-1748044800-B,tb-pullback_rsi-BNBUSDT-1748073600-S
BTC/USDT,pullback_rsi,2025-05-24 04:00,108474.68,2025-05-24 12:00,109099.36,signal,0.01185,2.5804218716,4.8220361284,0.003751,8.00,tb-pullback_rsi-BTCUSDT-1748044800-B,tb-pullback_rsi-BTCUSDT-1748073600-S
ETH/USDT,pullback_rsi,2025-05-25 12:00,2500.41,2025-05-25 20:00,2524.07,signal,0.3498,1.7585632720,6.5177047280,0.007452,8.00,tb-pullback_rsi-ETHUSDT-1748160000-B,tb-pullback_rsi-ETHUSDT-1748188800-S
LINK/USDT,pullback_rsi,2025-05-24 04:00,15.756,2025-05-26 00:00,15.524,signal,38.07,1.19145984000,-10.02369984000,-0.016711,44.00,tb-pullback_rs-LINKUSDT-1748044800-B,tb-pullback_rs-LINKUSDT-1748203200-S
LTC/USDT,pullback_rsi,2025-05-25 04:00,95.88,2025-05-26 00:00,95.49,signal,8.501,1.6276992900,-4.9430892900,-0.006065,20.00,tb-pullback_rsi-LTCUSDT-1748131200-B,tb-pullback_rsi-LTCUSDT-1748203200-S
SOL/USDT,pullback_rsi,2025-05-27 00:00,175.10,2025-05-27 12:00,176.62,signal,5.164,1.8173326800,6.0319473200,0.006671,12.00,tb-pullback_rsi-SOLUSDT-1748289600-B,tb-pullback_rsi-SOLUSDT-1748332800-S
ADA/USDT,pullback_rsi,2025-05-28 12:00,0.7597,2025-05-29 04:00,0.7572,signal,1274.2,1.933821590000,-5.119321590000,-0.005289,16.00,tb-pullback_rsi-ADAUSDT-1748419200-B,tb-pullback_rsi-ADAUSDT-1748476800-S
BTC/USDT,pullback_rsi,2025-05-29 00:00,107889.57,2025-05-29 04:00,107936.82,signal,0.01589,3.4316391287,-2.6808366287,-0.001564,4.00,tb-pullback_rsi-BTCUSDT-1748462400-B,tb-pullback_rsi-BTCUSDT-1748476800-S
SOL/USDT,pullback_rsi,2025-05-28 12:00,174.70,2025-05-29 04:00,173.51,signal,5.927,2.0648888700,-9.1180188700,-0.008806,16.00,tb-pullback_rsi-SOLUSDT-1748419200-B,tb-pullback_rsi-SOLUSDT-1748476800-S
BNB/USDT,pullback_rsi,2025-05-30 12:00,671.86,2025-05-30 23:59,652.74,stop,2.625,3.4790905800,-53.6690905800,-0.030431,12.00,tb-pullback_rsi-BNBUSDT-1748592000-B,tb-pullback_rsi-BNBUSDT-1748635200-X
ETH/USDT,pullback_rsi,2025-05-30 12:00,2624.67,2025-05-31 03:59,2479.56,stop,0.3399,1.7359776410,-51.0588666410,-0.057233,16.00,tb-pullback_rsi-ETHUSDT-1748592000-B,tb-pullback_rsi-ETHUSDT-1748649600-X
BTC/USDT,pullback_rsi,2025-05-30 04:00,106130.36,2025-05-31 16:00,104451.52,signal,0.01476,3.1103111608,-27.8899895608,-0.017804,36.00,tb-pullback_rsi-BTCUSDT-1748563200-B,tb-pullback_rsi-BTCUSDT-1748692800-S
ETH/USDT,pullback_rsi,2025-05-31 08:00,2523.64,2025-05-31 16:00,2533.75,signal,0.3340,1.6901777160,1.6865622840,0.002001,8.00,tb-pullback_rsi-ETHUSDT-1748664000-B,tb-pullback_rsi-ETHUSDT-1748692800-S
BNB/USDT,pullback_rsi,2025-05-31 08:00,654.50,2025-05-31 20:00,657.87,signal,2.377,3.1214669900,4.8890230100,0.003143,12.00,tb-pullback_rsi-BNBUSDT-1748664000-B,tb-pullback_rsi-BNBUSDT-1748707200-S
ETH/USDT,pullback_rsi,2025-06-01 16:00,2525.76,2025-06-01 20:00,2523.85,signal,0.4089,2.0660484140,-2.8470474140,-0.002757,4.00,tb-pullback_rsi-ETHUSDT-1748779200-B,tb-pullback_rsi-ETHUSDT-1748793600-S
BNB/USDT,pullback_rsi,2025-06-01 16:00,655.38,2025-06-02 00:00,660.10,signal,2.819,3.7103042600,9.5953757400,0.005194,8.00,tb-pullback_rsi-BNBUSDT-1748779200-B,tb-pullback_rsi-BNBUSDT-1748808000-S
ETH/USDT,pullback_rsi,2025-06-06 04:00,2458.16,2025-06-06 16:00,2507.11,signal,0.3371,1.6747757800,14.8262692200,0.017892,12.00,tb-pullback_rsi-ETHUSDT-1749168000-B,tb-pullback_rsi-ETHUSDT-1749211200-S
BTC/USDT,pullback_rsi,2025-06-12 16:00,107127.99,2025-06-13 03:59,104470.16,stop,0.01879,3.9780718019,-53.9186975019,-0.026786,12.00,tb-pullback_rsi-BTCUSDT-1749729600-B,tb-pullback_rsi-BTCUSDT-1749772800-X
BTC/USDT,pullback_rsi,2025-06-13 08:00,104999.91,2025-06-13 16:00,105331.43,signal,0.01556,3.2748556478,1.8835955522,0.001153,8.00,tb-pullback_rsi-BTCUSDT-1749787200-B,tb-pullback_rsi-BTCUSDT-1749816000-S
BNB/USDT,pullback_rsi,2025-06-13 08:00,655.67,2025-06-14 00:00,654.69,signal,2.726,3.5740083700,-6.2454883700,-0.003494,16.00,tb-pullback_rsi-BNBUSDT-1749787200-B,tb-pullback_rsi-BNBUSDT-1749844800-S
ETH/USDT,pullback_rsi,2025-06-13 08:00,2528.99,2025-06-14 00:00,2576.61,signal,0.2703,1.3808023740,11.4908836260,0.016810,16.00,tb-pullback_rsi-ETHUSDT-1749787200-B,tb-pullback_rsi-ETHUSDT-1749844800-S
BTC/USDT,pullback_rsi,2025-06-15 00:00,105520.05,2025-06-15 04:00,105368.06,signal,0.01806,3.8107496640,-6.5556890640,-0.003440,4.00,tb-pullback_rsi-BTCUSDT-1749931200-B,tb-pullback_rsi-BTCUSDT-1749945600-S
ETH/USDT,pullback_rsi,2025-06-15 00:00,2533.31,2025-06-15 16:00,2539.26,signal,0.3413,1.7322814670,0.2984535330,0.000345,16.00,tb-pullback_rsi-ETHUSDT-1749931200-B,tb-pullback_rsi-ETHUSDT-1749988800-S
BTC/USDT,pullback_rsi,2025-07-02 00:00,105786.82,2025-07-02 04:00,106088.50,signal,0.02254,4.7788433174,2.0210238826,0.000848,4.00,tb-pullback_rsi-BTCUSDT-1751400000-B,tb-pullback_rsi-BTCUSDT-1751414400-S
ETH/USDT,pullback_rsi,2025-07-04 12:00,2551.75,2025-07-05 08:00,2518.79,signal,0.4547,2.3068504100,-17.2937624100,-0.014905,20.00,tb-pullback_rsi-ETHUSDT-1751616000-B,tb-pullback_rsi-ETHUSDT-1751688000-S
BTC/USDT,pullback_rsi,2025-07-05 00:00,108092.24,2025-07-05 20:00,108033.63,signal,0.01689,3.6525277884,-4.6424506884,-0.002543,20.00,tb-pullback_rsi-BTCUSDT-1751659200-B,tb-pullback_rsi-BTCUSDT-1751731200-S
LTC/USDT,pullback_rsi,2025-07-04 12:00,88.24,2025-07-05 20:00,86.67,signal,12.194,2.1339996600,-21.2785796600,-0.019776,32.00,tb-pullback_rsi-LTCUSDT-1751616000-B,tb-pullback_rsi-LTCUSDT-1751731200-S
BTC/USDT,pullback_rsi,2025-07-08 00:00,108371.21,2025-07-08 08:00,108376.12,signal,0.01879,4.0748497501,-3.9825908501,-0.001956,8.00,tb-pullback_rsi-BTCUSDT-1751918400-B,tb-pullback_rsi-BTCUSDT-1751947200-S
ETH/USDT,pullback_rsi,2025-07-07 20:00,2546.52,2025-07-08 08:00,2550.86,signal,0.5303,2.7046685280,-0.4031665280,-0.000299,12.00,tb-pullback_rsi-ETHUSDT-1751904000-B,tb-pullback_rsi-ETHUSDT-1751947200-S
ETH/USDT,pullback_rsi,2025-07-12 20:00,2944.13,2025-07-13 04:00,2952.15,signal,0.3372,1.9894032680,0.7149407320,0.000720,8.00,tb-pullback_rsi-ETHUSDT-1752336000-B,tb-pullback_rsi-ETHUSDT-1752364800-S
LINK/USDT,pullback_rsi,2025-07-12 20:00,15.066,2025-07-13 08:00,15.354,signal,51.11,1.55567016000,13.16400984000,0.017096,12.00,tb-pullback_rs-LINKUSDT-1752336000-B,tb-pullback_rs-LINKUSDT-1752379200-S
SOL/USDT,pullback_rsi,2025-07-12 20:00,160.88,2025-07-13 08:00,162.50,signal,6.018,1.9472270000,7.8019330000,0.008058,12.00,tb-pullback_rsi-SOLUSDT-1752336000-B,tb-pullback_rsi-SOLUSDT-1752379200-S
LINK/USDT,pullback_rsi,2025-07-15 08:00,15.426,2025-07-15 16:00,15.554,signal,45.48,1.40974170000,4.41169830000,0.006288,8.00,tb-pullback_rs-LINKUSDT-1752552000-B,tb-pullback_rs-LINKUSDT-1752580800-S
LTC/USDT,pullback_rsi,2025-07-15 08:00,92.58,2025-07-15 20:00,95.08,signal,8.985,1.6869583200,20.7755416800,0.024976,12.00,tb-pullback_rsi-LTCUSDT-1752552000-B,tb-pullback_rsi-LTCUSDT-1752595200-S
SOL/USDT,pullback_rsi,2025-07-15 08:00,159.70,2025-07-16 00:00,163.81,signal,5.846,1.8921976600,22.1348623400,0.023709,16.00,tb-pullback_rsi-SOLUSDT-1752552000-B,tb-pullback_rsi-SOLUSDT-1752609600-S
BTC/USDT,pullback_rsi,2025-07-19 00:00,118042.77,2025-07-20 16:00,118552.44,signal,0.01281,3.0331454991,3.4957272009,0.002312,40.00,tb-pullback_rsi-BTCUSDT-1752868800-B,tb-pullback_rsi-BTCUSDT-1753012800-S
ETH/USDT,pullback_rsi,2025-07-22 12:00,3709.01,2025-07-23 00:00,3742.46,signal,0.2309,1.7216571220,6.0019478780,0.007008,12.00,tb-pullback_rsi-ETHUSDT-1753171200-B,tb-pullback_rsi-ETHUSDT-1753214400-S
ADA/USDT,pullback_rsi,2025-07-24 00:00,0.8169,2025-07-24 16:00,0.8226,signal,626.8,1.028210430000,2.544549570000,0.004970,16.00,tb-pullback_rsi-ADAUSDT-1753300800-B,tb-pullback_rsi-ADAUSDT-1753358400-S
LINK/USDT,pullback_rsi,2025-07-24 00:00,18.199,2025-07-24 16:00,18.451,signal,28.73,1.05350047000,6.18645953000,0.011832,16.00,tb-pullback_rs-LINKUSDT-1753300800-B,tb-pullback_rs-LINKUSDT-1753358400-S
BNB/USDT,pullback_rsi,2025-07-25 08:00,762.17,2025-07-25 12:00,770.89,signal,1.088,1.6694936200,7.8178663800,0.009428,4.00,tb-pullback_rsi-BNBUSDT-1753416000-B,tb-pullback_rsi-BNBUSDT-1753430400-S
LTC/USDT,pullback_rsi,2025-07-25 08:00,111.27,2025-07-25 12:00,115.56,signal,4.855,1.1018160000,19.7261340000,0.036515,4.00,tb-pullback_rsi-LTCUSDT-1753416000-B,tb-pullback_rsi-LTCUSDT-1753430400-S
SOL/USDT,pullback_rsi,2025-07-24 00:00,189.59,2025-07-25 20:00,181.97,signal,3.349,1.2451128000,-26.7644928000,-0.042153,44.00,tb-pullback_rsi-SOLUSDT-1753300800-B,tb-pullback_rsi-SOLUSDT-1753459200-S
ETH/USDT,pullback_rsi,2025-07-29 00:00,3802.80,2025-07-29 08:00,3873.48,signal,0.2757,2.1174912400,17.3689847600,0.016567,8.00,tb-pullback_rsi-ETHUSDT-1753732800-B,tb-pullback_rsi-ETHUSDT-1753761600-S
LTC/USDT,pullback_rsi,2025-07-29 04:00,109.39,2025-07-29 08:00,110.49,signal,7.339,1.6145744400,6.4583255600,0.008045,4.00,tb-pullback_rsi-LTCUSDT-1753747200-B,tb-pullback_rsi-LTCUSDT-1753761600-S
XRP/USDT,pullback_rsi,2025-07-29 04:00,3.1439,2025-07-29 08:00,3.1722,signal,260.0,1.643129170000,5.714870830000,0.006991,4.00,tb-pullback_rsi-XRPUSDT-1753747200-B,tb-pullback_rsi-XRPUSDT-1753761600-S
BTC/USDT,pullback_rsi,2025-07-29 20:00,117642.81,2025-07-30 04:00,118043.69,signal,0.01889,4.4544708371,3.1181523629,0.001403,8.00,tb-pullback_rsi-BTCUSDT-1753804800-B,tb-pullback_rsi-BTCUSDT-1753833600-S
BNB/USDT,pullback_rsi,2025-07-30 00:00,805.92,2025-07-30 19:59,766.43,stop,1.240,1.9513258400,-50.9189258400,-0.050953,20.00,tb-pullback_rsi-BNBUSDT-1753819200-B,tb-pullback_rsi-BNBUSDT-1753891200-X
LINK/USDT,pullback_rsi,2025-07-30 16:00,17.618,2025-07-31 00:00,17.702,signal,39.67,1.40184912000,1.93043088000,0.002762,8.00,tb-pullback_rs-LINKUSDT-1753876800-B,tb-pullback_rs-LINKUSDT-1753905600-S
SOL/USDT,pullback_rsi,2025-07-30 16:00,179.35,2025-07-31 04:00,180.12,signal,4.675,1.6814190000,1.9183310000,0.002288,12.00,tb-pullback_rsi-SOLUSDT-1753876800-B,tb-pullback_rsi-SOLUSDT-1753920000-S
