pair,strategy,entry_time,entry_price,exit_time,exit_price,exit_reason,qty,fees_quote,pnl,pnl_pct,duration_hours,entry_client_order_id,exit_client_order_id
BTC/USDT,pullback_rsi,2021-08-12 20:00,44393.99,2021-08-13 04:00,44824.84,signal,0.02023,1.8062287474,6.9098667526,0.007694,8.00,tb-pullback_rsi-BTCUSDT-1628784000-B,tb-pullback_rsi-BTCUSDT-1628812800-S
ETH/USDT,pullback_rsi,2021-08-12 20:00,3050.09,2021-08-13 04:00,3086.68,signal,0.2159,1.3258436680,6.5739373320,0.009983,8.00,tb-pullback_rsi-ETHUSDT-1628784000-B,tb-pullback_rsi-ETHUSDT-1628812800-S
LINK/USDT,pullback_rsi,2021-08-12 20:00,24.775,2021-08-13 04:00,25.267,signal,20.94,1.04862273000,9.25385727000,0.017837,8.00,tb-pullback_rs-LINKUSDT-1628784000-B,tb-pullback_rs-LINKUSDT-1628812800-S
LINK/USDT,pullback_rsi,2021-08-15 12:00,26.586,2021-08-15 20:00,26.813,signal,21.83,1.16649775000,3.78891225000,0.006528,8.00,tb-pullback_rs-LINKUSDT-1629014400-B,tb-pullback_rs-LINKUSDT-1629043200-S
ADA/USDT,pullback_rsi,2021-08-15 12:00,2.1248,2021-08-16 00:00,2.1656,signal,206.7,0.887463120000,7.545896880000,0.017181,12.00,tb-pullback_rsi-ADAUSDT-1629014400-B,tb-pullback_rsi-ADAUSDT-1629057600-S
BTC/USDT,pullback_rsi,2021-08-15 12:00,45946.54,2021-08-16 00:00,46950.33,signal,0.02190,2.0358198522,19.9471811478,0.019824,12.00,tb-pullback_rsi-BTCUSDT-1629014400-B,tb-pullback_rsi-BTCUSDT-1629057600-S
BTC/USDT,pullback_rsi,2021-08-17 04:00,46440.21,2021-08-17 12:00,46821.72,signal,0.02113,1.9720177836,6.0892885164,0.006205,8.00,tb-pullback_rsi-BTCUSDT-1629158400-B,tb-pullback_rsi-BTCUSDT-1629187200-S
ETH/USDT,pullback_rsi,2021-08-17 04:00,3196.57,2021-08-17 12:00,3256.08,signal,0.2488,1.6063782870,13.1997097130,0.016597,8.00,tb-pullback_rsi-ETHUSDT-1629158400-B,tb-pullback_rsi-ETHUSDT-1629187200-S
XRP/USDT,pullback_rsi,2021-08-17 04:00,1.2087,2021-08-18 16:00,1.1427,signal,298.0,0.701079810000,-20.369079810000,-0.056551,36.00,tb-pullback_rsi-XRPUSDT-1629158400-B,tb-pullback_rsi-XRPUSDT-1629288000-S
SOL/USDT,pullback_rsi,2021-08-22 00:00,73.89,2021-08-22 08:00,75.48,signal,4.883,0.7297431600,7.0342268400,0.019496,8.00,tb-pullback_rsi-SOLUSDT-1629576000-B,tb-pullback_rsi-SOLUSDT-1629604800-S
ETH/USDT,pullback_rsi,2021-08-23 00:00,3239.62,2021-08-23 04:00,3338.54,signal,0.2798,1.8415410520,25.8362749480,0.028503,4.00,tb-pullback_rsi-ETHUSDT-1629662400-B,tb-pullback_rsi-ETHUSDT-1629676800-S
BNB/USDT,pullback_rsi,2021-08-24 20:00,478.30,2021-08-25 08:00,487.64,signal,1.392,1.3455450800,11.6557349200,0.017507,12.00,tb-pullback_rsi-BNBUSDT-1629820800-B,tb-pullback_rsi-BNBUSDT-1629864000-S
ETH/USDT,pullback_rsi,2021-08-24 20:00,3219.06,2021-08-25 16:00,3215.56,signal,0.2795,1.7994420080,-2.7776920080,-0.003087,20.00,tb-pullback_rsi-ETHUSDT-1629820800-B,tb-pullback_rsi-ETHUSDT-1629892800-S
SOL/USDT,pullback_rsi,2021-08-25 16:00,71.32,2021-08-26 00:00,71.94,signal,5.442,0.7800488400,2.5939911600,0.006683,8.00,tb-pullback_rsi-SOLUSDT-1629892800-B,tb-pullback_rsi-SOLUSDT-1629921600-S
ADA/USDT,pullback_rsi,2021-08-24 20:00,2.7947,2021-08-26 19:59,2.4872,stop,164.4,0.868903300000,-51.421903300000,-0.111921,48.00,tb-pullback_rsi-ADAUSDT-1629820800-B,tb-pullback_rsi-ADAUSDT-1629993600-X
BTC/USDT,pullback_rsi,2021-08-26 20:00,46957.69,2021-08-27 08:00,47456.03,signal,0.02184,2.0634043803,8.8203412197,0.008601,12.00,tb-pullback_rsi-BTCUSDT-1629993600-B,tb-pullback_rsi-BTCUSDT-1630036800-S
ETH/USDT,pullback_rsi,2021-08-26 16:00,3106.32,2021-08-27 08:00,3124.60,signal,0.2665,1.6614720760,3.2101479240,0.003878,16.00,tb-pullback_rsi-ETHUSDT-1629979200-B,tb-pullback_rsi-ETHUSDT-1630036800-S
LTC/USDT,pullback_rsi,2021-08-26 20:00,168.29,2021-08-27 08:00,169.51,signal,3.892,1.3153907600,3.4328492400,0.005241,12.00,tb-pullback_rsi-LTCUSDT-1629993600-B,tb-pullback_rsi-LTCUSDT-1630036800-S
BNB/USDT,pullback_rsi,2021-08-30 08:00,478.64,2021-08-30 20:00,477.86,signal,1.923,1.8403067800,-3.3402467800,-0.003629,12.00,tb-pullback_rsi-BNBUSDT-1630296000-B,tb-pullback_rsi-BNBUSDT-1630339200-S
LINK/USDT,pullback_rsi,2021-08-30 16:00,24.993,2021-08-30 20:00,26.156,signal,28.68,1.46770311000,31.88713689000,0.044485,4.00,tb-pullback_rs-LINKUSDT-1630324800-B,tb-pullback_rs-LINKUSDT-1630339200-S
LTC/USDT,pullback_rsi,2021-08-30 08:00,172.79,2021-08-30 20:00,175.61,signal,4.813,1.6777131500,11.8949468500,0.014303,12.00,tb-pullback_rsi-LTCUSDT-1630296000-B,tb-pullback_rsi-LTCUSDT-1630339200-S
LINK/USDT,pullback_rsi,2021-09-05 00:00,29.905,2021-09-05 08:00,30.134,signal,22.71,1.36438284000,3.83620716000,0.005649,8.00,tb-pullback_rs-LINKUSDT-1630785600-B,tb-pullback_rs-LINKUSDT-1630814400-S
ETH/USDT,pullback_rsi,2021-09-04 16:00,3919.68,2021-09-05 12:00,3922.59,signal,0.2524,1.9805648560,-1.2460808560,-0.001260,20.00,tb-pullback_rsi-ETHUSDT-1630756800-B,tb-pullback_rsi-ETHUSDT-1630828800-S
XRP/USDT,pullback_rsi,2021-09-05 00:00,1.2555,2021-09-05 12:00,1.2612,signal,600.0,1.510898850000,1.909101150000,0.002534,12.00,tb-pullback_rsi-XRPUSDT-1630785600-B,tb-pullback_rsi-XRPUSDT-1630828800-S
ETH/USDT,pullback_rsi,2021-09-08 00:00,3436.56,2021-09-08 20:00,3521.38,signal,0.1486,1.0346371980,11.5696148020,0.022656,20.00,tb-pullback_rsi-ETHUSDT-1631044800-B,tb-pullback_rsi-ETHUSDT-1631116800-S
ADA/USDT,pullback_rsi,2021-09-08 00:00,2.5153,2021-09-09 00:00,2.4687,signal,138.9,0.692780660000,-7.165520660000,-0.020510,24.00,tb-pullback_rsi-ADAUSDT-1631044800-B,tb-pullback_rsi-ADAUSDT-1631131200-S
XRP/USDT,pullback_rsi,2021-09-08 00:00,1.1296,2021-09-09 08:00,1.1095,signal,293.6,0.657738640000,-6.559098640000,-0.019777,32.00,tb-pullback_rsi-XRPUSDT-1631044800-B,tb-pullback_rsi-XRPUSDT-1631160000-S
ETH/USDT,pullback_rsi,2021-09-10 20:00,3312.91,2021-09-11 12:00,3291.49,signal,0.1629,1.0765193410,-4.5658373410,-0.008460,16.00,tb-pullback_rsi-ETHUSDT-1631289600-B,tb-pullback_rsi-ETHUSDT-1631347200-S
SOL/USDT,pullback_rsi,2021-09-10 00:00,187.99,2021-09-11 16:00,188.32,signal,1.227,0.4621083500,-0.0571983500,-0.000248,40.00,tb-pullback_rsi-SOLUSDT-1631217600-B,tb-pullback_rsi-SOLUSDT-1631361600-S
SOL/USDT,pullback_rsi,2021-09-15 00:00,158.80,2021-09-15 08:00,161.94,signal,1.782,0.5718762800,5.0236037200,0.017752,8.00,tb-pullback_rsi-SOLUSDT-1631649600-B,tb-pullback_rsi-SOLUSDT-1631678400-S
SOL/USDT,pullback_rsi,2021-09-17 16:00,144.70,2021-09-18 00:00,147.51,signal,2.244,0.6561533400,5.6494866600,0.017399,8.00,tb-pullback_rsi-SOLUSDT-1631880000-B,tb-pullback_rsi-SOLUSDT-1631908800-S
ETH/USDT,pullback_rsi,2021-09-18 04:00,3453.09,2021-09-18 08:00,3501.46,signal,0.2204,1.5338187430,9.1269292570,0.011992,4.00,tb-pullback_rsi-ETHUSDT-1631923200-B,tb-pullback_rsi-ETHUSDT-1631937600-S
LINK/USDT,pullback_rsi,2021-09-18 04:00,28.285,2021-09-18 08:00,28.965,signal,17.82,1.02076070000,11.09683930000,0.022016,4.00,tb-pullback_rs-LINKUSDT-1631923200-B,tb-pullback_rs-LINKUSDT-1631937600-S
LTC/USDT,pullback_rsi,2021-09-17 04:00,186.10,2021-09-18 08:00,183.70,signal,3.161,1.1696822000,-8.7560822000,-0.014885,28.00,tb-pullback_rsi-LTCUSDT-1631836800-B,tb-pullback_rsi-LTCUSDT-1631937600-S
LINK/USDT,pullback_rsi,2021-09-19 08:00,28.645,2021-09-20 03:59,26.203,stop,20.80,1.14169775000,-51.93529775000,-0.087167,20.00,tb-pullback_rs-LINKUSDT-1632024000-B,tb-pullback_rs-LINKUSDT-1632096000-X
ETH/USDT,pullback_rsi,2021-09-19 08:00,3442.55,2021-09-20 03:59,3239.55,stop,0.2508,1.6769034450,-52.5893034450,-0.060910,20.00,tb-pullback_rsi-ETHUSDT-1632024000-B,tb-pullback_rsi-ETHUSDT-1632096000-X
LTC/USDT,pullback_rsi,2021-09-19 08:00,181.20,2021-09-20 03:59,168.83,stop,4.115,1.4412794500,-52.3438294500,-0.070200,20.00,tb-pullback_rsi-LTCUSDT-1632024000-B,tb-pullback_rsi-LTCUSDT-1632096000-X
BTC/USDT,pullback_rsi,2021-10-07 20:00,53989.74,2021-10-08 08:00,54801.96,signal,0.01771,1.9277808002,12.4566353998,0.013028,12.00,tb-pullback_rsi-BTCUSDT-1633622400-B,tb-pullback_rsi-BTCUSDT-1633665600-S
LTC/USDT,pullback_rsi,2021-10-08 08:00,179.89,2021-10-08 12:00,181.70,signal,3.533,1.2782170300,5.1165129700,0.008051,4.00,tb-pullback_rsi-LTCUSDT-1633665600-B,tb-pullback_rsi-LTCUSDT-1633680000-S
LINK/USDT,pullback_rsi,2021-10-08 08:00,27.044,2021-10-09 12:00,27.066,signal,22.38,1.21179312000,-0.71943312000,-0.001189,28.00,tb-pullback_rs-LINKUSDT-1633665600-B,tb-pullback_rs-LINKUSDT-1633766400-S
ETH/USDT,pullback_rsi,2021-10-10 08:00,3583.98,2021-10-11 03:59,3393.78,stop,0.2638,1.8418082780,-52.0165682780,-0.055018,20.00,tb-pullback_rsi-ETHUSDT-1633838400-B,tb-pullback_rsi-ETHUSDT-1633910400-X
BNB/USDT,pullback_rsi,2021-10-09 04:00,424.32,2021-10-11 04:00,415.59,signal,1.941,1.6311139500,-18.5760439500,-0.022555,48.00,tb-pullback_rsi-BNBUSDT-1633737600-B,tb-pullback_rsi-BNBUSDT-1633910400-S
SOL/USDT,pullback_rsi,2021-10-10 00:00,156.88,2021-10-11 19:59,143.54,stop,3.755,1.1287046200,-51.2204046200,-0.086949,44.00,tb-pullback_rsi-SOLUSDT-1633809600-B,tb-pullback_rsi-SOLUSDT-1633968000-X
LINK/USDT,pullback_rsi,2021-10-11 04:00,26.314,2021-10-12 03:59,24.354,stop,25.35,1.28522322000,-50.97122322000,-0.076412,24.00,tb-pullback_rs-LINKUSDT-1633910400-B,tb-pullback_rs-LINKUSDT-1633996800-X
BNB/USDT,pullback_rsi,2021-10-12 16:00,434.02,2021-10-12 20:00,433.88,signal,1.691,1.4684869400,-1.7052269400,-0.002323,4.00,tb-pullback_rsi-BNBUSDT-1634040000-B,tb-pullback_rsi-BNBUSDT-1634054400-S
LTC/USDT,pullback_rsi,2021-10-12 16:00,171.79,2021-10-13 04:00,174.01,signal,3.528,1.2206695600,6.6114904400,0.010909,12.00,tb-pullback_rsi-LTCUSDT-1634040000-B,tb-pullback_rsi-LTCUSDT-1634083200-S
XRP/USDT,pullback_rsi,2021-10-12 08:00,1.1019,2021-10-13 04:00,1.1184,signal,554.3,1.231373430000,7.914576570000,0.012958,20.00,tb-pullback_rsi-XRPUSDT-1634011200-B,tb-pullback_rsi-XRPUSDT-1634083200-S
BTC/USDT,pullback_rsi,2021-10-13 00:00,56024.91,2021-10-13 16:00,56140.76,signal,0.01589,1.7834329981,0.0574235019,0.000065,16.00,tb-pullback_rsi-BTCUSDT-1634068800-B,tb-pullback_rsi-BTCUSDT-1634126400-S
LINK/USDT,pullback_rsi,2021-10-15 20:00,27.034,2021-10-16 00:00,26.996,signal,22.95,1.24079952000,-2.11289952000,-0.003406,4.00,tb-pullback_rs-LINKUSDT-1634313600-B,tb-pullback_rs-LINKUSDT-1634328000-S
BNB/USDT,pullback_rsi,2021-10-17 00:00,466.04,2021-10-17 12:00,468.76,signal,1.417,1.3255436800,2.5286963200,0.003829,12.00,tb-pullback_rsi-BNBUSDT-1634414400-B,tb-pullback_rsi-BNBUSDT-1634457600-S
XRP/USDT,pullback_rsi,2021-10-17 12:00,1.1310,2021-10-17 23:59,1.0632,stop,729.7,1.602012540000,-51.075672540000,-0.061888,12.00,tb-pullback_rsi-XRPUSDT-1634457600-B,tb-pullback_rsi-XRPUSDT-1634500800-X
BTC/USDT,pullback_rsi,2021-10-17 00:00,60906.01,2021-10-18 00:00,61497.55,signal,0.01676,2.0527017878,7.8615086122,0.007701,24.00,tb-pullback_rsi-BTCUSDT-1634414400-B,tb-pullback_rsi-BTCUSDT-1634500800-S
ETH/USDT,pullback_rsi,2021-10-18 00:00,3848.93,2021-10-18 04:00,3851.03,signal,0.2242,1.7274857150,-1.2566657150,-0.001456,4.00,tb-pullback_rsi-ETHUSDT-1634500800-B,tb-pullback_rsi-ETHUSDT-1634515200-S
LTC/USDT,pullback_rsi,2021-10-17 20:00,184.10,2021-10-18 04:00,185.70,signal,4.651,1.7208603000,5.7207397000,0.006681,8.00,tb-pullback_rsi-LTCUSDT-1634486400-B,tb-pullback_rsi-LTCUSDT-1634515200-S
SOL/USDT,pullback_rsi,2021-10-18 20:00,156.83,2021-10-19 04:00,158.42,signal,4.262,1.3443796500,5.4322003500,0.008127,8.00,tb-pullback_rsi-SOLUSDT-1634572800-B,tb-pullback_rsi-SOLUSDT-1634601600-S
XRP/USDT,pullback_rsi,2021-10-18 04:00,1.0964,2021-10-19 04:00,1.0963,signal,650.6,1.427338100000,-1.492398100000,-0.002092,24.00,tb-pullback_rsi-XRPUSDT-1634515200-B,tb-pullback_rsi-XRPUSDT-1634601600-S
SOL/USDT,pullback_rsi,2021-10-20 00:00,155.85,2021-10-20 08:00,156.44,signal,5.004,1.5636342600,1.3887257400,0.001781,8.00,tb-pullback_rsi-SOLUSDT-1634673600-B,tb-pullback_rsi-SOLUSDT-1634702400-S
BNB/USDT,pullback_rsi,2021-10-21 20:00,474.94,2021-10-22 08:00,489.05,signal,1.791,1.7274559700,23.5435540300,0.027678,12.00,tb-pullback_rsi-BNBUSDT-1634832000-B,tb-pullback_rsi-BNBUSDT-1634875200-S
BTC/USDT,pullback_rsi,2021-10-22 04:00,63269.52,2021-10-23 12:00,61521.46,signal,0.01300,1.6235481304,-24.3483281304,-0.029603,32.00,tb-pullback_rsi-BTCUSDT-1634860800-B,tb-pullback_rsi-BTCUSDT-1634976000-S
ETH/USDT,pullback_rsi,2021-10-22 20:00,3985.47,2021-10-23 12:00,4037.22,signal,0.1828,1.4673448300,7.9925551700,0.010971,16.00,tb-pullback_rsi-ETHUSDT-1634918400-B,tb-pullback_rsi-ETHUSDT-1634976000-S
XRP/USDT,pullback_rsi,2021-10-22 04:00,1.1082,2021-10-23 16:00,1.0960,signal,749.0,1.651832360000,-10.789632360000,-0.012999,36.00,tb-pullback_rsi-XRPUSDT-1634860800-B,tb-pullback_rsi-XRPUSDT-1634990400-S
BTC/USDT,pullback_rsi,2021-10-24 20:00,60673.42,2021-10-25 00:00,60821.79,signal,0.01578,1.9184078860,0.4228707140,0.000442,4.00,tb-pullback_rsi-BTCUSDT-1635091200-B,tb-pullback_rsi-BTCUSDT-1635105600-S
SOL/USDT,pullback_rsi,2021-10-24 00:00,197.85,2021-10-25 00:00,202.04,signal,2.471,0.9887217400,9.3647682600,0.019155,24.00,tb-pullback_rsi-SOLUSDT-1635019200-B,tb-pullback_rsi-SOLUSDT-1635105600-S
BNB/USDT,pullback_rsi,2021-10-24 20:00,474.24,2021-10-25 04:00,479.85,signal,2.398,2.2893305400,11.1634494600,0.009816,8.00,tb-pullback_rsi-BNBUSDT-1635091200-B,tb-pullback_rsi-BNBUSDT-1635120000-S
LTC/USDT,pullback_rsi,2021-10-26 20:00,193.90,2021-10-27 00:00,197.40,signal,5.217,2.0425755000,16.2169245000,0.016031,4.00,tb-pullback_rsi-LTCUSDT-1635264000-B,tb-pullback_rsi-LTCUSDT-1635278400-S
SOL/USDT,pullback_rsi,2021-10-27 04:00,202.96,2021-10-27 11:59,184.06,stop,2.606,1.0091830000,-50.2625830000,-0.095030,8.00,tb-pullback_rsi-SOLUSDT-1635292800-B,tb-pullback_rsi-SOLUSDT-1635321600-X
BNB/USDT,pullback_rsi,2021-10-27 04:00,483.05,2021-10-27 11:59,465.35,stop,2.806,2.6626595500,-52.3288595500,-0.038607,8.00,tb-pullback_rsi-BNBUSDT-1635292800-B,tb-pullback_rsi-BNBUSDT-1635321600-X
BNB/USDT,pullback_rsi,2021-10-27 16:00,454.93,2021-10-28 12:00,478.06,signal,2.007,1.8738757200,44.5480342800,0.048791,20.00,tb-pullback_rsi-BNBUSDT-1635336000-B,tb-pullback_rsi-BNBUSDT-1635408000-S
BTC/USDT,pullback_rsi,2021-10-27 04:00,60744.69,2021-10-28 12:00,60930.13,signal,0.01757,2.1390414771,1.1191393229,0.001049,32.00,tb-pullback_rsi-BTCUSDT-1635292800-B,tb-pullback_rsi-BTCUSDT-1635408000-S
SOL/USDT,pullback_rsi,2021-10-27 20:00,189.40,2021-10-28 12:00,195.31,signal,2.289,0.8811693900,12.6468206100,0.029171,16.00,tb-pullback_rsi-SOLUSDT-1635350400-B,tb-pullback_rsi-SOLUSDT-1635408000-S
ETH/USDT,pullback_rsi,2021-10-30 20:00,4338.80,2021-10-31 04:00,4368.30,signal,0.1998,1.7409802200,4.1531197800,0.004791,8.00,tb-pullback_rsi-ETHUSDT-1635609600-B,tb-pullback_rsi-ETHUSDT-1635638400-S
SOL/USDT,pullback_rsi,2021-10-30 20:00,194.67,2021-10-31 16:00,194.89,signal,2.945,1.1478382100,-0.4999382100,-0.000872,20.00,tb-pullback_rsi-SOLUSDT-1635609600-B,tb-pullback_rsi-SOLUSDT-1635681600-S
BTC/USDT,pullback_rsi,2021-10-31 20:00,60720.30,2021-11-01 00:00,61269.16,signal,0.01789,2.1836058430,7.6354995570,0.007029,4.00,tb-pullback_rsi-BTCUSDT-1635696000-B,tb-pullback_rsi-BTCUSDT-1635710400-S
ETH/USDT,pullback_rsi,2021-10-31 16:00,4216.46,2021-11-01 00:00,4285.33,signal,0.2022,1.7203268800,12.2051871200,0.014316,8.00,tb-pullback_rsi-ETHUSDT-1635681600-B,tb-pullback_rsi-ETHUSDT-1635710400-S
LINK/USDT,pullback_rsi,2021-10-30 20:00,30.126,2021-11-01 00:00,29.985,signal,20.52,1.23438150000,-4.12770150000,-0.006677,28.00,tb-pullback_rs-LINKUSDT-1635609600-B,tb-pullback_rs-LINKUSDT-1635710400-S
LINK/USDT,pullback_rsi,2021-11-03 20:00,31.686,2021-11-04 00:00,31.954,signal,22.71,1.44621498000,4.64006502000,0.006448,4.00,tb-pullback_rs-LINKUSDT-1635955200-B,tb-pullback_rs-LINKUSDT-1635969600-S
ETH/USDT,pullback_rsi,2021-11-04 20:00,4492.08,2021-11-05 00:00,4530.04,signal,0.2048,1.8490777980,5.9251302020,0.006441,4.00,tb-pullback_rsi-ETHUSDT-1636041600-B,tb-pullback_rsi-ETHUSDT-1636056000-S
LINK/USDT,pullback_rsi,2021-11-04 20:00,30.706,2021-11-05 00:00,30.974,signal,24.03,1.48309158000,4.95694842000,0.006718,4.00,tb-pullback_rs-LINKUSDT-1636041600-B,tb-pullback_rs-LINKUSDT-1636056000-S
BTC/USDT,pullback_rsi,2021-11-03 20:00,62831.39,2021-11-05 04:00,62172.68,signal,0.01532,1.9163189826,-12.0077561826,-0.012475,32.00,tb-pullback_rsi-BTCUSDT-1635955200-B,tb-pullback_rsi-BTCUSDT-1636070400-S
LTC/USDT,pullback_rsi,2021-11-05 20:00,198.60,2021-11-06 04:00,199.90,signal,4.105,1.6368355000,3.6996645000,0.004538,8.00,tb-pullback_rsi-LTCUSDT-1636128000-B,tb-pullback_rsi-LTCUSDT-1636156800-S
SOL/USDT,pullback_rsi,2021-11-05 20:00,235.91,2021-11-06 04:00,239.68,signal,2.332,1.1097836100,7.6818563900,0.013963,8.00,tb-pullback_rsi-SOLUSDT-1636128000-B,tb-pullback_rsi-SOLUSDT-1636156800-S
XRP/USDT,pullback_rsi,2021-11-05 20:00,1.1524,2021-11-06 04:00,1.1649,signal,587.8,1.362800380000,5.984699620000,0.008835,8.00,tb-pullback_rsi-XRPUSDT-1636128000-B,tb-pullback_rsi-XRPUSDT-1636156800-S
ETH/USDT,pullback_rsi,2021-11-06 16:00,4400.77,2021-11-06 20:00,4491.49,signal,0.2289,2.0367585440,18.7290494560,0.018593,4.00,tb-pullback_rsi-ETHUSDT-1636200000-B,tb-pullback_rsi-ETHUSDT-1636214400-S
LINK/USDT,pullback_rsi,2021-11-06 16:00,31.366,2021-11-07 00:00,32.033,signal,22.02,1.39698696000,13.29035304000,0.019242,8.00,tb-pullback_rs-LINKUSDT-1636200000-B,tb-pullback_rs-LINKUSDT-1636228800-S
LTC/USDT,pullback_rsi,2021-11-06 16:00,194.40,2021-11-07 00:00,197.50,signal,4.237,1.6614523000,11.4732477000,0.013929,8.00,tb-pullback_rsi-LTCUSDT-1636200000-B,tb-pullback_rsi-LTCUSDT-1636228800-S
BNB/USDT,pullback_rsi,2021-11-08 08:00,641.73,2021-11-08 16:00,648.47,signal,1.272,1.6424178600,6.9308621400,0.008491,8.00,tb-pullback_rsi-BNBUSDT-1636344000-B,tb-pullback_rsi-BNBUSDT-1636372800-S
SOL/USDT,pullback_rsi,2021-11-08 00:00,249.75,2021-11-10 00:00,238.94,signal,2.594,1.2684111100,-29.3095511100,-0.045241,48.00,tb-pullback_rsi-SOLUSDT-1636315200-B,tb-pullback_rsi-SOLUSDT-1636488000-S
BNB/USDT,pullback_rsi,2021-11-10 08:00,644.53,2021-11-10 12:00,654.97,signal,1.465,1.9050565600,13.3895434400,0.014180,4.00,tb-pullback_rsi-BNBUSDT-1636516800-B,tb-pullback_rsi-BNBUSDT-1636531200-S
ETH/USDT,pullback_rsi,2021-11-10 08:00,4716.96,2021-11-10 16:00,4844.51,signal,0.2726,2.6078718140,32.1622581860,0.025013,8.00,tb-pullback_rsi-ETHUSDT-1636516800-B,tb-pullback_rsi-ETHUSDT-1636545600-S
SOL/USDT,pullback_rsi,2021-11-10 08:00,241.00,2021-11-10 16:00,244.71,signal,2.926,1.4219104600,9.4335495400,0.013378,8.00,tb-pullback_rsi-SOLUSDT-1636516800-B,tb-pullback_rsi-SOLUSDT-1636545600-S
BNB/USDT,pullback_rsi,2021-11-11 04:00,617.01,2021-11-12 04:00,632.48,signal,1.113,1.3919163900,15.8261936100,0.023046,24.00,tb-pullback_rsi-BNBUSDT-1636588800-B,tb-pullback_rsi-BNBUSDT-1636675200-S
LTC/USDT,pullback_rsi,2021-11-11 08:00,265.44,2021-11-12 04:00,275.56,signal,1.489,0.8060798800,14.2626001200,0.036086,20.00,tb-pullback_rsi-LTCUSDT-1636603200-B,tb-pullback_rsi-LTCUSDT-1636675200-S
XRP/USDT,pullback_rsi,2021-11-12 20:00,1.1819,2021-11-13 00:00,1.1878,signal,484.1,1.147762720000,1.708427280000,0.002986,4.00,tb-pullback_rsi-XRPUSDT-1636732800-B,tb-pullback_rsi-XRPUSDT-1636747200-S
BTC/USDT,pullback_rsi,2021-11-12 20:00,63876.93,2021-11-13 16:00,64656.65,signal,0.01512,1.9447052702,9.8446611298,0.010193,20.00,tb-pullback_rsi-BTCUSDT-1636732800-B,tb-pullback_rsi-BTCUSDT-1636804800-S
LTC/USDT,pullback_rsi,2021-11-13 08:00,249.93,2021-11-13 16:00,261.36,signal,1.593,0.8149848300,17.3930051700,0.043686,8.00,tb-pullback_rsi-LTCUSDT-1636776000-B,tb-pullback_rsi-LTCUSDT-1636804800-S
SOL/USDT,pullback_rsi,2021-11-12 20:00,228.97,2021-11-13 16:00,233.49,signal,2.473,1.1443504900,10.0336095100,0.017720,20.00,tb-pullback_rsi-SOLUSDT-1636732800-B,tb-pullback_rsi-SOLUSDT-1636804800-S
ETH/USDT,pullback_rsi,2021-11-14 12:00,4614.75,2021-11-15 00:00,4624.18,signal,0.2422,2.2390532750,0.0448927250,0.000040,12.00,tb-pullback_rsi-ETHUSDT-1636876800-B,tb-pullback_rsi-ETHUSDT-1636920000-S
LINK/USDT,pullback_rsi,2021-11-15 00:00,33.767,2021-11-15 04:00,34.022,signal,20.54,1.39339907000,3.84430093000,0.005543,4.00,tb-pullback_rs-LINKUSDT-1636920000-B,tb-pullback_rs-LINKUSDT-1636934400-S
BNB/USDT,pullback_rsi,2021-11-15 20:00,639.02,2021-11-16 03:59,608.42,stop,1.640,2.0470796400,-52.2310796400,-0.049839,8.00,tb-pullback_rsi-BNBUSDT-1636992000-B,tb-pullback_rsi-BNBUSDT-1637020800-X
LTC/USDT,pullback_rsi,2021-11-16 08:00,246.83,2021-11-17 03:59,219.65,stop,1.826,0.8522861400,-50.4829661400,-0.112007,20.00,tb-pullback_rsi-LTCUSDT-1637035200-B,tb-pullback_rsi-LTCUSDT-1637107200-X
SOL/USDT,pullback_rsi,2021-11-16 16:00,225.36,2021-11-17 12:00,220.20,signal,2.703,1.2050247600,-15.1525047600,-0.024875,20.00,tb-pullback_rsi-SOLUSDT-1637064000-B,tb-pullback_rsi-SOLUSDT-1637136000-S
XRP/USDT,pullback_rsi,2023-01-15 16:00,0.3887,2023-01-16 04:00,0.4050,signal,2076.2,1.648696210000,32.193363790000,0.039892,12.00,tb-pullback_rsi-XRPUSDT-1673784000-B,tb-pullback_rsi-XRPUSDT-1673827200-S
LTC/USDT,pullback_rsi,2023-01-16 16:00,86.21,2023-01-16 20:00,86.98,signal,8.915,1.5447647400,5.3197852600,0.006922,4.00,tb-pullback_rsi-LTCUSDT-1673870400-B,tb-pullback_rsi-LTCUSDT-1673884800-S
ADA/USDT,pullback_rsi,2023-01-18 04:00,0.3502,2023-01-18 19:59,0.3280,stop,2283.6,1.549542980000,-52.245462980000,-0.065330,16.00,tb-pullback_rsi-ADAUSDT-1674000000-B,tb-pullback_rsi-ADAUSDT-1674057600-X
XRP/USDT,pullback_rsi,2023-01-18 20:00,0.3900,2023-01-19 12:00,0.3845,signal,1763.9,1.366842550000,-11.068292550000,-0.016089,16.00,tb-pullback_rsi-XRPUSDT-1674057600-B,tb-pullback_rsi-XRPUSDT-1674115200-S
ADA/USDT,pullback_rsi,2023-01-19 04:00,0.3299,2023-01-19 16:00,0.3344,signal,2007.7,1.334407900000,7.700242100000,0.011626,12.00,tb-pullback_rsi-ADAUSDT-1674086400-B,tb-pullback_rsi-ADAUSDT-1674129600-S
SOL/USDT,pullback_rsi,2023-01-19 04:00,21.37,2023-01-19 20:00,21.64,signal,16.666,0.7171679500,3.7826520500,0.010621,16.00,tb-pullback_rsi-SOLUSDT-1674086400-B,tb-pullback_rsi-SOLUSDT-1674144000-S
BNB/USDT,pullback_rsi,2023-01-20 16:00,289.65,2023-01-20 20:00,294.35,signal,3.794,2.2168546000,15.6149454000,0.014209,4.00,tb-pullback_rsi-BNBUSDT-1674216000-B,tb-pullback_rsi-BNBUSDT-1674230400-S
XRP/USDT,pullback_rsi,2023-01-23 04:00,0.4054,2023-01-23 08:00,0.4132,signal,2262.1,1.852687480000,15.791692520000,0.017220,4.00,tb-pullback_rsi-XRPUSDT-1674432000-B,tb-pullback_rsi-XRPUSDT-1674446400-S
LTC/USDT,pullback_rsi,2023-01-23 04:00,87.92,2023-01-23 12:00,91.95,signal,10.228,1.8406774800,39.3781625200,0.043790,8.00,tb-pullback_rsi-LTCUSDT-1674432000-B,tb-pullback_rsi-LTCUSDT-1674460800-S
SOL/USDT,pullback_rsi,2023-01-23 04:00,24.55,2023-01-24 04:00,24.96,signal,19.742,0.9779174200,7.1163025800,0.014683,24.00,tb-pullback_rsi-SOLUSDT-1674432000-B,tb-pullback_rsi-SOLUSDT-1674518400-S
LINK/USDT,pullback_rsi,2023-01-25 04:00,6.696,2023-01-25 20:00,6.819,signal,97.58,1.31946330000,10.68287670000,0.016350,16.00,tb-pullback_rs-LINKUSDT-1674604800-B,tb-pullback_rs-LINKUSDT-1674662400-S
LTC/USDT,pullback_rsi,2023-01-25 04:00,87.61,2023-01-25 20:00,88.43,signal,9.700,1.7084641000,6.2455359000,0.007349,16.00,tb-pullback_rsi-LTCUSDT-1674604800-B,tb-pullback_rsi-LTCUSDT-1674662400-S
SOL/USDT,pullback_rsi,2023-01-25 04:00,22.95,2023-01-25 20:00,23.72,signal,21.981,1.0263811200,15.8989888800,0.031517,16.00,tb-pullback_rsi-SOLUSDT-1674604800-B,tb-pullback_rsi-SOLUSDT-1674662400-S
ETH/USDT,pullback_rsi,2023-01-27 08:00,1586.20,2023-01-27 20:00,1608.89,signal,0.6452,2.0625824100,12.5770055900,0.012289,12.00,tb-pullback_rsi-ETHUSDT-1674792000-B,tb-pullback_rsi-ETHUSDT-1674835200-S
LTC/USDT,pullback_rsi,2023-01-26 20:00,88.00,2023-01-27 20:00,88.58,signal,10.894,1.9246305200,4.3938894800,0.004583,24.00,tb-pullback_rsi-LTCUSDT-1674748800-B,tb-pullback_rsi-LTCUSDT-1674835200-S
SOL/USDT,pullback_rsi,2023-01-27 08:00,24.05,2023-01-27 20:00,24.46,signal,23.140,1.1230986000,8.3643014000,0.015030,12.00,tb-pullback_rsi-SOLUSDT-1674792000-B,tb-pullback_rsi-SOLUSDT-1674835200-S
ETH/USDT,pullback_rsi,2023-01-29 04:00,1595.16,2023-01-29 08:00,1591.79,signal,0.7210,2.2990670780,-4.7288370780,-0.004112,4.00,tb-pullback_rsi-ETHUSDT-1674950400-B,tb-pullback_rsi-ETHUSDT-1674964800-S
LINK/USDT,pullback_rsi,2023-01-29 04:00,7.311,2023-01-29 08:00,7.317,signal,106.41,1.55736969000,-0.91890969000,-0.001181,4.00,tb-pullback_rs-LINKUSDT-1674950400-B,tb-pullback_rs-LINKUSDT-1674964800-S
SOL/USDT,pullback_rsi,2023-01-29 04:00,24.15,2023-01-29 12:00,24.34,signal,27.124,1.3159189600,3.8376410400,0.005859,8.00,tb-pullback_rsi-SOLUSDT-1674950400-B,tb-pullback_rsi-SOLUSDT-1674979200-S
BNB/USDT,pullback_rsi,2023-01-30 16:00,309.06,2023-01-31 04:00,311.64,signal,3.801,2.3605169400,7.4460630600,0.006338,12.00,tb-pullback_rsi-BNBUSDT-1675080000-B,tb-pullback_rsi-BNBUSDT-1675123200-S
LINK/USDT,pullback_rsi,2023-01-30 16:00,7.028,2023-01-31 08:00,7.032,signal,113.87,1.60185556000,-1.14637556000,-0.001432,16.00,tb-pullback_rs-LINKUSDT-1675080000-B,tb-pullback_rs-LINKUSDT-1675137600-S
XRP/USDT,pullback_rsi,2023-01-30 16:00,0.4001,2023-01-31 12:00,0.3996,signal,2808.7,2.247277680000,-3.651627680000,-0.003249,20.00,tb-pullback_rsi-XRPUSDT-1675080000-B,tb-pullback_rsi-XRPUSDT-1675152000-S
ADA/USDT,pullback_rsi,2023-01-31 08:00,0.3748,2023-01-31 16:00,0.3958,signal,2323.4,1.791311560000,47.000088440000,0.053973,8.00,tb-pullback_rsi-ADAUSDT-1675137600-B,tb-pullback_rsi-ADAUSDT-1675166400-S
ADA/USDT,pullback_rsi,2023-02-01 20:00,0.3877,2023-02-02 00:00,0.3968,signal,1977.9,1.552437950000,16.446452050000,0.021447,4.00,tb-pullback_rsi-ADAUSDT-1675267200-B,tb-pullback_rsi-ADAUSDT-1675281600-S
LINK/USDT,pullback_rsi,2023-02-01 20:00,7.009,2023-02-02 00:00,7.210,signal,112.81,1.60488647000,21.06992353000,0.026648,4.00,tb-pullback_rs-LINKUSDT-1675267200-B,tb-pullback_rs-LINKUSDT-1675281600-S
SOL/USDT,pullback_rsi,2023-02-01 20:00,24.26,2023-02-02 00:00,24.98,signal,24.109,1.1877336600,16.1707463400,0.027648,4.00,tb-pullback_rsi-SOLUSDT-1675267200-B,tb-pullback_rsi-SOLUSDT-1675281600-S
BTC/USDT,pullback_rsi,2023-02-03 04:00,23545.41,2023-02-03 16:00,23592.81,signal,0.05896,2.7806821782,0.0140218218,0.000010,12.00,tb-pullback_rsi-BTCUSDT-1675382400-B,tb-pullback_rsi-BTCUSDT-1675425600-S
LTC/USDT,pullback_rsi,2023-02-03 04:00,98.96,2023-02-03 20:00,99.24,signal,7.962,1.5788600800,0.6504999200,0.000826,16.00,tb-pullback_rsi-LTCUSDT-1675382400-B,tb-pullback_rsi-LTCUSDT-1675440000-S
XRP/USDT,pullback_rsi,2023-02-03 04:00,0.4115,2023-02-04 00:00,0.4113,signal,2795.9,2.301618720000,-2.860798720000,-0.002487,20.00,tb-pullback_rsi-XRPUSDT-1675382400-B,tb-pullback_rsi-XRPUSDT-1675454400-S
LINK/USDT,pullback_rsi,2023-02-06 00:00,6.989,2023-02-06 16:00,7.033,signal,137.47,1.92858280000,4.12009720000,0.004288,16.00,tb-pullback_rs-LINKUSDT-1675627200-B,tb-pullback_rs-LINKUSDT-1675684800-S
LTC/USDT,pullback_rsi,2023-02-06 00:00,96.70,2023-02-06 16:00,97.26,signal,11.274,2.1878654400,4.1255745600,0.003784,16.00,tb-pullback_rsi-LTCUSDT-1675627200-B,tb-pullback_rsi-LTCUSDT-1675684800-S
SOL/USDT,pullback_rsi,2023-02-06 00:00,23.48,2023-02-06 16:00,23.45,signal,33.787,1.5864222300,-2.6000322300,-0.003277,16.00,tb-pullback_rsi-SOLUSDT-1675627200-B,tb-pullback_rsi-SOLUSDT-1675684800-S
SOL/USDT,pullback_rsi,2023-02-07 04:00,23.08,2023-02-07 12:00,23.32,signal,33.590,1.5593607200,6.5022392800,0.008387,8.00,tb-pullback_rsi-SOLUSDT-1675728000-B,tb-pullback_rsi-SOLUSDT-1675756800-S
ADA/USDT,pullback_rsi,2023-02-07 04:00,0.3865,2023-02-07 20:00,0.3921,signal,2545.8,1.983164780000,12.273315220000,0.012473,16.00,tb-pullback_rsi-ADAUSDT-1675728000-B,tb-pullback_rsi-ADAUSDT-1675785600-S
BNB/USDT,pullback_rsi,2023-02-09 00:00,328.37,2023-02-09 03:59,316.90,stop,4.451,2.8737386200,-53.9267086200,-0.036896,4.00,tb-pullback_rsi-BNBUSDT-1675886400-B,tb-pullback_rsi-BNBUSDT-1675900800-X
LTC/USDT,pullback_rsi,2023-02-08 20:00,98.98,2023-02-09 19:59,94.18,stop,10.594,2.0474258200,-52.8986258200,-0.050447,24.00,tb-pullback_rsi-LTCUSDT-1675872000-B,tb-pullback_rsi-LTCUSDT-1675958400-X
SOL/USDT,pullback_rsi,2023-02-09 00:00,23.23,2023-02-09 19:59,21.78,stop,35.056,1.5787068400,-52.4099068400,-0.064358,20.00,tb-pullback_rsi-SOLUSDT-1675886400-B,tb-pullback_rsi-SOLUSDT-1675958400-X
ETH/USDT,pullback_rsi,2023-02-09 08:00,1630.70,2023-02-09 19:59,1564.36,stop,0.7603,2.4305086800,-52.8688106800,-0.042642,12.00,tb-pullback_rsi-ETHUSDT-1675915200-B,tb-pullback_rsi-ETHUSDT-1675958400-X
BNB/USDT,pullback_rsi,2023-02-10 04:00,306.86,2023-02-10 20:00,308.44,signal,3.557,2.1898495400,3.4302104600,0.003143,16.00,tb-pullback_rsi-BNBUSDT-1675987200-B,tb-pullback_rsi-BNBUSDT-1676044800-S
LTC/USDT,pullback_rsi,2023-02-10 00:00,92.11,2023-02-10 20:00,94.05,signal,8.781,1.6354999500,15.3996400500,0.019040,20.00,tb-pullback_rsi-LTCUSDT-1675972800-B,tb-pullback_rsi-LTCUSDT-1676044800-S
BTC/USDT,pullback_rsi,2023-02-10 04:00,21836.51,2023-02-11 16:00,21724.91,signal,0.06498,2.8321496255,-10.0839176255,-0.007107,36.00,tb-pullback_rsi-BTCUSDT-1675987200-B,tb-pullback_rsi-BTCUSDT-1676116800-S
LTC/USDT,pullback_rsi,2023-02-13 16:00,91.05,2023-02-14 08:00,91.43,signal,10.731,1.9591944300,2.1185855700,0.002168,16.00,tb-pullback_rsi-LTCUSDT-1676289600-B,tb-pullback_rsi-LTCUSDT-1676347200-S
ADA/USDT,pullback_rsi,2023-02-17 04:00,0.3969,2023-02-17 16:00,0.4004,signal,1875.1,1.495771340000,5.067078660000,0.006809,12.00,tb-pullback_rsi-ADAUSDT-1676592000-B,tb-pullback_rsi-ADAUSDT-1676635200-S
BNB/USDT,pullback_rsi,2023-02-17 04:00,309.86,2023-02-17 20:00,314.74,signal,2.721,1.7004661800,11.5780138200,0.013732,16.00,tb-pullback_rsi-BNBUSDT-1676592000-B,tb-pullback_rsi-BNBUSDT-1676649600-S
SOL/USDT,pullback_rsi,2023-02-17 04:00,22.70,2023-02-17 20:00,23.44,signal,27.374,1.2636719600,18.9930880400,0.030565,16.00,tb-pullback_rsi-SOLUSDT-1676592000-B,tb-pullback_rsi-SOLUSDT-1676649600-S
ADA/USDT,pullback_rsi,2023-02-21 08:00,0.4042,2023-02-22 03:59,0.3852,stop,2645.0,2.089054340000,-52.344054340000,-0.048960,20.00,tb-pullback_rsi-ADAUSDT-1676952000-B,tb-pullback_rsi-ADAUSDT-1677024000-X
LTC/USDT,pullback_rsi,2023-02-21 00:00,95.95,2023-02-22 04:00,94.97,signal,10.310,1.9694406500,-12.0732406500,-0.012205,28.00,tb-pullback_rsi-LTCUSDT-1676923200-B,tb-pullback_rsi-LTCUSDT-1677024000-S
ETH/USDT,pullback_rsi,2023-02-21 16:00,1672.81,2023-02-22 15:59,1604.94,stop,0.7337,2.4062234250,-52.2024424250,-0.042533,24.00,tb-pullback_rsi-ETHUSDT-1676980800-B,tb-pullback_rsi-ETHUSDT-1677067200-X
ADA/USDT,pullback_rsi,2023-02-22 12:00,0.3861,2023-02-23 00:00,0.3887,signal,2373.1,1.839604520000,4.330455480000,0.004726,12.00,tb-pullback_rsi-ADAUSDT-1677052800-B,tb-pullback_rsi-ADAUSDT-1677096000-S
BTC/USDT,pullback_rsi,2023-02-22 12:00,24172.96,2023-02-23 00:00,24170.11,signal,0.04765,2.3047559320,-2.4405584320,-0.002119,12.00,tb-pullback_rsi-BTCUSDT-1677052800-B,tb-pullback_rsi-BTCUSDT-1677096000-S
SOL/USDT,pullback_rsi,2023-02-22 16:00,23.68,2023-02-23 00:00,24.14,signal,22.756,1.0887365600,9.3790234400,0.017405,8.00,tb-pullback_rsi-SOLUSDT-1677067200-B,tb-pullback_rsi-SOLUSDT-1677096000-S
ADA/USDT,pullback_rsi,2023-02-24 08:00,0.3815,2023-02-24 12:00,0.3835,signal,2626.3,2.010149550000,3.242450450000,0.003236,4.00,tb-pullback_rsi-ADAUSDT-1677211200-B,tb-pullback_rsi-ADAUSDT-1677225600-S
ETH/USDT,pullback_rsi,2023-02-24 20:00,1611.64,2023-02-26 04:00,1601.94,signal,0.6559,2.1089152740,-8.4711452740,-0.008014,32.00,tb-pullback_rsi-ETHUSDT-1677254400-B,tb-pullback_rsi-ETHUSDT-1677369600-S
LINK/USDT,pullback_rsi,2023-02-24 20:00,7.681,2023-02-26 04:00,7.413,signal,78.70,1.18851228000,-22.28011228000,-0.036857,32.00,tb-pullback_rs-LINKUSDT-1677254400-B,tb-pullback_rs-LINKUSDT-1677369600-S
SOL/USDT,pullback_rsi,2023-02-25 00:00,23.09,2023-02-26 04:00,22.64,signal,26.508,1.2128342700,-13.1414342700,-0.021470,28.00,tb-pullback_rsi-SOLUSDT-1677268800-B,tb-pullback_rsi-SOLUSDT-1677369600-S
LINK/USDT,pullback_rsi,2023-02-27 16:00,7.373,2023-02-28 12:00,7.323,signal,110.51,1.62493972000,-7.15043972000,-0.008776,20.00,tb-pullback_rs-LINKUSDT-1677499200-B,tb-pullback_rs-LINKUSDT-1677571200-S
LTC/USDT,pullback_rsi,2023-02-28 00:00,94.12,2023-02-28 12:00,94.98,signal,13.204,2.4981940800,8.8572459200,0.007127,12.00,tb-pullback_rsi-LTCUSDT-1677528000-B,tb-pullback_rsi-LTCUSDT-1677571200-S
LTC/USDT,pullback_rsi,2023-03-02 20:00,94.98,2023-03-03 03:59,91.12,stop,12.788,2.3810815400,-51.7427615400,-0.042601,8.00,tb-pullback_rsi-LTCUSDT-1677772800-B,tb-pullback_rsi-LTCUSDT-1677801600-X
LINK/USDT,pullback_rsi,2023-03-02 20:00,7.278,2023-03-03 03:59,6.881,stop,124.06,1.75751168000,-51.00933168000,-0.056494,8.00,tb-pullback_rs-LINKUSDT-1677772800-B,tb-pullback_rs-LINKUSDT-1677801600-X
ETH/USDT,pullback_rsi,2023-03-02 20:00,1649.30,2023-03-03 03:59,1587.07,stop,0.7939,2.5706735800,-51.9750705800,-0.039694,8.00,tb-pullback_rsi-ETHUSDT-1677772800-B,tb-pullback_rsi-ETHUSDT-1677801600-X
BTC/USDT,pullback_rsi,2023-03-16 08:00,24628.10,2023-03-16 12:00,24813.91,signal,0.02771,1.3707769440,3.7780181560,0.005536,4.00,tb-pullback_rsi-BTCUSDT-1678939200-B,tb-pullback_rsi-BTCUSDT-1678953600-S
ETH/USDT,pullback_rsi,2023-03-15 20:00,1648.83,2023-03-16 12:00,1659.53,signal,0.3993,1.3216876810,2.9508223190,0.004482,16.00,tb-pullback_rsi-ETHUSDT-1678896000-B,tb-pullback_rsi-ETHUSDT-1678953600-S
BNB/USDT,pullback_rsi,2023-03-18 20:00,336.47,2023-03-19 12:00,337.03,signal,2.477,1.6692689100,-0.2821489100,-0.000339,16.00,tb-pullback_rsi-BNBUSDT-1679155200-B,tb-pullback_rsi-BNBUSDT-1679212800-S
LINK/USDT,pullback_rsi,2023-03-18 20:00,7.037,2023-03-19 12:00,7.097,signal,95.89,1.35601296000,4.39738704000,0.006517,16.00,tb-pullback_rs-LINKUSDT-1679155200-B,tb-pullback_rs-LINKUSDT-1679212800-S
ETH/USDT,pullback_rsi,2023-03-19 04:00,1783.41,2023-03-19 16:00,1792.71,signal,0.4302,1.5393385270,2.4615214730,0.003208,12.00,tb-pullback_rsi-ETHUSDT-1679184000-B,tb-pullback_rsi-ETHUSDT-1679227200-S
XRP/USDT,pullback_rsi,2023-03-21 04:00,0.3819,2023-03-21 08:00,0.3863,signal,2163.2,1.662610420000,7.855469580000,0.009509,4.00,tb-pullback_rsi-XRPUSDT-1679356800-B,tb-pullback_rsi-XRPUSDT-1679371200-S
ETH/USDT,pullback_rsi,2023-03-21 04:00,1747.02,2023-03-21 12:00,1760.45,signal,0.4754,1.6683247480,4.7162972520,0.005679,8.00,tb-pullback_rsi-ETHUSDT-1679356800-B,tb-pullback_rsi-ETHUSDT-1679385600-S
XRP/USDT,pullback_rsi,2023-03-23 00:00,0.4216,2023-03-23 08:00,0.4466,signal,1041.1,0.904346780000,25.123153220000,0.057238,8.00,tb-pullback_rsi-XRPUSDT-1679515200-B,tb-pullback_rsi-XRPUSDT-1679544000-S
BNB/USDT,pullback_rsi,2023-03-22 16:00,327.97,2023-03-23 12:00,325.13,signal,2.941,1.9217510100,-10.2741910100,-0.010652,20.00,tb-pullback_rsi-BNBUSDT-1679486400-B,tb-pullback_rsi-BNBUSDT-1679558400-S
SOL/USDT,pullback_rsi,2023-03-23 00:00,21.43,2023-03-23 12:00,21.74,signal,21.226,0.9167978800,5.6632621200,0.012450,12.00,tb-pullback_rsi-SOLUSDT-1679515200-B,tb-pullback_rsi-SOLUSDT-1679558400-S
BNB/USDT,pullback_rsi,2023-03-24 20:00,322.37,2023-03-25 04:00,323.73,signal,3.421,2.2115975800,2.4409624200,0.002213,8.00,tb-pullback_rsi-BNBUSDT-1679673600-B,tb-pullback_rsi-BNBUSDT-1679702400-S
XRP/USDT,pullback_rsi,2023-03-24 08:00,0.4335,2023-03-25 04:00,0.4300,signal,1092.8,0.944109650000,-4.768909650000,-0.010067,20.00,tb-pullback_rsi-XRPUSDT-1679630400-B,tb-pullback_rsi-XRPUSDT-1679702400-S
BTC/USDT,pullback_rsi,2023-03-25 04:00,27595.45,2023-03-25 16:00,27633.61,signal,0.03353,1.8529341965,-0.5734293965,-0.000620,12.00,tb-pullback_rsi-BTCUSDT-1679702400-B,tb-pullback_rsi-BTCUSDT-1679745600-S
LINK/USDT,pullback_rsi,2023-03-25 16:00,7.135,2023-03-26 04:00,7.123,signal,108.13,1.54250239000,-2.84006239000,-0.003681,12.00,tb-pullback_rs-LINKUSDT-1679745600-B,tb-pullback_rs-LINKUSDT-1679788800-S
BNB/USDT,pullback_rsi,2023-03-26 00:00,322.57,2023-03-26 08:00,323.83,signal,4.075,2.6356928500,2.4988071500,0.001901,8.00,tb-pullback_rsi-BNBUSDT-1679774400-B,tb-pullback_rsi-BNBUSDT-1679803200-S
ADA/USDT,pullback_rsi,2023-03-26 00:00,0.3515,2023-03-26 12:00,0.3579,signal,2122.7,1.506616680000,12.078663320000,0.016188,12.00,tb-pullback_rsi-ADAUSDT-1679774400-B,tb-pullback_rsi-ADAUSDT-1679817600-S
ADA/USDT,pullback_rsi,2023-03-27 12:00,0.3530,2023-03-28 08:00,0.3486,signal,2525.2,1.772598120000,-12.883478120000,-0.014453,20.00,tb-pullback_rsi-ADAUSDT-1679904000-B,tb-pullback_rsi-ADAUSDT-1679976000-S
BTC/USDT,pullback_rsi,2023-03-27 20:00,26982.42,2023-03-28 20:00,27412.26,signal,0.03982,2.1670754512,14.9491533488,0.013913,24.00,tb-pullback_rsi-BTCUSDT-1679932800-B,tb-pullback_rsi-BTCUSDT-1680019200-S
LTC/USDT,pullback_rsi,2023-03-28 00:00,89.29,2023-03-28 20:00,88.87,signal,7.585,1.3520579200,-4.5377579200,-0.006700,20.00,tb-pullback_rsi-LTCUSDT-1679947200-B,tb-pullback_rsi-LTCUSDT-1680019200-S
BNB/USDT,pullback_rsi,2023-03-30 08:00,315.66,2023-03-30 12:00,317.14,signal,3.857,2.4419722400,3.2663877600,0.002683,4.00,tb-pullback_rsi-BNBUSDT-1680148800-B,tb-pullback_rsi-BNBUSDT-1680163200-S
LINK/USDT,pullback_rsi,2023-03-31 00:00,7.234,2023-03-31 04:00,7.379,signal,127.05,1.85752207000,16.56472793000,0.018023,4.00,tb-pullback_rs-LINKUSDT-1680206400-B,tb-pullback_rs-LINKUSDT-1680220800-S
LTC/USDT,pullback_rsi,2023-03-31 00:00,89.11,2023-03-31 04:00,89.71,signal,8.888,1.5901541500,3.7426458500,0.004726,4.00,tb-pullback_rsi-LTCUSDT-1680206400-B,tb-pullback_rsi-LTCUSDT-1680220800-S
BTC/USDT,pullback_rsi,2023-03-31 00:00,28042.55,2023-03-31 16:00,28480.75,signal,0.04022,2.2747692585,15.3496347415,0.013609,16.00,tb-pullback_rsi-BTCUSDT-1680206400-B,tb-pullback_rsi-BTCUSDT-1680264000-S
BNB/USDT,pullback_rsi,2023-03-31 12:00,316.06,2023-03-31 20:00,316.54,signal,4.443,2.8122221000,-0.6795821000,-0.000484,8.00,tb-pullback_rsi-BNBUSDT-1680249600-B,tb-pullback_rsi-BNBUSDT-1680278400-S
BNB/USDT,pullback_rsi,2023-04-01 12:00,314.56,2023-04-02 00:00,314.74,signal,5.183,3.2635492600,-2.3306092600,-0.001430,12.00,tb-pullback_rsi-BNBUSDT-1680336000-B,tb-pullback_rsi-BNBUSDT-1680379200-S
XRP/USDT,pullback_rsi,2023-04-01 12:00,0.5156,2023-04-02 08:00,0.5137,signal,988.7,1.018184510000,-2.896714510000,-0.005682,20.00,tb-pullback_rsi-XRPUSDT-1680336000-B,tb-pullback_rsi-XRPUSDT-1680408000-S
ADA/USDT,pullback_rsi,2023-04-01 16:00,0.3932,2023-04-03 03:59,0.3711,stop,2209.9,1.689930930000,-50.528720930000,-0.058150,36.00,tb-pullback_rsi-ADAUSDT-1680350400-B,tb-pullback_rsi-ADAUSDT-1680480000-X
BTC/USDT,pullback_rsi,2023-04-03 00:00,28185.96,2023-04-03 12:00,28239.60,signal,0.05691,3.2128697812,-0.1602173812,-0.000100,12.00,tb-pullback_rsi-BTCUSDT-1680465600-B,tb-pullback_rsi-BTCUSDT-1680508800-S
LINK/USDT,pullback_rsi,2023-04-03 00:00,7.259,2023-04-03 12:00,7.295,signal,151.40,2.20463704000,3.24576296000,0.002953,12.00,tb-pullback_rs-LINKUSDT-1680465600-B,tb-pullback_rs-LINKUSDT-1680508800-S
XRP/USDT,pullback_rsi,2023-04-04 08:00,0.4966,2023-04-04 20:00,0.5048,signal,1332.3,1.334860460000,9.589999540000,0.014495,12.00,tb-pullback_rsi-XRPUSDT-1680580800-B,tb-pullback_rsi-XRPUSDT-1680624000-S
BTC/USDT,pullback_rsi,2023-04-06 12:00,27959.49,2023-04-06 16:00,28076.34,signal,0.05099,2.8589445445,3.0992369555,0.002174,4.00,tb-pullback_rsi-BTCUSDT-1680768000-B,tb-pullback_rsi-BTCUSDT-1680782400-S
ETH/USDT,pullback_rsi,2023-04-06 16:00,1875.48,2023-04-07 04:00,1875.79,signal,0.6770,2.5409226260,-2.3310526260,-0.001836,12.00,tb-pullback_rsi-ETHUSDT-1680782400-B,tb-pullback_rsi-ETHUSDT-1680825600-S
ADA/USDT,pullback_rsi,2023-04-06 16:00,0.3849,2023-04-07 16:00,0.3839,signal,2352.5,1.809525760000,-4.162025760000,-0.004596,24.00,tb-pullback_rsi-ADAUSDT-1680782400-B,tb-pullback_rsi-ADAUSDT-1680868800-S
LTC/USDT,pullback_rsi,2023-04-07 12:00,89.96,2023-04-07 16:00,90.50,signal,11.767,2.1245523400,4.2296276600,0.003996,4.00,tb-pullback_rsi-LTCUSDT-1680854400-B,tb-pullback_rsi-LTCUSDT-1680868800-S
BTC/USDT,pullback_rsi,2023-04-07 16:00,27958.07,2023-04-08 04:00,28009.37,signal,0.06023,3.3728759810,-0.2830769810,-0.000168,12.00,tb-pullback_rsi-BTCUSDT-1680868800-B,tb-pullback_rsi-BTCUSDT-1680912000-S
LTC/USDT,pullback_rsi,2023-04-09 00:00,89.96,2023-04-09 04:00,90.62,signal,15.628,2.8235436000,7.4909364000,0.005328,4.00,tb-pullback_rsi-LTCUSDT-1680984000-B,tb-pullback_rsi-LTCUSDT-1680998400-S
ETH/USDT,pullback_rsi,2023-04-09 04:00,1852.72,2023-04-09 20:00,1855.46,signal,0.9476,3.5157240920,-0.9193000920,-0.000524,16.00,tb-pullback_rsi-ETHUSDT-1680998400-B,tb-pullback_rsi-ETHUSDT-1681056000-S
XRP/USDT,pullback_rsi,2023-04-09 04:00,0.5065,2023-04-09 20:00,0.5053,signal,2401.7,2.431306310000,-5.313346310000,-0.004368,16.00,tb-pullback_rsi-XRPUSDT-1680998400-B,tb-pullback_rsi-XRPUSDT-1681056000-S
ETH/USDT,pullback_rsi,2023-04-12 08:00,1871.24,2023-04-12 16:00,1911.22,signal,0.8385,3.1732768260,30.3499531740,0.019343,8.00,tb-pullback_rsi-ETHUSDT-1681272000-B,tb-pullback_rsi-ETHUSDT-1681300800-S
BNB/USDT,pullback_rsi,2023-04-12 08:00,319.26,2023-04-13 00:00,319.74,signal,5.415,3.4621005600,-0.8629005600,-0.000499,16.00,tb-pullback_rsi-BNBUSDT-1681272000-B,tb-pullback_rsi-BNBUSDT-1681329600-S
XRP/USDT,pullback_rsi,2023-04-12 20:00,0.5030,2023-04-13 00:00,0.5046,signal,2608.7,2.629884220000,1.544035780000,0.001177,4.00,tb-pullback_rsi-XRPUSDT-1681315200-B,tb-pullback_rsi-XRPUSDT-1681329600-S
LTC/USDT,pullback_rsi,2023-04-12 08:00,92.12,2023-04-13 04:00,92.42,signal,12.601,2.3265861000,1.4537139000,0.001252,20.00,tb-pullback_rsi-LTCUSDT-1681272000-B,tb-pullback_rsi-LTCUSDT-1681344000-S
SOL/USDT,pullback_rsi,2023-04-16 00:00,24.07,2023-04-16 04:00,24.30,signal,31.193,1.5095756500,5.6648143500,0.007545,4.00,tb-pullback_rsi-SOLUSDT-1681588800-B,tb-pullback_rsi-SOLUSDT-1681603200-S
XRP/USDT,pullback_rsi,2023-04-16 08:00,0.5201,2023-04-16 20:00,0.5205,signal,2495.8,2.598429730000,-1.600109730000,-0.001233,12.00,tb-pullback_rsi-XRPUSDT-1681617600-B,tb-pullback_rsi-XRPUSDT-1681660800-S
BTC/USDT,pullback_rsi,2023-04-16 08:00,30360.15,2023-04-17 11:59,29663.66,stop,0.06905,4.1467692880,-52.2394037880,-0.024919,28.00,tb-pullback_rsi-BTCUSDT-1681617600-B,tb-pullback_rsi-BTCUSDT-1681718400-X
XRP/USDT,pullback_rsi,2023-04-17 20:00,0.5106,2023-04-18 04:00,0.5123,signal,2772.3,2.837215350000,1.875694650000,0.001325,8.00,tb-pullback_rsi-XRPUSDT-1681747200-B,tb-pullback_rsi-XRPUSDT-1681776000-S
ADA/USDT,pullback_rsi,2023-04-17 12:00,0.4429,2023-04-18 08:00,0.4417,signal,2077.2,1.838421210000,-4.331061210000,-0.004708,20.00,tb-pullback_rsi-ADAUSDT-1681718400-B,tb-pullback_rsi-ADAUSDT-1681790400-S
BTC/USDT,pullback_rsi,2023-04-17 20:00,29481.99,2023-04-18 08:00,29760.72,signal,0.06547,3.8806839646,14.3677691354,0.007444,12.00,tb-pullback_rsi-BTCUSDT-1681747200-B,tb-pullback_rsi-BTCUSDT-1681790400-S
ADA/USDT,pullback_rsi,2023-04-19 16:00,0.4211,2023-04-20 19:59,0.3966,stop,1987.3,1.625857410000,-50.314707410000,-0.060124,28.00,tb-pullback_rsi-ADAUSDT-1681905600-B,tb-pullback_rsi-ADAUSDT-1682006400-X
SOL/USDT,pullback_rsi,2023-04-19 16:00,23.36,2023-04-21 16:00,21.85,signal,25.557,1.1560393300,-39.7471093300,-0.066577,48.00,tb-pullback_rsi-SOLUSDT-1681905600-B,tb-pullback_rsi-SOLUSDT-1682078400-S
LINK/USDT,pullback_rsi,2023-04-20 04:00,7.826,2023-04-21 19:59,7.270,stop,87.22,1.31737746000,-49.81169746000,-0.072975,40.00,tb-pullback_rs-LINKUSDT-1681948800-B,tb-pullback_rs-LINKUSDT-1682092800-X
BTC/USDT,pullback_rsi,2023-04-21 00:00,28257.78,2023-04-21 19:59,27183.07,stop,0.04491,2.4912614588,-50.7564875588,-0.039995,20.00,tb-pullback_rsi-BTCUSDT-1682020800-B,tb-pullback_rsi-BTCUSDT-1682092800-X
ADA/USDT,pullback_rsi,2023-04-30 08:00,0.4014,2023-04-30 16:00,0.4066,signal,2791.8,2.256898320000,12.260461680000,0.010941,8.00,tb-pullback_rsi-ADAUSDT-1682827200-B,tb-pullback_rsi-ADAUSDT-1682856000-S
BTC/USDT,pullback_rsi,2023-04-30 08:00,29281.07,2023-04-30 16:00,29640.35,signal,0.05038,2.9702180008,15.1303083992,0.010257,8.00,tb-pullback_rsi-BTCUSDT-1682827200-B,tb-pullback_rsi-BTCUSDT-1682856000-S
SOL/USDT,pullback_rsi,2023-05-01 08:00,22.36,2023-05-02 12:00,21.97,signal,34.035,1.5095541500,-14.7832041500,-0.019425,28.00,tb-pullback_rsi-SOLUSDT-1682913600-B,tb-pullback_rsi-SOLUSDT-1683014400-S
BTC/USDT,pullback_rsi,2023-05-01 08:00,28643.40,2023-05-02 16:00,28526.41,signal,0.04244,2.4277189060,-7.3927745060,-0.006081,32.00,tb-pullback_rsi-BTCUSDT-1682913600-B,tb-pullback_rsi-BTCUSDT-1683028800-S
BTC/USDT,pullback_rsi,2023-05-06 20:00,28857.25,2023-05-07 16:00,28928.18,signal,0.04523,2.6150778600,0.5930860400,0.000454,20.00,tb-pullback_rsi-BTCUSDT-1683388800-B,tb-pullback_rsi-BTCUSDT-1683460800-S
ETH/USDT,pullback_rsi,2023-05-06 20:00,1898.89,2023-05-07 16:00,1915.97,signal,0.5868,2.2396991860,7.7828448140,0.006985,20.00,tb-pullback_rsi-ETHUSDT-1683388800-B,tb-pullback_rsi-ETHUSDT-1683460800-S
LTC/USDT,pullback_rsi,2023-06-24 20:00,89.18,2023-06-26 12:00,88.04,signal,7.614,1.3500665200,-10.0300265200,-0.014771,40.00,tb-pullback_rsi-LTCUSDT-1687622400-B,tb-pullback_rsi-LTCUSDT-1687766400-S
BTC/USDT,pullback_rsi,2023-06-26 00:00,30477.91,2023-06-27 04:00,30356.37,signal,0.04710,2.8668184865,-8.5913524865,-0.005985,28.00,tb-pullback_rsi-BTCUSDT-1687723200-B,tb-pullback_rsi-BTCUSDT-1687824000-S
BTC/USDT,pullback_rsi,2023-06-28 12:00,30325.89,2023-06-29 08:00,30325.11,signal,0.05178,3.1423283376,-3.1827167376,-0.002027,20.00,tb-pullback_rsi-BTCUSDT-1687939200-B,tb-pullback_rsi-BTCUSDT-1688011200-S
LINK/USDT,pullback_rsi,2023-06-28 12:00,5.997,2023-06-29 12:00,6.131,signal,135.33,1.64212182000,16.49209818000,0.020321,24.00,tb-pullback_rs-LINKUSDT-1687939200-B,tb-pullback_rs-LINKUSDT-1688025600-S
LTC/USDT,pullback_rsi,2023-06-28 12:00,85.74,2023-06-29 12:00,85.53,signal,9.923,1.7003696100,-3.7841996100,-0.004448,24.00,tb-pullback_rsi-LTCUSDT-1687939200-B,tb-pullback_rsi-LTCUSDT-1688025600-S
SOL/USDT,pullback_rsi,2023-07-04 12:00,19.24,2023-07-04 16:00,19.83,signal,39.122,1.5292661400,21.5527138600,0.028634,4.00,tb-pullback_rsi-SOLUSDT-1688457600-B,tb-pullback_rsi-SOLUSDT-1688472000-S
LINK/USDT,pullback_rsi,2023-07-04 12:00,6.531,2023-07-05 04:00,6.549,signal,137.56,1.80019914000,0.67588086000,0.000752,16.00,tb-pullback_rs-LINKUSDT-1688457600-B,tb-pullback_rs-LINKUSDT-1688515200-S
LTC/USDT,pullback_rsi,2023-07-03 16:00,109.47,2023-07-05 15:59,99.01,stop,4.543,0.9476719900,-48.4674519900,-0.097457,48.00,tb-pullback_rsi-LTCUSDT-1688385600-B,tb-pullback_rsi-LTCUSDT-1688558400-X
LTC/USDT,pullback_rsi,2023-07-05 20:00,100.58,2023-07-06 00:00,102.54,signal,5.366,1.0905454000,9.4268146000,0.017466,4.00,tb-pullback_rsi-LTCUSDT-1688572800-B,tb-pullback_rsi-LTCUSDT-1688587200-S
BTC/USDT,pullback_rsi,2023-07-05 20:00,30447.17,2023-07-06 08:00,30787.79,signal,0.05881,3.6030548279,16.4288073721,0.009175,12.00,tb-pullback_rsi-BTCUSDT-1688572800-B,tb-pullback_rsi-BTCUSDT-1688616000-S
ETH/USDT,pullback_rsi,2023-07-05 20:00,1908.67,2023-07-06 08:00,1924.12,signal,0.9041,3.4671341070,10.5012108930,0.006085,12.00,tb-pullback_rsi-ETHUSDT-1688572800-B,tb-pullback_rsi-ETHUSDT-1688616000-S
BTC/USDT,pullback_rsi,2023-07-07 04:00,30150.48,2023-07-07 16:00,30375.63,signal,0.04910,2.9733395220,8.0815254780,0.005459,12.00,tb-pullback_rsi-BTCUSDT-1688688000-B,tb-pullback_rsi-BTCUSDT-1688731200-S
LINK/USDT,pullback_rsi,2023-07-07 04:00,6.157,2023-07-07 16:00,6.208,signal,136.50,1.68868448000,5.27281552000,0.006274,12.00,tb-pullback_rs-LINKUSDT-1688688000-B,tb-pullback_rs-LINKUSDT-1688731200-S
LTC/USDT,pullback_rsi,2023-07-07 04:00,97.25,2023-07-07 16:00,97.66,signal,5.323,1.0380894300,1.1443405700,0.002211,12.00,tb-pullback_rsi-LTCUSDT-1688688000-B,tb-pullback_rsi-LTCUSDT-1688731200-S
BTC/USDT,pullback_rsi,2023-07-09 00:00,30299.78,2023-07-09 04:00,30272.84,signal,0.06339,3.8418193688,-5.5495459688,-0.002889,4.00,tb-pullback_rsi-BTCUSDT-1688846400-B,tb-pullback_rsi-BTCUSDT-1688860800-S
ETH/USDT,pullback_rsi,2023-07-09 00:00,1866.18,2023-07-09 04:00,1866.91,signal,0.9622,3.5938453760,-2.8914393760,-0.001610,4.00,tb-pullback_rsi-ETHUSDT-1688846400-B,tb-pullback_rsi-ETHUSDT-1688860800-S
ETH/USDT,pullback_rsi,2023-07-10 12:00,1864.93,2023-07-10 16:00,1870.15,signal,1.0760,4.0209975030,1.5957224970,0.000795,4.00,tb-pullback_rsi-ETHUSDT-1688976000-B,tb-pullback_rsi-ETHUSDT-1688990400-S
LTC/USDT,pullback_rsi,2023-07-10 12:00,95.06,2023-07-10 16:00,95.17,signal,8.763,1.6678410300,-0.7039110300,-0.000845,4.00,tb-pullback_rsi-LTCUSDT-1688976000-B,tb-pullback_rsi-LTCUSDT-1688990400-S
SOL/USDT,pullback_rsi,2023-07-10 12:00,20.82,2023-07-10 16:00,21.14,signal,29.351,1.2321925600,8.1601274400,0.013353,4.00,tb-pullback_rsi-SOLUSDT-1688976000-B,tb-pullback_rsi-SOLUSDT-1688990400-S
LTC/USDT,pullback_rsi,2023-07-13 00:00,96.26,2023-07-13 08:00,100.24,signal,10.489,2.0621473600,39.6840726400,0.039304,8.00,tb-pullback_rsi-LTCUSDT-1689192000-B,tb-pullback_rsi-LTCUSDT-1689220800-S
BTC/USDT,pullback_rsi,2023-07-13 00:00,30395.19,2023-07-13 12:00,30528.71,signal,0.06619,4.0346805994,4.8030082006,0.002387,12.00,tb-pullback_rsi-BTCUSDT-1689192000-B,tb-pullback_rsi-BTCUSDT-1689235200-S
ETH/USDT,pullback_rsi,2023-07-13 00:00,1872.76,2023-07-13 12:00,1882.77,signal,0.8620,3.2389523440,5.3896676560,0.003339,12.00,tb-pullback_rsi-ETHUSDT-1689192000-B,tb-pullback_rsi-ETHUSDT-1689235200-S
ADA/USDT,pullback_rsi,2023-07-15 00:00,0.3280,2023-07-15 08:00,0.3345,signal,1484.6,0.984039500000,8.665860500000,0.017796,8.00,tb-pullback_rsi-ADAUSDT-1689364800-B,tb-pullback_rsi-ADAUSDT-1689393600-S
BTC/USDT,pullback_rsi,2023-07-15 00:00,30327.16,2023-07-16 12:00,30290.85,signal,0.04466,2.7087166836,-4.3303212836,-0.003197,36.00,tb-pullback_rsi-BTCUSDT-1689364800-B,tb-pullback_rsi-BTCUSDT-1689494400-S
LTC/USDT,pullback_rsi,2023-07-15 00:00,95.17,2023-07-17 00:00,92.84,signal,6.774,1.2742459300,-17.0576659300,-0.026459,48.00,tb-pullback_rsi-LTCUSDT-1689364800-B,tb-pullback_rsi-LTCUSDT-1689537600-S
LINK/USDT,pullback_rsi,2023-07-17 04:00,6.710,2023-07-17 20:00,6.891,signal,132.34,1.80089574000,22.15264426000,0.024947,16.00,tb-pullback_rs-LINKUSDT-1689552000-B,tb-pullback_rs-LINKUSDT-1689609600-S
ADA/USDT,pullback_rsi,2023-07-16 08:00,0.3210,2023-07-18 08:00,0.3061,signal,1922.3,1.206116330000,-29.848386330000,-0.048372,48.00,tb-pullback_rsi-ADAUSDT-1689480000-B,tb-pullback_rsi-ADAUSDT-1689652800-S
ADA/USDT,pullback_rsi,2023-07-18 16:00,0.3049,2023-07-19 00:00,0.3092,signal,2368.4,1.455166200000,8.728953800000,0.012088,8.00,tb-pullback_rsi-ADAUSDT-1689681600-B,tb-pullback_rsi-ADAUSDT-1689710400-S
BTC/USDT,pullback_rsi,2023-07-18 00:00,30153.08,2023-07-19 04:00,30044.07,signal,0.06093,3.6699230700,-10.3119023700,-0.005613,28.00,tb-pullback_rsi-BTCUSDT-1689624000-B,tb-pullback_rsi-BTCUSDT-1689724800-S
ETH/USDT,pullback_rsi,2023-07-18 00:00,1912.17,2023-07-19 04:00,1911.52,signal,0.8214,3.1424999210,-3.6764099210,-0.002341,28.00,tb-pullback_rsi-ETHUSDT-1689624000-B,tb-pullback_rsi-ETHUSDT-1689724800-S
XRP/USDT,pullback_rsi,2023-07-20 20:00,0.7934,2023-07-21 20:00,0.7836,signal,622.5,0.982237880000,-7.082737880000,-0.014341,24.00,tb-pullback_rsi-XRPUSDT-1689868800-B,tb-pullback_rsi-XRPUSDT-1689955200-S
ADA/USDT,pullback_rsi,2023-07-21 04:00,0.3172,2023-07-22 16:00,0.3135,signal,2360.6,1.489591700000,-10.223811700000,-0.013654,36.00,tb-pullback_rsi-ADAUSDT-1689897600-B,tb-pullback_rsi-ADAUSDT-1690027200-S
BNB/USDT,pullback_rsi,2023-10-18 04:00,212.51,2023-10-18 08:00,212.49,signal,8.958,3.8090625900,-3.9882225900,-0.002095,4.00,tb-pullback_rsi-BNBUSDT-1697587200-B,tb-pullback_rsi-BNBUSDT-1697601600-S
LINK/USDT,pullback_rsi,2023-10-18 04:00,7.348,2023-10-18 12:00,7.436,signal,157.64,2.33172544000,11.54059456000,0.009963,8.00,tb-pullback_rs-LINKUSDT-1697587200-B,tb-pullback_rs-LINKUSDT-1697616000-S
SOL/USDT,pullback_rsi,2023-10-18 20:00,23.72,2023-10-19 08:00,23.84,signal,43.174,2.0543991200,3.1264808800,0.003053,12.00,tb-pullback_rsi-SOLUSDT-1697644800-B,tb-pullback_rsi-SOLUSDT-1697688000-S
BTC/USDT,pullback_rsi,2023-10-19 00:00,28334.16,2023-10-19 12:00,28436.47,signal,0.05946,3.3772817132,2.7060708868,0.001606,12.00,tb-pullback_rsi-BTCUSDT-1697659200-B,tb-pullback_rsi-BTCUSDT-1697702400-S
LINK/USDT,pullback_rsi,2023-10-19 08:00,7.353,2023-10-19 16:00,7.358,signal,170.52,2.50984326000,-1.65724326000,-0.001322,8.00,tb-pullback_rs-LINKUSDT-1697688000-B,tb-pullback_rs-LINKUSDT-1697716800-S
XRP/USDT,pullback_rsi,2023-10-22 16:00,0.5187,2023-10-22 20:00,0.5200,signal,2487.8,2.585374610000,0.648765390000,0.000503,4.00,tb-pullback_rsi-XRPUSDT-1697976000-B,tb-pullback_rsi-XRPUSDT-1697990400-S
XRP/USDT,pullback_rsi,2023-10-25 12:00,0.5521,2023-10-25 16:00,0.5583,signal,1485.0,1.649772150000,7.557227850000,0.009218,4.00,tb-pullback_rsi-XRPUSDT-1698220800-B,tb-pullback_rsi-XRPUSDT-1698235200-S
LINK/USDT,pullback_rsi,2023-10-26 20:00,10.710,2023-10-27 00:00,10.921,signal,34.91,0.75556661000,6.61044339000,0.017680,4.00,tb-pullback_rs-LINKUSDT-1698336000-B,tb-pullback_rs-LINKUSDT-1698350400-S
SOL/USDT,pullback_rsi,2023-10-26 20:00,31.56,2023-10-27 00:00,32.76,signal,15.433,0.9931555200,17.5264444800,0.035984,4.00,tb-pullback_rsi-SOLUSDT-1698336000-B,tb-pullback_rsi-SOLUSDT-1698350400-S
XRP/USDT,pullback_rsi,2023-10-26 20:00,0.5513,2023-10-27 16:00,0.5544,signal,1571.4,1.738379060000,3.132960940000,0.003616,20.00,tb-pullback_rsi-XRPUSDT-1698336000-B,tb-pullback_rsi-XRPUSDT-1698408000-S
BTC/USDT,pullback_rsi,2023-10-28 00:00,33908.96,2023-10-28 04:00,34042.96,signal,0.03585,2.4374326944,2.3664673056,0.001947,4.00,tb-pullback_rsi-BTCUSDT-1698436800-B,tb-pullback_rsi-BTCUSDT-1698451200-S
SOL/USDT,pullback_rsi,2023-10-29 00:00,31.64,2023-10-29 08:00,32.27,signal,20.159,1.2890261300,11.4111438700,0.017891,8.00,tb-pullback_rsi-SOLUSDT-1698523200-B,tb-pullback_rsi-SOLUSDT-1698552000-S
XRP/USDT,pullback_rsi,2023-10-29 08:00,0.5473,2023-10-29 12:00,0.5550,signal,2406.9,2.654494120000,15.878635880000,0.012054,4.00,tb-pullback_rsi-XRPUSDT-1698552000-B,tb-pullback_rsi-XRPUSDT-1698566400-S
LINK/USDT,pullback_rsi,2023-10-29 08:00,11.021,2023-10-29 16:00,11.051,signal,46.17,1.01961529000,0.36548471000,0.000718,8.00,tb-pullback_rs-LINKUSDT-1698552000-B,tb-pullback_rs-LINKUSDT-1698580800-S
BNB/USDT,pullback_rsi,2023-10-31 12:00,228.22,2023-11-01 20:00,226.48,signal,7.666,3.4875559600,-16.8263959600,-0.009618,32.00,tb-pullback_rsi-BNBUSDT-1698739200-B,tb-pullback_rsi-BNBUSDT-1698854400-S
LINK/USDT,pullback_rsi,2023-11-01 20:00,11.247,2023-11-02 00:00,11.633,signal,47.67,1.09125195000,17.30936805000,0.032285,4.00,tb-pullback_rs-LINKUSDT-1698854400-B,tb-pullback_rs-LINKUSDT-1698868800-S
LTC/USDT,pullback_rsi,2023-11-01 20:00,68.46,2023-11-02 00:00,69.93,signal,14.597,2.0211057300,19.4364842700,0.019450,4.00,tb-pullback_rsi-LTCUSDT-1698854400-B,tb-pullback_rsi-LTCUSDT-1698868800-S
ETH/USDT,pullback_rsi,2023-11-02 20:00,1813.28,2023-11-03 16:00,1812.09,signal,0.7209,2.6149798560,-3.4728508560,-0.002657,20.00,tb-pullback_rsi-ETHUSDT-1698940800-B,tb-pullback_rsi-ETHUSDT-1699012800-S
BNB/USDT,pullback_rsi,2023-11-03 16:00,229.62,2023-11-04 00:00,230.18,signal,5.838,2.6856901200,0.5835898800,0.000435,8.00,tb-pullback_rsi-BNBUSDT-1699012800-B,tb-pullback_rsi-BNBUSDT-1699041600-S
BTC/USDT,pullback_rsi,2023-11-03 16:00,34781.10,2023-11-04 08:00,34750.60,signal,0.03933,2.7360730070,-3.9356380070,-0.002877,16.00,tb-pullback_rsi-BTCUSDT-1699012800-B,tb-pullback_rsi-BTCUSDT-1699070400-S
SOL/USDT,pullback_rsi,2023-11-05 20:00,40.78,2023-11-07 00:00,42.13,signal,13.246,1.0987967800,16.7833032200,0.031070,28.00,tb-pullback_rsi-SOLUSDT-1699200000-B,tb-pullback_rsi-SOLUSDT-1699300800-S
BTC/USDT,pullback_rsi,2023-11-07 16:00,34738.60,2023-11-07 20:00,35436.25,signal,0.05537,3.8876657580,34.7412147420,0.018062,4.00,tb-pullback_rsi-BTCUSDT-1699358400-B,tb-pullback_rsi-BTCUSDT-1699372800-S
ETH/USDT,pullback_rsi,2023-11-07 20:00,1895.17,2023-11-08 16:00,1888.17,signal,0.7552,2.8586945000,-8.1450945000,-0.005691,20.00,tb-pullback_rsi-ETHUSDT-1699372800-B,tb-pullback_rsi-ETHUSDT-1699444800-S
BNB/USDT,pullback_rsi,2023-11-07 20:00,247.93,2023-11-08 20:00,246.97,signal,4.667,2.3109379500,-6.7912579500,-0.005869,24.00,tb-pullback_rsi-BNBUSDT-1699372800-B,tb-pullback_rsi-BNBUSDT-1699459200-S
LTC/USDT,pullback_rsi,2023-11-10 00:00,73.89,2023-11-11 00:00,73.23,signal,10.333,1.5210037500,-8.3407837500,-0.010924,24.00,tb-pullback_rsi-LTCUSDT-1699560000-B,tb-pullback_rsi-LTCUSDT-1699646400-S
XRP/USDT,pullback_rsi,2023-11-10 00:00,0.6671,2023-11-11 12:00,0.6670,signal,867.0,1.157265090000,-1.243965090000,-0.002151,36.00,tb-pullback_rsi-XRPUSDT-1699560000-B,tb-pullback_rsi-XRPUSDT-1699689600-S
ETH/USDT,pullback_rsi,2023-11-11 08:00,2055.97,2023-11-11 16:00,2066.96,signal,0.5395,2.2255543170,3.7035506830,0.003339,8.00,tb-pullback_rsi-ETHUSDT-1699675200-B,tb-pullback_rsi-ETHUSDT-1699704000-S
BNB/USDT,pullback_rsi,2023-11-13 08:00,245.83,2023-11-13 16:00,246.97,signal,5.014,2.4723741800,3.2435858200,0.002632,8.00,tb-pullback_rsi-BNBUSDT-1699848000-B,tb-pullback_rsi-BNBUSDT-1699876800-S
XRP/USDT,pullback_rsi,2023-11-13 08:00,0.6566,2023-11-14 00:00,0.6697,signal,1248.6,1.656871760000,14.699788240000,0.017930,16.00,tb-pullback_rsi-XRPUSDT-1699848000-B,tb-pullback_rsi-XRPUSDT-1699905600-S
BTC/USDT,pullback_rsi,2023-11-13 08:00,36978.77,2023-11-14 15:59,35978.47,stop,0.05145,3.7558687227,-55.2213037227,-0.029025,32.00,tb-pullback_rsi-BTCUSDT-1699848000-B,tb-pullback_rsi-BTCUSDT-1699963200-X
SOL/USDT,pullback_rsi,2023-11-14 04:00,54.06,2023-11-14 16:00,56.19,signal,5.697,0.6284186100,11.5061913900,0.037360,12.00,tb-pullback_rsi-SOLUSDT-1699920000-B,tb-pullback_rsi-SOLUSDT-1699963200-S
LINK/USDT,pullback_rsi,2023-11-14 04:00,14.646,2023-11-15 08:00,14.591,signal,28.86,0.84421920000,-2.43151920000,-0.005753,28.00,tb-pullback_rs-LINKUSDT-1699920000-B,tb-pullback_rs-LINKUSDT-1700020800-S
BTC/USDT,pullback_rsi,2023-11-15 00:00,35568.98,2023-11-15 12:00,36222.82,signal,0.03939,2.8293017614,22.9254558386,0.016363,12.00,tb-pullback_rsi-BTCUSDT-1699992000-B,tb-pullback_rsi-BTCUSDT-1700035200-S
XRP/USDT,pullback_rsi,2023-11-15 00:00,0.6300,2023-11-15 12:00,0.6398,signal,880.0,1.117991000000,7.506009000000,0.013539,12.00,tb-pullback_rsi-XRPUSDT-1699992000-B,tb-pullback_rsi-XRPUSDT-1700035200-S
BTC/USDT,pullback_rsi,2023-11-17 00:00,36181.60,2023-11-18 00:00,36595.60,signal,0.03244,2.3623396280,11.0678203720,0.009430,24.00,tb-pullback_rsi-BTCUSDT-1700164800-B,tb-pullback_rsi-BTCUSDT-1700251200-S
SOL/USDT,pullback_rsi,2023-11-16 20:00,62.38,2023-11-18 00:00,58.49,signal,5.720,0.6917506800,-22.9425506800,-0.064298,28.00,tb-pullback_rsi-SOLUSDT-1700150400-B,tb-pullback_rsi-SOLUSDT-1700251200-S
ADA/USDT,pullback_rsi,2023-11-17 00:00,0.3709,2023-11-18 16:00,0.3666,signal,1517.7,1.119897190000,-7.646007190000,-0.013583,40.00,tb-pullback_rsi-ADAUSDT-1700164800-B,tb-pullback_rsi-ADAUSDT-1700308800-S
BNB/USDT,pullback_rsi,2023-11-19 16:00,243.73,2023-11-19 20:00,245.67,signal,5.863,2.8708145800,8.5034054200,0.005951,4.00,tb-pullback_rsi-BNBUSDT-1700395200-B,tb-pullback_rsi-BNBUSDT-1700409600-S
XRP/USDT,pullback_rsi,2023-11-21 04:00,0.6140,2023-11-21 19:59,0.5840,stop,1702.5,2.040700200000,-53.115700200000,-0.050812,16.00,tb-pullback_rsi-XRPUSDT-1700524800-B,tb-pullback_rsi-XRPUSDT-1700582400-X
ETH/USDT,pullback_rsi,2023-11-22 04:00,1979.30,2023-11-22 08:00,1992.73,signal,0.5260,2.0904753600,4.9737046400,0.004777,4.00,tb-pullback_rsi-ETHUSDT-1700611200-B,tb-pullback_rsi-ETHUSDT-1700625600-S
LINK/USDT,pullback_rsi,2023-11-21 12:00,14.185,2023-11-22 08:00,14.123,signal,43.37,1.22842721000,-3.91736721000,-0.006368,20.00,tb-pullback_rs-LINKUSDT-1700553600-B,tb-pullback_rs-LINKUSDT-1700625600-S
SOL/USDT,pullback_rsi,2023-11-21 12:00,56.31,2023-11-22 16:00,54.91,signal,8.714,0.9696778700,-13.1692778700,-0.026839,28.00,tb-pullback_rsi-SOLUSDT-1700553600-B,tb-pullback_rsi-SOLUSDT-1700654400-S
SOL/USDT,pullback_rsi,2023-11-26 20:00,57.23,2023-11-27 19:59,53.46,stop,13.429,1.4872572300,-52.1145872300,-0.067810,24.00,tb-pullback_rsi-SOLUSDT-1701014400-B,tb-pullback_rsi-SOLUSDT-1701100800-X
BTC/USDT,pullback_rsi,2023-11-27 00:00,37466.15,2023-11-28 00:00,37224.07,signal,0.05187,3.8764296795,-16.4331192795,-0.008456,24.00,tb-pullback_rsi-BTCUSDT-1701028800-B,tb-pullback_rsi-BTCUSDT-1701115200-S
LTC/USDT,pullback_rsi,2023-11-27 00:00,70.07,2023-11-28 00:00,69.18,signal,21.271,2.9635282900,-21.8947182900,-0.014690,24.00,tb-pullback_rsi-LTCUSDT-1701028800-B,tb-pullback_rsi-LTCUSDT-1701115200-S
SOL/USDT,pullback_rsi,2023-11-27 20:00,54.15,2023-11-28 08:00,55.05,signal,12.753,1.3933315500,10.0843684500,0.014603,12.00,tb-pullback_rsi-SOLUSDT-1701100800-B,tb-pullback_rsi-SOLUSDT-1701144000-S
ETH/USDT,pullback_rsi,2023-11-29 20:00,2039.91,2023-11-30 12:00,2044.44,signal,0.7168,2.9292940060,0.3178099940,0.000217,16.00,tb-pullback_rsi-ETHUSDT-1701273600-B,tb-pullback_rsi-ETHUSDT-1701331200-S
ADA/USDT,pullback_rsi,2023-11-29 20:00,0.3858,2023-12-01 04:00,0.3790,signal,2766.9,2.117205360000,-20.932125360000,-0.019609,32.00,tb-pullback_rsi-ADAUSDT-1701273600-B,tb-pullback_rsi-ADAUSDT-1701388800-S
ADA/USDT,pullback_rsi,2023-12-04 00:00,0.3950,2023-12-04 04:00,0.4027,signal,3582.5,2.859182250000,24.726067750000,0.017473,4.00,tb-pullback_rsi-ADAUSDT-1701633600-B,tb-pullback_rsi-ADAUSDT-1701648000-S
SOL/USDT,pullback_rsi,2023-12-04 20:00,61.07,2023-12-05 16:00,60.91,signal,11.781,1.4377792200,-3.3227392200,-0.004618,20.00,tb-pullback_rsi-SOLUSDT-1701705600-B,tb-pullback_rsi-SOLUSDT-1701777600-S
BTC/USDT,pullback_rsi,2023-12-07 16:00,43681.82,2023-12-08 12:00,43631.99,signal,0.03104,2.7119679356,-4.2586911356,-0.003141,20.00,tb-pullback_rsi-BTCUSDT-1701950400-B,tb-pullback_rsi-BTCUSDT-1702022400-S
LINK/USDT,pullback_rsi,2023-12-10 04:00,16.375,2023-12-11 00:00,16.359,signal,39.79,1.30314086000,-1.93978086000,-0.002977,20.00,tb-pullback_rs-LINKUSDT-1702166400-B,tb-pullback_rs-LINKUSDT-1702238400-S
BNB/USDT,pullback_rsi,2023-12-10 04:00,240.73,2023-12-11 03:59,231.26,stop,5.322,2.5133751600,-52.9127151600,-0.041300,24.00,tb-pullback_rsi-BNBUSDT-1702166400-B,tb-pullback_rsi-BNBUSDT-1702252800-X
XRP/USDT,pullback_rsi,2023-12-10 04:00,0.6659,2023-12-11 03:59,0.6275,stop,1307.5,1.692052760000,-51.900052760000,-0.059610,24.00,tb-pullback_rsi-XRPUSDT-1702166400-B,tb-pullback_rsi-XRPUSDT-1702252800-X
BTC/USDT,pullback_rsi,2023-12-11 12:00,42365.19,2023-12-11 19:59,40756.93,stop,0.03098,2.5768178838,-52.4007126838,-0.039925,8.00,tb-pullback_rsi-BTCUSDT-1702281600-B,tb-pullback_rsi-BTCUSDT-1702310400-X
ADA/USDT,pullback_rsi,2023-12-12 00:00,0.5510,2023-12-12 04:00,0.5622,signal,696.6,0.775840820000,7.026079180000,0.018305,4.00,tb-pullback_rsi-ADAUSDT-1702324800-B,tb-pullback_rsi-ADAUSDT-1702339200-S
XRP/USDT,pullback_rsi,2023-12-11 12:00,0.6270,2023-12-12 04:00,0.6232,signal,1163.9,1.455860180000,-5.878680180000,-0.008056,16.00,tb-pullback_rsi-XRPUSDT-1702281600-B,tb-pullback_rsi-XRPUSDT-1702339200-S
ETH/USDT,pullback_rsi,2023-12-11 12:00,2250.81,2023-12-13 03:59,2149.02,stop,0.4886,2.1508823410,-51.8854763410,-0.047180,40.00,tb-pullback_rsi-ETHUSDT-1702281600-B,tb-pullback_rsi-ETHUSDT-1702425600-X
LTC/USDT,pullback_rsi,2023-12-13 00:00,72.42,2023-12-13 16:00,72.46,signal,11.940,1.7307362400,-1.2531362400,-0.001449,16.00,tb-pullback_rsi-LTCUSDT-1702411200-B,tb-pullback_rsi-LTCUSDT-1702468800-S
SOL/USDT,pullback_rsi,2023-12-13 00:00,68.64,2023-12-13 16:00,67.53,signal,6.901,0.9401896500,-8.6002996500,-0.018156,16.00,tb-pullback_rsi-SOLUSDT-1702411200-B,tb-pullback_rsi-SOLUSDT-1702468800-S
XRP/USDT,pullback_rsi,2023-12-15 20:00,0.6236,2023-12-16 12:00,0.6233,signal,1569.9,1.958506070000,-2.429476070000,-0.002482,16.00,tb-pullback_rsi-XRPUSDT-1702656000-B,tb-pullback_rsi-XRPUSDT-1702713600-S
BTC/USDT,pullback_rsi,2023-12-15 20:00,42117.13,2023-12-16 16:00,42582.68,signal,0.02717,2.3025573560,10.3464361440,0.009042,20.00,tb-pullback_rsi-BTCUSDT-1702656000-B,tb-pullback_rsi-BTCUSDT-1702728000-S
ETH/USDT,pullback_rsi,2023-12-15 20:00,2243.35,2023-12-16 16:00,2255.62,signal,0.4919,2.2141650200,3.8214479800,0.003463,20.00,tb-pullback_rsi-ETHUSDT-1702656000-B,tb-pullback_rsi-ETHUSDT-1702728000-S
BTC/USDT,pullback_rsi,2023-12-17 12:00,41981.06,2023-12-17 20:00,42084.85,signal,0.03646,3.0667223200,0.7174610800,0.000469,8.00,tb-pullback_rsi-BTCUSDT-1702800000-B,tb-pullback_rsi-BTCUSDT-1702828800-S
ETH/USDT,pullback_rsi,2023-12-17 12:00,2217.09,2023-12-17 20:00,2233.39,signal,0.6074,2.7047735190,7.1958464810,0.005343,8.00,tb-pullback_rsi-ETHUSDT-1702800000-B,tb-pullback_rsi-ETHUSDT-1702828800-S
BNB/USDT,pullback_rsi,2023-12-17 12:00,241.63,2023-12-18 11:59,232.79,stop,5.584,2.6506110600,-52.0131710600,-0.038549,24.00,tb-pullback_rsi-BNBUSDT-1702800000-B,tb-pullback_rsi-BNBUSDT-1702886400-X
SOL/USDT,pullback_rsi,2023-12-18 12:00,69.06,2023-12-18 16:00,70.69,signal,7.281,1.0180722300,10.8499577700,0.021578,4.00,tb-pullback_rsi-SOLUSDT-1702886400-B,tb-pullback_rsi-SOLUSDT-1702900800-S
ADA/USDT,pullback_rsi,2023-12-18 16:00,0.5671,2023-12-18 20:00,0.5778,signal,904.0,1.035556700000,8.637243300000,0.016848,4.00,tb-pullback_rsi-ADAUSDT-1702900800-B,tb-pullback_rsi-ADAUSDT-1702915200-S
ETH/USDT,pullback_rsi,2023-12-18 16:00,2156.28,2023-12-18 20:00,2173.72,signal,0.5413,2.3451227720,7.0951492280,0.006079,4.00,tb-pullback_rsi-ETHUSDT-1702900800-B,tb-pullback_rsi-ETHUSDT-1702915200-S
ADA/USDT,pullback_rsi,2023-12-20 04:00,0.5791,2023-12-20 08:00,0.5915,signal,996.2,1.166730820000,11.186149180000,0.019390,4.00,tb-pullback_rsi-ADAUSDT-1703030400-B,tb-pullback_rsi-ADAUSDT-1703044800-S
ETH/USDT,pullback_rsi,2023-12-20 00:00,2178.99,2023-12-20 08:00,2215.65,signal,0.5131,2.2561971830,16.5540488170,0.014806,8.00,tb-pullback_rsi-ETHUSDT-1703016000-B,tb-pullback_rsi-ETHUSDT-1703044800-S
BNB/USDT,pullback_rsi,2023-12-25 04:00,264.84,2023-12-25 16:00,266.96,signal,4.744,2.5241834000,7.5330966000,0.005996,12.00,tb-pullback_rsi-BNBUSDT-1703462400-B,tb-pullback_rsi-BNBUSDT-1703505600-S
BTC/USDT,pullback_rsi,2023-12-25 04:00,43174.36,2023-12-25 16:00,43596.20,signal,0.04144,3.5979307264,13.8831188736,0.007760,12.00,tb-pullback_rsi-BTCUSDT-1703462400-B,tb-pullback_rsi-BTCUSDT-1703505600-S
ETH/USDT,pullback_rsi,2023-12-25 04:00,2277.24,2023-12-25 16:00,2285.33,signal,0.5751,2.6253003480,2.0272586520,0.001548,12.00,tb-pullback_rsi-ETHUSDT-1703462400-B,tb-pullback_rsi-ETHUSDT-1703505600-S
BTC/USDT,pullback_rsi,2023-12-27 00:00,42530.19,2023-12-27 12:00,42997.60,signal,0.03816,3.2654416780,14.5709239220,0.008978,12.00,tb-pullback_rsi-BTCUSDT-1703620800-B,tb-pullback_rsi-BTCUSDT-1703664000-S
ETH/USDT,pullback_rsi,2023-12-27 00:00,2232.00,2023-12-27 12:00,2284.77,signal,0.6212,2.8073799200,29.9733440800,0.021618,12.00,tb-pullback_rsi-ETHUSDT-1703620800-B,tb-pullback_rsi-ETHUSDT-1703664000-S
SOL/USDT,pullback_rsi,2023-12-26 12:00,114.87,2023-12-27 12:00,112.72,signal,3.309,0.7535547900,-7.8679047900,-0.020699,24.00,tb-pullback_rsi-SOLUSDT-1703577600-B,tb-pullback_rsi-SOLUSDT-1703664000-S
SOL/USDT,pullback_rsi,2023-12-28 20:00,101.16,2023-12-29 04:00,104.85,signal,3.449,0.7109331300,12.0158768700,0.034439,8.00,tb-pullback_rsi-SOLUSDT-1703779200-B,tb-pullback_rsi-SOLUSDT-1703808000-S
BTC/USDT,pullback_rsi,2023-12-28 20:00,42631.95,2023-12-29 12:00,42840.56,signal,0.03739,3.1975224285,4.6024054715,0.002887,16.00,tb-pullback_rsi-BTCUSDT-1703779200-B,tb-pullback_rsi-BTCUSDT-1703836800-S
BNB/USDT,pullback_rsi,2023-12-29 12:00,318.06,2023-12-30 08:00,318.14,signal,2.130,1.3560601800,-1.1856601800,-0.001750,20.00,tb-pullback_rsi-BNBUSDT-1703836800-B,tb-pullback_rsi-BNBUSDT-1703908800-S
SOL/USDT,pullback_rsi,2023-12-30 16:00,104.33,2023-12-31 08:00,103.92,signal,4.094,0.8530971500,-2.5316371500,-0.005927,16.00,tb-pullback_rsi-SOLUSDT-1703937600-B,tb-pullback_rsi-SOLUSDT-1703995200-S
LINK/USDT,pullback_rsi,2023-12-30 08:00,15.313,2023-12-31 12:00,15.326,signal,37.24,1.14160888000,-0.65748888000,-0.001153,28.00,tb-pullback_rs-LINKUSDT-1703908800-B,tb-pullback_rs-LINKUSDT-1704009600-S
LTC/USDT,pullback_rsi,2023-12-30 08:00,73.97,2023-12-31 12:00,73.87,signal,11.515,1.7032652400,-2.8547652400,-0.003352,28.00,tb-pullback_rsi-LTCUSDT-1703908800-B,tb-pullback_rsi-LTCUSDT-1704009600-S
ADA/USDT,pullback_rsi,2024-01-01 04:00,0.5958,2024-01-01 12:00,0.6027,signal,1330.8,1.595797920000,7.586722080000,0.009568,8.00,tb-pullback_rsi-ADAUSDT-1704067200-B,tb-pullback_rsi-ADAUSDT-1704096000-S
LINK/USDT,pullback_rsi,2024-01-01 08:00,15.227,2024-01-01 12:00,15.291,signal,47.61,1.45372333000,1.59331667000,0.002198,4.00,tb-pullback_rs-LINKUSDT-1704081600-B,tb-pullback_rs-LINKUSDT-1704096000-S
BNB/USDT,pullback_rsi,2024-01-01 08:00,310.76,2024-01-01 16:00,312.34,signal,2.918,1.8191380800,2.7913019200,0.003078,8.00,tb-pullback_rsi-BNBUSDT-1704081600-B,tb-pullback_rsi-BNBUSDT-1704110400-S
ADA/USDT,pullback_rsi,2024-01-03 04:00,0.6095,2024-01-03 15:59,0.5758,stop,1473.3,1.747216740000,-51.397426740000,-0.057237,12.00,tb-pullback_rsi-ADAUSDT-1704240000-B,tb-pullback_rsi-ADAUSDT-1704283200-X
LTC/USDT,pullback_rsi,2024-01-03 04:00,73.17,2024-01-03 15:59,70.32,stop,17.487,2.5105266900,-52.3484766900,-0.040912,12.00,tb-pullback_rsi-LTCUSDT-1704240000-B,tb-pullback_rsi-LTCUSDT-1704283200-X
LINK/USDT,pullback_rsi,2024-01-03 04:00,15.302,2024-01-03 15:59,14.381,stop,53.80,1.59786352000,-51.14766352000,-0.062129,12.00,tb-pullback_rs-LINKUSDT-1704240000-B,tb-pullback_rs-LINKUSDT-1704283200-X
BTC/USDT,pullback_rsi,2024-01-04 00:00,42866.66,2024-01-04 16:00,44029.07,signal,0.02203,1.9155989296,23.6922933704,0.025088,16.00,tb-pullback_rsi-BTCUSDT-1704312000-B,tb-pullback_rsi-BTCUSDT-1704369600-S
SOL/USDT,pullback_rsi,2024-01-04 00:00,98.57,2024-01-04 16:00,103.60,signal,3.795,0.7676294300,18.3212205700,0.048978,16.00,tb-pullback_rsi-SOLUSDT-1704312000-B,tb-pullback_rsi-SOLUSDT-1704369600-S
BNB/USDT,pullback_rsi,2024-01-06 12:00,307.16,2024-01-07 08:00,308.84,signal,2.563,1.5797294800,2.7261105200,0.003463,20.00,tb-pullback_rsi-BNBUSDT-1704528000-B,tb-pullback_rsi-BNBUSDT-1704600000-S
SOL/USDT,pullback_rsi,2024-01-06 00:00,99.98,2024-01-07 08:00,95.21,signal,4.296,0.8390361400,-21.3309561400,-0.049663,32.00,tb-pullback_rsi-SOLUSDT-1704484800-B,tb-pullback_rsi-SOLUSDT-1704600000-S
ETH/USDT,pullback_rsi,2024-01-09 20:00,2272.05,2024-01-10 00:00,2343.12,signal,0.4805,2.2187252100,31.9304097900,0.029248,4.00,tb-pullback_rsi-ETHUSDT-1704816000-B,tb-pullback_rsi-ETHUSDT-1704830400-S
BTC/USDT,pullback_rsi,2024-01-10 04:00,46140.16,2024-01-10 20:00,46465.94,signal,0.02056,1.9053656244,4.7926711756,0.005052,16.00,tb-pullback_rsi-BTCUSDT-1704844800-B,tb-pullback_rsi-BTCUSDT-1704902400-S
BNB/USDT,pullback_rsi,2024-01-10 20:00,298.15,2024-01-11 00:00,305.54,signal,3.289,1.9867290100,22.3189809900,0.022760,4.00,tb-pullback_rsi-BNBUSDT-1704902400-B,tb-pullback_rsi-BNBUSDT-1704916800-S
SOL/USDT,pullback_rsi,2024-01-10 20:00,96.35,2024-01-11 00:00,101.93,signal,4.505,0.8937331500,24.2441668500,0.055855,4.00,tb-pullback_rsi-SOLUSDT-1704902400-B,tb-pullback_rsi-SOLUSDT-1704916800-S
BTC/USDT,pullback_rsi,2024-01-12 08:00,46031.20,2024-01-12 19:59,43286.20,stop,0.01795,1.6041679540,-50.8769179540,-0.061575,12.00,tb-pullback_rsi-BTCUSDT-1705032000-B,tb-pullback_rsi-BTCUSDT-1705075200-X
BNB/USDT,pullback_rsi,2024-01-17 12:00,313.16,2024-01-18 08:00,311.44,signal,3.551,2.2192072400,-8.3269272400,-0.007488,20.00,tb-pullback_rsi-BNBUSDT-1705478400-B,tb-pullback_rsi-BNBUSDT-1705550400-S
ETH/USDT,pullback_rsi,2024-01-18 08:00,2540.26,2024-01-18 19:59,2449.92,stop,0.5455,2.7236673460,-52.0041373460,-0.037529,12.00,tb-pullback_rsi-ETHUSDT-1705550400-B,tb-pullback_rsi-ETHUSDT-1705593600-X
LINK/USDT,pullback_rsi,2024-01-18 08:00,15.465,2024-01-18 19:59,14.317,stop,42.62,1.27008209000,-50.19784209000,-0.076159,12.00,tb-pullback_rs-LINKUSDT-1705550400-B,tb-pullback_rs-LINKUSDT-1705593600-X
BNB/USDT,pullback_rsi,2024-01-31 08:00,307.16,2024-01-31 23:59,299.36,stop,6.292,3.8183739600,-52.8959739600,-0.027370,16.00,tb-pullback_rsi-BNBUSDT-1706673600-B,tb-pullback_rsi-BNBUSDT-1706731200-X
SOL/USDT,pullback_rsi,2024-02-03 20:00,98.21,2024-02-05 08:00,97.56,signal,7.535,1.4759126300,-6.3736626300,-0.008613,36.00,tb-pullback_rsi-SOLUSDT-1706976000-B,tb-pullback_rsi-SOLUSDT-1707105600-S
ADA/USDT,pullback_rsi,2024-02-10 16:00,0.5383,2024-02-10 20:00,0.5411,signal,2027.0,2.189074230000,3.486525770000,0.003195,4.00,tb-pullback_rsi-ADAUSDT-1707566400-B,tb-pullback_rsi-ADAUSDT-1707580800-S
BNB/USDT,pullback_rsi,2024-02-10 16:00,321.37,2024-02-11 00:00,322.83,signal,5.968,3.8465138200,4.8667661800,0.002538,8.00,tb-pullback_rsi-BNBUSDT-1707566400-B,tb-pullback_rsi-BNBUSDT-1707595200-S
ADA/USDT,pullback_rsi,2024-02-12 00:00,0.5418,2024-02-12 16:00,0.5557,signal,1923.4,2.112015100000,24.623244900000,0.023629,16.00,tb-pullback_rsi-ADAUSDT-1707681600-B,tb-pullback_rsi-ADAUSDT-1707739200-S
ETH/USDT,pullback_rsi,2024-02-12 08:00,2502.96,2024-02-12 16:00,2556.59,signal,0.7248,3.6691642060,35.2018597940,0.019404,8.00,tb-pullback_rsi-ETHUSDT-1707710400-B,tb-pullback_rsi-ETHUSDT-1707739200-S
LTC/USDT,pullback_rsi,2024-02-12 08:00,71.21,2024-02-12 16:00,72.14,signal,22.940,3.2900868300,18.0441131700,0.011046,8.00,tb-pullback_rsi-LTCUSDT-1707710400-B,tb-pullback_rsi-LTCUSDT-1707739200-S
BTC/USDT,pullback_rsi,2024-02-13 20:00,49061.26,2024-02-14 00:00,49674.75,signal,0.02649,2.6169887452,13.6343613548,0.010491,4.00,tb-pullback_rsi-BTCUSDT-1707840000-B,tb-pullback_rsi-BTCUSDT-1707854400-S
LINK/USDT,pullback_rsi,2024-02-14 00:00,19.879,2024-02-14 04:00,20.073,signal,41.07,1.64182259000,6.32575741000,0.007748,4.00,tb-pullback_rs-LINKUSDT-1707854400-B,tb-pullback_rs-LINKUSDT-1707868800-S
SOL/USDT,pullback_rsi,2024-02-16 12:00,112.17,2024-02-17 15:59,105.40,stop,7.514,1.6357183400,-52.5054983400,-0.062296,28.00,tb-pullback_rsi-SOLUSDT-1708070400-B,tb-pullback_rsi-SOLUSDT-1708171200-X
LINK/USDT,pullback_rsi,2024-02-17 00:00,19.565,2024-02-17 16:00,19.598,signal,42.94,1.68263747000,-0.26561747000,-0.000316,16.00,tb-pullback_rs-LINKUSDT-1708113600-B,tb-pullback_rs-LINKUSDT-1708171200-S
ADA/USDT,pullback_rsi,2024-02-17 00:00,0.5990,2024-02-18 00:00,0.6092,signal,1363.7,1.648460940000,12.261279060000,0.015010,24.00,tb-pullback_rsi-ADAUSDT-1708113600-B,tb-pullback_rsi-ADAUSDT-1708200000-S
XRP/USDT,pullback_rsi,2024-02-17 20:00,0.5495,2024-02-18 08:00,0.5546,signal,1820.7,2.011278920000,7.274291080000,0.007271,12.00,tb-pullback_rsi-XRPUSDT-1708185600-B,tb-pullback_rsi-XRPUSDT-1708228800-S
BTC/USDT,pullback_rsi,2024-02-17 20:00,51420.14,2024-02-18 12:00,51806.09,signal,0.02877,2.9713612420,8.1324202580,0.005497,16.00,tb-pullback_rsi-BTCUSDT-1708185600-B,tb-pullback_rsi-BTCUSDT-1708243200-S
BNB/USDT,pullback_rsi,2024-02-19 04:00,352.48,2024-02-19 08:00,354.32,signal,3.396,2.4017027200,3.8469372800,0.003214,4.00,tb-pullback_rsi-BNBUSDT-1708300800-B,tb-pullback_rsi-BNBUSDT-1708315200-S
BTC/USDT,pullback_rsi,2024-02-20 08:00,51865.20,2024-02-20 12:00,52260.65,signal,0.03583,3.7329038140,10.4360696860,0.005616,4.00,tb-pullback_rsi-BTCUSDT-1708401600-B,tb-pullback_rsi-BTCUSDT-1708416000-S
LTC/USDT,pullback_rsi,2024-02-20 08:00,70.96,2024-02-20 15:59,68.69,stop,22.569,3.1533929300,-54.3850229300,-0.033959,8.00,tb-pullback_rsi-LTCUSDT-1708401600-B,tb-pullback_rsi-LTCUSDT-1708430400-X
SOL/USDT,pullback_rsi,2024-02-20 12:00,110.47,2024-02-20 15:59,103.92,stop,7.752,1.6628350400,-52.4384350400,-0.061234,4.00,tb-pullback_rsi-SOLUSDT-1708416000-B,tb-pullback_rsi-SOLUSDT-1708430400-X
LINK/USDT,pullback_rsi,2024-02-20 20:00,19.210,2024-02-21 19:59,18.042,stop,43.01,1.60316902000,-51.83884902000,-0.062742,24.00,tb-pullback_rs-LINKUSDT-1708444800-B,tb-pullback_rs-LINKUSDT-1708531200-X
ADA/USDT,pullback_rsi,2024-02-20 20:00,0.6184,2024-02-21 19:59,0.5747,stop,1148.5,1.371017430000,-51.560467430000,-0.072597,24.00,tb-pullback_rsi-ADAUSDT-1708444800-B,tb-pullback_rsi-ADAUSDT-1708531200-X
LTC/USDT,pullback_rsi,2024-02-20 20:00,69.68,2024-02-22 00:00,68.87,signal,17.010,2.3579897400,-16.1360897400,-0.013614,28.00,tb-pullback_rsi-LTCUSDT-1708444800-B,tb-pullback_rsi-LTCUSDT-1708545600-S
ADA/USDT,pullback_rsi,2024-02-23 12:00,0.5846,2024-02-23 20:00,0.5911,signal,1242.3,1.461332090000,6.613617910000,0.009107,8.00,tb-pullback_rsi-ADAUSDT-1708675200-B,tb-pullback_rsi-ADAUSDT-1708704000-S
BTC/USDT,pullback_rsi,2024-02-23 12:00,51244.55,2024-02-24 08:00,51043.16,signal,0.02992,3.0619856225,-9.0875744225,-0.005927,20.00,tb-pullback_rsi-BTCUSDT-1708675200-B,tb-pullback_rsi-BTCUSDT-1708747200-S
ETH/USDT,pullback_rsi,2024-02-23 12:00,2945.11,2024-02-24 08:00,2962.58,signal,0.3421,2.0221987950,3.9542882050,0.003925,20.00,tb-pullback_rsi-ETHUSDT-1708675200-B,tb-pullback_rsi-ETHUSDT-1708747200-S
ADA/USDT,pullback_rsi,2024-02-25 20:00,0.5880,2024-02-26 00:00,0.5910,signal,1587.7,1.872839100000,2.890260900000,0.003096,4.00,tb-pullback_rsi-ADAUSDT-1708876800-B,tb-pullback_rsi-ADAUSDT-1708891200-S
LINK/USDT,pullback_rsi,2024-02-26 16:00,18.875,2024-02-26 20:00,19.193,signal,54.93,2.09220774000,15.37553226000,0.014830,4.00,tb-pullback_rs-LINKUSDT-1708948800-B,tb-pullback_rs-LINKUSDT-1708963200-S
LTC/USDT,pullback_rsi,2024-02-26 16:00,71.19,2024-02-26 20:00,71.40,signal,22.674,3.2347230300,1.5268169700,0.000946,4.00,tb-pullback_rsi-LTCUSDT-1708948800-B,tb-pullback_rsi-LTCUSDT-1708963200-S
SOL/USDT,pullback_rsi,2024-02-26 16:00,105.02,2024-02-26 20:00,109.64,signal,8.509,1.8274871200,37.4840928800,0.041947,4.00,tb-pullback_rsi-SOLUSDT-1708948800-B,tb-pullback_rsi-SOLUSDT-1708963200-S
ETH/USDT,pullback_rsi,2024-03-01 04:00,3369.47,2024-03-01 12:00,3409.18,signal,0.2375,1.6109402160,7.8201847840,0.009772,8.00,tb-pullback_rsi-ETHUSDT-1709251200-B,tb-pullback_rsi-ETHUSDT-1709280000-S
LINK/USDT,pullback_rsi,2024-03-01 04:00,19.544,2024-03-01 12:00,19.864,signal,31.53,1.24331600000,8.84628400000,0.014356,8.00,tb-pullback_rs-LINKUSDT-1709251200-B,tb-pullback_rs-LINKUSDT-1709280000-S
BNB/USDT,pullback_rsi,2024-03-01 04:00,405.81,2024-03-02 00:00,407.19,signal,2.270,1.8467274300,1.2858725700,0.001396,20.00,tb-pullback_rsi-BNBUSDT-1709251200-B,tb-pullback_rsi-BNBUSDT-1709323200-S
SOL/USDT,pullback_rsi,2024-03-02 20:00,130.70,2024-03-03 20:00,130.10,signal,4.281,1.1171383000,-3.6857383000,-0.006587,24.00,tb-pullback_rsi-SOLUSDT-1709395200-B,tb-pullback_rsi-SOLUSDT-1709481600-S
ADA/USDT,pullback_rsi,2024-03-03 12:00,0.7275,2024-03-04 04:00,0.7545,signal,742.9,1.101559800000,18.956740200000,0.035075,16.00,tb-pullback_rsi-ADAUSDT-1709452800-B,tb-pullback_rsi-ADAUSDT-1709510400-S
LINK/USDT,pullback_rsi,2024-03-03 12:00,20.520,2024-03-04 16:00,20.485,signal,30.44,1.24901300000,-2.31441300000,-0.003705,28.00,tb-pullback_rs-LINKUSDT-1709452800-B,tb-pullback_rs-LINKUSDT-1709553600-S
LTC/USDT,pullback_rsi,2024-03-05 04:00,89.18,2024-03-05 12:00,89.56,signal,6.623,1.1844192800,1.3323207200,0.002256,8.00,tb-pullback_rsi-LTCUSDT-1709596800-B,tb-pullback_rsi-LTCUSDT-1709625600-S
ADA/USDT,pullback_rsi,2024-03-05 12:00,0.7682,2024-03-05 19:59,0.6979,stop,711.4,1.043598100000,-51.055018100000,-0.093422,8.00,tb-pullback_rsi-ADAUSDT-1709625600-B,tb-pullback_rsi-ADAUSDT-1709654400-X
ADA/USDT,pullback_rsi,2024-03-06 00:00,0.6927,2024-03-06 08:00,0.7377,signal,473.4,0.677497710000,20.625502290000,0.062897,8.00,tb-pullback_rsi-ADAUSDT-1709668800-B,tb-pullback_rsi-ADAUSDT-1709697600-S
BNB/USDT,pullback_rsi,2024-03-06 00:00,394.30,2024-03-06 08:00,410.39,signal,1.707,1.3743944300,26.0912355700,0.038765,8.00,tb-pullback_rsi-BNBUSDT-1709668800-B,tb-pullback_rsi-BNBUSDT-1709697600-S
LTC/USDT,pullback_rsi,2024-03-06 00:00,81.98,2024-03-06 08:00,85.85,signal,4.604,0.7730992200,17.0443807800,0.045158,8.00,tb-pullback_rsi-LTCUSDT-1709668800-B,tb-pullback_rsi-LTCUSDT-1709697600-S
LINK/USDT,pullback_rsi,2024-03-08 12:00,20.006,2024-03-09 04:00,20.033,signal,33.93,1.35932351000,-0.44321351000,-0.000653,16.00,tb-pullback_rs-LINKUSDT-1709884800-B,tb-pullback_rs-LINKUSDT-1709942400-S
ADA/USDT,pullback_rsi,2024-03-10 20:00,0.7202,2024-03-11 08:00,0.7336,signal,1007.1,1.464914200000,12.030225800000,0.016586,12.00,tb-pullback_rsi-ADAUSDT-1710086400-B,tb-pullback_rsi-ADAUSDT-1710129600-S
XRP/USDT,pullback_rsi,2024-03-10 20:00,0.6123,2024-03-11 08:00,0.6193,signal,1455.4,1.793389090000,8.394410910000,0.009420,12.00,tb-pullback_rsi-XRPUSDT-1710086400-B,tb-pullback_rsi-XRPUSDT-1710129600-S
LTC/USDT,pullback_rsi,2024-03-11 08:00,90.14,2024-03-11 12:00,94.64,signal,7.270,1.3440717200,31.3709282800,0.047871,4.00,tb-pullback_rsi-LTCUSDT-1710129600-B,tb-pullback_rsi-LTCUSDT-1710144000-S
LINK/USDT,pullback_rsi,2024-03-12 16:00,20.540,2024-03-12 20:00,20.694,signal,30.96,1.27742624000,3.49041376000,0.005489,4.00,tb-pullback_rs-LINKUSDT-1710244800-B,tb-pullback_rs-LINKUSDT-1710259200-S
ETH/USDT,pullback_rsi,2024-03-13 04:00,4045.81,2024-03-13 08:00,4036.34,signal,0.2378,1.9231490110,-4.1751150110,-0.004340,4.00,tb-pullback_rsi-ETHUSDT-1710288000-B,tb-pullback_rsi-ETHUSDT-1710302400-S
LINK/USDT,pullback_rsi,2024-03-13 20:00,20.430,2024-03-14 00:00,20.741,signal,34.95,1.43974365000,9.42970635000,0.013206,4.00,tb-pullback_rs-LINKUSDT-1710345600-B,tb-pullback_rs-LINKUSDT-1710360000-S
LTC/USDT,pullback_rsi,2024-03-13 20:00,96.56,2024-03-15 03:59,88.66,stop,6.368,1.1801568800,-51.4873568800,-0.083734,32.00,tb-pullback_rsi-LTCUSDT-1710345600-B,tb-pullback_rsi-LTCUSDT-1710460800-X
XRP/USDT,pullback_rsi,2024-03-13 20:00,0.6850,2024-03-15 03:59,0.6288,stop,895.0,1.176467500000,-51.475467500000,-0.083963,32.00,tb-pullback_rsi-XRPUSDT-1710345600-B,tb-pullback_rsi-XRPUSDT-1710460800-X
ETH/USDT,pullback_rsi,2024-03-15 00:00,3883.64,2024-03-15 03:59,3662.37,stop,0.2273,1.7163731640,-52.0110441640,-0.058919,4.00,tb-pullback_rsi-ETHUSDT-1710446400-B,tb-pullback_rsi-ETHUSDT-1710460800-X
LTC/USDT,pullback_rsi,2024-03-15 16:00,88.26,2024-03-16 00:00,89.72,signal,5.357,0.9539684200,6.8672515800,0.014524,8.00,tb-pullback_rsi-LTCUSDT-1710504000-B,tb-pullback_rsi-LTCUSDT-1710532800-S
XRP/USDT,pullback_rsi,2024-03-15 16:00,0.6276,2024-03-16 04:00,0.6408,signal,774.2,0.982497360000,9.236942640000,0.019010,12.00,tb-pullback_rsi-XRPUSDT-1710504000-B,tb-pullback_rsi-XRPUSDT-1710547200-S
BTC/USDT,pullback_rsi,2024-03-17 04:00,66572.26,2024-03-17 16:00,67931.52,signal,0.01097,1.4768379074,13.4342442926,0.018396,12.00,tb-pullback_rsi-BTCUSDT-1710633600-B,tb-pullback_rsi-BTCUSDT-1710676800-S
ETH/USDT,pullback_rsi,2024-03-17 04:00,3573.28,2024-03-17 16:00,3626.60,signal,0.1888,1.3600520000,8.7067640000,0.012906,12.00,tb-pullback_rsi-ETHUSDT-1710633600-B,tb-pullback_rsi-ETHUSDT-1710676800-S
XRP/USDT,pullback_rsi,2024-03-17 04:00,0.6156,2024-03-17 16:00,0.6201,signal,872.7,1.078949430000,2.848200570000,0.005302,12.00,tb-pullback_rsi-XRPUSDT-1710633600-B,tb-pullback_rsi-XRPUSDT-1710676800-S
LTC/USDT,pullback_rsi,2024-03-19 00:00,86.81,2024-03-19 07:59,78.69,stop,6.124,1.0141296700,-50.7410096700,-0.095445,8.00,tb-pullback_rsi-LTCUSDT-1710792000-B,tb-pullback_rsi-LTCUSDT-1710820800-X
XRP/USDT,pullback_rsi,2024-03-19 00:00,0.6457,2024-03-19 07:59,0.5893,stop,883.3,1.091456630000,-50.909576630000,-0.089261,8.00,tb-pullback_rsi-XRPUSDT-1710792000-B,tb-pullback_rsi-XRPUSDT-1710820800-X
ETH/USDT,pullback_rsi,2024-03-19 00:00,3522.24,2024-03-19 11:59,3273.28,stop,0.1999,1.3594811180,-51.1265851180,-0.072613,12.00,tb-pullback_rsi-ETHUSDT-1710792000-B,tb-pullback_rsi-ETHUSDT-1710835200-X
BNB/USDT,pullback_rsi,2024-03-19 16:00,529.77,2024-03-20 08:00,531.73,signal,0.785,0.8338072700,0.7047927300,0.001695,16.00,tb-pullback_rsi-BNBUSDT-1710849600-B,tb-pullback_rsi-BNBUSDT-1710907200-S
BTC/USDT,pullback_rsi,2024-03-19 16:00,64083.88,2024-03-20 12:00,63361.25,signal,0.01080,1.3776890816,-9.1820930816,-0.013267,20.00,tb-pullback_rsi-BTCUSDT-1710849600-B,tb-pullback_rsi-BTCUSDT-1710921600-S
SOL/USDT,pullback_rsi,2024-03-19 08:00,186.24,2024-03-20 20:00,182.45,signal,1.898,0.7001461000,-7.8935661000,-0.022331,36.00,tb-pullback_rsi-SOLUSDT-1710820800-B,tb-pullback_rsi-SOLUSDT-1710950400-S
BTC/USDT,pullback_rsi,2024-03-22 00:00,65534.04,2024-03-22 08:00,66144.92,signal,0.01041,1.3720886572,4.9871721428,0.007310,8.00,tb-pullback_rsi-BTCUSDT-1711051200-B,tb-pullback_rsi-BTCUSDT-1711080000-S
SOL/USDT,pullback_rsi,2024-03-22 00:00,179.55,2024-03-23 00:00,175.12,signal,2.008,0.7127160100,-9.6081560100,-0.026650,24.00,tb-pullback_rsi-SOLUSDT-1711051200-B,tb-pullback_rsi-SOLUSDT-1711137600-S
XRP/USDT,pullback_rsi,2024-03-22 20:00,0.6128,2024-03-23 08:00,0.6155,signal,935.2,1.149318960000,1.375721040000,0.002401,12.00,tb-pullback_rsi-XRPUSDT-1711123200-B,tb-pullback_rsi-XRPUSDT-1711166400-S
BTC/USDT,pullback_rsi,2024-03-23 08:00,64607.70,2024-03-23 12:00,64597.29,signal,0.01135,1.4677687890,-1.5859222890,-0.002163,4.00,tb-pullback_rsi-BTCUSDT-1711166400-B,tb-pullback_rsi-BTCUSDT-1711180800-S
SOL/USDT,pullback_rsi,2024-03-24 08:00,173.63,2024-03-24 12:00,174.75,signal,2.927,1.0202291500,2.2580108500,0.004443,4.00,tb-pullback_rsi-SOLUSDT-1711252800-B,tb-pullback_rsi-SOLUSDT-1711267200-S
LTC/USDT,pullback_rsi,2024-03-26 20:00,95.19,2024-03-27 00:00,95.71,signal,7.648,1.4607647200,2.5161952800,0.003456,4.00,tb-pullback_rsi-LTCUSDT-1711468800-B,tb-pullback_rsi-LTCUSDT-1711483200-S
BNB/USDT,pullback_rsi,2024-03-27 00:00,580.70,2024-03-28 04:00,581.50,signal,1.558,1.8118690000,-0.5654690000,-0.000625,28.00,tb-pullback_rsi-BNBUSDT-1711483200-B,tb-pullback_rsi-BNBUSDT-1711584000-S
ETH/USDT,pullback_rsi,2024-03-28 00:00,3502.96,2024-03-28 08:00,3572.09,signal,0.2547,1.8030661200,15.8043448800,0.017714,8.00,tb-pullback_rsi-ETHUSDT-1711569600-B,tb-pullback_rsi-ETHUSDT-1711598400-S
XRP/USDT,pullback_rsi,2024-03-27 00:00,0.6321,2024-03-28 08:00,0.6218,signal,1498.6,1.880105900000,-17.315685900000,-0.018280,32.00,tb-pullback_rsi-XRPUSDT-1711483200-B,tb-pullback_rsi-XRPUSDT-1711598400-S
XRP/USDT,pullback_rsi,2024-03-29 12:00,0.6298,2024-03-30 00:00,0.6296,signal,1539.2,1.939476160000,-2.247316160000,-0.002318,12.00,tb-pullback_rsi-XRPUSDT-1711699200-B,tb-pullback_rsi-XRPUSDT-1711742400-S
BTC/USDT,pullback_rsi,2024-03-29 12:00,70177.86,2024-03-30 12:00,70148.44,signal,0.01759,2.4697431746,-2.9872409746,-0.002420,24.00,tb-pullback_rsi-BTCUSDT-1711699200-B,tb-pullback_rsi-BTCUSDT-1711785600-S
ETH/USDT,pullback_rsi,2024-03-29 12:00,3551.64,2024-03-30 12:00,3558.21,signal,0.3042,2.1642370240,-0.1656430240,-0.000153,24.00,tb-pullback_rsi-ETHUSDT-1711699200-B,tb-pullback_rsi-ETHUSDT-1711785600-S
BNB/USDT,pullback_rsi,2024-04-01 20:00,579.59,2024-04-02 03:59,553.29,stop,1.867,2.1162461400,-51.2183461400,-0.047333,8.00,tb-pullback_rsi-BNBUSDT-1711987200-B,tb-pullback_rsi-BNBUSDT-1712016000-X
ETH/USDT,pullback_rsi,2024-04-01 20:00,3488.08,2024-04-02 03:59,3331.89,stop,0.3143,2.1449118060,-51.2354288060,-0.046735,8.00,tb-pullback_rsi-ETHUSDT-1711987200-B,tb-pullback_rsi-ETHUSDT-1712016000-X
BTC/USDT,pullback_rsi,2024-04-01 20:00,69682.84,2024-04-02 03:59,67250.16,stop,0.02024,2.7736144068,-52.0110576068,-0.036877,8.00,tb-pullback_rsi-BTCUSDT-1711987200-B,tb-pullback_rsi-BTCUSDT-1712016000-X
LTC/USDT,pullback_rsi,2024-04-02 08:00,99.00,2024-04-02 12:00,102.45,signal,5.080,1.0239600000,16.5020400000,0.032812,4.00,tb-pullback_rsi-LTCUSDT-1712030400-B,tb-pullback_rsi-LTCUSDT-1712044800-S
BNB/USDT,pullback_rsi,2024-04-02 20:00,558.28,2024-04-03 04:00,560.01,signal,1.672,1.8708974400,1.0216625600,0.001095,8.00,tb-pullback_rsi-BNBUSDT-1712073600-B,tb-pullback_rsi-BNBUSDT-1712102400-S
BTC/USDT,pullback_rsi,2024-04-02 20:00,65947.87,2024-04-03 04:00,66192.67,signal,0.01564,2.0679970042,1.7606749958,0.001707,8.00,tb-pullback_rsi-BTCUSDT-1712073600-B,tb-pullback_rsi-BTCUSDT-1712102400-S
SOL/USDT,pullback_rsi,2024-04-02 20:00,185.77,2024-04-03 04:00,188.37,signal,3.266,1.2226843200,7.2689156800,0.011981,8.00,tb-pullback_rsi-SOLUSDT-1712073600-B,tb-pullback_rsi-SOLUSDT-1712102400-S
BNB/USDT,pullback_rsi,2024-04-05 12:00,577.79,2024-04-05 16:00,583.60,signal,1.568,1.8222151000,7.2878649000,0.008044,4.00,tb-pullback_rsi-BNBUSDT-1712304000-B,tb-pullback_rsi-BNBUSDT-1712318400-S
BTC/USDT,pullback_rsi,2024-04-05 16:00,68224.72,2024-04-06 08:00,67958.02,signal,0.01441,1.9637577796,-5.8069047796,-0.005907,16.00,tb-pullback_rsi-BTCUSDT-1712318400-B,tb-pullback_rsi-BTCUSDT-1712376000-S
SOL/USDT,pullback_rsi,2024-04-05 16:00,175.98,2024-04-06 08:00,177.18,signal,3.098,1.0947936000,2.6228064000,0.004811,16.00,tb-pullback_rsi-SOLUSDT-1712318400-B,tb-pullback_rsi-SOLUSDT-1712376000-S
BNB/USDT,pullback_rsi,2024-04-08 00:00,584.10,2024-04-08 08:00,588.50,signal,2.357,2.7655705000,7.6052295000,0.005524,8.00,tb-pullback_rsi-BNBUSDT-1712520000-B,tb-pullback_rsi-BNBUSDT-1712548800-S
LTC/USDT,pullback_rsi,2024-04-08 00:00,101.27,2024-04-08 08:00,102.11,signal,6.993,1.4230465000,4.4510735000,0.006285,8.00,tb-pullback_rsi-LTCUSDT-1712520000-B,tb-pullback_rsi-LTCUSDT-1712548800-S
BNB/USDT,pullback_rsi,2024-04-09 12:00,584.50,2024-04-10 08:00,587.20,signal,2.079,2.4377178000,3.1755822000,0.002613,20.00,tb-pullback_rsi-BNBUSDT-1712649600-B,tb-pullback_rsi-BNBUSDT-1712721600-S
BTC/USDT,pullback_rsi,2024-04-09 12:00,70830.24,2024-04-10 15:59,68118.94,stop,0.01793,2.4927753980,-51.1063843980,-0.040242,28.00,tb-pullback_rsi-BTCUSDT-1712649600-B,tb-pullback_rsi-BTCUSDT-1712750400-X
BTC/USDT,pullback_rsi,2024-04-10 20:00,70119.05,2024-04-11 00:00,70595.76,signal,0.01690,2.3794826660,5.6769163340,0.004791,4.00,tb-pullback_rsi-BTCUSDT-1712764800-B,tb-pullback_rsi-BTCUSDT-1712779200-S
LTC/USDT,pullback_rsi,2024-04-09 20:00,98.48,2024-04-11 04:00,97.24,signal,7.554,1.4792567200,-10.8462167200,-0.014580,32.00,tb-pullback_rsi-LTCUSDT-1712678400-B,tb-pullback_rsi-LTCUSDT-1712793600-S
SOL/USDT,pullback_rsi,2024-05-19 20:00,169.40,2024-05-20 04:00,172.05,signal,4.757,1.6251246500,10.9809253500,0.013627,8.00,tb-pullback_rsi-SOLUSDT-1716134400-B,tb-pullback_rsi-SOLUSDT-1716163200-S
BTC/USDT,pullback_rsi,2024-05-20 00:00,66307.14,2024-05-20 08:00,66791.73,signal,0.02688,3.5796868374,9.4460923626,0.005300,8.00,tb-pullback_rsi-BTCUSDT-1716148800-B,tb-pullback_rsi-BTCUSDT-1716177600-S
LINK/USDT,pullback_rsi,2024-05-21 20:00,16.678,2024-05-22 04:00,16.874,signal,42.00,1.41001790000,6.82198210000,0.009739,8.00,tb-pullback_rs-LINKUSDT-1716307200-B,tb-pullback_rs-LINKUSDT-1716336000-S
SOL/USDT,pullback_rsi,2024-05-22 00:00,178.24,2024-05-22 08:00,179.80,signal,4.079,1.4613363600,4.9019036400,0.006742,8.00,tb-pullback_rsi-SOLUSDT-1716321600-B,tb-pullback_rsi-SOLUSDT-1716350400-S
ADA/USDT,pullback_rsi,2024-05-22 16:00,0.4842,2024-05-23 04:00,0.4865,signal,1964.9,1.908296830000,2.610973170000,0.002744,12.00,tb-pullback_rsi-ADAUSDT-1716379200-B,tb-pullback_rsi-ADAUSDT-1716422400-S
LTC/USDT,pullback_rsi,2024-05-22 16:00,87.40,2024-05-23 12:00,87.29,signal,12.857,2.2471255300,-3.6613955300,-0.003258,20.00,tb-pullback_rsi-LTCUSDT-1716379200-B,tb-pullback_rsi-LTCUSDT-1716451200-S
XRP/USDT,pullback_rsi,2024-05-22 16:00,0.5360,2024-05-23 15:59,0.5152,stop,2336.0,2.456889600000,-51.045689600000,-0.040768,24.00,tb-pullback_rsi-XRPUSDT-1716379200-B,tb-pullback_rsi-XRPUSDT-1716465600-X
XRP/USDT,pullback_rsi,2024-05-24 00:00,0.5291,2024-05-24 04:00,0.5303,signal,1647.7,1.746472850000,0.230767150000,0.000265,4.00,tb-pullback_rsi-XRPUSDT-1716494400-B,tb-pullback_rsi-XRPUSDT-1716508800-S
BNB/USDT,pullback_rsi,2024-05-24 00:00,599.70,2024-05-24 20:00,601.69,signal,1.696,2.0387568400,1.3362831600,0.001314,20.00,tb-pullback_rsi-BNBUSDT-1716494400-B,tb-pullback_rsi-BNBUSDT-1716566400-S
SOL/USDT,pullback_rsi,2024-05-24 00:00,176.24,2024-05-25 04:00,169.56,signal,3.297,1.1408075600,-23.1647675600,-0.039866,28.00,tb-pullback_rsi-SOLUSDT-1716494400-B,tb-pullback_rsi-SOLUSDT-1716595200-S
ETH/USDT,pullback_rsi,2024-05-24 12:00,3714.48,2024-05-25 08:00,3744.72,signal,0.1568,1.1703454600,3.5712865400,0.006132,20.00,tb-pullback_rsi-ETHUSDT-1716537600-B,tb-pullback_rsi-ETHUSDT-1716609600-S
SOL/USDT,pullback_rsi,2024-05-27 00:00,163.51,2024-05-27 04:00,165.29,signal,4.972,1.6356111500,7.2145488500,0.008874,4.00,tb-pullback_rsi-SOLUSDT-1716753600-B,tb-pullback_rsi-SOLUSDT-1716768000-S
LTC/USDT,pullback_rsi,2024-05-27 04:00,84.48,2024-05-27 08:00,84.43,signal,17.092,2.8885303600,-3.7431303600,-0.002592,4.00,tb-pullback_rsi-LTCUSDT-1716768000-B,tb-pullback_rsi-LTCUSDT-1716782400-S
XRP/USDT,pullback_rsi,2024-05-27 04:00,0.5319,2024-05-27 16:00,0.5389,signal,2644.2,2.832845490000,15.676554510000,0.011146,12.00,tb-pullback_rsi-XRPUSDT-1716768000-B,tb-pullback_rsi-XRPUSDT-1716811200-S
BNB/USDT,pullback_rsi,2024-05-29 12:00,599.30,2024-05-30 04:00,597.30,signal,3.021,3.6173258000,-9.6593258000,-0.005335,16.00,tb-pullback_rsi-BNBUSDT-1716969600-B,tb-pullback_rsi-BNBUSDT-1717027200-S
BTC/USDT,pullback_rsi,2024-05-30 00:00,67686.24,2024-05-30 04:00,68084.14,signal,0.02175,2.9550363572,5.6992886428,0.003871,4.00,tb-pullback_rsi-BTCUSDT-1717012800-B,tb-pullback_rsi-BTCUSDT-1717027200-S
ETH/USDT,pullback_rsi,2024-05-30 00:00,3769.33,2024-05-30 04:00,3789.40,signal,0.2827,2.1379837700,3.5358052300,0.003318,4.00,tb-pullback_rsi-ETHUSDT-1717012800-B,tb-pullback_rsi-ETHUSDT-1717027200-S
BTC/USDT,pullback_rsi,2024-05-31 20:00,67714.85,2024-06-01 20:00,67719.88,signal,0.02068,2.8028216635,-2.6988012635,-0.001927,24.00,tb-pullback_rsi-BTCUSDT-1717171200-B,tb-pullback_rsi-BTCUSDT-1717257600-S
SOL/USDT,pullback_rsi,2024-06-02 12:00,166.14,2024-06-03 08:00,165.26,signal,7.234,2.3986767200,-8.7645967200,-0.007293,20.00,tb-pullback_rsi-SOLUSDT-1717315200-B,tb-pullback_rsi-SOLUSDT-1717387200-S
ETH/USDT,pullback_rsi,2024-06-04 04:00,3775.40,2024-06-04 16:00,3808.72,signal,0.3920,2.9744852000,10.0869548000,0.006816,12.00,tb-pullback_rsi-ETHUSDT-1717459200-B,tb-pullback_rsi-ETHUSDT-1717502400-S
LINK/USDT,pullback_rsi,2024-06-03 08:00,18.145,2024-06-04 16:00,17.778,signal,57.47,2.06558351000,-23.15707351000,-0.022207,32.00,tb-pullback_rs-LINKUSDT-1717387200-B,tb-pullback_rs-LINKUSDT-1717502400-S
XRP/USDT,pullback_rsi,2024-06-06 12:00,0.5265,2024-06-06 16:00,0.5261,signal,3904.5,4.111982700000,-5.673782700000,-0.002760,4.00,tb-pullback_rsi-XRPUSDT-1717660800-B,tb-pullback_rsi-XRPUSDT-1717675200-S
LINK/USDT,pullback_rsi,2024-06-06 16:00,17.472,2024-06-07 08:00,17.490,signal,70.15,2.45398206000,-1.19128206000,-0.000972,16.00,tb-pullback_rs-LINKUSDT-1717675200-B,tb-pullback_rs-LINKUSDT-1717732800-S
SOL/USDT,pullback_rsi,2024-06-07 00:00,170.24,2024-06-07 08:00,171.92,signal,7.160,2.4512275200,9.5775724800,0.007857,8.00,tb-pullback_rsi-SOLUSDT-1717704000-B,tb-pullback_rsi-SOLUSDT-1717732800-S
ETH/USDT,pullback_rsi,2024-06-07 00:00,3815.38,2024-06-07 12:00,3833.07,signal,0.4222,3.2310832760,4.2376347240,0.002631,12.00,tb-pullback_rsi-ETHUSDT-1717704000-B,tb-pullback_rsi-ETHUSDT-1717747200-S
LTC/USDT,pullback_rsi,2024-06-07 12:00,84.49,2024-06-07 19:59,82.35,stop,22.737,3.7953843500,-52.4525643500,-0.027304,8.00,tb-pullback_rsi-LTCUSDT-1717747200-B,tb-pullback_rsi-LTCUSDT-1717776000-X
BNB/USDT,pullback_rsi,2024-06-08 00:00,684.35,2024-06-08 08:00,694.35,signal,1.333,1.8391758000,11.4908242000,0.012596,8.00,tb-pullback_rsi-BNBUSDT-1717790400-B,tb-pullback_rsi-BNBUSDT-1717819200-S
BTC/USDT,pullback_rsi,2024-06-08 00:00,69390.28,2024-06-09 12:00,69332.99,signal,0.02196,3.0484447172,-4.3065331172,-0.002826,36.00,tb-pullback_rsi-BTCUSDT-1717790400-B,tb-pullback_rsi-BTCUSDT-1717920000-S
ETH/USDT,pullback_rsi,2024-06-08 04:00,3691.85,2024-06-09 12:00,3691.64,signal,0.3720,2.7481350200,-2.8262550200,-0.002058,32.00,tb-pullback_rsi-ETHUSDT-1717804800-B,tb-pullback_rsi-ETHUSDT-1717920000-S
BNB/USDT,pullback_rsi,2024-06-09 08:00,680.24,2024-06-10 07:59,649.49,stop,1.554,2.0677609000,-49.8532609000,-0.047161,24.00,tb-pullback_rsi-BNBUSDT-1717905600-B,tb-pullback_rsi-BNBUSDT-1717992000-X
BTC/USDT,pullback_rsi,2024-06-10 12:00,69508.63,2024-06-10 16:00,70031.08,signal,0.02691,3.7570988522,10.3020306478,0.005508,4.00,tb-pullback_rsi-BTCUSDT-1718006400-B,tb-pullback_rsi-BTCUSDT-1718020800-S
ETH/USDT,pullback_rsi,2024-06-10 12:00,3677.79,2024-06-10 16:00,3700.67,signal,0.5231,3.8618791030,8.1066488970,0.004214,4.00,tb-pullback_rsi-ETHUSDT-1718006400-B,tb-pullback_rsi-ETHUSDT-1718020800-S
BNB/USDT,pullback_rsi,2024-06-10 16:00,651.33,2024-06-10 23:59,621.00,stop,1.570,1.9988607600,-49.6169607600,-0.048521,8.00,tb-pullback_rsi-BNBUSDT-1718020800-B,tb-pullback_rsi-BNBUSDT-1718049600-X
BNB/USDT,pullback_rsi,2024-06-11 04:00,625.92,2024-06-12 03:59,592.24,stop,1.403,1.7103303200,-48.9633703200,-0.055756,24.00,tb-pullback_rsi-BNBUSDT-1718064000-B,tb-pullback_rsi-BNBUSDT-1718150400-X
XRP/USDT,pullback_rsi,2024-07-21 16:00,0.5884,2024-07-21 20:00,0.5909,signal,1106.2,1.305247740000,1.460252260000,0.002243,4.00,tb-pullback_rsi-XRPUSDT-1721563200-B,tb-pullback_rsi-XRPUSDT-1721577600-S
ADA/USDT,pullback_rsi,2024-07-22 00:00,0.4473,2024-07-23 07:59,0.4226,stop,1905.5,1.658489050000,-48.724339050000,-0.057166,32.00,tb-pullback_rsi-ADAUSDT-1721592000-B,tb-pullback_rsi-ADAUSDT-1721707200-X
LTC/USDT,pullback_rsi,2024-07-22 20:00,72.36,2024-07-23 16:00,72.30,signal,15.541,2.2493188200,-3.1817788200,-0.002829,20.00,tb-pullback_rsi-LTCUSDT-1721664000-B,tb-pullback_rsi-LTCUSDT-1721736000-S
ADA/USDT,pullback_rsi,2024-07-23 12:00,0.4257,2024-07-24 08:00,0.4193,signal,1989.9,1.682316900000,-14.417676900000,-0.017020,20.00,tb-pullback_rsi-ADAUSDT-1721721600-B,tb-pullback_rsi-ADAUSDT-1721793600-S
BTC/USDT,pullback_rsi,2024-07-24 00:00,65968.97,2024-07-24 12:00,66334.81,signal,0.01918,2.5389058840,4.4779053160,0.003539,12.00,tb-pullback_rsi-BTCUSDT-1721764800-B,tb-pullback_rsi-BTCUSDT-1721808000-S
SOL/USDT,pullback_rsi,2024-07-24 00:00,173.12,2024-07-24 12:00,177.68,signal,3.959,1.3895096800,16.6635303200,0.024313,12.00,tb-pullback_rsi-SOLUSDT-1721764800-B,tb-pullback_rsi-SOLUSDT-1721808000-S
BTC/USDT,pullback_rsi,2024-07-25 16:00,64823.29,2024-07-26 00:00,65767.05,signal,0.01916,2.5034073822,15.5790342178,0.012543,8.00,tb-pullback_rsi-BTCUSDT-1721908800-B,tb-pullback_rsi-BTCUSDT-1721937600-S
SOL/USDT,pullback_rsi,2024-07-25 16:00,170.53,2024-07-26 00:00,171.77,signal,3.633,1.2442580200,3.2606619800,0.005263,8.00,tb-pullback_rsi-SOLUSDT-1721908800-B,tb-pullback_rsi-SOLUSDT-1721937600-S
BNB/USDT,pullback_rsi,2024-07-28 12:00,582.20,2024-07-28 20:00,583.70,signal,2.466,2.8768560000,0.8221440000,0.000573,8.00,tb-pullback_rsi-BNBUSDT-1722153600-B,tb-pullback_rsi-BNBUSDT-1722182400-S
BNB/USDT,pullback_rsi,2024-07-30 08:00,574.89,2024-07-31 00:00,587.80,signal,2.457,2.8584540000,28.8614160000,0.020433,16.00,tb-pullback_rsi-BNBUSDT-1722312000-B,tb-pullback_rsi-BNBUSDT-1722369600-S
SOL/USDT,pullback_rsi,2024-07-31 00:00,179.25,2024-07-31 04:00,180.81,signal,4.163,1.4998260300,4.9944539700,0.006693,4.00,tb-pullback_rsi-SOLUSDT-1722369600-B,tb-pullback_rsi-SOLUSDT-1722384000-S
BTC/USDT,pullback_rsi,2024-07-30 08:00,66985.48,2024-07-31 16:00,66346.80,signal,0.01804,2.4066540388,-13.9284412388,-0.011526,32.00,tb-pullback_rsi-BTCUSDT-1722312000-B,tb-pullback_rsi-BTCUSDT-1722427200-S
SOL/USDT,pullback_rsi,2024-08-01 12:00,169.78,2024-08-01 19:59,158.49,stop,4.455,1.4632917500,-51.7602417500,-0.068432,8.00,tb-pullback_rsi-SOLUSDT-1722499200-B,tb-pullback_rsi-SOLUSDT-1722528000-X
XRP/USDT,pullback_rsi,2024-08-01 12:00,0.6105,2024-08-01 19:59,0.5706,stop,1263.2,1.492759170000,-51.894439170000,-0.067292,8.00,tb-pullback_rsi-XRPUSDT-1722499200-B,tb-pullback_rsi-XRPUSDT-1722528000-X
XRP/USDT,pullback_rsi,2024-08-02 00:00,0.5968,2024-08-02 15:59,0.5525,stop,1124.7,1.293333870000,-51.117543870000,-0.076156,16.00,tb-pullback_rsi-XRPUSDT-1722542400-B,tb-pullback_rsi-XRPUSDT-1722600000-X
SOL/USDT,pullback_rsi,2024-08-02 00:00,167.46,2024-08-02 15:59,154.70,stop,3.899,1.2567716800,-51.0080116800,-0.078122,16.00,tb-pullback_rsi-SOLUSDT-1722542400-B,tb-pullback_rsi-SOLUSDT-1722600000-X
XRP/USDT,pullback_rsi,2024-08-02 20:00,0.5630,2024-08-03 08:00,0.5755,signal,1044.5,1.189782550000,11.866467450000,0.020179,12.00,tb-pullback_rsi-XRPUSDT-1722614400-B,tb-pullback_rsi-XRPUSDT-1722657600-S
BNB/USDT,pullback_rsi,2024-09-25 12:00,597.00,2024-09-26 08:00,595.60,signal,2.236,2.6684446000,-5.7988446000,-0.004344,20.00,tb-pullback_rsi-BNBUSDT-1727251200-B,tb-pullback_rsi-BNBUSDT-1727323200-S
ADA/USDT,pullback_rsi,2024-09-29 12:00,0.3975,2024-09-29 16:00,0.4002,signal,2885.8,2.303155410000,5.488504590000,0.004785,4.00,tb-pullback_rsi-ADAUSDT-1727596800-B,tb-pullback_rsi-ADAUSDT-1727611200-S
BNB/USDT,pullback_rsi,2024-09-29 12:00,597.70,2024-09-29 20:00,599.30,signal,2.504,2.9990811000,1.0073189000,0.000673,8.00,tb-pullback_rsi-BNBUSDT-1727596800-B,tb-pullback_rsi-BNBUSDT-1727625600-S
ETH/USDT,pullback_rsi,2024-09-28 20:00,2679.67,2024-09-30 11:59,2591.53,stop,0.5636,2.9724561240,-52.6481601240,-0.034860,40.00,tb-pullback_rsi-ETHUSDT-1727539200-B,tb-pullback_rsi-ETHUSDT-1727683200-X
BNB/USDT,pullback_rsi,2024-09-30 08:00,582.60,2024-10-01 04:00,576.61,signal,2.326,2.6980702600,-16.6308102600,-0.012273,20.00,tb-pullback_rsi-BNBUSDT-1727668800-B,tb-pullback_rsi-BNBUSDT-1727740800-S
LINK/USDT,pullback_rsi,2024-09-30 20:00,11.966,2024-10-01 04:00,12.103,signal,79.07,1.90409311000,8.92849689000,0.009437,8.00,tb-pullback_rs-LINKUSDT-1727712000-B,tb-pullback_rs-LINKUSDT-1727740800-S
ADA/USDT,pullback_rsi,2024-09-30 20:00,0.3794,2024-10-01 08:00,0.3838,signal,2776.8,2.120316080000,10.097603920000,0.009585,12.00,tb-pullback_rsi-ADAUSDT-1727712000-B,tb-pullback_rsi-ADAUSDT-1727755200-S
LTC/USDT,pullback_rsi,2024-10-15 16:00,66.30,2024-10-15 20:00,69.68,signal,19.372,2.6355305600,62.8418294400,0.048928,4.00,tb-pullback_rsi-LTCUSDT-1728993600-B,tb-pullback_rsi-LTCUSDT-1729008000-S
SOL/USDT,pullback_rsi,2024-10-15 16:00,153.38,2024-10-15 20:00,155.09,signal,5.970,1.8424861800,8.3662138200,0.009137,4.00,tb-pullback_rsi-SOLUSDT-1728993600-B,tb-pullback_rsi-SOLUSDT-1729008000-S
ETH/USDT,pullback_rsi,2024-10-15 20:00,2593.41,2024-10-16 00:00,2606.10,signal,0.4315,2.2448852700,3.2308497300,0.002887,4.00,tb-pullback_rsi-ETHUSDT-1729008000-B,tb-pullback_rsi-ETHUSDT-1729022400-S
BTC/USDT,pullback_rsi,2024-10-17 16:00,67624.47,2024-10-18 08:00,67935.70,signal,0.02209,2.9965528864,3.8785178136,0.002596,16.00,tb-pullback_rsi-BTCUSDT-1729166400-B,tb-pullback_rsi-BTCUSDT-1729224000-S
SOL/USDT,pullback_rsi,2024-10-17 16:00,152.97,2024-10-18 08:00,153.82,signal,6.692,2.0541094700,3.6340905300,0.003550,16.00,tb-pullback_rsi-SOLUSDT-1729166400-B,tb-pullback_rsi-SOLUSDT-1729224000-S
BNB/USDT,pullback_rsi,2024-10-20 08:00,597.80,2024-10-20 16:00,598.90,signal,3.885,4.6515707000,-0.3780707000,-0.000163,8.00,tb-pullback_rsi-BNBUSDT-1729396800-B,tb-pullback_rsi-BNBUSDT-1729425600-S
ADA/USDT,pullback_rsi,2024-10-21 20:00,0.3597,2024-10-22 04:00,0.3641,signal,3254.7,2.356938870000,11.963741130000,0.010219,8.00,tb-pullback_rsi-ADAUSDT-1729526400-B,tb-pullback_rsi-ADAUSDT-1729555200-S
BTC/USDT,pullback_rsi,2024-10-21 20:00,67797.88,2024-10-22 20:00,67449.24,signal,0.02864,3.8755114496,-13.8605610496,-0.007138,24.00,tb-pullback_rsi-BTCUSDT-1729526400-B,tb-pullback_rsi-BTCUSDT-1729612800-S
ETH/USDT,pullback_rsi,2024-10-21 20:00,2681.45,2024-10-23 11:59,2595.44,stop,0.5799,3.0616773850,-52.9388763850,-0.034045,40.00,tb-pullback_rsi-ETHUSDT-1729526400-B,tb-pullback_rsi-ETHUSDT-1729670400-X
SOL/USDT,pullback_rsi,2024-10-23 08:00,165.82,2024-10-23 16:00,168.05,signal,5.628,1.8800152800,10.6704247200,0.011434,8.00,tb-pullback_rsi-SOLUSDT-1729656000-B,tb-pullback_rsi-SOLUSDT-1729684800-S
LTC/USDT,pullback_rsi,2024-10-23 00:00,70.07,2024-10-23 20:00,69.69,signal,17.540,2.4526516600,-9.1178516600,-0.007419,20.00,tb-pullback_rsi-LTCUSDT-1729627200-B,tb-pullback_rsi-LTCUSDT-1729699200-S
BNB/USDT,pullback_rsi,2024-10-23 20:00,582.50,2024-10-24 00:00,584.60,signal,2.748,3.2089383000,2.5618617000,0.001600,4.00,tb-pullback_rsi-BNBUSDT-1729699200-B,tb-pullback_rsi-BNBUSDT-1729713600-S
BTC/USDT,pullback_rsi,2024-10-23 20:00,66505.24,2024-10-24 00:00,66635.31,signal,0.02559,3.4090618288,-0.0805705288,-0.000047,4.00,tb-pullback_rsi-BTCUSDT-1729699200-B,tb-pullback_rsi-BTCUSDT-1729713600-S
BNB/USDT,pullback_rsi,2024-10-25 12:00,592.90,2024-10-25 23:59,576.13,stop,2.965,3.4679526500,-53.1910026500,-0.030257,12.00,tb-pullback_rsi-BNBUSDT-1729843200-B,tb-pullback_rsi-BNBUSDT-1729886400-X
SOL/USDT,pullback_rsi,2024-10-25 12:00,173.74,2024-10-25 23:59,164.56,stop,5.374,1.8190666400,-51.1523866400,-0.054786,12.00,tb-pullback_rsi-SOLUSDT-1729843200-B,tb-pullback_rsi-SOLUSDT-1729886400-X
BTC/USDT,pullback_rsi,2024-10-26 04:00,66947.46,2024-10-26 12:00,67104.43,signal,0.02111,2.8318438244,0.4817928756,0.000341,8.00,tb-pullback_rsi-BTCUSDT-1729900800-B,tb-pullback_rsi-BTCUSDT-1729929600-S
SOL/USDT,pullback_rsi,2024-10-26 04:00,165.73,2024-10-26 12:00,168.57,signal,4.339,1.4513563500,10.8714036500,0.015118,8.00,tb-pullback_rsi-SOLUSDT-1729900800-B,tb-pullback_rsi-SOLUSDT-1729929600-S
LTC/USDT,pullback_rsi,2024-10-26 04:00,69.40,2024-10-27 04:00,69.07,signal,15.021,2.0810682700,-7.0379982700,-0.006751,24.00,tb-pullback_rsi-LTCUSDT-1729900800-B,tb-pullback_rsi-LTCUSDT-1729987200-S
SOL/USDT,pullback_rsi,2024-10-30 20:00,174.39,2024-10-31 12:00,174.91,signal,5.289,1.8484940400,0.9017859600,0.000978,16.00,tb-pullback_rsi-SOLUSDT-1730304000-B,tb-pullback_rsi-SOLUSDT-1730361600-S
BNB/USDT,pullback_rsi,2024-10-30 16:00,597.40,2024-10-31 15:59,580.26,stop,2.870,3.3816764000,-52.5734764000,-0.030663,24.00,tb-pullback_rsi-BNBUSDT-1730289600-B,tb-pullback_rsi-BNBUSDT-1730376000-X
LTC/USDT,pullback_rsi,2024-10-30 16:00,72.32,2024-10-31 19:59,69.55,stop,17.704,2.5129682400,-51.5530482400,-0.040265,28.00,tb-pullback_rsi-LTCUSDT-1730289600-B,tb-pullback_rsi-LTCUSDT-1730390400-X
LTC/USDT,pullback_rsi,2024-11-01 00:00,69.37,2024-11-01 16:00,70.04,signal,16.555,2.3091118400,8.7827381600,0.007648,16.00,tb-pullback_rsi-LTCUSDT-1730404800-B,tb-pullback_rsi-LTCUSDT-1730462400-S
BTC/USDT,pullback_rsi,2024-11-01 00:00,70327.16,2024-11-02 08:00,69779.00,signal,0.02188,3.0676325956,-15.0613733956,-0.009788,32.00,tb-pullback_rsi-BTCUSDT-1730404800-B,tb-pullback_rsi-BTCUSDT-1730520000-S
SOL/USDT,pullback_rsi,2024-11-01 12:00,167.97,2024-11-02 08:00,167.54,signal,5.501,1.8466483300,-4.2120783300,-0.004559,20.00,tb-pullback_rsi-SOLUSDT-1730448000-B,tb-pullback_rsi-SOLUSDT-1730520000-S
BTC/USDT,pullback_rsi,2024-11-03 20:00,68713.34,2024-11-04 00:00,68741.60,signal,0.02220,3.0535610682,-2.4261890682,-0.001590,4.00,tb-pullback_rsi-BTCUSDT-1730649600-B,tb-pullback_rsi-BTCUSDT-1730664000-S
BTC/USDT,pullback_rsi,2024-11-05 04:00,68277.14,2024-11-05 08:00,68859.55,signal,0.02041,2.8010081616,9.0859799384,0.006520,4.00,tb-pullback_rsi-BTCUSDT-1730764800-B,tb-pullback_rsi-BTCUSDT-1730779200-S
LINK/USDT,pullback_rsi,2024-11-12 20:00,14.148,2024-11-13 16:00,14.212,signal,34.24,0.97161232000,1.21974768000,0.002518,20.00,tb-pullback_rs-LINKUSDT-1731427200-B,tb-pullback_rs-LINKUSDT-1731499200-S
LTC/USDT,pullback_rsi,2024-11-12 20:00,76.79,2024-11-13 16:00,76.50,signal,6.038,0.9261025500,-2.6771225500,-0.005774,20.00,tb-pullback_rsi-LTCUSDT-1731427200-B,tb-pullback_rsi-LTCUSDT-1731499200-S
SOL/USDT,pullback_rsi,2024-11-12 20:00,213.28,2024-11-13 16:00,216.28,signal,2.561,1.1007430000,6.5822570000,0.012051,20.00,tb-pullback_rsi-SOLUSDT-1731427200-B,tb-pullback_rsi-SOLUSDT-1731499200-S
LINK/USDT,pullback_rsi,2024-11-14 20:00,13.297,2024-11-15 12:00,13.483,signal,33.03,0.88507528000,5.25850472000,0.011973,16.00,tb-pullback_rs-LINKUSDT-1731600000-B,tb-pullback_rs-LINKUSDT-1731657600-S
ETH/USDT,pullback_rsi,2024-11-14 20:00,3146.99,2024-11-16 00:00,3088.46,signal,0.1941,1.2109302470,-12.5716032470,-0.020581,28.00,tb-pullback_rsi-ETHUSDT-1731600000-B,tb-pullback_rsi-ETHUSDT-1731700800-S
LTC/USDT,pullback_rsi,2024-11-17 16:00,88.47,2024-11-18 04:00,94.58,signal,3.953,0.7239505300,23.4288794700,0.066993,12.00,tb-pullback_rsi-LTCUSDT-1731844800-B,tb-pullback_rsi-LTCUSDT-1731888000-S
BTC/USDT,pullback_rsi,2024-11-18 04:00,90713.92,2024-11-18 08:00,91674.04,signal,0.01252,2.2853115368,9.7353908632,0.008572,4.00,tb-pullback_rsi-BTCUSDT-1731888000-B,tb-pullback_rsi-BTCUSDT-1731902400-S
BNB/USDT,pullback_rsi,2024-11-20 08:00,613.10,2024-11-20 16:00,614.81,signal,1.685,2.0702545500,0.8110954500,0.000785,8.00,tb-pullback_rsi-BNBUSDT-1732075200-B,tb-pullback_rsi-BNBUSDT-1732104000-S
LTC/USDT,pullback_rsi,2024-11-19 20:00,87.40,2024-11-20 16:00,86.42,signal,5.065,0.8809227000,-5.8446227000,-0.013203,20.00,tb-pullback_rsi-LTCUSDT-1732032000-B,tb-pullback_rsi-LTCUSDT-1732104000-S
ETH/USDT,pullback_rsi,2024-11-23 00:00,3329.45,2024-11-23 04:00,3343.83,signal,0.2535,1.6926753200,1.9526546800,0.002314,4.00,tb-pullback_rsi-ETHUSDT-1732305600-B,tb-pullback_rsi-ETHUSDT-1732320000-S
BTC/USDT,pullback_rsi,2024-11-24 00:00,97721.24,2024-11-24 04:00,98150.99,signal,0.01572,3.0810658776,3.6746041224,0.002392,4.00,tb-pullback_rsi-BTCUSDT-1732392000-B,tb-pullback_rsi-BTCUSDT-1732406400-S
ADA/USDT,pullback_rsi,2024-11-24 20:00,0.9829,2024-11-25 00:00,1.0222,signal,308.5,0.618966510000,11.505083490000,0.037942,4.00,tb-pullback_rsi-ADAUSDT-1732464000-B,tb-pullback_rsi-ADAUSDT-1732478400-S
XRP/USDT,pullback_rsi,2024-11-24 20:00,1.3798,2024-11-25 00:00,1.4326,signal,215.5,0.606486140000,10.771913860000,0.036227,4.00,tb-pullback_rsi-XRPUSDT-1732464000-B,tb-pullback_rsi-XRPUSDT-1732478400-S
LTC/USDT,pullback_rsi,2024-11-24 20:00,95.43,2024-11-25 08:00,97.19,signal,4.338,0.8360627100,6.7988172900,0.016423,12.00,tb-pullback_rsi-LTCUSDT-1732464000-B,tb-pullback_rsi-LTCUSDT-1732507200-S
LTC/USDT,pullback_rsi,2024-11-26 04:00,94.08,2024-11-27 00:00,92.77,signal,4.727,0.8837103500,-7.0760803500,-0.015911,20.00,tb-pullback_rsi-LTCUSDT-1732579200-B,tb-pullback_rsi-LTCUSDT-1732651200-S
SOL/USDT,pullback_rsi,2024-11-26 04:00,237.56,2024-11-27 04:00,231.39,signal,2.620,1.2293616800,-17.3947616800,-0.027948,24.00,tb-pullback_rsi-SOLUSDT-1732579200-B,tb-pullback_rsi-SOLUSDT-1732665600-S
BTC/USDT,pullback_rsi,2024-11-26 04:00,94511.24,2024-11-27 08:00,93550.36,signal,0.01216,2.2887192832,-13.9730200832,-0.012158,28.00,tb-pullback_rsi-BTCUSDT-1732579200-B,tb-pullback_rsi-BTCUSDT-1732680000-S
ADA/USDT,pullback_rsi,2024-11-28 20:00,1.0028,2024-11-29 00:00,1.0315,signal,403.9,0.822155170000,10.769774830000,0.026590,4.00,tb-pullback_rsi-ADAUSDT-1732809600-B,tb-pullback_rsi-ADAUSDT-1732824000-S
SOL/USDT,pullback_rsi,2024-11-28 20:00,235.59,2024-11-29 00:00,237.46,signal,3.051,1.4442179100,4.2611520900,0.005928,4.00,tb-pullback_rsi-SOLUSDT-1732809600-B,tb-pullback_rsi-SOLUSDT-1732824000-S
LTC/USDT,pullback_rsi,2024-11-28 20:00,95.32,2024-11-29 04:00,96.42,signal,6.383,1.2245436600,5.7967563400,0.009527,8.00,tb-pullback_rsi-LTCUSDT-1732809600-B,tb-pullback_rsi-LTCUSDT-1732838400-S
ADA/USDT,pullback_rsi,2024-12-01 08:00,1.0568,2024-12-01 16:00,1.0727,signal,447.1,0.952627850000,6.156262150000,0.013029,8.00,tb-pullback_rsi-ADAUSDT-1733025600-B,tb-pullback_rsi-ADAUSDT-1733054400-S
BNB/USDT,pullback_rsi,2024-12-01 12:00,658.50,2024-12-01 16:00,661.94,signal,1.656,2.1879656400,3.5086743600,0.003218,4.00,tb-pullback_rsi-BNBUSDT-1733040000-B,tb-pullback_rsi-BNBUSDT-1733054400-S
SOL/USDT,pullback_rsi,2024-12-01 12:00,237.21,2024-12-01 16:00,238.39,signal,4.006,1.9064396500,2.8206403500,0.002968,4.00,tb-pullback_rsi-SOLUSDT-1733040000-B,tb-pullback_rsi-SOLUSDT-1733054400-S
BNB/USDT,pullback_rsi,2024-12-02 16:00,649.98,2024-12-03 04:00,651.60,signal,1.569,2.0434789800,0.4983010200,0.000489,12.00,tb-pullback_rsi-BNBUSDT-1733140800-B,tb-pullback_rsi-BNBUSDT-1733184000-S
ETH/USDT,pullback_rsi,2024-12-02 16:00,3673.97,2024-12-03 15:59,3498.44,stop,0.2766,1.9849907930,-50.5365887930,-0.049730,24.00,tb-pullback_rsi-ETHUSDT-1733140800-B,tb-pullback_rsi-ETHUSDT-1733227200-X
BTC/USDT,pullback_rsi,2024-12-02 16:00,97096.54,2024-12-03 15:59,94055.59,stop,0.01605,3.0699336178,-51.8771811178,-0.033289,24.00,tb-pullback_rsi-BTCUSDT-1733140800-B,tb-pullback_rsi-BTCUSDT-1733227200-X
ETH/USDT,pullback_rsi,2024-12-03 20:00,3579.13,2024-12-04 00:00,3612.70,signal,0.2677,1.9263266300,7.0603623700,0.007369,4.00,tb-pullback_rsi-ETHUSDT-1733241600-B,tb-pullback_rsi-ETHUSDT-1733256000-S
SOL/USDT,pullback_rsi,2024-12-05 04:00,233.04,2024-12-05 08:00,233.78,signal,2.580,1.2050947200,0.7041052800,0.001171,4.00,tb-pullback_rsi-SOLUSDT-1733356800-B,tb-pullback_rsi-SOLUSDT-1733371200-S
BNB/USDT,pullback_rsi,2024-12-05 08:00,729.97,2024-12-06 04:00,728.99,signal,0.738,1.0774424500,-1.8006824500,-0.003343,20.00,tb-pullback_rsi-BNBUSDT-1733371200-B,tb-pullback_rsi-BNBUSDT-1733443200-S
BTC/USDT,pullback_rsi,2024-12-06 04:00,97784.16,2024-12-06 16:00,99260.34,signal,0.00783,1.5438362744,10.0146531256,0.013080,12.00,tb-pullback_rsi-BTCUSDT-1733443200-B,tb-pullback_rsi-BTCUSDT-1733486400-S
XRP/USDT,pullback_rsi,2024-12-05 08:00,2.3764,2024-12-06 20:00,2.3633,signal,106.3,0.504305390000,-1.896835390000,-0.007509,36.00,tb-pullback_rsi-XRPUSDT-1733371200-B,tb-pullback_rsi-XRPUSDT-1733500800-S
LTC/USDT,pullback_rsi,2024-12-08 12:00,132.83,2024-12-08 16:00,134.30,signal,3.918,1.0471466600,4.7123133400,0.009055,4.00,tb-pullback_rsi-LTCUSDT-1733644800-B,tb-pullback_rsi-LTCUSDT-1733659200-S
ETH/USDT,pullback_rsi,2024-12-08 16:00,3992.79,2024-12-09 00:00,4002.14,signal,0.2829,2.2629635380,0.3821514620,0.000338,8.00,tb-pullback_rsi-ETHUSDT-1733659200-B,tb-pullback_rsi-ETHUSDT-1733688000-S
ADA/USDT,pullback_rsi,2024-12-09 00:00,1.1942,2024-12-09 15:59,1.0958,stop,487.4,1.116743100000,-49.076903100000,-0.084317,16.00,tb-pullback_rsi-ADAUSDT-1733688000-B,tb-pullback_rsi-ADAUSDT-1733745600-X
ADA/USDT,pullback_rsi,2024-12-09 16:00,1.1158,2024-12-09 23:59,1.0104,stop,451.9,0.961387680000,-48.591647680000,-0.096368,8.00,tb-pullback_rsi-ADAUSDT-1733745600-B,tb-pullback_rsi-ADAUSDT-1733774400-X
LTC/USDT,pullback_rsi,2024-12-09 16:00,123.23,2024-12-09 23:59,110.60,stop,3.772,0.8824996800,-48.5228596800,-0.104390,8.00,tb-pullback_rsi-LTCUSDT-1733745600-B,tb-pullback_rsi-LTCUSDT-1733774400-X
XRP/USDT,pullback_rsi,2024-12-09 16:00,2.3891,2024-12-09 23:59,2.1172,stop,175.0,0.789080320000,-48.371580320000,-0.115696,8.00,tb-pullback_rsi-XRPUSDT-1733745600-B,tb-pullback_rsi-XRPUSDT-1733774400-X
BTC/USDT,pullback_rsi,2024-12-10 00:00,97325.12,2024-12-10 12:00,97673.66,signal,0.01041,2.0318838016,1.5964175984,0.001576,12.00,tb-pullback_rsi-BTCUSDT-1733774400-B,tb-pullback_rsi-BTCUSDT-1733817600-S
ADA/USDT,pullback_rsi,2024-12-10 20:00,0.9651,2024-12-11 00:00,1.0209,signal,330.1,0.655964640000,17.763615360000,0.055759,4.00,tb-pullback_rsi-ADAUSDT-1733846400-B,tb-pullback_rsi-ADAUSDT-1733860800-S
LINK/USDT,pullback_rsi,2024-12-10 08:00,23.082,2024-12-11 04:00,22.428,signal,12.19,0.55522854000,-8.52748854000,-0.030307,20.00,tb-pullback_rs-LINKUSDT-1733803200-B,tb-pullback_rs-LINKUSDT-1733875200-S
ETH/USDT,pullback_rsi,2024-12-10 08:00,3736.41,2024-12-11 12:00,3714.98,signal,0.1963,1.4634551350,-5.6701641350,-0.007731,28.00,tb-pullback_rsi-ETHUSDT-1733803200-B,tb-pullback_rsi-ETHUSDT-1733904000-S
XRP/USDT,pullback_rsi,2024-12-13 04:00,2.3522,2024-12-13 16:00,2.3978,signal,166.1,0.789445440000,6.784714560000,0.017366,12.00,tb-pullback_rsi-XRPUSDT-1734048000-B,tb-pullback_rsi-XRPUSDT-1734091200-S
SOL/USDT,pullback_rsi,2024-12-13 12:00,225.72,2024-12-14 04:00,226.11,signal,3.246,1.4675430600,-0.2016030600,-0.000275,16.00,tb-pullback_rsi-SOLUSDT-1734076800-B,tb-pullback_rsi-SOLUSDT-1734134400-S
ADA/USDT,pullback_rsi,2024-12-15 00:00,1.0615,2024-12-15 12:00,1.0777,signal,488.6,1.045743870000,6.869576130000,0.013245,12.00,tb-pullback_rsi-ADAUSDT-1734206400-B,tb-pullback_rsi-ADAUSDT-1734249600-S
ETH/USDT,pullback_rsi,2024-12-15 00:00,3872.24,2024-12-15 16:00,3892.81,signal,0.2683,2.0845245840,3.4344064160,0.003306,16.00,tb-pullback_rsi-ETHUSDT-1734206400-B,tb-pullback_rsi-ETHUSDT-1734264000-S
LTC/USDT,pullback_rsi,2024-12-15 00:00,118.29,2024-12-15 16:00,120.00,signal,4.486,1.0695603900,6.6014996100,0.012440,16.00,tb-pullback_rsi-LTCUSDT-1734206400-B,tb-pullback_rsi-LTCUSDT-1734264000-S
LTC/USDT,pullback_rsi,2024-12-16 16:00,118.36,2024-12-16 20:00,120.02,signal,4.726,1.1271756800,6.7179843200,0.012010,4.00,tb-pullback_rsi-LTCUSDT-1734350400-B,tb-pullback_rsi-LTCUSDT-1734364800-S
XRP/USDT,pullback_rsi,2024-12-16 16:00,2.3755,2024-12-16 20:00,2.4736,signal,258.3,1.253235180000,24.085994820000,0.039254,4.00,tb-pullback_rsi-XRPUSDT-1734350400-B,tb-pullback_rsi-XRPUSDT-1734364800-S
LINK/USDT,pullback_rsi,2024-12-17 12:00,28.405,2024-12-18 12:00,27.906,signal,15.42,0.86888372000,-8.56346372000,-0.019551,24.00,tb-pullback_rs-LINKUSDT-1734422400-B,tb-pullback_rs-LINKUSDT-1734508800-S
BTC/USDT,pullback_rsi,2024-12-18 12:00,105080.85,2024-12-18 23:59,101252.93,stop,0.01241,2.5627038255,-50.0671910255,-0.038394,12.00,tb-pullback_rsi-BTCUSDT-1734508800-B,tb-pullback_rsi-BTCUSDT-1734552000-X
ETH/USDT,pullback_rsi,2024-12-18 12:00,3884.61,2024-12-18 23:59,3698.21,stop,0.2542,1.9287182250,-49.3115982250,-0.049937,12.00,tb-pullback_rsi-ETHUSDT-1734508800-B,tb-pullback_rsi-ETHUSDT-1734552000-X
BTC/USDT,pullback_rsi,2024-12-19 04:00,101243.75,2024-12-19 12:00,102398.77,signal,0.01070,2.1809998400,10.1777141600,0.009395,8.00,tb-pullback_rsi-BTCUSDT-1734566400-B,tb-pullback_rsi-BTCUSDT-1734595200-S
ETH/USDT,pullback_rsi,2024-12-19 04:00,3670.74,2024-12-19 19:59,3449.74,stop,0.2116,1.5077947860,-48.2713947860,-0.062147,16.00,tb-pullback_rsi-ETHUSDT-1734566400-B,tb-pullback_rsi-ETHUSDT-1734624000-X
BNB/USDT,pullback_rsi,2024-12-19 04:00,701.04,2024-12-19 19:59,663.00,stop,1.230,1.6791712800,-48.4683712800,-0.056210,16.00,tb-pullback_rsi-BNBUSDT-1734566400-B,tb-pullback_rsi-BNBUSDT-1734624000-X
XRP/USDT,pullback_rsi,2024-12-20 00:00,2.2403,2024-12-20 04:00,2.3286,signal,165.6,0.757057900000,13.865422100000,0.037374,4.00,tb-pullback_rsi-XRPUSDT-1734638400-B,tb-pullback_rsi-XRPUSDT-1734652800-S
BTC/USDT,pullback_rsi,2024-12-20 00:00,97510.60,2024-12-20 15:59,92323.38,stop,0.00894,1.6980908900,-48.0718376900,-0.055144,16.00,tb-pullback_rsi-BTCUSDT-1734638400-B,tb-pullback_rsi-BTCUSDT-1734696000-X
LINK/USDT,pullback_rsi,2024-12-20 00:00,22.822,2024-12-20 20:00,23.288,signal,13.57,0.62616914000,5.69745086000,0.018397,20.00,tb-pullback_rs-LINKUSDT-1734638400-B,tb-pullback_rs-LINKUSDT-1734710400-S
BTC/USDT,pullback_rsi,2024-12-20 16:00,97040.13,2024-12-21 00:00,97756.53,signal,0.00739,1.4405177220,3.8536782780,0.005374,8.00,tb-pullback_rsi-BTCUSDT-1734696000-B,tb-pullback_rsi-BTCUSDT-1734724800-S
XRP/USDT,pullback_rsi,2024-12-20 16:00,2.2159,2024-12-21 04:00,2.2984,signal,132.4,0.598136500000,10.324863500000,0.035192,12.00,tb-pullback_rsi-XRPUSDT-1734696000-B,tb-pullback_rsi-XRPUSDT-1734739200-S
BNB/USDT,pullback_rsi,2024-12-26 20:00,692.56,2024-12-27 12:00,705.67,signal,1.394,1.9505177400,16.3248222600,0.016909,16.00,tb-pullback_rsi-BNBUSDT-1735228800-B,tb-pullback_rsi-BNBUSDT-1735286400-S
LINK/USDT,pullback_rsi,2024-12-26 20:00,22.822,2024-12-27 12:00,23.428,signal,20.77,0.96129716000,11.62532284000,0.024525,16.00,tb-pullback_rs-LINKUSDT-1735228800-B,tb-pullback_rs-LINKUSDT-1735286400-S
XRP/USDT,pullback_rsi,2024-12-27 04:00,2.1765,2024-12-27 12:00,2.2133,signal,299.2,1.314081110000,9.696478890000,0.014890,8.00,tb-pullback_rsi-XRPUSDT-1735257600-B,tb-pullback_rsi-XRPUSDT-1735286400-S
XRP/USDT,pullback_rsi,2025-01-05 08:00,2.4018,2025-01-06 00:00,2.3981,signal,364.1,1.748604310000,-3.095774310000,-0.003540,16.00,tb-pullback_rsi-XRPUSDT-1736049600-B,tb-pullback_rsi-XRPUSDT-1736107200-S
ADA/USDT,pullback_rsi,2025-01-18 12:00,1.0716,2025-01-19 00:00,1.1038,signal,458.0,0.996869000000,13.750731000000,0.028017,12.00,tb-pullback_rsi-ADAUSDT-1737187200-B,tb-pullback_rsi-ADAUSDT-1737230400-S
BNB/USDT,pullback_rsi,2025-01-18 12:00,702.27,2025-01-19 00:00,709.16,signal,1.828,2.5814985800,10.0134214200,0.007800,12.00,tb-pullback_rsi-BNBUSDT-1737187200-B,tb-pullback_rsi-BNBUSDT-1737230400-S
LTC/USDT,pullback_rsi,2025-01-18 12:00,127.71,2025-01-19 11:59,114.37,stop,3.471,0.8407705200,-47.1439105200,-0.106352,24.00,tb-pullback_rsi-LTCUSDT-1737187200-B,tb-pullback_rsi-LTCUSDT-1737273600-X
BNB/USDT,pullback_rsi,2025-01-19 16:00,698.23,2025-01-19 20:00,706.95,signal,1.675,2.3550729600,12.2509270400,0.010475,4.00,tb-pullback_rsi-BNBUSDT-1737288000-B,tb-pullback_rsi-BNBUSDT-1737302400-S
LINK/USDT,pullback_rsi,2025-01-19 16:00,25.423,2025-01-19 20:00,26.026,signal,17.81,0.91681515000,9.82261485000,0.021694,4.00,tb-pullback_rs-LINKUSDT-1737288000-B,tb-pullback_rs-LINKUSDT-1737302400-S
LTC/USDT,pullback_rsi,2025-01-19 16:00,124.38,2025-01-19 23:59,110.98,stop,3.444,0.8110773600,-46.9606773600,-0.109628,8.00,tb-pullback_rsi-LTCUSDT-1737288000-B,tb-pullback_rsi-LTCUSDT-1737316800-X
LINK/USDT,pullback_rsi,2025-01-21 12:00,25.673,2025-01-21 16:00,25.827,signal,12.81,0.66022846000,1.31251154000,0.003991,4.00,tb-pullback_rs-LINKUSDT-1737446400-B,tb-pullback_rs-LINKUSDT-1737460800-S
ADA/USDT,pullback_rsi,2025-01-21 12:00,1.0009,2025-01-21 20:00,1.0141,signal,364.5,0.734867860000,4.076532140000,0.011174,8.00,tb-pullback_rsi-ADAUSDT-1737446400-B,tb-pullback_rsi-ADAUSDT-1737475200-S
SOL/USDT,pullback_rsi,2025-01-20 08:00,262.05,2025-01-21 20:00,253.28,signal,1.087,0.5606878100,-10.0936778100,-0.035435,36.00,tb-pullback_rsi-SOLUSDT-1737345600-B,tb-pullback_rsi-SOLUSDT-1737475200-S
BTC/USDT,pullback_rsi,2025-01-22 20:00,104682.32,2025-01-23 16:00,105210.88,signal,0.00818,1.7179732008,2.6056475992,0.003043,20.00,tb-pullback_rsi-BTCUSDT-1737561600-B,tb-pullback_rsi-BTCUSDT-1737633600-S
LTC/USDT,pullback_rsi,2025-01-22 12:00,117.25,2025-01-23 16:00,115.90,signal,3.685,0.8596267500,-5.8343767500,-0.013503,28.00,tb-pullback_rsi-LTCUSDT-1737532800-B,tb-pullback_rsi-LTCUSDT-1737633600-S
LINK/USDT,pullback_rsi,2025-01-23 16:00,25.493,2025-01-24 00:00,25.647,signal,17.27,0.88369766000,1.77588234000,0.004034,8.00,tb-pullback_rs-LINKUSDT-1737633600-B,tb-pullback_rs-LINKUSDT-1737662400-S
SOL/USDT,pullback_rsi,2025-01-25 12:00,250.10,2025-01-25 16:00,253.55,signal,1.825,0.9196614500,5.3765885500,0.011780,4.00,tb-pullback_rsi-SOLUSDT-1737792000-B,tb-pullback_rsi-SOLUSDT-1737806400-S
BTC/USDT,pullback_rsi,2025-01-27 16:00,101162.59,2025-01-28 00:00,102031.78,signal,0.01055,2.1457238563,7.0242306437,0.006582,8.00,tb-pullback_rsi-BTCUSDT-1737979200-B,tb-pullback_rsi-BTCUSDT-1738008000-S
XRP/USDT,pullback_rsi,2025-01-27 16:00,2.9581,2025-01-28 00:00,3.0536,signal,183.4,1.103137400000,16.411562600000,0.030251,8.00,tb-pullback_rsi-XRPUSDT-1737979200-B,tb-pullback_rsi-XRPUSDT-1738008000-S
SOL/USDT,pullback_rsi,2025-01-27 16:00,233.79,2025-01-28 04:00,236.56,signal,1.998,0.9402268800,4.5942331200,0.009835,12.00,tb-pullback_rsi-SOLUSDT-1737979200-B,tb-pullback_rsi-SOLUSDT-1738022400-S
BTC/USDT,pullback_rsi,2025-01-29 04:00,102089.23,2025-01-29 08:00,102704.43,signal,0.01098,2.2506761700,4.5042198300,0.004018,4.00,tb-pullback_rsi-BTCUSDT-1738108800-B,tb-pullback_rsi-BTCUSDT-1738123200-S
LTC/USDT,pullback_rsi,2025-01-29 04:00,113.40,2025-01-29 08:00,114.66,signal,4.749,1.0836239400,4.9001160600,0.009099,4.00,tb-pullback_rsi-LTCUSDT-1738108800-B,tb-pullback_rsi-LTCUSDT-1738123200-S
SOL/USDT,pullback_rsi,2025-01-29 04:00,231.32,2025-01-29 08:00,234.30,signal,2.245,1.0460108600,5.6440891400,0.010868,4.00,tb-pullback_rsi-SOLUSDT-1738108800-B,tb-pullback_rsi-SOLUSDT-1738123200-S
BTC/USDT,pullback_rsi,2025-01-31 12:00,104788.38,2025-01-31 16:00,105411.26,signal,0.01324,2.7851389988,5.4617922012,0.003937,4.00,tb-pullback_rsi-BTCUSDT-1738310400-B,tb-pullback_rsi-BTCUSDT-1738324800-S
SOL/USDT,pullback_rsi,2025-01-31 12:00,238.89,2025-01-31 16:00,239.97,signal,2.715,1.3008215700,1.6313784300,0.002515,4.00,tb-pullback_rsi-SOLUSDT-1738310400-B,tb-pullback_rsi-SOLUSDT-1738324800-S
BTC/USDT,pullback_rsi,2025-02-01 16:00,102124.93,2025-02-02 11:59,98835.24,stop,0.01541,3.0988387199,-53.7929616199,-0.034181,20.00,tb-pullback_rsi-BTCUSDT-1738411200-B,tb-pullback_rsi-BTCUSDT-1738483200-X
XRP/USDT,pullback_rsi,2025-02-02 08:00,2.8832,2025-02-02 19:59,2.6881,stop,256.7,1.431017670000,-51.513187670000,-0.069601,12.00,tb-pullback_rsi-XRPUSDT-1738468800-B,tb-pullback_rsi-XRPUSDT-1738512000-X
LTC/USDT,pullback_rsi,2025-02-02 08:00,115.61,2025-02-03 03:59,103.84,stop,4.247,0.9325822000,-50.9197722000,-0.103707,20.00,tb-pullback_rsi-LTCUSDT-1738468800-B,tb-pullback_rsi-LTCUSDT-1738540800-X
LTC/USDT,pullback_rsi,2025-02-12 00:00,119.32,2025-02-12 20:00,123.73,signal,4.279,1.0406075500,17.8297824500,0.034921,20.00,tb-pullback_rsi-LTCUSDT-1739304000-B,tb-pullback_rsi-LTCUSDT-1739376000-S
BNB/USDT,pullback_rsi,2025-02-14 04:00,683.54,2025-02-15 16:00,665.88,signal,0.889,1.2003179200,-16.9000579200,-0.027811,36.00,tb-pullback_rsi-BNBUSDT-1739491200-B,tb-pullback_rsi-BNBUSDT-1739620800-S
ADA/USDT,pullback_rsi,2025-04-24 12:00,0.6879,2025-04-24 16:00,0.7258,signal,1254.0,1.773674070000,45.752925930000,0.053039,4.00,tb-pullback_rsi-ADAUSDT-1745481600-B,tb-pullback_rsi-ADAUSDT-1745496000-S
XRP/USDT,pullback_rsi,2025-04-24 12:00,2.1567,2025-04-24 16:00,2.2114,signal,428.3,1.871935580000,21.556074420000,0.023336,4.00,tb-pullback_rsi-XRPUSDT-1745481600-B,tb-pullback_rsi-XRPUSDT-1745496000-S
BNB/USDT,pullback_rsi,2025-04-24 00:00,606.03,2025-04-25 00:00,601.25,signal,3.022,3.6508242800,-18.0959842800,-0.009881,24.00,tb-pullback_rsi-BNBUSDT-1745438400-B,tb-pullback_rsi-BNBUSDT-1745524800-S
BNB/USDT,pullback_rsi,2025-04-26 04:00,602.51,2025-04-26 16:00,607.65,signal,3.015,3.6510424400,11.8460575600,0.006521,12.00,tb-pullback_rsi-BNBUSDT-1745625600-B,tb-pullback_rsi-BNBUSDT-1745668800-S
SOL/USDT,pullback_rsi,2025-04-26 16:00,149.40,2025-04-27 16:00,148.94,signal,6.157,1.8379251800,-4.6701451800,-0.005077,24.00,tb-pullback_rsi-SOLUSDT-1745668800-B,tb-pullback_rsi-SOLUSDT-1745755200-S
XRP/USDT,pullback_rsi,2025-04-27 12:00,2.1814,2025-04-27 16:00,2.2266,signal,556.0,2.452156840000,22.679043160000,0.018699,4.00,tb-pullback_rsi-XRPUSDT-1745740800-B,tb-pullback_rsi-XRPUSDT-1745755200-S
BNB/USDT,pullback_rsi,2025-04-27 12:00,600.84,2025-04-27 20:00,605.15,signal,3.228,3.8953390800,10.0173409200,0.005165,8.00,tb-pullback_rsi-BNBUSDT-1745740800-B,tb-pullback_rsi-BNBUSDT-1745769600-S
LINK/USDT,pullback_rsi,2025-04-27 20:00,14.828,2025-04-28 04:00,14.842,signal,56.35,1.67279418000,-0.88389418000,-0.001058,8.00,tb-pullback_rs-LINKUSDT-1745769600-B,tb-pullback_rs-LINKUSDT-1745798400-S
ADA/USDT,pullback_rsi,2025-04-27 20:00,0.7163,2025-04-28 08:00,0.7248,signal,1123.0,1.619214860000,7.926285140000,0.009854,12.00,tb-pullback_rsi-ADAUSDT-1745769600-B,tb-pullback_rsi-ADAUSDT-1745812800-S
XRP/USDT,pullback_rsi,2025-04-30 04:00,2.2499,2025-04-30 15:59,2.1435,stop,471.4,2.072173710000,-52.229133710000,-0.049245,12.00,tb-pullback_rsi-XRPUSDT-1745971200-B,tb-pullback_rsi-XRPUSDT-1746014400-X
LINK/USDT,pullback_rsi,2025-04-30 04:00,14.738,2025-04-30 15:59,13.867,stop,57.46,1.64452758000,-51.69218758000,-0.061041,12.00,tb-pullback_rs-LINKUSDT-1745971200-B,tb-pullback_rs-LINKUSDT-1746014400-X
ADA/USDT,pullback_rsi,2025-04-30 04:00,0.7031,2025-05-01 04:00,0.6884,signal,1160.2,1.615262020000,-18.670202020000,-0.022888,24.00,tb-pullback_rsi-ADAUSDT-1745971200-B,tb-pullback_rsi-ADAUSDT-1746057600-S
LINK/USDT,pullback_rsi,2025-04-30 20:00,14.218,2025-05-01 04:00,14.522,signal,53.33,1.53355728000,14.67876272000,0.019359,8.00,tb-pullback_rs-LINKUSDT-1746028800-B,tb-pullback_rs-LINKUSDT-1746057600-S
LTC/USDT,pullback_rsi,2025-04-30 20:00,83.74,2025-05-01 08:00,84.90,signal,10.966,1.8502273800,10.8703326200,0.011838,12.00,tb-pullback_rsi-LTCUSDT-1746028800-B,tb-pullback_rsi-LTCUSDT-1746072000-S
SOL/USDT,pullback_rsi,2025-05-02 12:00,150.80,2025-05-04 12:00,145.38,signal,6.825,2.0224841000,-39.0139841000,-0.037907,48.00,tb-pullback_rsi-SOLUSDT-1746172800-B,tb-pullback_rsi-SOLUSDT-1746345600-S
BTC/USDT,pullback_rsi,2025-05-03 16:00,96466.89,2025-05-04 23:59,94234.98,stop,0.02028,3.8703279259,-49.1334627259,-0.025115,32.00,tb-pullback_rsi-BTCUSDT-1746273600-B,tb-pullback_rsi-BTCUSDT-1746388800-X
LINK/USDT,pullback_rsi,2025-05-03 16:00,14.428,2025-05-05 08:00,14.112,signal,67.31,1.92203736000,-23.19199736000,-0.023881,40.00,tb-pullback_rs-LINKUSDT-1746273600-B,tb-pullback_rs-LINKUSDT-1746417600-S
SOL/USDT,pullback_rsi,2025-05-04 16:00,146.91,2025-05-05 08:00,146.80,signal,8.600,2.5272281900,-3.4732281900,-0.002749,16.00,tb-pullback_rsi-SOLUSDT-1746360000-B,tb-pullback_rsi-SOLUSDT-1746417600-S
ADA/USDT,pullback_rsi,2025-05-05 08:00,0.6862,2025-05-06 11:59,0.6464,stop,1231.2,1.641589180000,-50.643349180000,-0.059944,28.00,tb-pullback_rsi-ADAUSDT-1746417600-B,tb-pullback_rsi-ADAUSDT-1746518400-X
ETH/USDT,pullback_rsi,2025-05-06 20:00,1785.70,2025-05-07 00:00,1816.09,signal,0.6790,2.4468654000,18.1879446000,0.015000,4.00,tb-pullback_rsi-ETHUSDT-1746547200-B,tb-pullback_rsi-ETHUSDT-1746561600-S
ETH/USDT,pullback_rsi,2025-05-08 00:00,1812.02,2025-05-08 04:00,1900.13,signal,0.6701,2.4887801260,56.5537308740,0.046576,4.00,tb-pullback_rsi-ETHUSDT-1746648000-B,tb-pullback_rsi-ETHUSDT-1746662400-S
BTC/USDT,pullback_rsi,2025-05-13 00:00,102842.72,2025-05-13 12:00,103677.33,signal,0.01418,2.9305111640,8.9042586360,0.006106,12.00,tb-pullback_rsi-BTCUSDT-1747080000-B,tb-pullback_rsi-BTCUSDT-1747123200-S
ETH/USDT,pullback_rsi,2025-05-13 00:00,2496.73,2025-05-13 12:00,2512.13,signal,0.2409,1.2073833960,2.5024766040,0.004161,12.00,tb-pullback_rsi-ETHUSDT-1747080000-B,tb-pullback_rsi-ETHUSDT-1747123200-S
LINK/USDT,pullback_rsi,2025-05-13 00:00,16.749,2025-05-13 16:00,16.861,signal,33.85,1.13836846000,2.65283154000,0.004679,16.00,tb-pullback_rs-LINKUSDT-1747080000-B,tb-pullback_rs-LINKUSDT-1747137600-S
LTC/USDT,pullback_rsi,2025-05-14 20:00,100.24,2025-05-15 20:00,99.54,signal,6.058,1.2109689200,-5.4515689200,-0.008977,24.00,tb-pullback_rsi-LTCUSDT-1747238400-B,tb-pullback_rsi-LTCUSDT-1747324800-S
ADA/USDT,pullback_rsi,2025-05-15 12:00,0.7723,2025-05-16 04:00,0.7811,signal,745.4,1.158522200000,5.400997800000,0.009382,16.00,tb-pullback_rsi-ADAUSDT-1747296000-B,tb-pullback_rsi-ADAUSDT-1747353600-S
LINK/USDT,pullback_rsi,2025-05-15 12:00,16.329,2025-05-16 08:00,16.341,signal,37.21,1.21630386000,-0.76978386000,-0.001267,20.00,tb-pullback_rs-LINKUSDT-1747296000-B,tb-pullback_rs-LINKUSDT-1747368000-S
XRP/USDT,pullback_rsi,2025-05-16 04:00,2.4139,2025-05-18 04:00,2.3574,signal,260.7,1.244602080000,-15.974152080000,-0.025384,48.00,tb-pullback_rsi-XRPUSDT-1747353600-B,tb-pullback_rsi-XRPUSDT-1747526400-S
ADA/USDT,pullback_rsi,2025-05-17 08:00,0.7764,2025-05-18 08:00,0.7590,signal,789.5,1.212819420000,-14.950119420000,-0.024390,24.00,tb-pullback_rsi-ADAUSDT-1747454400-B,tb-pullback_rsi-ADAUSDT-1747540800-S
SOL/USDT,pullback_rsi,2025-05-17 04:00,168.35,2025-05-18 08:00,170.59,signal,4.180,1.4176109500,7.9455890500,0.011291,28.00,tb-pullback_rsi-SOLUSDT-1747440000-B,tb-pullback_rsi-SOLUSDT-1747540800-S
ADA/USDT,pullback_rsi,2025-05-20 16:00,0.7325,2025-05-20 20:00,0.7389,signal,943.8,1.389439820000,4.650880180000,0.006727,4.00,tb-pullback_rsi-ADAUSDT-1747742400-B,tb-pullback_rsi-ADAUSDT-1747756800-S
LTC/USDT,pullback_rsi,2025-05-20 16:00,93.94,2025-05-21 04:00,94.69,signal,7.102,1.3404017800,3.9860982200,0.005975,12.00,tb-pullback_rsi-LTCUSDT-1747742400-B,tb-pullback_rsi-LTCUSDT-1747785600-S
BNB/USDT,pullback_rsi,2025-05-24 04:00,664.81,2025-05-24 12:00,674.35,signal,1.928,2.5832301000,15.8098899000,0.012335,8.00,tb-pullback_rsi-BNBUSDT-1748044800-B,tb-pullback_rsi-BNBUSDT-1748073600-S
BTC/USDT,pullback_rsi,2025-05-24 04:00,108420.50,2025-05-24 12:00,109153.96,signal,0.01189,2.5891287350,6.1317106650,0.004757,8.00,tb-pullback_rsi-BTCUSDT-1748044800-B,tb-pullback_rsi-BTCUSDT-1748073600-S
ETH/USDT,pullback_rsi,2025-05-25 12:00,2499.16,2025-05-25 20:00,2525.33,signal,0.3511,1.7650981000,7.4231889000,0.008460,8.00,tb-pullback_rsi-ETHUSDT-1748160000-B,tb-pullback_rsi-ETHUSDT-1748188800-S
LINK/USDT,pullback_rsi,2025-05-24 04:00,15.748,2025-05-26 00:00,15.532,signal,38.20,1.19552592000,-9.44672592000,-0.015703,44.00,tb-pullback_rs-LINKUSDT-1748044800-B,tb-pullback_rs-LINKUSDT-1748203200-S
LTC/USDT,pullback_rsi,2025-05-25 04:00,95.83,2025-05-26 00:00,95.54,signal,8.532,1.6336313100,-4.1079113100,-0.005024,20.00,tb-pullback_rsi-LTCUSDT-1748131200-B,tb-pullback_rsi-LTCUSDT-1748203200-S
SOL/USDT,pullback_rsi,2025-05-27 00:00,175.01,2025-05-27 12:00,176.71,signal,5.184,1.8243665400,6.9884334600,0.007703,12.00,tb-pullback_rsi-SOLUSDT-1748289600-B,tb-pullback_rsi-SOLUSDT-1748332800-S
ADA/USDT,pullback_rsi,2025-05-28 12:00,0.7593,2025-05-29 04:00,0.7576,signal,1279.1,1.941253880000,-4.115723880000,-0.004238,16.00,tb-pullback_rsi-ADAUSDT-1748419200-B,tb-pullback_rsi-ADAUSDT-1748476800-S
BTC/USDT,pullback_rsi,2025-05-29 00:00,107835.68,2025-05-29 04:00,107990.84,signal,0.01595,3.4445897096,-0.9697877096,-0.000564,4.00,tb-pullback_rsi-BTCUSDT-1748462400-B,tb-pullback_rsi-BTCUSDT-1748476800-S
SOL/USDT,pullback_rsi,2025-05-28 12:00,174.61,2025-05-29 04:00,173.60,signal,5.950,2.0728971600,-8.0823971600,-0.007780,16.00,tb-pullback_rsi-SOLUSDT-1748419200-B,tb-pullback_rsi-SOLUSDT-1748476800-S
BNB/USDT,pullback_rsi,2025-05-30 12:00,671.52,2025-05-31 03:59,652.72,stop,2.637,3.4940354400,-53.0696354400,-0.029969,16.00,tb-pullback_rsi-BNBUSDT-1748592000-B,tb-pullback_rsi-BNBUSDT-1748649600-X
ETH/USDT,pullback_rsi,2025-05-30 12:00,2623.36,2025-05-31 03:59,2479.50,stop,0.3414,1.7431657480,-50.8569697480,-0.056784,16.00,tb-pullback_rsi-ETHUSDT-1748592000-B,tb-pullback_rsi-ETHUSDT-1748649600-X
BTC/USDT,pullback_rsi,2025-05-30 04:00,106077.35,2025-05-31 16:00,104503.80,signal,0.01482,3.1229341940,-26.4429451940,-0.016821,36.00,tb-pullback_rsi-BTCUSDT-1748563200-B,tb-pullback_rsi-BTCUSDT-1748692800-S
ETH/USDT,pullback_rsi,2025-05-31 08:00,2522.38,2025-05-31 16:00,2535.02,signal,0.3355,1.6977666520,2.5429533480,0.003005,8.00,tb-pullback_rsi-ETHUSDT-1748664000-B,tb-pullback_rsi-ETHUSDT-1748692800-S
BNB/USDT,pullback_rsi,2025-05-31 08:00,654.17,2025-05-31 20:00,658.20,signal,2.388,3.1359020700,6.4877379300,0.004153,12.00,tb-pullback_rsi-BNBUSDT-1748664000-B,tb-pullback_rsi-BNBUSDT-1748707200-S
ETH/USDT,pullback_rsi,2025-06-01 16:00,2524.50,2025-06-01 20:00,2525.11,signal,0.4109,2.0761470000,-1.8254980000,-0.001760,4.00,tb-pullback_rsi-ETHUSDT-1748779200-B,tb-pullback_rsi-ETHUSDT-1748793600-S
BNB/USDT,pullback_rsi,2025-06-01 16:00,655.05,2025-06-02 00:00,660.43,signal,2.832,3.7274045100,11.5087554900,0.006204,8.00,tb-pullback_rsi-BNBUSDT-1748779200-B,tb-pullback_rsi-BNBUSDT-1748808000-S
ETH/USDT,pullback_rsi,2025-06-06 04:00,2456.93,2025-06-06 16:00,2508.36,signal,0.3389,1.6837195490,15.7459074510,0.018911,12.00,tb-pullback_rsi-ETHUSDT-1749168000-B,tb-pullback_rsi-ETHUSDT-1749211200-S
BTC/USDT,pullback_rsi,2025-06-12 16:00,107074.48,2025-06-13 03:59,104468.96,stop,0.01888,3.9960816320,-53.1882992320,-0.026310,12.00,tb-pullback_rsi-BTCUSDT-1749729600-B,tb-pullback_rsi-BTCUSDT-1749772800-X
BTC/USDT,pullback_rsi,2025-06-13 08:00,104947.46,2025-06-13 16:00,105384.15,signal,0.01564,3.2916853336,3.5381462664,0.002156,8.00,tb-pullback_rsi-BTCUSDT-1749787200-B,tb-pullback_rsi-BTCUSDT-1749816000-S
BNB/USDT,pullback_rsi,2025-06-13 08:00,655.34,2025-06-14 00:00,655.02,signal,2.741,3.5936627800,-4.4707827800,-0.002489,16.00,tb-pullback_rsi-BNBUSDT-1749787200-B,tb-pullback_rsi-BNBUSDT-1749844800-S
ETH/USDT,pullback_rsi,2025-06-13 08:00,2527.73,2025-06-14 00:00,2577.90,signal,0.2717,1.3879579900,12.2432310100,0.017827,16.00,tb-pullback_rsi-ETHUSDT-1749787200-B,tb-pullback_rsi-ETHUSDT-1749844800-S
BTC/USDT,pullback_rsi,2025-06-15 00:00,105467.34,2025-06-15 04:00,105420.80,signal,0.01817,3.8339468546,-4.6795786546,-0.002442,4.00,tb-pullback_rsi-BTCUSDT-1749931200-B,tb-pullback_rsi-BTCUSDT-1749945600-S
ETH/USDT,pullback_rsi,2025-06-15 00:00,2532.04,2025-06-15 16:00,2540.53,signal,0.3433,1.7424260980,1.1721909020,0.001349,16.00,tb-pullback_rsi-ETHUSDT-1749931200-B,tb-pullback_rsi-ETHUSDT-1749988800-S
BTC/USDT,pullback_rsi,2025-07-02 00:00,105733.98,2025-07-02 04:00,106141.60,signal,0.02269,4.8106289256,4.4382688744,0.001850,4.00,tb-pullback_rsi-BTCUSDT-1751400000-B,tb-pullback_rsi-BTCUSDT-1751414400-S
ETH/USDT,pullback_rsi,2025-07-04 12:00,2550.48,2025-07-05 08:00,2520.05,signal,0.4576,2.3215497680,-16.2463177680,-0.013920,20.00,tb-pullback_rsi-ETHUSDT-1751616000-B,tb-pullback_rsi-ETHUSDT-1751688000-S
BTC/USDT,pullback_rsi,2025-07-05 00:00,108038.25,2025-07-05 20:00,108087.70,signal,0.01701,3.6784631775,-2.8373186775,-0.001544,20.00,tb-pullback_rsi-BTCUSDT-1751659200-B,tb-pullback_rsi-BTCUSDT-1751731200-S
LTC/USDT,pullback_rsi,2025-07-04 12:00,88.20,2025-07-05 20:00,86.71,signal,12.271,2.1474672100,-20.4312572100,-0.018878,32.00,tb-pullback_rsi-LTCUSDT-1751616000-B,tb-pullback_rsi-LTCUSDT-1751731200-S
BTC/USDT,pullback_rsi,2025-07-08 00:00,108317.08,2025-07-08 08:00,108430.36,signal,0.01893,4.1051953760,-1.9608049760,-0.000956,8.00,tb-pullback_rsi-BTCUSDT-1751918400-B,tb-pullback_rsi-BTCUSDT-1751947200-S
ETH/USDT,pullback_rsi,2025-07-07 20:00,2545.25,2025-07-08 08:00,2552.14,signal,0.5338,2.7225139300,0.9553680700,0.000703,12.00,tb-pullback_rsi-ETHUSDT-1751904000-B,tb-pullback_rsi-ETHUSDT-1751947200-S
ETH/USDT,pullback_rsi,2025-07-12 20:00,2942.66,2025-07-13 04:00,2953.63,signal,0.3396,2.0035571500,1.7218548500,0.001723,8.00,tb-pullback_rsi-ETHUSDT-1752336000-B,tb-pullback_rsi-ETHUSDT-1752364800-S
LINK/USDT,pullback_rsi,2025-07-12 20:00,15.058,2025-07-13 08:00,15.362,signal,51.47,1.56662088000,14.08025912000,0.018167,12.00,tb-pullback_rs-LINKUSDT-1752336000-B,tb-pullback_rs-LINKUSDT-1752379200-S
SOL/USDT,pullback_rsi,2025-07-12 20:00,160.80,2025-07-13 08:00,162.58,signal,6.061,1.9611317800,8.8274482200,0.009057,12.00,tb-pullback_rsi-SOLUSDT-1752336000-B,tb-pullback_rsi-SOLUSDT-1752379200-S
LINK/USDT,pullback_rsi,2025-07-15 08:00,15.418,2025-07-15 16:00,15.562,signal,45.82,1.42027450000,5.17780550000,0.007329,8.00,tb-pullback_rs-LINKUSDT-1752552000-B,tb-pullback_rs-LINKUSDT-1752580800-S
LTC/USDT,pullback_rsi,2025-07-15 08:00,92.53,2025-07-15 20:00,95.13,signal,9.050,1.6992483000,21.8307517000,0.026070,12.00,tb-pullback_rsi-LTCUSDT-1752552000-B,tb-pullback_rsi-LTCUSDT-1752595200-S
SOL/USDT,pullback_rsi,2025-07-15 08:00,159.62,2025-07-16 00:00,163.89,signal,5.889,1.9061081100,23.2399218900,0.024723,16.00,tb-pullback_rsi-SOLUSDT-1752552000-B,tb-pullback_rsi-SOLUSDT-1752609600-S
BTC/USDT,pullback_rsi,2025-07-19 00:00,117983.81,2025-07-20 16:00,118611.78,signal,0.01291,3.0568087433,5.0502839567,0.003316,40.00,tb-pullback_rsi-BTCUSDT-1752868800-B,tb-pullback_rsi-BTCUSDT-1753012800-S
ETH/USDT,pullback_rsi,2025-07-22 12:00,3707.16,2025-07-23 00:00,3744.33,signal,0.2327,1.7350738700,6.9143851300,0.008015,12.00,tb-pullback_rsi-ETHUSDT-1753171200-B,tb-pullback_rsi-ETHUSDT-1753214400-S
ADA/USDT,pullback_rsi,2025-07-24 00:00,0.8165,2025-07-24 16:00,0.8230,signal,631.8,1.036407650000,3.070292350000,0.005952,16.00,tb-pullback_rsi-ADAUSDT-1753300800-B,tb-pullback_rsi-ADAUSDT-1753358400-S
LINK/USDT,pullback_rsi,2025-07-24 00:00,18.190,2025-07-24 16:00,18.460,signal,28.96,1.06192970000,6.75727030000,0.012827,16.00,tb-pullback_rs-LINKUSDT-1753300800-B,tb-pullback_rs-LINKUSDT-1753358400-S
BNB/USDT,pullback_rsi,2025-07-25 08:00,761.79,2025-07-25 12:00,771.28,signal,1.096,1.6817683000,8.7192717000,0.010443,4.00,tb-pullback_rsi-BNBUSDT-1753416000-B,tb-pullback_rsi-BNBUSDT-1753430400-S
LTC/USDT,pullback_rsi,2025-07-25 08:00,111.21,2025-07-25 12:00,115.62,signal,4.894,1.1106620700,20.4718779300,0.037614,4.00,tb-pullback_rsi-LTCUSDT-1753416000-B,tb-pullback_rsi-LTCUSDT-1753430400-S
SOL/USDT,pullback_rsi,2025-07-24 00:00,189.50,2025-07-25 20:00,182.06,signal,3.375,1.2547730000,-26.3647730000,-0.041223,44.00,tb-pullback_rsi-SOLUSDT-1753300800-B,tb-pullback_rsi-SOLUSDT-1753459200-S
ETH/USDT,pullback_rsi,2025-07-29 00:00,3800.90,2025-07-29 08:00,3875.42,signal,0.2780,2.1351572300,18.5814027700,0.017585,8.00,tb-pullback_rsi-ETHUSDT-1753732800-B,tb-pullback_rsi-ETHUSDT-1753761600-S
LTC/USDT,pullback_rsi,2025-07-29 04:00,109.34,2025-07-29 08:00,110.55,signal,7.400,1.6280607200,7.3259392800,0.009054,4.00,tb-pullback_rsi-LTCUSDT-1753747200-B,tb-pullback_rsi-LTCUSDT-1753761600-S
XRP/USDT,pullback_rsi,2025-07-29 04:00,3.1423,2025-07-29 08:00,3.1738,signal,262.2,1.657024110000,6.602275890000,0.008013,4.00,tb-pullback_rsi-XRPUSDT-1753747200-B,tb-pullback_rsi-XRPUSDT-1753761600-S
BTC/USDT,pullback_rsi,2025-07-29 20:00,117584.05,2025-07-30 04:00,118102.77,signal,0.01905,4.4921856035,5.3894303965,0.002406,8.00,tb-pullback_rsi-BTCUSDT-1753804800-B,tb-pullback_rsi-BTCUSDT-1753833600-S
BNB/USDT,pullback_rsi,2025-07-30 00:00,805.52,2025-07-30 19:59,766.41,stop,1.251,1.9680954700,-50.8947054700,-0.050506,20.00,tb-pullback_rsi-BNBUSDT-1753819200-B,tb-pullback_rsi-BNBUSDT-1753891200-X
LINK/USDT,pullback_rsi,2025-07-30 16:00,17.609,2025-07-31 00:00,17.711,signal,40.01,1.41403365000,2.66698635000,0.003785,8.00,tb-pullback_rs-LINKUSDT-1753876800-B,tb-pullback_rs-LINKUSDT-1753905600-S
SOL/USDT,pullback_rsi,2025-07-30 16:00,179.26,2025-07-31 04:00,180.21,signal,4.717,1.6965162900,2.7846337100,0.003293,12.00,tb-pullback_rsi-SOLUSDT-1753876800-B,tb-pullback_rsi-SOLUSDT-1753920000-S
