pair,strategy,entry_time,entry_price,exit_time,exit_price,exit_reason,qty,fees_quote,pnl,pnl_pct,duration_hours,entry_client_order_id,exit_client_order_id
BTC/USDT,pullback_rsi,2021-08-12 20:00,44460.55,2021-08-13 04:00,44757.57,signal,0.01011,0.9028844015,2.0999877985,0.004672,8.00,tb-pullback_rsi-BTCUSDT-1628784000-B,tb-pullback_rsi-BTCUSDT-1628812800-S
ETH/USDT,pullback_rsi,2021-08-12 20:00,3054.66,2021-08-13 04:00,3082.05,signal,0.1079,0.6627619460,2.2926190540,0.006956,8.00,tb-pullback_rsi-ETHUSDT-1628784000-B,tb-pullback_rsi-ETHUSDT-1628812800-S
ADA/USDT,pullback_rsi,2021-08-15 12:00,2.1280,2021-08-16 00:00,2.1623,signal,103.1,0.442755530000,3.093574470000,0.014100,12.00,tb-pullback_rsi-ADAUSDT-1629014400-B,tb-pullback_rsi-ADAUSDT-1629057600-S
BTC/USDT,pullback_rsi,2021-08-15 12:00,46015.42,2021-08-16 00:00,46879.87,signal,0.01092,1.0153368748,8.4244571252,0.016765,12.00,tb-pullback_rsi-BTCUSDT-1629014400-B,tb-pullback_rsi-BTCUSDT-1629057600-S
ETH/USDT,pullback_rsi,2021-08-17 04:00,3201.36,2021-08-17 12:00,3251.19,signal,0.1238,0.7994659600,5.3694880400,0.013548,8.00,tb-pullback_rsi-ETHUSDT-1629158400-B,tb-pullback_rsi-ETHUSDT-1629187200-S
XRP/USDT,pullback_rsi,2021-08-17 04:00,1.2105,2021-08-18 16:00,1.1410,signal,148.4,0.349204700000,-10.663004700000,-0.059358,36.00,tb-pullback_rsi-XRPUSDT-1629158400-B,tb-pullback_rsi-XRPUSDT-1629288000-S
SOL/USDT,pullback_rsi,2021-08-22 00:00,74.00,2021-08-22 08:00,75.36,signal,2.431,0.3633161600,2.9428438400,0.016359,8.00,tb-pullback_rsi-SOLUSDT-1629576000-B,tb-pullback_rsi-SOLUSDT-1629604800-S
ETH/USDT,pullback_rsi,2021-08-23 00:00,3244.48,2021-08-23 04:00,3333.53,signal,0.1392,0.9163078920,11.4794521080,0.025418,4.00,tb-pullback_rsi-ETHUSDT-1629662400-B,tb-pullback_rsi-ETHUSDT-1629676800-S
BNB/USDT,pullback_rsi,2021-08-24 20:00,479.02,2021-08-25 08:00,486.91,signal,0.691,0.6679366500,4.7840533500,0.014453,12.00,tb-pullback_rsi-BNBUSDT-1629820800-B,tb-pullback_rsi-BNBUSDT-1629864000-S
ETH/USDT,pullback_rsi,2021-08-24 20:00,3223.89,2021-08-25 16:00,3210.73,signal,0.1388,0.8937700300,-2.7203780300,-0.006079,20.00,tb-pullback_rsi-ETHUSDT-1629820800-B,tb-pullback_rsi-ETHUSDT-1629892800-S
SOL/USDT,pullback_rsi,2021-08-25 16:00,71.42,2021-08-26 00:00,71.83,signal,2.704,0.3875622600,0.7210777400,0.003734,8.00,tb-pullback_rsi-SOLUSDT-1629892800-B,tb-pullback_rsi-SOLUSDT-1629921600-S
ETH/USDT,pullback_rsi,2021-08-26 16:00,3110.97,2021-08-27 08:00,3119.91,signal,0.1328,0.8280830600,0.3591489400,0.000869,16.00,tb-pullback_rsi-ETHUSDT-1629979200-B,tb-pullback_rsi-ETHUSDT-1630036800-S
LTC/USDT,pullback_rsi,2021-08-26 20:00,168.54,2021-08-27 08:00,169.26,signal,1.942,0.6563446800,0.7418953200,0.002267,12.00,tb-pullback_rsi-LTCUSDT-1629993600-B,tb-pullback_rsi-LTCUSDT-1630036800-S
BNB/USDT,pullback_rsi,2021-08-30 08:00,479.36,2021-08-30 20:00,477.14,signal,0.958,0.9168063600,-3.0435663600,-0.006628,12.00,tb-pullback_rsi-BNBUSDT-1630296000-B,tb-pullback_rsi-BNBUSDT-1630339200-S
LTC/USDT,pullback_rsi,2021-08-30 08:00,173.05,2021-08-30 20:00,175.34,signal,2.398,0.8359583700,4.6554616300,0.011219,12.00,tb-pullback_rsi-LTCUSDT-1630296000-B,tb-pullback_rsi-LTCUSDT-1630339200-S
ETH/USDT,pullback_rsi,2021-09-04 16:00,3925.56,2021-09-05 12:00,3916.71,signal,0.1252,0.9826373140,-2.0906573140,-0.004254,20.00,tb-pullback_rsi-ETHUSDT-1630756800-B,tb-pullback_rsi-ETHUSDT-1630828800-S
XRP/USDT,pullback_rsi,2021-09-05 00:00,1.2574,2021-09-05 12:00,1.2593,signal,298.0,0.750353820000,-0.184153820000,-0.000491,12.00,tb-pullback_rsi-XRPUSDT-1630785600-B,tb-pullback_rsi-XRPUSDT-1630828800-S
ETH/USDT,pullback_rsi,2021-09-08 00:00,3441.71,2021-09-08 20:00,3516.10,signal,0.0737,0.5131347680,4.9694082320,0.019591,20.00,tb-pullback_rsi-ETHUSDT-1631044800-B,tb-pullback_rsi-ETHUSDT-1631116800-S
ADA/USDT,pullback_rsi,2021-09-08 00:00,2.5191,2021-09-09 00:00,2.4650,signal,68.9,0.343656400000,-4.071146400000,-0.023456,24.00,tb-pullback_rsi-ADAUSDT-1631044800-B,tb-pullback_rsi-ADAUSDT-1631131200-S
ETH/USDT,pullback_rsi,2021-09-10 20:00,3317.88,2021-09-11 12:00,3286.55,signal,0.0808,0.5339697320,-3.0654337320,-0.011435,16.00,tb-pullback_rsi-ETHUSDT-1631289600-B,tb-pullback_rsi-ETHUSDT-1631347200-S
SOL/USDT,pullback_rsi,2021-09-10 00:00,188.27,2021-09-11 16:00,188.04,signal,0.609,0.2293610600,-0.3694310600,-0.003222,40.00,tb-pullback_rsi-SOLUSDT-1631217600-B,tb-pullback_rsi-SOLUSDT-1631361600-S
SOL/USDT,pullback_rsi,2021-09-15 00:00,159.04,2021-09-15 08:00,161.70,signal,0.885,0.2840139400,2.0700860600,0.014707,8.00,tb-pullback_rsi-SOLUSDT-1631649600-B,tb-pullback_rsi-SOLUSDT-1631678400-S
SOL/USDT,pullback_rsi,2021-09-17 16:00,144.91,2021-09-18 00:00,147.29,signal,1.114,0.3258006200,2.3255193800,0.014406,8.00,tb-pullback_rsi-SOLUSDT-1631880000-B,tb-pullback_rsi-SOLUSDT-1631908800-S
LINK/USDT,pullback_rsi,2021-09-18 04:00,28.327,2021-09-18 08:00,28.922,signal,8.84,0.50636443000,4.75343557000,0.018983,4.00,tb-pullback_rs-LINKUSDT-1631923200-B,tb-pullback_rs-LINKUSDT-1631937600-S
LTC/USDT,pullback_rsi,2021-09-17 04:00,186.38,2021-09-18 08:00,183.43,signal,1.568,0.5802348400,-5.2058348400,-0.017813,28.00,tb-pullback_rsi-LTCUSDT-1631836800-B,tb-pullback_rsi-LTCUSDT-1631937600-S
LINK/USDT,pullback_rsi,2021-09-19 08:00,28.688,2021-09-20 03:59,26.207,stop,10.30,0.56599226000,-26.12029226000,-0.088398,20.00,tb-pullback_rs-LINKUSDT-1632024000-B,tb-pullback_rs-LINKUSDT-1632096000-X
ETH/USDT,pullback_rsi,2021-09-19 08:00,3447.71,2021-09-20 03:59,3239.84,stop,0.1242,0.8312832540,-26.6487372540,-0.062234,20.00,tb-pullback_rsi-ETHUSDT-1632024000-B,tb-pullback_rsi-ETHUSDT-1632096000-X
BTC/USDT,pullback_rsi,2021-10-07 20:00,54070.68,2021-10-08 08:00,54719.72,signal,0.00887,0.9655115584,4.7914732416,0.009990,12.00,tb-pullback_rsi-BTCUSDT-1633622400-B,tb-pullback_rsi-BTCUSDT-1633665600-S
LTC/USDT,pullback_rsi,2021-10-08 08:00,180.16,2021-10-08 12:00,181.43,signal,1.767,0.6392898500,1.6048001500,0.005041,4.00,tb-pullback_rsi-LTCUSDT-1633665600-B,tb-pullback_rsi-LTCUSDT-1633680000-S
LINK/USDT,pullback_rsi,2021-10-09 04:00,26.523,2021-10-09 12:00,27.025,signal,12.33,0.66077730000,5.52888270000,0.016906,8.00,tb-pullback_rs-LINKUSDT-1633737600-B,tb-pullback_rs-LINKUSDT-1633766400-S
BNB/USDT,pullback_rsi,2021-10-09 04:00,424.95,2021-10-11 04:00,414.96,signal,0.972,0.8168174700,-10.5270974700,-0.025486,48.00,tb-pullback_rsi-BNBUSDT-1633737600-B,tb-pullback_rsi-BNBUSDT-1633910400-S
SOL/USDT,pullback_rsi,2021-10-10 00:00,157.12,2021-10-11 19:59,143.57,stop,1.879,0.5653107500,-26.0257607500,-0.088155,44.00,tb-pullback_rsi-SOLUSDT-1633809600-B,tb-pullback_rsi-SOLUSDT-1633968000-X
BNB/USDT,pullback_rsi,2021-10-12 16:00,434.67,2021-10-12 20:00,433.23,signal,0.858,0.7450928700,-1.9806128700,-0.005311,4.00,tb-pullback_rsi-BNBUSDT-1634040000-B,tb-pullback_rsi-BNBUSDT-1634054400-S
XRP/USDT,pullback_rsi,2021-10-12 08:00,1.1036,2021-10-13 04:00,1.1167,signal,281.2,0.624679440000,3.059040560000,0.009857,20.00,tb-pullback_rsi-XRPUSDT-1634011200-B,tb-pullback_rsi-XRPUSDT-1634083200-S
BTC/USDT,pullback_rsi,2021-10-13 00:00,56108.91,2021-10-13 16:00,56056.51,signal,0.00806,0.9046143737,-1.3269583737,-0.002934,16.00,tb-pullback_rsi-BTCUSDT-1634068800-B,tb-pullback_rsi-BTCUSDT-1634126400-S
LINK/USDT,pullback_rsi,2021-10-15 20:00,27.075,2021-10-16 00:00,26.955,signal,11.62,0.62837010000,-2.02277010000,-0.006429,4.00,tb-pullback_rs-LINKUSDT-1634313600-B,tb-pullback_rs-LINKUSDT-1634328000-S
BNB/USDT,pullback_rsi,2021-10-17 00:00,466.74,2021-10-17 12:00,468.06,signal,0.718,0.6716531400,0.2761068600,0.000824,12.00,tb-pullback_rsi-BNBUSDT-1634414400-B,tb-pullback_rsi-BNBUSDT-1634457600-S
BTC/USDT,pullback_rsi,2021-10-17 00:00,60997.33,2021-10-18 00:00,61405.26,signal,0.00849,1.0398079650,2.4235177350,0.004680,24.00,tb-pullback_rsi-BTCUSDT-1634414400-B,tb-pullback_rsi-BTCUSDT-1634500800-S
LTC/USDT,pullback_rsi,2021-10-17 20:00,184.37,2021-10-18 04:00,185.42,signal,2.361,0.8736273000,1.6054227000,0.003688,8.00,tb-pullback_rsi-LTCUSDT-1634486400-B,tb-pullback_rsi-LTCUSDT-1634515200-S
SOL/USDT,pullback_rsi,2021-10-18 20:00,157.07,2021-10-19 04:00,158.18,signal,2.170,0.6845637100,1.7241362900,0.005058,8.00,tb-pullback_rsi-SOLUSDT-1634572800-B,tb-pullback_rsi-SOLUSDT-1634601600-S
XRP/USDT,pullback_rsi,2021-10-18 04:00,1.0980,2021-10-19 04:00,1.0947,signal,330.9,0.726003630000,-1.817973630000,-0.005004,24.00,tb-pullback_rsi-XRPUSDT-1634515200-B,tb-pullback_rsi-XRPUSDT-1634601600-S
SOL/USDT,pullback_rsi,2021-10-20 00:00,156.09,2021-10-20 08:00,156.20,signal,2.545,0.7952463200,-0.5152963200,-0.001297,8.00,tb-pullback_rsi-SOLUSDT-1634673600-B,tb-pullback_rsi-SOLUSDT-1634702400-S
BNB/USDT,pullback_rsi,2021-10-21 20:00,475.65,2021-10-22 08:00,488.32,signal,0.911,0.8786523200,10.6637176800,0.024609,12.00,tb-pullback_rsi-BNBUSDT-1634832000-B,tb-pullback_rsi-BNBUSDT-1634875200-S
BTC/USDT,pullback_rsi,2021-10-22 20:00,61154.78,2021-10-23 12:00,61429.13,signal,0.00646,0.7925036066,0.9797973934,0.002480,16.00,tb-pullback_rsi-BTCUSDT-1634918400-B,tb-pullback_rsi-BTCUSDT-1634976000-S
XRP/USDT,pullback_rsi,2021-10-22 04:00,1.1099,2021-10-23 16:00,1.0944,signal,380.7,0.839620970000,-6.740470970000,-0.015952,36.00,tb-pullback_rsi-XRPUSDT-1634860800-B,tb-pullback_rsi-XRPUSDT-1634990400-S
BTC/USDT,pullback_rsi,2021-10-24 20:00,60764.38,2021-10-25 00:00,60730.51,signal,0.00804,0.9774265590,-1.2497413590,-0.002558,4.00,tb-pullback_rsi-BTCUSDT-1635091200-B,tb-pullback_rsi-BTCUSDT-1635105600-S
SOL/USDT,pullback_rsi,2021-10-24 00:00,198.15,2021-10-25 00:00,201.74,signal,1.257,0.5030580300,4.0095719700,0.016098,24.00,tb-pullback_rsi-SOLUSDT-1635019200-B,tb-pullback_rsi-SOLUSDT-1635105600-S
LTC/USDT,pullback_rsi,2021-10-26 20:00,194.19,2021-10-27 00:00,197.10,signal,2.651,1.0378923600,6.6765176400,0.012969,4.00,tb-pullback_rsi-LTCUSDT-1635264000-B,tb-pullback_rsi-LTCUSDT-1635278400-S
BTC/USDT,pullback_rsi,2021-10-27 04:00,60835.76,2021-10-27 11:59,57930.78,stop,0.00892,1.0600058968,-26.9724274968,-0.049705,8.00,tb-pullback_rsi-BTCUSDT-1635292800-B,tb-pullback_rsi-BTCUSDT-1635321600-X
SOL/USDT,pullback_rsi,2021-10-27 04:00,203.26,2021-10-27 11:59,184.08,stop,1.322,0.5124700000,-25.8684300000,-0.096269,8.00,tb-pullback_rsi-SOLUSDT-1635292800-B,tb-pullback_rsi-SOLUSDT-1635321600-X
BNB/USDT,pullback_rsi,2021-10-27 16:00,455.61,2021-10-28 12:00,477.34,signal,1.027,0.9590508700,21.3576591300,0.045645,20.00,tb-pullback_rsi-BNBUSDT-1635336000-B,tb-pullback_rsi-BNBUSDT-1635408000-S
BTC/USDT,pullback_rsi,2021-10-27 16:00,58936.79,2021-10-28 12:00,60838.69,signal,0.00821,0.9839460538,14.6306529462,0.030237,20.00,tb-pullback_rsi-BTCUSDT-1635336000-B,tb-pullback_rsi-BTCUSDT-1635408000-S
ETH/USDT,pullback_rsi,2021-10-30 20:00,4345.31,2021-10-31 04:00,4361.74,signal,0.1017,0.8863760490,0.7845549510,0.001775,8.00,tb-pullback_rsi-ETHUSDT-1635609600-B,tb-pullback_rsi-ETHUSDT-1635638400-S
SOL/USDT,pullback_rsi,2021-10-30 20:00,194.96,2021-10-31 16:00,194.60,signal,1.498,0.5839508000,-1.1232308000,-0.003846,20.00,tb-pullback_rsi-SOLUSDT-1635609600-B,tb-pullback_rsi-SOLUSDT-1635681600-S
BTC/USDT,pullback_rsi,2021-10-31 20:00,60811.33,2021-11-01 00:00,61177.21,signal,0.00911,1.1119237096,2.2212430904,0.004010,4.00,tb-pullback_rsi-BTCUSDT-1635696000-B,tb-pullback_rsi-BTCUSDT-1635710400-S
LINK/USDT,pullback_rsi,2021-10-31 16:00,29.329,2021-11-01 00:00,29.940,signal,10.63,0.63061605000,5.86431395000,0.018810,8.00,tb-pullback_rs-LINKUSDT-1635681600-B,tb-pullback_rs-LINKUSDT-1635710400-S
LINK/USDT,pullback_rsi,2021-11-03 20:00,31.734,2021-11-04 00:00,31.906,signal,11.54,0.73504028000,1.24983972000,0.003413,4.00,tb-pullback_rs-LINKUSDT-1635955200-B,tb-pullback_rs-LINKUSDT-1635969600-S
LINK/USDT,pullback_rsi,2021-11-04 20:00,30.752,2021-11-05 00:00,30.928,signal,12.22,0.75434464000,1.39637536000,0.003716,4.00,tb-pullback_rs-LINKUSDT-1636041600-B,tb-pullback_rs-LINKUSDT-1636056000-S
BTC/USDT,pullback_rsi,2021-11-03 20:00,62925.59,2021-11-05 04:00,62079.38,signal,0.00779,0.9744179720,-7.5663938720,-0.015436,32.00,tb-pullback_rsi-BTCUSDT-1635955200-B,tb-pullback_rsi-BTCUSDT-1636070400-S
SOL/USDT,pullback_rsi,2021-11-05 20:00,236.27,2021-11-06 04:00,239.32,signal,1.184,0.5635711000,3.0476289000,0.010894,8.00,tb-pullback_rsi-SOLUSDT-1636128000-B,tb-pullback_rsi-SOLUSDT-1636156800-S
XRP/USDT,pullback_rsi,2021-11-05 20:00,1.1542,2021-11-06 04:00,1.1631,signal,298.6,0.692292040000,1.965247960000,0.005702,8.00,tb-pullback_rsi-XRPUSDT-1636128000-B,tb-pullback_rsi-XRPUSDT-1636156800-S
ETH/USDT,pullback_rsi,2021-11-06 16:00,4407.37,2021-11-06 20:00,4484.75,signal,0.1161,1.0332566110,7.9505613890,0.015538,4.00,tb-pullback_rsi-ETHUSDT-1636200000-B,tb-pullback_rsi-ETHUSDT-1636214400-S
LINK/USDT,pullback_rsi,2021-11-06 16:00,31.413,2021-11-07 00:00,31.985,signal,11.17,0.70878392000,5.68045608000,0.016189,8.00,tb-pullback_rs-LINKUSDT-1636200000-B,tb-pullback_rs-LINKUSDT-1636228800-S
BNB/USDT,pullback_rsi,2021-11-08 08:00,642.69,2021-11-08 16:00,647.50,signal,0.643,0.8302348600,2.2625951400,0.005475,8.00,tb-pullback_rsi-BNBUSDT-1636344000-B,tb-pullback_rsi-BNBUSDT-1636372800-S
SOL/USDT,pullback_rsi,2021-11-08 00:00,250.12,2021-11-10 00:00,238.58,signal,1.311,0.6411859400,-15.7701259400,-0.048093,48.00,tb-pullback_rsi-SOLUSDT-1636315200-B,tb-pullback_rsi-SOLUSDT-1636488000-S
BNB/USDT,pullback_rsi,2021-11-10 08:00,645.49,2021-11-10 12:00,653.98,signal,0.742,0.9648522300,5.3347277700,0.011138,4.00,tb-pullback_rsi-BNBUSDT-1636516800-B,tb-pullback_rsi-BNBUSDT-1636531200-S
SOL/USDT,pullback_rsi,2021-11-10 08:00,241.36,2021-11-10 16:00,244.35,signal,1.481,0.7198192300,3.7083707700,0.010374,8.00,tb-pullback_rsi-SOLUSDT-1636516800-B,tb-pullback_rsi-SOLUSDT-1636545600-S
BNB/USDT,pullback_rsi,2021-11-11 04:00,617.94,2021-11-12 04:00,631.53,signal,0.561,0.7015706100,6.9224193900,0.019969,24.00,tb-pullback_rsi-BNBUSDT-1636588800-B,tb-pullback_rsi-BNBUSDT-1636675200-S
LTC/USDT,pullback_rsi,2021-11-11 08:00,265.84,2021-11-12 04:00,275.14,signal,0.750,0.4060008400,6.5689991600,0.032947,20.00,tb-pullback_rsi-LTCUSDT-1636603200-B,tb-pullback_rsi-LTCUSDT-1636675200-S
BTC/USDT,pullback_rsi,2021-11-12 20:00,63972.69,2021-11-13 16:00,64559.62,signal,0.00760,0.9774852809,3.4831827191,0.007164,20.00,tb-pullback_rsi-BTCUSDT-1636732800-B,tb-pullback_rsi-BTCUSDT-1636804800-S
SOL/USDT,pullback_rsi,2021-11-12 20:00,229.31,2021-11-13 16:00,233.14,signal,1.244,0.5757464200,4.1887735800,0.014684,20.00,tb-pullback_rsi-SOLUSDT-1636732800-B,tb-pullback_rsi-SOLUSDT-1636804800-S
ETH/USDT,pullback_rsi,2021-11-14 12:00,4621.67,2021-11-15 00:00,4617.24,signal,0.1214,1.1225280120,-1.6603300120,-0.002959,12.00,tb-pullback_rsi-ETHUSDT-1636876800-B,tb-pullback_rsi-ETHUSDT-1636920000-S
LINK/USDT,pullback_rsi,2021-11-15 00:00,33.818,2021-11-15 04:00,33.971,signal,10.29,0.69822517000,0.87614483000,0.002518,4.00,tb-pullback_rs-LINKUSDT-1636920000-B,tb-pullback_rs-LINKUSDT-1636934400-S
BNB/USDT,pullback_rsi,2021-11-15 20:00,639.98,2021-11-16 03:59,608.46,stop,0.822,1.0268576600,-26.9362976600,-0.051204,8.00,tb-pullback_rsi-BNBUSDT-1636992000-B,tb-pullback_rsi-BNBUSDT-1637020800-X
LTC/USDT,pullback_rsi,2021-11-16 08:00,247.20,2021-11-17 03:59,219.68,stop,0.917,0.4283761600,-25.6642161600,-0.113217,20.00,tb-pullback_rsi-LTCUSDT-1637035200-B,tb-pullback_rsi-LTCUSDT-1637107200-X
SOL/USDT,pullback_rsi,2021-11-16 16:00,225.70,2021-11-17 12:00,219.87,signal,1.359,0.6059810300,-8.5289510300,-0.027806,20.00,tb-pullback_rsi-SOLUSDT-1637064000-B,tb-pullback_rsi-SOLUSDT-1637136000-S
XRP/USDT,pullback_rsi,2023-01-15 16:00,0.3893,2023-01-16 04:00,0.4044,signal,1038.0,0.824288830000,14.849511170000,0.036748,12.00,tb-pullback_rsi-XRPUSDT-1673784000-B,tb-pullback_rsi-XRPUSDT-1673827200-S
LTC/USDT,pullback_rsi,2023-01-16 16:00,86.34,2023-01-16 20:00,86.85,signal,4.449,0.7709540100,1.4980359900,0.003900,4.00,tb-pullback_rsi-LTCUSDT-1673870400-B,tb-pullback_rsi-LTCUSDT-1673884800-S
ADA/USDT,pullback_rsi,2023-01-18 04:00,0.3507,2023-01-18 19:59,0.3280,stop,1139.3,0.773663750000,-26.635773750000,-0.066664,16.00,tb-pullback_rsi-ADAUSDT-1674000000-B,tb-pullback_rsi-ADAUSDT-1674057600-X
XRP/USDT,pullback_rsi,2023-01-18 20:00,0.3906,2023-01-19 12:00,0.3839,signal,882.3,0.683692890000,-6.595102890000,-0.019137,16.00,tb-pullback_rsi-XRPUSDT-1674057600-B,tb-pullback_rsi-XRPUSDT-1674115200-S
SOL/USDT,pullback_rsi,2023-01-19 04:00,21.40,2023-01-19 20:00,21.61,signal,8.344,0.3590680400,1.3931719600,0.007802,16.00,tb-pullback_rsi-SOLUSDT-1674086400-B,tb-pullback_rsi-SOLUSDT-1674144000-S
BNB/USDT,pullback_rsi,2023-01-20 16:00,290.08,2023-01-20 20:00,293.91,signal,1.897,1.1084091900,6.1571008100,0.011189,4.00,tb-pullback_rsi-BNBUSDT-1674216000-B,tb-pullback_rsi-BNBUSDT-1674230400-S
LTC/USDT,pullback_rsi,2023-01-23 04:00,88.05,2023-01-23 12:00,91.81,signal,5.108,0.9192531800,18.2868268200,0.040659,8.00,tb-pullback_rsi-LTCUSDT-1674432000-B,tb-pullback_rsi-LTCUSDT-1674460800-S
SOL/USDT,pullback_rsi,2023-01-23 04:00,24.58,2023-01-24 04:00,24.93,signal,9.860,0.4884144000,2.9625856000,0.012224,24.00,tb-pullback_rsi-SOLUSDT-1674432000-B,tb-pullback_rsi-SOLUSDT-1674518400-S
LINK/USDT,pullback_rsi,2023-01-25 04:00,6.706,2023-01-25 20:00,6.809,signal,48.54,0.65635340000,4.34326660000,0.013343,16.00,tb-pullback_rs-LINKUSDT-1674604800-B,tb-pullback_rs-LINKUSDT-1674662400-S
LTC/USDT,pullback_rsi,2023-01-25 04:00,87.74,2023-01-25 20:00,88.30,signal,4.825,0.8498317000,1.8521683000,0.004375,16.00,tb-pullback_rsi-LTCUSDT-1674604800-B,tb-pullback_rsi-LTCUSDT-1674662400-S
LTC/USDT,pullback_rsi,2023-01-26 20:00,88.13,2023-01-27 20:00,88.45,signal,5.404,0.9547671000,0.7745129000,0.001626,24.00,tb-pullback_rsi-LTCUSDT-1674748800-B,tb-pullback_rsi-LTCUSDT-1674835200-S
SOL/USDT,pullback_rsi,2023-01-27 08:00,24.08,2023-01-27 20:00,24.43,signal,11.480,0.5571837600,3.4608162400,0.012519,12.00,tb-pullback_rsi-SOLUSDT-1674792000-B,tb-pullback_rsi-SOLUSDT-1674835200-S
ETH/USDT,pullback_rsi,2023-01-29 04:00,1597.55,2023-01-29 08:00,1589.40,signal,0.3569,1.1380614750,-4.0467964750,-0.007098,4.00,tb-pullback_rsi-ETHUSDT-1674950400-B,tb-pullback_rsi-ETHUSDT-1674964800-S
SOL/USDT,pullback_rsi,2023-01-29 04:00,24.18,2023-01-29 12:00,24.31,signal,13.428,0.6514622400,1.0941777600,0.003370,8.00,tb-pullback_rsi-SOLUSDT-1674950400-B,tb-pullback_rsi-SOLUSDT-1674979200-S
LINK/USDT,pullback_rsi,2023-01-30 16:00,7.039,2023-01-31 08:00,7.021,signal,56.37,0.79298454000,-1.80764454000,-0.004556,16.00,tb-pullback_rs-LINKUSDT-1675080000-B,tb-pullback_rs-LINKUSDT-1675137600-S
XRP/USDT,pullback_rsi,2023-01-30 16:00,0.4007,2023-01-31 12:00,0.3990,signal,1390.4,1.112463860000,-3.476143860000,-0.006239,20.00,tb-pullback_rsi-XRPUSDT-1675080000-B,tb-pullback_rsi-XRPUSDT-1675152000-S
LINK/USDT,pullback_rsi,2023-02-01 20:00,7.020,2023-02-02 00:00,7.199,signal,56.40,0.80237280000,9.29322720000,0.023472,4.00,tb-pullback_rs-LINKUSDT-1675267200-B,tb-pullback_rs-LINKUSDT-1675281600-S
SOL/USDT,pullback_rsi,2023-02-01 20:00,24.29,2023-02-02 00:00,24.95,signal,12.054,0.5938547300,7.3617852700,0.025143,4.00,tb-pullback_rsi-SOLUSDT-1675267200-B,tb-pullback_rsi-SOLUSDT-1675281600-S
BTC/USDT,pullback_rsi,2023-02-03 04:00,23580.71,2023-02-03 16:00,23557.41,signal,0.02937,1.3851540040,-2.0694750040,-0.002988,12.00,tb-pullback_rsi-BTCUSDT-1675382400-B,tb-pullback_rsi-BTCUSDT-1675425600-S
XRP/USDT,pullback_rsi,2023-02-03 04:00,0.4121,2023-02-04 00:00,0.4107,signal,1392.8,1.146572780000,-3.096492780000,-0.005395,20.00,tb-pullback_rsi-XRPUSDT-1675382400-B,tb-pullback_rsi-XRPUSDT-1675454400-S
LTC/USDT,pullback_rsi,2023-02-06 00:00,96.85,2023-02-06 16:00,97.11,signal,5.614,1.0894725400,0.3701674600,0.000681,16.00,tb-pullback_rsi-LTCUSDT-1675627200-B,tb-pullback_rsi-LTCUSDT-1675684800-S
SOL/USDT,pullback_rsi,2023-02-06 00:00,23.51,2023-02-06 16:00,23.42,signal,16.826,0.7900438500,-2.3043838500,-0.005825,16.00,tb-pullback_rsi-SOLUSDT-1675627200-B,tb-pullback_rsi-SOLUSDT-1675684800-S
SOL/USDT,pullback_rsi,2023-02-07 04:00,23.11,2023-02-07 12:00,23.29,signal,16.716,0.7760152700,2.2328647300,0.005780,8.00,tb-pullback_rsi-SOLUSDT-1675728000-B,tb-pullback_rsi-SOLUSDT-1675756800-S
ADA/USDT,pullback_rsi,2023-02-07 04:00,0.3871,2023-02-07 20:00,0.3915,signal,1266.8,0.986833710000,4.587086290000,0.009354,16.00,tb-pullback_rsi-ADAUSDT-1675728000-B,tb-pullback_rsi-ADAUSDT-1675785600-S
BNB/USDT,pullback_rsi,2023-02-09 00:00,328.86,2023-02-09 03:59,316.91,stop,2.211,1.4287840500,-27.8502340500,-0.038303,4.00,tb-pullback_rsi-BNBUSDT-1675886400-B,tb-pullback_rsi-BNBUSDT-1675900800-X
LTC/USDT,pullback_rsi,2023-02-08 20:00,99.13,2023-02-09 19:59,94.19,stop,5.265,1.0184245800,-27.0275245800,-0.051785,24.00,tb-pullback_rsi-LTCUSDT-1675872000-B,tb-pullback_rsi-LTCUSDT-1675958400-X
ETH/USDT,pullback_rsi,2023-02-09 08:00,1633.14,2023-02-09 19:59,1564.44,stop,0.3800,1.2157336560,-27.3217336560,-0.044025,12.00,tb-pullback_rsi-ETHUSDT-1675915200-B,tb-pullback_rsi-ETHUSDT-1675958400-X
BNB/USDT,pullback_rsi,2023-02-10 04:00,307.32,2023-02-10 20:00,307.98,signal,1.791,1.1026169400,0.0794430600,0.000144,16.00,tb-pullback_rsi-BNBUSDT-1675987200-B,tb-pullback_rsi-BNBUSDT-1676044800-S
LTC/USDT,pullback_rsi,2023-02-10 00:00,92.25,2023-02-10 20:00,93.91,signal,4.421,0.8234746100,6.5153853900,0.015975,20.00,tb-pullback_rsi-LTCUSDT-1675972800-B,tb-pullback_rsi-LTCUSDT-1676044800-S
LTC/USDT,pullback_rsi,2023-02-13 16:00,91.19,2023-02-14 08:00,91.29,signal,5.402,0.9863041000,-0.4461041000,-0.000906,16.00,tb-pullback_rsi-LTCUSDT-1676289600-B,tb-pullback_rsi-LTCUSDT-1676347200-S
BNB/USDT,pullback_rsi,2023-02-17 04:00,310.32,2023-02-17 20:00,314.27,signal,1.369,0.8556843500,4.5518656500,0.010715,16.00,tb-pullback_rsi-BNBUSDT-1676592000-B,tb-pullback_rsi-BNBUSDT-1676649600-S
SOL/USDT,pullback_rsi,2023-02-17 04:00,22.73,2023-02-17 20:00,23.41,signal,13.778,0.6360351400,8.7330048600,0.027885,16.00,tb-pullback_rsi-SOLUSDT-1676592000-B,tb-pullback_rsi-SOLUSDT-1676649600-S
ADA/USDT,pullback_rsi,2023-02-21 08:00,0.4048,2023-02-21 23:59,0.3853,stop,1328.2,1.049977540000,-26.949877540000,-0.050125,16.00,tb-pullback_rsi-ADAUSDT-1676952000-B,tb-pullback_rsi-ADAUSDT-1677009600-X
LTC/USDT,pullback_rsi,2023-02-21 00:00,96.10,2023-02-22 04:00,94.82,signal,5.177,0.9889694400,-7.6155294400,-0.015307,28.00,tb-pullback_rsi-LTCUSDT-1676923200-B,tb-pullback_rsi-LTCUSDT-1677024000-S
ADA/USDT,pullback_rsi,2023-02-22 12:00,0.3867,2023-02-23 00:00,0.3881,signal,1198.1,0.928751920000,0.748588080000,0.001616,12.00,tb-pullback_rsi-ADAUSDT-1677052800-B,tb-pullback_rsi-ADAUSDT-1677096000-S
BTC/USDT,pullback_rsi,2023-02-22 12:00,24209.20,2023-02-23 00:00,24133.84,signal,0.02405,1.1633763860,-2.9757843860,-0.005111,12.00,tb-pullback_rsi-BTCUSDT-1677052800-B,tb-pullback_rsi-BTCUSDT-1677096000-S
ADA/USDT,pullback_rsi,2023-02-24 08:00,0.3821,2023-02-24 12:00,0.3829,signal,1328.1,1.016531440000,0.045948560000,0.000091,4.00,tb-pullback_rsi-ADAUSDT-1677211200-B,tb-pullback_rsi-ADAUSDT-1677225600-S
ETH/USDT,pullback_rsi,2023-02-24 20:00,1614.06,2023-02-26 04:00,1599.54,signal,0.3315,1.0659540240,-5.8793340240,-0.010988,32.00,tb-pullback_rsi-ETHUSDT-1677254400-B,tb-pullback_rsi-ETHUSDT-1677369600-S
LINK/USDT,pullback_rsi,2023-02-24 20:00,7.693,2023-02-26 04:00,7.402,signal,39.78,0.60078682000,-12.17676682000,-0.039790,32.00,tb-pullback_rs-LINKUSDT-1677254400-B,tb-pullback_rs-LINKUSDT-1677369600-S
LINK/USDT,pullback_rsi,2023-02-27 16:00,7.384,2023-02-28 12:00,7.312,signal,56.01,0.82356600000,-4.85628600000,-0.011742,20.00,tb-pullback_rs-LINKUSDT-1677499200-B,tb-pullback_rs-LINKUSDT-1677571200-S
LTC/USDT,pullback_rsi,2023-02-28 00:00,94.26,2023-02-28 12:00,94.83,signal,6.697,1.2669955500,2.5502944500,0.004040,12.00,tb-pullback_rsi-LTCUSDT-1677528000-B,tb-pullback_rsi-LTCUSDT-1677571200-S
LTC/USDT,pullback_rsi,2023-03-02 20:00,95.12,2023-03-03 03:59,91.12,stop,6.479,1.2073148000,-27.1233148000,-0.044011,8.00,tb-pullback_rsi-LTCUSDT-1677772800-B,tb-pullback_rsi-LTCUSDT-1677801600-X
LINK/USDT,pullback_rsi,2023-03-02 20:00,7.289,2023-03-03 03:59,6.882,stop,62.85,0.89115758000,-26.47110758000,-0.057783,8.00,tb-pullback_rs-LINKUSDT-1677772800-B,tb-pullback_rs-LINKUSDT-1677801600-X
BTC/USDT,pullback_rsi,2023-03-16 08:00,24665.03,2023-03-16 12:00,24776.67,signal,0.01418,0.7015766060,0.8814785940,0.002520,4.00,tb-pullback_rsi-BTCUSDT-1678939200-B,tb-pullback_rsi-BTCUSDT-1678953600-S
ETH/USDT,pullback_rsi,2023-03-15 20:00,1651.30,2023-03-16 12:00,1657.04,signal,0.2043,0.6763892500,0.4962927500,0.001471,16.00,tb-pullback_rsi-ETHUSDT-1678896000-B,tb-pullback_rsi-ETHUSDT-1678953600-S
BNB/USDT,pullback_rsi,2023-03-18 20:00,336.98,2023-03-19 12:00,336.52,signal,1.267,0.8539984600,-1.4368184600,-0.003365,16.00,tb-pullback_rsi-BNBUSDT-1679155200-B,tb-pullback_rsi-BNBUSDT-1679212800-S
LINK/USDT,pullback_rsi,2023-03-18 20:00,7.048,2023-03-19 12:00,7.086,signal,49.07,0.69390778000,1.17075222000,0.003385,16.00,tb-pullback_rs-LINKUSDT-1679155200-B,tb-pullback_rs-LINKUSDT-1679212800-S
XRP/USDT,pullback_rsi,2023-03-21 04:00,0.3825,2023-03-21 08:00,0.3857,signal,1106.2,0.850241840000,2.689598160000,0.006357,4.00,tb-pullback_rsi-XRPUSDT-1679356800-B,tb-pullback_rsi-XRPUSDT-1679371200-S
ETH/USDT,pullback_rsi,2023-03-21 04:00,1749.64,2023-03-21 12:00,1757.81,signal,0.2431,0.8531859860,1.1329410140,0.002664,8.00,tb-pullback_rsi-ETHUSDT-1679356800-B,tb-pullback_rsi-ETHUSDT-1679385600-S
XRP/USDT,pullback_rsi,2023-03-23 00:00,0.4222,2023-03-23 08:00,0.4460,signal,532.4,0.462483000000,12.208637000000,0.054314,8.00,tb-pullback_rsi-XRPUSDT-1679515200-B,tb-pullback_rsi-XRPUSDT-1679544000-S
BNB/USDT,pullback_rsi,2023-03-22 16:00,328.46,2023-03-23 12:00,324.64,signal,1.502,0.9816131200,-6.7192531200,-0.013620,20.00,tb-pullback_rsi-BNBUSDT-1679486400-B,tb-pullback_rsi-BNBUSDT-1679558400-S
BNB/USDT,pullback_rsi,2023-03-24 20:00,322.85,2023-03-25 04:00,323.25,signal,1.745,1.1280902000,-0.4300902000,-0.000763,8.00,tb-pullback_rsi-BNBUSDT-1679673600-B,tb-pullback_rsi-BNBUSDT-1679702400-S
XRP/USDT,pullback_rsi,2023-03-24 08:00,0.4341,2023-03-25 04:00,0.4294,signal,557.4,0.481575360000,-3.101355360000,-0.012817,20.00,tb-pullback_rsi-XRPUSDT-1679630400-B,tb-pullback_rsi-XRPUSDT-1679702400-S
LINK/USDT,pullback_rsi,2023-03-25 16:00,7.146,2023-03-26 04:00,7.112,signal,55.14,0.78661488000,-2.66137488000,-0.006754,12.00,tb-pullback_rs-LINKUSDT-1679745600-B,tb-pullback_rs-LINKUSDT-1679788800-S
ADA/USDT,pullback_rsi,2023-03-26 00:00,0.3521,2023-03-26 12:00,0.3573,signal,1083.1,0.768738450000,4.863381550000,0.012753,12.00,tb-pullback_rsi-ADAUSDT-1679774400-B,tb-pullback_rsi-ADAUSDT-1679817600-S
ADA/USDT,pullback_rsi,2023-03-27 12:00,0.3536,2023-03-28 08:00,0.3481,signal,1286.9,0.903477410000,-7.981427410000,-0.017540,20.00,tb-pullback_rsi-ADAUSDT-1679904000-B,tb-pullback_rsi-ADAUSDT-1679976000-S
BTC/USDT,pullback_rsi,2023-03-27 20:00,27022.87,2023-03-28 20:00,27371.12,signal,0.02031,1.1055526258,5.9674048742,0.010873,24.00,tb-pullback_rsi-BTCUSDT-1679932800-B,tb-pullback_rsi-BTCUSDT-1680019200-S
BNB/USDT,pullback_rsi,2023-03-30 08:00,316.14,2023-03-30 12:00,316.66,signal,1.966,1.2447170800,-0.2223970800,-0.000358,4.00,tb-pullback_rsi-BNBUSDT-1680148800-B,tb-pullback_rsi-BNBUSDT-1680163200-S
LINK/USDT,pullback_rsi,2023-03-31 00:00,7.245,2023-03-31 04:00,7.368,signal,64.72,0.94626051000,7.01429949000,0.014959,4.00,tb-pullback_rs-LINKUSDT-1680206400-B,tb-pullback_rs-LINKUSDT-1680220800-S
LTC/USDT,pullback_rsi,2023-03-31 00:00,89.24,2023-03-31 04:00,89.58,signal,4.527,0.8099643400,0.7292156600,0.001805,4.00,tb-pullback_rsi-LTCUSDT-1680206400-B,tb-pullback_rsi-LTCUSDT-1680220800-S
BNB/USDT,pullback_rsi,2023-03-31 12:00,316.54,2023-03-31 20:00,316.06,signal,2.261,1.4312582200,-2.5165382200,-0.003516,8.00,tb-pullback_rsi-BNBUSDT-1680249600-B,tb-pullback_rsi-BNBUSDT-1680278400-S
BNB/USDT,pullback_rsi,2023-04-01 12:00,315.03,2023-04-02 00:00,314.27,signal,2.632,1.6572626900,-3.6575826900,-0.004411,12.00,tb-pullback_rsi-BNBUSDT-1680336000-B,tb-pullback_rsi-BNBUSDT-1680379200-S
XRP/USDT,pullback_rsi,2023-04-01 12:00,0.5164,2023-04-02 08:00,0.5129,signal,502.0,0.517018440000,-2.274018440000,-0.008772,20.00,tb-pullback_rsi-XRPUSDT-1680336000-B,tb-pullback_rsi-XRPUSDT-1680408000-S
ADA/USDT,pullback_rsi,2023-04-03 00:00,0.3824,2023-04-03 08:00,0.3939,signal,1258.0,0.977082520000,13.489917480000,0.028042,8.00,tb-pullback_rsi-ADAUSDT-1680465600-B,tb-pullback_rsi-ADAUSDT-1680494400-S
LINK/USDT,pullback_rsi,2023-04-03 00:00,7.270,2023-04-03 12:00,7.284,signal,77.10,1.12269500000,-0.04329500000,-0.000077,12.00,tb-pullback_rs-LINKUSDT-1680465600-B,tb-pullback_rs-LINKUSDT-1680508800-S
XRP/USDT,pullback_rsi,2023-04-04 08:00,0.4973,2023-04-04 20:00,0.5040,signal,680.9,0.682133280000,3.879896720000,0.011458,12.00,tb-pullback_rsi-XRPUSDT-1680580800-B,tb-pullback_rsi-XRPUSDT-1680624000-S
BTC/USDT,pullback_rsi,2023-04-06 12:00,28001.41,2023-04-06 16:00,28034.20,signal,0.02604,1.4600073287,-0.6061557287,-0.000831,4.00,tb-pullback_rsi-BTCUSDT-1680768000-B,tb-pullback_rsi-BTCUSDT-1680782400-S
ADA/USDT,pullback_rsi,2023-04-06 16:00,0.3855,2023-04-07 16:00,0.3833,signal,1201.0,0.923829950000,-3.566029950000,-0.007702,24.00,tb-pullback_rsi-ADAUSDT-1680782400-B,tb-pullback_rsi-ADAUSDT-1680868800-S
LTC/USDT,pullback_rsi,2023-04-07 12:00,90.09,2023-04-07 16:00,90.36,signal,6.013,1.0856764800,0.5378335200,0.000993,4.00,tb-pullback_rsi-LTCUSDT-1680854400-B,tb-pullback_rsi-LTCUSDT-1680868800-S
LTC/USDT,pullback_rsi,2023-04-09 00:00,90.09,2023-04-09 04:00,90.48,signal,7.979,1.4414887500,1.6703212500,0.002324,4.00,tb-pullback_rsi-LTCUSDT-1680984000-B,tb-pullback_rsi-LTCUSDT-1680998400-S
ETH/USDT,pullback_rsi,2023-04-09 12:00,1842.90,2023-04-09 20:00,1852.67,signal,0.4812,1.7792297300,2.9220942700,0.003295,8.00,tb-pullback_rsi-ETHUSDT-1681027200-B,tb-pullback_rsi-ETHUSDT-1681056000-S
XRP/USDT,pullback_rsi,2023-04-09 04:00,0.5073,2023-04-09 20:00,0.5045,signal,1225.4,1.240519210000,-4.671639210000,-0.007515,16.00,tb-pullback_rsi-XRPUSDT-1680998400-B,tb-pullback_rsi-XRPUSDT-1681056000-S
ETH/USDT,pullback_rsi,2023-04-12 08:00,1874.05,2023-04-12 16:00,1908.35,signal,0.4280,1.6198042250,13.0605957750,0.016283,8.00,tb-pullback_rsi-ETHUSDT-1681272000-B,tb-pullback_rsi-ETHUSDT-1681300800-S
XRP/USDT,pullback_rsi,2023-04-12 20:00,0.5038,2023-04-13 00:00,0.5038,signal,1330.2,1.341014840000,-1.341014840000,-0.002001,4.00,tb-pullback_rsi-XRPUSDT-1681315200-B,tb-pullback_rsi-XRPUSDT-1681329600-S
LTC/USDT,pullback_rsi,2023-04-12 08:00,92.26,2023-04-13 04:00,92.28,signal,6.432,1.1876071000,-1.0589671000,-0.001785,20.00,tb-pullback_rsi-LTCUSDT-1681272000-B,tb-pullback_rsi-LTCUSDT-1681344000-S
SOL/USDT,pullback_rsi,2023-04-16 00:00,24.10,2023-04-16 04:00,24.27,signal,15.888,0.7688881600,1.9320718400,0.005046,4.00,tb-pullback_rsi-SOLUSDT-1681588800-B,tb-pullback_rsi-SOLUSDT-1681603200-S
XRP/USDT,pullback_rsi,2023-04-16 08:00,0.5209,2023-04-16 20:00,0.5197,signal,1270.6,1.322863530000,-2.847583530000,-0.004302,12.00,tb-pullback_rsi-XRPUSDT-1681617600-B,tb-pullback_rsi-XRPUSDT-1681660800-S
BTC/USDT,pullback_rsi,2023-04-16 08:00,30405.66,2023-04-17 11:59,29664.56,stop,0.03616,2.1733553820,-28.9715313820,-0.026350,28.00,tb-pullback_rsi-BTCUSDT-1681617600-B,tb-pullback_rsi-BTCUSDT-1681718400-X
ADA/USDT,pullback_rsi,2023-04-17 12:00,0.4435,2023-04-18 08:00,0.4411,signal,1060.0,0.938163850000,-3.482163850000,-0.007407,20.00,tb-pullback_rsi-ADAUSDT-1681718400-B,tb-pullback_rsi-ADAUSDT-1681790400-S
BTC/USDT,pullback_rsi,2023-04-17 20:00,29526.19,2023-04-18 08:00,29716.05,signal,0.03342,1.9810567074,4.3640644926,0.004423,12.00,tb-pullback_rsi-BTCUSDT-1681747200-B,tb-pullback_rsi-BTCUSDT-1681790400-S
ADA/USDT,pullback_rsi,2023-04-19 16:00,0.4217,2023-04-20 19:59,0.3966,stop,1012.9,0.829319940000,-26.253109940000,-0.061463,28.00,tb-pullback_rsi-ADAUSDT-1681905600-B,tb-pullback_rsi-ADAUSDT-1682006400-X
SOL/USDT,pullback_rsi,2023-04-19 16:00,23.39,2023-04-21 16:00,21.82,signal,13.027,0.5892781300,-21.0416681300,-0.069057,48.00,tb-pullback_rsi-SOLUSDT-1681905600-B,tb-pullback_rsi-SOLUSDT-1682078400-S
BTC/USDT,pullback_rsi,2023-04-21 00:00,28300.14,2023-04-21 19:59,27184.55,stop,0.02305,1.2797711112,-26.9941206112,-0.041382,20.00,tb-pullback_rsi-BTCUSDT-1682020800-B,tb-pullback_rsi-BTCUSDT-1682092800-X
ADA/USDT,pullback_rsi,2023-04-30 08:00,0.4020,2023-04-30 16:00,0.4060,signal,1440.7,1.164688600000,4.598111400000,0.007939,8.00,tb-pullback_rsi-ADAUSDT-1682827200-B,tb-pullback_rsi-ADAUSDT-1682856000-S
BTC/USDT,pullback_rsi,2023-04-30 08:00,29324.97,2023-04-30 16:00,29595.86,signal,0.02600,1.5328213291,5.5103186709,0.007227,8.00,tb-pullback_rsi-BTCUSDT-1682827200-B,tb-pullback_rsi-BTCUSDT-1682856000-S
SOL/USDT,pullback_rsi,2023-05-01 08:00,22.39,2023-05-02 12:00,21.94,signal,17.533,0.7776409100,-8.6674909100,-0.022079,28.00,tb-pullback_rsi-SOLUSDT-1682913600-B,tb-pullback_rsi-SOLUSDT-1683014400-S
BTC/USDT,pullback_rsi,2023-05-01 08:00,28686.34,2023-05-02 16:00,28483.60,signal,0.02186,1.2505954826,-5.6824918826,-0.009062,32.00,tb-pullback_rsi-BTCUSDT-1682913600-B,tb-pullback_rsi-BTCUSDT-1683028800-S
BTC/USDT,pullback_rsi,2023-05-06 20:00,28900.51,2023-05-07 16:00,28884.77,signal,0.02331,1.3478418934,-1.7147412934,-0.002545,20.00,tb-pullback_rsi-BTCUSDT-1683388800-B,tb-pullback_rsi-BTCUSDT-1683460800-S
ETH/USDT,pullback_rsi,2023-05-06 20:00,1901.74,2023-05-07 16:00,1913.09,signal,0.3024,1.1543652920,2.2778747080,0.003961,20.00,tb-pullback_rsi-ETHUSDT-1683388800-B,tb-pullback_rsi-ETHUSDT-1683460800-S
LTC/USDT,pullback_rsi,2023-06-24 20:00,89.31,2023-06-26 12:00,87.91,signal,3.922,0.6954140800,-6.1862140800,-0.017661,40.00,tb-pullback_rsi-LTCUSDT-1687622400-B,tb-pullback_rsi-LTCUSDT-1687766400-S
BTC/USDT,pullback_rsi,2023-06-26 00:00,30523.60,2023-06-27 04:00,30310.81,signal,0.02427,1.4773668400,-6.6417801400,-0.008966,28.00,tb-pullback_rsi-BTCUSDT-1687723200-B,tb-pullback_rsi-BTCUSDT-1687824000-S
LINK/USDT,pullback_rsi,2023-06-28 12:00,6.006,2023-06-29 12:00,6.122,signal,69.76,0.84646970000,7.24569030000,0.017294,24.00,tb-pullback_rs-LINKUSDT-1687939200-B,tb-pullback_rs-LINKUSDT-1688025600-S
LTC/USDT,pullback_rsi,2023-06-28 12:00,85.87,2023-06-29 12:00,85.40,signal,5.114,0.8763900000,-3.2799700000,-0.007469,24.00,tb-pullback_rsi-LTCUSDT-1687939200-B,tb-pullback_rsi-LTCUSDT-1688025600-S
LINK/USDT,pullback_rsi,2023-07-04 12:00,6.541,2023-07-05 04:00,6.539,signal,70.90,0.92789528000,-1.06969528000,-0.002307,16.00,tb-pullback_rs-LINKUSDT-1688457600-B,tb-pullback_rs-LINKUSDT-1688515200-S
LTC/USDT,pullback_rsi,2023-07-03 16:00,109.63,2023-07-05 15:59,99.02,stop,2.340,0.4885698900,-25.3159698900,-0.098685,48.00,tb-pullback_rsi-LTCUSDT-1688385600-B,tb-pullback_rsi-LTCUSDT-1688558400-X
LTC/USDT,pullback_rsi,2023-07-05 20:00,100.73,2023-07-06 00:00,102.39,signal,2.764,0.5617258700,4.0265141300,0.014462,4.00,tb-pullback_rsi-LTCUSDT-1688572800-B,tb-pullback_rsi-LTCUSDT-1688587200-S
ETH/USDT,pullback_rsi,2023-07-05 20:00,1911.53,2023-07-06 08:00,1921.23,signal,0.4658,1.7862553690,2.7320046310,0.003068,12.00,tb-pullback_rsi-ETHUSDT-1688572800-B,tb-pullback_rsi-ETHUSDT-1688616000-S
LINK/USDT,pullback_rsi,2023-07-07 04:00,6.166,2023-07-07 16:00,6.199,signal,70.10,0.86727978000,1.44602022000,0.003345,12.00,tb-pullback_rs-LINKUSDT-1688688000-B,tb-pullback_rs-LINKUSDT-1688731200-S
LTC/USDT,pullback_rsi,2023-07-07 04:00,97.40,2023-07-07 16:00,97.51,signal,2.734,0.5331761400,-0.2324361400,-0.000873,12.00,tb-pullback_rsi-LTCUSDT-1688688000-B,tb-pullback_rsi-LTCUSDT-1688731200-S
BTC/USDT,pullback_rsi,2023-07-09 00:00,30345.20,2023-07-09 04:00,30227.41,signal,0.03345,2.0273676080,-5.9674431080,-0.005879,4.00,tb-pullback_rsi-BTCUSDT-1688846400-B,tb-pullback_rsi-BTCUSDT-1688860800-S
ETH/USDT,pullback_rsi,2023-07-09 00:00,1868.98,2023-07-09 04:00,1864.11,signal,0.4935,1.8432144100,-4.2465594100,-0.004604,4.00,tb-pullback_rsi-ETHUSDT-1688846400-B,tb-pullback_rsi-ETHUSDT-1688860800-S
LTC/USDT,pullback_rsi,2023-07-10 12:00,95.21,2023-07-10 16:00,95.02,signal,4.493,0.8551794400,-1.7088494400,-0.003995,4.00,tb-pullback_rsi-LTCUSDT-1688976000-B,tb-pullback_rsi-LTCUSDT-1688990400-S
SOL/USDT,pullback_rsi,2023-07-10 12:00,20.85,2023-07-10 16:00,21.11,signal,15.050,0.6318316000,3.2811684000,0.010456,4.00,tb-pullback_rsi-SOLUSDT-1688976000-B,tb-pullback_rsi-SOLUSDT-1688990400-S
LTC/USDT,pullback_rsi,2023-07-13 00:00,96.41,2023-07-13 08:00,100.09,signal,5.374,1.0565694600,18.7197505400,0.036131,8.00,tb-pullback_rsi-LTCUSDT-1689192000-B,tb-pullback_rsi-LTCUSDT-1689220800-S
BTC/USDT,pullback_rsi,2023-07-13 00:00,30440.76,2023-07-13 12:00,30482.90,signal,0.03391,2.0671389420,-0.6381715420,-0.000618,12.00,tb-pullback_rsi-BTCUSDT-1689192000-B,tb-pullback_rsi-BTCUSDT-1689235200-S
ADA/USDT,pullback_rsi,2023-07-15 00:00,0.3285,2023-07-15 08:00,0.3340,signal,758.1,0.502504050000,3.667045950000,0.014725,8.00,tb-pullback_rsi-ADAUSDT-1689364800-B,tb-pullback_rsi-ADAUSDT-1689393600-S
LTC/USDT,pullback_rsi,2023-07-15 00:00,95.32,2023-07-17 00:00,92.70,signal,3.459,0.6507424600,-9.7133224600,-0.029460,48.00,tb-pullback_rsi-LTCUSDT-1689364800-B,tb-pullback_rsi-LTCUSDT-1689537600-S
LINK/USDT,pullback_rsi,2023-07-17 04:00,6.720,2023-07-17 20:00,6.881,signal,67.65,0.92057805000,9.97107195000,0.021933,16.00,tb-pullback_rs-LINKUSDT-1689552000-B,tb-pullback_rs-LINKUSDT-1689609600-S
ADA/USDT,pullback_rsi,2023-07-16 08:00,0.3215,2023-07-18 08:00,0.3056,signal,981.7,0.615945570000,-16.224975570000,-0.051407,48.00,tb-pullback_rsi-ADAUSDT-1689480000-B,tb-pullback_rsi-ADAUSDT-1689652800-S
ADA/USDT,pullback_rsi,2023-07-18 16:00,0.3054,2023-07-19 00:00,0.3087,signal,1213.3,0.745484550000,3.258405450000,0.008794,8.00,tb-pullback_rsi-ADAUSDT-1689681600-B,tb-pullback_rsi-ADAUSDT-1689710400-S
ETH/USDT,pullback_rsi,2023-07-18 00:00,1915.04,2023-07-19 04:00,1908.65,signal,0.4196,1.6053778440,-4.2866218440,-0.005335,28.00,tb-pullback_rsi-ETHUSDT-1689624000-B,tb-pullback_rsi-ETHUSDT-1689724800-S
XRP/USDT,pullback_rsi,2023-07-20 20:00,0.7946,2023-07-21 20:00,0.7824,signal,318.2,0.502119240000,-4.384159240000,-0.017340,24.00,tb-pullback_rsi-XRPUSDT-1689868800-B,tb-pullback_rsi-XRPUSDT-1689955200-S
ADA/USDT,pullback_rsi,2023-07-21 04:00,0.3177,2023-07-22 16:00,0.3130,signal,1207.0,0.761667910000,-6.434567910000,-0.016780,36.00,tb-pullback_rsi-ADAUSDT-1689897600-B,tb-pullback_rsi-ADAUSDT-1690027200-S
BNB/USDT,pullback_rsi,2023-10-18 04:00,212.83,2023-10-18 08:00,212.17,signal,4.478,1.9042141500,-4.8596941500,-0.005099,4.00,tb-pullback_rsi-BNBUSDT-1697587200-B,tb-pullback_rsi-BNBUSDT-1697601600-S
LINK/USDT,pullback_rsi,2023-10-18 04:00,7.359,2023-10-18 12:00,7.425,signal,78.82,1.16586360000,4.03625640000,0.006959,8.00,tb-pullback_rs-LINKUSDT-1697587200-B,tb-pullback_rs-LINKUSDT-1697616000-S
SOL/USDT,pullback_rsi,2023-10-18 20:00,23.75,2023-10-19 08:00,23.81,signal,21.569,1.0263441400,0.2677958600,0.000523,12.00,tb-pullback_rsi-SOLUSDT-1697644800-B,tb-pullback_rsi-SOLUSDT-1697688000-S
BTC/USDT,pullback_rsi,2023-10-19 00:00,28376.64,2023-10-19 12:00,28393.79,signal,0.02972,1.6880684800,-1.1783704800,-0.001397,12.00,tb-pullback_rsi-BTCUSDT-1697659200-B,tb-pullback_rsi-BTCUSDT-1697702400-S
XRP/USDT,pullback_rsi,2023-10-22 16:00,0.5195,2023-10-22 20:00,0.5192,signal,1242.2,1.290948490000,-1.663608490000,-0.002578,4.00,tb-pullback_rsi-XRPUSDT-1697976000-B,tb-pullback_rsi-XRPUSDT-1697990400-S
XRP/USDT,pullback_rsi,2023-10-25 12:00,0.5530,2023-10-25 16:00,0.5574,signal,741.2,0.823470880000,2.437809120000,0.005948,4.00,tb-pullback_rsi-XRPUSDT-1698220800-B,tb-pullback_rsi-XRPUSDT-1698235200-S
LINK/USDT,pullback_rsi,2023-10-26 20:00,10.726,2023-10-27 00:00,10.905,signal,17.42,0.37702654000,2.74115346000,0.014671,4.00,tb-pullback_rs-LINKUSDT-1698336000-B,tb-pullback_rs-LINKUSDT-1698350400-S
XRP/USDT,pullback_rsi,2023-10-26 20:00,0.5522,2023-10-27 16:00,0.5535,signal,784.0,0.867310560000,0.151889440000,0.000351,20.00,tb-pullback_rsi-XRPUSDT-1698336000-B,tb-pullback_rsi-XRPUSDT-1698408000-S
BTC/USDT,pullback_rsi,2023-10-28 00:00,33959.80,2023-10-28 04:00,33991.87,signal,0.01784,1.2129369880,-0.6408081880,-0.001058,4.00,tb-pullback_rsi-BTCUSDT-1698436800-B,tb-pullback_rsi-BTCUSDT-1698451200-S
SOL/USDT,pullback_rsi,2023-10-29 00:00,31.69,2023-10-29 08:00,32.22,signal,10.031,0.6414298000,4.6750002000,0.014707,8.00,tb-pullback_rsi-SOLUSDT-1698523200-B,tb-pullback_rsi-SOLUSDT-1698552000-S
LINK/USDT,pullback_rsi,2023-10-29 08:00,11.038,2023-10-29 16:00,11.034,signal,22.95,0.50688354000,-0.59868354000,-0.002363,8.00,tb-pullback_rs-LINKUSDT-1698552000-B,tb-pullback_rs-LINKUSDT-1698580800-S
BNB/USDT,pullback_rsi,2023-10-31 12:00,228.56,2023-11-01 20:00,226.14,signal,3.806,1.7315024400,-10.9420224400,-0.012578,32.00,tb-pullback_rsi-BNBUSDT-1698739200-B,tb-pullback_rsi-BNBUSDT-1698854400-S
LTC/USDT,pullback_rsi,2023-11-01 20:00,68.56,2023-11-02 00:00,69.83,signal,7.250,1.0038759800,8.2036240200,0.016504,4.00,tb-pullback_rsi-LTCUSDT-1698854400-B,tb-pullback_rsi-LTCUSDT-1698868800-S
ETH/USDT,pullback_rsi,2023-11-02 20:00,1816.00,2023-11-03 16:00,1809.37,signal,0.3571,1.2953460300,-3.6629190300,-0.005648,20.00,tb-pullback_rsi-ETHUSDT-1698940800-B,tb-pullback_rsi-ETHUSDT-1699012800-S
BTC/USDT,pullback_rsi,2023-11-03 16:00,34833.24,2023-11-04 08:00,34698.45,signal,0.01948,1.3551739900,-3.9808831900,-0.005867,16.00,tb-pullback_rsi-BTCUSDT-1699012800-B,tb-pullback_rsi-BTCUSDT-1699070400-S
SOL/USDT,pullback_rsi,2023-11-05 20:00,40.84,2023-11-07 00:00,42.07,signal,6.560,0.5441754800,7.5246245200,0.028086,28.00,tb-pullback_rsi-SOLUSDT-1699200000-B,tb-pullback_rsi-SOLUSDT-1699300800-S
BTC/USDT,pullback_rsi,2023-11-07 16:00,34790.68,2023-11-07 20:00,35383.07,signal,0.02740,1.9238044724,14.3076815276,0.015009,4.00,tb-pullback_rsi-BTCUSDT-1699358400-B,tb-pullback_rsi-BTCUSDT-1699372800-S
ETH/USDT,pullback_rsi,2023-11-07 20:00,1898.01,2023-11-08 16:00,1885.34,signal,0.3729,1.4115704230,-6.1362134230,-0.008670,20.00,tb-pullback_rsi-ETHUSDT-1699372800-B,tb-pullback_rsi-ETHUSDT-1699444800-S
LTC/USDT,pullback_rsi,2023-11-10 00:00,74.00,2023-11-11 00:00,73.12,signal,5.106,0.7516387200,-5.2449187200,-0.013881,24.00,tb-pullback_rsi-LTCUSDT-1699560000-B,tb-pullback_rsi-LTCUSDT-1699646400-S
XRP/USDT,pullback_rsi,2023-11-10 00:00,0.6681,2023-11-11 12:00,0.6660,signal,428.5,0.571995900000,-1.471845900000,-0.005141,36.00,tb-pullback_rsi-XRPUSDT-1699560000-B,tb-pullback_rsi-XRPUSDT-1699689600-S
ETH/USDT,pullback_rsi,2023-11-11 08:00,2059.05,2023-11-11 16:00,2063.86,signal,0.2668,1.1006101050,0.1826978950,0.000333,8.00,tb-pullback_rsi-ETHUSDT-1699675200-B,tb-pullback_rsi-ETHUSDT-1699704000-S
BNB/USDT,pullback_rsi,2023-11-13 08:00,246.20,2023-11-13 16:00,246.60,signal,2.478,1.2218970000,-0.2306970000,-0.000378,8.00,tb-pullback_rsi-BNBUSDT-1699848000-B,tb-pullback_rsi-BNBUSDT-1699876800-S
XRP/USDT,pullback_rsi,2023-11-13 08:00,0.6576,2023-11-14 00:00,0.6687,signal,617.0,0.818787420000,6.029912580000,0.014862,16.00,tb-pullback_rsi-XRPUSDT-1699848000-B,tb-pullback_rsi-XRPUSDT-1699905600-S
SOL/USDT,pullback_rsi,2023-11-14 04:00,54.14,2023-11-14 16:00,56.10,signal,2.820,0.3110392200,5.2161607800,0.034165,12.00,tb-pullback_rsi-SOLUSDT-1699920000-B,tb-pullback_rsi-SOLUSDT-1699963200-S
LINK/USDT,pullback_rsi,2023-11-14 04:00,14.668,2023-11-15 08:00,14.569,signal,14.28,0.41779772000,-1.83151772000,-0.008744,28.00,tb-pullback_rs-LINKUSDT-1699920000-B,tb-pullback_rs-LINKUSDT-1700020800-S
BTC/USDT,pullback_rsi,2023-11-15 00:00,35622.31,2023-11-15 12:00,36168.46,signal,0.01956,1.4049399098,9.2777540902,0.013315,12.00,tb-pullback_rsi-BTCUSDT-1699992000-B,tb-pullback_rsi-BTCUSDT-1700035200-S
BTC/USDT,pullback_rsi,2023-11-17 00:00,36235.84,2023-11-18 00:00,36540.68,signal,0.01608,1.1709711540,3.7308560460,0.006403,24.00,tb-pullback_rsi-BTCUSDT-1700164800-B,tb-pullback_rsi-BTCUSDT-1700251200-S
SOL/USDT,pullback_rsi,2023-11-16 20:00,62.47,2023-11-18 00:00,58.40,signal,2.831,0.3423703800,-11.8645403800,-0.067087,28.00,tb-pullback_rsi-SOLUSDT-1700150400-B,tb-pullback_rsi-SOLUSDT-1700251200-S
BNB/USDT,pullback_rsi,2023-11-19 16:00,244.09,2023-11-19 20:00,245.30,signal,2.905,1.4224102200,2.0926397800,0.002951,4.00,tb-pullback_rsi-BNBUSDT-1700395200-B,tb-pullback_rsi-BNBUSDT-1700409600-S
XRP/USDT,pullback_rsi,2023-11-21 04:00,0.6149,2023-11-21 19:59,0.5840,stop,843.2,1.011465890000,-27.066345890000,-0.052203,16.00,tb-pullback_rsi-XRPUSDT-1700524800-B,tb-pullback_rsi-XRPUSDT-1700582400-X
ETH/USDT,pullback_rsi,2023-11-22 04:00,1982.27,2023-11-22 08:00,1989.74,signal,0.2617,1.0400697000,0.9148293000,0.001763,4.00,tb-pullback_rsi-ETHUSDT-1700611200-B,tb-pullback_rsi-ETHUSDT-1700625600-S
SOL/USDT,pullback_rsi,2023-11-21 12:00,56.40,2023-11-22 16:00,54.83,signal,4.316,0.4803506800,-7.2564706800,-0.029810,28.00,tb-pullback_rsi-SOLUSDT-1700553600-B,tb-pullback_rsi-SOLUSDT-1700654400-S
SOL/USDT,pullback_rsi,2023-11-26 20:00,57.32,2023-11-27 19:59,53.47,stop,6.672,0.7395921200,-26.4267921200,-0.069101,24.00,tb-pullback_rsi-SOLUSDT-1701014400-B,tb-pullback_rsi-SOLUSDT-1701100800-X
BTC/USDT,pullback_rsi,2023-11-27 20:00,36950.76,2023-11-28 00:00,37168.21,signal,0.02683,1.9897204836,3.8444630164,0.003878,4.00,tb-pullback_rsi-BTCUSDT-1701100800-B,tb-pullback_rsi-BTCUSDT-1701115200-S
LTC/USDT,pullback_rsi,2023-11-27 00:00,70.18,2023-11-28 00:00,69.08,signal,10.566,1.4721931400,-13.0947931400,-0.017659,24.00,tb-pullback_rsi-LTCUSDT-1701028800-B,tb-pullback_rsi-LTCUSDT-1701115200-S
ETH/USDT,pullback_rsi,2023-11-29 20:00,2042.97,2023-11-30 12:00,2041.37,signal,0.3578,1.4621940440,-2.0346740440,-0.002784,16.00,tb-pullback_rsi-ETHUSDT-1701273600-B,tb-pullback_rsi-ETHUSDT-1701331200-S
ADA/USDT,pullback_rsi,2023-11-29 20:00,0.3864,2023-12-01 04:00,0.3784,signal,1380.9,1.056653280000,-12.103853280000,-0.022684,32.00,tb-pullback_rsi-ADAUSDT-1701273600-B,tb-pullback_rsi-ADAUSDT-1701388800-S
ADA/USDT,pullback_rsi,2023-12-04 00:00,0.3956,2023-12-04 04:00,0.4021,signal,1789.2,1.427956920000,10.201843080000,0.014413,4.00,tb-pullback_rsi-ADAUSDT-1701633600-B,tb-pullback_rsi-ADAUSDT-1701648000-S
SOL/USDT,pullback_rsi,2023-12-04 20:00,61.16,2023-12-05 16:00,60.82,signal,5.875,0.7169994600,-2.7144994600,-0.007555,20.00,tb-pullback_rsi-SOLUSDT-1701705600-B,tb-pullback_rsi-SOLUSDT-1701777600-S
BTC/USDT,pullback_rsi,2023-12-07 16:00,43747.31,2023-12-08 12:00,43566.51,signal,0.01548,1.3524928750,-4.1512768750,-0.006130,20.00,tb-pullback_rsi-BTCUSDT-1701950400-B,tb-pullback_rsi-BTCUSDT-1702022400-S
LINK/USDT,pullback_rsi,2023-12-10 04:00,16.399,2023-12-11 00:00,16.335,signal,19.84,0.64977054000,-1.91953054000,-0.005900,20.00,tb-pullback_rs-LINKUSDT-1702166400-B,tb-pullback_rs-LINKUSDT-1702238400-S
BNB/USDT,pullback_rsi,2023-12-10 04:00,241.09,2023-12-11 03:59,231.28,stop,2.654,1.2543932500,-27.2901332500,-0.042651,24.00,tb-pullback_rsi-BNBUSDT-1702166400-B,tb-pullback_rsi-BNBUSDT-1702252800-X
BTC/USDT,pullback_rsi,2023-12-11 12:00,42428.70,2023-12-11 19:59,40759.14,stop,0.01557,1.2960832430,-27.2911324430,-0.041312,8.00,tb-pullback_rsi-BTCUSDT-1702281600-B,tb-pullback_rsi-BTCUSDT-1702310400-X
ADA/USDT,pullback_rsi,2023-12-12 00:00,0.5519,2023-12-12 04:00,0.5613,signal,351.6,0.391621880000,2.913418120000,0.015014,4.00,tb-pullback_rsi-ADAUSDT-1702324800-B,tb-pullback_rsi-ADAUSDT-1702339200-S
ETH/USDT,pullback_rsi,2023-12-11 12:00,2254.18,2023-12-13 03:59,2149.16,stop,0.2455,1.0816962240,-26.8641062240,-0.048544,40.00,tb-pullback_rsi-ETHUSDT-1702281600-B,tb-pullback_rsi-ETHUSDT-1702425600-X
SOL/USDT,pullback_rsi,2023-12-13 00:00,68.74,2023-12-13 16:00,67.43,signal,3.482,0.4744189000,-5.0358389000,-0.021039,16.00,tb-pullback_rsi-SOLUSDT-1702411200-B,tb-pullback_rsi-SOLUSDT-1702468800-S
BTC/USDT,pullback_rsi,2023-12-15 20:00,42180.28,2023-12-16 16:00,42518.78,signal,0.01373,1.1637617000,3.4838433000,0.006016,20.00,tb-pullback_rsi-BTCUSDT-1702656000-B,tb-pullback_rsi-BTCUSDT-1702728000-S
ETH/USDT,pullback_rsi,2023-12-15 20:00,2246.71,2023-12-16 16:00,2252.23,signal,0.2486,1.1191104990,0.2531615010,0.000453,20.00,tb-pullback_rsi-ETHUSDT-1702656000-B,tb-pullback_rsi-ETHUSDT-1702728000-S
ETH/USDT,pullback_rsi,2023-12-17 12:00,2220.42,2023-12-17 20:00,2230.04,signal,0.3068,1.3662892940,1.5851267060,0.002327,8.00,tb-pullback_rsi-ETHUSDT-1702800000-B,tb-pullback_rsi-ETHUSDT-1702828800-S
BNB/USDT,pullback_rsi,2023-12-17 12:00,241.99,2023-12-18 11:59,232.80,stop,2.821,1.3401085600,-27.2650985600,-0.039940,24.00,tb-pullback_rsi-BNBUSDT-1702800000-B,tb-pullback_rsi-BNBUSDT-1702886400-X
SOL/USDT,pullback_rsi,2023-12-18 12:00,69.16,2023-12-18 16:00,70.58,signal,3.685,0.5152185400,4.7174814600,0.018510,4.00,tb-pullback_rsi-SOLUSDT-1702886400-B,tb-pullback_rsi-SOLUSDT-1702900800-S
ADA/USDT,pullback_rsi,2023-12-18 16:00,0.5680,2023-12-18 20:00,0.5769,signal,457.3,0.523846770000,3.546123230000,0.013652,4.00,tb-pullback_rsi-ADAUSDT-1702900800-B,tb-pullback_rsi-ADAUSDT-1702915200-S
ADA/USDT,pullback_rsi,2023-12-20 04:00,0.5800,2023-12-20 08:00,0.5906,signal,503.1,0.589276860000,4.743583140000,0.016256,4.00,tb-pullback_rsi-ADAUSDT-1703030400-B,tb-pullback_rsi-ADAUSDT-1703044800-S
ETH/USDT,pullback_rsi,2023-12-20 00:00,2182.26,2023-12-20 08:00,2212.32,signal,0.2592,1.1397298100,6.6518221900,0.011760,8.00,tb-pullback_rsi-ETHUSDT-1703016000-B,tb-pullback_rsi-ETHUSDT-1703044800-S
BTC/USDT,pullback_rsi,2023-12-25 04:00,43239.09,2023-12-25 16:00,43530.77,signal,0.02089,1.8139195528,4.2792756472,0.004738,12.00,tb-pullback_rsi-BTCUSDT-1703462400-B,tb-pullback_rsi-BTCUSDT-1703505600-S
ETH/USDT,pullback_rsi,2023-12-25 04:00,2280.66,2023-12-25 16:00,2281.90,signal,0.2901,1.3242828540,-0.9645588540,-0.001458,12.00,tb-pullback_rsi-ETHUSDT-1703462400-B,tb-pullback_rsi-ETHUSDT-1703505600-S
BTC/USDT,pullback_rsi,2023-12-27 00:00,42593.95,2023-12-27 12:00,42933.07,signal,0.01921,1.6438259285,4.8706692715,0.005953,12.00,tb-pullback_rsi-BTCUSDT-1703620800-B,tb-pullback_rsi-BTCUSDT-1703664000-S
SOL/USDT,pullback_rsi,2023-12-26 12:00,115.04,2023-12-27 12:00,112.55,signal,1.666,0.3793950200,-4.5277350200,-0.023624,24.00,tb-pullback_rsi-SOLUSDT-1703577600-B,tb-pullback_rsi-SOLUSDT-1703664000-S
SOL/USDT,pullback_rsi,2023-12-28 20:00,101.31,2023-12-29 04:00,104.70,signal,1.729,0.3563939100,5.5049160900,0.031427,8.00,tb-pullback_rsi-SOLUSDT-1703779200-B,tb-pullback_rsi-SOLUSDT-1703808000-S
BTC/USDT,pullback_rsi,2023-12-28 20:00,42695.87,2023-12-29 12:00,42776.27,signal,0.01875,1.6034565399,-0.0959565399,-0.000120,16.00,tb-pullback_rsi-BTCUSDT-1703779200-B,tb-pullback_rsi-BTCUSDT-1703836800-S
BNB/USDT,pullback_rsi,2023-12-29 12:00,318.54,2023-12-30 08:00,317.66,signal,1.066,0.6788262800,-1.6169062800,-0.004762,20.00,tb-pullback_rsi-BNBUSDT-1703836800-B,tb-pullback_rsi-BNBUSDT-1703908800-S
SOL/USDT,pullback_rsi,2023-12-30 16:00,104.48,2023-12-31 08:00,103.77,signal,2.050,0.4272259400,-1.8827259400,-0.008790,16.00,tb-pullback_rsi-SOLUSDT-1703937600-B,tb-pullback_rsi-SOLUSDT-1703995200-S
LTC/USDT,pullback_rsi,2023-12-30 08:00,74.08,2023-12-31 12:00,73.76,signal,5.768,0.8531856000,-2.6989456000,-0.006316,28.00,tb-pullback_rsi-LTCUSDT-1703908800-B,tb-pullback_rsi-LTCUSDT-1704009600-S
ADA/USDT,pullback_rsi,2024-01-01 04:00,0.5967,2024-01-01 12:00,0.6018,signal,666.7,0.799457640000,2.600712360000,0.006537,8.00,tb-pullback_rsi-ADAUSDT-1704067200-B,tb-pullback_rsi-ADAUSDT-1704096000-S
BNB/USDT,pullback_rsi,2024-01-01 08:00,311.23,2024-01-01 16:00,311.87,signal,1.461,0.9109715600,0.0240684400,0.000053,8.00,tb-pullback_rsi-BNBUSDT-1704081600-B,tb-pullback_rsi-BNBUSDT-1704110400-S
ADA/USDT,pullback_rsi,2024-01-03 04:00,0.6104,2024-01-03 15:59,0.5758,stop,737.3,0.875073580000,-26.385653580000,-0.058629,12.00,tb-pullback_rsi-ADAUSDT-1704240000-B,tb-pullback_rsi-ADAUSDT-1704283200-X
LTC/USDT,pullback_rsi,2024-01-03 04:00,73.28,2024-01-03 15:59,70.32,stop,8.752,1.2574467200,-27.1633667200,-0.042354,12.00,tb-pullback_rsi-LTCUSDT-1704240000-B,tb-pullback_rsi-LTCUSDT-1704283200-X
BTC/USDT,pullback_rsi,2024-01-04 00:00,42930.93,2024-01-04 16:00,43962.99,signal,0.01114,0.9688568888,10.5282915112,0.022014,16.00,tb-pullback_rsi-BTCUSDT-1704312000-B,tb-pullback_rsi-BTCUSDT-1704369600-S
SOL/USDT,pullback_rsi,2024-01-04 00:00,98.72,2024-01-04 16:00,103.45,signal,1.919,0.3881616700,8.6887083300,0.045864,16.00,tb-pullback_rsi-SOLUSDT-1704312000-B,tb-pullback_rsi-SOLUSDT-1704369600-S
BNB/USDT,pullback_rsi,2024-01-06 12:00,307.62,2024-01-07 08:00,308.38,signal,1.294,0.7977192400,0.1857207600,0.000467,20.00,tb-pullback_rsi-BNBUSDT-1704528000-B,tb-pullback_rsi-BNBUSDT-1704600000-S
SOL/USDT,pullback_rsi,2024-01-06 00:00,100.13,2024-01-07 08:00,95.06,signal,2.167,0.4232771200,-11.4099671200,-0.052585,32.00,tb-pullback_rsi-SOLUSDT-1704484800-B,tb-pullback_rsi-SOLUSDT-1704600000-S
ETH/USDT,pullback_rsi,2024-01-09 20:00,2275.46,2024-01-10 00:00,2339.61,signal,0.2426,1.1202986240,14.4424913760,0.026163,4.00,tb-pullback_rsi-ETHUSDT-1704816000-B,tb-pullback_rsi-ETHUSDT-1704830400-S
BTC/USDT,pullback_rsi,2024-01-10 04:00,46209.34,2024-01-10 20:00,46396.21,signal,0.01036,0.9603176892,0.9756555108,0.002038,16.00,tb-pullback_rsi-BTCUSDT-1704844800-B,tb-pullback_rsi-BTCUSDT-1704902400-S
SOL/USDT,pullback_rsi,2024-01-10 20:00,96.50,2024-01-11 00:00,101.78,signal,2.269,0.4501868200,11.5301331800,0.052659,4.00,tb-pullback_rsi-SOLUSDT-1704902400-B,tb-pullback_rsi-SOLUSDT-1704916800-S
BTC/USDT,pullback_rsi,2024-01-12 08:00,46100.21,2024-01-12 19:59,43290.11,stop,0.00901,0.8058677842,-26.1248687842,-0.062896,12.00,tb-pullback_rsi-BTCUSDT-1705032000-B,tb-pullback_rsi-BTCUSDT-1705075200-X
BNB/USDT,pullback_rsi,2024-01-17 12:00,313.63,2024-01-18 08:00,310.97,signal,1.787,1.1167874600,-5.8702074600,-0.010474,20.00,tb-pullback_rsi-BNBUSDT-1705478400-B,tb-pullback_rsi-BNBUSDT-1705550400-S
ETH/USDT,pullback_rsi,2024-01-18 08:00,2544.07,2024-01-18 19:59,2450.04,stop,0.2746,1.3721458230,-27.1927838230,-0.038925,12.00,tb-pullback_rsi-ETHUSDT-1705550400-B,tb-pullback_rsi-ETHUSDT-1705593600-X
BNB/USDT,pullback_rsi,2024-01-31 08:00,307.62,2024-01-31 23:59,299.37,stop,3.192,1.9387425600,-28.2727425600,-0.028793,16.00,tb-pullback_rsi-BNBUSDT-1706673600-B,tb-pullback_rsi-BNBUSDT-1706731200-X
SOL/USDT,pullback_rsi,2024-02-03 20:00,98.36,2024-02-05 08:00,97.41,signal,3.767,0.7378590300,-4.3165090300,-0.011650,36.00,tb-pullback_rsi-SOLUSDT-1706976000-B,tb-pullback_rsi-SOLUSDT-1707105600-S
ADA/USDT,pullback_rsi,2024-02-10 16:00,0.5391,2024-02-10 20:00,0.5403,signal,1013.7,1.094780790000,0.121659210000,0.000223,4.00,tb-pullback_rsi-ADAUSDT-1707566400-B,tb-pullback_rsi-ADAUSDT-1707580800-S
BNB/USDT,pullback_rsi,2024-02-10 16:00,321.85,2024-02-11 00:00,322.35,signal,2.984,1.9232583500,-0.4312583500,-0.000449,8.00,tb-pullback_rsi-BNBUSDT-1707566400-B,tb-pullback_rsi-BNBUSDT-1707595200-S
ADA/USDT,pullback_rsi,2024-02-12 00:00,0.5426,2024-02-12 16:00,0.5548,signal,961.1,1.055253740000,10.670166260000,0.020461,16.00,tb-pullback_rsi-ADAUSDT-1707681600-B,tb-pullback_rsi-ADAUSDT-1707739200-S
ETH/USDT,pullback_rsi,2024-02-12 08:00,2506.71,2024-02-12 16:00,2552.75,signal,0.3623,1.8340450470,14.8462469530,0.016347,8.00,tb-pullback_rsi-ETHUSDT-1707710400-B,tb-pullback_rsi-ETHUSDT-1707739200-S
BTC/USDT,pullback_rsi,2024-02-13 20:00,49134.82,2024-02-14 00:00,49600.20,signal,0.01316,1.3003355576,4.8240652424,0.007460,4.00,tb-pullback_rsi-BTCUSDT-1707840000-B,tb-pullback_rsi-BTCUSDT-1707854400-S
LINK/USDT,pullback_rsi,2024-02-14 00:00,19.909,2024-02-14 04:00,20.043,signal,20.39,0.81521855000,1.91704145000,0.004722,4.00,tb-pullback_rs-LINKUSDT-1707854400-B,tb-pullback_rs-LINKUSDT-1707868800-S
SOL/USDT,pullback_rsi,2024-02-16 12:00,112.34,2024-02-17 15:59,105.41,stop,3.730,0.8126568600,-26.6615568600,-0.063627,28.00,tb-pullback_rsi-SOLUSDT-1708070400-B,tb-pullback_rsi-SOLUSDT-1708171200-X
LINK/USDT,pullback_rsi,2024-02-17 00:00,19.595,2024-02-17 16:00,19.568,signal,21.32,0.83554301000,-1.41118301000,-0.003378,16.00,tb-pullback_rs-LINKUSDT-1708113600-B,tb-pullback_rs-LINKUSDT-1708171200-S
XRP/USDT,pullback_rsi,2024-02-17 20:00,0.5503,2024-02-18 08:00,0.5537,signal,907.5,1.002430300000,2.083069700000,0.004171,12.00,tb-pullback_rsi-XRPUSDT-1708185600-B,tb-pullback_rsi-XRPUSDT-1708228800-S
BTC/USDT,pullback_rsi,2024-02-17 20:00,51497.23,2024-02-18 12:00,51728.34,signal,0.01433,1.4802523605,1.8315539395,0.002482,16.00,tb-pullback_rsi-BTCUSDT-1708185600-B,tb-pullback_rsi-BTCUSDT-1708243200-S
BNB/USDT,pullback_rsi,2024-02-19 04:00,353.01,2024-02-19 08:00,353.79,signal,1.686,1.1923708200,0.1227091800,0.000206,4.00,tb-pullback_rsi-BNBUSDT-1708300800-B,tb-pullback_rsi-BNBUSDT-1708315200-S
BTC/USDT,pullback_rsi,2024-02-20 08:00,51942.96,2024-02-20 12:00,52182.22,signal,0.01778,1.8523845580,2.4016582420,0.002600,4.00,tb-pullback_rsi-BTCUSDT-1708401600-B,tb-pullback_rsi-BTCUSDT-1708416000-S
LTC/USDT,pullback_rsi,2024-02-20 08:00,71.07,2024-02-20 15:59,68.70,stop,11.199,1.5661370700,-28.1077670700,-0.035315,8.00,tb-pullback_rsi-LTCUSDT-1708401600-B,tb-pullback_rsi-LTCUSDT-1708430400-X
LINK/USDT,pullback_rsi,2024-02-20 20:00,19.239,2024-02-21 19:59,18.043,stop,21.49,0.80176735000,-26.50380735000,-0.064105,24.00,tb-pullback_rs-LINKUSDT-1708444800-B,tb-pullback_rs-LINKUSDT-1708531200-X
LTC/USDT,pullback_rsi,2024-02-20 20:00,69.78,2024-02-22 00:00,68.77,signal,8.501,1.1784415700,-9.7644515700,-0.016461,28.00,tb-pullback_rsi-LTCUSDT-1708444800-B,tb-pullback_rsi-LTCUSDT-1708545600-S
BTC/USDT,pullback_rsi,2024-02-23 12:00,51321.38,2024-02-24 08:00,50966.56,signal,0.01507,1.5425056842,-6.8896430842,-0.008908,20.00,tb-pullback_rsi-BTCUSDT-1708675200-B,tb-pullback_rsi-BTCUSDT-1708747200-S
ETH/USDT,pullback_rsi,2024-02-23 12:00,2949.52,2024-02-24 08:00,2958.14,signal,0.1724,1.0190704920,0.4670175080,0.000918,20.00,tb-pullback_rsi-ETHUSDT-1708675200-B,tb-pullback_rsi-ETHUSDT-1708747200-S
ADA/USDT,pullback_rsi,2024-02-25 20:00,0.5889,2024-02-26 00:00,0.5901,signal,799.4,0.943022610000,0.016257390000,0.000035,4.00,tb-pullback_rsi-ADAUSDT-1708876800-B,tb-pullback_rsi-ADAUSDT-1708891200-S
LINK/USDT,pullback_rsi,2024-02-26 16:00,18.903,2024-02-26 20:00,19.164,signal,27.65,1.05311964000,6.16353036000,0.011792,4.00,tb-pullback_rs-LINKUSDT-1708948800-B,tb-pullback_rs-LINKUSDT-1708963200-S
SOL/USDT,pullback_rsi,2024-02-26 16:00,105.17,2024-02-26 20:00,109.48,signal,4.283,0.9198718000,17.5398582000,0.038939,4.00,tb-pullback_rsi-SOLUSDT-1708948800-B,tb-pullback_rsi-SOLUSDT-1708963200-S
LINK/USDT,pullback_rsi,2024-03-01 04:00,19.574,2024-03-01 12:00,19.834,signal,15.82,0.62382604000,3.48937396000,0.011268,8.00,tb-pullback_rs-LINKUSDT-1709251200-B,tb-pullback_rs-LINKUSDT-1709280000-S
BNB/USDT,pullback_rsi,2024-03-01 04:00,406.42,2024-03-02 00:00,406.58,signal,1.139,0.9268198400,-0.7445798400,-0.001608,20.00,tb-pullback_rsi-BNBUSDT-1709251200-B,tb-pullback_rsi-BNBUSDT-1709323200-S
SOL/USDT,pullback_rsi,2024-03-02 20:00,130.90,2024-03-03 20:00,129.90,signal,2.145,0.5598087000,-2.7048087000,-0.009633,24.00,tb-pullback_rsi-SOLUSDT-1709395200-B,tb-pullback_rsi-SOLUSDT-1709481600-S
ADA/USDT,pullback_rsi,2024-03-03 12:00,0.7286,2024-03-04 04:00,0.7533,signal,372.4,0.552151000000,8.646129000000,0.031866,16.00,tb-pullback_rsi-ADAUSDT-1709452800-B,tb-pullback_rsi-ADAUSDT-1709510400-S
LINK/USDT,pullback_rsi,2024-03-04 08:00,20.409,2024-03-04 16:00,20.455,signal,17.43,0.71266770000,0.08911230000,0.000251,8.00,tb-pullback_rs-LINKUSDT-1709524800-B,tb-pullback_rs-LINKUSDT-1709553600-S
LTC/USDT,pullback_rsi,2024-03-05 04:00,89.31,2024-03-05 12:00,89.43,signal,3.316,0.5930590800,-0.1951390800,-0.000659,8.00,tb-pullback_rsi-LTCUSDT-1709596800-B,tb-pullback_rsi-LTCUSDT-1709625600-S
ADA/USDT,pullback_rsi,2024-03-05 12:00,0.7694,2024-03-05 19:59,0.6981,stop,356.2,0.523031260000,-25.920091260000,-0.094578,8.00,tb-pullback_rsi-ADAUSDT-1709625600-B,tb-pullback_rsi-ADAUSDT-1709654400-X
BNB/USDT,pullback_rsi,2024-03-06 00:00,394.89,2024-03-06 08:00,409.77,signal,0.856,0.6891838500,12.0480961500,0.035643,8.00,tb-pullback_rsi-BNBUSDT-1709668800-B,tb-pullback_rsi-BNBUSDT-1709697600-S
LTC/USDT,pullback_rsi,2024-03-06 00:00,82.10,2024-03-06 08:00,85.72,signal,2.310,0.3879105000,7.9742895000,0.042047,8.00,tb-pullback_rsi-LTCUSDT-1709668800-B,tb-pullback_rsi-LTCUSDT-1709697600-S
LINK/USDT,pullback_rsi,2024-03-08 12:00,20.036,2024-03-09 04:00,20.003,signal,16.96,0.67946216000,-1.23914216000,-0.003647,16.00,tb-pullback_rs-LINKUSDT-1709884800-B,tb-pullback_rs-LINKUSDT-1709942400-S
ADA/USDT,pullback_rsi,2024-03-10 20:00,0.7213,2024-03-11 08:00,0.7325,signal,503.2,0.731984940000,4.903855060000,0.013511,12.00,tb-pullback_rsi-ADAUSDT-1710086400-B,tb-pullback_rsi-ADAUSDT-1710129600-S
XRP/USDT,pullback_rsi,2024-03-10 20:00,0.6132,2024-03-11 08:00,0.6184,signal,727.2,0.896110080000,2.885329920000,0.006471,12.00,tb-pullback_rsi-XRPUSDT-1710086400-B,tb-pullback_rsi-XRPUSDT-1710129600-S
LINK/USDT,pullback_rsi,2024-03-12 16:00,20.571,2024-03-12 20:00,20.663,signal,15.40,0.63541502000,0.78138498000,0.002467,4.00,tb-pullback_rs-LINKUSDT-1710244800-B,tb-pullback_rs-LINKUSDT-1710259200-S
ETH/USDT,pullback_rsi,2024-03-13 04:00,4051.87,2024-03-13 08:00,4030.28,signal,0.1182,0.9561205080,-3.5080585080,-0.007325,4.00,tb-pullback_rsi-ETHUSDT-1710288000-B,tb-pullback_rsi-ETHUSDT-1710302400-S
LINK/USDT,pullback_rsi,2024-03-13 20:00,20.460,2024-03-14 00:00,20.710,signal,17.38,0.71594380000,3.62905620000,0.010206,4.00,tb-pullback_rs-LINKUSDT-1710345600-B,tb-pullback_rs-LINKUSDT-1710360000-S
LTC/USDT,pullback_rsi,2024-03-13 20:00,96.71,2024-03-15 03:59,88.68,stop,3.167,0.5875169700,-26.0185269700,-0.084950,32.00,tb-pullback_rsi-LTCUSDT-1710345600-B,tb-pullback_rsi-LTCUSDT-1710460800-X
ETH/USDT,pullback_rsi,2024-03-15 00:00,3889.46,2024-03-15 03:59,3662.68,stop,0.1132,0.8556801440,-26.5271761440,-0.060250,4.00,tb-pullback_rsi-ETHUSDT-1710446400-B,tb-pullback_rsi-ETHUSDT-1710460800-X
LTC/USDT,pullback_rsi,2024-03-15 16:00,88.39,2024-03-16 00:00,89.59,signal,2.691,0.4792093500,2.7499906500,0.011562,8.00,tb-pullback_rsi-LTCUSDT-1710504000-B,tb-pullback_rsi-LTCUSDT-1710532800-S
XRP/USDT,pullback_rsi,2024-03-15 16:00,0.6285,2024-03-16 04:00,0.6399,signal,388.9,0.493532160000,3.939927840000,0.016119,12.00,tb-pullback_rsi-XRPUSDT-1710504000-B,tb-pullback_rsi-XRPUSDT-1710547200-S
ETH/USDT,pullback_rsi,2024-03-17 04:00,3578.64,2024-03-17 16:00,3621.16,signal,0.0947,0.6821789220,3.3444650780,0.009869,12.00,tb-pullback_rsi-ETHUSDT-1710633600-B,tb-pullback_rsi-ETHUSDT-1710676800-S
XRP/USDT,pullback_rsi,2024-03-17 04:00,0.6165,2024-03-17 16:00,0.6192,signal,437.9,0.541421280000,0.640908720000,0.002374,12.00,tb-pullback_rsi-XRPUSDT-1710633600-B,tb-pullback_rsi-XRPUSDT-1710676800-S
LTC/USDT,pullback_rsi,2024-03-19 00:00,86.94,2024-03-19 07:59,78.70,stop,3.066,0.5082000000,-25.7720400000,-0.096685,8.00,tb-pullback_rsi-LTCUSDT-1710792000-B,tb-pullback_rsi-LTCUSDT-1710820800-X
XRP/USDT,pullback_rsi,2024-03-19 00:00,0.6466,2024-03-19 07:59,0.5893,stop,442.3,0.546961870000,-25.890751870000,-0.090530,8.00,tb-pullback_rsi-XRPUSDT-1710792000-B,tb-pullback_rsi-XRPUSDT-1710820800-X
BTC/USDT,pullback_rsi,2024-03-19 16:00,64179.96,2024-03-20 12:00,63266.16,signal,0.00546,0.6964976112,-5.6858456112,-0.016226,20.00,tb-pullback_rsi-BTCUSDT-1710849600-B,tb-pullback_rsi-BTCUSDT-1710921600-S
SOL/USDT,pullback_rsi,2024-03-19 08:00,186.52,2024-03-20 20:00,182.18,signal,0.958,0.3534011200,-4.5111211200,-0.025246,36.00,tb-pullback_rsi-SOLUSDT-1710820800-B,tb-pullback_rsi-SOLUSDT-1710950400-S
BTC/USDT,pullback_rsi,2024-03-22 00:00,65632.29,2024-03-22 08:00,66045.65,signal,0.00527,0.6945990712,1.4838081288,0.004290,8.00,tb-pullback_rsi-BTCUSDT-1711051200-B,tb-pullback_rsi-BTCUSDT-1711080000-S
SOL/USDT,pullback_rsi,2024-03-22 00:00,179.82,2024-03-23 00:00,174.85,signal,1.016,0.3607043600,-5.4102243600,-0.029613,24.00,tb-pullback_rsi-SOLUSDT-1711051200-B,tb-pullback_rsi-SOLUSDT-1711137600-S
XRP/USDT,pullback_rsi,2024-03-22 20:00,0.6137,2024-03-23 08:00,0.6146,signal,473.7,0.582152560000,-0.155822560000,-0.000536,12.00,tb-pullback_rsi-XRPUSDT-1711123200-B,tb-pullback_rsi-XRPUSDT-1711166400-S
BTC/USDT,pullback_rsi,2024-03-23 08:00,64704.57,2024-03-23 12:00,64500.35,signal,0.00574,0.7422832875,-1.9145060875,-0.005155,4.00,tb-pullback_rsi-BTCUSDT-1711166400-B,tb-pullback_rsi-BTCUSDT-1711180800-S
SOL/USDT,pullback_rsi,2024-03-24 08:00,173.89,2024-03-24 12:00,174.49,signal,1.481,0.5162985600,0.3723014400,0.001446,4.00,tb-pullback_rsi-SOLUSDT-1711252800-B,tb-pullback_rsi-SOLUSDT-1711267200-S
LTC/USDT,pullback_rsi,2024-03-26 20:00,95.34,2024-03-27 00:00,95.56,signal,3.871,0.7393552600,0.1122647400,0.000304,4.00,tb-pullback_rsi-LTCUSDT-1711468800-B,tb-pullback_rsi-LTCUSDT-1711483200-S
BNB/USDT,pullback_rsi,2024-03-27 00:00,581.57,2024-03-28 04:00,580.63,signal,0.788,0.9163951700,-1.6571151700,-0.003616,28.00,tb-pullback_rsi-BNBUSDT-1711483200-B,tb-pullback_rsi-BNBUSDT-1711584000-S
XRP/USDT,pullback_rsi,2024-03-27 12:00,0.6234,2024-03-28 08:00,0.6209,signal,784.8,0.977025360000,-2.939025360000,-0.006007,20.00,tb-pullback_rsi-XRPUSDT-1711526400-B,tb-pullback_rsi-XRPUSDT-1711598400-S
XRP/USDT,pullback_rsi,2024-03-29 12:00,0.6307,2024-03-30 00:00,0.6287,signal,778.8,0.981325280000,-2.538925280000,-0.005169,12.00,tb-pullback_rsi-XRPUSDT-1711699200-B,tb-pullback_rsi-XRPUSDT-1711742400-S
ETH/USDT,pullback_rsi,2024-03-29 12:00,3556.96,2024-03-30 12:00,3552.87,signal,0.1539,1.0949142260,-1.7243652260,-0.003150,24.00,tb-pullback_rsi-ETHUSDT-1711699200-B,tb-pullback_rsi-ETHUSDT-1711785600-S
BNB/USDT,pullback_rsi,2024-04-01 20:00,580.46,2024-04-02 03:59,553.33,stop,0.945,1.0720120100,-26.7098620100,-0.048693,8.00,tb-pullback_rsi-BNBUSDT-1711987200-B,tb-pullback_rsi-BNBUSDT-1712016000-X
ETH/USDT,pullback_rsi,2024-04-01 20:00,3493.31,2024-04-02 03:59,3332.11,stop,0.1590,1.0859404420,-26.7167404420,-0.048100,8.00,tb-pullback_rsi-ETHUSDT-1711987200-B,tb-pullback_rsi-ETHUSDT-1712016000-X
LTC/USDT,pullback_rsi,2024-04-02 08:00,99.15,2024-04-02 12:00,102.30,signal,2.598,0.5236645500,7.6600354500,0.029737,4.00,tb-pullback_rsi-LTCUSDT-1712030400-B,tb-pullback_rsi-LTCUSDT-1712044800-S
BNB/USDT,pullback_rsi,2024-04-02 20:00,559.12,2024-04-03 04:00,559.17,signal,0.854,0.9555787800,-0.9128787800,-0.001912,8.00,tb-pullback_rsi-BNBUSDT-1712073600-B,tb-pullback_rsi-BNBUSDT-1712102400-S
BTC/USDT,pullback_rsi,2024-04-02 20:00,66046.74,2024-04-03 04:00,66093.33,signal,0.00799,1.0564596300,-0.6842055300,-0.001297,8.00,tb-pullback_rsi-BTCUSDT-1712073600-B,tb-pullback_rsi-BTCUSDT-1712102400-S
BNB/USDT,pullback_rsi,2024-04-05 12:00,578.66,2024-04-05 16:00,582.73,signal,0.800,0.9296906600,2.3263093400,0.005025,4.00,tb-pullback_rsi-BNBUSDT-1712304000-B,tb-pullback_rsi-BNBUSDT-1712318400-S
SOL/USDT,pullback_rsi,2024-04-05 16:00,176.25,2024-04-06 08:00,176.91,signal,1.580,0.5583453000,0.4844547000,0.001740,16.00,tb-pullback_rsi-SOLUSDT-1712318400-B,tb-pullback_rsi-SOLUSDT-1712376000-S
BNB/USDT,pullback_rsi,2024-04-08 00:00,584.97,2024-04-08 08:00,587.62,signal,1.202,1.4106231200,1.7746768800,0.002524,8.00,tb-pullback_rsi-BNBUSDT-1712520000-B,tb-pullback_rsi-BNBUSDT-1712548800-S
LTC/USDT,pullback_rsi,2024-04-08 00:00,101.42,2024-04-08 08:00,101.96,signal,3.569,0.7262689000,1.2009911000,0.003318,8.00,tb-pullback_rsi-LTCUSDT-1712520000-B,tb-pullback_rsi-LTCUSDT-1712548800-S
BTC/USDT,pullback_rsi,2024-04-09 12:00,70936.43,2024-04-09 19:59,68122.69,stop,0.00914,1.2717097245,-26.9892933245,-0.041627,8.00,tb-pullback_rsi-BTCUSDT-1712649600-B,tb-pullback_rsi-BTCUSDT-1712678400-X
BNB/USDT,pullback_rsi,2024-04-09 12:00,585.37,2024-04-10 08:00,586.32,signal,1.059,1.2419904500,-0.2359404500,-0.000381,20.00,tb-pullback_rsi-BNBUSDT-1712649600-B,tb-pullback_rsi-BNBUSDT-1712721600-S
BTC/USDT,pullback_rsi,2024-04-10 20:00,70224.17,2024-04-11 00:00,70489.81,signal,0.00864,1.2164710305,1.0786585695,0.001778,4.00,tb-pullback_rsi-BTCUSDT-1712764800-B,tb-pullback_rsi-BTCUSDT-1712779200-S
LTC/USDT,pullback_rsi,2024-04-09 20:00,98.63,2024-04-11 04:00,97.09,signal,3.856,0.7550908400,-6.6933308400,-0.017599,32.00,tb-pullback_rsi-LTCUSDT-1712678400-B,tb-pullback_rsi-LTCUSDT-1712793600-S
SOL/USDT,pullback_rsi,2024-05-19 20:00,169.65,2024-05-20 04:00,171.79,signal,2.430,0.8302081500,4.3699918500,0.010600,8.00,tb-pullback_rsi-SOLUSDT-1716134400-B,tb-pullback_rsi-SOLUSDT-1716163200-S
BTC/USDT,pullback_rsi,2024-05-20 00:00,66406.55,2024-05-20 08:00,66691.49,signal,0.01373,1.8287642225,2.0834619775,0.002285,8.00,tb-pullback_rsi-BTCUSDT-1716148800-B,tb-pullback_rsi-BTCUSDT-1716177600-S
LINK/USDT,pullback_rsi,2024-05-21 20:00,16.703,2024-05-22 04:00,16.849,signal,21.43,0.71952045000,2.40925955000,0.006731,8.00,tb-pullback_rs-LINKUSDT-1716307200-B,tb-pullback_rs-LINKUSDT-1716336000-S
SOL/USDT,pullback_rsi,2024-05-22 00:00,178.51,2024-05-22 08:00,179.53,signal,2.080,0.7452587300,1.3763412700,0.003707,8.00,tb-pullback_rsi-SOLUSDT-1716321600-B,tb-pullback_rsi-SOLUSDT-1716350400-S
ADA/USDT,pullback_rsi,2024-05-22 16:00,0.4849,2024-05-23 04:00,0.4858,signal,1001.6,0.972786510000,-0.071346510000,-0.000147,12.00,tb-pullback_rsi-ADAUSDT-1716379200-B,tb-pullback_rsi-ADAUSDT-1716422400-S
XRP/USDT,pullback_rsi,2024-05-22 16:00,0.5368,2024-05-23 15:59,0.5152,stop,1191.0,1.253576160000,-26.979176160000,-0.042199,24.00,tb-pullback_rsi-XRPUSDT-1716379200-B,tb-pullback_rsi-XRPUSDT-1716465600-X
XRP/USDT,pullback_rsi,2024-05-24 00:00,0.5299,2024-05-24 04:00,0.5295,signal,842.2,0.892703590000,-1.229583590000,-0.002755,4.00,tb-pullback_rsi-XRPUSDT-1716494400-B,tb-pullback_rsi-XRPUSDT-1716508800-S
BNB/USDT,pullback_rsi,2024-05-24 00:00,600.60,2024-05-24 20:00,600.79,signal,0.867,1.0422057300,-0.8774757300,-0.001685,20.00,tb-pullback_rsi-BNBUSDT-1716494400-B,tb-pullback_rsi-BNBUSDT-1716566400-S
ETH/USDT,pullback_rsi,2024-05-24 12:00,3720.05,2024-05-25 08:00,3739.10,signal,0.0804,0.6000876650,0.9315323350,0.003115,20.00,tb-pullback_rsi-ETHUSDT-1716537600-B,tb-pullback_rsi-ETHUSDT-1716609600-S
SOL/USDT,pullback_rsi,2024-05-27 00:00,163.75,2024-05-27 04:00,165.04,signal,2.546,0.8375905900,2.4467494100,0.005869,4.00,tb-pullback_rsi-SOLUSDT-1716753600-B,tb-pullback_rsi-SOLUSDT-1716768000-S
LTC/USDT,pullback_rsi,2024-05-27 04:00,84.60,2024-05-27 08:00,84.31,signal,8.749,1.4785549900,-4.0157649900,-0.005425,4.00,tb-pullback_rsi-LTCUSDT-1716768000-B,tb-pullback_rsi-LTCUSDT-1716782400-S
BNB/USDT,pullback_rsi,2024-05-29 12:00,600.20,2024-05-30 04:00,596.40,signal,1.544,1.8487508000,-7.7159508000,-0.008326,16.00,tb-pullback_rsi-BNBUSDT-1716969600-B,tb-pullback_rsi-BNBUSDT-1717027200-S
ETH/USDT,pullback_rsi,2024-05-30 00:00,3774.98,2024-05-30 04:00,3783.71,signal,0.1445,1.0929857060,0.1684992940,0.000309,4.00,tb-pullback_rsi-ETHUSDT-1717012800-B,tb-pullback_rsi-ETHUSDT-1717027200-S
BTC/USDT,pullback_rsi,2024-05-31 20:00,67816.37,2024-06-01 20:00,67618.25,signal,0.01055,1.4301915709,-3.5203575709,-0.004920,24.00,tb-pullback_rsi-BTCUSDT-1717171200-B,tb-pullback_rsi-BTCUSDT-1717257600-S
SOL/USDT,pullback_rsi,2024-06-02 12:00,166.39,2024-06-03 08:00,165.01,signal,3.694,1.2248571600,-6.3225771600,-0.010287,20.00,tb-pullback_rsi-SOLUSDT-1717315200-B,tb-pullback_rsi-SOLUSDT-1717387200-S
ETH/USDT,pullback_rsi,2024-06-04 04:00,3781.06,2024-06-04 16:00,3803.00,signal,0.2004,1.5209799420,2.8757960580,0.003795,12.00,tb-pullback_rsi-ETHUSDT-1717459200-B,tb-pullback_rsi-ETHUSDT-1717502400-S
LINK/USDT,pullback_rsi,2024-06-03 08:00,18.172,2024-06-04 16:00,17.751,signal,29.35,1.05488521000,-13.41123521000,-0.025145,32.00,tb-pullback_rs-LINKUSDT-1717387200-B,tb-pullback_rs-LINKUSDT-1717502400-S
XRP/USDT,pullback_rsi,2024-06-06 12:00,0.5273,2024-06-06 16:00,0.5253,signal,1994.9,2.100886340000,-6.090686340000,-0.005790,4.00,tb-pullback_rsi-XRPUSDT-1717660800-B,tb-pullback_rsi-XRPUSDT-1717675200-S
LINK/USDT,pullback_rsi,2024-06-06 16:00,17.498,2024-06-07 08:00,17.464,signal,35.84,1.25373800000,-2.47229800000,-0.003942,16.00,tb-pullback_rs-LINKUSDT-1717675200-B,tb-pullback_rs-LINKUSDT-1717732800-S
ETH/USDT,pullback_rsi,2024-06-07 00:00,3821.10,2024-06-07 12:00,3827.32,signal,0.2158,1.6516753700,-0.3093993700,-0.000375,12.00,tb-pullback_rsi-ETHUSDT-1717704000-B,tb-pullback_rsi-ETHUSDT-1717747200-S
LTC/USDT,pullback_rsi,2024-06-07 12:00,84.61,2024-06-07 19:59,82.35,stop,11.597,1.9372504400,-28.1464704400,-0.028685,8.00,tb-pullback_rsi-LTCUSDT-1717747200-B,tb-pullback_rsi-LTCUSDT-1717776000-X
BNB/USDT,pullback_rsi,2024-06-08 00:00,685.37,2024-06-08 08:00,693.31,signal,0.682,0.9409451300,4.4741348700,0.009572,8.00,tb-pullback_rsi-BNBUSDT-1717790400-B,tb-pullback_rsi-BNBUSDT-1717819200-S
BTC/USDT,pullback_rsi,2024-06-08 00:00,69494.32,2024-06-09 12:00,69228.94,signal,0.01122,1.5578648668,-4.5354284668,-0.005817,36.00,tb-pullback_rsi-BTCUSDT-1717790400-B,tb-pullback_rsi-BTCUSDT-1717920000-S
BNB/USDT,pullback_rsi,2024-06-09 08:00,681.26,2024-06-10 07:59,649.54,stop,0.794,1.0573364600,-26.2430164600,-0.048515,24.00,tb-pullback_rsi-BNBUSDT-1717905600-B,tb-pullback_rsi-BNBUSDT-1717992000-X
BTC/USDT,pullback_rsi,2024-06-10 12:00,69612.84,2024-06-10 16:00,69925.98,signal,0.01973,2.7544931800,3.4237590200,0.002493,4.00,tb-pullback_rsi-BTCUSDT-1718006400-B,tb-pullback_rsi-BTCUSDT-1718020800-S
ETH/USDT,pullback_rsi,2024-06-10 12:00,3683.31,2024-06-10 16:00,3695.12,signal,0.2681,1.9792620740,1.1869989260,0.001202,4.00,tb-pullback_rsi-ETHUSDT-1718006400-B,tb-pullback_rsi-ETHUSDT-1718020800-S
BNB/USDT,pullback_rsi,2024-06-11 04:00,626.86,2024-06-12 03:59,592.29,stop,0.722,0.8808531600,-25.8403931600,-0.057094,24.00,tb-pullback_rsi-BNBUSDT-1718064000-B,tb-pullback_rsi-BNBUSDT-1718150400-X
XRP/USDT,pullback_rsi,2024-07-21 16:00,0.5893,2024-07-21 20:00,0.5900,signal,570.6,0.673262160000,-0.273842160000,-0.000814,4.00,tb-pullback_rsi-XRPUSDT-1721563200-B,tb-pullback_rsi-XRPUSDT-1721577600-S
ADA/USDT,pullback_rsi,2024-07-22 00:00,0.4479,2024-07-22 23:59,0.4225,stop,982.8,0.855877020000,-25.818997020000,-0.058653,24.00,tb-pullback_rsi-ADAUSDT-1721592000-B,tb-pullback_rsi-ADAUSDT-1721678400-X
LTC/USDT,pullback_rsi,2024-07-22 20:00,72.47,2024-07-23 16:00,72.19,signal,8.025,1.1615487300,-3.4085487300,-0.005861,20.00,tb-pullback_rsi-LTCUSDT-1721664000-B,tb-pullback_rsi-LTCUSDT-1721736000-S
ADA/USDT,pullback_rsi,2024-07-23 12:00,0.4263,2024-07-23 19:59,0.4021,stop,1029.0,0.852892530000,-25.754692530000,-0.058712,8.00,tb-pullback_rsi-ADAUSDT-1721721600-B,tb-pullback_rsi-ADAUSDT-1721750400-X
BTC/USDT,pullback_rsi,2024-07-24 00:00,66067.88,2024-07-24 12:00,66235.26,signal,0.00992,1.3131078284,0.3473017716,0.000530,12.00,tb-pullback_rsi-BTCUSDT-1721764800-B,tb-pullback_rsi-BTCUSDT-1721808000-S
SOL/USDT,pullback_rsi,2024-07-24 00:00,173.38,2024-07-24 12:00,177.41,signal,2.048,0.7189380600,7.5345019400,0.021219,12.00,tb-pullback_rsi-SOLUSDT-1721764800-B,tb-pullback_rsi-SOLUSDT-1721808000-S
BTC/USDT,pullback_rsi,2024-07-25 16:00,64920.48,2024-07-26 00:00,65668.35,signal,0.00988,1.2908668472,6.0980887528,0.009507,8.00,tb-pullback_rsi-BTCUSDT-1721908800-B,tb-pullback_rsi-BTCUSDT-1721937600-S
SOL/USDT,pullback_rsi,2024-07-25 16:00,170.79,2024-07-26 00:00,171.51,signal,1.874,0.6418117800,0.7074682200,0.002210,8.00,tb-pullback_rsi-SOLUSDT-1721908800-B,tb-pullback_rsi-SOLUSDT-1721937600-S
BNB/USDT,pullback_rsi,2024-07-28 12:00,583.07,2024-07-28 20:00,582.83,signal,1.269,1.4806932400,-1.7852532400,-0.002413,8.00,tb-pullback_rsi-BNBUSDT-1722153600-B,tb-pullback_rsi-BNBUSDT-1722182400-S
BNB/USDT,pullback_rsi,2024-07-30 08:00,575.75,2024-07-31 00:00,586.92,signal,1.264,1.4707663800,12.6481136200,0.017380,16.00,tb-pullback_rsi-BNBUSDT-1722312000-B,tb-pullback_rsi-BNBUSDT-1722369600-S
BTC/USDT,pullback_rsi,2024-07-30 08:00,67085.91,2024-07-31 16:00,66247.23,signal,0.00929,1.2393357330,-9.0306729330,-0.014490,32.00,tb-pullback_rsi-BTCUSDT-1722312000-B,tb-pullback_rsi-BTCUSDT-1722427200-S
SOL/USDT,pullback_rsi,2024-08-01 12:00,170.03,2024-08-01 19:59,158.50,stop,2.227,0.7321464000,-26.4094564000,-0.069745,8.00,tb-pullback_rsi-SOLUSDT-1722499200-B,tb-pullback_rsi-SOLUSDT-1722528000-X
XRP/USDT,pullback_rsi,2024-08-01 12:00,0.6114,2024-08-01 19:59,0.5707,stop,631.5,0.746924130000,-26.448974130000,-0.068503,8.00,tb-pullback_rsi-XRPUSDT-1722499200-B,tb-pullback_rsi-XRPUSDT-1722528000-X
XRP/USDT,pullback_rsi,2024-08-02 00:00,0.5977,2024-08-02 15:59,0.5526,stop,565.2,0.650508180000,-26.141028180000,-0.077382,16.00,tb-pullback_rsi-XRPUSDT-1722542400-B,tb-pullback_rsi-XRPUSDT-1722600000-X
SOL/USDT,pullback_rsi,2024-08-02 00:00,167.71,2024-08-02 15:59,154.72,stop,1.959,0.6319757900,-26.0793857900,-0.079379,16.00,tb-pullback_rsi-SOLUSDT-1722542400-B,tb-pullback_rsi-SOLUSDT-1722600000-X
XRP/USDT,pullback_rsi,2024-08-02 20:00,0.5639,2024-08-03 08:00,0.5746,signal,527.5,0.600897090000,5.043352910000,0.016955,12.00,tb-pullback_rsi-XRPUSDT-1722614400-B,tb-pullback_rsi-XRPUSDT-1722657600-S
BNB/USDT,pullback_rsi,2024-09-25 12:00,597.90,2024-09-26 08:00,594.70,signal,1.128,1.3464486000,-4.9560486000,-0.007348,20.00,tb-pullback_rsi-BNBUSDT-1727251200-B,tb-pullback_rsi-BNBUSDT-1727323200-S
ADA/USDT,pullback_rsi,2024-09-29 12:00,0.3981,2024-09-29 16:00,0.3996,signal,1457.8,1.163484210000,1.023215790000,0.001763,4.00,tb-pullback_rsi-ADAUSDT-1727596800-B,tb-pullback_rsi-ADAUSDT-1727611200-S
ETH/USDT,pullback_rsi,2024-09-28 20:00,2683.69,2024-09-30 11:59,2591.65,stop,0.2845,1.5016393420,-27.6870193420,-0.036263,40.00,tb-pullback_rsi-ETHUSDT-1727539200-B,tb-pullback_rsi-ETHUSDT-1727683200-X
BNB/USDT,pullback_rsi,2024-09-30 08:00,583.47,2024-10-01 04:00,575.74,signal,1.174,1.3620794800,-10.4370994800,-0.015237,20.00,tb-pullback_rsi-BNBUSDT-1727668800-B,tb-pullback_rsi-BNBUSDT-1727740800-S
LINK/USDT,pullback_rsi,2024-09-30 20:00,11.984,2024-10-01 04:00,12.085,signal,40.03,0.96408127000,3.07894873000,0.006418,8.00,tb-pullback_rs-LINKUSDT-1727712000-B,tb-pullback_rs-LINKUSDT-1727740800-S
LTC/USDT,pullback_rsi,2024-10-15 16:00,66.40,2024-10-15 20:00,69.58,signal,9.790,1.3319082000,29.8002918000,0.045843,4.00,tb-pullback_rsi-LTCUSDT-1728993600-B,tb-pullback_rsi-LTCUSDT-1729008000-S
SOL/USDT,pullback_rsi,2024-10-15 16:00,153.61,2024-10-15 20:00,154.85,signal,3.016,0.9309298000,2.8089102000,0.006063,4.00,tb-pullback_rsi-SOLUSDT-1728993600-B,tb-pullback_rsi-SOLUSDT-1729008000-S
BTC/USDT,pullback_rsi,2024-10-17 16:00,67725.86,2024-10-18 08:00,67833.75,signal,0.01111,1.5074217818,-0.3087638818,-0.000410,16.00,tb-pullback_rsi-BTCUSDT-1729166400-B,tb-pullback_rsi-BTCUSDT-1729224000-S
SOL/USDT,pullback_rsi,2024-10-17 16:00,153.20,2024-10-18 08:00,153.59,signal,3.367,1.0335747300,0.2795552700,0.000542,16.00,tb-pullback_rsi-SOLUSDT-1729166400-B,tb-pullback_rsi-SOLUSDT-1729224000-S
BNB/USDT,pullback_rsi,2024-10-20 08:00,598.70,2024-10-20 16:00,598.00,signal,1.953,2.3383525000,-3.7054525000,-0.003169,8.00,tb-pullback_rsi-BNBUSDT-1729396800-B,tb-pullback_rsi-BNBUSDT-1729425600-S
BTC/USDT,pullback_rsi,2024-10-21 20:00,67899.52,2024-10-22 20:00,67348.02,signal,0.01439,1.9475700932,-9.8836550932,-0.010116,24.00,tb-pullback_rsi-BTCUSDT-1729526400-B,tb-pullback_rsi-BTCUSDT-1729612800-S
ETH/USDT,pullback_rsi,2024-10-21 20:00,2685.47,2024-10-23 11:59,2595.56,stop,0.2915,1.5402258860,-27.7489908860,-0.035448,40.00,tb-pullback_rsi-ETHUSDT-1729526400-B,tb-pullback_rsi-ETHUSDT-1729670400-X
LTC/USDT,pullback_rsi,2024-10-23 00:00,70.18,2024-10-23 20:00,69.59,signal,8.824,1.2339621000,-6.4401221000,-0.010400,20.00,tb-pullback_rsi-LTCUSDT-1729627200-B,tb-pullback_rsi-LTCUSDT-1729699200-S
BNB/USDT,pullback_rsi,2024-10-23 20:00,583.37,2024-10-24 00:00,583.73,signal,1.382,1.6140989400,-1.1165789400,-0.001385,4.00,tb-pullback_rsi-BNBUSDT-1729699200-B,tb-pullback_rsi-BNBUSDT-1729713600-S
BNB/USDT,pullback_rsi,2024-10-25 12:00,593.79,2024-10-25 23:59,576.15,stop,1.491,1.7455681200,-28.0468081200,-0.031679,12.00,tb-pullback_rsi-BNBUSDT-1729843200-B,tb-pullback_rsi-BNBUSDT-1729886400-X
SOL/USDT,pullback_rsi,2024-10-25 12:00,174.00,2024-10-25 23:59,164.57,stop,2.703,0.9156767100,-26.4049667100,-0.056142,12.00,tb-pullback_rsi-SOLUSDT-1729843200-B,tb-pullback_rsi-SOLUSDT-1729886400-X
SOL/USDT,pullback_rsi,2024-10-26 04:00,165.98,2024-10-26 12:00,168.32,signal,2.193,0.7336178400,4.3980021600,0.012083,8.00,tb-pullback_rsi-SOLUSDT-1729900800-B,tb-pullback_rsi-SOLUSDT-1729929600-S
LTC/USDT,pullback_rsi,2024-10-26 04:00,69.50,2024-10-27 04:00,68.97,signal,7.593,1.0519587100,-5.0762487100,-0.009619,24.00,tb-pullback_rsi-LTCUSDT-1729900800-B,tb-pullback_rsi-LTCUSDT-1729987200-S
BNB/USDT,pullback_rsi,2024-10-30 16:00,598.30,2024-10-31 11:59,580.28,stop,1.450,1.7101376000,-27.8391376000,-0.032090,20.00,tb-pullback_rsi-BNBUSDT-1730289600-B,tb-pullback_rsi-BNBUSDT-1730361600-X
LTC/USDT,pullback_rsi,2024-10-30 16:00,72.43,2024-10-31 19:59,69.55,stop,8.946,1.2708049500,-27.0352849500,-0.041724,28.00,tb-pullback_rsi-LTCUSDT-1730289600-B,tb-pullback_rsi-LTCUSDT-1730390400-X
LTC/USDT,pullback_rsi,2024-11-01 00:00,69.47,2024-11-01 16:00,69.93,signal,8.407,1.1725610300,2.6946589700,0.004614,16.00,tb-pullback_rsi-LTCUSDT-1730404800-B,tb-pullback_rsi-LTCUSDT-1730462400-S
BTC/USDT,pullback_rsi,2024-11-01 00:00,70432.60,2024-11-02 08:00,69674.28,signal,0.01110,1.5565950220,-9.9739470220,-0.012758,32.00,tb-pullback_rsi-BTCUSDT-1730404800-B,tb-pullback_rsi-BTCUSDT-1730520000-S
BTC/USDT,pullback_rsi,2024-11-03 20:00,68816.36,2024-11-04 00:00,68638.43,signal,0.01127,1.5504918144,-3.5557629144,-0.004585,4.00,tb-pullback_rsi-BTCUSDT-1730649600-B,tb-pullback_rsi-BTCUSDT-1730664000-S
BTC/USDT,pullback_rsi,2024-11-05 04:00,68379.50,2024-11-05 08:00,68756.21,signal,0.01036,1.4220935500,2.4806220500,0.003502,4.00,tb-pullback_rsi-BTCUSDT-1730764800-B,tb-pullback_rsi-BTCUSDT-1730779200-S
LINK/USDT,pullback_rsi,2024-11-12 20:00,14.169,2024-11-13 16:00,14.191,signal,17.38,0.49318018000,-0.11082018000,-0.000450,20.00,tb-pullback_rs-LINKUSDT-1731427200-B,tb-pullback_rs-LINKUSDT-1731499200-S
LTC/USDT,pullback_rsi,2024-11-12 20:00,76.91,2024-11-13 16:00,76.38,signal,3.064,0.4699882000,-2.0939082000,-0.008886,20.00,tb-pullback_rsi-LTCUSDT-1731427200-B,tb-pullback_rsi-LTCUSDT-1731499200-S
LINK/USDT,pullback_rsi,2024-11-14 20:00,13.317,2024-11-15 12:00,13.463,signal,16.75,0.44883134000,1.99666866000,0.008951,16.00,tb-pullback_rs-LINKUSDT-1731600000-B,tb-pullback_rs-LINKUSDT-1731657600-S
ETH/USDT,pullback_rsi,2024-11-14 20:00,3151.71,2024-11-16 00:00,3083.82,signal,0.0984,0.6138913250,-7.2942673250,-0.023520,28.00,tb-pullback_rsi-ETHUSDT-1731600000-B,tb-pullback_rsi-ETHUSDT-1731700800-S
LTC/USDT,pullback_rsi,2024-11-17 16:00,88.60,2024-11-18 04:00,94.44,signal,2.005,0.3672610000,11.3419390000,0.063847,12.00,tb-pullback_rsi-LTCUSDT-1731844800-B,tb-pullback_rsi-LTCUSDT-1731888000-S
BTC/USDT,pullback_rsi,2024-11-18 04:00,90849.92,2024-11-18 08:00,91536.46,signal,0.00634,1.1572381520,3.1954254480,0.005548,4.00,tb-pullback_rsi-BTCUSDT-1731888000-B,tb-pullback_rsi-BTCUSDT-1731902400-S
BNB/USDT,pullback_rsi,2024-11-20 08:00,614.02,2024-11-20 16:00,613.88,signal,0.853,1.0480127200,-1.1674327200,-0.002229,8.00,tb-pullback_rsi-BNBUSDT-1732075200-B,tb-pullback_rsi-BNBUSDT-1732104000-S
LTC/USDT,pullback_rsi,2024-11-19 20:00,87.53,2024-11-20 16:00,86.29,signal,2.565,0.4461108900,-3.6267108900,-0.016154,20.00,tb-pullback_rsi-LTCUSDT-1732032000-B,tb-pullback_rsi-LTCUSDT-1732104000-S
ETH/USDT,pullback_rsi,2024-11-23 00:00,3334.44,2024-11-23 04:00,3338.81,signal,0.1283,0.8568448600,-0.2961738600,-0.000692,4.00,tb-pullback_rsi-ETHUSDT-1732305600-B,tb-pullback_rsi-ETHUSDT-1732320000-S
BTC/USDT,pullback_rsi,2024-11-24 00:00,97867.75,2024-11-24 04:00,98003.69,signal,0.00796,1.5601153375,-0.4780329375,-0.000614,4.00,tb-pullback_rsi-BTCUSDT-1732392000-B,tb-pullback_rsi-BTCUSDT-1732406400-S
ADA/USDT,pullback_rsi,2024-11-24 20:00,0.9844,2024-11-25 00:00,1.0207,signal,156.1,0.313192990000,5.353237010000,0.034837,4.00,tb-pullback_rsi-ADAUSDT-1732464000-B,tb-pullback_rsi-ADAUSDT-1732478400-S
XRP/USDT,pullback_rsi,2024-11-24 20:00,1.3819,2024-11-25 00:00,1.4305,signal,109.0,0.306827980000,4.990572020000,0.033132,4.00,tb-pullback_rsi-XRPUSDT-1732464000-B,tb-pullback_rsi-XRPUSDT-1732478400-S
SOL/USDT,pullback_rsi,2024-11-26 04:00,237.92,2024-11-27 04:00,231.04,signal,1.323,0.6209099200,-9.7231499200,-0.030890,24.00,tb-pullback_rsi-SOLUSDT-1732579200-B,tb-pullback_rsi-SOLUSDT-1732665600-S
BTC/USDT,pullback_rsi,2024-11-26 04:00,94652.93,2024-11-27 08:00,93409.96,signal,0.00614,1.1556526695,-8.7874884695,-0.015120,28.00,tb-pullback_rsi-BTCUSDT-1732579200-B,tb-pullback_rsi-BTCUSDT-1732680000-S
ADA/USDT,pullback_rsi,2024-11-28 20:00,1.0043,2024-11-29 00:00,1.0300,signal,204.4,0.416112210000,4.836967790000,0.023563,4.00,tb-pullback_rsi-ADAUSDT-1732809600-B,tb-pullback_rsi-ADAUSDT-1732824000-S
LTC/USDT,pullback_rsi,2024-11-28 20:00,95.47,2024-11-29 04:00,96.27,signal,3.230,0.6197020800,1.9642979200,0.006370,8.00,tb-pullback_rsi-LTCUSDT-1732809600-B,tb-pullback_rsi-LTCUSDT-1732838400-S
ADA/USDT,pullback_rsi,2024-12-01 08:00,1.0584,2024-12-01 16:00,1.0711,signal,225.9,0.481371570000,2.387558430000,0.009986,8.00,tb-pullback_rsi-ADAUSDT-1733025600-B,tb-pullback_rsi-ADAUSDT-1733054400-S
SOL/USDT,pullback_rsi,2024-12-01 12:00,237.57,2024-12-01 16:00,238.03,signal,2.023,0.9628515100,-0.0322715100,-0.000067,4.00,tb-pullback_rsi-SOLUSDT-1733040000-B,tb-pullback_rsi-SOLUSDT-1733054400-S
BNB/USDT,pullback_rsi,2024-12-02 16:00,650.95,2024-12-03 04:00,650.62,signal,0.792,1.0314943900,-1.2928543900,-0.002508,12.00,tb-pullback_rsi-BNBUSDT-1733140800-B,tb-pullback_rsi-BNBUSDT-1733184000-S
ETH/USDT,pullback_rsi,2024-12-02 16:00,3679.48,2024-12-03 15:59,3498.69,stop,0.1396,1.0028084240,-26.2410924240,-0.051087,24.00,tb-pullback_rsi-ETHUSDT-1733140800-B,tb-pullback_rsi-ETHUSDT-1733227200-X
ETH/USDT,pullback_rsi,2024-12-03 20:00,3584.50,2024-12-04 00:00,3607.28,signal,0.1362,0.9802373400,2.1223986600,0.004347,4.00,tb-pullback_rsi-ETHUSDT-1733241600-B,tb-pullback_rsi-ETHUSDT-1733256000-S
SOL/USDT,pullback_rsi,2024-12-05 04:00,233.39,2024-12-05 08:00,233.43,signal,1.312,0.6129346200,-0.5604546200,-0.001830,4.00,tb-pullback_rsi-SOLUSDT-1733356800-B,tb-pullback_rsi-SOLUSDT-1733371200-S
BTC/USDT,pullback_rsi,2024-12-06 04:00,97930.77,2024-12-06 16:00,99111.38,signal,0.00397,0.7832366446,3.9037850554,0.010041,12.00,tb-pullback_rsi-BTCUSDT-1733443200-B,tb-pullback_rsi-BTCUSDT-1733486400-S
XRP/USDT,pullback_rsi,2024-12-05 08:00,2.3800,2024-12-06 20:00,2.3597,signal,54.0,0.256181800000,-1.352381800000,-0.010523,36.00,tb-pullback_rsi-XRPUSDT-1733371200-B,tb-pullback_rsi-XRPUSDT-1733500800-S
LTC/USDT,pullback_rsi,2024-12-08 12:00,133.03,2024-12-08 16:00,134.10,signal,1.992,0.5323890200,1.5990509800,0.006034,4.00,tb-pullback_rsi-LTCUSDT-1733644800-B,tb-pullback_rsi-LTCUSDT-1733659200-S
ETH/USDT,pullback_rsi,2024-12-08 16:00,3998.78,2024-12-09 00:00,3996.14,signal,0.1437,1.1496697620,-1.5290377620,-0.002661,8.00,tb-pullback_rsi-ETHUSDT-1733659200-B,tb-pullback_rsi-ETHUSDT-1733688000-S
ADA/USDT,pullback_rsi,2024-12-09 00:00,1.1960,2024-12-09 15:59,1.0960,stop,247.6,0.567858000000,-25.327858000000,-0.085530,16.00,tb-pullback_rsi-ADAUSDT-1733688000-B,tb-pullback_rsi-ADAUSDT-1733745600-X
ADA/USDT,pullback_rsi,2024-12-09 16:00,1.1175,2024-12-09 23:59,1.0105,stop,230.1,0.489988050000,-25.110688050000,-0.097655,8.00,tb-pullback_rsi-ADAUSDT-1733745600-B,tb-pullback_rsi-ADAUSDT-1733774400-X
LTC/USDT,pullback_rsi,2024-12-09 16:00,123.41,2024-12-09 23:59,110.62,stop,1.921,0.4498184500,-25.0194084500,-0.105536,8.00,tb-pullback_rsi-LTCUSDT-1733745600-B,tb-pullback_rsi-LTCUSDT-1733774400-X
BTC/USDT,pullback_rsi,2024-12-10 00:00,97471.04,2024-12-10 12:00,97527.08,signal,0.00536,1.0461646348,-0.7457902348,-0.001428,12.00,tb-pullback_rsi-BTCUSDT-1733774400-B,tb-pullback_rsi-BTCUSDT-1733817600-S
ADA/USDT,pullback_rsi,2024-12-10 20:00,0.9666,2024-12-11 00:00,1.0194,signal,170.4,0.338607720000,8.658512280000,0.052569,4.00,tb-pullback_rsi-ADAUSDT-1733846400-B,tb-pullback_rsi-ADAUSDT-1733860800-S
ETH/USDT,pullback_rsi,2024-12-10 08:00,3742.01,2024-12-11 12:00,3709.40,signal,0.1009,0.7525956710,-4.0429446710,-0.010708,28.00,tb-pullback_rsi-ETHUSDT-1733803200-B,tb-pullback_rsi-ETHUSDT-1733904000-S
XRP/USDT,pullback_rsi,2024-12-13 04:00,2.3558,2024-12-13 16:00,2.3942,signal,85.4,0.405885580000,2.873474420000,0.014283,12.00,tb-pullback_rsi-XRPUSDT-1734048000-B,tb-pullback_rsi-XRPUSDT-1734091200-S
SOL/USDT,pullback_rsi,2024-12-13 12:00,226.06,2024-12-14 04:00,225.77,signal,1.670,0.7550082200,-1.2393082200,-0.003283,16.00,tb-pullback_rsi-SOLUSDT-1734076800-B,tb-pullback_rsi-SOLUSDT-1734134400-S
ADA/USDT,pullback_rsi,2024-12-15 00:00,1.0631,2024-12-15 12:00,1.0761,signal,251.2,0.537685970000,2.727914030000,0.010215,12.00,tb-pullback_rsi-ADAUSDT-1734206400-B,tb-pullback_rsi-ADAUSDT-1734249600-S
LTC/USDT,pullback_rsi,2024-12-15 00:00,118.47,2024-12-15 16:00,119.82,signal,2.306,0.5498521500,2.5632478500,0.009383,16.00,tb-pullback_rsi-LTCUSDT-1734206400-B,tb-pullback_rsi-LTCUSDT-1734264000-S
LTC/USDT,pullback_rsi,2024-12-16 16:00,118.54,2024-12-16 20:00,119.84,signal,2.427,0.5789038800,2.5761961200,0.008955,4.00,tb-pullback_rsi-LTCUSDT-1734350400-B,tb-pullback_rsi-LTCUSDT-1734364800-S
XRP/USDT,pullback_rsi,2024-12-16 16:00,2.3791,2024-12-16 20:00,2.4699,signal,132.6,0.643453220000,11.396626780000,0.036126,4.00,tb-pullback_rsi-XRPUSDT-1734350400-B,tb-pullback_rsi-XRPUSDT-1734364800-S
LINK/USDT,pullback_rsi,2024-12-17 12:00,28.447,2024-12-18 12:00,27.864,signal,7.91,0.44570448000,-5.05723448000,-0.022475,24.00,tb-pullback_rs-LINKUSDT-1734422400-B,tb-pullback_rs-LINKUSDT-1734508800-S
BTC/USDT,pullback_rsi,2024-12-18 12:00,105238.39,2024-12-18 23:59,101258.20,stop,0.00636,1.3143706943,-26.6283790943,-0.039784,12.00,tb-pullback_rsi-BTCUSDT-1734508800-B,tb-pullback_rsi-BTCUSDT-1734552000-X
BTC/USDT,pullback_rsi,2024-12-19 04:00,101395.54,2024-12-19 12:00,102245.10,signal,0.00553,1.1271466916,3.5709201084,0.006368,8.00,tb-pullback_rsi-BTCUSDT-1734566400-B,tb-pullback_rsi-BTCUSDT-1734595200-S
ETH/USDT,pullback_rsi,2024-12-19 04:00,3676.24,2024-12-19 19:59,3450.05,stop,0.1093,0.7796387500,-25.5022057500,-0.063468,16.00,tb-pullback_rsi-ETHUSDT-1734566400-B,tb-pullback_rsi-ETHUSDT-1734624000-X
BTC/USDT,pullback_rsi,2024-12-20 00:00,97656.79,2024-12-20 15:59,92330.72,stop,0.00465,0.8844184914,-25.6506439914,-0.056486,16.00,tb-pullback_rsi-BTCUSDT-1734638400-B,tb-pullback_rsi-BTCUSDT-1734696000-X
LINK/USDT,pullback_rsi,2024-12-20 00:00,22.856,2024-12-20 20:00,23.253,signal,7.06,0.32575810000,2.47706190000,0.015351,20.00,tb-pullback_rs-LINKUSDT-1734638400-B,tb-pullback_rs-LINKUSDT-1734710400-S
XRP/USDT,pullback_rsi,2024-12-20 16:00,2.2192,2024-12-21 04:00,2.2950,signal,69.0,0.311701720000,4.918498280000,0.032121,12.00,tb-pullback_rsi-XRPUSDT-1734696000-B,tb-pullback_rsi-XRPUSDT-1734739200-S
BNB/USDT,pullback_rsi,2024-12-26 20:00,693.60,2024-12-27 12:00,704.61,signal,0.726,1.0157940600,6.9774659400,0.013856,16.00,tb-pullback_rsi-BNBUSDT-1735228800-B,tb-pullback_rsi-BNBUSDT-1735286400-S
LINK/USDT,pullback_rsi,2024-12-26 20:00,22.856,2024-12-27 12:00,23.393,signal,10.81,0.50040881000,5.30456119000,0.021470,16.00,tb-pullback_rs-LINKUSDT-1735228800-B,tb-pullback_rs-LINKUSDT-1735286400-S
XRP/USDT,pullback_rsi,2025-01-05 08:00,2.4054,2025-01-06 00:00,2.3945,signal,189.0,0.907662180000,-2.967762180000,-0.006528,16.00,tb-pullback_rsi-XRPUSDT-1736049600-B,tb-pullback_rsi-XRPUSDT-1736107200-S
BNB/USDT,pullback_rsi,2025-01-18 12:00,703.32,2025-01-19 00:00,708.10,signal,0.949,1.3401409000,3.1960791000,0.004788,12.00,tb-pullback_rsi-BNBUSDT-1737187200-B,tb-pullback_rsi-BNBUSDT-1737230400-S
LTC/USDT,pullback_rsi,2025-01-18 12:00,127.90,2025-01-19 11:59,114.39,stop,1.802,0.4368623800,-24.7818823800,-0.107525,24.00,tb-pullback_rsi-LTCUSDT-1737187200-B,tb-pullback_rsi-LTCUSDT-1737273600-X
LINK/USDT,pullback_rsi,2025-01-19 16:00,25.461,2025-01-19 20:00,25.987,signal,9.25,0.47614861000,4.38935139000,0.018637,4.00,tb-pullback_rs-LINKUSDT-1737288000-B,tb-pullback_rs-LINKUSDT-1737302400-S
LTC/USDT,pullback_rsi,2025-01-19 16:00,124.56,2025-01-19 23:59,110.99,stop,1.788,0.4214125200,-24.6845725200,-0.110836,8.00,tb-pullback_rsi-LTCUSDT-1737288000-B,tb-pullback_rsi-LTCUSDT-1737316800-X
ADA/USDT,pullback_rsi,2025-01-21 12:00,1.0024,2025-01-21 20:00,1.0126,signal,189.6,0.382244480000,1.551675520000,0.008164,8.00,tb-pullback_rsi-ADAUSDT-1737446400-B,tb-pullback_rsi-ADAUSDT-1737475200-S
SOL/USDT,pullback_rsi,2025-01-20 08:00,262.44,2025-01-21 20:00,252.90,signal,0.565,0.2914295400,-5.6815295400,-0.038317,36.00,tb-pullback_rsi-SOLUSDT-1737345600-B,tb-pullback_rsi-SOLUSDT-1737475200-S
BTC/USDT,pullback_rsi,2025-01-22 20:00,104839.26,2025-01-23 16:00,105052.99,signal,0.00424,0.8909915350,0.0152236650,0.000034,20.00,tb-pullback_rsi-BTCUSDT-1737561600-B,tb-pullback_rsi-BTCUSDT-1737633600-S
LTC/USDT,pullback_rsi,2025-01-22 12:00,117.43,2025-01-23 16:00,115.72,signal,1.915,0.4467171100,-3.7213671100,-0.016548,28.00,tb-pullback_rsi-LTCUSDT-1737532800-B,tb-pullback_rsi-LTCUSDT-1737633600-S
SOL/USDT,pullback_rsi,2025-01-25 12:00,250.47,2025-01-25 16:00,253.17,signal,0.948,0.4777011900,2.0818988100,0.008768,4.00,tb-pullback_rsi-SOLUSDT-1737792000-B,tb-pullback_rsi-SOLUSDT-1737806400-S
BTC/USDT,pullback_rsi,2025-01-27 16:00,101314.26,2025-01-28 00:00,101878.66,signal,0.00548,1.1145103474,1.9784016526,0.003563,8.00,tb-pullback_rsi-BTCUSDT-1737979200-B,tb-pullback_rsi-BTCUSDT-1738008000-S
XRP/USDT,pullback_rsi,2025-01-27 16:00,2.9626,2025-01-28 00:00,3.0490,signal,95.2,0.572600580000,7.652679420000,0.027133,8.00,tb-pullback_rsi-XRPUSDT-1737979200-B,tb-pullback_rsi-XRPUSDT-1738008000-S
LTC/USDT,pullback_rsi,2025-01-29 04:00,113.57,2025-01-29 08:00,114.49,signal,2.461,0.5615963700,1.7025236300,0.006091,4.00,tb-pullback_rsi-LTCUSDT-1738108800-B,tb-pullback_rsi-LTCUSDT-1738123200-S
SOL/USDT,pullback_rsi,2025-01-29 04:00,231.67,2025-01-29 08:00,233.95,signal,1.163,0.5419794000,2.1096606000,0.007830,4.00,tb-pullback_rsi-SOLUSDT-1738108800-B,tb-pullback_rsi-SOLUSDT-1738123200-S
SOL/USDT,pullback_rsi,2025-01-31 12:00,239.25,2025-01-31 16:00,239.61,signal,1.405,0.6732768000,-0.1674768000,-0.000498,4.00,tb-pullback_rsi-SOLUSDT-1738310400-B,tb-pullback_rsi-SOLUSDT-1738324800-S
BTC/USDT,pullback_rsi,2025-02-01 16:00,102278.04,2025-02-02 07:59,98839.72,stop,0.00770,1.5496295284,-28.0246935284,-0.035585,16.00,tb-pullback_rsi-BTCUSDT-1738411200-B,tb-pullback_rsi-BTCUSDT-1738468800-X
XRP/USDT,pullback_rsi,2025-02-02 08:00,2.8875,2025-02-02 19:59,2.6883,stop,128.4,0.716510220000,-26.293790220000,-0.070920,12.00,tb-pullback_rsi-XRPUSDT-1738468800-B,tb-pullback_rsi-XRPUSDT-1738512000-X
LTC/USDT,pullback_rsi,2025-02-02 08:00,115.79,2025-02-02 23:59,103.87,stop,2.125,0.4671248700,-25.7971248700,-0.104843,16.00,tb-pullback_rsi-LTCUSDT-1738468800-B,tb-pullback_rsi-LTCUSDT-1738526400-X
LTC/USDT,pullback_rsi,2025-02-12 00:00,119.50,2025-02-12 20:00,123.55,signal,2.155,0.5241312500,8.2036187500,0.031856,20.00,tb-pullback_rsi-LTCUSDT-1739304000-B,tb-pullback_rsi-LTCUSDT-1739376000-S
BNB/USDT,pullback_rsi,2025-02-14 04:00,684.56,2025-02-15 16:00,664.88,signal,0.447,0.6038842400,-9.4008442400,-0.030722,36.00,tb-pullback_rsi-BNBUSDT-1739491200-B,tb-pullback_rsi-BNBUSDT-1739620800-S
XRP/USDT,pullback_rsi,2025-04-24 12:00,2.1600,2025-04-24 16:00,2.2081,signal,216.0,0.944157600000,9.445442400000,0.020245,4.00,tb-pullback_rsi-XRPUSDT-1745481600-B,tb-pullback_rsi-XRPUSDT-1745496000-S
BNB/USDT,pullback_rsi,2025-04-24 00:00,606.94,2025-04-25 00:00,600.35,signal,1.522,1.8387092600,-11.8686892600,-0.012848,24.00,tb-pullback_rsi-BNBUSDT-1745438400-B,tb-pullback_rsi-BNBUSDT-1745524800-S
BNB/USDT,pullback_rsi,2025-04-26 04:00,603.41,2025-04-26 16:00,606.74,signal,1.511,1.8297434700,3.2018865300,0.003512,12.00,tb-pullback_rsi-BNBUSDT-1745625600-B,tb-pullback_rsi-BNBUSDT-1745668800-S
SOL/USDT,pullback_rsi,2025-04-26 16:00,149.62,2025-04-27 16:00,148.72,signal,3.082,0.9200823600,-3.6938823600,-0.008011,24.00,tb-pullback_rsi-SOLUSDT-1745668800-B,tb-pullback_rsi-SOLUSDT-1745755200-S
XRP/USDT,pullback_rsi,2025-04-27 12:00,2.1847,2025-04-27 16:00,2.2233,signal,278.5,1.228283410000,9.521816590000,0.015650,4.00,tb-pullback_rsi-XRPUSDT-1745740800-B,tb-pullback_rsi-XRPUSDT-1745755200-S
LINK/USDT,pullback_rsi,2025-04-27 20:00,14.850,2025-04-28 04:00,14.820,signal,28.14,0.83535930000,-1.67955930000,-0.004019,8.00,tb-pullback_rs-LINKUSDT-1745769600-B,tb-pullback_rs-LINKUSDT-1745798400-S
ADA/USDT,pullback_rsi,2025-04-27 20:00,0.7174,2025-04-28 08:00,0.7237,signal,560.9,0.808743430000,2.724926570000,0.006772,12.00,tb-pullback_rsi-ADAUSDT-1745769600-B,tb-pullback_rsi-ADAUSDT-1745812800-S
XRP/USDT,pullback_rsi,2025-04-30 04:00,2.2532,2025-04-30 15:59,2.1436,stop,235.3,1.035243000000,-26.824123000000,-0.050595,12.00,tb-pullback_rsi-XRPUSDT-1745971200-B,tb-pullback_rsi-XRPUSDT-1746014400-X
LINK/USDT,pullback_rsi,2025-04-30 04:00,14.760,2025-04-30 15:59,13.868,stop,28.69,0.82178012000,-26.41326012000,-0.062374,12.00,tb-pullback_rs-LINKUSDT-1745971200-B,tb-pullback_rs-LINKUSDT-1746014400-X
LINK/USDT,pullback_rsi,2025-04-30 20:00,14.239,2025-05-01 04:00,14.500,signal,26.83,0.77149454000,6.23113546000,0.016310,8.00,tb-pullback_rs-LINKUSDT-1746028800-B,tb-pullback_rs-LINKUSDT-1746057600-S
LTC/USDT,pullback_rsi,2025-04-30 20:00,83.86,2025-05-01 08:00,84.78,signal,5.516,0.9307214000,4.1439986000,0.008959,12.00,tb-pullback_rsi-LTCUSDT-1746028800-B,tb-pullback_rsi-LTCUSDT-1746072000-S
SOL/USDT,pullback_rsi,2025-05-02 12:00,151.03,2025-05-04 12:00,145.16,signal,3.426,1.0153510600,-21.1259710600,-0.040829,48.00,tb-pullback_rsi-SOLUSDT-1746172800-B,tb-pullback_rsi-SOLUSDT-1746345600-S
LINK/USDT,pullback_rsi,2025-05-03 16:00,14.449,2025-05-05 08:00,14.091,signal,33.81,0.96551536000,-13.06949536000,-0.026753,40.00,tb-pullback_rs-LINKUSDT-1746273600-B,tb-pullback_rs-LINKUSDT-1746417600-S
SOL/USDT,pullback_rsi,2025-05-04 16:00,147.13,2025-05-05 08:00,146.58,signal,4.339,1.2751433400,-3.6615933400,-0.005736,16.00,tb-pullback_rsi-SOLUSDT-1746360000-B,tb-pullback_rsi-SOLUSDT-1746417600-S
ETH/USDT,pullback_rsi,2025-05-06 20:00,1788.37,2025-05-07 00:00,1813.36,signal,0.3454,1.2447528860,7.3867931140,0.011958,4.00,tb-pullback_rsi-ETHUSDT-1746547200-B,tb-pullback_rsi-ETHUSDT-1746561600-S
ETH/USDT,pullback_rsi,2025-05-08 00:00,1814.74,2025-05-08 04:00,1897.28,signal,0.3405,1.2646687060,26.8402012940,0.043436,4.00,tb-pullback_rsi-ETHUSDT-1746648000-B,tb-pullback_rsi-ETHUSDT-1746662400-S
BTC/USDT,pullback_rsi,2025-05-13 00:00,102996.91,2025-05-13 12:00,103521.74,signal,0.00718,1.4838338729,2.2844455271,0.003089,12.00,tb-pullback_rsi-BTCUSDT-1747080000-B,tb-pullback_rsi-BTCUSDT-1747123200-S
LINK/USDT,pullback_rsi,2025-05-13 00:00,16.774,2025-05-13 16:00,16.836,signal,17.14,0.57641088000,0.48626912000,0.001691,16.00,tb-pullback_rs-LINKUSDT-1747080000-B,tb-pullback_rs-LINKUSDT-1747137600-S
LTC/USDT,pullback_rsi,2025-05-14 20:00,100.39,2025-05-15 20:00,99.39,signal,3.065,0.6127272600,-3.6777272600,-0.011952,24.00,tb-pullback_rsi-LTCUSDT-1747238400-B,tb-pullback_rsi-LTCUSDT-1747324800-S
LINK/USDT,pullback_rsi,2025-05-15 12:00,16.353,2025-05-16 08:00,16.317,signal,18.84,0.61582986000,-1.29406986000,-0.004200,20.00,tb-pullback_rs-LINKUSDT-1747296000-B,tb-pullback_rs-LINKUSDT-1747368000-S
XRP/USDT,pullback_rsi,2025-05-16 04:00,2.4175,2025-05-18 04:00,2.3538,signal,131.8,0.629340840000,-9.025000840000,-0.028325,48.00,tb-pullback_rsi-XRPUSDT-1747353600-B,tb-pullback_rsi-XRPUSDT-1747526400-S
SOL/USDT,pullback_rsi,2025-05-17 04:00,168.60,2025-05-18 08:00,170.33,signal,2.115,0.7173427500,2.9416072500,0.008249,28.00,tb-pullback_rsi-SOLUSDT-1747440000-B,tb-pullback_rsi-SOLUSDT-1747540800-S
ADA/USDT,pullback_rsi,2025-05-20 16:00,0.7336,2025-05-20 20:00,0.7378,signal,478.2,0.703990280000,1.304449720000,0.003718,4.00,tb-pullback_rsi-ADAUSDT-1747742400-B,tb-pullback_rsi-ADAUSDT-1747756800-S
LTC/USDT,pullback_rsi,2025-05-20 16:00,94.08,2025-05-21 04:00,94.55,signal,3.598,0.6790670600,1.0119929400,0.002990,12.00,tb-pullback_rsi-LTCUSDT-1747742400-B,tb-pullback_rsi-LTCUSDT-1747785600-S
BNB/USDT,pullback_rsi,2025-05-24 04:00,665.80,2025-05-24 12:00,673.34,signal,0.976,1.3076664400,6.0513735600,0.009312,8.00,tb-pullback_rsi-BNBUSDT-1748044800-B,tb-pullback_rsi-BNBUSDT-1748073600-S
BTC/USDT,pullback_rsi,2025-05-24 04:00,108583.05,2025-05-24 12:00,108990.15,signal,0.00602,1.3108764915,1.1398655085,0.001744,8.00,tb-pullback_rsi-BTCUSDT-1748044800-B,tb-pullback_rsi-BTCUSDT-1748073600-S
LINK/USDT,pullback_rsi,2025-05-25 04:00,15.501,2025-05-26 00:00,15.508,signal,22.95,0.71212158000,-0.55147158000,-0.001550,20.00,tb-pullback_rs-LINKUSDT-1748131200-B,tb-pullback_rs-LINKUSDT-1748203200-S
LTC/USDT,pullback_rsi,2025-05-25 04:00,95.98,2025-05-26 00:00,95.39,signal,4.318,0.8268155600,-3.3744355600,-0.008142,20.00,tb-pullback_rsi-LTCUSDT-1748131200-B,tb-pullback_rsi-LTCUSDT-1748203200-S
SOL/USDT,pullback_rsi,2025-05-27 00:00,175.27,2025-05-27 12:00,176.44,signal,2.621,0.9223577200,2.1442122800,0.004668,12.00,tb-pullback_rsi-SOLUSDT-1748289600-B,tb-pullback_rsi-SOLUSDT-1748332800-S
ADA/USDT,pullback_rsi,2025-05-28 12:00,0.7605,2025-05-29 04:00,0.7564,signal,646.5,0.981208200000,-3.631858200000,-0.007387,16.00,tb-pullback_rsi-ADAUSDT-1748419200-B,tb-pullback_rsi-ADAUSDT-1748476800-S
SOL/USDT,pullback_rsi,2025-05-28 12:00,174.87,2025-05-29 04:00,173.34,signal,3.006,1.0474187400,-5.6465987400,-0.010742,16.00,tb-pullback_rsi-SOLUSDT-1748419200-B,tb-pullback_rsi-SOLUSDT-1748476800-S
BNB/USDT,pullback_rsi,2025-05-30 12:00,672.53,2025-05-30 23:59,652.75,stop,1.333,1.7679433000,-28.1346833000,-0.031383,12.00,tb-pullback_rsi-BNBUSDT-1748592000-B,tb-pullback_rsi-BNBUSDT-1748635200-X
BTC/USDT,pullback_rsi,2025-05-30 04:00,106236.38,2025-05-31 16:00,104346.96,signal,0.00749,1.5783315800,-15.7300873800,-0.019769,36.00,tb-pullback_rsi-BTCUSDT-1748563200-B,tb-pullback_rsi-BTCUSDT-1748692800-S
ETH/USDT,pullback_rsi,2025-05-31 08:00,2526.16,2025-05-31 16:00,2531.21,signal,0.1713,0.8668327100,-0.0017677100,-0.000004,8.00,tb-pullback_rsi-ETHUSDT-1748664000-B,tb-pullback_rsi-ETHUSDT-1748692800-S
ETH/USDT,pullback_rsi,2025-06-01 16:00,2528.28,2025-06-01 20:00,2521.32,signal,0.2094,1.0581447260,-2.5155687260,-0.004752,4.00,tb-pullback_rsi-ETHUSDT-1748779200-B,tb-pullback_rsi-ETHUSDT-1748793600-S
BNB/USDT,pullback_rsi,2025-06-01 16:00,656.03,2025-06-02 00:00,659.44,signal,1.443,1.8995352700,3.0210947300,0.003191,8.00,tb-pullback_rsi-BNBUSDT-1748779200-B,tb-pullback_rsi-BNBUSDT-1748808000-S
ETH/USDT,pullback_rsi,2025-06-06 04:00,2460.62,2025-06-06 16:00,2504.60,signal,0.1726,0.8574890960,6.7334589040,0.015855,12.00,tb-pullback_rsi-ETHUSDT-1749168000-B,tb-pullback_rsi-ETHUSDT-1749211200-S
BTC/USDT,pullback_rsi,2025-06-12 16:00,107235.01,2025-06-13 03:59,104472.39,stop,0.00961,2.0355804662,-28.5843586662,-0.027738,12.00,tb-pullback_rsi-BTCUSDT-1749729600-B,tb-pullback_rsi-BTCUSDT-1749772800-X
BNB/USDT,pullback_rsi,2025-06-13 08:00,656.33,2025-06-14 00:00,654.03,signal,1.398,1.8331959400,-5.0485959400,-0.005502,16.00,tb-pullback_rsi-BNBUSDT-1749787200-B,tb-pullback_rsi-BNBUSDT-1749844800-S
ETH/USDT,pullback_rsi,2025-06-13 08:00,2531.52,2025-06-14 00:00,2574.03,signal,0.1385,0.7076249840,5.1800100160,0.014774,16.00,tb-pullback_rsi-ETHUSDT-1749787200-B,tb-pullback_rsi-ETHUSDT-1749844800-S
BTC/USDT,pullback_rsi,2025-06-15 00:00,105625.46,2025-06-15 04:00,105262.59,signal,0.00926,1.9538795942,-5.3140557942,-0.005433,4.00,tb-pullback_rsi-BTCUSDT-1749931200-B,tb-pullback_rsi-BTCUSDT-1749945600-S
ETH/USDT,pullback_rsi,2025-06-15 00:00,2535.84,2025-06-15 16:00,2536.72,signal,0.1749,0.8876979140,-0.7337859140,-0.001654,16.00,tb-pullback_rsi-ETHUSDT-1749931200-B,tb-pullback_rsi-ETHUSDT-1749988800-S
BTC/USDT,pullback_rsi,2025-07-02 00:00,105892.50,2025-07-02 04:00,105982.31,signal,0.01183,2.5085968550,-1.4461445550,-0.001154,4.00,tb-pullback_rsi-BTCUSDT-1751400000-B,tb-pullback_rsi-BTCUSDT-1751414400-S
ETH/USDT,pullback_rsi,2025-07-04 12:00,2554.30,2025-07-05 08:00,2516.27,signal,0.2329,1.1817020400,-10.0388890400,-0.016875,20.00,tb-pullback_rsi-ETHUSDT-1751616000-B,tb-pullback_rsi-ETHUSDT-1751688000-S
LTC/USDT,pullback_rsi,2025-07-04 12:00,88.33,2025-07-05 20:00,86.58,signal,6.248,1.0934559900,-12.0274559900,-0.021793,32.00,tb-pullback_rsi-LTCUSDT-1751616000-B,tb-pullback_rsi-LTCUSDT-1751731200-S
BTC/USDT,pullback_rsi,2025-07-08 00:00,108479.47,2025-07-08 08:00,108267.64,signal,0.01383,2.9997821195,-5.9293910195,-0.003952,8.00,tb-pullback_rsi-BTCUSDT-1751918400-B,tb-pullback_rsi-BTCUSDT-1751947200-S
ETH/USDT,pullback_rsi,2025-07-07 20:00,2549.06,2025-07-08 08:00,2548.31,signal,0.2723,1.3887785660,-1.5930035660,-0.002295,12.00,tb-pullback_rsi-ETHUSDT-1751904000-B,tb-pullback_rsi-ETHUSDT-1751947200-S
ETH/USDT,pullback_rsi,2025-07-12 20:00,2947.07,2025-07-13 04:00,2949.19,signal,0.1731,1.0212320210,-0.6542600210,-0.001283,8.00,tb-pullback_rsi-ETHUSDT-1752336000-B,tb-pullback_rsi-ETHUSDT-1752364800-S
SOL/USDT,pullback_rsi,2025-07-12 20:00,161.04,2025-07-13 08:00,162.34,signal,3.089,0.9995649800,3.0161350200,0.006063,12.00,tb-pullback_rsi-SOLUSDT-1752336000-B,tb-pullback_rsi-SOLUSDT-1752379200-S
LINK/USDT,pullback_rsi,2025-07-15 08:00,15.441,2025-07-15 16:00,15.538,signal,23.30,0.72227393000,1.53782607000,0.004274,8.00,tb-pullback_rs-LINKUSDT-1752552000-B,tb-pullback_rs-LINKUSDT-1752580800-S
SOL/USDT,pullback_rsi,2025-07-15 08:00,159.86,2025-07-16 00:00,163.65,signal,2.995,0.9693920300,10.3816579700,0.021684,16.00,tb-pullback_rsi-SOLUSDT-1752552000-B,tb-pullback_rsi-SOLUSDT-1752609600-S
BTC/USDT,pullback_rsi,2025-07-19 00:00,118160.69,2025-07-20 16:00,118433.77,signal,0.00654,1.5485093795,0.2374338205,0.000307,40.00,tb-pullback_rsi-BTCUSDT-1752868800-B,tb-pullback_rsi-BTCUSDT-1753012800-S
ETH/USDT,pullback_rsi,2025-07-22 12:00,3712.72,2025-07-23 00:00,3738.71,signal,0.1178,0.8785210000,2.1831010000,0.004992,12.00,tb-pullback_rsi-ETHUSDT-1753171200-B,tb-pullback_rsi-ETHUSDT-1753214400-S
ADA/USDT,pullback_rsi,2025-07-24 00:00,0.8177,2025-07-24 16:00,0.8218,signal,319.7,0.524475230000,0.786294770000,0.003008,16.00,tb-pullback_rsi-ADAUSDT-1753300800-B,tb-pullback_rsi-ADAUSDT-1753358400-S
LINK/USDT,pullback_rsi,2025-07-24 00:00,18.217,2025-07-24 16:00,18.433,signal,14.65,0.53728684000,2.62711316000,0.009844,16.00,tb-pullback_rs-LINKUSDT-1753300800-B,tb-pullback_rs-LINKUSDT-1753358400-S
BNB/USDT,pullback_rsi,2025-07-25 08:00,762.93,2025-07-25 12:00,770.12,signal,0.557,0.8546717800,3.1501582200,0.007413,4.00,tb-pullback_rsi-BNBUSDT-1753416000-B,tb-pullback_rsi-BNBUSDT-1753430400-S
LTC/USDT,pullback_rsi,2025-07-25 08:00,111.38,2025-07-25 12:00,115.44,signal,2.485,0.5639818400,9.5251181600,0.034414,4.00,tb-pullback_rsi-LTCUSDT-1753416000-B,tb-pullback_rsi-LTCUSDT-1753430400-S
ETH/USDT,pullback_rsi,2025-07-29 00:00,3806.60,2025-07-29 08:00,3869.60,signal,0.1407,1.0808026600,7.7832973400,0.014532,8.00,tb-pullback_rsi-ETHUSDT-1753732800-B,tb-pullback_rsi-ETHUSDT-1753761600-S
LTC/USDT,pullback_rsi,2025-07-29 04:00,109.50,2025-07-29 08:00,110.38,signal,3.747,0.8243283600,2.4730316400,0.006027,4.00,tb-pullback_rsi-LTCUSDT-1753747200-B,tb-pullback_rsi-LTCUSDT-1753761600-S
BTC/USDT,pullback_rsi,2025-07-29 20:00,117760.34,2025-07-30 04:00,117925.53,signal,0.00962,2.2684756742,-0.6793478742,-0.000600,8.00,tb-pullback_rsi-BTCUSDT-1753804800-B,tb-pullback_rsi-BTCUSDT-1753833600-S
BNB/USDT,pullback_rsi,2025-07-30 00:00,806.73,2025-07-30 19:59,766.47,stop,0.631,0.9934959300,-26.3975559300,-0.051857,20.00,tb-pullback_rsi-BNBUSDT-1753819200-B,tb-pullback_rsi-BNBUSDT-1753891200-X
SOL/USDT,pullback_rsi,2025-07-30 16:00,179.53,2025-07-31 04:00,179.94,signal,2.382,0.8567961300,0.1198238700,0.000280,12.00,tb-pullback_rsi-SOLUSDT-1753876800-B,tb-pullback_rsi-SOLUSDT-1753920000-S
