pair,strategy,entry_time,entry_price,exit_time,exit_price,exit_reason,qty,fees_quote,pnl,pnl_pct,duration_hours,entry_client_order_id,exit_client_order_id
BTC/USDT,pullback_rsi,2019-09-14 00:00,10354.48,2019-09-14 16:00,10347.42,signal,0.13580,2.8127676512,-3.7715156512,-0.002682,16.00,tb-pullback_rsi-BTCUSDT-1568404800-B,tb-pullback_rsi-BTCUSDT-1568462400-S
LTC/USDT,pullback_rsi,2019-09-21 00:00,75.14,2019-09-23 00:00,72.18,signal,9.648,1.4220947600,-29.9801747600,-0.041355,48.00,tb-pullback_rsi-LTCUSDT-1569009600-B,tb-pullback_rsi-LTCUSDT-1569182400-S
ETH/USDT,pullback_rsi,2019-10-27 00:00,179.60,2019-10-27 16:00,183.55,signal,3.5033,1.2728699600,12.5651650400,0.019970,16.00,tb-pullback_rsi-ETHUSDT-1572120000-B,tb-pullback_rsi-ETHUSDT-1572177600-S
LINK/USDT,pullback_rsi,2019-10-27 00:00,2.736,2019-10-28 04:00,2.832,signal,180.64,1.00632336000,16.33511664000,0.033052,28.00,tb-pullback_rs-LINKUSDT-1572120000-B,tb-pullback_rs-LINKUSDT-1572220800-S
BTC/USDT,pullback_rsi,2019-10-29 04:00,9295.07,2019-10-29 08:00,9432.11,signal,0.06661,1.2480681176,7.8801662824,0.012728,4.00,tb-pullback_rsi-BTCUSDT-1572307200-B,tb-pullback_rsi-BTCUSDT-1572321600-S
LINK/USDT,pullback_rsi,2019-10-29 04:00,2.687,2019-10-29 08:00,2.737,signal,207.30,1.12495947000,9.24004053000,0.016588,4.00,tb-pullback_rs-LINKUSDT-1572307200-B,tb-pullback_rs-LINKUSDT-1572321600-S
BNB/USDT,pullback_rsi,2019-10-30 20:00,19.80,2019-10-31 00:00,20.02,signal,32.388,1.2903435600,5.8350164400,0.009099,4.00,tb-pullback_rsi-BNBUSDT-1572451200-B,tb-pullback_rsi-BNBUSDT-1572465600-S
LINK/USDT,pullback_rsi,2019-10-30 16:00,2.597,2019-10-31 00:00,2.601,signal,228.35,1.18756061000,-0.27416061000,-0.000462,8.00,tb-pullback_rs-LINKUSDT-1572436800-B,tb-pullback_rs-LINKUSDT-1572465600-S
ETH/USDT,pullback_rsi,2019-10-31 16:00,181.89,2019-10-31 20:00,182.76,signal,4.4309,1.6165461860,2.2383368140,0.002777,4.00,tb-pullback_rsi-ETHUSDT-1572523200-B,tb-pullback_rsi-ETHUSDT-1572537600-S
XRP/USDT,pullback_rsi,2019-10-31 16:00,0.2936,2019-11-01 00:00,0.2942,signal,3138.5,1.845749820000,0.037350180000,0.000041,8.00,tb-pullback_rsi-XRPUSDT-1572523200-B,tb-pullback_rsi-XRPUSDT-1572552000-S
ADA/USDT,pullback_rsi,2019-10-30 20:00,0.0420,2019-11-01 04:00,0.0417,signal,15951.4,1.335804180000,-6.121224180000,-0.009137,32.00,tb-pullback_rsi-ADAUSDT-1572451200-B,tb-pullback_rsi-ADAUSDT-1572566400-S
LTC/USDT,pullback_rsi,2019-11-01 08:00,57.82,2019-11-01 12:00,58.17,signal,13.501,1.5667904700,3.1585595300,0.004046,4.00,tb-pullback_rsi-LTCUSDT-1572580800-B,tb-pullback_rsi-LTCUSDT-1572595200-S
BNB/USDT,pullback_rsi,2019-11-01 12:00,19.90,2019-11-02 00:00,19.97,signal,38.558,1.5380835600,1.1609764400,0.001513,12.00,tb-pullback_rsi-BNBUSDT-1572595200-B,tb-pullback_rsi-BNBUSDT-1572638400-S
LINK/USDT,pullback_rsi,2019-11-01 20:00,2.663,2019-11-02 00:00,2.706,signal,266.59,1.43204072000,10.03132928000,0.014130,4.00,tb-pullback_rs-LINKUSDT-1572624000-B,tb-pullback_rs-LINKUSDT-1572638400-S
XRP/USDT,pullback_rsi,2019-11-01 20:00,0.2900,2019-11-02 00:00,0.2911,signal,3704.4,2.153728840000,1.921111160000,0.001788,4.00,tb-pullback_rsi-XRPUSDT-1572624000-B,tb-pullback_rsi-XRPUSDT-1572638400-S
LTC/USDT,pullback_rsi,2019-11-03 16:00,57.92,2019-11-04 00:00,58.23,signal,19.551,2.2720070500,3.7888029500,0.003346,8.00,tb-pullback_rsi-LTCUSDT-1572782400-B,tb-pullback_rsi-LTCUSDT-1572811200-S
ADA/USDT,pullback_rsi,2019-11-03 16:00,0.0417,2019-11-04 12:00,0.0423,signal,26629.5,2.237991390000,13.739708610000,0.012373,20.00,tb-pullback_rsi-ADAUSDT-1572782400-B,tb-pullback_rsi-ADAUSDT-1572854400-S
LINK/USDT,pullback_rsi,2019-11-03 16:00,2.671,2019-11-04 12:00,2.667,signal,354.59,1.89376298000,-3.31212298000,-0.003497,20.00,tb-pullback_rs-LINKUSDT-1572782400-B,tb-pullback_rs-LINKUSDT-1572854400-S
ETH/USDT,pullback_rsi,2019-11-05 12:00,186.16,2019-11-05 16:00,190.20,signal,6.9722,2.6253603120,25.5423276880,0.019679,4.00,tb-pullback_rsi-ETHUSDT-1572940800-B,tb-pullback_rsi-ETHUSDT-1572955200-S
BNB/USDT,pullback_rsi,2019-11-07 16:00,20.24,2019-11-08 00:00,20.41,signal,60.000,2.4402346400,7.7597653600,0.006390,8.00,tb-pullback_rsi-BNBUSDT-1573128000-B,tb-pullback_rsi-BNBUSDT-1573156800-S
ADA/USDT,pullback_rsi,2019-11-07 20:00,0.0435,2019-11-08 04:00,0.0436,signal,25221.4,2.197884490000,0.324255510000,0.000296,8.00,tb-pullback_rsi-ADAUSDT-1573142400-B,tb-pullback_rsi-ADAUSDT-1573171200-S
XRP/USDT,pullback_rsi,2019-11-07 16:00,0.2895,2019-11-08 15:59,0.2718,stop,2889.3,1.622603640000,-52.763213640000,-0.063080,24.00,tb-pullback_rsi-XRPUSDT-1573128000-B,tb-pullback_rsi-XRPUSDT-1573214400-X
ADA/USDT,pullback_rsi,2019-11-08 20:00,0.0423,2019-11-09 04:00,0.0424,signal,23926.7,2.027606690000,0.365063310000,0.000361,8.00,tb-pullback_rsi-ADAUSDT-1573228800-B,tb-pullback_rsi-ADAUSDT-1573257600-S
ETH/USDT,pullback_rsi,2019-11-08 20:00,184.20,2019-11-09 04:00,184.38,signal,6.8337,2.5200361300,-1.2899701300,-0.001025,8.00,tb-pullback_rsi-ETHUSDT-1573228800-B,tb-pullback_rsi-ETHUSDT-1573257600-S
ADA/USDT,pullback_rsi,2020-02-01 00:00,0.0540,2020-02-01 04:00,0.0547,signal,10980.2,1.194141740000,6.491998260000,0.010949,4.00,tb-pullback_rsi-ADAUSDT-1580500800-B,tb-pullback_rsi-ADAUSDT-1580515200-S
BTC/USDT,pullback_rsi,2020-01-31 16:00,9348.53,2020-02-01 04:00,9422.31,signal,0.13429,2.5220448979,7.3858713021,0.005883,12.00,tb-pullback_rsi-BTCUSDT-1580472000-B,tb-pullback_rsi-BTCUSDT-1580515200-S
LINK/USDT,pullback_rsi,2020-02-01 00:00,2.829,2020-02-01 04:00,2.844,signal,299.27,1.69860741000,2.79044259000,0.003296,4.00,tb-pullback_rs-LINKUSDT-1580500800-B,tb-pullback_rs-LINKUSDT-1580515200-S
ADA/USDT,pullback_rsi,2020-02-03 04:00,0.0563,2020-02-03 20:00,0.0573,signal,11007.0,1.251020130000,9.755979870000,0.015743,16.00,tb-pullback_rsi-ADAUSDT-1580688000-B,tb-pullback_rsi-ADAUSDT-1580745600-S
XRP/USDT,pullback_rsi,2020-02-03 20:00,0.2509,2020-02-04 00:00,0.2542,signal,3669.4,1.854342270000,10.254677730000,0.011138,4.00,tb-pullback_rsi-XRPUSDT-1580745600-B,tb-pullback_rsi-XRPUSDT-1580760000-S
BTC/USDT,pullback_rsi,2020-02-04 16:00,9216.23,2020-02-05 04:00,9229.95,signal,0.15356,2.8340699956,-0.7272267956,-0.000514,12.00,tb-pullback_rsi-BTCUSDT-1580817600-B,tb-pullback_rsi-BTCUSDT-1580860800-S
LINK/USDT,pullback_rsi,2020-02-03 20:00,2.787,2020-02-05 04:00,2.749,signal,325.55,1.80316451000,-14.17406451000,-0.015622,32.00,tb-pullback_rs-LINKUSDT-1580745600-B,tb-pullback_rs-LINKUSDT-1580860800-S
LTC/USDT,pullback_rsi,2020-02-04 16:00,68.35,2020-02-05 08:00,69.22,signal,10.171,1.3999763200,7.4487936800,0.010715,16.00,tb-pullback_rsi-LTCUSDT-1580817600-B,tb-pullback_rsi-LTCUSDT-1580875200-S
ADA/USDT,pullback_rsi,2020-02-08 08:00,0.0602,2020-02-08 12:00,0.0608,signal,12732.1,1.541354660000,6.097905340000,0.007956,4.00,tb-pullback_rsi-ADAUSDT-1581134400-B,tb-pullback_rsi-ADAUSDT-1581148800-S
XRP/USDT,pullback_rsi,2020-02-08 08:00,0.2747,2020-02-08 12:00,0.2785,signal,2844.1,1.574152750000,9.233427250000,0.011818,4.00,tb-pullback_rsi-XRPUSDT-1581134400-B,tb-pullback_rsi-XRPUSDT-1581148800-S
LINK/USDT,pullback_rsi,2020-02-09 20:00,3.316,2020-02-10 00:00,3.489,signal,184.90,1.25887454000,30.72882546000,0.050118,4.00,tb-pullback_rs-LINKUSDT-1581264000-B,tb-pullback_rs-LINKUSDT-1581278400-S
ETH/USDT,pullback_rsi,2020-02-10 16:00,223.57,2020-02-11 12:00,222.37,signal,3.7965,1.6938831380,-6.2496831380,-0.007363,20.00,tb-pullback_rsi-ETHUSDT-1581336000-B,tb-pullback_rsi-ETHUSDT-1581408000-S
LTC/USDT,pullback_rsi,2020-02-10 16:00,74.43,2020-02-11 12:00,74.39,signal,9.933,1.4789733600,-1.8762933600,-0.002538,20.00,tb-pullback_rsi-LTCUSDT-1581336000-B,tb-pullback_rsi-LTCUSDT-1581408000-S
XRP/USDT,pullback_rsi,2020-02-10 16:00,0.2747,2020-02-11 12:00,0.2725,signal,2980.5,1.631753700000,-8.188853700000,-0.010002,20.00,tb-pullback_rsi-XRPUSDT-1581336000-B,tb-pullback_rsi-XRPUSDT-1581408000-S
BNB/USDT,pullback_rsi,2020-02-13 16:00,25.68,2020-02-14 04:00,25.83,signal,23.847,1.2289752900,2.3480747100,0.003834,12.00,tb-pullback_rsi-BNBUSDT-1581595200-B,tb-pullback_rsi-BNBUSDT-1581638400-S
LINK/USDT,pullback_rsi,2020-02-13 16:00,4.030,2020-02-14 12:00,4.014,signal,116.50,0.93760960000,-2.80160960000,-0.005967,20.00,tb-pullback_rs-LINKUSDT-1581595200-B,tb-pullback_rs-LINKUSDT-1581667200-S
ETH/USDT,pullback_rsi,2020-02-14 12:00,271.22,2020-02-14 16:00,272.62,signal,2.3450,1.2759557280,2.0070442720,0.003156,4.00,tb-pullback_rsi-ETHUSDT-1581667200-B,tb-pullback_rsi-ETHUSDT-1581681600-S
BTC/USDT,pullback_rsi,2020-02-13 16:00,10264.49,2020-02-14 20:00,10329.80,signal,0.11981,2.4686336257,5.3561574743,0.004355,28.00,tb-pullback_rsi-BTCUSDT-1581595200-B,tb-pullback_rsi-BTCUSDT-1581696000-S
LTC/USDT,pullback_rsi,2020-02-16 00:00,76.82,2020-02-16 04:00,79.50,signal,7.784,1.2174094400,19.6437105600,0.032851,4.00,tb-pullback_rsi-LTCUSDT-1581796800-B,tb-pullback_rsi-LTCUSDT-1581811200-S
BNB/USDT,pullback_rsi,2020-02-16 00:00,24.27,2020-02-16 19:59,22.01,stop,22.588,1.0459308500,-52.0948108500,-0.095027,20.00,tb-pullback_rsi-BNBUSDT-1581796800-B,tb-pullback_rsi-BNBUSDT-1581868800-X
BTC/USDT,pullback_rsi,2020-02-16 00:00,9914.37,2020-02-17 15:59,9487.03,stop,0.12060,2.3410977101,-53.8783017101,-0.045061,40.00,tb-pullback_rsi-BTCUSDT-1581796800-B,tb-pullback_rsi-BTCUSDT-1581940800-X
ETH/USDT,pullback_rsi,2020-02-17 00:00,259.15,2020-02-17 16:00,256.24,signal,1.8382,0.9478822850,-6.2970442850,-0.013219,16.00,tb-pullback_rsi-ETHUSDT-1581883200-B,tb-pullback_rsi-ETHUSDT-1581940800-S
LINK/USDT,pullback_rsi,2020-02-17 16:00,4.269,2020-02-17 20:00,4.326,signal,67.73,0.58243818000,3.27817182000,0.011338,4.00,tb-pullback_rs-LINKUSDT-1581940800-B,tb-pullback_rs-LINKUSDT-1581955200-S
XRP/USDT,pullback_rsi,2020-02-17 00:00,0.2928,2020-02-17 20:00,0.2838,signal,1346.6,0.776859480000,-12.896259480000,-0.032708,20.00,tb-pullback_rsi-XRPUSDT-1581883200-B,tb-pullback_rsi-XRPUSDT-1581955200-S
ADA/USDT,pullback_rsi,2020-02-20 04:00,0.0577,2020-02-21 00:00,0.0581,signal,7602.0,0.880755890000,2.160044110000,0.004924,20.00,tb-pullback_rsi-ADAUSDT-1582156800-B,tb-pullback_rsi-ADAUSDT-1582228800-S
ETH/USDT,pullback_rsi,2020-02-20 04:00,261.07,2020-02-21 04:00,261.73,signal,1.8195,0.9517306380,0.2491393620,0.000524,24.00,tb-pullback_rsi-ETHUSDT-1582156800-B,tb-pullback_rsi-ETHUSDT-1582243200-S
LTC/USDT,pullback_rsi,2020-02-20 04:00,71.12,2020-02-21 04:00,72.21,signal,5.751,0.8247175500,5.4438724500,0.013310,24.00,tb-pullback_rsi-LTCUSDT-1582156800-B,tb-pullback_rsi-LTCUSDT-1582243200-S
BTC/USDT,pullback_rsi,2020-02-22 12:00,9642.74,2020-02-22 20:00,9658.24,signal,0.13412,2.5899974224,-0.5111374224,-0.000395,8.00,tb-pullback_rsi-BTCUSDT-1582358400-B,tb-pullback_rsi-BTCUSDT-1582387200-S
ADA/USDT,pullback_rsi,2020-02-22 12:00,0.0580,2020-02-23 00:00,0.0581,signal,10352.5,1.202528450000,-0.167278450000,-0.000279,12.00,tb-pullback_rsi-ADAUSDT-1582358400-B,tb-pullback_rsi-ADAUSDT-1582401600-S
BNB/USDT,pullback_rsi,2020-02-22 12:00,21.99,2020-02-23 04:00,22.46,signal,29.323,1.3040670500,12.4777429500,0.019351,16.00,tb-pullback_rsi-BNBUSDT-1582358400-B,tb-pullback_rsi-BNBUSDT-1582416000-S
LINK/USDT,pullback_rsi,2020-02-23 04:00,4.225,2020-02-23 08:00,4.333,signal,105.21,0.90085193000,10.46182807000,0.023536,4.00,tb-pullback_rs-LINKUSDT-1582416000-B,tb-pullback_rs-LINKUSDT-1582430400-S
XRP/USDT,pullback_rsi,2020-02-25 00:00,0.2706,2020-02-25 19:59,0.2528,stop,2855.6,1.495405780000,-52.325085780000,-0.067715,20.00,tb-pullback_rsi-XRPUSDT-1582574400-B,tb-pullback_rsi-XRPUSDT-1582646400-X
BTC/USDT,pullback_rsi,2020-02-25 00:00,9665.18,2020-02-25 19:59,9280.91,stop,0.13343,2.5293299126,-53.8024760126,-0.041719,20.00,tb-pullback_rsi-BTCUSDT-1582574400-B,tb-pullback_rsi-BTCUSDT-1582646400-X
ADA/USDT,pullback_rsi,2020-02-25 00:00,0.0592,2020-02-26 03:59,0.0551,stop,12681.2,1.450213000000,-53.443133000000,-0.071189,28.00,tb-pullback_rsi-ADAUSDT-1582574400-B,tb-pullback_rsi-ADAUSDT-1582675200-X
ETH/USDT,pullback_rsi,2020-02-26 20:00,230.00,2020-02-27 16:00,230.78,signal,2.1466,0.9896163500,0.6847316500,0.001387,20.00,tb-pullback_rsi-ETHUSDT-1582732800-B,tb-pullback_rsi-ETHUSDT-1582804800-S
ADA/USDT,pullback_rsi,2020-05-01 04:00,0.0485,2020-05-01 08:00,0.0509,signal,10138.8,1.008291420000,23.324828580000,0.047434,4.00,tb-pullback_rsi-ADAUSDT-1588291200-B,tb-pullback_rsi-ADAUSDT-1588305600-S
XRP/USDT,pullback_rsi,2020-05-01 04:00,0.2136,2020-05-01 08:00,0.2194,signal,3060.0,1.325642160000,16.422357840000,0.025125,4.00,tb-pullback_rsi-XRPUSDT-1588291200-B,tb-pullback_rsi-XRPUSDT-1588305600-S
ADA/USDT,pullback_rsi,2020-05-03 20:00,0.0489,2020-05-04 16:00,0.0499,signal,13591.3,1.343490370000,12.247809630000,0.018428,20.00,tb-pullback_rsi-ADAUSDT-1588521600-B,tb-pullback_rsi-ADAUSDT-1588593600-S
BNB/USDT,pullback_rsi,2020-05-03 20:00,17.05,2020-05-04 16:00,16.96,signal,60.324,2.0526592900,-7.4818192900,-0.007274,20.00,tb-pullback_rsi-BNBUSDT-1588521600-B,tb-pullback_rsi-BNBUSDT-1588593600-S
LINK/USDT,pullback_rsi,2020-05-03 20:00,3.693,2020-05-04 16:00,3.770,signal,237.20,1.77110992000,16.49329008000,0.018828,20.00,tb-pullback_rs-LINKUSDT-1588521600-B,tb-pullback_rs-LINKUSDT-1588593600-S
ETH/USDT,pullback_rsi,2020-05-07 04:00,206.03,2020-05-07 16:00,205.82,signal,3.4793,1.4336708140,-2.1643238140,-0.003019,12.00,tb-pullback_rsi-ETHUSDT-1588809600-B,tb-pullback_rsi-ETHUSDT-1588852800-S
LINK/USDT,pullback_rsi,2020-05-07 04:00,3.624,2020-05-07 20:00,3.767,signal,230.36,1.70346052000,31.23801948000,0.037419,16.00,tb-pullback_rs-LINKUSDT-1588809600-B,tb-pullback_rs-LINKUSDT-1588867200-S
LTC/USDT,pullback_rsi,2020-05-07 04:00,45.92,2020-05-07 20:00,47.66,signal,17.554,1.6435298800,28.9004301200,0.035853,16.00,tb-pullback_rsi-LTCUSDT-1588809600-B,tb-pullback_rsi-LTCUSDT-1588867200-S
ADA/USDT,pullback_rsi,2020-05-10 08:00,0.0482,2020-05-11 12:00,0.0477,signal,10267.8,0.985178480000,-6.119078480000,-0.012364,28.00,tb-pullback_rsi-ADAUSDT-1589083200-B,tb-pullback_rsi-ADAUSDT-1589184000-S
BTC/USDT,pullback_rsi,2020-05-10 08:00,8821.09,2020-05-11 12:00,8917.24,signal,0.06531,1.1591078042,5.1204486958,0.008888,28.00,tb-pullback_rsi-BTCUSDT-1589083200-B,tb-pullback_rsi-BTCUSDT-1589184000-S
ETH/USDT,pullback_rsi,2020-05-10 08:00,190.93,2020-05-11 12:00,188.91,signal,2.9893,1.1360284990,-7.1744144990,-0.012570,28.00,tb-pullback_rsi-ETHUSDT-1589083200-B,tb-pullback_rsi-ETHUSDT-1589184000-S
LINK/USDT,pullback_rsi,2020-05-12 04:00,3.662,2020-05-12 08:00,3.677,signal,128.82,0.94588604000,0.98641396000,0.002091,4.00,tb-pullback_rs-LINKUSDT-1589241600-B,tb-pullback_rs-LINKUSDT-1589256000-S
ADA/USDT,pullback_rsi,2020-05-15 08:00,0.0509,2020-05-15 16:00,0.0512,signal,15166.9,1.549314170000,3.000755830000,0.003887,8.00,tb-pullback_rsi-ADAUSDT-1589515200-B,tb-pullback_rsi-ADAUSDT-1589544000-S
XRP/USDT,pullback_rsi,2020-05-15 08:00,0.2030,2020-05-16 08:00,0.1992,signal,4216.8,1.696869860000,-17.720709860000,-0.020702,24.00,tb-pullback_rsi-XRPUSDT-1589515200-B,tb-pullback_rsi-XRPUSDT-1589601600-S
BNB/USDT,pullback_rsi,2020-05-15 08:00,16.27,2020-05-16 12:00,16.11,signal,50.702,1.6425605300,-9.7548805300,-0.011825,28.00,tb-pullback_rsi-BNBUSDT-1589515200-B,tb-pullback_rsi-BNBUSDT-1589616000-S
LINK/USDT,pullback_rsi,2020-05-16 04:00,3.704,2020-05-16 20:00,3.762,signal,209.55,1.56527814000,10.58862186000,0.013642,16.00,tb-pullback_rs-LINKUSDT-1589587200-B,tb-pullback_rs-LINKUSDT-1589644800-S
LTC/USDT,pullback_rsi,2020-05-19 08:00,44.73,2020-05-19 12:00,45.07,signal,21.785,1.9572770600,5.4496229400,0.005593,4.00,tb-pullback_rsi-LTCUSDT-1589860800-B,tb-pullback_rsi-LTCUSDT-1589875200-S
LINK/USDT,pullback_rsi,2020-05-19 08:00,3.845,2020-05-20 00:00,3.942,signal,247.79,1.93050198000,22.10512802000,0.023201,16.00,tb-pullback_rs-LINKUSDT-1589860800-B,tb-pullback_rs-LINKUSDT-1589918400-S
BTC/USDT,pullback_rsi,2020-05-20 20:00,9541.53,2020-05-21 15:59,9002.63,stop,0.09410,1.7459596060,-52.4564496060,-0.058424,20.00,tb-pullback_rsi-BTCUSDT-1589990400-B,tb-pullback_rsi-BTCUSDT-1590062400-X
ETH/USDT,pullback_rsi,2020-05-20 20:00,209.80,2020-05-21 15:59,198.90,stop,4.6635,1.9069585100,-52.7391085100,-0.053903,20.00,tb-pullback_rsi-ETHUSDT-1589990400-B,tb-pullback_rsi-ETHUSDT-1590062400-X
ADA/USDT,pullback_rsi,2020-05-22 08:00,0.0533,2020-05-22 12:00,0.0542,signal,11919.4,1.281975100000,9.445484900000,0.014868,4.00,tb-pullback_rsi-ADAUSDT-1590120000-B,tb-pullback_rsi-ADAUSDT-1590134400-S
BNB/USDT,pullback_rsi,2020-05-22 08:00,16.32,2020-05-22 12:00,16.53,signal,55.883,1.8366704700,9.8987595300,0.010854,4.00,tb-pullback_rsi-BNBUSDT-1590120000-B,tb-pullback_rsi-BNBUSDT-1590134400-S
BTC/USDT,pullback_rsi,2020-05-22 08:00,9090.90,2020-05-22 12:00,9156.83,signal,0.09085,1.6587153650,4.3310251350,0.005244,4.00,tb-pullback_rsi-BTCUSDT-1590120000-B,tb-pullback_rsi-BTCUSDT-1590134400-S
LINK/USDT,pullback_rsi,2020-05-23 20:00,3.997,2020-05-24 08:00,3.995,signal,195.74,1.56515348000,-1.95663348000,-0.002501,12.00,tb-pullback_rs-LINKUSDT-1590249600-B,tb-pullback_rs-LINKUSDT-1590292800-S
ADA/USDT,pullback_rsi,2020-05-24 20:00,0.0543,2020-05-25 20:00,0.0539,signal,13341.6,1.444288740000,-6.780928740000,-0.009360,24.00,tb-pullback_rsi-ADAUSDT-1590336000-B,tb-pullback_rsi-ADAUSDT-1590422400-S
ETH/USDT,pullback_rsi,2020-05-25 04:00,202.53,2020-05-25 20:00,204.47,signal,4.5271,1.8434613410,6.9391126590,0.007568,16.00,tb-pullback_rsi-ETHUSDT-1590364800-B,tb-pullback_rsi-ETHUSDT-1590422400-S
ADA/USDT,pullback_rsi,2020-05-26 20:00,0.0527,2020-05-27 00:00,0.0535,signal,14535.4,1.544428900000,10.083891100000,0.013164,4.00,tb-pullback_rsi-ADAUSDT-1590508800-B,tb-pullback_rsi-ADAUSDT-1590523200-S
LINK/USDT,pullback_rsi,2020-05-26 20:00,3.805,2020-05-27 00:00,3.839,signal,248.17,1.89796273000,6.53981727000,0.006926,4.00,tb-pullback_rs-LINKUSDT-1590508800-B,tb-pullback_rs-LINKUSDT-1590523200-S
ETH/USDT,pullback_rsi,2020-05-26 20:00,199.50,2020-05-27 04:00,201.47,signal,5.2576,2.1091972200,8.2482747800,0.007864,8.00,tb-pullback_rsi-ETHUSDT-1590508800-B,tb-pullback_rsi-ETHUSDT-1590537600-S
ADA/USDT,pullback_rsi,2020-06-01 04:00,0.0810,2020-06-02 00:00,0.0808,signal,4475.7,0.724532760000,-1.619672760000,-0.004468,20.00,tb-pullback_rsi-ADAUSDT-1590969600-B,tb-pullback_rsi-ADAUSDT-1591041600-S
ADA/USDT,pullback_rsi,2020-06-02 20:00,0.0777,2020-06-03 12:00,0.0815,signal,4894.9,0.779648810000,17.820971190000,0.046856,16.00,tb-pullback_rsi-ADAUSDT-1591113600-B,tb-pullback_rsi-ADAUSDT-1591171200-S
BNB/USDT,pullback_rsi,2020-06-02 20:00,17.23,2020-06-03 12:00,17.41,signal,49.217,1.7057383800,7.1533216200,0.008435,16.00,tb-pullback_rsi-BNBUSDT-1591113600-B,tb-pullback_rsi-BNBUSDT-1591171200-S
BTC/USDT,pullback_rsi,2020-06-02 20:00,9517.20,2020-06-03 12:00,9608.30,signal,0.09462,1.8106065340,6.8092754660,0.007562,16.00,tb-pullback_rsi-BTCUSDT-1591113600-B,tb-pullback_rsi-BTCUSDT-1591171200-S
LINK/USDT,pullback_rsi,2020-06-04 16:00,4.455,2020-06-05 04:00,4.454,signal,171.93,1.53252627000,-1.70445627000,-0.002225,12.00,tb-pullback_rs-LINKUSDT-1591272000-B,tb-pullback_rs-LINKUSDT-1591315200-S
BTC/USDT,pullback_rsi,2020-06-05 16:00,9721.48,2020-06-06 12:00,9684.15,signal,0.12306,2.3893206212,-6.9831504212,-0.005837,20.00,tb-pullback_rsi-BTCUSDT-1591358400-B,tb-pullback_rsi-BTCUSDT-1591430400-S
LTC/USDT,pullback_rsi,2020-06-05 20:00,47.30,2020-06-06 12:00,47.03,signal,20.495,1.9342866500,-7.4679366500,-0.007704,16.00,tb-pullback_rsi-LTCUSDT-1591372800-B,tb-pullback_rsi-LTCUSDT-1591430400-S
ADA/USDT,pullback_rsi,2020-06-06 04:00,0.0866,2020-06-06 16:00,0.0864,signal,6285.8,1.087988980000,-2.345148980000,-0.004308,12.00,tb-pullback_rsi-ADAUSDT-1591401600-B,tb-pullback_rsi-ADAUSDT-1591444800-S
LTC/USDT,pullback_rsi,2020-06-09 00:00,46.50,2020-06-10 16:00,46.14,signal,28.879,2.6766990600,-13.0731390600,-0.009735,40.00,tb-pullback_rsi-LTCUSDT-1591646400-B,tb-pullback_rsi-LTCUSDT-1591790400-S
ADA/USDT,pullback_rsi,2020-06-10 12:00,0.0816,2020-06-11 00:00,0.0835,signal,10115.6,1.670917880000,17.548722120000,0.021260,12.00,tb-pullback_rsi-ADAUSDT-1591776000-B,tb-pullback_rsi-ADAUSDT-1591819200-S
LINK/USDT,pullback_rsi,2020-06-10 00:00,4.442,2020-06-11 00:00,4.416,signal,297.16,2.63357588000,-10.35973588000,-0.007848,24.00,tb-pullback_rs-LINKUSDT-1591732800-B,tb-pullback_rs-LINKUSDT-1591819200-S
ADA/USDT,pullback_rsi,2020-06-12 04:00,0.0769,2020-06-12 08:00,0.0797,signal,8265.3,1.294984250000,21.847855750000,0.034374,4.00,tb-pullback_rsi-ADAUSDT-1591920000-B,tb-pullback_rsi-ADAUSDT-1591934400-S
BTC/USDT,pullback_rsi,2020-06-12 04:00,9373.52,2020-06-12 08:00,9430.04,signal,0.12871,2.4214247668,4.8532644332,0.004023,4.00,tb-pullback_rsi-BTCUSDT-1591920000-B,tb-pullback_rsi-BTCUSDT-1591934400-S
ETH/USDT,pullback_rsi,2020-06-12 04:00,233.81,2020-06-12 12:00,237.13,signal,4.3162,2.0336999960,12.2960840040,0.012184,8.00,tb-pullback_rsi-ETHUSDT-1591920000-B,tb-pullback_rsi-ETHUSDT-1591948800-S
ADA/USDT,pullback_rsi,2020-06-15 16:00,0.0738,2020-06-15 20:00,0.0773,signal,8358.1,1.263528830000,27.989821170000,0.045377,4.00,tb-pullback_rsi-ADAUSDT-1592222400-B,tb-pullback_rsi-ADAUSDT-1592236800-S
ETH/USDT,pullback_rsi,2020-06-15 16:00,226.66,2020-06-15 20:00,232.09,signal,4.6838,2.1497585500,23.2832754500,0.021932,4.00,tb-pullback_rsi-ETHUSDT-1592222400-B,tb-pullback_rsi-ETHUSDT-1592236800-S
ADA/USDT,pullback_rsi,2020-06-22 04:00,0.0802,2020-06-22 08:00,0.0802,signal,12038.6,1.931961860000,-1.931961860000,-0.002001,4.00,tb-pullback_rsi-ADAUSDT-1592784000-B,tb-pullback_rsi-ADAUSDT-1592798400-S
BTC/USDT,pullback_rsi,2020-06-22 04:00,9395.08,2020-06-22 08:00,9409.59,signal,0.20409,3.8398180640,-0.8784721640,-0.000458,4.00,tb-pullback_rsi-BTCUSDT-1592784000-B,tb-pullback_rsi-BTCUSDT-1592798400-S
ETH/USDT,pullback_rsi,2020-06-22 04:00,234.58,2020-06-22 08:00,234.65,signal,6.6131,3.1046366040,-2.6417196040,-0.001703,4.00,tb-pullback_rsi-ETHUSDT-1592784000-B,tb-pullback_rsi-ETHUSDT-1592798400-S
ETH/USDT,pullback_rsi,2020-06-24 20:00,234.05,2020-06-25 12:00,234.15,signal,4.9377,2.3130013950,-1.8192313950,-0.001574,16.00,tb-pullback_rsi-ETHUSDT-1593014400-B,tb-pullback_rsi-ETHUSDT-1593072000-S
LINK/USDT,pullback_rsi,2020-06-24 20:00,4.670,2020-06-25 12:00,4.772,signal,153.44,1.44952768000,14.20135232000,0.019819,16.00,tb-pullback_rs-LINKUSDT-1593014400-B,tb-pullback_rs-LINKUSDT-1593072000-S
ADA/USDT,pullback_rsi,2020-06-26 12:00,0.0814,2020-06-27 08:00,0.0807,signal,10649.7,1.727187350000,-9.181977350000,-0.010592,20.00,tb-pullback_rsi-ADAUSDT-1593158400-B,tb-pullback_rsi-ADAUSDT-1593230400-S
ETH/USDT,pullback_rsi,2020-06-26 12:00,231.12,2020-06-27 08:00,230.28,signal,5.1667,2.3851172080,-6.7251452080,-0.005632,20.00,tb-pullback_rsi-ETHUSDT-1593158400-B,tb-pullback_rsi-ETHUSDT-1593230400-S
ADA/USDT,pullback_rsi,2020-07-22 12:00,0.1224,2020-07-23 00:00,0.1237,signal,7581.2,1.866663560000,7.988896440000,0.008609,12.00,tb-pullback_rsi-ADAUSDT-1595404800-B,tb-pullback_rsi-ADAUSDT-1595448000-S
LINK/USDT,pullback_rsi,2020-07-25 04:00,7.678,2020-07-25 20:00,7.668,signal,77.39,1.18824118000,-1.96214118000,-0.003302,16.00,tb-pullback_rs-LINKUSDT-1595635200-B,tb-pullback_rs-LINKUSDT-1595692800-S
BNB/USDT,pullback_rsi,2020-07-27 00:00,19.58,2020-07-27 15:59,18.55,stop,49.514,1.8889478200,-52.8883678200,-0.054553,16.00,tb-pullback_rsi-BNBUSDT-1595793600-B,tb-pullback_rsi-BNBUSDT-1595851200-X
BNB/USDT,pullback_rsi,2020-07-27 20:00,19.60,2020-07-28 00:00,19.72,signal,39.358,1.5483405600,3.1746194400,0.004115,4.00,tb-pullback_rsi-BNBUSDT-1595865600-B,tb-pullback_rsi-BNBUSDT-1595880000-S
LINK/USDT,pullback_rsi,2020-07-27 20:00,7.135,2020-07-28 08:00,7.317,signal,65.14,0.94190273000,10.91357727000,0.023481,12.00,tb-pullback_rs-LINKUSDT-1595865600-B,tb-pullback_rs-LINKUSDT-1595908800-S
ADA/USDT,pullback_rsi,2020-07-27 20:00,0.1428,2020-07-28 20:00,0.1457,signal,2981.8,0.860677700000,7.786542300000,0.018287,24.00,tb-pullback_rsi-ADAUSDT-1595865600-B,tb-pullback_rsi-ADAUSDT-1595952000-S
BNB/USDT,pullback_rsi,2020-07-29 20:00,20.06,2020-07-30 20:00,19.96,signal,41.816,1.6743188400,-5.8559188400,-0.006981,24.00,tb-pullback_rsi-BNBUSDT-1596038400-B,tb-pullback_rsi-BNBUSDT-1596124800-S
ETH/USDT,pullback_rsi,2020-07-30 08:00,319.34,2020-07-30 20:00,332.94,signal,2.4508,1.5994061720,31.7314738280,0.040544,12.00,tb-pullback_rsi-ETHUSDT-1596081600-B,tb-pullback_rsi-ETHUSDT-1596124800-S
LTC/USDT,pullback_rsi,2020-07-30 16:00,57.62,2020-07-30 20:00,56.98,signal,11.289,1.2944108400,-8.5193708400,-0.013097,4.00,tb-pullback_rsi-LTCUSDT-1596110400-B,tb-pullback_rsi-LTCUSDT-1596124800-S
BTC/USDT,pullback_rsi,2020-08-02 20:00,11214.01,2020-08-03 12:00,11219.91,signal,0.06378,1.4316203985,-1.0553183985,-0.001475,16.00,tb-pullback_rsi-BTCUSDT-1596384000-B,tb-pullback_rsi-BTCUSDT-1596441600-S
LTC/USDT,pullback_rsi,2020-08-04 16:00,57.90,2020-08-05 08:00,57.82,signal,9.658,1.1182027600,-1.8908427600,-0.003381,16.00,tb-pullback_rsi-LTCUSDT-1596542400-B,tb-pullback_rsi-LTCUSDT-1596600000-S
XRP/USDT,pullback_rsi,2020-08-04 16:00,0.3033,2020-08-05 12:00,0.3051,signal,1310.8,0.797915340000,1.561524660000,0.003928,20.00,tb-pullback_rsi-XRPUSDT-1596542400-B,tb-pullback_rsi-XRPUSDT-1596614400-S
BNB/USDT,pullback_rsi,2020-08-07 04:00,22.79,2020-08-07 19:59,21.49,stop,39.244,1.7386359200,-52.7558359200,-0.058987,16.00,tb-pullback_rsi-BNBUSDT-1596758400-B,tb-pullback_rsi-BNBUSDT-1596816000-X
ADA/USDT,pullback_rsi,2020-08-08 00:00,0.1391,2020-08-08 08:00,0.1418,signal,5541.6,1.557414400000,13.404905600000,0.017390,8.00,tb-pullback_rsi-ADAUSDT-1596830400-B,tb-pullback_rsi-ADAUSDT-1596859200-S
BTC/USDT,pullback_rsi,2020-08-08 00:00,11605.96,2020-08-08 12:00,11763.74,signal,0.09530,2.2282930040,12.8081409960,0.011580,12.00,tb-pullback_rsi-BTCUSDT-1596830400-B,tb-pullback_rsi-BTCUSDT-1596873600-S
ETH/USDT,pullback_rsi,2020-08-08 00:00,379.72,2020-08-08 12:00,391.22,signal,1.8476,1.4251102100,19.8222897900,0.028254,12.00,tb-pullback_rsi-ETHUSDT-1596830400-B,tb-pullback_rsi-ETHUSDT-1596873600-S
BTC/USDT,pullback_rsi,2020-08-09 20:00,11640.64,2020-08-10 00:00,11670.00,signal,0.11797,2.7513530776,0.7122461224,0.000519,4.00,tb-pullback_rsi-BTCUSDT-1596988800-B,tb-pullback_rsi-BTCUSDT-1597003200-S
LTC/USDT,pullback_rsi,2020-08-09 20:00,56.84,2020-08-10 04:00,58.09,signal,13.903,1.5986675500,15.7800824500,0.019969,8.00,tb-pullback_rsi-LTCUSDT-1596988800-B,tb-pullback_rsi-LTCUSDT-1597017600-S
XRP/USDT,pullback_rsi,2020-08-09 20:00,0.2883,2020-08-10 04:00,0.2943,signal,2532.8,1.476358860000,13.720441140000,0.018790,8.00,tb-pullback_rsi-XRPUSDT-1596988800-B,tb-pullback_rsi-XRPUSDT-1597017600-S
ADA/USDT,pullback_rsi,2020-08-10 16:00,0.1452,2020-08-11 15:59,0.1357,stop,5386.6,1.513880020000,-52.686580020000,-0.067363,24.00,tb-pullback_rsi-ADAUSDT-1597060800-B,tb-pullback_rsi-ADAUSDT-1597147200-X
ETH/USDT,pullback_rsi,2020-08-11 12:00,391.86,2020-08-11 23:59,371.77,stop,2.5358,1.9374317940,-52.8816537940,-0.053218,12.00,tb-pullback_rsi-ETHUSDT-1597132800-B,tb-pullback_rsi-ETHUSDT-1597176000-X
ADA/USDT,pullback_rsi,2020-08-11 20:00,0.1380,2020-08-12 07:59,0.1290,stop,5604.9,1.497294900000,-51.941394900000,-0.067153,12.00,tb-pullback_rsi-ADAUSDT-1597161600-B,tb-pullback_rsi-ADAUSDT-1597204800-X
BNB/USDT,pullback_rsi,2020-08-12 00:00,21.33,2020-08-12 08:00,21.52,signal,39.245,1.6825014500,5.7740485500,0.006898,8.00,tb-pullback_rsi-BNBUSDT-1597176000-B,tb-pullback_rsi-BNBUSDT-1597204800-S
ETH/USDT,pullback_rsi,2020-08-12 08:00,379.48,2020-08-12 12:00,381.33,signal,2.1189,1.6129151680,2.3070498320,0.002869,4.00,tb-pullback_rsi-ETHUSDT-1597204800-B,tb-pullback_rsi-ETHUSDT-1597219200-S
ADA/USDT,pullback_rsi,2020-08-12 12:00,0.1341,2020-08-12 16:00,0.1357,signal,4489.2,1.211789610000,5.970930390000,0.009918,4.00,tb-pullback_rsi-ADAUSDT-1597219200-B,tb-pullback_rsi-ADAUSDT-1597233600-S
LTC/USDT,pullback_rsi,2020-08-11 20:00,55.25,2020-08-12 16:00,54.64,signal,12.444,1.3681894100,-8.9590294100,-0.013031,20.00,tb-pullback_rsi-LTCUSDT-1597161600-B,tb-pullback_rsi-LTCUSDT-1597233600-S
BNB/USDT,pullback_rsi,2020-08-13 20:00,21.38,2020-08-14 00:00,21.75,signal,37.962,1.6381348800,12.4078051200,0.015288,4.00,tb-pullback_rsi-BNBUSDT-1597334400-B,tb-pullback_rsi-BNBUSDT-1597348800-S
BNB/USDT,pullback_rsi,2020-08-16 08:00,23.34,2020-08-16 20:00,23.59,signal,35.876,1.6845009200,7.2844990800,0.008700,12.00,tb-pullback_rsi-BNBUSDT-1597550400-B,tb-pullback_rsi-BNBUSDT-1597593600-S
ETH/USDT,pullback_rsi,2020-08-16 16:00,430.77,2020-08-17 00:00,433.17,signal,1.8804,1.6253712410,2.8875887590,0.003565,8.00,tb-pullback_rsi-ETHUSDT-1597579200-B,tb-pullback_rsi-ETHUSDT-1597608000-S
LTC/USDT,pullback_rsi,2020-08-18 16:00,65.27,2020-08-18 20:00,66.37,signal,8.481,1.1170262700,8.2120737300,0.014835,4.00,tb-pullback_rsi-LTCUSDT-1597752000-B,tb-pullback_rsi-LTCUSDT-1597766400-S
LINK/USDT,pullback_rsi,2020-08-18 04:00,17.106,2020-08-19 12:00,16.517,signal,18.23,0.61328941000,-11.35075941000,-0.036399,32.00,tb-pullback_rs-LINKUSDT-1597708800-B,tb-pullback_rs-LINKUSDT-1597824000-S
ETH/USDT,pullback_rsi,2020-08-18 20:00,424.16,2020-08-19 19:59,398.95,stop,1.9919,1.6404011340,-51.8562001340,-0.061377,24.00,tb-pullback_rsi-ETHUSDT-1597766400-B,tb-pullback_rsi-ETHUSDT-1597852800-X
ADA/USDT,pullback_rsi,2020-08-19 08:00,0.1334,2020-08-20 12:00,0.1301,signal,5308.5,1.399510110000,-18.917560110000,-0.026714,28.00,tb-pullback_rsi-ADAUSDT-1597809600-B,tb-pullback_rsi-ADAUSDT-1597910400-S
ETH/USDT,pullback_rsi,2020-08-20 00:00,407.87,2020-08-20 12:00,411.05,signal,1.8014,1.4759774410,4.2524745590,0.005788,12.00,tb-pullback_rsi-ETHUSDT-1597867200-B,tb-pullback_rsi-ETHUSDT-1597910400-S
XRP/USDT,pullback_rsi,2020-08-20 00:00,0.2900,2020-08-20 12:00,0.2911,signal,2065.4,1.200812940000,1.071127060000,0.001788,12.00,tb-pullback_rsi-XRPUSDT-1597867200-B,tb-pullback_rsi-XRPUSDT-1597910400-S
LINK/USDT,pullback_rsi,2020-08-21 20:00,14.455,2020-08-22 08:00,14.801,signal,18.80,0.55030190000,5.95449810000,0.021911,12.00,tb-pullback_rs-LINKUSDT-1598025600-B,tb-pullback_rs-LINKUSDT-1598068800-S
BTC/USDT,pullback_rsi,2020-08-21 16:00,11731.74,2020-08-23 00:00,11651.84,signal,0.12930,3.0250220182,-13.3560920182,-0.008805,32.00,tb-pullback_rsi-BTCUSDT-1598011200-B,tb-pullback_rsi-BTCUSDT-1598126400-S
ETH/USDT,pullback_rsi,2020-08-22 08:00,391.50,2020-08-23 00:00,394.83,signal,2.0020,1.5750548100,5.0916051900,0.006496,16.00,tb-pullback_rsi-ETHUSDT-1598068800-B,tb-pullback_rsi-ETHUSDT-1598126400-S
BNB/USDT,pullback_rsi,2020-08-23 16:00,21.84,2020-08-24 04:00,22.19,signal,40.020,1.7629760400,12.2440239600,0.014009,12.00,tb-pullback_rsi-BNBUSDT-1598184000-B,tb-pullback_rsi-BNBUSDT-1598227200-S
BTC/USDT,pullback_rsi,2020-08-25 12:00,11626.06,2020-08-25 15:59,11317.84,stop,0.16546,3.7982741278,-54.7963553278,-0.028486,4.00,tb-pullback_rsi-BTCUSDT-1598342400-B,tb-pullback_rsi-BTCUSDT-1598356800-X
LTC/USDT,pullback_rsi,2020-08-25 12:00,61.02,2020-08-25 19:59,57.04,stop,12.533,1.4804392400,-51.3617792400,-0.067160,8.00,tb-pullback_rsi-LTCUSDT-1598342400-B,tb-pullback_rsi-LTCUSDT-1598371200-X
LINK/USDT,pullback_rsi,2020-08-25 08:00,15.000,2020-08-26 04:00,14.635,signal,26.70,0.79170450000,-10.53720450000,-0.026310,20.00,tb-pullback_rs-LINKUSDT-1598328000-B,tb-pullback_rs-LINKUSDT-1598400000-S
BTC/USDT,pullback_rsi,2020-08-26 00:00,11329.74,2020-08-26 16:00,11464.44,signal,0.13261,3.0243223750,14.8382446250,0.009876,16.00,tb-pullback_rsi-BTCUSDT-1598385600-B,tb-pullback_rsi-BTCUSDT-1598443200-S
ETH/USDT,pullback_rsi,2020-08-26 00:00,383.30,2020-08-26 16:00,389.47,signal,2.0396,1.5769466200,11.0073853800,0.014080,16.00,tb-pullback_rsi-ETHUSDT-1598385600-B,tb-pullback_rsi-ETHUSDT-1598443200-S
LTC/USDT,pullback_rsi,2020-08-26 12:00,57.98,2020-08-26 16:00,58.80,signal,12.371,1.4454391200,8.6987808800,0.012128,4.00,tb-pullback_rsi-LTCUSDT-1598428800-B,tb-pullback_rsi-LTCUSDT-1598443200-S
BTC/USDT,pullback_rsi,2020-08-28 00:00,11341.72,2020-08-28 04:00,11368.70,signal,0.12616,2.8666210088,0.5371757912,0.000375,4.00,tb-pullback_rsi-BTCUSDT-1598558400-B,tb-pullback_rsi-BTCUSDT-1598572800-S
LINK/USDT,pullback_rsi,2020-08-31 04:00,16.763,2020-09-01 03:59,15.135,stop,30.21,0.96430910000,-50.14618910000,-0.099023,24.00,tb-pullback_rs-LINKUSDT-1598832000-B,tb-pullback_rs-LINKUSDT-1598918400-X
LTC/USDT,pullback_rsi,2020-09-02 20:00,58.01,2020-09-03 15:59,53.42,stop,10.697,1.1926048200,-50.2918348200,-0.081046,20.00,tb-pullback_rsi-LTCUSDT-1599062400-B,tb-pullback_rsi-LTCUSDT-1599134400-X
BTC/USDT,pullback_rsi,2020-09-02 20:00,11400.60,2020-09-03 15:59,10941.32,stop,0.10812,2.4168624580,-52.0742160580,-0.042246,20.00,tb-pullback_rsi-BTCUSDT-1599062400-B,tb-pullback_rsi-BTCUSDT-1599134400-X
ETH/USDT,pullback_rsi,2020-09-02 20:00,436.15,2020-09-03 15:59,396.11,stop,1.2228,1.0182545250,-49.9791665250,-0.093713,20.00,tb-pullback_rsi-ETHUSDT-1599062400-B,tb-pullback_rsi-ETHUSDT-1599134400-X
BNB/USDT,pullback_rsi,2020-10-05 16:00,28.53,2020-10-06 04:00,28.63,signal,29.345,1.6782161000,1.2562839000,0.001501,12.00,tb-pullback_rsi-BNBUSDT-1601899200-B,tb-pullback_rsi-BNBUSDT-1601942400-S
BNB/USDT,pullback_rsi,2020-10-07 00:00,27.72,2020-10-07 20:00,27.64,signal,29.014,1.6070466400,-3.9281666400,-0.004884,20.00,tb-pullback_rsi-BNBUSDT-1602014400-B,tb-pullback_rsi-BNBUSDT-1602086400-S
BNB/USDT,pullback_rsi,2020-10-08 12:00,26.87,2020-10-08 16:00,27.41,signal,31.253,1.6972726800,15.1793473200,0.018076,4.00,tb-pullback_rsi-BNBUSDT-1602144000-B,tb-pullback_rsi-BNBUSDT-1602158400-S
ADA/USDT,pullback_rsi,2020-10-12 16:00,0.1090,2020-10-12 20:00,0.1093,signal,5730.9,1.251687670000,0.467582330000,0.000749,4.00,tb-pullback_rsi-ADAUSDT-1602504000-B,tb-pullback_rsi-ADAUSDT-1602518400-S
ETH/USDT,pullback_rsi,2020-10-12 16:00,385.96,2020-10-12 20:00,387.67,signal,2.8254,2.1869334880,2.6445005120,0.002425,4.00,tb-pullback_rsi-ETHUSDT-1602504000-B,tb-pullback_rsi-ETHUSDT-1602518400-S
XRP/USDT,pullback_rsi,2020-10-12 16:00,0.2567,2020-10-13 08:00,0.2570,signal,4773.8,2.453533220000,-1.021393220000,-0.000833,16.00,tb-pullback_rsi-XRPUSDT-1602504000-B,tb-pullback_rsi-XRPUSDT-1602561600-S
LINK/USDT,pullback_rsi,2020-10-14 00:00,11.013,2020-10-14 04:00,11.211,signal,47.88,1.06463577000,8.41560423000,0.015960,4.00,tb-pullback_rs-LINKUSDT-1602619200-B,tb-pullback_rs-LINKUSDT-1602633600-S
ETH/USDT,pullback_rsi,2020-10-15 00:00,379.07,2020-10-15 20:00,377.92,signal,2.9225,2.2134404850,-5.5743154850,-0.005032,20.00,tb-pullback_rsi-ETHUSDT-1602705600-B,tb-pullback_rsi-ETHUSDT-1602777600-S
XRP/USDT,pullback_rsi,2020-10-15 00:00,0.2494,2020-10-16 07:59,0.2387,stop,4596.4,2.244675020000,-51.426155020000,-0.044861,32.00,tb-pullback_rsi-XRPUSDT-1602705600-B,tb-pullback_rsi-XRPUSDT-1602820800-X
LINK/USDT,pullback_rsi,2020-10-16 12:00,10.605,2020-10-16 20:00,10.686,signal,53.68,1.14353718000,3.20454282000,0.005629,8.00,tb-pullback_rs-LINKUSDT-1602835200-B,tb-pullback_rs-LINKUSDT-1602864000-S
ADA/USDT,pullback_rsi,2020-10-15 00:00,0.1072,2020-10-17 00:00,0.1040,signal,6155.8,1.300769600000,-20.999329600000,-0.031822,48.00,tb-pullback_rsi-ADAUSDT-1602705600-B,tb-pullback_rsi-ADAUSDT-1602878400-S
ETH/USDT,pullback_rsi,2020-10-16 12:00,370.31,2020-10-17 04:00,367.91,signal,2.7221,2.0105455290,-8.5435855290,-0.008476,16.00,tb-pullback_rsi-ETHUSDT-1602835200-B,tb-pullback_rsi-ETHUSDT-1602892800-S
BNB/USDT,pullback_rsi,2020-10-19 08:00,30.03,2020-10-19 16:00,30.31,signal,37.891,2.2874840800,8.3219959200,0.007314,8.00,tb-pullback_rsi-BNBUSDT-1603080000-B,tb-pullback_rsi-BNBUSDT-1603108800-S
ADA/USDT,pullback_rsi,2020-10-20 16:00,0.1029,2020-10-21 04:00,0.1044,signal,8380.2,1.738079820000,10.832220180000,0.012562,12.00,tb-pullback_rsi-ADAUSDT-1603195200-B,tb-pullback_rsi-ADAUSDT-1603238400-S
BNB/USDT,pullback_rsi,2020-10-21 00:00,28.85,2020-10-21 04:00,29.36,signal,40.538,2.3608998300,18.3134801700,0.015659,4.00,tb-pullback_rsi-BNBUSDT-1603224000-B,tb-pullback_rsi-BNBUSDT-1603238400-S
ETH/USDT,pullback_rsi,2020-10-20 16:00,371.41,2020-10-21 04:00,377.57,signal,3.4525,2.5871533900,18.6802466100,0.014568,12.00,tb-pullback_rsi-ETHUSDT-1603195200-B,tb-pullback_rsi-ETHUSDT-1603238400-S
XRP/USDT,pullback_rsi,2020-10-24 00:00,0.2550,2020-10-24 12:00,0.2552,signal,4508.8,2.301562760000,-1.399802760000,-0.001217,12.00,tb-pullback_rsi-XRPUSDT-1603483200-B,tb-pullback_rsi-XRPUSDT-1603526400-S
LTC/USDT,pullback_rsi,2020-10-25 16:00,59.34,2020-10-25 20:00,59.18,signal,11.822,1.4018555200,-3.2933755200,-0.004695,4.00,tb-pullback_rsi-LTCUSDT-1603627200-B,tb-pullback_rsi-LTCUSDT-1603641600-S
BNB/USDT,pullback_rsi,2020-10-25 20:00,30.24,2020-10-26 04:00,30.33,signal,42.693,2.5872153300,1.2551546700,0.000972,8.00,tb-pullback_rsi-BNBUSDT-1603641600-B,tb-pullback_rsi-BNBUSDT-1603670400-S
ADA/USDT,pullback_rsi,2020-10-25 16:00,0.1073,2020-10-26 15:59,0.1019,stop,9161.7,1.917614800000,-51.390794800000,-0.052277,24.00,tb-pullback_rsi-ADAUSDT-1603627200-B,tb-pullback_rsi-ADAUSDT-1603713600-X
LTC/USDT,pullback_rsi,2020-10-26 12:00,58.00,2020-10-27 08:00,57.90,signal,12.449,1.4435931000,-2.6884931000,-0.003723,20.00,tb-pullback_rsi-LTCUSDT-1603699200-B,tb-pullback_rsi-LTCUSDT-1603771200-S
ETH/USDT,pullback_rsi,2020-10-27 00:00,392.92,2020-10-27 12:00,401.88,signal,2.5365,2.0170317920,20.7100082080,0.020780,12.00,tb-pullback_rsi-ETHUSDT-1603742400-B,tb-pullback_rsi-ETHUSDT-1603785600-S
LINK/USDT,pullback_rsi,2020-10-26 20:00,11.732,2020-10-27 12:00,12.064,signal,45.88,1.09234708000,14.13981292000,0.026269,16.00,tb-pullback_rs-LINKUSDT-1603728000-B,tb-pullback_rs-LINKUSDT-1603785600-S
ETH/USDT,pullback_rsi,2020-10-28 16:00,387.93,2020-10-29 04:00,391.58,signal,2.3135,1.8043274170,6.6399475830,0.007398,12.00,tb-pullback_rsi-ETHUSDT-1603886400-B,tb-pullback_rsi-ETHUSDT-1603929600-S
LINK/USDT,pullback_rsi,2020-10-28 16:00,11.519,2020-10-29 04:00,11.731,signal,47.34,1.10123095000,8.93484905000,0.016385,12.00,tb-pullback_rs-LINKUSDT-1603886400-B,tb-pullback_rs-LINKUSDT-1603929600-S
BTC/USDT,pullback_rsi,2020-10-29 16:00,13450.38,2020-10-29 20:00,13479.00,signal,0.07454,2.0083920156,0.1249427844,0.000125,4.00,tb-pullback_rsi-BTCUSDT-1603972800-B,tb-pullback_rsi-BTCUSDT-1603987200-S
BNB/USDT,pullback_rsi,2020-10-29 00:00,30.36,2020-10-30 07:59,28.77,stop,30.473,1.8028096500,-50.2548796500,-0.054320,32.00,tb-pullback_rsi-BNBUSDT-1603915200-B,tb-pullback_rsi-BNBUSDT-1604030400-X
LTC/USDT,pullback_rsi,2020-10-29 16:00,55.54,2020-10-31 04:00,54.29,signal,11.087,1.2183516900,-15.0771016900,-0.024485,36.00,tb-pullback_rsi-LTCUSDT-1603972800-B,tb-pullback_rsi-LTCUSDT-1604102400-S
LINK/USDT,pullback_rsi,2020-10-30 16:00,11.107,2020-10-31 12:00,11.237,signal,48.41,1.08222839000,5.21107161000,0.009692,20.00,tb-pullback_rs-LINKUSDT-1604059200-B,tb-pullback_rs-LINKUSDT-1604131200-S
BTC/USDT,pullback_rsi,2020-11-02 16:00,13512.10,2020-11-03 12:00,13518.61,signal,0.07965,2.1540770230,-1.6355555230,-0.001520,20.00,tb-pullback_rsi-BTCUSDT-1604318400-B,tb-pullback_rsi-BTCUSDT-1604390400-S
LTC/USDT,pullback_rsi,2020-11-03 08:00,52.70,2020-11-03 20:00,53.30,signal,13.673,1.4500758000,6.7537242000,0.009373,12.00,tb-pullback_rsi-LTCUSDT-1604376000-B,tb-pullback_rsi-LTCUSDT-1604419200-S
ADA/USDT,pullback_rsi,2020-11-08 00:00,0.1015,2020-11-08 12:00,0.1064,signal,4710.8,0.979862520000,22.103057480000,0.046227,12.00,tb-pullback_rsi-ADAUSDT-1604779200-B,tb-pullback_rsi-ADAUSDT-1604822400-S
BTC/USDT,pullback_rsi,2020-11-08 00:00,14833.12,2020-11-08 12:00,15155.93,signal,0.04781,1.4345181332,13.9990279668,0.019740,12.00,tb-pullback_rsi-BTCUSDT-1604779200-B,tb-pullback_rsi-BTCUSDT-1604822400-S
XRP/USDT,pullback_rsi,2020-11-08 00:00,0.2494,2020-11-08 12:00,0.2532,signal,2878.1,1.447256320000,9.489523680000,0.013220,12.00,tb-pullback_rsi-XRPUSDT-1604779200-B,tb-pullback_rsi-XRPUSDT-1604822400-S
XRP/USDT,pullback_rsi,2020-11-09 12:00,0.2559,2020-11-10 08:00,0.2603,signal,3434.5,1.773784550000,13.338015450000,0.015176,20.00,tb-pullback_rsi-XRPUSDT-1604908800-B,tb-pullback_rsi-XRPUSDT-1604980800-S
LTC/USDT,pullback_rsi,2020-11-09 12:00,61.83,2020-11-11 04:00,59.63,signal,9.343,1.1354190800,-21.6900190800,-0.037547,40.00,tb-pullback_rsi-LTCUSDT-1604908800-B,tb-pullback_rsi-LTCUSDT-1605052800-S
LTC/USDT,pullback_rsi,2020-11-12 08:00,59.44,2020-11-13 00:00,60.65,signal,12.045,1.4472567700,13.1271932300,0.018335,16.00,tb-pullback_rsi-LTCUSDT-1605153600-B,tb-pullback_rsi-LTCUSDT-1605211200-S
ADA/USDT,pullback_rsi,2020-11-13 00:00,0.1048,2020-11-13 04:00,0.1056,signal,7654.5,1.611313760000,4.512286240000,0.005625,4.00,tb-pullback_rsi-ADAUSDT-1605211200-B,tb-pullback_rsi-ADAUSDT-1605225600-S
XRP/USDT,pullback_rsi,2020-11-13 00:00,0.2552,2020-11-13 04:00,0.2562,signal,4200.9,2.149437620000,2.051462380000,0.001914,4.00,tb-pullback_rsi-XRPUSDT-1605211200-B,tb-pullback_rsi-XRPUSDT-1605225600-S
LINK/USDT,pullback_rsi,2020-11-13 04:00,12.745,2020-11-13 12:00,12.795,signal,41.44,1.05901485000,1.01298515000,0.001918,8.00,tb-pullback_rs-LINKUSDT-1605225600-B,tb-pullback_rs-LINKUSDT-1605254400-S
ADA/USDT,pullback_rsi,2020-11-14 16:00,0.1031,2020-11-15 00:00,0.1040,signal,8564.2,1.774532480000,5.933247520000,0.006720,8.00,tb-pullback_rsi-ADAUSDT-1605355200-B,tb-pullback_rsi-ADAUSDT-1605384000-S
BTC/USDT,pullback_rsi,2020-11-14 16:00,15967.88,2020-11-15 00:00,16053.49,signal,0.06499,2.0821865928,3.4816073072,0.003355,8.00,tb-pullback_rsi-BTCUSDT-1605355200-B,tb-pullback_rsi-BTCUSDT-1605384000-S
ETH/USDT,pullback_rsi,2020-11-16 00:00,448.52,2020-11-16 08:00,454.11,signal,2.0669,1.8665878400,9.6873831600,0.010450,8.00,tb-pullback_rsi-ETHUSDT-1605470400-B,tb-pullback_rsi-ETHUSDT-1605499200-S
LINK/USDT,pullback_rsi,2020-11-14 16:00,12.556,2020-11-16 08:00,12.289,signal,50.14,1.24648166000,-14.63386166000,-0.023245,40.00,tb-pullback_rs-LINKUSDT-1605355200-B,tb-pullback_rs-LINKUSDT-1605499200-S
ADA/USDT,pullback_rsi,2020-11-19 00:00,0.1068,2020-11-19 04:00,0.1068,signal,6404.9,1.368780840000,-1.368780840000,-0.002001,4.00,tb-pullback_rsi-ADAUSDT-1605729600-B,tb-pullback_rsi-ADAUSDT-1605744000-S
LTC/USDT,pullback_rsi,2020-11-18 20:00,72.99,2020-11-19 04:00,74.05,signal,6.104,0.8980430900,5.5721969100,0.012507,8.00,tb-pullback_rsi-LTCUSDT-1605715200-B,tb-pullback_rsi-LTCUSDT-1605744000-S
XRP/USDT,pullback_rsi,2020-11-18 12:00,0.2953,2020-11-19 16:00,0.2979,signal,2215.9,1.315151070000,4.446188930000,0.006795,28.00,tb-pullback_rsi-XRPUSDT-1605686400-B,tb-pullback_rsi-XRPUSDT-1605787200-S
BTC/USDT,pullback_rsi,2020-11-22 16:00,18313.71,2020-11-22 20:00,18555.01,signal,0.04515,1.6655383920,9.2291566080,0.011162,4.00,tb-pullback_rsi-BTCUSDT-1606046400-B,tb-pullback_rsi-BTCUSDT-1606060800-S
LINK/USDT,pullback_rsi,2020-11-22 16:00,14.398,2020-11-22 20:00,14.999,signal,31.30,0.92070202000,17.89059798000,0.039699,4.00,tb-pullback_rs-LINKUSDT-1606046400-B,tb-pullback_rs-LINKUSDT-1606060800-S
LTC/USDT,pullback_rsi,2020-11-22 16:00,82.70,2020-11-22 20:00,84.51,signal,5.095,0.8524311500,8.3695188500,0.019863,4.00,tb-pullback_rsi-LTCUSDT-1606046400-B,tb-pullback_rsi-LTCUSDT-1606060800-S
LTC/USDT,pullback_rsi,2020-11-25 08:00,88.21,2020-11-25 12:00,89.95,signal,4.551,0.8112472100,7.1074927900,0.017705,4.00,tb-pullback_rsi-LTCUSDT-1606276800-B,tb-pullback_rsi-LTCUSDT-1606291200-S
ETH/USDT,pullback_rsi,2020-11-25 08:00,593.42,2020-11-26 03:59,543.04,stop,0.9613,1.0930724160,-49.5233664160,-0.086814,20.00,tb-pullback_rsi-ETHUSDT-1606276800-B,tb-pullback_rsi-ETHUSDT-1606348800-X
ADA/USDT,pullback_rsi,2020-11-26 12:00,0.1368,2020-11-27 00:00,0.1382,signal,1333.7,0.366959020000,1.500220980000,0.008223,12.00,tb-pullback_rsi-ADAUSDT-1606377600-B,tb-pullback_rsi-ADAUSDT-1606420800-S
XRP/USDT,pullback_rsi,2020-11-26 12:00,0.5301,2020-11-27 04:00,0.5426,signal,258.8,0.277773790000,2.957226210000,0.021556,16.00,tb-pullback_rsi-XRPUSDT-1606377600-B,tb-pullback_rsi-XRPUSDT-1606435200-S
BTC/USDT,pullback_rsi,2020-11-27 20:00,16819.95,2020-11-28 00:00,17122.39,signal,0.03319,1.1272190585,8.9107645415,0.015962,4.00,tb-pullback_rsi-BTCUSDT-1606492800-B,tb-pullback_rsi-BTCUSDT-1606507200-S
ETH/USDT,pullback_rsi,2020-11-27 20:00,507.21,2020-11-28 00:00,518.07,signal,0.8431,0.8648700600,8.2911959400,0.019389,4.00,tb-pullback_rsi-ETHUSDT-1606492800-B,tb-pullback_rsi-ETHUSDT-1606507200-S
LTC/USDT,pullback_rsi,2020-11-27 00:00,71.07,2020-11-28 00:00,69.11,signal,3.742,0.5248378400,-7.8591578400,-0.029552,24.00,tb-pullback_rsi-LTCUSDT-1606420800-B,tb-pullback_rsi-LTCUSDT-1606507200-S
XRP/USDT,pullback_rsi,2020-11-30 00:00,0.6061,2020-11-30 04:00,0.6287,signal,436.3,0.539046290000,9.321333710000,0.035249,4.00,tb-pullback_rsi-XRPUSDT-1606680000-B,tb-pullback_rsi-XRPUSDT-1606694400-S
BTC/USDT,pullback_rsi,2020-12-02 08:00,19143.62,2020-12-02 12:00,19108.18,signal,0.03267,1.2504520502,-2.4082768502,-0.003851,4.00,tb-pullback_rsi-BTCUSDT-1606881600-B,tb-pullback_rsi-BTCUSDT-1606896000-S
LINK/USDT,pullback_rsi,2020-12-02 08:00,13.665,2020-12-02 12:00,13.800,signal,33.97,0.93353265000,3.65241735000,0.007868,4.00,tb-pullback_rs-LINKUSDT-1606881600-B,tb-pullback_rs-LINKUSDT-1606896000-S
ADA/USDT,pullback_rsi,2020-12-02 08:00,0.1590,2020-12-03 00:00,0.1582,signal,2050.9,0.650879380000,-2.291599380000,-0.007027,16.00,tb-pullback_rsi-ADAUSDT-1606881600-B,tb-pullback_rsi-ADAUSDT-1606939200-S
XRP/USDT,pullback_rsi,2020-12-04 08:00,0.6172,2020-12-04 23:59,0.5512,stop,730.5,0.854009960000,-49.067009960000,-0.108829,16.00,tb-pullback_rsi-XRPUSDT-1607054400-B,tb-pullback_rsi-XRPUSDT-1607112000-X
LINK/USDT,pullback_rsi,2020-12-04 08:00,13.659,2020-12-04 23:59,12.563,stop,44.14,1.15812203000,-49.53556203000,-0.082161,16.00,tb-pullback_rs-LINKUSDT-1607054400-B,tb-pullback_rs-LINKUSDT-1607112000-X
ETH/USDT,pullback_rsi,2020-12-05 04:00,576.58,2020-12-05 12:00,588.92,signal,1.0681,1.2455047860,11.9348492140,0.019380,8.00,tb-pullback_rsi-ETHUSDT-1607126400-B,tb-pullback_rsi-ETHUSDT-1607155200-S
LTC/USDT,pullback_rsi,2020-12-04 16:00,84.42,2020-12-05 12:00,82.75,signal,5.054,0.8453837000,-9.2855637000,-0.021763,20.00,tb-pullback_rsi-LTCUSDT-1607083200-B,tb-pullback_rsi-LTCUSDT-1607155200-S
XRP/USDT,pullback_rsi,2020-12-05 04:00,0.5722,2020-12-05 12:00,0.5866,signal,686.0,0.795337340000,9.083062660000,0.023140,8.00,tb-pullback_rsi-XRPUSDT-1607126400-B,tb-pullback_rsi-XRPUSDT-1607155200-S
LINK/USDT,pullback_rsi,2020-12-06 16:00,13.145,2020-12-06 20:00,13.363,signal,51.86,1.37549358000,9.92998642000,0.014567,4.00,tb-pullback_rs-LINKUSDT-1607256000-B,tb-pullback_rs-LINKUSDT-1607270400-S
ADA/USDT,pullback_rsi,2020-12-06 20:00,0.1578,2020-12-07 00:00,0.1585,signal,3528.0,1.116474480000,1.353125520000,0.002431,4.00,tb-pullback_rsi-ADAUSDT-1607270400-B,tb-pullback_rsi-ADAUSDT-1607284800-S
LTC/USDT,pullback_rsi,2020-12-06 20:00,82.43,2020-12-07 00:00,83.45,signal,6.725,1.1161200100,5.7433799900,0.010361,4.00,tb-pullback_rsi-LTCUSDT-1607270400-B,tb-pullback_rsi-LTCUSDT-1607284800-S
BNB/USDT,pullback_rsi,2020-12-07 00:00,29.53,2020-12-08 11:59,28.15,stop,35.159,2.0290342000,-50.5484542000,-0.048686,36.00,tb-pullback_rsi-BNBUSDT-1607284800-B,tb-pullback_rsi-BNBUSDT-1607414400-X
BTC/USDT,pullback_rsi,2020-12-08 16:00,18828.72,2020-12-09 03:59,18059.16,stop,0.06280,2.3178768764,-50.6462448764,-0.042832,12.00,tb-pullback_rsi-BTCUSDT-1607428800-B,tb-pullback_rsi-BTCUSDT-1607472000-X
ADA/USDT,pullback_rsi,2020-12-08 16:00,0.1473,2020-12-09 07:59,0.1356,stop,4093.5,1.158655080000,-49.052605080000,-0.081351,16.00,tb-pullback_rsi-ADAUSDT-1607428800-B,tb-pullback_rsi-ADAUSDT-1607486400-X
ETH/USDT,pullback_rsi,2020-12-09 12:00,562.46,2020-12-09 16:00,567.15,signal,1.2755,1.4415487580,4.5405462420,0.006329,4.00,tb-pullback_rsi-ETHUSDT-1607500800-B,tb-pullback_rsi-ETHUSDT-1607515200-S
LTC/USDT,pullback_rsi,2020-12-09 12:00,76.62,2020-12-10 00:00,77.33,signal,6.742,1.0384672400,3.7483527600,0.007256,12.00,tb-pullback_rsi-LTCUSDT-1607500800-B,tb-pullback_rsi-LTCUSDT-1607544000-S
XRP/USDT,pullback_rsi,2020-12-09 12:00,0.5501,2020-12-10 00:00,0.5822,signal,797.9,0.903902250000,24.708687750000,0.056294,12.00,tb-pullback_rsi-XRPUSDT-1607500800-B,tb-pullback_rsi-XRPUSDT-1607544000-S
ETH/USDT,pullback_rsi,2020-12-10 16:00,558.20,2020-12-10 20:00,564.90,signal,1.3193,1.4824873100,7.3568226900,0.009990,4.00,tb-pullback_rsi-ETHUSDT-1607601600-B,tb-pullback_rsi-ETHUSDT-1607616000-S
XRP/USDT,pullback_rsi,2020-12-11 16:00,0.5608,2020-12-11 20:00,0.5687,signal,774.1,0.874794590000,5.240595410000,0.012072,4.00,tb-pullback_rsi-XRPUSDT-1607688000-B,tb-pullback_rsi-XRPUSDT-1607702400-S
ADA/USDT,pullback_rsi,2020-12-11 16:00,0.1417,2020-12-12 04:00,0.1447,signal,3598.4,1.031106050000,9.764093950000,0.019149,12.00,tb-pullback_rsi-ADAUSDT-1607688000-B,tb-pullback_rsi-ADAUSDT-1607731200-S
BTC/USDT,pullback_rsi,2020-12-11 16:00,18122.85,2020-12-12 04:00,18263.72,signal,0.05058,1.8415200840,5.2836845160,0.005764,12.00,tb-pullback_rsi-BTCUSDT-1607688000-B,tb-pullback_rsi-BTCUSDT-1607731200-S
XRP/USDT,pullback_rsi,2020-12-13 08:00,0.5062,2020-12-13 12:00,0.5108,signal,681.6,0.693541540000,2.441818460000,0.007077,4.00,tb-pullback_rsi-XRPUSDT-1607832000-B,tb-pullback_rsi-XRPUSDT-1607846400-S
ADA/USDT,pullback_rsi,2020-12-14 16:00,0.1541,2020-12-14 20:00,0.1552,signal,4459.2,1.379924010000,3.525195990000,0.005130,4.00,tb-pullback_rsi-ADAUSDT-1607947200-B,tb-pullback_rsi-ADAUSDT-1607961600-S
ETH/USDT,pullback_rsi,2020-12-14 16:00,584.41,2020-12-15 00:00,585.70,signal,1.6282,1.9061665990,0.1942114010,0.000204,8.00,tb-pullback_rsi-ETHUSDT-1607947200-B,tb-pullback_rsi-ETHUSDT-1607976000-S
XRP/USDT,pullback_rsi,2020-12-14 16:00,0.4992,2020-12-15 04:00,0.5004,signal,858.5,0.858605880000,0.171594120000,0.000400,12.00,tb-pullback_rsi-XRPUSDT-1607947200-B,tb-pullback_rsi-XRPUSDT-1607990400-S
LTC/USDT,pullback_rsi,2020-12-16 08:00,80.36,2020-12-16 12:00,82.24,signal,7.941,1.2918494800,13.6372305200,0.021370,4.00,tb-pullback_rsi-LTCUSDT-1608091200-B,tb-pullback_rsi-LTCUSDT-1608105600-S
ADA/USDT,pullback_rsi,2020-12-16 08:00,0.1519,2020-12-16 16:00,0.1617,signal,4855.0,1.523272310000,46.055727690000,0.062451,8.00,tb-pullback_rsi-ADAUSDT-1608091200-B,tb-pullback_rsi-ADAUSDT-1608120000-S
BNB/USDT,pullback_rsi,2020-12-16 08:00,29.34,2020-12-16 16:00,30.12,signal,44.741,2.6616201600,32.2363598400,0.024557,8.00,tb-pullback_rsi-BNBUSDT-1608091200-B,tb-pullback_rsi-BNBUSDT-1608120000-S
ADA/USDT,pullback_rsi,2020-12-18 20:00,0.1627,2020-12-19 04:00,0.1653,signal,3254.2,1.067914510000,7.393005490000,0.013963,8.00,tb-pullback_rsi-ADAUSDT-1608307200-B,tb-pullback_rsi-ADAUSDT-1608336000-S
LINK/USDT,pullback_rsi,2020-12-20 08:00,13.492,2020-12-20 16:00,13.586,signal,47.65,1.29094130000,3.18815870000,0.004959,8.00,tb-pullback_rs-LINKUSDT-1608436800-B,tb-pullback_rs-LINKUSDT-1608465600-S
ADA/USDT,pullback_rsi,2020-12-20 08:00,0.1666,2020-12-21 11:59,0.1542,stop,3911.7,1.255539760000,-49.760619760000,-0.076356,28.00,tb-pullback_rsi-ADAUSDT-1608436800-B,tb-pullback_rsi-ADAUSDT-1608537600-X
ETH/USDT,pullback_rsi,2020-12-21 04:00,645.85,2020-12-21 11:59,604.17,stop,1.1554,1.4450481300,-49.6021201300,-0.066472,8.00,tb-pullback_rsi-ETHUSDT-1608508800-B,tb-pullback_rsi-ETHUSDT-1608537600-X
XRP/USDT,pullback_rsi,2020-12-21 04:00,0.5626,2020-12-22 03:59,0.4971,stop,730.5,0.774560930000,-48.622310930000,-0.118308,24.00,tb-pullback_rsi-XRPUSDT-1608508800-B,tb-pullback_rsi-XRPUSDT-1608595200-X
ADA/USDT,pullback_rsi,2020-12-21 16:00,0.1519,2020-12-22 04:00,0.1566,signal,3211.5,0.991249020000,14.102800980000,0.028909,12.00,tb-pullback_rsi-ADAUSDT-1608552000-B,tb-pullback_rsi-ADAUSDT-1608595200-S
LTC/USDT,pullback_rsi,2020-12-21 16:00,106.88,2020-12-22 12:00,105.96,signal,3.006,0.6402245600,-3.4057445600,-0.010601,20.00,tb-pullback_rsi-LTCUSDT-1608552000-B,tb-pullback_rsi-LTCUSDT-1608624000-S
BNB/USDT,pullback_rsi,2020-12-22 04:00,32.46,2020-12-22 16:00,33.29,signal,16.178,1.0642553200,12.3634846800,0.023543,12.00,tb-pullback_rsi-BNBUSDT-1608595200-B,tb-pullback_rsi-BNBUSDT-1608638400-S
ETH/USDT,pullback_rsi,2020-12-22 12:00,612.20,2020-12-22 16:00,625.71,signal,1.0495,1.2998599700,12.8788850300,0.020045,4.00,tb-pullback_rsi-ETHUSDT-1608624000-B,tb-pullback_rsi-ETHUSDT-1608638400-S
ETH/USDT,pullback_rsi,2020-12-23 16:00,606.35,2020-12-23 23:59,557.99,stop,0.9830,1.1451525700,-48.6830325700,-0.081677,8.00,tb-pullback_rsi-ETHUSDT-1608724800-B,tb-pullback_rsi-ETHUSDT-1608753600-X
BNB/USDT,pullback_rsi,2020-12-23 20:00,32.46,2020-12-24 12:00,31.80,signal,14.681,0.9438879600,-10.6333479600,-0.022313,16.00,tb-pullback_rsi-BNBUSDT-1608739200-B,tb-pullback_rsi-BNBUSDT-1608796800-S
ETH/USDT,pullback_rsi,2020-12-24 08:00,581.08,2020-12-24 16:00,592.03,signal,0.8731,1.0247653100,8.5356796900,0.016824,8.00,tb-pullback_rsi-ETHUSDT-1608782400-B,tb-pullback_rsi-ETHUSDT-1608811200-S
LTC/USDT,pullback_rsi,2020-12-23 16:00,105.50,2020-12-24 16:00,107.76,signal,2.739,0.5844356400,5.6057043600,0.019399,24.00,tb-pullback_rsi-LTCUSDT-1608724800-B,tb-pullback_rsi-LTCUSDT-1608811200-S
ADA/USDT,pullback_rsi,2020-12-26 12:00,0.1537,2020-12-26 20:00,0.1567,signal,2655.6,0.824713230000,7.142086770000,0.017498,8.00,tb-pullback_rsi-ADAUSDT-1608969600-B,tb-pullback_rsi-ADAUSDT-1608998400-S
LINK/USDT,pullback_rsi,2020-12-27 16:00,12.905,2020-12-27 20:00,12.715,signal,26.87,0.68879655000,-5.79409655000,-0.016709,4.00,tb-pullback_rs-LINKUSDT-1609070400-B,tb-pullback_rs-LINKUSDT-1609084800-S
BTC/USDT,pullback_rsi,2020-12-28 04:00,27302.94,2020-12-29 00:00,27052.34,signal,0.02195,1.1939174812,-6.6945874812,-0.011171,20.00,tb-pullback_rsi-BTCUSDT-1609113600-B,tb-pullback_rsi-BTCUSDT-1609185600-S
LTC/USDT,pullback_rsi,2020-12-29 08:00,127.13,2020-12-30 00:00,128.67,signal,2.769,0.7086915900,3.5555684100,0.010100,16.00,tb-pullback_rsi-LTCUSDT-1609214400-B,tb-pullback_rsi-LTCUSDT-1609272000-S
ETH/USDT,pullback_rsi,2021-01-02 00:00,729.64,2021-01-02 08:00,734.38,signal,0.9319,1.3650498760,3.0521561240,0.004489,8.00,tb-pullback_rsi-ETHUSDT-1609531200-B,tb-pullback_rsi-ETHUSDT-1609560000-S
ADA/USDT,pullback_rsi,2021-01-02 00:00,0.1753,2021-01-02 16:00,0.1787,signal,2665.2,0.943954110000,8.117725890000,0.017375,16.00,tb-pullback_rsi-ADAUSDT-1609531200-B,tb-pullback_rsi-ADAUSDT-1609588800-S
LTC/USDT,pullback_rsi,2021-01-01 04:00,131.80,2021-01-02 16:00,130.99,signal,3.402,0.8945387800,-3.6501587800,-0.008141,36.00,tb-pullback_rsi-LTCUSDT-1609459200-B,tb-pullback_rsi-LTCUSDT-1609588800-S
BNB/USDT,pullback_rsi,2021-01-04 16:00,39.90,2021-01-05 00:00,41.08,signal,12.794,1.0365768200,14.0603431800,0.027543,8.00,tb-pullback_rsi-BNBUSDT-1609761600-B,tb-pullback_rsi-BNBUSDT-1609790400-S
BTC/USDT,pullback_rsi,2021-01-04 16:00,31777.46,2021-01-05 12:00,31744.88,signal,0.01257,0.7991113614,-1.2086419614,-0.003026,20.00,tb-pullback_rsi-BTCUSDT-1609761600-B,tb-pullback_rsi-BTCUSDT-1609833600-S
LTC/USDT,pullback_rsi,2021-01-08 08:00,164.07,2021-01-08 12:00,171.66,signal,1.946,0.6536587200,14.1164812800,0.044213,4.00,tb-pullback_rsi-LTCUSDT-1610078400-B,tb-pullback_rsi-LTCUSDT-1610092800-S
ADA/USDT,pullback_rsi,2021-01-08 08:00,0.3149,2021-01-09 04:00,0.3074,signal,674.3,0.419837320000,-5.477087320000,-0.025794,20.00,tb-pullback_rsi-ADAUSDT-1610078400-B,tb-pullback_rsi-ADAUSDT-1610150400-S
LINK/USDT,pullback_rsi,2021-01-08 08:00,15.716,2021-01-09 04:00,15.709,signal,16.90,0.53139682000,-0.64969682000,-0.002446,20.00,tb-pullback_rs-LINKUSDT-1610078400-B,tb-pullback_rs-LINKUSDT-1610150400-S
ADA/USDT,pullback_rsi,2021-01-11 20:00,0.2521,2021-01-12 00:00,0.2753,signal,739.8,0.390372200000,16.772987800000,0.089934,4.00,tb-pullback_rsi-ADAUSDT-1610380800-B,tb-pullback_rsi-ADAUSDT-1610395200-S
ETH/USDT,pullback_rsi,2021-01-11 20:00,985.14,2021-01-12 00:00,1085.91,signal,0.1960,0.4061228280,19.3447971720,0.100187,4.00,tb-pullback_rsi-ETHUSDT-1610380800-B,tb-pullback_rsi-ETHUSDT-1610395200-S
LINK/USDT,pullback_rsi,2021-01-11 20:00,13.567,2021-01-12 00:00,14.616,signal,15.21,0.42893477000,15.52635523000,0.075241,4.00,tb-pullback_rs-LINKUSDT-1610380800-B,tb-pullback_rs-LINKUSDT-1610395200-S
LINK/USDT,pullback_rsi,2021-01-13 08:00,14.460,2021-01-13 12:00,14.585,signal,17.19,0.49957275000,1.64917725000,0.006635,4.00,tb-pullback_rs-LINKUSDT-1610510400-B,tb-pullback_rs-LINKUSDT-1610524800-S
ADA/USDT,pullback_rsi,2021-01-15 20:00,0.3001,2021-01-16 04:00,0.3083,signal,903.2,0.549806980000,6.856433020000,0.025296,8.00,tb-pullback_rsi-ADAUSDT-1610726400-B,tb-pullback_rsi-ADAUSDT-1610755200-S
BNB/USDT,pullback_rsi,2021-01-15 20:00,40.19,2021-01-16 04:00,41.61,signal,12.595,1.0307934700,16.8541065300,0.033296,8.00,tb-pullback_rsi-BNBUSDT-1610726400-B,tb-pullback_rsi-BNBUSDT-1610755200-S
LTC/USDT,pullback_rsi,2021-01-15 20:00,138.97,2021-01-16 12:00,149.05,signal,2.079,0.5992104900,20.3571095100,0.070460,16.00,tb-pullback_rsi-LTCUSDT-1610726400-B,tb-pullback_rsi-LTCUSDT-1610784000-S
LINK/USDT,pullback_rsi,2021-01-17 04:00,20.925,2021-01-17 16:00,21.033,signal,12.25,0.51440400000,0.80859600000,0.003154,12.00,tb-pullback_rs-LINKUSDT-1610841600-B,tb-pullback_rs-LINKUSDT-1610884800-S
BTC/USDT,pullback_rsi,2021-01-17 12:00,35305.27,2021-01-18 00:00,35789.16,signal,0.01117,0.7948308913,4.6102204087,0.011690,12.00,tb-pullback_rsi-BTCUSDT-1610870400-B,tb-pullback_rsi-BTCUSDT-1610913600-S
LTC/USDT,pullback_rsi,2021-01-17 12:00,142.33,2021-01-18 16:00,151.14,signal,2.419,0.7103309200,20.6010590800,0.059835,28.00,tb-pullback_rsi-LTCUSDT-1610870400-B,tb-pullback_rsi-LTCUSDT-1610971200-S
BNB/USDT,pullback_rsi,2021-01-20 08:00,42.31,2021-01-20 20:00,42.18,signal,11.241,0.9502598100,-2.4115898100,-0.005071,12.00,tb-pullback_rsi-BNBUSDT-1611115200-B,tb-pullback_rsi-BNBUSDT-1611158400-S
LINK/USDT,pullback_rsi,2021-01-20 08:00,20.796,2021-01-20 20:00,21.282,signal,15.38,0.64757556000,6.82710444000,0.021345,12.00,tb-pullback_rs-LINKUSDT-1611115200-B,tb-pullback_rs-LINKUSDT-1611158400-S
BTC/USDT,pullback_rsi,2021-01-20 08:00,35708.54,2021-01-21 00:00,35432.76,signal,0.01444,1.0279945384,-5.0102577384,-0.009717,16.00,tb-pullback_rsi-BTCUSDT-1611115200-B,tb-pullback_rsi-BTCUSDT-1611172800-S
ETH/USDT,pullback_rsi,2021-01-21 20:00,1232.26,2021-01-22 03:59,1045.91,stop,0.2562,0.5840368300,-48.3269068300,-0.153076,8.00,tb-pullback_rsi-ETHUSDT-1611244800-B,tb-pullback_rsi-ETHUSDT-1611273600-X
BNB/USDT,pullback_rsi,2021-01-21 20:00,40.64,2021-01-22 12:00,40.41,signal,11.377,0.9225935300,-3.5393035300,-0.007655,16.00,tb-pullback_rsi-BNBUSDT-1611244800-B,tb-pullback_rsi-BNBUSDT-1611302400-S
BTC/USDT,pullback_rsi,2021-01-21 20:00,32501.13,2021-01-22 12:00,31680.37,signal,0.01282,0.8234568492,-11.3456000492,-0.027230,16.00,tb-pullback_rsi-BTCUSDT-1611244800-B,tb-pullback_rsi-BTCUSDT-1611302400-S
ADA/USDT,pullback_rsi,2021-01-22 04:00,0.3240,2021-01-22 16:00,0.3505,signal,834.2,0.562959500000,21.543340500000,0.079707,12.00,tb-pullback_rsi-ADAUSDT-1611273600-B,tb-pullback_rsi-ADAUSDT-1611316800-S
BTC/USDT,pullback_rsi,2021-01-25 00:00,32291.71,2021-01-25 04:00,33534.60,signal,0.01560,1.0275362702,18.3615477298,0.036450,4.00,tb-pullback_rsi-BTCUSDT-1611518400-B,tb-pullback_rsi-BTCUSDT-1611532800-S
LTC/USDT,pullback_rsi,2021-01-25 00:00,141.16,2021-01-25 04:00,146.83,signal,3.496,1.0073776800,18.8149423200,0.038126,4.00,tb-pullback_rsi-LTCUSDT-1611518400-B,tb-pullback_rsi-LTCUSDT-1611532800-S
ETH/USDT,pullback_rsi,2021-01-26 08:00,1318.66,2021-01-26 20:00,1340.58,signal,0.2934,0.7806166120,5.6507113880,0.014605,12.00,tb-pullback_rsi-ETHUSDT-1611633600-B,tb-pullback_rsi-ETHUSDT-1611676800-S
ADA/USDT,pullback_rsi,2021-01-26 08:00,0.3420,2021-01-27 00:00,0.3430,signal,1314.5,0.900911300000,0.413588700000,0.000920,16.00,tb-pullback_rsi-ADAUSDT-1611633600-B,tb-pullback_rsi-ADAUSDT-1611691200-S
LINK/USDT,pullback_rsi,2021-01-26 08:00,22.907,2021-01-27 00:00,23.068,signal,15.88,0.73054114000,1.82613886000,0.005020,16.00,tb-pullback_rs-LINKUSDT-1611633600-B,tb-pullback_rs-LINKUSDT-1611691200-S
ETH/USDT,pullback_rsi,2021-01-27 16:00,1282.69,2021-01-28 04:00,1286.02,signal,0.2934,0.7540443230,0.2229776770,0.000592,12.00,tb-pullback_rsi-ETHUSDT-1611748800-B,tb-pullback_rsi-ETHUSDT-1611792000-S
LINK/USDT,pullback_rsi,2021-01-27 16:00,21.571,2021-01-28 04:00,22.687,signal,16.92,0.74927678000,18.13344322000,0.049683,12.00,tb-pullback_rs-LINKUSDT-1611748800-B,tb-pullback_rs-LINKUSDT-1611792000-S
ADA/USDT,pullback_rsi,2021-01-28 04:00,0.3259,2021-01-28 08:00,0.3298,signal,1280.4,0.839981950000,4.153578050000,0.009954,4.00,tb-pullback_rsi-ADAUSDT-1611792000-B,tb-pullback_rsi-ADAUSDT-1611806400-S
LINK/USDT,pullback_rsi,2021-01-30 08:00,22.673,2021-01-30 16:00,23.110,signal,18.14,0.83095708000,7.09622292000,0.017254,8.00,tb-pullback_rs-LINKUSDT-1611979200-B,tb-pullback_rs-LINKUSDT-1612008000-S
BTC/USDT,pullback_rsi,2021-02-01 00:00,33126.07,2021-02-01 04:00,33539.67,signal,0.01444,0.9633158022,5.0090681978,0.010472,4.00,tb-pullback_rsi-BTCUSDT-1612123200-B,tb-pullback_rsi-BTCUSDT-1612137600-S
ADA/USDT,pullback_rsi,2021-02-01 00:00,0.3450,2021-02-01 08:00,0.3469,signal,1326.3,0.918149970000,1.601820030000,0.003501,8.00,tb-pullback_rsi-ADAUSDT-1612123200-B,tb-pullback_rsi-ADAUSDT-1612152000-S
LINK/USDT,pullback_rsi,2021-01-31 20:00,22.489,2021-02-01 20:00,22.404,signal,20.30,0.91200257000,-2.63750257000,-0.005777,24.00,tb-pullback_rs-LINKUSDT-1612108800-B,tb-pullback_rs-LINKUSDT-1612195200-S
XRP/USDT,pullback_rsi,2021-02-02 04:00,0.3728,2021-02-03 08:00,0.3825,signal,256.9,0.194148410000,2.297781590000,0.023992,28.00,tb-pullback_rsi-XRPUSDT-1612224000-B,tb-pullback_rsi-XRPUSDT-1612324800-S
LINK/USDT,pullback_rsi,2021-02-04 20:00,24.408,2021-02-05 00:00,24.459,signal,19.00,0.92896116000,0.04003884000,0.000086,4.00,tb-pullback_rs-LINKUSDT-1612454400-B,tb-pullback_rs-LINKUSDT-1612468800-S
LTC/USDT,pullback_rsi,2021-02-04 20:00,147.61,2021-02-05 08:00,151.89,signal,3.080,0.9230504400,12.2593495600,0.026965,12.00,tb-pullback_rsi-LTCUSDT-1612454400-B,tb-pullback_rsi-LTCUSDT-1612497600-S
BTC/USDT,pullback_rsi,2021-02-10 20:00,45235.25,2021-02-11 12:00,46015.41,signal,0.01145,1.0457247575,7.8871072425,0.015228,16.00,tb-pullback_rsi-BTCUSDT-1612972800-B,tb-pullback_rsi-BTCUSDT-1613030400-S
ETH/USDT,pullback_rsi,2021-02-10 20:00,1744.47,2021-02-11 12:00,1761.59,signal,0.2833,0.9937901420,3.8563058580,0.007803,16.00,tb-pullback_rsi-ETHUSDT-1612972800-B,tb-pullback_rsi-ETHUSDT-1613030400-S
BNB/USDT,pullback_rsi,2021-02-13 16:00,130.85,2021-02-13 20:00,132.87,signal,2.371,0.6256726700,4.1637473300,0.013421,4.00,tb-pullback_rsi-BNBUSDT-1613217600-B,tb-pullback_rsi-BNBUSDT-1613232000-S
ADA/USDT,pullback_rsi,2021-02-13 16:00,0.8977,2021-02-14 00:00,0.9121,signal,363.4,0.658040400000,4.574919600000,0.014024,8.00,tb-pullback_rsi-ADAUSDT-1613217600-B,tb-pullback_rsi-ADAUSDT-1613246400-S
ADA/USDT,pullback_rsi,2021-02-14 20:00,0.8460,2021-02-15 03:59,0.7225,stop,389.7,0.611582850000,-48.739532850000,-0.147836,8.00,tb-pullback_rsi-ADAUSDT-1613318400-B,tb-pullback_rsi-ADAUSDT-1613347200-X
ETH/USDT,pullback_rsi,2021-02-15 08:00,1751.43,2021-02-15 12:00,1785.97,signal,0.3383,1.1974029910,10.4874790090,0.017700,4.00,tb-pullback_rsi-ETHUSDT-1613361600-B,tb-pullback_rsi-ETHUSDT-1613376000-S
LTC/USDT,pullback_rsi,2021-02-15 08:00,202.18,2021-02-15 16:00,211.38,signal,1.520,0.6290155600,13.3549844400,0.043457,8.00,tb-pullback_rsi-LTCUSDT-1613361600-B,tb-pullback_rsi-LTCUSDT-1613390400-S
XRP/USDT,pullback_rsi,2021-02-15 08:00,0.5633,2021-02-15 20:00,0.5779,signal,483.3,0.551823610000,6.504356390000,0.023892,12.00,tb-pullback_rsi-XRPUSDT-1613361600-B,tb-pullback_rsi-XRPUSDT-1613404800-S
BNB/USDT,pullback_rsi,2021-02-17 00:00,130.32,2021-02-17 08:00,130.75,signal,3.141,0.8205421500,0.5300878500,0.001295,8.00,tb-pullback_rsi-BNBUSDT-1613505600-B,tb-pullback_rsi-BNBUSDT-1613534400-S
ETH/USDT,pullback_rsi,2021-02-17 00:00,1783.78,2021-02-17 08:00,1804.34,signal,0.3470,1.2457911520,5.8885288480,0.009513,8.00,tb-pullback_rsi-ETHUSDT-1613505600-B,tb-pullback_rsi-ETHUSDT-1613534400-S
LINK/USDT,pullback_rsi,2021-02-17 00:00,31.995,2021-02-17 12:00,31.895,signal,11.00,0.70342990000,-1.80342990000,-0.005124,12.00,tb-pullback_rs-LINKUSDT-1613505600-B,tb-pullback_rs-LINKUSDT-1613548800-S
BNB/USDT,pullback_rsi,2021-02-21 04:00,268.83,2021-02-21 12:00,284.19,signal,0.674,0.3730043100,9.9796356900,0.055078,8.00,tb-pullback_rsi-BNBUSDT-1613865600-B,tb-pullback_rsi-BNBUSDT-1613894400-S
XRP/USDT,pullback_rsi,2021-02-21 04:00,0.5257,2021-02-21 12:00,0.5485,signal,661.7,0.711166130000,14.375593870000,0.041326,8.00,tb-pullback_rsi-XRPUSDT-1613865600-B,tb-pullback_rsi-XRPUSDT-1613894400-S
LTC/USDT,pullback_rsi,2021-02-21 12:00,228.76,2021-02-21 16:00,229.81,signal,1.797,0.8245078100,1.0623421900,0.002584,4.00,tb-pullback_rsi-LTCUSDT-1613894400-B,tb-pullback_rsi-LTCUSDT-1613908800-S
ETH/USDT,pullback_rsi,2021-02-22 08:00,1888.50,2021-02-22 15:59,1739.67,stop,0.3255,1.1817247400,-49.6258897400,-0.080731,8.00,tb-pullback_rsi-ETHUSDT-1613966400-B,tb-pullback_rsi-ETHUSDT-1613995200-X
ADA/USDT,pullback_rsi,2021-02-22 08:00,1.0716,2021-02-22 15:59,0.9216,stop,321.3,0.640843800000,-48.835843800000,-0.141839,8.00,tb-pullback_rsi-ADAUSDT-1613966400-B,tb-pullback_rsi-ADAUSDT-1613995200-X
LTC/USDT,pullback_rsi,2021-02-22 08:00,223.13,2021-02-22 15:59,198.22,stop,1.938,0.8170225600,-49.0926025600,-0.113528,8.00,tb-pullback_rsi-LTCUSDT-1613966400-B,tb-pullback_rsi-LTCUSDT-1613995200-X
ETH/USDT,pullback_rsi,2021-02-22 20:00,1748.16,2021-02-23 11:59,1549.61,stop,0.2393,0.7896808060,-48.3026958060,-0.115464,16.00,tb-pullback_rsi-ETHUSDT-1614009600-B,tb-pullback_rsi-ETHUSDT-1614067200-X
LINK/USDT,pullback_rsi,2021-02-22 20:00,30.547,2021-02-23 11:59,25.592,stop,9.56,0.53699431000,-47.90679431000,-0.164048,16.00,tb-pullback_rs-LINKUSDT-1614009600-B,tb-pullback_rs-LINKUSDT-1614067200-X
LTC/USDT,pullback_rsi,2021-02-22 20:00,202.73,2021-02-23 11:59,172.60,stop,1.574,0.5911748800,-48.0157948800,-0.150474,16.00,tb-pullback_rsi-LTCUSDT-1614009600-B,tb-pullback_rsi-LTCUSDT-1614067200-X
BNB/USDT,pullback_rsi,2021-02-23 16:00,230.76,2021-02-24 04:00,247.19,signal,0.631,0.3018172100,10.0655127900,0.069127,12.00,tb-pullback_rsi-BNBUSDT-1614081600-B,tb-pullback_rsi-BNBUSDT-1614124800-S
BTC/USDT,pullback_rsi,2021-02-23 16:00,48650.63,2021-02-24 04:00,50818.90,signal,0.00741,0.7375557246,15.3293249754,0.042522,12.00,tb-pullback_rsi-BTCUSDT-1614081600-B,tb-pullback_rsi-BTCUSDT-1614124800-S
XRP/USDT,pullback_rsi,2021-02-23 16:00,0.4682,2021-02-24 04:00,0.4953,signal,354.1,0.341362630000,9.254747370000,0.055822,12.00,tb-pullback_rsi-XRPUSDT-1614081600-B,tb-pullback_rsi-XRPUSDT-1614124800-S
BTC/USDT,pullback_rsi,2021-02-26 04:00,47378.68,2021-02-26 16:00,47543.06,signal,0.00824,0.7826289200,0.5718622800,0.001465,12.00,tb-pullback_rsi-BTCUSDT-1614297600-B,tb-pullback_rsi-BTCUSDT-1614340800-S
BNB/USDT,pullback_rsi,2021-02-26 12:00,225.01,2021-02-27 08:00,231.55,signal,0.792,0.3618205300,4.8178594700,0.027035,20.00,tb-pullback_rsi-BNBUSDT-1614326400-B,tb-pullback_rsi-BNBUSDT-1614398400-S
ADA/USDT,pullback_rsi,2021-02-28 08:00,1.1980,2021-03-01 00:00,1.3114,signal,175.5,0.440639300000,19.461060700000,0.092562,16.00,tb-pullback_rsi-ADAUSDT-1614484800-B,tb-pullback_rsi-ADAUSDT-1614542400-S
BTC/USDT,pullback_rsi,2021-02-28 12:00,45332.54,2021-03-01 00:00,45088.97,signal,0.00935,0.8458944444,-3.1232739444,-0.007369,12.00,tb-pullback_rsi-BTCUSDT-1614499200-B,tb-pullback_rsi-BTCUSDT-1614542400-S
BNB/USDT,pullback_rsi,2021-02-28 12:00,216.77,2021-03-01 04:00,224.41,signal,1.108,0.4892609800,7.9758590200,0.033208,16.00,tb-pullback_rsi-BNBUSDT-1614499200-B,tb-pullback_rsi-BNBUSDT-1614556800-S
BNB/USDT,pullback_rsi,2021-03-03 00:00,239.97,2021-03-03 08:00,248.85,signal,1.178,0.5763099000,9.8843301000,0.034966,8.00,tb-pullback_rsi-BNBUSDT-1614715200-B,tb-pullback_rsi-BNBUSDT-1614744000-S
LINK/USDT,pullback_rsi,2021-03-04 08:00,29.629,2021-03-05 03:59,26.160,stop,13.59,0.75876509000,-47.90247509000,-0.118966,20.00,tb-pullback_rs-LINKUSDT-1614830400-B,tb-pullback_rs-LINKUSDT-1614902400-X
ADA/USDT,pullback_rsi,2021-03-04 08:00,1.2044,2021-03-05 03:59,1.0565,stop,318.7,0.721030590000,-47.856760590000,-0.124678,20.00,tb-pullback_rsi-ADAUSDT-1614830400-B,tb-pullback_rsi-ADAUSDT-1614902400-X
ADA/USDT,pullback_rsi,2021-03-05 08:00,1.1412,2021-03-05 16:00,1.1658,signal,280.3,0.646994460000,6.248385540000,0.019534,8.00,tb-pullback_rsi-ADAUSDT-1614916800-B,tb-pullback_rsi-ADAUSDT-1614945600-S
BNB/USDT,pullback_rsi,2021-03-05 08:00,224.48,2021-03-05 20:00,227.55,signal,1.542,0.6974792200,4.0364607800,0.011661,12.00,tb-pullback_rsi-BNBUSDT-1614916800-B,tb-pullback_rsi-BNBUSDT-1614960000-S
SOL/USDT,pullback_rsi,2021-03-05 00:00,13.08,2021-03-06 20:00,12.88,signal,27.625,0.7175112400,-6.2425112400,-0.017276,44.00,tb-pullback_rsi-SOLUSDT-1614888000-B,tb-pullback_rsi-SOLUSDT-1615046400-S
BTC/USDT,pullback_rsi,2021-03-06 20:00,48389.35,2021-03-07 00:00,48833.31,signal,0.01248,1.2143065850,4.3263142150,0.007164,4.00,tb-pullback_rsi-BTCUSDT-1615046400-B,tb-pullback_rsi-BTCUSDT-1615060800-S
ADA/USDT,pullback_rsi,2021-03-07 00:00,1.1302,2021-03-07 08:00,1.1288,signal,342.4,0.773933680000,-1.253293680000,-0.003239,8.00,tb-pullback_rsi-ADAUSDT-1615060800-B,tb-pullback_rsi-ADAUSDT-1615089600-S
SOL/USDT,pullback_rsi,2021-03-11 12:00,14.11,2021-03-11 16:00,14.23,signal,38.192,1.0829115700,3.5001284300,0.006495,4.00,tb-pullback_rsi-SOLUSDT-1615449600-B,tb-pullback_rsi-SOLUSDT-1615464000-S
LINK/USDT,pullback_rsi,2021-03-11 12:00,29.464,2021-03-12 00:00,30.092,signal,18.37,1.09463300000,10.44172700000,0.019292,12.00,tb-pullback_rs-LINKUSDT-1615449600-B,tb-pullback_rs-LINKUSDT-1615492800-S
ADA/USDT,pullback_rsi,2021-03-11 12:00,1.1263,2021-03-12 15:59,1.0379,stop,530.8,1.149433140000,-48.072153140000,-0.080410,28.00,tb-pullback_rsi-ADAUSDT-1615449600-B,tb-pullback_rsi-ADAUSDT-1615550400-X
BNB/USDT,pullback_rsi,2021-03-13 00:00,263.46,2021-03-13 08:00,270.22,signal,1.344,0.7177928400,8.3676471600,0.023631,8.00,tb-pullback_rsi-BNBUSDT-1615579200-B,tb-pullback_rsi-BNBUSDT-1615608000-S
ETH/USDT,pullback_rsi,2021-03-13 00:00,1767.90,2021-03-13 08:00,1788.37,signal,0.3505,1.2471798000,5.9275552000,0.009566,8.00,tb-pullback_rsi-ETHUSDT-1615579200-B,tb-pullback_rsi-ETHUSDT-1615608000-S
LINK/USDT,pullback_rsi,2021-03-13 00:00,28.381,2021-03-13 12:00,29.963,signal,18.49,1.07934818000,28.17183182000,0.053685,12.00,tb-pullback_rs-LINKUSDT-1615579200-B,tb-pullback_rs-LINKUSDT-1615622400-S
LTC/USDT,pullback_rsi,2021-03-14 12:00,220.03,2021-03-15 11:59,201.05,stop,2.470,1.0407276900,-47.9213276900,-0.088176,24.00,tb-pullback_rsi-LTCUSDT-1615708800-B,tb-pullback_rsi-LTCUSDT-1615795200-X
BNB/USDT,pullback_rsi,2021-03-14 12:00,270.76,2021-03-16 03:59,240.53,stop,1.546,0.7909958600,-47.5265758600,-0.113538,40.00,tb-pullback_rsi-BNBUSDT-1615708800-B,tb-pullback_rsi-BNBUSDT-1615852800-X
LINK/USDT,pullback_rsi,2021-03-14 20:00,29.264,2021-03-16 03:59,26.763,stop,18.74,1.05053126000,-47.91927126000,-0.087379,32.00,tb-pullback_rs-LINKUSDT-1615737600-B,tb-pullback_rs-LINKUSDT-1615852800-X
ADA/USDT,pullback_rsi,2021-03-15 16:00,1.0312,2021-03-16 08:00,1.0425,signal,442.4,0.917920480000,4.081199520000,0.008946,16.00,tb-pullback_rsi-ADAUSDT-1615809600-B,tb-pullback_rsi-ADAUSDT-1615867200-S
BTC/USDT,pullback_rsi,2021-03-16 08:00,55295.05,2021-03-16 16:00,55789.07,signal,0.01015,1.1286097185,3.8856932815,0.006923,8.00,tb-pullback_rsi-BTCUSDT-1615867200-B,tb-pullback_rsi-BTCUSDT-1615896000-S
LTC/USDT,pullback_rsi,2021-03-16 08:00,203.65,2021-03-17 20:00,203.09,signal,2.234,0.9092681100,-2.1603081100,-0.004748,36.00,tb-pullback_rsi-LTCUSDT-1615867200-B,tb-pullback_rsi-LTCUSDT-1615996800-S
SOL/USDT,pullback_rsi,2021-03-17 08:00,13.54,2021-03-17 20:00,14.15,signal,38.008,1.0529695800,22.1319104200,0.043006,12.00,tb-pullback_rsi-SOLUSDT-1615953600-B,tb-pullback_rsi-SOLUSDT-1615996800-S
ADA/USDT,pullback_rsi,2021-03-19 04:00,1.2370,2021-03-19 16:00,1.2789,signal,245.7,0.618527730000,9.676302270000,0.031837,12.00,tb-pullback_rsi-ADAUSDT-1616112000-B,tb-pullback_rsi-ADAUSDT-1616155200-S
XRP/USDT,pullback_rsi,2021-03-20 04:00,0.4741,2021-03-20 08:00,0.4818,signal,1473.7,1.409420980000,9.938069020000,0.014224,4.00,tb-pullback_rsi-XRPUSDT-1616198400-B,tb-pullback_rsi-XRPUSDT-1616212800-S
BTC/USDT,pullback_rsi,2021-03-21 16:00,57216.20,2021-03-21 20:00,57459.48,signal,0.01341,1.5389451960,1.7234396040,0.002246,4.00,tb-pullback_rsi-BTCUSDT-1616328000-B,tb-pullback_rsi-BTCUSDT-1616342400-S
LTC/USDT,pullback_rsi,2021-03-21 16:00,195.65,2021-03-22 12:00,196.11,signal,3.877,1.5196361200,0.2637838800,0.000348,20.00,tb-pullback_rsi-LTCUSDT-1616328000-B,tb-pullback_rsi-LTCUSDT-1616400000-S
ADA/USDT,pullback_rsi,2021-03-21 04:00,1.2248,2021-03-22 23:59,1.0845,stop,329.9,0.762327990000,-47.047297990000,-0.116436,44.00,tb-pullback_rsi-ADAUSDT-1616284800-B,tb-pullback_rsi-ADAUSDT-1616443200-X
SOL/USDT,pullback_rsi,2021-03-31 12:00,19.47,2021-03-31 16:00,19.39,signal,21.526,0.8369287000,-2.5590087000,-0.006106,4.00,tb-pullback_rsi-SOLUSDT-1617177600-B,tb-pullback_rsi-SOLUSDT-1617192000-S
LTC/USDT,pullback_rsi,2021-03-31 16:00,193.50,2021-04-01 00:00,196.49,signal,3.650,1.4242375000,9.4892625000,0.013436,8.00,tb-pullback_rsi-LTCUSDT-1617192000-B,tb-pullback_rsi-LTCUSDT-1617220800-S
XRP/USDT,pullback_rsi,2021-03-31 16:00,0.5492,2021-04-01 00:00,0.5692,signal,995.7,1.114140080000,18.799859920000,0.034379,8.00,tb-pullback_rsi-XRPUSDT-1617192000-B,tb-pullback_rsi-XRPUSDT-1617220800-S
SOL/USDT,pullback_rsi,2021-04-02 08:00,19.04,2021-04-02 16:00,19.47,signal,25.548,0.9843485200,10.0012914800,0.020560,8.00,tb-pullback_rsi-SOLUSDT-1617336000-B,tb-pullback_rsi-SOLUSDT-1617364800-S
BTC/USDT,pullback_rsi,2021-04-04 04:00,57549.92,2021-04-04 16:00,57860.19,signal,0.01768,2.0416017440,3.4439718560,0.003385,12.00,tb-pullback_rsi-BTCUSDT-1617494400-B,tb-pullback_rsi-BTCUSDT-1617537600-S
ADA/USDT,pullback_rsi,2021-04-04 04:00,1.1820,2021-04-04 20:00,1.1794,signal,601.3,1.420737220000,-2.984117220000,-0.004199,16.00,tb-pullback_rsi-ADAUSDT-1617494400-B,tb-pullback_rsi-ADAUSDT-1617552000-S
LTC/USDT,pullback_rsi,2021-04-04 04:00,199.45,2021-04-04 20:00,201.54,signal,2.601,1.0435733400,4.3925166600,0.008467,16.00,tb-pullback_rsi-LTCUSDT-1617494400-B,tb-pullback_rsi-LTCUSDT-1617552000-S
BTC/USDT,pullback_rsi,2021-04-06 20:00,58283.24,2021-04-07 11:59,55904.32,stop,0.01975,2.2563699748,-49.2400399748,-0.042777,16.00,tb-pullback_rsi-BTCUSDT-1617724800-B,tb-pullback_rsi-BTCUSDT-1617782400-X
BNB/USDT,pullback_rsi,2021-04-07 16:00,374.69,2021-04-08 04:00,396.42,signal,0.940,0.7252180900,19.7009819100,0.055936,12.00,tb-pullback_rsi-BNBUSDT-1617796800-B,tb-pullback_rsi-BNBUSDT-1617840000-S
BTC/USDT,pullback_rsi,2021-04-07 16:00,56507.92,2021-04-08 08:00,56966.60,signal,0.01700,1.9301969984,5.8673630016,0.006108,16.00,tb-pullback_rsi-BTCUSDT-1617796800-B,tb-pullback_rsi-BTCUSDT-1617854400-S
ETH/USDT,pullback_rsi,2021-04-07 20:00,1985.63,2021-04-08 08:00,2025.76,signal,0.3145,1.2623764070,11.3585085930,0.018189,12.00,tb-pullback_rsi-ETHUSDT-1617811200-B,tb-pullback_rsi-ETHUSDT-1617854400-S
LINK/USDT,pullback_rsi,2021-04-10 04:00,32.523,2021-04-10 08:00,32.462,signal,16.28,1.05860626000,-2.05168626000,-0.003875,4.00,tb-pullback_rs-LINKUSDT-1618012800-B,tb-pullback_rs-LINKUSDT-1618027200-S
LINK/USDT,pullback_rsi,2021-04-11 00:00,31.930,2021-04-11 04:00,32.285,signal,17.85,1.14687635000,5.18987365000,0.009106,4.00,tb-pullback_rs-LINKUSDT-1618084800-B,tb-pullback_rs-LINKUSDT-1618099200-S
LINK/USDT,pullback_rsi,2021-04-12 20:00,32.958,2021-04-13 12:00,33.572,signal,17.75,1.18156666000,9.71693334000,0.016610,16.00,tb-pullback_rs-LINKUSDT-1618243200-B,tb-pullback_rs-LINKUSDT-1618300800-S
SOL/USDT,pullback_rsi,2021-04-15 00:00,26.45,2021-04-15 08:00,26.72,signal,13.983,0.7438464100,3.0315635900,0.008197,8.00,tb-pullback_rsi-SOLUSDT-1618430400-B,tb-pullback_rsi-SOLUSDT-1618459200-S
BTC/USDT,pullback_rsi,2021-04-15 00:00,63022.49,2021-04-15 20:00,63299.92,signal,0.01430,1.8076709168,2.1595780832,0.002396,20.00,tb-pullback_rsi-BTCUSDT-1618430400-B,tb-pullback_rsi-BTCUSDT-1618502400-S
BNB/USDT,pullback_rsi,2021-04-15 00:00,550.57,2021-04-17 00:00,507.75,signal,0.600,0.6355425700,-26.3275425700,-0.079698,48.00,tb-pullback_rsi-BNBUSDT-1618430400-B,tb-pullback_rsi-BNBUSDT-1618603200-S
BTC/USDT,pullback_rsi,2021-04-16 16:00,61613.18,2021-04-17 04:00,62309.89,signal,0.01473,1.8266190850,8.4359192150,0.009295,12.00,tb-pullback_rsi-BTCUSDT-1618574400-B,tb-pullback_rsi-BTCUSDT-1618617600-S
SOL/USDT,pullback_rsi,2021-04-17 04:00,25.79,2021-04-17 08:00,26.16,signal,16.046,0.8340281300,5.1029918700,0.012331,4.00,tb-pullback_rsi-SOLUSDT-1618617600-B,tb-pullback_rsi-SOLUSDT-1618632000-S
XRP/USDT,pullback_rsi,2021-04-16 16:00,1.6596,2021-04-17 08:00,1.7074,signal,130.5,0.439725420000,5.798174580000,0.026772,16.00,tb-pullback_rsi-XRPUSDT-1618574400-B,tb-pullback_rsi-XRPUSDT-1618632000-S
ETH/USDT,pullback_rsi,2021-04-17 20:00,2381.03,2021-04-18 03:59,2197.57,stop,0.2530,1.1591001090,-47.5744801090,-0.078975,8.00,tb-pullback_rsi-ETHUSDT-1618675200-B,tb-pullback_rsi-ETHUSDT-1618704000-X
ADA/USDT,pullback_rsi,2021-04-17 20:00,1.3920,2021-04-18 03:59,1.2433,stop,311.0,0.820135100000,-47.065835100000,-0.108719,8.00,tb-pullback_rsi-ADAUSDT-1618675200-B,tb-pullback_rsi-ADAUSDT-1618704000-X
BTC/USDT,pullback_rsi,2021-04-17 20:00,60765.73,2021-04-18 03:59,57731.94,stop,0.01540,1.8260794366,-48.5464454366,-0.051877,8.00,tb-pullback_rsi-BTCUSDT-1618675200-B,tb-pullback_rsi-BTCUSDT-1618704000-X
SOL/USDT,pullback_rsi,2021-04-18 08:00,27.28,2021-04-18 16:00,28.09,signal,11.143,0.6173152700,8.4085147300,0.027661,8.00,tb-pullback_rsi-SOLUSDT-1618718400-B,tb-pullback_rsi-SOLUSDT-1618747200-S
LINK/USDT,pullback_rsi,2021-04-18 08:00,36.675,2021-04-18 20:00,38.388,signal,6.34,0.47626617000,10.38415383000,0.044659,12.00,tb-pullback_rs-LINKUSDT-1618718400-B,tb-pullback_rs-LINKUSDT-1618761600-S
XRP/USDT,pullback_rsi,2021-04-18 08:00,1.3691,2021-04-19 00:00,1.4065,signal,121.5,0.337509220000,4.206590780000,0.025288,16.00,tb-pullback_rsi-XRPUSDT-1618718400-B,tb-pullback_rsi-XRPUSDT-1618776000-S
SOL/USDT,pullback_rsi,2021-05-04 08:00,45.97,2021-05-04 12:00,47.02,signal,8.787,0.8175168600,8.4088331400,0.020817,4.00,tb-pullback_rsi-SOLUSDT-1620100800-B,tb-pullback_rsi-SOLUSDT-1620115200-S
BNB/USDT,pullback_rsi,2021-05-04 20:00,631.34,2021-05-05 08:00,641.94,signal,0.748,0.9530447800,6.9757552200,0.014772,12.00,tb-pullback_rsi-BNBUSDT-1620144000-B,tb-pullback_rsi-BNBUSDT-1620187200-S
XRP/USDT,pullback_rsi,2021-05-04 08:00,1.4567,2021-05-05 08:00,1.4503,signal,254.7,0.740849910000,-2.370929910000,-0.006390,24.00,tb-pullback_rsi-XRPUSDT-1620100800-B,tb-pullback_rsi-XRPUSDT-1620187200-S
BTC/USDT,pullback_rsi,2021-05-04 08:00,55973.90,2021-05-05 12:00,55053.84,signal,0.01448,1.6088011500,-14.9312699500,-0.018422,28.00,tb-pullback_rsi-BTCUSDT-1620100800-B,tb-pullback_rsi-BTCUSDT-1620201600-S
ADA/USDT,pullback_rsi,2021-05-08 20:00,1.6194,2021-05-09 00:00,1.6189,signal,237.9,0.770877390000,-0.889827390000,-0.002310,4.00,tb-pullback_rsi-ADAUSDT-1620489600-B,tb-pullback_rsi-ADAUSDT-1620504000-S
LINK/USDT,pullback_rsi,2021-05-08 20:00,47.819,2021-05-09 00:00,48.558,signal,7.97,0.76860288000,5.12122712000,0.013437,4.00,tb-pullback_rs-LINKUSDT-1620489600-B,tb-pullback_rs-LINKUSDT-1620504000-S
XRP/USDT,pullback_rsi,2021-05-08 20:00,1.5798,2021-05-10 00:00,1.5327,signal,232.5,0.724130190000,-11.674880190000,-0.031785,28.00,tb-pullback_rsi-XRPUSDT-1620489600-B,tb-pullback_rsi-XRPUSDT-1620590400-S
BTC/USDT,pullback_rsi,2021-05-10 00:00,58299.08,2021-05-10 04:00,59297.41,signal,0.01355,1.5945984256,11.9327730744,0.015106,4.00,tb-pullback_rsi-BTCUSDT-1620590400-B,tb-pullback_rsi-BTCUSDT-1620604800-S
BTC/USDT,pullback_rsi,2021-08-12 20:00,44416.18,2021-08-13 04:00,44802.42,signal,0.01834,1.6371574448,5.4464841552,0.006686,8.00,tb-pullback_rsi-BTCUSDT-1628784000-B,tb-pullback_rsi-BTCUSDT-1628812800-S
ETH/USDT,pullback_rsi,2021-08-12 20:00,3051.61,2021-08-13 04:00,3085.14,signal,0.1958,1.2021859700,5.3629880300,0.008976,8.00,tb-pullback_rsi-ETHUSDT-1628784000-B,tb-pullback_rsi-ETHUSDT-1628812800-S
LINK/USDT,pullback_rsi,2021-08-12 20:00,24.787,2021-08-13 04:00,25.254,signal,18.99,0.95077433000,7.91755567000,0.016821,8.00,tb-pullback_rs-LINKUSDT-1628784000-B,tb-pullback_rs-LINKUSDT-1628812800-S
LINK/USDT,pullback_rsi,2021-08-15 12:00,26.599,2021-08-15 20:00,26.800,signal,19.79,1.05729819000,2.92049181000,0.005548,8.00,tb-pullback_rs-LINKUSDT-1629014400-B,tb-pullback_rs-LINKUSDT-1629043200-S
ADA/USDT,pullback_rsi,2021-08-15 12:00,2.1259,2021-08-16 00:00,2.1645,signal,187.4,0.804446140000,6.429193860000,0.016138,12.00,tb-pullback_rsi-ADAUSDT-1629014400-B,tb-pullback_rsi-ADAUSDT-1629057600-S
BTC/USDT,pullback_rsi,2021-08-15 12:00,45969.50,2021-08-16 00:00,46926.84,signal,0.01986,1.8458407000,17.1669317000,0.018804,12.00,tb-pullback_rsi-BTCUSDT-1629014400-B,tb-pullback_rsi-BTCUSDT-1629057600-S
BTC/USDT,pullback_rsi,2021-08-17 04:00,46463.42,2021-08-17 12:00,46798.30,signal,0.01916,1.7878238256,4.6284769744,0.005199,8.00,tb-pullback_rsi-BTCUSDT-1629158400-B,tb-pullback_rsi-BTCUSDT-1629187200-S
ETH/USDT,pullback_rsi,2021-08-17 04:00,3198.17,2021-08-17 12:00,3254.45,signal,0.2254,1.4553799990,11.2301320010,0.015579,8.00,tb-pullback_rsi-ETHUSDT-1629158400-B,tb-pullback_rsi-ETHUSDT-1629187200-S
XRP/USDT,pullback_rsi,2021-08-17 04:00,1.2093,2021-08-18 16:00,1.1421,signal,270.0,0.635240790000,-18.779240790000,-0.057515,36.00,tb-pullback_rsi-XRPUSDT-1629158400-B,tb-pullback_rsi-XRPUSDT-1629288000-S
SOL/USDT,pullback_rsi,2021-08-22 00:00,73.93,2021-08-22 08:00,75.44,signal,4.424,0.6611825300,6.0190574700,0.018403,8.00,tb-pullback_rsi-SOLUSDT-1629576000-B,tb-pullback_rsi-SOLUSDT-1629604800-S
ETH/USDT,pullback_rsi,2021-08-23 00:00,3241.24,2021-08-23 04:00,3336.87,signal,0.2534,1.6678654480,22.5647765520,0.027473,4.00,tb-pullback_rsi-ETHUSDT-1629662400-B,tb-pullback_rsi-ETHUSDT-1629676800-S
BNB/USDT,pullback_rsi,2021-08-24 20:00,478.54,2021-08-25 08:00,487.40,signal,1.261,1.2190074200,9.9534525800,0.016495,12.00,tb-pullback_rsi-BNBUSDT-1629820800-B,tb-pullback_rsi-BNBUSDT-1629864000-S
ETH/USDT,pullback_rsi,2021-08-24 20:00,3220.67,2021-08-25 16:00,3213.95,signal,0.2532,1.6302119850,-3.3317159850,-0.004086,20.00,tb-pullback_rsi-ETHUSDT-1629820800-B,tb-pullback_rsi-ETHUSDT-1629892800-S
SOL/USDT,pullback_rsi,2021-08-25 16:00,71.35,2021-08-26 00:00,71.91,signal,4.930,0.7066285500,2.0541714500,0.005840,8.00,tb-pullback_rsi-SOLUSDT-1629892800-B,tb-pullback_rsi-SOLUSDT-1629921600-S
ADA/USDT,pullback_rsi,2021-08-24 20:00,2.7961,2021-08-26 19:59,2.4874,stop,148.9,0.787272370000,-46.752702370000,-0.112295,48.00,tb-pullback_rsi-ADAUSDT-1629820800-B,tb-pullback_rsi-ADAUSDT-1629993600-X
BTC/USDT,pullback_rsi,2021-08-26 20:00,46981.16,2021-08-27 08:00,47432.29,signal,0.01978,1.8684376680,7.0549137320,0.007592,12.00,tb-pullback_rsi-BTCUSDT-1629993600-B,tb-pullback_rsi-BTCUSDT-1630036800-S
ETH/USDT,pullback_rsi,2021-08-26 16:00,3107.87,2021-08-27 08:00,3123.04,signal,0.2414,1.5050740390,2.1569639610,0.002875,16.00,tb-pullback_rsi-ETHUSDT-1629979200-B,tb-pullback_rsi-ETHUSDT-1630036800-S
LTC/USDT,pullback_rsi,2021-08-26 20:00,168.37,2021-08-27 08:00,169.43,signal,3.524,1.1910806800,2.5443593200,0.004288,12.00,tb-pullback_rsi-LTCUSDT-1629993600-B,tb-pullback_rsi-LTCUSDT-1630036800-S
BNB/USDT,pullback_rsi,2021-08-30 08:00,478.88,2021-08-30 20:00,477.62,signal,1.741,1.6662242600,-3.8598842600,-0.004630,12.00,tb-pullback_rsi-BNBUSDT-1630296000-B,tb-pullback_rsi-BNBUSDT-1630339200-S
LINK/USDT,pullback_rsi,2021-08-30 16:00,25.005,2021-08-30 20:00,26.143,signal,25.96,1.32855223000,28.21392777000,0.043464,4.00,tb-pullback_rs-LINKUSDT-1630324800-B,tb-pullback_rs-LINKUSDT-1630339200-S
LTC/USDT,pullback_rsi,2021-08-30 08:00,172.88,2021-08-30 20:00,175.52,signal,4.358,1.5191916000,9.9859284000,0.013254,12.00,tb-pullback_rsi-LTCUSDT-1630296000-B,tb-pullback_rsi-LTCUSDT-1630339200-S
LINK/USDT,pullback_rsi,2021-09-05 00:00,29.920,2021-09-05 08:00,30.119,signal,20.56,1.23529944000,2.85614056000,0.004643,8.00,tb-pullback_rs-LINKUSDT-1630785600-B,tb-pullback_rs-LINKUSDT-1630814400-S
ETH/USDT,pullback_rsi,2021-09-04 16:00,3921.64,2021-09-05 12:00,3920.63,signal,0.2284,1.7923509580,-2.0230349580,-0.002259,20.00,tb-pullback_rsi-ETHUSDT-1630756800-B,tb-pullback_rsi-ETHUSDT-1630828800-S
XRP/USDT,pullback_rsi,2021-09-05 00:00,1.2561,2021-09-05 12:00,1.2606,signal,543.1,1.367573430000,1.076376570000,0.001578,12.00,tb-pullback_rsi-XRPUSDT-1630785600-B,tb-pullback_rsi-XRPUSDT-1630828800-S
ETH/USDT,pullback_rsi,2021-09-08 00:00,3438.28,2021-09-08 20:00,3519.62,signal,0.1345,0.9365252060,10.0037047940,0.021632,20.00,tb-pullback_rsi-ETHUSDT-1631044800-B,tb-pullback_rsi-ETHUSDT-1631116800-S
ADA/USDT,pullback_rsi,2021-09-08 00:00,2.5166,2021-09-09 00:00,2.4675,signal,125.7,0.627004690000,-6.798874690000,-0.021493,24.00,tb-pullback_rsi-ADAUSDT-1631044800-B,tb-pullback_rsi-ADAUSDT-1631131200-S
XRP/USDT,pullback_rsi,2021-09-08 00:00,1.1302,2021-09-09 08:00,1.1089,signal,265.6,0.595044020000,-6.252324020000,-0.020829,32.00,tb-pullback_rsi-XRPUSDT-1631044800-B,tb-pullback_rsi-XRPUSDT-1631160000-S
ETH/USDT,pullback_rsi,2021-09-10 20:00,3314.57,2021-09-11 12:00,3289.84,signal,0.1474,0.9741529520,-4.6193549520,-0.009455,16.00,tb-pullback_rsi-ETHUSDT-1631289600-B,tb-pullback_rsi-ETHUSDT-1631347200-S
SOL/USDT,pullback_rsi,2021-09-10 00:00,188.08,2021-09-11 16:00,188.23,signal,1.110,0.4180802600,-0.2515802600,-0.001205,40.00,tb-pullback_rsi-SOLUSDT-1631217600-B,tb-pullback_rsi-SOLUSDT-1631361600-S
SOL/USDT,pullback_rsi,2021-09-15 00:00,158.88,2021-09-15 08:00,161.86,signal,1.613,0.5176713800,4.2890686200,0.016736,8.00,tb-pullback_rsi-SOLUSDT-1631649600-B,tb-pullback_rsi-SOLUSDT-1631678400-S
SOL/USDT,pullback_rsi,2021-09-17 16:00,144.77,2021-09-18 00:00,147.44,signal,2.030,0.5936206100,4.8264793900,0.016423,8.00,tb-pullback_rsi-SOLUSDT-1631880000-B,tb-pullback_rsi-SOLUSDT-1631908800-S
ETH/USDT,pullback_rsi,2021-09-18 04:00,3454.82,2021-09-18 08:00,3499.71,signal,0.1994,1.3874242420,7.5636417580,0.010979,4.00,tb-pullback_rsi-ETHUSDT-1631923200-B,tb-pullback_rsi-ETHUSDT-1631937600-S
LINK/USDT,pullback_rsi,2021-09-18 04:00,28.299,2021-09-18 08:00,28.951,signal,16.12,0.92343598000,9.58680402000,0.021015,4.00,tb-pullback_rs-LINKUSDT-1631923200-B,tb-pullback_rs-LINKUSDT-1631937600-S
LTC/USDT,pullback_rsi,2021-09-17 04:00,186.19,2021-09-18 08:00,183.61,signal,2.860,1.0581865700,-8.4369865700,-0.015844,28.00,tb-pullback_rsi-LTCUSDT-1631836800-B,tb-pullback_rsi-LTCUSDT-1631937600-S
LINK/USDT,pullback_rsi,2021-09-19 08:00,28.659,2021-09-20 03:59,26.204,stop,18.82,1.03309484000,-47.23619484000,-0.087578,20.00,tb-pullback_rs-LINKUSDT-1632024000-B,tb-pullback_rs-LINKUSDT-1632096000-X
ETH/USDT,pullback_rsi,2021-09-19 08:00,3444.27,2021-09-20 03:59,3239.65,stop,0.2269,1.5176147340,-47.9458927340,-0.061351,20.00,tb-pullback_rsi-ETHUSDT-1632024000-B,tb-pullback_rsi-ETHUSDT-1632096000-X
LTC/USDT,pullback_rsi,2021-09-19 08:00,181.29,2021-09-20 03:59,168.84,stop,3.723,1.3042591500,-47.6556091500,-0.070607,20.00,tb-pullback_rsi-LTCUSDT-1632024000-B,tb-pullback_rsi-LTCUSDT-1632096000-X
BTC/USDT,pullback_rsi,2021-10-07 20:00,54016.72,2021-10-08 08:00,54774.55,signal,0.01602,1.7439164788,10.3965201212,0.012014,12.00,tb-pullback_rsi-BTCUSDT-1633622400-B,tb-pullback_rsi-BTCUSDT-1633665600-S
LTC/USDT,pullback_rsi,2021-10-08 08:00,179.98,2021-10-08 12:00,181.61,signal,3.195,1.1559999700,4.0518500300,0.007046,4.00,tb-pullback_rsi-LTCUSDT-1633665600-B,tb-pullback_rsi-LTCUSDT-1633680000-S
LINK/USDT,pullback_rsi,2021-10-08 08:00,27.058,2021-10-09 12:00,27.052,signal,20.23,1.09545704000,-1.21683704000,-0.002223,28.00,tb-pullback_rs-LINKUSDT-1633665600-B,tb-pullback_rs-LINKUSDT-1633766400-S
ETH/USDT,pullback_rsi,2021-10-10 08:00,3585.77,2021-10-11 03:59,3393.87,stop,0.2385,1.6657198760,-47.4338698760,-0.055465,20.00,tb-pullback_rsi-ETHUSDT-1633838400-B,tb-pullback_rsi-ETHUSDT-1633910400-X
BNB/USDT,pullback_rsi,2021-10-09 04:00,424.53,2021-10-11 04:00,415.38,signal,1.755,1.4748911100,-17.5331411100,-0.023533,48.00,tb-pullback_rsi-BNBUSDT-1633737600-B,tb-pullback_rsi-BNBUSDT-1633910400-S
SOL/USDT,pullback_rsi,2021-10-10 00:00,156.96,2021-10-11 19:59,143.55,stop,3.395,1.0208592900,-46.5478092900,-0.087352,44.00,tb-pullback_rsi-SOLUSDT-1633809600-B,tb-pullback_rsi-SOLUSDT-1633968000-X
LINK/USDT,pullback_rsi,2021-10-11 04:00,26.327,2021-10-12 03:59,24.355,stop,22.92,1.16242125000,-46.36066125000,-0.076830,24.00,tb-pullback_rs-LINKUSDT-1633910400-B,tb-pullback_rs-LINKUSDT-1633996800-X
BNB/USDT,pullback_rsi,2021-10-12 16:00,434.24,2021-10-12 20:00,433.66,signal,1.529,1.3278875800,-2.2147075800,-0.003336,4.00,tb-pullback_rsi-BNBUSDT-1634040000-B,tb-pullback_rsi-BNBUSDT-1634054400-S
LTC/USDT,pullback_rsi,2021-10-12 16:00,171.88,2021-10-13 04:00,173.92,signal,3.189,1.1034437200,5.4021162800,0.009856,12.00,tb-pullback_rsi-LTCUSDT-1634040000-B,tb-pullback_rsi-LTCUSDT-1634083200-S
XRP/USDT,pullback_rsi,2021-10-12 08:00,1.1025,2021-10-13 04:00,1.1178,signal,501.1,1.113253830000,6.553576170000,0.011862,20.00,tb-pullback_rsi-XRPUSDT-1634011200-B,tb-pullback_rsi-XRPUSDT-1634083200-S
BTC/USDT,pullback_rsi,2021-10-13 00:00,56052.91,2021-10-13 16:00,56112.68,signal,0.01437,1.6129405849,-0.7540456849,-0.000936,16.00,tb-pullback_rsi-BTCUSDT-1634068800-B,tb-pullback_rsi-BTCUSDT-1634126400-S
LINK/USDT,pullback_rsi,2021-10-15 20:00,27.048,2021-10-16 00:00,26.982,signal,20.74,1.12139364000,-2.49023364000,-0.004439,4.00,tb-pullback_rs-LINKUSDT-1634313600-B,tb-pullback_rs-LINKUSDT-1634328000-S
BNB/USDT,pullback_rsi,2021-10-17 00:00,466.27,2021-10-17 12:00,468.53,signal,1.280,1.1974765400,1.6953234600,0.002841,12.00,tb-pullback_rsi-BNBUSDT-1634414400-B,tb-pullback_rsi-BNBUSDT-1634457600-S
XRP/USDT,pullback_rsi,2021-10-17 12:00,1.1316,2021-10-17 23:59,1.0633,stop,659.4,1.448109180000,-46.485129180000,-0.062298,12.00,tb-pullback_rsi-XRPUSDT-1634457600-B,tb-pullback_rsi-XRPUSDT-1634500800-X
BTC/USDT,pullback_rsi,2021-10-17 00:00,60936.45,2021-10-18 00:00,61466.79,signal,0.01514,1.8544037820,6.1749438180,0.006693,24.00,tb-pullback_rsi-BTCUSDT-1634414400-B,tb-pullback_rsi-BTCUSDT-1634500800-S
ETH/USDT,pullback_rsi,2021-10-18 00:00,3850.85,2021-10-18 04:00,3849.10,signal,0.2025,1.5603951300,-1.9147701300,-0.002455,4.00,tb-pullback_rsi-ETHUSDT-1634500800-B,tb-pullback_rsi-ETHUSDT-1634515200-S
LTC/USDT,pullback_rsi,2021-10-17 20:00,184.19,2021-10-18 04:00,185.61,signal,4.202,1.5548205500,4.4120194500,0.005701,8.00,tb-pullback_rsi-LTCUSDT-1634486400-B,tb-pullback_rsi-LTCUSDT-1634515200-S
SOL/USDT,pullback_rsi,2021-10-18 20:00,156.91,2021-10-19 04:00,158.34,signal,3.851,1.2146553900,4.2922746100,0.007103,8.00,tb-pullback_rsi-SOLUSDT-1634572800-B,tb-pullback_rsi-SOLUSDT-1634601600-S
XRP/USDT,pullback_rsi,2021-10-18 04:00,1.0969,2021-10-19 04:00,1.0958,signal,587.8,1.289527200000,-1.936107200000,-0.003003,24.00,tb-pullback_rsi-XRPUSDT-1634515200-B,tb-pullback_rsi-XRPUSDT-1634601600-S
SOL/USDT,pullback_rsi,2021-10-20 00:00,155.93,2021-10-20 08:00,156.36,signal,4.520,1.4123304500,0.5312695500,0.000754,8.00,tb-pullback_rsi-SOLUSDT-1634673600-B,tb-pullback_rsi-SOLUSDT-1634702400-S
BNB/USDT,pullback_rsi,2021-10-21 20:00,475.18,2021-10-22 08:00,488.81,signal,1.618,1.5606861800,20.4926538200,0.026654,12.00,tb-pullback_rsi-BNBUSDT-1634832000-B,tb-pullback_rsi-BNBUSDT-1634875200-S
BTC/USDT,pullback_rsi,2021-10-22 04:00,63301.14,2021-10-23 12:00,61490.68,signal,0.01174,1.4663219864,-22.7211223864,-0.030574,32.00,tb-pullback_rsi-BTCUSDT-1634860800-B,tb-pullback_rsi-BTCUSDT-1634976000-S
ETH/USDT,pullback_rsi,2021-10-22 20:00,3987.46,2021-10-23 12:00,4035.20,signal,0.1651,1.3253386580,6.5565353420,0.009959,16.00,tb-pullback_rsi-ETHUSDT-1634918400-B,tb-pullback_rsi-ETHUSDT-1634976000-S
XRP/USDT,pullback_rsi,2021-10-22 04:00,1.1088,2021-10-23 16:00,1.0955,signal,676.4,1.491764680000,-10.487884680000,-0.013984,36.00,tb-pullback_rsi-XRPUSDT-1634860800-B,tb-pullback_rsi-XRPUSDT-1634990400-S
BTC/USDT,pullback_rsi,2021-10-24 20:00,60703.74,2021-10-25 00:00,60791.36,signal,0.01425,1.7325192498,-0.4839342498,-0.000559,4.00,tb-pullback_rsi-BTCUSDT-1635091200-B,tb-pullback_rsi-BTCUSDT-1635105600-S
SOL/USDT,pullback_rsi,2021-10-24 00:00,197.95,2021-10-25 00:00,201.94,signal,2.231,0.8927484400,8.0089415600,0.018135,24.00,tb-pullback_rsi-SOLUSDT-1635019200-B,tb-pullback_rsi-SOLUSDT-1635105600-S
BNB/USDT,pullback_rsi,2021-10-24 20:00,474.48,2021-10-25 04:00,479.61,signal,2.165,2.0670282900,9.0394217100,0.008800,8.00,tb-pullback_rsi-BNBUSDT-1635091200-B,tb-pullback_rsi-BNBUSDT-1635120000-S
LTC/USDT,pullback_rsi,2021-10-26 20:00,194.00,2021-10-27 00:00,197.30,signal,4.709,1.8436017000,13.6960983000,0.014992,4.00,tb-pullback_rsi-LTCUSDT-1635264000-B,tb-pullback_rsi-LTCUSDT-1635278400-S
SOL/USDT,pullback_rsi,2021-10-27 04:00,203.06,2021-10-27 11:59,184.07,stop,2.351,0.9107518100,-45.5562418100,-0.095427,8.00,tb-pullback_rsi-SOLUSDT-1635292800-B,tb-pullback_rsi-SOLUSDT-1635321600-X
BNB/USDT,pullback_rsi,2021-10-27 04:00,483.29,2021-10-27 11:59,465.35,stop,2.532,2.4034063500,-47.8274863500,-0.039085,8.00,tb-pullback_rsi-BNBUSDT-1635292800-B,tb-pullback_rsi-BNBUSDT-1635321600-X
BNB/USDT,pullback_rsi,2021-10-27 16:00,455.16,2021-10-28 12:00,477.82,signal,1.812,1.6914700800,39.3684499200,0.047734,20.00,tb-pullback_rsi-BNBUSDT-1635336000-B,tb-pullback_rsi-BNBUSDT-1635408000-S
BTC/USDT,pullback_rsi,2021-10-27 04:00,60775.05,2021-10-28 12:00,60899.65,signal,0.01585,1.9297594935,0.0451505065,0.000047,32.00,tb-pullback_rsi-BTCUSDT-1635292800-B,tb-pullback_rsi-BTCUSDT-1635408000-S
SOL/USDT,pullback_rsi,2021-10-27 20:00,189.49,2021-10-28 12:00,195.21,signal,2.065,0.7949739700,11.0168260300,0.028155,16.00,tb-pullback_rsi-SOLUSDT-1635350400-B,tb-pullback_rsi-SOLUSDT-1635408000-S
ETH/USDT,pullback_rsi,2021-10-30 20:00,4340.97,2021-10-31 04:00,4366.11,signal,0.1804,1.5716254220,2.9636305780,0.003784,8.00,tb-pullback_rsi-ETHUSDT-1635609600-B,tb-pullback_rsi-ETHUSDT-1635638400-S
SOL/USDT,pullback_rsi,2021-10-30 20:00,194.77,2021-10-31 16:00,194.79,signal,2.656,1.0352556700,-0.9821356700,-0.001899,20.00,tb-pullback_rsi-SOLUSDT-1635609600-B,tb-pullback_rsi-SOLUSDT-1635681600-S
BTC/USDT,pullback_rsi,2021-10-31 20:00,60750.64,2021-11-01 00:00,61238.51,signal,0.01613,1.9689000060,5.9004430940,0.006021,4.00,tb-pullback_rsi-BTCUSDT-1635696000-B,tb-pullback_rsi-BTCUSDT-1635710400-S
ETH/USDT,pullback_rsi,2021-10-31 16:00,4218.57,2021-11-01 00:00,4283.19,signal,0.1824,1.5515647420,10.2351232580,0.013302,8.00,tb-pullback_rsi-ETHUSDT-1635681600-B,tb-pullback_rsi-ETHUSDT-1635710400-S
LINK/USDT,pullback_rsi,2021-10-30 20:00,30.141,2021-11-01 00:00,29.970,signal,18.52,1.11385854000,-4.28077854000,-0.007669,28.00,tb-pullback_rs-LINKUSDT-1635609600-B,tb-pullback_rs-LINKUSDT-1635710400-S
LINK/USDT,pullback_rsi,2021-11-03 20:00,31.702,2021-11-04 00:00,31.938,signal,20.48,1.30429826000,3.52898174000,0.005435,4.00,tb-pullback_rs-LINKUSDT-1635955200-B,tb-pullback_rs-LINKUSDT-1635969600-S
ETH/USDT,pullback_rsi,2021-11-04 20:00,4494.32,2021-11-05 00:00,4527.77,signal,0.1848,1.6681811000,4.5133789000,0.005434,4.00,tb-pullback_rsi-ETHUSDT-1636041600-B,tb-pullback_rsi-ETHUSDT-1636056000-S
LINK/USDT,pullback_rsi,2021-11-04 20:00,30.721,2021-11-05 00:00,30.959,signal,21.67,1.33752723000,3.81993277000,0.005738,4.00,tb-pullback_rs-LINKUSDT-1636041600-B,tb-pullback_rs-LINKUSDT-1636056000-S
BTC/USDT,pullback_rsi,2021-11-03 20:00,62862.79,2021-11-05 04:00,62141.58,signal,0.01381,1.7275676057,-11.6874777057,-0.013463,32.00,tb-pullback_rsi-BTCUSDT-1635955200-B,tb-pullback_rsi-BTCUSDT-1636070400-S
LTC/USDT,pullback_rsi,2021-11-05 20:00,198.70,2021-11-06 04:00,199.80,signal,3.701,1.4756433000,2.5954567000,0.003529,8.00,tb-pullback_rsi-LTCUSDT-1636128000-B,tb-pullback_rsi-LTCUSDT-1636156800-S
SOL/USDT,pullback_rsi,2021-11-05 20:00,236.03,2021-11-06 04:00,239.56,signal,2.102,1.0003982700,6.4196617300,0.012939,8.00,tb-pullback_rsi-SOLUSDT-1636128000-B,tb-pullback_rsi-SOLUSDT-1636156800-S
XRP/USDT,pullback_rsi,2021-11-05 20:00,1.1530,2021-11-06 04:00,1.1643,signal,529.8,1.228397340000,4.758342660000,0.007790,8.00,tb-pullback_rsi-XRPUSDT-1636128000-B,tb-pullback_rsi-XRPUSDT-1636156800-S
ETH/USDT,pullback_rsi,2021-11-06 16:00,4402.97,2021-11-06 20:00,4489.24,signal,0.2063,1.8357838120,15.9617171880,0.017573,4.00,tb-pullback_rsi-ETHUSDT-1636200000-B,tb-pullback_rsi-ETHUSDT-1636214400-S
LINK/USDT,pullback_rsi,2021-11-06 16:00,31.382,2021-11-07 00:00,32.017,signal,19.85,1.25909779000,11.34565221000,0.018213,8.00,tb-pullback_rs-LINKUSDT-1636200000-B,tb-pullback_rs-LINKUSDT-1636228800-S
LTC/USDT,pullback_rsi,2021-11-06 16:00,194.50,2021-11-07 00:00,197.40,signal,3.819,1.4974441000,9.5776559000,0.012894,8.00,tb-pullback_rsi-LTCUSDT-1636200000-B,tb-pullback_rsi-LTCUSDT-1636228800-S
BNB/USDT,pullback_rsi,2021-11-08 08:00,642.05,2021-11-08 16:00,648.15,signal,1.146,1.4798533000,5.5107467000,0.007490,8.00,tb-pullback_rsi-BNBUSDT-1636344000-B,tb-pullback_rsi-BNBUSDT-1636372800-S
SOL/USDT,pullback_rsi,2021-11-08 00:00,249.87,2021-11-10 00:00,238.82,signal,2.337,1.1428181400,-26.9666681400,-0.046180,48.00,tb-pullback_rsi-SOLUSDT-1636315200-B,tb-pullback_rsi-SOLUSDT-1636488000-S
BNB/USDT,pullback_rsi,2021-11-10 08:00,644.85,2021-11-10 12:00,654.64,signal,1.320,1.7166165000,11.2061835000,0.013165,4.00,tb-pullback_rsi-BNBUSDT-1636516800-B,tb-pullback_rsi-BNBUSDT-1636531200-S
ETH/USDT,pullback_rsi,2021-11-10 08:00,4719.32,2021-11-10 16:00,4842.09,signal,0.2456,2.3496980880,27.8026139120,0.023987,8.00,tb-pullback_rsi-ETHUSDT-1636516800-B,tb-pullback_rsi-ETHUSDT-1636545600-S
SOL/USDT,pullback_rsi,2021-11-10 08:00,241.12,2021-11-10 16:00,244.59,signal,2.636,1.2810549200,7.8658650800,0.012376,8.00,tb-pullback_rsi-SOLUSDT-1636516800-B,tb-pullback_rsi-SOLUSDT-1636545600-S
BNB/USDT,pullback_rsi,2021-11-11 04:00,617.32,2021-11-12 04:00,632.16,signal,1.002,1.2532136000,13.6164664000,0.022013,24.00,tb-pullback_rsi-BNBUSDT-1636588800-B,tb-pullback_rsi-BNBUSDT-1636675200-S
LTC/USDT,pullback_rsi,2021-11-11 08:00,265.57,2021-11-12 04:00,275.42,signal,1.341,0.7259987300,12.4828512700,0.035051,20.00,tb-pullback_rsi-LTCUSDT-1636603200-B,tb-pullback_rsi-LTCUSDT-1636675200-S
XRP/USDT,pullback_rsi,2021-11-12 20:00,1.1825,2021-11-13 00:00,1.1872,signal,435.9,1.033543480000,1.015186520000,0.001970,4.00,tb-pullback_rsi-XRPUSDT-1636732800-B,tb-pullback_rsi-XRPUSDT-1636747200-S
BTC/USDT,pullback_rsi,2021-11-12 20:00,63908.85,2021-11-13 16:00,64624.31,signal,0.01361,1.7506144855,7.9867961145,0.009182,20.00,tb-pullback_rsi-BTCUSDT-1636732800-B,tb-pullback_rsi-BTCUSDT-1636804800-S
LTC/USDT,pullback_rsi,2021-11-13 08:00,250.05,2021-11-13 16:00,261.23,signal,1.434,0.7336756200,15.2984443800,0.042665,8.00,tb-pullback_rsi-LTCUSDT-1636776000-B,tb-pullback_rsi-LTCUSDT-1636804800-S
SOL/USDT,pullback_rsi,2021-11-12 20:00,229.08,2021-11-13 16:00,233.37,signal,2.227,1.0305633900,8.5232666100,0.016707,20.00,tb-pullback_rsi-SOLUSDT-1636732800-B,tb-pullback_rsi-SOLUSDT-1636804800-S
ETH/USDT,pullback_rsi,2021-11-14 12:00,4617.06,2021-11-15 00:00,4621.87,signal,0.2180,2.0154718580,-0.9668918580,-0.000961,12.00,tb-pullback_rsi-ETHUSDT-1636876800-B,tb-pullback_rsi-ETHUSDT-1636920000-S
LINK/USDT,pullback_rsi,2021-11-15 00:00,33.784,2021-11-15 04:00,34.005,signal,18.50,1.25477218000,2.83372782000,0.004534,4.00,tb-pullback_rs-LINKUSDT-1636920000-B,tb-pullback_rs-LINKUSDT-1636934400-S
BNB/USDT,pullback_rsi,2021-11-15 20:00,639.34,2021-11-16 03:59,608.43,stop,1.476,1.8429872000,-47.4661472000,-0.050300,8.00,tb-pullback_rsi-BNBUSDT-1636992000-B,tb-pullback_rsi-BNBUSDT-1637020800-X
LTC/USDT,pullback_rsi,2021-11-16 08:00,246.95,2021-11-17 03:59,219.66,stop,1.643,0.7671341300,-45.6046041300,-0.112399,20.00,tb-pullback_rsi-LTCUSDT-1637035200-B,tb-pullback_rsi-LTCUSDT-1637107200-X
SOL/USDT,pullback_rsi,2021-11-16 16:00,225.47,2021-11-17 12:00,220.09,signal,2.433,1.0847238900,-14.1742638900,-0.025839,20.00,tb-pullback_rsi-SOLUSDT-1637064000-B,tb-pullback_rsi-SOLUSDT-1637136000-S
XRP/USDT,pullback_rsi,2023-01-15 16:00,0.3889,2023-01-16 04:00,0.4048,signal,1837.1,1.458845180000,27.751044820000,0.038843,12.00,tb-pullback_rsi-XRPUSDT-1673784000-B,tb-pullback_rsi-XRPUSDT-1673827200-S
LTC/USDT,pullback_rsi,2023-01-16 16:00,86.25,2023-01-16 20:00,86.94,signal,7.888,1.3668127200,4.0759072800,0.005991,4.00,tb-pullback_rsi-LTCUSDT-1673870400-B,tb-pullback_rsi-LTCUSDT-1673884800-S
ADA/USDT,pullback_rsi,2023-01-18 04:00,0.3504,2023-01-18 19:59,0.3281,stop,2020.4,1.371577240000,-46.426497240000,-0.065579,16.00,tb-pullback_rsi-ADAUSDT-1674000000-B,tb-pullback_rsi-ADAUSDT-1674057600-X
XRP/USDT,pullback_rsi,2023-01-18 20:00,0.3902,2023-01-19 12:00,0.3843,signal,1560.6,1.209309020000,-10.416849020000,-0.017106,16.00,tb-pullback_rsi-XRPUSDT-1674057600-B,tb-pullback_rsi-XRPUSDT-1674115200-S
ADA/USDT,pullback_rsi,2023-01-19 04:00,0.3301,2023-01-19 16:00,0.3342,signal,1776.2,1.180523840000,6.101896160000,0.010407,12.00,tb-pullback_rsi-ADAUSDT-1674086400-B,tb-pullback_rsi-ADAUSDT-1674129600-S
SOL/USDT,pullback_rsi,2023-01-19 04:00,21.38,2023-01-19 20:00,21.63,signal,14.745,0.6345031500,3.0517468500,0.009680,16.00,tb-pullback_rsi-SOLUSDT-1674086400-B,tb-pullback_rsi-SOLUSDT-1674144000-S
BNB/USDT,pullback_rsi,2023-01-20 16:00,289.79,2023-01-20 20:00,294.20,signal,3.356,1.9610296000,12.8389304000,0.013202,4.00,tb-pullback_rsi-BNBUSDT-1674216000-B,tb-pullback_rsi-BNBUSDT-1674230400-S
XRP/USDT,pullback_rsi,2023-01-23 04:00,0.4056,2023-01-23 08:00,0.4130,signal,2000.7,1.638624780000,13.166555220000,0.016225,4.00,tb-pullback_rsi-XRPUSDT-1674432000-B,tb-pullback_rsi-XRPUSDT-1674446400-S
LTC/USDT,pullback_rsi,2023-01-23 04:00,87.96,2023-01-23 12:00,91.90,signal,9.046,1.6278931600,34.0133468400,0.042747,8.00,tb-pullback_rsi-LTCUSDT-1674432000-B,tb-pullback_rsi-LTCUSDT-1674460800-S
SOL/USDT,pullback_rsi,2023-01-23 04:00,24.56,2023-01-24 04:00,24.95,signal,17.460,0.8648866800,5.9445133200,0.013863,24.00,tb-pullback_rsi-SOLUSDT-1674432000-B,tb-pullback_rsi-SOLUSDT-1674518400-S
LINK/USDT,pullback_rsi,2023-01-25 04:00,6.699,2023-01-25 20:00,6.816,signal,86.28,1.16667711000,8.92808289000,0.015447,16.00,tb-pullback_rs-LINKUSDT-1674604800-B,tb-pullback_rs-LINKUSDT-1674662400-S
LTC/USDT,pullback_rsi,2023-01-25 04:00,87.65,2023-01-25 20:00,88.39,signal,8.577,1.5106839300,4.8362960700,0.006433,16.00,tb-pullback_rsi-LTCUSDT-1674604800-B,tb-pullback_rsi-LTCUSDT-1674662400-S
SOL/USDT,pullback_rsi,2023-01-25 04:00,22.96,2023-01-25 20:00,23.71,signal,19.438,0.9076306600,13.6708693400,0.030632,16.00,tb-pullback_rsi-SOLUSDT-1674604800-B,tb-pullback_rsi-SOLUSDT-1674662400-S
ETH/USDT,pullback_rsi,2023-01-27 08:00,1586.99,2023-01-27 20:00,1608.09,signal,0.5704,1.8234258300,10.2120141700,0.011281,12.00,tb-pullback_rsi-ETHUSDT-1674792000-B,tb-pullback_rsi-ETHUSDT-1674835200-S
LTC/USDT,pullback_rsi,2023-01-26 20:00,88.04,2023-01-27 20:00,88.54,signal,9.631,1.7015223800,3.1139776200,0.003673,24.00,tb-pullback_rsi-LTCUSDT-1674748800-B,tb-pullback_rsi-LTCUSDT-1674835200-S
SOL/USDT,pullback_rsi,2023-01-27 08:00,24.06,2023-01-27 20:00,24.45,signal,20.458,0.9929228400,6.9856971600,0.014192,12.00,tb-pullback_rsi-SOLUSDT-1674792000-B,tb-pullback_rsi-SOLUSDT-1674835200-S
ETH/USDT,pullback_rsi,2023-01-29 04:00,1595.96,2023-01-29 08:00,1590.99,signal,0.6373,2.0321604100,-5.1995414100,-0.005112,4.00,tb-pullback_rsi-ETHUSDT-1674950400-B,tb-pullback_rsi-ETHUSDT-1674964800-S
LINK/USDT,pullback_rsi,2023-01-29 04:00,7.315,2023-01-29 08:00,7.313,signal,94.05,1.37649490000,-1.56459490000,-0.002274,4.00,tb-pullback_rs-LINKUSDT-1674950400-B,tb-pullback_rs-LINKUSDT-1674964800-S
SOL/USDT,pullback_rsi,2023-01-29 04:00,24.16,2023-01-29 12:00,24.33,signal,23.975,1.1631275900,2.9126224100,0.005028,8.00,tb-pullback_rsi-SOLUSDT-1674950400-B,tb-pullback_rsi-SOLUSDT-1674979200-S
BNB/USDT,pullback_rsi,2023-01-30 16:00,309.21,2023-01-31 04:00,311.48,signal,3.358,2.0855138600,5.5371461400,0.005333,12.00,tb-pullback_rsi-BNBUSDT-1675080000-B,tb-pullback_rsi-BNBUSDT-1675123200-S
LINK/USDT,pullback_rsi,2023-01-30 16:00,7.032,2023-01-31 08:00,7.028,signal,100.62,1.41549072000,-1.81797072000,-0.002569,16.00,tb-pullback_rs-LINKUSDT-1675080000-B,tb-pullback_rs-LINKUSDT-1675137600-S
XRP/USDT,pullback_rsi,2023-01-30 16:00,0.4003,2023-01-31 12:00,0.3994,signal,2482.0,1.985856150000,-4.219656150000,-0.004247,20.00,tb-pullback_rsi-XRPUSDT-1675080000-B,tb-pullback_rsi-XRPUSDT-1675152000-S
ADA/USDT,pullback_rsi,2023-01-31 08:00,0.3750,2023-01-31 16:00,0.3956,signal,2052.7,1.582598120000,40.703021880000,0.052877,8.00,tb-pullback_rsi-ADAUSDT-1675137600-B,tb-pullback_rsi-ADAUSDT-1675166400-S
ADA/USDT,pullback_rsi,2023-02-01 20:00,0.3879,2023-02-02 00:00,0.3966,signal,1776.6,1.394440920000,14.061979080000,0.020405,4.00,tb-pullback_rsi-ADAUSDT-1675267200-B,tb-pullback_rsi-ADAUSDT-1675281600-S
LINK/USDT,pullback_rsi,2023-02-01 20:00,7.013,2023-02-02 00:00,7.206,signal,101.32,1.44144051000,18.11331949000,0.025492,4.00,tb-pullback_rs-LINKUSDT-1675267200-B,tb-pullback_rs-LINKUSDT-1675281600-S
SOL/USDT,pullback_rsi,2023-02-01 20:00,24.27,2023-02-02 00:00,24.97,signal,21.655,1.0668261400,14.0916738600,0.026812,4.00,tb-pullback_rsi-SOLUSDT-1675267200-B,tb-pullback_rsi-SOLUSDT-1675281600-S
BTC/USDT,pullback_rsi,2023-02-03 04:00,23557.18,2023-02-03 16:00,23581.01,signal,0.05294,2.4969092100,-1.2353490100,-0.000991,12.00,tb-pullback_rsi-BTCUSDT-1675382400-B,tb-pullback_rsi-BTCUSDT-1675425600-S
LTC/USDT,pullback_rsi,2023-02-03 04:00,99.01,2023-02-03 20:00,99.19,signal,7.149,1.4177238800,-0.1309038800,-0.000185,16.00,tb-pullback_rsi-LTCUSDT-1675382400-B,tb-pullback_rsi-LTCUSDT-1675440000-S
XRP/USDT,pullback_rsi,2023-02-03 04:00,0.4117,2023-02-04 00:00,0.4111,signal,2510.7,2.066874380000,-3.573294380000,-0.003457,20.00,tb-pullback_rsi-XRPUSDT-1675382400-B,tb-pullback_rsi-XRPUSDT-1675454400-S
LINK/USDT,pullback_rsi,2023-02-06 00:00,6.992,2023-02-06 16:00,7.029,signal,123.40,1.73110036000,2.83469964000,0.003285,16.00,tb-pullback_rs-LINKUSDT-1675627200-B,tb-pullback_rs-LINKUSDT-1675684800-S
LTC/USDT,pullback_rsi,2023-02-06 00:00,96.75,2023-02-06 16:00,97.21,signal,10.120,1.9639394500,2.6912605500,0.002749,16.00,tb-pullback_rsi-LTCUSDT-1675627200-B,tb-pullback_rsi-LTCUSDT-1675684800-S
SOL/USDT,pullback_rsi,2023-02-06 00:00,23.49,2023-02-06 16:00,23.44,signal,30.330,1.4241150900,-2.9406150900,-0.004127,16.00,tb-pullback_rsi-SOLUSDT-1675627200-B,tb-pullback_rsi-SOLUSDT-1675684800-S
SOL/USDT,pullback_rsi,2023-02-07 04:00,23.09,2023-02-07 12:00,23.31,signal,30.145,1.3994437900,5.2324562100,0.007517,8.00,tb-pullback_rsi-SOLUSDT-1675728000-B,tb-pullback_rsi-SOLUSDT-1675756800-S
ADA/USDT,pullback_rsi,2023-02-07 04:00,0.3867,2023-02-07 20:00,0.3919,signal,2284.7,1.779756830000,10.100683170000,0.011433,16.00,tb-pullback_rsi-ADAUSDT-1675728000-B,tb-pullback_rsi-ADAUSDT-1675785600-S
BNB/USDT,pullback_rsi,2023-02-09 00:00,328.53,2023-02-09 03:59,316.90,stop,3.994,2.5791615400,-49.0293815400,-0.037366,4.00,tb-pullback_rsi-BNBUSDT-1675886400-B,tb-pullback_rsi-BNBUSDT-1675900800-X
LTC/USDT,pullback_rsi,2023-02-08 20:00,99.03,2023-02-09 19:59,94.18,stop,9.506,1.8376445600,-47.9417445600,-0.050927,24.00,tb-pullback_rsi-LTCUSDT-1675872000-B,tb-pullback_rsi-LTCUSDT-1675958400-X
SOL/USDT,pullback_rsi,2023-02-09 00:00,23.24,2023-02-09 19:59,21.78,stop,31.454,1.4168027600,-47.3396427600,-0.064761,20.00,tb-pullback_rsi-SOLUSDT-1675886400-B,tb-pullback_rsi-SOLUSDT-1675958400-X
ETH/USDT,pullback_rsi,2023-02-09 08:00,1631.51,2023-02-09 19:59,1564.38,stop,0.6821,2.1810586280,-47.9704316280,-0.043106,12.00,tb-pullback_rsi-ETHUSDT-1675915200-B,tb-pullback_rsi-ETHUSDT-1675958400-X
BNB/USDT,pullback_rsi,2023-02-10 04:00,307.01,2023-02-10 20:00,308.29,signal,3.191,1.9646503400,2.1198296600,0.002164,16.00,tb-pullback_rsi-BNBUSDT-1675987200-B,tb-pullback_rsi-BNBUSDT-1676044800-S
LTC/USDT,pullback_rsi,2023-02-10 00:00,92.16,2023-02-10 20:00,94.00,signal,7.878,1.4673057600,13.0282142400,0.017944,20.00,tb-pullback_rsi-LTCUSDT-1675972800-B,tb-pullback_rsi-LTCUSDT-1676044800-S
BTC/USDT,pullback_rsi,2023-02-10 04:00,21847.42,2023-02-11 16:00,21714.04,signal,0.05829,2.5405083470,-10.3152285470,-0.008100,36.00,tb-pullback_rsi-BTCUSDT-1675987200-B,tb-pullback_rsi-BTCUSDT-1676116800-S
LTC/USDT,pullback_rsi,2023-02-13 16:00,91.10,2023-02-14 08:00,91.38,signal,9.624,1.7570985200,0.9376214800,0.001069,16.00,tb-pullback_rsi-LTCUSDT-1676289600-B,tb-pullback_rsi-LTCUSDT-1676347200-S
ADA/USDT,pullback_rsi,2023-02-17 04:00,0.3971,2023-02-17 16:00,0.4002,signal,1681.4,1.341255290000,3.871084710000,0.005798,12.00,tb-pullback_rsi-ADAUSDT-1676592000-B,tb-pullback_rsi-ADAUSDT-1676635200-S
BNB/USDT,pullback_rsi,2023-02-17 04:00,310.01,2023-02-17 20:00,314.58,signal,2.440,1.5249296300,9.6258703700,0.012725,16.00,tb-pullback_rsi-BNBUSDT-1676592000-B,tb-pullback_rsi-BNBUSDT-1676649600-S
SOL/USDT,pullback_rsi,2023-02-17 04:00,22.71,2023-02-17 20:00,23.43,signal,24.546,1.1331201900,16.5399998100,0.029671,16.00,tb-pullback_rsi-SOLUSDT-1676592000-B,tb-pullback_rsi-SOLUSDT-1676649600-S
ADA/USDT,pullback_rsi,2023-02-21 08:00,0.4044,2023-02-21 23:59,0.3853,stop,2371.2,1.873507200000,-47.163427200000,-0.049184,16.00,tb-pullback_rsi-ADAUSDT-1676952000-B,tb-pullback_rsi-ADAUSDT-1677009600-X
LTC/USDT,pullback_rsi,2023-02-21 00:00,96.00,2023-02-22 04:00,94.92,signal,9.243,1.7656335600,-11.7480735600,-0.013240,28.00,tb-pullback_rsi-LTCUSDT-1676923200-B,tb-pullback_rsi-LTCUSDT-1677024000-S
ETH/USDT,pullback_rsi,2023-02-21 16:00,1673.65,2023-02-22 15:59,1604.98,stop,0.6577,2.1575265100,-47.3217855100,-0.042990,24.00,tb-pullback_rsi-ETHUSDT-1676980800-B,tb-pullback_rsi-ETHUSDT-1677067200-X
ADA/USDT,pullback_rsi,2023-02-22 12:00,0.3863,2023-02-23 00:00,0.3885,signal,2127.1,1.648926940000,3.030693060000,0.003688,12.00,tb-pullback_rsi-ADAUSDT-1677052800-B,tb-pullback_rsi-ADAUSDT-1677096000-S
BTC/USDT,pullback_rsi,2023-02-22 12:00,24185.04,2023-02-23 00:00,24158.02,signal,0.04270,2.0654579100,-3.2192119100,-0.003117,12.00,tb-pullback_rsi-BTCUSDT-1677052800-B,tb-pullback_rsi-BTCUSDT-1677096000-S
SOL/USDT,pullback_rsi,2023-02-22 16:00,23.69,2023-02-23 00:00,24.13,signal,20.394,0.9757385700,7.9976214300,0.016554,8.00,tb-pullback_rsi-SOLUSDT-1677067200-B,tb-pullback_rsi-SOLUSDT-1677096000-S
ADA/USDT,pullback_rsi,2023-02-24 08:00,0.3817,2023-02-24 12:00,0.3833,signal,2353.4,1.801267080000,1.964172920000,0.002187,4.00,tb-pullback_rsi-ADAUSDT-1677211200-B,tb-pullback_rsi-ADAUSDT-1677225600-S
ETH/USDT,pullback_rsi,2023-02-24 20:00,1612.45,2023-02-26 04:00,1601.14,signal,0.5877,1.8895943150,-8.5364813150,-0.009008,32.00,tb-pullback_rsi-ETHUSDT-1677254400-B,tb-pullback_rsi-ETHUSDT-1677369600-S
LINK/USDT,pullback_rsi,2023-02-24 20:00,7.685,2023-02-26 04:00,7.409,signal,70.50,1.06474180000,-20.52274180000,-0.037879,32.00,tb-pullback_rs-LINKUSDT-1677254400-B,tb-pullback_rs-LINKUSDT-1677369600-S
SOL/USDT,pullback_rsi,2023-02-25 00:00,23.10,2023-02-26 04:00,22.63,signal,23.749,1.0865961700,-12.2486261700,-0.022327,28.00,tb-pullback_rsi-SOLUSDT-1677268800-B,tb-pullback_rsi-SOLUSDT-1677369600-S
LINK/USDT,pullback_rsi,2023-02-27 16:00,7.377,2023-02-28 12:00,7.319,signal,99.00,1.45564170000,-7.19764170000,-0.009855,20.00,tb-pullback_rs-LINKUSDT-1677499200-B,tb-pullback_rs-LINKUSDT-1677571200-S
LTC/USDT,pullback_rsi,2023-02-28 00:00,94.17,2023-02-28 12:00,94.93,signal,11.828,2.2378048400,6.7514751600,0.006061,12.00,tb-pullback_rsi-LTCUSDT-1677528000-B,tb-pullback_rsi-LTCUSDT-1677571200-S
LTC/USDT,pullback_rsi,2023-03-02 20:00,95.03,2023-03-03 03:59,91.12,stop,11.452,2.1329301600,-46.9102501600,-0.043105,8.00,tb-pullback_rsi-LTCUSDT-1677772800-B,tb-pullback_rsi-LTCUSDT-1677801600-X
LINK/USDT,pullback_rsi,2023-03-02 20:00,7.282,2023-03-03 03:59,6.882,stop,111.11,1.57463588000,-46.01863588000,-0.056876,8.00,tb-pullback_rs-LINKUSDT-1677772800-B,tb-pullback_rs-LINKUSDT-1677801600-X
ETH/USDT,pullback_rsi,2023-03-02 20:00,1650.12,2023-03-03 03:59,1587.10,stop,0.7109,2.3026597940,-47.1035777940,-0.040154,8.00,tb-pullback_rsi-ETHUSDT-1677772800-B,tb-pullback_rsi-ETHUSDT-1677801600-X
BTC/USDT,pullback_rsi,2023-03-16 08:00,24640.41,2023-03-16 12:00,24801.50,signal,0.02480,1.2268985803,2.7681334197,0.004530,4.00,tb-pullback_rsi-BTCUSDT-1678939200-B,tb-pullback_rsi-BTCUSDT-1678953600-S
ETH/USDT,pullback_rsi,2023-03-15 20:00,1649.65,2023-03-16 12:00,1658.70,signal,0.3575,1.1833949850,2.0519800150,0.003479,16.00,tb-pullback_rsi-ETHUSDT-1678896000-B,tb-pullback_rsi-ETHUSDT-1678953600-S
BNB/USDT,pullback_rsi,2023-03-18 20:00,336.64,2023-03-19 12:00,336.86,signal,2.218,1.4948329200,-1.0068729200,-0.001348,16.00,tb-pullback_rsi-BNBUSDT-1679155200-B,tb-pullback_rsi-BNBUSDT-1679212800-S
LINK/USDT,pullback_rsi,2023-03-18 20:00,7.041,2023-03-19 12:00,7.093,signal,85.85,1.21403759000,3.25016241000,0.005377,16.00,tb-pullback_rs-LINKUSDT-1679155200-B,tb-pullback_rs-LINKUSDT-1679212800-S
ETH/USDT,pullback_rsi,2023-03-19 04:00,1784.30,2023-03-19 16:00,1791.81,signal,0.3852,1.3782312900,1.5146207100,0.002204,12.00,tb-pullback_rsi-ETHUSDT-1679184000-B,tb-pullback_rsi-ETHUSDT-1679227200-S
XRP/USDT,pullback_rsi,2023-03-21 04:00,0.3821,2023-03-21 08:00,0.3861,signal,1936.2,1.488153040000,6.256646960000,0.008457,4.00,tb-pullback_rsi-XRPUSDT-1679356800-B,tb-pullback_rsi-XRPUSDT-1679371200-S
ETH/USDT,pullback_rsi,2023-03-21 04:00,1747.89,2023-03-21 12:00,1759.57,signal,0.4255,1.4932981800,3.4765418200,0.004674,8.00,tb-pullback_rsi-ETHUSDT-1679356800-B,tb-pullback_rsi-ETHUSDT-1679385600-S
XRP/USDT,pullback_rsi,2023-03-23 00:00,0.4218,2023-03-23 08:00,0.4464,signal,931.6,0.809236920000,22.108123080000,0.056262,8.00,tb-pullback_rsi-XRPUSDT-1679515200-B,tb-pullback_rsi-XRPUSDT-1679544000-S
BNB/USDT,pullback_rsi,2023-03-22 16:00,328.13,2023-03-23 12:00,324.97,signal,2.632,1.7199435900,-10.0370635900,-0.011622,20.00,tb-pullback_rsi-BNBUSDT-1679486400-B,tb-pullback_rsi-BNBUSDT-1679558400-S
SOL/USDT,pullback_rsi,2023-03-23 00:00,21.44,2023-03-23 12:00,21.73,signal,18.993,0.8203566100,4.6876133900,0.011512,12.00,tb-pullback_rsi-SOLUSDT-1679515200-B,tb-pullback_rsi-SOLUSDT-1679558400-S
BNB/USDT,pullback_rsi,2023-03-24 20:00,322.53,2023-03-25 04:00,323.57,signal,3.060,1.9783561200,1.2040438800,0.001220,8.00,tb-pullback_rsi-BNBUSDT-1679673600-B,tb-pullback_rsi-BNBUSDT-1679702400-S
XRP/USDT,pullback_rsi,2023-03-24 08:00,0.4337,2023-03-25 04:00,0.4298,signal,977.7,0.844677650000,-4.657707650000,-0.010984,20.00,tb-pullback_rsi-XRPUSDT-1679630400-B,tb-pullback_rsi-XRPUSDT-1679702400-S
BTC/USDT,pullback_rsi,2023-03-25 04:00,27609.24,2023-03-25 16:00,27619.79,signal,0.02999,1.6574229772,-1.3410284772,-0.001620,12.00,tb-pullback_rsi-BTCUSDT-1679702400-B,tb-pullback_rsi-BTCUSDT-1679745600-S
LINK/USDT,pullback_rsi,2023-03-25 16:00,7.139,2023-03-26 04:00,7.119,signal,96.72,1.37974766000,-3.31414766000,-0.004800,12.00,tb-pullback_rs-LINKUSDT-1679745600-B,tb-pullback_rs-LINKUSDT-1679788800-S
BNB/USDT,pullback_rsi,2023-03-26 00:00,322.73,2023-03-26 08:00,323.67,signal,3.645,2.3574189200,1.0688810800,0.000909,8.00,tb-pullback_rsi-BNBUSDT-1679774400-B,tb-pullback_rsi-BNBUSDT-1679803200-S
ADA/USDT,pullback_rsi,2023-03-26 00:00,0.3517,2023-03-26 12:00,0.3577,signal,1898.6,1.347570240000,10.044029760000,0.015042,12.00,tb-pullback_rsi-ADAUSDT-1679774400-B,tb-pullback_rsi-ADAUSDT-1679817600-S
ADA/USDT,pullback_rsi,2023-03-27 12:00,0.3532,2023-03-28 08:00,0.3484,signal,2258.0,1.585025160000,-12.423425160000,-0.015577,20.00,tb-pullback_rsi-ADAUSDT-1679904000-B,tb-pullback_rsi-ADAUSDT-1679976000-S
BTC/USDT,pullback_rsi,2023-03-27 20:00,26995.90,2023-03-28 20:00,27398.55,signal,0.03560,1.9375222560,12.3968177440,0.012899,24.00,tb-pullback_rsi-BTCUSDT-1679932800-B,tb-pullback_rsi-BTCUSDT-1680019200-S
LTC/USDT,pullback_rsi,2023-03-28 00:00,89.33,2023-03-28 20:00,88.83,signal,6.782,1.2089064300,-4.5999064300,-0.007593,20.00,tb-pullback_rsi-LTCUSDT-1679947200-B,tb-pullback_rsi-LTCUSDT-1680019200-S
BNB/USDT,pullback_rsi,2023-03-30 08:00,315.82,2023-03-30 12:00,316.98,signal,3.448,2.1831576800,1.8165223200,0.001668,4.00,tb-pullback_rsi-BNBUSDT-1680148800-B,tb-pullback_rsi-BNBUSDT-1680163200-S
LINK/USDT,pullback_rsi,2023-03-31 00:00,7.238,2023-03-31 04:00,7.375,signal,113.56,1.66032084000,13.89739916000,0.016908,4.00,tb-pullback_rs-LINKUSDT-1680206400-B,tb-pullback_rs-LINKUSDT-1680220800-S
LTC/USDT,pullback_rsi,2023-03-31 00:00,89.15,2023-03-31 04:00,89.67,signal,7.944,1.4212592800,2.7096207200,0.003826,4.00,tb-pullback_rsi-LTCUSDT-1680206400-B,tb-pullback_rsi-LTCUSDT-1680220800-S
BTC/USDT,pullback_rsi,2023-03-31 00:00,28056.56,2023-03-31 16:00,28466.50,signal,0.03595,2.0331262744,12.7042167256,0.012595,16.00,tb-pullback_rsi-BTCUSDT-1680206400-B,tb-pullback_rsi-BTCUSDT-1680264000-S
BNB/USDT,pullback_rsi,2023-03-31 12:00,316.22,2023-03-31 20:00,316.38,signal,3.971,2.5133194800,-1.8779594800,-0.001496,8.00,tb-pullback_rsi-BNBUSDT-1680249600-B,tb-pullback_rsi-BNBUSDT-1680278400-S
BNB/USDT,pullback_rsi,2023-04-01 12:00,314.72,2023-04-02 00:00,314.58,signal,4.631,2.9158619000,-3.5642019000,-0.002445,12.00,tb-pullback_rsi-BNBUSDT-1680336000-B,tb-pullback_rsi-BNBUSDT-1680379200-S
XRP/USDT,pullback_rsi,2023-04-01 12:00,0.5159,2023-04-02 08:00,0.5134,signal,883.3,0.909645000000,-3.117895000000,-0.006842,20.00,tb-pullback_rsi-XRPUSDT-1680336000-B,tb-pullback_rsi-XRPUSDT-1680408000-S
ADA/USDT,pullback_rsi,2023-04-01 16:00,0.3934,2023-04-03 03:59,0.3711,stop,1974.2,1.510062700000,-45.534722700000,-0.058630,36.00,tb-pullback_rsi-ADAUSDT-1680350400-B,tb-pullback_rsi-ADAUSDT-1680480000-X
BTC/USDT,pullback_rsi,2023-04-03 00:00,28200.05,2023-04-03 12:00,28225.47,signal,0.05083,2.8698011845,-1.5777025845,-0.001101,12.00,tb-pullback_rsi-BTCUSDT-1680465600-B,tb-pullback_rsi-BTCUSDT-1680508800-S
LINK/USDT,pullback_rsi,2023-04-03 00:00,7.263,2023-04-03 12:00,7.291,signal,135.23,1.96915424000,1.81728576000,0.001850,12.00,tb-pullback_rs-LINKUSDT-1680465600-B,tb-pullback_rs-LINKUSDT-1680508800-S
XRP/USDT,pullback_rsi,2023-04-04 08:00,0.4968,2023-04-04 20:00,0.5045,signal,1189.6,1.191742640000,7.968177360000,0.013483,12.00,tb-pullback_rsi-XRPUSDT-1680580800-B,tb-pullback_rsi-XRPUSDT-1680624000-S
BTC/USDT,pullback_rsi,2023-04-06 12:00,27973.46,2023-04-06 16:00,28062.29,signal,0.04553,2.5527063668,1.4917235332,0.001171,4.00,tb-pullback_rsi-BTCUSDT-1680768000-B,tb-pullback_rsi-BTCUSDT-1680782400-S
ETH/USDT,pullback_rsi,2023-04-06 16:00,1876.42,2023-04-07 04:00,1874.85,signal,0.6043,2.2682059600,-3.2169569600,-0.002837,12.00,tb-pullback_rsi-ETHUSDT-1680782400-B,tb-pullback_rsi-ETHUSDT-1680825600-S
ADA/USDT,pullback_rsi,2023-04-06 16:00,0.3851,2023-04-07 16:00,0.3837,signal,2100.2,1.615480980000,-4.555760980000,-0.005633,24.00,tb-pullback_rsi-ADAUSDT-1680782400-B,tb-pullback_rsi-ADAUSDT-1680868800-S
LTC/USDT,pullback_rsi,2023-04-07 12:00,90.00,2023-04-07 16:00,90.45,signal,10.503,1.8962563500,2.8300936500,0.002994,4.00,tb-pullback_rsi-LTCUSDT-1680854400-B,tb-pullback_rsi-LTCUSDT-1680868800-S
BTC/USDT,pullback_rsi,2023-04-07 16:00,27972.04,2023-04-08 04:00,27995.36,signal,0.05376,3.0104857428,-1.7568025428,-0.001168,12.00,tb-pullback_rsi-BTCUSDT-1680868800-B,tb-pullback_rsi-BTCUSDT-1680912000-S
LTC/USDT,pullback_rsi,2023-04-09 00:00,90.00,2023-04-09 04:00,90.57,signal,13.944,2.5191280800,5.4289519200,0.004326,4.00,tb-pullback_rsi-LTCUSDT-1680984000-B,tb-pullback_rsi-LTCUSDT-1680998400-S
ETH/USDT,pullback_rsi,2023-04-09 04:00,1853.65,2023-04-09 20:00,1854.53,signal,0.8449,3.1347095700,-2.3911975700,-0.001527,16.00,tb-pullback_rsi-ETHUSDT-1680998400-B,tb-pullback_rsi-ETHUSDT-1681056000-S
XRP/USDT,pullback_rsi,2023-04-09 04:00,0.5068,2023-04-09 20:00,0.5050,signal,2142.8,2.169200000000,-6.026240000000,-0.005549,16.00,tb-pullback_rsi-XRPUSDT-1680998400-B,tb-pullback_rsi-XRPUSDT-1681056000-S
ETH/USDT,pullback_rsi,2023-04-12 08:00,1872.18,2023-04-12 16:00,1910.26,signal,0.7478,2.8300063780,25.6462176220,0.018319,8.00,tb-pullback_rsi-ETHUSDT-1681272000-B,tb-pullback_rsi-ETHUSDT-1681300800-S
BNB/USDT,pullback_rsi,2023-04-12 08:00,319.42,2023-04-13 00:00,319.58,signal,4.827,3.0860501000,-2.3137301000,-0.001501,16.00,tb-pullback_rsi-BNBUSDT-1681272000-B,tb-pullback_rsi-BNBUSDT-1681329600-S
XRP/USDT,pullback_rsi,2023-04-12 20:00,0.5033,2023-04-13 00:00,0.5043,signal,2325.8,2.344684000000,-0.018884000000,-0.000016,4.00,tb-pullback_rsi-XRPUSDT-1681315200-B,tb-pullback_rsi-XRPUSDT-1681329600-S
LTC/USDT,pullback_rsi,2023-04-12 08:00,92.17,2023-04-13 04:00,92.37,signal,11.237,2.0747820200,0.1726179800,0.000167,20.00,tb-pullback_rsi-LTCUSDT-1681272000-B,tb-pullback_rsi-LTCUSDT-1681344000-S
SOL/USDT,pullback_rsi,2023-04-16 00:00,24.08,2023-04-16 04:00,24.29,signal,27.802,1.3454569800,4.4929630200,0.006711,4.00,tb-pullback_rsi-SOLUSDT-1681588800-B,tb-pullback_rsi-SOLUSDT-1681603200-S
XRP/USDT,pullback_rsi,2023-04-16 08:00,0.5204,2023-04-16 20:00,0.5202,signal,2224.2,2.315699440000,-2.760539440000,-0.002385,12.00,tb-pullback_rsi-XRPUSDT-1681617600-B,tb-pullback_rsi-XRPUSDT-1681660800-S
BTC/USDT,pullback_rsi,2023-04-16 08:00,30375.32,2023-04-17 11:59,29663.98,stop,0.06150,3.6945432224,-47.4419532224,-0.025396,28.00,tb-pullback_rsi-BTCUSDT-1681617600-B,tb-pullback_rsi-BTCUSDT-1681718400-X
XRP/USDT,pullback_rsi,2023-04-17 20:00,0.5109,2023-04-18 04:00,0.5120,signal,2470.0,2.527840250000,0.189159750000,0.000150,8.00,tb-pullback_rsi-XRPUSDT-1681747200-B,tb-pullback_rsi-XRPUSDT-1681776000-S
ADA/USDT,pullback_rsi,2023-04-17 12:00,0.4431,2023-04-18 08:00,0.4415,signal,1850.6,1.637882650000,-4.598842650000,-0.005608,20.00,tb-pullback_rsi-ADAUSDT-1681718400-B,tb-pullback_rsi-ADAUSDT-1681790400-S
BTC/USDT,pullback_rsi,2023-04-17 20:00,29496.72,2023-04-18 08:00,29745.83,signal,0.05833,3.4573877408,11.0731985592,0.006436,12.00,tb-pullback_rsi-BTCUSDT-1681747200-B,tb-pullback_rsi-BTCUSDT-1681790400-S
ADA/USDT,pullback_rsi,2023-04-19 16:00,0.4213,2023-04-20 19:59,0.3966,stop,1769.8,1.448277760000,-45.162337760000,-0.060570,28.00,tb-pullback_rsi-ADAUSDT-1681905600-B,tb-pullback_rsi-ADAUSDT-1682006400-X
SOL/USDT,pullback_rsi,2023-04-19 16:00,23.37,2023-04-21 16:00,21.84,signal,22.760,1.0295171100,-35.8523171100,-0.067404,48.00,tb-pullback_rsi-SOLUSDT-1681905600-B,tb-pullback_rsi-SOLUSDT-1682078400-S
LINK/USDT,pullback_rsi,2023-04-20 04:00,7.830,2023-04-21 19:59,7.271,stop,77.67,1.17352107000,-44.59105107000,-0.073322,40.00,tb-pullback_rs-LINKUSDT-1681948800-B,tb-pullback_rs-LINKUSDT-1682092800-X
BTC/USDT,pullback_rsi,2023-04-21 00:00,28271.90,2023-04-21 19:59,27183.58,stop,0.03999,2.2190782360,-45.7409950360,-0.040458,20.00,tb-pullback_rsi-BTCUSDT-1682020800-B,tb-pullback_rsi-BTCUSDT-1682092800-X
ADA/USDT,pullback_rsi,2023-04-30 08:00,0.4016,2023-04-30 16:00,0.4064,signal,2485.7,2.009449600000,9.921910400000,0.009939,8.00,tb-pullback_rsi-ADAUSDT-1682827200-B,tb-pullback_rsi-ADAUSDT-1682856000-S
BTC/USDT,pullback_rsi,2023-04-30 08:00,29295.70,2023-04-30 16:00,29625.52,signal,0.04486,2.6446707170,12.1510544830,0.009246,8.00,tb-pullback_rsi-BTCUSDT-1682827200-B,tb-pullback_rsi-BTCUSDT-1682856000-S
SOL/USDT,pullback_rsi,2023-05-01 08:00,22.37,2023-05-02 12:00,21.96,signal,30.296,1.3437151500,-13.7650751500,-0.020311,28.00,tb-pullback_rsi-SOLUSDT-1682913600-B,tb-pullback_rsi-SOLUSDT-1683014400-S
BTC/USDT,pullback_rsi,2023-05-01 08:00,28657.71,2023-05-02 16:00,28512.14,signal,0.03778,2.1610232422,-7.6606578422,-0.007076,32.00,tb-pullback_rsi-BTCUSDT-1682913600-B,tb-pullback_rsi-BTCUSDT-1683028800-S
BTC/USDT,pullback_rsi,2023-05-06 20:00,28871.67,2023-05-07 16:00,28913.71,signal,0.04025,2.3273051310,-0.6351951310,-0.000547,20.00,tb-pullback_rsi-BTCUSDT-1683388800-B,tb-pullback_rsi-BTCUSDT-1683460800-S
ETH/USDT,pullback_rsi,2023-05-06 20:00,1899.84,2023-05-07 16:00,1915.01,signal,0.5221,1.9928730880,5.9273839120,0.005976,20.00,tb-pullback_rsi-ETHUSDT-1683388800-B,tb-pullback_rsi-ETHUSDT-1683460800-S
LTC/USDT,pullback_rsi,2023-06-24 20:00,89.22,2023-06-26 12:00,88.00,signal,6.774,1.2011128200,-9.4653928200,-0.015661,40.00,tb-pullback_rsi-LTCUSDT-1687622400-B,tb-pullback_rsi-LTCUSDT-1687766400-S
BTC/USDT,pullback_rsi,2023-06-26 00:00,30493.14,2023-06-27 04:00,30341.18,signal,0.04190,2.5504826630,-8.9176066630,-0.006980,28.00,tb-pullback_rsi-BTCUSDT-1687723200-B,tb-pullback_rsi-BTCUSDT-1687824000-S
BTC/USDT,pullback_rsi,2023-06-28 12:00,30341.05,2023-06-29 08:00,30309.94,signal,0.04606,2.7951016555,-4.2280282555,-0.003025,20.00,tb-pullback_rsi-BTCUSDT-1687939200-B,tb-pullback_rsi-BTCUSDT-1688011200-S
LINK/USDT,pullback_rsi,2023-06-28 12:00,6.000,2023-06-29 12:00,6.128,signal,120.37,1.46062736000,13.94673264000,0.019311,24.00,tb-pullback_rs-LINKUSDT-1687939200-B,tb-pullback_rs-LINKUSDT-1688025600-S
LTC/USDT,pullback_rsi,2023-06-28 12:00,85.78,2023-06-29 12:00,85.49,signal,8.826,1.5124010400,-4.0719410400,-0.005378,24.00,tb-pullback_rsi-LTCUSDT-1687939200-B,tb-pullback_rsi-LTCUSDT-1688025600-S
SOL/USDT,pullback_rsi,2023-07-04 12:00,19.25,2023-07-04 16:00,19.82,signal,34.788,1.3598409100,18.4693190900,0.027580,4.00,tb-pullback_rsi-SOLUSDT-1688457600-B,tb-pullback_rsi-SOLUSDT-1688472000-S
LINK/USDT,pullback_rsi,2023-07-04 12:00,6.534,2023-07-05 04:00,6.546,signal,122.31,1.60066422000,-0.13294422000,-0.000166,16.00,tb-pullback_rs-LINKUSDT-1688457600-B,tb-pullback_rs-LINKUSDT-1688515200-S
LTC/USDT,pullback_rsi,2023-07-03 16:00,109.52,2023-07-05 15:59,99.01,stop,4.039,0.8428002700,-43.2926902700,-0.097869,48.00,tb-pullback_rsi-LTCUSDT-1688385600-B,tb-pullback_rsi-LTCUSDT-1688558400-X
LTC/USDT,pullback_rsi,2023-07-05 20:00,100.63,2023-07-06 00:00,102.49,signal,4.770,0.9693855500,7.9028144500,0.016464,4.00,tb-pullback_rsi-LTCUSDT-1688572800-B,tb-pullback_rsi-LTCUSDT-1688587200-S
BTC/USDT,pullback_rsi,2023-07-05 20:00,30462.39,2023-07-06 08:00,30772.39,signal,0.05225,3.2013450009,12.9961549991,0.008165,12.00,tb-pullback_rsi-BTCUSDT-1688572800-B,tb-pullback_rsi-BTCUSDT-1688616000-S
ETH/USDT,pullback_rsi,2023-07-05 20:00,1909.62,2023-07-06 08:00,1923.16,signal,0.8038,3.0825072240,7.8009447760,0.005082,12.00,tb-pullback_rsi-ETHUSDT-1688572800-B,tb-pullback_rsi-ETHUSDT-1688616000-S
BTC/USDT,pullback_rsi,2023-07-07 04:00,30165.55,2023-07-07 16:00,30360.43,signal,0.04362,2.6416515285,5.8590140715,0.004453,12.00,tb-pullback_rsi-BTCUSDT-1688688000-B,tb-pullback_rsi-BTCUSDT-1688731200-S
LINK/USDT,pullback_rsi,2023-07-07 04:00,6.160,2023-07-07 16:00,6.205,signal,121.30,1.50067530000,3.95782470000,0.005297,12.00,tb-pullback_rs-LINKUSDT-1688688000-B,tb-pullback_rs-LINKUSDT-1688731200-S
LTC/USDT,pullback_rsi,2023-07-07 04:00,97.30,2023-07-07 16:00,97.61,signal,4.730,0.9224108000,0.5438892000,0.001182,12.00,tb-pullback_rsi-LTCUSDT-1688688000-B,tb-pullback_rsi-LTCUSDT-1688731200-S
BTC/USDT,pullback_rsi,2023-07-09 00:00,30314.92,2023-07-09 04:00,30257.70,signal,0.05628,3.4108459528,-6.6311875528,-0.003887,4.00,tb-pullback_rsi-BTCUSDT-1688846400-B,tb-pullback_rsi-BTCUSDT-1688860800-S
ETH/USDT,pullback_rsi,2023-07-09 00:00,1867.11,2023-07-09 04:00,1865.98,signal,0.8547,3.1923524260,-4.1581634260,-0.002606,4.00,tb-pullback_rsi-ETHUSDT-1688846400-B,tb-pullback_rsi-ETHUSDT-1688860800-S
ETH/USDT,pullback_rsi,2023-07-10 12:00,1865.86,2023-07-10 16:00,1869.21,signal,0.9549,3.5684842040,-0.3695692040,-0.000207,4.00,tb-pullback_rsi-ETHUSDT-1688976000-B,tb-pullback_rsi-ETHUSDT-1688990400-S
LTC/USDT,pullback_rsi,2023-07-10 12:00,95.11,2023-07-10 16:00,95.12,signal,7.781,1.4809405100,-1.4031305100,-0.001896,4.00,tb-pullback_rsi-LTCUSDT-1688976000-B,tb-pullback_rsi-LTCUSDT-1688990400-S
SOL/USDT,pullback_rsi,2023-07-10 12:00,20.83,2023-07-10 16:00,21.13,signal,26.064,1.0942078500,6.7249921500,0.012387,4.00,tb-pullback_rsi-SOLUSDT-1688976000-B,tb-pullback_rsi-SOLUSDT-1688990400-S
LTC/USDT,pullback_rsi,2023-07-13 00:00,96.31,2023-07-13 08:00,100.19,signal,9.311,1.8305746000,34.2961054000,0.038245,8.00,tb-pullback_rsi-LTCUSDT-1689192000-B,tb-pullback_rsi-LTCUSDT-1689220800-S
BTC/USDT,pullback_rsi,2023-07-13 00:00,30410.38,2023-07-13 12:00,30513.44,signal,0.05876,3.5817082816,2.4740973184,0.001385,12.00,tb-pullback_rsi-BTCUSDT-1689192000-B,tb-pullback_rsi-BTCUSDT-1689235200-S
ETH/USDT,pullback_rsi,2023-07-13 00:00,1873.70,2023-07-13 12:00,1881.83,signal,0.7646,2.8729772000,3.3432208000,0.002334,12.00,tb-pullback_rsi-ETHUSDT-1689192000-B,tb-pullback_rsi-ETHUSDT-1689235200-S
ADA/USDT,pullback_rsi,2023-07-15 00:00,0.3282,2023-07-15 08:00,0.3343,signal,1317.2,0.873104480000,7.161815520000,0.016567,8.00,tb-pullback_rsi-ADAUSDT-1689364800-B,tb-pullback_rsi-ADAUSDT-1689393600-S
BTC/USDT,pullback_rsi,2023-07-15 00:00,30342.32,2023-07-16 12:00,30275.70,signal,0.03963,2.4035058244,-5.0436564244,-0.004194,36.00,tb-pullback_rsi-BTCUSDT-1689364800-B,tb-pullback_rsi-BTCUSDT-1689494400-S
LTC/USDT,pullback_rsi,2023-07-15 00:00,95.22,2023-07-17 00:00,92.79,signal,6.010,1.1306066400,-15.7349066400,-0.027495,48.00,tb-pullback_rsi-LTCUSDT-1689364800-B,tb-pullback_rsi-LTCUSDT-1689537600-S
LINK/USDT,pullback_rsi,2023-07-17 04:00,6.713,2023-07-17 20:00,6.888,signal,117.39,1.59742695000,18.94582305000,0.024042,16.00,tb-pullback_rs-LINKUSDT-1689552000-B,tb-pullback_rs-LINKUSDT-1689609600-S
ADA/USDT,pullback_rsi,2023-07-16 08:00,0.3212,2023-07-18 08:00,0.3059,signal,1705.2,1.069909080000,-27.159469080000,-0.049587,48.00,tb-pullback_rsi-ADAUSDT-1689480000-B,tb-pullback_rsi-ADAUSDT-1689652800-S
ADA/USDT,pullback_rsi,2023-07-18 16:00,0.3051,2023-07-19 00:00,0.3090,signal,2100.0,1.290281220000,6.899718780000,0.010769,8.00,tb-pullback_rsi-ADAUSDT-1689681600-B,tb-pullback_rsi-ADAUSDT-1689710400-S
BTC/USDT,pullback_rsi,2023-07-18 00:00,30168.15,2023-07-19 04:00,30029.04,signal,0.05401,3.2530603205,-10.7663914205,-0.006608,28.00,tb-pullback_rsi-BTCUSDT-1689624000-B,tb-pullback_rsi-BTCUSDT-1689724800-S
ETH/USDT,pullback_rsi,2023-07-18 00:00,1913.13,2023-07-19 04:00,1910.56,signal,0.7285,2.7870886690,-4.6593336690,-0.003343,28.00,tb-pullback_rsi-ETHUSDT-1689624000-B,tb-pullback_rsi-ETHUSDT-1689724800-S
XRP/USDT,pullback_rsi,2023-07-20 20:00,0.7938,2023-07-21 20:00,0.7832,signal,551.8,0.870664880000,-6.719744880000,-0.015341,24.00,tb-pullback_rsi-XRPUSDT-1689868800-B,tb-pullback_rsi-XRPUSDT-1689955200-S
ADA/USDT,pullback_rsi,2023-07-21 04:00,0.3174,2023-07-22 16:00,0.3133,signal,2092.5,1.320406290000,-9.899656290000,-0.014906,36.00,tb-pullback_rsi-ADAUSDT-1689897600-B,tb-pullback_rsi-ADAUSDT-1690027200-S
BNB/USDT,pullback_rsi,2023-10-18 04:00,212.62,2023-10-18 08:00,212.38,signal,7.538,3.2053509600,-5.0144709600,-0.003129,4.00,tb-pullback_rsi-BNBUSDT-1697587200-B,tb-pullback_rsi-BNBUSDT-1697601600-S
LINK/USDT,pullback_rsi,2023-10-18 04:00,7.352,2023-10-18 12:00,7.432,signal,132.66,1.96227472000,8.65052528000,0.008869,8.00,tb-pullback_rs-LINKUSDT-1697587200-B,tb-pullback_rs-LINKUSDT-1697616000-S
SOL/USDT,pullback_rsi,2023-10-18 20:00,23.73,2023-10-19 08:00,23.83,signal,36.322,1.7283523300,1.9038476700,0.002209,12.00,tb-pullback_rsi-SOLUSDT-1697644800-B,tb-pullback_rsi-SOLUSDT-1697688000-S
BTC/USDT,pullback_rsi,2023-10-19 00:00,28348.32,2023-10-19 12:00,28422.24,signal,0.05001,2.8407966024,0.8559425976,0.000604,12.00,tb-pullback_rsi-BTCUSDT-1697659200-B,tb-pullback_rsi-BTCUSDT-1697702400-S
LINK/USDT,pullback_rsi,2023-10-19 08:00,7.357,2023-10-19 16:00,7.354,signal,143.44,2.11124939000,-2.54156939000,-0.002408,8.00,tb-pullback_rs-LINKUSDT-1697688000-B,tb-pullback_rs-LINKUSDT-1697716800-S
XRP/USDT,pullback_rsi,2023-10-22 16:00,0.5190,2023-10-22 20:00,0.5197,signal,2092.1,2.174154170000,-0.709684170000,-0.000654,4.00,tb-pullback_rsi-XRPUSDT-1697976000-B,tb-pullback_rsi-XRPUSDT-1697990400-S
XRP/USDT,pullback_rsi,2023-10-25 12:00,0.5524,2023-10-25 16:00,0.5580,signal,1248.5,1.387052520000,5.604547480000,0.008126,4.00,tb-pullback_rsi-XRPUSDT-1698220800-B,tb-pullback_rsi-XRPUSDT-1698235200-S
LINK/USDT,pullback_rsi,2023-10-26 20:00,10.715,2023-10-27 00:00,10.916,signal,29.35,0.63519130000,5.26415870000,0.016739,4.00,tb-pullback_rs-LINKUSDT-1698336000-B,tb-pullback_rs-LINKUSDT-1698350400-S
SOL/USDT,pullback_rsi,2023-10-26 20:00,31.58,2023-10-27 00:00,32.74,signal,12.975,0.8349625400,14.2160374600,0.034694,4.00,tb-pullback_rsi-SOLUSDT-1698336000-B,tb-pullback_rsi-SOLUSDT-1698350400-S
XRP/USDT,pullback_rsi,2023-10-26 20:00,0.5516,2023-10-27 16:00,0.5541,signal,1321.1,1.461512510000,1.841237490000,0.002527,20.00,tb-pullback_rsi-XRPUSDT-1698336000-B,tb-pullback_rsi-XRPUSDT-1698408000-S
BTC/USDT,pullback_rsi,2023-10-28 00:00,33925.91,2023-10-28 04:00,34025.93,signal,0.03013,2.0487459747,0.9648566253,0.000944,4.00,tb-pullback_rsi-BTCUSDT-1698436800-B,tb-pullback_rsi-BTCUSDT-1698451200-S
SOL/USDT,pullback_rsi,2023-10-29 00:00,31.66,2023-10-29 08:00,32.25,signal,16.944,1.0834292600,8.9135307400,0.016616,8.00,tb-pullback_rsi-SOLUSDT-1698523200-B,tb-pullback_rsi-SOLUSDT-1698552000-S
XRP/USDT,pullback_rsi,2023-10-29 08:00,0.5476,2023-10-29 12:00,0.5547,signal,2022.8,2.230882400000,12.130997600000,0.010952,4.00,tb-pullback_rsi-XRPUSDT-1698552000-B,tb-pullback_rsi-XRPUSDT-1698566400-S
LINK/USDT,pullback_rsi,2023-10-29 08:00,11.027,2023-10-29 16:00,11.045,signal,38.80,0.85683468000,-0.15843468000,-0.000370,8.00,tb-pullback_rs-LINKUSDT-1698552000-B,tb-pullback_rs-LINKUSDT-1698580800-S
BNB/USDT,pullback_rsi,2023-10-31 12:00,228.33,2023-11-01 20:00,226.37,signal,6.441,2.9303210100,-15.5546810100,-0.010577,32.00,tb-pullback_rsi-BNBUSDT-1698739200-B,tb-pullback_rsi-BNBUSDT-1698854400-S
LINK/USDT,pullback_rsi,2023-11-01 20:00,11.253,2023-11-02 00:00,11.627,signal,40.04,0.91667785000,14.05828215000,0.031201,4.00,tb-pullback_rs-LINKUSDT-1698854400-B,tb-pullback_rs-LINKUSDT-1698868800-S
LTC/USDT,pullback_rsi,2023-11-01 20:00,68.49,2023-11-02 00:00,69.90,signal,12.263,1.6979669400,15.5928630600,0.018565,4.00,tb-pullback_rsi-LTCUSDT-1698854400-B,tb-pullback_rsi-LTCUSDT-1698868800-S
ETH/USDT,pullback_rsi,2023-11-02 20:00,1814.19,2023-11-03 16:00,1811.18,signal,0.6055,2.1964314680,-4.0189864680,-0.003659,20.00,tb-pullback_rsi-ETHUSDT-1698940800-B,tb-pullback_rsi-ETHUSDT-1699012800-S
BNB/USDT,pullback_rsi,2023-11-03 16:00,229.73,2023-11-04 00:00,230.06,signal,4.903,2.2554990200,-0.6375090200,-0.000566,8.00,tb-pullback_rsi-BNBUSDT-1699012800-B,tb-pullback_rsi-BNBUSDT-1699041600-S
BTC/USDT,pullback_rsi,2023-11-03 16:00,34798.48,2023-11-04 08:00,34733.22,signal,0.03302,2.2973286688,-4.4522138688,-0.003875,16.00,tb-pullback_rsi-BTCUSDT-1699012800-B,tb-pullback_rsi-BTCUSDT-1699070400-S
SOL/USDT,pullback_rsi,2023-11-05 20:00,40.80,2023-11-07 00:00,42.11,signal,11.121,0.9225317100,13.6459782900,0.030075,28.00,tb-pullback_rsi-SOLUSDT-1699200000-B,tb-pullback_rsi-SOLUSDT-1699300800-S
BTC/USDT,pullback_rsi,2023-11-07 16:00,34755.96,2023-11-07 20:00,35418.52,signal,0.04649,3.2641493684,27.5382650316,0.017043,4.00,tb-pullback_rsi-BTCUSDT-1699358400-B,tb-pullback_rsi-BTCUSDT-1699372800-S
ETH/USDT,pullback_rsi,2023-11-07 20:00,1896.12,2023-11-08 16:00,1887.23,signal,0.6339,2.3995928520,-8.0349638520,-0.006685,20.00,tb-pullback_rsi-ETHUSDT-1699372800-B,tb-pullback_rsi-ETHUSDT-1699444800-S
BNB/USDT,pullback_rsi,2023-11-07 20:00,248.05,2023-11-08 20:00,246.85,signal,3.918,1.9400104000,-6.6416104000,-0.006834,24.00,tb-pullback_rsi-BNBUSDT-1699372800-B,tb-pullback_rsi-BNBUSDT-1699459200-S
LTC/USDT,pullback_rsi,2023-11-10 00:00,73.93,2023-11-11 00:00,73.19,signal,8.671,1.2763428900,-7.6928828900,-0.012000,24.00,tb-pullback_rsi-LTCUSDT-1699560000-B,tb-pullback_rsi-LTCUSDT-1699646400-S
XRP/USDT,pullback_rsi,2023-11-10 00:00,0.6674,2023-11-11 12:00,0.6667,signal,727.5,0.971091670000,-1.480341670000,-0.003049,36.00,tb-pullback_rsi-XRPUSDT-1699560000-B,tb-pullback_rsi-XRPUSDT-1699689600-S
ETH/USDT,pullback_rsi,2023-11-11 08:00,2057.00,2023-11-11 16:00,2065.93,signal,0.4527,1.8674789100,2.1751320900,0.002336,8.00,tb-pullback_rsi-ETHUSDT-1699675200-B,tb-pullback_rsi-ETHUSDT-1699704000-S
BNB/USDT,pullback_rsi,2023-11-13 08:00,245.95,2023-11-13 16:00,246.85,signal,4.207,2.0744393500,1.7118606500,0.001654,8.00,tb-pullback_rsi-BNBUSDT-1699848000-B,tb-pullback_rsi-BNBUSDT-1699876800-S
XRP/USDT,pullback_rsi,2023-11-13 08:00,0.6569,2023-11-14 00:00,0.6694,signal,1047.5,1.390021840000,11.703728160000,0.017009,16.00,tb-pullback_rsi-XRPUSDT-1699848000-B,tb-pullback_rsi-XRPUSDT-1699905600-S
BTC/USDT,pullback_rsi,2023-11-13 08:00,36997.25,2023-11-14 15:59,35978.94,stop,0.04316,3.1515022225,-47.1017618225,-0.029498,32.00,tb-pullback_rsi-BTCUSDT-1699848000-B,tb-pullback_rsi-BTCUSDT-1699963200-X
SOL/USDT,pullback_rsi,2023-11-14 04:00,54.09,2023-11-14 16:00,56.16,signal,4.778,0.5270449500,9.3634150500,0.036230,12.00,tb-pullback_rsi-SOLUSDT-1699920000-B,tb-pullback_rsi-SOLUSDT-1699963200-S
LINK/USDT,pullback_rsi,2023-11-14 04:00,14.653,2023-11-15 08:00,14.584,signal,24.20,0.70797499000,-2.37777499000,-0.006705,28.00,tb-pullback_rs-LINKUSDT-1699920000-B,tb-pullback_rs-LINKUSDT-1700020800-S
BTC/USDT,pullback_rsi,2023-11-15 00:00,35586.76,2023-11-15 12:00,36204.70,signal,0.03303,2.3726953932,18.0378628068,0.015346,12.00,tb-pullback_rsi-BTCUSDT-1699992000-B,tb-pullback_rsi-BTCUSDT-1700035200-S
XRP/USDT,pullback_rsi,2023-11-15 00:00,0.6303,2023-11-15 12:00,0.6395,signal,738.0,0.937616640000,5.851983360000,0.012581,12.00,tb-pullback_rsi-XRPUSDT-1699992000-B,tb-pullback_rsi-XRPUSDT-1700035200-S
BTC/USDT,pullback_rsi,2023-11-17 00:00,36199.68,2023-11-18 00:00,36577.29,signal,0.02720,1.9806195764,8.2903724236,0.008420,24.00,tb-pullback_rsi-BTCUSDT-1700164800-B,tb-pullback_rsi-BTCUSDT-1700251200-S
SOL/USDT,pullback_rsi,2023-11-16 20:00,62.41,2023-11-18 00:00,58.46,signal,4.796,0.5800045700,-19.5242045700,-0.065229,28.00,tb-pullback_rsi-SOLUSDT-1700150400-B,tb-pullback_rsi-SOLUSDT-1700251200-S
ADA/USDT,pullback_rsi,2023-11-17 00:00,0.3711,2023-11-18 16:00,0.3664,signal,1272.6,0.939024930000,-6.920244930000,-0.014653,40.00,tb-pullback_rsi-ADAUSDT-1700164800-B,tb-pullback_rsi-ADAUSDT-1700308800-S
BNB/USDT,pullback_rsi,2023-11-19 16:00,243.85,2023-11-19 20:00,245.55,signal,4.915,2.4066202500,5.9488797500,0.004964,4.00,tb-pullback_rsi-BNBUSDT-1700395200-B,tb-pullback_rsi-BNBUSDT-1700409600-S
XRP/USDT,pullback_rsi,2023-11-21 04:00,0.6143,2023-11-21 19:59,0.5840,stop,1427.0,1.710895550000,-44.948995550000,-0.051276,16.00,tb-pullback_rsi-XRPUSDT-1700524800-B,tb-pullback_rsi-XRPUSDT-1700582400-X
ETH/USDT,pullback_rsi,2023-11-22 04:00,1980.29,2023-11-22 08:00,1991.73,signal,0.4408,1.7518565570,3.2908954430,0.003770,4.00,tb-pullback_rsi-ETHUSDT-1700611200-B,tb-pullback_rsi-ETHUSDT-1700625600-S
LINK/USDT,pullback_rsi,2023-11-21 12:00,14.192,2023-11-22 08:00,14.116,signal,36.35,1.02956348000,-3.79216348000,-0.007351,20.00,tb-pullback_rs-LINKUSDT-1700553600-B,tb-pullback_rs-LINKUSDT-1700625600-S
SOL/USDT,pullback_rsi,2023-11-21 12:00,56.34,2023-11-22 16:00,54.88,signal,7.303,0.8126903800,-11.4750703800,-0.027889,28.00,tb-pullback_rsi-SOLUSDT-1700553600-B,tb-pullback_rsi-SOLUSDT-1700654400-S
SOL/USDT,pullback_rsi,2023-11-26 20:00,57.26,2023-11-27 19:59,53.47,stop,11.253,1.2467318100,-43.8956018100,-0.068124,24.00,tb-pullback_rsi-SOLUSDT-1701014400-B,tb-pullback_rsi-SOLUSDT-1701100800-X
BTC/USDT,pullback_rsi,2023-11-27 00:00,37484.87,2023-11-28 00:00,37205.45,signal,0.04344,3.2464217463,-15.3844265463,-0.009448,24.00,tb-pullback_rsi-BTCUSDT-1701028800-B,tb-pullback_rsi-BTCUSDT-1701115200-S
LTC/USDT,pullback_rsi,2023-11-27 00:00,70.11,2023-11-28 00:00,69.15,signal,17.824,2.4834322200,-19.5944722200,-0.015680,24.00,tb-pullback_rsi-LTCUSDT-1701028800-B,tb-pullback_rsi-LTCUSDT-1701115200-S
SOL/USDT,pullback_rsi,2023-11-27 20:00,54.18,2023-11-28 08:00,55.02,signal,10.684,1.1672887800,7.8072712200,0.013487,12.00,tb-pullback_rsi-SOLUSDT-1701100800-B,tb-pullback_rsi-SOLUSDT-1701144000-S
ETH/USDT,pullback_rsi,2023-11-29 20:00,2040.93,2023-11-30 12:00,2043.42,signal,0.6004,2.4536723930,-0.9586763930,-0.000782,16.00,tb-pullback_rsi-ETHUSDT-1701273600-B,tb-pullback_rsi-ETHUSDT-1701331200-S
ADA/USDT,pullback_rsi,2023-11-29 20:00,0.3860,2023-12-01 04:00,0.3788,signal,2317.5,1.773350400000,-18.459350400000,-0.020635,32.00,tb-pullback_rsi-ADAUSDT-1701273600-B,tb-pullback_rsi-ADAUSDT-1701388800-S
ADA/USDT,pullback_rsi,2023-12-04 00:00,0.3952,2023-12-04 04:00,0.4025,signal,2999.8,2.394165580000,19.504374420000,0.016452,4.00,tb-pullback_rsi-ADAUSDT-1701633600-B,tb-pullback_rsi-ADAUSDT-1701648000-S
SOL/USDT,pullback_rsi,2023-12-04 20:00,61.10,2023-12-05 16:00,60.88,signal,9.864,1.2038217200,-3.3739017200,-0.005598,20.00,tb-pullback_rsi-SOLUSDT-1701705600-B,tb-pullback_rsi-SOLUSDT-1701777600-S
BTC/USDT,pullback_rsi,2023-12-07 16:00,43703.65,2023-12-08 12:00,43610.16,signal,0.02599,2.2705970330,-4.7004021330,-0.004138,20.00,tb-pullback_rsi-BTCUSDT-1701950400-B,tb-pullback_rsi-BTCUSDT-1702022400-S
LINK/USDT,pullback_rsi,2023-12-10 04:00,16.383,2023-12-11 00:00,16.351,signal,33.30,1.09069752000,-2.15629752000,-0.003952,20.00,tb-pullback_rs-LINKUSDT-1702166400-B,tb-pullback_rs-LINKUSDT-1702238400-S
BNB/USDT,pullback_rsi,2023-12-10 04:00,240.85,2023-12-11 03:59,231.27,stop,4.455,2.1044988500,-44.7833988500,-0.041737,24.00,tb-pullback_rsi-BNBUSDT-1702166400-B,tb-pullback_rsi-BNBUSDT-1702252800-X
XRP/USDT,pullback_rsi,2023-12-10 04:00,0.6662,2023-12-11 03:59,0.6275,stop,1094.6,1.416816840000,-43.777836840000,-0.060034,24.00,tb-pullback_rsi-XRPUSDT-1702166400-B,tb-pullback_rsi-XRPUSDT-1702252800-X
BTC/USDT,pullback_rsi,2023-12-11 12:00,42386.36,2023-12-11 19:59,40757.69,stop,0.02593,2.1571968056,-44.3886099056,-0.040387,8.00,tb-pullback_rsi-BTCUSDT-1702281600-B,tb-pullback_rsi-BTCUSDT-1702310400-X
ADA/USDT,pullback_rsi,2023-12-12 00:00,0.5513,2023-12-12 04:00,0.5619,signal,582.9,0.649215060000,5.529524940000,0.017207,4.00,tb-pullback_rsi-ADAUSDT-1702324800-B,tb-pullback_rsi-ADAUSDT-1702339200-S
XRP/USDT,pullback_rsi,2023-12-11 12:00,0.6273,2023-12-12 04:00,0.6229,signal,974.1,1.218447120000,-5.504487120000,-0.009008,16.00,tb-pullback_rsi-XRPUSDT-1702281600-B,tb-pullback_rsi-XRPUSDT-1702339200-S
ETH/USDT,pullback_rsi,2023-12-11 12:00,2251.93,2023-12-13 03:59,2149.07,stop,0.4089,1.8006948620,-43.8601488620,-0.047632,40.00,tb-pullback_rsi-ETHUSDT-1702281600-B,tb-pullback_rsi-ETHUSDT-1702425600-X
LTC/USDT,pullback_rsi,2023-12-13 00:00,72.46,2023-12-13 16:00,72.42,signal,9.990,1.4481482600,-1.8477482600,-0.002553,16.00,tb-pullback_rsi-LTCUSDT-1702411200-B,tb-pullback_rsi-LTCUSDT-1702468800-S
SOL/USDT,pullback_rsi,2023-12-13 00:00,68.67,2023-12-13 16:00,67.50,signal,5.774,0.7866576000,-7.5422376000,-0.019022,16.00,tb-pullback_rsi-SOLUSDT-1702411200-B,tb-pullback_rsi-SOLUSDT-1702468800-S
XRP/USDT,pullback_rsi,2023-12-15 20:00,0.6239,2023-12-16 12:00,0.6230,signal,1313.3,1.638427230000,-2.820397230000,-0.003442,16.00,tb-pullback_rsi-XRPUSDT-1702656000-B,tb-pullback_rsi-XRPUSDT-1702713600-S
BTC/USDT,pullback_rsi,2023-12-15 20:00,42138.18,2023-12-16 16:00,42561.38,signal,0.02273,1.9264851468,7.6928508532,0.008032,20.00,tb-pullback_rsi-BTCUSDT-1702656000-B,tb-pullback_rsi-BTCUSDT-1702728000-S
ETH/USDT,pullback_rsi,2023-12-15 20:00,2244.47,2023-12-16 16:00,2254.49,signal,0.4114,1.8519943830,2.2702336170,0.002459,20.00,tb-pullback_rsi-ETHUSDT-1702656000-B,tb-pullback_rsi-ETHUSDT-1702728000-S
BTC/USDT,pullback_rsi,2023-12-17 12:00,42002.04,2023-12-17 20:00,42063.80,signal,0.03049,2.5648475412,-0.6817851412,-0.000532,8.00,tb-pullback_rsi-BTCUSDT-1702800000-B,tb-pullback_rsi-BTCUSDT-1702828800-S
ETH/USDT,pullback_rsi,2023-12-17 12:00,2218.20,2023-12-17 20:00,2232.27,signal,0.5080,2.2621696800,4.8853903200,0.004335,8.00,tb-pullback_rsi-ETHUSDT-1702800000-B,tb-pullback_rsi-ETHUSDT-1702828800-S
BNB/USDT,pullback_rsi,2023-12-17 12:00,241.75,2023-12-18 11:59,232.79,stop,4.670,2.2173105500,-44.0605105500,-0.039027,24.00,tb-pullback_rsi-BNBUSDT-1702800000-B,tb-pullback_rsi-BNBUSDT-1702886400-X
SOL/USDT,pullback_rsi,2023-12-18 12:00,69.09,2023-12-18 16:00,70.65,signal,6.086,0.8509412700,8.6432187300,0.020556,4.00,tb-pullback_rsi-SOLUSDT-1702886400-B,tb-pullback_rsi-SOLUSDT-1702900800-S
ADA/USDT,pullback_rsi,2023-12-18 16:00,0.5674,2023-12-18 20:00,0.5775,signal,755.7,0.865654850000,6.766915150000,0.015782,4.00,tb-pullback_rsi-ADAUSDT-1702900800-B,tb-pullback_rsi-ADAUSDT-1702915200-S
ETH/USDT,pullback_rsi,2023-12-18 16:00,2157.36,2023-12-18 20:00,2172.63,signal,0.4525,1.9603991600,4.9492758400,0.005070,4.00,tb-pullback_rsi-ETHUSDT-1702900800-B,tb-pullback_rsi-ETHUSDT-1702915200-S
ADA/USDT,pullback_rsi,2023-12-20 04:00,0.5794,2023-12-20 08:00,0.5912,signal,832.5,0.975045960000,8.848454040000,0.018344,4.00,tb-pullback_rsi-ADAUSDT-1703030400-B,tb-pullback_rsi-ADAUSDT-1703044800-S
ETH/USDT,pullback_rsi,2023-12-20 00:00,2180.08,2023-12-20 08:00,2214.54,signal,0.4288,1.8855030940,12.8909449060,0.013790,8.00,tb-pullback_rsi-ETHUSDT-1703016000-B,tb-pullback_rsi-ETHUSDT-1703044800-S
BNB/USDT,pullback_rsi,2023-12-25 04:00,264.97,2023-12-25 16:00,266.83,signal,3.965,2.1096468800,5.2652531200,0.005012,12.00,tb-pullback_rsi-BNBUSDT-1703462400-B,tb-pullback_rsi-BNBUSDT-1703505600-S
BTC/USDT,pullback_rsi,2023-12-25 04:00,43195.94,2023-12-25 16:00,43574.39,signal,0.03463,3.0065843698,10.0991391302,0.006751,12.00,tb-pullback_rsi-BTCUSDT-1703462400-B,tb-pullback_rsi-BTCUSDT-1703505600-S
ETH/USDT,pullback_rsi,2023-12-25 04:00,2278.38,2023-12-25 16:00,2284.19,signal,0.4806,2.1939103280,0.5983756720,0.000546,12.00,tb-pullback_rsi-ETHUSDT-1703462400-B,tb-pullback_rsi-ETHUSDT-1703505600-S
BTC/USDT,pullback_rsi,2023-12-27 00:00,42551.44,2023-12-27 12:00,42976.09,signal,0.03186,2.7266091660,10.8027398340,0.007968,12.00,tb-pullback_rsi-BTCUSDT-1703620800-B,tb-pullback_rsi-BTCUSDT-1703664000-S
ETH/USDT,pullback_rsi,2023-12-27 00:00,2233.12,2023-12-27 12:00,2283.63,signal,0.5188,2.3446297680,23.8599582320,0.020595,12.00,tb-pullback_rsi-ETHUSDT-1703620800-B,tb-pullback_rsi-ETHUSDT-1703664000-S
SOL/USDT,pullback_rsi,2023-12-26 12:00,114.93,2023-12-27 12:00,112.66,signal,2.764,0.6294035500,-6.9036835500,-0.021732,24.00,tb-pullback_rsi-SOLUSDT-1703577600-B,tb-pullback_rsi-SOLUSDT-1703664000-S
SOL/USDT,pullback_rsi,2023-12-28 20:00,101.21,2023-12-29 04:00,104.80,signal,2.880,0.5936124300,9.7455875700,0.033434,8.00,tb-pullback_rsi-SOLUSDT-1703779200-B,tb-pullback_rsi-SOLUSDT-1703808000-S
BTC/USDT,pullback_rsi,2023-12-28 20:00,42653.26,2023-12-29 12:00,42819.13,signal,0.03121,2.6692994250,2.5075032750,0.001884,16.00,tb-pullback_rsi-BTCUSDT-1703779200-B,tb-pullback_rsi-BTCUSDT-1703836800-S
BNB/USDT,pullback_rsi,2023-12-29 12:00,318.22,2023-12-30 08:00,317.98,signal,1.778,1.1318000400,-1.5585200400,-0.002755,20.00,tb-pullback_rsi-BNBUSDT-1703836800-B,tb-pullback_rsi-BNBUSDT-1703908800-S
SOL/USDT,pullback_rsi,2023-12-30 16:00,104.38,2023-12-31 08:00,103.87,signal,3.417,0.7120077700,-2.4546777700,-0.006882,16.00,tb-pullback_rsi-SOLUSDT-1703937600-B,tb-pullback_rsi-SOLUSDT-1703995200-S
LINK/USDT,pullback_rsi,2023-12-30 08:00,15.321,2023-12-31 12:00,15.318,signal,31.08,0.95287296000,-1.04611296000,-0.002197,28.00,tb-pullback_rs-LINKUSDT-1703908800-B,tb-pullback_rs-LINKUSDT-1704009600-S
LTC/USDT,pullback_rsi,2023-12-30 08:00,74.01,2023-12-31 12:00,73.83,signal,9.612,1.4217781800,-3.1519381800,-0.004431,28.00,tb-pullback_rsi-LTCUSDT-1703908800-B,tb-pullback_rsi-LTCUSDT-1704009600-S
ADA/USDT,pullback_rsi,2024-01-01 04:00,0.5961,2024-01-01 12:00,0.6024,signal,1110.6,1.331769420000,5.665010580000,0.008557,8.00,tb-pullback_rsi-ADAUSDT-1704067200-B,tb-pullback_rsi-ADAUSDT-1704096000-S
LINK/USDT,pullback_rsi,2024-01-01 08:00,15.235,2024-01-01 12:00,15.283,signal,39.73,1.21308954000,0.69395046000,0.001146,4.00,tb-pullback_rs-LINKUSDT-1704081600-B,tb-pullback_rs-LINKUSDT-1704096000-S
BNB/USDT,pullback_rsi,2024-01-01 08:00,310.92,2024-01-01 16:00,312.18,signal,2.434,1.5175581600,1.5492818400,0.002047,8.00,tb-pullback_rsi-BNBUSDT-1704081600-B,tb-pullback_rsi-BNBUSDT-1704110400-S
ADA/USDT,pullback_rsi,2024-01-03 04:00,0.6098,2024-01-03 15:59,0.5758,stop,1229.1,1.458013700000,-43.247413700000,-0.057701,12.00,tb-pullback_rsi-ADAUSDT-1704240000-B,tb-pullback_rsi-ADAUSDT-1704283200-X
LTC/USDT,pullback_rsi,2024-01-03 04:00,73.21,2024-01-03 15:59,70.32,stop,14.590,2.0952008500,-44.2603008500,-0.041437,12.00,tb-pullback_rsi-LTCUSDT-1704240000-B,tb-pullback_rsi-LTCUSDT-1704283200-X
LINK/USDT,pullback_rsi,2024-01-03 04:00,15.310,2024-01-03 15:59,14.382,stop,44.89,1.33363938000,-42.99155938000,-0.062554,12.00,tb-pullback_rs-LINKUSDT-1704240000-B,tb-pullback_rs-LINKUSDT-1704283200-X
SOL/USDT,pullback_rsi,2024-02-03 20:00,98.26,2024-02-05 08:00,97.51,signal,6.087,1.1923398100,-5.7575898100,-0.009626,36.00,tb-pullback_rsi-SOLUSDT-1706976000-B,tb-pullback_rsi-SOLUSDT-1707105600-S
ADA/USDT,pullback_rsi,2024-02-10 16:00,0.5386,2024-02-10 20:00,0.5408,signal,1637.5,1.768433120000,1.834066880000,0.002080,4.00,tb-pullback_rsi-ADAUSDT-1707566400-B,tb-pullback_rsi-ADAUSDT-1707580800-S
BNB/USDT,pullback_rsi,2024-02-10 16:00,321.53,2024-02-11 00:00,322.67,signal,4.821,3.1072958500,2.3886441500,0.001541,8.00,tb-pullback_rsi-BNBUSDT-1707566400-B,tb-pullback_rsi-BNBUSDT-1707595200-S
ADA/USDT,pullback_rsi,2024-02-12 00:00,0.5421,2024-02-12 16:00,0.5554,signal,1553.3,1.705614110000,18.953275890000,0.022509,16.00,tb-pullback_rsi-ADAUSDT-1707681600-B,tb-pullback_rsi-ADAUSDT-1707739200-S
ETH/USDT,pullback_rsi,2024-02-12 08:00,2504.21,2024-02-12 16:00,2555.31,signal,0.5853,2.9628395790,26.9459904210,0.018384,8.00,tb-pullback_rsi-ETHUSDT-1707710400-B,tb-pullback_rsi-ETHUSDT-1707739200-S
LTC/USDT,pullback_rsi,2024-02-12 08:00,71.25,2024-02-12 16:00,72.10,signal,18.524,2.6567691500,13.0886308500,0.009917,8.00,tb-pullback_rsi-LTCUSDT-1707710400-B,tb-pullback_rsi-LTCUSDT-1707739200-S
BTC/USDT,pullback_rsi,2024-02-13 20:00,49085.78,2024-02-14 00:00,49649.90,signal,0.02137,2.1114540520,9.9437903480,0.009480,4.00,tb-pullback_rsi-BTCUSDT-1707840000-B,tb-pullback_rsi-BTCUSDT-1707854400-S
LINK/USDT,pullback_rsi,2024-02-14 00:00,19.889,2024-02-14 04:00,20.063,signal,33.15,1.32520436000,4.44289564000,0.006739,4.00,tb-pullback_rs-LINKUSDT-1707854400-B,tb-pullback_rs-LINKUSDT-1707868800-S
SOL/USDT,pullback_rsi,2024-02-16 12:00,112.23,2024-02-17 15:59,105.41,stop,6.063,1.3203369300,-42.6699969300,-0.062708,28.00,tb-pullback_rsi-SOLUSDT-1708070400-B,tb-pullback_rsi-SOLUSDT-1708171200-X
LINK/USDT,pullback_rsi,2024-02-17 00:00,19.575,2024-02-17 16:00,19.588,signal,34.65,1.35778095000,-0.90733095000,-0.001338,16.00,tb-pullback_rs-LINKUSDT-1708113600-B,tb-pullback_rs-LINKUSDT-1708171200-S
ADA/USDT,pullback_rsi,2024-02-17 00:00,0.5993,2024-02-18 00:00,0.6089,signal,1100.4,1.330222440000,9.233617560000,0.014002,24.00,tb-pullback_rsi-ADAUSDT-1708113600-B,tb-pullback_rsi-ADAUSDT-1708200000-S
XRP/USDT,pullback_rsi,2024-02-17 20:00,0.5498,2024-02-18 08:00,0.5543,signal,1469.0,1.622747600000,4.987752400000,0.006176,12.00,tb-pullback_rsi-XRPUSDT-1708185600-B,tb-pullback_rsi-XRPUSDT-1708228800-S
BTC/USDT,pullback_rsi,2024-02-17 20:00,51445.84,2024-02-18 12:00,51780.17,signal,0.02321,2.3974190716,5.3623802284,0.004491,16.00,tb-pullback_rsi-BTCUSDT-1708185600-B,tb-pullback_rsi-BTCUSDT-1708243200-S
BNB/USDT,pullback_rsi,2024-02-19 04:00,352.66,2024-02-19 08:00,354.14,signal,2.739,1.9369831800,2.1167368200,0.002191,4.00,tb-pullback_rsi-BNBUSDT-1708300800-B,tb-pullback_rsi-BNBUSDT-1708315200-S
BTC/USDT,pullback_rsi,2024-02-20 08:00,51891.12,2024-02-20 12:00,52234.51,signal,0.02890,3.0107874416,6.9131835584,0.004610,4.00,tb-pullback_rsi-BTCUSDT-1708401600-B,tb-pullback_rsi-BTCUSDT-1708416000-S
LTC/USDT,pullback_rsi,2024-02-20 08:00,71.00,2024-02-20 15:59,68.70,stop,18.201,2.5440287000,-44.4063287000,-0.034363,8.00,tb-pullback_rsi-LTCUSDT-1708401600-B,tb-pullback_rsi-LTCUSDT-1708430400-X
SOL/USDT,pullback_rsi,2024-02-20 12:00,110.53,2024-02-20 15:59,103.93,stop,6.250,1.3411487100,-42.5911487100,-0.061654,4.00,tb-pullback_rsi-SOLUSDT-1708416000-B,tb-pullback_rsi-SOLUSDT-1708430400-X
LINK/USDT,pullback_rsi,2024-02-20 20:00,19.220,2024-02-21 19:59,18.043,stop,34.67,1.29267701000,-42.09926701000,-0.063178,24.00,tb-pullback_rs-LINKUSDT-1708444800-B,tb-pullback_rs-LINKUSDT-1708531200-X
ADA/USDT,pullback_rsi,2024-02-20 20:00,0.6187,2024-02-21 19:59,0.5747,stop,926.0,1.105707100000,-41.849707100000,-0.073047,24.00,tb-pullback_rsi-ADAUSDT-1708444800-B,tb-pullback_rsi-ADAUSDT-1708531200-X
LTC/USDT,pullback_rsi,2024-02-20 20:00,69.71,2024-02-22 00:00,68.84,signal,13.715,1.9011891900,-13.8332391900,-0.014469,28.00,tb-pullback_rsi-LTCUSDT-1708444800-B,tb-pullback_rsi-LTCUSDT-1708545600-S
ADA/USDT,pullback_rsi,2024-02-23 12:00,0.5849,2024-02-23 20:00,0.5908,signal,1001.4,1.177989370000,4.730270630000,0.008076,8.00,tb-pullback_rsi-ADAUSDT-1708675200-B,tb-pullback_rsi-ADAUSDT-1708704000-S
BTC/USDT,pullback_rsi,2024-02-23 12:00,51270.16,2024-02-24 08:00,51017.63,signal,0.02411,2.4676967224,-8.5561950224,-0.006922,20.00,tb-pullback_rsi-BTCUSDT-1708675200-B,tb-pullback_rsi-BTCUSDT-1708747200-S
ETH/USDT,pullback_rsi,2024-02-23 12:00,2946.58,2024-02-24 08:00,2961.10,signal,0.2758,1.6302221180,2.3743938820,0.002922,20.00,tb-pullback_rsi-ETHUSDT-1708675200-B,tb-pullback_rsi-ETHUSDT-1708747200-S
ADA/USDT,pullback_rsi,2024-02-25 20:00,0.5883,2024-02-26 00:00,0.5907,signal,1279.4,1.509177390000,1.561382610000,0.002074,4.00,tb-pullback_rsi-ADAUSDT-1708876800-B,tb-pullback_rsi-ADAUSDT-1708891200-S
LINK/USDT,pullback_rsi,2024-02-26 16:00,18.884,2024-02-26 20:00,19.183,signal,44.26,1.68578962000,11.54795038000,0.013817,4.00,tb-pullback_rs-LINKUSDT-1708948800-B,tb-pullback_rs-LINKUSDT-1708963200-S
LTC/USDT,pullback_rsi,2024-02-26 16:00,71.23,2024-02-26 20:00,71.36,signal,18.269,2.6063300800,-0.2313600800,-0.000178,4.00,tb-pullback_rsi-LTCUSDT-1708948800-B,tb-pullback_rsi-LTCUSDT-1708963200-S
SOL/USDT,pullback_rsi,2024-02-26 16:00,105.07,2024-02-26 20:00,109.59,signal,6.856,1.4724444500,29.5166755500,0.040975,4.00,tb-pullback_rsi-SOLUSDT-1708948800-B,tb-pullback_rsi-SOLUSDT-1708963200-S
ETH/USDT,pullback_rsi,2024-03-01 04:00,3371.15,2024-03-01 12:00,3407.47,signal,0.1914,1.2981021000,5.6535459000,0.008762,8.00,tb-pullback_rsi-ETHUSDT-1709251200-B,tb-pullback_rsi-ETHUSDT-1709280000-S
LINK/USDT,pullback_rsi,2024-03-01 04:00,19.554,2024-03-01 12:00,19.854,signal,25.40,1.00154982000,6.61845018000,0.013326,8.00,tb-pullback_rs-LINKUSDT-1709251200-B,tb-pullback_rs-LINKUSDT-1709280000-S
BNB/USDT,pullback_rsi,2024-03-01 04:00,406.01,2024-03-02 00:00,406.99,signal,1.829,1.4877890200,0.3046309800,0.000410,20.00,tb-pullback_rsi-BNBUSDT-1709251200-B,tb-pullback_rsi-BNBUSDT-1709323200-S
SOL/USDT,pullback_rsi,2024-03-02 20:00,130.77,2024-03-03 20:00,130.03,signal,3.448,0.8997614800,-3.4512814800,-0.007654,24.00,tb-pullback_rsi-SOLUSDT-1709395200-B,tb-pullback_rsi-SOLUSDT-1709481600-S
ADA/USDT,pullback_rsi,2024-03-03 12:00,0.7279,2024-03-04 04:00,0.7541,signal,598.3,0.887117340000,14.788342660000,0.033957,16.00,tb-pullback_rsi-ADAUSDT-1709452800-B,tb-pullback_rsi-ADAUSDT-1709510400-S
LINK/USDT,pullback_rsi,2024-03-03 12:00,20.530,2024-03-04 16:00,20.475,signal,24.52,1.00605850000,-2.35465850000,-0.004678,28.00,tb-pullback_rs-LINKUSDT-1709452800-B,tb-pullback_rs-LINKUSDT-1709553600-S
LTC/USDT,pullback_rsi,2024-03-05 04:00,89.22,2024-03-05 12:00,89.52,signal,5.332,0.9535770000,0.6460230000,0.001358,8.00,tb-pullback_rsi-LTCUSDT-1709596800-B,tb-pullback_rsi-LTCUSDT-1709625600-S
ADA/USDT,pullback_rsi,2024-03-05 12:00,0.7686,2024-03-05 19:59,0.6980,stop,572.8,0.840529640000,-41.280209640000,-0.093765,8.00,tb-pullback_rsi-ADAUSDT-1709625600-B,tb-pullback_rsi-ADAUSDT-1709654400-X
ADA/USDT,pullback_rsi,2024-03-06 00:00,0.6930,2024-03-06 08:00,0.7373,signal,381.1,0.545364530000,16.337365470000,0.061860,8.00,tb-pullback_rsi-ADAUSDT-1709668800-B,tb-pullback_rsi-ADAUSDT-1709697600-S
BNB/USDT,pullback_rsi,2024-03-06 00:00,394.50,2024-03-06 08:00,410.18,signal,1.373,1.1056146400,20.4230253600,0.037705,8.00,tb-pullback_rsi-BNBUSDT-1709668800-B,tb-pullback_rsi-BNBUSDT-1709697600-S
LTC/USDT,pullback_rsi,2024-03-06 00:00,82.02,2024-03-06 08:00,85.81,signal,3.707,0.6224738900,13.4270561100,0.044161,8.00,tb-pullback_rsi-LTCUSDT-1709668800-B,tb-pullback_rsi-LTCUSDT-1709697600-S
LINK/USDT,pullback_rsi,2024-03-08 12:00,20.016,2024-03-09 04:00,20.023,signal,27.32,1.09446596000,-0.90322596000,-0.001652,16.00,tb-pullback_rs-LINKUSDT-1709884800-B,tb-pullback_rs-LINKUSDT-1709942400-S
ADA/USDT,pullback_rsi,2024-03-10 20:00,0.7206,2024-03-11 08:00,0.7332,signal,810.6,1.179098820000,9.034461180000,0.015467,12.00,tb-pullback_rsi-ADAUSDT-1710086400-B,tb-pullback_rsi-ADAUSDT-1710129600-S
XRP/USDT,pullback_rsi,2024-03-10 20:00,0.6126,2024-03-11 08:00,0.6190,signal,1171.4,1.443431360000,6.053528640000,0.008436,12.00,tb-pullback_rsi-XRPUSDT-1710086400-B,tb-pullback_rsi-XRPUSDT-1710129600-S
LTC/USDT,pullback_rsi,2024-03-11 08:00,90.19,2024-03-11 12:00,94.59,signal,5.852,1.0818737000,24.6669263000,0.046736,4.00,tb-pullback_rsi-LTCUSDT-1710129600-B,tb-pullback_rsi-LTCUSDT-1710144000-S
LINK/USDT,pullback_rsi,2024-03-12 16:00,20.550,2024-03-12 20:00,20.684,signal,24.92,1.02816778000,2.31111222000,0.004513,4.00,tb-pullback_rs-LINKUSDT-1710244800-B,tb-pullback_rs-LINKUSDT-1710259200-S
ETH/USDT,pullback_rsi,2024-03-13 04:00,4047.83,2024-03-13 08:00,4034.32,signal,0.1914,1.5477330780,-4.1335470780,-0.005335,4.00,tb-pullback_rsi-ETHUSDT-1710288000-B,tb-pullback_rsi-ETHUSDT-1710302400-S
LINK/USDT,pullback_rsi,2024-03-13 20:00,20.440,2024-03-14 00:00,20.731,signal,28.12,1.15834172000,7.02457828000,0.012221,4.00,tb-pullback_rs-LINKUSDT-1710345600-B,tb-pullback_rs-LINKUSDT-1710360000-S
LTC/USDT,pullback_rsi,2024-03-13 20:00,96.61,2024-03-15 03:59,88.66,stop,5.124,0.9499031400,-41.6857031400,-0.084208,32.00,tb-pullback_rsi-LTCUSDT-1710345600-B,tb-pullback_rsi-LTCUSDT-1710460800-X
XRP/USDT,pullback_rsi,2024-03-13 20:00,0.6853,2024-03-15 03:59,0.6287,stop,720.0,0.946628240000,-41.698628240000,-0.084510,32.00,tb-pullback_rsi-XRPUSDT-1710345600-B,tb-pullback_rsi-XRPUSDT-1710460800-X
ETH/USDT,pullback_rsi,2024-03-15 00:00,3885.58,2024-03-15 03:59,3662.47,stop,0.1829,1.3813154580,-42.1881344580,-0.059364,4.00,tb-pullback_rsi-ETHUSDT-1710446400-B,tb-pullback_rsi-ETHUSDT-1710460800-X
LTC/USDT,pullback_rsi,2024-03-15 16:00,88.30,2024-03-16 00:00,89.68,signal,4.310,0.7675353000,5.1802647000,0.013612,8.00,tb-pullback_rsi-LTCUSDT-1710504000-B,tb-pullback_rsi-LTCUSDT-1710532800-S
XRP/USDT,pullback_rsi,2024-03-15 16:00,0.6279,2024-03-16 04:00,0.6405,signal,622.8,0.790399050000,7.056880950000,0.018046,12.00,tb-pullback_rsi-XRPUSDT-1710504000-B,tb-pullback_rsi-XRPUSDT-1710547200-S
BTC/USDT,pullback_rsi,2024-03-17 04:00,66605.53,2024-03-17 16:00,67897.54,signal,0.00883,1.1883281652,10.2201201348,0.017377,12.00,tb-pullback_rsi-BTCUSDT-1710633600-B,tb-pullback_rsi-BTCUSDT-1710676800-S
ETH/USDT,pullback_rsi,2024-03-17 04:00,3575.07,2024-03-17 16:00,3624.79,signal,0.1518,1.0936537600,6.4538422400,0.011892,12.00,tb-pullback_rsi-ETHUSDT-1710633600-B,tb-pullback_rsi-ETHUSDT-1710676800-S
XRP/USDT,pullback_rsi,2024-03-17 04:00,0.6159,2024-03-17 16:00,0.6198,signal,701.9,0.867830550000,1.869579450000,0.004325,12.00,tb-pullback_rsi-XRPUSDT-1710633600-B,tb-pullback_rsi-XRPUSDT-1710676800-S
LTC/USDT,pullback_rsi,2024-03-19 00:00,86.85,2024-03-19 07:59,78.69,stop,4.926,0.8158842900,-41.0120442900,-0.095862,8.00,tb-pullback_rsi-LTCUSDT-1710792000-B,tb-pullback_rsi-LTCUSDT-1710820800-X
XRP/USDT,pullback_rsi,2024-03-19 00:00,0.6460,2024-03-19 07:59,0.5893,stop,710.3,0.877950390000,-41.151960390000,-0.089684,8.00,tb-pullback_rsi-XRPUSDT-1710792000-B,tb-pullback_rsi-XRPUSDT-1710820800-X
ETH/USDT,pullback_rsi,2024-03-19 00:00,3524.00,2024-03-19 11:59,3273.40,stop,0.1608,1.0937267200,-41.3902067200,-0.073043,12.00,tb-pullback_rsi-ETHUSDT-1710792000-B,tb-pullback_rsi-ETHUSDT-1710835200-X
BNB/USDT,pullback_rsi,2024-03-19 16:00,530.03,2024-03-20 08:00,531.46,signal,0.631,0.6703302200,0.2319997800,0.000694,16.00,tb-pullback_rsi-BNBUSDT-1710849600-B,tb-pullback_rsi-BNBUSDT-1710907200-S
BTC/USDT,pullback_rsi,2024-03-19 16:00,64115.91,2024-03-20 12:00,63329.55,signal,0.00869,1.1081422070,-7.9416106070,-0.014254,20.00,tb-pullback_rsi-BTCUSDT-1710849600-B,tb-pullback_rsi-BTCUSDT-1710921600-S
SOL/USDT,pullback_rsi,2024-03-19 08:00,186.33,2024-03-20 20:00,182.36,signal,1.526,0.5629936000,-6.6212136000,-0.023286,36.00,tb-pullback_rsi-SOLUSDT-1710820800-B,tb-pullback_rsi-SOLUSDT-1710950400-S
BTC/USDT,pullback_rsi,2024-03-22 00:00,65566.79,2024-03-22 08:00,66111.83,signal,0.00837,1.1028057202,3.4591790798,0.006303,8.00,tb-pullback_rsi-BTCUSDT-1711051200-B,tb-pullback_rsi-BTCUSDT-1711080000-S
SOL/USDT,pullback_rsi,2024-03-22 00:00,179.64,2024-03-23 00:00,175.03,signal,1.615,0.5731513300,-8.0183013300,-0.027638,24.00,tb-pullback_rsi-SOLUSDT-1711051200-B,tb-pullback_rsi-SOLUSDT-1711137600-S
XRP/USDT,pullback_rsi,2024-03-22 20:00,0.6131,2024-03-23 08:00,0.6152,signal,752.0,0.924172080000,0.655027920000,0.001421,12.00,tb-pullback_rsi-XRPUSDT-1711123200-B,tb-pullback_rsi-XRPUSDT-1711166400-S
BTC/USDT,pullback_rsi,2024-03-23 08:00,64639.99,2024-03-23 12:00,64564.98,signal,0.00913,1.1802877786,-1.8651290786,-0.003160,4.00,tb-pullback_rsi-BTCUSDT-1711166400-B,tb-pullback_rsi-BTCUSDT-1711180800-S
SOL/USDT,pullback_rsi,2024-03-24 08:00,173.72,2024-03-24 12:00,174.66,signal,2.353,0.8202593000,1.3915607000,0.003404,4.00,tb-pullback_rsi-SOLUSDT-1711252800-B,tb-pullback_rsi-SOLUSDT-1711267200-S
LTC/USDT,pullback_rsi,2024-03-26 20:00,95.24,2024-03-27 00:00,95.66,signal,6.148,1.1743198800,1.4078401200,0.002404,4.00,tb-pullback_rsi-LTCUSDT-1711468800-B,tb-pullback_rsi-LTCUSDT-1711483200-S
BNB/USDT,pullback_rsi,2024-03-27 00:00,580.99,2024-03-28 04:00,581.21,signal,1.252,1.4562363800,-1.1807963800,-0.001623,28.00,tb-pullback_rsi-BNBUSDT-1711483200-B,tb-pullback_rsi-BNBUSDT-1711584000-S
ETH/USDT,pullback_rsi,2024-03-28 00:00,3504.71,2024-03-28 08:00,3570.30,signal,0.2047,1.4493059600,11.9769670400,0.016695,8.00,tb-pullback_rsi-ETHUSDT-1711569600-B,tb-pullback_rsi-ETHUSDT-1711598400-S
XRP/USDT,pullback_rsi,2024-03-27 00:00,0.6324,2024-03-28 08:00,0.6215,signal,1204.7,1.511395450000,-14.642625450000,-0.019220,32.00,tb-pullback_rsi-XRPUSDT-1711483200-B,tb-pullback_rsi-XRPUSDT-1711598400-S
XRP/USDT,pullback_rsi,2024-03-29 12:00,0.6301,2024-03-30 00:00,0.6293,signal,1236.9,1.558570990000,-2.548090990000,-0.003269,12.00,tb-pullback_rsi-XRPUSDT-1711699200-B,tb-pullback_rsi-XRPUSDT-1711742400-S
BTC/USDT,pullback_rsi,2024-03-29 12:00,70212.93,2024-03-30 12:00,70113.35,signal,0.01413,1.9842145995,-3.3912799995,-0.003418,24.00,tb-pullback_rsi-BTCUSDT-1711699200-B,tb-pullback_rsi-BTCUSDT-1711785600-S
ETH/USDT,pullback_rsi,2024-03-29 12:00,3553.41,2024-03-30 12:00,3556.43,signal,0.2445,1.7394219080,-1.0010319080,-0.001152,24.00,tb-pullback_rsi-ETHUSDT-1711699200-B,tb-pullback_rsi-ETHUSDT-1711785600-S
BNB/USDT,pullback_rsi,2024-04-01 20:00,579.88,2024-04-02 03:59,553.31,stop,1.499,1.6998115700,-41.5282415700,-0.047775,8.00,tb-pullback_rsi-BNBUSDT-1711987200-B,tb-pullback_rsi-BNBUSDT-1712016000-X
ETH/USDT,pullback_rsi,2024-04-01 20:00,3489.82,2024-04-02 03:59,3331.96,stop,0.2525,1.7235463960,-41.5831963960,-0.047190,8.00,tb-pullback_rsi-ETHUSDT-1711987200-B,tb-pullback_rsi-ETHUSDT-1712016000-X
BTC/USDT,pullback_rsi,2024-04-01 20:00,69717.66,2024-04-02 03:59,67251.30,stop,0.01626,2.2285096448,-42.3315232448,-0.037342,8.00,tb-pullback_rsi-BTCUSDT-1711987200-B,tb-pullback_rsi-BTCUSDT-1712016000-X
LTC/USDT,pullback_rsi,2024-04-02 08:00,99.05,2024-04-02 12:00,102.40,signal,4.080,0.8224112500,12.8455887500,0.031786,4.00,tb-pullback_rsi-LTCUSDT-1712030400-B,tb-pullback_rsi-LTCUSDT-1712044800-S
BNB/USDT,pullback_rsi,2024-04-02 20:00,558.56,2024-04-03 04:00,559.73,signal,1.342,1.5018623000,0.0682777000,0.000091,8.00,tb-pullback_rsi-BNBUSDT-1712073600-B,tb-pullback_rsi-BNBUSDT-1712102400-S
BTC/USDT,pullback_rsi,2024-04-02 20:00,65980.83,2024-04-03 04:00,66159.56,signal,0.01256,1.6610029114,0.5838458886,0.000705,8.00,tb-pullback_rsi-BTCUSDT-1712073600-B,tb-pullback_rsi-BTCUSDT-1712102400-S
SOL/USDT,pullback_rsi,2024-04-02 20:00,185.86,2024-04-03 04:00,188.28,signal,2.623,0.9819268000,5.3657332000,0.011006,8.00,tb-pullback_rsi-SOLUSDT-1712073600-B,tb-pullback_rsi-SOLUSDT-1712102400-S
BNB/USDT,pullback_rsi,2024-04-05 12:00,578.08,2024-04-05 16:00,583.31,signal,1.259,1.4633461700,5.1212238300,0.007037,4.00,tb-pullback_rsi-BNBUSDT-1712304000-B,tb-pullback_rsi-BNBUSDT-1712318400-S
BTC/USDT,pullback_rsi,2024-04-05 16:00,68258.82,2024-04-06 08:00,67924.02,signal,0.01156,1.5756388056,-5.4459268056,-0.006902,16.00,tb-pullback_rsi-BTCUSDT-1712318400-B,tb-pullback_rsi-BTCUSDT-1712376000-S
SOL/USDT,pullback_rsi,2024-04-05 16:00,176.07,2024-04-06 08:00,177.09,signal,2.487,0.8788371300,1.6579028700,0.003786,16.00,tb-pullback_rsi-SOLUSDT-1712318400-B,tb-pullback_rsi-SOLUSDT-1712376000-S
BNB/USDT,pullback_rsi,2024-04-08 00:00,584.39,2024-04-08 08:00,588.21,signal,1.892,2.2197279800,5.0077120200,0.004529,8.00,tb-pullback_rsi-BNBUSDT-1712520000-B,tb-pullback_rsi-BNBUSDT-1712548800-S
LTC/USDT,pullback_rsi,2024-04-08 00:00,101.32,2024-04-08 08:00,102.06,signal,5.613,1.1421798600,3.0114401400,0.005295,8.00,tb-pullback_rsi-LTCUSDT-1712520000-B,tb-pullback_rsi-LTCUSDT-1712548800-S
BNB/USDT,pullback_rsi,2024-04-09 12:00,584.79,2024-04-10 08:00,586.91,signal,1.669,1.9567368800,1.5815431200,0.001620,20.00,tb-pullback_rsi-BNBUSDT-1712649600-B,tb-pullback_rsi-BNBUSDT-1712721600-S
BTC/USDT,pullback_rsi,2024-04-09 12:00,70865.64,2024-04-10 15:59,68120.23,stop,0.01438,2.0000341260,-41.4790299260,-0.040704,28.00,tb-pullback_rsi-BTCUSDT-1712649600-B,tb-pullback_rsi-BTCUSDT-1712750400-X
BTC/USDT,pullback_rsi,2024-04-10 20:00,70154.09,2024-04-11 00:00,70560.44,signal,0.01355,1.9080849613,3.5979575387,0.003785,4.00,tb-pullback_rsi-BTCUSDT-1712764800-B,tb-pullback_rsi-BTCUSDT-1712779200-S
LTC/USDT,pullback_rsi,2024-04-09 20:00,98.53,2024-04-11 04:00,97.19,signal,6.061,1.1869486300,-9.3086886300,-0.015587,32.00,tb-pullback_rsi-LTCUSDT-1712678400-B,tb-pullback_rsi-LTCUSDT-1712793600-S
SOL/USDT,pullback_rsi,2024-05-19 20:00,169.48,2024-05-20 04:00,171.96,signal,3.815,1.3032715200,8.1579284800,0.012617,8.00,tb-pullback_rsi-SOLUSDT-1716134400-B,tb-pullback_rsi-SOLUSDT-1716163200-S
BTC/USDT,pullback_rsi,2024-05-20 00:00,66340.28,2024-05-20 08:00,66758.32,signal,0.02155,2.8702650424,6.1384969576,0.004294,8.00,tb-pullback_rsi-BTCUSDT-1716148800-B,tb-pullback_rsi-BTCUSDT-1716177600-S
LINK/USDT,pullback_rsi,2024-05-21 20:00,16.686,2024-05-22 04:00,16.866,signal,33.68,1.13069880000,4.93170120000,0.008776,8.00,tb-pullback_rs-LINKUSDT-1716307200-B,tb-pullback_rs-LINKUSDT-1716336000-S
SOL/USDT,pullback_rsi,2024-05-22 00:00,178.33,2024-05-22 08:00,179.71,signal,3.271,1.1718621600,3.3421178400,0.005730,8.00,tb-pullback_rsi-SOLUSDT-1716321600-B,tb-pullback_rsi-SOLUSDT-1716350400-S
ADA/USDT,pullback_rsi,2024-05-22 16:00,0.4844,2024-05-23 04:00,0.4863,signal,1575.4,1.530015820000,1.463244180000,0.001917,12.00,tb-pullback_rsi-ADAUSDT-1716379200-B,tb-pullback_rsi-ADAUSDT-1716422400-S
LTC/USDT,pullback_rsi,2024-05-22 16:00,87.44,2024-05-23 12:00,87.25,signal,10.308,1.8016663600,-3.7601863600,-0.004172,20.00,tb-pullback_rsi-LTCUSDT-1716379200-B,tb-pullback_rsi-LTCUSDT-1716451200-S
XRP/USDT,pullback_rsi,2024-05-22 16:00,0.5363,2024-05-23 15:59,0.5152,stop,1873.0,1.970478470000,-41.490778470000,-0.041305,24.00,tb-pullback_rsi-XRPUSDT-1716379200-B,tb-pullback_rsi-XRPUSDT-1716465600-X
XRP/USDT,pullback_rsi,2024-05-24 00:00,0.5294,2024-05-24 04:00,0.5300,signal,1320.7,1.399890740000,-0.607470740000,-0.000869,4.00,tb-pullback_rsi-XRPUSDT-1716494400-B,tb-pullback_rsi-XRPUSDT-1716508800-S
BNB/USDT,pullback_rsi,2024-05-24 00:00,600.00,2024-05-24 20:00,601.39,signal,1.359,1.6338890100,0.2551209900,0.000313,20.00,tb-pullback_rsi-BNBUSDT-1716494400-B,tb-pullback_rsi-BNBUSDT-1716566400-S
SOL/USDT,pullback_rsi,2024-05-24 00:00,176.33,2024-05-25 04:00,169.48,signal,2.643,0.9145048200,-19.0190548200,-0.040810,28.00,tb-pullback_rsi-SOLUSDT-1716494400-B,tb-pullback_rsi-SOLUSDT-1716595200-S
ETH/USDT,pullback_rsi,2024-05-24 12:00,3716.34,2024-05-25 08:00,3742.85,signal,0.1256,0.9376175320,2.3920384680,0.005125,20.00,tb-pullback_rsi-ETHUSDT-1716537600-B,tb-pullback_rsi-ETHUSDT-1716609600-S
SOL/USDT,pullback_rsi,2024-05-27 00:00,163.59,2024-05-27 04:00,165.21,signal,3.984,1.3105935600,5.1434864400,0.007892,4.00,tb-pullback_rsi-SOLUSDT-1716753600-B,tb-pullback_rsi-SOLUSDT-1716768000-S
LTC/USDT,pullback_rsi,2024-05-27 04:00,84.52,2024-05-27 08:00,84.39,signal,13.695,2.3144057300,-4.0947557300,-0.003538,4.00,tb-pullback_rsi-LTCUSDT-1716768000-B,tb-pullback_rsi-LTCUSDT-1716782400-S
XRP/USDT,pullback_rsi,2024-05-27 04:00,0.5322,2024-05-27 16:00,0.5386,signal,2118.5,2.269660640000,11.288739360000,0.010012,12.00,tb-pullback_rsi-XRPUSDT-1716768000-B,tb-pullback_rsi-XRPUSDT-1716811200-S
BNB/USDT,pullback_rsi,2024-05-29 12:00,599.60,2024-05-30 04:00,597.00,signal,2.420,2.8975708000,-9.1895708000,-0.006333,16.00,tb-pullback_rsi-BNBUSDT-1716969600-B,tb-pullback_rsi-BNBUSDT-1717027200-S
BTC/USDT,pullback_rsi,2024-05-30 00:00,67720.07,2024-05-30 04:00,68050.08,signal,0.01742,2.3664704108,3.3823037892,0.002867,4.00,tb-pullback_rsi-BTCUSDT-1717012800-B,tb-pullback_rsi-BTCUSDT-1717027200-S
ETH/USDT,pullback_rsi,2024-05-30 00:00,3771.21,2024-05-30 04:00,3787.50,signal,0.2264,1.7124233070,1.9756326930,0.002314,4.00,tb-pullback_rsi-ETHUSDT-1717012800-B,tb-pullback_rsi-ETHUSDT-1717027200-S
BTC/USDT,pullback_rsi,2024-05-31 20:00,67748.69,2024-06-01 20:00,67686.00,signal,0.01656,2.2441534402,-3.2822998402,-0.002926,24.00,tb-pullback_rsi-BTCUSDT-1717171200-B,tb-pullback_rsi-BTCUSDT-1717257600-S
SOL/USDT,pullback_rsi,2024-06-02 12:00,166.22,2024-06-03 08:00,165.18,signal,5.791,1.9201347200,-7.9427747200,-0.008252,20.00,tb-pullback_rsi-SOLUSDT-1717315200-B,tb-pullback_rsi-SOLUSDT-1717387200-S
ETH/USDT,pullback_rsi,2024-06-04 04:00,3777.29,2024-06-04 16:00,3806.81,signal,0.3136,2.3798846800,6.8775873200,0.005806,12.00,tb-pullback_rsi-ETHUSDT-1717459200-B,tb-pullback_rsi-ETHUSDT-1717502400-S
LINK/USDT,pullback_rsi,2024-06-03 08:00,18.154,2024-06-04 16:00,17.769,signal,46.00,1.65336570000,-19.36336570000,-0.023187,32.00,tb-pullback_rs-LINKUSDT-1717387200-B,tb-pullback_rs-LINKUSDT-1717502400-S
XRP/USDT,pullback_rsi,2024-06-06 12:00,0.5268,2024-06-06 16:00,0.5258,signal,3124.3,3.290323940000,-6.414623940000,-0.003897,4.00,tb-pullback_rsi-XRPUSDT-1717660800-B,tb-pullback_rsi-XRPUSDT-1717675200-S
LINK/USDT,pullback_rsi,2024-06-06 16:00,17.481,2024-06-07 08:00,17.481,signal,56.13,1.96346592000,-1.96346592000,-0.002001,16.00,tb-pullback_rs-LINKUSDT-1717675200-B,tb-pullback_rs-LINKUSDT-1717732800-S
SOL/USDT,pullback_rsi,2024-06-07 00:00,170.33,2024-06-07 08:00,171.83,signal,5.728,1.9609144600,6.6310855400,0.006797,8.00,tb-pullback_rsi-SOLUSDT-1717704000-B,tb-pullback_rsi-SOLUSDT-1717732800-S
ETH/USDT,pullback_rsi,2024-06-07 00:00,3817.29,2024-06-07 12:00,3831.15,signal,0.3378,2.5851699480,2.0967380520,0.001626,12.00,tb-pullback_rsi-ETHUSDT-1717704000-B,tb-pullback_rsi-ETHUSDT-1717747200-S
LTC/USDT,pullback_rsi,2024-06-07 12:00,84.53,2024-06-07 19:59,82.35,stop,18.182,3.0358182300,-42.6725782300,-0.027765,8.00,tb-pullback_rsi-LTCUSDT-1717747200-B,tb-pullback_rsi-LTCUSDT-1717776000-X
BNB/USDT,pullback_rsi,2024-06-08 00:00,684.69,2024-06-08 08:00,694.00,signal,1.065,1.4696742300,8.4454757700,0.011582,8.00,tb-pullback_rsi-BNBUSDT-1717790400-B,tb-pullback_rsi-BNBUSDT-1717819200-S
BTC/USDT,pullback_rsi,2024-06-08 00:00,69424.96,2024-06-09 12:00,69298.31,signal,0.01756,2.4373691168,-4.6613431168,-0.003824,36.00,tb-pullback_rsi-BTCUSDT-1717790400-B,tb-pullback_rsi-BTCUSDT-1717920000-S
ETH/USDT,pullback_rsi,2024-06-08 04:00,3693.69,2024-06-09 12:00,3689.79,signal,0.2974,2.1969550630,-3.3568150630,-0.003056,32.00,tb-pullback_rsi-ETHUSDT-1717804800-B,tb-pullback_rsi-ETHUSDT-1717920000-S
BNB/USDT,pullback_rsi,2024-06-09 08:00,680.58,2024-06-10 07:59,649.51,stop,1.242,1.6533329400,-40.2422729400,-0.047608,24.00,tb-pullback_rsi-BNBUSDT-1717905600-B,tb-pullback_rsi-BNBUSDT-1717992000-X
BTC/USDT,pullback_rsi,2024-06-10 12:00,69543.37,2024-06-10 16:00,69996.05,signal,0.02149,3.0007884324,6.7273047676,0.004501,4.00,tb-pullback_rsi-BTCUSDT-1718006400-B,tb-pullback_rsi-BTCUSDT-1718020800-S
ETH/USDT,pullback_rsi,2024-06-10 12:00,3679.63,2024-06-10 16:00,3698.82,signal,0.4180,3.0860319150,4.9353880850,0.003209,4.00,tb-pullback_rsi-ETHUSDT-1718006400-B,tb-pullback_rsi-ETHUSDT-1718020800-S
BNB/USDT,pullback_rsi,2024-06-10 16:00,651.66,2024-06-10 23:59,621.02,stop,1.254,1.5972440400,-40.0198040400,-0.048973,8.00,tb-pullback_rsi-BNBUSDT-1718020800-B,tb-pullback_rsi-BNBUSDT-1718049600-X
BNB/USDT,pullback_rsi,2024-06-11 04:00,626.23,2024-06-12 03:59,592.25,stop,1.120,1.3659500600,-39.4235500600,-0.056209,24.00,tb-pullback_rsi-BNBUSDT-1718064000-B,tb-pullback_rsi-BNBUSDT-1718150400-X
XRP/USDT,pullback_rsi,2024-07-21 16:00,0.5887,2024-07-21 20:00,0.5906,signal,883.5,1.042441380000,0.636208620000,0.001223,4.00,tb-pullback_rsi-XRPUSDT-1721563200-B,tb-pullback_rsi-XRPUSDT-1721577600-S
ADA/USDT,pullback_rsi,2024-07-22 00:00,0.4475,2024-07-23 07:59,0.4226,stop,1521.8,1.324834180000,-39.217654180000,-0.057588,32.00,tb-pullback_rsi-ADAUSDT-1721592000-B,tb-pullback_rsi-ADAUSDT-1721707200-X
LTC/USDT,pullback_rsi,2024-07-22 20:00,72.40,2024-07-23 16:00,72.26,signal,12.410,1.7961718000,-3.5335718000,-0.003933,20.00,tb-pullback_rsi-LTCUSDT-1721664000-B,tb-pullback_rsi-LTCUSDT-1721736000-S
ADA/USDT,pullback_rsi,2024-07-23 12:00,0.4259,2024-07-24 08:00,0.4191,signal,1589.0,1.343386440000,-12.148586440000,-0.017951,20.00,tb-pullback_rsi-ADAUSDT-1721721600-B,tb-pullback_rsi-ADAUSDT-1721793600-S
BTC/USDT,pullback_rsi,2024-07-24 00:00,66001.94,2024-07-24 12:00,66301.63,signal,0.01531,2.0268877002,2.5613661998,0.002535,12.00,tb-pullback_rsi-BTCUSDT-1721764800-B,tb-pullback_rsi-BTCUSDT-1721808000-S
SOL/USDT,pullback_rsi,2024-07-24 00:00,173.21,2024-07-24 12:00,177.59,signal,3.160,1.1092208400,12.7315791600,0.023261,12.00,tb-pullback_rsi-SOLUSDT-1721764800-B,tb-pullback_rsi-SOLUSDT-1721808000-S
BTC/USDT,pullback_rsi,2024-07-25 16:00,64855.69,2024-07-26 00:00,65734.15,signal,0.01529,1.9980157639,11.4336376361,0.011530,8.00,tb-pullback_rsi-BTCUSDT-1721908800-B,tb-pullback_rsi-BTCUSDT-1721937600-S
SOL/USDT,pullback_rsi,2024-07-25 16:00,170.62,2024-07-26 00:00,171.68,signal,2.900,0.9931818600,2.0808181400,0.004205,8.00,tb-pullback_rsi-SOLUSDT-1721908800-B,tb-pullback_rsi-SOLUSDT-1721937600-S
BNB/USDT,pullback_rsi,2024-07-28 12:00,582.49,2024-07-28 20:00,583.41,signal,1.968,2.2956561800,-0.4850961800,-0.000423,8.00,tb-pullback_rsi-BNBUSDT-1722153600-B,tb-pullback_rsi-BNBUSDT-1722182400-S
BNB/USDT,pullback_rsi,2024-07-30 08:00,575.18,2024-07-31 00:00,587.51,signal,1.960,2.2800227600,21.8867772400,0.019414,16.00,tb-pullback_rsi-BNBUSDT-1722312000-B,tb-pullback_rsi-BNBUSDT-1722369600-S
SOL/USDT,pullback_rsi,2024-07-31 00:00,179.34,2024-07-31 04:00,180.72,signal,3.321,1.1964766200,3.3865033800,0.005686,4.00,tb-pullback_rsi-SOLUSDT-1722369600-B,tb-pullback_rsi-SOLUSDT-1722384000-S
BTC/USDT,pullback_rsi,2024-07-30 08:00,67018.96,2024-07-31 16:00,66313.61,signal,0.01439,1.9199960636,-12.0699825636,-0.012515,32.00,tb-pullback_rsi-BTCUSDT-1722312000-B,tb-pullback_rsi-BTCUSDT-1722427200-S
LTC/USDT,pullback_rsi,2024-07-31 04:00,72.34,2024-08-01 15:59,69.03,stop,11.500,1.6266230800,-39.6916230800,-0.047711,36.00,tb-pullback_rsi-LTCUSDT-1722384000-B,tb-pullback_rsi-LTCUSDT-1722513600-X
SOL/USDT,pullback_rsi,2024-08-01 12:00,169.86,2024-08-01 19:59,158.49,stop,3.305,1.0858761900,-38.6637261900,-0.068872,8.00,tb-pullback_rsi-SOLUSDT-1722499200-B,tb-pullback_rsi-SOLUSDT-1722528000-X
XRP/USDT,pullback_rsi,2024-08-01 12:00,0.6108,2024-08-01 19:59,0.5706,stop,937.2,1.107818880000,-38.783258880000,-0.067751,8.00,tb-pullback_rsi-XRPUSDT-1722499200-B,tb-pullback_rsi-XRPUSDT-1722528000-X
XRP/USDT,pullback_rsi,2024-08-02 00:00,0.5971,2024-08-02 15:59,0.5525,stop,832.5,0.957579390000,-38.087079390000,-0.076621,16.00,tb-pullback_rsi-XRPUSDT-1722542400-B,tb-pullback_rsi-XRPUSDT-1722600000-X
SOL/USDT,pullback_rsi,2024-08-02 00:00,167.54,2024-08-02 15:59,154.70,stop,2.886,0.9304872600,-37.9867272600,-0.078563,16.00,tb-pullback_rsi-SOLUSDT-1722542400-B,tb-pullback_rsi-SOLUSDT-1722600000-X
XRP/USDT,pullback_rsi,2024-08-02 20:00,0.5633,2024-08-03 08:00,0.5752,signal,773.1,0.880624990000,8.319265010000,0.019103,12.00,tb-pullback_rsi-XRPUSDT-1722614400-B,tb-pullback_rsi-XRPUSDT-1722657600-S
BNB/USDT,pullback_rsi,2024-09-25 12:00,597.30,2024-09-26 08:00,595.30,signal,1.655,1.9749476000,-5.2849476000,-0.005346,20.00,tb-pullback_rsi-BNBUSDT-1727251200-B,tb-pullback_rsi-BNBUSDT-1727323200-S
ADA/USDT,pullback_rsi,2024-09-29 12:00,0.3977,2024-09-29 16:00,0.4000,signal,2135.4,1.704283520000,3.207136480000,0.003776,4.00,tb-pullback_rsi-ADAUSDT-1727596800-B,tb-pullback_rsi-ADAUSDT-1727611200-S
BNB/USDT,pullback_rsi,2024-09-29 12:00,598.00,2024-09-29 20:00,599.00,signal,1.853,2.2192370000,-0.3662370000,-0.000331,8.00,tb-pullback_rsi-BNBUSDT-1727596800-B,tb-pullback_rsi-BNBUSDT-1727625600-S
ETH/USDT,pullback_rsi,2024-09-28 20:00,2681.01,2024-09-30 11:59,2591.57,stop,0.4170,2.2000063650,-39.4964863650,-0.035328,40.00,tb-pullback_rsi-ETHUSDT-1727539200-B,tb-pullback_rsi-ETHUSDT-1727683200-X
BNB/USDT,pullback_rsi,2024-09-30 08:00,582.89,2024-10-01 04:00,576.32,signal,1.721,1.9961661900,-13.3031361900,-0.013261,20.00,tb-pullback_rsi-BNBUSDT-1727668800-B,tb-pullback_rsi-BNBUSDT-1727740800-S
LINK/USDT,pullback_rsi,2024-09-30 20:00,11.972,2024-10-01 04:00,12.097,signal,58.49,1.40851413000,5.90273587000,0.008430,8.00,tb-pullback_rs-LINKUSDT-1727712000-B,tb-pullback_rs-LINKUSDT-1727740800-S
ADA/USDT,pullback_rsi,2024-09-30 20:00,0.3796,2024-10-01 08:00,0.3836,signal,2054.1,1.568486280000,6.647913720000,0.008526,12.00,tb-pullback_rsi-ADAUSDT-1727712000-B,tb-pullback_rsi-ADAUSDT-1727755200-S
LTC/USDT,pullback_rsi,2024-10-15 16:00,66.33,2024-10-15 20:00,69.65,signal,14.326,1.9490444300,45.6132755700,0.048002,4.00,tb-pullback_rsi-LTCUSDT-1728993600-B,tb-pullback_rsi-LTCUSDT-1729008000-S
SOL/USDT,pullback_rsi,2024-10-15 16:00,153.46,2024-10-15 20:00,155.01,signal,4.414,1.3623538800,5.4793461200,0.008089,4.00,tb-pullback_rsi-SOLUSDT-1728993600-B,tb-pullback_rsi-SOLUSDT-1729008000-S
ETH/USDT,pullback_rsi,2024-10-15 20:00,2594.71,2024-10-16 00:00,2604.80,signal,0.3190,1.6596815740,1.5590284260,0.001884,4.00,tb-pullback_rsi-ETHUSDT-1729008000-B,tb-pullback_rsi-ETHUSDT-1729022400-S
BTC/USDT,pullback_rsi,2024-10-17 16:00,67658.27,2024-10-18 08:00,67901.72,signal,0.01633,2.2150478045,1.7604906955,0.001593,16.00,tb-pullback_rsi-BTCUSDT-1729166400-B,tb-pullback_rsi-BTCUSDT-1729224000-S
SOL/USDT,pullback_rsi,2024-10-17 16:00,153.05,2024-10-18 08:00,153.74,signal,4.947,1.5184553800,1.8949746200,0.002503,16.00,tb-pullback_rsi-SOLUSDT-1729166400-B,tb-pullback_rsi-SOLUSDT-1729224000-S
BNB/USDT,pullback_rsi,2024-10-20 08:00,598.10,2024-10-20 16:00,598.60,signal,2.871,3.4375200000,-2.0020200000,-0.001166,8.00,tb-pullback_rsi-BNBUSDT-1729396800-B,tb-pullback_rsi-BNBUSDT-1729425600-S
ADA/USDT,pullback_rsi,2024-10-21 20:00,0.3599,2024-10-22 04:00,0.3639,signal,2404.9,1.741566370000,7.878033630000,0.009102,8.00,tb-pullback_rsi-ADAUSDT-1729526400-B,tb-pullback_rsi-ADAUSDT-1729555200-S
BTC/USDT,pullback_rsi,2024-10-21 20:00,67831.76,2024-10-22 20:00,67415.50,signal,0.02115,2.8625145068,-11.6664135068,-0.008132,24.00,tb-pullback_rsi-BTCUSDT-1729526400-B,tb-pullback_rsi-BTCUSDT-1729612800-S
ETH/USDT,pullback_rsi,2024-10-21 20:00,2682.79,2024-10-23 11:59,2595.48,stop,0.4285,2.2630800900,-39.6754150900,-0.034513,40.00,tb-pullback_rsi-ETHUSDT-1729526400-B,tb-pullback_rsi-ETHUSDT-1729670400-X
SOL/USDT,pullback_rsi,2024-10-23 08:00,165.90,2024-10-23 16:00,167.97,signal,4.155,1.3880593500,7.2127906500,0.010464,8.00,tb-pullback_rsi-SOLUSDT-1729656000-B,tb-pullback_rsi-SOLUSDT-1729684800-S
LTC/USDT,pullback_rsi,2024-10-23 00:00,70.11,2024-10-23 20:00,69.66,signal,12.955,1.8116317800,-7.6413817800,-0.008413,20.00,tb-pullback_rsi-LTCUSDT-1729627200-B,tb-pullback_rsi-LTCUSDT-1729699200-S
BNB/USDT,pullback_rsi,2024-10-23 20:00,582.79,2024-10-24 00:00,584.31,signal,2.028,2.3686271700,0.7139328300,0.000604,4.00,tb-pullback_rsi-BNBUSDT-1729699200-B,tb-pullback_rsi-BNBUSDT-1729713600-S
BTC/USDT,pullback_rsi,2024-10-23 20:00,66538.48,2024-10-24 00:00,66601.98,signal,0.01890,2.5176854616,-1.3175354616,-0.001048,4.00,tb-pullback_rsi-BTCUSDT-1729699200-B,tb-pullback_rsi-BTCUSDT-1729713600-S
BNB/USDT,pullback_rsi,2024-10-25 12:00,593.20,2024-10-25 23:59,576.14,stop,2.188,2.5602955200,-39.8875755200,-0.030732,12.00,tb-pullback_rsi-BNBUSDT-1729843200-B,tb-pullback_rsi-BNBUSDT-1729886400-X
SOL/USDT,pullback_rsi,2024-10-25 12:00,173.83,2024-10-25 23:59,164.57,stop,3.967,1.3431281200,-38.0775481200,-0.055218,12.00,tb-pullback_rsi-SOLUSDT-1729843200-B,tb-pullback_rsi-SOLUSDT-1729886400-X
BTC/USDT,pullback_rsi,2024-10-26 04:00,66980.92,2024-10-26 12:00,67070.86,signal,0.01558,2.0898663520,-0.6886011520,-0.000660,8.00,tb-pullback_rsi-BTCUSDT-1729900800-B,tb-pullback_rsi-BTCUSDT-1729929600-S
SOL/USDT,pullback_rsi,2024-10-26 04:00,165.81,2024-10-26 12:00,168.49,signal,3.201,1.0707575400,7.5079224600,0.014146,8.00,tb-pullback_rsi-SOLUSDT-1729900800-B,tb-pullback_rsi-SOLUSDT-1729929600-S
LTC/USDT,pullback_rsi,2024-10-26 04:00,69.43,2024-10-27 04:00,69.04,signal,11.085,1.5357731100,-5.8589231100,-0.007613,24.00,tb-pullback_rsi-LTCUSDT-1729900800-B,tb-pullback_rsi-LTCUSDT-1729987200-S
SOL/USDT,pullback_rsi,2024-10-30 20:00,174.48,2024-10-31 12:00,174.82,signal,3.901,1.3633172200,-0.0369772200,-0.000054,16.00,tb-pullback_rsi-SOLUSDT-1730304000-B,tb-pullback_rsi-SOLUSDT-1730361600-S
BNB/USDT,pullback_rsi,2024-10-30 16:00,597.70,2024-10-31 15:59,580.27,stop,2.117,2.4955555900,-39.3948655900,-0.031134,24.00,tb-pullback_rsi-BNBUSDT-1730289600-B,tb-pullback_rsi-BNBUSDT-1730376000-X
LTC/USDT,pullback_rsi,2024-10-30 16:00,72.36,2024-10-31 19:59,69.55,stop,13.060,1.8543576400,-38.5529576400,-0.040796,28.00,tb-pullback_rsi-LTCUSDT-1730289600-B,tb-pullback_rsi-LTCUSDT-1730390400-X
LTC/USDT,pullback_rsi,2024-11-01 00:00,69.40,2024-11-01 16:00,70.00,signal,12.209,1.7028368000,5.6225632000,0.006636,16.00,tb-pullback_rsi-LTCUSDT-1730404800-B,tb-pullback_rsi-LTCUSDT-1730462400-S
BTC/USDT,pullback_rsi,2024-11-01 00:00,70362.31,2024-11-02 08:00,69744.09,signal,0.01613,2.2613234765,-12.2332120765,-0.010779,32.00,tb-pullback_rsi-BTCUSDT-1730404800-B,tb-pullback_rsi-BTCUSDT-1730520000-S
SOL/USDT,pullback_rsi,2024-11-01 12:00,168.05,2024-11-02 08:00,167.46,signal,4.056,1.3616688100,-3.7547088100,-0.005509,20.00,tb-pullback_rsi-SOLUSDT-1730448000-B,tb-pullback_rsi-SOLUSDT-1730520000-S
BTC/USDT,pullback_rsi,2024-11-03 20:00,68747.68,2024-11-04 00:00,68707.21,signal,0.01637,2.2515115052,-2.9140054052,-0.002589,4.00,tb-pullback_rsi-BTCUSDT-1730649600-B,tb-pullback_rsi-BTCUSDT-1730664000-S
BTC/USDT,pullback_rsi,2024-11-05 04:00,68311.26,2024-11-05 08:00,68825.10,signal,0.01505,2.0652684482,5.6680235518,0.005513,4.00,tb-pullback_rsi-BTCUSDT-1730764800-B,tb-pullback_rsi-BTCUSDT-1730779200-S
LINK/USDT,pullback_rsi,2024-11-12 20:00,14.155,2024-11-13 16:00,14.205,signal,25.23,0.71594745000,0.54555255000,0.001528,20.00,tb-pullback_rs-LINKUSDT-1731427200-B,tb-pullback_rs-LINKUSDT-1731499200-S
LTC/USDT,pullback_rsi,2024-11-12 20:00,76.83,2024-11-13 16:00,76.46,signal,4.450,0.6825246500,-2.3290246500,-0.006812,20.00,tb-pullback_rsi-LTCUSDT-1731427200-B,tb-pullback_rsi-LTCUSDT-1731499200-S
SOL/USDT,pullback_rsi,2024-11-12 20:00,213.39,2024-11-13 16:00,216.17,signal,1.888,0.8114360600,4.4372039400,0.011014,20.00,tb-pullback_rsi-SOLUSDT-1731427200-B,tb-pullback_rsi-SOLUSDT-1731499200-S
LINK/USDT,pullback_rsi,2024-11-14 20:00,13.304,2024-11-15 12:00,13.476,signal,24.34,0.65222432000,3.53425568000,0.010914,16.00,tb-pullback_rs-LINKUSDT-1731600000-B,tb-pullback_rs-LINKUSDT-1731657600-S
ETH/USDT,pullback_rsi,2024-11-14 20:00,3148.56,2024-11-16 00:00,3086.91,signal,0.1430,0.8923019220,-9.7082519220,-0.021562,28.00,tb-pullback_rsi-ETHUSDT-1731600000-B,tb-pullback_rsi-ETHUSDT-1731700800-S
LTC/USDT,pullback_rsi,2024-11-17 16:00,88.51,2024-11-18 04:00,94.53,signal,2.913,0.5334610500,17.0027989500,0.065946,12.00,tb-pullback_rsi-LTCUSDT-1731844800-B,tb-pullback_rsi-LTCUSDT-1731888000-S
BTC/USDT,pullback_rsi,2024-11-18 04:00,90759.25,2024-11-18 08:00,91628.18,signal,0.00923,1.6843435700,6.3358803300,0.007563,4.00,tb-pullback_rsi-BTCUSDT-1731888000-B,tb-pullback_rsi-BTCUSDT-1731902400-S
BNB/USDT,pullback_rsi,2024-11-20 08:00,613.41,2024-11-20 16:00,614.50,signal,1.240,1.5238352200,-0.1722352200,-0.000226,8.00,tb-pullback_rsi-BNBUSDT-1732075200-B,tb-pullback_rsi-BNBUSDT-1732104000-S
LTC/USDT,pullback_rsi,2024-11-19 20:00,87.44,2024-11-20 16:00,86.38,signal,3.732,0.6490460000,-4.6049660000,-0.014112,20.00,tb-pullback_rsi-LTCUSDT-1732032000-B,tb-pullback_rsi-LTCUSDT-1732104000-S
ETH/USDT,pullback_rsi,2024-11-23 00:00,3331.11,2024-11-23 04:00,3342.16,signal,0.1867,1.2465657290,0.8164692710,0.001313,4.00,tb-pullback_rsi-ETHUSDT-1732305600-B,tb-pullback_rsi-ETHUSDT-1732320000-S
BTC/USDT,pullback_rsi,2024-11-24 00:00,97770.08,2024-11-24 04:00,98101.89,signal,0.01157,2.2681940972,1.5708476028,0.001389,4.00,tb-pullback_rsi-BTCUSDT-1732392000-B,tb-pullback_rsi-BTCUSDT-1732406400-S
ADA/USDT,pullback_rsi,2024-11-24 20:00,0.9834,2024-11-25 00:00,1.0217,signal,227.2,0.455853740000,8.245906260000,0.036906,4.00,tb-pullback_rsi-ADAUSDT-1732464000-B,tb-pullback_rsi-ADAUSDT-1732478400-S
XRP/USDT,pullback_rsi,2024-11-24 20:00,1.3805,2024-11-25 00:00,1.4319,signal,158.7,0.446603980000,7.710576020000,0.035194,4.00,tb-pullback_rsi-XRPUSDT-1732464000-B,tb-pullback_rsi-XRPUSDT-1732478400-S
LTC/USDT,pullback_rsi,2024-11-24 20:00,95.48,2024-11-25 08:00,97.14,signal,3.194,0.6156102000,4.6864298000,0.015367,12.00,tb-pullback_rsi-LTCUSDT-1732464000-B,tb-pullback_rsi-LTCUSDT-1732507200-S
LTC/USDT,pullback_rsi,2024-11-26 04:00,94.13,2024-11-27 00:00,92.72,signal,3.480,0.6506145200,-5.5574145200,-0.016965,20.00,tb-pullback_rsi-LTCUSDT-1732579200-B,tb-pullback_rsi-LTCUSDT-1732651200-S
SOL/USDT,pullback_rsi,2024-11-26 04:00,237.68,2024-11-27 04:00,231.27,signal,1.930,0.9055488600,-13.2768488600,-0.028943,24.00,tb-pullback_rsi-SOLUSDT-1732579200-B,tb-pullback_rsi-SOLUSDT-1732665600-S
BTC/USDT,pullback_rsi,2024-11-26 04:00,94558.47,2024-11-27 08:00,93503.56,signal,0.00896,1.6859813759,-11.1379749759,-0.013146,28.00,tb-pullback_rsi-BTCUSDT-1732579200-B,tb-pullback_rsi-BTCUSDT-1732680000-S
ADA/USDT,pullback_rsi,2024-11-28 20:00,1.0033,2024-11-29 00:00,1.0310,signal,297.4,0.605301810000,7.632678190000,0.025580,4.00,tb-pullback_rsi-ADAUSDT-1732809600-B,tb-pullback_rsi-ADAUSDT-1732824000-S
SOL/USDT,pullback_rsi,2024-11-28 20:00,235.71,2024-11-29 00:00,237.34,signal,2.246,1.0631774300,2.5978025700,0.004907,4.00,tb-pullback_rsi-SOLUSDT-1732809600-B,tb-pullback_rsi-SOLUSDT-1732824000-S
LTC/USDT,pullback_rsi,2024-11-28 20:00,95.37,2024-11-29 04:00,96.37,signal,4.699,0.9014631100,3.7975368900,0.008474,8.00,tb-pullback_rsi-LTCUSDT-1732809600-B,tb-pullback_rsi-LTCUSDT-1732838400-S
ADA/USDT,pullback_rsi,2024-12-01 08:00,1.0573,2024-12-01 16:00,1.0722,signal,329.0,0.701028420000,4.201071580000,0.012077,8.00,tb-pullback_rsi-ADAUSDT-1733025600-B,tb-pullback_rsi-ADAUSDT-1733054400-S
BNB/USDT,pullback_rsi,2024-12-01 12:00,658.83,2024-12-01 16:00,661.61,signal,1.218,1.6096135800,1.7764264200,0.002214,4.00,tb-pullback_rsi-BNBUSDT-1733040000-B,tb-pullback_rsi-BNBUSDT-1733054400-S
SOL/USDT,pullback_rsi,2024-12-01 12:00,237.33,2024-12-01 16:00,238.27,signal,2.949,1.4032563900,1.3688036100,0.001956,4.00,tb-pullback_rsi-SOLUSDT-1733040000-B,tb-pullback_rsi-SOLUSDT-1733054400-S
BNB/USDT,pullback_rsi,2024-12-02 16:00,650.30,2024-12-03 04:00,651.27,signal,1.154,1.5033123800,-0.3839323800,-0.000512,12.00,tb-pullback_rsi-BNBUSDT-1733140800-B,tb-pullback_rsi-BNBUSDT-1733184000-S
ETH/USDT,pullback_rsi,2024-12-02 16:00,3675.81,2024-12-03 15:59,3498.53,stop,0.2035,1.4610809380,-37.5375609380,-0.050182,24.00,tb-pullback_rsi-ETHUSDT-1733140800-B,tb-pullback_rsi-ETHUSDT-1733227200-X
BTC/USDT,pullback_rsi,2024-12-02 16:00,97145.06,2024-12-03 15:59,94057.01,stop,0.01180,2.2581273292,-38.6971173292,-0.033758,24.00,tb-pullback_rsi-BTCUSDT-1733140800-B,tb-pullback_rsi-BTCUSDT-1733227200-X
ETH/USDT,pullback_rsi,2024-12-03 20:00,3580.92,2024-12-04 00:00,3610.89,signal,0.1969,1.4167835720,4.4843094280,0.006360,4.00,tb-pullback_rsi-ETHUSDT-1733241600-B,tb-pullback_rsi-ETHUSDT-1733256000-S
SOL/USDT,pullback_rsi,2024-12-05 04:00,233.16,2024-12-05 08:00,233.66,signal,1.898,0.8864906800,0.0625093200,0.000141,4.00,tb-pullback_rsi-SOLUSDT-1733356800-B,tb-pullback_rsi-SOLUSDT-1733371200-S
BNB/USDT,pullback_rsi,2024-12-05 08:00,730.33,2024-12-06 04:00,728.63,signal,0.542,0.7914866500,-1.7128866500,-0.004327,20.00,tb-pullback_rsi-BNBUSDT-1733371200-B,tb-pullback_rsi-BNBUSDT-1733443200-S
BTC/USDT,pullback_rsi,2024-12-06 04:00,97833.03,2024-12-06 16:00,99210.69,signal,0.00575,1.1339797228,6.7875652772,0.012066,12.00,tb-pullback_rsi-BTCUSDT-1733443200-B,tb-pullback_rsi-BTCUSDT-1733486400-S
XRP/USDT,pullback_rsi,2024-12-05 08:00,2.3776,2024-12-06 20:00,2.3621,signal,78.2,0.370882300000,-1.582982300000,-0.008514,36.00,tb-pullback_rsi-XRPUSDT-1733371200-B,tb-pullback_rsi-XRPUSDT-1733500800-S
LTC/USDT,pullback_rsi,2024-12-08 12:00,132.90,2024-12-08 16:00,134.23,signal,2.881,0.7700002300,3.0617297700,0.007996,4.00,tb-pullback_rsi-LTCUSDT-1733644800-B,tb-pullback_rsi-LTCUSDT-1733659200-S
ETH/USDT,pullback_rsi,2024-12-08 16:00,3994.79,2024-12-09 00:00,4000.14,signal,0.2079,1.6633443880,-0.5510793880,-0.000664,8.00,tb-pullback_rsi-ETHUSDT-1733659200-B,tb-pullback_rsi-ETHUSDT-1733688000-S
ADA/USDT,pullback_rsi,2024-12-09 00:00,1.1948,2024-12-09 15:59,1.0959,stop,358.3,0.821235730000,-36.257105730000,-0.084694,16.00,tb-pullback_rsi-ADAUSDT-1733688000-B,tb-pullback_rsi-ADAUSDT-1733745600-X
ADA/USDT,pullback_rsi,2024-12-09 16:00,1.1164,2024-12-09 23:59,1.0104,stop,332.2,0.706969520000,-35.920169520000,-0.096854,8.00,tb-pullback_rsi-ADAUSDT-1733745600-B,tb-pullback_rsi-ADAUSDT-1733774400-X
LTC/USDT,pullback_rsi,2024-12-09 16:00,123.29,2024-12-09 23:59,110.61,stop,2.772,0.6487406700,-35.7977006700,-0.104745,8.00,tb-pullback_rsi-LTCUSDT-1733745600-B,tb-pullback_rsi-LTCUSDT-1733774400-X
XRP/USDT,pullback_rsi,2024-12-09 16:00,2.3903,2024-12-09 23:59,2.1173,stop,128.6,0.580155420000,-35.687955420000,-0.116099,8.00,tb-pullback_rsi-XRPUSDT-1733745600-B,tb-pullback_rsi-XRPUSDT-1733774400-X
BTC/USDT,pullback_rsi,2024-12-10 00:00,97373.76,2024-12-10 12:00,97624.80,signal,0.00766,1.4946627092,0.4283036908,0.000574,12.00,tb-pullback_rsi-BTCUSDT-1733774400-B,tb-pullback_rsi-BTCUSDT-1733817600-S
ADA/USDT,pullback_rsi,2024-12-10 20:00,0.9656,2024-12-11 00:00,1.0204,signal,242.6,0.482093280000,12.812386720000,0.054694,4.00,tb-pullback_rsi-ADAUSDT-1733846400-B,tb-pullback_rsi-ADAUSDT-1733860800-S
LINK/USDT,pullback_rsi,2024-12-10 08:00,23.094,2024-12-11 04:00,22.417,signal,8.96,0.40800950000,-6.47392950000,-0.031287,20.00,tb-pullback_rs-LINKUSDT-1733803200-B,tb-pullback_rs-LINKUSDT-1733875200-S
ETH/USDT,pullback_rsi,2024-12-10 08:00,3738.28,2024-12-11 12:00,3713.12,signal,0.1442,1.0752395320,-4.7033115320,-0.008725,28.00,tb-pullback_rsi-ETHUSDT-1733803200-B,tb-pullback_rsi-ETHUSDT-1733904000-S
XRP/USDT,pullback_rsi,2024-12-13 04:00,2.3534,2024-12-13 16:00,2.3966,signal,122.0,0.579970680000,4.690429320000,0.016336,12.00,tb-pullback_rsi-XRPUSDT-1734048000-B,tb-pullback_rsi-XRPUSDT-1734091200-S
SOL/USDT,pullback_rsi,2024-12-13 12:00,225.83,2024-12-14 04:00,226.00,signal,2.385,1.0782920400,-0.6728420400,-0.001249,16.00,tb-pullback_rsi-SOLUSDT-1734076800-B,tb-pullback_rsi-SOLUSDT-1734134400-S
ADA/USDT,pullback_rsi,2024-12-15 00:00,1.0620,2024-12-15 12:00,1.0772,signal,359.0,0.768397600000,4.688402400000,0.012297,12.00,tb-pullback_rsi-ADAUSDT-1734206400-B,tb-pullback_rsi-ADAUSDT-1734249600-S
ETH/USDT,pullback_rsi,2024-12-15 00:00,3874.18,2024-12-15 16:00,3890.86,signal,0.1972,1.5320407220,1.7572552780,0.002300,16.00,tb-pullback_rsi-ETHUSDT-1734206400-B,tb-pullback_rsi-ETHUSDT-1734264000-S
LTC/USDT,pullback_rsi,2024-12-15 00:00,118.35,2024-12-15 16:00,119.94,signal,3.295,0.7856389500,4.4534110500,0.011420,16.00,tb-pullback_rsi-LTCUSDT-1734206400-B,tb-pullback_rsi-LTCUSDT-1734264000-S
LTC/USDT,pullback_rsi,2024-12-16 16:00,118.42,2024-12-16 20:00,119.96,signal,3.471,0.8278906600,4.5174493400,0.010990,4.00,tb-pullback_rsi-LTCUSDT-1734350400-B,tb-pullback_rsi-LTCUSDT-1734364800-S
XRP/USDT,pullback_rsi,2024-12-16 16:00,2.3767,2024-12-16 20:00,2.4724,signal,189.8,0.920834520000,17.243025480000,0.038225,4.00,tb-pullback_rsi-XRPUSDT-1734350400-B,tb-pullback_rsi-XRPUSDT-1734364800-S
LINK/USDT,pullback_rsi,2024-12-17 12:00,28.419,2024-12-18 12:00,27.892,signal,11.32,0.63800890000,-6.60364890000,-0.020527,24.00,tb-pullback_rs-LINKUSDT-1734422400-B,tb-pullback_rs-LINKUSDT-1734508800-S
BTC/USDT,pullback_rsi,2024-12-18 12:00,105133.36,2024-12-18 23:59,101254.74,stop,0.00912,1.8833108068,-37.2563252068,-0.038857,12.00,tb-pullback_rsi-BTCUSDT-1734508800-B,tb-pullback_rsi-BTCUSDT-1734552000-X
ETH/USDT,pullback_rsi,2024-12-18 12:00,3886.55,2024-12-18 23:59,3698.29,stop,0.1867,1.4168669350,-36.5650089350,-0.050391,12.00,tb-pullback_rsi-ETHUSDT-1734508800-B,tb-pullback_rsi-ETHUSDT-1734552000-X
BTC/USDT,pullback_rsi,2024-12-19 04:00,101294.35,2024-12-19 12:00,102347.55,signal,0.00786,1.6016382745,6.6765137255,0.008386,8.00,tb-pullback_rsi-BTCUSDT-1734566400-B,tb-pullback_rsi-BTCUSDT-1734595200-S
ETH/USDT,pullback_rsi,2024-12-19 04:00,3672.57,2024-12-19 19:59,3449.84,stop,0.1554,1.1075570320,-35.7197990320,-0.062588,16.00,tb-pullback_rsi-ETHUSDT-1734566400-B,tb-pullback_rsi-ETHUSDT-1734624000-X
BNB/USDT,pullback_rsi,2024-12-19 04:00,701.39,2024-12-19 19:59,663.01,stop,0.904,1.2341189900,-35.9296389900,-0.056666,16.00,tb-pullback_rsi-BNBUSDT-1734566400-B,tb-pullback_rsi-BNBUSDT-1734624000-X
XRP/USDT,pullback_rsi,2024-12-20 00:00,2.2414,2024-12-20 04:00,2.3274,signal,121.6,0.556014360000,9.901585640000,0.036329,4.00,tb-pullback_rsi-XRPUSDT-1734638400-B,tb-pullback_rsi-XRPUSDT-1734652800-S
BTC/USDT,pullback_rsi,2024-12-20 00:00,97559.33,2024-12-20 15:59,92325.88,stop,0.00656,1.2466225681,-35.5780545681,-0.055592,16.00,tb-pullback_rsi-BTCUSDT-1734638400-B,tb-pullback_rsi-BTCUSDT-1734696000-X
LINK/USDT,pullback_rsi,2024-12-20 00:00,22.833,2024-12-20 20:00,23.276,signal,9.97,0.45993506000,3.95677494000,0.017381,20.00,tb-pullback_rs-LINKUSDT-1734638400-B,tb-pullback_rs-LINKUSDT-1734710400-S
BTC/USDT,pullback_rsi,2024-12-20 16:00,97088.63,2024-12-21 00:00,97707.63,signal,0.00542,1.0567666109,2.2982133891,0.004367,8.00,tb-pullback_rsi-BTCUSDT-1734696000-B,tb-pullback_rsi-BTCUSDT-1734724800-S
XRP/USDT,pullback_rsi,2024-12-20 16:00,2.2170,2024-12-21 04:00,2.2973,signal,97.3,0.439463090000,7.373726910000,0.034183,12.00,tb-pullback_rsi-XRPUSDT-1734696000-B,tb-pullback_rsi-XRPUSDT-1734739200-S
BNB/USDT,pullback_rsi,2024-12-26 20:00,692.91,2024-12-27 12:00,705.32,signal,1.023,1.4317751100,11.2636548900,0.015890,16.00,tb-pullback_rsi-BNBUSDT-1735228800-B,tb-pullback_rsi-BNBUSDT-1735286400-S
LINK/USDT,pullback_rsi,2024-12-26 20:00,22.833,2024-12-27 12:00,23.416,signal,15.25,0.70575391000,8.18499609000,0.023506,16.00,tb-pullback_rs-LINKUSDT-1735228800-B,tb-pullback_rs-LINKUSDT-1735286400-S
XRP/USDT,pullback_rsi,2024-12-27 04:00,2.1776,2024-12-27 12:00,2.2122,signal,219.6,0.964653360000,6.633506640000,0.013872,8.00,tb-pullback_rsi-XRPUSDT-1735257600-B,tb-pullback_rsi-XRPUSDT-1735286400-S
XRP/USDT,pullback_rsi,2025-01-05 08:00,2.4030,2025-01-06 00:00,2.3969,signal,267.2,1.283254180000,-2.913174180000,-0.004537,16.00,tb-pullback_rsi-XRPUSDT-1736049600-B,tb-pullback_rsi-XRPUSDT-1736107200-S
ADA/USDT,pullback_rsi,2025-01-18 12:00,1.0721,2025-01-19 00:00,1.1032,signal,336.1,0.731547170000,9.721162830000,0.026978,12.00,tb-pullback_rsi-ADAUSDT-1737187200-B,tb-pullback_rsi-ADAUSDT-1737230400-S
BNB/USDT,pullback_rsi,2025-01-18 12:00,702.62,2025-01-19 00:00,708.81,signal,1.341,1.8941328700,6.4066571300,0.006800,12.00,tb-pullback_rsi-BNBUSDT-1737187200-B,tb-pullback_rsi-BNBUSDT-1737230400-S
LTC/USDT,pullback_rsi,2025-01-18 12:00,127.77,2025-01-19 11:59,114.38,stop,2.547,0.6171393600,-34.7214693600,-0.106694,24.00,tb-pullback_rsi-LTCUSDT-1737187200-B,tb-pullback_rsi-LTCUSDT-1737273600-X
BNB/USDT,pullback_rsi,2025-01-19 16:00,698.58,2025-01-19 20:00,706.60,signal,1.228,1.7269582000,8.1216018000,0.009467,4.00,tb-pullback_rsi-BNBUSDT-1737288000-B,tb-pullback_rsi-BNBUSDT-1737302400-S
LINK/USDT,pullback_rsi,2025-01-19 16:00,25.436,2025-01-19 20:00,26.013,signal,13.06,0.67243266000,6.86318734000,0.020660,4.00,tb-pullback_rs-LINKUSDT-1737288000-B,tb-pullback_rs-LINKUSDT-1737302400-S
LTC/USDT,pullback_rsi,2025-01-19 16:00,124.44,2025-01-19 23:59,110.98,stop,2.527,0.5952796600,-34.6086996600,-0.110058,8.00,tb-pullback_rsi-LTCUSDT-1737288000-B,tb-pullback_rsi-LTCUSDT-1737316800-X
LINK/USDT,pullback_rsi,2025-01-21 12:00,25.686,2025-01-21 16:00,25.814,signal,9.40,0.48435686000,0.71884314000,0.002977,4.00,tb-pullback_rs-LINKUSDT-1737446400-B,tb-pullback_rs-LINKUSDT-1737460800-S
ADA/USDT,pullback_rsi,2025-01-21 12:00,1.0014,2025-01-21 20:00,1.0136,signal,267.3,0.538909920000,2.722150080000,0.010170,8.00,tb-pullback_rsi-ADAUSDT-1737446400-B,tb-pullback_rsi-ADAUSDT-1737475200-S
SOL/USDT,pullback_rsi,2025-01-20 08:00,262.18,2025-01-21 20:00,253.15,signal,0.798,0.4114955200,-7.6174355200,-0.036409,36.00,tb-pullback_rsi-SOLUSDT-1737345600-B,tb-pullback_rsi-SOLUSDT-1737475200-S
BTC/USDT,pullback_rsi,2025-01-22 20:00,104734.63,2025-01-23 16:00,105158.25,signal,0.00599,1.2583057000,1.2791781000,0.002039,20.00,tb-pullback_rsi-BTCUSDT-1737561600-B,tb-pullback_rsi-BTCUSDT-1737633600-S
LTC/USDT,pullback_rsi,2025-01-22 12:00,117.31,2025-01-23 16:00,115.84,signal,2.703,0.6305563800,-4.6039663800,-0.014519,28.00,tb-pullback_rsi-LTCUSDT-1737532800-B,tb-pullback_rsi-LTCUSDT-1737633600-S
LINK/USDT,pullback_rsi,2025-01-23 16:00,25.506,2025-01-24 00:00,25.634,signal,12.66,0.64794252000,0.97253748000,0.003012,8.00,tb-pullback_rs-LINKUSDT-1737633600-B,tb-pullback_rs-LINKUSDT-1737662400-S
SOL/USDT,pullback_rsi,2025-01-25 12:00,250.22,2025-01-25 16:00,253.42,signal,1.338,0.6743707600,3.6072292400,0.010774,4.00,tb-pullback_rsi-SOLUSDT-1737792000-B,tb-pullback_rsi-SOLUSDT-1737806400-S
BTC/USDT,pullback_rsi,2025-01-27 16:00,101213.15,2025-01-28 00:00,101980.74,signal,0.00774,1.5737328425,4.3674137575,0.005575,8.00,tb-pullback_rsi-BTCUSDT-1737979200-B,tb-pullback_rsi-BTCUSDT-1738008000-S
XRP/USDT,pullback_rsi,2025-01-27 16:00,2.9596,2025-01-28 00:00,3.0521,signal,134.4,0.808564400000,11.623435600000,0.029221,8.00,tb-pullback_rsi-XRPUSDT-1737979200-B,tb-pullback_rsi-XRPUSDT-1738008000-S
SOL/USDT,pullback_rsi,2025-01-27 16:00,233.91,2025-01-28 04:00,236.44,signal,1.464,0.6890602200,3.0148597800,0.008804,12.00,tb-pullback_rsi-SOLUSDT-1737979200-B,tb-pullback_rsi-SOLUSDT-1738022400-S
BTC/USDT,pullback_rsi,2025-01-29 04:00,102140.25,2025-01-29 08:00,102653.05,signal,0.00805,1.6496074650,2.4784325350,0.003014,4.00,tb-pullback_rsi-BTCUSDT-1738108800-B,tb-pullback_rsi-BTCUSDT-1738123200-S
LTC/USDT,pullback_rsi,2025-01-29 04:00,113.46,2025-01-29 08:00,114.60,signal,3.481,0.7943307000,3.1740093000,0.008036,4.00,tb-pullback_rsi-LTCUSDT-1738108800-B,tb-pullback_rsi-LTCUSDT-1738123200-S
SOL/USDT,pullback_rsi,2025-01-29 04:00,231.44,2025-01-29 08:00,234.18,signal,1.646,0.7668734000,3.7431666000,0.009826,4.00,tb-pullback_rsi-SOLUSDT-1738108800-B,tb-pullback_rsi-SOLUSDT-1738123200-S
BTC/USDT,pullback_rsi,2025-01-31 12:00,104840.75,2025-01-31 16:00,105358.53,signal,0.00971,2.0420834200,2.9855603800,0.002933,4.00,tb-pullback_rsi-BTCUSDT-1738310400-B,tb-pullback_rsi-BTCUSDT-1738324800-S
SOL/USDT,pullback_rsi,2025-01-31 12:00,239.01,2025-01-31 16:00,239.85,signal,1.990,0.9534094200,0.7181905800,0.001510,4.00,tb-pullback_rsi-SOLUSDT-1738310400-B,tb-pullback_rsi-SOLUSDT-1738324800-S
XRP/USDT,pullback_rsi,2025-01-31 12:00,3.1013,2025-02-01 19:59,2.9213,stop,190.5,1.147925560000,-35.437925560000,-0.059983,32.00,tb-pullback_rsi-XRPUSDT-1738310400-B,tb-pullback_rsi-XRPUSDT-1738425600-X
BTC/USDT,pullback_rsi,2025-02-01 16:00,102175.97,2025-02-02 11:59,98836.79,stop,0.01037,2.0865458383,-36.7138424383,-0.034650,20.00,tb-pullback_rsi-BTCUSDT-1738411200-B,tb-pullback_rsi-BTCUSDT-1738483200-X
XRP/USDT,pullback_rsi,2025-02-02 08:00,2.8846,2025-02-02 19:59,2.6881,stop,172.5,0.961867670000,-34.858117670000,-0.070053,12.00,tb-pullback_rsi-XRPUSDT-1738468800-B,tb-pullback_rsi-XRPUSDT-1738512000-X
LTC/USDT,pullback_rsi,2025-02-02 08:00,115.67,2025-02-03 03:59,103.85,stop,2.855,0.6270766100,-34.3731766100,-0.104086,20.00,tb-pullback_rsi-LTCUSDT-1738468800-B,tb-pullback_rsi-LTCUSDT-1738540800-X
LTC/USDT,pullback_rsi,2025-02-12 00:00,119.38,2025-02-12 20:00,123.67,signal,2.876,0.6993699400,11.6386700600,0.033899,20.00,tb-pullback_rsi-LTCUSDT-1739304000-B,tb-pullback_rsi-LTCUSDT-1739376000-S
BNB/USDT,pullback_rsi,2025-02-14 04:00,683.88,2025-02-15 16:00,665.55,signal,0.597,0.8062935900,-11.7493035900,-0.028778,36.00,tb-pullback_rsi-BNBUSDT-1739491200-B,tb-pullback_rsi-BNBUSDT-1739620800-S
ADA/USDT,pullback_rsi,2025-04-24 12:00,0.6882,2025-04-24 16:00,0.7254,signal,842.6,1.191718740000,30.153001260000,0.051999,4.00,tb-pullback_rsi-ADAUSDT-1745481600-B,tb-pullback_rsi-ADAUSDT-1745496000-S
XRP/USDT,pullback_rsi,2025-04-24 12:00,2.1578,2025-04-24 16:00,2.2103,signal,287.8,1.257786520000,13.851713480000,0.022305,4.00,tb-pullback_rsi-XRPUSDT-1745481600-B,tb-pullback_rsi-XRPUSDT-1745496000-S
BNB/USDT,pullback_rsi,2025-04-24 00:00,606.33,2025-04-25 00:00,600.95,signal,2.031,2.4538046700,-13.3805846700,-0.010866,24.00,tb-pullback_rsi-BNBUSDT-1745438400-B,tb-pullback_rsi-BNBUSDT-1745524800-S
BNB/USDT,pullback_rsi,2025-04-26 04:00,602.81,2025-04-26 16:00,607.35,signal,2.025,2.4523824300,6.7411175700,0.005522,12.00,tb-pullback_rsi-BNBUSDT-1745625600-B,tb-pullback_rsi-BNBUSDT-1745668800-S
SOL/USDT,pullback_rsi,2025-04-26 16:00,149.47,2025-04-27 16:00,148.87,signal,4.135,1.2343832500,-3.7153832500,-0.006011,24.00,tb-pullback_rsi-SOLUSDT-1745668800-B,tb-pullback_rsi-SOLUSDT-1745755200-S
XRP/USDT,pullback_rsi,2025-04-27 12:00,2.1825,2025-04-27 16:00,2.2255,signal,373.4,1.646820200000,14.409379800000,0.017681,4.00,tb-pullback_rsi-XRPUSDT-1745740800-B,tb-pullback_rsi-XRPUSDT-1745755200-S
BNB/USDT,pullback_rsi,2025-04-27 12:00,601.14,2025-04-27 20:00,604.85,signal,2.166,2.6139777600,5.4218822400,0.004164,8.00,tb-pullback_rsi-BNBUSDT-1745740800-B,tb-pullback_rsi-BNBUSDT-1745769600-S
LINK/USDT,pullback_rsi,2025-04-27 20:00,14.835,2025-04-28 04:00,14.835,signal,37.83,1.12300950000,-1.12300950000,-0.002001,8.00,tb-pullback_rs-LINKUSDT-1745769600-B,tb-pullback_rs-LINKUSDT-1745798400-S
ADA/USDT,pullback_rsi,2025-04-27 20:00,0.7167,2025-04-28 08:00,0.7244,signal,754.0,1.087162760000,4.718637240000,0.008732,12.00,tb-pullback_rsi-ADAUSDT-1745769600-B,tb-pullback_rsi-ADAUSDT-1745812800-S
XRP/USDT,pullback_rsi,2025-04-30 04:00,2.2510,2025-04-30 15:59,2.1435,stop,316.3,1.390880750000,-35.393130750000,-0.049710,12.00,tb-pullback_rsi-XRPUSDT-1745971200-B,tb-pullback_rsi-XRPUSDT-1746014400-X
LINK/USDT,pullback_rsi,2025-04-30 04:00,14.745,2025-04-30 15:59,13.867,stop,38.57,1.10415464000,-34.96861464000,-0.061487,12.00,tb-pullback_rs-LINKUSDT-1745971200-B,tb-pullback_rs-LINKUSDT-1746014400-X
ADA/USDT,pullback_rsi,2025-04-30 04:00,0.7035,2025-05-01 04:00,0.6881,signal,778.8,1.084340880000,-13.077860880000,-0.023870,24.00,tb-pullback_rsi-ADAUSDT-1745971200-B,tb-pullback_rsi-ADAUSDT-1746057600-S
LINK/USDT,pullback_rsi,2025-04-30 20:00,14.225,2025-05-01 04:00,14.515,signal,35.79,1.02917360000,9.34992640000,0.018365,8.00,tb-pullback_rs-LINKUSDT-1746028800-B,tb-pullback_rs-LINKUSDT-1746057600-S
LTC/USDT,pullback_rsi,2025-04-30 20:00,83.78,2025-05-01 08:00,84.86,signal,7.358,1.2415233600,6.7051166400,0.010877,12.00,tb-pullback_rsi-LTCUSDT-1746028800-B,tb-pullback_rsi-LTCUSDT-1746072000-S
SOL/USDT,pullback_rsi,2025-05-02 12:00,150.88,2025-05-04 12:00,145.31,signal,4.579,1.3570084100,-26.8620384100,-0.038881,48.00,tb-pullback_rsi-SOLUSDT-1746172800-B,tb-pullback_rsi-SOLUSDT-1746345600-S
BTC/USDT,pullback_rsi,2025-05-03 16:00,96515.10,2025-05-04 23:59,94236.00,stop,0.01360,2.5961452620,-33.5919052620,-0.025592,32.00,tb-pullback_rsi-BTCUSDT-1746273600-B,tb-pullback_rsi-BTCUSDT-1746388800-X
LINK/USDT,pullback_rsi,2025-05-03 16:00,14.435,2025-05-05 08:00,14.105,signal,45.16,1.28958815000,-16.19238815000,-0.024839,40.00,tb-pullback_rs-LINKUSDT-1746273600-B,tb-pullback_rs-LINKUSDT-1746417600-S
SOL/USDT,pullback_rsi,2025-05-04 16:00,146.98,2025-05-05 08:00,146.73,signal,5.769,1.6952948700,-3.1375448700,-0.003700,16.00,tb-pullback_rsi-SOLUSDT-1746360000-B,tb-pullback_rsi-SOLUSDT-1746417600-S
ETH/USDT,pullback_rsi,2025-06-06 04:00,2458.16,2025-06-06 16:00,2507.11,signal,0.2292,1.1387773300,10.0805626700,0.017892,12.00,tb-pullback_rsi-ETHUSDT-1749168000-B,tb-pullback_rsi-ETHUSDT-1749211200-S
BTC/USDT,pullback_rsi,2025-06-12 16:00,107127.99,2025-06-13 03:59,104470.16,stop,0.01277,2.7042509321,-36.6447400321,-0.026787,12.00,tb-pullback_rsi-BTCUSDT-1749729600-B,tb-pullback_rsi-BTCUSDT-1749772800-X
BTC/USDT,pullback_rsi,2025-06-13 08:00,104999.91,2025-06-13 16:00,105331.43,signal,0.01057,2.2253022669,1.2788641331,0.001152,8.00,tb-pullback_rsi-BTCUSDT-1749787200-B,tb-pullback_rsi-BTCUSDT-1749816000-S
BNB/USDT,pullback_rsi,2025-06-13 08:00,655.67,2025-06-14 00:00,654.69,signal,1.853,2.4294084200,-4.2453484200,-0.003494,16.00,tb-pullback_rsi-BNBUSDT-1749787200-B,tb-pullback_rsi-BNBUSDT-1749844800-S
ETH/USDT,pullback_rsi,2025-06-13 08:00,2528.99,2025-06-14 00:00,2576.61,signal,0.1837,0.9384045210,7.8093894790,0.016810,16.00,tb-pullback_rsi-ETHUSDT-1749787200-B,tb-pullback_rsi-ETHUSDT-1749844800-S
BTC/USDT,pullback_rsi,2025-06-15 00:00,105520.05,2025-06-15 04:00,105368.06,signal,0.01227,2.5897075145,-4.4546248145,-0.003441,4.00,tb-pullback_rsi-BTCUSDT-1749931200-B,tb-pullback_rsi-BTCUSDT-1749945600-S
ETH/USDT,pullback_rsi,2025-06-15 00:00,2533.31,2025-06-15 16:00,2539.26,signal,0.2320,1.1775962330,0.2028037670,0.000345,16.00,tb-pullback_rsi-ETHUSDT-1749931200-B,tb-pullback_rsi-ETHUSDT-1749988800-S
BTC/USDT,pullback_rsi,2025-07-02 00:00,105786.82,2025-07-02 04:00,106088.50,signal,0.01532,3.2480456388,1.3736919612,0.000848,4.00,tb-pullback_rsi-BTCUSDT-1751400000-B,tb-pullback_rsi-BTCUSDT-1751414400-S
ETH/USDT,pullback_rsi,2025-07-04 12:00,2551.75,2025-07-05 08:00,2518.79,signal,0.3090,1.5678175600,-11.7524575600,-0.014905,20.00,tb-pullback_rsi-ETHUSDT-1751616000-B,tb-pullback_rsi-ETHUSDT-1751688000-S
BTC/USDT,pullback_rsi,2025-07-05 00:00,108092.24,2025-07-05 20:00,108033.63,signal,0.01148,2.4832868300,-3.1561296300,-0.002543,20.00,tb-pullback_rsi-BTCUSDT-1751659200-B,tb-pullback_rsi-BTCUSDT-1751731200-S
LTC/USDT,pullback_rsi,2025-07-04 12:00,88.24,2025-07-05 20:00,86.67,signal,8.289,1.4506231500,-14.4643531500,-0.019776,32.00,tb-pullback_rsi-LTCUSDT-1751616000-B,tb-pullback_rsi-LTCUSDT-1751731200-S
BTC/USDT,pullback_rsi,2025-07-08 00:00,108371.21,2025-07-08 08:00,108376.12,signal,0.01277,2.7700308259,-2.7073301259,-0.001956,8.00,tb-pullback_rsi-BTCUSDT-1751918400-B,tb-pullback_rsi-BTCUSDT-1751947200-S
ETH/USDT,pullback_rsi,2025-07-07 20:00,2546.52,2025-07-08 08:00,2550.86,signal,0.3604,1.8381143560,-0.2739783560,-0.000299,12.00,tb-pullback_rsi-ETHUSDT-1751904000-B,tb-pullback_rsi-ETHUSDT-1751947200-S
ETH/USDT,pullback_rsi,2025-07-12 20:00,2944.13,2025-07-13 04:00,2952.15,signal,0.2292,1.3523106150,0.4858733850,0.000720,8.00,tb-pullback_rsi-ETHUSDT-1752336000-B,tb-pullback_rsi-ETHUSDT-1752364800-S
LINK/USDT,pullback_rsi,2025-07-12 20:00,15.066,2025-07-13 08:00,15.354,signal,34.73,1.05708924000,8.94515076000,0.017096,12.00,tb-pullback_rs-LINKUSDT-1752336000-B,tb-pullback_rs-LINKUSDT-1752379200-S
SOL/USDT,pullback_rsi,2025-07-12 20:00,160.88,2025-07-13 08:00,162.50,signal,4.090,1.3234286000,5.3023714000,0.008058,12.00,tb-pullback_rsi-SOLUSDT-1752336000-B,tb-pullback_rsi-SOLUSDT-1752379200-S
LINK/USDT,pullback_rsi,2025-07-15 08:00,15.426,2025-07-15 16:00,15.554,signal,30.90,0.95789904000,2.99730096000,0.006288,8.00,tb-pullback_rs-LINKUSDT-1752552000-B,tb-pullback_rs-LINKUSDT-1752580800-S
LTC/USDT,pullback_rsi,2025-07-15 08:00,92.58,2025-07-15 20:00,95.08,signal,6.105,1.1463123600,14.1161876400,0.024976,12.00,tb-pullback_rsi-LTCUSDT-1752552000-B,tb-pullback_rsi-LTCUSDT-1752595200-S
SOL/USDT,pullback_rsi,2025-07-15 08:00,159.70,2025-07-16 00:00,163.81,signal,3.973,1.2859440300,15.0430859700,0.023709,16.00,tb-pullback_rsi-SOLUSDT-1752552000-B,tb-pullback_rsi-SOLUSDT-1752609600-S
BTC/USDT,pullback_rsi,2025-07-19 00:00,118042.77,2025-07-20 16:00,118552.44,signal,0.00871,2.0619247044,2.3773009956,0.002312,40.00,tb-pullback_rsi-BTCUSDT-1752868800-B,tb-pullback_rsi-BTCUSDT-1753012800-S
ETH/USDT,pullback_rsi,2025-07-22 12:00,3709.01,2025-07-23 00:00,3742.46,signal,0.1569,1.1698774410,4.0784275590,0.007008,12.00,tb-pullback_rsi-ETHUSDT-1753171200-B,tb-pullback_rsi-ETHUSDT-1753214400-S
ADA/USDT,pullback_rsi,2025-07-24 00:00,0.8169,2025-07-24 16:00,0.8226,signal,426.0,0.698835450000,1.729364550000,0.004969,16.00,tb-pullback_rsi-ADAUSDT-1753300800-B,tb-pullback_rsi-ADAUSDT-1753358400-S
LINK/USDT,pullback_rsi,2025-07-24 00:00,18.199,2025-07-24 16:00,18.451,signal,19.52,0.71577198000,4.20326802000,0.011832,16.00,tb-pullback_rs-LINKUSDT-1753300800-B,tb-pullback_rs-LINKUSDT-1753358400-S
BNB/USDT,pullback_rsi,2025-07-25 08:00,762.17,2025-07-25 12:00,770.89,signal,0.739,1.1336935100,5.3103864900,0.009428,4.00,tb-pullback_rsi-BNBUSDT-1753416000-B,tb-pullback_rsi-BNBUSDT-1753430400-S
LTC/USDT,pullback_rsi,2025-07-25 08:00,111.27,2025-07-25 12:00,115.56,signal,3.299,0.7487572500,13.4039527500,0.036515,4.00,tb-pullback_rsi-LTCUSDT-1753416000-B,tb-pullback_rsi-LTCUSDT-1753430400-S
SOL/USDT,pullback_rsi,2025-07-24 00:00,189.59,2025-07-25 20:00,181.97,signal,2.276,0.8462393300,-18.1893593300,-0.042153,44.00,tb-pullback_rsi-SOLUSDT-1753300800-B,tb-pullback_rsi-SOLUSDT-1753459200-S
ETH/USDT,pullback_rsi,2025-07-29 00:00,3802.80,2025-07-29 08:00,3873.48,signal,0.1874,1.4392954300,11.8061365700,0.016567,8.00,tb-pullback_rsi-ETHUSDT-1753732800-B,tb-pullback_rsi-ETHUSDT-1753761600-S
LTC/USDT,pullback_rsi,2025-07-29 04:00,109.39,2025-07-29 08:00,110.49,signal,4.988,1.0973083900,4.3894916100,0.008045,4.00,tb-pullback_rsi-LTCUSDT-1753747200-B,tb-pullback_rsi-LTCUSDT-1753761600-S
XRP/USDT,pullback_rsi,2025-07-29 04:00,3.1439,2025-07-29 08:00,3.1722,signal,176.7,1.116683650000,3.883926350000,0.006991,4.00,tb-pullback_rsi-XRPUSDT-1753747200-B,tb-pullback_rsi-XRPUSDT-1753761600-S
BTC/USDT,pullback_rsi,2025-07-29 20:00,117642.81,2025-07-30 04:00,118043.69,signal,0.01283,3.0262106485,2.1170797515,0.001403,8.00,tb-pullback_rsi-BTCUSDT-1753804800-B,tb-pullback_rsi-BTCUSDT-1753833600-S
BNB/USDT,pullback_rsi,2025-07-30 00:00,805.92,2025-07-30 19:59,766.43,stop,0.843,1.3262969700,-34.6163669700,-0.050952,20.00,tb-pullback_rsi-BNBUSDT-1753819200-B,tb-pullback_rsi-BNBUSDT-1753891200-X
LINK/USDT,pullback_rsi,2025-07-30 16:00,17.618,2025-07-31 00:00,17.702,signal,26.95,0.95240254000,1.31139746000,0.002762,8.00,tb-pullback_rs-LINKUSDT-1753876800-B,tb-pullback_rs-LINKUSDT-1753905600-S
SOL/USDT,pullback_rsi,2025-07-30 16:00,179.35,2025-07-31 04:00,180.12,signal,3.177,1.1427535900,1.3035364100,0.002288,12.00,tb-pullback_rsi-SOLUSDT-1753876800-B,tb-pullback_rsi-SOLUSDT-1753920000-S
ETH/USDT,pullback_rsi,2025-08-01 04:00,3708.69,2025-08-01 19:59,3514.00,stop,0.1699,1.2278767690,-34.3057077690,-0.054444,16.00,tb-pullback_rsi-ETHUSDT-1754006400-B,tb-pullback_rsi-ETHUSDT-1754064000-X
BNB/USDT,pullback_rsi,2025-08-01 04:00,784.67,2025-08-01 23:59,744.03,stop,0.814,1.2451464700,-34.3261064700,-0.053742,20.00,tb-pullback_rsi-BNBUSDT-1754006400-B,tb-pullback_rsi-BNBUSDT-1754078400-X
LTC/USDT,pullback_rsi,2025-08-01 04:00,106.58,2025-08-02 00:00,106.49,signal,4.999,1.0657764100,-1.5156864100,-0.002845,20.00,tb-pullback_rsi-LTCUSDT-1754006400-B,tb-pullback_rsi-LTCUSDT-1754078400-S
BNB/USDT,pullback_rsi,2025-08-02 04:00,765.07,2025-08-03 08:00,747.32,signal,0.822,1.2439496500,-15.8344496500,-0.025179,28.00,tb-pullback_rsi-BNBUSDT-1754092800-B,tb-pullback_rsi-BNBUSDT-1754193600-S
ETH/USDT,pullback_rsi,2025-08-02 04:00,3532.32,2025-08-03 08:00,3452.78,signal,0.1567,1.0952716380,-13.5591896380,-0.024497,28.00,tb-pullback_rsi-ETHUSDT-1754092800-B,tb-pullback_rsi-ETHUSDT-1754193600-S
LTC/USDT,pullback_rsi,2025-08-06 16:00,118.39,2025-08-06 20:00,119.92,signal,3.754,0.8950893000,4.8485307000,0.010909,4.00,tb-pullback_rsi-LTCUSDT-1754481600-B,tb-pullback_rsi-LTCUSDT-1754496000-S
XRP/USDT,pullback_rsi,2025-08-10 04:00,3.2623,2025-08-11 04:00,3.2621,signal,177.9,1.161343220000,-1.196923220000,-0.002062,24.00,tb-pullback_rsi-XRPUSDT-1754784000-B,tb-pullback_rsi-XRPUSDT-1754870400-S
BTC/USDT,pullback_rsi,2025-08-12 04:00,118976.56,2025-08-12 16:00,119813.06,signal,0.01096,2.6195137688,6.5485262312,0.005022,12.00,tb-pullback_rsi-BTCUSDT-1754956800-B,tb-pullback_rsi-BTCUSDT-1755000000-S
LINK/USDT,pullback_rsi,2025-08-11 16:00,21.982,2025-08-12 16:00,24.005,signal,17.79,0.81854837000,35.17062163000,0.089937,24.00,tb-pullback_rs-LINKUSDT-1754913600-B,tb-pullback_rs-LINKUSDT-1755000000-S
XRP/USDT,pullback_rsi,2025-08-12 04:00,3.1515,2025-08-12 16:00,3.2095,signal,181.2,1.153243500000,9.356356500000,0.016384,12.00,tb-pullback_rsi-XRPUSDT-1754956800-B,tb-pullback_rsi-XRPUSDT-1755000000-S
ETH/USDT,pullback_rsi,2025-08-15 00:00,4551.39,2025-08-15 04:00,4629.83,signal,0.1173,1.0778673850,8.1231446150,0.015215,4.00,tb-pullback_rsi-ETHUSDT-1755201600-B,tb-pullback_rsi-ETHUSDT-1755216000-S
BNB/USDT,pullback_rsi,2025-08-15 20:00,821.54,2025-08-16 04:00,830.96,signal,0.793,1.3112540400,6.1588059600,0.009454,8.00,tb-pullback_rsi-BNBUSDT-1755273600-B,tb-pullback_rsi-BNBUSDT-1755302400-S
XRP/USDT,pullback_rsi,2025-08-15 00:00,3.0823,2025-08-16 04:00,3.1055,signal,165.6,1.025316140000,2.816603860000,0.005518,28.00,tb-pullback_rsi-XRPUSDT-1755201600-B,tb-pullback_rsi-XRPUSDT-1755302400-S
BTC/USDT,pullback_rsi,2025-08-15 00:00,118413.39,2025-08-16 16:00,117559.02,signal,0.00892,2.1060580327,-9.7270384327,-0.009209,40.00,tb-pullback_rsi-BTCUSDT-1755201600-B,tb-pullback_rsi-BTCUSDT-1755345600-S
