ts,datetime_utc,equity,B&H BTC (OOS),B&H BTC filtrado (OOS)
1627790399999,2021-08-01 03:59,10000,10219.3922905622000000,10000.00000000
1627804799999,2021-08-01 07:59,10000,10042.6624950644000000,10000.00000000
1627819199999,2021-08-01 11:59,10000,10015.1489311694000000,10000.00000000
1627833599999,2021-08-01 15:59,10000,9942.8960246012000000,10000.00000000
1627847999999,2021-08-01 19:59,10000,9937.2054730490000000,10000.00000000
1627862399999,2021-08-01 23:59,10000,9595.7458898336000000,10000.00000000
1627876799999,2021-08-02 03:59,10000,9581.3328762746000000,10000.00000000
1627891199999,2021-08-02 07:59,10000,9658.1204034830000000,10000.00000000
1627905599999,2021-08-02 11:59,10000,9522.7729346348000000,10000.00000000
1627919999999,2021-08-02 15:59,10000,9561.9541761728000000,10000.00000000
1627934399999,2021-08-02 19:59,10000,9434.9775736790000000,10000.00000000
1627948799999,2021-08-02 23:59,10000,9427.7457809108000000,10000.00000000
1627963199999,2021-08-03 03:59,10000,9309.2435969156000000,10000.00000000
1627977599999,2021-08-03 07:59,10000,9294.2405769536000000,10000.00000000
1627991999999,2021-08-03 11:59,10000,9269.3326739894000000,10000.00000000
1628006399999,2021-08-03 15:59,10000,9192.1333463936000000,10000.00000000
1628020799999,2021-08-03 19:59,10000,9154.0670965478000000,10000.00000000
1628035199999,2021-08-03 23:59,10000,9201.1905467270000000,10000.00000000
1628049599999,2021-08-04 03:59,10000,9145.7443939814000000,10000.00000000
1628063999999,2021-08-04 07:59,10000,9110.1104154296000000,10000.00000000
1628078399999,2021-08-04 11:59,10000,9189.8744647364000000,10000.00000000
1628092799999,2021-08-04 15:59,10000,9464.8752450800000000,10000.00000000
1628107199999,2021-08-04 19:59,10000,9573.2847072998000000,10000.00000000
1628121599999,2021-08-04 23:59,10000,9566.3033662292000000,10000.00000000
1628135999999,2021-08-05 03:59,10000,9496.9258378046000000,10000.00000000
1628150399999,2021-08-05 07:59,10000,9360.9835461746000000,10000.00000000
1628164799999,2021-08-05 11:59,10000,9153.3470479172000000,10000.00000000
1628179199999,2021-08-05 15:59,10000,9331.9455983894000000,10000.00000000
1628193599999,2021-08-05 19:59,10000,9799.6713682256000000,10000.00000000
1628207999999,2021-08-05 23:59,10000,9840.6635681924000000,10000.00000000
1628222399999,2021-08-06 03:59,10000,9685.8193979618000000,10000.00000000
1628236799999,2021-08-06 07:59,10000,9808.6659556346000000,10000.00000000
1628251199999,2021-08-06 11:59,10000,9755.1969263864000000,10000.00000000
1628265599999,2021-08-06 15:59,10000,10162.7637168212000000,10000.00000000
1628279999999,2021-08-06 19:59,10000,10331.6235493598000000,10000.00000000
1628294399999,2021-08-06 23:59,10000,10316.1388915178000000,10000.00000000
1628308799999,2021-08-07 03:59,10000,10522.0366770284000000,10000.00000000
1628323199999,2021-08-07 07:59,10000,10405.4875346366000000,10000.00000000
1628337599999,2021-08-07 11:59,10000,10548.0860617682000000,10000.00000000
1628351999999,2021-08-07 15:59,10000,10444.5820813562000000,10000.00000000
1628366399999,2021-08-07 19:59,10000,10579.7248541054000000,10000.00000000
1628380799999,2021-08-07 23:59,10000,10734.1211011076000000,10000.00000000
1628395199999,2021-08-08 03:59,10000,10673.8874678348000000,10000.00000000
1628409599999,2021-08-08 07:59,10000,10789.9838706194000000,10000.00000000
1628423999999,2021-08-08 11:59,10000,10705.1072352164000000,10000.00000000
1628438399999,2021-08-08 15:59,10000,10592.5219725770000000,10000.00000000
1628452799999,2021-08-08 19:59,10000,10527.6333091940000000,10000.00000000
1628467199999,2021-08-08 23:59,10000,10546.7230265678000000,10000.00000000
1628481599999,2021-08-09 03:59,10000,10474.8915531446000000,10000.00000000
1628495999999,2021-08-09 07:59,10000,10548.2570432156000000,10000.00000000
1628510399999,2021-08-09 11:59,10000,11061.0255875894000000,10000.00000000
1628524799999,2021-08-09 15:59,10000,11046.7546572050000000,10000.00000000
1628539199999,2021-08-09 19:59,10000,11073.0280035590000000,10000.00000000
1628553599999,2021-08-09 23:59,10000,11138.9040245960000000,10000.00000000
1628567999999,2021-08-10 03:59,9934.2091759696000000,11007.7443971144000000,10000.00000000
1628582399999,2021-08-10 07:59,9960.0308180800000000,11065.3579203200000000,10037.6269842400000000
1628596799999,2021-08-10 11:59,9894.9532427980000000,10920.1561404470000000,9905.9117548165000000
1628611199999,2021-08-10 15:59,9875.5988837308000000,10876.9724881262000000,9866.7390623209000000
1628625599999,2021-08-10 19:59,9911.2164305308000000,10956.4427383262000000,9938.8280012209000000
1628639999999,2021-08-10 23:59,9920.8504372804000000,10977.9382369106000000,9958.3269669367000000
1628654399999,2021-08-11 03:59,9920.9227516936000000,10978.0995856004000000,9958.4733293278000000
1628668799999,2021-08-11 07:59,10003.3385170300000000,11161.9865199950000000,10125.2805804025000000
1628683199999,2021-08-11 11:59,9957.4490855968000000,11059.5975312752000000,10032.4016284264000000
1628697599999,2021-08-11 15:59,10014.8624123992000000,11187.6987582188000000,10148.6046289066000000
1628711999999,2021-08-11 19:59,10013.9967980800000000,11185.7673903200000000,10146.8526492400000000
1628726399999,2021-08-11 23:59,9912.8645515600000000,10960.1200435400000000,9942.1637530300000000
1628740799999,2021-08-12 03:59,9957.7642469200000000,11060.3007225800000000,10033.0395063100000000
1628755199999,2021-08-12 07:59,9884.0046247756000000,10895.7274671734000000,9883.7520519013000000
1628769599999,2021-08-12 11:59,9831.0046358176000000,10777.4733266864000000,9776.4815263048000000
1628783999999,2021-08-12 15:59,9770.9545312324000000,10643.4888930386000000,9654.9417598327000000
1628798399999,2021-08-12 19:59,9789.8566553872000000,10685.6635140008000000,9693.1991412556000000
1628812799999,2021-08-12 23:59,9792.8442120400000000,10692.3293822600000000,9699.2458740700000000
1628827199999,2021-08-13 03:59,9785.68476915,10800.2788803044000000,9797.1688672558000000
1628841599999,2021-08-13 07:59,9785.68476915,11102.8076736794000000,9782.41958510
1628855999999,2021-08-13 11:59,9785.68476915,11111.2267038218000000,9782.41958510
1628870399999,2021-08-13 15:59,9785.68476915,11163.8889896210000000,9782.41958510
1628884799999,2021-08-13 19:59,9785.68476915,11188.6235029484000000,9782.41958510
1628899199999,2021-08-13 23:59,9785.68476915,11511.3545972000000000,9782.41958510
1628913599999,2021-08-14 03:59,9751.7794801500000000,11448.7416728000000000,9782.41958510
1628927999999,2021-08-14 07:59,9759.5587690740000000,11467.0728105128000000,9783.3931548608000000
1628942399999,2021-08-14 11:59,9652.6466891730000000,11215.1448928106000000,9568.4612061566000000
1628956799999,2021-08-14 15:59,9690.9176838690000000,11305.3267694618000000,9645.3997473998000000
1628971199999,2021-08-14 19:59,9700.0429165020000000,11326.8294926144000000,9663.7447654184000000
1628985599999,2021-08-14 23:59,9703.5942865770000000,11335.1979507794000000,9670.8843037334000000
1628999999999,2021-08-15 03:59,9683.7985920870000000,11288.5513221014000000,9631.0877980754000000
1629014399999,2021-08-15 07:59,9568.1220374340000000,11015.9707721048000000,9398.5360851728000000
1629028799999,2021-08-15 11:59,9586.5840519390000000,11059.4747136158000000,9435.6514116938000000
1629043199999,2021-08-15 15:59,9611.5540159800000000,11118.3140052260000000,9485.8500705860000000
1629057599999,2021-08-15 19:59,9629.3261960100000000,11160.1924188920000000,9521.5785803120000000
1629071999999,2021-08-15 23:59,9693.9171863640000000,11312.3948053508000000,9651.4298322788000000
1629086399999,2021-08-16 03:59,9733.1406636240000000,11404.8211145228000000,9730.2832079708000000
1629100799999,2021-08-16 07:59,9728.2586794950000000,11393.3171937590000000,9720.4686541490000000
1629115199999,2021-08-16 11:59,9749.4238231650000000,11443.1907962330000000,9763.0182479630000000
1629129599999,2021-08-16 15:59,9629.5540968810000000,11160.7294451282000000,9522.0367434902000000
1629143999999,2021-08-16 19:59,9603.8983862730000000,11100.2742584306000000,9470.4594859766000000
1629158399999,2021-08-16 23:59,9584.3070871830000000,11054.1092676326000000,9431.0738889986000000
1629172799999,2021-08-17 03:59,9637.0114630500000000,11178.3020031800000000,9537.0287466800000000
1629187199999,2021-08-17 07:59,9589.0286209230000000,11065.2351026606000000,9440.5658795066000000
1629201599999,2021-08-17 11:59,9681.2048144610000000,11282.4393374042000000,9625.8733669262000000
1629215999999,2021-08-17 15:59,9566.8016431500000000,11012.8593914000000000,9395.8816151000000000
1629230399999,2021-08-17 19:59,9539.7202746270000000,10949.0447804894000000,9341.4382695434000000
1629244799999,2021-08-17 23:59,9461.1241114650000000,10763.8405664930000000,9183.4315548230000000
1629259199999,2021-08-18 03:59,9453.93081097,10850.4944456732000000,9257.3601899852000000
1629273599999,2021-08-18 07:59,9453.93081097,10825.3384992008000000,9243.28377819
1629287999999,2021-08-18 11:59,9453.93081097,10776.0356376146000000,9243.28377819
1629302399999,2021-08-18 15:59,9453.93081097,11034.5330960000000000,9243.28377819
1629316799999,2021-08-18 19:59,9453.93081097,10813.2493884128000000,9243.28377819
1629331199999,2021-08-18 23:59,9453.93081097,10766.0898153926000000,9243.28377819
1629345599999,2021-08-19 03:59,9453.93081097,10607.5538908118000000,9243.28377819
1629359999999,2021-08-19 07:59,9453.93081097,10755.1855337894000000,9243.28377819
1629374399999,2021-08-19 11:59,9453.93081097,10648.0789020350000000,9243.28377819
1629388799999,2021-08-19 15:59,9453.93081097,11024.7991944452000000,9243.28377819
1629403199999,2021-08-19 19:59,9453.93081097,11248.8619526000000000,9243.28377819
1629417599999,2021-08-19 23:59,9453.93081097,11261.0522073428000000,9243.28377819
1629431999999,2021-08-20 03:59,9476.5287224878000000,11331.8818739756000000,9243.28377819
1629446399999,2021-08-20 07:59,9454.1971785856000000,11278.5982753112000000,9186.0273770616000000
1629460799999,2021-08-20 11:59,9463.1657268598000000,11299.9974463196000000,9203.4558149778000000
1629475199999,2021-08-20 15:59,9644.4381941386000000,11732.5178953172000000,9555.7197316446000000
1629489599999,2021-08-20 19:59,9640.9844047852000000,11724.2770711904000000,9549.0080374572000000
1629503999999,2021-08-20 23:59,9705.4083756259000000,11877.9942087818000000,9674.2021203549000000
1629518399999,2021-08-21 03:59,9655.5191857549000000,11758.9574067398000000,9577.2532472739000000
1629532799999,2021-08-21 07:59,9667.2330020131000000,11786.9068529162000000,9600.0165210141000000
1629547199999,2021-08-21 11:59,9622.5860628439000000,11680.3781866178000000,9513.2548307529000000
1629561599999,2021-08-21 15:59,9691.1279356606000000,11843.9207369612000000,9646.4511673866000000
1629575999999,2021-08-21 19:59,9670.7100050296000000,11795.2030653992000000,9606.7733259456000000
1629590399999,2021-08-21 23:59,9654.8833332439000000,11757.4402474178000000,9576.0176051529000000
1629604799999,2021-08-22 03:59,9651.6667269700000000,11749.7653478000000000,9569.7668250900000000
1629619199999,2021-08-22 07:59,9692.5439691097000000,11847.2994266894000000,9649.2029227767000000
1629633599999,2021-08-22 11:59,9686.1884718688000000,11832.1350580376000000,9636.8523855768000000
1629647999999,2021-08-22 15:59,9625.0830455617000000,11686.3360471934000000,9518.1071777487000000
1629662399999,2021-08-22 19:59,9637.3196738845000000,11715.5329354790000000,9541.8864238995000000
1629676799999,2021-08-22 23:59,9697.0060388734000000,11857.9460320268000000,9657.8739923274000000
1629691199999,2021-08-23 03:59,9800.0323128700000000,12103.7691896000000000,9858.0833199900000000
1629705599999,2021-08-23 07:59,9786.9165932185000000,12072.4747683470000000,9832.5957495735000000
1629719999999,2021-08-23 11:59,9813.6425844745000000,12136.2436236590000000,9884.5319453895000000
1629734399999,2021-08-23 15:59,9727.1585686609000000,11929.8906903518000000,9716.4689262399000000
1629748799999,2021-08-23 19:59,9697.0534754893000000,11858.0592169286000000,9657.9661751523000000
1629763199999,2021-08-23 23:59,9722.2009376545000000,11918.0616640190000000,9706.8348403695000000
1629777599999,2021-08-24 03:59,9706.2854483752000000,11880.0869253704000000,9675.9065219472000000
1629791999999,2021-08-24 07:59,9750.5902383361000000,11985.7992154622000000,9762.0033190671000000
1629806399999,2021-08-24 11:59,9716.2602584803000000,11903.8870612106000000,9695.2904125533000000
1629820799999,2021-08-24 15:59,9603.2955088078000000,11634.3504626156000000,9475.7678024058000000
1629835199999,2021-08-24 19:59,9596.4787661740000000,11618.0855514080000000,9462.5209343340000000
1629849599999,2021-08-24 23:59,9539.0310057397000000,11481.0138189494000000,9350.8836107067000000
1629863999999,2021-08-25 03:59,9569.5034803621000000,11553.7218733142000000,9410.1002883531000000
1629878399999,2021-08-25 07:59,9586.5251511526000000,11594.3359875452000000,9443.1782317986000000
1629892799999,2021-08-25 11:59,9528.5343928597000000,11455.9686491894000000,9330.4857090267000000
1629907199999,2021-08-25 15:59,9654.9459092053000000,11757.5895551606000000,9576.1392080283000000
1629921599999,2021-08-25 19:59,9637.7526591658000000,11716.5660487316000000,9542.7278373438000000
1629935999999,2021-08-25 23:59,9670.1690257504000000,11793.9122758808000000,9605.7220494744000000
1629950399999,2021-08-26 03:59,9563.0298962263000000,11538.2757465026000000,9397.5202747593000000
1629964799999,2021-08-26 07:59,9460.0783096675000000,11292.6307949450000000,9197.4560860125000000
1629979199999,2021-08-26 11:59,9454.4404174033000000,11279.1786489566000000,9186.5000592063000000
1629993599999,2021-08-26 15:59,9450.8180766700000000,11270.5356572000000000,9179.4608217900000000
1630007999999,2021-08-26 19:59,9464.9229002275000000,11304.1901040650000000,9206.8705021725000000
1630022399999,2021-08-26 23:59,9455.2458305839000000,11281.1003840978000000,9188.0652058929000000
1630036799999,2021-08-27 03:59,9453.0617276731000000,11275.8890622362000000,9183.8208732741000000
1630051199999,2021-08-27 07:59,9519.7969719268000000,11435.1209535536000000,9313.5064172148000000
1630065599999,2021-08-27 11:59,9516.8084651251000000,11427.9903047402000000,9307.6988992461000000
1630079999999,2021-08-27 15:59,9590.5713935599000000,11603.9904188498000000,9451.0412306289000000
1630094399999,2021-08-27 19:59,9601.5746698693000000,11630.2444996886000000,9472.4237233323000000
1630108799999,2021-08-27 23:59,9679.9167456730000000,11817.1705691060000000,9624.6646393230000000
1630123199999,2021-08-28 03:59,9658.0242427903000000,11764.9345328306000000,9582.1212849633000000
1630137599999,2021-08-28 07:59,9667.8153621700000000,11788.2963782000000000,9601.1482122900000000
1630151999999,2021-08-28 11:59,9640.0316353084000000,11722.0037403968000000,9547.1565356124000000
1630166399999,2021-08-28 15:59,9653.7983468164000000,11754.8514438128000000,9573.9091682004000000
1630180799999,2021-08-28 19:59,9637.7314640821000000,11716.5154767542000000,9542.6866492731000000
1630195199999,2021-08-28 23:59,9662.2995939595000000,11775.1356231290000000,9590.4295072245000000
1630209599999,2021-08-29 03:59,9594.8750048407000000,11614.2589384514000000,9459.4043703177000000
1630223999999,2021-08-29 07:59,9620.3888391670000000,11675.1355582940000000,9508.9850007570000000
1630238399999,2021-08-29 11:59,9588.0794572906000000,11598.0445992212000000,9446.1986903166000000
1630252799999,2021-08-29 15:59,9619.8690549715000000,11673.8953407530000000,9507.9749123565000000
1630267199999,2021-08-29 19:59,9652.6023385219000000,11751.9977393738000000,9571.5849842109000000
1630281599999,2021-08-29 23:59,9649.4291317051000000,11744.4263919002000000,9565.4185416261000000
1630295999999,2021-08-30 03:59,9568.3034349088000000,11550.8585361176000000,9407.7682590168000000
1630310399999,2021-08-30 07:59,9564.9081843580000000,11542.7573869760000000,9401.1703223580000000
1630324799999,2021-08-30 11:59,9562.1185076272000000,11536.1011514744000000,9395.7491877192000000
1630339199999,2021-08-30 15:59,9573.9150856408000000,11564.2480691816000000,9418.6732910688000000
1630353599999,2021-08-30 19:59,9634.5077927803000000,11708.8237198106000000,9536.4221398533000000
1630367999999,2021-08-30 23:59,9469.2789945727000000,11314.5838495154000000,9215.3356313697000000
1630382399999,2021-08-31 03:59,9486.2118478696000000,11354.9860430792000000,9248.2409771856000000
1630396799999,2021-08-31 07:59,9547.8370583722000000,11502.0252714644000000,9367.9962734142000000
1630411199999,2021-08-31 11:59,9568.8555163747000000,11552.1758157194000000,9408.8411101917000000
1630425599999,2021-08-31 15:59,9511.0857925261000000,11414.3358708422000000,9296.5781201571000000
1630439999999,2021-08-31 19:59,9501.2835709597000000,11390.9475353894000000,9277.5296181267000000
1630454399999,2021-08-31 23:59,9481.1865944533000000,11342.9956680566000000,9238.4754817563000000
1630468799999,2021-09-01 03:59,9475.4094202105000000,11329.2111919310000000,9227.2487904855000000
1630483199999,2021-09-01 07:59,9488.2637338297000000,11359.8818921294000000,9252.2283746967000000
1630497599999,2021-09-01 11:59,9542.9975142607000000,11490.4780032914000000,9358.5916639377000000
1630511999999,2021-09-01 15:59,9520.3066632253000000,11436.3370892006000000,9314.4968922483000000
1630526399999,2021-09-01 19:59,9587.0721861700000000,11595.6412262000000000,9444.2412762900000000
1630540799999,2021-09-01 23:59,9653.7377894344000000,11754.7069524488000000,9573.7914879984000000
1630555199999,2021-09-02 03:59,9729.5071857928000000,11935.4945470856000000,9721.0329567408000000
1630569599999,2021-09-02 07:59,9758.2749701119000000,12004.1351695538000000,9776.9369367009000000
1630583999999,2021-09-02 11:59,9781.1192331817000000,12058.6421284334000000,9821.3298315687000000
1630598399999,2021-09-02 15:59,9727.4341047490000000,11930.5481260580000000,9717.0043711590000000
1630612799999,2021-09-02 19:59,9707.1827069185000000,11882.2278057470000000,9677.6501502735000000
1630627199999,2021-09-02 23:59,9697.7549318308000000,11859.7329085616000000,9659.3293041588000000
1630641599999,2021-09-03 03:59,9720.9877714351000000,11915.1670203602000000,9704.4773136561000000
1630655999999,2021-09-03 07:59,9703.6562487067000000,11873.8135919834000000,9670.7972398437000000
1630670399999,2021-09-03 11:59,9790.8013492738000000,12081.7438893476000000,9840.1449345318000000
1630684799999,2021-09-03 15:59,9829.3461229168000000,12173.7126425336000000,9915.0483831048000000
1630699199999,2021-09-03 19:59,9827.1307320253000000,12168.4266668006000000,9910.7432490483000000
1630713599999,2021-09-03 23:59,9773.7039817558000000,12040.9491609116000000,9806.9198908338000000
1630727999999,2021-09-04 03:59,9801.7915048171000000,12107.9666637242000000,9861.5019298581000000
1630742399999,2021-09-04 07:59,9792.6937674613000000,12086.2592444726000000,9843.8224408443000000
1630756799999,2021-09-04 11:59,9763.9946148418000000,12017.7823788836000000,9788.0518317798000000
1630771199999,2021-09-04 15:59,9761.0262938341000000,12010.6998938582000000,9782.2835405451000000
1630785599999,2021-09-04 19:59,9771.2493892054000000,12035.0924442908000000,9802.1499199794000000
1630799999999,2021-09-04 23:59,9765.2764127608000000,12020.8407794216000000,9790.5427293888000000
1630814399999,2021-09-05 03:59,9739.7989128637000000,11960.0508543974000000,9741.0327070707000000
1630828799999,2021-09-05 07:59,9759.3720680158000000,12006.7528714316000000,9779.0689096938000000
1630843199999,2021-09-05 11:59,9793.8534413266000000,12089.0262540932000000,9846.0760167126000000
1630857599999,2021-09-05 15:59,9795.4854627715000000,12092.9202963530000000,9849.2474981565000000
1630871999999,2021-09-05 19:59,9842.8827163732000000,12206.0112787664000000,9941.3538309252000000
1630886399999,2021-09-05 23:59,9951.1108694836000000,12464.2462445072000000,10151.6718879396000000
1630900799999,2021-09-06 03:59,9934.8017572213000000,12425.3323119926000000,10119.9786482043000000
1630915199999,2021-09-06 07:59,9955.0783872943000000,12473.7128370386000000,10159.3819025073000000
1630929599999,2021-09-06 11:59,9915.1589610799000000,12378.4641298898000000,10081.8071133489000000
1630943999999,2021-09-06 15:59,9935.7262665865000000,12427.5382134830000000,10121.7752326215000000
1630958399999,2021-09-06 19:59,9946.9233265183000000,12454.2546666866000000,10143.5343019713000000
1630972799999,2021-09-06 23:59,10042.6554638530000000,12682.6738394660000000,10329.5690493030000000
1630987199999,2021-09-07 03:59,10041.6724156852000000,12680.3282629904000000,10327.6587073572000000
1631001599999,2021-09-07 07:59,10010.3763606676000000,12605.6551260752000000,10266.8415789636000000
1631015999999,2021-09-07 11:59,9868.8133873456000000,12267.8824808312000000,9991.7444934216000000
1631030399999,2021-09-07 15:59,9436.2913700179000000,11235.8745871658000000,9151.2313026669000000
1631044799999,2021-09-07 19:59,9440.1791539423000000,11245.1509327346000000,9158.7863716353000000
1631059199999,2021-09-07 23:59,9457.2502799281000000,11285.8830482462000000,9191.9604205791000000
1631073599999,2021-09-08 03:59,9415.5343180477000000,11186.3477639654000000,9110.8944520947000000
1631087999999,2021-09-08 07:59,9277.2505269610000000,10856.3993260820000000,8842.1697494910000000
1631102399999,2021-09-08 11:59,9409.8499984573000000,11172.7848412646000000,9099.8482038003000000
1631116799999,2021-09-08 15:59,9378.8910461995000000,11098.9160396090000000,9039.6861618645000000
1631131199999,2021-09-08 19:59,9414.1122288604000000,11182.9546251008000000,9108.1309286844000000
1631145599999,2021-09-08 23:59,9374.9507792107000000,11089.5144681914000000,9032.0291033877000000
1631159999999,2021-09-09 03:59,9367.56866701,11078.1478142234000000,9022.7715941637000000
1631174399999,2021-09-09 07:59,9367.56866701,11144.1057137000000000,9009.08193073
1631188799999,2021-09-09 11:59,9367.56866701,11148.4765774610000000,9009.08193073
1631203199999,2021-09-09 15:59,9367.56866701,11319.0967964510000000,9009.08193073
1631217599999,2021-09-09 19:59,9367.56866701,11216.2911909650000000,9009.08193073
1631231999999,2021-09-09 23:59,9367.56866701,11173.0377011516000000,9009.08193073
1631246399999,2021-09-10 03:59,9393.2628812710000000,11251.2003045074000000,9009.08193073
1631260799999,2021-09-10 07:59,9336.9000565150000000,11116.5439860170000000,8887.9163283285000000
1631275199999,2021-09-10 11:59,9354.1679503360000000,11157.7986786284000000,8920.8998880522000000
1631289599999,2021-09-10 15:59,9262.3399702360000000,10938.4126242884000000,8745.4984350822000000
1631303999999,2021-09-10 19:59,9285.4149002080000000,10993.5408960332000000,8789.5740669306000000
1631318399999,2021-09-10 23:59,9204.8895231910000000,10801.1578694354000000,8635.7618180457000000
1631332799999,2021-09-11 03:59,9196.82539469,10883.2699034072000000,8701.4112509976000000
1631347199999,2021-09-11 07:59,9196.82539469,10847.6503739918000000,8688.03700993
1631361599999,2021-09-11 11:59,9196.82539469,10970.7257096576000000,8688.03700993
1631375999999,2021-09-11 15:59,9196.82539469,10975.2892285706000000,8688.03700993
1631390399999,2021-09-11 19:59,9196.82539469,10923.0483759164000000,8688.03700993
1631404799999,2021-09-11 23:59,9196.82539469,10878.8894068886000000,8688.03700993
1631419199999,2021-09-12 03:59,9196.82539469,10913.2277795432000000,8688.03700993
1631433599999,2021-09-12 07:59,9196.82539469,10923.0387431588000000,8688.03700993
1631447999999,2021-09-12 11:59,9196.82539469,11098.5668521460000000,8688.03700993
1631462399999,2021-09-12 15:59,9196.82539469,11050.6655567906000000,8688.03700993
1631476799999,2021-09-12 19:59,9196.82539469,11054.4897615578000000,8688.03700993
1631491199999,2021-09-12 23:59,9196.82539469,11083.9587752456000000,8688.03700993
1631505599999,2021-09-13 03:59,9196.82539469,10745.0181581426000000,8688.03700993
1631519999999,2021-09-13 07:59,9196.82539469,10709.5792429322000000,8688.03700993
1631534399999,2021-09-13 11:59,9196.82539469,10803.1638912056000000,8688.03700993
1631548799999,2021-09-13 15:59,9196.82539469,10683.2529164114000000,8688.03700993
1631563199999,2021-09-13 19:59,9196.82539469,10774.8484002404000000,8688.03700993
1631577599999,2021-09-13 23:59,9196.82539469,10822.7882266262000000,8688.03700993
1631591999999,2021-09-14 03:59,9196.82539469,10882.0585841390000000,8688.03700993
1631606399999,2021-09-14 07:59,9196.82539469,11010.4560183788000000,8688.03700993
1631620799999,2021-09-14 11:59,9196.82539469,11071.5710489720000000,8688.03700993
1631635199999,2021-09-14 15:59,9196.82539469,11259.5591299148000000,8688.03700993
1631649599999,2021-09-14 19:59,9196.82539469,11192.2430116166000000,8688.03700993
1631663999999,2021-09-14 23:59,9196.82539469,11345.5555733888000000,8688.03700993
1631678399999,2021-09-15 03:59,9187.2230136160000000,11336.8764587912000000,8688.03700993
1631692799999,2021-09-15 07:59,9196.7109841480000000,11360.3225907896000000,8692.9541896636000000
1631707199999,2021-09-15 11:59,9234.5127895030000000,11453.7362576156000000,8764.4346716296000000
1631721599999,2021-09-15 15:59,9305.3860582900000000,11628.8742399200000000,8898.4509008500000000
1631735999999,2021-09-15 19:59,9284.6715655180000000,11577.6857660336000000,8859.2812920676000000
1631750399999,2021-09-15 23:59,9289.1514546445000000,11588.7562127054000000,8867.7524386414000000
1631764799999,2021-09-16 03:59,9239.8083556360000000,11466.8223588152000000,8774.4482044732000000
1631779199999,2021-09-16 07:59,9310.7966183140000000,11642.2445074688000000,8908.6818788308000000
1631793599999,2021-09-16 11:59,9267.0882199645000000,11534.2348046894000000,8826.0324563854000000
1631807999999,2021-09-16 15:59,9279.2921902780000000,11564.3925605456000000,8849.1092822596000000
1631822399999,2021-09-16 19:59,9221.7728307145000000,11422.2539975894000000,8740.3443302854000000
1631836799999,2021-09-16 23:59,9251.7696693490000000,11496.3804755108000000,8797.0661842528000000
1631851199999,2021-09-17 03:59,9267.5579407735000000,11535.3955519802000000,8826.9206644882000000
1631865599999,2021-09-17 07:59,9250.0067545285000000,11492.0240608862000000,8793.7326397342000000
1631879999999,2021-09-17 11:59,9219.1952134120000000,11415.8843366264000000,8735.4702422524000000
1631894399999,2021-09-17 15:59,9231.2754191140000000,11445.7362524288000000,8758.3130381908000000
1631908799999,2021-09-17 19:59,9228.7572478060000000,11439.5134910192000000,8753.5513582372000000
1631923199999,2021-09-17 23:59,9209.1010886410000000,11390.9403108212000000,8716.3829818192000000
1631937599999,2021-09-18 03:59,9269.9689143865000000,11541.3534125558000000,8831.4796413478000000
1631951999999,2021-09-18 07:59,9337.9361511145000000,11709.3101740694000000,8960.0007739654000000
1631966399999,2021-09-18 11:59,9313.1003942320000000,11647.9374672104000000,8913.0381525964000000
1631980799999,2021-09-18 15:59,9317.7615449155000000,11659.4558371106000000,8921.8520516746000000
1631995199999,2021-09-18 19:59,9303.2421043900000000,11623.5762232400000000,8894.3968389700000000
1632009599999,2021-09-18 23:59,9305.8479829030000000,11630.0157216956000000,8899.3243669096000000
1632023999999,2021-09-19 03:59,9262.2029286460000000,11522.1625512272000000,8816.7947235652000000
1632038399999,2021-09-19 07:59,9292.6880040550000000,11597.4955320380000000,8874.4397979880000000
1632052799999,2021-09-19 11:59,9211.8053941285000000,11397.6230364062000000,8721.4966280542000000
1632067199999,2021-09-19 15:59,9242.8917511540000000,11474.4418700768000000,8780.2786825588000000
1632081599999,2021-09-19 19:59,9216.5795896540000000,11409.4207562768000000,8730.5242867588000000
1632095999999,2021-09-19 23:59,9203.4264324775000000,11376.9174239450000000,8705.6526171250000000
1632110399999,2021-09-20 03:59,9196.40654090,10967.7684530744000000,8392.5703174204000000
1632124799999,2021-09-20 07:59,9196.40654090,10794.8917606166000000,8379.73053236
1632139199999,2021-09-20 11:59,9196.40654090,10533.5694960650000000,8379.73053236
1632153599999,2021-09-20 15:59,9196.40654090,10558.8867912272000000,8379.73053236
1632167999999,2021-09-20 19:59,9196.40654090,10560.1799889350000000,8379.73053236
1632182399999,2021-09-20 23:59,9196.40654090,10359.1852770428000000,8379.73053236
1632196799999,2021-09-21 03:59,9196.40654090,10279.0864894094000000,8379.73053236
1632211199999,2021-09-21 07:59,9196.40654090,10427.9270434658000000,8379.73053236
1632225599999,2021-09-21 11:59,9196.40654090,10425.0131342918000000,8379.73053236
1632239999999,2021-09-21 15:59,9196.40654090,10372.9577122214000000,8379.73053236
1632254399999,2021-09-21 19:59,9196.40654090,10117.8871073522000000,8379.73053236
1632268799999,2021-09-21 23:59,9196.40654090,9809.8194783572000000,8379.73053236
1632283199999,2021-09-22 03:59,9196.40654090,10127.1490037846000000,8379.73053236
1632297599999,2021-09-22 07:59,9196.40654090,10244.6469728000000000,8379.73053236
1632311999999,2021-09-22 11:59,9196.40654090,10097.3428435808000000,8379.73053236
1632326399999,2021-09-22 15:59,9196.40654090,10409.1166760624000000,8379.73053236
1632340799999,2021-09-22 19:59,9196.40654090,10448.1148952060000000,8379.73053236
1632355199999,2021-09-22 23:59,9196.40654090,10486.3352691734000000,8379.73053236
1632369599999,2021-09-23 03:59,9196.40654090,10614.2004935558000000,8379.73053236
1632383999999,2021-09-23 07:59,9196.40654090,10651.6285732106000000,8379.73053236
1632398399999,2021-09-23 11:59,9196.40654090,10511.5104811610000000,8379.73053236
1632412799999,2021-09-23 15:59,9196.40654090,10535.4671493122000000,8379.73053236
1632427199999,2021-09-23 19:59,9196.40654090,10781.0880189758000000,8379.73053236
1632441599999,2021-09-23 23:59,9196.40654090,10804.6136212244000000,8379.73053236
1632455999999,2021-09-24 03:59,9196.40654090,10664.4016097882000000,8379.73053236
1632470399999,2021-09-24 07:59,9196.40654090,10793.3432948324000000,8379.73053236
1632484799999,2021-09-24 11:59,9196.40654090,10000.8177960500000000,8379.73053236
1632499199999,2021-09-24 15:59,9196.40654090,10101.1212927494000000,8379.73053236
1632513599999,2021-09-24 19:59,9196.40654090,10204.0521240842000000,8379.73053236
1632527999999,2021-09-24 23:59,9196.40654090,10309.8053533958000000,8379.73053236
1632542399999,2021-09-25 03:59,9196.40654090,10261.0491508034000000,8379.73053236
1632556799999,2021-09-25 07:59,9196.40654090,10204.1942072588000000,8379.73053236
1632571199999,2021-09-25 11:59,9196.40654090,10231.4091556682000000,8379.73053236
1632585599999,2021-09-25 15:59,9196.40654090,10275.9438022424000000,8379.73053236
1632599999999,2021-09-25 19:59,9196.40654090,10274.9781182930000000,8379.73053236
1632614399999,2021-09-25 23:59,9196.40654090,10276.1075591216000000,8379.73053236
1632628799999,2021-09-26 03:59,9196.40654090,10165.7546880560000000,8379.73053236
1632643199999,2021-09-26 07:59,9196.40654090,9929.4968587796000000,8379.73053236
1632657599999,2021-09-26 11:59,9196.40654090,10370.7325452158000000,8379.73053236
1632671999999,2021-09-26 15:59,9196.40654090,10438.2003794462000000,8379.73053236
1632686399999,2021-09-26 19:59,9196.40654090,10416.2401003076000000,8379.73053236
1632700799999,2021-09-26 23:59,9196.40654090,10394.1714526460000000,8379.73053236
1632715199999,2021-09-27 03:59,9196.40654090,10605.5743591250000000,8379.73053236
1632729599999,2021-09-27 07:59,9196.40654090,10521.1143404882000000,8379.73053236
1632743999999,2021-09-27 11:59,9196.40654090,10535.4815984486000000,8379.73053236
1632758399999,2021-09-27 15:59,9196.40654090,10426.0462475444000000,8379.73053236
1632772799999,2021-09-27 19:59,9196.40654090,10358.2701650708000000,8379.73053236
1632787199999,2021-09-27 23:59,9196.40654090,10150.0894160090000000,8379.73053236
1632801599999,2021-09-28 03:59,9196.40654090,10249.0780412960000000,8379.73053236
1632815999999,2021-09-28 07:59,9196.40654090,10060.4806884350000000,8379.73053236
1632830399999,2021-09-28 11:59,9196.40654090,10139.0454594206000000,8379.73053236
1632844799999,2021-09-28 15:59,9196.40654090,9981.4752187892000000,8379.73053236
1632859199999,2021-09-28 19:59,9196.40654090,10018.7563988906000000,8379.73053236
1632873599999,2021-09-28 23:59,9196.40654090,9880.1771398676000000,8379.73053236
1632887999999,2021-09-29 03:59,9196.40654090,10162.7661250106000000,8379.73053236
1632902399999,2021-09-29 07:59,9196.40654090,10223.0334729350000000,8379.73053236
1632916799999,2021-09-29 11:59,9196.40654090,10210.9275048212000000,8379.73053236
1632931199999,2021-09-29 15:59,9196.40654090,10042.1134278812000000,8379.73053236
1632945599999,2021-09-29 19:59,9196.40654090,9923.8424300684000000,8379.73053236
1632959999999,2021-09-29 23:59,9196.40654090,10000.0423590632000000,8379.73053236
1632974399999,2021-09-30 03:59,9196.40654090,10497.8030670962000000,8379.73053236
1632988799999,2021-09-30 07:59,9196.40654090,10424.5098227072000000,8379.73053236
1633003199999,2021-09-30 11:59,9196.40654090,10372.8324863726000000,8379.73053236
1633017599999,2021-09-30 15:59,9196.40654090,10391.3105236388000000,8379.73053236
1633031999999,2021-09-30 19:59,9196.40654090,10483.6140151514000000,8379.73053236
1633046399999,2021-09-30 23:59,9196.40654090,10553.8825736540000000,8379.73053236
1633060799999,2021-10-01 03:59,9196.40654090,10508.5339590626000000,8379.73053236
1633075199999,2021-10-01 07:59,9196.40654090,10786.1090938748000000,8379.73053236
1633089599999,2021-10-01 11:59,9196.40654090,11436.2383534352000000,8379.73053236
1633103999999,2021-10-01 15:59,9196.40654090,11406.2804772992000000,8379.73053236
1633118399999,2021-10-01 19:59,9196.40654090,11566.7429534000000000,8379.73053236
1633132799999,2021-10-01 23:59,9196.40654090,11593.6207552934000000,8379.73053236
1633147199999,2021-10-02 03:59,9196.40654090,11444.1275819096000000,8379.73053236
1633161599999,2021-10-02 07:59,9196.40654090,11493.2955848894000000,8379.73053236
1633175999999,2021-10-02 11:59,9196.40654090,11483.2871497430000000,8379.73053236
1633190399999,2021-10-02 15:59,9196.40654090,11518.2227533688000000,8379.73053236
1633204799999,2021-10-02 19:59,9196.40654090,11617.3125226106000000,8379.73053236
1633219199999,2021-10-02 23:59,9196.40654090,11471.5953902060000000,8379.73053236
1633233599999,2021-10-03 03:59,9196.40654090,11535.1137938204000000,8379.73053236
1633247999999,2021-10-03 07:59,9196.40654090,11534.4708072506000000,8379.73053236
1633262399999,2021-10-03 11:59,9196.40654090,11553.4641970484000000,8379.73053236
1633276799999,2021-10-03 15:59,9196.40654090,11530.5767649908000000,8379.73053236
1633291199999,2021-10-03 19:59,9196.40654090,11746.0952671544000000,8379.73053236
1633305599999,2021-10-03 23:59,9196.40654090,11607.6845813894000000,8379.73053236
1633319999999,2021-10-04 03:59,9196.40654090,11431.5929560826000000,8379.73053236
1633334399999,2021-10-04 07:59,9196.40654090,11520.6357591476000000,8379.73053236
1633348799999,2021-10-04 11:59,9196.40654090,11459.7832211990000000,8379.73053236
1633363199999,2021-10-04 15:59,9196.40654090,11501.2955900762000000,8379.73053236
1633377599999,2021-10-04 19:59,9196.40654090,11891.8485224000000000,8379.73053236
1633391999999,2021-10-04 23:59,9196.40654090,11854.5071375636000000,8379.73053236
1633406399999,2021-10-05 03:59,9196.40654090,11874.1916777192000000,8379.73053236
1633420799999,2021-10-05 07:59,9196.40654090,11915.0899582994000000,8379.73053236
1633435199999,2021-10-05 11:59,9196.40654090,12011.5499847164000000,8379.73053236
1633449599999,2021-10-05 15:59,9196.40654090,11991.4440114158000000,8379.73053236
1633463999999,2021-10-05 19:59,9196.40654090,12327.7572938834000000,8379.73053236
1633478399999,2021-10-05 23:59,9196.40654090,12395.6393366906000000,8379.73053236
1633492799999,2021-10-06 03:59,9196.40654090,12405.7103847614000000,8379.73053236
1633507199999,2021-10-06 07:59,9196.40654090,12390.3413200106000000,8379.73053236
1633521599999,2021-10-06 11:59,9196.40654090,12355.8006594464000000,8379.73053236
1633535999999,2021-10-06 15:59,9196.40654090,13241.4436177586000000,8379.73053236
1633550399999,2021-10-06 19:59,9196.40654090,13257.2895040106000000,8379.73053236
1633564799999,2021-10-06 23:59,9196.40654090,13321.1089313000000000,8379.73053236
1633579199999,2021-10-07 03:59,9147.6775504048000000,13199.7217364036000000,8379.73053236
1633593599999,2021-10-07 07:59,9143.1110598664000000,13186.4718783248000000,8358.7700517840000000
1633607999999,2021-10-07 11:59,9105.7309070368000000,13078.0118441276000000,8290.0208058480000000
1633622399999,2021-10-07 15:59,9072.0715061308000000,12980.3477230106000000,8228.1147338880000000
1633636799999,2021-10-07 19:59,9077.2812227992000000,12995.4639278744000000,8237.6963986320000000
1633651199999,2021-10-07 23:59,9062.5459496224000000,12952.7089332668000000,8210.5954147440000000
1633665599999,2021-10-08 03:59,9065.0358572224000000,12959.9335014668000000,8215.1748307440000000
1633679999999,2021-10-08 07:59,9149.2088435788000000,13204.1648458466000000,8369.9850415680000000
1633694399999,2021-10-08 11:59,9183.5139605224000000,13303.7025383168000000,8433.0787087440000000
1633708799999,2021-10-08 15:59,9107.3327475928000000,13082.6596496696000000,8292.9668968080000000
1633723199999,2021-10-08 19:59,9137.3477537416000000,13169.7494111312000000,8348.1702302160000000
1633737599999,2021-10-08 23:59,9076.3408676956000000,12992.7354492842000000,8235.9669058560000000
1633751999999,2021-10-09 03:59,9126.8984415136000000,13139.4303065852000000,8328.9519477360000000
1633766399999,2021-10-09 07:59,9156.5258520460000000,13225.3954435970000000,8383.4424187200000000
1633780799999,2021-10-09 11:59,9146.1620266456000000,13195.3243825592000000,8364.3813628560000000
1633795199999,2021-10-09 15:59,9161.4840880468000000,13239.7819670726000000,8392.5615624480000000
1633809599999,2021-10-09 19:59,9134.8852351252000000,13162.6043131814000000,8343.6411877920000000
1633823999999,2021-10-09 23:59,9159.1958629624000000,13233.1425888968000000,8388.3530791440000000
1633838399999,2021-10-10 03:59,9167.4482467180000000,13257.0872161010000000,8403.5307902400000000
1633852799999,2021-10-10 07:59,9218.8781181652000000,13406.3130804614000000,8498.1201541920000000
1633867199999,2021-10-10 11:59,9175.4026715308000000,13280.1673033106000000,8418.1604978880000000
1633881599999,2021-10-10 15:59,9194.3276292292000000,13335.0788380094000000,8452.9671124320000000
1633895999999,2021-10-10 19:59,9200.7383113300000000,13353.6796929350000000,8464.7575821600000000
1633910399999,2021-10-10 23:59,9135.0669983800000000,13163.1317066600000000,8343.9754851600000000
1633924799999,2021-10-11 03:59,9288.4527762628000000,13608.1867814846000000,8626.0812490080000000
1633939199999,2021-10-11 07:59,9311.9135156392000000,13676.2590712544000000,8669.2300330320000000
1633953599999,2021-10-11 11:59,9280.1879429692000000,13584.2060314394000000,8610.8806408320000000
1633967999999,2021-10-11 15:59,9370.0462183456000000,13844.9334732092000000,8776.1471848560000000
1633982399999,2021-10-11 19:59,9369.8926740436000000,13844.4879581702000000,8775.8647875360000000
1633996799999,2021-10-11 23:59,9368.4833863420000000,13840.3988525690000000,8773.2728380800000000
1634011199999,2021-10-12 03:59,9305.4057271420000000,13657.3764581690000000,8657.2609660800000000
1634025599999,2021-10-12 07:59,9357.8133023068000000,13809.4391696426000000,8753.6485140480000000
1634039999999,2021-10-12 11:59,9349.2936684688000000,13784.7191054516000000,8737.9792789680000000
1634054399999,2021-10-12 15:59,9271.5305342440000000,13559.0862078080000000,8594.9580114000000000
1634068799999,2021-10-12 19:59,9190.7396723776000000,13324.6682352332000000,8446.3681739760000000
1634083199999,2021-10-12 23:59,9246.1110675556000000,13485.3305910542000000,8548.2067534560000000
1634097599999,2021-10-13 03:59,9269.4207525376000000,13552.9645903532000000,8591.0777195760000000
1634111999999,2021-10-13 07:59,9131.2167712612000000,13151.9601160334000000,8336.8941815520000000
1634126399999,2021-10-13 11:59,9180.8638688668000000,13296.0131895626000000,8428.2046836480000000
1634140799999,2021-10-13 15:59,9260.3798980420000000,13526.7321832190000000,8574.4498600800000000
1634155199999,2021-10-13 19:59,9350.9228980084000000,13789.4463812438000000,8740.9757435040000000
1634169599999,2021-10-13 23:59,9359.8226577400000000,13815.2693961800000000,8757.3441027600000000
1634183999999,2021-10-14 03:59,9417.8366748508000000,13983.5994270506000000,8864.0429690880000000
1634198399999,2021-10-14 07:59,9359.8475568160000000,13815.3416418620000000,8757.3898969200000000
1634212799999,2021-10-14 11:59,9381.0217310464000000,13876.7793698348000000,8796.3332505840000000
1634227199999,2021-10-14 15:59,9356.8604976652000000,13806.6745682114000000,8751.8961241920000000
1634241599999,2021-10-14 19:59,9398.5091820904000000,13927.5199204928000000,8828.4960156240000000
1634255999999,2021-10-14 23:59,9358.2407364448000000,13810.6793871836000000,8754.4346471280000000
1634270399999,2021-10-15 03:59,9531.1872284332000000,14312.4906697874000000,9072.5163030720000000
1634284799999,2021-10-15 07:59,9514.5704150800000000,14264.2763098100000000,9041.9548071600000000
1634299199999,2021-10-15 11:59,9539.1781718908000000,14335.6767173306000000,9087.2131754880000000
1634313599999,2021-10-15 15:59,9581.5373099512000000,14458.5834797384000000,9165.1197269520000000
1634327999999,2021-10-15 19:59,9698.3936534344000000,14797.6469145008000000,9380.0408786640000000
1634342399999,2021-10-15 23:59,9717.1592570464000000,14852.0960768348000000,9414.5544105840000000
1634356799999,2021-10-16 03:59,9715.7956176508000000,14848.1394216506000000,9412.0464170880000000
1634371199999,2021-10-16 07:59,9722.2668875032000000,14866.9160744024000000,9423.9483192720000000
1634385599999,2021-10-16 11:59,9710.9212085392000000,14833.9961253044000000,9403.0814470320000000
1634399999999,2021-10-16 15:59,9656.4569696968000000,14675.9659204976000000,9302.9113014480000000
1634414399999,2021-10-16 19:59,9647.6011983328000000,14650.2705395996000000,9286.6238452080000000
1634428799999,2021-10-16 23:59,9651.0231613444000000,14660.1995044958000000,9292.9174892640000000
1634443199999,2021-10-17 03:59,9670.9656612820000000,14718.0634793990000000,9329.5955584800000000
1634457599999,2021-10-17 07:59,9605.7043531168000000,14528.7051386876000000,9209.5675386480000000
1634471999999,2021-10-17 11:59,9656.3615232388000000,14675.6889787166000000,9302.7357571680000000
1634486399999,2021-10-17 15:59,9641.7731546104000000,14633.3602336328000000,9275.9049588240000000
1634500799999,2021-10-17 19:59,9621.4687881016000000,14574.4462881512000000,9238.5613478160000000
1634515199999,2021-10-17 23:59,9705.2002308436000000,14817.3964757702000000,9392.5594755360000000
1634529599999,2021-10-18 03:59,9754.6282165804000000,14960.8137872978000000,9483.4669890240000000
1634543999999,2021-10-18 07:59,9734.8376010064000000,14903.3905110548000000,9447.0682641840000000
1634558399999,2021-10-18 11:59,9655.7929943368000000,14674.0393689776000000,9301.6901238480000000
1634572799999,2021-10-18 15:59,9744.5988687676000000,14931.7132265882000000,9465.0211013760000000
1634587199999,2021-10-18 19:59,9697.4234194396000000,14794.8317410922000000,9378.2564328960000000
1634601599999,2021-10-18 23:59,9745.1640777928000000,14933.3532035696000000,9466.0606288080000000
1634615999999,2021-10-19 03:59,9793.2209544112000000,15072.7921862084000000,9554.4464105520000000
1634630399999,2021-10-19 07:59,9769.0024531552000000,15002.5212195164000000,9509.9039575920000000
1634644799999,2021-10-19 11:59,9755.0033626588000000,14961.9022889066000000,9484.1569543680000000
1634659199999,2021-10-19 15:59,9777.2133384508000000,15026.3454372506000000,9525.0053450880000000
1634673599999,2021-10-19 19:59,9925.0441324780000000,15455.2825004210000000,9796.8944318400000000
1634687999999,2021-10-19 23:59,9933.6293338828000000,15480.1928115746000000,9812.6842582080000000
1634702399999,2021-10-20 03:59,9897.4493165164000000,15375.2150192498000000,9746.1422907840000000
1634716799999,2021-10-20 07:59,9910.3387381924000000,15412.6142006318000000,9769.8484009440000000
1634731199999,2021-10-20 11:59,9893.0031715120000000,15362.3143486340000000,9737.9649802800000000
1634745599999,2021-10-20 15:59,10149.0262605436000000,16105.1757574202000000,10208.8403775360000000
1634759999999,2021-10-20 19:59,10109.3338135228000000,15990.0065075546000000,10135.8383806080000000
1634774399999,2021-10-20 23:59,10076.4520937572000000,15894.5988599054000000,10075.3626129120000000
1634788799999,2021-10-21 03:59,9999.0665955184000000,15670.0616884388000000,9933.0358901040000000
1634803199999,2021-10-21 07:59,10001.6959379440000000,15677.6908324580000000,9937.8717534000000000
1634817599999,2021-10-21 11:59,9979.0543781680000000,15611.9954256260000000,9896.2295972400000000
1634831999999,2021-10-21 15:59,9824.9539968040000000,15164.8668997280000000,9612.8095410000000000
1634846399999,2021-10-21 19:59,9810.9167277244000000,15124.1371924058000000,9586.9923200640000000
1634860799999,2021-10-21 23:59,9760.3782431980000000,14977.4977234610000000,9494.0423870400000000
1634875199999,2021-10-22 03:59,9847.0892753680000000,15229.0933110260000000,9653.5205492400000000
1634889599999,2021-10-22 07:59,9858.1635544036000000,15261.2257821902000000,9673.8882651360000000
1634903999999,2021-10-22 11:59,9858.6175475560000000,15262.5430617920000000,9674.7232453200000000
1634918399999,2021-10-22 15:59,9635.6994400048000000,14615.7371036036000000,9264.7342367280000000
1634932799999,2021-10-22 19:59,9664.0644673840000000,14698.0393845380000000,9316.9029438000000000
1634947199999,2021-10-22 23:59,9635.4736883824000000,14615.0820760868000000,9264.3190363440000000
1634961599999,2021-10-23 03:59,9680.9808996184000000,14747.1231008888000000,9348.0154961040000000
1634975999999,2021-10-23 07:59,9651.3908377000000000,14661.2663324000000000,9293.5937163600000000
1634990399999,2021-10-23 11:59,9707.1838572316000000,14823.1520484362000000,9396.2077436160000000
1635004799999,2021-10-23 15:59,9698.4393017404000000,14797.7793649178000000,9380.1248346240000000
1635019199999,2021-10-23 19:59,9662.0161033984000000,14692.0959730988000000,9313.1356109040000000
1635033599999,2021-10-23 23:59,9685.1498349100000000,14759.2194362450000000,9355.6829649600000000
1635047999999,2021-10-24 03:59,9680.2538465992000000,14745.0135269744000000,9346.6783066320000000
1635062399999,2021-10-24 07:59,9635.4404896144000000,14614.9857485108000000,9264.2579774640000000
1635076799999,2021-10-24 11:59,9601.6756826200000000,14517.0157873400000000,9202.1580435600000000
1635091199999,2021-10-24 15:59,9566.7314893924000000,14415.6237890318000000,9137.8889929440000000
1635105599999,2021-10-24 19:59,9631.7280373828000000,14604.2139173246000000,9257.4300682080000000
1635119999999,2021-10-24 23:59,9649.0851832624000000,14654.5763822468000000,9289.3531771440000000
1635134399999,2021-10-25 03:59,9751.3407085792000000,14951.2749490844000000,9477.4206334320000000
1635148799999,2021-10-25 07:59,9799.1793032980000000,15090.0805779110000000,9565.4049530400000000
1635163199999,2021-10-25 11:59,9807.3578197948000000,15113.8108762586000000,9580.4468081280000000
1635177599999,2021-10-25 15:59,9877.7126489404000000,15317.9482753178000000,9709.8427866240000000
1635191999999,2021-10-25 19:59,9801.4492690600000000,15096.6669759200000000,9569.5798539600000000
1635206399999,2021-10-25 23:59,9833.8828054576000000,15190.7742012932000000,9629.2313267760000000
1635220799999,2021-10-26 03:59,9807.2607133984000000,15113.5291180988000000,9580.2682109040000000
1635235199999,2021-10-26 07:59,9780.2468758768000000,15035.1473695076000000,9530.5846002480000000
1635249599999,2021-10-26 11:59,9805.7634489616000000,15109.1847444212000000,9577.5144554160000000
1635263999999,2021-10-26 15:59,9787.0567731628000000,15054.9065635346000000,9543.1093030080000000
1635278399999,2021-10-26 19:59,9744.3473881000000000,14930.9835452000000000,9464.5585803600000000
1635292799999,2021-10-26 23:59,9605.6437653652000000,14528.5293408614000000,9209.4561061920000000
1635307199999,2021-10-27 03:59,9637.6415679328000000,14621.3722667996000000,9268.3061812080000000
1635321599999,2021-10-27 07:59,9574.1978923156000000,14437.2878608742000000,9151.6211350560000000
1635335999999,2021-10-27 11:59,9459.1699709800000000,14103.5296673600000000,8940.0628011600000000
1635350399999,2021-10-27 15:59,9480.3458051488000000,14164.9722117116000000,8979.0092077680000000
1635364799999,2021-10-27 19:59,9500.5289961544000000,14223.5345615408000000,9016.1299538640000000
1635379199999,2021-10-27 23:59,9446.6739547048000000,14067.2719677536000000,8917.0802387280000000
1635393599999,2021-10-28 03:59,9482.0605215160000000,14169.9475310120000000,8982.1628989200000000
1635407999999,2021-10-28 07:59,9494.8345774732000000,14207.0119740674000000,9005.6568294720000000
1635422399999,2021-10-28 11:59,9658.0812194212000000,14680.6787471534000000,9305.8986071520000000
1635436799999,2021-10-28 15:59,9672.8555011504000000,14723.5469266628000000,9333.0713352240000000
1635451199999,2021-10-28 19:59,9685.3473675796000000,14759.7925853222000000,9356.0462652960000000
1635465599999,2021-10-28 23:59,9626.1506443588000000,14588.0308845566000000,9247.1721763680000000
1635479999999,2021-10-29 03:59,9714.7166576908000000,14845.0087754306000000,9410.0620034880000000
1635494399999,2021-10-29 07:59,9625.5829454260000000,14586.3836830070000000,9246.1280695200000000
1635508799999,2021-10-29 11:59,9656.4461800972000000,14675.9346140354000000,9302.8914573120000000
1635523199999,2021-10-29 15:59,9769.2456341308000000,15003.2268190106000000,9510.3512138880000000
1635537599999,2021-10-29 19:59,9789.5898391612000000,15062.2563575834000000,9547.7680955520000000
1635551999999,2021-10-29 23:59,9765.4045366732000000,14992.0817184674000000,9503.2867014720000000
1635566399999,2021-10-30 03:59,9717.7842238540000000,14853.9094434530000000,9415.7038440000000000
1635580799999,2021-10-30 07:59,9710.9153987548000000,14833.9792679786000000,9403.0707617280000000
1635595199999,2021-10-30 11:59,9710.7344654692000000,14833.4542826894000000,9402.7379908320000000
1635609599999,2021-10-30 15:59,9692.6560763548000000,14780.9991011786000000,9369.4883777280000000
1635623999999,2021-10-30 19:59,9722.0087670820000000,14866.1671274990000000,9423.4735864800000000
1635638399999,2021-10-30 23:59,9732.6605917948000000,14897.0738302586000000,9443.0643281280000000
1635652799999,2021-10-31 03:59,9719.2690387528000000,14858.2176942896000000,9418.4347024080000000
1635667199999,2021-10-31 07:59,9691.4459812612000000,14777.4879610334000000,9367.2627815520000000
1635681599999,2021-10-31 11:59,9617.1803372452000000,14562.0031735214000000,9230.6740669920000000
1635695999999,2021-10-31 15:59,9616.5512205916000000,14560.1777659562000000,9229.5170012160000000
1635710399999,2021-10-31 19:59,9635.6172730540000000,14615.4986928530000000,9264.5831160000000000
1635724799999,2021-10-31 23:59,9686.2329447160000000,14762.3621234120000000,9357.6750109200000000
1635739199999,2021-11-01 03:59,9571.9611253216000000,14430.7977904412000000,9147.5072930160000000
1635753599999,2021-11-01 07:59,9759.1465689052000000,14973.9239703914000000,9491.7771025920000000
1635767999999,2021-11-01 11:59,9728.4111494908000000,14884.7439005306000000,9435.2487914880000000
1635782399999,2021-11-01 15:59,9707.0726413588000000,14822.8293510566000000,9396.0031963680000000
1635796799999,2021-11-01 19:59,9697.5354652816000000,14795.1568466612000000,9378.4625066160000000
1635811199999,2021-11-01 23:59,9653.9728718812000000,14668.7582096234000000,9298.3425707520000000
1635825599999,2021-11-02 03:59,9667.5337386400000000,14708.1056162300000000,9323.2835967600000000
1635839999999,2021-11-02 07:59,9704.6026530196000000,14815.6625794022000000,9391.4604156960000000
1635854399999,2021-11-02 11:59,9820.1484751360000000,15150.9234831020000000,9603.9712681200000000
1635868799999,2021-11-02 15:59,9911.8957604116000000,15417.1319639462000000,9772.7120624160000000
1635883199999,2021-11-02 19:59,9875.1546838660000000,15310.5262355870000000,9705.1381999200000000
1635897599999,2021-11-02 23:59,9845.6028005308000000,15224.7802438106000000,9650.7866378880000000
1635911999999,2021-11-03 03:59,9844.8076900372000000,15222.4731983654000000,9649.3242777120000000
1635926399999,2021-11-03 07:59,9860.0973826396000000,15266.8368634922000000,9677.4449448960000000
1635940799999,2021-11-03 11:59,9836.3436641356000000,15197.9144828642000000,9633.7573162560000000
1635955199999,2021-11-03 15:59,9760.1168029000000000,14976.7391438000000000,9493.5615483600000000
1635969599999,2021-11-03 19:59,9810.7449241000000000,15123.6386972000000000,9586.6763403600000000
1635983999999,2021-11-03 23:59,9818.7524669416000000,15146.8729085312000000,9601.4037422160000000
1635998399999,2021-11-04 03:59,9779.2060945000000000,15032.1275000000000000,9528.6704043600000000
1636012799999,2021-11-04 07:59,9732.2124084268000000,14895.7734079826000000,9442.2400332480000000
1636027199999,2021-11-04 11:59,9698.4683506624000000,14797.8636515468000000,9380.1782611440000000
1636041599999,2021-11-04 15:59,9664.2561902692000000,14698.5956762894000000,9317.2555588320000000
1636055999999,2021-11-04 19:59,9682.0449201328000000,14750.2103996996000000,9349.9724332080000000
1636070399999,2021-11-04 23:59,9694.1350814692000000,14785.2904946894000000,9372.2085508320000000
1636084799999,2021-11-05 03:59,9761.2621603960000000,14980.0624451720000000,9495.6680797200000000
1636099199999,2021-11-05 07:59,9755.0299216732000000,14961.9793509674000000,9484.2058014720000000
1636113599999,2021-11-05 11:59,9682.8989584396000000,14752.6884265922000000,9351.5431728960000000
1636127999999,2021-11-05 15:59,9643.2712490164000000,14637.7070154998000000,9278.6602407840000000
1636142399999,2021-11-05 19:59,9668.8774587748000000,14712.0044748686000000,9325.7549549280000000
1636156799999,2021-11-05 23:59,9656.1316217704000000,14675.0219102528000000,9302.3129244240000000
1636171199999,2021-11-06 03:59,9670.4402907784000000,14716.5390955088000000,9328.6293017040000000
1636185599999,2021-11-06 07:59,9643.9941521896000000,14639.8045484672000000,9279.9897978960000000
1636199999999,2021-11-06 11:59,9605.5325494924000000,14528.2066434818000000,9209.2515589440000000
1636214399999,2021-11-06 15:59,9632.1845204428000000,14605.5384214946000000,9258.2696278080000000
1636228799999,2021-11-06 19:59,9675.9081278680000000,14732.4042472760000000,9338.6856992400000000
1636243199999,2021-11-06 23:59,9700.4096486212000000,14803.4964065534000000,9383.7486791520000000
1636257599999,2021-11-07 03:59,9755.3892983368000000,14963.0220969776000000,9484.8667638480000000
1636271999999,2021-11-07 07:59,9724.4173377004000000,14873.1556931378000000,9427.9034082240000000
1636286399999,2021-11-07 11:59,9736.9938609880000000,14909.6469871160000000,9451.0340384400000000
1636300799999,2021-11-07 15:59,9739.2024090292000000,14916.0551791094000000,9455.0959804320000000
1636315199999,2021-11-07 19:59,9766.3888801444000000,14994.9378310958000000,9505.0970972640000000
1636329599999,2021-11-07 23:59,9850.0514354428000000,15237.6881389946000000,9658.9685278080000000
1636343999999,2021-11-08 03:59,10009.9367021308000000,15701.6017450106000000,9953.0280938880000000
1636358399999,2021-11-08 07:59,10071.5121170788000000,15880.2653165966000000,10066.2770515680000000
1636372799999,2021-11-08 11:59,10079.4233834932000000,15903.2201779574000000,10080.8273826720000000
1636387199999,2021-11-08 15:59,10107.8249295172000000,15985.6284192254000000,10133.0632545120000000
1636401599999,2021-11-08 19:59,10062.6414062692000000,15854.5265882894000000,10049.9621188320000000
1636415999999,2021-11-08 23:59,10202.9742585436000000,16261.7080684202000000,10308.0610575360000000
1636430399999,2021-11-09 03:59,10282.9973989000000000,16493.8984658000000000,10455.2389083600000000
1636444799999,2021-11-09 07:59,10230.0918422152000000,16340.3908406864000000,10357.9354771920000000
1636459199999,2021-11-09 11:59,10208.7134955616000000,16278.3606981212000000,10318.6166114160000000
1636473599999,2021-11-09 15:59,10140.3339931120000000,16079.9547898340000000,10192.8536362800000000
1636487999999,2021-11-09 19:59,10142.7500334532000000,16086.9650291774000000,10197.2971962720000000
1636502399999,2021-11-09 23:59,10154.9879293072000000,16122.4737818804000000,10219.8050259120000000
1636516799999,2021-11-10 03:59,10116.7736574316000000,16011.5935173362000000,10149.5216756160000000
1636531199999,2021-11-10 07:59,10111.7274446956000000,15996.9517257842000000,10140.2407258560000000
1636545599999,2021-11-10 11:59,10121.7177839560000000,16025.9391015920000000,10158.6148693200000000
1636559999999,2021-11-10 15:59,10271.2641243196000000,16459.8538922522000000,10433.6591736960000000
1636574399999,2021-11-10 19:59,10130.3652330508000000,16051.0300269506000000,10174.5191810880000000
1636588799999,2021-11-10 23:59,9983.5802002156000000,15625.1272824242000000,9904.5534490560000000
1636603199999,2021-11-11 03:59,9972.2718698656000000,15592.3157018492000000,9883.7552680560000000
1636617599999,2021-11-11 07:59,10012.2946446280000000,15708.4434110960000000,9957.3648008400000000
1636631999999,2021-11-11 11:59,10014.5753999896000000,15715.0611155672000000,9961.5595458960000000
1636646399999,2021-11-11 15:59,9976.7055653320000000,15605.1802496240000000,9891.9096814800000000
1636660799999,2021-11-11 19:59,10003.2969485308000000,15682.3362298106000000,9940.8163178880000000
1636675199999,2021-11-11 23:59,9974.6024233792000000,15599.0778976844000000,9888.0416014320000000
1636689599999,2021-11-12 03:59,9978.9489720796000000,15611.6895855722000000,9896.0357352960000000
1636703999999,2021-11-12 07:59,9950.8536846904000000,15530.1699661928000000,9844.3631316240000000
1636718399999,2021-11-12 11:59,9889.8567582748000000,15353.1849026186000000,9732.1781249280000000
1636732799999,2021-11-12 15:59,9840.2868478048000000,15209.3557907036000000,9641.0095847280000000
1636747199999,2021-11-12 19:59,9897.4775354692000000,15375.2968976894000000,9746.1941908320000000
1636761599999,2021-11-12 23:59,9920.4859416316000000,15442.0567242362000000,9788.5110476160000000
1636775999999,2021-11-13 03:59,9891.5789443648000000,15358.1818956236000000,9735.3455543280000000
1636790399999,2021-11-13 07:59,9912.8303057308000000,15419.8435852106000000,9774.4308698880000000
1636804799999,2021-11-13 11:59,9873.3436910716000000,15305.2715663162000000,9701.8074380160000000
1636819199999,2021-11-13 15:59,9967.5252760108000000,15578.5432666706000000,9875.0253746880000000
1636833599999,2021-11-13 19:59,9905.4983578180000000,15398.5696400510000000,9760.9460162400000000
1636847999999,2021-11-13 23:59,9941.8800577000000000,15504.1326224000000000,9827.8589163600000000
1636862399999,2021-11-14 03:59,9963.2774936452000000,15566.2181533214000000,9867.2128909920000000
1636876799999,2021-11-14 07:59,9962.4284351536000000,15563.7545755652000000,9865.6513101360000000
1636891199999,2021-11-14 11:59,9947.2806672844000000,15519.8027108258000000,9837.7916696640000000
1636905599999,2021-11-14 15:59,9916.1850412372000000,15429.5774867654000000,9780.6008697120000000
1636919999999,2021-11-14 19:59,9924.4507045000000000,15453.5606450000000000,9795.8030043600000000
1636934399999,2021-11-14 23:59,10036.4218492720000000,15778.4494769540000000,10001.7393418800000000
1636948799999,2021-11-15 03:59,10052.4859031380000000,15825.0599827910000000,10031.2842074400000000
1636963199999,2021-11-15 07:59,10041.4522925932000000,15793.0455129074000000,10010.9912886720000000
1636977599999,2021-11-15 11:59,10054.1798702752000000,15829.9750973564000000,10034.3997367920000000
1636991999999,2021-11-15 15:59,9934.2576205672000000,15482.0158109504000000,9813.8397975120000000
1637006399999,2021-11-15 19:59,9932.4101091280000000,15476.6551813460000000,9810.4418708400000000
1637020799999,2021-11-15 23:59,9877.7018593408000000,15317.9169688556000000,9709.8229424880000000
1637035199999,2021-11-16 03:59,9653.6657832772000000,14667.8671795454000000,9297.7777761120000000
1637049599999,2021-11-16 07:59,9645.1884778684000000,14643.2699330138000000,9282.1863911040000000
1637063999999,2021-11-16 11:59,9626.0344486708000000,14587.6937380406000000,9246.9584702880000000
1637078399999,2021-11-16 15:59,9633.8901071488000000,14610.4872507116000000,9261.4065277680000000
1637092799999,2021-11-16 19:59,9595.3239283324000000,14498.5859138618000000,9190.4759533440000000
1637107199999,2021-11-16 23:59,9583.2395767804000000,14463.5226761978000000,9168.2505210240000000
1637121599999,2021-11-17 03:59,9575.34998627,14218.1570746106000000,9012.7213418880000000
1637135999999,2021-11-17 07:59,9575.34998627,14374.2101559200000000,8999.08793774
1637150399999,2021-11-17 11:59,9575.34998627,14633.0495772002000000,8999.08793774
1637164799999,2021-11-17 15:59,9575.34998627,14368.5485026406000000,8999.08793774
1637179199999,2021-11-17 19:59,9575.34998627,14500.5172817606000000,8999.08793774
1637193599999,2021-11-17 23:59,9575.34998627,14532.3968930378000000,8999.08793774
1637207999999,2021-11-18 03:59,9575.34998627,14410.8170429894000000,8999.08793774
1637222399999,2021-11-18 07:59,9575.34998627,14385.3359909480000000,8999.08793774
1637236799999,2021-11-18 11:59,9575.34998627,14259.9391607006000000,8999.08793774
1637251199999,2021-11-18 15:59,9575.34998627,13991.7993119576000000,8999.08793774
1637265599999,2021-11-18 19:59,9575.34998627,13950.3688215200000000,8999.08793774
1637279999999,2021-11-18 23:59,9575.34998627,13700.7888884828000000,8999.08793774
1637294399999,2021-11-19 03:59,9575.34998627,13461.9880112000000000,8999.08793774
1637308799999,2021-11-19 07:59,9575.34998627,13483.1391387002000000,8999.08793774
1637323199999,2021-11-19 11:59,9575.34998627,13724.3819200346000000,8999.08793774
1637337599999,2021-11-19 15:59,9575.34998627,13940.7312475412000000,8999.08793774
1637351999999,2021-11-19 19:59,9575.34998627,13975.6668511670000000,8999.08793774
1637366399999,2021-11-19 23:59,9575.34998627,13980.2881666256000000,8999.08793774
1637380799999,2021-11-20 03:59,9575.34998627,14091.2719833140000000,8999.08793774
1637395199999,2021-11-20 07:59,9575.34998627,14059.2334315364000000,8999.08793774
1637409599999,2021-11-20 11:59,9575.34998627,14118.3809713898000000,8999.08793774
1637423999999,2021-11-20 15:59,9575.34998627,13868.5794849278000000,8999.08793774
1637438399999,2021-11-20 19:59,9575.34998627,14312.0885021576000000,8999.08793774
1637452799999,2021-11-20 23:59,9575.34998627,14378.9085334394000000,8999.08793774
1637467199999,2021-11-21 03:59,9575.34998627,14130.1810994498000000,8999.08793774
1637481599999,2021-11-21 07:59,9575.34998627,14204.3701902956000000,8999.08793774
1637495999999,2021-11-21 11:59,9575.34998627,14134.5736369154000000,8999.08793774
1637510399999,2021-11-21 15:59,9575.34998627,14256.5123071844000000,8999.08793774
1637524799999,2021-11-21 19:59,9575.34998627,14284.1751788222000000,8999.08793774
1637539199999,2021-11-21 23:59,9575.34998627,14117.5019822588000000,8999.08793774
1637553599999,2021-11-22 03:59,9575.34998627,13819.2164186066000000,8999.08793774
1637567999999,2021-11-22 07:59,9575.34998627,13789.3909928876000000,8999.08793774
1637582399999,2021-11-22 11:59,9575.34998627,13770.3590720594000000,8999.08793774
1637596799999,2021-11-22 15:59,9575.34998627,14014.6169065226000000,8999.08793774
1637611199999,2021-11-22 19:59,9575.34998627,13484.3913971882000000,8999.08793774
1637625599999,2021-11-22 23:59,9575.34998627,13545.5955307892000000,8999.08793774
1637639999999,2021-11-23 03:59,9575.34998627,13714.3229129108000000,8999.08793774
1637654399999,2021-11-23 07:59,9575.34998627,13487.6930248556000000,8999.08793774
1637668799999,2021-11-23 11:59,9575.34998627,13522.0747449194000000,8999.08793774
1637683199999,2021-11-23 15:59,9575.34998627,13698.7298865458000000,8999.08793774
1637697599999,2021-11-23 19:59,9575.34998627,13914.2941443080000000,8999.08793774
1637711999999,2021-11-23 23:59,9575.34998627,13857.2369128538000000,8999.08793774
1637726399999,2021-11-24 03:59,9575.34998627,13582.3950730106000000,8999.08793774
1637740799999,2021-11-24 07:59,9575.34998627,13605.8701032818000000,8999.08793774
1637755199999,2021-11-24 11:59,9575.34998627,13633.8436313522000000,8999.08793774
1637769599999,2021-11-24 15:59,9575.34998627,13661.2729086182000000,8999.08793774
1637783999999,2021-11-24 19:59,9575.34998627,13684.7768371622000000,8999.08793774
1637798399999,2021-11-24 23:59,9575.34998627,13760.1916964126000000,8999.08793774
1637812799999,2021-11-25 03:59,9575.34998627,13907.5006420106000000,8999.08793774
1637827199999,2021-11-25 07:59,9575.34998627,13883.1538471766000000,8999.08793774
1637841599999,2021-11-25 11:59,9575.34998627,13970.1135664106000000,8999.08793774
1637855999999,2021-11-25 15:59,9575.34998627,14220.2064437900000000,8999.08793774
1637870399999,2021-11-25 19:59,9575.34998627,14173.3262207402000000,8999.08793774
1637884799999,2021-11-25 23:59,9575.34998627,14198.9806624184000000,8999.08793774
1637899199999,2021-11-26 03:59,9575.34998627,13943.8450364354000000,8999.08793774
1637913599999,2021-11-26 07:59,9575.34998627,13716.7407350684000000,8999.08793774
1637927999999,2021-11-26 11:59,9575.34998627,12936.8341487420000000,8999.08793774
1637942399999,2021-11-26 15:59,9575.34998627,13086.6837341570000000,8999.08793774
1637956799999,2021-11-26 19:59,9575.34998627,13083.1220220344000000,8999.08793774
1637971199999,2021-11-26 23:59,9575.34998627,12938.5752696782000000,8999.08793774
1637985599999,2021-11-27 03:59,9575.34998627,13088.0130547058000000,8999.08793774
1637999999999,2021-11-27 07:59,9575.34998627,13099.4495461664000000,8999.08793774
1638014399999,2021-11-27 11:59,9575.34998627,13150.3032817262000000,8999.08793774
1638028799999,2021-11-27 15:59,9575.34998627,13220.7404134868000000,8999.08793774
1638043199999,2021-11-27 19:59,9575.34998627,13229.8168793354000000,8999.08793774
1638057599999,2021-11-27 23:59,9575.34998627,13178.0697055082000000,8999.08793774
1638071999999,2021-11-28 03:59,9575.34998627,13037.4988738514000000,8999.08793774
1638086399999,2021-11-28 07:59,9575.34998627,13128.6006788534000000,8999.08793774
1638100799999,2021-11-28 11:59,9575.34998627,13123.1774363246000000,8999.08793774
1638115199999,2021-11-28 15:59,9575.34998627,13075.7481460916000000,8999.08793774
1638129599999,2021-11-28 19:59,9575.34998627,13153.2220072790000000,8999.08793774
1638143999999,2021-11-28 23:59,9575.34998627,13793.0851554272000000,8999.08793774
1638158399999,2021-11-29 03:59,9575.34998627,13813.3476610388000000,8999.08793774
1638172799999,2021-11-29 07:59,9575.34998627,13850.9419057622000000,8999.08793774
1638187199999,2021-11-29 11:59,9575.34998627,13698.7828667126000000,8999.08793774
1638201599999,2021-11-29 15:59,9575.34998627,13757.2151743142000000,8999.08793774
1638215999999,2021-11-29 19:59,9575.34998627,13938.9708610898000000,8999.08793774
1638230399999,2021-11-29 23:59,9575.34998627,13913.8245473750000000,8999.08793774
1638244799999,2021-11-30 03:59,9575.34998627,13749.2657411048000000,8999.08793774
1638259199999,2021-11-30 07:59,9575.34998627,13608.9068301152000000,8999.08793774
1638273599999,2021-11-30 11:59,9575.34998627,13871.9702156030000000,8999.08793774
1638287999999,2021-11-30 15:59,9575.34998627,13784.4060408296000000,8999.08793774
1638302399999,2021-11-30 19:59,9575.34998627,13878.6023692106000000,8999.08793774
1638316799999,2021-11-30 23:59,9575.34998627,13714.9827568064000000,8999.08793774
1638331199999,2021-12-01 03:59,9575.34998627,13814.0677096694000000,8999.08793774
1638345599999,2021-12-01 07:59,9575.34998627,13766.3518448978000000,8999.08793774
1638359999999,2021-12-01 11:59,9575.34998627,13764.9213803942000000,8999.08793774
1638374399999,2021-12-01 15:59,9575.34998627,14115.6886156406000000,8999.08793774
1638388799999,2021-12-01 19:59,9575.34998627,13829.9352696260000000,8999.08793774
1638403199999,2021-12-01 23:59,9575.34998627,13771.2163874858000000,8999.08793774
1638417599999,2021-12-02 03:59,9575.34998627,13558.3444854728000000,8999.08793774
1638431999999,2021-12-02 07:59,9575.34998627,13681.2367987442000000,8999.08793774
1638446399999,2021-12-02 11:59,9575.34998627,13561.7352161480000000,8999.08793774
1638460799999,2021-12-02 15:59,9575.34998627,13611.4908173414000000,8999.08793774
1638475199999,2021-12-02 19:59,9575.34998627,13634.4818015432000000,8999.08793774
1638489599999,2021-12-02 23:59,9575.34998627,13601.7448748396000000,8999.08793774
1638503999999,2021-12-03 03:59,9575.34998627,13563.8568310094000000,8999.08793774
1638518399999,2021-12-03 07:59,9575.34998627,13662.7563532886000000,8999.08793774
1638532799999,2021-12-03 11:59,9575.34998627,13717.2006992438000000,8999.08793774
1638547199999,2021-12-03 15:59,9575.34998627,13480.1264937608000000,8999.08793774
1638561599999,2021-12-03 19:59,9575.34998627,12965.5758892310000000,8999.08793774
1638575999999,2021-12-03 23:59,9575.34998627,12908.3573090870000000,8999.08793774
1638590399999,2021-12-04 03:59,9575.34998627,12522.7941452000000000,8999.08793774
1638604799999,2021-12-04 07:59,9575.34998627,11377.1558346956000000,8999.08793774
1638619199999,2021-12-04 11:59,9575.34998627,11195.8023155498000000,8999.08793774
1638633599999,2021-12-04 15:59,9575.34998627,11608.5804278462000000,8999.08793774
1638647999999,2021-12-04 19:59,9575.34998627,11860.5420602000000000,8999.08793774
1638662399999,2021-12-04 23:59,9575.34998627,11837.0549889818000000,8999.08793774
1638676799999,2021-12-05 03:59,9575.34998627,11841.4667919626000000,8999.08793774
1638691199999,2021-12-05 07:59,9575.34998627,11869.9773462692000000,8999.08793774
1638705599999,2021-12-05 11:59,9575.34998627,11858.7551836652000000,8999.08793774
1638719999999,2021-12-05 15:59,9575.34998627,11547.8555239358000000,8999.08793774
1638734399999,2021-12-05 19:59,9575.34998627,11776.8454376030000000,8999.08793774
1638748799999,2021-12-05 23:59,9575.34998627,11895.7810956902000000,8999.08793774
1638763199999,2021-12-06 03:59,9575.34998627,11804.7852510218000000,8999.08793774
1638777599999,2021-12-06 07:59,9575.34998627,11658.8947289804000000,8999.08793774
1638791999999,2021-12-06 11:59,9575.34998627,11698.6587523532000000,8999.08793774
1638806399999,2021-12-06 15:59,9575.34998627,11786.5335835592000000,8999.08793774
1638820799999,2021-12-06 19:59,9575.34998627,11825.1416760200000000,8999.08793774
1638835199999,2021-12-06 23:59,9575.34998627,12147.5789711648000000,8999.08793774
1638849599999,2021-12-07 03:59,9575.34998627,12268.7373880682000000,8999.08793774
1638863999999,2021-12-07 07:59,9575.34998627,12259.6440648938000000,8999.08793774
1638878399999,2021-12-07 11:59,9575.34998627,12391.8368056280000000,8999.08793774
1638892799999,2021-12-07 15:59,9575.34998627,12458.7724300010000000,8999.08793774
1638907199999,2021-12-07 19:59,9575.34998627,12254.1558012512000000,8999.08793774
1638921599999,2021-12-07 23:59,9575.34998627,12182.9865799130000000,8999.08793774
1638935999999,2021-12-08 03:59,9575.34998627,12067.8654938354000000,8999.08793774
1638950399999,2021-12-08 07:59,9575.34998627,12156.9733180142000000,8999.08793774
1638964799999,2021-12-08 11:59,9575.34998627,11845.2524656994000000,8999.08793774
1638979199999,2021-12-08 15:59,9575.34998627,12195.3044686940000000,8999.08793774
1638993599999,2021-12-08 19:59,9575.34998627,12143.0732487974000000,8999.08793774
1639007999999,2021-12-08 23:59,9575.34998627,12154.6277415386000000,8999.08793774
1639022399999,2021-12-09 03:59,9575.34998627,11923.9617280490000000,8999.08793774
1639036799999,2021-12-09 07:59,9575.34998627,12045.2236970966000000,8999.08793774
1639051199999,2021-12-09 11:59,9575.34998627,11838.9959896382000000,8999.08793774
1639065599999,2021-12-09 15:59,9575.34998627,11671.2800470646000000,8999.08793774
1639079999999,2021-12-09 19:59,9575.34998627,11466.4490894582000000,8999.08793774
1639094399999,2021-12-09 23:59,9575.34998627,11450.0878506746000000,8999.08793774
1639108799999,2021-12-10 03:59,9575.34998627,11649.4594429112000000,8999.08793774
1639123199999,2021-12-10 07:59,9575.34998627,11485.9770973028000000,8999.08793774
1639137599999,2021-12-10 11:59,9575.34998627,11730.7406515400000000,8999.08793774
1639151999999,2021-12-10 15:59,9575.34998627,11554.5141676268000000,8999.08793774
1639166399999,2021-12-10 19:59,9575.34998627,11583.3209292296000000,8999.08793774
1639180799999,2021-12-10 23:59,9575.34998627,11352.5441390276000000,8999.08793774
1639195199999,2021-12-11 03:59,9575.34998627,11631.0392021906000000,8999.08793774
1639209599999,2021-12-11 07:59,9575.34998627,11564.7586053344000000,8999.08793774
1639223999999,2021-12-11 11:59,9575.34998627,11617.4208911336000000,8999.08793774
1639238399999,2021-12-11 15:59,9575.34998627,11739.4149497588000000,8999.08793774
1639252799999,2021-12-11 19:59,9575.34998627,11657.5918985150000000,8999.08793774
1639267199999,2021-12-11 23:59,9575.34998627,11894.2543036106000000,8999.08793774
1639281599999,2021-12-12 03:59,9575.34998627,11873.9556751580000000,8999.08793774
1639295999999,2021-12-12 07:59,9575.34998627,11872.8743981174000000,8999.08793774
1639310399999,2021-12-12 11:59,9575.34998627,11830.2783440102000000,8999.08793774
1639324799999,2021-12-12 15:59,9575.34998627,11950.4301377444000000,8999.08793774
1639339199999,2021-12-12 19:59,9575.34998627,12094.3892918870000000,8999.08793774
1639353599999,2021-12-12 23:59,9575.34998627,12054.1364060660000000,8999.08793774
1639367999999,2021-12-13 03:59,9575.34998627,11769.7990754186000000,8999.08793774
1639382399999,2021-12-13 07:59,9575.34998627,11737.7268089894000000,8999.08793774
1639396799999,2021-12-13 11:59,9575.34998627,11763.5546403044000000,8999.08793774
1639411199999,2021-12-13 15:59,9575.34998627,11379.3906344588000000,8999.08793774
1639425599999,2021-12-13 19:59,9575.34998627,11255.9323966784000000,8999.08793774
1639439999999,2021-12-13 23:59,9575.34998627,11247.1160152850000000,8999.08793774
1639454399999,2021-12-14 03:59,9575.34998627,11307.1401360800000000,8999.08793774
1639468799999,2021-12-14 07:59,9575.34998627,11318.6994452000000000,8999.08793774
1639483199999,2021-12-14 11:59,9575.34998627,11468.4888258800000000,8999.08793774
1639497599999,2021-12-14 15:59,9575.34998627,11283.5061653084000000,8999.08793774
1639511999999,2021-12-14 19:59,9575.34998627,11284.8403022360000000,8999.08793774
1639526399999,2021-12-14 23:59,9575.34998627,11642.1867109232000000,8999.08793774
1639540799999,2021-12-15 03:59,9575.34998627,11622.7116832454000000,8999.08793774
1639555199999,2021-12-15 07:59,9575.34998627,11609.9723613194000000,8999.08793774
1639569599999,2021-12-15 11:59,9575.34998627,11591.4365275076000000,8999.08793774
1639583999999,2021-12-15 15:59,9575.34998627,11230.1527291514000000,8999.08793774
1639598399999,2021-12-15 19:59,9575.34998627,11722.0470878060000000,8999.08793774
1639612799999,2021-12-15 23:59,9575.34998627,11767.8219519212000000,8999.08793774
1639627199999,2021-12-16 03:59,9575.34998627,11756.8935884240000000,8999.08793774
1639641599999,2021-12-16 07:59,9575.34998627,11731.0368588362000000,8999.08793774
1639655999999,2021-12-16 11:59,9575.34998627,11850.3770927426000000,8999.08793774
1639670399999,2021-12-16 15:59,9575.34998627,11700.5925284414000000,8999.08793774
1639684799999,2021-12-16 19:59,9575.34998627,11527.2510554294000000,8999.08793774
1639699199999,2021-12-16 23:59,9575.34998627,11470.9885264772000000,8999.08793774
1639713599999,2021-12-17 03:59,9575.34998627,11503.1836105658000000,8999.08793774
1639727999999,2021-12-17 07:59,9575.34998627,11320.4453825150000000,8999.08793774
1639742399999,2021-12-17 11:59,9575.34998627,11345.7747186242000000,8999.08793774
1639756799999,2021-12-17 15:59,9575.34998627,11205.2327852402000000,8999.08793774
1639771199999,2021-12-17 19:59,9575.34998627,11262.2659348004000000,8999.08793774
1639785599999,2021-12-17 23:59,9575.34998627,11109.4759501280000000,8999.08793774
1639799999999,2021-12-18 03:59,9575.34998627,11146.0443061670000000,8999.08793774
1639814399999,2021-12-18 07:59,9575.34998627,11165.5578648752000000,8999.08793774
1639828799999,2021-12-18 11:59,9575.34998627,11335.6627313336000000,8999.08793774
1639843199999,2021-12-18 15:59,9575.34998627,11284.6356061370000000,8999.08793774
1639857599999,2021-12-18 19:59,9575.34998627,11232.8908404992000000,8999.08793774
1639871999999,2021-12-18 23:59,9575.34998627,11278.8390942512000000,8999.08793774
1639886399999,2021-12-19 03:59,9575.34998627,11490.2540416772000000,8999.08793774
1639900799999,2021-12-19 07:59,9575.34998627,11442.7428730046000000,8999.08793774
1639915199999,2021-12-19 11:59,9575.34998627,11355.4773137168000000,8999.08793774
1639929599999,2021-12-19 15:59,9575.34998627,11376.4478270120000000,8999.08793774
1639943999999,2021-12-19 19:59,9575.34998627,11240.1756134342000000,8999.08793774
1639958399999,2021-12-19 23:59,9575.34998627,11241.9335916962000000,8999.08793774
1639972799999,2021-12-20 03:59,9575.34998627,11243.3760971468000000,8999.08793774
1639987199999,2021-12-20 07:59,9575.34998627,11181.2375860586000000,8999.08793774
1640001599999,2021-12-20 11:59,9575.34998627,11100.1803390440000000,8999.08793774
1640015999999,2021-12-20 15:59,9575.34998627,11071.6384782752000000,8999.08793774
1640030399999,2021-12-20 19:59,9575.34998627,11218.8920355170000000,8999.08793774
1640044799999,2021-12-20 23:59,9575.34998627,11298.0275473904000000,8999.08793774
1640059199999,2021-12-21 03:59,9575.34998627,11542.2926064218000000,8999.08793774
1640073599999,2021-12-21 07:59,9575.34998627,11699.1379820438000000,8999.08793774
1640087999999,2021-12-21 11:59,9575.34998627,11768.2891406648000000,8999.08793774
1640102399999,2021-12-21 15:59,9575.34998627,11660.2987034006000000,8999.08793774
1640116799999,2021-12-21 19:59,9575.34998627,11708.7755560226000000,8999.08793774
1640131199999,2021-12-21 23:59,9575.34998627,11773.8183435272000000,8999.08793774
1640145599999,2021-12-22 03:59,9575.34998627,11860.3012412600000000,8999.08793774
1640159999999,2021-12-22 07:59,9575.34998627,11850.0471707948000000,8999.08793774
1640174399999,2021-12-22 11:59,9575.34998627,11796.0001760906000000,8999.08793774
1640188799999,2021-12-22 15:59,9575.34998627,11771.2656627632000000,8999.08793774
1640203199999,2021-12-22 19:59,9575.34998627,11783.9592290906000000,8999.08793774
1640217599999,2021-12-22 23:59,9575.34998627,11701.1584529504000000,8999.08793774
1640231999999,2021-12-23 03:59,9575.34998627,11685.7339998434000000,8999.08793774
1640246399999,2021-12-23 07:59,9575.34998627,11590.7285198240000000,8999.08793774
1640260799999,2021-12-23 11:59,9575.34998627,11644.9537205438000000,8999.08793774
1640275199999,2021-12-23 15:59,9575.34998627,11756.8285673102000000,8999.08793774
1640289599999,2021-12-23 19:59,9575.34998627,12308.4628804106000000,8999.08793774
1640303999999,2021-12-23 23:59,9575.34998627,12243.1576002614000000,8999.08793774
1640318399999,2021-12-24 03:59,9575.34998627,12289.1973652106000000,8999.08793774
1640332799999,2021-12-24 07:59,9575.34998627,12280.7109057650000000,8999.08793774
1640347199999,2021-12-24 11:59,9575.34998627,12280.5013932872000000,8999.08793774
1640361599999,2021-12-24 15:59,9575.34998627,12271.5429287192000000,8999.08793774
1640375999999,2021-12-24 19:59,9575.34998627,12312.4147192160000000,8999.08793774
1640390399999,2021-12-24 23:59,9575.34998627,12238.6277960000000000,8999.08793774
1640404799999,2021-12-25 03:59,9575.34998627,12244.4411652116000000,8999.08793774
1640419199999,2021-12-25 07:59,9575.34998627,12262.5098102798000000,8999.08793774
1640433599999,2021-12-25 11:59,9575.34998627,12205.6283766518000000,8999.08793774
1640447999999,2021-12-25 15:59,9575.34998627,12200.0750918954000000,8999.08793774
1640462399999,2021-12-25 19:59,9575.34998627,12255.2804257010000000,8999.08793774
1640476799999,2021-12-25 23:59,9575.34998627,12137.4019627604000000,8999.08793774
1640491199999,2021-12-26 03:59,9575.34998627,11963.0249683064000000,8999.08793774
1640505599999,2021-12-26 07:59,9575.34998627,12024.3928587866000000,8999.08793774
1640519999999,2021-12-26 11:59,9575.34998627,11980.6842211766000000,8999.08793774
1640534399999,2021-12-26 15:59,9575.34998627,12053.0382716996000000,8999.08793774
1640548799999,2021-12-26 19:59,9575.34998627,12123.6391603394000000,8999.08793774
1640563199999,2021-12-26 23:59,9575.34998627,12227.9089449806000000,8999.08793774
1640577599999,2021-12-27 03:59,9575.34998627,12284.1473920388000000,8999.08793774
1640591999999,2021-12-27 07:59,9575.34998627,12208.4844892802000000,8999.08793774
1640606399999,2021-12-27 11:59,9575.34998627,12224.0462091830000000,8999.08793774
1640620799999,2021-12-27 15:59,9575.34998627,12390.4809949958000000,8999.08793774
1640635199999,2021-12-27 19:59,9575.34998627,12331.2563930816000000,8999.08793774
1640649599999,2021-12-27 23:59,9575.34998627,12210.0763024736000000,8999.08793774
1640663999999,2021-12-28 03:59,9575.34998627,11999.7498566564000000,8999.08793774
1640678399999,2021-12-28 07:59,9575.34998627,11855.0345310422000000,8999.08793774
1640692799999,2021-12-28 11:59,9575.34998627,11848.5950325866000000,8999.08793774
1640707199999,2021-12-28 15:59,9575.34998627,11785.2813250712000000,8999.08793774
1640721599999,2021-12-28 19:59,9575.34998627,11484.7344715724000000,8999.08793774
1640735999999,2021-12-28 23:59,9575.34998627,11449.6423356356000000,8999.08793774
1640750399999,2021-12-29 03:59,9575.34998627,11559.7616123294000000,8999.08793774
1640764799999,2021-12-29 07:59,9575.34998627,11455.9734655682000000,8999.08793774
1640779199999,2021-12-29 11:59,9575.34998627,11496.4117819730000000,8999.08793774
1640793599999,2021-12-29 15:59,9575.34998627,11549.7315034784000000,8999.08793774
1640807999999,2021-12-29 19:59,9575.34998627,11354.4875478734000000,8999.08793774
1640822399999,2021-12-29 23:59,9575.34998627,11189.7794338604000000,8999.08793774
1640836799999,2021-12-30 03:59,9575.34998627,11199.2532509600000000,8999.08793774
1640851199999,2021-12-30 07:59,9575.34998627,11314.0540478474000000,8999.08793774
1640865599999,2021-12-30 11:59,9575.34998627,11442.8295678230000000,8999.08793774
1640879999999,2021-12-30 15:59,9575.34998627,11357.0883924254000000,8999.08793774
1640894399999,2021-12-30 19:59,9575.34998627,11453.1607003490000000,8999.08793774
1640908799999,2021-12-30 23:59,9575.34998627,11347.8072304778000000,8999.08793774
1640923199999,2021-12-31 03:59,9575.34998627,11367.3087482390000000,8999.08793774
1640937599999,2021-12-31 07:59,9575.34998627,11364.7175364446000000,8999.08793774
1640951999999,2021-12-31 11:59,9575.34998627,11553.6809340944000000,8999.08793774
1640966399999,2021-12-31 15:59,9575.34998627,11560.8115829078000000,8999.08793774
1640980799999,2021-12-31 19:59,9575.34998627,11012.4451828232000000,8999.08793774
1640995199999,2021-12-31 23:59,9575.34998627,11130.1213578542000000,8999.08793774
1641009599999,2022-01-01 03:59,9575.34998627,11273.7144672080000000,8999.08793774
1641023999999,2022-01-01 07:59,9575.34998627,11365.5941173862000000,8999.08793774
1641038399999,2022-01-01 11:59,9575.34998627,11260.6307741978000000,8999.08793774
1641052799999,2022-01-01 15:59,9575.34998627,11371.4484258176000000,8999.08793774
1641067199999,2022-01-01 19:59,9575.34998627,11398.1167152332000000,8999.08793774
1641081599999,2022-01-01 23:59,9575.34998627,11492.7272521910000000,8999.08793774
1641095999999,2022-01-02 03:59,9575.34998627,11398.0420613618000000,8999.08793774
1641110399999,2022-01-02 07:59,9575.34998627,11360.4694903430000000,8999.08793774
1641124799999,2022-01-02 11:59,9575.34998627,11375.4123055700000000,8999.08793774
1641139199999,2022-01-02 15:59,9575.34998627,11400.6910697018000000,8999.08793774
1641153599999,2022-01-02 19:59,9575.34998627,11296.4670406592000000,8999.08793774
1641167999999,2022-01-02 23:59,9575.34998627,11387.6170094492000000,8999.08793774
1641182399999,2022-01-03 03:59,9575.34998627,11268.9125375444000000,8999.08793774
1641196799999,2022-01-03 07:59,9575.34998627,11331.0703141478000000,8999.08793774
1641211199999,2022-01-03 11:59,9575.34998627,11409.7290045200000000,8999.08793774
1641225599999,2022-01-03 15:59,9575.34998627,11244.8763991430000000,8999.08793774
1641239999999,2022-01-03 19:59,9575.34998627,11164.5777317894000000,8999.08793774
1641254399999,2022-01-03 23:59,9575.34998627,11185.3098343340000000,8999.08793774
1641268799999,2022-01-04 03:59,9575.34998627,11153.4904277918000000,8999.08793774
1641283199999,2022-01-04 07:59,9575.34998627,11210.3309222000000000,8999.08793774
1641297599999,2022-01-04 11:59,9575.34998627,11254.5862188038000000,8999.08793774
1641311999999,2022-01-04 15:59,9575.34998627,11300.7223113290000000,8999.08793774
1641326399999,2022-01-04 19:59,9575.34998627,11090.4897848984000000,8999.08793774
1641340799999,2022-01-04 23:59,9575.34998627,11037.4253314694000000,8999.08793774
1641355199999,2022-01-05 03:59,9575.34998627,11179.6385482970000000,8999.08793774
1641369599999,2022-01-05 07:59,9575.34998627,11176.0166314394000000,8999.08793774
1641383999999,2022-01-05 11:59,9575.34998627,11143.1400297506000000,8999.08793774
1641398399999,2022-01-05 15:59,9575.34998627,11227.7975199182000000,8999.08793774
1641412799999,2022-01-05 19:59,9575.34998627,10761.4275607142000000,8999.08793774
1641427199999,2022-01-05 23:59,9575.34998627,10464.0643336022000000,8999.08793774
1641441599999,2022-01-06 03:59,9575.34998627,10315.6885601000000000,8999.08793774
1641455999999,2022-01-06 07:59,9575.34998627,10414.4845302350000000,8999.08793774
1641470399999,2022-01-06 11:59,9575.34998627,10326.1256529596000000,8999.08793774
1641484799999,2022-01-06 15:59,9575.34998627,10343.3851463894000000,8999.08793774
1641499199999,2022-01-06 19:59,9575.34998627,10460.9264628140000000,8999.08793774
1641513599999,2022-01-06 23:59,9575.34998627,10375.2454921514000000,8999.08793774
1641527999999,2022-01-07 03:59,9575.34998627,10067.1899041034000000,8999.08793774
1641542399999,2022-01-07 07:59,9575.34998627,10043.9749582874000000,8999.08793774
1641556799999,2022-01-07 11:59,9575.34998627,10176.8853394628000000,8999.08793774
1641571199999,2022-01-07 15:59,9575.34998627,9950.6335371434000000,8999.08793774
1641585599999,2022-01-07 19:59,9575.34998627,10060.5119948972000000,8999.08793774
1641599999999,2022-01-07 23:59,9575.34998627,10010.2049183312000000,8999.08793774
1641614399999,2022-01-08 03:59,9575.34998627,10069.0682918354000000,8999.08793774
1641628799999,2022-01-08 07:59,9575.34998627,10093.7931724052000000,8999.08793774
1641643199999,2022-01-08 11:59,9575.34998627,10100.2085889668000000,8999.08793774
1641657599999,2022-01-08 15:59,9575.34998627,10021.4872856702000000,8999.08793774
1641671999999,2022-01-08 19:59,9575.34998627,9833.1042616658000000,8999.08793774
1641686399999,2022-01-08 23:59,9575.34998627,10037.4800714756000000,8999.08793774
1641700799999,2022-01-09 03:59,9575.34998627,10074.6023110766000000,8999.08793774
1641715199999,2022-01-09 07:59,9575.34998627,10064.3964043994000000,8999.08793774
1641729599999,2022-01-09 11:59,9575.34998627,10080.3169445228000000,8999.08793774
1641743999999,2022-01-09 15:59,9575.34998627,10023.3608570234000000,8999.08793774
1641758399999,2022-01-09 19:59,9575.34998627,10282.0365214244000000,8999.08793774
1641772799999,2022-01-09 23:59,9575.34998627,10082.0026771028000000,8999.08793774
1641787199999,2022-01-10 03:59,9575.34998627,10106.7998033546000000,8999.08793774
1641801599999,2022-01-10 07:59,9575.34998627,10124.8106518772000000,8999.08793774
1641815999999,2022-01-10 11:59,9575.34998627,10009.9303847396000000,8999.08793774
1641830399999,2022-01-10 15:59,9575.34998627,9870.0121724102000000,8999.08793774
1641844799999,2022-01-10 19:59,9575.34998627,9945.3451532210000000,8999.08793774
1641859199999,2022-01-10 23:59,9575.34998627,10071.8569751606000000,8999.08793774
1641873599999,2022-01-11 03:59,9575.34998627,10181.5475941412000000,8999.08793774
1641887999999,2022-01-11 07:59,9575.34998627,10165.4295824870000000,8999.08793774
1641902399999,2022-01-11 11:59,9575.34998627,10068.8467384106000000,8999.08793774
1641916799999,2022-01-11 15:59,9575.34998627,10050.5300498342000000,8999.08793774
1641931199999,2022-01-11 19:59,9575.34998627,10348.6927958270000000,8999.08793774
1641945599999,2022-01-11 23:59,9575.34998627,10290.2315899526000000,8999.08793774
1641959999999,2022-01-12 03:59,9575.34998627,10260.3050202788000000,8999.08793774
1641974399999,2022-01-12 07:59,9575.34998627,10249.8655192298000000,8999.08793774
1641988799999,2022-01-12 11:59,9575.34998627,10339.9920075248000000,8999.08793774
1642003199999,2022-01-12 15:59,9575.34998627,10490.3521290926000000,8999.08793774
1642017599999,2022-01-12 19:59,9575.34998627,10534.3786477034000000,8999.08793774
1642031999999,2022-01-12 23:59,9575.34998627,10572.8013095804000000,8999.08793774
1642046399999,2022-01-13 03:59,9575.34998627,10478.2244872742000000,8999.08793774
1642060799999,2022-01-13 07:59,9575.34998627,10523.9945350106000000,8999.08793774
1642075199999,2022-01-13 11:59,9575.34998627,10500.4713409514000000,8999.08793774
1642089599999,2022-01-13 15:59,9575.34998627,10403.5874732000000000,8999.08793774
1642103999999,2022-01-13 19:59,9575.34998627,10283.3393518898000000,8999.08793774
1642118399999,2022-01-13 23:59,9575.34998627,10249.4898416834000000,8999.08793774
1642132799999,2022-01-14 03:59,9575.34998627,10264.8444572978000000,8999.08793774
1642147199999,2022-01-14 07:59,9575.34998627,10273.5476537894000000,8999.08793774
1642161599999,2022-01-14 11:59,9575.34998627,10117.7209422836000000,8999.08793774
1642175999999,2022-01-14 15:59,9575.34998627,10381.6729496600000000,8999.08793774
1642190399999,2022-01-14 19:59,9575.34998627,10374.1907051942000000,8999.08793774
1642204799999,2022-01-14 23:59,9575.34998627,10369.8631888424000000,8999.08793774
1642219199999,2022-01-15 03:59,9575.34998627,10338.0750887624000000,8999.08793774
1642233599999,2022-01-15 07:59,9575.34998627,10376.6446501928000000,8999.08793774
1642247999999,2022-01-15 11:59,9575.34998627,10359.6596903546000000,8999.08793774
1642262399999,2022-01-15 15:59,9575.34998627,10452.0426521174000000,8999.08793774
1642276799999,2022-01-15 19:59,9575.34998627,10482.6579639596000000,8999.08793774
1642291199999,2022-01-15 23:59,9575.34998627,10375.7223136526000000,8999.08793774
1642305599999,2022-01-16 03:59,9575.34998627,10349.9378297468000000,8999.08793774
1642319999999,2022-01-16 07:59,9575.34998627,10404.1196830574000000,8999.08793774
1642334399999,2022-01-16 11:59,9575.34998627,10347.7873166126000000,8999.08793774
1642348799999,2022-01-16 15:59,9575.34998627,10408.2906670982000000,8999.08793774
1642363199999,2022-01-16 19:59,9575.34998627,10313.2297987226000000,8999.08793774
1642377599999,2022-01-16 23:59,9575.34998627,10372.6807704404000000,8999.08793774
1642391999999,2022-01-17 03:59,9575.34998627,10270.5109269560000000,8999.08793774
1642406399999,2022-01-17 07:59,9575.34998627,10272.5891944082000000,8999.08793774
1642420799999,2022-01-17 11:59,9575.34998627,10276.2689078114000000,8999.08793774
1642435199999,2022-01-17 15:59,9575.34998627,10229.6343200804000000,8999.08793774
1642449599999,2022-01-17 19:59,9575.34998627,10171.9943067914000000,8999.08793774
1642463999999,2022-01-17 23:59,9575.34998627,10163.1586598828000000,8999.08793774
1642478399999,2022-01-18 03:59,9575.34998627,10124.3675450276000000,8999.08793774
1642492799999,2022-01-18 07:59,9575.34998627,10129.5210703436000000,8999.08793774
1642507199999,2022-01-18 11:59,9575.34998627,10079.4788946116000000,8999.08793774
1642521599999,2022-01-18 15:59,9575.34998627,10015.2115440938000000,8999.08793774
1642535999999,2022-01-18 19:59,9575.34998627,10042.2651438134000000,8999.08793774
1642550399999,2022-01-18 23:59,9575.34998627,10199.4019103528000000,8999.08793774
1642564799999,2022-01-19 03:59,9575.34998627,10043.9027126054000000,8999.08793774
1642579199999,2022-01-19 07:59,9575.34998627,9942.9249228740000000,8999.08793774
1642593599999,2022-01-19 11:59,9575.34998627,10122.5517702200000000,8999.08793774
1642607999999,2022-01-19 15:59,9575.34998627,10110.0942064538000000,8999.08793774
1642622399999,2022-01-19 19:59,9575.34998627,10084.2109867826000000,8999.08793774
1642636799999,2022-01-19 23:59,9575.34998627,10032.7287137894000000,8999.08793774
1642651199999,2022-01-20 03:59,9575.34998627,10096.5361001318000000,8999.08793774
1642665599999,2022-01-20 07:59,9575.34998627,10128.6468975914000000,8999.08793774
1642679999999,2022-01-20 11:59,9575.34998627,10145.7763487936000000,8999.08793774
1642694399999,2022-01-20 15:59,9575.34998627,10429.7620837886000000,8999.08793774
1642708799999,2022-01-20 19:59,9575.34998627,10335.5127752408000000,8999.08793774
1642723199999,2022-01-20 23:59,9575.34998627,9796.9428896354000000,8999.08793774
1642737599999,2022-01-21 03:59,9575.34998627,9263.4663246110000000,8999.08793774
1642751999999,2022-01-21 07:59,9575.34998627,9424.5501135770000000,8999.08793774
1642766399999,2022-01-21 11:59,9575.34998627,9367.6277407292000000,8999.08793774
1642780799999,2022-01-21 15:59,9575.34998627,9357.7734297044000000,8999.08793774
1642795199999,2022-01-21 19:59,9575.34998627,9147.5047804328000000,8999.08793774
1642809599999,2022-01-21 23:59,9575.34998627,8776.9301873714000000,8999.08793774
1642823999999,2022-01-22 03:59,9575.34998627,8751.9644878616000000,8999.08793774
1642838399999,2022-01-22 07:59,9575.34998627,8525.2045575788000000,8999.08793774
1642852799999,2022-01-22 11:59,9575.34998627,8526.8276772344000000,8999.08793774
1642867199999,2022-01-22 15:59,9575.34998627,8390.0232537992000000,8999.08793774
1642881599999,2022-01-22 19:59,9575.34998627,8315.3549332628000000,8999.08793774
1642895999999,2022-01-22 23:59,9575.34998627,8446.0714538948000000,8999.08793774
1642910399999,2022-01-23 03:59,9575.34998627,8441.1539311400000000,8999.08793774
1642924799999,2022-01-23 07:59,9575.34998627,8566.4255355386000000,8999.08793774
1642939199999,2022-01-23 11:59,9575.34998627,8594.1437955326000000,8999.08793774
1642953599999,2022-01-23 15:59,9575.34998627,8498.1268759652000000,8999.08793774
1642967999999,2022-01-23 19:59,9575.34998627,8374.7962722230000000,8999.08793774
1642982399999,2022-01-23 23:59,9575.34998627,8728.5833769770000000,8999.08793774
1642996799999,2022-01-24 03:59,9575.34998627,8510.3315798444000000,8999.08793774
1643011199999,2022-01-24 07:59,9575.34998627,8402.0955072614000000,8999.08793774
1643025599999,2022-01-24 11:59,9575.34998627,8115.1115764634000000,8999.08793774
1643039999999,2022-01-24 15:59,9575.34998627,8244.3928162130000000,8999.08793774
1643054399999,2022-01-24 19:59,9575.34998627,8685.6814828160000000,8999.08793774
1643068799999,2022-01-24 23:59,9575.34998627,8828.7158922290000000,8999.08793774
1643083199999,2022-01-25 03:59,9575.34998627,8771.9163370406000000,8999.08793774
1643097599999,2022-01-25 07:59,9575.34998627,8680.2895467494000000,8999.08793774
1643111999999,2022-01-25 11:59,9575.34998627,8767.4635948400000000,8999.08793774
1643126399999,2022-01-25 15:59,9575.34998627,8797.3251434000000000,8999.08793774
1643140799999,2022-01-25 19:59,9575.34998627,8926.6762206422000000,8999.08793774
1643155199999,2022-01-25 23:59,9575.34998627,8900.4727117808000000,8999.08793774
1643169599999,2022-01-26 03:59,9575.34998627,9004.3716352544000000,8999.08793774
1643183999999,2022-01-26 07:59,9575.34998627,8992.0489300946000000,8999.08793774
1643198399999,2022-01-26 11:59,9575.34998627,9168.8533794638000000,8999.08793774
1643212799999,2022-01-26 15:59,9575.34998627,9147.7167011000000000,8999.08793774
1643227199999,2022-01-26 19:59,9575.34998627,9050.1609485060000000,8999.08793774
1643241599999,2022-01-26 23:59,9575.34998627,8864.5955060996000000,8999.08793774
1643255999999,2022-01-27 03:59,9575.34998627,8608.4508487580000000,8999.08793774
1643270399999,2022-01-27 07:59,9575.34998627,8711.5622942978000000,8999.08793774
1643284799999,2022-01-27 11:59,9575.34998627,8833.4431680212000000,8999.08793774
1643299199999,2022-01-27 15:59,9575.34998627,8823.6779600042000000,8999.08793774
1643313599999,2022-01-27 19:59,9575.34998627,8720.0704274480000000,8999.08793774
1643327999999,2022-01-27 23:59,9575.34998627,8949.0651574940000000,8999.08793774
1643342399999,2022-01-28 03:59,9575.34998627,8995.2373728602000000,8999.08793774
1643356799999,2022-01-28 07:59,9575.34998627,8862.3029097908000000,8999.08793774
1643371199999,2022-01-28 11:59,9575.34998627,8777.6454196232000000,8999.08793774
1643385599999,2022-01-28 15:59,9575.34998627,8956.0200084812000000,8999.08793774
1643399999999,2022-01-28 19:59,9575.34998627,8964.1789541684000000,8999.08793774
1643414399999,2022-01-28 23:59,9575.34998627,9083.0712648464000000,8999.08793774
1643428799999,2022-01-29 03:59,9575.34998627,9088.1694018062000000,8999.08793774
1643443199999,2022-01-29 07:59,9575.34998627,9112.0730897906000000,8999.08793774
1643457599999,2022-01-29 11:59,9575.34998627,9087.7696423658000000,8999.08793774
1643471999999,2022-01-29 15:59,9575.34998627,9047.0110367708000000,8999.08793774
1643486399999,2022-01-29 19:59,9575.34998627,9115.9286010200000000,8999.08793774
1643500799999,2022-01-29 23:59,9575.34998627,9191.5072171496000000,8999.08793774
1643515199999,2022-01-30 03:59,9575.34998627,9131.3723196422000000,8999.08793774
1643529599999,2022-01-30 07:59,9575.34998627,9210.3248091212000000,8999.08793774
1643543999999,2022-01-30 11:59,9575.34998627,9177.8238849788000000,8999.08793774
1643558399999,2022-01-30 15:59,9575.34998627,9146.5342801046000000,8999.08793774
1643572799999,2022-01-30 19:59,9575.34998627,9033.8984454878000000,8999.08793774
1643587199999,2022-01-30 23:59,9575.34998627,9122.8545537344000000,8999.08793774
1643601599999,2022-01-31 03:59,9575.34998627,8916.6942755792000000,8999.08793774
1643615999999,2022-01-31 07:59,9575.34998627,8939.8490166602000000,8999.08793774
1643630399999,2022-01-31 11:59,9575.34998627,8974.3655953304000000,8999.08793774
1643644799999,2022-01-31 15:59,9575.34998627,9084.6004651154000000,8999.08793774
1643659199999,2022-01-31 19:59,9575.34998627,9251.4590922626000000,8999.08793774
1643673599999,2022-01-31 23:59,9575.34998627,9263.7673482860000000,8999.08793774
1643687999999,2022-02-01 03:59,9575.349986270000,9281.117803375603024585178840,8999.08793774000000000000
1643702399999,2022-02-01 07:59,9575.349986270000,9243.594056806489128187563740,8999.08793774000000000000
1643716799999,2022-02-01 11:59,9575.349986270000,9239.816433874090670562401720,8999.08793774000000000000
1643731199999,2022-02-01 15:59,9575.349986270000,9289.175610152475864497284460,8999.08793774000000000000
1643745599999,2022-02-01 19:59,9575.349986270000,9228.522038639542258426573580,8999.08793774000000000000
1643759999999,2022-02-01 23:59,9575.349986270000,9304.627554750561471562396580,8999.08793774000000000000
1643774399999,2022-02-02 03:59,9575.349986270000,9270.549596636015996410393940,8999.08793774000000000000
1643788799999,2022-02-02 07:59,9575.349986270000,9206.063096444378926651262780,8999.08793774000000000000
1643803199999,2022-02-02 11:59,9575.349986270000,9255.431891113425860771060000,8999.08793774000000000000
1643817599999,2022-02-02 15:59,9575.349986270000,9000.491637428671389520310360,8999.08793774000000000000
1643831999999,2022-02-02 19:59,9575.349986270000,9033.381724296491951835374720,8999.08793774000000000000
1643846399999,2022-02-02 23:59,9575.349986270000,8872.225588759035153593262320,8999.08793774000000000000
1643860799999,2022-02-03 03:59,9575.349986270000,8854.063662592004249428495460,8999.08793774000000000000
1643875199999,2022-02-03 07:59,9575.349986270000,8902.956346923295044395025920,8999.08793774000000000000
1643889599999,2022-02-03 11:59,9575.349986270000,8845.447989156750478791350000,8999.08793774000000000000
1643903999999,2022-02-03 15:59,9575.349986270000,8875.517482963015731880243100,8999.08793774000000000000
1643918399999,2022-02-03 19:59,9575.349986270000,8789.348725622150850277645400,8999.08793774000000000000
1643932799999,2022-02-03 23:59,9575.349986270000,8972.076506816225448236707820,8999.08793774000000000000
1643947199999,2022-02-04 03:59,9575.349986270000,8968.712474682281818562868440,8999.08793774000000000000
1643961599999,2022-02-04 07:59,9575.349986270000,9106.180918617537976406845220,8999.08793774000000000000
1643975999999,2022-02-04 11:59,9575.349986270000,9091.919249863842717224900000,8999.08793774000000000000
1643990399999,2022-02-04 15:59,9575.349986270000,9496.100857653823332654949940,8999.08793774000000000000
1644004799999,2022-02-04 19:59,9575.349986270000,9793.559207258800291320158420,8999.08793774000000000000
1644019199999,2022-02-04 23:59,9575.349986270000,9997.069926075229993833183500,8999.08793774000000000000
1644033599999,2022-02-05 03:59,9575.349986270000,9966.675811584131009503426700,8999.08793774000000000000
1644047999999,2022-02-05 07:59,9575.349986270000,9950.358211826488785796011380,8999.08793774000000000000
1644062399999,2022-02-05 11:59,9575.349986270000,9962.383604751329451985340000,8999.08793774000000000000
1644076799999,2022-02-05 15:59,9575.349986270000,10042.18017827879146108209470,8999.08793774000000000000
1644091199999,2022-02-05 19:59,9575.349986270000,9990.012431927178133152183800,8999.08793774000000000000
1644105599999,2022-02-05 23:59,9575.349986270000,9950.983407219501897815452580,8999.08793774000000000000
1644119999999,2022-02-06 03:59,9575.349986270000,9965.759659873600256890322480,8999.08793774000000000000
1644134399999,2022-02-06 07:59,9575.349986270000,10006.22663398520664987176846,8999.08793774000000000000
1644148799999,2022-02-06 11:59,9575.349986270000,9984.505903273331877288644000,8999.08793774000000000000
1644163199999,2022-02-06 15:59,9575.349986270000,9983.902349259307680685260380,8999.08793774000000000000
1644177599999,2022-02-06 19:59,9575.349986270000,10031.62158992986617309222428,8999.08793774000000000000
1644191999999,2022-02-06 23:59,9575.349986270000,10191.02958296455169272612994,8999.08793774000000000000
1644206399999,2022-02-07 03:59,9575.349986270000,10296.37981588259193809442938,8999.08793774000000000000
1644220799999,2022-02-07 07:59,9575.349986270000,10273.51930587730095359893904,8999.08793774000000000000
1644235199999,2022-02-07 11:59,9575.349986270000,10272.58391738544672061600586,8999.08793774000000000000
1644249599999,2022-02-07 15:59,9575.349986270000,10540.83121455071873769593858,8999.08793774000000000000
1644263999999,2022-02-07 19:59,9575.349986270000,10641.15343375033430140019360,8999.08793774000000000000
1644278399999,2022-02-07 23:59,9575.349986270000,10541.88923752351015803653138,8999.08793774000000000000
1644292799999,2022-02-08 03:59,9575.349986270000,10623.30410527980995324514734,8999.08793774000000000000
1644307199999,2022-02-08 07:59,9575.349986270000,10785.95830516283278528769000,8999.08793774000000000000
1644321599999,2022-02-08 11:59,9575.349986270000,10577.55182549957732865319460,8999.08793774000000000000
1644335999999,2022-02-08 15:59,9575.349986270000,10443.13722059942367951956522,8999.08793774000000000000
1644350399999,2022-02-08 19:59,9575.349986270000,10339.58081753979797863781630,8999.08793774000000000000
1644364799999,2022-02-08 23:59,9575.349986270000,10590.70257013184159647751738,8999.08793774000000000000
1644379199999,2022-02-09 03:59,9575.349986270000,10422.45046688368597681474736,8999.08793774000000000000
1644393599999,2022-02-09 07:59,9575.349986270000,10534.13681465014756899546050,8999.08793774000000000000
1644407999999,2022-02-09 11:59,9575.349986270000,10511.94237819818209230529790,8999.08793774000000000000
1644422399999,2022-02-09 15:59,9575.349986270000,10548.53554547077262581243706,8999.08793774000000000000
1644436799999,2022-02-09 19:59,9575.349986270000,10691.80147437739268011361666,8999.08793774000000000000
1644451199999,2022-02-09 23:59,9575.349986270000,10669.98936895423137577380464,8999.08793774000000000000
1644465599999,2022-02-10 03:59,9575.349986270000,10526.36275039779606453833204,8999.08793774000000000000
1644479999999,2022-02-10 07:59,9575.349986270000,10602.58849639208702998558604,8999.08793774000000000000
1644494399999,2022-02-10 11:59,9575.349986270000,10780.93029144440810362364558,8999.08793774000000000000
1644508799999,2022-02-10 15:59,9575.349986270000,10808.10464966148956105328020,8999.08793774000000000000
1644523199999,2022-02-10 19:59,9575.349986270000,10670.28994366241075655238214,8999.08793774000000000000
1644537599999,2022-02-10 23:59,9575.349986270000,10459.03882496094564022942928,8999.08793774000000000000
1644551999999,2022-02-11 03:59,9575.349986270000,10422.55386458329968380257802,8999.08793774000000000000
1644566399999,2022-02-11 07:59,9575.349986270000,10426.29060935538574564185350,8999.08793774000000000000
1644580799999,2022-02-11 11:59,9575.349986270000,10425.87701855693091769053086,8999.08793774000000000000
1644595199999,2022-02-11 15:59,9575.349986270000,10500.77542663990173761958662,8999.08793774000000000000
1644609599999,2022-02-11 19:59,9575.349986270000,10278.01830810932992509268706,8999.08793774000000000000
1644623999999,2022-02-11 23:59,9575.349986270000,10189.31270023143106971889526,8999.08793774000000000000
1644638399999,2022-02-12 03:59,9575.349986270000,10168.80869593826643052745252,8999.08793774000000000000
1644652799999,2022-02-12 07:59,9575.349986270000,10124.43905981565895751695628,8999.08793774000000000000
1644667199999,2022-02-12 11:59,9575.349986270000,10197.18775758573084611762576,8999.08793774000000000000
1644681599999,2022-02-12 15:59,9575.349986270000,10129.24585054886361492796766,8999.08793774000000000000
1644695999999,2022-02-12 19:59,9575.349986270000,10258.74305322320259452406914,8999.08793774000000000000
1644710399999,2022-02-12 23:59,9575.349986270000,10151.83464101796043919962394,8999.08793774000000000000
1644724799999,2022-02-13 03:59,9575.349986270000,10154.75141798613315027494000,8999.08793774000000000000
1644739199999,2022-02-13 07:59,9575.349986270000,10198.61127940366839348496880,8999.08793774000000000000
1644753599999,2022-02-13 11:59,9575.349986270000,10212.63729758615101813650926,8999.08793774000000000000
1644767999999,2022-02-13 15:59,9575.349986270000,10234.09592715249337068071414,8999.08793774000000000000
1644782399999,2022-02-13 19:59,9575.349986270000,10106.93839800662269106505992,8999.08793774000000000000
1644796799999,2022-02-13 23:59,9575.349986270000,10112.34874275385154507945492,8999.08793774000000000000
1644811199999,2022-02-14 03:59,9575.349986270000,10079.35044899108640568410266,8999.08793774000000000000
1644825599999,2022-02-14 07:59,9575.349986270000,10175.05103147773581053695004,8999.08793774000000000000
1644839999999,2022-02-14 11:59,9575.349986270000,10127.78866436360997691342394,8999.08793774000000000000
1644854399999,2022-02-14 15:59,9575.349986270000,10240.10742131608098625226414,8999.08793774000000000000
1644868799999,2022-02-14 19:59,9575.349986270000,10128.13492642743262357034522,8999.08793774000000000000
1644883199999,2022-02-14 23:59,9575.349986270000,10228.31767896245295459334028,8999.08793774000000000000
1644897599999,2022-02-15 03:59,9575.349986270000,10476.42887527737189455480912,8999.08793774000000000000
1644911999999,2022-02-15 07:59,9575.349986270000,10506.20019897312320191135334,8999.08793774000000000000
1644926399999,2022-02-15 11:59,9575.349986270000,10636.53660623269901264124320,8999.08793774000000000000
1644940799999,2022-02-15 15:59,9575.349986270000,10628.20707991963201250530352,8999.08793774000000000000
1644955199999,2022-02-15 19:59,9575.349986270000,10578.91042318054812977236490,8999.08793774000000000000
1644969599999,2022-02-15 23:59,9575.349986270000,10711.38211316703026155326932,8999.08793774000000000000
1644983999999,2022-02-16 03:59,9575.349986270000,10573.45439107767600987962612,8999.08793774000000000000
1644998399999,2022-02-16 07:59,9575.349986270000,10624.65789376544988427186040,8999.08793774000000000000
1645012799999,2022-02-16 11:59,9575.349986270000,10622.00081334514415818923530,8999.08793774000000000000
1645027199999,2022-02-16 15:59,9575.349986270000,10483.85186827056988226255906,8999.08793774000000000000
1645041599999,2022-02-16 19:59,9575.349986270000,10633.26635340770734977032000,8999.08793774000000000000
1645055999999,2022-02-16 23:59,9575.349986270000,10549.96147188637560822600872,8999.08793774000000000000
1645070399999,2022-02-17 03:59,9575.349986270000,10480.10550510782208023836910,8999.08793774000000000000
1645084799999,2022-02-17 07:59,9575.349986270000,10560.99857517072247041537452,8999.08793774000000000000
1645099199999,2022-02-17 11:59,9575.349986270000,10379.35286292609364325919110,8999.08793774000000000000
1645113599999,2022-02-17 15:59,9575.349986270000,10081.51699148764338233608928,8999.08793774000000000000
1645127999999,2022-02-17 19:59,9575.349986270000,9907.467403268123866216116440,8999.08793774000000000000
1645142399999,2022-02-17 23:59,9575.349986270000,9742.531240200603175302613400,8999.08793774000000000000
1645156799999,2022-02-18 03:59,9575.349986270000,9784.919487846892170220726760,8999.08793774000000000000
1645171199999,2022-02-18 07:59,9575.349986270000,9778.626655756448654240428220,8999.08793774000000000000
1645185599999,2022-02-18 11:59,9575.349986270000,9661.554009219412558507606280,8999.08793774000000000000
1645199999999,2022-02-18 15:59,9575.349986270000,9578.136111607805369790549860,8999.08793774000000000000
1645214399999,2022-02-18 19:59,9575.349986270000,9670.657815980749643529161600,8999.08793774000000000000
1645228799999,2022-02-18 23:59,9575.349986270000,9612.379986961265863132327280,8999.08793774000000000000
1645243199999,2022-02-19 03:59,9575.349986270000,9648.612464584041139705173440,8999.08793774000000000000
1645257599999,2022-02-19 07:59,9575.349986270000,9681.937783629305445387618020,8999.08793774000000000000
1645271999999,2022-02-19 11:59,9575.349986270000,9580.663343754177603376829480,8999.08793774000000000000
1645286399999,2022-02-19 15:59,9575.349986270000,9611.295513414154657283219660,8999.08793774000000000000
1645300799999,2022-02-19 19:59,9575.349986270000,9612.432888109905434149356920,8999.08793774000000000000
1645315199999,2022-02-19 23:59,9575.349986270000,9637.563338311367102284664540,8999.08793774000000000000
1645329599999,2022-02-20 03:59,9575.349986270000,9569.133297948416556710596580,8999.08793774000000000000
1645343999999,2022-02-20 07:59,9575.349986270000,9329.166473926326118325463680,8999.08793774000000000000
1645358399999,2022-02-20 11:59,9575.349986270000,9220.322360600408750786979380,8999.08793774000000000000
1645372799999,2022-02-20 15:59,9575.349986270000,9218.170245689844384412364480,8999.08793774000000000000
1645387199999,2022-02-20 19:59,9575.349986270000,9233.122033973519501861923640,8999.08793774000000000000
1645401599999,2022-02-20 23:59,9575.349986270000,9230.638084585125099107759180,8999.08793774000000000000
1645415999999,2022-02-21 03:59,9575.349986270000,9358.649245902225220134573500,8999.08793774000000000000
1645430399999,2022-02-21 07:59,9575.349986270000,9448.778375598061622875708340,8999.08793774000000000000
1645444799999,2022-02-21 11:59,9575.349986270000,9035.971475982165496623598460,8999.08793774000000000000
1645459199999,2022-02-21 15:59,9575.349986270000,9336.692864619137813021044280,8999.08793774000000000000
1645473599999,2022-02-21 19:59,9575.349986270000,9170.119170541455855625851020,8999.08793774000000000000
1645487999999,2022-02-21 23:59,9575.349986270000,8899.108990658598970429233920,8999.08793774000000000000
1645502399999,2022-02-22 03:59,9575.349986270000,8798.813222033303192233493720,8999.08793774000000000000
1645516799999,2022-02-22 07:59,9575.349986270000,8842.240255871060127122370920,8999.08793774000000000000
1645531199999,2022-02-22 11:59,9575.349986270000,9022.060878487623754191031760,8999.08793774000000000000
1645545599999,2022-02-22 15:59,9575.349986270000,9079.872215560013135619513800,8999.08793774000000000000
1645559999999,2022-02-22 19:59,9575.349986270000,9153.313437457730317534025840,8999.08793774000000000000
1645574399999,2022-02-22 23:59,9575.349986270000,9192.991703535074015352484460,8999.08793774000000000000
1645588799999,2022-02-23 03:59,9575.349986270000,9077.652771914816587950497540,8999.08793774000000000000
1645603199999,2022-02-23 07:59,9575.349986270000,9173.956908415490189406728540,8999.08793774000000000000
1645617599999,2022-02-23 11:59,9575.349986270000,9325.864961331683799853568420,8999.08793774000000000000
1645631999999,2022-02-23 15:59,9575.349986270000,9260.844640458320149831683620,8999.08793774000000000000
1645646399999,2022-02-23 19:59,9575.349986270000,9045.224367798759554511328220,8999.08793774000000000000
1645660799999,2022-02-23 23:59,9575.349986270000,8957.264185197145563468408620,8999.08793774000000000000
1645675199999,2022-02-24 03:59,9575.349986270000,8401.051890010034150233859180,8999.08793774000000000000
1645689599999,2022-02-24 07:59,9575.349986270000,8491.262776026495344546767100,8999.08793774000000000000
1645703999999,2022-02-24 11:59,9575.349986270000,8522.563423837463341304713640,8999.08793774000000000000
1645718399999,2022-02-24 15:59,9575.349986270000,8637.440672705957239830805520,8999.08793774000000000000
1645732799999,2022-02-24 19:59,9575.349986270000,8969.284768926655359565280000,8999.08793774000000000000
1645747199999,2022-02-24 23:59,9575.349986270000,9216.287445717808743215355020,8999.08793774000000000000
1645761599999,2022-02-25 03:59,9575.349986270000,9359.637535542719024134536320,8999.08793774000000000000
1645775999999,2022-02-25 07:59,9575.349986270000,9249.718567060352190931858880,8999.08793774000000000000
1645790399999,2022-02-25 11:59,9575.349986270000,9316.751536179684974647098620,8999.08793774000000000000
1645804799999,2022-02-25 15:59,9575.349986270000,9476.876099318670138057133040,8999.08793774000000000000
1645819199999,2022-02-25 19:59,9575.349986270000,9300.191072057833811270592680,8999.08793774000000000000
1645833599999,2022-02-25 23:59,9575.349986270000,9430.767939083953126623344540,8999.08793774000000000000
1645847999999,2022-02-26 03:59,9575.349986270000,9471.925032725539377872404460,8999.08793774000000000000
1645862399999,2022-02-26 07:59,9575.349986270000,9426.158325359314143003080000,8999.08793774000000000000
1645876799999,2022-02-26 11:59,9575.349986270000,9360.803765410455021555417020,8999.08793774000000000000
1645891199999,2022-02-26 15:59,9575.349986270000,9429.923925303385425397098920,8999.08793774000000000000
1645905599999,2022-02-26 19:59,9575.349986270000,9439.172007924648613192371440,8999.08793774000000000000
1645919999999,2022-02-26 23:59,9575.349986270000,9406.132836001571078011132640,8999.08793774000000000000
1645934399999,2022-02-27 03:59,9575.349986270000,9283.519996443372635767570220,8999.08793774000000000000
1645948799999,2022-02-27 07:59,9575.349986270000,9327.793448659362706928921660,8999.08793774000000000000
1645963199999,2022-02-27 11:59,9575.349986270000,9493.438968038186736479867600,8999.08793774000000000000
1645977599999,2022-02-27 15:59,9575.349986270000,9463.917722499640673931099860,8999.08793774000000000000
1645991999999,2022-02-27 19:59,9575.349986270000,9042.983282774574091426254380,8999.08793774000000000000
1646006399999,2022-02-27 23:59,9575.349986270000,9065.245047961171749410818340,8999.08793774000000000000
1646020799999,2022-02-28 03:59,9575.349986270000,9088.023801645837942334535600,8999.08793774000000000000
1646035199999,2022-02-28 07:59,9575.349986270000,9221.185611162299932383053960,8999.08793774000000000000
1646049599999,2022-02-28 11:59,9575.349986270000,9217.836006614348912986586300,8999.08793774000000000000
1646063999999,2022-02-28 15:59,9575.349986270000,9816.895827601847414968915520,8999.08793774000000000000
1646078399999,2022-02-28 19:59,9575.349986270000,9938.202970627714627110337280,8999.08793774000000000000
1646092799999,2022-02-28 23:59,9575.349986270000,10378.37900087159244953660000,8999.08793774000000000000
1646107199999,2022-03-01 03:59,9575.349986270000,10375.42375034077277772162602,8999.08793774000000000000
1646121599999,2022-03-01 07:59,9575.349986270000,10458.44248473991774876473152,8999.08793774000000000000
1646135999999,2022-03-01 11:59,9575.349986270000,10486.57627742550778963958552,8999.08793774000000000000
1646150399999,2022-03-01 15:59,9575.349986270000,10494.68698535102020056872078,8999.08793774000000000000
1646164799999,2022-03-01 19:59,9575.349986270000,10512.91383565501785098166038,8999.08793774000000000000
1646179199999,2022-03-01 23:59,9575.349986270000,10681.64685843626047989015440,8999.08793774000000000000
1646193599999,2022-03-02 03:59,9575.349986270000,10658.43046797648510855282830,8999.08793774000000000000
1646207999999,2022-03-02 07:59,9575.349986270000,10573.89443245045062333946358,8999.08793774000000000000
1646222399999,2022-03-02 11:59,9575.349986270000,10605.19988945674949018986736,8999.08793774000000000000
1646236799999,2022-03-02 15:59,9575.349986270000,10610.78817443122053762518024,8999.08793774000000000000
1646251199999,2022-03-02 19:59,9575.349986270000,10509.29010697320723631513004,8999.08793774000000000000
1646265599999,2022-03-02 23:59,9575.349986270000,10554.63120055265046800198876,8999.08793774000000000000
1646279999999,2022-03-03 03:59,9575.349986270000,10413.43082104063911841119374,8999.08793774000000000000
1646294399999,2022-03-03 07:59,9575.349986270000,10454.61676985421059021499710,8999.08793774000000000000
1646308799999,2022-03-03 11:59,9575.349986270000,10431.81637479055548187522226,8999.08793774000000000000
1646323199999,2022-03-03 15:59,9575.349986270000,10231.05892030104890729396708,8999.08793774000000000000
1646337599999,2022-03-03 19:59,9575.349986270000,10153.96751914720132520440988,8999.08793774000000000000
1646351999999,2022-03-03 23:59,9575.349986270000,10208.61440569187818579602800,8999.08793774000000000000
1646366399999,2022-03-04 03:59,9575.349986270000,9967.178372496206934165208280,8999.08793774000000000000
1646380799999,2022-03-04 07:59,9575.349986270000,9964.062013921803114252916760,8999.08793774000000000000
1646395199999,2022-03-04 11:59,9575.349986270000,10018.18710277308056981292434,8999.08793774000000000000
1646409599999,2022-03-04 15:59,9575.349986270000,9785.482163700603971038223840,8999.08793774000000000000
1646423999999,2022-03-04 19:59,9575.349986270000,9566.137169257284489109736060,8999.08793774000000000000
1646438399999,2022-03-04 23:59,9575.349986270000,9413.813120944970615665344920,8999.08793774000000000000
1646452799999,2022-03-05 03:59,9575.349986270000,9390.238445433045422439954440,8999.08793774000000000000
1646467199999,2022-03-05 07:59,9575.349986270000,9382.089263944886050771161260,8999.08793774000000000000
1646481599999,2022-03-05 11:59,9575.349986270000,9409.227553196985982507366580,8999.08793774000000000000
1646495999999,2022-03-05 15:59,9575.349986270000,9416.542339295239393134828620,8999.08793774000000000000
1646510399999,2022-03-05 19:59,9575.349986270000,9482.356177398196608412158020,8999.08793774000000000000
1646524799999,2022-03-05 23:59,9575.349986270000,9473.759740744266318144841520,8999.08793774000000000000
1646539199999,2022-03-06 03:59,9575.349986270000,9450.334150287598097785625480,8999.08793774000000000000
1646553599999,2022-03-06 07:59,9575.349986270000,9471.261363769879305113305340,8999.08793774000000000000
1646567999999,2022-03-06 11:59,9575.349986270000,9222.363864018363105035077760,8999.08793774000000000000
1646582399999,2022-03-06 15:59,9575.349986270000,9345.029604725201118295669820,8999.08793774000000000000
1646596799999,2022-03-06 19:59,9575.349986270000,9298.873352537175405937308920,8999.08793774000000000000
1646611199999,2022-03-06 23:59,9575.349986270000,9238.794479866280775915238220,8999.08793774000000000000
1646625599999,2022-03-07 03:59,9575.349986270000,9106.214582984854067054045900,8999.08793774000000000000
1646639999999,2022-03-07 07:59,9575.349986270000,9112.416040364011051277656880,8999.08793774000000000000
1646654399999,2022-03-07 11:59,9575.349986270000,9218.653569820596828704317100,8999.08793774000000000000
1646668799999,2022-03-07 15:59,9575.349986270000,9395.254436163142928872855760,8999.08793774000000000000
1646683199999,2022-03-07 19:59,9575.349986270000,8971.434479239554290893666280,8999.08793774000000000000
1646697599999,2022-03-07 23:59,9575.349986270000,9134.721088308586540094336000,8999.08793774000000000000
1646711999999,2022-03-08 03:59,9575.349986270000,9304.935343251737157479659940,8999.08793774000000000000
1646726399999,2022-03-08 07:59,9575.349986270000,9269.328061021974992926254980,8999.08793774000000000000
1646740799999,2022-03-08 11:59,9575.349986270000,9373.990579007700815073169100,8999.08793774000000000000
1646755199999,2022-03-08 15:59,9575.349986270000,9295.910888213359428983649080,8999.08793774000000000000
1646769599999,2022-03-08 19:59,9575.349986270000,9321.529471740904411503366560,8999.08793774000000000000
1646783999999,2022-03-08 23:59,9575.349986270000,9313.293724736789378170343060,8999.08793774000000000000
1646798399999,2022-03-09 03:59,9575.349986270000,9911.341210107139725690423260,8999.08793774000000000000
1646812799999,2022-03-09 07:59,9575.349986270000,10049.21362645018897130080820,8999.08793774000000000000
1646827199999,2022-03-09 11:59,9575.349986270000,10135.91379987511499811993092,8999.08793774000000000000
1646841599999,2022-03-09 15:59,9575.349986270000,10224.72280545262756048155338,8999.08793774000000000000
1646855999999,2022-03-09 19:59,9575.349986270000,10148.65576290425530808538830,8999.08793774000000000000
1646870399999,2022-03-09 23:59,9575.349986270000,10085.42927188930620255005402,8999.08793774000000000000
1646884799999,2022-03-10 03:59,9575.349986270000,9803.321873780466579008355620,8999.08793774000000000000
1646899199999,2022-03-10 07:59,9575.349986270000,9435.512210277856472832411800,8999.08793774000000000000
1646913599999,2022-03-10 11:59,9575.349986270000,9396.432689019206101524879560,8999.08793774000000000000
1646927999999,2022-03-10 15:59,9575.349986270000,9421.238518535834038419323480,8999.08793774000000000000
1646942399999,2022-03-10 19:59,9575.349986270000,9481.598729133584568850142720,8999.08793774000000000000
1646956799999,2022-03-10 23:59,9575.349986270000,9479.540393531972169278444000,8999.08793774000000000000
1646971199999,2022-03-11 03:59,9575.349986270000,9309.528124792718095776324140,8999.08793774000000000000
1646985599999,2022-03-11 07:59,9575.349986270000,9409.828702613344744064521580,8999.08793774000000000000
1646999999999,2022-03-11 11:59,9575.349986270000,9592.960456215212429789992160,8999.08793774000000000000
1647014399999,2022-03-11 15:59,9575.349986270000,9397.365672913394899461584120,8999.08793774000000000000
1647028799999,2022-03-11 19:59,9575.349986270000,9328.192611871824924602872580,8999.08793774000000000000
1647043199999,2022-03-11 23:59,9575.349986270000,9313.038837384253263270109340,8999.08793774000000000000
1647057599999,2022-03-12 03:59,9575.349986270000,9399.452863686992519588026280,8999.08793774000000000000
1647071999999,2022-03-12 07:59,9575.349986270000,9403.312242940015768784961380,8999.08793774000000000000
1647086399999,2022-03-12 11:59,9575.349986270000,9397.101167170197044376435920,8999.08793774000000000000
1647100799999,2022-03-12 15:59,9575.349986270000,9388.175300636102152775798480,8999.08793774000000000000
1647115199999,2022-03-12 19:59,9575.349986270000,9385.299401828241837486368960,8999.08793774000000000000
1647129599999,2022-03-12 23:59,9575.349986270000,9331.744202623672487882544320,8999.08793774000000000000
1647143999999,2022-03-13 03:59,9575.349986270000,9424.734803541376595635736960,8999.08793774000000000000
1647158399999,2022-03-13 07:59,9575.349986270000,9399.652445293223628425001740,8999.08793774000000000000
1647172799999,2022-03-13 11:59,9575.349986270000,9315.816147687830741664165440,8999.08793774000000000000
1647187199999,2022-03-13 15:59,9575.349986270000,9362.676946991828922567512000,8999.08793774000000000000
1647201599999,2022-03-13 19:59,9575.349986270000,9346.570951828744982928215240,8999.08793774000000000000
1647215999999,2022-03-13 23:59,9575.349986270000,9084.065833888531856242227080,8999.08793774000000000000
1647230399999,2022-03-14 03:59,9575.349986270000,9172.244834877700436491951100,8999.08793774000000000000
1647244799999,2022-03-14 07:59,9575.349986270000,9397.043456826226603266949040,8999.08793774000000000000
1647259199999,2022-03-14 11:59,9575.349986270000,9353.452910347220085234525680,8999.08793774000000000000
1647273599999,2022-03-14 15:59,9575.349986270000,9369.469935396682928163363500,8999.08793774000000000000
1647287999999,2022-03-14 19:59,9575.349986270000,9333.100395706977853955486000,8999.08793774000000000000
1647302399999,2022-03-14 23:59,9575.349986270000,9539.503845514925917081540940,8999.08793774000000000000
1647316799999,2022-03-15 03:59,9575.349986270000,9322.378294716802982822069420,8999.08793774000000000000
1647331199999,2022-03-15 07:59,9575.349986270000,9243.288672902978877316529000,8999.08793774000000000000
1647345599999,2022-03-15 11:59,9575.349986270000,9292.705559525334512360898620,8999.08793774000000000000
1647359999999,2022-03-15 15:59,9575.349986270000,9382.180638656172582527848820,8999.08793774000000000000
1647374399999,2022-03-15 19:59,9575.349986270000,9554.975026894335004516482020,8999.08793774000000000000
1647388799999,2022-03-15 23:59,9575.349986270000,9445.474458405753869357584460,8999.08793774000000000000
1647403199999,2022-03-16 03:59,9575.349986270000,9416.539934697573958088600000,8999.08793774000000000000
1647417599999,2022-03-16 07:59,9575.349986270000,9517.773496412389404313502000,8999.08793774000000000000
1647431999999,2022-03-16 11:59,9575.349986270000,9743.949952823209852577499200,8999.08793774000000000000
1647446399999,2022-03-16 15:59,9575.349986270000,9765.608163995783313958679540,8999.08793774000000000000
1647460799999,2022-03-16 19:59,9575.349986270000,9830.171611312714305197126540,8999.08793774000000000000
1647475199999,2022-03-16 23:59,9575.349986270000,9886.398318523581991160948000,8999.08793774000000000000
1647489599999,2022-03-17 03:59,9575.349986270000,9862.523068303477417156980020,8999.08793774000000000000
1647503999999,2022-03-17 07:59,9575.349986270000,9793.111952093029372721635100,8999.08793774000000000000
1647518399999,2022-03-17 11:59,9575.349986270000,9798.512678449596486551115620,8999.08793774000000000000
1647532799999,2022-03-17 15:59,9575.349986270000,9810.547689765098892925358720,8999.08793774000000000000
1647547199999,2022-03-17 19:59,9575.349986270000,9828.170986055072346734914700,8999.08793774000000000000
1647561599999,2022-03-17 23:59,9575.349986270000,9839.244158304400734617709800,8999.08793774000000000000
1647575999999,2022-03-18 03:59,9575.349986270000,9744.091824085470520304987780,8999.08793774000000000000
1647590399999,2022-03-18 07:59,9575.349986270000,9755.749313567499624421337540,8999.08793774000000000000
1647604799999,2022-03-18 11:59,9575.349986270000,9712.404036050367481104233420,8999.08793774000000000000
1647619199999,2022-03-18 15:59,9575.349986270000,9842.413418027444125547030960,8999.08793774000000000000
1647633599999,2022-03-18 19:59,9575.349986270000,10109.71811290786560450534464,8999.08793774000000000000
1647647999999,2022-03-18 23:59,9575.349986270000,10041.13658289199265101887362,8999.08793774000000000000
1647662399999,2022-03-19 03:59,9575.349986270000,10049.82920345254034313533492,8999.08793774000000000000
1647676799999,2022-03-19 07:59,9575.349986270000,10005.66636272916028410050000,8999.08793774000000000000
1647691199999,2022-03-19 11:59,9575.349986270000,10032.54495543339323084401436,8999.08793774000000000000
1647705599999,2022-03-19 15:59,9575.349986270000,10084.46021903013587891992016,8999.08793774000000000000
1647719999999,2022-03-19 19:59,9575.349986270000,10107.83290833816452826210656,8999.08793774000000000000
1647734399999,2022-03-19 23:59,9575.349986270000,10147.80934452602217181291406,8999.08793774000000000000
1647748799999,2022-03-20 03:59,9575.349986270000,10085.58076154222861046245708,8999.08793774000000000000
1647763199999,2022-03-20 07:59,9575.349986270000,10066.74073883354502326121938,8999.08793774000000000000
1647777599999,2022-03-20 11:59,9575.349986270000,10000.10212373134358712747332,8999.08793774000000000000
1647791999999,2022-03-20 15:59,9575.349986270000,9940.814363692377087314618600,8999.08793774000000000000
1647806399999,2022-03-20 19:59,9575.349986270000,9950.127370450607021358063860,8999.08793774000000000000
1647820799999,2022-03-20 23:59,9575.349986270000,9922.012814546340460853038820,8999.08793774000000000000
1647835199999,2022-03-21 03:59,9575.349986270000,9818.812291941199146813125660,8999.08793774000000000000
1647849599999,2022-03-21 07:59,9575.349986270000,9883.515205922725370732832620,8999.08793774000000000000
1647863999999,2022-03-21 11:59,9575.349986270000,9917.725416908869773427409360,8999.08793774000000000000
1647878399999,2022-03-21 15:59,9575.349986270000,9912.964313531308381894741760,8999.08793774000000000000
1647892799999,2022-03-21 19:59,9575.349986270000,9902.400915987052223812414100,8999.08793774000000000000
1647907199999,2022-03-21 23:59,9575.349986270000,9859.526939612345349556119500,8999.08793774000000000000
1647921599999,2022-03-22 03:59,9575.349986270000,10156.30478807800419013862852,8999.08793774000000000000
1647935999999,2022-03-22 07:59,9575.349986270000,10151.37055366853147527750028,8999.08793774000000000000
1647950399999,2022-03-22 11:59,9575.349986270000,10335.81762219339213129002600,8999.08793774000000000000
1647964799999,2022-03-22 15:59,9575.349986270000,10237.42389032145547466112422,8999.08793774000000000000
1647979199999,2022-03-22 19:59,9575.349986270000,10167.83483388376523680486142,8999.08793774000000000000
1647993599999,2022-03-22 23:59,9575.349986270000,10187.00428647261342533942006,8999.08793774000000000000
1648007999999,2022-03-23 03:59,9575.349986270000,10117.22526681935381883109628,8999.08793774000000000000
1648022399999,2022-03-23 07:59,9575.349986270000,10125.35280692852427508383188,8999.08793774000000000000
1648036799999,2022-03-23 11:59,9575.349986270000,10109.01116119422770091413036,8999.08793774000000000000
1648051199999,2022-03-23 15:59,9575.349986270000,10248.09309016299077477751116,8999.08793774000000000000
1648065599999,2022-03-23 19:59,9575.349986270000,10151.57494447009345420693298,8999.08793774000000000000
1648079999999,2022-03-23 23:59,9575.349986270000,10311.71393519507122789433912,8999.08793774000000000000
1648094399999,2022-03-24 03:59,9575.349986270000,10270.86222545699522751631394,8999.08793774000000000000
1648108799999,2022-03-24 07:59,9575.349986270000,10358.59878047572375925997188,8999.08793774000000000000
1648123199999,2022-03-24 11:59,9575.349986270000,10332.31171879718783388869804,8999.08793774000000000000
1648137599999,2022-03-24 15:59,9575.349986270000,10580.36760936580176778690862,8999.08793774000000000000
1648151999999,2022-03-24 19:59,9575.349986270000,10558.31504417609695882423460,8999.08793774000000000000
1648166399999,2022-03-24 23:59,9575.349986270000,10578.31167836185480326143852,8999.08793774000000000000
1648180799999,2022-03-25 03:59,9575.349986270000,10572.70896580139114554875392,8999.08793774000000000000
1648195199999,2022-03-25 07:59,9575.349986270000,10557.51431315350708843010414,8999.08793774000000000000
1648209599999,2022-03-25 11:59,9575.349986270000,10721.10149693071871840935136,8999.08793774000000000000
1648223999999,2022-03-25 15:59,9575.349986270000,10656.88190707994493878159702,8999.08793774000000000000
1648238399999,2022-03-25 19:59,9575.349986270000,10687.35777789166871468312690,8999.08793774000000000000
1648252799999,2022-03-25 23:59,9575.349986270000,10655.66758525890024043614392,8999.08793774000000000000
1648267199999,2022-03-26 03:59,9575.349986270000,10675.11356657927345928699386,8999.08793774000000000000
1648281599999,2022-03-26 07:59,9575.349986270000,10703.01651788898173572390034,8999.08793774000000000000
1648295999999,2022-03-26 11:59,9575.349986270000,10660.79659207927319404179038,8999.08793774000000000000
1648310399999,2022-03-26 15:59,9575.349986270000,10629.73399943718326686047722,8999.08793774000000000000
1648324799999,2022-03-26 19:59,9575.349986270000,10668.73176437520884659623638,8999.08793774000000000000
1648339199999,2022-03-26 23:59,9575.349986270000,10703.30506960883394127133474,8999.08793774000000000000
1648353599999,2022-03-27 03:59,9575.349986270000,10751.81542291132056388751462,8999.08793774000000000000
1648367999999,2022-03-27 07:59,9575.349986270000,10756.87710099706133619875972,8999.08793774000000000000
1648382399999,2022-03-27 11:59,9575.349986270000,10717.30704181466221546058900,8999.08793774000000000000
1648396799999,2022-03-27 15:59,9575.349986270000,10786.56426377452241693730224,8999.08793774000000000000
1648411199999,2022-03-27 19:59,9575.349986270000,10780.10551444516388276722892,8999.08793774000000000000
1648425599999,2022-03-27 23:59,9575.349986270000,11260.32771420919696508492912,8999.08793774000000000000
1648439999999,2022-03-28 03:59,9575.349986270000,11313.62321686589932969606280,8999.08793774000000000000
1648454399999,2022-03-28 07:59,9575.349986270000,11299.15715731064209158468488,8999.08793774000000000000
1648468799999,2022-03-28 11:59,9575.349986270000,11362.47021384154685878424948,8999.08793774000000000000
1648483199999,2022-03-28 15:59,9575.349986270000,11403.34116036094633953210362,8999.08793774000000000000
1648497599999,2022-03-28 19:59,9575.349986270000,11531.69136994887280207715336,8999.08793774000000000000
1648511999999,2022-03-28 23:59,9575.349986270000,11331.13109246793190128664502,8999.08793774000000000000
1648526399999,2022-03-29 03:59,9575.349986270000,11382.31295377671686026282172,8999.08793774000000000000
1648540799999,2022-03-29 07:59,9575.349986270000,11384.56846638689493362526728,8999.08793774000000000000
1648555199999,2022-03-29 11:59,9575.349986270000,11517.22050119828469387331820,8999.08793774000000000000
1648569599999,2022-03-29 15:59,9575.349986270000,11407.54680167779223538596000,8999.08793774000000000000
1648583999999,2022-03-29 19:59,9575.349986270000,11470.42462603125325921814438,8999.08793774000000000000
1648598399999,2022-03-29 23:59,9575.349986270000,11406.29641089176601134707760,8999.08793774000000000000
1648612799999,2022-03-30 03:59,9575.349986270000,11406.45511433768472439816652,8999.08793774000000000000
1648627199999,2022-03-30 07:59,9575.349986270000,11394.18685704863511853974728,8999.08793774000000000000
1648641599999,2022-03-30 11:59,9575.349986270000,11378.66998831358276522646242,8999.08793774000000000000
1648655999999,2022-03-30 15:59,9575.349986270000,11340.41283945651117972911822,8999.08793774000000000000
1648670399999,2022-03-30 19:59,9575.349986270000,11319.51207654854975790995318,8999.08793774000000000000
1648684799999,2022-03-30 23:59,9575.349986270000,11318.09336392594308063506738,8999.08793774000000000000
1648699199999,2022-03-31 03:59,9575.349986270000,11324.72283968954750308737272,8999.08793774000000000000
1648713599999,2022-03-31 07:59,9575.349986270000,11340.40081646818400449797512,8999.08793774000000000000
1648727999999,2022-03-31 11:59,9575.349986270000,11338.29679351092833904793262,8999.08793774000000000000
1648742399999,2022-03-31 15:59,9575.349986270000,11170.40778451025341136568422,8999.08793774000000000000
1648756799999,2022-03-31 19:59,9575.349986270000,10960.76534164696434096967814,8999.08793774000000000000
1648771199999,2022-03-31 23:59,9575.349986270000,10943.54120856945310483407308,8999.08793774000000000000
1648785599999,2022-04-01 03:59,9575.349986270000,10724.63625549890823636542276,8999.08793774000000000000
1648799999999,2022-04-01 07:59,9575.349986270000,10824.59778504870854313538478,8999.08793774000000000000
1648814399999,2022-04-01 11:59,9575.349986270000,10836.27691590972656266779212,8999.08793774000000000000
1648828799999,2022-04-01 15:59,9575.349986270000,11189.20933365629003782726400,8999.08793774000000000000
1648843199999,2022-04-01 19:59,9575.349986270000,11148.25422621860033046140816,8999.08793774000000000000
1648857599999,2022-04-01 23:59,9575.349986270000,11129.45267707256370399982838,8999.08793774000000000000
1648871999999,2022-04-02 03:59,9575.349986270000,11205.54376559759030685827966,8999.08793774000000000000
1648886399999,2022-04-02 07:59,9575.349986270000,11201.83106680215859548129038,8999.08793774000000000000
1648900799999,2022-04-02 11:59,9575.349986270000,11191.81591752562162793908808,8999.08793774000000000000
1648915199999,2022-04-02 15:59,9575.349986270000,11132.23479657147205248634172,8999.08793774000000000000
1648929599999,2022-04-02 19:59,9575.349986270000,11090.19762018433657431760688,8999.08793774000000000000
1648943999999,2022-04-02 23:59,9575.349986270000,11015.83784197842320474376200,8999.08793774000000000000
1648958399999,2022-04-03 03:59,9575.349986270000,11047.63864610380169111726150,8999.08793774000000000000
1648972799999,2022-04-03 07:59,9575.349986270000,11148.76881011900343035433284,8999.08793774000000000000
1648987199999,2022-04-03 11:59,9575.349986270000,11122.02247028636941115339258,8999.08793774000000000000
1649001599999,2022-04-03 15:59,9575.349986270000,11160.47198695667580034902638,8999.08793774000000000000
1649015999999,2022-04-03 19:59,9575.349986270000,11158.79117318853670303522100,8999.08793774000000000000
1649030399999,2022-04-03 23:59,9575.349986270000,11159.23602375664218658751570,8999.08793774000000000000
1649044799999,2022-04-04 03:59,9575.349986270000,11062.59283898514224361304928,8999.08793774000000000000
1649059199999,2022-04-04 07:59,9575.349986270000,11103.12233263604994779643938,8999.08793774000000000000
1649073599999,2022-04-04 11:59,9575.349986270000,11099.77994188109523353865758,8999.08793774000000000000
1649087999999,2022-04-04 15:59,9575.349986270000,10973.24760812823766594244456,8999.08793774000000000000
1649102399999,2022-04-04 19:59,9575.349986270000,11043.43300478695579526340512,8999.08793774000000000000
1649116799999,2022-04-04 23:59,9575.349986270000,11200.87403693131544708229962,8999.08793774000000000000
1649131199999,2022-04-05 03:59,9575.349986270000,11216.57846428427173400141684,8999.08793774000000000000
1649145599999,2022-04-05 07:59,9575.349986270000,11232.00876750336842565047138,8999.08793774000000000000
1649159999999,2022-04-05 11:59,9575.349986270000,11225.60772851798033258988494,8999.08793774000000000000
1649174399999,2022-04-05 15:59,9575.349986270000,11004.46890421624630617484664,8999.08793774000000000000
1649188799999,2022-04-05 19:59,9575.349986270000,11069.09968026780947870769500,8999.08793774000000000000
1649203199999,2022-04-05 23:59,9575.349986270000,10940.46572815536168070766810,8999.08793774000000000000
1649217599999,2022-04-06 03:59,9575.349986270000,10872.73542571305273358612856,8999.08793774000000000000
1649231999999,2022-04-06 07:59,9575.349986270000,10887.20148526830997169750648,8999.08793774000000000000
1649246399999,2022-04-06 11:59,9575.349986270000,10777.34744092290988474300178,8999.08793774000000000000
1649260799999,2022-04-06 15:59,9575.349986270000,10620.84660646573533599949770,8999.08793774000000000000
1649275199999,2022-04-06 19:59,9575.349986270000,10521.34916426536399315165934,8999.08793774000000000000
1649289599999,2022-04-06 23:59,9575.349986270000,10380.89661462730294293796514,8999.08793774000000000000
1649303999999,2022-04-07 03:59,9575.349986270000,10410.61022797908380918502248,8999.08793774000000000000
1649318399999,2022-04-07 07:59,9575.349986270000,10446.98938605945062357781446,8999.08793774000000000000
1649332799999,2022-04-07 11:59,9575.349986270000,10524.27555962419844441188988,8999.08793774000000000000
1649347199999,2022-04-07 15:59,9575.349986270000,10419.69239336143197879052022,8999.08793774000000000000
1649361599999,2022-04-07 19:59,9575.349986270000,10433.42505062873152780216904,8999.08793774000000000000
1649375999999,2022-04-07 23:59,9575.349986270000,10446.71526192559102830775178,8999.08793774000000000000
1649390399999,2022-04-08 03:59,9575.349986270000,10485.61443835933377114813752,8999.08793774000000000000
1649404799999,2022-04-08 07:59,9575.349986270000,10523.50127917592835952627424,8999.08793774000000000000
1649419199999,2022-04-08 11:59,9575.349986270000,10411.75241187016545614361698,8999.08793774000000000000
1649433599999,2022-04-08 15:59,9575.349986270000,10495.72577154248814053948462,8999.08793774000000000000
1649447999999,2022-04-08 19:59,9575.349986270000,10275.18328746178200558914408,8999.08793774000000000000
1649462399999,2022-04-08 23:59,9575.349986270000,10160.04393744775568702413262,8999.08793774000000000000
1649476799999,2022-04-09 03:59,9575.349986270000,10190.82038296765884370424000,8999.08793774000000000000
1649491199999,2022-04-09 07:59,9575.349986270000,10215.12846076754172602935958,8999.08793774000000000000
1649505599999,2022-04-09 11:59,9575.349986270000,10206.47431376964099465255620,8999.08793774000000000000
1649519999999,2022-04-09 15:59,9575.349986270000,10162.15036500267678752040374,8999.08793774000000000000
1649534399999,2022-04-09 19:59,9575.349986270000,10222.54664456540884364465228,8999.08793774000000000000
1649548799999,2022-04-09 23:59,9575.349986270000,10280.74512186193326751594214,8999.08793774000000000000
1649563199999,2022-04-10 03:59,9575.349986270000,10288.37971944968953929181064,8999.08793774000000000000
1649577599999,2022-04-10 07:59,9575.349986270000,10251.79857516542618101581458,8999.08793774000000000000
1649591999999,2022-04-10 11:59,9575.349986270000,10263.04487844666589222707032,8999.08793774000000000000
1649606399999,2022-04-10 15:59,9575.349986270000,10279.18213337940048746733914,8999.08793774000000000000
1649620799999,2022-04-10 19:59,9575.349986270000,10396.59863738259379481085374,8999.08793774000000000000
1649635199999,2022-04-10 23:59,9575.349986270000,10137.64270559656279635830870,8999.08793774000000000000
1649649599999,2022-04-11 03:59,9575.349986270000,10126.18960691609567117139164,8999.08793774000000000000
1649663999999,2022-04-11 07:59,9575.349986270000,10172.96624530180362545673650,8999.08793774000000000000
1649678399999,2022-04-11 11:59,9575.349986270000,9875.248199148959681798837060,8999.08793774000000000000
1649692799999,2022-04-11 15:59,9575.349986270000,9758.355897436831214533161620,8999.08793774000000000000
1649707199999,2022-04-11 19:59,9575.349986270000,9614.998593818924628475294460,8999.08793774000000000000
1649721599999,2022-04-11 23:59,9575.349986270000,9505.618255213615245627827900,8999.08793774000000000000
1649735999999,2022-04-12 03:59,9575.349986270000,9557.721077428261827309566060,8999.08793774000000000000
1649750399999,2022-04-12 07:59,9575.349986270000,9662.763521845126386760602140,8999.08793774000000000000
1649764799999,2022-04-12 11:59,9575.349986270000,9709.419930347562588734516000,8999.08793774000000000000
1649779199999,2022-04-12 15:59,9575.349986270000,9661.599696575055824385950060,8999.08793774000000000000
1649793599999,2022-04-12 19:59,9575.349986270000,9450.949727289949469620152200,8999.08793774000000000000
1649807999999,2022-04-12 23:59,9575.349986270000,9636.546193498888077729958280,8999.08793774000000000000
1649822399999,2022-04-13 03:59,9575.349986270000,9636.813103839751367861335100,8999.08793774000000000000
1649836799999,2022-04-13 07:59,9575.349986270000,9649.785908244773442264740000,8999.08793774000000000000
1649851199999,2022-04-13 11:59,9575.349986270000,9551.832217745611399095675680,8999.08793774000000000000
1649865599999,2022-04-13 15:59,9575.349986270000,9897.021831009474025398991160,8999.08793774000000000000
1649879999999,2022-04-13 19:59,9575.349986270000,9873.245169293652288290396600,8999.08793774000000000000
1649894399999,2022-04-13 23:59,9575.349986270000,9894.523454035087012367454980,8999.08793774000000000000
1649908799999,2022-04-14 03:59,9575.349986270000,9935.933030431543943470520000,8999.08793774000000000000
1649923199999,2022-04-14 07:59,9575.349986270000,9924.309205316830930001370920,8999.08793774000000000000
1649937599999,2022-04-14 11:59,9575.349986270000,9839.746719216476659279491380,8999.08793774000000000000
1649951999999,2022-04-14 15:59,9575.349986270000,9609.874396193882544962105240,8999.08793774000000000000
1649966399999,2022-04-14 19:59,9575.349986270000,9564.619868130394974939476840,8999.08793774000000000000
1649980799999,2022-04-14 23:59,9575.349986270000,9604.670846845881104923371560,8999.08793774000000000000
1649995199999,2022-04-15 03:59,9575.349986270000,9666.844124083369660210570280,8999.08793774000000000000
1650009599999,2022-04-15 07:59,9575.349986270000,9676.099420497629153144528660,8999.08793774000000000000
1650023999999,2022-04-15 11:59,9575.349986270000,9671.427287233688858322320000,8999.08793774000000000000
1650038399999,2022-04-15 15:59,9575.349986270000,9717.643654363350446836396400,8999.08793774000000000000
1650052799999,2022-04-15 19:59,9575.349986270000,9693.874206440525014866487700,8999.08793774000000000000
1650067199999,2022-04-15 23:59,9575.349986270000,9751.235883749478042650217800,8999.08793774000000000000
1650081599999,2022-04-16 03:59,9575.349986270000,9722.914532445984068169531440,8999.08793774000000000000
1650095999999,2022-04-16 07:59,9575.349986270000,9713.211980865953656637049740,8999.08793774000000000000
1650110399999,2022-04-16 11:59,9575.349986270000,9718.785838254432093794990900,8999.08793774000000000000
1650124799999,2022-04-16 15:59,9575.349986270000,9633.598156761064711053670160,8999.08793774000000000000
1650139199999,2022-04-16 19:59,9575.349986270000,9669.022689568253812093700000,8999.08793774000000000000
1650153599999,2022-04-16 23:59,9575.349986270000,9709.590656781808477016748020,8999.08793774000000000000
1650167999999,2022-04-17 03:59,9575.349986270000,9674.038680298351318526601320,8999.08793774000000000000
1650182399999,2022-04-17 07:59,9575.349986270000,9687.093241023998184501779300,8999.08793774000000000000
1650196799999,2022-04-17 11:59,9575.349986270000,9730.284624290542484860251740,8999.08793774000000000000
1650211199999,2022-04-17 15:59,9575.349986270000,9725.602872635940449853128600,8999.08793774000000000000
1650225599999,2022-04-17 19:59,9575.349986270000,9707.606863707824563878136520,8999.08793774000000000000
1650239999999,2022-04-17 23:59,9575.349986270000,9541.126948939094573285859440,8999.08793774000000000000
1650254399999,2022-04-18 03:59,9575.349986270000,9573.601040410794872603372540,8999.08793774000000000000
1650268799999,2022-04-18 07:59,9575.349986270000,9358.793521762151322908290700,8999.08793774000000000000
1650283199999,2022-04-18 11:59,9575.349986270000,9377.715300791459701681301480,8999.08793774000000000000
1650297599999,2022-04-18 15:59,9575.349986270000,9439.263382635935144949059000,8999.08793774000000000000
1650311999999,2022-04-18 19:59,9575.349986270000,9782.202292484950567982386160,8999.08793774000000000000
1650326399999,2022-04-18 23:59,9575.349986270000,9811.165671365115699806114060,8999.08793774000000000000
1650340799999,2022-04-19 03:59,9575.349986270000,9785.354720024335913588106980,8999.08793774000000000000
1650355199999,2022-04-19 07:59,9575.349986270000,9782.793823510647589354626680,8999.08793774000000000000
1650369599999,2022-04-19 11:59,9575.349986270000,9783.794136139468568585732600,8999.08793774000000000000
1650383999999,2022-04-19 15:59,9575.349986270000,9966.199701246374870350159940,8999.08793774000000000000
1650398399999,2022-04-19 19:59,9575.349986270000,9959.315338130234332997620880,8999.08793774000000000000
1650412799999,2022-04-19 23:59,9575.349986270000,9977.575852801548074057761160,8999.08793774000000000000
1650427199999,2022-04-20 03:59,9575.349986270000,9951.837039390731339226612680,8999.08793774000000000000
1650441599999,2022-04-20 07:59,9575.349986270000,9940.754248750741211158903100,8999.08793774000000000000
1650455999999,2022-04-20 11:59,9575.349986270000,10121.08705067004250307426000,8999.08793774000000000000
1650470399999,2022-04-20 15:59,9575.349986270000,9921.921439835053929096351260,8999.08793774000000000000
1650484799999,2022-04-20 19:59,9575.349986270000,9905.608649272742575481393180,8999.08793774000000000000
1650499199999,2022-04-20 23:59,9575.349986270000,9945.116188915840385017619780,8999.08793774000000000000
1650513599999,2022-04-21 03:59,9575.349986270000,10025.76399001686640047930596,8999.08793774000000000000
1650527999999,2022-04-21 07:59,9575.349986270000,10064.74492277123393489146478,8999.08793774000000000000
1650542399999,2022-04-21 11:59,9575.349986270000,10205.24796896026912107596000,8999.08793774000000000000
1650556799999,2022-04-21 15:59,9575.349986270000,10131.98709188745956762859446,8999.08793774000000000000
1650571199999,2022-04-21 19:59,9575.349986270000,9911.600906655006710683114220,8999.08793774000000000000
1650585599999,2022-04-21 23:59,9575.349986270000,9733.949231132665495312668620,8999.08793774000000000000
1650599999999,2022-04-22 03:59,9575.349986270000,9739.263391973276947477918820,8999.08793774000000000000
1650614399999,2022-04-22 07:59,9575.349986270000,9789.153984335723286629326580,8999.08793774000000000000
1650628799999,2022-04-22 11:59,9575.349986270000,9759.324950296001538163295480,8999.08793774000000000000
1650643199999,2022-04-22 15:59,9575.349986270000,9482.329726823876822903643200,8999.08793774000000000000
1650657599999,2022-04-22 19:59,9575.349986270000,9498.998397840672563360437040,8999.08793774000000000000
1650671999999,2022-04-22 23:59,9575.349986270000,9548.595629287935826871953160,8999.08793774000000000000
1650686399999,2022-04-23 03:59,9575.349986270000,9489.404053155586728908243240,8999.08793774000000000000
1650700799999,2022-04-23 07:59,9575.349986270000,9522.577882547928626678284760,8999.08793774000000000000
1650715199999,2022-04-23 11:59,9575.349986270000,9523.046779092688460692865660,8999.08793774000000000000
1650729599999,2022-04-23 15:59,9575.349986270000,9568.666806001322157742244300,8999.08793774000000000000
1650743999999,2022-04-23 19:59,9575.349986270000,9559.690442916253130170805840,8999.08793774000000000000
1650758399999,2022-04-23 23:59,9575.349986270000,9484.253404956224859886539200,8999.08793774000000000000
1650772799999,2022-04-24 03:59,9575.349986270000,9564.800212955302603406623340,8999.08793774000000000000
1650787199999,2022-04-24 07:59,9575.349986270000,9558.743031436071721956729560,8999.08793774000000000000
1650801599999,2022-04-24 11:59,9575.349986270000,9524.532820449927319262152820,8999.08793774000000000000
1650815999999,2022-04-24 15:59,9575.349986270000,9535.925804188758568293354380,8999.08793774000000000000
1650830399999,2022-04-24 19:59,9575.349986270000,9547.287528157939161723583880,8999.08793774000000000000
1650844799999,2022-04-24 23:59,9575.349986270000,9486.304526764840954319552060,8999.08793774000000000000
1650859199999,2022-04-25 03:59,9575.349986270000,9439.073419420365776296998020,8999.08793774000000000000
1650873599999,2022-04-25 07:59,9575.349986270000,9246.756102736536213978199040,8999.08793774000000000000
1650887999999,2022-04-25 11:59,9575.349986270000,9337.738864603602058130493980,8999.08793774000000000000
1650902399999,2022-04-25 15:59,9575.349986270000,9372.478087076142170995367120,8999.08793774000000000000
1650916799999,2022-04-25 19:59,9575.349986270000,9672.862832039953580920806140,8999.08793774000000000000
1650931199999,2022-04-25 23:59,9575.349986270000,9720.981235922974291001720960,8999.08793774000000000000
1650945599999,2022-04-26 03:59,9575.349986270000,9747.241847027190430864479980,8999.08793774000000000000
1650959999999,2022-04-26 07:59,9575.349986270000,9759.074872138796293355519000,8999.08793774000000000000
1650974399999,2022-04-26 11:59,9575.349986270000,9730.828063362930805307919860,8999.08793774000000000000
1650988799999,2022-04-26 15:59,9575.349986270000,9273.211486251652592585476280,8999.08793774000000000000
1651003199999,2022-04-26 19:59,9575.349986270000,9202.537956266851148880105860,8999.08793774000000000000
1651017599999,2022-04-26 23:59,9575.349986270000,9164.694398208234391334084300,8999.08793774000000000000
1651031999999,2022-04-27 03:59,9575.349986270000,9220.127588189508512042461160,8999.08793774000000000000
1651046399999,2022-04-27 07:59,9575.349986270000,9405.175806130727929612141880,8999.08793774000000000000
1651060799999,2022-04-27 11:59,9575.349986270000,9382.199875437496062897677780,8999.08793774000000000000
1651075199999,2022-04-27 15:59,9575.349986270000,9379.451420305903805058365120,8999.08793774000000000000
1651089599999,2022-04-27 19:59,9575.349986270000,9343.983604740736873186220120,8999.08793774000000000000
1651103999999,2022-04-27 23:59,9575.349986270000,9434.747548220248128131710640,8999.08793774000000000000
1651118399999,2022-04-28 03:59,9575.349986270000,9460.320444392149844773084340,8999.08793774000000000000
1651132799999,2022-04-28 07:59,9575.349986270000,9470.645786767527933278778620,8999.08793774000000000000
1651147199999,2022-04-28 11:59,9575.349986270000,9541.413096061281343787065220,8999.08793774000000000000
1651161599999,2022-04-28 15:59,9575.349986270000,9483.390154394333678290464620,8999.08793774000000000000
1651175999999,2022-04-28 19:59,9575.349986270000,9614.623476583116761263629740,8999.08793774000000000000
1651190399999,2022-04-28 23:59,9575.349986270000,9556.504351009551693917884340,8999.08793774000000000000
1651204799999,2022-04-29 03:59,9575.349986270000,9506.233832215966617462354620,8999.08793774000000000000
1651219199999,2022-04-29 07:59,9575.349986270000,9524.780494009467129023700680,8999.08793774000000000000
1651233599999,2022-04-29 11:59,9575.349986270000,9317.840818922127050588663480,8999.08793774000000000000
1651247999999,2022-04-29 15:59,9575.349986270000,9379.235006516014650897789320,8999.08793774000000000000
1651262399999,2022-04-29 19:59,9575.349986270000,9217.328636506942118232347480,8999.08793774000000000000
1651276799999,2022-04-29 23:59,9575.349986270000,9280.947076941357136302946820,8999.08793774000000000000
1651291199999,2022-04-30 03:59,9575.349986270000,9295.437182473268724876610940,8999.08793774000000000000
1651305599999,2022-04-30 07:59,9575.349986270000,9293.987210081011392000753080,8999.08793774000000000000
1651319999999,2022-04-30 11:59,9575.349986270000,9277.075674700006711874868620,8999.08793774000000000000
1651334399999,2022-04-30 15:59,9575.349986270000,9249.795514185646112411174720,8999.08793774000000000000
1651348799999,2022-04-30 19:59,9575.349986270000,9249.860438322612858659347460,8999.08793774000000000000
1651363199999,2022-04-30 23:59,9575.349986270000,9048.828859699246688808029600,8999.08793774000000000000
1651377599999,2022-05-01 03:59,9575.349986270000,9147.571258232671427140081280,8999.08793774000000000000
1651391999999,2022-05-01 07:59,9575.349986270000,9130.457736647770203130992740,8999.08793774000000000000
1651406399999,2022-05-01 11:59,9575.349986270000,9123.847497665489261048516360,8999.08793774000000000000
1651420799999,2022-05-01 15:59,9575.349986270000,9255.431891113425860771060000,8999.08793774000000000000
1651435199999,2022-05-01 19:59,9575.349986270000,9091.407070561105052378203940,8999.08793774000000000000
1651449599999,2022-05-01 23:59,9575.349986270000,9250.225937167758985686097700,8999.08793774000000000000
1651463999999,2022-05-02 03:59,9575.349986270000,9299.700534134085061839954200,8999.08793774000000000000
1651478399999,2022-05-02 07:59,9575.349986270000,9349.564675922211615482847140,8999.08793774000000000000
1651492799999,2022-05-02 11:59,9575.349986270000,9264.754516262317534999419740,8999.08793774000000000000
1651507199999,2022-05-02 15:59,9575.349986270000,9304.978626009714988311775100,8999.08793774000000000000
1651521599999,2022-05-02 19:59,9575.349986270000,9273.076828782388229996673560,8999.08793774000000000000
1651535999999,2022-05-02 23:59,9575.349986270000,9263.886456505095483310887920,8999.08793774000000000000
1651550399999,2022-05-03 03:59,9575.349986270000,9263.040038126862347038413680,8999.08793774000000000000
1651564799999,2022-05-03 07:59,9575.349986270000,9272.261670173805749325171380,8999.08793774000000000000
1651579199999,2022-05-03 11:59,9575.349986270000,9274.671077034571665646248620,8999.08793774000000000000
1651593599999,2022-05-03 15:59,9575.349986270000,9216.083054916246764285922320,8999.08793774000000000000
1651607999999,2022-05-03 19:59,9575.349986270000,9069.674316860903104563936380,8999.08793774000000000000
1651622399999,2022-05-03 23:59,9575.349986270000,9072.429985785491667541934900,8999.08793774000000000000
1651636799999,2022-05-04 03:59,9575.349986270000,9140.881667527431128532060440,8999.08793774000000000000
1651651199999,2022-05-04 07:59,9575.349986270000,9306.245848979399257674257840,8999.08793774000000000000
1651665599999,2022-05-04 11:59,9575.349986270000,9378.619429513663279063262600,8999.08793774000000000000
1651679999999,2022-05-04 15:59,9575.349986270000,9371.622050307247294537978400,8999.08793774000000000000
1651694399999,2022-05-04 19:59,9575.349986270000,9584.674212660123260486167640,8999.08793774000000000000
1651708799999,2022-05-04 23:59,9575.349986270000,9543.983610965631408205460000,8999.08793774000000000000
1651723199999,2022-05-05 03:59,9575.349986270000,9553.460130365110925392451420,8999.08793774000000000000
1651737599999,2022-05-05 07:59,9575.349986270000,9519.658700982090480556740080,8999.08793774000000000000
1651751999999,2022-05-05 11:59,9575.349986270000,9496.572158796248601715759460,8999.08793774000000000000
1651766399999,2022-05-05 15:59,9575.349986270000,8875.426108251729200123555540,8999.08793774000000000000
1651780799999,2022-05-05 19:59,9575.349986270000,8732.672358647846810669072000,8999.08793774000000000000
1651795199999,2022-05-05 23:59,9575.349986270000,8789.654109525661101148680140,8999.08793774000000000000
1651809599999,2022-05-06 03:59,9575.349986270000,8767.736201805220654774808840,8999.08793774000000000000
1651823999999,2022-05-06 07:59,9575.349986270000,8746.123677988290459271972280,8999.08793774000000000000
1651838399999,2022-05-06 11:59,9575.349986270000,8603.987909984424876698244080,8999.08793774000000000000
1651852799999,2022-05-06 15:59,9575.349986270000,8657.730667806898159907901080,8999.08793774000000000000
1651867199999,2022-05-06 19:59,9575.349986270000,8657.011693104933081085543700,8999.08793774000000000000
1651881599999,2022-05-06 23:59,9575.349986270000,8659.998203405403408501489740,8999.08793774000000000000
1651895999999,2022-05-07 03:59,9575.349986270000,8611.531132860894616717425020,8999.08793774000000000000
1651910399999,2022-05-07 07:59,9575.349986270000,8637.835026723088587412299200,8999.08793774000000000000
1651924799999,2022-05-07 11:59,9575.349986270000,8670.119154979219518077751320,8999.08793774000000000000
1651939199999,2022-05-07 15:59,9575.349986270000,8647.662617381721621348669140,8999.08793774000000000000
1651953599999,2022-05-07 19:59,9575.349986270000,8626.956626884660438274022320,8999.08793774000000000000
1651967999999,2022-05-07 23:59,9575.349986270000,8529.818094994080875776460180,8999.08793774000000000000
1651982399999,2022-05-08 03:59,9575.349986270000,8291.245937617942764203926880,8999.08793774000000000000
1651996799999,2022-05-08 07:59,9575.349986270000,8319.213813064617786889006100,8999.08793774000000000000
1652011199999,2022-05-08 11:59,9575.349986270000,8364.826626180255178799698880,8999.08793774000000000000
1652025599999,2022-05-08 15:59,9575.349986270000,8261.832898974341278735447040,8999.08793774000000000000
1652039999999,2022-05-08 19:59,9575.349986270000,8317.071316544715160699305680,8999.08793774000000000000
1652054399999,2022-05-08 23:59,9575.349986270000,8185.001194368360681638580800,8999.08793774000000000000
1652068799999,2022-05-09 03:59,9575.349986270000,8070.722690318560109623415300,8999.08793774000000000000
1652083199999,2022-05-09 07:59,9575.349986270000,8061.133154828805145263678740,8999.08793774000000000000
1652097599999,2022-05-09 11:59,9575.349986270000,7964.718406835521531680931220,8999.08793774000000000000
1652111999999,2022-05-09 15:59,9575.349986270000,7776.972230313683992242738860,8999.08793774000000000000
1652126399999,2022-05-09 19:59,9575.349986270000,7441.119669784705650445154840,8999.08793774000000000000
1652140799999,2022-05-09 23:59,9575.349986270000,7232.277957944006450443279220,8999.08793774000000000000
1652155199999,2022-05-10 03:59,9575.349986270000,7368.435896151600508092658100,8999.08793774000000000000
1652169599999,2022-05-10 07:59,9575.349986270000,7601.015796145474484463470360,8999.08793774000000000000
1652183999999,2022-05-10 11:59,9575.349986270000,7604.011924836606552064330880,8999.08793774000000000000
1652198399999,2022-05-10 15:59,9575.349986270000,7531.335364996497714850520000,8999.08793774000000000000
1652212799999,2022-05-10 19:59,9575.349986270000,7533.747176454929066217825860,8999.08793774000000000000
1652227199999,2022-05-10 23:59,9575.349986270000,7458.500101710470164585620200,8999.08793774000000000000
1652241599999,2022-05-11 03:59,9575.349986270000,7503.913333219876447659337520,8999.08793774000000000000
1652255999999,2022-05-11 07:59,9575.349986270000,7361.808824985661520686581380,8999.08793774000000000000
1652270399999,2022-05-11 11:59,9575.349986270000,7582.589364235245725213555300,8999.08793774000000000000
1652284799999,2022-05-11 15:59,9575.349986270000,7449.004345529667167028799820,8999.08793774000000000000
1652299199999,2022-05-11 19:59,9575.349986270000,7062.972640918390280532373640,8999.08793774000000000000
1652313599999,2022-05-11 23:59,9575.349986270000,6998.462094750098860310956280,8999.08793774000000000000
1652327999999,2022-05-12 03:59,9575.349986270000,6830.671674253706769524081300,8999.08793774000000000000
1652342399999,2022-05-12 07:59,9575.349986270000,6779.513858921576161010190800,8999.08793774000000000000
1652356799999,2022-05-12 11:59,9575.349986270000,6846.741600451809183469948760,8999.08793774000000000000
1652371199999,2022-05-12 15:59,9575.349986270000,6978.583285849947333138954740,8999.08793774000000000000
1652385599999,2022-05-12 19:59,9575.349986270000,6887.179719391430355896651300,8999.08793774000000000000
1652399999999,2022-05-12 23:59,9575.349986270000,6980.622384670236252340824500,8999.08793774000000000000
1652414399999,2022-05-13 03:59,9575.349986270000,7354.005905561324795674709480,8999.08793774000000000000
1652428799999,2022-05-13 07:59,9575.349986270000,7255.078353007661558783054060,8999.08793774000000000000
1652443199999,2022-05-13 11:59,9575.349986270000,7374.574833991456181114324960,8999.08793774000000000000
1652457599999,2022-05-13 15:59,9575.349986270000,7295.682389186197749399531380,8999.08793774000000000000
1652471999999,2022-05-13 19:59,9575.349986270000,7234.153544123045786501602820,8999.08793774000000000000
1652486399999,2022-05-13 23:59,9575.349986270000,7042.492682601879991803217100,8999.08793774000000000000
1652500799999,2022-05-14 03:59,9575.349986270000,7110.504322971044839333505180,8999.08793774000000000000
1652515199999,2022-05-14 07:59,9575.349986270000,7077.248737258078149991690580,8999.08793774000000000000
1652529599999,2022-05-14 11:59,9575.349986270000,6991.320439683756773011954880,8999.08793774000000000000
1652543999999,2022-05-14 15:59,9575.349986270000,6929.719456690641758727167720,8999.08793774000000000000
1652558399999,2022-05-14 19:59,9575.349986270000,7054.931666325175485943868360,8999.08793774000000000000
1652572799999,2022-05-14 23:59,9575.349986270000,7234.785953309055203659729880,8999.08793774000000000000
1652587199999,2022-05-15 03:59,9575.349986270000,7146.996497141687100899042300,8999.08793774000000000000
1652601599999,2022-05-15 07:59,9575.349986270000,7172.086069182836373248463380,8999.08793774000000000000
1652615999999,2022-05-15 11:59,9575.349986270000,7271.989888388666238908938520,8999.08793774000000000000
1652630399999,2022-05-15 15:59,9575.349986270000,7217.167466214412619942631140,8999.08793774000000000000
1652644799999,2022-05-15 19:59,9575.349986270000,7324.030191064011509388732560,8999.08793774000000000000
1652659199999,2022-05-15 23:59,9575.349986270000,7533.473052321069470947763180,8999.08793774000000000000
1652673599999,2022-05-16 03:59,9575.349986270000,7291.652283498928611920364260,8999.08793774000000000000
1652687999999,2022-05-16 07:59,9575.349986270000,7116.275357368088950282193180,8999.08793774000000000000
1652702399999,2022-05-16 11:59,9575.349986270000,7202.133921610112710921298900,8999.08793774000000000000
1652716799999,2022-05-16 15:59,9575.349986270000,7136.154166268240477454194720,8999.08793774000000000000
1652731199999,2022-05-16 19:59,9575.349986270000,7112.141853981206105815195400,8999.08793774000000000000
1652745599999,2022-05-16 23:59,9575.349986270000,7183.632947172255465238296620,8999.08793774000000000000
1652759999999,2022-05-17 03:59,9575.349986270000,7301.357239676624458499074580,8999.08793774000000000000
1652774399999,2022-05-17 07:59,9575.349986270000,7313.012324560988127569195720,8999.08793774000000000000
1652788799999,2022-05-17 11:59,9575.349986270000,7290.748154776725034538403140,8999.08793774000000000000
1652803199999,2022-05-17 15:59,9575.349986270000,7250.896757667470013391483880,8999.08793774000000000000
1652817599999,2022-05-17 19:59,9575.349986270000,7237.274711892780476506351580,8999.08793774000000000000
1652831999999,2022-05-17 23:59,9575.349986270000,7320.916237087273124522669660,8999.08793774000000000000
1652846399999,2022-05-18 03:59,9575.349986270000,7173.386956519836733258146800,8999.08793774000000000000
1652860799999,2022-05-18 07:59,9575.349986270000,7192.347209111792072770815500,8999.08793774000000000000
1652875199999,2022-05-18 11:59,9575.349986270000,7173.911158810901573335985960,8999.08793774000000000000
1652889599999,2022-05-18 15:59,9575.349986270000,6969.859405519748985421521380,8999.08793774000000000000
1652903999999,2022-05-18 19:59,9575.349986270000,7039.967855053173193263166100,8999.08793774000000000000
1652918399999,2022-05-18 23:59,9575.349986270000,6905.014620275962093774325840,8999.08793774000000000000
1652932799999,2022-05-19 03:59,9575.349986270000,7020.786379475997829497464360,8999.08793774000000000000
1652947199999,2022-05-19 07:59,9575.349986270000,7019.668241561570533001156060,8999.08793774000000000000
1652961599999,2022-05-19 11:59,9575.349986270000,7093.746681840628002166252400,8999.08793774000000000000
1652975999999,2022-05-19 15:59,9575.349986270000,7307.575529239439488046285900,8999.08793774000000000000
1652990399999,2022-05-19 19:59,9575.349986270000,7206.089484769753361967378800,8999.08793774000000000000
1653004799999,2022-05-19 23:59,9575.349986270000,7290.690444432754593428916260,8999.08793774000000000000
1653019199999,2022-05-20 03:59,9575.349986270000,7256.016146097181226812215860,8999.08793774000000000000
1653033599999,2022-05-20 07:59,9575.349986270000,7275.664113621450989546269880,8999.08793774000000000000
1653047999999,2022-05-20 11:59,9575.349986270000,7313.495648691740571861148340,8999.08793774000000000000
1653062399999,2022-05-20 15:59,9575.349986270000,7010.235004920068846646279800,8999.08793774000000000000
1653076799999,2022-05-20 19:59,9575.349986270000,7043.574751551325762606096100,8999.08793774000000000000
1653091199999,2022-05-20 23:59,9575.349986270000,7021.803524288476854052170620,8999.08793774000000000000
1653105599999,2022-05-21 03:59,9575.349986270000,7035.550609141769013341191160,8999.08793774000000000000
1653119999999,2022-05-21 07:59,9575.349986270000,7075.226470621447276113421160,8999.08793774000000000000
1653134399999,2022-05-21 11:59,9575.349986270000,7042.721119380096321194936000,8999.08793774000000000000
1653148799999,2022-05-21 15:59,9575.349986270000,7106.315513837856988803249140,8999.08793774000000000000
1653163199999,2022-05-21 19:59,9575.349986270000,7085.116580819381621251735220,8999.08793774000000000000
1653177599999,2022-05-21 23:59,9575.349986270000,7080.487730313419157261641720,8999.08793774000000000000
1653191999999,2022-05-22 03:59,9575.349986270000,7060.875831754130920221017000,8999.08793774000000000000
1653206399999,2022-05-22 07:59,9575.349986270000,7079.699022279156462098654360,8999.08793774000000000000
1653220799999,2022-05-22 11:59,9575.349986270000,7189.286156283693258921782240,8999.08793774000000000000
1653235199999,2022-05-22 15:59,9575.349986270000,7176.419154175950326552436620,8999.08793774000000000000
1653249599999,2022-05-22 19:59,9575.349986270000,7198.541452697952751855740620,8999.08793774000000000000
1653263999999,2022-05-22 23:59,9575.349986270000,7284.609216936869361516736280,8999.08793774000000000000
1653278399999,2022-05-23 03:59,9575.349986270000,7255.124040363304824661397840,8999.08793774000000000000
1653292799999,2022-05-23 07:59,9575.349986270000,7323.820991067118660366842620,8999.08793774000000000000
1653307199999,2022-05-23 11:59,9575.349986270000,7309.417451051162733457408820,8999.08793774000000000000
1653321599999,2022-05-23 15:59,9575.349986270000,7303.747409756066894450322860,8999.08793774000000000000
1653335999999,2022-05-23 19:59,9575.349986270000,6995.086039627828055405973800,8999.08793774000000000000
1653350399999,2022-05-23 23:59,9575.349986270000,6999.714890133790519396067300,8999.08793774000000000000
1653364799999,2022-05-24 03:59,9575.349986270000,7045.587399797294896299451040,8999.08793774000000000000
1653379199999,2022-05-24 07:59,9575.349986270000,7070.746705170741784989502100,8999.08793774000000000000
1653393599999,2022-05-24 11:59,9575.349986270000,7044.582277973143046975887880,8999.08793774000000000000
1653407999999,2022-05-24 15:59,9575.349986270000,7065.398879962814242177051220,8999.08793774000000000000
1653422399999,2022-05-24 19:59,9575.349986270000,7067.637560389334270215896440,8999.08793774000000000000
1653436799999,2022-05-24 23:59,9575.349986270000,7130.868860599614245843687960,8999.08793774000000000000
1653451199999,2022-05-25 03:59,9575.349986270000,7261.561148313674443415413580,8999.08793774000000000000
1653465599999,2022-05-25 07:59,9575.349986270000,7142.141614455173742563458520,8999.08793774000000000000
1653479999999,2022-05-25 11:59,9575.349986270000,7071.819155729525815607466620,8999.08793774000000000000
1653494399999,2022-05-25 15:59,9575.349986270000,7124.804465287387059255108320,8999.08793774000000000000
1653508799999,2022-05-25 19:59,9575.349986270000,7117.528152751780609367304200,8999.08793774000000000000
1653523199999,2022-05-25 23:59,9575.349986270000,7103.833969047128021095313300,8999.08793774000000000000
1653537599999,2022-05-26 03:59,9575.349986270000,7174.772004775127319885831920,8999.08793774000000000000
1653551999999,2022-05-26 07:59,9575.349986270000,7149.894037328536331604529400,8999.08793774000000000000
1653566399999,2022-05-26 11:59,9575.349986270000,6973.083970989097382414100800,8999.08793774000000000000
1653580799999,2022-05-26 15:59,9575.349986270000,7067.993440843818657057732200,8999.08793774000000000000
1653595199999,2022-05-26 19:59,9575.349986270000,7064.785707558128305388753120,8999.08793774000000000000
1653609599999,2022-05-26 23:59,9575.349986270000,7021.885280609101645623943700,8999.08793774000000000000
1653623999999,2022-05-27 03:59,9575.349986270000,6978.280306544102517314148620,8999.08793774000000000000
1653638399999,2022-05-27 07:59,9575.349986270000,6971.783083652097022404417380,8999.08793774000000000000
1653652799999,2022-05-27 11:59,9575.349986270000,6952.539088535620347436771520,8999.08793774000000000000
1653667199999,2022-05-27 15:59,9575.349986270000,6937.507948528985873461667900,8999.08793774000000000000
1653681599999,2022-05-27 19:59,9575.349986270000,6944.613534630346435067240000,8999.08793774000000000000
1653695999999,2022-05-27 23:59,9575.349986270000,6884.450501041161578427167600,8999.08793774000000000000
1653710399999,2022-05-28 03:59,9575.349986270000,6929.993580824501353997230400,8999.08793774000000000000
1653724799999,2022-05-28 07:59,9575.349986270000,6945.988964494975281510010640,8999.08793774000000000000
1653739199999,2022-05-28 11:59,9575.349986270000,6932.114435965415064770873240,8999.08793774000000000000
1653753599999,2022-05-28 15:59,9575.349986270000,6970.633685968019070307137020,8999.08793774000000000000
1653767999999,2022-05-28 19:59,9575.349986270000,6978.234619188459251435804840,8999.08793774000000000000
1653782399999,2022-05-28 23:59,9575.349986270000,6981.002311101374989644946460,8999.08793774000000000000
1653796799999,2022-05-29 03:59,9575.349986270000,6969.698297476164837324203840,8999.08793774000000000000
1653811199999,2022-05-29 07:59,9575.349986270000,6975.476545666205253411577700,8999.08793774000000000000
1653825599999,2022-05-29 11:59,9575.349986270000,7024.891027690895453409718700,8999.08793774000000000000
1653839999999,2022-05-29 15:59,9575.349986270000,7025.403206993633118256414760,8999.08793774000000000000
1653854399999,2022-05-29 19:59,9575.349986270000,7003.865225704331409186665420,8999.08793774000000000000
1653868799999,2022-05-29 23:59,9575.349986270000,7086.027923334581503772382200,8999.08793774000000000000
1653883199999,2022-05-30 03:59,9575.349986270000,7298.827602932586789866566340,8999.08793774000000000000
1653897599999,2022-05-30 07:59,9575.349986270000,7366.889739852725773367655440,8999.08793774000000000000
1653911999999,2022-05-30 11:59,9575.349986270000,7373.923188024123283586368940,8999.08793774000000000000
1653926399999,2022-05-30 15:59,9575.349986270000,7366.399201928977023937016960,8999.08793774000000000000
1653940799999,2022-05-30 19:59,9575.349986270000,7368.570553620864870681460820,8999.08793774000000000000
1653955199999,2022-05-30 23:59,9575.349986270000,7630.938609494148199732417640,8999.08793774000000000000
1653969599999,2022-05-31 03:59,9575.349986270000,7640.220356482727478174890840,8999.08793774000000000000
1653983999999,2022-05-31 07:59,9575.349986270000,7592.356839952242882994209740,8999.08793774000000000000
1653998399999,2022-05-31 11:59,9575.349986270000,7638.820880641444281269834000,8999.08793774000000000000
1654012799999,2022-05-31 15:59,9575.349986270000,7708.922116381872183972792860,8999.08793774000000000000
1654027199999,2022-05-31 19:59,9575.349986270000,7604.846320226512513105662020,8999.08793774000000000000
1654041599999,2022-05-31 23:59,9575.349986270000,7647.006131094585178632056480,8999.08793774000000000000
1654055999999,2022-06-01 03:59,9575.349986270000,7605.228651255316685456012600,8999.08793774000000000000
1654070399999,2022-06-01 07:59,9575.349986270000,7570.393244876159170741994660,8999.08793774000000000000
1654084799999,2022-06-01 11:59,9575.349986270000,7600.866711090217511597295920,8999.08793774000000000000
1654099199999,2022-06-01 15:59,9575.349986270000,7392.491491196612710563772580,8999.08793774000000000000
1654113599999,2022-06-01 19:59,9575.349986270000,7244.399534775464518481752640,8999.08793774000000000000
1654127999999,2022-06-01 23:59,9575.349986270000,7167.238400289319320051565460,8999.08793774000000000000
1654142399999,2022-06-02 03:59,9575.349986270000,7149.033191364310585054683440,8999.08793774000000000000
1654156799999,2022-06-02 07:59,9575.349986270000,7206.296280168980775943040120,8999.08793774000000000000
1654171199999,2022-06-02 11:59,9575.349986270000,7255.689120814682060525123540,8999.08793774000000000000
1654185599999,2022-06-02 15:59,9575.349986270000,7265.081479295871351094113260,8999.08793774000000000000
1654199999999,2022-06-02 19:59,9575.349986270000,7284.385589353983902217474620,8999.08793774000000000000
1654214399999,2022-06-02 23:59,9575.349986270000,7322.765372691992675072478440,8999.08793774000000000000
1654228799999,2022-06-03 03:59,9575.349986270000,7341.362531036467322604625520,8999.08793774000000000000
1654243199999,2022-06-03 07:59,9575.349986270000,7320.630089965086354021463880,8999.08793774000000000000
1654257599999,2022-06-03 11:59,9575.349986270000,7155.782897011186759818419780,8999.08793774000000000000
1654271999999,2022-06-03 15:59,9575.349986270000,7095.199058830550770088338880,8999.08793774000000000000
1654286399999,2022-06-03 19:59,9575.349986270000,7111.136732157054256491632240,8999.08793774000000000000
1654300799999,2022-06-03 23:59,9575.349986270000,7141.841039746994361784881020,8999.08793774000000000000
1654315199999,2022-06-04 03:59,9575.349986270000,7108.155031051914799168143440,8999.08793774000000000000
1654329599999,2022-06-04 07:59,9575.349986270000,7142.021384571901990252027520,8999.08793774000000000000
1654343999999,2022-06-04 11:59,9575.349986270000,7137.387724870608656169476780,8999.08793774000000000000
1654358399999,2022-06-04 15:59,9575.349986270000,7179.975554123128759924565600,8999.08793774000000000000
1654372799999,2022-06-04 19:59,9575.349986270000,7131.068442205845354680663420,8999.08793774000000000000
1654387199999,2022-06-04 23:59,9575.349986270000,7181.235563299816724148362480,8999.08793774000000000000
1654401599999,2022-06-05 03:59,9575.349986270000,7157.889324566107860314690900,8999.08793774000000000000
1654415999999,2022-06-05 07:59,9575.349986270000,7128.726364079711619653987540,8999.08793774000000000000
1654430399999,2022-06-05 11:59,9575.349986270000,7146.284736232718327215370780,8999.08793774000000000000
1654444799999,2022-06-05 15:59,9575.349986270000,7207.248500844493054249573640,8999.08793774000000000000
1654459199999,2022-06-05 19:59,9575.349986270000,7225.917797118930753168579320,8999.08793774000000000000
1654473599999,2022-06-05 23:59,9575.349986270000,7194.501728620021874191659020,8999.08793774000000000000
1654487999999,2022-06-06 03:59,9575.349986270000,7514.743641104995895873042000,8999.08793774000000000000
1654502399999,2022-06-06 07:59,9575.349986270000,7524.787645553518083969987740,8999.08793774000000000000
1654516799999,2022-06-06 11:59,9575.349986270000,7549.781033688049954470264020,8999.08793774000000000000
1654531199999,2022-06-06 15:59,9575.349986270000,7584.577966504560508444624040,8999.08793774000000000000
1654545599999,2022-06-06 19:59,9575.349986270000,7567.577461009934731608280640,8999.08793774000000000000
1654559999999,2022-06-06 23:59,9575.349986270000,7544.103778599957810324492200,8999.08793774000000000000
1654574399999,2022-06-07 03:59,9575.349986270000,7108.996640234817065348160440,8999.08793774000000000000
1654588799999,2022-06-07 07:59,9575.349986270000,7114.166525215502414739693440,8999.08793774000000000000
1654603199999,2022-06-07 11:59,9575.349986270000,7098.868474868004650633213000,8999.08793774000000000000
1654617599999,2022-06-07 15:59,9575.349986270000,7187.759236766142004566608540,8999.08793774000000000000
1654631999999,2022-06-07 19:59,9575.349986270000,7468.746092362888896565770020,8999.08793774000000000000
1654646399999,2022-06-07 23:59,9575.349986270000,7484.525062243473669917974460,8999.08793774000000000000
1654660799999,2022-06-08 03:59,9575.349986270000,7220.353558121114056195552640,8999.08793774000000000000
1654675199999,2022-06-08 07:59,9575.349986270000,7349.011556210216204657865740,8999.08793774000000000000
1654689599999,2022-06-08 11:59,9575.349986270000,7312.721368243470486975532700,8999.08793774000000000000
1654703999999,2022-06-08 15:59,9575.349986270000,7328.572476054018311714595740,8999.08793774000000000000
1654718399999,2022-06-08 19:59,9575.349986270000,7247.626504842478350520560680,8999.08793774000000000000
1654732799999,2022-06-08 23:59,9575.349986270000,7263.167419554185054296131740,8999.08793774000000000000
1654747199999,2022-06-09 03:59,9575.349986270000,7284.501010041924784436448380,8999.08793774000000000000
1654761599999,2022-06-09 07:59,9575.349986270000,7331.162227739691856502819480,8999.08793774000000000000
1654775999999,2022-06-09 11:59,9575.349986270000,7285.938959445854942081163140,8999.08793774000000000000
1654790399999,2022-06-09 15:59,9575.349986270000,7286.605032999180449886490880,8999.08793774000000000000
1654804799999,2022-06-09 19:59,9575.349986270000,7218.045144362296411816077440,8999.08793774000000000000
1654819199999,2022-06-09 23:59,9575.349986270000,7240.362215295199075863899660,8999.08793774000000000000
1654833599999,2022-06-10 03:59,9575.349986270000,7241.432261256317671435635560,8999.08793774000000000000
1654847999999,2022-06-10 07:59,9575.349986270000,7226.535778718947560049334660,8999.08793774000000000000
1654862399999,2022-06-10 11:59,9575.349986270000,7218.872325959206067718722720,8999.08793774000000000000
1654876799999,2022-06-10 15:59,9575.349986270000,7082.764884302586146040144860,8999.08793774000000000000
1654891199999,2022-06-10 19:59,9575.349986270000,6968.664320480027767445897240,8999.08793774000000000000
1654905599999,2022-06-10 23:59,9575.349986270000,6995.562149965584194559240560,8999.08793774000000000000
1654919999999,2022-06-11 03:59,9575.349986270000,7038.977160815013954216974660,8999.08793774000000000000
1654934399999,2022-06-11 07:59,9575.349986270000,7052.058172114980605700667460,8999.08793774000000000000
1654948799999,2022-06-11 11:59,9575.349986270000,6909.508813312660195175616620,8999.08793774000000000000
1654963199999,2022-06-11 15:59,9575.349986270000,6830.524993796115231704135480,8999.08793774000000000000
1654977599999,2022-06-11 19:59,9575.349986270000,6876.149829900079798845971360,8999.08793774000000000000
1654991999999,2022-06-11 23:59,9575.349986270000,6835.132202923088780278171400,8999.08793774000000000000
1655006399999,2022-06-12 03:59,9575.349986270000,6625.578730173420806592624260,8999.08793774000000000000
1655020799999,2022-06-12 07:59,9575.349986270000,6647.859732141341944947017180,8999.08793774000000000000
1655035199999,2022-06-12 11:59,9575.349986270000,6602.533066147891323537530180,8999.08793774000000000000
1655049599999,2022-06-12 15:59,9575.349986270000,6755.713151229100073439310040,8999.08793774000000000000
1655063999999,2022-06-12 19:59,9575.349986270000,6594.674840977249592462400020,8999.08793774000000000000
1655078399999,2022-06-12 23:59,9575.349986270000,6390.240756657292832197584860,8999.08793774000000000000
1655092799999,2022-06-13 03:59,9575.349986270000,6136.680742032498077482063100,8999.08793774000000000000
1655107199999,2022-06-13 07:59,9575.349986270000,5966.324615827086792369250580,8999.08793774000000000000
1655121599999,2022-06-13 11:59,9575.349986270000,5706.108674864367829692908660,8999.08793774000000000000
1655135999999,2022-06-13 15:59,9575.349986270000,5596.004552361762497930627480,8999.08793774000000000000
1655150399999,2022-06-13 19:59,9575.349986270000,5583.183237609662831439625640,8999.08793774000000000000
1655164799999,2022-06-13 23:59,9575.349986270000,5407.452835622004218005847420,8999.08793774000000000000
1655179199999,2022-06-14 03:59,9575.349986270000,5321.007549549614306086958420,8999.08793774000000000000
1655193599999,2022-06-14 07:59,9575.349986270000,5501.258595148290806430542240,8999.08793774000000000000
1655207999999,2022-06-14 11:59,9575.349986270000,5288.942239681037964628310720,8999.08793774000000000000
1655222399999,2022-06-14 15:59,9575.349986270000,5453.854356771904305079527560,8999.08793774000000000000
1655236799999,2022-06-14 19:59,9575.349986270000,5337.447783788193717152033360,8999.08793774000000000000
1655251199999,2022-06-14 23:59,9575.349986270000,5323.051457565234095381285420,8999.08793774000000000000
1655265599999,2022-06-15 03:59,9575.349986270000,5159.392135858059414015179600,8999.08793774000000000000
1655279999999,2022-06-15 07:59,9575.349986270000,4983.163982153655746012077040,8999.08793774000000000000
1655294399999,2022-06-15 11:59,9575.349986270000,5092.359166738726630299939860,8999.08793774000000000000
1655308799999,2022-06-15 15:59,9575.349986270000,5150.567262425912794356144200,8999.08793774000000000000
1655323199999,2022-06-15 19:59,9575.349986270000,5201.770765113686668748378480,8999.08793774000000000000
1655337599999,2022-06-15 23:59,9575.349986270000,5430.611515737809148233686640,8999.08793774000000000000
1655351999999,2022-06-16 03:59,9575.349986270000,5341.136436606971078066736440,8999.08793774000000000000
1655366399999,2022-06-16 07:59,9575.349986270000,5233.542714067079934567134540,8999.08793774000000000000
1655380799999,2022-06-16 11:59,9575.349986270000,5060.503056867043137863182100,8999.08793774000000000000
1655395199999,2022-06-16 15:59,9575.349986270000,5067.769751011987847566071740,8999.08793774000000000000
1655409599999,2022-06-16 19:59,9575.349986270000,5019.848524137532811275903760,8999.08793774000000000000
1655423999999,2022-06-16 23:59,9575.349986270000,4905.829716635599224253429220,8999.08793774000000000000
1655438399999,2022-06-17 03:59,9575.349986270000,4901.518273021474186365513560,8999.08793774000000000000
1655452799999,2022-06-17 07:59,9575.349986270000,5073.990445172468312159511680,8999.08793774000000000000
1655467199999,2022-06-17 11:59,9575.349986270000,5043.067319194973617659458480,8999.08793774000000000000
1655481599999,2022-06-17 15:59,9575.349986270000,4968.923954778949402246189400,8999.08793774000000000000
1655495999999,2022-06-17 19:59,9575.349986270000,4933.309458756190932554098580,8999.08793774000000000000
1655510399999,2022-06-17 23:59,9575.349986270000,4922.060750877285786296614220,8999.08793774000000000000
1655524799999,2022-06-18 03:59,9575.349986270000,4919.858139415747283951198300,8999.08793774000000000000
1655539199999,2022-06-18 07:59,9575.349986270000,4631.049127613340186570335960,8999.08793774000000000000
1655553599999,2022-06-18 11:59,9575.349986270000,4627.538415021805019076550760,8999.08793774000000000000
1655567999999,2022-06-18 15:59,9575.349986270000,4557.752181575549107429541120,8999.08793774000000000000
1655582399999,2022-06-18 19:59,9575.349986270000,4344.666354855357050834151200,8999.08793774000000000000
1655596799999,2022-06-18 23:59,9575.349986270000,4561.847211399784991156880980,8999.08793774000000000000
1655611199999,2022-06-19 03:59,9575.349986270000,4403.215903411034991454819580,8999.08793774000000000000
1655625599999,2022-06-19 07:59,9575.349986270000,4402.215590782214012223713660,8999.08793774000000000000
1655639999999,2022-06-19 11:59,9575.349986270000,4735.389429511897712522615000,8999.08793774000000000000
1655654399999,2022-06-19 15:59,9575.349986270000,4767.243134785915769913144140,8999.08793774000000000000
1655668799999,2022-06-19 19:59,9575.349986270000,4839.167055556743437657396960,8999.08793774000000000000
1655683199999,2022-06-19 23:59,9575.349986270000,4947.354713719997037575468000,8999.08793774000000000000
1655697599999,2022-06-20 03:59,9575.349986270000,4804.639437678761608860642380,8999.08793774000000000000
1655711999999,2022-06-20 07:59,9575.349986270000,4830.161837299689189531215060,8999.08793774000000000000
1655726399999,2022-06-20 11:59,9575.349986270000,5002.129043940941955617202980,8999.08793774000000000000
1655740799999,2022-06-20 15:59,9575.349986270000,5007.647595583115386711885880,8999.08793774000000000000
1655755199999,2022-06-20 19:59,9575.349986270000,4826.838683326057955643262220,8999.08793774000000000000
1655769599999,2022-06-20 23:59,9575.349986270000,4947.328263145677252066953180,8999.08793774000000000000
1655783999999,2022-06-21 03:59,9575.349986270000,4956.982722772398962674862480,8999.08793774000000000000
1655798399999,2022-06-21 07:59,9575.349986270000,5078.713074987382742952521360,8999.08793774000000000000
1655812799999,2022-06-21 11:59,9575.349986270000,5040.754096240825103187526040,8999.08793774000000000000
1655827199999,2022-06-21 15:59,9575.349986270000,5144.096490108227084954927780,8999.08793774000000000000
1655841599999,2022-06-21 19:59,9575.349986270000,5023.012974665245332112767680,8999.08793774000000000000
1655855999999,2022-06-21 23:59,9575.349986270000,4983.308258013581848785794240,8999.08793774000000000000
1655870399999,2022-06-22 03:59,9575.349986270000,4885.768158312874633568052560,8999.08793774000000000000
1655884799999,2022-06-22 07:59,9575.349986270000,4833.285409667089314582192440,8999.08793774000000000000
1655899199999,2022-06-22 11:59,9575.349986270000,4931.075587525001774607710600,8999.08793774000000000000
1655913599999,2022-06-22 15:59,9575.349986270000,4828.591635024160104343926200,8999.08793774000000000000
1655927999999,2022-06-22 19:59,9575.349986270000,4837.546356730240216499307080,8999.08793774000000000000
1655942399999,2022-06-22 23:59,9575.349986270000,4806.442885927837893532107380,8999.08793774000000000000
1655956799999,2022-06-23 03:59,9575.349986270000,4860.738701213361237374346980,8999.08793774000000000000
1655971199999,2022-06-23 07:59,9575.349986270000,4920.382341706812124029037460,8999.08793774000000000000
1655985599999,2022-06-23 11:59,9575.349986270000,4962.934101994350702090696980,8999.08793774000000000000
1655999999999,2022-06-23 15:59,9575.349986270000,4893.951004168350095884046420,8999.08793774000000000000
1656014399999,2022-06-23 19:59,9575.349986270000,5028.163622864607201134471720,8999.08793774000000000000
1656028799999,2022-06-23 23:59,9575.349986270000,5076.272408356966171030472060,8999.08793774000000000000
1656043199999,2022-06-24 03:59,9575.349986270000,5067.519672854782602758295260,8999.08793774000000000000
1656057599999,2022-06-24 07:59,9575.349986270000,5029.043705610156428054146640,8999.08793774000000000000
1656071999999,2022-06-24 11:59,9575.349986270000,5090.555718489650345628474860,8999.08793774000000000000
1656086399999,2022-06-24 15:59,9575.349986270000,5021.938119508795866448574540,8999.08793774000000000000
1656100799999,2022-06-24 19:59,9575.349986270000,5110.773575660628214318711820,8999.08793774000000000000
1656115199999,2022-06-24 23:59,9575.349986270000,5106.945456177255620722748780,8999.08793774000000000000
1656129599999,2022-06-25 03:59,9575.349986270000,5122.077589285838366639454440,8999.08793774000000000000
1656143999999,2022-06-25 07:59,9575.349986270000,5171.975395441281010929548060,8999.08793774000000000000
1656158399999,2022-06-25 11:59,9575.349986270000,5131.599796040961149704789640,8999.08793774000000000000
1656172799999,2022-06-25 15:59,9575.349986270000,5040.626652564557045737409180,8999.08793774000000000000
1656187199999,2022-06-25 19:59,9575.349986270000,5099.373378128800660148824400,8999.08793774000000000000
1656201599999,2022-06-25 23:59,9575.349986270000,5167.902006996034042618265780,8999.08793774000000000000
1656215999999,2022-06-26 03:59,9575.349986270000,5152.281740561367982317150260,8999.08793774000000000000
1656230399999,2022-06-26 07:59,9575.349986270000,5145.137680897360459971920240,8999.08793774000000000000
1656244799999,2022-06-26 11:59,9575.349986270000,5220.180364840257382674693200,8999.08793774000000000000
1656259199999,2022-06-26 15:59,9575.349986270000,5128.206908735032299476206820,8999.08793774000000000000
1656273599999,2022-06-26 19:59,9575.349986270000,5117.984964059267917958343200,8999.08793774000000000000
1656287999999,2022-06-26 23:59,9575.349986270000,5058.944877579841227907036340,8999.08793774000000000000
1656302399999,2022-06-27 03:59,9575.349986270000,5090.986141471763218903397840,8999.08793774000000000000
1656316799999,2022-06-27 07:59,9575.349986270000,5137.130370671461756030615640,8999.08793774000000000000
1656331199999,2022-06-27 11:59,9575.349986270000,5123.022596168354339807302100,8999.08793774000000000000
1656345599999,2022-06-27 15:59,9575.349986270000,4990.813007327404628065317260,8999.08793774000000000000
1656359999999,2022-06-27 19:59,9575.349986270000,5015.012878232342933310148940,8999.08793774000000000000
1656374399999,2022-06-27 23:59,9575.349986270000,4987.886611968570176805086720,8999.08793774000000000000
1656388799999,2022-06-28 03:59,9575.349986270000,4986.075949926497586994935860,8999.08793774000000000000
1656403199999,2022-06-28 07:59,9575.349986270000,5020.788721824717914351294180,8999.08793774000000000000
1656417599999,2022-06-28 11:59,9575.349986270000,5049.340914504093653269928060,8999.08793774000000000000
1656431999999,2022-06-28 15:59,9575.349986270000,4955.145610156006587356196800,8999.08793774000000000000
1656446399999,2022-06-28 19:59,9575.349986270000,4870.650452790284497928718620,8999.08793774000000000000
1656460799999,2022-06-28 23:59,9575.349986270000,4876.969735455047799417531980,8999.08793774000000000000
1656475199999,2022-06-29 03:59,9575.349986270000,4877.371303265175452137711520,8999.08793774000000000000
1656489599999,2022-06-29 07:59,9575.349986270000,4831.873910837478942445992500,8999.08793774000000000000
1656503999999,2022-06-29 11:59,9575.349986270000,4834.530991257784668528617600,8999.08793774000000000000
1656518399999,2022-06-29 15:59,9575.349986270000,4829.644848801620654592061760,8999.08793774000000000000
1656532799999,2022-06-29 19:59,9575.349986270000,4863.104825316149322863309060,8999.08793774000000000000
1656547199999,2022-06-29 23:59,9575.349986270000,4838.909763606541887710934620,8999.08793774000000000000
1656561599999,2022-06-30 03:59,9575.349986270000,4827.848614345540675059282620,8999.08793774000000000000
1656575999999,2022-06-30 07:59,9575.349986270000,4673.687453416834426296225800,8999.08793774000000000000
1656590399999,2022-06-30 11:59,9575.349986270000,4593.244043117370389763972320,8999.08793774000000000000
1656604799999,2022-06-30 15:59,9575.349986270000,4603.492438367454556790350760,8999.08793774000000000000
1656619199999,2022-06-30 19:59,9575.349986270000,4551.399234543469715293527080,8999.08793774000000000000
1656633599999,2022-06-30 23:59,9575.349986270000,4795.434637815476251897485020,8999.08793774000000000000
1656647999999,2022-07-01 03:59,9575.349986270000,4744.589420179852199393315120,8999.08793774000000000000
1656662399999,2022-07-01 07:59,9575.349986270000,4708.123696583529723336292820,8999.08793774000000000000
1656676799999,2022-07-01 11:59,9575.349986270000,4614.806070383326449296007860,8999.08793774000000000000
1656691199999,2022-07-01 15:59,9575.349986270000,4638.830405658687996166150280,8999.08793774000000000000
1656705599999,2022-07-01 19:59,9575.349986270000,4662.691228292799959892746540,8999.08793774000000000000
1656719999999,2022-07-01 23:59,9575.349986270000,4636.151683859393354667467600,8999.08793774000000000000
1656734399999,2022-07-02 03:59,9575.349986270000,4600.347224621065516323315800,8999.08793774000000000000
1656748799999,2022-07-02 07:59,9575.349986270000,4599.363744175902582415810220,8999.08793774000000000000
1656763199999,2022-07-02 11:59,9575.349986270000,4615.811192207478298619571020,8999.08793774000000000000
1656777599999,2022-07-02 15:59,9575.349986270000,4624.030107027935286628994180,8999.08793774000000000000
1656791999999,2022-07-02 19:59,9575.349986270000,4634.581481583864269480178740,8999.08793774000000000000
1656806399999,2022-07-02 23:59,9575.349986270000,4629.661674760384164896422220,8999.08793774000000000000
1656820799999,2022-07-03 03:59,9575.349986270000,4632.422152880303597966877980,8999.08793774000000000000
1656835199999,2022-07-03 07:59,9575.349986270000,4602.472888957310097189415880,8999.08793774000000000000
1656849599999,2022-07-03 11:59,9575.349986270000,4590.464328216127476323687600,8999.08793774000000000000
1656863999999,2022-07-03 15:59,9575.349986270000,4580.119749059425907448164360,8999.08793774000000000000
1656878399999,2022-07-03 19:59,9575.349986270000,4687.215719882571996378441920,8999.08793774000000000000
1656892799999,2022-07-03 23:59,9575.349986270000,4644.815449247955826229185460,8999.08793774000000000000
1656907199999,2022-07-04 03:59,9575.349986270000,4593.768245408435229841811480,8999.08793774000000000000
1656921599999,2022-07-04 07:59,9575.349986270000,4597.870489025667418707837200,8999.08793774000000000000
1656935999999,2022-07-04 11:59,9575.349986270000,4762.799438300191804482654380,8999.08793774000000000000
1656950399999,2022-07-04 15:59,9575.349986270000,4761.592330272143411275887140,8999.08793774000000000000
1656964799999,2022-07-04 19:59,9575.349986270000,4768.450242813964163119911380,8999.08793774000000000000
1656979199999,2022-07-04 23:59,9575.349986270000,4866.250039062538363330344020,8999.08793774000000000000
1656993599999,2022-07-05 03:59,9575.349986270000,4884.589905456811460916028760,8999.08793774000000000000
1657007999999,2022-07-05 07:59,9575.349986270000,4861.195574769793896157784780,8999.08793774000000000000
1657022399999,2022-07-05 11:59,9575.349986270000,4694.003899092095131881836180,8999.08793774000000000000
1657036799999,2022-07-05 15:59,9575.349986270000,4693.905310587812294986462760,8999.08793774000000000000
1657051199999,2022-07-05 19:59,9575.349986270000,4905.084291359314359922557020,8999.08793774000000000000
1657065599999,2022-07-05 23:59,9575.349986270000,4851.610848475369801890505460,8999.08793774000000000000
1657079999999,2022-07-06 03:59,9575.349986270000,4797.661295253669104705187140,8999.08793774000000000000
1657094399999,2022-07-06 07:59,9575.349986270000,4848.338191052712703973353640,8999.08793774000000000000
1657108799999,2022-07-06 11:59,9575.349986270000,4834.201561377620067195296660,8999.08793774000000000000
1657123199999,2022-07-06 15:59,9575.349986270000,4845.125648571691482211917320,8999.08793774000000000000
1657137599999,2022-07-06 19:59,9575.349986270000,4888.333864021893827893990100,8999.08793774000000000000
1657151999999,2022-07-06 23:59,9575.349986270000,4945.072750535499178704507620,8999.08793774000000000000
1657166399999,2022-07-07 03:59,9575.349986270000,4924.898176122499140846385820,8999.08793774000000000000
1657180799999,2022-07-07 07:59,9575.349986270000,4915.135509600832853158188620,8999.08793774000000000000
1657195199999,2022-07-07 11:59,9575.349986270000,4931.443490967813336680689460,8999.08793774000000000000
1657209599999,2022-07-07 15:59,9575.349986270000,5022.964882711936631188195280,8999.08793774000000000000
1657223999999,2022-07-07 19:59,9575.349986270000,5245.156920791131207851369140,8999.08793774000000000000
1657238399999,2022-07-07 23:59,9575.349986270000,5200.073119161889526110972760,8999.08793774000000000000
1657252799999,2022-07-08 03:59,9575.349986270000,5321.644767930954593337542720,8999.08793774000000000000
1657267199999,2022-07-08 07:59,9575.349986270000,5241.590902453291034294325680,8999.08793774000000000000
1657281599999,2022-07-08 11:59,9575.349986270000,5190.214268733605836573630760,8999.08793774000000000000
1657295999999,2022-07-08 15:59,9575.349986270000,5281.237908760984076511812240,8999.08793774000000000000
1657310399999,2022-07-08 19:59,9575.349986270000,5245.019858724201410216337800,8999.08793774000000000000
1657324799999,2022-07-08 23:59,9575.349986270000,5192.804020419279381361854500,8999.08793774000000000000
1657339199999,2022-07-09 03:59,9575.349986270000,5197.101036447411808972398440,8999.08793774000000000000
1657353599999,2022-07-09 07:59,9575.349986270000,5207.224392618893353594888640,8999.08793774000000000000
1657367999999,2022-07-09 11:59,9575.349986270000,5157.345823244774189674623980,8999.08793774000000000000
1657382399999,2022-07-09 15:59,9575.349986270000,5181.298020590172685157907800,8999.08793774000000000000
1657396799999,2022-07-09 19:59,9575.349986270000,5199.212273197663779561126800,8999.08793774000000000000
1657411199999,2022-07-09 23:59,9575.349986270000,5192.101877900972347863097460,8999.08793774000000000000
1657425599999,2022-07-10 03:59,9575.349986270000,5120.721396202533000566512760,8999.08793774000000000000
1657439999999,2022-07-10 07:59,9575.349986270000,5131.094830531219789996779440,8999.08793774000000000000
1657454399999,2022-07-10 11:59,9575.349986270000,5122.370950201021442279346080,8999.08793774000000000000
1657468799999,2022-07-10 15:59,9575.349986270000,5025.686887269209103518993120,8999.08793774000000000000
1657483199999,2022-07-10 19:59,9575.349986270000,5030.683641217983129582065480,8999.08793774000000000000
1657497599999,2022-07-10 23:59,9575.349986270000,5016.720142574801816132469140,8999.08793774000000000000
1657511999999,2022-07-11 03:59,9575.349986270000,4939.344998896432898587934780,8999.08793774000000000000
1657526399999,2022-07-11 07:59,9575.349986270000,4915.111463624178502695902420,8999.08793774000000000000
1657540799999,2022-07-11 11:59,9575.349986270000,4923.082704885095680943777720,8999.08793774000000000000
1657555199999,2022-07-11 15:59,9575.349986270000,4914.517528000816046277433280,8999.08793774000000000000
1657569599999,2022-07-11 19:59,9575.349986270000,4931.837844984944684262183140,8999.08793774000000000000
1657583999999,2022-07-11 23:59,9575.349986270000,4800.580476819507250826731820,8999.08793774000000000000
1657598399999,2022-07-12 03:59,9575.349986270000,4795.463492987461472452228460,8999.08793774000000000000
1657612799999,2022-07-12 07:59,9575.349986270000,4744.644725926157205456573380,8999.08793774000000000000
1657627199999,2022-07-12 11:59,9575.349986270000,4754.962854508538988823581800,8999.08793774000000000000
1657641599999,2022-07-12 15:59,9575.349986270000,4781.997746061025213571956460,8999.08793774000000000000
1657655999999,2022-07-12 19:59,9575.349986270000,4664.751968492077794510673880,8999.08793774000000000000
1657670399999,2022-07-12 23:59,9575.349986270000,4647.922189431697905956562500,8999.08793774000000000000
1657684799999,2022-07-13 03:59,9575.349986270000,4682.772023396848030947952160,8999.08793774000000000000
1657699199999,2022-07-13 07:59,9575.349986270000,4738.455291535327396464105500,8999.08793774000000000000
1657713599999,2022-07-13 11:59,9575.349986270000,4771.792633568918877377693180,8999.08793774000000000000
1657727999999,2022-07-13 15:59,9575.349986270000,4678.568786677667570140324400,8999.08793774000000000000
1657742399999,2022-07-13 19:59,9575.349986270000,4725.686877931867300990133300,8999.08793774000000000000
1657756799999,2022-07-13 23:59,9575.349986270000,4865.807593092098314824277940,8999.08793774000000000000
1657771199999,2022-07-14 03:59,9575.349986270000,4863.251505773740860683254880,8999.08793774000000000000
1657785599999,2022-07-14 07:59,9575.349986270000,4807.099341090501661152520640,8999.08793774000000000000
1657799999999,2022-07-14 11:59,9575.349986270000,4746.361608659277828463808060,8999.08793774000000000000
1657814399999,2022-07-14 15:59,9575.349986270000,4903.230346559263939280291000,8999.08793774000000000000
1657828799999,2022-07-14 19:59,9575.349986270000,4954.989311307753309351336500,8999.08793774000000000000
1657843199999,2022-07-14 23:59,9575.349986270000,4950.923136655502646178740080,8999.08793774000000000000
1657857599999,2022-07-15 03:59,9575.349986270000,4956.451306688337817458337460,8999.08793774000000000000
1657871999999,2022-07-15 07:59,9575.349986270000,5010.206087499138275899137560,8999.08793774000000000000
1657886399999,2022-07-15 11:59,9575.349986270000,4994.422308423222632454475880,8999.08793774000000000000
1657900799999,2022-07-15 15:59,9575.349986270000,4999.820630182124311237727780,8999.08793774000000000000
1657915199999,2022-07-15 19:59,9575.349986270000,5089.670826548770248616342700,8999.08793774000000000000
1657929599999,2022-07-15 23:59,9575.349986270000,5008.922032345795961213054480,8999.08793774000000000000
1657943999999,2022-07-16 03:59,9575.349986270000,4986.790115433131795724836000,8999.08793774000000000000
1657958399999,2022-07-16 07:59,9575.349986270000,4940.665123014756738967447160,8999.08793774000000000000
1657972799999,2022-07-16 11:59,9575.349986270000,4957.619941153739249925446780,8999.08793774000000000000
1657987199999,2022-07-16 15:59,9575.349986270000,5036.089176769881113504003240,8999.08793774000000000000
1658001599999,2022-07-16 19:59,9575.349986270000,5095.968467834544634689098480,8999.08793774000000000000
1658015999999,2022-07-16 23:59,9575.349986270000,5096.824504603439511146487200,8999.08793774000000000000
1658030399999,2022-07-17 03:59,9575.349986270000,5127.742821385603335554083160,8999.08793774000000000000
1658044799999,2022-07-17 07:59,9575.349986270000,5162.231965700938203611179820,8999.08793774000000000000
1658059199999,2022-07-17 11:59,9575.349986270000,5159.630191026937483591812980,8999.08793774000000000000
1658073599999,2022-07-17 15:59,9575.349986270000,5090.690375958914708217277580,8999.08793774000000000000
1658087999999,2022-07-17 19:59,9575.349986270000,5056.246918999223106038524700,8999.08793774000000000000
1658102399999,2022-07-17 23:59,9575.349986270000,5001.256174988389033836213920,8999.08793774000000000000
1658116799999,2022-07-18 03:59,9575.349986270000,5117.124118095042171408497240,8999.08793774000000000000
1658131199999,2022-07-18 07:59,9575.349986270000,5349.386611197078721677131660,8999.08793774000000000000
1658145599999,2022-07-18 11:59,9575.349986270000,5322.306032288949231050413220,8999.08793774000000000000
1658159999999,2022-07-18 15:59,9575.349986270000,5452.760264834131359045505460,8999.08793774000000000000
1658174399999,2022-07-18 19:59,9575.349986270000,5198.375473210092383473567040,8999.08793774000000000000
1658188799999,2022-07-18 23:59,9575.349986270000,5394.268426622423859534323960,8999.08793774000000000000
1658203199999,2022-07-19 03:59,9575.349986270000,5267.057996327913608901640100,8999.08793774000000000000
1658217599999,2022-07-19 07:59,9575.349986270000,5233.713440501325822849366560,8999.08793774000000000000
1658231999999,2022-07-19 11:59,9575.349986270000,5284.116212166509826847470380,8999.08793774000000000000
1658246399999,2022-07-19 15:59,9575.349986270000,5563.431872385779361717740960,8999.08793774000000000000
1658260799999,2022-07-19 19:59,9575.349986270000,5627.372528907362675982975380,8999.08793774000000000000
1658275199999,2022-07-19 23:59,9575.349986270000,5626.081259961024056158206440,8999.08793774000000000000
1658289599999,2022-07-20 03:59,9575.349986270000,5635.754956369069247135944700,8999.08793774000000000000
1658303999999,2022-07-20 07:59,9575.349986270000,5622.368561165592344781217160,8999.08793774000000000000
1658318399999,2022-07-20 11:59,9575.349986270000,5705.897070269809545624790100,8999.08793774000000000000
1658332799999,2022-07-20 15:59,9575.349986270000,5812.680443396449078545347060,8999.08793774000000000000
1658347199999,2022-07-20 19:59,9575.349986270000,5689.504927984538835484287560,8999.08793774000000000000
1658361599999,2022-07-20 23:59,9575.349986270000,5584.404773223703834923764600,8999.08793774000000000000
1658375999999,2022-07-21 03:59,9575.349986270000,5477.135671368646422665026400,8999.08793774000000000000
1658390399999,2022-07-21 07:59,9575.349986270000,5514.253040932301796250004720,8999.08793774000000000000
1658404799999,2022-07-21 11:59,9575.349986270000,5435.978577727060171415966480,8999.08793774000000000000
1658419199999,2022-07-21 15:59,9575.349986270000,5444.707267252589389225857080,8999.08793774000000000000
1658433599999,2022-07-21 19:59,9575.349986270000,5577.455485970596551323052800,8999.08793774000000000000
1658447999999,2022-07-21 23:59,9575.349986270000,5567.305679224795221192047780,8999.08793774000000000000
1658462399999,2022-07-22 03:59,9575.349986270000,5509.044682388969486118813800,8999.08793774000000000000
1658476799999,2022-07-22 07:59,9575.349986270000,5559.274323022242166788456980,8999.08793774000000000000
1658491199999,2022-07-22 11:59,9575.349986270000,5677.530031610672305265759960,8999.08793774000000000000
1658505599999,2022-07-22 15:59,9575.349986270000,5600.606952293405176412206160,8999.08793774000000000000
1658519999999,2022-07-22 19:59,9575.349986270000,5431.222283544829649975756120,8999.08793774000000000000
1658534399999,2022-07-22 23:59,9575.349986270000,5454.924402733022900651263460,8999.08793774000000000000
1658548799999,2022-07-23 03:59,9575.349986270000,5484.674085049785292591750100,8999.08793774000000000000
1658563199999,2022-07-23 07:59,9575.349986270000,5475.529400128135811784308240,8999.08793774000000000000
1658577599999,2022-07-23 11:59,9575.349986270000,5344.962151492678236616470860,8999.08793774000000000000
1658591999999,2022-07-23 15:59,9575.349986270000,5342.095871075479661511955820,8999.08793774000000000000
1658606399999,2022-07-23 19:59,9575.349986270000,5355.775627194139639506575000,8999.08793774000000000000
1658620799999,2022-07-23 23:59,9575.349986270000,5398.714527705813260011042340,8999.08793774000000000000
1658635199999,2022-07-24 03:59,9575.349986270000,5370.049318936162073919663320,8999.08793774000000000000
1658649599999,2022-07-24 07:59,9575.349986270000,5458.956913017957473176659200,8999.08793774000000000000
1658663999999,2022-07-24 11:59,9575.349986270000,5448.383897083039574909417060,8999.08793774000000000000
1658678399999,2022-07-24 15:59,9575.349986270000,5493.938999854706525710622960,8999.08793774000000000000
1658692799999,2022-07-24 19:59,9575.349986270000,5458.668361298105267629224800,8999.08793774000000000000
1658707199999,2022-07-24 23:59,9575.349986270000,5429.640058280973389557324160,8999.08793774000000000000
1658721599999,2022-07-25 03:59,9575.349986270000,5258.449536685656143403180500,8999.08793774000000000000
1658735999999,2022-07-25 07:59,9575.349986270000,5281.192221405340810633468460,8999.08793774000000000000
1658750399999,2022-07-25 11:59,9575.349986270000,5276.123329526603733183537500,8999.08793774000000000000
1658764799999,2022-07-25 15:59,9575.349986270000,5265.192028539536013028230980,8999.08793774000000000000
1658779199999,2022-07-25 19:59,9575.349986270000,5263.840644651561517047746540,8999.08793774000000000000
1658793599999,2022-07-25 23:59,9575.349986270000,5124.549515685905594162475800,8999.08793774000000000000
1658807999999,2022-07-26 03:59,9575.349986270000,5083.822845026432216188338860,8999.08793774000000000000
1658822399999,2022-07-26 07:59,9575.349986270000,5065.867714258628725999233320,8999.08793774000000000000
1658836799999,2022-07-26 11:59,9575.349986270000,5071.484854405084993989289640,8999.08793774000000000000
1658851199999,2022-07-26 15:59,9575.349986270000,4988.908565976380071452250220,8999.08793774000000000000
1658865599999,2022-07-26 19:59,9575.349986270000,5029.488556178261911606441340,8999.08793774000000000000
1658879999999,2022-07-26 23:59,9575.349986270000,5111.028463013164329218945540,8999.08793774000000000000
1658894399999,2022-07-27 03:59,9575.349986270000,5068.272311924063772227853320,8999.08793774000000000000
1658908799999,2022-07-27 07:59,9575.349986270000,5133.316678774081772712024320,8999.08793774000000000000
1658923199999,2022-07-27 11:59,9575.349986270000,5097.937833322535937550338260,8999.08793774000000000000
1658937599999,2022-07-27 15:59,9575.349986270000,5177.441045934814871007201320,8999.08793774000000000000
1658951999999,2022-07-27 19:59,9575.349986270000,5476.274825404420676115180440,8999.08793774000000000000
1658966399999,2022-07-27 23:59,9575.349986270000,5519.276245455395607821591900,8999.08793774000000000000
1658980799999,2022-07-28 03:59,9575.349986270000,5562.799463199769944559613900,8999.08793774000000000000
1658995199999,2022-07-28 07:59,9575.349986270000,5512.699670840430756386316200,8999.08793774000000000000
1659009599999,2022-07-28 11:59,9575.349986270000,5558.247559819101402048836240,8999.08793774000000000000
1659023999999,2022-07-28 15:59,9575.349986270000,5709.989695496379994305901340,8999.08793774000000000000
1659038399999,2022-07-28 19:59,9575.349986270000,5721.697681529383234393052120,8999.08793774000000000000
1659052799999,2022-07-28 23:59,9575.349986270000,5733.400858367055604387745660,8999.08793774000000000000
1659067199999,2022-07-29 03:59,9575.349986270000,5750.213805243777447618256700,8999.08793774000000000000
1659081599999,2022-07-29 07:59,9575.349986270000,5757.526186744365423199490120,8999.08793774000000000000
1659095999999,2022-07-29 11:59,9575.349986270000,5703.975796735126943688122720,8999.08793774000000000000
1659110399999,2022-07-29 15:59,9575.349986270000,5773.752411790721115150217880,8999.08793774000000000000
1659124799999,2022-07-29 19:59,9575.349986270000,5745.952858180626545701142060,8999.08793774000000000000
1659139199999,2022-07-29 23:59,9575.349986270000,5716.765851717575954578152500,8999.08793774000000000000
1659153599999,2022-07-30 03:59,9575.349986270000,5723.402541274176682169143700,8999.08793774000000000000
1659167999999,2022-07-30 07:59,9575.349986270000,5742.497451335396384270615120,8999.08793774000000000000
1659182399999,2022-07-30 11:59,9575.349986270000,5760.681018881416203851439560,8999.08793774000000000000
1659196799999,2022-07-30 15:59,9575.349986270000,5898.397136376212171456964200,8999.08793774000000000000
1659211199999,2022-07-30 19:59,9575.349986270000,5752.089391422816783676580300,8999.08793774000000000000
1659225599999,2022-07-30 23:59,9575.349986270000,5685.448371722949912496605620,8999.08793774000000000000
1659239999999,2022-07-31 03:59,9575.349986270000,5708.025139203719561537118800,8999.08793774000000000000
1659254399999,2022-07-31 07:59,9575.349986270000,5702.181966876712399201572200,8999.08793774000000000000
1659268799999,2022-07-31 11:59,9575.349986270000,5723.335212539544500874742340,8999.08793774000000000000
1659283199999,2022-07-31 15:59,9575.349986270000,5717.059212632759030218044140,8999.08793774000000000000
1659297599999,2022-07-31 19:59,9575.349986270000,5734.110214678358943025188560,8999.08793774000000000000
1659311999999,2022-07-31 23:59,9575.349986270000,5601.241766077080028616561840,8999.08793774000000000000
1659326399999,2022-08-01 03:59,9575.349986270000,5611.871733274133594416714188,8999.087937740000000000000000
1659340799999,2022-08-01 07:59,9575.349986270000,5599.011195940878028036124088,8999.087937740000000000000000
1659355199999,2022-08-01 11:59,9575.349986270000,5576.382219852905847953345988,8999.087937740000000000000000
1659369599999,2022-08-01 15:59,9575.349986270000,5600.134722443017958046599385,8999.087937740000000000000000
1659383999999,2022-08-01 19:59,9575.349986270000,5510.555090176245846057549733,8999.087937740000000000000000
1659398399999,2022-08-01 23:59,9575.349986270000,5586.037825817877639624567452,8999.087937740000000000000000
1659412799999,2022-08-02 03:59,9575.349986270000,5486.432880147395382926661303,8999.087937740000000000000000
1659427199999,2022-08-02 07:59,9575.349986270000,5494.760900309624906871829691,8999.087937740000000000000000
1659441599999,2022-08-02 11:59,9575.349986270000,5493.514938227123574232007727,8999.087937740000000000000000
1659455999999,2022-08-02 15:59,9575.349986270000,5516.775297798135928658279423,8999.087937740000000000000000
1659470399999,2022-08-02 19:59,9575.349986270000,5509.983724134559300453931954,8999.087937740000000000000000
1659484799999,2022-08-02 23:59,9575.349986270000,5518.765476153422257672561520,8999.087937740000000000000000
1659499199999,2022-08-03 03:59,9575.349986270000,5488.739950593028871687487714,8999.087937740000000000000000
1659513599999,2022-08-03 07:59,9575.349986270000,5519.286427544371755134683613,8999.087937740000000000000000
1659527999999,2022-08-03 11:59,9575.349986270000,5618.404031591062546464798127,8999.087937740000000000000000
1659542399999,2022-08-03 15:59,9575.349986270000,5606.383738436757782442469467,8999.087937740000000000000000
1659556799999,2022-08-03 19:59,9575.349986270000,5632.608959610639396618606531,8999.087937740000000000000000
1659571199999,2022-08-03 23:59,9575.349986270000,5478.092856496895133233517751,8999.087937740000000000000000
1659585599999,2022-08-04 03:59,9575.349986270000,5544.681007329919147550939367,8999.087937740000000000000000
1659599999999,2022-08-04 07:59,9575.349986270000,5509.193894606345546237166200,8999.087937740000000000000000
1659614399999,2022-08-04 11:59,9575.349986270000,5494.091105664118410134815572,8999.087937740000000000000000
1659628799999,2022-08-04 15:59,9575.349986270000,5505.295161616013823294833118,8999.087937740000000000000000
1659643199999,2022-08-04 19:59,9575.349986270000,5389.956043520264256151082744,8999.087937740000000000000000
1659657599999,2022-08-04 23:59,9575.349986270000,5431.185625032553055296174096,8999.087937740000000000000000
1659671999999,2022-08-05 03:59,9575.349986270000,5563.785759261606248028209484,8999.087937740000000000000000
1659686399999,2022-08-05 07:59,9575.349986270000,5566.368909937466428992464654,8999.087937740000000000000000
1659700799999,2022-08-05 11:59,9575.349986270000,5618.956192051515930871655644,8999.087937740000000000000000
1659715199999,2022-08-05 15:59,9575.349986270000,5518.875908245512934553933024,8999.087937740000000000000000
1659729599999,2022-08-05 19:59,9575.349986270000,5505.571241846240515498261877,8999.087937740000000000000000
1659743999999,2022-08-05 23:59,9575.349986270000,5596.699324099936248976107611,8999.087937740000000000000000
1659758399999,2022-08-06 03:59,9575.349986270000,5563.384842753364008045839025,8999.087937740000000000000000
1659772799999,2022-08-06 07:59,9575.349986270000,5571.119890595019680041034340,8999.087937740000000000000000
1659787199999,2022-08-06 11:59,9575.349986270000,5559.488510460686430253100975,8999.087937740000000000000000
1659801599999,2022-08-06 15:59,9575.349986270000,5570.241235253602555289252377,8999.087937740000000000000000
1659815999999,2022-08-06 19:59,9575.349986270000,5566.138442962668494631341516,8999.087937740000000000000000
1659830399999,2022-08-06 23:59,9575.349986270000,5510.703933430802845332441760,8999.087937740000000000000000
1659844799999,2022-08-07 03:59,9575.349986270000,5519.320037311529787229014071,8999.087937740000000000000000
1659859199999,2022-08-07 07:59,9575.349986270000,5525.525840747494998932173564,8999.087937740000000000000000
1659873599999,2022-08-07 11:59,9575.349986270000,5530.934612562284020969782206,8999.087937740000000000000000
1659887999999,2022-08-07 15:59,9575.349986270000,5527.251942360825361491002066,8999.087937740000000000000000
1659902399999,2022-08-07 19:59,9575.349986270000,5560.352761616178684107312743,8999.087937740000000000000000
1659916799999,2022-08-07 23:59,9575.349986270000,5563.562494379770749115871444,8999.087937740000000000000000
1659931199999,2022-08-08 03:59,9575.349986270000,5595.309320158186207360583686,8999.087937740000000000000000
1659945599999,2022-08-08 07:59,9575.349986270000,5715.596276119128927819696426,8999.087937740000000000000000
1659959999999,2022-08-08 11:59,9575.349986270000,5801.646882834307669904048029,8999.087937740000000000000000
1659974399999,2022-08-08 15:59,9575.349986270000,5759.697092025775325880446871,8999.087937740000000000000000
1659988799999,2022-08-08 19:59,9575.349986270000,5744.200588668268385244510882,8999.087937740000000000000000
1660003199999,2022-08-08 23:59,9575.349986270000,5716.153237974890602525744009,8999.087937740000000000000000
1660017599999,2022-08-09 03:59,9575.349986270000,5720.704960727149806157925982,8999.087937740000000000000000
1660031999999,2022-08-09 07:59,9575.349986270000,5732.506790394927361567106667,8999.087937740000000000000000
1660046399999,2022-08-09 11:59,9575.349986270000,5585.055940477332273440199083,8999.087937740000000000000000
1660060799999,2022-08-09 15:59,9575.349986270000,5539.701960395222107290841576,8999.087937740000000000000000
1660075199999,2022-08-09 19:59,9575.349986270000,5534.617282763742680448562347,8999.087937740000000000000000
1660089599999,2022-08-09 23:59,9575.349986270000,5557.695189313040003505611559,8999.087937740000000000000000
1660103999999,2022-08-10 03:59,9575.349986270000,5488.987222451405822095776081,8999.087937740000000000000000
1660118399999,2022-08-10 07:59,9575.349986270000,5512.974993411624156849342681,8999.087937740000000000000000
1660132799999,2022-08-10 11:59,9575.349986270000,5551.453375412262614558526575,8999.087937740000000000000000
1660147199999,2022-08-10 15:59,9575.349986270000,5761.070291083946351448805567,8999.087937740000000000000000
1660161599999,2022-08-10 19:59,9575.349986270000,5675.089304600737818702709912,8999.087937740000000000000000
1660175999999,2022-08-10 23:59,9575.349986270000,5750.735287682851482442189853,8999.087937740000000000000000
1660190399999,2022-08-11 03:59,9575.349986270000,5839.640323908808807395035320,8999.087937740000000000000000
1660204799999,2022-08-11 07:59,9575.349986270000,5865.447823690869165541636696,8999.087937740000000000000000
1660219199999,2022-08-11 11:59,9575.349986270000,5896.054318083565677728708412,8999.087937740000000000000000
1660233599999,2022-08-11 15:59,9575.349986270000,5844.273670381308946113448404,8999.087937740000000000000000
1660247999999,2022-08-11 19:59,9575.349986270000,5815.016368070242007998785058,8999.087937740000000000000000
1660262399999,2022-08-11 23:59,9575.349986270000,5746.015516094802118338355592,8999.087937740000000000000000
1660276799999,2022-08-12 03:59,9575.349986270000,5764.193598731989191071943092,8999.087937740000000000000000
1660291199999,2022-08-12 07:59,9575.349986270000,5752.401371854828216261142537,8999.087937740000000000000000
1660305599999,2022-08-12 11:59,9575.349986270000,5683.261279415447907924201176,8999.087937740000000000000000
1660319999999,2022-08-12 15:59,9575.349986270000,5757.123544140531725514571831,8999.087937740000000000000000
1660334399999,2022-08-12 19:59,9575.349986270000,5804.395681648303866190360454,8999.087937740000000000000000
1660348799999,2022-08-12 23:59,9575.349986270000,5858.677856306179843683644521,8999.087937740000000000000000
1660363199999,2022-08-13 03:59,9575.349986270000,5952.989263649272045524503597,8999.087937740000000000000000
1660377599999,2022-08-13 07:59,9575.349986270000,5899.115207592600743462375087,8999.087937740000000000000000
1660391999999,2022-08-13 11:59,9575.349986270000,5866.415304845489660828434869,8999.087937740000000000000000
1660406399999,2022-08-13 15:59,9575.349986270000,5884.840659341053683970310735,8999.087937740000000000000000
1660420799999,2022-08-13 19:59,9575.349986270000,5857.448699107257527090987786,8999.087937740000000000000000
1660435199999,2022-08-13 23:59,9575.349986270000,5867.728486462307057656917748,8999.087937740000000000000000
1660449599999,2022-08-14 03:59,9575.349986270000,5898.611061085230262047418223,8999.087937740000000000000000
1660463999999,2022-08-14 07:59,9575.349986270000,5971.424220935452649264759594,8999.087937740000000000000000
1660478399999,2022-08-14 11:59,9575.349986270000,5897.283475282487994321365147,8999.087937740000000000000000
1660492799999,2022-08-14 15:59,9575.349986270000,5887.692688154178121689209566,8999.087937740000000000000000
1660507199999,2022-08-14 19:59,9575.349986270000,5829.963111664949709377458562,8999.087937740000000000000000
1660521599999,2022-08-14 23:59,9575.349986270000,5835.045388598774991070142759,8999.087937740000000000000000
1660535999999,2022-08-15 03:59,9575.349986270000,5970.000607226544575554905211,8999.087937740000000000000000
1660550399999,2022-08-15 07:59,9575.349986270000,5768.260380558111074485928462,8999.087937740000000000000000
1660564799999,2022-08-15 11:59,9575.349986270000,5773.645145396358645027586777,8999.087937740000000000000000
1660579199999,2022-08-15 15:59,9575.349986270000,5816.022260387328825679103753,8999.087937740000000000000000
1660593599999,2022-08-15 19:59,9575.349986270000,5757.574875299511013638437976,8999.087937740000000000000000
1660607999999,2022-08-15 23:59,9575.349986270000,5784.529908560252753291464976,8999.087937740000000000000000
1660622399999,2022-08-16 03:59,9575.349986270000,5781.793113234527282753127714,8999.087937740000000000000000
1660636799999,2022-08-16 07:59,9575.349986270000,5777.834362802841931070918815,8999.087937740000000000000000
1660651199999,2022-08-16 11:59,9575.349986270000,5770.896346582362448741274352,8999.087937740000000000000000
1660665599999,2022-08-16 15:59,9575.349986270000,5738.064405464273382879607336,8999.087937740000000000000000
1660679999999,2022-08-16 19:59,9575.349986270000,5745.019226568331881256417028,8999.087937740000000000000000
1660694399999,2022-08-16 23:59,9575.349986270000,5726.893959279536001813920247,8999.087937740000000000000000
1660708799999,2022-08-17 03:59,9575.349986270000,5763.365358041309114461656815,8999.087937740000000000000000
1660723199999,2022-08-17 07:59,9575.349986270000,5710.492392906416339780656935,8999.087937740000000000000000
1660737599999,2022-08-17 11:59,9575.349986270000,5700.944818335881079841211942,8999.087937740000000000000000
1660751999999,2022-08-17 15:59,9575.349986270000,5615.780069055081897957427401,8999.087937740000000000000000
1660766399999,2022-08-17 19:59,9575.349986270000,5587.725516268741679789875430,8999.087937740000000000000000
1660780799999,2022-08-17 23:59,9575.349986270000,5603.959033806071181351486454,8999.087937740000000000000000
1660795199999,2022-08-18 03:59,9575.349986270000,5625.721358040896962430457754,8999.087937740000000000000000
1660809599999,2022-08-18 07:59,9575.349986270000,5621.136025521479726703945323,8999.087937740000000000000000
1660823999999,2022-08-18 11:59,9575.349986270000,5649.997212719612715135428277,8999.087937740000000000000000
1660838399999,2022-08-18 15:59,9575.349986270000,5630.275481490810311212234760,8999.087937740000000000000000
1660852799999,2022-08-18 19:59,9575.349986270000,5604.491988685291404561583710,8999.087937740000000000000000
1660867199999,2022-08-18 23:59,9575.349986270000,5567.598067136388745585121389,8999.087937740000000000000000
1660881599999,2022-08-19 03:59,9575.349986270000,5466.252615666651255430816543,8999.087937740000000000000000
1660895999999,2022-08-19 07:59,9575.349986270000,5259.031596253804377836380171,8999.087937740000000000000000
1660910399999,2022-08-19 11:59,9575.349986270000,5153.888241095209261022733616,8999.087937740000000000000000
1660924799999,2022-08-19 15:59,9575.349986270000,5147.994528354282918766928371,8999.087937740000000000000000
1660939199999,2022-08-19 19:59,9575.349986270000,5120.698596026652567871406729,8999.087937740000000000000000
1660953599999,2022-08-19 23:59,9575.349986270000,5001.799243309805743878222882,8999.087937740000000000000000
1660967999999,2022-08-20 03:59,9575.349986270000,5075.248588038376595738247915,8999.087937740000000000000000
1660982399999,2022-08-20 07:59,9575.349986270000,5115.318632583713287628938480,8999.087937740000000000000000
1660996799999,2022-08-20 11:59,9575.349986270000,5097.651898546859131759092942,8999.087937740000000000000000
1661011199999,2022-08-20 15:59,9575.349986270000,5113.443687715825925795217952,8999.087937740000000000000000
1661025599999,2022-08-20 19:59,9575.349986270000,5038.762785090678612192941151,8999.087937740000000000000000
1661039999999,2022-08-20 23:59,9575.349986270000,5075.183769201714676699182032,8999.087937740000000000000000
1661054399999,2022-08-21 03:59,9575.349986270000,5091.664558597421128669081423,8999.087937740000000000000000
1661068799999,2022-08-21 07:59,9575.349986270000,5101.905934790004336841490862,8999.087937740000000000000000
1661083199999,2022-08-21 11:59,9575.349986270000,5167.447381445821065935478227,8999.087937740000000000000000
1661097599999,2022-08-21 15:59,9575.349986270000,5142.434512587282752304832670,8999.087937740000000000000000
1661111999999,2022-08-21 19:59,9575.349986270000,5164.475317749989370736827762,8999.087937740000000000000000
1661126399999,2022-08-21 23:59,9575.349986270000,5165.339568905481624591039529,8999.087937740000000000000000
1661140799999,2022-08-22 03:59,9575.349986270000,5141.152540039969242421085216,8999.087937740000000000000000
1661155199999,2022-08-22 07:59,9575.349986270000,5065.016814636409968164218607,8999.087937740000000000000000
1661169599999,2022-08-22 11:59,9575.349986270000,5101.264948516347581899617135,8999.087937740000000000000000
1661183999999,2022-08-22 15:59,9575.349986270000,5137.697936115654372153833180,8999.087937740000000000000000
1661198399999,2022-08-22 19:59,9575.349986270000,5055.301191230084547753121326,8999.087937740000000000000000
1661212799999,2022-08-22 23:59,9575.349986270000,5137.544291465789082579751088,8999.087937740000000000000000
1661227199999,2022-08-23 03:59,9575.349986270000,5098.977083651947254335550985,8999.087937740000000000000000
1661241599999,2022-08-23 07:59,9575.349986270000,5114.860099331771564056287237,8999.087937740000000000000000
1661255999999,2022-08-23 11:59,9575.349986270000,5151.110633909363322941280798,8999.087937740000000000000000
1661270399999,2022-08-23 15:59,9575.349986270000,5155.511112709411382148975711,8999.087937740000000000000000
1661284799999,2022-08-23 19:59,9575.349986270000,5166.876015404134520331860448,8999.087937740000000000000000
1661299199999,2022-08-23 23:59,9575.349986270000,5168.582911436231721693928688,8999.087937740000000000000000
1661313599999,2022-08-24 03:59,9575.349986270000,5104.938015927189660780017145,8999.087937740000000000000000
1661327999999,2022-08-24 07:59,9575.349986270000,5117.863372097107146199673127,8999.087937740000000000000000
1661342399999,2022-08-24 11:59,9575.349986270000,5146.928618595842472346733858,8999.087937740000000000000000
1661356799999,2022-08-24 15:59,9575.349986270000,5190.028343580710343026355673,8999.087937740000000000000000
1661371199999,2022-08-24 19:59,9575.349986270000,5211.425761772106061366882005,8999.087937740000000000000000
1661385599999,2022-08-24 23:59,9575.349986270000,5129.922076413878232615522310,8999.087937740000000000000000
1661399999999,2022-08-25 03:59,9575.349986270000,5154.133112255932066281426950,8999.087937740000000000000000
1661414399999,2022-08-25 07:59,9575.349986270000,5219.998653095058390570743727,8999.087937740000000000000000
1661428799999,2022-08-25 11:59,9575.349986270000,5214.481849885832836801358614,8999.087937740000000000000000
1661443199999,2022-08-25 15:59,9575.349986270000,5177.225422991154260236046358,8999.087937740000000000000000
1661457599999,2022-08-25 19:59,9575.349986270000,5186.847419188968019812937364,8999.087937740000000000000000
1661471999999,2022-08-25 23:59,9575.349986270000,5175.765798817434009282266485,8999.087937740000000000000000
1661486399999,2022-08-26 03:59,9575.349986270000,5174.116519529036291510479029,8999.087937740000000000000000
1661500799999,2022-08-26 07:59,9575.349986270000,5150.284793916337391480589554,8999.087937740000000000000000
1661515199999,2022-08-26 11:59,9575.349986270000,5087.115236542816070186494483,8999.087937740000000000000000
1661529599999,2022-08-26 15:59,9575.349986270000,4989.001124115557951387103632,8999.087937740000000000000000
1661543999999,2022-08-26 19:59,9575.349986270000,4956.205193462281062769362106,8999.087937740000000000000000
1661558399999,2022-08-26 23:59,9575.349986270000,4859.356248698757437806553481,8999.087937740000000000000000
1661572799999,2022-08-27 03:59,9575.349986270000,4850.264806682509756290164699,8999.087937740000000000000000
1661587199999,2022-08-27 07:59,9575.349986270000,4866.846425379690304543055462,8999.087937740000000000000000
1661601599999,2022-08-27 11:59,9575.349986270000,4852.192566898788311414975946,8999.087937740000000000000000
1661615999999,2022-08-27 15:59,9575.349986270000,4796.052252256603988135136580,8999.087937740000000000000000
1661630399999,2022-08-27 19:59,9575.349986270000,4805.808687523049876089349416,8999.087937740000000000000000
1661644799999,2022-08-27 23:59,9575.349986270000,4810.514054925174369295613481,8999.087937740000000000000000
1661659199999,2022-08-28 03:59,9575.349986270000,4799.225974555383875899769791,8999.087937740000000000000000
1661673599999,2022-08-28 07:59,9575.349986270000,4815.080181863358443825365650,8999.087937740000000000000000
1661687999999,2022-08-28 11:59,9575.349986270000,4809.882671442134194952119885,8999.087937740000000000000000
1661702399999,2022-08-28 15:59,9575.349986270000,4806.776168677670371376147589,8999.087937740000000000000000
1661716799999,2022-08-28 19:59,9575.349986270000,4795.188001101111734280924813,8999.087937740000000000000000
1661731199999,2022-08-28 23:59,9575.349986270000,4694.802828693032303964633041,8999.087937740000000000000000
1661745599999,2022-08-29 03:59,9575.349986270000,4769.831832478030664258189581,8999.087937740000000000000000
1661759999999,2022-08-29 07:59,9575.349986270000,4776.762646605547711139048946,8999.087937740000000000000000
1661774399999,2022-08-29 11:59,9575.349986270000,4759.496829076935795251573867,8999.087937740000000000000000
1661788799999,2022-08-29 15:59,9575.349986270000,4864.452929818507590396807874,8999.087937740000000000000000
1661803199999,2022-08-29 19:59,9575.349986270000,4825.170314103730507573288030,8999.087937740000000000000000
1661817599999,2022-08-29 23:59,9575.349986270000,4870.082565817477966197159523,8999.087937740000000000000000
1661831999999,2022-08-30 03:59,9575.349986270000,4867.112902819300416148104090,8999.087937740000000000000000
1661846399999,2022-08-30 07:59,9575.349986270000,4905.716121097954421636229684,8999.087937740000000000000000
1661860799999,2022-08-30 11:59,9575.349986270000,4898.427603019969747465710448,8999.087937740000000000000000
1661875199999,2022-08-30 15:59,9575.349986270000,4742.968025728146440289773823,8999.087937740000000000000000
1661889599999,2022-08-30 19:59,9575.349986270000,4788.811748131702216956517998,8999.087937740000000000000000
1661903999999,2022-08-30 23:59,9575.349986270000,4756.272692127418859345444970,8999.087937740000000000000000
1661918399999,2022-08-31 03:59,9575.349986270000,4898.204338138134248553372409,8999.087937740000000000000000
1661932799999,2022-08-31 07:59,9575.349986270000,4863.447037501420772716489178,8999.087937740000000000000000
1661947199999,2022-08-31 11:59,9575.349986270000,4877.056592502769625770729476,8999.087937740000000000000000
1661961599999,2022-08-31 15:59,9575.349986270000,4835.248442855831845573235247,8999.087937740000000000000000
1661975999999,2022-08-31 19:59,9575.349986270000,4856.360178026384291111952689,8999.087937740000000000000000
1661990399999,2022-08-31 23:59,9575.349986270000,4813.495721411622645092644077,8999.087937740000000000000000
1662004799999,2022-09-01 03:59,9575.349986270000,4807.001834257160015438080661,8999.087937740000000000000000
1662019199999,2022-09-01 07:59,9575.349986270000,4776.438552422238115943719534,8999.087937740000000000000000
1662033599999,2022-09-01 11:59,9575.349986270000,4819.254995083916858971127491,8999.087937740000000000000000
1662047999999,2022-09-01 15:59,9575.349986270000,4749.293864046818909472684951,8999.087937740000000000000000
1662062399999,2022-09-01 19:59,9575.349986270000,4770.681679447598047214831152,8999.087937740000000000000000
1662076799999,2022-09-01 23:59,9575.349986270000,4833.047003106980743394590273,8999.087937740000000000000000
1662091199999,2022-09-02 03:59,9575.349986270000,4839.180785613321600609898787,8999.087937740000000000000000
1662105599999,2022-09-02 07:59,9575.349986270000,4828.192792450299250913434182,8999.087937740000000000000000
1662119999999,2022-09-02 11:59,9575.349986270000,4823.288167142880710290782404,8999.087937740000000000000000
1662134399999,2022-09-02 15:59,9575.349986270000,4886.916257768343755157528718,8999.087937740000000000000000
1662148799999,2022-09-02 19:59,9575.349986270000,4779.984382857410501895582811,8999.087937740000000000000000
1662163199999,2022-09-02 23:59,9575.349986270000,4789.930473238533856667803230,8999.087937740000000000000000
1662177599999,2022-09-03 03:59,9575.349986270000,4777.406033576858611230517706,8999.087937740000000000000000
1662191999999,2022-09-03 07:59,9575.349986270000,4757.225769096114483734672946,8999.087937740000000000000000
1662206399999,2022-09-03 11:59,9575.349986270000,4753.175792153571616367852805,8999.087937740000000000000000
1662220799999,2022-09-03 15:59,9575.349986270000,4746.979591508222985263073442,8999.087937740000000000000000
1662235199999,2022-09-03 19:59,9575.349986270000,4731.867199775379268562342682,8999.087937740000000000000000
1662249599999,2022-09-03 23:59,9575.349986270000,4761.131704179408642125791127,8999.087937740000000000000000
1662263999999,2022-09-04 03:59,9575.349986270000,4746.941180345756662869552919,8999.087937740000000000000000
1662278399999,2022-09-04 07:59,9575.349986270000,4713.237785979212907704889038,8999.087937740000000000000000
1662292799999,2022-09-04 11:59,9575.349986270000,4765.666622048088829710807871,8999.087937740000000000000000
1662307199999,2022-09-04 15:59,9575.349986270000,4751.048774031999013826653845,8999.087937740000000000000000
1662321599999,2022-09-04 19:59,9575.349986270000,4773.324847564811856918962140,8999.087937740000000000000000
1662335999999,2022-09-04 23:59,9575.349986270000,4801.559452675212961306141562,8999.087937740000000000000000
1662350399999,2022-09-05 03:59,9575.349986270000,4773.857802444032080129059396,8999.087937740000000000000000
1662364799999,2022-09-05 07:59,9575.349986270000,4741.469990391959866942473427,8999.087937740000000000000000
1662379199999,2022-09-05 11:59,9575.349986270000,4729.934638163792423138341370,8999.087937740000000000000000
1662393599999,2022-09-05 15:59,9575.349986270000,4766.578887156663986556920292,8999.087937740000000000000000
1662407999999,2022-09-05 19:59,9575.349986270000,4731.540704894415528217418237,8999.087937740000000000000000
1662422399999,2022-09-05 23:59,9575.349986270000,4752.714858203975747645606529,8999.087937740000000000000000
1662436799999,2022-09-06 03:59,9575.349986270000,4751.075181706194610472199204,8999.087937740000000000000000
1662451199999,2022-09-06 07:59,9575.349986270000,4778.870459145887152483487645,8999.087937740000000000000000
1662465599999,2022-09-06 11:59,9575.349986270000,4781.880934004185170075658633,8999.087937740000000000000000
1662479999999,2022-09-06 15:59,9575.349986270000,4757.883560253350254723711902,8999.087937740000000000000000
1662494399999,2022-09-06 19:59,9575.349986270000,4519.263816221938965575843029,8999.087937740000000000000000
1662508799999,2022-09-06 23:59,9575.349986270000,4511.149458150928359944632549,8999.087937740000000000000000
1662523199999,2022-09-07 03:59,9575.349986270000,4500.403935450974670357266246,8999.087937740000000000000000
1662537599999,2022-09-07 07:59,9575.349986270000,4513.506943247298896846954647,8999.087937740000000000000000
1662551999999,2022-09-07 11:59,9575.349986270000,4498.901098719479806710775784,8999.087937740000000000000000
1662566399999,2022-09-07 15:59,9575.349986270000,4530.532691010496297774926457,8999.087937740000000000000000
1662580799999,2022-09-07 19:59,9575.349986270000,4559.588334718615043323607058,8999.087937740000000000000000
1662595199999,2022-09-07 23:59,9575.349986270000,4631.719696435060208055959146,8999.087937740000000000000000
1662609599999,2022-09-08 03:59,9575.349986270000,4613.848903097603714470535831,8999.087937740000000000000000
1662623999999,2022-09-08 07:59,9575.349986270000,4602.628042262129285263353056,8999.087937740000000000000000
1662638399999,2022-09-08 11:59,9575.349986270000,4636.115373839799976964463995,8999.087937740000000000000000
1662652799999,2022-09-08 15:59,9575.349986270000,4621.629564194688144308036766,8999.087937740000000000000000
1662667199999,2022-09-08 19:59,9575.349986270000,4646.013450267840428744783760,8999.087937740000000000000000
1662681599999,2022-09-08 23:59,9575.349986270000,4638.184775217673095915382170,8999.087937740000000000000000
1662695999999,2022-09-09 03:59,9575.349986270000,4789.659194403615454763564536,8999.087937740000000000000000
1662710399999,2022-09-09 07:59,9575.349986270000,4953.153906743862577634075562,8999.087937740000000000000000
1662724799999,2022-09-09 11:59,9575.349986270000,5026.605652170087574643695628,8999.087937740000000000000000
1662739199999,2022-09-09 15:59,9575.349986270000,5105.605409875042012367436232,8999.087937740000000000000000
1662753599999,2022-09-09 19:59,9575.349986270000,5111.566342150284418811902391,8999.087937740000000000000000
1662767999999,2022-09-09 23:59,9575.349986270000,5128.008720383524548388281259,8999.087937740000000000000000
1662782399999,2022-09-10 03:59,9575.349986270000,5114.315140964280615098214817,8999.087937740000000000000000
1662796799999,2022-09-10 07:59,9575.349986270000,5109.705801468321927875752059,8999.087937740000000000000000
1662811199999,2022-09-10 11:59,9575.349986270000,5110.003487977435926425536113,8999.087937740000000000000000
1662825599999,2022-09-10 15:59,9575.349986270000,5094.218900901431567838196201,8999.087937740000000000000000
1662839999999,2022-09-10 19:59,9575.349986270000,5180.581598311649179369902053,8999.087937740000000000000000
1662854399999,2022-09-10 23:59,9575.349986270000,5197.204028868950195165908372,8999.087937740000000000000000
1662868799999,2022-09-11 03:59,9575.349986270000,5171.775839316244770655322160,8999.087937740000000000000000
1662883199999,2022-09-11 07:59,9575.349986270000,5188.357458013425318908212924,8999.087937740000000000000000
1662897599999,2022-09-11 11:59,9575.349986270000,5188.727165452163671945847957,8999.087937740000000000000000
1662911999999,2022-09-11 15:59,9575.349986270000,5195.960467484103007675681441,8999.087937740000000000000000
1662926399999,2022-09-11 19:59,9575.349986270000,5189.917911488619666144984170,8999.087937740000000000000000
1662940799999,2022-09-11 23:59,9575.349986270000,5240.063684088403550886026918,8999.087937740000000000000000
1662955199999,2022-09-12 03:59,9575.349986270000,5199.251823967936007770471253,8999.087937740000000000000000
1662969599999,2022-09-12 07:59,9575.349986270000,5328.114071949485202583040749,8999.087937740000000000000000
1662983999999,2022-09-12 11:59,9575.349986270000,5356.708781708008079409475073,8999.087937740000000000000000
1662998399999,2022-09-12 15:59,9575.349986270000,5309.114950714580488687952070,8999.087937740000000000000000
1663012799999,2022-09-12 19:59,9575.349986270000,5383.915888222435059769980506,8999.087937740000000000000000
1663027199999,2022-09-12 23:59,9575.349986270000,5376.632171539758675898651336,8999.087937740000000000000000
1663041599999,2022-09-13 03:59,9575.349986270000,5337.222318849311900146594760,8999.087937740000000000000000
1663055999999,2022-09-13 07:59,9575.349986270000,5347.187614811668416115575440,8999.087937740000000000000000
1663070399999,2022-09-13 11:59,9575.349986270000,5407.121031747402075755566450,8999.087937740000000000000000
1663084799999,2022-09-13 15:59,9575.349986270000,5000.690120993590684765317781,8999.087937740000000000000000
1663099199999,2022-09-13 19:59,9575.349986270000,4869.566415821836759034227495,8999.087937740000000000000000
1663113599999,2022-09-13 23:59,9575.349986270000,4843.156340928585968339272915,8999.087937740000000000000000
1663127999999,2022-09-14 03:59,9575.349986270000,4879.039568765093519336226475,8999.087937740000000000000000
1663142399999,2022-09-14 07:59,9575.349986270000,4860.038046832534660291542764,8999.087937740000000000000000
1663156799999,2022-09-14 11:59,9575.349986270000,4855.587153381749552942352164,8999.087937740000000000000000
1663171199999,2022-09-14 15:59,9575.349986270000,4844.409505104049736427879977,8999.087937740000000000000000
1663185599999,2022-09-14 19:59,9575.349986270000,4789.990490679887485407679047,8999.087937740000000000000000
1663199999999,2022-09-14 23:59,9575.349986270000,4855.913648262713293287276609,8999.087937740000000000000000
1663214399999,2022-09-15 03:59,9575.349986270000,4807.150677511717014712972688,8999.087937740000000000000000
1663228799999,2022-09-15 07:59,9575.349986270000,4850.516879936194996997643131,8999.087937740000000000000000
1663243199999,2022-09-15 11:59,9575.349986270000,4837.101781444831901060600480,8999.087937740000000000000000
1663257599999,2022-09-15 15:59,9575.349986270000,4738.435508557120397854352112,8999.087937740000000000000000
1663271999999,2022-09-15 19:59,9575.349986270000,4749.238648000773571031999199,8999.087937740000000000000000
1663286399999,2022-09-15 23:59,9575.349986270000,4729.917833280213407091176141,8999.087937740000000000000000
1663300799999,2022-09-16 03:59,9575.349986270000,4740.214425518841953704271332,8999.087937740000000000000000
1663315199999,2022-09-16 07:59,9575.349986270000,4738.853229948941653883887799,8999.087937740000000000000000
1663329599999,2022-09-16 11:59,9575.349986270000,4769.755010153098019471148535,8999.087937740000000000000000
1663343999999,2022-09-16 15:59,9575.349986270000,4720.161398013767519136963305,8999.087937740000000000000000
1663358399999,2022-09-16 19:59,9575.349986270000,4709.999244843771100901189944,8999.087937740000000000000000
1663372799999,2022-09-16 23:59,9575.349986270000,4754.265708888553514283997644,8999.087937740000000000000000
1663387199999,2022-09-17 03:59,9575.349986270000,4773.862603839340370428249461,8999.087937740000000000000000
1663401599999,2022-09-17 07:59,9575.349986270000,4763.578015088982549563129434,8999.087937740000000000000000
1663415999999,2022-09-17 11:59,9575.349986270000,4755.926991665221957803760263,8999.087937740000000000000000
1663430399999,2022-09-17 15:59,9575.349986270000,4792.686474145492488402900754,8999.087937740000000000000000
1663444799999,2022-09-17 19:59,9575.349986270000,4803.698474285056289595315685,8999.087937740000000000000000
1663459199999,2022-09-17 23:59,9575.349986270000,4828.764158491985796517051961,8999.087937740000000000000000
1663473599999,2022-09-18 03:59,9575.349986270000,4801.566654768175396754926660,8999.087937740000000000000000
1663487999999,2022-09-18 07:59,9575.349986270000,4814.251941172678367215079373,8999.087937740000000000000000
1663502399999,2022-09-18 11:59,9575.349986270000,4782.982854227437793739778636,8999.087937740000000000000000
1663516799999,2022-09-18 15:59,9575.349986270000,4756.985699330699968775169678,8999.087937740000000000000000
1663531199999,2022-09-18 19:59,9575.349986270000,4735.677106952507620969659555,8999.087937740000000000000000
1663545599999,2022-09-18 23:59,9575.349986270000,4661.329901301286483161092298,8999.087937740000000000000000
1663559999999,2022-09-19 03:59,9575.349986270000,4507.865303760057795298627835,8999.087937740000000000000000
1663574399999,2022-09-19 07:59,9575.349986270000,4433.878202756958429929315480,8999.087937740000000000000000
1663588799999,2022-09-19 11:59,9575.349986270000,4485.764481155997548126756926,8999.087937740000000000000000
1663603199999,2022-09-19 15:59,9575.349986270000,4580.740881749287956405440056,8999.087937740000000000000000
1663617599999,2022-09-19 19:59,9575.349986270000,4685.005581566465948467304648,8999.087937740000000000000000
1663631999999,2022-09-19 23:59,9575.349986270000,4690.339931753976470867467277,8999.087937740000000000000000
1663646399999,2022-09-20 03:59,9575.349986270000,4648.848674197385850416517362,8999.087937740000000000000000
1663660799999,2022-09-20 07:59,9575.349986270000,4647.345837465890986770026901,8999.087937740000000000000000
1663675199999,2022-09-20 11:59,9575.349986270000,4614.110579141905535776394393,8999.087937740000000000000000
1663689599999,2022-09-20 15:59,9575.349986270000,4618.578277476269659172750222,8999.087937740000000000000000
1663703999999,2022-09-20 19:59,9575.349986270000,4559.816400995758832535135163,8999.087937740000000000000000
1663718399999,2022-09-20 23:59,9575.349986270000,4531.408945654259277377113388,8999.087937740000000000000000
1663732799999,2022-09-21 03:59,9575.349986270000,4566.499943264898929007706161,8999.087937740000000000000000
1663747199999,2022-09-21 07:59,9575.349986270000,4548.890825971744256728141408,8999.087937740000000000000000
1663761599999,2022-09-21 11:59,9575.349986270000,4601.252442506304114545399326,8999.087937740000000000000000
1663775999999,2022-09-21 15:59,9575.349986270000,4607.311803385366472123261826,8999.087937740000000000000000
1663790399999,2022-09-21 19:59,9575.349986270000,4561.664938189450597723310332,8999.087937740000000000000000
1663804799999,2022-09-21 23:59,9575.349986270000,4432.106487888199309528181357,8999.087937740000000000000000
1663819199999,2022-09-22 03:59,9575.349986270000,4487.089666261085670703214969,8999.087937740000000000000000
1663833599999,2022-09-22 07:59,9575.349986270000,4545.642682045685869326062184,8999.087937740000000000000000
1663847999999,2022-09-22 11:59,9575.349986270000,4616.588099120983330158468126,8999.087937740000000000000000
1663862399999,2022-09-22 15:59,9575.349986270000,4558.270351706489356195934113,8999.087937740000000000000000
1663876799999,2022-09-22 19:59,9575.349986270000,4636.124976630416557562844126,8999.087937740000000000000000
1663891199999,2022-09-22 23:59,9575.349986270000,4657.836886214505290500319739,8999.087937740000000000000000
1663905599999,2022-09-23 03:59,9575.349986270000,4656.153997158949540634201826,8999.087937740000000000000000
1663919999999,2022-09-23 07:59,9575.349986270000,4615.018042855172402323316749,8999.087937740000000000000000
1663934399999,2022-09-23 11:59,9575.349986270000,4528.460888934969033674413249,8999.087937740000000000000000
1663948799999,2022-09-23 15:59,9575.349986270000,4492.243964124535306883750146,8999.087937740000000000000000
1663963199999,2022-09-23 19:59,9575.349986270000,4515.221041372358533657807985,8999.087937740000000000000000
1663977599999,2022-09-23 23:59,9575.349986270000,4631.016292022395679224614569,8999.087937740000000000000000
1663991999999,2022-09-24 03:59,9575.349986270000,4590.686972130411311177660475,8999.087937740000000000000000
1664006399999,2022-09-24 07:59,9575.349986270000,4560.731066801988134530842617,8999.087937740000000000000000
1664020799999,2022-09-24 11:59,9575.349986270000,4573.812468319425054674175724,8999.087937740000000000000000
1664035199999,2022-09-24 15:59,9575.349986270000,4591.219927009631534387757731,8999.087937740000000000000000
1664049599999,2022-09-24 19:59,9575.349986270000,4586.216873098393042631709613,8999.087937740000000000000000
1664063999999,2022-09-24 23:59,9575.349986270000,4542.332119980619708034512110,8999.087937740000000000000000
1664078399999,2022-09-25 03:59,9575.349986270000,4574.302210640870665191562391,8999.087937740000000000000000
1664092799999,2022-09-25 07:59,9575.349986270000,4584.966109620583419692697583,8999.087937740000000000000000
1664107199999,2022-09-25 11:59,9575.349986270000,4589.731494464061541638837465,8999.087937740000000000000000
1664121599999,2022-09-25 15:59,9575.349986270000,4558.714480772506208871015160,8999.087937740000000000000000
1664135999999,2022-09-25 19:59,9575.349986270000,4541.129370455892988087400734,8999.087937740000000000000000
1664150399999,2022-09-25 23:59,9575.349986270000,4515.175428116929775815502364,8999.087937740000000000000000
1664164799999,2022-09-26 03:59,9575.349986270000,4529.822084504869333494796782,8999.087937740000000000000000
1664179199999,2022-09-26 07:59,9575.349986270000,4540.094669766956428611941646,8999.087937740000000000000000
1664193599999,2022-09-26 11:59,9575.349986270000,4531.797858674230791611508683,8999.087937740000000000000000
1664207999999,2022-09-26 15:59,9575.349986270000,4588.660783310312804919452887,8999.087937740000000000000000
1664222399999,2022-09-26 19:59,9575.349986270000,4610.096612664174845653499742,8999.087937740000000000000000
1664236799999,2022-09-26 23:59,9575.349986270000,4616.110360287808445389056621,8999.087937740000000000000000
1664251199999,2022-09-27 03:59,9575.349986270000,4825.263941312242168407494305,8999.087937740000000000000000
1664265599999,2022-09-27 07:59,9575.349986270000,4845.597850442851585477421157,8999.087937740000000000000000
1664279999999,2022-09-27 11:59,9575.349986270000,4856.525826164520306434009944,8999.087937740000000000000000
1664294399999,2022-09-27 15:59,9575.349986270000,4774.534799182501012314858614,8999.087937740000000000000000
1664308799999,2022-09-27 19:59,9575.349986270000,4580.044679429585863022880577,8999.087937740000000000000000
1664323199999,2022-09-27 23:59,9575.349986270000,4580.414386868324216060515610,8999.087937740000000000000000
1664337599999,2022-09-28 03:59,9575.349986270000,4500.355921497891767365365592,8999.087937740000000000000000
1664351999999,2022-09-28 07:59,9575.349986270000,4508.957621192693838364367707,8999.087937740000000000000000
1664366399999,2022-09-28 11:59,9575.349986270000,4550.717756886548715569961283,8999.087937740000000000000000
1664380799999,2022-09-28 15:59,9575.349986270000,4678.521297202619899411121363,8999.087937740000000000000000
1664395199999,2022-09-28 19:59,9575.349986270000,4692.668608478497265974648983,8999.087937740000000000000000
1664409599999,2022-09-28 23:59,9575.349986270000,4660.523266889493712897161315,8999.087937740000000000000000
1664423999999,2022-09-29 03:59,9575.349986270000,4683.253072278939989262930788,8999.087937740000000000000000
1664438399999,2022-09-29 07:59,9575.349986270000,4647.773161648328823397942719,8999.087937740000000000000000
1664452799999,2022-09-29 11:59,9575.349986270000,4672.579570508610654163415465,8999.087937740000000000000000
1664467199999,2022-09-29 15:59,9575.349986270000,4630.761818071056293367541105,8999.087937740000000000000000
1664481599999,2022-09-29 19:59,9575.349986270000,4658.734747137155576448861964,8999.087937740000000000000000
1664495999999,2022-09-29 23:59,9575.349986270000,4703.421333271413391010800384,8999.087937740000000000000000
1664510399999,2022-09-30 03:59,9575.349986270000,4656.994241337900342992463266,8999.087937740000000000000000
1664524799999,2022-09-30 07:59,9575.349986270000,4698.581526800656769427214489,8999.087937740000000000000000
1664539199999,2022-09-30 11:59,9575.349986270000,4666.157704283772378996703029,8999.087937740000000000000000
1664553599999,2022-09-30 15:59,9575.349986270000,4742.912809682101101849088071,8999.087937740000000000000000
1664567999999,2022-09-30 19:59,9575.349986270000,4675.095501650154770939009720,8999.087937740000000000000000
1664582399999,2022-09-30 23:59,9575.349986270000,4662.873549892901814350698315,8999.087937740000000000000000
1664596799999,2022-10-01 03:59,9575.349986270000,4661.298692231782596216356873,8999.087937740000000000000000
1664611199999,2022-10-01 07:59,9575.349986270000,4635.800882447106962367514713,8999.087937740000000000000000
1664625599999,2022-10-01 11:59,9575.349986270000,4636.329035931018895278421904,8999.087937740000000000000000
1664639999999,2022-10-01 15:59,9575.349986270000,4640.868755195007373162628713,8999.087937740000000000000000
1664654399999,2022-10-01 19:59,9575.349986270000,4625.312234396146803786816907,8999.087937740000000000000000
1664668799999,2022-10-01 23:59,9575.349986270000,4636.067359886717073972563341,8999.087937740000000000000000
1664683199999,2022-10-02 03:59,9575.349986270000,4636.038551514867332177422949,8999.087937740000000000000000
1664697599999,2022-10-02 07:59,9575.349986270000,4629.899967613218184662924370,8999.087937740000000000000000
1664711999999,2022-10-02 11:59,9575.349986270000,4607.614291289788760972235945,8999.087937740000000000000000
1664726399999,2022-10-02 15:59,9575.349986270000,4595.973308364838930585922449,8999.087937740000000000000000
1664740799999,2022-10-02 19:59,9575.349986270000,4623.987049291058681210358864,8999.087937740000000000000000
1664755199999,2022-10-02 23:59,9575.349986270000,4575.053629006618097014807622,8999.087937740000000000000000
1664769599999,2022-10-03 03:59,9575.349986270000,4601.819007152682369849827040,8999.087937740000000000000000
1664783999999,2022-10-03 07:59,9575.349986270000,4608.886661046485690257603268,8999.087937740000000000000000
1664798399999,2022-10-03 11:59,9575.349986270000,4620.333187461449763526719116,8999.087937740000000000000000
1664812799999,2022-10-03 15:59,9575.349986270000,4642.061901929117512511359958,8999.087937740000000000000000
1664827199999,2022-10-03 19:59,9575.349986270000,4691.386635931183756090901528,8999.087937740000000000000000
1664841599999,2022-10-03 23:59,9575.349986270000,4712.440754358036718039338186,8999.087937740000000000000000
1664855999999,2022-10-04 03:59,9575.349986270000,4705.044204885615512137042480,8999.087937740000000000000000
1664870399999,2022-10-04 07:59,9575.349986270000,4793.807599949978273263781018,8999.087937740000000000000000
1664884799999,2022-10-04 11:59,9575.349986270000,4786.843176055303194288591196,8999.087937740000000000000000
1664899199999,2022-10-04 15:59,9575.349986270000,4825.422387357415748280766462,8999.087937740000000000000000
1664913599999,2022-10-04 19:59,9575.349986270000,4854.324386415669204255364971,8999.087937740000000000000000
1664927999999,2022-10-04 23:59,9575.349986270000,4882.587799897920050437684785,8999.087937740000000000000000
1664942399999,2022-10-05 03:59,9575.349986270000,4847.059875314225981580796063,8999.087937740000000000000000
1664956799999,2022-10-05 07:59,9575.349986270000,4855.882439193209406342541184,8999.087937740000000000000000
1664971199999,2022-10-05 11:59,9575.349986270000,4808.072545410908752157465239,8999.087937740000000000000000
1664985599999,2022-10-05 15:59,9575.349986270000,4801.895550346793282249446138,8999.087937740000000000000000
1664999999999,2022-10-05 19:59,9575.349986270000,4830.168566619660709030146083,8999.087937740000000000000000
1665014399999,2022-10-05 23:59,9575.349986270000,4839.480872820089744309277872,8999.087937740000000000000000
1665028799999,2022-10-06 03:59,9575.349986270000,4886.877846605877432764008195,8999.087937740000000000000000
1665043199999,2022-10-06 07:59,9575.349986270000,4853.925870605081109422589545,8999.087937740000000000000000
1665057599999,2022-10-06 11:59,9575.349986270000,4860.357339620535965187682111,8999.087937740000000000000000
1665071999999,2022-10-06 15:59,9575.349986270000,4803.888129399733756413323267,8999.087937740000000000000000
1665086399999,2022-10-06 19:59,9575.349986270000,4804.036972654290755688215294,8999.087937740000000000000000
1665100799999,2022-10-06 23:59,9575.349986270000,4792.045487871835733461027026,8999.087937740000000000000000
1665115199999,2022-10-07 03:59,9575.349986270000,4797.137367596277595752091354,8999.087937740000000000000000
1665129599999,2022-10-07 07:59,9575.349986270000,4784.202408635743529734055241,8999.087937740000000000000000
1665143999999,2022-10-07 11:59,9575.349986270000,4801.223355003632640362836986,8999.087937740000000000000000
1665158399999,2022-10-07 15:59,9575.349986270000,4700.093966322768213672085081,8999.087937740000000000000000
1665172799999,2022-10-07 19:59,9575.349986270000,4671.686510981268658514063306,8999.087937740000000000000000
1665187199999,2022-10-07 23:59,9575.349986270000,4688.676248279653882198109626,8999.087937740000000000000000
1665201599999,2022-10-08 03:59,9575.349986270000,4682.600082517012508573081897,8999.087937740000000000000000
1665215999999,2022-10-08 07:59,9575.349986270000,4681.438144852406256169086077,8999.087937740000000000000000
1665230399999,2022-10-08 11:59,9575.349986270000,4689.665335713161683831263092,8999.087937740000000000000000
1665244799999,2022-10-08 15:59,9575.349986270000,4678.542903481507205757476657,8999.087937740000000000000000
1665259199999,2022-10-08 19:59,9575.349986270000,4673.777518638029083811336775,8999.087937740000000000000000
1665273599999,2022-10-08 23:59,9575.349986270000,4661.757225483724319789008116,8999.087937740000000000000000
1665287999999,2022-10-09 03:59,9575.349986270000,4649.422440936726541169730174,8999.087937740000000000000000
1665302399999,2022-10-09 07:59,9575.349986270000,4659.356527829579170193975430,8999.087937740000000000000000
1665316799999,2022-10-09 11:59,9575.349986270000,4673.854340962961728598377821,8999.087937740000000000000000
1665331199999,2022-10-09 15:59,9575.349986270000,4690.039844547208327168088191,8999.087937740000000000000000
1665345599999,2022-10-09 19:59,9575.349986270000,4674.000783519864582723674815,8999.087937740000000000000000
1665359999999,2022-10-09 23:59,9575.349986270000,4666.813094743354004836146953,8999.087937740000000000000000
1665374399999,2022-10-10 03:59,9575.349986270000,4670.166869366194778820407615,8999.087937740000000000000000
1665388799999,2022-10-10 07:59,9575.349986270000,4660.386427123207439370244452,8999.087937740000000000000000
1665403199999,2022-10-10 11:59,9575.349986270000,4641.029601937835098185495903,8999.087937740000000000000000
1665417599999,2022-10-10 15:59,9575.349986270000,4626.001234622886461720591288,8999.087937740000000000000000
1665431999999,2022-10-10 19:59,9575.349986270000,4612.214027995130867596318571,8999.087937740000000000000000
1665446399999,2022-10-10 23:59,9575.349986270000,4593.075666296285735024717997,8999.087937740000000000000000
1665460799999,2022-10-11 03:59,9575.349986270000,4572.158387635719046603198203,8999.087937740000000000000000
1665475199999,2022-10-11 07:59,9575.349986270000,4581.607533602434355409246855,8999.087937740000000000000000
1665489599999,2022-10-11 11:59,9575.349986270000,4598.311587879976306291484286,8999.087937740000000000000000
1665503999999,2022-10-11 15:59,9575.349986270000,4596.851963706256055337704413,8999.087937740000000000000000
1665518399999,2022-10-11 19:59,9575.349986270000,4561.237614007012761095394513,8999.087937740000000000000000
1665532799999,2022-10-11 23:59,9575.349986270000,4575.821852255944544885218082,8999.087937740000000000000000
1665547199999,2022-10-12 03:59,9575.349986270000,4573.116265999722961291616245,8999.087937740000000000000000
1665561599999,2022-10-12 07:59,9575.349986270000,4588.403908661319273912784390,8999.087937740000000000000000
1665575999999,2022-10-12 11:59,9575.349986270000,4588.934462842885351973286614,8999.087937740000000000000000
1665590399999,2022-10-12 15:59,9575.349986270000,4594.384046517794841554010811,8999.087937740000000000000000
1665604799999,2022-10-12 19:59,9575.349986270000,4594.350436750636809459680354,8999.087937740000000000000000
1665619199999,2022-10-12 23:59,9575.349986270000,4598.755716945993158966565333,8999.087937740000000000000000
1665633599999,2022-10-13 03:59,9575.349986270000,4582.822286615431801104333395,8999.087937740000000000000000
1665647999999,2022-10-13 07:59,9575.349986270000,4562.687635390116431450794256,8999.087937740000000000000000
1665662399999,2022-10-13 11:59,9575.349986270000,4502.168448226771355309615270,8999.087937740000000000000000
1665676799999,2022-10-13 15:59,9575.349986270000,4551.476377345258582841991611,8999.087937740000000000000000
1665691199999,2022-10-13 19:59,9575.349986270000,4650.229075348519311433661157,8999.087937740000000000000000
1665705599999,2022-10-13 23:59,9575.349986270000,4651.475037431020644073483121,8999.087937740000000000000000
1665719999999,2022-10-14 03:59,9575.349986270000,4757.518654209920191985266934,8999.087937740000000000000000
1665734399999,2022-10-14 07:59,9575.349986270000,4715.626480145087331551946561,8999.087937740000000000000000
1665748799999,2022-10-14 11:59,9575.349986270000,4704.559263959478191918845877,8999.087937740000000000000000
1665763199999,2022-10-14 15:59,9575.349986270000,4647.504283511064566643299058,8999.087937740000000000000000
1665777599999,2022-10-14 19:59,9575.349986270000,4601.792599478486773204281681,8999.087937740000000000000000
1665791999999,2022-10-14 23:59,9575.349986270000,4603.893209925863779099935281,8999.087937740000000000000000
1665806399999,2022-10-15 03:59,9575.349986270000,4609.669288481737009025583924,8999.087937740000000000000000
1665820799999,2022-10-15 07:59,9575.349986270000,4602.179111800804142289081943,8999.087937740000000000000000
1665835199999,2022-10-15 11:59,9575.349986270000,4601.588540177884435488703902,8999.087937740000000000000000
1665849599999,2022-10-15 15:59,9575.349986270000,4592.134592815860836383465184,8999.087937740000000000000000
1665863999999,2022-10-15 19:59,9575.349986270000,4585.945594263474640727470919,8999.087937740000000000000000
1665878399999,2022-10-15 23:59,9575.349986270000,4578.076107353186840354953774,8999.087937740000000000000000
1665892799999,2022-10-16 03:59,9575.349986270000,4591.049477476187228766510410,8999.087937740000000000000000
1665907199999,2022-10-16 07:59,9575.349986270000,4593.661436523897151525905973,8999.087937740000000000000000
1665921599999,2022-10-16 11:59,9575.349986270000,4596.153360688899816805549901,8999.087937740000000000000000
1665935999999,2022-10-16 15:59,9575.349986270000,4599.466323451620123246695008,8999.087937740000000000000000
1665950399999,2022-10-16 19:59,9575.349986270000,4651.537455570028417962953971,8999.087937740000000000000000
1665964799999,2022-10-16 23:59,9575.349986270000,4624.551213239782791365191546,8999.087937740000000000000000
1665979199999,2022-10-17 03:59,9575.349986270000,4606.161869209030945467241170,8999.087937740000000000000000
1665993599999,2022-10-17 07:59,9575.349986270000,4632.377487592295979044998102,8999.087937740000000000000000
1666007999999,2022-10-17 11:59,9575.349986270000,4671.268789589447402484527618,8999.087937740000000000000000
1666022399999,2022-10-17 15:59,9575.349986270000,4689.900604083267908491576296,8999.087937740000000000000000
1666036799999,2022-10-17 19:59,9575.349986270000,4687.896021542056708579724003,8999.087937740000000000000000
1666051199999,2022-10-17 23:59,9575.349986270000,4693.422427541898842947489246,8999.087937740000000000000000
1666065599999,2022-10-18 03:59,9575.349986270000,4692.951890801686393626862840,8999.087937740000000000000000
1666079999999,2022-10-18 07:59,9575.349986270000,4721.044854750492934187935333,8999.087937740000000000000000
1666094399999,2022-10-18 11:59,9575.349986270000,4696.718585421040133341469124,8999.087937740000000000000000
1666108799999,2022-10-18 15:59,9575.349986270000,4651.446229059170902278342729,8999.087937740000000000000000
1666123199999,2022-10-18 19:59,9575.349986270000,4613.323150311345926709223672,8999.087937740000000000000000
1666137599999,2022-10-18 23:59,9575.349986270000,4640.026110318402425654772241,8999.087937740000000000000000
1666151999999,2022-10-19 03:59,9575.349986270000,4629.028514364763495359927505,8999.087937740000000000000000
1666166399999,2022-10-19 07:59,9575.349986270000,4613.779282865633505132279883,8999.087937740000000000000000
1666180799999,2022-10-19 11:59,9575.349986270000,4609.633278016924831781658434,8999.087937740000000000000000
1666195199999,2022-10-19 15:59,9575.349986270000,4625.379453930462867975477822,8999.087937740000000000000000
1666209599999,2022-10-19 19:59,9575.349986270000,4617.255493068835681745887212,8999.087937740000000000000000
1666223999999,2022-10-19 23:59,9575.349986270000,4591.179115149511066844642175,8999.087937740000000000000000
1666238399999,2022-10-20 03:59,9575.349986270000,4571.522202757370581960514541,8999.087937740000000000000000
1666252799999,2022-10-20 07:59,9575.349986270000,4596.453447895667960504928987,8999.087937740000000000000000
1666267199999,2022-10-20 11:59,9575.349986270000,4611.373783816180065238057131,8999.087937740000000000000000
1666281599999,2022-10-20 15:59,9575.349986270000,4622.227337910570286557199905,8999.087937740000000000000000
1666295999999,2022-10-20 19:59,9575.349986270000,4576.738918759827992030520568,8999.087937740000000000000000
1666310399999,2022-10-20 23:59,9575.349986270000,4571.481390897250114417398985,8999.087937740000000000000000
1666324799999,2022-10-21 03:59,9575.349986270000,4573.846078086583086768506181,8999.087937740000000000000000
1666339199999,2022-10-21 07:59,9575.349986270000,4568.106009995522034086783028,8999.087937740000000000000000
1666353599999,2022-10-21 11:59,9575.349986270000,4548.369874580794759266019316,8999.087937740000000000000000
1666367999999,2022-10-21 15:59,9575.349986270000,4601.809404362065789251446910,8999.087937740000000000000000
1666382399999,2022-10-21 19:59,9575.349986270000,4606.843667342808167952230452,8999.087937740000000000000000
1666396799999,2022-10-21 23:59,9575.349986270000,4600.877933672257471208574227,8999.087937740000000000000000
1666411199999,2022-10-22 03:59,9575.349986270000,4597.721016257056599491106245,8999.087937740000000000000000
1666425599999,2022-10-22 07:59,9575.349986270000,4600.688278557580004390566645,8999.087937740000000000000000
1666439999999,2022-10-22 11:59,9575.349986270000,4604.308530620030889979875936,8999.087937740000000000000000
1666454399999,2022-10-22 15:59,9575.349986270000,4617.990106551004097521967214,8999.087937740000000000000000
1666468799999,2022-10-22 19:59,9575.349986270000,4605.549691307223932320507835,8999.087937740000000000000000
1666483199999,2022-10-22 23:59,9575.349986270000,4610.475922893529779289514907,8999.087937740000000000000000
1666497599999,2022-10-23 03:59,9575.349986270000,4608.853051279327658163272811,8999.087937740000000000000000
1666511999999,2022-10-23 07:59,9575.349986270000,4600.397794141428441289567690,8999.087937740000000000000000
1666526399999,2022-10-23 11:59,9575.349986270000,4597.855455325688727868428075,8999.087937740000000000000000
1666540799999,2022-10-23 15:59,9575.349986270000,4607.064531526989521714973460,8999.087937740000000000000000
1666555199999,2022-10-23 19:59,9575.349986270000,4681.411737178210659523540717,8999.087937740000000000000000
1666569599999,2022-10-23 23:59,9575.349986270000,4698.353460523512980215686384,8999.087937740000000000000000
1666583999999,2022-10-24 03:59,9575.349986270000,4655.517812280601075991518164,8999.087937740000000000000000
1666598399999,2022-10-24 07:59,9575.349986270000,4638.816158700713270258875767,8999.087937740000000000000000
1666612799999,2022-10-24 11:59,9575.349986270000,4663.118421053624619609391649,8999.087937740000000000000000
1666627199999,2022-10-24 15:59,9575.349986270000,4633.909132695640584486628956,8999.087937740000000000000000
1666641599999,2022-10-24 19:59,9575.349986270000,4643.816811914297616865328852,8999.087937740000000000000000
1666655999999,2022-10-24 23:59,9575.349986270000,4640.573469383547519762439693,8999.087937740000000000000000
1666670399999,2022-10-25 03:59,9575.349986270000,4643.526327498146053764329897,8999.087937740000000000000000
1666684799999,2022-10-25 07:59,9575.349986270000,4635.059066871976111142649613,8999.087937740000000000000000
1666699199999,2022-10-25 11:59,9575.349986270000,4633.949944555761052029744512,8999.087937740000000000000000
1666713599999,2022-10-25 15:59,9575.349986270000,4741.105084348529804204028459,8999.087937740000000000000000
1666727999999,2022-10-25 19:59,9575.349986270000,4867.060087470909222857013371,8999.087937740000000000000000
1666742399999,2022-10-25 23:59,9575.349986270000,4820.709817862328819625717299,8999.087937740000000000000000
1666756799999,2022-10-26 03:59,9575.349986270000,4861.785754724752329196726559,8999.087937740000000000000000
1666771199999,2022-10-26 07:59,9575.349986270000,4884.253884069896784256637469,8999.087937740000000000000000
1666785599999,2022-10-26 11:59,9575.349986270000,4947.404235862184944353972279,8999.087937740000000000000000
1666799999999,2022-10-26 15:59,9575.349986270000,5004.744899331441842431327988,8999.087937740000000000000000
1666814399999,2022-10-26 19:59,9575.349986270000,4984.790300430187358997416300,8999.087937740000000000000000
1666828799999,2022-10-26 23:59,9575.349986270000,4986.722862041774204421417613,8999.087937740000000000000000
1666843199999,2022-10-27 03:59,9575.349986270000,4982.819327656134191179894465,8999.087937740000000000000000
1666857599999,2022-10-27 07:59,9575.349986270000,4971.941766585202518364801364,8999.087937740000000000000000
1666871999999,2022-10-27 11:59,9575.349986270000,4951.012484436365104195306406,8999.087937740000000000000000
1666886399999,2022-10-27 15:59,9575.349986270000,4936.668315952847835364986106,8999.087937740000000000000000
1666900799999,2022-10-27 19:59,9575.349986270000,4952.632955352913080171953469,8999.087937740000000000000000
1666915199999,2022-10-27 23:59,9575.349986270000,4872.334420217066116517300182,8999.087937740000000000000000
1666929599999,2022-10-28 03:59,9575.349986270000,4871.782259756612732110442665,8999.087937740000000000000000
1666943999999,2022-10-28 07:59,9575.349986270000,4820.695413676403948728147103,8999.087937740000000000000000
1666958399999,2022-10-28 11:59,9575.349986270000,4843.197152788706435882388471,8999.087937740000000000000000
1666972799999,2022-10-28 15:59,9575.349986270000,4917.822839367808411043979520,8999.087937740000000000000000
1666987199999,2022-10-28 19:59,9575.349986270000,4947.740333533765265297276855,8999.087937740000000000000000
1667001599999,2022-10-28 23:59,9575.349986270000,4943.570321708515140450705079,8999.087937740000000000000000
1667015999999,2022-10-29 03:59,9575.349986270000,4982.564853704794805322821000,8999.087937740000000000000000
1667030399999,2022-10-29 07:59,9575.349986270000,4986.886109482256074593879835,8999.087937740000000000000000
1667044799999,2022-10-29 11:59,9575.349986270000,4969.269790096138966865529984,8999.087937740000000000000000
1667059199999,2022-10-29 15:59,9575.349986270000,5023.151048245772704376443593,8999.087937740000000000000000
1667073599999,2022-10-29 19:59,9575.349986270000,5002.416222606921047324146282,8999.087937740000000000000000
1667087999999,2022-10-29 23:59,9575.349986270000,4995.864718708758934079302082,8999.087937740000000000000000
1667102399999,2022-10-30 03:59,9575.349986270000,4987.661534824544957913075393,8999.087937740000000000000000
1667116799999,2022-10-30 07:59,9575.349986270000,5005.750791648528660111646683,8999.087937740000000000000000
1667131199999,2022-10-30 11:59,9575.349986270000,4986.302739952298803242286893,8999.087937740000000000000000
1667145599999,2022-10-30 15:59,9575.349986270000,4963.942642001590879914152454,8999.087937740000000000000000
1667159999999,2022-10-30 19:59,9575.349986270000,4956.930204153832897947061977,8999.087937740000000000000000
1667174399999,2022-10-30 23:59,9575.349986270000,4952.126408147888453607401572,8999.087937740000000000000000
1667188799999,2022-10-31 03:59,9575.349986270000,4925.380235583057341969142416,8999.087937740000000000000000
1667203199999,2022-10-31 07:59,9575.349986270000,4932.721569009433209430752370,8999.087937740000000000000000
1667217599999,2022-10-31 11:59,9575.349986270000,4976.867998171508365333808436,8999.087937740000000000000000
1667231999999,2022-10-31 15:59,9575.349986270000,4897.882644652478798507638029,8999.087937740000000000000000
1667246399999,2022-10-31 19:59,9575.349986270000,4890.726164945472107564845591,8999.087937740000000000000000
1667260799999,2022-10-31 23:59,9575.349986270000,4919.299268425107678044924622,8999.087937740000000000000000
1667275199999,2022-11-01 03:59,9575.349986270000,4917.337898441671090825782917,8999.087937740000000000000000
1667289599999,2022-11-01 07:59,9575.349986270000,4945.411656809244470190095149,8999.087937740000000000000000
1667303999999,2022-11-01 11:59,9575.349986270000,4926.993504406642882497004381,8999.087937740000000000000000
1667318399999,2022-11-01 15:59,9575.349986270000,4908.078407589633248837741847,8999.087937740000000000000000
1667332799999,2022-11-01 19:59,9575.349986270000,4909.866927341971385286041198,8999.087937740000000000000000
1667347199999,2022-11-01 23:59,9575.349986270000,4917.589971695356331533261349,8999.087937740000000000000000
1667361599999,2022-11-02 03:59,9575.349986270000,4926.405333481377320846221373,8999.087937740000000000000000
1667375999999,2022-11-02 07:59,9575.349986270000,4902.710447634964694343248760,8999.087937740000000000000000
1667390399999,2022-11-02 11:59,9575.349986270000,4905.036723661831344300835433,8999.087937740000000000000000
1667404799999,2022-11-02 15:59,9575.349986270000,4899.683167893087660703912543,8999.087937740000000000000000
1667419199999,2022-11-02 19:59,9575.349986270000,4861.668120539699216866569958,8999.087937740000000000000000
1667433599999,2022-11-02 23:59,9575.349986270000,4837.939624926128558269266888,8999.087937740000000000000000
1667447999999,2022-11-03 03:59,9575.349986270000,4876.060302976299388688790911,8999.087937740000000000000000
1667462399999,2022-11-03 07:59,9575.349986270000,4874.250176945073945894136266,8999.087937740000000000000000
1667476799999,2022-11-03 11:59,9575.349986270000,4832.850145899340841127797593,8999.087937740000000000000000
1667491199999,2022-11-03 15:59,9575.349986270000,4861.173576822945316049993224,8999.087937740000000000000000
1667505599999,2022-11-03 19:59,9575.349986270000,4864.512947259861219136683691,8999.087937740000000000000000
1667519999999,2022-11-03 23:59,9575.349986270000,4851.378730394033105702259865,8999.087937740000000000000000
1667534399999,2022-11-04 03:59,9575.349986270000,4878.739481558325375636847389,8999.087937740000000000000000
1667548799999,2022-11-04 07:59,9575.349986270000,4948.304497482489375452109536,8999.087937740000000000000000
1667563199999,2022-11-04 11:59,9575.349986270000,4935.556792938978631102485973,8999.087937740000000000000000
1667577599999,2022-11-04 15:59,9575.349986270000,5002.833943998742303353681970,8999.087937740000000000000000
1667591999999,2022-11-04 19:59,9575.349986270000,5067.614369498195020026043973,8999.087937740000000000000000
1667606399999,2022-11-04 23:59,9575.349986270000,5077.212358719467328106984652,8999.087937740000000000000000
1667620799999,2022-11-05 03:59,9575.349986270000,5148.294615561051062466307457,8999.087937740000000000000000
1667635199999,2022-11-05 07:59,9575.349986270000,5133.844816380751407053805719,8999.087937740000000000000000
1667649599999,2022-11-05 11:59,9575.349986270000,5138.696626339778754385366778,8999.087937740000000000000000
1667663999999,2022-11-05 15:59,9575.349986270000,5113.390872367434732504127233,8999.087937740000000000000000
1667678399999,2022-11-05 19:59,9575.349986270000,5121.046697186503614562686469,8999.087937740000000000000000
1667692799999,2022-11-05 23:59,9575.349986270000,5113.426882832246909748052723,8999.087937740000000000000000
1667707199999,2022-11-06 03:59,9575.349986270000,5097.704713895250325050183661,8999.087937740000000000000000
1667721599999,2022-11-06 07:59,9575.349986270000,5088.248365835572580795349911,8999.087937740000000000000000
1667735999999,2022-11-06 11:59,9575.349986270000,5102.794192922038042191652956,8999.087937740000000000000000
1667750399999,2022-11-06 15:59,9575.349986270000,5099.438017601543123057797261,8999.087937740000000000000000
1667764799999,2022-11-06 19:59,9575.349986270000,5088.250766533226725944944943,8999.087937740000000000000000
1667779199999,2022-11-06 23:59,9575.349986270000,5018.889809909665063845260575,8999.087937740000000000000000
1667793599999,2022-11-07 03:59,9575.349986270000,5020.867984776680667111567508,8999.087937740000000000000000
1667807999999,2022-11-07 07:59,9575.349986270000,4954.109384410212347172898571,8999.087937740000000000000000
1667822399999,2022-11-07 11:59,9575.349986270000,4977.569001886518749015557980,8999.087937740000000000000000
1667836799999,2022-11-07 15:59,9575.349986270000,4985.128798799421825090315909,8999.087937740000000000000000
1667851199999,2022-11-07 19:59,9575.349986270000,5004.948958632044180146905766,8999.087937740000000000000000
1667865599999,2022-11-07 23:59,9575.349986270000,4943.399872175070834829457758,8999.087937740000000000000000
1667879999999,2022-11-08 03:59,9575.349986270000,4837.176203072110400698046494,8999.087937740000000000000000
1667894399999,2022-11-08 07:59,9575.349986270000,4752.729262389900618543176725,8999.087937740000000000000000
1667908799999,2022-11-08 11:59,9575.349986270000,4729.236035146436184606186858,8999.087937740000000000000000
1667923199999,2022-11-08 15:59,9575.349986270000,4686.486812019073505767439816,8999.087937740000000000000000
1667937599999,2022-11-08 19:59,9575.349986270000,4382.959405512539807018672206,8999.087937740000000000000000
1667951999999,2022-11-08 23:59,9575.349986270000,4452.721278644343709100727033,8999.087937740000000000000000
1667966399999,2022-11-09 03:59,9575.349986270000,4396.652984931783740308738648,8999.087937740000000000000000
1667980799999,2022-11-09 07:59,9575.349986270000,4379.137494847140728863380170,8999.087937740000000000000000
1667995199999,2022-11-09 11:59,9575.349986270000,4277.674409192350126378918722,8999.087937740000000000000000
1668009599999,2022-11-09 15:59,9575.349986270000,4109.145433871360624807624153,8999.087937740000000000000000
1668023999999,2022-11-09 19:59,9575.349986270000,4029.576710822373786629860803,8999.087937740000000000000000
1668038399999,2022-11-09 23:59,9575.349986270000,3822.677384895182359081158812,8999.087937740000000000000000
1668052799999,2022-11-10 03:59,9575.349986270000,3929.935754687079352688029164,8999.087937740000000000000000
1668067199999,2022-11-10 07:59,9575.349986270000,4021.764840655785469847624442,8999.087937740000000000000000
1668081599999,2022-11-10 11:59,9575.349986270000,3936.652906723377481254930620,8999.087937740000000000000000
1668095999999,2022-11-10 15:59,9575.349986270000,4214.291189727609886770865742,8999.087937740000000000000000
1668110399999,2022-11-10 19:59,9575.349986270000,4190.658722020205034157363979,8999.087937740000000000000000
1668124799999,2022-11-10 23:59,9575.349986270000,4225.596074980979396213874661,8999.087937740000000000000000
1668139199999,2022-11-11 03:59,9575.349986270000,4096.671408860422427511834316,8999.087937740000000000000000
1668153599999,2022-11-11 07:59,9575.349986270000,4178.285526310740933144565515,8999.087937740000000000000000
1668167999999,2022-11-11 11:59,9575.349986270000,4165.470602232914124606281036,8999.087937740000000000000000
1668182399999,2022-11-11 15:59,9575.349986270000,4050.373954600233217571628963,8999.087937740000000000000000
1668196799999,2022-11-11 19:59,9575.349986270000,4045.068412784572436966606727,8999.087937740000000000000000
1668211199999,2022-11-11 23:59,9575.349986270000,4098.157440708338275111159549,8999.087937740000000000000000
1668225599999,2022-11-12 03:59,9575.349986270000,4059.057278015276223656862189,8999.087937740000000000000000
1668239999999,2022-11-12 07:59,9575.349986270000,4038.550518653568355816092984,8999.087937740000000000000000
1668254399999,2022-11-12 11:59,9575.349986270000,4049.329651120680077497789745,8999.087937740000000000000000
1668268799999,2022-11-12 15:59,9575.349986270000,4065.851252376506997010804691,8999.087937740000000000000000
1668283199999,2022-11-12 19:59,9575.349986270000,4055.187353396794242509669499,8999.087937740000000000000000
1668297599999,2022-11-12 23:59,9575.349986270000,4036.164225185348077118630494,8999.087937740000000000000000
1668311999999,2022-11-13 03:59,9575.349986270000,4060.776177535644150766905592,8999.087937740000000000000000
1668326399999,2022-11-13 07:59,9575.349986270000,4027.260037586123717270654261,8999.087937740000000000000000
1668340799999,2022-11-13 11:59,9575.349986270000,3999.469561541739465558555886,8999.087937740000000000000000
1668355199999,2022-11-13 15:59,9575.349986270000,3980.638489142624912135119496,8999.087937740000000000000000
1668369599999,2022-11-13 19:59,9575.349986270000,3974.351061986418765345728891,8999.087937740000000000000000
1668383999999,2022-11-13 23:59,9575.349986270000,3920.395382209506528197369269,8999.087937740000000000000000
1668398399999,2022-11-14 03:59,9575.349986270000,3874.767722594823814994178036,8999.087937740000000000000000
1668412799999,2022-11-14 07:59,9575.349986270000,4039.213111206112417104322005,8999.087937740000000000000000
1668427199999,2022-11-14 11:59,9575.349986270000,4021.212680195332085440766925,8999.087937740000000000000000
1668441599999,2022-11-14 15:59,9575.349986270000,3984.251539112113362275643688,8999.087937740000000000000000
1668455999999,2022-11-14 19:59,9575.349986270000,3903.196784215210676498555105,8999.087937740000000000000000
1668470399999,2022-11-14 23:59,9575.349986270000,3989.921986971204205619110893,8999.087937740000000000000000
1668484799999,2022-11-15 03:59,9575.349986270000,4038.800191209599451373976383,8999.087937740000000000000000
1668499199999,2022-11-15 07:59,9575.349986270000,4043.978496049590539050461887,8999.087937740000000000000000
1668513599999,2022-11-15 11:59,9575.349986270000,4028.851700130821951452160932,8999.087937740000000000000000
1668527999999,2022-11-15 15:59,9575.349986270000,4078.164430644617469283727338,8999.087937740000000000000000
1668542399999,2022-11-15 19:59,9575.349986270000,4047.373082532551780577838106,8999.087937740000000000000000
1668556799999,2022-11-15 23:59,9575.349986270000,4057.407998726878505885074734,8999.087937740000000000000000
1668571199999,2022-11-16 03:59,9575.349986270000,4074.073641841954134373791641,8999.087937740000000000000000
1668585599999,2022-11-16 07:59,9575.349986270000,4039.191504927225110757966711,8999.087937740000000000000000
1668599999999,2022-11-16 11:59,9575.349986270000,4011.153757024463908637579969,8999.087937740000000000000000
1668614399999,2022-11-16 15:59,9575.349986270000,3944.846487816974876822777178,8999.087937740000000000000000
1668628799999,2022-11-16 19:59,9575.349986270000,3974.898421051563859453396343,8999.087937740000000000000000
1668643199999,2022-11-16 23:59,9575.349986270000,4000.317007813652703365602424,8999.087937740000000000000000
1668657599999,2022-11-17 03:59,9575.349986270000,3967.528279253338250196645997,8999.087937740000000000000000
1668671999999,2022-11-17 07:59,9575.349986270000,3988.107059544670472525266182,8999.087937740000000000000000
1668686399999,2022-11-17 11:59,9575.349986270000,3984.069086090398330906421204,8999.087937740000000000000000
1668700799999,2022-11-17 15:59,9575.349986270000,3970.056213883153092720215415,8999.087937740000000000000000
1668715199999,2022-11-17 19:59,9575.349986270000,3990.186063713160172074564489,8999.087937740000000000000000
1668729599999,2022-11-17 23:59,9575.349986270000,4007.471086823005249158799829,8999.087937740000000000000000
1668743999999,2022-11-18 03:59,9575.349986270000,4046.463218121630768881320718,8999.087937740000000000000000
1668758399999,2022-11-18 07:59,9575.349986270000,4020.084352297883865131101562,8999.087937740000000000000000
1668772799999,2022-11-18 11:59,9575.349986270000,4021.231885776565246637527186,8999.087937740000000000000000
1668787199999,2022-11-18 15:59,9575.349986270000,4008.503386814287663484663884,8999.087937740000000000000000
1668801599999,2022-11-18 19:59,9575.349986270000,3998.782962012653952774376538,8999.087937740000000000000000
1668815999999,2022-11-18 23:59,9575.349986270000,4009.365237272125772189280618,8999.087937740000000000000000
1668830399999,2022-11-19 03:59,9575.349986270000,3992.140231603634323844921095,8999.087937740000000000000000
1668844799999,2022-11-19 07:59,9575.349986270000,3985.084581198101729185120030,8999.087937740000000000000000
1668859199999,2022-11-19 11:59,9575.349986270000,4003.557949646748655318896550,8999.087937740000000000000000
1668873599999,2022-11-19 15:59,9575.349986270000,3998.610111781555502003534184,8999.087937740000000000000000
1668887999999,2022-11-19 19:59,9575.349986270000,3991.811336025016438350401617,8999.087937740000000000000000
1668902399999,2022-11-19 23:59,9575.349986270000,4009.420453318171110629966370,8999.087937740000000000000000
1668916799999,2022-11-20 03:59,9575.349986270000,4004.453409871744796117843742,8999.087937740000000000000000
1668931199999,2022-11-20 07:59,9575.349986270000,4014.754803505681633030128999,8999.087937740000000000000000
1668945599999,2022-11-20 11:59,9575.349986270000,3967.336223441006638229043382,8999.087937740000000000000000
1668959999999,2022-11-20 15:59,9575.349986270000,3980.576071003617138245648646,8999.087937740000000000000000
1668974399999,2022-11-20 19:59,9575.349986270000,3982.321378198180662001237409,8999.087937740000000000000000
1668988799999,2022-11-20 23:59,9575.349986270000,3908.483120449638295906817080,8999.087937740000000000000000
1669003199999,2022-11-21 03:59,9575.349986270000,3858.913515286849247068582176,8999.087937740000000000000000
1669017599999,2022-11-21 07:59,9575.349986270000,3850.746341867447448146280978,8999.087937740000000000000000
1669031999999,2022-11-21 11:59,9575.349986270000,3861.475059683822121686482053,8999.087937740000000000000000
1669046399999,2022-11-21 15:59,9575.349986270000,3872.525470985852245272417507,8999.087937740000000000000000
1669060799999,2022-11-21 19:59,9575.349986270000,3774.704243672399834723620644,8999.087937740000000000000000
1669075199999,2022-11-21 23:59,9575.349986270000,3788.702711693720202012256237,8999.087937740000000000000000
1669089599999,2022-11-22 03:59,9575.349986270000,3804.674553186747882268008698,8999.087937740000000000000000
1669103999999,2022-11-22 07:59,9575.349986270000,3783.692455689519274807423021,8999.087937740000000000000000
1669118399999,2022-11-22 11:59,9575.349986270000,3780.681980831221257215252033,8999.087937740000000000000000
1669132799999,2022-11-22 15:59,9575.349986270000,3899.137204482051228533354833,8999.087937740000000000000000
1669147199999,2022-11-22 19:59,9575.349986270000,3881.631317188024797686376486,8999.087937740000000000000000
1669161599999,2022-11-22 23:59,9575.349986270000,3895.689802650698793714887896,8999.087937740000000000000000
1669175999999,2022-11-23 03:59,9575.349986270000,3982.021290991412518301858323,8999.087937740000000000000000
1669190399999,2022-11-23 07:59,9575.349986270000,3981.370701927139182761604465,8999.087937740000000000000000
1669204799999,2022-11-23 11:59,9575.349986270000,3981.834036574389196633445773,8999.087937740000000000000000
1669219199999,2022-11-23 15:59,9575.349986270000,3943.744567593722253158657175,8999.087937740000000000000000
1669233599999,2022-11-23 19:59,9575.349986270000,3954.838191453526989437303217,8999.087937740000000000000000
1669247999999,2022-11-23 23:59,9575.349986270000,3985.996846306676886031232451,8999.087937740000000000000000
1669262399999,2022-11-24 03:59,9575.349986270000,4012.154847946242436018708600,8999.087937740000000000000000
1669276799999,2022-11-24 07:59,9575.349986270000,3990.987896729644652039305406,8999.087937740000000000000000
1669291199999,2022-11-24 11:59,9575.349986270000,3978.554683578826922286631124,8999.087937740000000000000000
1669305599999,2022-11-24 15:59,9575.349986270000,3975.193706863023712853585363,8999.087937740000000000000000
1669319999999,2022-11-24 19:59,9575.349986270000,3979.827053335523851571998448,8999.087937740000000000000000
1669334399999,2022-11-24 23:59,9575.349986270000,3984.998156082552503799698854,8999.087937740000000000000000
1669348799999,2022-11-25 03:59,9575.349986270000,3957.750237708005055896077866,8999.087937740000000000000000
1669363199999,2022-11-25 07:59,9575.349986270000,3952.038977988793745009495105,8999.087937740000000000000000
1669377599999,2022-11-25 11:59,9575.349986270000,3968.839060172501501875533843,8999.087937740000000000000000
1669391999999,2022-11-25 15:59,9575.349986270000,3964.364159745174943030392916,8999.087937740000000000000000
1669406399999,2022-11-25 19:59,9575.349986270000,3966.815272050057140766921289,8999.087937740000000000000000
1669420799999,2022-11-25 23:59,9575.349986270000,3966.558397401063609760252791,8999.087937740000000000000000
1669435199999,2022-11-26 03:59,9575.349986270000,3991.441628586278085312766583,8999.087937740000000000000000
1669449599999,2022-11-26 07:59,9575.349986270000,3981.349095648251876415249171,8999.087937740000000000000000
1669463999999,2022-11-26 11:59,9575.349986270000,3980.523255655225944954557927,8999.087937740000000000000000
1669478399999,2022-11-26 15:59,9575.349986270000,3964.330549978016910936062459,8999.087937740000000000000000
1669492799999,2022-11-26 19:59,9575.349986270000,3958.465645608940310475397606,8999.087937740000000000000000
1669507199999,2022-11-26 23:59,9575.349986270000,3951.297162413662893784630005,8999.087937740000000000000000
1669521599999,2022-11-27 03:59,9575.349986270000,3967.777951809369345754529396,8999.087937740000000000000000
1669535999999,2022-11-27 07:59,9575.349986270000,3976.362846620592400706366282,8999.087937740000000000000000
1669550399999,2022-11-27 11:59,9575.349986270000,3973.465204552039205145161829,8999.087937740000000000000000
1669564799999,2022-11-27 15:59,9575.349986270000,3979.075634969776419748753217,8999.087937740000000000000000
1669579199999,2022-11-27 19:59,9575.349986270000,3974.540717101096232163736473,8999.087937740000000000000000
1669593599999,2022-11-27 23:59,9575.349986270000,3944.145484101964493141027633,8999.087937740000000000000000
1669607999999,2022-11-28 03:59,9575.349986270000,3883.993603679703624887888649,8999.087937740000000000000000
1669622399999,2022-11-28 07:59,9575.349986270000,3894.518262195475960712511945,8999.087937740000000000000000
1669636799999,2022-11-28 11:59,9575.349986270000,3892.412850352790664517668279,8999.087937740000000000000000
1669651199999,2022-11-28 15:59,9575.349986270000,3876.320973977055726782164184,8999.087937740000000000000000
1669665599999,2022-11-28 19:59,9575.349986270000,3895.164049864441005953575738,8999.087937740000000000000000
1669679999999,2022-11-28 23:59,9575.349986270000,3892.321623841933148833057037,8999.087937740000000000000000
1669694399999,2022-11-29 03:59,9575.349986270000,3910.266838806668142055926366,8999.087937740000000000000000
1669708799999,2022-11-29 07:59,9575.349986270000,3952.435093101727694692675499,8999.087937740000000000000000
1669723199999,2022-11-29 11:59,9575.349986270000,3960.676688148407993252422710,8999.087937740000000000000000
1669737599999,2022-11-29 15:59,9575.349986270000,3935.671021382832115070562251,8999.087937740000000000000000
1669751999999,2022-11-29 19:59,9575.349986270000,3943.612529222744269930930377,8999.087937740000000000000000
1669766399999,2022-11-29 23:59,9575.349986270000,3947.446443376414073834197577,8999.087937740000000000000000
1669780799999,2022-11-30 03:59,9575.349986270000,4044.127339304147538325353914,8999.087937740000000000000000
1669795199999,2022-11-30 07:59,9575.349986270000,4053.473255271734605698816161,8999.087937740000000000000000
1669809599999,2022-11-30 11:59,9575.349986270000,4052.306516211820062995630276,8999.087937740000000000000000
1669823999999,2022-11-30 15:59,9575.349986270000,4049.022361820949498349625561,8999.087937740000000000000000
1669838399999,2022-11-30 19:59,9575.349986270000,4096.366520258345993513265165,8999.087937740000000000000000
1669852799999,2022-11-30 23:59,9575.349986270000,4120.563151914474956281599609,8999.087937740000000000000000
1669867199999,2022-12-01 03:59,9575.349986270000,4117.523868684327196894288228,8999.087937740000000000000000
1669881599999,2022-12-01 07:59,9575.349986270000,4098.133433731796823615209222,8999.087937740000000000000000
1669895999999,2022-12-01 11:59,9575.349986270000,4105.878084364069076208784667,8999.087937740000000000000000
1669910399999,2022-12-01 15:59,9575.349986270000,4075.917377640337609262776744,8999.087937740000000000000000
1669924799999,2022-12-01 19:59,9575.349986270000,4069.706772809064107260427185,8999.087937740000000000000000
1669939199999,2022-12-01 23:59,9575.349986270000,4075.845356710713254774925764,8999.087937740000000000000000
1669953599999,2022-12-02 03:59,9575.349986270000,4057.758500584383697725949506,8999.087937740000000000000000
1669967999999,2022-12-02 07:59,9575.349986270000,4070.671853266030457397630325,8999.087937740000000000000000
1669982399999,2022-12-02 11:59,9575.349986270000,4080.538720624567022233214665,8999.087937740000000000000000
1669996799999,2022-12-02 15:59,9575.349986270000,4066.619475625833444881215151,8999.087937740000000000000000
1670011199999,2022-12-02 19:59,9575.349986270000,4078.159629249309178984537273,8999.087937740000000000000000
1670025599999,2022-12-02 23:59,9575.349986270000,4103.542205546585845652817864,8999.087937740000000000000000
1670039999999,2022-12-03 03:59,9575.349986270000,4086.293192901552945812508014,8999.087937740000000000000000
1670054399999,2022-12-03 07:59,9575.349986270000,4072.758059527482592395713729,8999.087937740000000000000000
1670068799999,2022-12-03 11:59,9575.349986270000,4067.697388872544617049384827,8999.087937740000000000000000
1670083199999,2022-12-03 15:59,9575.349986270000,4072.033048835930757218013858,8999.087937740000000000000000
1670097599999,2022-12-03 19:59,9575.349986270000,4070.090884433727331195632415,8999.087937740000000000000000
1670111999999,2022-12-03 23:59,9575.349986270000,4053.718126432457410957509495,8999.087937740000000000000000
1670126399999,2022-12-04 03:59,9575.349986270000,4071.588919769913904542932811,8999.087937740000000000000000
1670140799999,2022-12-04 07:59,9575.349986270000,4080.411483648897329304677933,8999.087937740000000000000000
1670155199999,2022-12-04 11:59,9575.349986270000,4068.948152350354239988396856,8999.087937740000000000000000
1670169599999,2022-12-04 15:59,9575.349986270000,4088.451420092629435298442399,8999.087937740000000000000000
1670183999999,2022-12-04 19:59,9575.349986270000,4101.811302537947192794799297,8999.087937740000000000000000
1670198399999,2022-12-04 23:59,9575.349986270000,4106.653509706357959527980225,8999.087937740000000000000000
1670212799999,2022-12-05 03:59,9575.349986270000,4128.543070916853433535488257,8999.087937740000000000000000
1670227199999,2022-12-05 07:59,9575.349986270000,4156.643236958622409545345849,8999.087937740000000000000000
1670241599999,2022-12-05 11:59,9575.349986270000,4155.822198360904768383844670,8999.087937740000000000000000
1670255999999,2022-12-05 15:59,9575.349986270000,4101.424790215629823709999035,8999.087937740000000000000000
1670270399999,2022-12-05 19:59,9575.349986270000,4063.669018208889056028919979,8999.087937740000000000000000
1670284799999,2022-12-05 23:59,9575.349986270000,4073.199787895845299921199743,8999.087937740000000000000000
1670299199999,2022-12-06 03:59,9575.349986270000,4082.209606191852046351357415,8999.087937740000000000000000
1670313599999,2022-12-06 07:59,9575.349986270000,4081.559017127578710811103557,8999.087937740000000000000000
1670327999999,2022-12-06 11:59,9575.349986270000,4077.413012278870037460482108,8999.087937740000000000000000
1670342399999,2022-12-06 15:59,9575.349986270000,4077.741907857487922955001586,8999.087937740000000000000000
1670356799999,2022-12-06 19:59,9575.349986270000,4074.299307421443778435724714,8999.087937740000000000000000
1670371199999,2022-12-06 23:59,9575.349986270000,4102.634741833318979105895508,8999.087937740000000000000000
1670385599999,2022-12-07 03:59,9575.349986270000,4087.287081730369037744851546,8999.087937740000000000000000
1670399999999,2022-12-07 07:59,9575.349986270000,4024.388803191766118354995168,8999.087937740000000000000000
1670414399999,2022-12-07 11:59,9575.349986270000,4031.653314293209341029564077,8999.087937740000000000000000
1670428799999,2022-12-07 15:59,9575.349986270000,4042.261997226876757090013517,8999.087937740000000000000000
1670443199999,2022-12-07 19:59,9575.349986270000,4037.040479829111056720817424,8999.087937740000000000000000
1670457599999,2022-12-07 23:59,9575.349986270000,4042.060338623928564524030771,8999.087937740000000000000000
1670471999999,2022-12-08 03:59,9575.349986270000,4041.503376768166889817983188,8999.087937740000000000000000
1670486399999,2022-12-08 07:59,9575.349986270000,4039.397964925481593623139522,8999.087937740000000000000000
1670500799999,2022-12-08 11:59,9575.349986270000,4045.512541850589289641687774,8999.087937740000000000000000
1670515199999,2022-12-08 15:59,9575.349986270000,4061.448372878804792653514745,8999.087937740000000000000000
1670529599999,2022-12-08 19:59,9575.349986270000,4141.684489875643982418697182,8999.087937740000000000000000
1670543999999,2022-12-08 23:59,9575.349986270000,4135.077769931436530733167229,8999.087937740000000000000000
1670558399999,2022-12-09 03:59,9575.349986270000,4129.930674160949330001417150,8999.087937740000000000000000
1670572799999,2022-12-09 07:59,9575.349986270000,4132.156120886341883676012450,8999.087937740000000000000000
1670587199999,2022-12-09 11:59,9575.349986270000,4139.240579663724220130953907,8999.087937740000000000000000
1670601599999,2022-12-09 15:59,9575.349986270000,4124.850797924778193458327986,8999.087937740000000000000000
1670615999999,2022-12-09 19:59,9575.349986270000,4115.528888933732577580816066,8999.087937740000000000000000
1670630399999,2022-12-09 23:59,9575.349986270000,4112.141504543733771502224946,8999.087937740000000000000000
1670644799999,2022-12-10 03:59,9575.349986270000,4116.107457068381558633218943,8999.087937740000000000000000
1670659199999,2022-12-10 07:59,9575.349986270000,4118.263283561803902969558295,8999.087937740000000000000000
1670673599999,2022-12-10 11:59,9575.349986270000,4121.756298648585095630330854,8999.087937740000000000000000
1670687999999,2022-12-10 15:59,9575.349986270000,4131.140625778638485397313624,8999.087937740000000000000000
1670702399999,2022-12-10 19:59,9575.349986270000,4123.482400261915458189159355,8999.087937740000000000000000
1670716799999,2022-12-10 23:59,9575.349986270000,4111.884629894740240495556448,8999.087937740000000000000000
1670731199999,2022-12-11 03:59,9575.349986270000,4118.155252167367371237781824,8999.087937740000000000000000
1670745599999,2022-12-11 07:59,9575.349986270000,4124.701954670221194183435960,8999.087937740000000000000000
1670759999999,2022-12-11 11:59,9575.349986270000,4121.473016325395967978116997,8999.087937740000000000000000
1670774399999,2022-12-11 15:59,9575.349986270000,4118.133645888480064891426530,8999.087937740000000000000000
1670788799999,2022-12-11 19:59,9575.349986270000,4123.873713979541117573149683,8999.087937740000000000000000
1670803199999,2022-12-11 23:59,9575.349986270000,4101.696069050548225614237728,8999.087937740000000000000000
1670817599999,2022-12-12 03:59,9575.349986270000,4061.825282410505581139934876,8999.087937740000000000000000
1670831999999,2022-12-12 07:59,9575.349986270000,4063.018429144615720488666121,8999.087937740000000000000000
1670846399999,2022-12-12 11:59,9575.349986270000,4078.546141571626548069337535,8999.087937740000000000000000
1670860799999,2022-12-12 15:59,9575.349986270000,4083.873289666174635020715066,8999.087937740000000000000000
1670875199999,2022-12-12 19:59,9575.349986270000,4091.653950763259064858216002,8999.087937740000000000000000
1670889599999,2022-12-12 23:59,9575.349986270000,4131.651974378971402261055586,8999.087937740000000000000000
1670903999999,2022-12-13 03:59,9575.349986270000,4117.857565658253372687997771,8999.087937740000000000000000
1670918399999,2022-12-13 07:59,9575.349986270000,4120.930458655559164169639610,8999.087937740000000000000000
1670932799999,2022-12-13 11:59,9575.349986270000,4188.020355298299514752423057,8999.087937740000000000000000
1670947199999,2022-12-13 15:59,9575.349986270000,4262.036264673248621916875804,8999.087937740000000000000000
1670961599999,2022-12-13 19:59,9575.349986270000,4259.136221907041281206076319,8999.087937740000000000000000
1670975999999,2022-12-13 23:59,9575.349986270000,4267.260182768668467435666929,8999.087937740000000000000000
1670990399999,2022-12-14 03:59,9575.349986270000,4268.935869731261781852999744,8999.087937740000000000000000
1671004799999,2022-12-14 07:59,9575.349986270000,4274.776767123796930817714270,8999.087937740000000000000000
1671019199999,2022-12-14 11:59,9575.349986270000,4279.318887085439553851516112,8999.087937740000000000000000
1671033599999,2022-12-14 15:59,9575.349986270000,4336.191414512138147757840447,8999.087937740000000000000000
1671047999999,2022-12-14 19:59,9575.349986270000,4271.629452499212639698626418,8999.087937740000000000000000
1671062399999,2022-12-14 23:59,9575.349986270000,4274.090167594711418033534921,8999.087937740000000000000000
1671076799999,2022-12-15 03:59,9575.349986270000,4256.423433557857262163689384,8999.087937740000000000000000
1671091199999,2022-12-15 07:59,9575.349986270000,4247.274374797910097057019817,8999.087937740000000000000000
1671105599999,2022-12-15 11:59,9575.349986270000,4254.207589623081289087474215,8999.087937740000000000000000
1671119999999,2022-12-15 15:59,9575.349986270000,4184.280068353141371683362132,8999.087937740000000000000000
1671134399999,2022-12-15 19:59,9575.349986270000,4187.448989256612969148805278,8999.087937740000000000000000
1671148799999,2022-12-15 23:59,9575.349986270000,4166.824595709851988977879471,8999.087937740000000000000000
1671163199999,2022-12-16 03:59,9575.349986270000,4183.490238824927617466596378,8999.087937740000000000000000
1671177599999,2022-12-16 07:59,9575.349986270000,4202.117251923439833174454990,8999.087937740000000000000000
1671191999999,2022-12-16 11:59,9575.349986270000,4087.781625447122938561428279,8999.087937740000000000000000
1671206399999,2022-12-16 15:59,9575.349986270000,4074.637805790678244528624322,8999.087937740000000000000000
1671220799999,2022-12-16 19:59,9575.349986270000,4048.823103915655450933237848,8999.087937740000000000000000
1671235199999,2022-12-16 23:59,9575.349986270000,3992.961270201351965006422274,8999.087937740000000000000000
1671249599999,2022-12-17 03:59,9575.349986270000,4003.699590808343219145003479,8999.087937740000000000000000
1671263999999,2022-12-17 07:59,9575.349986270000,4020.189982994666251713283000,8999.087937740000000000000000
1671278399999,2022-12-17 11:59,9575.349986270000,4011.230579349396553424621015,8999.087937740000000000000000
1671292799999,2022-12-17 15:59,9575.349986270000,4009.319624016697014346974997,8999.087937740000000000000000
1671307199999,2022-12-17 19:59,9575.349986270000,4007.247821941169750246461789,8999.087937740000000000000000
1671321599999,2022-12-17 23:59,9575.349986270000,4027.627344327207925158694262,8999.087937740000000000000000
1671335999999,2022-12-18 03:59,9575.349986270000,4019.104867654992644096328226,8999.087937740000000000000000
1671350399999,2022-12-18 07:59,9575.349986270000,4021.459952053709035849055291,8999.087937740000000000000000
1671364799999,2022-12-18 11:59,9575.349986270000,4011.981997715143985247866246,8999.087937740000000000000000
1671379199999,2022-12-18 15:59,9575.349986270000,4005.377678468590678711931327,8999.087937740000000000000000
1671393599999,2022-12-18 19:59,9575.349986270000,4021.457551356054890699460259,8999.087937740000000000000000
1671407999999,2022-12-18 23:59,9575.349986270000,4018.430271614177857060124041,8999.087937740000000000000000
1671422399999,2022-12-19 03:59,9575.349986270000,4004.808713124558278257908580,8999.087937740000000000000000
1671436799999,2022-12-19 07:59,9575.349986270000,4014.593956762853908007261809,8999.087937740000000000000000
1671451199999,2022-12-19 11:59,9575.349986270000,4017.530009993873425961986784,8999.087937740000000000000000
1671465599999,2022-12-19 15:59,9575.349986270000,4001.834248731072437909663082,8999.087937740000000000000000
1671479999999,2022-12-19 19:59,9575.349986270000,3974.624741518991312399562617,8999.087937740000000000000000
1671494399999,2022-12-19 23:59,9575.349986270000,3946.570188732651094232010646,8999.087937740000000000000000
1671508799999,2022-12-20 03:59,9575.349986270000,4015.796706287580627954373185,8999.087937740000000000000000
1671523199999,2022-12-20 07:59,9575.349986270000,4033.943579855263813743225259,8999.087937740000000000000000
1671537599999,2022-12-20 11:59,9575.349986270000,4036.685176576297574580752587,8999.087937740000000000000000
1671551999999,2022-12-20 15:59,9575.349986270000,4061.791672643347549045604419,8999.087937740000000000000000
1671566399999,2022-12-20 19:59,9575.349986270000,4057.343179890216586846008851,8999.087937740000000000000000
1671580799999,2022-12-20 23:59,9575.349986270000,4056.205249202151785937963358,8999.087937740000000000000000
1671595199999,2022-12-21 03:59,9575.349986270000,4042.170770716019241405402275,8999.087937740000000000000000
1671609599999,2022-12-21 07:59,9575.349986270000,4037.148511223547588452593895,8999.087937740000000000000000
1671623999999,2022-12-21 11:59,9575.349986270000,4052.102456911217725280052497,8999.087937740000000000000000
1671638399999,2022-12-21 15:59,9575.349986270000,4047.939647178930035882265820,8999.087937740000000000000000
1671652799999,2022-12-21 19:59,9575.349986270000,4022.749126693984981181587844,8999.087937740000000000000000
1671667199999,2022-12-21 23:59,9575.349986270000,4039.186703531916820458776646,8999.087937740000000000000000
1671681599999,2022-12-22 03:59,9575.349986270000,4045.939866033027126269603592,8999.087937740000000000000000
1671695999999,2022-12-22 07:59,9575.349986270000,4039.714857015828753369683837,8999.087937740000000000000000
1671710399999,2022-12-22 11:59,9575.349986270000,4041.618610255565856998544757,8999.087937740000000000000000
1671724799999,2022-12-22 15:59,9575.349986270000,3994.022378564484121127426721,8999.087937740000000000000000
1671739199999,2022-12-22 19:59,9575.349986270000,4000.165763861441558941115365,8999.087937740000000000000000
1671753599999,2022-12-22 23:59,9575.349986270000,4038.408877491973791989986055,8999.087937740000000000000000
1671767999999,2022-12-23 03:59,9575.349986270000,4040.041351896792493714608282,8999.087937740000000000000000
1671782399999,2022-12-23 07:59,9575.349986270000,4044.789931856691599613582935,8999.087937740000000000000000
1671796799999,2022-12-23 11:59,9575.349986270000,4043.832053492687684925164894,8999.087937740000000000000000
1671811199999,2022-12-23 15:59,9575.349986270000,4040.984826074871537505456128,8999.087937740000000000000000
1671825599999,2022-12-23 19:59,9575.349986270000,4044.016907212056861443982410,8999.087937740000000000000000
1671839999999,2022-12-23 23:59,9575.349986270000,4028.102682462728664778510734,8999.087937740000000000000000
1671854399999,2022-12-24 03:59,9575.349986270000,4043.023018383240769511638878,8999.087937740000000000000000
1671868799999,2022-12-24 07:59,9575.349986270000,4044.849949298045228353458752,8999.087937740000000000000000
1671883199999,2022-12-24 11:59,9575.349986270000,4039.124285392909046569305796,8999.087937740000000000000000
1671897599999,2022-12-24 15:59,9575.349986270000,4041.990718391958355185774823,8999.087937740000000000000000
1671911999999,2022-12-24 19:59,9575.349986270000,4043.728823493559443492578488,8999.087937740000000000000000
1671926399999,2022-12-24 23:59,9575.349986270000,4041.935502345913016745089071,8999.087937740000000000000000
1671940799999,2022-12-25 03:59,9575.349986270000,4040.980024679563247206266062,8999.087937740000000000000000
1671955199999,2022-12-25 07:59,9575.349986270000,4038.538515165297630068117821,8999.087937740000000000000000
1671969599999,2022-12-25 11:59,9575.349986270000,4038.428083073206953186746317,8999.087937740000000000000000
1671983999999,2022-12-25 15:59,9575.349986270000,4031.605300340126438037663423,8999.087937740000000000000000
1671998399999,2022-12-25 19:59,9575.349986270000,4031.840568710232662697976626,8999.087937740000000000000000
1672012799999,2022-12-25 23:59,9575.349986270000,4040.972822586600811757480964,8999.087937740000000000000000
1672027199999,2022-12-26 03:59,9575.349986270000,4055.876353623533900443443880,8999.087937740000000000000000
1672041599999,2022-12-26 07:59,9575.349986270000,4043.743227679484314390148684,8999.087937740000000000000000
1672055999999,2022-12-26 11:59,9575.349986270000,4048.638250196286274414420331,8999.087937740000000000000000
1672070399999,2022-12-26 15:59,9575.349986270000,4035.547245888232773672707094,8999.087937740000000000000000
1672084799999,2022-12-26 19:59,9575.349986270000,4043.107042801135849747465022,8999.087937740000000000000000
1672099199999,2022-12-26 23:59,9575.349986270000,4061.926111711979677422926249,8999.087937740000000000000000
1672113599999,2022-12-27 03:59,9575.349986270000,4051.631920171005275959426091,8999.087937740000000000000000
1672127999999,2022-12-27 07:59,9575.349986270000,4049.874609488171026455862165,8999.087937740000000000000000
1672142399999,2022-12-27 11:59,9575.349986270000,4041.042442818571021095736912,8999.087937740000000000000000
1672156799999,2022-12-27 15:59,9575.349986270000,4033.211367070749543116740290,8999.087937740000000000000000
1672171199999,2022-12-27 19:59,9575.349986270000,4007.036560547604977082098913,8999.087937740000000000000000
1672185599999,2022-12-27 23:59,9575.349986270000,4010.784049585725555599944936,8999.087937740000000000000000
1672199999999,2022-12-28 03:59,9575.349986270000,3997.409762954482927206017841,8999.087937740000000000000000
1672214399999,2022-12-28 07:59,9575.349986270000,3996.571919473186269997351434,8999.087937740000000000000000
1672228799999,2022-12-28 11:59,9575.349986270000,4004.210939408676136008745441,8999.087937740000000000000000
1672243199999,2022-12-28 15:59,9575.349986270000,3980.093530775133963177047076,8999.087937740000000000000000
1672257599999,2022-12-28 19:59,9575.349986270000,3984.270744693346523472403950,8999.087937740000000000000000
1672271999999,2022-12-28 23:59,9575.349986270000,3972.600953396546951290950062,8999.087937740000000000000000
1672286399999,2022-12-29 03:59,9575.349986270000,3975.246522211414906144676083,8999.087937740000000000000000
1672300799999,2022-12-29 07:59,9575.349986270000,3974.775985471202456824049676,8999.087937740000000000000000
1672315199999,2022-12-29 11:59,9575.349986270000,3984.938138641198875059823037,8999.087937740000000000000000
1672329599999,2022-12-29 15:59,9575.349986270000,3989.235387442118692834931545,8999.087937740000000000000000
1672343999999,2022-12-29 19:59,9575.349986270000,3988.227094427377730005017817,8999.087937740000000000000000
1672358399999,2022-12-29 23:59,9575.349986270000,3993.285364384661560201751686,8999.087937740000000000000000
1672372799999,2022-12-30 03:59,9575.349986270000,3985.029365152056390744434279,8999.087937740000000000000000
1672387199999,2022-12-30 07:59,9575.349986270000,3955.224703775844358522103480,8999.087937740000000000000000
1672401599999,2022-12-30 11:59,9575.349986270000,3960.347792569790107757903232,8999.087937740000000000000000
1672415999999,2022-12-30 15:59,9575.349986270000,3974.509508031592345219001048,8999.087937740000000000000000
1672430399999,2022-12-30 19:59,9575.349986270000,3967.333822743352493079448349,8999.087937740000000000000000
1672444799999,2022-12-30 23:59,9575.349986270000,3987.045951181538316404261735,8999.087937740000000000000000
1672459199999,2022-12-31 03:59,9575.349986270000,3973.837312688431703332391896,8999.087937740000000000000000
1672473599999,2022-12-31 07:59,9575.349986270000,3976.869393825617027270918178,8999.087937740000000000000000
1672487999999,2022-12-31 11:59,9575.349986270000,3977.363937542370928087494912,8999.087937740000000000000000
1672502399999,2022-12-31 15:59,9575.349986270000,3982.873538658634046408094926,8999.087937740000000000000000
1672516799999,2022-12-31 19:59,9575.349986270000,3978.081746140960327816409685,8999.087937740000000000000000
1672531199999,2022-12-31 23:59,9575.349986270000,3971.422210848361682839789014,8999.087937740000000000000000
1672545599999,2023-01-01 03:59,9575.349986270000,3969.175157844081822818838419,8999.087937740000000000000000
1672559999999,2023-01-01 07:59,9575.349986270000,3967.530679950992395346241029,8999.087937740000000000000000
1672574399999,2023-01-01 11:59,9575.349986270000,3974.845605703172666162305624,8999.087937740000000000000000
1672588799999,2023-01-01 15:59,9575.349986270000,3975.342550117580712128477390,8999.087937740000000000000000
1672603199999,2023-01-01 19:59,9575.349986270000,3985.989644213714450582447353,8999.087937740000000000000000
1672617599999,2023-01-01 23:59,9575.349986270000,3989.271397906930870078857035,8999.087937740000000000000000
1672631999999,2023-01-02 03:59,9575.349986270000,4000.120150606012801098809744,8999.087937740000000000000000
1672646399999,2023-01-02 07:59,9575.349986270000,4014.365890485710118795733704,8999.087937740000000000000000
1672660799999,2023-01-02 11:59,9575.349986270000,4017.686055341392860685663909,8999.087937740000000000000000
1672675199999,2023-01-02 15:59,9575.349986270000,4017.578023946956328953887438,8999.087937740000000000000000
1672689599999,2023-01-02 19:59,9575.349986270000,4018.274226266658422336446917,8999.087937740000000000000000
1672703999999,2023-01-02 23:59,9575.349986270000,4002.744113141993449606180470,8999.087937740000000000000000
1672718399999,2023-01-03 03:59,9575.349986270000,4007.291034498944362939172377,8999.087937740000000000000000
1672732799999,2023-01-03 07:59,9575.349986270000,4016.396880701116915353131356,8999.087937740000000000000000
1672747199999,2023-01-03 11:59,9575.349986270000,4014.305873044356490055857886,8999.087937740000000000000000
1672761599999,2023-01-03 15:59,9575.349986270000,4003.721197087230525491358773,8999.087937740000000000000000
1672775999999,2023-01-03 19:59,9575.349986270000,3995.662055062265258300834046,8999.087937740000000000000000
1672790399999,2023-01-03 23:59,9575.349986270000,4003.298674300100979162633020,8999.087937740000000000000000
1672804799999,2023-01-04 03:59,9575.349986270000,4048.153309270148954196223729,8999.087937740000000000000000
1672819199999,2023-01-04 07:59,9575.349986270000,4049.934626929524655195737982,8999.087937740000000000000000
1672833599999,2023-01-04 11:59,9575.349986270000,4041.750648626543840226271555,8999.087937740000000000000000
1672847999999,2023-01-04 15:59,9575.349986270000,4046.239953239795269968982678,8999.087937740000000000000000
1672862399999,2023-01-04 19:59,9575.349986270000,4043.433537682099590092389468,8999.087937740000000000000000
1672876799999,2023-01-04 23:59,9575.349986270000,4045.354095805415709768415617,8999.087937740000000000000000
1672891199999,2023-01-05 03:59,9575.349986270000,4039.916515618776945935666582,8999.087937740000000000000000
1672905599999,2023-01-05 07:59,9575.349986270000,4038.939431673539870050488279,8999.087937740000000000000000
1672919999999,2023-01-05 11:59,9575.349986270000,4041.330526537068439047140835,8999.087937740000000000000000
1672934399999,2023-01-05 15:59,9575.349986270000,4043.572778146040008768901363,8999.087937740000000000000000
1672948799999,2023-01-05 19:59,9575.349986270000,4048.592636940857516572114710,8999.087937740000000000000000
1672963199999,2023-01-05 23:59,9575.349986270000,4040.910404447593037868010114,8999.087937740000000000000000
1672977599999,2023-01-06 03:59,9575.349986270000,4041.320923746451858448760704,8999.087937740000000000000000
1672991999999,2023-01-06 07:59,9575.349986270000,4031.838168012578517548381593,8999.087937740000000000000000
1673006399999,2023-01-06 11:59,9575.349986270000,4018.432672311832002209719074,8999.087937740000000000000000
1673020799999,2023-01-06 15:59,9575.349986270000,4043.063830243361237054754434,8999.087937740000000000000000
1673035199999,2023-01-06 19:59,9575.349986270000,4066.852343298285524391933321,8999.087937740000000000000000
1673049599999,2023-01-06 23:59,9575.349986270000,4069.430692578837415056998426,8999.087937740000000000000000
1673063999999,2023-01-07 03:59,9575.349986270000,4069.865218854237687133699342,8999.087937740000000000000000
1673078399999,2023-01-07 07:59,9575.349986270000,4068.816113979376256760670058,8999.087937740000000000000000
1673092799999,2023-01-07 11:59,9575.349986270000,4061.664435667677856117067686,8999.087937740000000000000000
1673107199999,2023-01-07 15:59,9575.349986270000,4066.974778878646927021279988,8999.087937740000000000000000
1673121599999,2023-01-07 19:59,9575.349986270000,4067.846232127101616324276853,8999.087937740000000000000000
1673135999999,2023-01-07 23:59,9575.349986270000,4067.730998639702649143715284,8999.087937740000000000000000
1673150399999,2023-01-08 03:59,9575.349986270000,4067.839030034139180875491755,8999.087937740000000000000000
1673164799999,2023-01-08 07:59,9575.349986270000,4070.179710246930701730648624,8999.087937740000000000000000
1673179199999,2023-01-08 11:59,9575.349986270000,4063.853871928258232547737496,8999.087937740000000000000000
1673193599999,2023-01-08 15:59,9575.349986270000,4081.381365501171969741071138,8999.087937740000000000000000
1673207999999,2023-01-08 19:59,9575.349986270000,4063.813060068137765004621940,8999.087937740000000000000000
1673222399999,2023-01-08 23:59,9575.349986270000,4111.966253614981175581787560,8999.087937740000000000000000
1673236799999,2023-01-09 03:59,9575.349986270000,4128.571879288703175330628650,8999.087937740000000000000000
1673251199999,2023-01-09 07:59,9575.349986270000,4128.927182541516657470693487,8999.087937740000000000000000
1673265599999,2023-01-09 11:59,9575.349986270000,4138.638004552533787582600703,8999.087937740000000000000000
1673279999999,2023-01-09 15:59,9575.349986270000,4145.734466818186849785517323,8999.087937740000000000000000
1673294399999,2023-01-09 19:59,9575.349986270000,4151.784224906632626764999692,8999.087937740000000000000000
1673308799999,2023-01-09 23:59,9575.349986270000,4124.072971884835164989537396,8999.087937740000000000000000
1673323199999,2023-01-10 03:59,9575.349986270000,4130.665287643117745777497152,8999.087937740000000000000000
1673337599999,2023-01-10 07:59,9575.349986270000,4130.060311834273168079548915,8999.087937740000000000000000
1673351999999,2023-01-10 11:59,9575.349986270000,4141.989378477720416417266333,8999.087937740000000000000000
1673366399999,2023-01-10 15:59,9575.349986270000,4159.948997628380280537705858,8999.087937740000000000000000
1673380799999,2023-01-10 19:59,9575.349986270000,4185.192333461716528529474553,8999.087937740000000000000000
1673395199999,2023-01-10 23:59,9575.349986270000,4187.067278329603890363195081,8999.087937740000000000000000
1673409599999,2023-01-11 03:59,9575.349986270000,4181.180767681639983556174934,8999.087937740000000000000000
1673423999999,2023-01-11 07:59,9575.349986270000,4188.505296224436834970619660,8999.087937740000000000000000
1673438399999,2023-01-11 11:59,9575.349986270000,4186.368675312247651831040569,8999.087937740000000000000000
1673452799999,2023-01-11 15:59,9575.349986270000,4161.084527618790936296156318,8999.087937740000000000000000
1673467199999,2023-01-11 19:59,9575.349986270000,4213.386126711997165373538419,8999.087937740000000000000000
1673481599999,2023-01-11 23:59,9575.349986270000,4307.726342426939109009537887,8999.087937740000000000000000
1673495999999,2023-01-12 03:59,9575.349986270000,4375.286775809891908912947741,8999.087937740000000000000000
1673510399999,2023-01-12 07:59,9575.349986270000,4354.530343892152945514295137,8999.087937740000000000000000
1673524799999,2023-01-12 11:59,9575.349986270000,4369.553909811793291680009687,8999.087937740000000000000000
1673539199999,2023-01-12 15:59,9575.349986270000,4342.142743996763973603926476,8999.087937740000000000000000
1673553599999,2023-01-12 19:59,9575.349986270000,4533.893667726299507207972218,8999.087937740000000000000000
1673567999999,2023-01-12 23:59,9575.349986270000,4524.595765711795342826410624,8999.087937740000000000000000
1673582399999,2023-01-13 03:59,9575.349986270000,4531.737841232877162871632866,8999.087937740000000000000000
1673596799999,2023-01-13 07:59,9575.349986270000,4519.225405059472643182322506,8999.087937740000000000000000
1673611199999,2023-01-13 11:59,9575.349986270000,4542.440151375056239766288581,8999.087937740000000000000000
1673625599999,2023-01-13 15:59,9575.349986270000,4624.121488359690809587680695,8999.087937740000000000000000
1673639999999,2023-01-13 19:59,9575.349986270000,4648.325322108782207804800237,8999.087937740000000000000000
1673654399999,2023-01-13 23:59,9575.349986270000,4784.684948864226704802656811,8999.087937740000000000000000
1673668799999,2023-01-14 03:59,9816.960392195673682015092500,5033.690110947469911098637085,8999.087937740000000000000000
1673683199999,2023-01-14 07:59,9800.201248299207290821460000,5016.916436437957750878143707,8955.650806271388459542478400
1673697599999,2023-01-14 11:59,9758.074320539991714961467500,4974.752983538206488540584640,8880.384825246084100375856200
1673711999999,2023-01-14 15:59,9773.667736093294707540515000,4990.359918987804106057892132,8908.244766181317468191275600
1673726399999,2023-01-14 19:59,9772.933758988339975079480000,4989.625305505635690281812130,8906.933407632450922959539200
1673740799999,2023-01-14 23:59,9814.007693449924415153870000,5030.734852135217231947151848,8980.318060543531709064944800
1673755199999,2023-01-15 03:59,9757.441085390619004602927500,4974.119199357512169047496010,8879.253457086277669195534600
1673769599999,2023-01-15 07:59,9761.422791254098925796777500,4978.104357463393117375250269,8886.367362939605986465738600
1673783999999,2023-01-15 11:59,9758.194251439494122226342500,4974.873018420913746020336274,8880.599099518774712341826200
1673798399999,2023-01-15 15:59,9802.820539144339865486330000,5019.537998276284254235919400,8960.330556386951424879263200
1673812799999,2023-01-15 19:59,9793.674608748286287466962500,5010.384138121028798830059768,8943.990000351565356354391000
1673827199999,2023-01-15 23:59,9793.998422176942787082125000,5010.708232304338394025389180,8944.568540887830008662510000
1673841599999,2023-01-16 03:59,9842.973404297745817766480000,5059.725677006674058456766566,9032.069582883768311086019200
1673855999999,2023-01-16 07:59,9851.020767654357345239592500,5067.780017636331035348101228,9046.447386581308374002606200
1673870399999,2023-01-16 11:59,9781.060276738623091347410000,4997.758869157879457109782871,8921.452632349966789773666400
1673884799999,2023-01-16 15:59,9823.422269060863385446557500,5040.157590427736944107655141,8997.138590949744748393589800
1673899199999,2023-01-16 19:59,9898.834818667977073599957500,5115.635524674060447375482794,9131.874253617601552595525800
1673913599999,2023-01-16 23:59,9869.351006334305271603087500,5086.126149109308268553341016,9079.197066419341506881461000
1673927999999,2023-01-17 03:59,9854.700247651091200125957500,5071.462687837789694826881369,9053.021321267456349118565800
1673942399999,2023-01-17 07:59,9856.878192786054916056087500,5073.642521307753490659171048,9056.912542059517862420581000
1673956799999,2023-01-17 11:59,9877.530293680369447067562500,5094.312528109943228672402476,9093.810571816841242960615000
1673971199999,2023-01-17 15:59,9867.050731681849100262785000,5083.823880058983070091704670,9075.087285869135569374156400
1673985599999,2023-01-17 19:59,9905.524564242221350834685000,5122.331070431471269596028956,9143.826472548283888057332400
1673999999999,2023-01-17 23:59,9857.156432472900500910597500,5073.921002235634328012194840,9057.409658372160082181631400
1674014399999,2023-01-18 03:59,9886.834532863766202676565000,5103.624834310372263951534265,9110.433969892178919280567600
1674028799999,2023-01-18 07:59,9898.683705734604040446215000,5115.484280721849302950995735,9131.604268034011381518403600
1674043199999,2023-01-18 11:59,9873.913177751376843958932500,5090.692276047492343083093185,9087.348059752492386066959800
1674057599999,2023-01-18 15:59,9835.069958020537179011217500,5051.815378236265790541133865,9017.948908313456982528596200
1674071999999,2023-01-18 19:59,9802.403179614071488204565000,5019.120276884462998206383713,8959.584881917988095237687600
1674086399999,2023-01-18 23:59,9747.458037316038623874732500,4964.127495720960056432969971,8861.417266627511129148191800
1674100799999,2023-01-19 03:59,9764.385084471808385239190000,4981.069219066262377125115637,8891.659937475064102025197600
1674115199999,2023-01-19 07:59,9781.393684639239783543762500,4998.092566131805632903492414,8922.048314828046691039063000
1674129599999,2023-01-19 11:59,9763.348881500107586470670000,4980.032117679671672500061516,8889.808607759017214639216800
1674143999999,2023-01-19 15:59,9795.183339464026570859090000,5011.894176945486097925335327,8946.685570702013254886293600
1674158399999,2023-01-19 19:59,9846.636093968549335635762500,5063.391542324553701888381478,9038.613519171739600526743000
1674172799999,2023-01-19 23:59,9841.992369539816126339802500,5058.743791666128692272398198,9030.316819333159105204384600
1674187199999,2023-01-20 03:59,9845.866137593743880995265000,5062.620918377573108868375986,9037.237878341065871705215600
1674201599999,2023-01-20 07:59,9815.091868781426176828340000,5031.819967474890839564106622,8982.255099968654841237313600
1674215999999,2023-01-20 11:59,9816.068106303375771964422500,5032.797051420127915449284926,8983.999292548356422640309400
1674230399999,2023-01-20 15:59,9859.545455990988453626907500,5076.312097099162897008847395,9061.678001884157072543753800
1674244799999,2023-01-20 19:59,9943.952823060782686645932500,5160.792647548530711258047621,9212.484235003809774193439800
1674259199999,2023-01-20 23:59,10224.72065326787828629949750,5441.803910756837051955003667,9714.117449314347635486487400
1674273599999,2023-01-21 03:59,10195.97081803916121676366250,5413.029148674253288908941891,9662.751620664954135004159000
1674287999999,2023-01-21 07:59,10217.80064036658938711621000,5434.877898024628295373334368,9701.753823780099325050018400
1674302399999,2023-01-21 11:59,10281.91330062258626277308750,5499.046145622273998898963036,9816.300564475046669818261000
1674316799999,2023-01-21 15:59,10304.28041337978521767227500,5521.432651247177518872642834,9856.262716331845801471666000
1674331199999,2023-01-21 19:59,10369.42687798949284395237500,5586.635599533759781873730591,9972.656501257386221386570000
1674345599999,2023-01-21 23:59,10252.62617496409840869061250,5469.733627265161722343613938,9763.974787083999227728387000
1674359999999,2023-01-22 03:59,10246.56966453922684181442500,5463.671865688445219616156405,9753.153936313123323446902000
1674374399999,2023-01-22 07:59,10279.40674482298595093720000,5496.537416573692317572153879,9811.822232175812879729488000
1674388799999,2023-01-22 11:59,10252.64056667203869756239750,5469.748031451086593241184134,9764.000499996722101164303400
1674403199999,2023-01-22 15:59,10255.25506028119117593667250,5472.364791894104806299769762,9768.671679141377442022449400
1674417599999,2023-01-22 19:59,10237.89866050520279656396250,5454.993343668710503830113245,9737.661906397592078307271000
1674431999999,2023-01-22 23:59,10234.47583263340409322443000,5451.567548116245375358001602,9731.546518655002012798487200
1674446399999,2023-01-23 03:59,10223.23590873203848436034500,5440.317878908921204355678434,9711.464733818437859347778800
1674460799999,2023-01-23 07:59,10231.60228828132641515802500,5448.691512326579486143152444,9726.412507081334950093846000
1674475199999,2023-01-23 11:59,10281.65664849765111122625500,5498.789270973280467892294539,9815.842017531488760211085200
1674489599999,2023-01-23 15:59,10269.31815755684345181591500,5486.440082240357818375446401,9793.797480357078601152091600
1674503999999,2023-01-23 19:59,10254.76574221122135429598250,5471.875049572659195782383094,9767.797440108799745201291800
1674518399999,2023-01-23 23:59,10284.50380805183825969438750,5501.638899088750760461598337,9820.928888765163888283213000
1674532799999,2023-01-24 03:59,10323.55810616580216142828250,5540.727058293542086167920533,9890.705162924134768881683800
1674547199999,2023-01-24 07:59,10317.51598744887088342388000,5534.679700902750454338033197,9879.910025065981738036115200
1674561599999,2023-01-24 11:59,10284.79404082863408527538500,5501.929383504902323562597292,9821.447432505075169240860400
1674575999999,2023-01-24 15:59,10288.08014747500004433296000,5505.218339291081178507792072,9827.318547576797937108438400
1674590399999,2023-01-24 19:59,10308.98890049424972689126750,5526.145220742264447527691997,9864.675124277679227255648200
1674604799999,2023-01-24 23:59,10216.48859632603305163847750,5433.564716407810898544851488,9699.409663236864030142306600
1674619199999,2023-01-25 03:59,10219.05991481136466339739750,5436.138264293054498910726528,9704.003703643350750692703400
1674633599999,2023-01-25 07:59,10235.57200105485609562538750,5452.664666944189708722931539,9733.504985507394206167453000
1674647999999,2023-01-25 11:59,10208.23255320428733552448250,5425.301515082243293638748982,9684.659022304842302404931800
1674662399999,2023-01-25 15:59,10203.28900152679810806633500,5420.353677217050140323386616,9675.826636784535277167648400
1674676799999,2023-01-25 19:59,10244.30536915662139265358500,5461.405607102932198398445550,9749.108438044724569529388400
1674691199999,2023-01-25 23:59,10319.16143939004391109796500,5536.326579493494026960225619,9882.849868087296934209223600
1674705599999,2023-01-26 03:59,10337.20384391118606002576000,5554.384627247973842214061485,9915.085289670872598369750400
1674719999999,2023-01-26 07:59,10296.56405930580033425021750,5513.709606893792572625422683,9842.476309626931827581156200
1674734399999,2023-01-26 11:59,10302.85083705771652307496500,5520.001835445307009714003353,9853.708567001373706837303600
1674748799999,2023-01-26 15:59,10294.47486303646839969609500,5511.618599237032147328149213,9838.743651796661367133958800
1674763199999,2023-01-26 19:59,10321.33458728902753073750000,5538.501611568149532493325233,9886.732517908450823032600000
1674777599999,2023-01-26 23:59,10306.85892771908697386708750,5524.013401225383554687302972,9860.869613194693958740021000
1674791999999,2023-01-27 03:59,10250.00448550097578588044500,5467.109664729181073836243212,9759.290751482982450152282800
1674806399999,2023-01-27 07:59,10321.99900447227086698490750,5539.166604818347738931149287,9887.919597379156813324073800
1674820799999,2023-01-27 11:59,10296.74155703706389700223250,5513.887258520199313695455102,9842.793435550513933290791800
1674835199999,2023-01-27 15:59,10288.70378815241256211031000,5505.842520681158917402500571,9828.432773794789119331482400
1674849599999,2023-01-27 19:59,10365.24368821484887855353500,5582.448782824930640979993586,9965.182614625937676013536400
1674863999999,2023-01-27 23:59,10322.33241237288755918126000,5539.500301792273914724858831,9888.515279857236714589470400
1674878399999,2023-01-28 03:59,10332.71363103381593202884000,5549.890521239414122172160296,9907.062860901336086363833600
1674892799999,2023-01-28 07:59,10302.50783468513963829742250,5519.658535680764253321913679,9853.095742581478556614629400
1674907199999,2023-01-28 11:59,10300.10921669509149299992250,5517.257838026619103726880993,9848.810257127666317295229400
1674921599999,2023-01-28 15:59,10307.55212831821088785806500,5524.707202847431502920267418,9862.108118490845695903327600
1674935999999,2023-01-28 19:59,10313.98282314952996540066250,5531.143473258194648984550050,9873.597504992516309518639000
1674950399999,2023-01-28 23:59,10309.96513801619932202735000,5527.122304687501523412870301,9866.419316857380808658644000
1674964799999,2023-01-29 03:59,10350.94072914019178814454250,5568.133422713263113944813678,9939.628264864855292951954200
1674979199999,2023-01-29 07:59,10353.44248770381200368983500,5570.637350366536504972432770,9944.098026193181458562088400
1674993599999,2023-01-29 11:59,10408.20533503460120897705750,5625.447678508324415376624028,10041.93994458916869446330980
1675007999999,2023-01-29 15:59,10430.49329339812857508142750,5647.754961110641145413667748,10081.76067542599202221917460
1675022399999,2023-01-29 19:59,10519.90177897717319104574000,5737.240966168901596568511124,10241.50214571684324284980960
1675036799999,2023-01-29 23:59,10482.59367475996433908842500,5699.900514856327939767372724,10174.84570496824767247586200
1675051199999,2023-01-30 03:59,10472.79292165262761740284000,5690.091264241490858522069168,10157.33521140397086261679360
1675065599999,2023-01-30 07:59,10458.72982437697534152359750,5676.015973895237846446392529,10132.20941018826970348715140
1675079999999,2023-01-30 11:59,10323.12635492759349527473250,5540.294932715795959240814650,9889.933775542448565804191800
1675094399999,2023-01-30 15:59,10347.36199109903995536067250,5564.551581813278550749024911,9933.234320567767431887409400
1675108799999,2023-01-30 19:59,10252.94039392079471572458500,5470.048118657854736940563220,9764.536185678448631079228400
1675123199999,2023-01-30 23:59,10262.84428760170350765796250,5479.960599271820059618453181,9782.230955117239367229031000
1675137599999,2023-01-31 03:59,10264.96946314088616439154750,5482.087617393392662159652141,9786.027895229317011266019400
1675151999999,2023-01-31 07:59,10299.32486861234574948764000,5516.472809893713639809305305,9847.408903384269715037785600
1675166399999,2023-01-31 11:59,10272.26605906661262238654250,5489.390539657302207227741572,9799.064341979813843275634200
1675180799999,2023-01-31 15:59,10333.75942847747692337855000,5550.937225416621407395594547,9908.931332559198222707092000
1675195199999,2023-01-31 19:59,10343.85281297959951879043000,5561.039361145264196891492091,9926.964655348840125763127200
1675209599999,2023-01-31 23:59,10334.55816826816295576261750,5551.736657735451742210740432,9910.358399215317698400452200
1675223999999,2023-02-01 03:59,10334.55816826816295576261750,5544.624446421756541686795400,9910.358399215317698400452200
1675238399999,2023-02-01 07:59,10314.76083783313278151171507,5531.797475576818153982254289,9872.388969508828222172221490
1675252799999,2023-02-01 11:59,10314.94820390805359642239389,5531.998833369936229961918175,9872.748320131096899750672403
1675267199999,2023-02-01 15:59,10293.13567001935539390420157,5508.557430287773551329380795,9830.913918521985018326011838
1675281599999,2023-02-01 19:59,10383.75393382570094820464959,5605.942688659380155493964454,10004.71128019207186716109315
1675295999999,2023-02-01 23:59,10461.08035905522345425825152,5689.043529302527060101201733,10153.01613759907479111535308
1675310399999,2023-02-02 03:59,10486.94133849131783609646829,5716.835698985991023294333790,10202.61507943934917021725661
1675324799999,2023-02-02 07:59,10471.88959713934570493860329,5700.659956272172252928001625,10173.74724611709873808169985
1675339199999,2023-02-02 11:59,10480.67126662700342283553786,5710.097404266289694974867324,10190.58966754414378125266709
1675353599999,2023-02-02 15:59,10484.91153934634234123078110,5714.654322893878533514641693,10198.72211436477182978403837
1675367999999,2023-02-02 19:59,10476.67412369535937140772309,5705.801771346437407408704425,10182.92352093574532624571426
1675382399999,2023-02-02 23:59,10406.71743074605558517415465,5630.621003899268158001579990,10048.75312133797705371052362
1675396799999,2023-02-03 03:59,10416.80843220964804536357096,5641.465559328627392906334986,10068.10671913730440329280855
1675411199999,2023-02-03 07:59,10399.42130656669861406903070,5622.780035550586889793477958,10034.75983698749081134013148
1675425599999,2023-02-03 11:59,10416.79727946709323495222103,5641.453573745703697907545469,10068.08532921931222010361505
1675439999999,2023-02-03 15:59,10432.23936680848373050733356,5658.048811861851793231510730,10097.70180967128906386094454
1675454399999,2023-02-03 19:59,10366.35565544019670649875941,5587.245179298415957382317909,9971.343008124266092019222568
1675468799999,2023-02-03 23:59,10393.99438203952786790615496,5616.947850899916903382498978,10024.35150289249447147857108
1675483199999,2023-02-04 03:59,10374.26071936304632606358951,5595.740560474730972524327570,9986.504181997125536519580176
1675497599999,2023-02-04 07:59,10371.08218773492535882885958,5592.324669341477897869315220,9980.408055369353327599430743
1675511999999,2023-02-04 11:59,10378.79542448583223931847089,5600.613898491505359032145189,9995.201322652747221245660034
1675526399999,2023-02-04 15:59,10391.66345884557249193401967,5614.442864068864648635489922,10019.88101003212818493712816
1675540799999,2023-02-04 19:59,10392.65382238443965646189342,5615.507183832488764527999033,10021.78043474983405213751156
1675555199999,2023-02-04 23:59,10370.56023938336023157768287,5591.763744060648971925965824,9979.407007207319154345174625
1675569599999,2023-02-05 03:59,10374.50607969925215511328797,5596.004243299052262497696944,9986.974760192953566681837325
1675583999999,2023-02-05 07:59,10381.83789265478451953473169,5603.883565513089354701925431,10001.03649228101479525764868
1675598399999,2023-02-05 11:59,10377.13812694218741219187135,5598.832840869044282212022960,9992.022780839108799331504926
1675612799999,2023-02-05 15:59,10319.10594633248691777364765,5536.467058683889725510650119,9880.722481558582792682011732
1675627199999,2023-02-05 19:59,10273.52245696246580450421536,5487.479584158163526458136170,9793.297608740931661810310809
1675641599999,2023-02-05 23:59,10282.69224189103092471612749,5497.334130438025554462877061,9810.884399314104679965212086
1675655999999,2023-02-06 03:59,10274.34329881449985077957018,5488.361723061347478369044623,9794.871906705156344534952909
1675670399999,2023-02-06 07:59,10270.82126271569072287526241,5484.576675974044597751315149,9788.116970603224893387643467
1675684799999,2023-02-06 11:59,10270.49560263309025886384447,5484.226696952672703786661252,9787.492384997853144263193069
1675699199999,2023-02-06 15:59,10306.88923213794759318093476,5523.338051149274223836613179,9857.291965389945327239444402
1675713599999,2023-02-06 19:59,10304.57838388059087594922934,5520.854638367484620087425253,9852.859974381964970438549797
1675727999999,2023-02-06 23:59,10244.68592581274800491783738,5456.489660950657737587960974,9737.991836780342807831579672
1675742399999,2023-02-07 03:59,10270.44206946882716888936481,5484.169166154638967792471571,9787.389713391490664955064236
1675756799999,2023-02-07 07:59,10277.78503516691434372215846,5492.060473951599754995489574,9801.472835397544076720069102
1675771199999,2023-02-07 11:59,10292.58026344012583541897507,5507.960548258173540389662847,9829.848700605974295504175200
1675785599999,2023-02-07 15:59,10276.44224496331517019562693,5490.617409767586877141231725,9798.897489271285220741170885
1675799999999,2023-02-07 19:59,10318.15573266681707072663364,5535.445887018790911613783269,9878.900060545648784962724954
1675814399999,2023-02-07 23:59,10351.29276134566976492954449,5571.057451001673492017196227,9942.453784884023476694472307
1675828799999,2023-02-08 03:59,10354.61181752998134334728354,5574.624360479765123656956491,9948.819424478497193798459926
1675843199999,2023-02-08 07:59,10349.55739460414126492349544,5569.192494298746550205547379,9939.125513644439772455962652
1675857599999,2023-02-08 11:59,10333.13832701494937733412907,5551.547319118482772987620428,9907.635276376347681325281966
1675871999999,2023-02-08 15:59,10269.16842626906781991320285,5482.800412584752998930708727,9784.946984756783344749165761
1675886399999,2023-02-08 19:59,10269.75059943042892338566917,5483.426060013369877867521516,9786.063538475975307225066815
1675900799999,2023-02-08 23:59,10289.40396236051583026651512,5504.547054241505204734408401,9823.756851961800523221864468
1675915199999,2023-02-09 03:59,10190.24269775718550087202102,5397.980839350348231497054708,9633.574813109701351464556961
1675929599999,2023-02-09 07:59,10225.47867258485351449098861,5435.848090039470210672654768,9701.154120014204919402522290
1675943999999,2023-02-09 11:59,10227.57092708813594766023541,5438.096585395955392445568161,9705.166868629538485695224163
1675958399999,2023-02-09 15:59,10210.87527148358476186939079,5420.154167759183979257661188,9673.146161395240251472544509
1675972799999,2023-02-09 19:59,10081.89826493422427877199488,5281.545695479820796256412703,9425.780315782838541725315969
1675987199999,2023-02-09 23:59,10029.17702032912450223860765,5224.887447882929797978607865,9324.665895450190169769770705
1676001599999,2023-02-10 03:59,10035.69914417517763079604648,5231.896616776706633270717416,9337.174719492018898810133472
1676015999999,2023-02-10 07:59,10054.90862795158308330516523,5252.540584804478899185781524,9374.016714241755223877029554
1676030399999,2023-02-10 11:59,10015.16248403474973933628611,5209.826364381014662499700782,9297.787324501212774229210082
1676044799999,2023-02-10 15:59,9997.445237212177919865787936,5190.786067348432787422674051,9263.807300778830559876405207
1676059199999,2023-02-10 19:59,10023.54265479043428242462321,5218.832331389879084590143868,9313.859708880539222589211078
1676073599999,2023-02-10 23:59,9990.998952015497502105528625,5183.858400418537078122333215,9251.443928179348676522558286
1676087999999,2023-02-11 03:59,10002.90338941850213518044348,5196.651811631289119830263678,9274.275526644205012667707426
1676102399999,2023-02-11 07:59,10006.04177117342578493431368,5200.024554666016892489633767,9280.294649567205362106760235
1676116799999,2023-02-11 11:59,10007.11466500719854650617690,5201.177567743276351373185304,9282.352359678053384907175587
1676131199999,2023-02-11 15:59,10015.66658799822716992930292,5210.368112729165676444986952,9298.754148794459454380756588
1676145599999,2023-02-11 19:59,9999.350125640539538124355913,5192.833204911799893215923557,9267.460698771895448590656165
1676159999999,2023-02-11 23:59,10043.94325147169348686591445,5240.756359673901976375928394,9352.986146871840712261973685
1676174399999,2023-02-12 03:59,10025.83788920821426508043872,5221.298964355575515341026470,9318.261754003330522925234774
1676188799999,2023-02-12 07:59,10029.63874387089365326849473,5225.383651015970770928493869,9325.551438055066553802381886
1676203199999,2023-02-12 11:59,10049.68914443593181079339818,5246.931331996189639752287561,9364.006232621413491334468380
1676217599999,2023-02-12 15:59,10062.40104039990471765004794,5260.592499412617199372579056,9388.386461148903890377227411
1676231999999,2023-02-12 19:59,10073.97312607477600046673490,5273.028740254243130116581912,9410.580640057593167484410049
1676246399999,2023-02-12 23:59,10026.31968768658207485075568,5221.816741537879139288733605,9319.185798460592836698394267
1676260799999,2023-02-13 03:59,10031.90944225505305301934040,5227.823915699235072682039534,9329.906425358275051122179867
1676275199999,2023-02-13 07:59,10045.08975340632799715268721,5241.988477598457822251490743,9355.185030441437144111066183
1676289599999,2023-02-13 11:59,9986.073900903293224453399711,5178.565566999433366656882501,9241.998140394000580174705691
1676303999999,2023-02-13 15:59,9977.131631922846236633026154,5168.955526611214716627447758,9224.847704147868099079351952
1676318399999,2023-02-13 19:59,9987.122258703445403120293094,5179.692211794260696543097101,9244.008792685265799958895328
1676332799999,2023-02-13 23:59,10024.18505276159136211837916,5219.522700966283916520420048,9315.091768156888974286757069
1676347199999,2023-02-14 03:59,10007.77936846346524702263271,5201.891908485528573301040518,9283.627198790387502983108592
1676361599999,2023-02-14 07:59,10022.96048162907317895215689,5218.206683961262205653331080,9312.743155161347260113310024
1676375999999,2023-02-14 11:59,10032.17933862487946497400870,5228.113966805988491652745846,9330.424061373685884300662731
1676390399999,2023-02-14 15:59,10083.84776433280513867596257,5283.640775374882682044820278,9429.519273447872163196340954
1676404799999,2023-02-14 19:59,10121.14253543609115423012717,5323.720564671718757996965180,9501.047159213732747859427636
1676419199999,2023-02-14 23:59,10119.17742219793355975026957,5321.608704960563699210252281,9497.278255663510069923531741
1676433599999,2023-02-15 03:59,10096.79386789042906417096086,5297.553640032707836639691630,9454.348690253198409212163628
1676447999999,2023-02-15 07:59,10099.11363834182962973174622,5300.046641280836396387911169,9458.797793195572512564413039
1676462399999,2023-02-15 11:59,10173.89054662332247575075423,5380.407577667626624271864859,9602.212915349562359469037316
1676476799999,2023-02-15 15:59,10255.15612052320401909315129,5467.741726199422602451559548,9758.072691791404385846443840
1676491199999,2023-02-15 19:59,10368.78918386565633825531405,5589.860433492366206118190522,9976.010288230160463901245748
1676505599999,2023-02-15 23:59,10592.99276744501003762294890,5830.806607007406766783851096,10406.01180962701911625831260
1676519999999,2023-02-16 03:59,10684.08167698716859128236395,5928.697656978393299897352373,10580.71182583637609567735990
1676534399999,2023-02-16 07:59,10657.43331392670459440284216,5900.059305140516469789680415,10529.60275578585358341839479
1676548799999,2023-02-16 11:59,10647.52967853803294912410467,5889.416107504275310864589305,10510.60850860879491141456077
1676563199999,2023-02-16 15:59,10759.97609007265344051863492,6010.259548774137766660015668,10726.27021777318269813917356
1676577599999,2023-02-16 19:59,10715.34504491681313637848662,5962.295643030095120504126473,10640.67204395206401162459811
1676591999999,2023-02-16 23:59,10413.13694936060445794717413,5637.519905430146999304825985,10061.06515813427769741030612
1676606399999,2023-02-17 03:59,10484.71971217439960215556231,5714.448170867590979535462001,10198.35420777530627892991005
1676620799999,2023-02-17 07:59,10439.75185419340402359264614,5666.122300519252744416129392,10112.11005843082366010169071
1676635199999,2023-02-17 11:59,10473.83017434388271651349104,5702.745447700895182717377586,10177.46909184773861300137003
1676649599999,2023-02-17 15:59,10549.82050101533893528737140,5784.410415509783426469630727,10323.21143707927799089024785
1676663999999,2023-02-17 19:59,10637.70188179873401464254670,5878.854411831915277931266910,10491.75971287408308509724259
1676678399999,2023-02-17 23:59,10647.84641642658956480644267,5889.756498059308248830211588,10511.21598227977291398765636
1676692799999,2023-02-18 03:59,10656.70392456361999350055676,5899.275448017306816868846002,10528.20385514916480284513945
1676707199999,2023-02-18 07:59,10636.47954121472679355859441,5877.540791943478306063935845,10489.41537786213980756163425
1676721599999,2023-02-18 11:59,10636.57099370367623893166384,5877.639073723452605054009885,10489.59077518967570971302101
1676735999999,2023-02-18 15:59,10669.77047774083587143813429,5913.317756970707877450644138,10553.26428306880662730425200
1676750399999,2023-02-18 19:59,10656.40503106315107447637865,5898.954234394951790901286946,10527.63060534697429337475347
1676764799999,2023-02-18 23:59,10661.67135609753255071581541,5904.613826651520569329696881,10537.73092462288319531192737
1676779199999,2023-02-19 03:59,10672.76610439105794792672538,5916.537084544012354125508409,10559.00961504150703192162792
1676793599999,2023-02-19 07:59,10650.66806029295659887797486,5892.788850539003083523959393,10516.62763153179526085361358
1676807999999,2023-02-19 11:59,10670.03145191661843506372264,5913.598219611122340422318837,10553.76480714982371393138006
1676822399999,2023-02-19 15:59,10726.41525717671795068442675,5974.192532640154776302601063,10661.90367655110504521807295
1676836799999,2023-02-19 19:59,10637.54574340296666888364768,5878.686613670983547948213672,10491.46025402219252044853350
1676851199999,2023-02-19 23:59,10581.32922928118930943319252,5818.272084385806537049774201,10383.64223339079393699974321
1676865599999,2023-02-20 03:59,10614.16067281404019836511529,5853.555243396579874486354393,10446.60987397618280934758848
1676879999999,2023-02-20 07:59,10633.05341870188903519189604,5873.858820869319202435796218,10482.84439505494113184138897
1676894399999,2023-02-20 11:59,10719.23066042290908369280210,5966.471420120710458082394201,10648.12429138054063473961588
1676908799999,2023-02-20 15:59,10731.02357040036561265421766,5979.144975504225549802429494,10670.74199066547513899282995
1676923199999,2023-02-20 19:59,10715.25805352488561516995717,5962.202155483290299513568240,10640.50520259172498274888876
1676937599999,2023-02-20 23:59,10708.56863854051033044226940,5955.013202845658039239615934,10627.67552978001350587062339
1676951999999,2023-02-21 03:59,10727.38554577898645647187062,5975.235278354516241197289044,10663.76459941642498267790804
1676966399999,2023-02-21 07:59,10743.75554130093717825129730,5992.827716969915760420542120,10695.16072104535146777613729
1676980799999,2023-02-21 11:59,10648.48435330072472033565864,5890.442073402543602760971962,10512.43948558892579240952495
1676995199999,2023-02-21 15:59,10645.19652479556661106969939,5886.908723556638317117822345,10506.13373776483018823527915
1677009599999,2023-02-21 19:59,10655.18715157616577755696633,5897.645408739684297033471688,10525.29482630222788911482253
1677023999999,2023-02-21 23:59,10621.56832441894527358373853,5861.516067574498092682351595,10460.81705750659088360991568
1677038399999,2023-02-22 03:59,10565.73546464105339228372094,5801.513842341896189742271509,10353.73485005412340186938203
1677052799999,2023-02-22 07:59,10534.30703612159765309961932,5767.738469662923683153412558,10293.45806115215117472207991
1677067199999,2023-02-22 11:59,10556.59467684313077914131864,5791.690458577635768734383363,10336.20367326773006000638387
1677081599999,2023-02-22 15:59,10456.83116414184068753392834,5684.477022208599265562395750,10144.86657884405299603262699
1677095999999,2023-02-22 19:59,10474.24282581841070173343844,5703.188914269071897672589716,10178.26051881344939100152978
1677110399999,2023-02-22 23:59,10561.35466736552386270546860,5796.805905369468794217749225,10345.33289026679384515417256
1677124799999,2023-02-23 03:59,10622.16834196839407371436475,5862.160891935792883617227610,10461.96783509457033918852635
1677139199999,2023-02-23 07:59,10604.64069176925403123681538,5843.324349812913823519622668,10428.35143997805523905201109
1677153599999,2023-02-23 11:59,10471.68438667633719336976459,5700.439421546376264950274512,10173.35367162604256740053933
1677167999999,2023-02-23 15:59,10509.76431085548186188296423,5741.362995881040468817201412,10246.38740761855284858284889
1677182399999,2023-02-23 19:59,10514.35477969104182719459525,5746.296261812433330318966616,10255.19149786413544925489628
1677196799999,2023-02-23 23:59,10507.37316285173050968953932,5738.793286902200261076728964,10241.80140920102877281976103
1677211199999,2023-02-24 03:59,10510.46247253941299363346982,5742.113293372063775741425177,10247.72641648486351622636241
1677225599999,2023-02-24 07:59,10482.86389581327914970693402,5712.453769869088131736886369,10194.79492542140699624811053
1677239999999,2023-02-24 11:59,10494.77502486181666902865884,5725.254372431594390444090542,10217.63935783705864230677577
1677254399999,2023-02-24 15:59,10376.01839158968444689233842,5597.629488343505304333555452,9989.875233072693607136476845
1677268799999,2023-02-24 19:59,10338.31319956038140820049641,5557.108629595077252425956324,9917.560198324720681111069113
1677283199999,2023-02-24 23:59,10338.98682521069195704603216,5557.832558803668430352843151,9918.852149371448545738356923
1677297599999,2023-02-25 03:59,10314.97497049018514140963372,5532.027598768953097959013016,9872.799655934278139404736820
1677311999999,2023-02-25 07:59,10323.79009820550729054061808,5541.501003511841625002247265,9889.706247115299732143284581
1677326399999,2023-02-25 11:59,10294.05465600587177179943577,5509.545042320686019229636997,9832.676447764540913115556797
1677340799999,2023-02-25 15:59,10299.03547083085010150831433,5514.897803654408205689035296,9842.229185139849925409376926
1677355199999,2023-02-25 19:59,10293.87621212499480521783689,5509.353272993906899249004725,9832.334209076665982088460688
1677369599999,2023-02-25 23:59,10332.69221731275696088013189,5551.067895801534973036039748,9906.779679656660353757541695
1677383999999,2023-02-26 03:59,10345.50894905674508560347099,5564.841727697445265644952702,9931.360973413277274778719690
1677398399999,2023-02-26 07:59,10332.13458018501644031263541,5550.468616655350223096563897,9905.710183757051194297866356
1677412799999,2023-02-26 11:59,10354.18801331289854771598621,5574.168908328664713702954844,9948.006607594794232609106668
1677427199999,2023-02-26 15:59,10352.80284268759109462632495,5572.680298929541794853296831,9945.349979780165080511273126
1677441599999,2023-02-26 19:59,10409.03497064894518865267002,5633.111608030811978750041626,10053.19794629675272042493432
1677455999999,2023-02-26 23:59,10421.41897598180666941563186,5646.420399309282905405921321,10076.94931123527293370540426
1677470399999,2023-02-27 03:59,10420.69850881276591684242640,5645.646130652412208484118521,10075.56752253297789968350372
1677484799999,2023-02-27 07:59,10392.07834086861143923623705,5614.888727753626102590459955,10020.67671498143739957512661
1677499199999,2023-02-27 11:59,10393.31852584070635697834922,5616.221524574740986455854247,10023.05527386216817021344457
1677513599999,2023-02-27 15:59,10422.43387555429441684847545,5647.511087355339150295767369,10078.89579377256160392201337
1677527999999,2023-02-27 19:59,10359.29819995151267819652396,5579.660702424301762148311541,9957.807468018812569897571476
1677542399999,2023-02-27 23:59,10407.42005352700864108920022,5631.376095623460942925319562,10050.10068617148459462971454
1677556799999,2023-02-28 03:59,10401.93959583557480495184481,5625.486380174757220520150900,10039.58968047012577546002531
1677571199999,2023-02-28 07:59,10350.44961400852609783148981,5570.151340932642150108708741,9940.836707083814427591443194
1677585599999,2023-02-28 11:59,10385.24840132804554332554016,5607.548756771155285331759734,10007.57752920302441451302306
1677599999999,2023-02-28 15:59,10413.26632117424025871883331,5637.658938192061861290784382,10061.31328118298702240495080
1677614399999,2023-02-28 19:59,10356.62377228686914155481084,5576.786559639199701438585361,9952.678165684287041128968549
1677628799999,2023-02-28 23:59,10329.23486712076573336165371,5547.352365095189523411289473,9900.148805079083565107554592
1677643199999,2023-03-01 03:59,10321.39830979192227873932476,5619.162786624215739158801723,10028.30435973744992484153113
1677657599999,2023-03-01 07:59,10321.39830979192227873932476,5685.064315771860320503082084,10012.75090279035523972821921
1677671999999,2023-03-01 11:59,10321.39830979192227873932476,5690.604052199192148943596849,10012.75090279035523972821921
1677686399999,2023-03-01 15:59,10321.39830979192227873932476,5683.872948829245037623404093,10012.75090279035523972821921
1677700799999,2023-03-01 19:59,10321.39830979192227873932476,5598.547583995460341240832455,10012.75090279035523972821921
1677715199999,2023-03-01 23:59,10321.39830979192227873932476,5664.187827435368371611501345,10012.75090279035523972821921
1677729599999,2023-03-02 03:59,10284.11839844619709699295563,5631.903461272103522872058311,10012.75090279035523972821921
1677743999999,2023-03-02 07:59,10261.78384816930017666527992,5607.352193211206687351611655,9954.155445599647376460138023
1677758399999,2023-03-02 11:59,10266.76888838927541195810033,5612.832001723920040798178835,9963.883087854206740712412492
1677772799999,2023-03-02 15:59,10255.07606876569395454773154,5599.978662596549524096300787,9941.066107202873708726106411
1677787199999,2023-03-02 19:59,10277.51093043809343866520153,5624.640198020344353605610999,9984.844752659963271030305770
1677801599999,2023-03-02 23:59,10277.80096121204650353569371,5624.959014526114640573412152,9985.410709099095552502550960
1677815999999,2023-03-03 03:59,10027.97543071291138505302309,5350.338147228660611308724569,9497.909449427580046451229893
1677830399999,2023-03-03 07:59,10036.93585515030344184138664,5360.187899275353161313949653,9515.394524678666847725331290
1677844799999,2023-03-03 11:59,10033.04115618579085643763456,5355.906649055009307746334175,9507.794538210319067955181595
1677859199999,2023-03-03 15:59,10031.60408641109108388384249,5354.326949225666306905875832,9504.990287884092199607741143
1677873599999,2023-03-03 19:59,10036.43429817279062289241521,5359.636562460863191369631870,9514.415803017009518863553893
1677887999999,2023-03-03 23:59,10035.53149561326754878426663,5358.644156194781245469859861,9512.654104026026326912354580
1677902399999,2023-03-04 03:59,10028.01862540613579319485513,5356.803170657701693655790047,9509.386024738405333147810927
1677916799999,2023-03-04 07:59,10028.01862540613579319485513,5359.782786572532270354863978,9495.115691198781463200558269
1677931199999,2023-03-04 11:59,10028.01862540613579319485513,5357.474363301428613588003000,9495.115691198781463200558269
1677945599999,2023-03-04 15:59,10028.01862540613579319485513,5349.901872010238113352786149,9495.115691198781463200558269
1677959999999,2023-03-04 19:59,10028.01862540613579319485513,5333.819616843224163977012217,9495.115691198781463200558269
1677974399999,2023-03-04 23:59,10028.01862540613579319485513,5356.781596608439042657968917,9495.115691198781463200558269
1677988799999,2023-03-05 03:59,10028.01862540613579319485513,5366.477933193708296678688183,9495.115691198781463200558269
1678003199999,2023-03-05 07:59,10028.01862540613579319485513,5363.764397219783748952741530,9495.115691198781463200558269
1678017599999,2023-03-05 11:59,10028.01862540613579319485513,5367.137140254511521612111619,9495.115691198781463200558269
1678031999999,2023-03-05 15:59,10028.01862540613579319485513,5378.262158324285219488541313,9495.115691198781463200558269
1678046399999,2023-03-05 19:59,10028.01862540613579319485513,5370.416395742434473280923474,9495.115691198781463200558269
1678060799999,2023-03-05 23:59,10028.01862540613579319485513,5376.838271072950253632346691,9495.115691198781463200558269
1678075199999,2023-03-06 03:59,10028.01862540613579319485513,5366.518684175648859674572541,9495.115691198781463200558269
1678089599999,2023-03-06 07:59,10028.01862540613579319485513,5367.849083880179004540208929,9495.115691198781463200558269
1678103999999,2023-03-06 11:59,10028.01862540613579319485513,5364.692081338077741859050147,9495.115691198781463200558269
1678118399999,2023-03-06 15:59,10028.01862540613579319485513,5406.365953163765252650200812,9495.115691198781463200558269
1678132799999,2023-03-06 19:59,10028.01862540613579319485513,5367.995307991848083525441037,9495.115691198781463200558269
1678147199999,2023-03-06 23:59,10028.01862540613579319485513,5371.986507105438518122350203,9495.115691198781463200558269
1678161599999,2023-03-07 03:59,10028.01862540613579319485513,5384.101534324709422898794003,9495.115691198781463200558269
1678175999999,2023-03-07 07:59,10028.01862540613579319485513,5374.314107309220086887274408,9495.115691198781463200558269
1678190399999,2023-03-07 11:59,10028.01862540613579319485513,5357.848313488647897550235931,9495.115691198781463200558269
1678204799999,2023-03-07 15:59,10028.01862540613579319485513,5350.628198335414030279430881,9495.115691198781463200558269
1678219199999,2023-03-07 19:59,10028.01862540613579319485513,5303.613550758928028027671433,9495.115691198781463200558269
1678233599999,2023-03-07 23:59,10028.01862540613579319485513,5321.158047042632767255766441,9495.115691198781463200558269
1678247999999,2023-03-08 03:59,10028.01862540613579319485513,5310.265549281578752355853377,9495.115691198781463200558269
1678262399999,2023-03-08 07:59,10028.01862540613579319485513,5266.760280385150645749664512,9495.115691198781463200558269
1678276799999,2023-03-08 11:59,10028.01862540613579319485513,5291.071836787573581294320828,9495.115691198781463200558269
1678291199999,2023-03-08 15:59,10028.01862540613579319485513,5307.456128644264644639590589,9495.115691198781463200558269
1678305599999,2023-03-08 19:59,10028.01862540613579319485513,5273.045520070336303114887235,9495.115691198781463200558269
1678319999999,2023-03-08 23:59,10028.01862540613579319485513,5203.095261011067551179508026,9495.115691198781463200558269
1678334399999,2023-03-09 03:59,10028.01862540613579319485513,5218.489543718261407624763682,9495.115691198781463200558269
1678348799999,2023-03-09 07:59,10028.01862540613579319485513,5199.044133982858641588651275,9495.115691198781463200558269
1678363199999,2023-03-09 11:59,10028.01862540613579319485513,5194.451258606498718052508354,9495.115691198781463200558269
1678377599999,2023-03-09 15:59,10028.01862540613579319485513,5189.462858993656859556311372,9495.115691198781463200558269
1678391999999,2023-03-09 19:59,10028.01862540613579319485513,4999.218098362430882770065679,9495.115691198781463200558269
1678406399999,2023-03-09 23:59,10028.01862540613579319485513,4881.109767115755625698407099,9495.115691198781463200558269
1678420799999,2023-03-10 03:59,10028.01862540613579319485513,4806.763196240075548207033048,9495.115691198781463200558269
1678435199999,2023-03-10 07:59,10028.01862540613579319485513,4783.153994996981139591442430,9495.115691198781463200558269
1678449599999,2023-03-10 11:59,10028.01862540613579319485513,4736.937587243213224259064816,9495.115691198781463200558269
1678463999999,2023-03-10 15:59,10028.01862540613579319485513,4795.470380009370120347550116,9495.115691198781463200558269
1678478399999,2023-03-10 19:59,10028.01862540613579319485513,4800.111197717424823878851104,9495.115691198781463200558269
1678492799999,2023-03-10 23:59,10028.01862540613579319485513,4830.403559998771563819476411,9495.115691198781463200558269
1678507199999,2023-03-11 03:59,10028.01862540613579319485513,4888.699038223039298931929274,9495.115691198781463200558269
1678521599999,2023-03-11 07:59,10028.01862540613579319485513,4758.518827855618439079469155,9495.115691198781463200558269
1678535999999,2023-03-11 11:59,10028.01862540613579319485513,4814.913392628188147383904619,9495.115691198781463200558269
1678550399999,2023-03-11 15:59,10028.01862540613579319485513,4809.138738775551896967115321,9495.115691198781463200558269
1678564799999,2023-03-11 19:59,10028.01862540613579319485513,4847.248098239732515118263625,9495.115691198781463200558269
1678579199999,2023-03-11 23:59,10028.01862540613579319485513,4903.525204299650012434561823,9495.115691198781463200558269
1678593599999,2023-03-12 03:59,10028.01862540613579319485513,4884.523261132423961353661545,9495.115691198781463200558269
1678607999999,2023-03-12 07:59,10028.01862540613579319485513,4877.391839292825437073898921,9495.115691198781463200558269
1678622399999,2023-03-12 11:59,10028.01862540613579319485513,4901.056174217368842683921317,9495.115691198781463200558269
1678636799999,2023-03-12 15:59,10028.01862540613579319485513,4880.328307109130711777330590,9495.115691198781463200558269
1678651199999,2023-03-12 19:59,10028.01862540613579319485513,4981.146236430083563595231922,9495.115691198781463200558269
1678665599999,2023-03-12 23:59,10028.01862540613579319485513,5273.011960438149957118276588,9495.115691198781463200558269
1678679999999,2023-03-13 03:59,10073.66078390682633648453801,5329.226741466864240440869297,9495.115691198781463200558269
1678694399999,2023-03-13 07:59,10125.34817831079084672319471,5383.665259106286924942855584,9577.235363720327782375468981
1678708799999,2023-03-13 11:59,10045.21564717143450693972377,5299.267578390796221466592563,9427.097150651547690949486885
1678723199999,2023-03-13 15:59,10471.97918525591611794060621,5748.746114962036588071543894,10226.69144899569724170792391
1678737599999,2023-03-13 19:59,10539.84648660914455170575390,5820.225734402368821852465474,10353.84923630250119382765125
1678751999999,2023-03-13 23:59,10501.96743310561388927061680,5780.330523082557648881679135,10282.87814223002598757899697
1678766399999,2023-03-14 03:59,10561.30665577845240582465720,5842.828146679872850569736663,10394.05751882424419206826660
1678780799999,2023-03-14 07:59,10532.50191497807482583432523,5812.490239183416069633711192,10340.08827249958840823824986
1678795199999,2023-03-14 11:59,10645.25372117677151615678462,5931.243394791386117640245788,10551.34273385573944576503789
1678809599999,2023-03-14 15:59,10907.36184102458150702487891,6207.302532039683546759675412,11042.43473089163815256151528
1678823999999,2023-03-14 19:59,10716.06158235254165609667227,6005.820088859201139108378565,10684.01002386888468049446668
1678838399999,2023-03-14 23:59,10628.72331406290122827200419,5913.833137036426762398593370,10520.37097057698036248774557
1678852799999,2023-03-15 03:59,10639.47502041095619728862305,5925.157115782733797254929047,10540.51562288716319456841870
1678867199999,2023-03-15 07:59,10674.44082579308331181070507,5961.984017874079050535599031,10606.02838610505880194678052
1678881599999,2023-03-15 11:59,10647.86198863546563014769173,5933.990490397497011362803088,10556.22964569898024287859661
1678895999999,2023-03-15 15:59,10583.34037067166158343894322,5866.034632336731107225999510,10435.34041023298254883647078
1678910399999,2023-03-15 19:59,10559.60195043241236099115857,5841.032706357903339751067014,10390.86354241011909866682202
1678924799999,2023-03-15 23:59,10541.15517228868130174482161,5821.604076438593746713259931,10356.30122086608187300766544
1678939199999,2023-03-16 03:59,10536.55087467180678812911036,5816.754709587666750203021347,10347.67449952325802260563290
1678953599999,2023-03-16 07:59,10615.94598988043285484708923,5900.375724529702017757723664,10496.43107259447265306757222
1678967999999,2023-03-16 11:59,10663.82112600052944105889652,5950.799071889686877665221751,10586.13106441172410793991752
1678982399999,2023-03-16 15:59,10678.34639905583994323164452,5966.097469933491174120161270,10613.34596090697957668226635
1678996799999,2023-03-16 19:59,10693.08788974516086497606458,5981.623594052845675552101613,10640.96596789534837502826970
1679011199999,2023-03-16 23:59,10703.45950825237646485090203,5992.547254329501297448867422,10660.39847860184777506883436
1679025599999,2023-03-17 03:59,10881.64104647772096408313257,6180.212717515548110495609053,10994.24363949507249097309721
1679039999999,2023-03-17 07:59,10944.63776112797784118114132,6246.562507464538884794617350,11112.27577990437617623155433
1679054399999,2023-03-17 11:59,11140.43534658743441920012672,6452.781653016465555967531322,11479.12678518388690405461692
1679068799999,2023-03-17 15:59,11027.23062134486327103805955,6333.551471208132447009173950,11267.02372395268794451596311
1679083199999,2023-03-17 19:59,11121.34901944205148732600188,6432.679433336844303997753383,11443.36618944443025083096645
1679097599999,2023-03-17 23:59,11248.86280010592271808914500,6566.980287113431504434049452,11682.27903667777134950831458
1679111999999,2023-03-18 03:59,11228.92753425016203358098146,6545.983942947702605554573543,11644.92784921272236005136794
1679126399999,2023-03-18 07:59,11240.84226387168357524101527,6558.532848268811269287197859,11667.25156954375689136854064
1679140799999,2023-03-18 11:59,11259.77837666080663667587320,6578.476858253839747272954174,11702.73072009852428402544166
1679155199999,2023-03-18 15:59,11210.42158075396496476766056,6526.492987997189798523060971,11610.25465532320148629015855
1679169599999,2023-03-18 19:59,11234.00068273657493068895001,6551.327115815085836014940229,11654.43302067745511464658818
1679183999999,2023-03-18 23:59,11137.87715058082692868897524,6450.087293975218920239647897,11474.33368840220919379664135
1679198399999,2023-03-19 03:59,11204.15809729294733675459217,6519.896123155988071189310806,11598.51924398585534871902975
1679212799999,2023-03-19 07:59,11153.19901491933371349419923,6466.224682823681866609853608,11503.04109724051377160508578
1679227199999,2023-03-19 11:59,11195.57084326009140997650094,6510.851802281767825102741265,11582.42996092778595298651923
1679241599999,2023-03-19 15:59,11283.34154681775267694451313,6603.294206255642611766528107,11746.87923520591693020054938
1679255999999,2023-03-19 19:59,11444.76508041974223611125582,6773.309700028256169595826980,12049.32620072236853166577831
1679270399999,2023-03-19 23:59,11380.35498523558566897105394,6705.471300680142476447160669,11928.64591698439771289290585
1679284799999,2023-03-20 03:59,11220.19461781123592940723748,6536.786206612059063483498185,11628.56564961192398437534280
1679299199999,2023-03-20 07:59,11428.20963757982863648659757,6755.873073990864685356837625,12018.30752991282790496069441
1679313599999,2023-03-20 11:59,11429.52970313483961913470064,6757.263401610013305216421599,12020.78083608130928569879569
1679327999999,2023-03-20 15:59,11316.98956261996365534029916,6638.733177844423984187372020,11809.92295657631129715242734
1679342399999,2023-03-20 19:59,11337.61900087965252899962035,6660.460642568498277993008467,11848.57476194030308165268585
1679356799999,2023-03-20 23:59,11322.12188645884256201525164,6644.138675743010428641444195,11819.53900038652769984970039
1679371199999,2023-03-21 03:59,11338.11743942542391727536962,6660.985611100556118939989312,11849.50864823495380989689995
1679385599999,2023-03-21 07:59,11273.92583785037261622864687,6593.377334944577369768081728,11729.23773931107646103929944
1679399999999,2023-03-21 11:59,11395.66319372352337464543549,6721.594306829096988818818959,11957.32773989682144883164579
1679414399999,2023-03-21 15:59,11395.87485940734410117349340,6721.817238671477715796303976,11957.72432174797449781206547
1679428799999,2023-03-21 19:59,11415.39817377093756523457649,6742.379704735368855719599369,11994.30366711561809086625982
1679443199999,2023-03-21 23:59,11410.53441499325054813285878,6737.257066593781613236959796,11985.19081318105824493984185
1679457599999,2023-03-22 03:59,11421.61158577986856976788926,6748.923833011706325058675659,12005.94526339140114158180546
1679471999999,2023-03-22 07:59,11410.12929142636786725119956,6736.830379841698071280052990,11984.43176404659326947194181
1679486399999,2023-03-22 11:59,11414.46502398205049129367604,6741.396886935625865818858973,11992.55529551376056310311926
1679500799999,2023-03-22 15:59,11521.96615563693625580721509,6854.619894582603041383910417,12193.97196836872790172852861
1679515199999,2023-03-22 19:59,11083.21733270299286097027954,6392.518142076127102053839766,11371.92175574315946999277899
1679529599999,2023-03-22 23:59,11216.05234313861525971836231,6532.423454427834083924113991,11620.80458542806861723164570
1679543999999,2023-03-23 03:59,11240.13443561718630695901517,6557.787345010957440362489900,11665.92536571893325445552427
1679558399999,2023-03-23 07:59,11302.75789035188835448066374,6623.744007840051018701202040,11783.25815748749392860872517
1679572799999,2023-03-23 11:59,11291.96976840231584111513170,6612.381675228388159848739909,11763.04527604162885154217339
1679587199999,2023-03-23 15:59,11518.73427100225419484116963,6851.215989032273661727687585,12187.91663257692865923179791
1679601599999,2023-03-23 19:59,11470.73850820213074297358740,6800.665594493297634833020618,12097.99063174772976784372956
1679615999999,2023-03-23 23:59,11453.76428594476538333642748,6782.787899004314174638577037,12066.18732587784332380104112
1679630399999,2023-03-24 03:59,11436.59660580433806934566626,6764.706448605627899464711666,12034.02155272464495327087233
1679644799999,2023-03-24 07:59,11449.02570579729492493409885,6777.797102274887577142622151,12057.30900959719119501358104
1679659199999,2023-03-24 11:59,11404.73750642667645709024061,6731.151610652451380853579828,11974.32958764464087125028333
1679673599999,2023-03-24 15:59,11390.63556473900740797360842,6716.299076293408538353610342,11947.90785485169150046877387
1679687999999,2023-03-24 19:59,11345.92630997584233359544144,6669.210118102795627109355889,11864.13953351781521905625421
1679702399999,2023-03-24 23:59,11262.36843631874197849232372,6581.204776927272728997448246,11707.58351737392395864606105
1679716799999,2023-03-25 03:59,11291.31428757500004283469431,6611.691305651983327918463729,11761.81715159934844179635758
1679731199999,2023-03-25 07:59,11269.39892338672288435437615,6588.609470057531499249611859,11720.75600488157738123225904
1679745599999,2023-03-25 11:59,11262.98977751963507894565500,6581.859189754906475931355875,11708.74767700150226371761562
1679759999999,2023-03-25 15:59,11306.28565174890046328162886,6627.459538546396468325952315,11789.86785500671141161571995
1679774399999,2023-03-25 19:59,11202.10289178230092756280410,6517.731526879968754407924033,11594.66856214078864732850311
1679788799999,2023-03-25 23:59,11264.29846319917182898472271,6583.237531791131400792150332,11711.19966156508294289762981
1679803199999,2023-03-26 03:59,11279.39045405309911508743220,6599.132811864535708186807799,11739.47637398439334923271522
1679817599999,2023-03-26 07:59,11273.85528262243237405262757,6593.303024330450460775586722,11729.10554536069211137915954
1679831999999,2023-03-26 11:59,11356.02025952148665780981583,6679.841330156113091035657482,11883.05179706473750107949411
1679846399999,2023-03-26 15:59,11341.89555808286914347511291,6664.964824631222858538108962,11856.58742106198672718181049
1679860799999,2023-03-26 19:59,11347.37155416106987494293360,6670.732287134104891955624550,11866.84737734020431693331336
1679875199999,2023-03-26 23:59,11379.25796523986964546004414,6704.315890486298278563851229,11926.59051427197008269331135
1679889599999,2023-03-27 03:59,11361.19355091207280187729565,6685.289976153224837485371918,11892.74459865259642938588065
1679903999999,2023-03-27 07:59,11343.01533782953363220419345,6666.144205990914446418997436,11858.68546698421576049757916
1679918399999,2023-03-27 11:59,11362.10621692510625712193244,6686.251219903705176388291182,11894.45459136563269434446446
1679932799999,2023-03-27 15:59,11136.99634821912132474963750,6449.159609856924927333339280,11472.68339618289489320070137
1679947199999,2023-03-27 19:59,11151.86301753865880519344664,6464.817575388440073751964310,11500.53794082517140868566260
1679961599999,2023-03-27 23:59,11187.36140109298000581838404,6502.205402760614252975983690,11567.04855515241984898249976
1679975999999,2023-03-28 03:59,11152.49346263993129173400621,6465.481576682412776684903553,11501.71915773667027500368683
1679990399999,2023-03-28 07:59,11150.48377663118181297835963,6463.364922738088239898674848,11497.95376231120637984550851
1680004799999,2023-03-28 11:59,11171.98718932729175101159734,6486.012880230702309611346201,11538.24306693157204400685476
1680019199999,2023-03-28 15:59,11158.62038759525812843865015,6471.934614528530164033179514,11513.19870981520799387777067
1680033599999,2023-03-28 19:59,11255.88645924861908438577620,6574.377788893936057686939354,11695.43873122248435115966032
1680047999999,2023-03-28 23:59,11218.35107798441024674350732,6534.844542178420473679596428,11625.11154961801033196523585
1680062399999,2023-03-29 03:59,11242.56290104338754572716342,6560.345068406873953104172832,11670.47539620474296695130713
1680076799999,2023-03-29 07:59,11406.28972144136178496266526,6732.786444163243378688469949,11977.23785455309656377336103
1680091199999,2023-03-29 11:59,11467.09694805037630808226856,6796.830207957715235220375173,12091.16771817950526925586398
1680105599999,2023-03-29 15:59,11487.30760689261342172908809,6818.116603230197553070557393,12129.03488848315123641851795
1680119999999,2023-03-29 19:59,11482.00458492162102591860504,6812.531321587755683634642464,12119.09902059942431034993870
1680134399999,2023-03-29 23:59,11465.87019747425403282825553,6795.538162118540914350865238,12088.86924917120964129407676
1680148799999,2023-03-30 03:59,11497.86585535760643639210564,6829.236827066801772947471281,12148.81707351002214201171072
1680163199999,2023-03-30 07:59,11551.54017601937196016833817,6885.768027484701604238107239,12249.38255518467111088523196
1680177599999,2023-03-30 11:59,11533.28230380851316223198837,6866.538358241925348180206138,12215.17417228198553109032090
1680191999999,2023-03-30 15:59,11454.88406569142987206550803,6783.967280364005762519465511,12068.28537180007235711680979
1680206399999,2023-03-30 19:59,11383.36382431097277080000613,6708.640288805167434127108968,11934.28334932014320485112979
1680220799999,2023-03-30 23:59,11393.02306261350140934922933,6718.813651590799749099651012,11952.38112755985868735544324
1680235199999,2023-03-31 03:59,11424.85940224021455638658424,6752.344518378128877713203816,12012.03044943006136625985808
1680249599999,2023-03-31 07:59,11327.00840498747804433504010,6649.285285050445061121662801,11828.69449753088894889229252
1680263999999,2023-03-31 11:59,11370.13585705972478605729046,6694.708247214664367534174389,11909.49911578356771373070807
1680278399999,2023-03-31 15:59,11499.18819688771226556201579,6830.629551802535131806813158,12151.29464399948366306142941
1680292799999,2023-03-31 19:59,11493.34349284414639756144906,6824.473756412925380428517219,12140.34386772248334282790515
1680307199999,2023-03-31 23:59,11492.44448268168202144765472,6823.526895361953475524145374,12138.65946093532791973902583
1680321599999,2023-04-01 03:59,11509.68271805004957761443525,6841.682656374766659690505750,12170.95742803891063992933453
1680335999999,2023-04-01 07:59,11483.25637122378661291249589,6813.849735709362133501489336,12121.44439713850148173951749
1680350399999,2023-04-01 11:59,11471.38943707925684821041064,6801.351169836532988763780991,12099.21022754804989696631053
1680364799999,2023-04-01 15:59,11477.58464128742908056926681,6807.876121180192546104794055,12110.81770925599182518891685
1680379199999,2023-04-01 19:59,11473.46740234085172262026945,6803.539737278399695542746798,12103.10355260291800147301133
1680393599999,2023-04-01 23:59,11489.56992613689086440531992,6820.499337115428118829913376,12133.27362353741070616622944
1680407999999,2023-04-02 03:59,11495.00040271319466543699913,6826.218857286615372252270896,12143.44829339602548968538399
1680422399999,2023-04-02 07:59,11481.29675666712375763660494,6811.785818329901854709934505,12117.77281677460067343692233
1680436799999,2023-04-02 11:59,11467.99368223774583767425583,6797.774671892102401124989114,12092.84786064568055203312588
1680451199999,2023-04-02 15:59,11414.93615082668372130774042,6741.893090068666838768744978,11993.43800995664960760792437
1680465599999,2023-04-02 19:59,11373.75010551034106268692441,6698.514868351229899149724993,11916.27085750003052857916466
1680479999999,2023-04-02 23:59,11425.64688962303145293183194,6753.173920716448571629438393,12013.50590448918991407948401
1680494399999,2023-04-03 03:59,11330.50657870825714835251325,6652.969653241188903749560332,11835.24875887736460784826089
1680508799999,2023-04-03 07:59,11377.13903242656753365765800,6702.084174945906269789243160,11922.62043143945945257749706
1680523199999,2023-04-03 11:59,11444.27802174944508044454192,6772.796717079122023647635652,12048.41363603261850497965129
1680537599999,2023-04-03 15:59,11398.24642545617417689646479,6724.315034152775753544039322,11962.16774420928070251741293
1680551999999,2023-04-03 19:59,11404.98331173691988144540463,6731.410499243603192827433395,11974.79013431049602490496426
1680566399999,2023-04-03 23:59,11341.01020377097384649216102,6664.032346279759387632284538,11854.92860020071214596263567
1680580799999,2023-04-04 03:59,11353.54172264319879556191195,6677.230870195332320299300676,11878.40795151736470172812810
1680595199999,2023-04-04 07:59,11391.37753261992737408271464,6717.080536300033452274686851,11949.29802349121724205605148
1680609599999,2023-04-04 11:59,11452.42373661390078199206074,6781.375997335902903781171932,12063.67564082054068025838311
1680623999999,2023-04-04 15:59,11393.36673485282323414209755,6719.175616195095338063094425,11953.02504002785987440967306
1680638399999,2023-04-04 19:59,11429.60253433787470783252702,6757.340109340724953208674508,12020.91729435267377567055300
1680652799999,2023-04-04 23:59,11424.19026556232967897530440,6751.639766102215611784380215,12010.77673906190011464433778
1680667199999,2023-04-05 03:59,11510.50662103438401850859614,6842.550412578442177602866782,12172.50111223372143273483911
1680681599999,2023-04-05 07:59,11506.06619362433845446299423,6837.873638121616389075197243,12164.18142200146768476926052
1680695999999,2023-04-05 11:59,11512.70521297600575857422988,6844.866027199300051369001470,12176.62044630053697375726296
1680710399999,2023-04-05 15:59,11393.60571223778211893184035,6719.427313436492933037674283,11953.47279373077460712950173
1680724799999,2023-04-05 19:59,11441.29877035029098339908170,6769.658891469698672964540097,12042.83163986961483707245376
1680739199999,2023-04-05 23:59,11425.22355825538999987571612,6752.728057031687117674468360,12012.71274078688381611864464
1680753599999,2023-04-06 03:59,11415.75777783592331568009423,6742.758449155757617681348106,11994.97742983048026010181154
1680767999999,2023-04-06 07:59,11366.26669939848569898526420,6690.633149020608067945738603,11902.24977011732918398110089
1680782399999,2023-04-06 11:59,11374.13019335118043182870581,6698.915186820881312109294861,11916.98299910371396061927313
1680796799999,2023-04-06 15:59,11407.10224455022199324779078,6733.642214783995201602041464,11978.76021714300665502077854
1680811199999,2023-04-06 19:59,11390.57411341144655188481742,6716.234354145620585360146950,11947.79271818522771205510364
1680825599999,2023-04-06 23:59,11394.22705343867521938517162,6720.081726264126679971581912,11954.63695335835291220105630
1680839999999,2023-04-07 03:59,11395.32862538458093593979557,6721.241930691140355854407159,11956.70088471274082302388564
1680854399999,2023-04-07 07:59,11350.06403269827331024070247,6673.568076053851128669224276,11871.89206905971030557671647
1680868799999,2023-04-07 11:59,11350.31894190889612068309479,6673.836553111341896642109457,11872.36967300948602047786706
1680883199999,2023-04-07 15:59,11373.80700488771222573210126,6698.574796265848374143672578,11916.37746552453403636960006
1680897599999,2023-04-07 19:59,11363.20551289591712715474931,6687.409027214134113271358526,11896.51425839904046485567639
1680911999999,2023-04-07 23:59,11365.21064695447691286678174,6689.520886925289172058071424,11900.27112518254407939061987
1680926399999,2023-04-08 03:59,11391.85321141475029714039316,6717.581533666243903224088662,11950.18926657606656718409142
1680940799999,2023-04-08 07:59,11406.15316293567099365424081,6732.642617168159038702995745,11976.98199529428814507631608
1680955199999,2023-04-08 11:59,11390.19174959551233622122894,6715.831638559384433400819178,11947.07631226056413970337775
1680969599999,2023-04-08 15:59,11389.87538905732866969004562,6715.498439354105712434470605,11946.48357164432463638855693
1680983999999,2023-04-08 19:59,11369.26188262330372168337394,6693.787754446124591627139482,11907.86161652719383406962033
1680998399999,2023-04-08 23:59,11372.50514713346001525845478,6697.203645579377666282151832,11913.93827392389377812443811
1681012799999,2023-04-09 03:59,11392.83643265572399456104924,6718.617088030851151119502932,11952.03145323948718180281513
1681027199999,2023-04-09 07:59,11364.45729919808271414864016,6688.727441335740563138205398,11898.85963493811763624525518
1681041599999,2023-04-09 11:59,11370.64339950587556042026803,6695.242804213061164480186848,11910.45005936213900322139183
1681055999999,2023-04-09 15:59,11361.92869086770822842098064,6686.064244810095534407174717,11894.12197432918175003830602
1681070399999,2023-04-09 19:59,11418.48439599954944880496921,6745.630194824274939391316383,12000.08608636468835341947590
1681084799999,2023-04-09 23:59,11460.21667533865527265948304,6789.583724522049238952233185,12078.27667585654110723641545
1681099199999,2023-04-10 03:59,11449.90423218390568235162952,6778.722389276596831049172865,12058.95503749552535529790361
1681113599999,2023-04-10 07:59,11451.29712894195175369755897,6780.189424626457098901009748,12061.56480193537122600776219
1681127999999,2023-04-10 11:59,11456.08350456641398905783617,6785.230560804163215391880605,12070.53266895660630133918801
1681142399999,2023-04-10 15:59,11486.53149938527075779287577,6817.299186474801554153112333,12127.58075502892339015697910
1681156799999,2023-04-10 19:59,11653.51524014397036973430089,6993.170836063932488390969220,12440.44545669985777290355529
1681171199999,2023-04-10 23:59,11759.18421184750468419314515,7104.464164860194769150908425,12638.42935116581216067694476
1681185599999,2023-04-11 03:59,11868.11465586195406440152685,7219.192561722388036563923206,12842.52401759630761499809135
1681199999999,2023-04-11 07:59,11866.05262242602311564431756,7217.020774096614502783262723,12838.66054278830049267271247
1681214399999,2023-04-11 11:59,11854.27672728528721181451528,7204.618092887174918035870515,12816.59694603705452036420215
1681228799999,2023-04-11 15:59,11885.92871292931779058549717,7237.954793231140187669033143,12875.90085790786583402760629
1681243199999,2023-04-11 19:59,11871.31695282040312058408034,7222.565304757115809223293294,12848.52391721536503344379565
1681257599999,2023-04-11 23:59,11887.33981748812263410588321,7239.441005513678367518933253,12878.54473691555282723040420
1681271999999,2023-04-12 03:59,11823.98122279778516004054965,7172.710074027714092258418314,12759.83456947040683242477793
1681286399999,2023-04-12 07:59,11838.76595701390816569930412,7188.281743362178634685758822,12787.53559855739829669151219
1681300799999,2023-04-12 11:59,11845.43456404180847459403173,7195.305294955463903976415793,12800.03005902920940973054103
1681315199999,2023-04-12 15:59,11833.53576624595085858664744,7182.773169450448413242096801,12777.73618894503586059469025
1681329599999,2023-04-12 19:59,11795.88431025190484833221778,7143.117669789111140247100802,12707.19152697057468550777757
1681343999999,2023-04-12 23:59,11816.24973540059152546191835,7164.567068989355710080820454,12745.34867110087019386041582
1681358399999,2023-04-13 03:59,11858.15043689671599193015569,7208.697985314400695623822107,12823.85482034525333073704416
1681372799999,2023-04-13 07:59,11857.33791378785578364503017,7207.842214693648872710250592,12822.33245775534323948962665
1681387199999,2023-04-13 11:59,11878.09935860304575556916167,7229.708712179638028501845436,12861.23159373618316206369529
1681401599999,2023-04-13 15:59,11942.19309324901865617818022,7297.213912322473000684163174,12981.31913685791447752174692
1681415999999,2023-04-13 19:59,11917.99947799080012936898072,7271.732563026697433257649998,12935.98940483902296502861497
1681430399999,2023-04-13 23:59,11926.80977758295101528416522,7281.011801326222101320494072,12952.49659135314611129963226
1681444799999,2023-04-14 03:59,11998.96729198996514265564792,7357.009985528787349645063567,13087.69262370751455081818874
1681459199999,2023-04-14 07:59,12008.71756929628764207715409,7367.279232977809224607921747,13105.96097478643564578719883
1681473599999,2023-04-14 11:59,12024.23289151785638123597940,7383.620376735974985957549246,13135.03085090805215008312361
1681487999999,2023-04-14 15:59,11895.86789616851255131699051,7248.423001356695399611797305,12894.52314762813857486086191
1681502399999,2023-04-14 19:59,11915.48680148608956929397073,7269.086146317145577524924641,12931.28159447694806100298772
1681516799999,2023-04-14 23:59,11947.99682974087728678621961,7303.326559613557450066816852,12992.19315535727227214615769
1681531199999,2023-04-15 03:59,11927.33325185476571529979231,7281.563138140712071264811854,12953.47738517857838297163794
1681545599999,2023-04-15 07:59,11940.34272549690843394902884,7295.265056539080193880987707,12977.85224390106040417678772
1681559999999,2023-04-15 11:59,11929.41804504164512927507234,7283.758896932332995043051372,12957.38350319638690841319098
1681574399999,2023-04-15 15:59,11915.75536654728145886720549,7269.369006074144779496357242,12931.78478435260461777384281
1681588799999,2023-04-15 19:59,11917.22792243364715847638254,7270.919940504470912339720744,12934.54380002675539939031095
1681603199999,2023-04-15 23:59,11908.88647371103465605345534,7262.134508221402478227004771,12918.91506363454115731248136
1681617599999,2023-04-16 03:59,11898.48071557739635835151177,7251.174891195975771333870412,12899.41858811333965259765546
1681631999999,2023-04-16 07:59,11920.23903748412910682714180,7274.091325746080609019426947,12940.18549668348103166015230
1681646399999,2023-04-16 11:59,11893.26418066000813036969754,7245.680699983753983888755812,12889.64476442685805837053802
1681660799999,2023-04-16 15:59,11917.51014334540812718045975,7271.217182960978548309700766,12935.07257582829279803087053
1681675199999,2023-04-16 19:59,11912.06601091853524701793810,7265.483280090282860888795826,12924.87232004379717264201149
1681689599999,2023-04-16 23:59,11911.06230590170793090101834,7264.426151676412961995560425,12922.99175449155529521873104
1681703999999,2023-04-17 03:59,11837.81004747407262654033292,7187.274954396588254787439392,12785.74458374573936581219748
1681718399999,2023-04-17 07:59,11804.92220735354038642810971,7152.636619747109708285735216,12724.12514558271186294053645
1681732799999,2023-04-17 11:59,11744.04214954149077461068003,7088.516148221926203761577083,12610.05882368493866748627620
1681747199999,2023-04-17 15:59,11695.67767877600218621035177,7037.577420796222458906129765,12519.44200285695704561618646
1681761599999,2023-04-17 19:59,11720.46987548416534825481180,7063.689211753784383268971536,12565.89325129362546006469881
1681775999999,2023-04-17 23:59,11712.05559555851775713405822,7054.827071740004301164002654,12550.12805663004672801511191
1681790399999,2023-04-18 03:59,11715.86102591710114159548640,7058.835050669687908759217144,12557.25800130884132903943144
1681804799999,2023-04-18 07:59,11790.65639545904238774136817,7137.611492993965657803196684,12697.39638167919238972257304
1681819199999,2023-04-18 11:59,11928.34606077197241750394036,7282.629855020920926157078869,12955.37500801474082164138805
1681833599999,2023-04-18 15:59,11883.79840024054144617407565,7235.711092107824483895635558,12871.90945347045450235370492
1681847999999,2023-04-18 19:59,11892.14212493824879511880993,7244.498921507477657008109434,12887.54245418364888474315194
1681862399999,2023-04-18 23:59,11928.21405421647131923913005,7282.490822259006064171120471,12955.12767739789268356757792
1681876799999,2023-04-19 03:59,11889.80014656565172417933050,7242.032288541781226257226832,12883.15446789508450408883088
1681891199999,2023-04-19 07:59,11859.42270697473519762031020,7210.037973485269796488490109,12826.23857577315176493117970
1681905599999,2023-04-19 11:59,11684.83038147396366327783579,7026.152763153356386059962145,12499.11824906560832044758186
1681919999999,2023-04-19 15:59,11673.40271052273927728451587,7014.116840781381868275529157,12477.70709342432381581653619
1681934399999,2023-04-19 19:59,11665.80778163123643401430903,7006.117662738107826083405501,12463.47705431359559594921904
1681948799999,2023-04-19 23:59,11567.94768047812053587553659,6903.048840944085053492832873,12280.12404513050261733518381
1681963199999,2023-04-20 03:59,11582.83710954860648153741648,6918.730777641447589909036937,12308.02123298258053593631920
1681977599999,2023-04-20 07:59,11584.46215576632689810766750,6920.442318882951235736179966,12311.06595816240071843115422
1681991999999,2023-04-20 11:59,11524.71098160132116110654666,6857.510817183798275091941922,12199.11473947077711753913229
1682006399999,2023-04-20 15:59,11501.85108774868269607629268,6833.434178206679761523560140,12156.28389954624782765380611
1682020799999,2023-04-20 19:59,11410.28633370791227725588768,6736.995780886045062263348325,11984.72600219422295097354351
1682035199999,2023-04-20 23:59,11441.98383885383978646301106,6770.380423561705111891669022,12044.11520048463707086929597
1682049599999,2023-04-21 03:59,11459.68182119136634003482059,6789.020402124635574009125885,12077.27456042620813400632269
1682063999999,2023-04-21 07:59,11421.81414756330991020871887,6749.137176387748096037129062,12006.32478795863362931575549
1682078399999,2023-04-21 11:59,11401.59893677088310351828519,6727.845986882096300187431035,11968.44908901302738152986668
1682092799999,2023-04-21 15:59,11395.79292430392962638843872,6721.730942474427111805019453,11957.57080619268944659383850
1682107199999,2023-04-21 19:59,11222.63901506310109382803525,6539.360709824068749223486440,11633.14553034459467905244757
1682121599999,2023-04-21 23:59,11218.75392557619808110335947,6535.268831813919276636745331,11625.86633443149516712151848
1682135999999,2023-04-22 03:59,11232.25500983882764846292404,6549.488527394591023200628318,11651.16228648568749563603012
1682150399999,2023-04-22 07:59,11222.14968041770909163951428,6538.845329758349864275537208,11632.22870133386451205470313
1682164799999,2023-04-22 11:59,11224.17302227702764952600331,6540.976366402182835060313334,11636.01968268520924908258594
1682179199999,2023-04-22 15:59,11270.21144649558309263950166,6589.465240678283322163183374,11722.27836747148747247967654
1682193599999,2023-04-22 19:59,11300.63668156349139615647052,6621.509895183074270926836068,11779.28381033400315818129347
1682207999999,2023-04-22 23:59,11344.84522180579023573708116,6668.071487725044602224351772,11862.11398105224857103798161
1682222399999,2023-04-23 03:59,11335.07733374525327760418845,6605.983771063719769494895725,11751.66380334563435983529012
1682236799999,2023-04-23 07:59,11335.07733374525327760418845,6644.591730777526099595687938,11733.78457354020481982427584
1682251199999,2023-04-23 11:59,11335.07733374525327760418845,6626.373644733509701435622073,11733.78457354020481982427584
1682265599999,2023-04-23 15:59,11335.07733374525327760418845,6585.999010096750728513255053,11733.78457354020481982427584
1682279999999,2023-04-23 19:59,11335.07733374525327760418845,6583.913518668027798723879092,11733.78457354020481982427584
1682294399999,2023-04-23 23:59,11335.07733374525327760418845,6613.836724995324732701787274,11733.78457354020481982427584
1682308799999,2023-04-24 03:59,11367.57722764417370960452653,6661.750291291087859862760498,11733.78457354020481982427584
1682323199999,2023-04-24 07:59,11298.14847925226556054003151,6580.605497781087979057972396,11573.47750765405781984947998
1682337599999,2023-04-24 11:59,11318.42681771644079523917370,6604.305789454402469664363343,11615.15920910878529167010565
1682351999999,2023-04-24 15:59,11260.22119748028938575935614,6536.278017896094395534822663,11495.51877160663995710982086
1682366399999,2023-04-24 19:59,11284.06214077022292759639759,6564.142101077100528720691822,11544.52333292046135211770522
1682380799999,2023-04-24 23:59,11310.24123575927245684691351,6594.738897164709121630570861,11598.33391624888670362154521
1682395199999,2023-04-25 03:59,11276.35649521445208135742953,6555.136134068236106630248736,11528.68453931619199724463041
1682409599999,2023-04-25 07:59,11260.11659595690788105927965,6536.155764950272706547169590,11495.30376535861820116131758
1682423999999,2023-04-25 11:59,11285.63526564147026298774401,6565.980689497595341535003733,11547.75685825835717197068589
1682438399999,2023-04-25 15:59,11276.20882247556054531026272,6554.963541674134898647679691,11528.38100108369069472909637
1682452799999,2023-04-25 19:59,11330.84773586542888276198195,6618.822727491581852198226353,11640.69014710917262547669096
1682467199999,2023-04-25 23:59,11472.24233234381226547910174,6784.077547726903756508329068,11931.32378892038504378781797
1682481599999,2023-04-26 03:59,11473.94672187185207735681866,6786.069551608821865307146796,11934.82712602050424365460668
1682495999999,2023-04-26 07:59,11487.70489871191351908452634,6802.149409659251075683162824,11963.10677134854226135186135
1682510399999,2023-04-26 11:59,11605.87180396881571104936685,6940.256884572403807735009497,12205.99637867257063815711340
1682524799999,2023-04-26 15:59,11783.84001544600285478146626,7148.257087746791555728045698,12571.80632273327231281550418
1682539199999,2023-04-26 19:59,11386.80749986427151485780429,6684.225656389600721592862807,11755.71427399202731761322891
1682553599999,2023-04-26 23:59,11495.72639984809126186882340,6811.524532622165303736323034,11979.59479950566162438316174
1682567999999,2023-04-27 03:59,11592.22643269318530380213381,6924.308867934135242345678156,12177.94860282769333765922501
1682582399999,2023-04-27 07:59,11593.87544494414078966216318,6926.236149668265398151032492,12181.33811309062454908268845
1682596799999,2023-04-27 11:59,11602.15742438364110297410170,6935.915706437441479173446434,12198.36154896340593182888916
1682611199999,2023-04-27 15:59,11646.36079755850755975936644,6987.578363071736401955780580,12289.22065989212915147874497
1682625599999,2023-04-27 19:59,11753.88501056390724410269903,7113.247200026678464263866494,12510.23443543214004560196743
1682639999999,2023-04-27 23:59,11712.61663307451006625487461,7065.014817225145050135092118,12425.40814687438021344835066
1682654399999,2023-04-28 03:59,11701.90010445356179060978328,7052.489883069883776400046836,12403.38054597411207950855405
1682668799999,2023-04-28 07:59,11715.91055555589627308473426,7068.864586460235883746284983,12432.17873578267315566984604
1682683199999,2023-04-28 11:59,11663.92359843528843714671898,7008.104872386856456882707422,12325.32063051586044926371690
1682697599999,2023-04-28 15:59,11645.77831064399094535109736,6986.897581961670526024536014,12288.02337019726290266747181
1682711999999,2023-04-28 19:59,11683.03286104990567813912393,7030.438807606869717627093430,12364.59932096328594283636476
1682726399999,2023-04-28 23:59,11679.58101077831602303659978,7026.404460394753981034542002,12357.50411477856799653575659
1682740799999,2023-04-29 03:59,11686.56264971146586615543057,7034.564245249205536210445187,12371.85472788182402102017145
1682755199999,2023-04-29 07:59,11686.52162950621821725343979,7034.516302917510756215287119,12371.77041170612921476585644
1682769599999,2023-04-29 11:59,11683.76712272383859348475890,7031.296975344206279540422848,12366.10858050822297478860345
1682783999999,2023-04-29 15:59,11671.27647022592950282856633,7016.698535343145771014791123,12340.43430500915447034968262
1682798399999,2023-04-29 19:59,11665.01268488461351549457419,7009.377741293352865754154129,12327.55922498055755531578045
1682812799999,2023-04-29 23:59,11662.91655239645865660284533,7006.927888143749608001576851,12323.25066840255295572028339
1682827199999,2023-04-30 03:59,11652.33744146309000477942311,6994.563560799665847250311097,12301.50552669086242273244206
1682841599999,2023-04-30 07:59,11670.29608732051069407098668,7015.552713615640529130513296,12338.41914841004860087155386
1682855999999,2023-04-30 11:59,11656.05797407905176018998688,6998.911930284382392811147871,12309.15300382638134999881355
1682870399999,2023-04-30 15:59,11750.02911127062824731556569,7108.740620847369144719008096,12502.30871491682825769635640
1682884799999,2023-04-30 19:59,11689.71915450527244916362111,7038.253407673118856837858524,12378.34285760153936228971154
1682899199999,2023-04-30 23:59,11663.48263122887621145031809,7007.589492321137571934758190,12324.41423162714128202983054
1682913599999,2023-05-01 03:59,11525.62397644284016408480355,6846.467301077905703207280943,12041.04864416082116284065748
1682927999999,2023-05-01 07:59,11539.57699925782793809696743,6862.774885203885118560297795,12069.72879132340951024590845
1682942399999,2023-05-01 11:59,11517.99421826677746831451843,6837.550027382676624107880283,12025.36583548158719953806544
1682956799999,2023-05-01 15:59,11445.54843377890474250860153,6752.879075376525674659216275,11876.45503758698987379232459
1682971199999,2023-05-01 19:59,11378.42296991165207929088882,6674.426243791187690582553694,11738.48004768000891923124067
1682985599999,2023-05-01 23:59,11424.55019071263326957952115,6728.337395781967795137801233,11833.29358724881855220847049
1682999999999,2023-05-02 03:59,11415.87781149574973023007540,6722.464460149357245730937895,11822.96485572620478605488164
1683014399999,2023-05-02 07:59,11415.87781149574973023007540,6725.750906987034414399023460,11805.11306837550138706134139
1683028799999,2023-05-02 11:59,11415.87781149574973023007540,6732.309417962880317736647172,11805.11306837550138706134139
1683043199999,2023-05-02 15:59,11415.87781149574973023007540,6841.581977478207621700673807,11805.11306837550138706134139
1683057599999,2023-05-02 19:59,11415.87781149574973023007540,6876.450435319821112179136711,11805.11306837550138706134139
1683071999999,2023-05-02 23:59,11415.87781149574973023007540,6872.547929519866020573269970,11805.11306837550138706134139
1683086399999,2023-05-03 03:59,11377.70899270159398616677480,6836.840480873593880179540876,11805.11306837550138706134139
1683100799999,2023-05-03 07:59,11404.12857251549171089267222,6868.698160284775186962077105,11842.34017943460333459126032
1683115199999,2023-05-03 11:59,11382.24942312258288031831353,6842.315495153137755626592249,11796.85410904468137339279061
1683129599999,2023-05-03 15:59,11336.08374200759816539660429,6786.647256705743964248801516,11700.87709535531578145093507
1683143999999,2023-05-03 19:59,11338.36389686437323614608543,6789.396749428439596971116719,11705.61746631090732147407197
1683158399999,2023-05-03 23:59,11478.15110629655233375900150,6957.957193434116581947368227,11996.23072250557681698143097
1683172799999,2023-05-04 03:59,11492.20576613735420838745107,6974.904807688221310235745288,12025.44992272879581259047884
1683187199999,2023-05-04 07:59,11484.51844370391985913876444,6965.635157855035598171932827,12009.46821873117376789172522
1683201599999,2023-05-04 11:59,11503.69599723775517519826274,6988.760141548012728836426958,12049.33775544311063502616437
1683215999999,2023-05-04 15:59,11446.35020198632495208554921,6919.610519428046802820187486,11930.11763255213491135796014
1683230399999,2023-05-04 19:59,11452.10128132429380969518211,6926.545377707696729119802031,11942.07394743838279739713631
1683244799999,2023-05-04 23:59,11440.77803628140732060272826,6912.891401641023386498784246,11918.53327353860126995878600
1683259199999,2023-05-05 03:59,11512.35740500669064447070330,6999.204378507720550781612086,12067.34455252551023387604012
1683273599999,2023-05-05 07:59,11485.33349469893100038312997,6966.617975654778588072673223,12011.16268437353866014062333
1683287999999,2023-05-05 11:59,11502.64239473200906578481461,6987.489669758101058964738154,12047.14734863712674992393023
1683302399999,2023-05-05 15:59,11543.81042169709619756424347,7037.131557111461004951159732,12132.73439494867444158839591
1683316799999,2023-05-05 19:59,11584.60471796203187921210961,7086.322786546890018983095469,12217.54446677055237778263513
1683331199999,2023-05-05 23:59,11573.46237448145274098121006,7072.886948089427925340046894,12194.37988158651525325806465
1683345599999,2023-05-06 03:59,11543.24584978835677289741467,7036.450776001395129019915165,12131.56066752810949183550063
1683359999999,2023-05-06 07:59,11545.18209288382226453646840,7038.785567554930914784113080,12135.58605663948365049507809
1683374399999,2023-05-06 11:59,11525.85942051428984284077819,7015.485594351267837137292001,12095.41482238634522937485952
1683388799999,2023-05-06 15:59,11388.78374658746488341643428,6850.194817367174847830820735,11810.43876408481161930042008
1683403199999,2023-05-06 19:59,11441.70441131476144699266567,6914.008457969511760385967232,11920.45917839065502553924092
1683417599999,2023-05-06 23:59,11442.77391725455655428405264,6915.298106692101342255719263,11922.68264794088017683169746
1683431999999,2023-05-07 03:59,11432.90583642715337102300262,6903.398819965456947457486770,11902.16721513917450579869695
1683446399999,2023-05-07 07:59,11455.14082515690852911624284,6930.210568965762659749636335,11948.39306443149479800339291
1683460799999,2023-05-07 11:59,11441.15574284007102020377570,6913.346853792123796452785893,11919.31851371433134197656805
1683475199999,2023-05-07 15:59,11461.55388493716692339507994,6937.943667068130672968632713,11961.72561604678538921057656
1683489599999,2023-05-07 19:59,11454.60806011626710020529171,6929.568141721052607814518222,11947.28546249941238063094244
1683503999999,2023-05-07 23:59,11359.65859505598139470619176,6815.074662284163762377777975,11749.88848084996275018186841
1683518399999,2023-05-08 03:59,11313.85869292412363097707584,6759.847493288361946955441468,11654.67191027814628061512811
1683532799999,2023-05-08 07:59,11269.28335521403870384925058,6706.096948108759355383973457,11562.00117101290730769551278
1683547199999,2023-05-08 11:59,11261.05531602293842675064340,6696.175282564524635386011272,11544.89533371108221252919749
1683561599999,2023-05-08 15:59,11251.80945705270228546395048,6685.026293328903547512002543,11525.67348077781608118864846
1683575999999,2023-05-08 19:59,11143.09755775226504134352714,6553.937575775866606751297035,11299.66482683058072137586319
1683590399999,2023-05-08 23:59,11208.31555285794921403596631,6632.579779571398971808833984,11435.25100812098320920415647
1683604799999,2023-05-09 03:59,11199.85592687322751888999650,6623.123154644603617763905058,11418.94694236700881915073443
1683619199999,2023-05-09 07:59,11199.85592687322751888999650,6632.064399505680086860884752,11401.75642910780173597689653
1683633599999,2023-05-09 11:59,11199.85592687322751888999650,6634.861834560070499578358024,11401.75642910780173597689653
1683647999999,2023-05-09 15:59,11199.85592687322751888999650,6568.241170437004218306706642,11401.75642910780173597689653
1683662399999,2023-05-09 19:59,11199.85592687322751888999650,6643.973274698663437658148860,11401.75642910780173597689653
1683676799999,2023-05-09 23:59,11199.85592687322751888999650,6622.866663170036544789809394,11401.75642910780173597689653
1683691199999,2023-05-10 03:59,11199.85592687322751888999650,6636.535021936218321409374599,11401.75642910780173597689653
1683705599999,2023-05-10 07:59,11199.85592687322751888999650,6602.249063424696407872082223,11401.75642910780173597689653
1683719999999,2023-05-10 11:59,11199.85592687322751888999650,6634.569386336732341607893809,11401.75642910780173597689653
1683734399999,2023-05-10 15:59,11199.85592687322751888999650,6748.698504052740859081432739,11401.75642910780173597689653
1683748799999,2023-05-10 19:59,11199.85592687322751888999650,6638.205812195781404240633272,11401.75642910780173597689653
1683763199999,2023-05-10 23:59,11199.85592687322751888999650,6615.790375011887017504478548,11401.75642910780173597689653
1683777599999,2023-05-11 03:59,11199.85592687322751888999650,6579.390159672625306180715370,11401.75642910780173597689653
1683791999999,2023-05-11 07:59,11199.85592687322751888999650,6580.150045629987569103970749,11401.75642910780173597689653
1683806399999,2023-05-11 11:59,11199.85592687322751888999650,6569.492465294237976180332218,11401.75642910780173597689653
1683820799999,2023-05-11 15:59,11199.85592687322751888999650,6515.272085264026540656315141,11401.75642910780173597689653
1683835199999,2023-05-11 19:59,11199.85592687322751888999650,6434.640274703160805799718367,11401.75642910780173597689653
1683849599999,2023-05-11 23:59,11199.85592687322751888999650,6464.740867657728425759711401,11401.75642910780173597689653
1683863999999,2023-05-12 03:59,11199.85592687322751888999650,6372.619677306208665063483615,11401.75642910780173597689653
1683878399999,2023-05-12 07:59,11199.85592687322751888999650,6307.226336874528751667878776,11401.75642910780173597689653
1683892799999,2023-05-12 11:59,11199.85592687322751888999650,6315.973415292241361784468294,11401.75642910780173597689653
1683907199999,2023-05-12 15:59,11199.85592687322751888999650,6309.460449531505499442244747,11401.75642910780173597689653
1683921599999,2023-05-12 19:59,11199.85592687322751888999650,6342.727633494513338082428177,11401.75642910780173597689653
1683935999999,2023-05-12 23:59,11199.85592687322751888999650,6423.124526630074650962750418,11401.75642910780173597689653
1683950399999,2023-05-13 03:59,11199.85592687322751888999650,6426.303103221438564641730330,11401.75642910780173597689653
1683964799999,2023-05-13 07:59,11199.85592687322751888999650,6417.579995969573344522719846,11401.75642910780173597689653
1683979199999,2023-05-13 11:59,11199.85592687322751888999650,6430.059384909724577262364963,11401.75642910780173597689653
1683993599999,2023-05-13 15:59,11199.85592687322751888999650,6428.216002256060286448537246,11401.75642910780173597689653
1684007999999,2023-05-13 19:59,11199.85592687322751888999650,6433.415348128359176923429728,11401.75642910780173597689653
1684022399999,2023-05-13 23:59,11199.85592687322751888999650,6418.395015608384604440407003,11401.75642910780173597689653
1684036799999,2023-05-14 03:59,11199.85592687322751888999650,6439.909136956417127267590047,11401.75642910780173597689653
1684051199999,2023-05-14 07:59,11199.85592687322751888999650,6437.555168470203429505328905,11401.75642910780173597689653
1684065599999,2023-05-14 11:59,11199.85592687322751888999650,6425.754163523533333697170451,11401.75642910780173597689653
1684079999999,2023-05-14 15:59,11199.85592687322751888999650,6491.924169728668683014335994,11401.75642910780173597689653
1684094399999,2023-05-14 19:59,11199.85592687322751888999650,6443.250717475543292930107391,11401.75642910780173597689653
1684108799999,2023-05-14 23:59,11199.85592687322751888999650,6452.515573075559526994404045,11401.75642910780173597689653
1684123199999,2023-05-15 03:59,11199.85592687322751888999650,6528.067893593363321364003507,11401.75642910780173597689653
1684137599999,2023-05-15 07:59,11199.85592687322751888999650,6569.940726095584169135060155,11401.75642910780173597689653
1684151999999,2023-05-15 11:59,11199.85592687322751888999650,6552.834902146886666862661469,11401.75642910780173597689653
1684166399999,2023-05-15 15:59,11199.85592687322751888999650,6567.380605583082917393619320,11401.75642910780173597689653
1684180799999,2023-05-15 19:59,11199.85592687322751888999650,6572.520023540763332874564217,11401.75642910780173597689653
1684195199999,2023-05-15 23:59,11199.85592687322751888999650,6511.129867805597549074658060,11401.75642910780173597689653
1684209599999,2023-05-16 03:59,11199.85592687322751888999650,6503.425535102246403852756522,11401.75642910780173597689653
1684223999999,2023-05-16 07:59,11199.85592687322751888999650,6532.809390197977062885136439,11401.75642910780173597689653
1684238399999,2023-05-16 11:59,11199.85592687322751888999650,6486.413198700353722570916070,11401.75642910780173597689653
1684252799999,2023-05-16 15:59,11199.85592687322751888999650,6481.376856755817084079561019,11401.75642910780173597689653
1684267199999,2023-05-16 19:59,11199.85592687322751888999650,6456.214323965811803620848996,11401.75642910780173597689653
1684281599999,2023-05-16 23:59,11199.85592687322751888999650,6480.374862023396182180757397,11401.75642910780173597689653
1684295999999,2023-05-17 03:59,11199.85592687322751888999650,6486.655307475412361546464313,11401.75642910780173597689653
1684310399999,2023-05-17 07:59,11199.85592687322751888999650,6435.141272069371256749120178,11401.75642910780173597689653
1684324799999,2023-05-17 11:59,11199.85592687322751888999650,6385.396308702867533773108755,11401.75642910780173597689653
1684339199999,2023-05-17 15:59,11199.85592687322751888999650,6423.584773014344538916267871,11401.75642910780173597689653
1684353599999,2023-05-17 19:59,11199.85592687322751888999650,6564.573582062353548677114435,11401.75642910780173597689653
1684367999999,2023-05-17 23:59,11199.85592687322751888999650,6569.492465294237976180332218,11401.75642910780173597689653
1684382399999,2023-05-18 03:59,11199.85592687322751888999650,6559.923175887959889146781833,11401.75642910780173597689653
1684396799999,2023-05-18 07:59,11199.85592687322751888999650,6566.136502075603376519267454,11401.75642910780173597689653
1684411199999,2023-05-18 11:59,11199.85592687322751888999650,6567.900779881971280341084359,11401.75642910780173597689653
1684425599999,2023-05-18 15:59,11199.85592687322751888999650,6493.062800106419707899340110,11401.75642910780173597689653
1684439999999,2023-05-18 19:59,11199.85592687322751888999650,6408.502115463166752439539658,11401.75642910780173597689653
1684454399999,2023-05-18 23:59,11199.85592687322751888999650,6429.421751898184003326762658,11401.75642910780173597689653
1684468799999,2023-05-19 03:59,11199.85592687322751888999650,6432.645873704657958001142735,11401.75642910780173597689653
1684483199999,2023-05-19 07:59,11199.85592687322751888999650,6436.637072818248392598051902,11401.75642910780173597689653
1684497599999,2023-05-19 11:59,11199.85592687322751888999650,6437.718172397965681488866337,11401.75642910780173597689653
1684511999999,2023-05-19 15:59,11199.85592687322751888999650,6444.372568037201144816806184,11401.75642910780173597689653
1684526399999,2023-05-19 19:59,11199.85592687322751888999650,6432.581151556870005007679343,11401.75642910780173597689653
1684540799999,2023-05-19 23:59,11199.85592687322751888999650,6443.559945514974623898876930,11401.75642910780173597689653
1684555199999,2023-05-20 03:59,11199.85592687322751888999650,6440.040978368577772254274734,11401.75642910780173597689653
1684569599999,2023-05-20 07:59,11199.85592687322751888999650,6437.500034788754432510897127,11401.75642910780173597689653
1684583999999,2023-05-20 11:59,11199.85592687322751888999650,6443.512003183279843903718862,11401.75642910780173597689653
1684598399999,2023-05-20 15:59,11199.85592687322751888999650,6459.237087979167682315565187,11401.75642910780173597689653
1684612799999,2023-05-20 19:59,11199.85592687322751888999650,6487.372045334249322474077431,11401.75642910780173597689653
1684627199999,2023-05-20 23:59,11199.85592687322751888999650,6496.816684678120981520216840,11401.75642910780173597689653
1684641599999,2023-05-21 03:59,11199.85592687322751888999650,6514.505007956910060733786052,11401.75642910780173597689653
1684655999999,2023-05-21 07:59,11199.85592687322751888999650,6485.444763600119166668723095,11401.75642910780173597689653
1684670399999,2023-05-21 11:59,11199.85592687322751888999650,6431.497654860567977117107005,11401.75642910780173597689653
1684684799999,2023-05-21 15:59,11199.85592687322751888999650,6448.044950645021292445914198,11401.75642910780173597689653
1684699199999,2023-05-21 19:59,11199.85592687322751888999650,6448.800042369214077369653770,11401.75642910780173597689653
1684713599999,2023-05-21 23:59,11199.85592687322751888999650,6411.802945000352355106172644,11401.75642910780173597689653
1684727999999,2023-05-22 03:59,11199.85592687322751888999650,6387.117438410710135599283398,11401.75642910780173597689653
1684742399999,2023-05-22 07:59,11199.85592687322751888999650,6434.659451635838717797781594,11401.75642910780173597689653
1684756799999,2023-05-22 11:59,11199.85592687322751888999650,6430.740166019790453193609530,11401.75642910780173597689653
1684771199999,2023-05-22 15:59,11199.85592687322751888999650,6442.821633606875011973442682,11401.75642910780173597689653
1684785599999,2023-05-22 19:59,11199.85592687322751888999650,6439.285886644384987330535162,11401.75642910780173597689653
1684799999999,2023-05-22 23:59,11199.85592687322751888999650,6436.131281218868463649134284,11401.75642910780173597689653
1684814399999,2023-05-23 03:59,11199.85592687322751888999650,6560.158093313264311123056366,11401.75642910780173597689653
1684828799999,2023-05-23 07:59,11199.85592687322751888999650,6545.231248340094559630591874,11401.75642910780173597689653
1684843199999,2023-05-23 11:59,11199.85592687322751888999650,6553.132144603394302832641491,11401.75642910780173597689653
1684857599999,2023-05-23 15:59,11199.85592687322751888999650,6548.982735795211094251710700,11401.75642910780173597689653
1684871999999,2023-05-23 19:59,11199.85592687322751888999650,6515.703566249279560612737753,11401.75642910780173597689653
1684886399999,2023-05-23 23:59,11199.85592687322751888999650,6524.906096818092580683328918,11401.75642910780173597689653
1684900799999,2023-05-24 03:59,11199.85592687322751888999650,6420.964724587224812180879452,11401.75642910780173597689653
1684915199999,2023-05-24 07:59,11199.85592687322751888999650,6395.236472283221127779302225,11401.75642910780173597689653
1684929599999,2023-05-24 11:59,11199.85592687322751888999650,6410.474942412406949240294159,11401.75642910780173597689653
1684943999999,2023-05-24 15:59,11199.85592687322751888999650,6307.986222831891014591134154,11401.75642910780173597689653
1684958399999,2023-05-24 19:59,11199.85592687322751888999650,6293.037803809458612100848532,11401.75642910780173597689653
1684972799999,2023-05-24 23:59,11199.85592687322751888999650,6311.418893781237262244451828,11401.75642910780173597689653
1684987199999,2023-05-25 03:59,11199.85592687322751888999650,6276.591186921564334761873282,11401.75642910780173597689653
1685001599999,2023-05-25 07:59,11199.85592687322751888999650,6264.018310434608281031669933,11401.75642910780173597689653
1685015999999,2023-05-25 11:59,11199.85592687322751888999650,6303.654633163267642028602705,11401.75642910780173597689653
1685030399999,2023-05-25 15:59,11199.85592687322751888999650,6286.754961240857693735383712,11401.75642910780173597689653
1685044799999,2023-05-25 19:59,11199.85592687322751888999650,6344.899421120286871863088661,11401.75642910780173597689653
1685059199999,2023-05-25 23:59,11199.85592687322751888999650,6346.124347695088500739377300,11401.75642910780173597689653
1685073599999,2023-05-26 03:59,11199.85592687322751888999650,6336.859492095072266675080646,11401.75642910780173597689653
1685087999999,2023-05-26 07:59,11199.85592687322751888999650,6352.726006769459706072643272,11401.75642910780173597689653
1685102399999,2023-05-26 11:59,11199.85592687322751888999650,6343.607375281112550993578726,11401.75642910780173597689653
1685116799999,2023-05-26 15:59,11199.85592687322751888999650,6412.385444330443932047343171,11401.75642910780173597689653
1685131199999,2023-05-26 19:59,11199.85592687322751888999650,6416.460542524500231635778957,11401.75642910780173597689653
1685145599999,2023-05-26 23:59,11199.85592687322751888999650,6401.768614976634902119588999,11401.75642910780173597689653
1685159999999,2023-05-27 03:59,11199.85592687322751888999650,6412.814528199112213004007881,11401.75642910780173597689653
1685174399999,2023-05-27 07:59,11199.85592687322751888999650,6405.814947771674333710929943,11401.75642910780173597689653
1685188799999,2023-05-27 11:59,11199.85592687322751888999650,6400.114604533164992286635650,11401.75642910780173597689653
1685203199999,2023-05-27 15:59,11199.85592687322751888999650,6397.964390956654109503796298,11401.75642910780173597689653
1685217599999,2023-05-27 19:59,11199.85592687322751888999650,6407.444987049296853546304257,11401.75642910780173597689653
1685231999999,2023-05-27 23:59,11199.85592687322751888999650,6437.329839511237963528085985,11401.75642910780173597689653
1685246399999,2023-05-28 03:59,11199.85592687322751888999650,6517.144233316707699467237699,11401.75642910780173597689653
1685260799999,2023-05-28 07:59,11199.85592687322751888999650,6526.526547629376144519671619,11401.75642910780173597689653
1685275199999,2023-05-28 11:59,11199.85592687322751888999650,6509.121084107586267277535008,11401.75642910780173597689653
1685289599999,2023-05-28 15:59,11199.85592687322751888999650,6537.505341587480763410869206,11401.75642910780173597689653
1685303999999,2023-05-28 19:59,11199.85592687322751888999650,6598.348954741326055265973386,11401.75642910780173597689653
1685318399999,2023-05-28 23:59,11199.85592687322751888999650,6727.555935775342881216724723,11401.75642910780173597689653
1685332799999,2023-05-29 03:59,11199.85592687322751888999650,6701.185256226629144880029384,11401.75642910780173597689653
1685347199999,2023-05-29 07:59,11199.85592687322751888999650,6689.890042879338978020788548,11401.75642910780173597689653
1685361599999,2023-05-29 11:59,11199.85592687322751888999650,6691.328312830182377875530590,11401.75642910780173597689653
1685375999999,2023-05-29 15:59,11199.85592687322751888999650,6623.403617285018080735579757,11401.75642910780173597689653
1685390399999,2023-05-29 19:59,11199.85592687322751888999650,6625.184674907479157555701985,11401.75642910780173597689653
1685404799999,2023-05-29 23:59,11199.85592687322751888999650,6648.786684800819349172018893,11401.75642910780173597689653
1685419199999,2023-05-30 03:59,11199.85592687322751888999650,6671.039118056951483924636185,11401.75642910780173597689653
1685433599999,2023-05-30 07:59,11199.85592687322751888999650,6648.024401726872347249005611,11401.75642910780173597689653
1685447999999,2023-05-30 11:59,11199.85592687322751888999650,6717.104507465880842272265885,11401.75642910780173597689653
1685462399999,2023-05-30 15:59,11199.85592687322751888999650,6633.608142586252002704974544,11401.75642910780173597689653
1685476799999,2023-05-30 19:59,11199.85592687322751888999650,6676.065871535149166416959622,11401.75642910780173597689653
1685491199999,2023-05-30 23:59,11199.85592687322751888999650,6638.718795144915550188824600,11401.75642910780173597689653
1685505599999,2023-05-31 03:59,11199.85592687322751888999650,6629.825492615533861087002974,11401.75642910780173597689653
1685519999999,2023-05-31 07:59,11199.85592687322751888999650,6512.510606958407212935210420,11401.75642910780173597689653
1685534399999,2023-05-31 11:59,11199.85592687322751888999650,6495.558198471133006647317553,11401.75642910780173597689653
1685548799999,2023-05-31 15:59,11199.85592687322751888999650,6451.058126192038215141598776,11401.75642910780173597689653
1685563199999,2023-05-31 19:59,11199.85592687322751888999650,6474.796771730708529744116178,11401.75642910780173597689653
1685577599999,2023-05-31 23:59,11199.85592687322751888999650,6522.686366860624266907510367,11401.75642910780173597689653
1685591999999,2023-06-01 03:59,11199.85592687322751888999650,6419.512071936872978327589989,11401.75642910780173597689653
1685606399999,2023-06-01 07:59,11199.85592687322751888999650,6424.960717933984724777304425,11401.75642910780173597689653
1685620799999,2023-06-01 11:59,11199.85592687322751888999650,6446.604283577593153591414252,11401.75642910780173597689653
1685635199999,2023-06-01 15:59,11199.85592687322751888999650,6446.968645298473481554615570,11401.75642910780173597689653
1685649599999,2023-06-01 19:59,11199.85592687322751888999650,6439.345814559003462324482747,11401.75642910780173597689653
1685663999999,2023-06-01 23:59,11199.85592687322751888999650,6428.618717842296438407865018,11401.75642910780173597689653
1685678399999,2023-06-02 03:59,11199.85592687322751888999650,6472.263019500639407000012280,11401.75642910780173597689653
1685692799999,2023-06-02 07:59,11199.85592687322751888999650,6484.164703343868540798002677,11401.75642910780173597689653
1685707199999,2023-06-02 11:59,11199.85592687322751888999650,6503.605318846101828834599277,11401.75642910780173597689653
1685721599999,2023-06-02 15:59,11199.85592687322751888999650,6495.256161781455892677821724,11401.75642910780173597689653
1685735999999,2023-06-02 19:59,11199.85592687322751888999650,6529.558900109070979213419424,11401.75642910780173597689653
1685750399999,2023-06-02 23:59,11199.85592687322751888999650,6530.414670729822802126990939,11401.75642910780173597689653
1685764799999,2023-06-03 03:59,11199.85592687322751888999650,6506.589728994101883533189014,11401.75642910780173597689653
1685779199999,2023-06-03 07:59,11199.85592687322751888999650,6514.073526971657040777363439,11401.75642910780173597689653
1685793599999,2023-06-03 11:59,11199.85592687322751888999650,6503.375195653966884857840551,11401.75642910780173597689653
1685807999999,2023-06-03 15:59,11199.85592687322751888999650,6545.437400366382113609771567,11401.75642910780173597689653
1685822399999,2023-06-03 19:59,11199.85592687322751888999650,6495.361634911184408667169474,11401.75642910780173597689653
1685836799999,2023-06-03 23:59,11199.85592687322751888999650,6488.855860500202763324219637,11401.75642910780173597689653
1685851199999,2023-06-04 03:59,11199.85592687322751888999650,6486.976521097767387514023369,11401.75642910780173597689653
1685865599999,2023-06-04 07:59,11199.85592687322751888999650,6508.327638518037658357668982,11401.75642910780173597689653
1685879999999,2023-06-04 11:59,11199.85592687322751888999650,6519.857769290632247193184351,11401.75642910780173597689653
1685894399999,2023-06-04 15:59,11199.85592687322751888999650,6515.171406367467502666483198,11401.75642910780173597689653
1685908799999,2023-06-04 19:59,11199.85592687322751888999650,6523.347971038012230840691706,11401.75642910780173597689653
1685923199999,2023-06-04 23:59,11199.85592687322751888999650,6499.880199673417423210817389,11401.75642910780173597689653
1685937599999,2023-06-05 03:59,11199.85592687322751888999650,6434.767321882151972786887247,11401.75642910780173597689653
1685951999999,2023-06-05 07:59,11199.85592687322751888999650,6431.509640443491672115896522,11401.75642910780173597689653
1685966399999,2023-06-05 11:59,11199.85592687322751888999650,6417.941960573868933486163260,11401.75642910780173597689653
1685980799999,2023-06-05 15:59,11199.85592687322751888999650,6234.356389815047898027373221,11401.75642910780173597689653
1685995199999,2023-06-05 19:59,11199.85592687322751888999650,6143.855650274811701167488136,11401.75642910780173597689653
1686009599999,2023-06-05 23:59,11199.85592687322751888999650,6167.397732253533417789857459,11401.75642910780173597689653
1686023999999,2023-06-06 03:59,11199.85592687322751888999650,6168.028173915319774726186054,11401.75642910780173597689653
1686038399999,2023-06-06 07:59,11199.85592687322751888999650,6165.990624818291624931968161,11401.75642910780173597689653
1686052799999,2023-06-06 11:59,11199.85592687322751888999650,6157.435315727358134796010915,11401.75642910780173597689653
1686067199999,2023-06-06 15:59,11199.85592687322751888999650,6248.398698768448958609171357,11401.75642910780173597689653
1686081599999,2023-06-06 19:59,11199.85592687322751888999650,6491.471114694153012060092250,11401.75642910780173597689653
1686095999999,2023-06-06 23:59,11199.85592687322751888999650,6527.415877882314313429853782,11401.75642910780173597689653
1686110399999,2023-06-07 03:59,11199.85592687322751888999650,6450.451655696099248202849214,11401.75642910780173597689653
1686124799999,2023-06-07 07:59,11199.85592687322751888999650,6423.330678656362204941930110,11401.75642910780173597689653
1686139199999,2023-06-07 11:59,11199.85592687322751888999650,6447.366566651540155514427535,11401.75642910780173597689653
1686153599999,2023-06-07 15:59,11199.85592687322751888999650,6316.335379896536950747911708,11401.75642910780173597689653
1686167999999,2023-06-07 19:59,11199.85592687322751888999650,6348.193059307718257530447937,11401.75642910780173597689653
1686182399999,2023-06-07 23:59,11199.85592687322751888999650,6313.895115213272648994366043,11401.75642910780173597689653
1686196799999,2023-06-08 03:59,11199.85592687322751888999650,6315.052922523701585877433387,11401.75642910780173597689653
1686211199999,2023-06-08 07:59,11199.85592687322751888999650,6339.148738433498011443878396,11401.75642910780173597689653
1686225599999,2023-06-08 11:59,11199.85592687322751888999650,6336.106797487464220751098978,11401.75642910780173597689653
1686239999999,2023-06-08 15:59,11199.85592687322751888999650,6405.546470714183565738044762,11401.75642910780173597689653
1686254399999,2023-06-08 19:59,11199.85592687322751888999650,6361.971685436798028138876698,11401.75642910780173597689653
1686268799999,2023-06-08 23:59,11199.85592687322751888999650,6352.073991058410698138493546,11401.75642910780173597689653
1686283199999,2023-06-09 03:59,11199.85592687322751888999650,6348.499890230564849499459572,11401.75642910780173597689653
1686297599999,2023-06-09 07:59,11199.85592687322751888999650,6350.832284667515896263899584,11401.75642910780173597689653
1686311999999,2023-06-09 11:59,11199.85592687322751888999650,6378.821017910928457437179720,11401.75642910780173597689653
1686326399999,2023-06-09 15:59,11199.85592687322751888999650,6346.982515432425062652706718,11401.75642910780173597689653
1686340799999,2023-06-09 19:59,11199.85592687322751888999650,6330.149962774387806352709021,11401.75642910780173597689653
1686355199999,2023-06-09 23:59,11199.85592687322751888999650,6347.087988562153578642054468,11401.75642910780173597689653
1686369599999,2023-06-10 03:59,11199.85592687322751888999650,6309.995006529902296388257206,11401.75642910780173597689653
1686383999999,2023-06-10 07:59,11199.85592687322751888999650,6148.913566268610990656664317,11401.75642910780173597689653
1686398399999,2023-06-10 11:59,11199.85592687322751888999650,6168.164809560649897712386548,11401.75642910780173597689653
1686412799999,2023-06-10 15:59,11199.85592687322751888999650,6143.570393401227760196297631,11401.75642910780173597689653
1686427199999,2023-06-10 19:59,11199.85592687322751888999650,6172.623446408264437262086878,11401.75642910780173597689653
1686441599999,2023-06-10 23:59,11199.85592687322751888999650,6194.487546777668854053923819,11401.75642910780173597689653
1686455999999,2023-06-11 03:59,11199.85592687322751888999650,6167.232331209186426806562124,11401.75642910780173597689653
1686470399999,2023-06-11 07:59,11199.85592687322751888999650,6170.545146329295724471984628,11401.75642910780173597689653
1686484799999,2023-06-11 11:59,11199.85592687322751888999650,6183.664565397572270146989953,11401.75642910780173597689653
1686499199999,2023-06-11 15:59,11199.85592687322751888999650,6172.949454263788941229161741,11401.75642910780173597689653
1686513599999,2023-06-11 19:59,11199.85592687322751888999650,6239.956054156998201461835571,11401.75642910780173597689653
1686527999999,2023-06-11 23:59,11199.85592687322751888999650,6214.704828053357578012081122,11401.75642910780173597689653
1686542399999,2023-06-12 03:59,11199.85592687322751888999650,6182.521140786651767262470030,11401.75642910780173597689653
1686556799999,2023-06-12 07:59,11199.85592687322751888999650,6185.323370074211657979459108,11401.75642910780173597689653
1686571199999,2023-06-12 11:59,11199.85592687322751888999650,6229.873781801585968480093857,11401.75642910780173597689653
1686585599999,2023-06-12 15:59,11199.85592687322751888999650,6190.513127480171592455319976,11401.75642910780173597689653
1686599999999,2023-06-12 19:59,11199.85592687322751888999650,6190.417242816782032465003840,11401.75642910780173597689653
1686614399999,2023-06-12 23:59,11199.85592687322751888999650,6209.824298686828974504989793,11401.75642910780173597689653
1686628799999,2023-06-13 03:59,11199.85592687322751888999650,6247.856950420297944663885188,11401.75642910780173597689653
1686643199999,2023-06-13 07:59,11199.85592687322751888999650,6250.270846821130117420093915,11401.75642910780173597689653
1686657599999,2023-06-13 11:59,11199.85592687322751888999650,6278.530454238618185566017136,11401.75642910780173597689653
1686671999999,2023-06-13 15:59,11199.85592687322751888999650,6174.910295630105443031126725,11401.75642910780173597689653
1686686399999,2023-06-13 19:59,11199.85592687322751888999650,6209.260976289415309561882493,11401.75642910780173597689653
1686700799999,2023-06-13 23:59,11199.85592687322751888999650,6216.790319482080507801457082,11401.75642910780173597689653
1686715199999,2023-06-14 03:59,11199.85592687322751888999650,6228.972465965724104571122178,11401.75642910780173597689653
1686729599999,2023-06-14 07:59,11199.85592687322751888999650,6208.033652598028941685835950,11401.75642910780173597689653
1686743999999,2023-06-14 11:59,11199.85592687322751888999650,6226.728764842408400797724592,11401.75642910780173597689653
1686758399999,2023-06-14 15:59,11199.85592687322751888999650,6229.375181551960256530449949,11401.75642910780173597689653
1686772799999,2023-06-14 19:59,11199.85592687322751888999650,6202.489121937527635245805379,11401.75642910780173597689653
1686787199999,2023-06-14 23:59,11199.85592687322751888999650,6023.666621832582992305969402,11401.75642910780173597689653
1686801599999,2023-06-15 03:59,11199.85592687322751888999650,6008.504859434108818837230377,11401.75642910780173597689653
1686815999999,2023-06-15 07:59,11199.85592687322751888999650,5988.956373685562275811528124,11401.75642910780173597689653
1686830399999,2023-06-15 11:59,11199.85592687322751888999650,5996.428186080193738056913031,11401.75642910780173597689653
1686844799999,2023-06-15 15:59,11199.85592687322751888999650,5983.239250630959761388928507,11401.75642910780173597689653
1686859199999,2023-06-15 19:59,11199.85592687322751888999650,6102.025965871116155392073750,11401.75642910780173597689653
1686873599999,2023-06-15 23:59,11199.85592687322751888999650,6136.304733032883851930092416,11401.75642910780173597689653
1686887999999,2023-06-16 03:59,11199.85592687322751888999650,6127.495329583968027819797409,11401.75642910780173597689653
1686902399999,2023-06-16 07:59,11199.85592687322751888999650,6121.567260269908481418502293,11401.75642910780173597689653
1686916799999,2023-06-16 11:59,11199.85592687322751888999650,6106.585281615289732931606023,11401.75642910780173597689653
1686931199999,2023-06-16 15:59,11199.85592687322751888999650,6194.199892787500174082975410,11401.75642910780173597689653
1686945599999,2023-06-16 19:59,11199.85592687322751888999650,6324.224290576912998951171808,11401.75642910780173597689653
1686959999999,2023-06-16 23:59,11199.85592687322751888999650,6315.251883200234922857339370,11401.75642910780173597689653
1686974399999,2023-06-17 03:59,11199.85592687322751888999650,6295.394169412257048862867577,11401.75642910780173597689653
1686988799999,2023-06-17 07:59,11199.85592687322751888999650,6374.837010147092239839544263,11401.75642910780173597689653
1687003199999,2023-06-17 11:59,11199.85592687322751888999650,6354.267352733446882916975160,11401.75642910780173597689653
1687017599999,2023-06-17 15:59,11199.85592687322751888999650,6331.029704560987019263859570,11401.75642910780173597689653
1687031999999,2023-06-17 19:59,11199.85592687322751888999650,6346.486312299384089702820714,11401.75642910780173597689653
1687046399999,2023-06-17 23:59,11199.85592687322751888999650,6356.479891341160979693520002,11401.75642910780173597689653
1687060799999,2023-06-18 03:59,11199.85592687322751888999650,6364.021220116749872931884108,11401.75642910780173597689653
1687075199999,2023-06-18 07:59,11199.85592687322751888999650,6372.777887000801439047505240,11401.75642910780173597689653
1687089599999,2023-06-18 11:59,11199.85592687322751888999650,6352.407190263689419104842119,11401.75642910780173597689653
1687103999999,2023-06-18 15:59,11199.85592687322751888999650,6367.290887138333868601664350,11401.75642910780173597689653
1687118399999,2023-06-18 19:59,11199.85592687322751888999650,6388.363939034774415473393168,11401.75642910780173597689653
1687132799999,2023-06-18 23:59,11199.85592687322751888999650,6314.046133558111205979113958,11401.75642910780173597689653
1687147199999,2023-06-19 03:59,11199.85592687322751888999650,6329.241455588771725444463631,11401.75642910780173597689653
1687161599999,2023-06-19 07:59,11199.85592687322751888999650,6335.150347970153359847695520,11401.75642910780173597689653
1687175999999,2023-06-19 11:59,11199.85592687322751888999650,6339.877461875258667370281031,11401.75642910780173597689653
1687190399999,2023-06-19 15:59,11199.85592687322751888999650,6338.983337389151020460583061,11401.75642910780173597689653
1687204799999,2023-06-19 19:59,11199.85592687322751888999650,6396.101831370311906691905353,11401.75642910780173597689653
1687219199999,2023-06-19 23:59,11199.85592687322751888999650,6434.951899859176875768245809,11401.75642910780173597689653
1687233599999,2023-06-20 03:59,11199.85592687322751888999650,6447.457657081760237505227864,11401.75642910780173597689653
1687247999999,2023-06-20 07:59,11199.85592687322751888999650,6432.096934006752727056582856,11401.75642910780173597689653
1687262399999,2023-06-20 11:59,11199.85592687322751888999650,6450.207149804455870227543067,11401.75642910780173597689653
1687276799999,2023-06-20 15:59,11199.85592687322751888999650,6489.505479094667032258611460,11401.75642910780173597689653
1687291199999,2023-06-20 19:59,11199.85592687322751888999650,6707.844446099034086207485038,11401.75642910780173597689653
1687305599999,2023-06-20 23:59,11199.85592687322751888999650,6785.803471667915836334019518,11401.75642910780173597689653
1687319999999,2023-06-21 03:59,11271.09053738418103582683042,6882.445623898253350573653122,11401.75642910780173597689653
1687334399999,2023-06-21 07:59,11302.91742580363255301649620,6921.070363428152853672750658,11448.55236433545733292861054
1687348799999,2023-06-21 11:59,11314.31845602501120114029381,6934.906520355266360275369101,11471.43966291900026128207555
1687363199999,2023-06-21 15:59,11496.35174485761921461793415,7155.819990571643099964230935,11836.86718593739062704760380
1687377599999,2023-06-21 19:59,11547.79662221656011731791833,7218.252892021170348658825072,11940.14156078291653989687553
1687391999999,2023-06-21 23:59,11524.46124954931005686494797,7189.933356689063805518954266,11893.29635193572732375553185
1687406399999,2023-06-22 03:59,11584.13691223958928713455527,7262.355042947198466204731884,12013.09383371084841720925414
1687420799999,2023-06-22 07:59,11545.56856225645701352657327,7215.548944513584756931910033,11935.66878309715139381532519
1687435199999,2023-06-22 11:59,11511.44645604122552594192260,7174.138755512218536114128743,11867.16946171276052629867443
1687449599999,2023-06-22 15:59,11496.16804842473837361386049,7155.597058729262372986745919,11836.49841969202169213130577
1687463999999,2023-06-22 19:59,11567.76225171720034171766647,7242.482946459712158211712672,11980.22208990323045531559077
1687478399999,2023-06-22 23:59,11502.93716321487431039838135,7163.811977265162925157080882,11850.08725757244470243403006
1687492799999,2023-06-23 03:59,11527.24039880805568366851402,7193.306099723791578178324355,11898.87542835759927458597628
1687507199999,2023-06-23 07:59,11512.23457299519816637875476,7175.095205029529397017532200,11868.75158786224660190730793
1687521599999,2023-06-23 11:59,11553.49318686632727275607362,7225.166176251557623960618487,11951.57727961779834955927904
1687535999999,2023-06-23 15:59,11770.20164644327038114245738,7488.161028113027504399474564,12386.61438798513121484751665
1687550399999,2023-06-23 19:59,11699.66024098656635126629937,7402.552803522243606045470325,12245.00418453501537973190747
1687564799999,2023-06-23 23:59,11661.66273260668744378925596,7356.439471781619467702682557,12168.72508494187343365851757
1687579199999,2023-06-24 03:59,11669.86191425064842236893092,7366.389902724871055697739584,12185.18474821635137814833622
1687593599999,2023-06-24 07:59,11637.77824587125594463593636,7327.453538038955482630114606,12120.77754258702224002544428
1687607999999,2023-06-24 11:59,11660.84893765672070729809091,7355.451859748706999802426355,12167.09141082260460370674563
1687622399999,2023-06-24 15:59,11604.42252907492517005752849,7286.973430272467993718399835,12053.81672983922434828861758
1687636799999,2023-06-24 19:59,11649.68098462975000797516096,7341.898562578592695171240513,12144.67200919555129169869102
1687651199999,2023-06-24 23:59,11629.84769557000243247082074,7317.829114951228398602132442,12104.85715038104080250999694
1687665599999,2023-06-25 03:59,11673.50621445134897777232776,7370.812582823714510251071363,12192.50059469705766761682946
1687679999999,2023-06-25 07:59,11668.63134567339289607282456,7364.896499092578658848565764,12182.71441089522399693485585
1687694399999,2023-06-25 11:59,11667.10054206605255437221071,7363.038733739405934036190626,12179.64135885048287263237224
1687708799999,2023-06-25 15:59,11641.25070102184216490649010,7331.667668994926644204508788,12127.74841419302855812062645
1687723199999,2023-06-25 19:59,11610.55957011751412704308622,7294.421271501252065966205709,12066.13669461730263629870347
1687737599999,2023-06-25 23:59,11617.05412787355934447743246,7302.302990831873897170192099,12079.17436574389465785556297
1687751999999,2023-06-26 03:59,11584.20604530572723805006686,7262.438942027664331196258504,12013.23261670641737121001147
1687766399999,2023-06-26 07:59,11605.52470767221021608197047,7288.311021326752355583309934,12056.02932731143795778640577
1687780799999,2023-06-26 11:59,11589.44633171898391744584563,7268.798492326976897553976232,12023.75236777054408446741665
1687795199999,2023-06-26 15:59,11608.55273596905246618137825,7291.985801051157242212175852,12062.10802251735814301957658
1687809599999,2023-06-26 19:59,11573.85781292010652815391723,7249.880448240216711464602574,11992.45878488396737092522227
1687823999999,2023-06-26 23:59,11578.60231648763104526988429,7255.638322276759788883086549,12001.98326360844244263433921
1687838399999,2023-06-27 03:59,11599.06175360354234763757238,7280.467655861486348375449999,12043.05509983996317234417820
1687852799999,2023-06-27 07:59,11606.89354238174164420910001,7289.972223119976482415536993,12058.77723062370324700140079
1687867199999,2023-06-27 11:59,11669.68216827868974998860077,7366.171765115659806719770374,12184.82391242787209774636718
1687881599999,2023-06-27 15:59,11624.18075937715154171074185,7310.951787469612208296707578,12093.48090997283140170506085
1687895999999,2023-06-27 19:59,11653.66897493067923364424401,7346.738340963180735682447485,12152.67780542565752391380639
1687910399999,2023-06-27 23:59,11662.44097340835466266672932,7357.383935716006633607296498,12170.28738494913537298132859
1687924799999,2023-06-28 03:59,11615.09667448662479141251849,7299.927448296397548410109826,12075.24482435507084600554844
1687939199999,2023-06-28 07:59,11562.43307993319486828765851,7236.015525914086336864889290,11969.52390355908651548578332
1687953599999,2023-06-28 11:59,11587.04445147830539420978571,7265.883598559934273848365694,12018.93064998163413975539075
1687967999999,2023-06-28 15:59,11606.86193869436429521915186,7289.933869254620658419410538,12058.71378696858601088676887
1687982399999,2023-06-28 19:59,11545.42041997187569013619129,7215.369160769729331950067278,11935.37139096378934952798807
1687996799999,2023-06-28 23:59,11540.95837436028622961788588,7209.954074404803931496963490,11926.41393990692457559339391
1688011199999,2023-06-29 03:59,11560.43217147611646036156582,7233.587246813745730110133142,11965.50712714447650397814990
1688025599999,2023-06-29 07:59,11592.88323272127062010270770,7272.969475184422757132728154,12030.65186526454351193363791
1688039999999,2023-06-29 11:59,11658.19422791702339214244573,7352.230135058817784127804181,12161.76214379275677007766438
1688054399999,2023-06-29 15:59,11620.24214983774942383845279,7306.171936999642642779448192,12085.57424445384585091905786
1688068799999,2023-06-29 19:59,11641.21712210400373160467019,7331.626918012986081208624431,12127.68100530946649474883004
1688083199999,2023-06-29 23:59,11614.02214911579492575428116,7298.623416874299532541810375,12073.08774008108481810806317
1688097599999,2023-06-30 03:59,11672.83266086411922742405767,7369.995166068318511333626303,12191.14845179737157292373667
1688111999999,2023-06-30 07:59,11676.79102270813218841506432,7374.798987704135466848464723,12199.09476960080539628138461
1688126399999,2023-06-30 11:59,11705.41606255016603606060745,7409.538001250173051340000842,12256.55886022324200710924584
1688140799999,2023-06-30 15:59,11539.04437604349553141415063,7207.631268434191840731555092,11922.57163354388696340099827
1688155199999,2023-06-30 19:59,11599.21779680996800827544140,7280.657028071680729356324368,12043.36835288710452566017331
1688169599999,2023-06-30 23:59,11618.89899312421209176565612,7304.541897722020122944073878,12082.87788911136331604720128
1688183999999,2023-07-01 03:59,11604.28426294264926822650531,7286.805632111536263735346597,12053.53916384808644028710293
1688198399999,2023-07-01 07:59,11616.50501380537790577708324,7301.636592421316455237494953,12078.07203223623268036383336
1688212799999,2023-07-01 11:59,11628.97661893666425093537466,7316.771986537358499708897041,12103.10848463687198210045466
1688227199999,2023-07-01 15:59,11638.76586110179810057181627,7328.652096331324982509066307,12122.76015680943586860769177
1688241599999,2023-07-01 19:59,11646.06038719458246431422524,7337.504647878766108615003575,12137.40374545618292931617173
1688255999999,2023-07-01 23:59,11641.39686807596240398500033,7331.845055622197330186593640,12128.04184109794577515079908
1688270399999,2023-07-02 03:59,11626.26857797451765935919196,7313.485539699681331040811475,12097.67215643901381252793204
1688284799999,2023-07-02 07:59,11626.99941324511885475174309,7314.372472836034760951235734,12099.13929096359989767879518
1688299199999,2023-07-02 11:59,11633.26681949813937632083696,7321.978523759411607183063233,12111.72096081903678466173775
1688313599999,2023-07-02 15:59,11624.03656755349238694410338,7310.776797958926261314380629,12093.19144829635901193205271
1688327999999,2023-07-02 19:59,11635.83461909754898175412471,7325.094775319572306868337657,12116.87575779731221897558122
1688342399999,2023-07-02 23:59,11647.54576050131786684178861,7339.307279550489836432946935,12140.38559724669302670387195
1688356799999,2023-07-03 03:59,11675.12392819897702919529904,7372.775821306615751052794250,12195.74811679337119123455085
1688371199999,2023-07-03 07:59,11657.45351649411677519053581,7351.331216339540659218590405,12160.27518312594654864097877
1688385599999,2023-07-03 11:59,11649.16347424894591826475989,7341.270518033391077234669822,12143.63311934300655032159334
1688399999999,2023-07-03 15:59,11736.74914335434647528233328,7447.563461633887804499622527,12319.45927904353678750962969
1688414399999,2023-07-03 19:59,11773.72545758584479352167687,7492.437484100201879967574235,12393.68835553070304162897569
1688428799999,2023-07-03 23:59,11754.04426127160071003146215,7468.552614449862486379824726,12354.17881930644425124194772
1688443199999,2023-07-04 03:59,11761.84444636242265761304163,7478.018827842996796423785265,12369.83750643506708978453839
1688457599999,2023-07-04 07:59,11705.69259481471783972265382,7409.873597572036511306107318,12257.11399220551782311227514
1688471999999,2023-07-04 11:59,11736.62075337437599501066889,7447.407649055879769515358806,12319.20153919462301579393751
1688486399999,2023-07-04 15:59,11716.15341533662035539549376,7422.568727004814254023963742,12278.11384204932297705544054
1688500799999,2023-07-04 19:59,11663.31007481123175989030363,7358.438667013291793500773996,12172.03208546485936613370638
1688515199999,2023-07-04 23:59,11677.07150543360616070085421,7375.139378259168404814087006,12199.65783203997086679874289
1688529599999,2023-07-05 03:59,11697.25836074588782803023945,7399.637909755200982339859787,12240.18246674610543501988158
1688543999999,2023-07-05 07:59,11678.60033381048541808959630,7376.994746495756390626704240,12202.72691885626716384406201
1688558399999,2023-07-05 11:59,11605.52668290267130039384223,7288.313418443337094583067838,12056.03329253988278504357027
1688572799999,2023-07-05 15:59,11596.00804731070600148383171,7276.761713621479854749731338,12036.92485666426023276786897
1688587199999,2023-07-05 19:59,11610.98819512756942271925809,7294.941445800140428913670748,12066.99714918983015110339889
1688601599999,2023-07-05 23:59,11625.37972426702971901690005,7312.406837236548781149754944,12095.88780363884154680390930
1688615999999,2023-07-06 03:59,11622.62230254335601964392336,7309.060462484253137487721793,12090.35234472986269580227431
1688630399999,2023-07-06 07:59,11684.31665076486341664646919,7383.932001891991055926076689,12214.20228997559724607811048
1688644799999,2023-07-06 11:59,11692.88125004412499292241971,7394.325899403419358876345845,12231.39552051236823314336070
1688659199999,2023-07-06 15:59,11606.06197035762514891108913,7288.963037037801363517459660,12057.10786944843097173514841
1688673599999,2023-07-06 19:59,11586.87655688911322770068612,7265.679843650231458868943905,12018.59360556382382289640868
1688687999999,2023-07-06 23:59,11505.01313042947392217560090,7166.331346795723613902637358,11854.25471266795814971391429
1688702399999,2023-07-07 03:59,11552.41273580411415416222100,7223.854953479705391093045325,11949.40829965847783989030029
1688716799999,2023-07-07 07:59,11527.12978590223496220369547,7193.171861195046194191881764,11898.65337556468894818476456
1688731199999,2023-07-07 11:59,11549.11410093410335333638213,7219.851768783191261497346642,11942.78636815561632042559368
1688745599999,2023-07-07 15:59,11602.86604747159073230258177,7285.084502403693661909171954,12050.69212982470046964299553
1688759999999,2023-07-07 19:59,11574.29828931292832970131967,7250.415005238613508410615033,11993.34303082716384927290466
1688774399999,2023-07-07 23:59,11593.75430935460880163815377,7274.026603598292656025963555,12032.40053100871233234318020
1688788799999,2023-07-08 03:59,11579.95337412301271459016800,7257.277950020721264717492476,12004.69547986470428653485378
1688803199999,2023-07-08 07:59,11563.86117155655882577094085,7237.748641204852633689853450,11972.39076372469662241571319
1688817599999,2023-07-08 11:59,11565.51048899156422618386029,7239.750233553109698487702792,11975.70172947612738214806649
1688831999999,2023-07-08 15:59,11566.75290895158625835119721,7241.258019884910529335424033,11978.19585816792372690453384
1688846399999,2023-07-08 19:59,11547.79069652517686438230305,7218.245700671416131659551362,11940.12966509758205812538204
1688860799999,2023-07-08 23:59,11581.88909997487534022449261,7259.627124273765484480237812,12008.58140374063499855605886
1688875199999,2023-07-09 03:59,11582.55277740979966901340391,7260.432555446237788398893355,12009.91372049809695696332917
1688889599999,2023-07-09 07:59,11578.01172257976683602022811,7254.921584417922827955473431,12000.79766030343909274215522
1688903999999,2023-07-09 11:59,11578.34553652769008472655552,7255.326697120743718914559106,12001.46778391061489920295487
1688918399999,2023-07-09 15:59,11594.69649428454601840098320,7275.170028209213158910483478,12034.29194497689493401064430
1688932799999,2023-07-09 19:59,11573.55165219863845981379446,7249.508895169582166502127547,11991.84417447501914606472555
1688947199999,2023-07-09 23:59,11557.41204410111854750964508,7229.922055555679799480298839,11959.44429285233562777363708
1688961599999,2023-07-10 03:59,11556.51528947178626991986612,7228.833764626208293590210694,11957.64407913838405302095636
1688975999999,2023-07-10 07:59,11547.81044882978770750102065,7218.269671837263521657130396,11940.16931738203033069702699
1688990399999,2023-07-10 11:59,11573.07364642705605634082859,7248.928792956075328560714923,11990.88458919137094983091777
1689004799999,2023-07-10 15:59,11587.45529941421093107911175,7266.382198809559985798009602,12019.75541749815820924560571
1689019199999,2023-07-10 19:59,11691.07391417223284755975949,7392.132537728383174097864231,12227.76733648535129283784780
1689033599999,2023-07-10 23:59,11606.96267544787959512461161,7290.056122200442347407063612,12058.91601361927220100215812
1689047999999,2023-07-11 03:59,11619.68908530864581651436005,7305.500744355915722847235239,12084.46398048929421891299927
1689062399999,2023-07-11 07:59,11631.41800378656446040886978,7319.734822636095903409665647,12108.00950699467847195577045
1689076799999,2023-07-11 11:59,11605.52865813313238470571399,7288.315815559921833582825741,12056.03725776832761230073476
1689091199999,2023-07-11 15:59,11643.48073621240635300970693,7334.374013619096974931181731,12132.22515710723853145934129
1689105599999,2023-07-11 19:59,11640.62455296567843804314225,7330.907783037564381281253410,12126.49143677601831759948155
1689119999999,2023-07-11 23:59,11648.54720234508761296077083,7340.522617658952509310203960,12142.39596806822044608627091
1689134399999,2023-07-12 03:59,11641.87487384754480745796620,7332.425157835704168128006264,12129.00142638159397138460687
1689148799999,2023-07-12 07:59,11671.83516948127164992881896,7368.784622193025316455885084,12189.14601143273380805566671
1689163199999,2023-07-12 11:59,11678.99537990270228046394827,7377.474169812704190578284921,12203.51996454523261527696100
1689177599999,2023-07-12 15:59,11629.29463104089882514672799,7317.157922307501478669919489,12103.74688641648917050393835
1689191999999,2023-07-12 19:59,11582.45006542582328479607240,7260.307905383831360411482378,12009.70752861896593959077543
1689206399999,2023-07-12 23:59,11600.72687288223642254546589,7282.488425142421325171362568,12046.39778741895255013384747
1689220799999,2023-07-13 03:59,11584.53195833180614950890723,7262.834466264146266156312565,12013.88687939981386864215314
1689235199999,2023-07-13 07:59,11597.96550069764055454874568,7279.137256156956203509813610,12040.85439805308404461788349
1689249599999,2023-07-13 11:59,11633.11867721355805293045498,7321.798740015556182201220477,12111.42356868567474037440063
1689263999999,2023-07-13 15:59,11706.89155970459601702881203,7411.328647338973084159154684,12259.52088587152796821112359
1689278399999,2023-07-13 19:59,11842.89210264163414233509005,7576.377315548007434490077706,12532.53875998321910575809636
1689292799999,2023-07-13 23:59,11812.91205470329645674551969,7539.993880024838896164619852,12472.35452264763099651539157
1689307199999,2023-07-14 03:59,11814.05176267934210469552510,7541.377016294233299024930116,12474.64245946029632389930518
1689321599999,2023-07-14 07:59,11742.69458704221025401633030,7454.778782553952193770911771,12331.39461666246683157475957
1689335999999,2023-07-14 11:59,11764.59001670332985111478776,7481.350819895784006087270996,12375.34917397337697724318641
1689350399999,2023-07-14 15:59,11770.69150359761929048665381,7488.755513026042776339434608,12387.59776463944837462431140
1689364799999,2023-07-14 19:59,11548.41684458134059124565091,7219.005586628778394582806741,11941.38664251459229864652695
1689379199999,2023-07-14 23:59,11587.29728097732418612937096,7266.190429482780865817377330,12019.43819922257202867244611
1689393599999,2023-07-15 03:59,11583.52459079665315045430973,7261.611936805929376279781829,12011.86461289295196748826070
1689407999999,2023-07-15 07:59,11592.43090494568231268407470,7272.420535486517526188168275,12029.74382795067807004296856
1689422399999,2023-07-15 11:59,11587.29333051640201750562744,7266.185635249611387817861523,12019.43026876568237415811712
1689436799999,2023-07-15 15:59,11585.59858278079167791965753,7264.128909219905326025580403,12016.02810276002058751098043
1689451199999,2023-07-15 19:59,11590.15346422405210109593565,7269.656660064313459467305651,12025.17191955379224253230585
1689465599999,2023-07-15 23:59,11582.85498767034556872978316,7260.799314283702855361852576,12010.52040045015552730949690
1689479999999,2023-07-16 03:59,11562.80244802941763460767759,7236.463786715432529819617226,11970.26540127826921257554388
1689494399999,2023-07-16 07:59,11578.05517764991069088140682,7254.974320982787085950147306,12000.88489532922529239977410
1689508799999,2023-07-16 11:59,11586.11214270067359900631508,7264.752159531937465962635288,12017.05906215567567437374912
1689523199999,2023-07-16 15:59,11600.71699672993100098610710,7282.476439559497630172573051,12046.37796127672841384802500
1689537599999,2023-07-16 19:59,11575.62761941323807159101402,7252.028264700142855247684023,11996.01162957053259334460978
1689551999999,2023-07-16 23:59,11571.49148682772752253154898,7247.008702571699389754634297,11987.70844120706431684215729
1689566399999,2023-07-17 03:59,11587.42567095729466640103535,7266.346242060788900801641051,12019.69593907148580038813828
1689580799999,2023-07-17 07:59,11581.17209131750173501504380,7258.756970953505227568118876,12007.14202581516270420534718
1689595199999,2023-07-17 11:59,11557.60759191676589438494930,7230.159370097568960456331276,11959.83685046837352623292208
1689609599999,2023-07-17 15:59,11560.20106951216959587256992,7233.306784173331267138458444,11965.04319541643171488990399
1689623999999,2023-07-17 19:59,11502.83247600043684186917808,7163.684930086171758169912001,11849.87710046486885780431183
1689638399999,2023-07-17 23:59,11552.92629572399607524887855,7224.478203791737531030100210,11950.43925905413292675306899
1689652799999,2023-07-18 03:59,11540.27691985121214202212875,7209.127069183068976580486816,11925.04593609345917187164314
1689667199999,2023-07-18 07:59,11519.37305588155686948329470,7183.758384366776142142595100,11883.08192346185230929979278
1689681599999,2023-07-18 11:59,11502.75741724291563801805120,7163.593839655951676179111672,11849.72642178396542203206102
1689695999999,2023-07-18 15:59,11508.28608730349062694710690,7170.303368976636136501483297,11860.82509620103691483548247
1689710399999,2023-07-18 19:59,11469.56959503577702994874292,7123.317486799167002246818691,11783.10265345397784715421639
1689724799999,2023-07-18 23:59,11497.84304385573787008111280,7157.629813593121044781448005,11839.86093341323520620679751
1689739199999,2023-07-19 03:59,11537.34370261650193889256543,7205.567351054731561940000262,11919.15757185289069498236810
1689753599999,2023-07-19 07:59,11525.80243103238630462587288,7191.560998850101586354570677,11895.98874204976503137022394
1689767999999,2023-07-19 11:59,11528.16283143338205731262585,7194.425553168864691065265244,11900.72719004133360368179544
1689782399999,2023-07-19 15:59,11517.06796193347147752895101,7180.960949312385729425121828,11878.45450186673890018882714
1689796799999,2023-07-19 19:59,11534.42036153409715732236092,7202.019618509317842298303225,11913.28903375454635437891553
1689811199999,2023-07-19 23:59,11507.73499800484810393488592,7169.634573449493955569028248,11859.71879746493011008658837
1689825599999,2023-07-20 03:59,11515.39889219385523399731397,7178.935385798281274629693452,11875.10388383085986788482888
1689839999999,2023-07-20 07:59,11565.71986342043916324226683,7240.004327911092032462040553,11976.12204369127907140750296
1689854399999,2023-07-20 11:59,11581.94243119732461664503013,7259.691846421553437473701203,12008.68846490864533449950022
1689868799999,2023-07-20 15:59,11488.17429074873016346884854,7145.895927910823640966510846,11820.45114017580578238659459
1689883199999,2023-07-20 19:59,11477.47249211057536174765391,7132.908350254707740278190207,11798.96753246173170306936080
1689897599999,2023-07-20 23:59,11486.16350613934633398339706,7143.455663227559339212965181,11816.41453761897163459313870
1689911999999,2023-07-21 03:59,11505.44570590045138647551630,7166.856315327781454849618204,11855.12309769737531903293869
1689926399999,2023-07-21 07:59,11479.60771623900750288102626,7135.499633282810599016483786,11803.25394441058996806417987
1689940799999,2023-07-21 11:59,11481.91873587847614777098523,7138.304259686955228733230768,11807.89326169103785894663899
1689955199999,2023-07-21 15:59,11499.20002718250279233701179,7159.276632686836737615127643,11842.58504535483153187880556
1689969599999,2023-07-21 19:59,11501.17328241312601989689984,7161.671352154990998373273142,11846.54630857121396178613605
1689983999999,2023-07-21 23:59,11506.25555038949595434293782,7167.839133127524444750358599,11856.74884135975449447038163
1689998399999,2023-07-22 03:59,11497.12945375652618812901997,7168.244245830345335709444274,11857.41896496693030093118128
1690012799999,2023-07-22 07:59,11497.12945375652618812901997,7178.158720024825838708132750,11839.35075115210500560700013
1690027199999,2023-07-22 11:59,11497.12945375652618812901997,7164.296194815280203108177369,11839.35075115210500560700013
1690041599999,2023-07-22 15:59,11497.12945375652618812901997,7167.484359872983072786188895,11839.35075115210500560700013
1690055999999,2023-07-22 19:59,11497.12945375652618812901997,7152.085282932619738341417433,11839.35075115210500560700013
1690070399999,2023-07-22 23:59,11497.12945375652618812901997,7142.017393276715939358223139,11839.35075115210500560700013
1690084799999,2023-07-23 03:59,11497.12945375652618812901997,7154.415280252986046106099541,11839.35075115210500560700013
1690099199999,2023-07-23 07:59,11497.12945375652618812901997,7171.262215610531736404644659,11839.35075115210500560700013
1690113599999,2023-07-23 11:59,11497.12945375652618812901997,7164.689321935177399068473527,11839.35075115210500560700013
1690127999999,2023-07-23 15:59,11497.12945375652618812901997,7166.861109560950932849134010,11839.35075115210500560700013
1690142399999,2023-07-23 19:59,11497.12945375652618812901997,7213.719944559428900116629737,11839.35075115210500560700013
1690156799999,2023-07-23 23:59,11497.12945375652618812901997,7211.473846319528457343474248,11839.35075115210500560700013
1690171199999,2023-07-24 03:59,11497.12945375652618812901997,7123.322281032336480246334498,11839.35075115210500560700013
1690185599999,2023-07-24 07:59,11497.12945375652618812901997,7150.167589664828538535094710,11839.35075115210500560700013
1690199999999,2023-07-24 11:59,11497.12945375652618812901997,7016.406087119807613044326907,11839.35075115210500560700013
1690214399999,2023-07-24 15:59,11497.12945375652618812901997,6974.166495780121698310311039,11839.35075115210500560700013
1690228799999,2023-07-24 19:59,11497.12945375652618812901997,6979.969915031774816724195179,11839.35075115210500560700013
1690243199999,2023-07-24 23:59,11497.12945375652618812901997,6993.995444169082704307687991,11839.35075115210500560700013
1690257599999,2023-07-25 03:59,11497.12945375652618812901997,6978.294330539042255893420700,11839.35075115210500560700013
1690271999999,2023-07-25 07:59,11497.12945375652618812901997,6985.835659314631149131784806,11839.35075115210500560700013
1690286399999,2023-07-25 11:59,11497.12945375652618812901997,6982.438945114055986474835684,11839.35075115210500560700013
1690300799999,2023-07-25 15:59,11497.12945375652618812901997,6995.196399578036943186397596,11839.35075115210500560700013
1690315199999,2023-07-25 19:59,11497.12945375652618812901997,6999.348205502804890767086290,11839.35075115210500560700013
1690329599999,2023-07-25 23:59,11497.12945375652618812901997,7006.558732189699802038859727,11839.35075115210500560700013
1690343999999,2023-07-26 03:59,11497.12945375652618812901997,7009.890724242487011702345458,11839.35075115210500560700013
1690358399999,2023-07-26 07:59,11497.12945375652618812901997,7003.610278790470832336638541,11839.35075115210500560700013
1690372799999,2023-07-26 11:59,11497.12945375652618812901997,6993.729364228176675334560713,11839.35075115210500560700013
1690387199999,2023-07-26 15:59,11497.12945375652618812901997,7029.352913793982950736763188,11839.35075115210500560700013
1690401599999,2023-07-26 19:59,11497.12945375652618812901997,7048.033643338853975850104410,11839.35075115210500560700013
1690415999999,2023-07-26 23:59,11497.12945375652618812901997,7036.055251764913194059861104,11839.35075115210500560700013
1690430399999,2023-07-27 03:59,11497.12945375652618812901997,7048.956533223978490756897220,11839.35075115210500560700013
1690444799999,2023-07-27 07:59,11497.12945375652618812901997,7050.488290721626711602197494,11839.35075115210500560700013
1690459199999,2023-07-27 11:59,11497.12945375652618812901997,7073.227338644460863305669177,11839.35075115210500560700013
1690473599999,2023-07-27 15:59,11497.12945375652618812901997,7021.684537839402890511230201,11839.35075115210500560700013
1690487999999,2023-07-27 19:59,11497.12945375652618812901997,6990.958297456218391614424379,11839.35075115210500560700013
1690502399999,2023-07-27 23:59,11497.12945375652618812901997,7005.089299723254795187264941,11839.35075115210500560700013
1690516799999,2023-07-28 03:59,11497.12945375652618812901997,7012.537140952038867435070815,11839.35075115210500560700013
1690531199999,2023-07-28 07:59,11497.12945375652618812901997,6985.437737961564475171972841,11839.35075115210500560700013
1690545599999,2023-07-28 11:59,11497.12945375652618812901997,7001.208367972562354579219331,11839.35075115210500560700013
1690559999999,2023-07-28 15:59,11497.12945375652618812901997,7044.692062819727810187587065,11839.35075115210500560700013
1690574399999,2023-07-28 19:59,11497.12945375652618812901997,7027.435220526191750930440466,11839.35075115210500560700013
1690588799999,2023-07-28 23:59,11497.12945375652618812901997,7026.989356841430296975470433,11839.35075115210500560700013
1690603199999,2023-07-29 03:59,11497.12945375652618812901997,7040.832705118298020577362586,11839.35075115210500560700013
1690617599999,2023-07-29 07:59,11497.12945375652618812901997,7022.403672814824590438601222,11839.35075115210500560700013
1690631999999,2023-07-29 11:59,11497.12945375652618812901997,7015.727703126326476112840244,11839.35075115210500560700013
1690646399999,2023-07-29 15:59,11497.12945375652618812901997,7021.763642686699277503241014,11839.35075115210500560700013
1690660799999,2023-07-29 19:59,11497.12945375652618812901997,7032.713671245787028397343760,11839.35075115210500560700013
1690675199999,2023-07-29 23:59,11497.12945375652618812901997,7036.280580723878660037104024,11839.35075115210500560700013
1690689599999,2023-07-30 03:59,11497.12945375652618812901997,7027.176331935039938956586898,11839.35075115210500560700013
1690703999999,2023-07-30 07:59,11497.12945375652618812901997,7022.235874653892860455547984,11839.35075115210500560700013
1690718399999,2023-07-30 11:59,11497.12945375652618812901997,7026.955797209243950978859785,11839.35075115210500560700013
1690732799999,2023-07-30 15:59,11497.12945375652618812901997,7035.434398569465793122564122,11839.35075115210500560700013
1690747199999,2023-07-30 19:59,11497.12945375652618812901997,7000.175210724539845683562964,11839.35075115210500560700013
1690761599999,2023-07-30 23:59,11497.12945375652618812901997,7019.066886528867902775599685,11839.35075115210500560700013
1690775999999,2023-07-31 03:59,11497.12945375652618812901997,7052.842259207840409364458636,11839.35075115210500560700013
1690790399999,2023-07-31 07:59,11497.12945375652618812901997,7041.245009170873128535721972,11839.35075115210500560700013
1690804799999,2023-07-31 11:59,11497.12945375652618812901997,7049.006872672258009751813191,11839.35075115210500560700013
1690819199999,2023-07-31 15:59,11497.12945375652618812901997,7011.130033516797074577181517,11839.35075115210500560700013
1690833599999,2023-07-31 19:59,11497.12945375652618812901997,6989.436128424909126768155718,11839.35075115210500560700013
1690847999999,2023-07-31 23:59,11497.12945375652618812901997,7007.359369129002627957999464,11839.35075115210500560700013
1690862399999,2023-08-01 03:59,11497.12945375652618812901997,6901.769068619155376106764656,11839.35075115210500560700013
1690876799999,2023-08-01 07:59,11497.12945375652618812901997,6926.254474957526469649115017,11839.35075115210500560700013
1690891199999,2023-08-01 11:59,11497.12945375652618812901997,6908.276968896186754732536956,11839.35075115210500560700013
1690905599999,2023-08-01 15:59,11497.12945375652618812901997,6930.251603851473656962480130,11839.35075115210500560700013
1690919999999,2023-08-01 19:59,11497.12945375652618812901997,7006.941428337079542416091854,11839.35075115210500560700013
1690934399999,2023-08-01 23:59,11497.12945375652618812901997,7110.239685106524278985080798,11839.35075115210500560700013
1690948799999,2023-08-02 03:59,11497.12945375652618812901997,7092.760025039161219733879949,11839.35075115210500560700013
1690963199999,2023-08-02 07:59,11497.12945375652618812901997,7079.428283758151738694692117,11839.35075115210500560700013
1690977599999,2023-08-02 11:59,11497.12945375652618812901997,7075.893098502846352070835667,11839.35075115210500560700013
1690991999999,2023-08-02 15:59,11497.12945375652618812901997,7018.188439518311777856512611,11839.35075115210500560700013
1691006399999,2023-08-02 19:59,11497.12945375652618812901997,6977.537399317833317179750290,11839.35075115210500560700013
1691020799999,2023-08-02 23:59,11497.12945375652618812901997,6985.782973593071676637560358,11839.35075115210500560700013
1691035199999,2023-08-03 03:59,11497.12945375652618812901997,6984.856692825432418260151796,11839.35075115210500560700013
1691049599999,2023-08-03 07:59,11497.12945375652618812901997,6951.833706388432811456260502,11839.35075115210500560700013
1691063999999,2023-08-03 11:59,11497.12945375652618812901997,6976.209012170443683072613981,11839.35075115210500560700013
1691078399999,2023-08-03 15:59,11497.12945375652618812901997,7003.269814131501706883934918,11839.35075115210500560700013
1691092799999,2023-08-03 19:59,11497.12945375652618812901997,7008.595330172838528304436340,11839.35075115210500560700013
1691107199999,2023-08-03 23:59,11497.12945375652618812901997,6987.609206734437966410073880,11839.35075115210500560700013
1691121599999,2023-08-04 03:59,11497.12945375652618812901997,6979.866265433887576614423497,11839.35075115210500560700013
1691135999999,2023-08-04 07:59,11497.12945375652618812901997,6992.223856140144659308378034,11839.35075115210500560700013
1691150399999,2023-08-04 11:59,11497.12945375652618812901997,6981.355016435106229613772659,11839.35075115210500560700013
1691164799999,2023-08-04 15:59,11497.12945375652618812901997,7006.910312962456001437005778,11839.35075115210500560700013
1691179199999,2023-08-04 19:59,11497.12945375652618812901997,6948.935189567732186404472986,11839.35075115210500560700013
1691193599999,2023-08-04 23:59,11497.12945375652618812901997,6968.545056051629974223874405,11839.35075115210500560700013
1691207999999,2023-08-05 03:59,11497.12945375652618812901997,6963.887323819521455354527992,11839.35075115210500560700013
1691222399999,2023-08-05 07:59,11497.12945375652618812901997,6953.901682055720458066288920,11839.35075115210500560700013
1691236799999,2023-08-05 11:59,11497.12945375652618812901997,6952.750413194649441840104118,11839.35075115210500560700013
1691251199999,2023-08-05 15:59,11497.12945375652618812901997,6951.192250973116735887409095,11839.35075115210500560700013
1691265599999,2023-08-05 19:59,11497.12945375652618812901997,6957.381817032845733727146928,11839.35075115210500560700013
1691279999999,2023-08-05 23:59,11497.12945375652618812901997,6958.525905422849778958158021,11839.35075115210500560700013
1691294399999,2023-08-06 03:59,11497.12945375652618812901997,6956.577604273344982267691433,11839.35075115210500560700013
1691308799999,2023-08-06 07:59,11497.12945375652618812901997,6963.444528103724910652149222,11839.35075115210500560700013
1691323199999,2023-08-06 11:59,11497.12945375652618812901997,6959.933277751976094012205138,11839.35075115210500560700013
1691337599999,2023-08-06 15:59,11497.12945375652618812901997,6944.356442517360348482037381,11839.35075115210500560700013
1691351999999,2023-08-06 19:59,11497.12945375652618812901997,6962.324374617277435405050496,11839.35075115210500560700013
1691366399999,2023-08-06 23:59,11497.12945375652618812901997,6962.424901212215029337482433,11839.35075115210500560700013
1691380799999,2023-08-07 03:59,11497.12945375652618812901997,6980.196567102968242392414147,11839.35075115210500560700013
1691395199999,2023-08-07 07:59,11497.12945375652618812901997,6963.782010243872547425313582,11839.35075115210500560700013
1691409599999,2023-08-07 11:59,11497.12945375652618812901997,6963.147735299623442851635884,11839.35075115210500560700013
1691423999999,2023-08-07 15:59,11497.12945375652618812901997,6907.379410012815380335823233,11839.35075115210500560700013
1691438399999,2023-08-07 19:59,11497.12945375652618812901997,6978.339218586978411640814550,11839.35075115210500560700013
1691452799999,2023-08-07 23:59,11497.12945375652618812901997,6991.778666933992457607608028,11839.35075115210500560700013
1691467199999,2023-08-08 03:59,11497.12945375652618812901997,6987.953869345652574178411950,11839.35075115210500560700013
1691481599999,2023-08-08 07:59,11497.12945375652618812901997,6986.168325540332453378549450,11839.35075115210500560700013
1691495999999,2023-08-08 11:59,11497.12945375652618812901997,7046.247326957678769996979208,11839.35075115210500560700013
1691510399999,2023-08-08 15:59,11497.12945375652618812901997,7069.406739639015886430584496,11839.35075115210500560700013
1691524799999,2023-08-08 19:59,11497.12945375652618812901997,7152.903650696110275308873095,11839.35075115210500560700013
1691539199999,2023-08-08 23:59,11497.12945375652618812901997,7125.660943468022319619818176,11839.35075115210500560700013
1691553599999,2023-08-09 03:59,11497.12945375652618812901997,7112.637962442892591373099866,11839.35075115210500560700013
1691567999999,2023-08-09 07:59,11497.12945375652618812901997,7137.049170580238317965321893,11839.35075115210500560700013
1691582399999,2023-08-09 11:59,11497.12945375652618812901997,7153.880194761218330652497625,11839.35075115210500560700013
1691596799999,2023-08-09 15:59,11497.12945375652618812901997,7123.573819877889417022659866,11839.35075115210500560700013
1691611199999,2023-08-09 19:59,11497.12945375652618812901997,7040.883515070651436602218000,11839.35075115210500560700013
1691625599999,2023-08-09 23:59,11497.12945375652618812901997,7080.560404696377498933747027,11839.35075115210500560700013
1691639999999,2023-08-10 03:59,11497.12945375652618812901997,7080.713588079139546830786169,11839.35075115210500560700013
1691654399999,2023-08-10 07:59,11497.12945375652618812901997,7063.808365697134167193482102,11839.35075115210500560700013
1691668799999,2023-08-10 11:59,11497.12945375652618812901997,7061.895966902964225478884063,11839.35075115210500560700013
1691683199999,2023-08-10 15:59,11497.12945375652618812901997,7052.798310061111974593793767,11839.35075115210500560700013
1691697599999,2023-08-10 19:59,11497.12945375652618812901997,7047.657092777160742049417562,11839.35075115210500560700013
1691711999999,2023-08-10 23:59,11497.12945375652618812901997,7050.344982446563551242776258,11839.35075115210500560700013
1691726399999,2023-08-11 03:59,11497.12945375652618812901997,7039.873462140564183281116157,11839.35075115210500560700013
1691740799999,2023-08-11 07:59,11497.12945375652618812901997,7041.137225048351078431689079,11839.35075115210500560700013
1691755199999,2023-08-11 11:59,11497.12945375652618812901997,7048.001755388375349817755632,11839.35075115210500560700013
1691769599999,2023-08-11 15:59,11497.12945375652618812901997,7036.017549177600758872834003,11839.35075115210500560700013
1691783999999,2023-08-11 19:59,11497.12945375652618812901997,7036.225782838542917732871587,11839.35075115210500560700013
1691798399999,2023-08-11 23:59,11497.12945375652618812901997,7043.231529109550952024021099,11839.35075115210500560700013
1691812799999,2023-08-12 03:59,11497.12945375652618812901997,7037.496726217396783878618219,11839.35075115210500560700013
1691827199999,2023-08-12 07:59,11497.12945375652618812901997,7042.144884488082674754399685,11839.35075115210500560700013
1691841599999,2023-08-12 11:59,11497.12945375652618812901997,7044.145842425411925409473478,11839.35075115210500560700013
1691855999999,2023-08-12 15:59,11497.12945375652618812901997,7046.290409784080595968021467,11839.35075115210500560700013
1691870399999,2023-08-12 19:59,11497.12945375652618812901997,7040.869154128517494611870580,11839.35075115210500560700013
1691884799999,2023-08-12 23:59,11497.12945375652618812901997,7044.222434116792949357993049,11839.35075115210500560700013
1691899199999,2023-08-13 03:59,11497.12945375652618812901997,7041.443591813875174225767363,11839.35075115210500560700013
1691913599999,2023-08-13 07:59,11497.12945375652618812901997,7036.130043224316637797222123,11839.35075115210500560700013
1691927999999,2023-08-13 11:59,11497.12945375652618812901997,7033.023292742673853885397024,11839.35075115210500560700013
1691942399999,2023-08-13 15:59,11497.12945375652618812901997,7030.826068596180729362241830,11839.35075115210500560700013
1691956799999,2023-08-13 19:59,11497.12945375652618812901997,7047.271740829899965308428471,11839.35075115210500560700013
1691971199999,2023-08-13 23:59,11497.12945375652618812901997,7013.985470453778088681501151,11839.35075115210500560700013
1691985599999,2023-08-14 03:59,11497.12945375652618812901997,7036.979732300574872226111114,11839.35075115210500560700013
1691999999999,2023-08-14 07:59,11497.12945375652618812901997,7042.269345986576838670743988,11839.35075115210500560700013
1692014399999,2023-08-14 11:59,11497.12945375652618812901997,7039.392370579077126604477602,11839.35075115210500560700013
1692028799999,2023-08-14 15:59,11497.12945375652618812901997,7084.868687336560096037972897,11839.35075115210500560700013
1692043199999,2023-08-14 19:59,11497.12945375652618812901997,7027.556560770353269559812642,11839.35075115210500560700013
1692057599999,2023-08-14 23:59,11497.12945375652618812901997,7044.404339383822881235727030,11839.35075115210500560700013
1692071999999,2023-08-15 03:59,11497.12945375652618812901997,7037.482365275262841888270799,11839.35075115210500560700013
1692086399999,2023-08-15 07:59,11497.12945375652618812901997,7039.117119188176571789485393,11839.35075115210500560700013
1692100799999,2023-08-15 11:59,11497.12945375652618812901997,7028.863406504541990681427822,11839.35075115210500560700013
1692115199999,2023-08-15 15:59,11497.12945375652618812901997,7020.883509658781558045045016,11839.35075115210500560700013
1692129599999,2023-08-15 19:59,11497.12945375652618812901997,6984.758559720850481326111096,11839.35075115210500560700013
1692143999999,2023-08-15 23:59,11497.12945375652618812901997,6989.131466600635817386900354,11839.35075115210500560700013
1692158399999,2023-08-16 03:59,11497.12945375652618812901997,6995.955307604613919800315885,11839.35075115210500560700013
1692172799999,2023-08-16 07:59,11497.12945375652618812901997,6988.573783347767736761742228,11839.35075115210500560700013
1692187199999,2023-08-16 11:59,11497.12945375652618812901997,6980.675265174099642070661466,11839.35075115210500560700013
1692201599999,2023-08-16 15:59,11497.12945375652618812901997,6966.764299227021167420794379,11839.35075115210500560700013
1692215999999,2023-08-16 19:59,11497.12945375652618812901997,6967.996946760184521592281225,11839.35075115210500560700013
1692230399999,2023-08-16 23:59,11497.12945375652618812901997,6876.759487892895399916733480,11839.35075115210500560700013
1692244799999,2023-08-17 03:59,11497.12945375652618812901997,6859.239138489486171692881608,11839.35075115210500560700013
1692259199999,2023-08-17 07:59,11497.12945375652618812901997,6850.785330553305653375033957,11839.35075115210500560700013
1692273599999,2023-08-17 11:59,11497.12945375652618812901997,6832.384176699014649743207018,11839.35075115210500560700013
1692287999999,2023-08-17 15:59,11497.12945375652618812901997,6686.120374555171135053129966,11839.35075115210500560700013
1692302399999,2023-08-17 19:59,11497.12945375652618812901997,6676.544019642187484489792352,11839.35075115210500560700013
1692316799999,2023-08-17 23:59,11497.12945375652618812901997,6372.427135052409268899270658,11839.35075115210500560700013
1692331199999,2023-08-18 03:59,11497.12945375652618812901997,6318.475468945544868162406582,11839.35075115210500560700013
1692345599999,2023-08-18 07:59,11497.12945375652618812901997,6326.132244593291606015972447,11839.35075115210500560700013
1692359999999,2023-08-18 11:59,11497.12945375652618812901997,6341.452976359852052718277889,11839.35075115210500560700013
1692374399999,2023-08-18 15:59,11497.12945375652618812901997,6223.693250861527731869437440,11839.35075115210500560700013
1692388799999,2023-08-18 19:59,11497.12945375652618812901997,6238.774633592522478732619222,11839.35075115210500560700013
1692403199999,2023-08-18 23:59,11497.12945375652618812901997,6236.139400710944123503867732,11839.35075115210500560700013
1692417599999,2023-08-19 03:59,11497.12945375652618812901997,6215.438102624866744418062426,11839.35075115210500560700013
1692431999999,2023-08-19 07:59,11497.12945375652618812901997,6203.585538383653288384658810,11839.35075115210500560700013
1692446399999,2023-08-19 11:59,11497.12945375652618812901997,6199.298797156671604265954069,11839.35075115210500560700013
1692460799999,2023-08-19 15:59,11497.12945375652618812901997,6274.916337962943154440291799,11839.35075115210500560700013
1692475199999,2023-08-19 19:59,11497.12945375652618812901997,6253.281578638159545981904221,11839.35075115210500560700013
1692489599999,2023-08-19 23:59,11497.12945375652618812901997,6247.151849837321973101947303,11839.35075115210500560700013
1692503999999,2023-08-20 03:59,11497.12945375652618812901997,6248.403645293330583260564042,11839.35075115210500560700013
1692518399999,2023-08-20 07:59,11497.12945375652618812901997,6244.382581495826825963286563,11839.35075115210500560700013
1692532799999,2023-08-20 11:59,11497.12945375652618812901997,6265.507527374855493764340746,11839.35075115210500560700013
1692547199999,2023-08-20 15:59,11497.12945375652618812901997,6248.784210259880046004770660,11839.35075115210500560700013
1692561599999,2023-08-20 19:59,11497.12945375652618812901997,6256.065207921788635110912381,11839.35075115210500560700013
1692575999999,2023-08-20 23:59,11497.12945375652618812901997,6268.688476057523644626294180,11839.35075115210500560700013
1692590399999,2023-08-21 03:59,11497.12945375652618812901997,6244.913936354782679606141087,11839.35075115210500560700013
1692604799999,2023-08-21 07:59,11497.12945375652618812901997,6228.800959280499766436336333,11839.35075115210500560700013
1692619199999,2023-08-21 11:59,11497.12945375652618812901997,6230.777982314272447107497760,11839.35075115210500560700013
1692633599999,2023-08-21 15:59,11497.12945375652618812901997,6208.755477551872404909729854,11839.35075115210500560700013
1692647999999,2023-08-21 19:59,11497.12945375652618812901997,6246.608527526587834467136596,11839.35075115210500560700013
1692662399999,2023-08-21 23:59,11497.12945375652618812901997,6253.592732384394955772764979,11839.35075115210500560700013
1692676799999,2023-08-22 03:59,11497.12945375652618812901997,6236.615705291719866183723814,11839.35075115210500560700013
1692691199999,2023-08-22 07:59,11497.12945375652618812901997,6248.750701394900848027293348,11839.35075115210500560700013
1692705599999,2023-08-22 11:59,11497.12945375652618812901997,6235.095838915877672205288576,11839.35075115210500560700013
1692719999999,2023-08-22 15:59,11497.12945375652618812901997,6208.042217425886619389141349,11839.35075115210500560700013
1692734399999,2023-08-22 19:59,11497.12945375652618812901997,6170.555371475586710585593806,11839.35075115210500560700013
1692748799999,2023-08-22 23:59,11497.12945375652618812901997,6236.618098782075523182115050,11839.35075115210500560700013
1692763199999,2023-08-23 03:59,11497.12945375652618812901997,6224.727238695171555174451649,11839.35075115210500560700013
1692777599999,2023-08-23 07:59,11497.12945375652618812901997,6236.888563192264764000324786,11839.35075115210500560700013
1692791999999,2023-08-23 11:59,11497.12945375652618812901997,6208.731542648315834925817488,11839.35075115210500560700013
1692806399999,2023-08-23 15:59,11497.12945375652618812901997,6257.680813911857109024997082,11839.35075115210500560700013
1692820799999,2023-08-23 19:59,11497.12945375652618812901997,6374.483143267918630517342892,11839.35075115210500560700013
1692835199999,2023-08-23 23:59,11497.12945375652618812901997,6326.785667460385966576780038,11839.35075115210500560700013
1692849599999,2023-08-24 03:59,11497.12945375652618812901997,6329.009220000791318082238834,11839.35075115210500560700013
1692863999999,2023-08-24 07:59,11497.12945375652618812901997,6337.474995388750121392042669,11839.35075115210500560700013
1692878399999,2023-08-24 11:59,11497.12945375652618812901997,6329.490311562278374758877389,11839.35075115210500560700013
1692892799999,2023-08-24 15:59,11497.12945375652618812901997,6222.338535320225870779997528,11839.35075115210500560700013
1692907199999,2023-08-24 19:59,11497.12945375652618812901997,6232.654478753107533846227250,11839.35075115210500560700013
1692921599999,2023-08-24 23:59,11497.12945375652618812901997,6266.309346644000588225405005,11839.35075115210500560700013
1692935999999,2023-08-25 03:59,11497.12945375652618812901997,6248.585550560360515138298023,11839.35075115210500560700013
1692950399999,2023-08-25 07:59,11497.12945375652618812901997,6218.547246596865185328278762,11839.35075115210500560700013
1692964799999,2023-08-25 11:59,11497.12945375652618812901997,6246.287799818929796682710892,11839.35075115210500560700013
1692979199999,2023-08-25 15:59,11497.12945375652618812901997,6206.941211862284400129172516,11839.35075115210500560700013
1692993599999,2023-08-25 19:59,11497.12945375652618812901997,6216.598945447360388637812174,11839.35075115210500560700013
1693007999999,2023-08-25 23:59,11497.12945375652618812901997,6237.577888414693979537000925,11839.35075115210500560700013
1693022399999,2023-08-26 03:59,11497.12945375652618812901997,6244.073821239947073170817042,11839.35075115210500560700013
1693036799999,2023-08-26 07:59,11497.12945375652618812901997,6235.375877287489541017063258,11839.35075115210500560700013
1693051199999,2023-08-26 11:59,11497.12945375652618812901997,6234.193493051794983811792380,11839.35075115210500560700013
1693065599999,2023-08-26 15:59,11497.12945375652618812901997,6236.139400710944123503867732,11839.35075115210500560700013
1693079999999,2023-08-26 19:59,11497.12945375652618812901997,6231.402683297098923687610511,11839.35075115210500560700013
1693094399999,2023-08-26 23:59,11497.12945375652618812901997,6227.372045538172538396768086,11839.35075115210500560700013
1693108799999,2023-08-27 03:59,11497.12945375652618812901997,6228.470657611419100658345683,11839.35075115210500560700013
1693123199999,2023-08-27 07:59,11497.12945375652618812901997,6233.652564231416502175372910,11839.35075115210500560700013
1693137599999,2023-08-27 11:59,11497.12945375652618812901997,6237.680808499987230467824098,11839.35075115210500560700013
1693151999999,2023-08-27 15:59,11497.12945375652618812901997,6252.451037484746567540145123,11839.35075115210500560700013
1693166399999,2023-08-27 19:59,11497.12945375652618812901997,6253.250463263536005002818146,11839.35075115210500560700013
1693180799999,2023-08-27 23:59,11497.12945375652618812901997,6247.573104139917604818804943,11839.35075115210500560700013
1693195199999,2023-08-28 03:59,11497.12945375652618812901997,6226.321303272039116103015221,11839.35075115210500560700013
1693209599999,2023-08-28 07:59,11497.12945375652618812901997,6207.446238327328026789723437,11839.35075115210500560700013
1693223999999,2023-08-28 11:59,11497.12945375652618812901997,6223.451508335606375031922544,11839.35075115210500560700013
1693238399999,2023-08-28 15:59,11497.12945375652618812901997,6248.147541825275284432701726,11839.35075115210500560700013
1693252799999,2023-08-28 19:59,11497.12945375652618812901997,6222.319387397380614792867635,11839.35075115210500560700013
1693267199999,2023-08-28 23:59,11497.12945375652618812901997,6251.936437058280312886029255,11839.35075115210500560700013
1693281599999,2023-08-29 03:59,11497.12945375652618812901997,6243.125999059106901807887351,11839.35075115210500560700013
1693295999999,2023-08-29 07:59,11497.12945375652618812901997,6224.219818739772271515509491,11839.35075115210500560700013
1693310399999,2023-08-29 11:59,11497.12945375652618812901997,6217.362468870814971124616648,11839.35075115210500560700013
1693324799999,2023-08-29 15:59,11497.12945375652618812901997,6563.913543976036111193371926,11839.35075115210500560700013
1693339199999,2023-08-29 19:59,11497.12945375652618812901997,6661.541622092929418573521378,11839.35075115210500560700013
1693353599999,2023-08-29 23:59,11497.12945375652618812901997,6634.018876493229594072691778,11839.35075115210500560700013
1693367999999,2023-08-30 03:59,11497.12945375652618812901997,6556.180176636908349391286489,11839.35075115210500560700013
1693382399999,2023-08-30 07:59,11497.12945375652618812901997,6566.979605121632726132546003,11839.35075115210500560700013
1693396799999,2023-08-30 11:59,11497.12945375652618812901997,6543.585630385441223856599529,11839.35075115210500560700013
1693411199999,2023-08-30 15:59,11497.12945375652618812901997,6510.823534397208229877353024,11839.35075115210500560700013
1693425599999,2023-08-30 19:59,11497.12945375652618812901997,6505.234734416749138633815575,11839.35075115210500560700013
1693439999999,2023-08-30 23:59,11497.12945375652618812901997,6534.365905535450466053556167,11839.35075115210500560700013
1693454399999,2023-08-31 03:59,11497.12945375652618812901997,6514.566953313455775361247057,11839.35075115210500560700013
1693468799999,2023-08-31 07:59,11497.12945375652618812901997,6525.040867109810800321298395,11839.35075115210500560700013
1693483199999,2023-08-31 11:59,11497.12945375652618812901997,6535.316121206646294414877095,11839.35075115210500560700013
1693497599999,2023-08-31 15:59,11497.12945375652618812901997,6443.896757072327240861595369,11839.35075115210500560700013
1693511999999,2023-08-31 19:59,11497.12945375652618812901997,6262.178182290136609002130643,11839.35075115210500560700013
1693526399999,2023-08-31 23:59,11497.12945375652618812901997,6209.040302904195587718287009,11839.35075115210500560700013
1693540799999,2023-09-01 03:59,11497.12945375652618812901997,6242.604218161573676158597773,11839.35075115210500560700013
1693555199999,2023-09-01 07:59,11497.12945375652618812901997,6221.041263547459777651947294,11839.35075115210500560700013
1693569599999,2023-09-01 11:59,11497.12945375652618812901997,6234.581238489411417551172709,11839.35075115210500560700013
1693583999999,2023-09-01 15:59,11497.12945375652618812901997,6177.977585068479062596818486,11839.35075115210500560700013
1693598399999,2023-09-01 19:59,11497.12945375652618812901997,6138.403615528046251196112633,11839.35075115210500560700013
1693612799999,2023-09-01 23:59,11497.12945375652618812901997,6176.553458306863148554032712,11839.35075115210500560700013
1693627199999,2023-09-02 03:59,11497.12945375652618812901997,6174.885195528970220675340806,11839.35075115210500560700013
1693641599999,2023-09-02 07:59,11497.12945375652618812901997,6174.260494546143744095228055,11839.35075115210500560700013
1693655999999,2023-09-02 11:59,11497.12945375652618812901997,6178.585531618815940188192581,11839.35075115210500560700013
1693670399999,2023-09-02 15:59,11497.12945375652618812901997,6198.025460287462081121816201,11839.35075115210500560700013
1693684799999,2023-09-02 19:59,11497.12945375652618812901997,6183.336609974795081994797221,11839.35075115210500560700013
1693699199999,2023-09-02 23:59,11497.12945375652618812901997,6191.981897139428160183943800,11839.35075115210500560700013
1693713599999,2023-09-03 03:59,11497.12945375652618812901997,6190.641542540260241084851307,11839.35075115210500560700013
1693727999999,2023-09-03 07:59,11497.12945375652618812901997,6212.735852013329993234356311,11839.35075115210500560700013
1693742399999,2023-09-03 11:59,11497.12945375652618812901997,6209.662610396666407300008523,11839.35075115210500560700013
1693756799999,2023-09-03 15:59,11497.12945375652618812901997,6192.936899791335302542047201,11839.35075115210500560700013
1693771199999,2023-09-03 19:59,11497.12945375652618812901997,6225.885688027309542395810161,11839.35075115210500560700013
1693785599999,2023-09-03 23:59,11497.12945375652618812901997,6216.323694056459833822819966,11839.35075115210500560700013
1693799999999,2023-09-04 03:59,11497.12945375652618812901997,6220.237050787959026192491798,11839.35075115210500560700013
1693814399999,2023-09-04 07:59,11497.12945375652618812901997,6214.827762584174209828297094,11839.35075115210500560700013
1693828799999,2023-09-04 11:59,11497.12945375652618812901997,6197.482137976727942487005494,11839.35075115210500560700013
1693843199999,2023-09-04 15:59,11497.12945375652618812901997,6178.750682453356273077187906,11839.35075115210500560700013
1693857599999,2023-09-04 19:59,11497.12945375652618812901997,6197.647288811268275376000819,11839.35075115210500560700013
1693871999999,2023-09-04 23:59,11497.12945375652618812901997,6181.572607582675874180455851,11839.35075115210500560700013
1693886399999,2023-09-05 03:59,11497.12945375652618812901997,6149.602756902165346668708658,11839.35075115210500560700013
1693900799999,2023-09-05 07:59,11497.12945375652618812901997,6159.921093825402666733329617,11839.35075115210500560700013
1693915199999,2023-09-05 11:59,11497.12945375652618812901997,6171.438569416824142991960110,11839.35075115210500560700013
1693929599999,2023-09-05 15:59,11497.12945375652618812901997,6165.619994362221979902863949,11839.35075115210500560700013
1693943999999,2023-09-05 19:59,11497.12945375652618812901997,6147.563503119145584039375080,11839.35075115210500560700013
1693958399999,2023-09-05 23:59,11497.12945375652618812901997,6173.453888296287335637381322,11839.35075115210500560700013
1693972799999,2023-09-06 03:59,11497.12945375652618812901997,6171.242303207660269123878709,11839.35075115210500560700013
1693987199999,2023-09-06 07:59,11497.12945375652618812901997,6158.334209719602076799939755,11839.35075115210500560700013
1694001599999,2023-09-06 11:59,11497.12945375652618812901997,6159.377771514668528098518910,11839.35075115210500560700013
1694015999999,2023-09-06 15:59,11497.12945375652618812901997,6124.607537118039312469024902,11839.35075115210500560700013
1694030399999,2023-09-06 19:59,11497.12945375652618812901997,6148.906251208669160136858809,11839.35075115210500560700013
1694044799999,2023-09-06 23:59,11497.12945375652618812901997,6165.758816802850085809555671,11839.35075115210500560700013
1694059199999,2023-09-07 03:59,11497.12945375652618812901997,6184.411287144485074272462452,11839.35075115210500560700013
1694073599999,2023-09-07 07:59,11497.12945375652618812901997,6166.462502967413243336579230,11839.35075115210500560700013
1694087999999,2023-09-07 11:59,11497.12945375652618812901997,6153.468243826551399070555758,11839.35075115210500560700013
1694102399999,2023-09-07 15:59,11497.12945375652618812901997,6170.402188092824662688554664,11839.35075115210500560700013
1694116799999,2023-09-07 19:59,11497.12945375652618812901997,6194.495062012868008494742224,11839.35075115210500560700013
1694131199999,2023-09-07 23:59,11497.12945375652618812901997,6284.248556859649791167723281,11839.35075115210500560700013
1694145599999,2023-09-08 03:59,11497.12945375652618812901997,6283.721988981405251521651230,11839.35075115210500560700013
1694159999999,2023-09-08 07:59,11497.12945375652618812901997,6284.540562683039944971454145,11839.35075115210500560700013
1694174399999,2023-09-08 11:59,11497.12945375652618812901997,6184.801426072457165010234017,11839.35075115210500560700013
1694188799999,2023-09-08 15:59,11497.12945375652618812901997,6186.029286624909205184938390,11839.35075115210500560700013
1694203199999,2023-09-08 19:59,11497.12945375652618812901997,6198.231300458048582983462548,11839.35075115210500560700013
1694217599999,2023-09-08 23:59,11497.12945375652618812901997,6201.792814107266196589622601,11839.35075115210500560700013
1694231999999,2023-09-09 03:59,11497.12945375652618812901997,6193.295923344683852300732690,11839.35075115210500560700013
1694246399999,2023-09-09 07:59,11497.12945375652618812901997,6195.964665091241405506961493,11839.35075115210500560700013
1694260799999,2023-09-09 11:59,11497.12945375652618812901997,6190.430915388962425226422487,11839.35075115210500560700013
1694275199999,2023-09-09 15:59,11497.12945375652618812901997,6197.865096433633062229603349,11839.35075115210500560700013
1694289599999,2023-09-09 19:59,11497.12945375652618812901997,6191.723400181017204357690248,11839.35075115210500560700013
1694303999999,2023-09-09 23:59,11497.12945375652618812901997,6199.665001181087125019813268,11839.35075115210500560700013
1694318399999,2023-09-10 03:59,11497.12945375652618812901997,6190.038382970634677490259685,11839.35075115210500560700013
1694332799999,2023-09-10 07:59,11497.12945375652618812901997,6187.850732785564180960669438,11839.35075115210500560700013
1694347199999,2023-09-10 11:59,11497.12945375652618812901997,6174.226985681164546117750742,11839.35075115210500560700013
1694361599999,2023-09-10 15:59,11497.12945375652618812901997,6169.363413278469525386757982,11839.35075115210500560700013
1694375999999,2023-09-10 19:59,11497.12945375652618812901997,6175.344745677256364366458232,11839.35075115210500560700013
1694390399999,2023-09-10 23:59,11497.12945375652618812901997,6185.304059047145134672393701,11839.35075115210500560700013
1694404799999,2023-09-11 03:59,11497.12945375652618812901997,6161.077149667184996956296892,11839.35075115210500560700013
1694419199999,2023-09-11 07:59,11497.12945375652618812901997,6178.611860012728167170496183,11839.35075115210500560700013
1694433599999,2023-09-11 11:59,11497.12945375652618812901997,6127.778911839284835337413390,11839.35075115210500560700013
1694447999999,2023-09-11 15:59,11497.12945375652618812901997,6011.622824879250703410701460,11839.35075115210500560700013
1694462399999,2023-09-11 19:59,11497.12945375652618812901997,5988.810468299483851743825478,11839.35075115210500560700013
1694476799999,2023-09-11 23:59,11497.12945375652618812901997,6022.764522484834030921907807,11839.35075115210500560700013
1694491199999,2023-09-12 03:59,11497.12945375652618812901997,6174.858867135057993693037203,11839.35075115210500560700013
1694505599999,2023-09-12 07:59,11497.12945375652618812901997,6180.780362274953407712956538,11839.35075115210500560700013
1694519999999,2023-09-12 11:59,11497.12945375652618812901997,6246.907713821044959266041170,11839.35075115210500560700013
1694534399999,2023-09-12 15:59,11497.12945375652618812901997,6272.513273645863528055490258,11839.35075115210500560700013
1694548799999,2023-09-12 19:59,11497.12945375652618812901997,6239.090574319469202520262453,11839.35075115210500560700013
1694563199999,2023-09-12 23:59,11497.12945375652618812901997,6184.942642003440927915316976,11839.35075115210500560700013
1694577599999,2023-09-13 03:59,11497.12945375652618812901997,6194.310763255482419618617007,11839.35075115210500560700013
1694591999999,2023-09-13 07:59,11497.12945375652618812901997,6194.471127109311438510829858,11839.35075115210500560700013
1694606399999,2023-09-13 11:59,11497.12945375652618812901997,6270.703794936986837271715392,11839.35075115210500560700013
1694620799999,2023-09-13 15:59,11497.12945375652618812901997,6280.971868562755360370120383,11839.35075115210500560700013
1694635199999,2023-09-13 19:59,11497.12945375652618812901997,6256.725811259949966666893681,11839.35075115210500560700013
1694649599999,2023-09-13 23:59,11497.12945375652618812901997,6276.350038685981696476642519,11839.35075115210500560700013
1694663999999,2023-09-14 03:59,11497.12945375652618812901997,6286.804804559491465449563963,11839.35075115210500560700013
1694678399999,2023-09-14 07:59,11497.12945375652618812901997,6305.658328091001641777334618,11839.35075115210500560700013
1694692799999,2023-09-14 11:59,11497.12945375652618812901997,6330.000125008033315416210784,11839.35075115210500560700013
1694707199999,2023-09-14 15:59,11497.12945375652618812901997,6389.315603001925049547836068,11839.35075115210500560700013
1694721599999,2023-09-14 19:59,11497.12945375652618812901997,6385.526707768920021094508539,11839.35075115210500560700013
1694735999999,2023-09-14 23:59,11497.12945375652618812901997,6348.329474151654609096300625,11839.35075115210500560700013
1694750399999,2023-09-15 03:59,11497.12945375652618812901997,6370.507555787172356189498909,11839.35075115210500560700013
1694764799999,2023-09-15 07:59,11497.12945375652618812901997,6358.611908719557074185053034,11839.35075115210500560700013
1694779199999,2023-09-15 11:59,11497.12945375652618812901997,6324.976188751509275793005172,11839.35075115210500560700013
1694793599999,2023-09-15 15:59,11497.12945375652618812901997,6300.095856504454777516100773,11839.35075115210500560700013
1694807999999,2023-09-15 19:59,11497.12945375652618812901997,6318.327072543494134262149913,11839.35075115210500560700013
1694822399999,2023-09-15 23:59,11497.12945375652618812901997,6366.823974129816235665385790,11839.35075115210500560700013
1694836799999,2023-09-16 03:59,11497.12945375652618812901997,6370.756478784160684022187515,11839.35075115210500560700013
1694851199999,2023-09-16 07:59,11497.12945375652618812901997,6341.572650877634902637839718,11839.35075115210500560700013
1694865599999,2023-09-16 11:59,11497.12945375652618812901997,6348.654988840023960877508801,11839.35075115210500560700013
1694879999999,2023-09-16 15:59,11497.12945375652618812901997,6344.593235706474034607580301,11839.35075115210500560700013
1694894399999,2023-09-16 19:59,11497.12945375652618812901997,6350.739718939801206476275875,11839.35075115210500560700013
1694908799999,2023-09-16 23:59,11497.12945375652618812901997,6357.171027525451561153528605,11839.35075115210500560700013
1694923199999,2023-09-17 03:59,11497.12945375652618812901997,6349.890029863542972047386884,11839.35075115210500560700013
1694937599999,2023-09-17 07:59,11497.12945375652618812901997,6341.914919998493853407786551,11839.35075115210500560700013
1694951999999,2023-09-17 11:59,11497.12945375652618812901997,6358.846470774411460027394221,11839.35075115210500560700013
1694966399999,2023-09-17 15:59,11497.12945375652618812901997,6354.851735370819929712420344,11839.35075115210500560700013
1694980799999,2023-09-17 19:59,11497.12945375652618812901997,6344.121718106409605924506691,11839.35075115210500560700013
1694995199999,2023-09-17 23:59,11497.12945375652618812901997,6349.473562541658654327311717,11839.35075115210500560700013
1695009599999,2023-09-18 03:59,11497.12945375652618812901997,6380.864188556100188228379653,11839.35075115210500560700013
1695023999999,2023-09-18 07:59,11497.12945375652618812901997,6393.312731895872236861201181,11839.35075115210500560700013
1695038399999,2023-09-18 11:59,11497.12945375652618812901997,6509.710561381827725625428007,11839.35075115210500560700013
1695052799999,2023-09-18 15:59,11497.12945375652618812901997,6527.049005518207021971545898,11839.35075115210500560700013
1695067199999,2023-09-18 19:59,11497.12945375652618812901997,6418.233753478972904110756603,11839.35075115210500560700013
1695081599999,2023-09-18 23:59,11497.12945375652618812901997,6405.720585899598116521371687,11839.35075115210500560700013
1695095999999,2023-09-19 03:59,11497.12945375652618812901997,6419.102590478076394526775487,11839.35075115210500560700013
1695110399999,2023-09-19 07:59,11497.12945375652618812901997,6425.993449212012892895145642,11839.35075115210500560700013
1695124799999,2023-09-19 11:59,11497.12945375652618812901997,6519.423345245083825097066108,11839.35075115210500560700013
1695139199999,2023-09-19 15:59,11497.12945375652618812901997,6563.626325133357271386423534,11839.35075115210500560700013
1695153599999,2023-09-19 19:59,11497.12945375652618812901997,6506.948473511399549481940977,11839.35075115210500560700013
1695167999999,2023-09-19 23:59,11497.12945375652618812901997,6512.889116574140219488990205,11839.35075115210500560700013
1695182399999,2023-09-20 03:59,11497.12945375652618812901997,6491.161011125485988093344400,11839.35075115210500560700013
1695196799999,2023-09-20 07:59,11497.12945375652618812901997,6487.843633492545388323090480,11839.35075115210500560700013
1695211199999,2023-09-20 11:59,11497.12945375652618812901997,6486.038941764380011536098088,11839.35075115210500560700013
1695225599999,2023-09-20 15:59,11497.12945375652618812901997,6505.797204650328533255756175,11839.35075115210500560700013
1695239999999,2023-09-20 19:59,11497.12945375652618812901997,6445.955158778192259478058840,11839.35075115210500560700013
1695254399999,2023-09-20 23:59,11497.12945375652618812901997,6492.482217801808651205307000,11839.35075115210500560700013
1695268799999,2023-09-21 03:59,11497.12945375652618812901997,6470.940804600895665684177650,11839.35075115210500560700013
1695283199999,2023-09-21 07:59,11497.12945375652618812901997,6460.196426394351399905916577,11839.35075115210500560700013
1695297599999,2023-09-21 11:59,11497.12945375652618812901997,6398.126041001098460625977973,11839.35075115210500560700013
1695311999999,2023-09-21 15:59,11497.12945375652618812901997,6362.999176541476352236189712,11839.35075115210500560700013
1695326399999,2023-09-21 19:59,11497.12945375652618812901997,6366.812006678037950673429607,11839.35075115210500560700013
1695340799999,2023-09-21 23:59,11497.12945375652618812901997,6359.183952914559096800558580,11839.35075115210500560700013
1695355199999,2023-09-22 03:59,11497.12945375652618812901997,6373.470696847475720197849813,11839.35075115210500560700013
1695369599999,2023-09-22 07:59,11497.12945375652618812901997,6384.727281990130583631835517,11839.35075115210500560700013
1695383999999,2023-09-22 11:59,11497.12945375652618812901997,6376.460166301691311188504319,11839.35075115210500560700013
1695398399999,2023-09-22 15:59,11497.12945375652618812901997,6374.246187722708587676610470,11839.35075115210500560700013
1695412799999,2023-09-22 19:59,11497.12945375652618812901997,6352.486966899430815301878589,11839.35075115210500560700013
1695427199999,2023-09-22 23:59,11497.12945375652618812901997,6362.070502283481436860389913,11839.35075115210500560700013
1695441599999,2023-09-23 03:59,11497.12945375652618812901997,6350.596109518461786572801679,11839.35075115210500560700013
1695455999999,2023-09-23 07:59,11497.12945375652618812901997,6363.307936797356105028659233,11839.35075115210500560700013
1695470399999,2023-09-23 11:59,11497.12945375652618812901997,6360.890511538142536653510272,11839.35075115210500560700013
1695484799999,2023-09-23 15:59,11497.12945375652618812901997,6362.407984423629073633554273,11839.35075115210500560700013
1695499199999,2023-09-23 19:59,11497.12945375652618812901997,6369.239005898674147042143514,11839.35075115210500560700013
1695513599999,2023-09-23 23:59,11497.12945375652618812901997,6361.070023314816811532853017,11839.35075115210500560700013
1695527999999,2023-09-24 03:59,11497.12945375652618812901997,6359.866097665921341342061010,11839.35075115210500560700013
1695542399999,2023-09-24 07:59,11497.12945375652618812901997,6358.073373389534249547024801,11839.35075115210500560700013
1695556799999,2023-09-24 11:59,11497.12945375652618812901997,6366.036515802805083194668950,11839.35075115210500560700013
1695571199999,2023-09-24 15:59,11497.12945375652618812901997,6361.572656289504781195012702,11839.35075115210500560700013
1695585599999,2023-09-24 19:59,11497.12945375652618812901997,6330.722959095441728930364236,11839.35075115210500560700013
1695599999999,2023-09-24 23:59,11497.12945375652618812901997,6282.664066244204858232724655,11839.35075115210500560700013
1695614399999,2023-09-25 03:59,11497.12945375652618812901997,6260.900058440215771861210301,11839.35075115210500560700013
1695628799999,2023-09-25 07:59,11497.12945375652618812901997,6268.501783809782398751777726,11839.35075115210500560700013
1695643199999,2023-09-25 11:59,11497.12945375652618812901997,6241.263863562405757059505280,11839.35075115210500560700013
1695657599999,2023-09-25 15:59,11497.12945375652618812901997,6281.548699738468696982408402,11839.35075115210500560700013
1695671999999,2023-09-25 19:59,11497.12945375652618812901997,6302.637743262162509807594036,11839.35075115210500560700013
1695686399999,2023-09-25 23:59,11497.12945375652618812901997,6296.170532321177300154472758,11839.35075115210500560700013
1695700799999,2023-09-26 03:59,11497.12945375652618812901997,6307.912996006030534261879490,11839.35075115210500560700013
1695715199999,2023-09-26 07:59,11497.12945375652618812901997,6288.319883954622345431216728,11839.35075115210500560700013
1695729599999,2023-09-26 11:59,11497.12945375652618812901997,6288.755499199351919138421788,11839.35075115210500560700013
1695743999999,2023-09-26 15:59,11497.12945375652618812901997,6253.530501635147873814592827,11839.35075115210500560700013
1695758399999,2023-09-26 19:59,11497.12945375652618812901997,6282.501308900020182342120567,11839.35075115210500560700013
1695772799999,2023-09-26 23:59,11497.12945375652618812901997,6276.271053504245015529731711,11839.35075115210500560700013
1695787199999,2023-09-27 03:59,11497.12945375652618812901997,6289.763158639083515461132394,11839.35075115210500560700013
1695801599999,2023-09-27 07:59,11497.12945375652618812901997,6282.175794211650830560912390,11839.35075115210500560700013
1695815999999,2023-09-27 11:59,11497.12945375652618812901997,6406.723458358618398847299820,11839.35075115210500560700013
1695830399999,2023-09-27 15:59,11497.12945375652618812901997,6296.077186197306677217214530,11839.35075115210500560700013
1695844799999,2023-09-27 19:59,11497.12945375652618812901997,6287.312224514890749108506122,11839.35075115210500560700013
1695859199999,2023-09-27 23:59,11497.12945375652618812901997,6312.489349566046715185923859,11839.35075115210500560700013
1695873599999,2023-09-28 03:59,11497.12945375652618812901997,6313.963739625131426194925601,11839.35075115210500560700013
1695887999999,2023-09-28 07:59,11497.12945375652618812901997,6333.312715660262601189682231,11839.35075115210500560700013
1695902399999,2023-09-28 11:59,11497.12945375652618812901997,6337.367288322745556464437022,11839.35075115210500560700013
1695916799999,2023-09-28 15:59,11497.12945375652618812901997,6467.350569067410168097322758,11839.35075115210500560700013
1695931199999,2023-09-28 19:59,11497.12945375652618812901997,6486.498491912666155227215514,11839.35075115210500560700013
1695945599999,2023-09-28 23:59,11497.12945375652618812901997,6467.683264226846490873704645,11839.35075115210500560700013
1695959999999,2023-09-29 03:59,11497.12945375652618812901997,6452.508535371981121073264636,11839.35075115210500560700013
1695974399999,2023-09-29 07:59,11497.12945375652618812901997,6505.641627777210828360325797,11839.35075115210500560700013
1695988799999,2023-09-29 11:59,11497.12945375652618812901997,6455.569809536866422015656240,11839.35075115210500560700013
1696003199999,2023-09-29 15:59,11497.12945375652618812901997,6435.892925323010238241300197,11839.35075115210500560700013
1696017599999,2023-09-29 19:59,11497.12945375652618812901997,6444.976221222728547136043073,11839.35075115210500560700013
1696031999999,2023-09-29 23:59,11497.12945375652618812901997,6440.294554087063458282784294,11839.35075115210500560700013
1696046399999,2023-09-30 03:59,11497.12945375652618812901997,6442.290725043681394941075614,11839.35075115210500560700013
1696060799999,2023-09-30 07:59,11497.12945375652618812901997,6446.228016678737157294659812,11839.35075115210500560700013
1696075199999,2023-09-30 11:59,11497.12945375652618812901997,6447.250037060602695607717838,11839.35075115210500560700013
1696089599999,2023-09-30 15:59,11497.12945375652618812901997,6461.675603434147424911700793,11839.35075115210500560700013
1696103999999,2023-09-30 19:59,11497.12945375652618812901997,6467.518113392306157984709320,11839.35075115210500560700013
1696118399999,2023-09-30 23:59,11497.12945375652618812901997,6453.602360464516369338059759,11839.35075115210500560700013
1696132799999,2023-10-01 03:59,11497.12945375652618812901997,6473.276851188016896114024566,11839.35075115210500560700013
1696147199999,2023-10-01 07:59,11497.12945375652618812901997,6488.401316745413468948248607,11839.35075115210500560700013
1696161599999,2023-10-01 11:59,11497.12945375652618812901997,6507.491795822133688116751684,11839.35075115210500560700013
1696175999999,2023-10-01 15:59,11497.12945375652618812901997,6499.227073624050072671811723,11839.35075115210500560700013
1696190399999,2023-10-01 19:59,11497.12945375652618812901997,6487.221326000074568741368965,11839.35075115210500560700013
1696204799999,2023-10-01 23:59,11497.12945375652618812901997,6700.134260587542860633820227,11839.35075115210500560700013
1696219199999,2023-10-02 03:59,11497.12945375652618812901997,6732.199850882279668081216883,11839.35075115210500560700013
1696233599999,2023-10-02 07:59,11497.12945375652618812901997,6776.567981605093447259569635,11839.35075115210500560700013
1696247999999,2023-10-02 11:59,11497.12945375652618812901997,6749.313306925227206578558534,11839.35075115210500560700013
1696262399999,2023-10-02 15:59,11497.12945375652618812901997,6708.209897047529573205852497,11839.35075115210500560700013
1696276799999,2023-10-02 19:59,11497.12945375652618812901997,6693.533014186640859070789700,11839.35075115210500560700013
1696291199999,2023-10-02 23:59,11497.12945375652618812901997,6580.924079933690398759890403,11839.35075115210500560700013
1696305599999,2023-10-03 03:59,11497.12945375652618812901997,6606.544000700642909539686910,11839.35075115210500560700013
1696319999999,2023-10-03 07:59,11497.12945375652618812901997,6591.965250944336132338664813,11839.35075115210500560700013
1696334399999,2023-10-03 11:59,11497.12945375652618812901997,6596.596654782532424225707623,11839.35075115210500560700013
1696348799999,2023-10-03 15:59,11497.12945375652618812901997,6545.139005626262615812512079,11839.35075115210500560700013
1696363199999,2023-10-03 19:59,11497.12945375652618812901997,6528.384573136663627073855917,11839.35075115210500560700013
1696377599999,2023-10-03 23:59,11497.12945375652618812901997,6564.636378063444524707525377,11839.35075115210500560700013
1696391999999,2023-10-04 03:59,11497.12945375652618812901997,6565.586593734640353068846305,11839.35075115210500560700013
1696406399999,2023-10-04 07:59,11497.12945375652618812901997,6571.175393715099444312383753,11839.35075115210500560700013
1696420799999,2023-10-04 11:59,11497.12945375652618812901997,6599.574156784969730224405947,11839.35075115210500560700013
1696435199999,2023-10-04 15:59,11497.12945375652618812901997,6559.313255512463360285415191,11839.35075115210500560700013
1696449599999,2023-10-04 19:59,11497.12945375652618812901997,6610.505227239255241877183474,11839.35075115210500560700013
1696463999999,2023-10-04 23:59,11497.12945375652618812901997,6648.913566976483095061357105,11839.35075115210500560700013
1696478399999,2023-10-05 03:59,11497.12945375652618812901997,6618.554535305329727466912141,11839.35075115210500560700013
1696492799999,2023-10-05 07:59,11497.12945375652618812901997,6608.083014999330359505252040,11839.35075115210500560700013
1696507199999,2023-10-05 11:59,11497.12945375652618812901997,6636.254396485413230570106757,11839.35075115210500560700013
1696521599999,2023-10-05 15:59,11497.12945375652618812901997,6595.402303095059582028480563,11839.35075115210500560700013
1696535999999,2023-10-05 19:59,11497.12945375652618812901997,6575.364001837499191497047794,11839.35075115210500560700013
1696550399999,2023-10-05 23:59,11497.12945375652618812901997,6560.790039061903728292808170,11839.35075115210500560700013
1696564799999,2023-10-06 03:59,11497.12945375652618812901997,6596.407569044435521352799932,11839.35075115210500560700013
1696579199999,2023-10-06 07:59,11497.12945375652618812901997,6615.392734545506832592088600,11839.35075115210500560700013
1696593599999,2023-10-06 11:59,11497.12945375652618812901997,6644.468855386028049048830749,11839.35075115210500560700013
1696607999999,2023-10-06 15:59,11497.12945375652618812901997,6687.819752707687603910907949,11839.35075115210500560700013
1696622399999,2023-10-06 19:59,11497.12945375652618812901997,6690.510035867446070102657881,11839.35075115210500560700013
1696636799999,2023-10-06 23:59,11497.12945375652618812901997,6685.419081880963634524497644,11839.35075115210500560700013
1696651199999,2023-10-07 03:59,11497.12945375652618812901997,6678.075853469807963460183772,11839.35075115210500560700013
1696665599999,2023-10-07 07:59,11497.12945375652618812901997,6675.775709238021588006205405,11839.35075115210500560700013
1696679999999,2023-10-07 11:59,11497.12945375652618812901997,6688.059101743253303750031608,11839.35075115210500560700013
1696694399999,2023-10-07 15:59,11497.12945375652618812901997,6687.503811980740880123264718,11839.35075115210500560700013
1696708799999,2023-10-07 19:59,11497.12945375652618812901997,6669.715391657498068079594348,11839.35075115210500560700013
1696723199999,2023-10-07 23:59,11497.12945375652618812901997,6691.541630210734236409280853,11839.35075115210500560700013
1696737599999,2023-10-08 03:59,11497.12945375652618812901997,6717.439195858942959002460805,11839.35075115210500560700013
1696751999999,2023-10-08 07:59,11497.12945375652618812901997,6679.320468454749602623626802,11839.35075115210500560700013
1696766399999,2023-10-08 11:59,11497.12945375652618812901997,6656.826446092285131742785287,11839.35075115210500560700013
1696780799999,2023-10-08 15:59,11497.12945375652618812901997,6676.240046367019045694105304,11839.35075115210500560700013
1696795199999,2023-10-08 19:59,11497.12945375652618812901997,6676.778581697041870332133538,11839.35075115210500560700013
1696809599999,2023-10-08 23:59,11497.12945375652618812901997,6682.058621421621208783201466,11839.35075115210500560700013
1696823999999,2023-10-09 03:59,11497.12945375652618812901997,6683.178774908068684030300192,11839.35075115210500560700013
1696838399999,2023-10-09 07:59,11497.12945375652618812901997,6657.218978510612879478948088,11839.35075115210500560700013
1696852799999,2023-10-09 11:59,11497.12945375652618812901997,6574.799138113564139876715957,11839.35075115210500560700013
1696867199999,2023-10-09 15:59,11497.12945375652618812901997,6568.669409312726566996759039,11839.35075115210500560700013
1696881599999,2023-10-09 19:59,11497.12945375652618812901997,6610.160564628040634108845404,11839.35075115210500560700013
1696895999999,2023-10-09 23:59,11497.12945375652618812901997,6603.808241224126960378503482,11839.35075115210500560700013
1696910399999,2023-10-10 03:59,11497.12945375652618812901997,6613.908770524999493589521911,11839.35075115210500560700013
1696924799999,2023-10-10 07:59,11497.12945375652618812901997,6618.487517575371331511957516,11839.35075115210500560700013
1696939199999,2023-10-10 11:59,11497.12945375652618812901997,6584.361132084413848449706152,11839.35075115210500560700013
1696953599999,2023-10-10 15:59,11497.12945375652618812901997,6560.220388357257362675693860,11839.35075115210500560700013
1696967999999,2023-10-10 19:59,11497.12945375652618812901997,6557.656960186348717398679468,11839.35075115210500560700013
1696982399999,2023-10-10 23:59,11497.12945375652618812901997,6555.938434110986992553771593,11839.35075115210500560700013
1696996799999,2023-10-11 03:59,11497.12945375652618812901997,6466.405140376925653732784303,11839.35075115210500560700013
1697011199999,2023-10-11 07:59,11497.12945375652618812901997,6467.817299686763282783613894,11839.35075115210500560700013
1697025599999,2023-10-11 11:59,11497.12945375652618812901997,6509.538230076220421741258972,11839.35075115210500560700013
1697039999999,2023-10-11 15:59,11497.12945375652618812901997,6409.777552052436728794517715,11839.35075115210500560700013
1697054399999,2023-10-11 19:59,11497.12945375652618812901997,6405.885736734138449410367012,11839.35075115210500560700013
1697068799999,2023-10-11 23:59,11497.12945375652618812901997,6432.769420408877855340736441,11839.35075115210500560700013
1697083199999,2023-10-12 03:59,11497.12945375652618812901997,6425.959940347033694917668330,11839.35075115210500560700013
1697097599999,2023-10-12 07:59,11497.12945375652618812901997,6417.245241962086563775175889,11839.35075115210500560700013
1697111999999,2023-10-12 11:59,11497.12945375652618812901997,6423.750748748762285402556953,11839.35075115210500560700013
1697126399999,2023-10-12 15:59,11497.12945375652618812901997,6384.775151797243723599660249,11839.35075115210500560700013
1697140799999,2023-10-12 19:59,11497.12945375652618812901997,6393.846480245183747502446942,11839.35075115210500560700013
1697155199999,2023-10-12 23:59,11497.12945375652618812901997,6405.031260677168900984695548,11839.35075115210500560700013
1697169599999,2023-10-13 03:59,11497.12945375652618812901997,6410.311300401748239435763475,11839.35075115210500560700013
1697183999999,2023-10-13 07:59,11497.12945375652618812901997,6432.644958910383691424392138,11839.35075115210500560700013
1697198399999,2023-10-13 11:59,11497.12945375652618812901997,6419.700963066990644124584635,11839.35075115210500560700013
1697212799999,2023-10-13 15:59,11497.12945375652618812901997,6392.393631599299949478966329,11839.35075115210500560700013
1697227199999,2023-10-13 19:59,11497.12945375652618812901997,6409.564531410783255937697658,11839.35075115210500560700013
1697241599999,2023-10-13 23:59,11497.12945375652618812901997,6429.533421448029593515784565,11839.35075115210500560700013
1697255999999,2023-10-14 03:59,11497.12945375652618812901997,6445.995848114238428450709862,11839.35075115210500560700013
1697270399999,2023-10-14 07:59,11497.12945375652618812901997,6431.160994889876352421825450,11839.35075115210500560700013
1697284799999,2023-10-14 11:59,11497.12945375652618812901997,6432.010683966134586850714441,11839.35075115210500560700013
1697299199999,2023-10-14 15:59,11497.12945375652618812901997,6448.815379753202372555586570,11839.35075115210500560700013
1697313599999,2023-10-14 19:59,11497.12945375652618812901997,6430.081530739475046147377745,11839.35075115210500560700013
1697327999999,2023-10-14 23:59,11497.12945375652618812901997,6427.254818629444131047327327,11839.35075115210500560700013
1697342399999,2023-10-15 03:59,11497.12945375652618812901997,6433.951804644572412546007319,11839.35075115210500560700013
1697356799999,2023-10-15 07:59,11497.12945375652618812901997,6434.444863657837754214602057,11839.35075115210500560700013
1697371199999,2023-10-15 11:59,11497.12945375652618812901997,6427.252425139088474048936091,11839.35075115210500560700013
1697385599999,2023-10-15 15:59,11497.12945375652618812901997,6438.358220389336946584273889,11839.35075115210500560700013
1697399999999,2023-10-15 19:59,11497.12945375652618812901997,6473.035108662095539276509670,11839.35075115210500560700013
1697414399999,2023-10-15 23:59,11497.12945375652618812901997,6499.459242188548801515761673,11839.35075115210500560700013
1697428799999,2023-10-16 03:59,11497.12945375652618812901997,6519.030812826756077360903306,11839.35075115210500560700013
1697443199999,2023-10-16 07:59,11497.12945375652618812901997,6665.785280493509276721183860,11839.35075115210500560700013
1697457599999,2023-10-16 11:59,11497.12945375652618812901997,6641.979625416144770721944691,11839.35075115210500560700013
1697471999999,2023-10-16 15:59,11497.12945375652618812901997,6717.269258043691312116683007,11839.35075115210500560700013
1697486399999,2023-10-16 19:59,11497.12945375652618812901997,6814.131419246774380011636749,11839.35075115210500560700013
1697500799999,2023-10-16 23:59,11497.12945375652618812901997,6821.773833952387175874855195,11839.35075115210500560700013
1697515199999,2023-10-17 03:59,11442.03271034449022286246804,6766.534470034179310003505831,11839.35075115210500560700013
1697529599999,2023-10-17 07:59,11474.38385170177375283134508,6804.983499107453332160330485,11888.76807126652252152010665
1697543999999,2023-10-17 11:59,11472.77273908437915472532530,6803.068706822927733447341209,11885.42277794203311600170056
1697558399999,2023-10-17 15:59,11480.64503811112350972086442,6812.424860623190940158685057,11901.76871744881947371601235
1697572799999,2023-10-17 19:59,11491.67109008641779050893724,6825.529220320413006350705412,11924.66306863829384273260409
1697587199999,2023-10-17 23:59,11467.39162294228119705121926,6796.673300592612233745957029,11874.24949823823850157022419
1697601599999,2023-10-18 03:59,11491.25824247821042474426967,6825.038554797503321680501910,11923.80583722389343256851252
1697615999999,2023-10-18 07:59,11487.25664151475659169844306,6820.282689460812865877114797,11915.49696492919287161217138
1697630399999,2023-10-18 11:59,11456.26084864685626738625516,6783.444479396896003637592371,11851.13770298267232119493606
1697644799999,2023-10-18 15:59,11437.49340054498094269875733,6761.139542772528435629658547,11812.16921736902635866240302
1697659199999,2023-10-18 19:59,11437.12485853375192838200531,6760.701534037443204924062250,11811.40398152104940715006763
1697673599999,2023-10-18 23:59,11452.10417809397820427272415,6778.504315302819958958080040,11842.50684620548965495744833
1697687999999,2023-10-19 03:59,11440.02083346351871847757585,6764.143373168877968610660473,11817.41714627181911356940259
1697702399999,2023-10-19 07:59,11454.28320790900439821111589,6781.094071867640831217398035,11847.03135542686157592109257
1697716799999,2023-10-19 11:59,11478.42371658989070758218966,6809.784840760901270933151093,11897.15639427767970585750994
1697731199999,2023-10-19 15:59,11524.62237089368080827230664,6864.691509519672814028118571,11993.08268035741340909780481
1697745599999,2023-10-19 19:59,11538.85252308681859604372628,6881.603912372745164660596347,12022.62998364596608333912667
1697759999999,2023-10-19 23:59,11531.39307166828160681285473,6872.738424095391642619456001,12007.14127555358013578890643
1697774399999,2023-10-20 03:59,11636.45171155781160605877158,6997.599635478950277695095425,12225.28367162687865788727008
1697788799999,2023-10-20 07:59,11637.48483752371589209425676,6998.827496031402317869799798,12227.42884097120748917594799
1697803199999,2023-10-20 11:59,11758.21356150818010116884843,7142.312455872328057427651164,12478.10839624182109169770894
1697817599999,2023-10-20 15:59,11700.01010431402850134125161,7073.138191103485146922522347,12357.25549327798570558839065
1697831999999,2023-10-20 19:59,11702.11059238895670862197489,7075.634601544435396244582115,12361.61691944978876803301260
1697846399999,2023-10-20 23:59,11723.78609876522928289083841,7101.395738242371669929461581,12406.62365951413810752626864
1697860799999,2023-10-21 03:59,11710.77435048899615993709622,7085.931397054471803323681945,12379.60623430223054620824139
1697875199999,2023-10-21 07:59,11729.17527047041421355547455,7107.800718434109797624410708,12417.81366568455516898533703
1697889599999,2023-10-21 11:59,11751.16494380707873445501192,7133.935239627528563058323083,12463.47273794717994255468227
1697903999999,2023-10-21 15:59,11777.82281595264410336674158,7165.617871465360250763121884,12518.82479761751276861360916
1697918399999,2023-10-21 19:59,11819.64729950020787019901488,7215.325879171644793352323479,12605.66861232125773587143147
1697932799999,2023-10-21 23:59,11772.27253298571971289150347,7159.021412045169563196873830,12507.30026211464676660270016
1697947199999,2023-10-22 03:59,11771.78517141895784696443249,7158.442187379100569586194574,12506.28831088398872143338231
1697961599999,2023-10-22 07:59,11753.43459870683337453686728,7136.632703258354000245246725,12468.18541991805439257873686
1697975999999,2023-10-22 11:59,11772.24635240568705067228065,7158.990296670546022217787754,12507.24590109812381376302606
1697990399999,2023-10-22 15:59,11755.31557268764156782564536,7138.868223250537636742661705,12472.09104987439577352147598
1698004799999,2023-10-22 19:59,11758.76939536118123751542525,7142.973059210489388983632464,12479.26252243876993660155905
1698019199999,2023-10-22 23:59,11788.91935410494939782195277,7178.806003325030311898835520,12541.86550538993354912163117
1698033599999,2023-10-23 03:59,11938.79914701039711637733969,7356.936736064091103169836591,12853.07396175052733274205246
1698047999999,2023-10-23 07:59,11894.76139750468752039692173,7304.598282456939519348665979,12761.63455034226504465331978
1698062399999,2023-10-23 11:59,11922.75850701346214898428033,7337.872585381283110983637116,12819.76738508857968904942174
1698076799999,2023-10-23 15:59,11968.33084128724009966068213,7392.034878639445327578930012,12914.39318838841813589443623
1698091199999,2023-10-23 19:59,12063.20322165329275238128896,7504.789815804090864791694741,13111.38496741763239160267732
1698105599999,2023-10-23 23:59,12408.70028078124908647433164,7915.409840749538537797071180,13828.77057600441856975417102
1698119999999,2023-10-24 03:59,12608.39970359808126496311498,8152.750737906842155270483125,14243.42386519153599551750488
1698134399999,2023-10-24 07:59,12595.99010866259937305149768,8138.002050335283731183683230,14217.65674335965634951198191
1698148799999,2023-10-24 11:59,12705.33028033285551676416208,8267.951822214969144839091654,14444.68925644278546677550976
1698163199999,2023-10-24 15:59,12529.31421299172393043386939,8058.758371640191828446622060,14079.21177912566230213274555
1698177599999,2023-10-24 19:59,12555.01145923916777022488476,8089.299308578375127918801006,14132.56920765126832015132281
1698191999999,2023-10-24 23:59,12580.43280245088278509024425,8119.512337337833418611380538,14185.35375469505552747487303
1698206399999,2023-10-25 03:59,12595.87128910706652144117872,8137.860834404299968278600271,14217.41002797697525585499946
1698220799999,2023-10-25 07:59,12567.30223461911681052618311,8103.906780218949789100517942,14158.08961410046687249986333
1698235199999,2023-10-25 11:59,12636.11084061726835238665507,8185.685165200682453133898665,14300.96291037275377043408977
1698249599999,2023-10-25 15:59,12765.12068345514079572618837,8339.012157384069770076514907,14568.83727333124291732045807
1698263999999,2023-10-25 19:59,12744.72802550046867019924309,8314.775674042687004366853152,14526.49422307651826697123288
1698278399999,2023-10-25 23:59,12695.89318817646665835815126,8256.735926408360450377756972,14425.09420079458877395144605
1698292799999,2023-10-26 03:59,12755.75407747576295098731591,8327.880033739909070558873506,14549.38857426599263598782462
1698307199999,2023-10-26 07:59,12726.36134166217025179061769,8292.947041999095179038775410,14488.35787917733904406140337
1698321599999,2023-10-26 11:59,12616.66873910685903974226146,8162.578409307169790664900582,14260.59358317947786934072418
1698335999999,2023-10-26 15:59,12604.94185314299810877807004,8148.641114966179089032729892,14236.24402939385060892362580
1698350399999,2023-10-26 19:59,12604.85928362135663562513653,8148.542981861597152098689192,14236.07258311097052689080748
1698364799999,2023-10-26 23:59,12626.53680388840095314163257,8174.306512049889082781959895,14281.08350479197547814096153
1698379199999,2023-10-27 03:59,12619.57276959971280282836210,8166.029822400027182345063751,14266.62347439687002278765117
1698393599999,2023-10-27 07:59,12584.31356996803202327811938,8124.124593253184454511293455,14193.41172999041938301733372
1698407999999,2023-10-27 11:59,12605.46143696210786666726142,8149.258635477938594617668934,14237.32288649099844220331176
1698422399999,2023-10-27 15:59,12595.88941412401221066987145,8137.882375817500881264121400,14217.44766252687576166708153
1698436799999,2023-10-27 19:59,12535.28338523917091641667265,8065.852677054359171678247326,14091.60609089289554957844014
1698451199999,2023-10-27 23:59,12574.24814389085927161076085,8112.161928455610776551892956,14172.51200994567182204109162
1698465599999,2023-10-28 03:59,12608.07748107460234534191103,8152.367779449937035527885270,14242.75480652663811441382366
1698479999999,2023-10-28 07:59,12605.05463102621573064549143,8148.775150426095880942639142,14236.47819992656486730991422
1698494399999,2023-10-28 11:59,12631.40639177447612591707733,8180.093971729867704891969980,14291.19465386524470632034396
1698508799999,2023-10-28 15:59,12634.85820055724405235922470,8184.196414199463800134549503,14298.36194481296325764352903
1698523199999,2023-10-28 19:59,12618.56381032306943576446722,8164.830683731843026151054217,14264.52848445240853258174935
1698537599999,2023-10-28 23:59,12612.30665169526316537021293,8157.394109196816732149482118,14251.53620150342280389963967
1698551999999,2023-10-29 03:59,12590.12767262605477919321823,8131.034599909966208866793503,14205.48405727517052518188172
1698566399999,2023-10-29 07:59,12611.42255364646787965953458,8156.343366930683309855729253,14249.70047179160924262141433
1698580799999,2023-10-29 11:59,12647.10869812175822770787254,8198.756016032925321348441708,14323.79871892904957485410940
1698595199999,2023-10-29 15:59,12686.61720728181725976274242,8245.711509830204315787721218,14405.83367447884102167922294
1698609599999,2023-10-29 19:59,12709.16875614379814675175419,8272.513814832851383772788603,14452.65941778838147542311229
1698623999999,2023-10-29 23:59,12701.90263823934850929360501,8263.878101629640933577206970,14437.57214489493425653510079
1698638399999,2023-10-30 03:59,12650.45377069362376202549610,8202.731603513671595676285691,14330.74438419402070306170006
1698652799999,2023-10-30 07:59,12634.95486731428772824558588,8184.311301736535336057328860,14298.56266241243262197463339
1698667199999,2023-10-30 11:59,12718.54140379549122123352421,8283.653118948079054285603714,14472.12066170359859202643977
1698681599999,2023-10-30 15:59,12728.16981557519568816462488,8295.096396338475163594105872,14492.11297093407840175581421
1698695999999,2023-10-30 19:59,12683.01637058194033299578823,8241.431949074289602664190187,14398.35694389860720034558531
1698710399999,2023-10-30 23:59,12691.59957305111005440560857,8251.633004970099729807640553,14416.17899408482450824489379
1698724799999,2023-10-31 03:59,12638.15091196904426223840261,8188.109770930962992504221335,14305.19888804488848017177149
1698739199999,2023-10-31 07:59,12625.23784434062655841865413,8172.762710770490318819612292,14278.38636204910589494174662
1698753599999,2023-10-31 11:59,12694.32638115605041170004703,8254.873790911659305629374902,14421.84090303652282708479611
1698767999999,2023-10-31 15:59,12650.81022936022231685645297,8203.155251306622884391534568,14331.48453034206398403264741
1698782399999,2023-10-31 19:59,12704.80465484143052913207313,8267.327121232142668258978903,14443.59785449567079822512977
1698796799999,2023-10-31 23:59,12724.83682634796061333279648,8291.135169799862831256609308,14485.19239536904094408961160
1698811199999,2023-11-01 03:59,12680.25532633388034049159684,8238.150473796683857869804816,14392.62394746376348163841686
1698825599999,2023-11-01 07:59,12686.87699919137213870733811,8246.020270086084068580190739,14406.37310302741493831906592
1698839999999,2023-11-01 11:59,12681.39720240145876189923836,8239.507582828341375957635965,14394.99492410749534779958718
1698854399999,2023-11-01 15:59,12654.78766363441523093068929,8207.882394759045456214226842,14339.74322323689720390621246
1698868799999,2023-11-01 19:59,12708.30278311194855026976856,8271.484613979918874464556867,14450.86132262646841995696902
1698883199999,2023-11-01 23:59,12882.25461241204330777672341,8478.224736940147767506008952,14812.05264287158953377927542
1698897599999,2023-11-02 03:59,12912.51332125748560345540727,8514.186929533894168334338784,14874.88143312215618117183995
1698911999999,2023-11-02 07:59,12853.74194686570240779543849,8444.337700484755984282881247,14752.84931426143827961728350
1698926399999,2023-11-02 11:59,12872.61411728770838135982760,8466.767098607617716207159374,14792.03524394117605350851293
1698940799999,2023-11-02 15:59,12724.88515972648245127597707,8291.192613568398599217998986,14485.29275416877562625516378
1698955199999,2023-11-02 19:59,12797.38522750923936604686684,8377.358266372050541302516387,14635.83095377079887458343819
1698969599999,2023-11-02 23:59,12785.62007762071531337765745,8363.375495714302356700912203,14611.40194926871499078527766
1698983999999,2023-11-03 03:59,12733.32537595085840210388815,8301.223731648957079475671554,14502.81790957244449941471373
1698998399999,2023-11-03 07:59,12689.63401565788864471626444,8249.296958382978499377793637,14412.09773622894743351243835
1699012799999,2023-11-03 11:59,12646.82473952294242979168656,8198.418533892777684575277348,14323.20911098060831713149032
1699027199999,2023-11-03 15:59,12749.79698857294642449030780,8320.800089267875669317595660,14537.01935219869305908351807
1699041599999,2023-11-03 19:59,12702.87333359132875465248192,8265.031763981067606801783009,14439.58768412293912335994046
1699055999999,2023-11-03 23:59,12740.34579918115536335086931,8309.567439028777375867522322,14517.39502523390708396116830
1699070399999,2023-11-04 03:59,12738.75885325302168421643984,8307.681368628519661135227886,14514.09991130928501952553829
1699084799999,2023-11-04 07:59,12750.65893382325253447702838,8321.824503140096864629044922,14538.80908412729489103586533
1699099199999,2023-11-04 11:59,12739.45767335081659114492591,8308.511909781932639576986984,14515.55093228878229916914694
1699113599999,2023-11-04 15:59,12738.96225622096775222732483,8307.923111154441017972742782,14514.52225459150180697223706
1699127999999,2023-11-04 19:59,12743.15517680773719379824129,8312.906358074918888623297371,14523.22838046848548483388893
1699142399999,2023-11-04 23:59,12809.88343363867796085431522,8392.212267519257873318530693,14661.78206673552543789247350
1699156799999,2023-11-05 03:59,12853.17000188652732546780147,8443.657949223749396739770054,14751.66173513124454065824934
1699171199999,2023-11-05 07:59,12830.10088309620842383723085,8416.240517199698480168154865,14703.76131634121186539157202
1699185599999,2023-11-05 11:59,12814.69864647391606594368182,8397.935102959633756471977390,14671.78031215909314863560972
1699199999999,2023-11-05 15:59,12773.80458046289767951763494,8349.332887797662747139527103,14586.86840435024081306466694
1699214399999,2023-11-05 19:59,12795.00883639858233384048767,8374.533947752375283200857206,14630.89664611717700144378920
1699228799999,2023-11-05 23:59,12799.77571585529860098667368,8380.199339424215398392914225,14640.79453274101003002137324
1699243199999,2023-11-06 03:59,12793.02918176995872141771588,8372.181146732764453782271634,14626.78611694471064441304770
1699257599999,2023-11-06 07:59,12778.19486234529795935653882,8354.550696772995003632422879,14595.98432865947444310232356
1699271999999,2023-11-06 11:59,12844.19610460763941401727133,8432.992556198941811908419789,14733.02845131383855192072737
1699286399999,2023-11-06 15:59,12813.68565941572921238452189,8396.731177310738286281185383,14669.67695898132043491591189
1699300799999,2023-11-06 19:59,12808.39516835835970085387946,8390.443478146427351507406849,14658.69185202702834954484586
1699315199999,2023-11-06 23:59,12806.66523618543225113754073,8388.387469930917989889334615,14655.09984331985785036945732
1699329599999,2023-11-07 03:59,12781.07271225811906022341664,8357.970994491228854333499972,14601.95985886034364370957645
1699343999999,2023-11-07 07:59,12784.83868800127893329623786,8362.446821456307441325112404,14609.77948200633762910885070
1699358399999,2023-11-07 11:59,12722.43224076649917565956196,8288.277342315208375177472814,14480.19954508224050635339049
1699372799999,2023-11-07 15:59,12741.24198057458110854734281,8310.632542237044740151622607,14519.25584464565431578078169
1699387199999,2023-11-07 19:59,12888.80982687406757882059136,8486.015548047811297269484067,14825.66380508560580248229023
1699401599999,2023-11-07 23:59,12877.76162210028412230856077,8472.884859956677004095160110,14802.72345611291970413982041
1699415999999,2023-11-08 03:59,12851.69381995083952495316085,8441.903520793052816918993631,14748.59661012268112285200975
1699430399999,2023-11-08 07:59,12842.97770069073474919959388,8431.544494533769327881721650,14730.49857323719343899743276
1699444799999,2023-11-08 11:59,12864.00070645696251123551939,8456.530140356472734087840460,14774.15046950512456925573433
1699459199999,2023-11-08 15:59,12842.83270055516923537005210,8431.372163228162023997552615,14730.19749683798939250077621
1699473599999,2023-11-08 19:59,12922.64520573012588229463911,8526.228579513204527240650091,14895.91914651653893012571630
1699487999999,2023-11-08 23:59,12923.19499791081178889831836,8526.882002380298887801457681,14897.06072786352093975887238
1699502399999,2023-11-09 03:59,13087.05522055370113251869186,8721.628345168330561904423191,15237.29796704737153976526259
1699516799999,2023-11-09 07:59,13106.12072448979445785580335,8744.287518365335365674260031,15276.88533192604804231870075
1699531199999,2023-11-09 11:59,13161.03348416291759105185477,8809.550819893034740808108252,15390.90547327461381765667459
1699545599999,2023-11-09 15:59,13217.08207823130391591265014,8876.164049981324663034613913,15507.28404641694462388512474
1699559999999,2023-11-09 19:59,13075.74319608881931056680053,8708.184109840605201940847239,15213.80982629280030126915377
1699574399999,2023-11-09 23:59,13139.96415890893973432038120,8784.510123792151223638991001,15347.15739982360361698971885
1699588799999,2023-11-10 03:59,13146.44485941240950520184573,8792.212375756655444461990362,15360.61384222136225068750738
1699603199999,2023-11-10 07:59,13087.37945696795179538752834,8722.013697115591338645412282,15237.97120732892503262584181
1699617599999,2023-11-10 11:59,13214.47811746343989672379568,8873.069266951460164114744996,15501.87721608123862221600088
1699631999999,2023-11-10 15:59,13216.70346676621618535773549,8875.714073794461147337061433,15506.49790248568961358829930
1699646399999,2023-11-10 19:59,13245.66724384542757280870596,8910.137252089520098199826135,15566.63791322669790129544493
1699660799999,2023-11-10 23:59,13260.90635531520872764402048,8928.248793610776605026313445,15598.28020645971206574266861
1699675199999,2023-11-11 03:59,13208.21088938177491009137877,8865.620724964655585121216714,15488.86402504897483474940116
1699689599999,2023-11-11 07:59,13201.45025806103282778899330,8857.585777840715041521835467,15474.82633793608616684278957
1699703999999,2023-11-11 11:59,13197.84942136115590102203910,8853.306217084800328398304436,15467.34960735585234550915194
1699718399999,2023-11-11 15:59,13210.38589141525761753450546,8868.205694548765143383752236,15493.38017103703553219924939
1699732799999,2023-11-11 19:59,13230.12604875988493082851272,8891.666687014915041614653336,15534.36837749534197331352011
1699747199999,2023-11-11 23:59,13226.34194799977936852699878,8887.169318636635541637519774,15526.51111979944748210216378
1699761599999,2023-11-12 03:59,13197.89976863044948221285222,8853.366054343691753358085351,15467.45414777224263943160213
1699775999999,2023-11-12 07:59,13225.92910039157200276233122,8886.678653113725856967316273,15525.65388838504707193807222
1699790399999,2023-11-12 11:59,13211.33846175029217366468965,8869.337815486990903622807146,15495.35807571513989321200700
1699804799999,2023-11-12 15:59,13230.79466049610368904251093,8892.461325812993165080543885,15535.75667422500507660365864
1699819199999,2023-11-12 19:59,13221.30923496119299269331952,8881.187986237848702657819525,15516.06125977707370161404274
1699833599999,2023-11-12 23:59,13213.07644948630659637155848,8871.403397663922893234444327,15498.96681088893283941498757
1699847999999,2023-11-13 03:59,13182.84392122089696291209745,8835.472320444800033385200570,15436.19238165488914486209715
1699862399999,2023-11-13 07:59,13192.16420771252471295542183,8846.549393810780621939843530,15455.54490353706035578607642
1699876799999,2023-11-13 11:59,13161.90147108553893078147293,8810.582414236322907114731224,15392.70775005318248487971588
1699891199999,2023-11-13 15:59,13168.32376875662814748159425,8818.215254980513074984384724,15406.04292556792837762746219
1699905599999,2023-11-13 19:59,13168.94203322355332450477933,8818.950056519699773490494359,15407.32668188120118699515053
1699919999999,2023-11-13 23:59,13092.00133628910254870417256,8727.506757481824149953300267,15247.56801755355401470676931
1699934399999,2023-11-14 03:59,13089.00869460229208272224084,8723.950030813317850343922687,15241.35413520331494395632998
1699948799999,2023-11-14 07:59,13136.49422510922611864954111,8780.386139909354215410890348,15339.95247432598455985445171
1699963199999,2023-11-14 11:59,13050.96831181483387819148148,8678.739391485312807731854654,15162.36757819546446790986400
1699977599999,2023-11-14 15:59,13028.39461015436381547851194,8651.910758088753512764483667,15115.49583710271228484009656
1699991999999,2023-11-14 19:59,12856.58958841694735994782843,8447.722095847654980008089792,14758.76212021247330387106628
1700006399999,2023-11-14 23:59,12908.38685906618368905636412,8509.282667795152978630695002,14866.31330059480769128782233
1700020799999,2023-11-15 03:59,12874.31182720828793911404593,8468.784810977436565850971823,14795.56034678185676457353336
1700035199999,2023-11-15 07:59,12913.56054445879209222432012,8515.431544518835807497781813,14877.05587378307429475880391
1700049599999,2023-11-15 11:59,13047.29497504717419450975640,8674.373665076594442666239106,15154.74030941562862332789809
1700063999999,2023-11-15 15:59,13079.81528322928415727976551,8713.023747339743652687927634,15222.26505517044727371692518
1700078399999,2023-11-15 19:59,13300.85389266350778768278074,8975.726068305588825114882534,15681.22675444042687557154781
1700092799999,2023-11-15 23:59,13372.99347399812266112744859,9061.463286335578164487368584,15831.01644466109561941507886
1700107199999,2023-11-16 03:59,13291.78937029989143008878700,8964.952968214776675355926622,15662.40529787351835777361550
1700121599999,2023-11-16 07:59,13288.21874196159065203632068,8960.709309814196817208264140,15654.99129154311871279344799
1700135999999,2023-11-16 11:59,13250.00113678621904171389914,8915.288043334893958737767286,15575.63675226957440213995733
1700150399999,2023-11-16 15:59,13080.53625612556823993220936,8713.880616887068858111990334,15223.76207393315628268641191
1700164799999,2023-11-16 19:59,12982.86456758679247300239317,8597.798728128060093135406739,15020.95784775264168488994023
1700179199999,2023-11-16 23:59,13031.70141880156622809111752,8655.840869252742304122894155,15122.36205165122678966662507
1700193599999,2023-11-17 03:59,13096.24259025439382821826962,8732.547448170837788565244535,15256.37450223027237473397336
1700207999999,2023-11-17 07:59,13047.05733593610849128911848,8674.091233214626916856073188,15154.24687865026643601393320
1700222399999,2023-11-17 11:59,13073.85618043569588753512488,8705.941409377354594448258550,15209.89165148649208505572063
1700236799999,2023-11-17 15:59,13007.79452145020213544541662,8627.427745240738076220524542,15072.72208033245962353037659
1700251199999,2023-11-17 19:59,13063.70012927379468972430273,8693.871037513776351561252405,15188.80375869224199501906819
1700265599999,2023-11-17 23:59,13122.40907305165384470766325,8763.646068361889168662581607,15310.70624743663593210978640
1700279999999,2023-11-18 03:59,13073.65076357697807627660735,8705.697273361077580612352418,15209.46512658761968585212385
1700294399999,2023-11-18 07:59,13082.78375822683370429010694,8716.551752123982068316610374,15228.42875812081900338458842
1700308799999,2023-11-18 11:59,13079.89181107861040068980145,8713.114699973258618626794624,15222.42395660336052047904947
1700323199999,2023-11-18 15:59,13132.52686028889192081346742,8775.670963908709928580154257,15331.71468951442939876537670
1700337599999,2023-11-18 19:59,13135.53561310187633277645935,8779.246838500061484176661730,15337.96202479791336357100008
1700351999999,2023-11-18 23:59,13113.18142553552628405543500,8752.679095552268802033935531,15291.54607992062286200311547
1700366399999,2023-11-19 03:59,13103.71815279910476343020136,8741.432084371036566593514773,15271.89666325590321633937766
1700380799999,2023-11-19 07:59,13121.92171148489197878059227,8763.066843695820175051902351,15309.69429620597788694046856
1700395199999,2023-11-19 11:59,13090.12640398060958515829205,8725.278417960707484451058997,15243.67493244717946903472421
1700409599999,2023-11-19 15:59,13113.21566167864591926518792,8752.719784888314971006586553,15291.61716740376826187038160
1700423999999,2023-11-19 19:59,13189.88448335891135663540385,8843.839962728176899760963705,15450.81131348290784697753179
1700438399999,2023-11-19 23:59,13272.63324127906965860821190,8942.186087951767306658484135,15622.62976024533932615976700
1700452799999,2023-11-20 03:59,13223.18819505122944273446508,8883.421112739676682156843268,15519.96270811675947079988385
1700467199999,2023-11-20 07:59,13249.39495566392432417650921,8914.567602737841202222005071,15574.37808565623526331365704
1700481599999,2023-11-20 11:59,13229.86625685033005188391704,8891.357926759035288822183815,15533.82894894676805667367712
1700495999999,2023-11-20 15:59,13293.12457988155720326915088,8966.539852320577265289316484,15665.17770971618895259699456
1700510399999,2023-11-20 19:59,13314.79807236705803429038188,8992.298595528157881975804714,15710.18026816388268033335259
1700524799999,2023-11-20 23:59,13290.54075802141061655662167,8963.469004194269336353359933,15659.81269554703906849685078
1700539199999,2023-11-21 03:59,13293.77909438237375874972142,8967.317736686165789766468377,15666.53673512926277358884703
1700553599999,2023-11-21 07:59,13256.53218455898239378617680,8923.050132558289604520547562,15589.19773508372332976019605
1700567999999,2023-11-21 11:59,13235.39841480030875313046243,8897.932844766025063402910740,15545.31584989973355287250406
1700582399999,2023-11-21 15:59,13195.13469660084600321339579,8850.079792085374694566917506,15461.71278810408769721063767
1700596799999,2023-11-21 19:59,13196.13358642363065403912805,8851.266963301780565768970857,15463.78686996527112863204945
1700611199999,2023-11-21 23:59,12946.74342270480558346542986,8554.869085108996169990187180,14945.95637141758921316727551
1700625599999,2023-11-22 03:59,13075.30014011903579608764510,8707.657541962360662294775189,15212.88987062856571475159209
1700639999999,2023-11-22 07:59,13087.34522082483216017777542,8721.973007779545169672761260,15237.90011984577963275857568
1700654399999,2023-11-22 11:59,13092.20272536627687346742504,8727.746106517389849792423926,15247.98617921911519039657007
1700668799999,2023-11-22 15:59,13095.66863138444700264300007,8731.865303419475544023742105,15255.18274148342302401804119
1700683199999,2023-11-22 19:59,13258.56017256612784415212919,8925.460377346436201900522813,15593.40862305592436895648973
1700697599999,2023-11-22 23:59,13282.39658374048092313069172,8953.789729195992434859199145,15642.90223779174512360130795
1700711999999,2023-11-23 03:59,13260.51566050549053760331069,8927.784456481779147338413546,15597.46897282852338490445513
1700726399999,2023-11-23 07:59,13274.51622915064959514462251,8944.424001434306600154290351,15626.53957181833631885940412
1700740799999,2023-11-23 11:59,13274.67532652161731170759196,8944.613087172403503027198042,15626.86991953412964765434673
1700755199999,2023-11-23 15:59,13190.36177547181450632431221,8844.407219942467608379686778,15451.80235663028783336235960
1700769599999,2023-11-23 19:59,13256.83628206551562417868803,8923.411549601993811277624288,15589.82915919872070505179520
1700783999999,2023-11-23 23:59,13259.42614559797744063411481,8926.489578199368711208754549,15595.20671821783742442263301
1700798399999,2023-11-24 03:59,13263.72983017719276082482013,8931.604467089407716770827151,15604.14283301087974891367530
1700812799999,2023-11-24 07:59,13305.48584143851725723758759,8981.231096123599921414726701,15690.84447274833391643696534
1700827199999,2023-11-24 11:59,13349.59004933969438038987887,9033.648534912488186182808120,15782.42187750623139250333228
1700841599999,2023-11-24 15:59,13446.07958399545686095940305,9148.325444832726293103735834,15982.77149470990188900067349
1700855999999,2023-11-24 19:59,13354.44755388113909367952848,9039.421633650332866302470786,15792.50793687956695014132666
1700870399999,2023-11-24 23:59,13343.86657176640007061824362,9026.846235321710996754913718,15770.53772297098277939919461
1700884799999,2023-11-25 03:59,13360.86985155222831037964980,9047.054474394523034172124286,15805.84311239431284288907297
1700899199999,2023-11-25 07:59,13361.75596349179533933796067,9048.107610151012113464268387,15807.68302372278201592419632
1700913599999,2023-11-25 11:59,13331.56975471413580057404771,9012.231583210069364578023073,15745.00477167181739177996007
1700927999999,2023-11-25 15:59,13342.01580614716802604395341,9024.646617684862215233367288,15766.69481726447557480992561
1700942399999,2023-11-25 19:59,13365.18561947607409005615027,9052.183724226695981724544308,15814.80431688728883792150331
1700956799999,2023-11-25 23:59,13357.37977884479726223248447,9042.906555608169455960111267,15798.59637073013766818482576
1700971199999,2023-11-26 03:59,13347.25192215370046988851767,9030.869692609570411050582434,15777.56702056906614274474543
1700985599999,2023-11-26 07:59,13359.21443333785536082571448,9045.087025322172981494527805,15802.40582350339997871891070
1700999999999,2023-11-26 11:59,13336.96698198240770422921395,9018.646137363230120266537146,15756.21150430885690026662050
1701014399999,2023-11-26 15:59,13288.19054749078624656946533,8960.675800949217619230786827,15654.93274890994014819687588
1701028799999,2023-11-26 19:59,13276.70331452876276207354435,8947.023331960550100407173293,15631.08080750633068685064040
1701043199999,2023-11-26 23:59,13290.26888276722527812623084,8963.145882996255641570542993,15659.24817729853148131561975
1701057599999,2023-11-27 03:59,13262.44094008327708234000431,8930.072633261787237800435730,15601.46659835128822449895042
1701071999999,2023-11-27 07:59,13257.19274073211417900964490,8923.835197394945099992873165,15590.56930534676398602274255
1701086399999,2023-11-27 11:59,13207.40130529153412454310383,8864.658541841681471767939603,15487.18301515341890847640209
1701100799999,2023-11-27 15:59,13150.01951553225376974957710,8796.460821137946616606435317,15368.03621178507311918147091
1701115199999,2023-11-27 19:59,13175.39051147467520342412347,8826.614012638513482339233934,15420.71621841247003258257093
1701129599999,2023-11-27 23:59,13249.03849699732576934555233,8914.143954944889913506756194,15573.63793950819198234270969
1701143999999,2023-11-28 03:59,13226.25333680582266563116770,8887.064005060986633708305364,15526.32712866660056479865145
1701158399999,2023-11-28 07:59,13221.32937386891042516964477,8881.211921141405272641731891,15516.10307594362981918302281
1701172799999,2023-11-28 11:59,13250.79460975028588128111388,8916.231078535022816103914505,15577.28430923188543435777234
1701187199999,2023-11-28 15:59,13303.51222848220887455771337,8978.885475575056062991314838,15686.74648842583439467691787
1701201599999,2023-11-28 19:59,13424.56116109938026000587646,9122.751000382531265293372822,15938.09092074469026654546204
1701215999999,2023-11-28 23:59,13365.07284159285646818872888,9052.049688766779189814635058,15814.57014635457457953521488
1701230399999,2023-11-29 03:59,13389.56578115879784589549448,9081.159318472279604248854520,15865.42696812012476692878358
1701244799999,2023-11-29 07:59,13421.02275501342737391553054,9118.545637827641919119970126,15930.74382028078040967566265
1701259199999,2023-11-29 11:59,13422.62581206773499903102021,9120.450856150744889839394455,15934.07238713864736816647672
1701273599999,2023-11-29 15:59,13367.46534382968744637616824,9054.893155309299703903424132,15819.53790694144134673004793
1701287999999,2023-11-29 19:59,13376.21569923291185733948813,9065.292870904629361913347135,15837.70703131007443045189105
1701302399999,2023-11-29 23:59,13372.27652888338206497026979,9060.611203768964273060088357,15829.52778913169783395938814
1701316799999,2023-11-30 03:59,13411.99045490215890828365719,9107.810833582520281335274000,15911.98926958036167998809846
1701331199999,2023-11-30 07:59,13359.85887838481320006812239,9045.852942235983220979723515,15803.74394083319574092627314
1701345599999,2023-11-30 11:59,13378.42090962797071349710270,9067.913742844073775151751206,15842.28590154796930425520940
1701359999999,2023-11-30 15:59,13324.99037356285061055858946,9004.412050218137950833853118,15731.34343005793378199416917
1701374399999,2023-11-30 19:59,13351.07025905692566739978453,9035.407750323896080000367017,15785.49536574810603382336788
1701388799999,2023-11-30 23:59,13345.95900427824130490843680,9029.333071801238618083408540,15774.88242267616339481622453
1701403199999,2023-12-01 03:59,13410.22024491379659361466796,9105.706955559897779749377033,15908.31362854007894567474976
1701417599999,2023-12-01 07:59,13450.70549109815110077131232,9153.823292179670418408406292,15992.37666816784209459539700
1701431999999,2023-12-01 11:59,13518.39034604566991045283550,9234.266109542946477339476996,16132.91662234629763218053518
1701446399999,2023-12-01 15:59,13484.82482855302520216154606,9194.373805785211285152736676,16063.22161754721647996144214
1701460799999,2023-12-01 19:59,13555.08947757914711206033339,9277.882684294083959022981457,16209.11822266151067813292809
1701475199999,2023-12-01 23:59,13539.00251809446204997172596,9258.763483333095855873783540,16175.71546881648396403164320
1701489599999,2023-12-02 03:59,13559.09107854260094510616000,9282.638549630774414826368570,16217.42709495621123908926923
1701503999999,2023-12-02 07:59,13543.02224407486157224624530,9263.540890082987224662691783,16184.06197566108503080006641
1701518399999,2023-12-02 11:59,13550.61058450279012932559843,9272.559561743102794600871271,16199.81830721943013079175914
1701532799999,2023-12-02 15:59,13565.02802853770003912684287,9289.694559199251246083734051,16229.75450085695469842459571
1701547199999,2023-12-02 19:59,13687.52293472898307637515871,9435.278610082088173230699910,16484.10133393453981174590935
1701561599999,2023-12-02 23:59,13693.63509322122383293987122,9442.542853311507163348102974,16496.79254048432149393136248
1701575999999,2023-12-03 03:59,13679.69091351767358633227009,9425.970326088938106487180794,16467.83902676086568916955770
1701590399999,2023-12-03 07:59,13699.34850134065942647334384,9449.333185450506067784041193,16508.65578693629204825101011
1701604799999,2023-12-03 11:59,13699.54586263629026474133126,9449.567747505360453626382379,16509.06558536854200042701485
1701619199999,2023-12-03 15:59,13756.07980438066671228156508,9516.757808769363712465176059,16626.45192812487524006788483
1701633599999,2023-12-03 19:59,13716.92372610566274856238703,9470.221175784324692744362953,16545.14875548981585069992263
1701647999999,2023-12-03 23:59,13798.74206648927567012896866,9567.461508463601566385132076,16715.03529535735469819527831
1701662399999,2023-12-04 03:59,13947.26852479611192627529898,9743.983815683660854737222156,17023.43370532537738118023848
1701676799999,2023-12-04 07:59,14094.55039860601085538472902,9919.026945863924118083528020,17329.24787620023199840222994
1701691199999,2023-12-04 11:59,14125.74758055108550446016939,9956.104504963406680162174105,17394.02529981231372450926602
1701705599999,2023-12-04 15:59,14060.15918589695141556410445,9878.153311060369556556380696,17257.83840857235002585495377
1701719999999,2023-12-04 19:59,14204.54508477708355457796395,10049.75460210919805621608834,17557.63941469643493665761027
1701734399999,2023-12-04 23:59,14205.31439105188947517358839,10050.66891542505902960154072,17559.23679225887862779264918
1701748799999,2023-12-05 03:59,14172.86859682833401256598269,10012.10739230506912852032794,17491.86676632031761240884837
1701763199999,2023-12-05 07:59,14112.05110941245967731136880,9939.826377054583434103374026,17365.58612493749816584591618
1701777599999,2023-12-05 11:59,14151.94427170992166966405090,9987.239027509792915235379726,17448.41976926851145823854917
1701791999999,2023-12-05 15:59,14261.13742935384055629954099,10117.01407459351536800822788,17675.14702433578091724852247
1701806399999,2023-12-05 19:59,14572.49903990074884302128973,10487.06443801057691828214404,18321.65423060994781597878697
1701820799999,2023-12-05 23:59,14624.65075532581198371314977,10549.04626426067054862160689,18429.94137552366987260959236
1701835199999,2023-12-06 03:59,14556.73027515799921405862120,10468.32340852578262087876151,18288.91217219650775946738728
1701849599999,2023-12-06 07:59,14547.22672460614282848073707,10457.02852753743724547051602,18269.17912319867587866568931
1701863999999,2023-12-06 11:59,14577.50355846853081338811365,10493.01226154438455928436698,18332.04554799914303187033591
1701878399999,2023-12-06 15:59,14566.62653441034553292484766,10480.08502013348111097329813,18309.46063644218393286419674
1701892799999,2023-12-06 19:59,14606.80566919739506644134826,10527.83754621919388587685943,18392.88807033829409473634682
1701907199999,2023-12-06 23:59,14562.09326628315148250403452,10474.69727334289720759462456,18300.04781735040186808678158
1701921599999,2023-12-07 03:59,14595.15128330131689239192773,10513.98641753100683618677326,18368.68905475226885756757670
1701935999999,2023-12-07 07:59,14586.52578912594056278182437,10503.73509833772791207710692,18350.77919061628370277341006
1701950399999,2023-12-07 11:59,14446.36301919415401405336920,10337.15295656471213804382242,18059.74703461901664618587554
1701964799999,2023-12-07 15:59,14541.41060805734832931800569,10450.11612739029983411662473,18257.10261429726912474424330
1701979199999,2023-12-07 19:59,14449.49461934421476412194513,10340.87483406775877054219532,18066.24944851849292816227740
1701993599999,2023-12-07 23:59,14463.50324355246079465378706,10357.52395298170885135163707,18095.33677397492830914481842
1702007999999,2023-12-08 03:59,14482.20624714964033541704409,10379.75229791469539541105133,18134.17144785559469545661521
1702022399999,2023-12-08 07:59,14441.92843171477538276654978,10331.88249080155542758631944,18050.53911474335955749646276
1702036799999,2023-12-08 11:59,14540.16803745118274552873794,10448.63934384085946610923175,18254.52255682075667073817259
1702051199999,2023-12-08 15:59,14561.74083539809641416834269,10474.27841253065723287615815,18299.31603443566981062963025
1702065599999,2023-12-08 19:59,14598.83066174129180581655039,10518.35932441079217224756251,18376.32886838207153742023663
1702079999999,2023-12-08 23:59,14644.32042649342828334001867,10572.42348456437245190881471,18470.78322539902990223243281
1702094399999,2023-12-09 03:59,14637.95451776394787757360804,10564.85766155014067999411583,18457.56513515064113867783071
1702108799999,2023-12-09 07:59,14646.17924767574730090483898,10574.63267616264386142392609,18474.64285757215955384929384
1702123199999,2023-12-09 11:59,14573.10119324150007406341462,10487.78009162691836080112378,18322.90453398997573129129124
1702137599999,2023-12-09 15:59,14618.96755556795253889416502,10542.29183447700649916153722,18418.14085332153349464341485
1702151999999,2023-12-09 19:59,14594.65788006223979672195917,10513.40001239387087158092029,18367.66455867164397712756484
1702166399999,2023-12-09 23:59,14552.20707648466387987597069,10462.94762918697700249204411,18279.52026118800375347446216
1702180799999,2023-12-10 03:59,14578.73404573006593769158625,10494.47468415169098530141254,18334.60051577572181533501856
1702195199999,2023-12-10 07:59,14603.12629075742015301672560,10523.46463933940854981607017,18385.24825670849141488368689
1702209599999,2023-12-10 11:59,14557.12499774926089059459605,10468.79253263549139256344388,18289.73176906100766381939677
1702223999999,2023-12-10 15:59,14590.49718172781824711316311,10508.45506131908351290462549,18359.02533866115008737628109
1702238399999,2023-12-10 19:59,14569.02306442871999760755207,10482.93327365671293905886968,18314.43676026236192357282581
1702252799999,2023-12-10 23:59,14567.49452133296687265446581,10481.11661447676927727992110,18311.26291322075260008723802
1702267199999,2023-12-11 03:59,14269.45278435036842577423554,10126.89679627202311436564378,17692.41291950680186148039594
1702281599999,2023-12-11 07:59,14233.79282045511073994512040,10084.51526254440464385201740,17618.36903338588448208737497
1702295999999,2023-12-11 11:59,14276.38661027748042737301814,10135.13758356655015982667137,17706.81022565207314048023618
1702310399999,2023-12-11 15:59,14167.52171682935569010162957,10005.75267541079979779159478,17480.76457409966839784463813
1702324799999,2023-12-11 19:59,13961.41006579529301115088753,9760.790904961084297440485522,17052.79701748108313811804800
1702339199999,2023-12-11 23:59,14056.74966882039009732224010,9874.101131888242258280017141,17250.75893157439932142662686
1702353599999,2023-12-12 03:59,14153.79705121992545748597363,9989.441038636997353755317392,17452.26685659167427458471619
1702367999999,2023-12-12 07:59,14190.24444640693475313940594,10032.75842709367771063991728,17527.94575482493585092485814
1702382399999,2023-12-12 11:59,14123.44368950821122916856112,9953.366351996535074002599440,17389.24153035829387461794530
1702396799999,2023-12-12 15:59,14075.80107552108121992592392,9896.743550652757463061115325,17290.31702513648654168177897
1702411199999,2023-12-12 19:59,14033.50735542370127639527236,9846.477859693604839846755604,17202.49889375198403506672089
1702425599999,2023-12-12 23:59,14104.87964437428197249194829,9931.303157898088862832180513,17350.69538802686469953211103
1702439999999,2023-12-13 03:59,13971.35264453538942471266205,9772.607566846962898498020589,17073.44165890983838192351164
1702454399999,2023-12-13 07:59,14028.93179559030061777417620,9841.039849605552139501866062,17192.99826071043412339444757
1702468799999,2023-12-13 11:59,14006.66219143636378545371790,9814.572633252697051291571800,17146.75794373267931561627928
1702483199999,2023-12-13 15:59,14194.85827016499853346552007,10038.24191349848789395424032,17537.52583858294238597819360
1702497599999,2023-12-13 19:59,14354.92835037546708504148205,10228.48370743717309708489856,17869.89327522093165950253346
1702511999999,2023-12-13 23:59,14382.11990357554441457583077,10260.80061421925388936337505,17926.35346330500160113943238
1702526399999,2023-12-14 03:59,14350.87036047040444106194475,10223.66082437052424532655682,17861.46731765987396935304810
1702540799999,2023-12-14 07:59,14388.15150643691544123524229,10267.96911783444659954512866,17938.87740518855881304896521
1702555199999,2023-12-14 11:59,14462.27879796324090009321203,10356.06871084546939632976522,18092.79435104831636095082978
1702569599999,2023-12-14 15:59,14297.38544935444727043735335,10160.09450750498568205209534,17750.41194252013692965576167
1702583999999,2023-12-14 19:59,14427.45258484748491878396212,10314.67808212509292315011080,18020.48165422282224891358397
1702598399999,2023-12-14 23:59,14412.97875187096619804900699,10297.47606693898607571229339,17990.42837531894055208760318
1702612799999,2023-12-15 03:59,14367.40037592487301762970762,10243.30659320975688812182679,17895.79002716913526997189467
1702627199999,2023-12-15 07:59,14348.07709396999655659563297,10220.34105324722798855791166,17855.66741535854046253551153
1702641599999,2023-12-15 11:59,14363.39071939833221159335091,10238.54115391164380432487473,17887.46442840781226198796149
1702655999999,2023-12-15 15:59,14188.89312569909503397798186,10031.15239506503186471939752,17525.13989004902036204629502
1702670399999,2023-12-15 19:59,14226.45621637365008881983286,10075.79577717874619871274248,17603.13540390949085170793320
1702684799999,2023-12-15 23:59,14195.08382593143377720036283,10038.50998441832147777405882,17537.99417964837090275077046
1702699199999,2023-12-16 03:59,14274.32841390875882829257788,10132.69143642306870747082757,17702.53661343003792493047239
1702713599999,2023-12-16 07:59,14251.95005965314786059996323,10106.09497159100814134740653,17656.07048915288008227981169
1702727999999,2023-12-16 11:59,14273.96591356984504371872343,10132.26060815905044776040498,17701.78392243202780868883102
1702742399999,2023-12-16 15:59,14328.74575645203312257102822,10197.36593932327646100043159,17815.52807708132320807153636
1702756799999,2023-12-16 19:59,14277.94133395326621454532722,10136.98535812111736258470602,17710.03843371020541680549807
1702771199999,2023-12-16 23:59,14263.09895896551847949362006,10119.34533419992528444129232,17679.21991895834676846718189
1702785599999,2023-12-17 03:59,14192.11333704311248694238888,10034.97958614372740514698484,17531.82629508134356132620921
1702799999999,2023-12-17 07:59,14184.29944084874868612819298,10025.69284356377825138898685,17515.60162245756994456193964
1702814399999,2023-12-17 11:59,14199.06528798717017776986420,10043.24191485145536359353356,17546.26123577651534613813152
1702828799999,2023-12-17 15:59,14169.11873221134808547422167,10007.65071326283579751584540,17484.08059610756852106475818
1702843199999,2023-12-17 19:59,14228.43587100227370124260465,10078.14857819835702813132806,17607.24593308195720873867469
1702857599999,2023-12-17 23:59,14081.16809442777697486660228,9903.122202450583363773760849,17301.46103352369187381496929
1702871999999,2023-12-18 03:59,14024.02797156110580978897852,9835.211700589527348419204954,17182.81602415401949534779901
1702886399999,2023-12-18 07:59,14031.09672816992460897914027,9843.612851737883412772445401,17197.49349861521676205980577
1702900799999,2023-12-18 11:59,14026.88769645698122142716362,9838.610456894560286134760918,17188.75391980498819014296984
1702915199999,2023-12-18 15:59,14059.27911562969961634869115,9877.107355774947448259410304,17256.01104209384768809052444
1702929599999,2023-12-18 19:59,14146.91155867133529383037163,9981.257695111006076255679476,17437.96990924613767775042812
1702943999999,2023-12-18 23:59,14339.58048880401179483401119,10210.24291743671111234528447,17838.02517468851446018281737
1702958399999,2023-12-19 03:59,14425.05001315679522435836013,10311.82264813079412406936554,18015.49298555267742293426087
1702972799999,2023-12-19 07:59,14415.77806004368931225821634,10300.80301853334930347611226,17996.24082247024089417583378
1702987199999,2023-12-19 11:59,14403.68464595937111022490542,10286.43010894762902813673651,17971.13021445329229400329801
1703001599999,2023-12-19 15:59,14305.15503995183271980363370,10169.32859329711038184548612,17766.54461957748708776827507
1703015999999,2023-12-19 19:59,14275.97376266927306160835057,10134.64691804364047515646787,17705.95299423767273031614462
1703030399999,2023-12-19 23:59,14262.68812524808285697658502,10118.85706216737125676948006,17678.36686916060197005998834
1703044799999,2023-12-20 03:59,14291.63981898266378494176033,10153.26587952029626564189734,17738.48179020167658722574592
1703059199999,2023-12-20 07:59,14393.23658063556714150736720,10274.01268098248052048300106,17949.43598724397849921643446
1703073599999,2023-12-20 11:59,14381.19552771131426391250192,10259.70200214600732710179746,17924.43410126007580472324688
1703087999999,2023-12-20 15:59,14615.36269108653212563194578,10538.00748674038047204122372,18410.65575950798844979598120
1703102399999,2023-12-20 19:59,14557.12298385848914734696352,10468.79013914513573556505264,18289.72758744435205206249877
1703116799999,2023-12-20 23:59,14543.21102640728679270148278,10452.25590776825719067839025,18260.84097958738603541106211
1703131199999,2023-12-21 03:59,14539.27185605775700033226444,10447.57424063259210182513147,18252.66173740900943891855920
1703145599999,2023-12-21 07:59,14562.45778051283701032552149,10475.13049509727112430343838,18300.80468996506759608532096
1703159999999,2023-12-21 11:59,14596.10989530866667826500949,10515.12571894029956742100187,18370.67950428034005385102833
1703174399999,2023-12-21 15:59,14574.43841671393759049141103,10489.36936922307460773290488,18325.68112744930193787156831
1703188799999,2023-12-21 19:59,14527.07371965330814942206224,10433.07686954837766256941142,18227.33368532596902738732703
1703203199999,2023-12-21 23:59,14582.05293772189880978998698,10498.41915625781371865017044,18341.49182002416999070293513
1703217599999,2023-12-22 03:59,14611.49602080478509017749832,10533.41198525751903513004946,18402.62705552921387655180657
1703231999999,2023-12-22 07:59,14526.18156604142589072085379,10432.01655332082161228209360,18225.48122914753301908150965
1703246399999,2023-12-22 11:59,14560.33111185787614082557539,10472.60296928169733400229254,18296.38890277674158080102491
1703260799999,2023-12-22 15:59,14543.64804070475507743774065,10452.77529517543475932928859,18261.74839040165378665792976
1703275199999,2023-12-22 19:59,14537.54393777560129386355823,10445.52062590743839720545047,18249.07391031849455150006866
1703289599999,2023-12-22 23:59,14603.64990235807339740118203,10524.08694683187936939779168,18386.33547703895047167716887
1703303999999,2023-12-23 03:59,14514.51308290994551393800558,10418.14867020014496360326878,18201.25294224491849961445349
1703318399999,2023-12-23 07:59,14521.74093688973202969113679,10426.73890708659793082941691,18216.26076442190909512140285
1703332799999,2023-12-23 11:59,14518.81273970761734763344585,10423.25877210947265516855890,18210.18069380464960059169976
1703347199999,2023-12-23 15:59,14560.79430673537708778105608,10473.15347206349844363227695,18297.35067460753228488756666
1703361599999,2023-12-23 19:59,14550.23547741912724044372899,10460.60440212878880106702349,18275.42645848215984347131270
1703375999999,2023-12-23 23:59,14549.90318544178960458436241,10460.20947622010539633246945,18274.73649173398390358314144
1703390399999,2023-12-24 03:59,14576.55098813349625725792945,10491.88014060615879904531207,18330.06764332103867085757830
1703404799999,2023-12-24 07:59,14539.63435639667078490611889,10448.00506889661036153555406,18253.41442840701955516020057
1703419199999,2023-12-24 11:59,14536.21678375702249367372445,10443.94331576306043526562555,18246.31822494244640370428164
1703433599999,2023-12-24 15:59,14545.48672297935666252623571,10454.96055187014959886048760,18265.56620640822732070581072
1703447999999,2023-12-24 19:59,14532.96837794220063524246208,10440.08261581938569686056093,18239.57327727694463982779534
1703462399999,2023-12-24 23:59,14406.78402385708396833136096,10290.11369060498514866084963,17977.56572248627878786933174
1703476799999,2023-12-25 03:59,14439.26405422375906614871958,10328.71590306102121871471342,18045.00683590798520312039867
1703491199999,2023-12-25 07:59,14450.41496742690142829000893,10341.96865916029401880699045,18068.16044733010750106466688
1703505599999,2023-12-25 11:59,14442.95551600836443905913738,10333.10317088294049676585010,18052.67173923772155351444665
1703519999999,2023-12-25 15:59,14532.95428070679843250903441,10440.06586138689609787182227,18239.54400596035535752950929
1703534399999,2023-12-25 19:59,14504.00460086298924779149162,10405.65943752432674599779623,18179.43326653593635212064971
1703548799999,2023-12-25 23:59,14524.52212004550945467165342,10430.04431726776024560771465,18222.03557702330893139755137
1703563199999,2023-12-26 03:59,14499.41494379418638643696779,10400.20467300378444666416803,18169.90336217779715815009034
1703577599999,2023-12-26 07:59,14363.00606626092925129553869,10238.08399725371331763214854,17886.66573962659041642044204
1703591999999,2023-12-26 11:59,14345.16903569559930701426728,10216.88485317365928288096602,17849.62916090783708557478853
1703606399999,2023-12-26 15:59,14285.95057755248911037987801,10146.50426926556524518665396,17726.66872314957337398887438
1703620799999,2023-12-26 19:59,14229.08031604923154048501256,10078.91449511216726761652377,17608.58405041175297094603713
1703635199999,2023-12-26 23:59,14309.59969688507006732861575,10174.61102651204537729494529,17775.77344753642223524217790
1703649599999,2023-12-27 03:59,14254.36471468846801451136037,10108.96476652744088241849921,17661.08424752295857880052283
1703663999999,2023-12-27 07:59,14298.90593688711342239990951,10161.90159272350671583747897,17753.56906309512380611375742
1703678399999,2023-12-27 11:59,14412.34437627786707504476170,10296.72211747695412121905386,17989.11116607242284866473078
1703692799999,2023-12-27 15:59,14404.59895236974254465007164,10287.51675356909730540635792,17973.02866841494003163499347
1703707199999,2023-12-27 19:59,14439.57822118415101277939343,10329.08928755650371046374633,18045.65916810626063719648786
1703721599999,2023-12-27 23:59,14494.86153675927490353982941,10394.79299130964397330158209,18160.44872691945897580369511
1703735999999,2023-12-28 03:59,14490.74514402183170537894889,10389.90069702268106858989449,18151.90150247538854470416753
1703750399999,2023-12-28 07:59,14418.39813193772727742813100,10303.91694948605905838311107,18001.68110573919178990014170
1703764799999,2023-12-28 11:59,14420.57514786198172811889021,10306.50431256052427364403783,18006.20143334390809910688794
1703779199999,2023-12-28 15:59,14296.92426836771806672950519,10159.54639821354022942050216,17749.45435230600183732611792
1703793599999,2023-12-28 19:59,14330.08297992447063899902463,10198.95521691943270793221269,17818.30467054064941465181342
1703807999999,2023-12-28 23:59,14320.64185998653829409774877,10187.73453413211269947409554,17798.70125165914149831395369
1703822399999,2023-12-29 03:59,14347.55952404165854195407412,10219.72592622582413997136386,17854.59273987804824101272357
1703836799999,2023-12-29 07:59,14262.15444419357089635396597,10118.22278722312215219580236,17677.25874074686485448201632
1703851199999,2023-12-29 11:59,14380.70615225378065473779842,10259.12038398958267649272697,17923.41796841276214779703103
1703865599999,2023-12-29 15:59,14261.70131876992866563664791,10117.68425189309932755777412,17676.31787699935220917996460
1703879999999,2023-12-29 19:59,14230.57059522032154373308085,10080.68567797535344642603885,17611.67844673690567105056277
1703894399999,2023-12-29 23:59,14220.58975255556200846628836,10068.82353977271736239907028,17590.95435459169380386403699
1703908799999,2023-12-30 03:59,14201.63098483037107525370068,10046.29122156456237954396898,17551.58861539576472442619324
1703923199999,2023-12-30 07:59,14196.46535500084964507627479,10040.15191880230217867044712,17540.86276867412056798280368
1703937599999,2023-12-30 11:59,14185.75145609517556767124330,10027.41855011020694722906844,17518.61656806626602128540313
1703951999999,2023-12-30 15:59,14282.61960221602577879568213,10142.54543621730856984754863,17719.75232920119152807956978
1703966399999,2023-12-30 19:59,14279.83439127870486731990045,10139.23523905543494107246842,17713.96915336648046828962523
1703980799999,2023-12-30 23:59,14235.35761358475524335559210,10086.37500455075013160200823,17621.61814952729481719712689
1703995199999,2023-12-31 03:59,14242.55123142142212389897039,10094.92455210115692985550535,17636.55488422114001283681012
1704009599999,2023-12-31 07:59,14315.27282718907079590943787,10181.35348884393114176305877,17787.55306165528055442386537
1704023999999,2023-12-31 11:59,14311.49879588282394984608656,10176.86808791742992677788140,17779.71671204266412199699908
1704038399999,2023-12-31 15:59,14299.17579825052701758266782,10162.22232043116475362190467,17754.12939972697578153809044
1704052799999,2023-12-31 19:59,14331.77464817273496701034540,10200.96574881818458658085143,17821.81722853136329044613983
1704067199999,2023-12-31 23:59,14264.21666834383598192967128,10120.67372134731491854842863,17681.54071620221129354557612
1704081599999,2024-01-01 03:59,14273.66382995408355657384472,10131.90158460570189800171950,17701.15667993368604515412988
1704095999999,2024-01-01 07:59,14306.28281878400893847784754,10170.66894789627830094457862,17768.88632490462967163115934
1704110399999,2024-01-01 11:59,14346.10549490445991716339127,10217.99782618903978713289104,17851.57361265269655253236207
1704124799999,2024-01-01 15:59,14364.80447072009597143138326,10240.22138414131501719552282,17890.39992330005171533036284
1704139199999,2024-01-01 19:59,14512.81335909859421293615472,10416.12856433997045696106509,18197.72365778758217679253506
1704153599999,2024-01-01 23:59,14646.04431699404050331345982,10574.47231230881484253171323,18474.36268925623356613712733
1704167999999,2024-01-02 03:59,14892.30892223512005356147965,10867.15549346961957680729772,18985.70331875440603489619344
1704182399999,2024-01-02 07:59,14903.01275168693541472834851,10879.87689470993652325672022,19007.92861127898252280910395
1704196799999,2024-01-02 11:59,14898.67483096460045932789027,10874.72131648385134872199659,18998.92140900279479845079553
1704211199999,2024-01-02 15:59,14848.49471460507395806827193,10815.08271729194591980755437,18894.72806679491665182313960
1704225599999,2024-01-02 19:59,14819.22684001932934022479024,10780.29812195318276218771294,18833.95663193891098882439483
1704239999999,2024-01-02 23:59,14800.58223925453035364287642,10758.13918824051027108164455,18795.24322494125734346264026
1704254399999,2024-01-03 03:59,14864.17688204463862738274189,10833.72082669144696628011373,18927.29031569216540278792496
1704268799999,2024-01-03 07:59,14813.64433480005705778743172,10773.66336668730156264720510,18822.36519056955519870311770
1704283199999,2024-01-03 11:59,14550.04818557735511841390419,10460.38180752571270021663849,18275.03756813318795007979799
1704297599999,2024-01-03 15:59,14408.49784490383747206663949,10292.15055089764925429179197,17981.12427826020439298953622
1704311999999,2024-01-03 19:59,14327.26957451634532205638761,10195.61151089257988117965517,17812.46295207275979026529678
1704326399999,2024-01-03 23:59,14377.32684353879548521042194,10255.10410717279023319223196,17916.40121566464561972217424
1704340799999,2024-01-04 03:59,14429.19862814658631448136105,10316.75323826344754075531292,18024.10711586323764214415658
1704355199999,2024-01-04 07:59,14360.78273084892470590923140,10235.44158390106799140822334,17882.04923483879503680504162
1704369599999,2024-01-04 11:59,14444.00475310044267107568276,10334.35017935823779292768437,18054.85036151529527885830862
1704383999999,2024-01-04 15:59,14620.17589003099848747367985,10543.72792869040069819627918,18420.64982331490054878221942
1704398399999,2024-01-04 19:59,14601.12045554876387837473099,10521.08072294517417941839852,18381.08336651950210501327130
1704412799999,2024-01-04 23:59,14640.31479774843096379892701,10567.66283224697068210864512,18462.46598987101811776229565
1704427199999,2024-01-05 03:59,14502.18404360533335193168927,10403.49572224281281945211834,18175.65308507926332388485082
1704441599999,2024-01-05 07:59,14565.06979684378800250490605,10478.23485208855825121687224,18306.22824676739604478203685
1704455999999,2024-01-05 11:59,14563.83528180070939170616840,10476.76764250054051120304421,18303.66491575750603780355817
1704470399999,2024-01-05 15:59,14509.19238349099985369287528,10411.82506868049917385362169,18190.20511104079223788991735
1704484799999,2024-01-05 19:59,14529.32927731766058677048992,10435.75757874671350076759640,18232.01709598025419511309557
1704499199999,2024-01-05 23:59,14639.10847717615675846704470,10566.22913152393214007229440,18459.96120149430667538038908
1704513599999,2024-01-06 03:59,14596.00920077007951588338326,10515.00604442251671750144004,18370.47042344755946600612795
1704527999999,2024-01-06 07:59,14540.04317622333466417552141,10448.49094743880873220897508,18254.26329658810874181049612
1704542399999,2024-01-06 11:59,14543.82123531112499673413777,10452.98113534602126119093494,18262.10800943403639775115842
1704556799999,2024-01-06 15:59,14583.13439706632493376865275,10499.70446057880152678626450,18343.73734816823350415716522
1704571199999,2024-01-06 19:59,14591.02683500078672124051711,10509.08454928262130348152071,18360.12510384157597944045709
1704585599999,2024-01-06 23:59,14603.50490222250788357164025,10523.91461552627206551362265,18386.03440063974642518051232
1704599999999,2024-01-07 03:59,14597.88413307857247942926377,10517.23438394363338300368131,18374.36350855393401167817305
1704614399999,2024-01-07 07:59,14625.99603436133647313167628,10550.64511581824942354695294,18432.73469544961852621746145
1704628799999,2024-01-07 11:59,14622.18978080274173510620456,10546.12141904605769658751577,18424.83143997051230568022704
1704643199999,2024-01-07 15:59,14619.46498658857312105939862,10542.88302659485377776417266,18419.17371263546959859722273
1704657599999,2024-01-07 19:59,14659.17891260734996437278602,10590.08265640840978603935830,18501.63519308413344462593305
1704671999999,2024-01-07 23:59,14595.59031148955692037581812,10514.50819842854006183606283,18369.60064718319222057134237
1704686399999,2024-01-08 03:59,14582.08637744713411124233919,10416.17882763743925392728106,18197.81147173735002368739322
1704700799999,2024-01-08 07:59,14582.08637744713411124233919,10525.40576001784637551136305,18170.19190685983419009152535
1704715199999,2024-01-08 11:59,14582.08637744713411124233919,10683.72078610242287710131635,18170.19190685983419009152535
1704729599999,2024-01-08 15:59,14582.08637744713411124233919,10761.99988818418500948670917,18170.19190685983419009152535
1704743999999,2024-01-08 19:59,14582.08637744713411124233919,11244.60174208566125211013496,18170.19190685983419009152535
1704758399999,2024-01-08 23:59,14582.08637744713411124233919,11237.82577088879628966454416,18170.19190685983419009152535
1704772799999,2024-01-09 03:59,14567.42093850117326225670375,11232.06224611237423753844644,18170.19190685983419009152535
1704787199999,2024-01-09 07:59,14551.69050361061629649695106,11207.78028645423398885935119,18103.72558774043420157826455
1704801599999,2024-01-09 11:59,14519.20316286867942645275801,11157.63187652250855856616206,18022.72144877508489545838343
1704815999999,2024-01-09 15:59,14558.29278963959525758172454,11217.97176838862148800923661,18120.18776909373972589376922
1704830399999,2024-01-09 19:59,14559.52083344770970971397926,11219.86741275030183073509599,18123.24978121957767217321489
1704844799999,2024-01-09 23:59,14440.74635902173098776594414,11036.52365801662009696798161,17827.09676246792044622394926
1704859199999,2024-01-10 03:59,14441.84725688001540823804118,11038.22303616913656582575960,17829.84174808578022129769475
1704873599999,2024-01-10 07:59,14386.16353309591666458459230,10952.26801051678243959967102,17690.99960229904748545495083
1704887999999,2024-01-10 11:59,14348.62601724914548823389216,10894.32400249668216554622430,17597.40332508388228156719777
1704902399999,2024-01-10 15:59,14353.35677691904093451610068,10901.62654157179166763788715,17609.19903088682618825733510
1704916799999,2024-01-10 19:59,14499.54050689557416447154323,11127.28002532242216196689080,17973.69445916933868741589524
1704931199999,2024-01-10 23:59,14525.09529225104674728933368,11166.72713987400515245286112,18037.41292109602453669814805
1704945599999,2024-01-11 03:59,14501.55313424776173879940513,11130.38677580406494587871590,17978.71275682001754381832011
1704959999999,2024-01-11 07:59,14439.41287710887943620819280,11034.46525631075507835151814,17823.77185031107621162758148
1704974399999,2024-01-11 11:59,14588.04959358091400868033607,11263.90524180403494413545809,18194.38357049141147721806468
1704988799999,2024-01-11 15:59,14545.22001521255870969404834,11197.79225120007733457272088,18087.59203142588653765891251
1705003199999,2024-01-11 19:59,14531.03548900469127521694458,11175.89660142652711328968851,18052.22424490168763290592127
1705017599999,2024-01-11 23:59,14476.27900031813349415830420,11091.37288300685587210155941,17915.69407291703960902669820
1705031999999,2024-01-12 03:59,14422.75985880187285047534471,11008.75916989099891562963712,17782.24911011978890980782569
1705046399999,2024-01-12 07:59,14424.96010395807791054563441,11012.15553270567619634680185,17787.73521517858189689183253
1705060799999,2024-01-12 11:59,14416.61188695948168544454930,10999.26898063081891700838402,17766.91971860596636309317656
1705075199999,2024-01-12 15:59,14185.21556163100674920098756,10642.07884089470241909058208,17189.95467114725414709974687
1705089599999,2024-01-12 19:59,14031.79381587634439985998310,10405.25254416386505627128600,16807.41192897154526759718113
1705103999999,2024-01-12 23:59,13924.83306086201215618928222,10240.14479244993399324700324,16540.71531222337202233364355
1705118399999,2024-01-13 03:59,13914.64043784156116402637027,10198.78767259453671804482613,16473.91164110928884839104018
1705132799999,2024-01-13 07:59,13914.64043784156116402637027,10316.79392759949370972796395,16449.05014034850807219728871
1705147199999,2024-01-13 11:59,13914.64043784156116402637027,10202.15292003459045778290478,16449.05014034850807219728871
1705161599999,2024-01-13 15:59,13914.64043784156116402637027,10329.12279642148290844122364,16449.05014034850807219728871
1705175999999,2024-01-13 19:59,13914.64043784156116402637027,10240.98730105512525668071853,16449.05014034850807219728871
1705190399999,2024-01-13 23:59,13914.64043784156116402637027,10255.76471051095156474821326,16449.05014034850807219728871
1705204799999,2024-01-14 03:59,13914.64043784156116402637027,10215.99208127099922248103477,16449.05014034850807219728871
1705219199999,2024-01-14 07:59,13914.64043784156116402637027,10294.88631037416520345297540,16449.05014034850807219728871
1705233599999,2024-01-14 11:59,13914.64043784156116402637027,10251.45642787076896764398739,16449.05014034850807219728871
1705247999999,2024-01-14 15:59,13914.64043784156116402637027,10269.26160262650137867639642,16449.05014034850807219728871
1705262399999,2024-01-14 19:59,13914.64043784156116402637027,10210.76948531495565199135652,16449.05014034850807219728871
1705276799999,2024-01-14 23:59,13914.64043784156116402637027,9988.737352472434196228293834,16449.05014034850807219728871
1705291199999,2024-01-15 03:59,13914.64043784156116402637027,10188.26828248142421011534130,16449.05014034850807219728871
1705305599999,2024-01-15 07:59,13914.64043784156116402637027,10223.88102548324468917855058,16449.05014034850807219728871
1705319999999,2024-01-15 11:59,13914.64043784156116402637027,10219.86235517609658887966434,16449.05014034850807219728871
1705334399999,2024-01-15 15:59,13914.64043784156116402637027,10119.57510927406835628685103,16449.05014034850807219728871
1705348799999,2024-01-15 19:59,13914.64043784156116402637027,10290.39372897659701747262431,16449.05014034850807219728871
1705363199999,2024-01-15 23:59,13914.64043784156116402637027,10175.13041391922294594584363,16449.05014034850807219728871
1705377599999,2024-01-16 03:59,13971.77130306668434261414556,10274.09166616421720142991186,16449.05014034850807219728871
1705391999999,2024-01-16 07:59,13949.96802833416608271803637,10242.15532434868587189564198,16373.32767443478507232321759
1705406399999,2024-01-16 11:59,13967.84628875899425340853555,10268.34250232992909129416156,16415.19142200479042830072717
1705420799999,2024-01-16 15:59,14025.38647561023951202516545,10352.62447822367897564477577,16549.92756524421996856542372
1705435199999,2024-01-16 19:59,14011.24204436654033960061916,10331.90642570511199757023180,16516.80695479124799513143022
1705449599999,2024-01-16 23:59,14006.64052884178792860853017,10325.16635686358189010050955,16506.03204270303530137101828
1705463999999,2024-01-17 03:59,13959.42433882484158073338403,10256.00645303687292158572816,16395.47057793424773524633686
1705478399999,2024-01-17 07:59,13927.87715888135079713492163,10209.79772823055891064451446,16321.59967851129522610623998
1705492799999,2024-01-17 11:59,13931.83485440725645744132772,10215.59476187196016074808949,16330.86702122352929723113973
1705507199999,2024-01-17 15:59,13899.58339421122011662070964,10168.35444272235798350025283,16255.34697865071184810143434
1705521599999,2024-01-17 19:59,13920.55166381833053489147881,10199.06771096614858685660081,16304.44629396177196398694782
1705535999999,2024-01-17 23:59,13947.51203478526591449321046,10238.55790834413340331361338,16367.57671816043007277708863
1705550399999,2024-01-18 03:59,13917.43714372238660898561176,10194.50571834826634792290386,16297.15333144752004839485082
1705564799999,2024-01-18 07:59,13970.26306484603573631240616,10271.88247456594579191480049,16420.85054664202997875230716
1705579199999,2024-01-18 11:59,13909.68189063983158676670041,10183.14621312031823355809498,16278.99362520793998994779292
1705593599999,2024-01-18 15:59,13921.89322782607972857915817,10201.03276654814298253580605,16307.58770121476295176297701
1705607999999,2024-01-18 19:59,13660.93370037474448872240658,9818.792356749720339455321916,15696.52468257571210178507001
1705622399999,2024-01-18 23:59,13710.80197124988443142715514,9891.836895423660616359080306,15813.29626180443191292862521
1705636799999,2024-01-19 03:59,13700.30947375835366780148022,9826.822516892949569057920690,15709.36198018080925646056079
1705651199999,2024-01-19 07:59,13700.30947375835366780148022,9881.485049635444098316982035,15685.49395490282353709585000
1705665599999,2024-01-19 11:59,13700.30947375835366780148022,9927.229437312760651570295829,15685.49395490282353709585000
1705679999999,2024-01-19 15:59,13700.30947375835366780148022,9788.249026321181382984751734,15685.49395490282353709585000
1705694399999,2024-01-19 19:59,13700.30947375835366780148022,10008.34482546597632704930402,15685.49395490282353709585000
1705708799999,2024-01-19 23:59,13700.30947375835366780148022,9971.188281184757084023747123,15685.49395490282353709585000
1705723199999,2024-01-20 03:59,13700.30947375835366780148022,9965.352951697665321945912306,15685.49395490282353709585000
1705737599999,2024-01-20 07:59,13700.30947375835366780148022,9969.254340977386229323627955,15685.49395490282353709585000
1705751999999,2024-01-20 11:59,13700.30947375835366780148022,9952.471186603519356604276954,15685.49395490282353709585000
1705766399999,2024-01-20 15:59,13700.30947375835366780148022,9949.905364942255054328871325,15685.49395490282353709585000
1705780799999,2024-01-20 19:59,13700.30947375835366780148022,9964.948451827559289217793321,15685.49395490282353709585000
1705795199999,2024-01-20 23:59,13700.30947375835366780148022,9980.046588991043635069713759,15685.49395490282353709585000
1705809599999,2024-01-21 03:59,13700.30947375835366780148022,9976.403696669733683518251662,15685.49395490282353709585000
1705823999999,2024-01-21 07:59,13700.30947375835366780148022,9968.670329330605921716166226,15685.49395490282353709585000
1705838399999,2024-01-21 11:59,13700.30947375835366780148022,9985.755063489285576232813037,15685.49395490282353709585000
1705852799999,2024-01-21 15:59,13700.30947375835366780148022,9970.530071336951409466157059,15685.49395490282353709585000
1705867199999,2024-01-21 19:59,13700.30947375835366780148022,9985.637782461858383311642444,15685.49395490282353709585000
1705881599999,2024-01-21 23:59,13700.30947375835366780148022,9952.351512085736506684715124,15685.49395490282353709585000
1705895999999,2024-01-22 03:59,13700.30947375835366780148022,9860.611420243759415347007695,15685.49395490282353709585000
1705910399999,2024-01-22 07:59,13700.30947375835366780148022,9823.909639130115002015785755,15685.49395490282353709585000
1705924799999,2024-01-22 11:59,13700.30947375835366780148022,9769.407470241449491648937262,15685.49395490282353709585000
1705939199999,2024-01-22 15:59,13700.30947375835366780148022,9758.876112676558698727496246,15685.49395490282353709585000
1705953599999,2024-01-22 19:59,13700.30947375835366780148022,9531.092422509393475830292023,15685.49395490282353709585000
1705967999999,2024-01-22 23:59,13700.30947375835366780148022,9470.707054326523063417783981,15685.49395490282353709585000
1705982399999,2024-01-23 03:59,13700.30947375835366780148022,9574.206364285842987851636800,15685.49395490282353709585000
1705996799999,2024-01-23 07:59,13700.30947375835366780148022,9521.444262885740115315217311,15685.49395490282353709585000
1706011199999,2024-01-23 11:59,13700.30947375835366780148022,9297.786950091727557644504977,15685.49395490282353709585000
1706025599999,2024-01-23 15:59,13700.30947375835366780148022,9383.579218399897007979989469,15685.49395490282353709585000
1706039999999,2024-01-23 19:59,13700.30947375835366780148022,9370.192426840707415977803196,15685.49395490282353709585000
1706054399999,2024-01-23 23:59,13700.30947375835366780148022,9549.591709468266416396159662,15685.49395490282353709585000
1706068799999,2024-01-24 03:59,13700.30947375835366780148022,9481.712322981833942020689843,15685.49395490282353709585000
1706083199999,2024-01-24 07:59,13700.30947375835366780148022,9569.574960447646695964593989,15685.49395490282353709585000
1706097599999,2024-01-24 11:59,13700.30947375835366780148022,9624.206377815517684244569258,15685.49395490282353709585000
1706111999999,2024-01-24 15:59,13700.30947375835366780148022,9586.238440303730718764383160,15685.49395490282353709585000
1706126399999,2024-01-24 19:59,13700.30947375835366780148022,9526.961258155529496607017661,15685.49395490282353709585000
1706140799999,2024-01-24 23:59,13700.30947375835366780148022,9594.416996849010682267238603,15685.49395490282353709585000
1706155199999,2024-01-25 03:59,13700.30947375835366780148022,9576.975632627338134990297539,15685.49395490282353709585000
1706169599999,2024-01-25 07:59,13700.30947375835366780148022,9605.216425333735059008498118,15685.49395490282353709585000
1706183999999,2024-01-25 11:59,13700.30947375835366780148022,9616.721933473378250275172427,15685.49395490282353709585000
1706198399999,2024-01-25 15:59,13700.30947375835366780148022,9527.246083507852679415574816,15685.49395490282353709585000
1706212799999,2024-01-25 19:59,13700.30947375835366780148022,9571.528048577862806651843050,15685.49395490282353709585000
1706227199999,2024-01-25 23:59,13700.30947375835366780148022,9564.787979736332699182120800,15685.49395490282353709585000
1706241599999,2024-01-26 03:59,13700.30947375835366780148022,9590.261897591590133060051875,15685.49395490282353709585000
1706255999999,2024-01-26 07:59,13700.30947375835366780148022,9566.918186152867427750321369,15685.49395490282353709585000
1706270399999,2024-01-26 11:59,13700.30947375835366780148022,9882.746419052875336469163720,15685.49395490282353709585000
1706284799999,2024-01-26 15:59,13700.30947375835366780148022,9914.692334829829293996998547,15685.49395490282353709585000
1706299199999,2024-01-26 19:59,13700.30947375835366780148022,10068.23474114522574079482608,15685.49395490282353709585000
1706313599999,2024-01-26 23:59,13700.30947375835366780148022,10010.55641055460339356280663,15685.49395490282353709585000
1706327999999,2024-01-27 03:59,13700.30947375835366780148022,10008.52194375229494493025552,15685.49395490282353709585000
1706342399999,2024-01-27 07:59,13700.30947375835366780148022,9983.421410392520002801357357,15685.49395490282353709585000
1706356799999,2024-01-27 11:59,13700.30947375835366780148022,9995.649752619571607582185119,15685.49395490282353709585000
1706371199999,2024-01-27 15:59,13700.30947375835366780148022,10008.28020122637358809274063,15685.49395490282353709585000
1706385599999,2024-01-27 19:59,13700.30947375835366780148022,10031.37020268739665157300005,15685.49395490282353709585000
1706399999999,2024-01-27 23:59,13700.30947375835366780148022,10081.67179600188412976322832,15685.49395490282353709585000
1706414399999,2024-01-28 03:59,13700.30947375835366780148022,10108.28740875678995187377925,15685.49395490282353709585000
1706428799999,2024-01-28 07:59,13700.30947375835366780148022,10145.86281385024916961780255,15685.49395490282353709585000
1706443199999,2024-01-28 11:59,13700.30947375835366780148022,10165.76707964789276823932607,15685.49395490282353709585000
1706457599999,2024-01-28 15:59,13700.30947375835366780148022,10114.55356650789997366203666,15685.49395490282353709585000
1706471999999,2024-01-28 19:59,13700.30947375835366780148022,10001.55928030768873661014827,15685.49395490282353709585000
1706486399999,2024-01-28 23:59,13700.30947375835366780148022,10060.23330288626439517292215,15685.49395490282353709585000
1706500799999,2024-01-29 03:59,13700.30947375835366780148022,10132.07152242095354488749729,15685.49395490282353709585000
1706515199999,2024-01-29 07:59,13700.30947375835366780148022,10065.59472128293607156929212,15685.49395490282353709585000
1706529599999,2024-01-29 11:59,13700.30947375835366780148022,10111.90636617454333344132899,15685.49395490282353709585000
1706543999999,2024-01-29 15:59,13700.30947375835366780148022,10206.40136541588162992734974,15685.49395490282353709585000
1706558399999,2024-01-29 19:59,13700.30947375835366780148022,10291.18836777467514093851486,15685.49395490282353709585000
1706572799999,2024-01-29 23:59,13700.30947375835366780148022,10364.59911047303093859613245,15685.49395490282353709585000
1706587199999,2024-01-30 03:59,13724.31355576116613070129297,10416.54024468114346068435778,15685.49395490282353709585000
1706601599999,2024-01-30 07:59,13698.81088163839949549368032,10377.89494939870556465945173,15603.87232936001679204708346
1706615999999,2024-01-30 11:59,13727.16140175666645544298290,10420.85570779239302878375736,15668.46641684683295505537884
1706630399999,2024-01-30 15:59,13701.53552630963524711842526,10382.02372026221388688433486,15610.08018500182178849197229
1706644799999,2024-01-30 19:59,13728.77881401367828713210686,10423.30664191658579513638364,15672.15154390608415294498241
1706659199999,2024-01-30 23:59,13632.92186571921144968137002,10278.05049921247387676901719,15453.75018553514987801894586
1706673599999,2024-01-31 03:59,13631.17967263377780675841717,10275.41047935018420754348323,15449.78075668128848029215608
1706687999999,2024-01-31 07:59,13650.12424549569178066403505,10304.11800267593424624797494,15492.94424686552565557331351
1706702399999,2024-01-31 11:59,13586.62343986224776758019684,10207.89250990745593992509013,15348.26342346408433842904368
1706716799999,2024-01-31 15:59,13699.26104032321235880559470,10378.57709415006780920095416,15604.89797507474979145971727
1706731199999,2024-01-31 19:59,13695.08167232316030153076854,10372.24391866899939145774213,15595.37566433375499691294867
1706745599999,2024-01-31 23:59,13575.88597060134304900337590,10191.62156246969966486146376,15323.79907410003195243927311
1706759999999,2024-02-01 03:59,13575.88597060134304900337590,10041.46879872469153381641700,15323.79907410003195243927311
1706774399999,2024-02-01 07:59,13575.88597060134304900337590,10083.17471763475030183630568,15323.79907410003195243927311
1706788799999,2024-02-01 11:59,13575.88597060134304900337590,10058.64491695325106425931081,15323.79907410003195243927311
1706803199999,2024-02-01 15:59,13575.88597060134304900337590,10161.07547591750060854516426,15323.79907410003195243927311
1706817599999,2024-02-01 19:59,13575.88597060134304900337590,10329.04151756764961627961019,15323.79907410003195243927311
1706831999999,2024-02-01 23:59,13575.88597060134304900337590,10296.53905368725312065927405,15323.79907410003195243927311
1706846399999,2024-02-02 03:59,13575.88597060134304900337590,10285.61965975566991562329494,15323.79907410003195243927311
1706860799999,2024-02-02 07:59,13575.88597060134304900337590,10297.48305907201463652471763,15323.79907410003195243927311
1706875199999,2024-02-02 11:59,13575.88597060134304900337590,10312.18564420379399248474027,15323.79907410003195243927311
1706889599999,2024-02-02 15:59,13575.88597060134304900337590,10334.57410608846710799733652,15323.79907410003195243927311
1706903999999,2024-02-02 19:59,13575.88597060134304900337590,10291.52746054334198453310898,15323.79907410003195243927311
1706918399999,2024-02-02 23:59,13575.88597060134304900337590,10324.51507149489439843366043,15323.79907410003195243927311
1706932799999,2024-02-03 03:59,13561.62244784288139014199161,10318.28702584251842287582249,15323.79907410003195243927311
1706947199999,2024-02-03 07:59,13542.65616044107786224160550,10289.39568129471597908506929,15257.97842882806159157752029
1706961599999,2024-02-03 11:59,13533.55504097562478379424511,10275.53194651749685621054209,15237.42019516425810428464302
1706975999999,2024-02-03 15:59,13553.01239033100300804940174,10305.17132571195842523138097,15281.37179211279988146207171
1706990399999,2024-02-03 19:59,13543.91754641767228993884352,10291.31715048293941897321269,15260.82773409710106818215282
1707004799999,2024-02-03 23:59,13536.07310626472186893611951,10279.36771523279364852455970,15243.10817396625855198418931
1707019199999,2024-02-04 03:59,13525.70353919960253269575369,10283.20826372219049914675677,15248.80324059231133669021478
1707033599999,2024-02-04 07:59,13525.70353919960253269575369,10239.68125088000951571049338,15225.37632326744016079984811
1707047999999,2024-02-04 11:59,13525.70353919960253269575369,10291.08055166498653271832936,15225.37632326744016079984811
1707062399999,2024-02-04 15:59,13525.70353919960253269575369,10263.14516193719575056346839,15225.37632326744016079984811
1707076799999,2024-02-04 19:59,13525.70353919960253269575369,10189.83059690345139055280282,15225.37632326744016079984811
1707091199999,2024-02-04 23:59,13525.70353919960253269575369,10177.03036186349524124820574,15225.37632326744016079984811
1707105599999,2024-02-05 03:59,13525.70353919960253269575369,10209.39660218204007508542723,15225.37632326744016079984811
1707119999999,2024-02-05 07:59,13525.70353919960253269575369,10293.89583860992087623603200,15225.37632326744016079984811
1707134399999,2024-02-05 11:59,13525.70353919960253269575369,10323.10025836127713921253992,15225.37632326744016079984811
1707148799999,2024-02-05 15:59,13525.70353919960253269575369,10191.64452117442351850690835,15225.37632326744016079984811
1707163199999,2024-02-05 19:59,13525.70353919960253269575369,10220.64102075242724507760970,15225.37632326744016079984811
1707177599999,2024-02-05 23:59,13525.70353919960253269575369,10207.09992072696205800519613,15225.37632326744016079984811
1707191999999,2024-02-06 03:59,13525.70353919960253269575369,10241.13430220642724139704958,15225.37632326744016079984811
1707206399999,2024-02-06 07:59,13525.70353919960253269575369,10250.42857294399062165201188,15225.37632326744016079984811
1707220799999,2024-02-06 11:59,13525.70353919960253269575369,10235.36272498060683427035019,15225.37632326744016079984811
1707235199999,2024-02-06 15:59,13525.70353919960253269575369,10335.24327446247527114246109,15225.37632326744016079984811
1707249599999,2024-02-06 19:59,13525.70353919960253269575369,10343.34260167502407435255809,15225.37632326744016079984811
1707263999999,2024-02-06 23:59,13525.70353919960253269575369,10300.36526285434979635693273,15225.37632326744016079984811
1707278399999,2024-02-07 03:59,13525.70353919960253269575369,10228.91958949372823484443649,15225.37632326744016079984811
1707292799999,2024-02-07 07:59,13525.70353919960253269575369,10257.12742634522234056552675,15225.37632326744016079984811
1707307199999,2024-02-07 11:59,13525.70353919960253269575369,10259.57945045855225266159034,15225.37632326744016079984811
1707321599999,2024-02-07 15:59,13525.70353919960253269575369,10293.70464764591854390885356,15225.37632326744016079984811
1707335999999,2024-02-07 19:59,13525.70353919960253269575369,10423.80770876245566339969761,15225.37632326744016079984811
1707350399999,2024-02-07 23:59,13525.70353919960253269575369,10599.25648676624595258909003,15225.37632326744016079984811
1707364799999,2024-02-08 03:59,13525.70353919960253269575369,10644.99653501675393271244395,15225.37632326744016079984811
1707379199999,2024-02-08 07:59,13525.70353919960253269575369,10638.36459845292303011344154,15225.37632326744016079984811
1707393599999,2024-02-08 11:59,13525.70353919960253269575369,10682.75197063311450902200795,15225.37632326744016079984811
1707407999999,2024-02-08 15:59,13525.70353919960253269575369,10858.00955767290246588422193,15225.37632326744016079984811
1707422399999,2024-02-08 19:59,13525.70353919960253269575369,10822.60099113967051889077338,15225.37632326744016079984811
1707436799999,2024-02-08 23:59,13525.70353919960253269575369,10823.67883019923366738524188,15225.37632326744016079984811
1707451199999,2024-02-09 03:59,13525.70353919960253269575369,11008.19961944493462549925165,15225.37632326744016079984811
1707465599999,2024-02-09 07:59,13525.70353919960253269575369,11041.95916391364645617078609,15225.37632326744016079984811
1707479999999,2024-02-09 11:59,13525.70353919960253269575369,11275.69489718059778445461808,15225.37632326744016079984811
1707494399999,2024-02-09 15:59,13525.70353919960253269575369,11270.90795341938938881288769,15225.37632326744016079984811
1707508799999,2024-02-09 19:59,13525.70353919960253269575369,11354.43211593085829509488238,15225.37632326744016079984811
1707523199999,2024-02-09 23:59,13525.70353919960253269575369,11264.40268086921003138064100,15225.37632326744016079984811
1707537599999,2024-02-10 03:59,13550.49681011624989078514528,11322.68007658417095385872164,15225.37632326744016079984811
1707551999999,2024-02-10 07:59,13518.27793266400251819361018,11268.93151682901527838068049,15130.38344625126563314995689
1707566399999,2024-02-10 11:59,13522.61580553751986119970926,11276.16809481650355696438474,15140.09972142452733911603251
1707580799999,2024-02-10 15:59,13547.18180422809958308497578,11317.14987795040349129508504,15195.12438677165142561083596
1707595199999,2024-02-10 19:59,13572.62597863580814620628547,11359.59666184597129708279020,15252.11605234374559987221945
1707609599999,2024-02-10 23:59,13604.14288854907814162708460,11412.17417694661268705686336,15322.70986139650568284899085
1707623999999,2024-02-11 03:59,13714.24005039701567290341435,11595.84177651545323716083932,15569.31328927481104180039245
1707638399999,2024-02-11 07:59,13665.51920543154297861859810,11514.56410783101173572319139,15460.18488690775114807507343
1707652799999,2024-02-11 11:59,13698.78243867137097969475878,11570.05489524563866453264616,15534.69023474393461928587593
1707667199999,2024-02-11 15:59,13661.35181038892014149682062,11507.61192640247692647616508,15450.85046006527482619419034
1707681599999,2024-02-11 19:59,13680.48687246671774735298489,11539.53364772971633765269669,15493.71052858880739111786014
1707695999999,2024-02-11 23:59,13682.77757878268678020197843,11543.35507712271295504217591,15498.84141498314208987603548
1707710399999,2024-02-12 03:59,13660.57391574878806842802544,11506.31421773431109580544137,15449.10807650547261141890003
1707724799999,2024-02-12 07:59,13669.02331277917290629129241,11520.40977155538304662667244,15468.03363495061711002785447
1707739199999,2024-02-12 11:59,13625.90961260463379210088560,11448.48612078475565429623008,15371.46451297594371470122105
1707753599999,2024-02-12 15:59,13914.54290617717464970981041,11929.99339396347953283288186,16017.96582509062295278808335
1707767999999,2024-02-12 19:59,13859.27800464425571273943914,11837.79872123450485551334457,15894.17958091660814728831470
1707782399999,2024-02-12 23:59,13914.46697907601995381175122,11929.86672994982798766612614,16017.79575818699584895182112
1707796799999,2024-02-13 03:59,13896.23301410437902191557252,11899.44824757705691441203508,15976.95403084047174276416902
1707811199999,2024-02-13 07:59,13923.89626548734464062355575,11945.59696651311987988473294,16038.91614233178070650423518
1707825599999,2024-02-13 11:59,13924.61685665490713188249494,11946.79907969928454439186743,16040.53017351148699385593137
1707839999999,2024-02-13 15:59,13744.01779991779886039508393,11645.51796873735923406997954,15636.01160359165972747108200
1707854399999,2024-02-13 19:59,13788.32197973497103668524911,11719.42761564656085344898802,15735.24724626282601502288347
1707868799999,2024-02-13 23:59,13883.28242930365353288811688,11877.84366864479336144087047,15947.94639293879214503189568
1707883199999,2024-02-14 03:59,13857.35547313954624301877040,11834.59149281336573072492610,15889.87335856438978222673165
1707897599999,2024-02-14 07:59,13903.24409397326735635145393,11911.14435479989959452717663,15992.65794454520846304091080
1707911999999,2024-02-14 11:59,14149.10321044624387199336872,12321.29438043885299025265221,16543.35062253728267578593489
1707926399999,2024-02-14 15:59,14154.10007325431140581281179,12329.63030646935467971763254,16554.54295008164754712334301
1707940799999,2024-02-14 19:59,14166.70683721961940398113144,12350.66131250961123570726180,16582.78047370275158031405157
1707955199999,2024-02-14 23:59,14183.49245692206415563319977,12378.66361907480283417663523,16620.37809464235112087036205
1707969599999,2024-02-15 03:59,14262.01970314460482831461360,12509.66527772215091560521798,16796.26898751630766397816768
1707983999999,2024-02-15 07:59,14180.83357579483555965588145,12374.22798870994872418609523,16614.42254420590008841559442
1707998399999,2024-02-15 11:59,14260.11149750803775404640885,12506.48194817151208235769682,16791.99485325911328077248316
1708012799999,2024-02-15 15:59,14205.41963070081463517459757,12415.24323026254906667405177,16669.49213288605774950865582
1708027199999,2024-02-15 19:59,14213.12408258779490950973655,12428.09604281760585736862292,16686.74911038995519161088657
1708041599999,2024-02-15 23:59,14195.64509086725821795841064,12398.93703092020014831981989,16647.59842565119492922908713
1708055999999,2024-02-16 03:59,14252.98437810719601644556905,12494.59226009761704076128710,16776.03102598468230746296327
1708070399999,2024-02-16 07:59,14174.44137342969870876644482,12363.56431269271863863771730,16600.10483620619938431366924
1708084799999,2024-02-16 11:59,14243.47343424745967555471971,12478.72579997247348675956565,16754.72773969826075333192757
1708099199999,2024-02-16 15:59,14196.79259290546409370077701,12400.85133044727350074569410,16650.16868206261587588655958
1708113599999,2024-02-16 19:59,14177.92255938830080371519673,12369.37173822428948307576266,16607.90224329702697529701263
1708127999999,2024-02-16 23:59,14230.61596758965975696828007,12457.27656369846182880423353,16725.92867441423703766299470
1708142399999,2024-02-17 03:59,14208.35929884363418202021029,12420.14727848920889086617895,16676.07660998497882633903468
1708156799999,2024-02-17 07:59,14200.13338535627071321538171,12406.42454704794148808294586,16657.65162582220844468209734
1708171199999,2024-02-17 11:59,14168.49470556379035644863859,12353.64389154804762001124559,16586.78506796174451593018842
1708185599999,2024-02-17 15:59,14067.36553717299237841477259,12184.93698491238957450898318,16360.26878756845179877126813
1708199999999,2024-02-17 19:59,14126.08297292822861942896776,12282.89128543193451318477122,16491.78826264324623154258310
1708214399999,2024-02-17 23:59,14161.64121024446837198986118,12342.21067190070814684597441,16571.43412330227159606833050
1708228799999,2024-02-18 03:59,14138.34018571086216855716582,12303.33915903198395557650622,16519.24283674576510744936746
1708243199999,2024-02-18 07:59,14165.71835231779411776111547,12349.01229044509111938534769,16580.56639514609683225705283
1708257599999,2024-02-18 11:59,14188.77010674572264032093723,12387.46796296711023784320275,16632.19934884918603658338140
1708271999999,2024-02-18 15:59,14180.45823804950479880132466,12373.60183830284108581458582,16613.58183611627176379105287
1708286399999,2024-02-18 19:59,14178.18472277530664049528792,12369.80908755444481827418336,16608.48945543596584325995577
1708300799999,2024-02-18 23:59,14232.55855530976858032239842,12460.51725053830136174990822,16730.27982009948897732283570
1708315199999,2024-02-19 03:59,14221.97746909979529913248831,12442.86554478678602964315802,16706.57955311477597855617963
1708329599999,2024-02-19 07:59,14269.28578346642780180435420,12521.78678483989878514833158,16812.54406931247126128990334
1708343999999,2024-02-19 11:59,14261.00256650649475118966963,12507.96845791663021620150926,16793.99073276960495220937188
1708358399999,2024-02-19 15:59,14231.17181127358470052388325,12458.20383987387314059104900,16727.17369250116753367185776
1708372799999,2024-02-19 19:59,14187.13695777748955874004127,12384.74349173007700218090987,16628.54130601645210501094870
1708387199999,2024-02-19 23:59,14180.56424947375852514955825,12373.77868994454324321722588,16613.81928801944922952470201
1708401599999,2024-02-20 03:59,14152.70043593679937010707903,12327.29538682147619617196574,16551.40794319780451980205639
1708415999999,2024-02-20 07:59,14189.81159735967478971507000,12389.20541085248143286643690,16634.53215335742951750720471
1708430399999,2024-02-20 11:59,14253.92272247052291858196103,12496.15763611538613669006064,16778.13279620875311902431714
1708444799999,2024-02-20 15:59,14166.99335458246731303041143,12351.13928991961706652520792,16583.42223560323121743202222
1708459199999,2024-02-20 19:59,14227.32101791690880290156016,12451.77982348339477439785315,16718.54841255872121080633223
1708473599999,2024-02-20 23:59,14249.91434456428067098253394,12489.47073214940456354699442,16769.15454722104299574390776
1708487999999,2024-02-21 03:59,14213.12121741416643041924375,12428.09126304350579906044346,16686.74269277095039523970686
1708502399999,2024-02-21 07:59,14151.04006781909573716650147,12324.52550773049240658196798,16547.68893298452502270341648
1708516799999,2024-02-21 11:59,14064.63932446549452381087346,12180.38902985618409427622586,16354.16242308538805159377741
1708531199999,2024-02-21 15:59,14091.92580551631514211905351,12225.90920849808939222332456,16415.28061767756629252371217
1708545599999,2024-02-21 19:59,14077.88645473676759870433390,12202.48831540780368214396470,16383.83428455406407374315037
1708559999999,2024-02-21 23:59,14191.25994262887096995918036,12391.62158666006090765115453,16637.77625976435408313854634
1708574399999,2024-02-22 03:59,14153.54136439675798316671580,12328.69825051984330962263760,16553.29151437571225474330025
1708588799999,2024-02-22 07:59,14188.14263372108571950301405,12386.42119243919746835190075,16630.79389028713563129502568
1708603199999,2024-02-22 11:59,14158.69008140713490878227726,12337.28750457764808942112937,16564.82397572733133375323281
1708617599999,2024-02-22 15:59,14155.87648090396844191834774,12332.59376641139083078889848,16558.52187386462129725476104
1708631999999,2024-02-22 19:59,14142.63794615358080429636570,12310.50882018207141784569802,16528.86926525295966421892720
1708646399999,2024-02-22 23:59,14110.89612011047520027188178,12257.55609281457545067953715,16457.77167310832306610454884
1708660799999,2024-02-23 03:59,14083.90331935657368873921373,12212.52584101792612932083321,16397.31128446413645322053400
1708675199999,2024-02-23 07:59,14057.53799162730909802446886,12168.54235974918957745343128,16338.25635438200024562487487
1708689599999,2024-02-23 11:59,14100.94393951195307944514126,12240.95354747802291721817868,16435.48007349516287081183835
1708703999999,2024-02-23 15:59,14056.84318702240291857996488,12167.38326452992543771991194,16336.70008177333712561379605
1708718399999,2024-02-23 19:59,14083.77295395647789012179133,12212.30836129637347629866773,16397.01928279941821833185735
1708732799999,2024-02-23 23:59,14032.92471757185947114607114,12127.48171034263868103776987,16283.12579832129701900560627
1708747199999,2024-02-24 03:59,14048.08435124014233894347552,12152.77149510604718961529906,16317.08142047567461891743331
1708761599999,2024-02-24 07:59,14079.41932262800391211798185,12205.04549455133487701997644,16387.26771072163013232429334
1708775999999,2024-02-24 11:59,14086.73840866195374878183925,12217.25542748993382526441007,16403.66151846938246250285357
1708790399999,2024-02-24 15:59,14083.80876862683387875295133,12212.36810847262420515091099,16397.09950303697817297160368
1708804799999,2024-02-24 19:59,14149.38256487502058331641672,12321.76040841360867530014968,16543.97634039025032197595628
1708819199999,2024-02-24 23:59,14150.97989917289767626615267,12324.42513247439118211019929,16547.55416298542429890864265
1708833599999,2024-02-25 03:59,14159.11269451733557462996525,12337.99252125740668987759990,16565.77057453053879850223952
1708847999999,2024-02-25 07:59,14172.62055558880024675827047,12360.52676625213158378966971,16596.02643932865129042896577
1708862399999,2024-02-25 11:59,14161.97930073262890466801157,12342.77468524451502721115083,16572.19140234483756786753586
1708876799999,2024-02-25 15:59,14144.64786545395888627706485,12313.86183171326232103359005,16533.37122498482431860149130
1708891199999,2024-02-25 19:59,14165.98481346524267317694586,12349.45680943639654204603758,16581.16323371354289477676554
1708905599999,2024-02-25 23:59,14173.99154117002749155907524,12362.81388815900948425354190,16599.09727002244635403845532
1708919999999,2024-02-26 03:59,14149.17054202651313061994952,12321.40670513020436049486955,16543.50143658389539050865800
1708934399999,2024-02-26 07:59,14111.58949212856714017113936,12258.71279814678956125896676,16459.32473690748378793003782
1708948799999,2024-02-26 11:59,14082.47216512914838303806017,12210.13834385494700438519234,16394.10568377124066581627061
1708963199999,2024-02-26 15:59,14333.50578517515813610997162,12628.92064151860570468277484,16956.38858168597712491184462
1708977599999,2024-02-26 19:59,14569.13623179446429869259071,13022.00687362035094020757395,17484.17035983092829254531655
1708991999999,2024-02-26 23:59,14567.61195942411342255042115,13019.46403379911992025610059,17480.75618652037662307771269
1709006399999,2024-02-27 03:59,14738.25167262862837548485963,13304.13064998924255134618136,17862.96711277953170324190229
1709020799999,2024-02-27 07:59,14794.33458123247809279092528,13397.68994822378387565095483,17988.58558717941587271347714
1709035199999,2024-02-27 11:59,14861.48135780269981803493782,13509.70634414570035699071771,18138.98569736632122949548860
1709049599999,2024-02-27 15:59,14892.69312672453679031825375,13561.77481330468553714367826,18208.89602999507049894162125
1709063999999,2024-02-27 19:59,14977.79164866399425704490420,13703.73888385051734838185527,18399.50573205652751935008372
1709078399999,2024-02-27 23:59,14934.47881892227584606524780,13631.48303877993590363294036,18302.49058556102077622646071
1709092799999,2024-02-28 03:59,14917.15311399086278585528668,13602.57974479688331407173850,18263.68324343901711970277556
1709107199999,2024-02-28 07:59,15106.92788927317534464588943,13919.16808231424535633835088,18688.75423822170476479063496
1709121599999,2024-02-28 11:59,15207.21039885675775143913305,14086.46256570333617177358250,18913.37411219908015426595198
1709135999999,2024-02-28 15:59,15497.32498719522229883283543,14570.44098209179019563901572,19563.19333333923911625272252
1709150399999,2024-02-28 19:59,15495.16034851890634596552509,14566.82986275919614380943279,19558.34482218111545782645427
1709164799999,2024-02-28 23:59,15707.32502312096875741211282,14920.76974498146383534444469,20033.56630067678434549813004
1709179199999,2024-02-29 03:59,15582.57966109743187599134347,14712.66555032607518467297337,19754.15279563645753889047900
1709193599999,2024-02-29 07:59,15746.73118862025592850483653,14986.50836806661577689066426,20121.83102365925123651822325
1709207999999,2024-02-29 11:59,15779.51593786412792146869962,15041.20093320653296823414901,20195.26462912163371374201477
1709222399999,2024-02-29 15:59,15755.44847938490356132918029,15001.05083076604317952667495,20141.35662948134419583248025
1709236799999,2024-02-29 19:59,15588.11947430809619745917212,14721.90724354853792353796159,19766.56126198223132256644150
1709251199999,2024-02-29 23:59,15520.92828754663304631252118,14609.81676112807053842141706,19616.06167870075162203114459
1709265599999,2024-03-01 03:59,15517.33679240333450637979647,14603.82531429364744911846245,19608.01719327823937075738251
1709279999999,2024-03-01 07:59,15564.33853319171974636893277,14682.23511851805396564843366,19713.29502424242144177487763
1709294399999,2024-03-01 11:59,15625.89965377322148469723187,14784.93334483190677519233693,19851.18398617947627294205128
1709308799999,2024-03-01 15:59,15539.98312476283323763488705,14641.60464878050831696892375,19658.74205389214988856178261
1709323199999,2024-03-01 19:59,15676.29519272454020737508968,14869.00479147783235776087993,19964.06348685483964562190874
1709337599999,2024-03-01 23:59,15700.99298940202996742302499,14910.20644422033497426783544,20019.38336267618436519097869
1709351999999,2024-03-02 03:59,15689.46782848147282591573731,14890.97980290285042961595278,19993.56849022939096212060933
1709366399999,2024-03-02 07:59,15647.12056225255186843215448,14820.33474170398863472351629,19898.71608133850059608454741
1709380799999,2024-03-02 11:59,15620.54177908796558547569602,14775.99516726479773889674450,19839.18303864050705883600015
1709395199999,2024-03-02 15:59,15612.64536056787721207753944,14762.82210984503704155414944,19821.49608066328825986472906
1709409599999,2024-03-02 19:59,15661.86474574470526810810288,14844.93145922288868861502361,19931.74114873718272217531701
1709423999999,2024-03-02 23:59,15643.60069644996530576174978,14814.46278922206700312504821,19890.83203639110825409027798
1709438399999,2024-03-03 03:59,15635.55099114075330102222840,14801.03401388795318629485198,19872.80173579713284926089260
1709452799999,2024-03-03 07:59,15587.83295694524828840989212,14721.42926613853209272001547,19765.91950008175168544847085
1709467199999,2024-03-03 11:59,15621.22655558517208810347520,14777.13753327471167455163572,19840.71684958265339154795000
1709481599999,2024-03-03 15:59,15669.00762360050364070665308,14856.84743605433405090642037,19947.74027291614007552632529
1709495999999,2024-03-03 19:59,15750.00178431716481030236764,14991.96448020183233567751922,20129.15673575322629421985821
1709510399999,2024-03-03 23:59,15805.00882022352062912838692,15083.72897326180176526090501,20252.36539421680942631345327
1709524799999,2024-03-04 03:59,15854.39725064442895149802555,15166.12032931155685250436739,20362.98910181198687452364390
1709539199999,2024-03-04 07:59,15941.48420308205090702667914,15311.40156308282912961909047,20558.05263146277257653082268
1709553599999,2024-03-04 11:59,16108.14848787705112190235773,15589.43624270912085811016883,20931.35911135277269168316952
1709567999999,2024-03-04 15:59,16283.16045603862516692880889,15881.39679417593246748210739,21323.36332421324703426759123
1709582399999,2024-03-04 19:59,16419.77336723132244117075551,16109.29881315376263063290699,21629.35860717144041030158655
1709596799999,2024-03-04 23:59,16540.17512603408502140444018,16310.15687027346288610431514,21899.04300180049591820080254
1709611199999,2024-03-05 03:59,16521.29792958285053369262790,16278.66532861522872266393504,21856.76051898739502668330633
1709625599999,2024-03-05 07:59,16237.02972803329757044948377,15804.44004127794367663869239,21220.03644942652306008872688
1709639999999,2024-03-05 11:59,16312.47977777885169994163048,15930.30822254182913508253382,21389.03481948932830054952774
1709654399999,2024-03-05 15:59,16329.20379624828415114810362,15958.20776396386947992604883,21426.49446162032471912547453
1709668799999,2024-03-05 19:59,15561.04071834534031321172007,14676.73359852888685293387382,19705.90834476790081854703546
1709683199999,2024-03-05 23:59,15892.40234623938984733977010,15229.52164286178028135083044,20448.11560910110834003686064
1709697599999,2024-03-06 03:59,15826.38874583923160238565993,15119.39564759643686089604446,20300.25366723059994805642310
1709711999999,2024-03-06 07:59,16315.36644020954438361312640,15935.12384494763788057334098,21395.50057063666064451308203
1709726399999,2024-03-06 11:59,16404.88162729730236833442792,16084.45593726870957387015742,21596.00303239401127109506206
1709740799999,2024-03-06 15:59,16287.38228938018910676994957,15888.43979131236838458454347,21332.81968581681448720088874
1709755199999,2024-03-06 19:59,16324.39460231288199775593895,15950.18491313692160964682321,21415.72248812077401010033719
1709769599999,2024-03-06 23:59,16229.06454534612569887949999,15791.15226927978157989979026,21202.19546859318914820914283
1709783999999,2024-03-07 03:59,16196.58063933324401041738088,15736.96158042037051091514894,21129.43571312631028995922050
1709798399999,2024-03-07 07:59,16274.01052405607719144005234,15866.13258558739626031099806,21302.86865792142982290519855
1709812799999,2024-03-07 11:59,16348.15548721385909521272869,15989.82357974870515937909491,21468.94380252755031629364311
1709827199999,2024-03-07 15:59,16398.96504375449304646679609,16074.58570375208916747957005,21582.75064914910676460896816
1709841599999,2024-03-07 19:59,16433.06204252020846287636154,16131.46740542983306396924802,21659.12352411568597983306525
1709855999999,2024-03-07 23:59,16336.38392136125275192306022,15970.18587785861560022377859,21442.57701484634442530181899
1709870399999,2024-03-08 03:59,16384.07760158091569226620770,16049.74999752818619817908967,21549.40470080018481995921323
1709884799999,2024-03-08 07:59,16393.66590512862096860036263,16065.74551155403132650165657,21570.88126279973587611210101
1709899199999,2024-03-08 11:59,16467.90112125569996372356218,16189.58706859949206227740645,21737.15856240450745519270632
1709913599999,2024-03-08 15:59,16450.19291564488494493281227,16160.04567477408168857424652,21697.49446814536348311653036
1709927999999,2024-03-08 19:59,16628.74910358488762489885693,16457.91880680266542516417858,22097.43727571477093685024899
1709942399999,2024-03-08 23:59,16522.76633106744606757018786,16281.11496284150860560590891,21860.04954872735316691290591
1709956799999,2024-03-09 03:59,16540.40863768480606727960337,16310.54642186261763822094123,21899.56603774938682245194862
1709971199999,2024-03-09 07:59,16546.32522122761538914723521,16320.41665537923804461152860,21912.81842099429132893804252
1709985599999,2024-03-09 11:59,16547.95120726177727300189916,16323.12917718102113450337283,21916.46041977951326958252596
1709999999999,2024-03-09 15:59,16546.26218740778884915639361,16320.31150034903676183158045,21912.67723337618580877208898
1710014399999,2024-03-09 19:59,16532.69702286375459521823239,16297.68165987231070175592142,21882.29301619797738942176860
1710028799999,2024-03-09 23:59,16549.85368255108738908911831,16326.30294718345985113453506,21920.72171879869806004585107
1710043199999,2024-03-10 03:59,16667.83007187734241922064785,16523.11492552746074873202931,22184.97359894019343974144552
1710057599999,2024-03-10 07:59,16697.96740068849973256916381,16573.39097939892406331769191,22252.47732444214406999518824
1710071999999,2024-03-10 11:59,16729.67054688762086887199494,16626.27917981606924332343005,22323.48827873021591709864056
1710086399999,2024-03-10 15:59,16676.14480574718873983075322,16536.98582996582995906882570,22203.59752929211250890495376
1710100799999,2024-03-10 19:59,16705.56440856441204101082280,16586.06455042522866745553327,22269.49364123336164817818000
1710115199999,2024-03-10 23:59,16641.91314382093480616802617,16479.87947890538332209471305,22126.92302623230786423541046
1710129599999,2024-03-11 03:59,16591.56344764767174893805316,16395.88450864505867245704144,22014.14620746102123349442830
1710143999999,2024-03-11 07:59,16937.61482073493358002268839,16973.17845478895104691009561,22789.25660443181975002260866
1710158399999,2024-03-11 11:59,17004.54670928301937347974093,17084.83636765336315513639890,22939.17539319336537896614213
1710172799999,2024-03-11 15:59,17079.44234793146279896153086,17209.77966262888733094751459,23106.93195397874252160366980
1710187199999,2024-03-11 19:59,17073.71200067450461797593102,17200.22011442877071458859219,23094.09671596914977924425681
1710201599999,2024-03-11 23:59,17089.19826413643410208951459,17226.05479343958587029857996,23128.78394669007416547057040
1710215999999,2024-03-12 03:59,17023.42820349469657982729241,17116.33507897274740603904819,22981.46750243497346504040791
1710230399999,2024-03-12 07:59,17095.35838743766414664903442,17236.33130775471123288442154,23142.58182755038636350693935
1710244799999,2024-03-12 11:59,17081.42218290874185049205561,17213.08248653202762189952227,23111.36652871105681408884698
1710259199999,2024-03-12 15:59,17035.52066879369258125215448,17136.50811556204349571046417,23008.55306344471654960435915
1710273599999,2024-03-12 19:59,16984.89018560483857315388708,17052.04472743991313187120536,22895.14731801095987448776576
1710287999999,2024-03-12 23:59,16999.50543628371041375765947,17076.42635512431056189463692,22927.88359255442616387544856
1710302399999,2024-03-13 03:59,17086.23710719140096206520587,17221.11489690717560879510681,23122.15133744861711585634374
1710316799999,2024-03-13 07:59,17200.51885512373220500626991,17411.76335654915131799518585,23378.12769788342757491570667
1710331199999,2024-03-13 11:59,17230.63899289311864381182908,17462.01073177601428273177168,23445.59291767134942694237115
1710345599999,2024-03-13 15:59,17168.97186088736317913529639,17359.13565382045931578522834,23307.46650383111713004154836
1710359999999,2024-03-13 19:59,17271.30010444167965654039915,17529.84289591699176326059525,23536.66855777791712853917581
1710374399999,2024-03-13 23:59,17231.64180366308632548430905,17463.68365271103469059458310,23447.83908432302815685526842
1710388799999,2024-03-14 03:59,17259.52997117588755279597708,17510.20758391395223325936866,23510.30497890621363573294155
1710403199999,2024-03-14 07:59,17253.35838718014359187448605,17499.91195050242663744080924,23496.48142756988225221185377
1710417599999,2024-03-14 11:59,17204.65043549599905349688740,17418.65579080143539838996889,23387.38190448834394215684343
1710431999999,2024-03-14 15:59,16912.40415797794606277654188,16931.12122248253799323901654,22732.78797480861648001237125
1710446399999,2024-03-14 19:59,16707.69896291762896342795875,16589.62548212977210704923186,22274.27476739193494470706133
1710460799999,2024-03-14 23:59,16990.47011124630160188861492,17061.35333749977668705070604,22907.64563102280080736024415
1710475199999,2024-03-15 03:59,16537.06641264718520821975227,16304.97081537489962172959974,21892.07988518029185547082100
1710489599999,2024-03-15 07:59,16569.19646971694972900601058,16358.57120213295348965407760,21964.04706470007836188004958
1710503999999,2024-03-15 11:59,16470.27205243326641110635411,16193.54233166729031229591059,21742.46914213097645234391344
1710518399999,2024-03-15 15:59,16527.47667651266569234035093,16288.97291146200446425294311,21870.60011437123840113234338
1710532799999,2024-03-15 19:59,16643.07640431409731690810293,16481.82006719000699521557430,22129.52857954825519093437130
1710547199999,2024-03-15 23:59,16719.84156875512334893644481,16609.88216476581921711378841,22301.47263673426196576665744
1710561599999,2024-03-16 03:59,16676.89691382466450108511320,16538.24052066709526496593426,22205.28215428087155633962671
1710575999999,2024-03-16 07:59,16710.18593362714881397570908,16593.77432604862271854900418,22279.84526068809819489104657
1710590399999,2024-03-16 11:59,16541.65069045275175300823214,16312.61845393499291481673766,21902.34807558796604935835139
1710604799999,2024-03-16 15:59,16560.21271780485354076583643,16343.58422044222066435737702,21943.92462031053934004607988
1710619199999,2024-03-16 19:59,16349.04082586505913417500387,15991.30052994562317660654842,21470.92684680003239498817242
1710633599999,2024-03-16 23:59,16118.26684854602502997768065,15606.31601494347677344593605,20954.02293286821107650430299
1710647999999,2024-03-17 03:59,16295.67266927419335511086614,15902.27006767088709930181444,21351.38906640719278720936947
1710662399999,2024-03-17 07:59,16166.40749585173070843770492,15686.62577937265646747724308,21061.85176738679970506573145
1710676799999,2024-03-17 11:59,16355.33991008727041462342449,16001.80886330460136713909387,21485.03598218207721702675714
1710691199999,2024-03-17 15:59,16500.03261091227872405506689,16243.18984524459595935597404,21809.12895073379635978752476
1710705599999,2024-03-17 19:59,16581.86626750208426716517183,16379.70736320341132842365502,21992.42577593928791523671169
1710719999999,2024-03-17 23:59,16561.34446138810278151049239,16345.47223121174369608826419,21946.45957981743390666206395
1710734399999,2024-03-18 03:59,16500.96522492834866801047326,16244.74566171416493866838866,21811.21788571985757860651922
1710748799999,2024-03-18 07:59,16536.25986627076834424602909,16303.62530896573320797708141,21890.27332543044167698373362
1710763199999,2024-03-18 11:59,16541.27678529423523169892175,16311.99469341493530559931797,21901.51057630784012291939969
1710777599999,2024-03-18 15:59,16428.64537737190794488171046,16124.09938365459318191060859,21649.23076441979237365954769
1710791999999,2024-03-18 19:59,16352.54779838631754093819097,15997.15097344409454581820893,21478.78201246190315331213316
1710806399999,2024-03-18 23:59,16449.10271707924865100030190,16158.22697072900950231196153,21695.05256411403846388265204
1710820799999,2024-03-19 03:59,16200.69502866373998436504157,15743.82533602805424146085522,21138.65141401719787897327902
1710835199999,2024-03-19 07:59,16032.82593835796431193714061,15463.78076139268799438031343,20762.64632533568088973986559
1710849599999,2024-03-19 11:59,15800.33428944865699298938385,15075.93077181755663546611406,20241.89504881048414673376213
1710863999999,2024-03-19 15:59,15939.36827235741909869774640,15307.87169990993606902855838,20553.31321982773045641460943
1710878399999,2024-03-19 19:59,15988.09628025696299070879465,15389.16131802962771623665495,20662.45766624230234106787772
1710892799999,2024-03-19 23:59,15636.45495342053845407270678,14802.54203261652158252547198,19874.82649459314610436808999
1710907199999,2024-03-20 03:59,15625.48277101027777703052948,14784.23788770034829135222533,19850.25022261427840093540399
1710921599999,2024-03-20 07:59,15782.64327487961284874159074,15046.41805663674661161203090,20202.26946026536895288466441
1710935999999,2024-03-20 11:59,15844.97369458036122286720661,15150.39965229646507690211951,20341.88155290521160971358925
1710950399999,2024-03-20 15:59,15874.68984286813210991328099,15199.97307937521982018540132,20408.44188841345717340391512
1710964799999,2024-03-20 19:59,16187.57969637937694763424993,15721.94592008503733576937159,21109.27476302274248989817256
1710979199999,2024-03-20 23:59,16482.12670832109864802031379,16213.31864700628156238843129,21769.02204076332143809994905
1710993599999,2024-03-21 03:59,16312.21331663140314452580009,15929.86370355052371242184393,21388.43798092188223802981504
1711007999999,2024-03-21 07:59,16359.59469292556186400523238,16008.90682784318795478559374,21494.56614640419982822862127
1711022399999,2024-03-21 11:59,16368.01973598010462959931054,16022.96175358440940998729939,21513.43715508780355768254821
1711036799999,2024-03-21 15:59,16298.36306731133522108360527,15906.75827555084185068232850,21357.41521065269657974711387
1711051199999,2024-03-21 19:59,16107.25168853133716657811136,15587.94017341580260764999748,20929.35039660427142750392139
1711065599999,2024-03-21 23:59,16147.01027038692726580144946,15654.26670871526172110229078,21018.40448672432827217911851
1711079999999,2024-03-22 03:59,16215.87758372105068488638835,15769.15335898426321650382011,21172.65837712361384985454371
1711094399999,2024-03-22 07:59,16243.95915045377425080632037,15815.99992493893469497071930,21235.55746098962308378684702
1711108799999,2024-03-22 11:59,15965.44851531065001990845768,15351.37959365571681923210392,20611.72959681888942507788776
1711123199999,2024-03-22 15:59,15914.32522225769760824542869,15266.09408438837642638597778,20497.22002091630777411838485
1711137599999,2024-03-22 19:59,15912.87687698850142800131833,15263.67790858079695160126015,20493.97591450938320848704322
1711151999999,2024-03-22 23:59,15902.80722427121166446437301,15246.87939250614202750454377,20471.42119251702636197596476
1711166399999,2024-03-23 03:59,15868.33345517335124765500437,15189.36915053424046348926665,20394.20440065131642394173627
1711180799999,2024-03-23 07:59,16014.37278760374472961826273,15432.99662630126246055049359,20721.31365013528986115696594
1711195199999,2024-03-23 11:59,16022.13884072373730439899691,15445.95220399947050487092316,20738.70860644779042523956038
1711209599999,2024-03-23 15:59,16090.10505695170404952395023,15559.33561531400366235001194,20890.94415567006754417896790
1711223999999,2024-03-23 19:59,16056.99081274055696115341515,15504.09337615257976556588916,20816.77252402213348426951013
1711238399999,2024-03-23 23:59,15930.50915549816175089400905,15293.09263839255578013766435,20533.46994186490007672695697
1711252799999,2024-03-24 03:59,15926.63687333927226009298995,15286.63277369632697663312255,20524.79652977991778107758364
1711267199999,2024-03-24 07:59,16015.52172222876484490587549,15434.91331571538584213045753,20723.88711535621320600002824
1711281599999,2024-03-24 11:59,16123.04882333195663201016372,15614.29345791647408979745679,20964.73393898721622000323313
1711295999999,2024-03-24 15:59,16171.66365687317559994674637,15695.39427495921343383246465,21073.62488945109864799490300
1711310399999,2024-03-24 19:59,16195.96892476356372459716810,15735.94109865000806211883398,21128.06555146878626471235316
1711324799999,2024-03-24 23:59,16391.79924450966684114430348,16062.63148872784333872273760,21566.70018401811104028852223
1711339199999,2024-03-25 03:59,16411.85689249583471413914933,16096.09229731530152513305571,21611.62672586118803673205751
1711353599999,2024-03-25 07:59,16336.10026917203332196427303,15969.71268022270982771401193,21441.94167056486958455502805
1711367999999,2024-03-25 11:59,16334.51869332911286401224747,15967.07424491947764159894935,21438.39914487422198766383007
1711382399999,2024-03-25 15:59,16761.70175546720286103625165,16679.71466436767109961571650,22395.23405039433694870216927
1711396799999,2024-03-25 19:59,16929.14823266277786761646462,16959.05422232327874623978777,22770.29254027264647318657598
1711411199999,2024-03-25 23:59,16774.30278908525390102358570,16700.73611085972753898898685,22423.45873877743138915051841
1711425599999,2024-03-26 03:59,16852.10657896660360335556755,16830.53087654681089760225565,22597.72918285267684853544816
1711439999999,2024-03-26 07:59,16861.17055574029720612954010,16845.65169191234535552798114,22618.03132057435016876244964
1711454399999,2024-03-26 11:59,16890.79358588514252273459848,16895.06977633284820379543046,22684.38308346493985038943505
1711468799999,2024-03-26 15:59,16827.30706862530283559513784,16789.15954182375621115492926,22542.18148155666185778949863
1711483199999,2024-03-26 19:59,16716.66409120114003757992970,16604.58139528885455334276595,22294.35549725794279012836294
1711497599999,2024-03-26 23:59,16789.77329409222675013945887,16726.54450111299237400398758,22458.11067259382939533534361
1711511999999,2024-03-27 03:59,16847.07533407499432045021089,16822.13759322710850843912179,22586.45984388025442074388356
1711526399999,2024-03-27 07:59,16752.23808697233642513853351,16663.92707051517850769895617,22374.03665482149453469559873
1711540799999,2024-03-27 11:59,16823.11388702002368665892515,16782.16434242832087713428780,22532.78929614314236856799818
1711555199999,2024-03-27 15:59,16630.18312298594140969050329,16460.31108373974460840799891,22100.64929402667152062569209
1711569599999,2024-03-27 19:59,16598.37969570982350522042417,16407.25559122909738761597962,22029.41372307343180053095004
1711583999999,2024-03-27 23:59,16715.56386452780406683069453,16602.74596203443216300185285,22291.89113156010098359535565
1711598399999,2024-03-28 03:59,16689.77873445830649194074164,16559.73038502095741854079181,22234.13576932643604116358709
1711612799999,2024-03-28 07:59,16848.65690991791477840223645,16824.77602853034069455418437,22590.00236957090201763508155
1711627199999,2024-03-28 11:59,16884.20655171326909369165146,16884.08107567681415329084917,22669.62897737291299304728983
1711641599999,2024-03-28 15:59,16976.35196819197088348534331,17037.80100062173937349641099,22876.02281337666668837224041
1711655999999,2024-03-28 19:59,16905.85007330280014327426206,16920.18748922865461327849905,22718.10767133514478093879266
1711670399999,2024-03-28 23:59,16903.32012498885310636911973,16915.96694869830312715603481,22712.44091375390958518711183
1711684799999,2024-03-29 03:59,16854.84425236861537432143787,16835.09795069941661106773082,22603.86121781175978119765771
1711699199999,2024-03-29 07:59,16761.98110989597957235929964,16680.18069234242678466321397,22395.85976824730459489219065
1711713599999,2024-03-29 11:59,16811.94687280302643146323746,16763.53517287334362100483778,22507.77662607194851189509214
1711727999999,2024-03-29 15:59,16674.02027950167149423034208,16533.44162747063672355375522,22198.83886480005599967520139
1711742399999,2024-03-29 19:59,16743.64256608689915366013375,16649.58774821500358316057258,22354.78379780710542115647926
1711756799999,2024-03-29 23:59,16770.08095574368996118244502,16693.69311372329162188655077,22414.00237717386393621722090
1711771199999,2024-03-30 03:59,16759.11450368068624232125332,16675.39852835531844732966304,22389.43894043300582552689431
1711785599999,2024-03-30 07:59,16770.31589998122524660285461,16694.08505519949640315726659,22414.52862193225723865395683
1711799999999,2024-03-30 11:59,16817.78752924468105743281010,16773.27874237631248222866943,22520.85894241322591454492382
1711814399999,2024-03-30 15:59,16791.49096568249996488989243,16729.40997568597732975757457,22461.95803518720481985757765
1711828799999,2024-03-30 19:59,16776.64220335290707841095684,16704.63879641242514761751691,22428.69872469484762621874876
1711843199999,2024-03-30 23:59,16731.63605599675752495005568,16629.55810484870924273454043,22327.89076536750622772791921
1711857599999,2024-03-31 03:59,16779.54605682537063662540956,16709.48309746283424295740084,22435.20298155620874840938129
1711871999999,2024-03-31 07:59,16834.71784021536400315476483,16801.52242753355702526110564,22558.78065311256767184580947
1711886399999,2024-03-31 11:59,16844.49667780936313900669096,16817.83579653705603107760671,22580.68398677593768668214772
1711900799999,2024-03-31 15:59,16846.09257952042599241118052,16820.49813071078850873356660,22584.25860056160926542924424
1711915199999,2024-03-31 19:59,16938.11765870673166040417477,16974.01730514351127999559105,22790.38289656716151316464715
1711929599999,2024-03-31 23:59,16974.86494307879023551958015,17035.32029786380911155127063,22872.69206911317737172997275
1711943999999,2024-04-01 03:59,16875.72993553341370446870290,16869.94011400179164854191322,22650.64245154722292891212818
1711958399999,2024-04-01 07:59,16733.46403677172718468446203,16632.60760072454644335303668,22331.98520629256631254057195
1711972799999,2024-04-01 11:59,16714.13414288719300067478737,16600.36085475850306722030171,22288.68873967670759437668211
1711987199999,2024-04-01 15:59,16538.94883172109597067352181,16308.11112695863793020350575,21896.29626086644307133588816
1712001599999,2024-04-01 19:59,16741.06677499489645130710662,16645.29073129905116410723696,22349.01435832179348346592312
1712015999999,2024-04-01 23:59,16741.32320803464532990621222,16645.71852108100638268929874,22349.58873522272275868650685
1712030399999,2024-04-02 03:59,16319.30748653551737258597269,15941.69842422226808347418985,21404.32800557775805307076831
1712044799999,2024-04-02 07:59,16283.71200196210739184867287,15882.31690069019369180665367,21324.59871587167033571968473
1712059199999,2024-04-02 11:59,16164.40473948542382418323777,15683.28471727671571005979970,21057.36585170244704161111661
1712073599999,2024-04-02 15:59,16059.44053619290658352475908,15508.18008300812961905932848,20822.25958827123438162815918
1712087999999,2024-04-02 19:59,16206.26635878431757582829102,15753.11960676561762171581752,21151.13047417202442273221829
1712102399999,2024-04-02 23:59,16141.66958674344224112287040,15645.35720979275303465577511,21006.44204489938783630014561
1712116799999,2024-04-03 03:59,16250.80405025221079799361938,15827.41880526397399321145210,21250.88915279208161453516583
1712131199999,2024-04-03 07:59,16237.93942066033968168094774,15805.95761955471218948567132,21222.07404346054590793828369
1712145599999,2024-04-03 11:59,16227.01881137539162826764084,15787.73951057233994785965497,21197.61328862376453918683240
1712159999999,2024-04-03 15:59,16194.96468140678180337944173,15734.26578782793762510193283,21125.81617600760513661386604
1712174399999,2024-04-03 19:59,16187.51379738592192855291554,15721.83598528073599468124399,21109.12715778563217336103931
1712188799999,2024-04-03 23:59,16213.19721379160849573037403,15764.68188031365866920193416,21166.65469454462684461592829
1712203199999,2024-04-04 03:59,16198.63384138405279312009582,15682.64422754730789676375190,21056.50589075580432787303594
1712217599999,2024-04-04 07:59,16198.63384138405279312009582,15795.34891093963277448135720,21024.88974055686197404978084
1712231999999,2024-04-04 11:59,16198.63384138405279312009582,15857.98068085974681571092699,21024.88974055686197404978084
1712246399999,2024-04-04 15:59,16198.63384138405279312009582,16167.30854151912028785293781,21024.88974055686197404978084
1712260799999,2024-04-04 19:59,16198.63384138405279312009582,16370.92930806865424545207453,21024.88974055686197404978084
1712275199999,2024-04-04 23:59,16198.63384138405279312009582,16368.01125598056864830851347,21024.88974055686197404978084
1712289599999,2024-04-05 03:59,16112.83567760557704750644860,16218.93010179975001619111874,21024.88974055686197404978084
1712303999999,2024-04-05 07:59,16002.64361023786789230365342,15995.89389285577921076701063,20704.67321701769950766824851
1712318399999,2024-04-05 11:59,15949.18702670713481657205579,15887.69414655275928850854752,20564.62336796451954454816431
1712332799999,2024-04-05 15:59,16151.40201563323827586314722,16296.99098251485227622398927,21094.40242986639936174726002
1712347199999,2024-04-05 19:59,16059.51487856718028629773681,16111.00519250748344665297464,20853.66913143867989605102836
1712361599999,2024-04-05 23:59,16107.71483114242403806509288,16208.56516166377357490395713,20979.94723670989322940986736
1712375999999,2024-04-06 03:59,16103.86445523365254537699949,16200.77173999362850341734565,20969.85971279412656731386095
1712390399999,2024-04-06 07:59,16127.95262417411474173694832,16249.52782570127327600193959,21032.96783159374498909264872
1712404799999,2024-04-06 11:59,16089.71334966277663618754864,16172.12894369902909165192443,20932.78551036221505390673524
1712419199999,2024-04-06 15:59,16141.17449152352387240891082,16276.28978088749974349874283,21067.60754113338162882005745
1712433599999,2024-04-06 19:59,16159.59159162319199352172303,16313.56723909385448899036070,21115.85813850784602482542639
1712447999999,2024-04-06 23:59,16234.68868102818570034420552,16465.56883524980874740540623,21312.60352216028124182334119
1712462399999,2024-04-07 03:59,16295.14820215932470159959398,16587.94300164655158257006152,21471.00022933808925550810311
1712476799999,2024-04-07 07:59,16289.94824647020183934925259,16577.41793907822318795888797,21457.37696796886620126989021
1712491199999,2024-04-07 11:59,16289.12055143430830473583540,16575.74262825615275094198682,21455.20850606609023373560610
1712505599999,2024-04-07 15:59,16311.16959152029384734775072,16620.37137902839717441361601,21512.97435139053876117529449
1712519999999,2024-04-07 19:59,16254.99849887755044911080911,16506.67728239736022690286225,21365.81281344366129539997608
1712534399999,2024-04-07 23:59,16289.52082050302144059025541,16576.55279996611263417840549,21456.25716310609173586702167
1712548799999,2024-04-08 03:59,16301.15814186360157917775875,16600.10752673119997688679027,21486.74555185610590992965253
1712563199999,2024-04-08 07:59,16447.53146313271669894395337,16896.37704454921415108251310,21870.22612983518029408105504
1712577599999,2024-04-08 11:59,16648.89041938974339276467752,17303.94121240003600208290017,22397.76248862791235598435049
1712591999999,2024-04-08 15:59,16574.50177081433045736594726,17153.37354847409923612169300,22202.87313513477183302433935
1712606399999,2024-04-08 19:59,16573.55954451098803137235679,17151.46641860817597115808798,22200.40461502290988995392748
1712620799999,2024-04-08 23:59,16556.32081765785592672771913,17116.57406767775032144802125,22155.24121448007233503160497
1712635199999,2024-04-09 03:59,16516.76620467292952223488614,17036.51285150177365944204620,22051.61286391945191791531702
1712649599999,2024-04-09 07:59,16410.38082602950104548238629,16821.18163840709684680322955,21772.89590828176653873338687
1712663999999,2024-04-09 11:59,16458.89249256976033667619334,16919.37253774459467173390091,21899.99066682306953746890348
1712678399999,2024-04-09 15:59,16278.13971857580634766767579,16553.51667869088161790749225,21426.44003859702247614809929
1712692799999,2024-04-09 19:59,16247.05923864738193735529243,16490.60768187296419480351371,21345.01290212516542421520235
1712707199999,2024-04-09 23:59,16264.20704892738450966721522,16525.31601150053759964867119,21389.93811213089349340266055
1712721599999,2024-04-10 03:59,16264.70059603865911375909594,16526.31498428744978605817858,21391.23114647520213024906677
1712735999999,2024-04-10 07:59,16286.67406910282270741914435,16570.79078228849234366806502,21448.79901524932589032471211
1712750399999,2024-04-10 11:59,16252.04548135291460022613522,16500.70017488523731252444602,21358.07626106300124575198098
1712764799999,2024-04-10 15:59,16206.50690482746261310734171,16408.52701113971289759171630,21238.77064242353831299553341
1712779199999,2024-04-10 19:59,16374.95878455046247429477466,16749.48502690622222411131159,21680.09440031703183683820363
1712793599999,2024-04-10 23:59,16439.55560012635318066487615,16880.23335752626721520638290,21849.33032362512086370432295
1712807999999,2024-04-11 03:59,16426.76827081573158104109305,16932.95187596286032527175018,21917.56727243159029000785118
1712822399999,2024-04-11 07:59,16426.76827081573158104109305,16905.30566256812307076174661,21883.83846232744851875990858
1712836799999,2024-04-11 11:59,16426.76827081573158104109305,16725.38779578077826342455797,21883.83846232744851875990858
1712851199999,2024-04-11 15:59,16426.76827081573158104109305,16729.41236557302735891166430,21883.83846232744851875990858
1712865599999,2024-04-11 19:59,16426.76827081573158104109305,16839.26830360171748495431072,21883.83846232744851875990858
1712879999999,2024-04-11 23:59,16426.76827081573158104109305,16730.90126520519552190956646,21883.83846232744851875990858
1712894399999,2024-04-12 03:59,16426.76827081573158104109305,16962.96885731122650063876649,21883.83846232744851875990858
1712908799999,2024-04-12 07:59,16426.76827081573158104109305,16912.00212608230476052117175,21883.83846232744851875990858
1712923199999,2024-04-12 11:59,16426.76827081573158104109305,16945.46054478271291777740013,21883.83846232744851875990858
1712937599999,2024-04-12 15:59,16426.76827081573158104109305,16573.42443781762447147494814,21883.83846232744851875990858
1712951999999,2024-04-12 19:59,16426.76827081573158104109305,15975.15923280972626988450796,21883.83846232744851875990858
1712966399999,2024-04-12 23:59,16426.76827081573158104109305,16040.29321447122083544602569,21883.83846232744851875990858
1712980799999,2024-04-13 03:59,16426.76827081573158104109305,16050.81588715249920090310952,21883.83846232744851875990858
1712995199999,2024-04-13 07:59,16426.76827081573158104109305,16119.15948712218292040713544,21883.83846232744851875990858
1713009599999,2024-04-13 11:59,16426.76827081573158104109305,16098.48218436533067922278630,21883.83846232744851875990858
1713023999999,2024-04-13 15:59,16426.76827081573158104109305,16174.00261514625194845827321,21883.83846232744851875990858
1713038399999,2024-04-13 19:59,16426.76827081573158104109305,15483.80562498488227649816611,21883.83846232744851875990858
1713052799999,2024-04-13 23:59,16426.76827081573158104109305,15277.43887821486482084992893,21883.83846232744851875990858
1713067199999,2024-04-14 03:59,16426.76827081573158104109305,15161.06093842664513329640771,21883.83846232744851875990858
1713081599999,2024-04-14 07:59,16426.76827081573158104109305,15406.44259128838852945949691,21883.83846232744851875990858
1713095999999,2024-04-14 11:59,16426.76827081573158104109305,15335.16421002126900873328181,21883.83846232744851875990858
1713110399999,2024-04-14 15:59,16426.76827081573158104109305,15338.72992149991250663515986,21883.83846232744851875990858
1713124799999,2024-04-14 19:59,16426.76827081573158104109305,15335.77841099312650133434257,21883.83846232744851875990858
1713139199999,2024-04-14 23:59,16426.76827081573158104109305,15692.64112507757984832109500,21883.83846232744851875990858
1713153599999,2024-04-15 03:59,16426.76827081573158104109305,15567.49468970280319441235221,21883.83846232744851875990858
1713167999999,2024-04-15 07:59,16426.76827081573158104109305,15836.51232548933492452287702,21883.83846232744851875990858
1713182399999,2024-04-15 11:59,16426.76827081573158104109305,15740.02780550555791561227330,21883.83846232744851875990858
1713196799999,2024-04-15 15:59,16426.76827081573158104109305,15431.41930084824321885127139,21883.83846232744851875990858
1713211199999,2024-04-15 19:59,16426.76827081573158104109305,15128.45331951604735489612343,21883.83846232744851875990858
1713225599999,2024-04-15 23:59,16426.76827081573158104109305,15156.86429676679393871484078,21883.83846232744851875990858
1713239999999,2024-04-16 03:59,16426.76827081573158104109305,15045.97592753249121810543074,21883.83846232744851875990858
1713254399999,2024-04-16 07:59,16426.76827081573158104109305,15179.85501018807440105804914,21883.83846232744851875990858
1713268799999,2024-04-16 11:59,16426.76827081573158104109305,15079.14039012574578940862226,21883.83846232744851875990858
1713283199999,2024-04-16 15:59,16426.76827081573158104109305,14760.67121150001080287339190,21883.83846232744851875990858
1713297599999,2024-04-16 19:59,16426.76827081573158104109305,14989.91634699995735062262010,21883.83846232744851875990858
1713311999999,2024-04-16 23:59,16426.76827081573158104109305,15246.10267921488255242538133,21883.83846232744851875990858
1713326399999,2024-04-17 03:59,16426.76827081573158104109305,15257.72469993917432876374123,21883.83846232744851875990858
1713340799999,2024-04-17 07:59,16426.76827081573158104109305,15127.67182645068782150878152,21883.83846232744851875990858
1713355199999,2024-04-17 11:59,16426.76827081573158104109305,14959.71056457463887208251506,21883.83846232744851875990858
1713369599999,2024-04-17 15:59,16426.76827081573158104109305,14412.40492113451232314740044,21883.83846232744851875990858
1713383999999,2024-04-17 19:59,16426.76827081573158104109305,14583.85541810360383754467357,21883.83846232744851875990858
1713398399999,2024-04-17 23:59,16426.76827081573158104109305,14644.80231765344732514098329,21883.83846232744851875990858
1713412799999,2024-04-18 03:59,16426.76827081573158104109305,14814.63486108966910221950881,21883.83846232744851875990858
1713427199999,2024-04-18 07:59,16426.76827081573158104109305,14621.07312913370785418404818,21883.83846232744851875990858
1713441599999,2024-04-18 11:59,16426.76827081573158104109305,14960.39885204504726846035747,21883.83846232744851875990858
1713455999999,2024-04-18 15:59,16426.76827081573158104109305,15175.67509773757341055511032,21883.83846232744851875990858
1713470399999,2024-04-18 19:59,16426.76827081573158104109305,15170.49860238721026279675385,21883.83846232744851875990858
1713484799999,2024-04-18 23:59,16426.76827081573158104109305,15168.83524100038997155030135,21883.83846232744851875990858
1713499199999,2024-04-19 03:59,16196.74480350097450613457401,14766.15361239277768235523389,21883.83846232744851875990858
1713513599999,2024-04-19 07:59,16553.62282184897884177213994,15426.24997515903015855518411,22827.84006973194177648419377
1713527999999,2024-04-19 11:59,16595.42940380169505255796883,15503.57716054977346828250735,22942.26913315817047255890999
1713542399999,2024-04-19 15:59,16539.40863566830660061578861,15399.95882772165943441405779,22788.93432962958234127842195
1713556799999,2024-04-19 19:59,16524.94766196281767024383296,15373.21121185773314184179294,22749.35310581123793633132639
1713571199999,2024-04-19 23:59,16459.40813102668288609559509,15251.98658113205432979429806,22569.96443560379497738417886
1713585599999,2024-04-20 03:59,16446.63423097961246926652978,15284.96463253540662707849059,22618.76548166074051382672457
1713599999999,2024-04-20 07:59,16446.63423097961246926652978,15286.21215357552184551332996,22583.97318030646756230031283
1713614399999,2024-04-20 11:59,16446.63423097961246926652978,15225.49707306953118586372411,22583.97318030646756230031283
1713628799999,2024-04-20 15:59,16446.63423097961246926652978,15488.66665524464157591667815,22583.97318030646756230031283
1713643199999,2024-04-20 19:59,16446.63423097961246926652978,15502.54950911826093202392319,22583.97318030646756230031283
1713657599999,2024-04-20 23:59,16446.63423097961246926652978,15520.27052159422710959927558,22583.97318030646756230031283
1713671999999,2024-04-21 03:59,16446.63423097961246926652978,15575.09692040894593357178524,22583.97318030646756230031283
1713686399999,2024-04-21 07:59,16446.63423097961246926652978,15570.47487885418954956224626,22583.97318030646756230031283
1713700799999,2024-04-21 11:59,16446.63423097961246926652978,15590.39458741618254890015080,22583.97318030646756230031283
1713715199999,2024-04-21 15:59,16446.63423097961246926652978,15544.91025708002768826439805,22583.97318030646756230031283
1713729599999,2024-04-21 19:59,16446.63423097961246926652978,15424.05605884710339510081142,22583.97318030646756230031283
1713743999999,2024-04-21 23:59,16446.63423097961246926652978,15520.40435526902874222830050,22583.97318030646756230031283
1713758399999,2024-04-22 03:59,16530.68742987662991524435909,15702.59739452800130425891267,22583.97318030646756230031283
1713772799999,2024-04-22 07:59,16565.64473167599844480593278,15768.67777146130741483996372,22645.01068746021187396574907
1713787199999,2024-04-22 11:59,16552.68208374294508011895936,15744.17425953735849795795589,22609.82231895193849708286439
1713801599999,2024-04-22 15:59,16567.46276422527482619868298,15772.11442903924933842099632,22649.94591362961566953364024
1713815999999,2024-04-22 19:59,16634.51883403130402834755484,15898.87164828574564218621753,22831.97613671654745891151214
1713830399999,2024-04-22 23:59,16671.75815860636370423313000,15969.26577134435437589923231,22933.06590501959947452502704
1713844799999,2024-04-23 03:59,16623.17066980160667133689714,15877.42002212468395507679568,22801.17044123910067934448075
1713859199999,2024-04-23 07:59,16580.78952437960190287530317,15797.30622843360665168084656,22686.12270017459856875557406
1713873599999,2024-04-23 11:59,16573.73485009242373307589698,15783.97065869444397186014982,22666.97210071335157343649706
1713887999999,2024-04-23 15:59,16621.21735944789873722577123,15873.72764663238891200816190,22795.86799031300272096312340
1713902399999,2024-04-23 19:59,16629.41873437637988193701639,15889.23084392592803458824429,22818.13142018847033003746973
1713916799999,2024-04-23 23:59,16620.51442057627309880131427,15872.39886943257270233427169,22793.95979438102183755857021
1713931199999,2024-04-24 03:59,16607.31298295479947775931660,15918.79613662183869983230153,22860.58877967504498578877827
1713945599999,2024-04-24 07:59,16607.31298295479947775931660,15924.23551954770505454052837,22825.71610391675235272257973
1713959999999,2024-04-24 11:59,16607.31298295479947775931660,15910.04437024463193755570808,22825.71610391675235272257973
1713974399999,2024-04-24 15:59,16607.31298295479947775931660,15441.28953436486362524185876,22825.71610391675235272257973
1713988799999,2024-04-24 19:59,16607.31298295479947775931660,15289.75874595776511018249017,22825.71610391675235272257973
1714003199999,2024-04-24 23:59,16607.31298295479947775931660,15364.68887463732917835781362,22825.71610391675235272257973
1714017599999,2024-04-25 03:59,16607.31298295479947775931660,15362.87734025340707955779783,22825.71610391675235272257973
1714031999999,2024-04-25 07:59,16607.31298295479947775931660,15299.77954235853735328073057,22825.71610391675235272257973
1714046399999,2024-04-25 11:59,16607.31298295479947775931660,15262.31567296228033377011371,22825.71610391675235272257973
1714060799999,2024-04-25 15:59,16607.31298295479947775931660,15327.96826011363122576910298,22825.71610391675235272257973
1714075199999,2024-04-25 19:59,16607.31298295479947775931660,15474.03098695026303627116796,22825.71610391675235272257973
1714089599999,2024-04-25 23:59,16607.31298295479947775931660,15414.57776680668776998093987,22825.71610391675235272257973
1714103999999,2024-04-26 03:59,16607.31298295479947775931660,15386.59218945084637559019456,22825.71610391675235272257973
1714118399999,2024-04-26 07:59,16607.31298295479947775931660,15361.66805740609232758839415,22825.71610391675235272257973
1714132799999,2024-04-26 11:59,16607.31298295479947775931660,15353.79815935034632317091129,22825.71610391675235272257973
1714147199999,2024-04-26 15:59,16607.31298295479947775931660,15176.75532668418658820366855,22825.71610391675235272257973
1714161599999,2024-04-26 19:59,16607.31298295479947775931660,15233.83299910003287532870443,22825.71610391675235272257973
1714175999999,2024-04-26 23:59,16607.31298295479947775931660,15240.51512329191439016359119,22825.71610391675235272257973
1714190399999,2024-04-27 03:59,16607.31298295479947775931660,15076.09089424990858879012601,22825.71610391675235272257973
1714204799999,2024-04-27 07:59,16607.31298295479947775931660,15048.56417520767279198460898,22825.71610391675235272257973
1714219199999,2024-04-27 11:59,16607.31298295479947775931660,15023.54444768091757781921935,22825.71610391675235272257973
1714233599999,2024-04-27 15:59,16607.31298295479947775931660,15044.96022553622882761729524,22825.71610391675235272257973
1714247999999,2024-04-27 19:59,16607.31298295479947775931660,15140.64174347119604075374948,22825.71610391675235272257973
1714262399999,2024-04-27 23:59,16607.31298295479947775931660,15166.89943248986635673761956,22825.71610391675235272257973
1714276799999,2024-04-28 03:59,16607.31298295479947775931660,15300.64707135769793621530278,22825.71610391675235272257973
1714291199999,2024-04-28 07:59,16607.31298295479947775931660,15275.28558998278855301508167,22825.71610391675235272257973
1714305599999,2024-04-28 11:59,16607.31298295479947775931660,15172.16435366108058319729607,22825.71610391675235272257973
1714319999999,2024-04-28 15:59,16607.31298295479947775931660,15185.54533125419381694569769,22825.71610391675235272257973
1714334399999,2024-04-28 19:59,16607.31298295479947775931660,15231.07028967019917320097586,22825.71610391675235272257973
1714348799999,2024-04-28 23:59,16607.31298295479947775931660,15084.84027074006532191262974,22825.71610391675235272257973
1714363199999,2024-04-29 03:59,16607.31298295479947775931660,14884.34069667786943955468118,22825.71610391675235272257973
1714377599999,2024-04-29 07:59,16607.31298295479947775931660,14913.09342777677019240823001,22825.71610391675235272257973
1714391999999,2024-04-29 11:59,16607.31298295479947775931660,14878.68383403045043182428885,22825.71610391675235272257973
1714406399999,2024-04-29 15:59,16607.31298295479947775931660,15065.82871925708340112882282,22825.71610391675235272257973
1714420799999,2024-04-29 19:59,16607.31298295479947775931660,15053.47300320843267448491563,22825.71610391675235272257973
1714435199999,2024-04-29 23:59,16607.31298295479947775931660,15263.45564908514424027091520,22825.71610391675235272257973
1714449599999,2024-04-30 03:59,16607.31298295479947775931660,15211.35372150745865196069843,22825.71610391675235272257973
1714463999999,2024-04-30 07:59,16607.31298295479947775931660,15092.03861053475313403089830,22825.71610391675235272257973
1714478399999,2024-04-30 11:59,16607.31298295479947775931660,14627.36809162348464605639858,22825.71610391675235272257973
1714492799999,2024-04-30 15:59,16607.31298295479947775931660,14529.96346512544641282124858,22825.71610391675235272257973
1714507199999,2024-04-30 19:59,16607.31298295479947775931660,14170.54835167156192926666388,22825.71610391675235272257973
1714521599999,2024-04-30 23:59,16607.31298295479947775931660,14500.12572530583242401096206,22825.71610391675235272257973
1714535999999,2024-05-01 03:59,16607.31298295479947775931660,14398.32370663574054725070775,22825.71610391675235272257973
1714550399999,2024-05-01 07:59,16607.31298295479947775931660,13742.05116314953471759432649,22825.71610391675235272257973
1714564799999,2024-05-01 11:59,16607.31298295479947775931660,13837.28338231909644976191138,22825.71610391675235272257973
1714579199999,2024-05-01 15:59,16607.31298295479947775931660,13595.31448816479468563895748,22825.71610391675235272257973
1714593599999,2024-05-01 19:59,16607.31298295479947775931660,13611.67804479634430369134289,22825.71610391675235272257973
1714607999999,2024-05-01 23:59,16607.31298295479947775931660,13948.77161320295648804784380,22825.71610391675235272257973
1714622399999,2024-05-02 03:59,16607.31298295479947775931660,13728.40251820681821858787505,22825.71610391675235272257973
1714636799999,2024-05-02 07:59,16607.31298295479947775931660,13785.32962773851266900525790,22825.71610391675235272257973
1714651199999,2024-05-02 11:59,16607.31298295479947775931660,13995.30032417997408902080882,22825.71610391675235272257973
1714665599999,2024-05-02 15:59,16607.31298295479947775931660,14163.66547696747796548823975,22825.71610391675235272257973
1714679999999,2024-05-02 19:59,16607.31298295479947775931660,14184.44793475453148945253704,22825.71610391675235272257973
1714694399999,2024-05-02 23:59,16607.31298295479947775931660,14115.02171595118456314586315,22825.71610391675235272257973
1714708799999,2024-05-03 03:59,16607.31298295479947775931660,14272.68017475455782929130100,22825.71610391675235272257973
1714723199999,2024-05-03 07:59,16607.31298295479947775931660,14146.12131613321394531552743,22825.71610391675235272257973
1714737599999,2024-05-03 11:59,16607.31298295479947775931660,14170.10383268025650660597398,22825.71610391675235272257973
1714751999999,2024-05-03 15:59,16607.31298295479947775931660,14743.59307864050246774817704,22825.71610391675235272257973
1714766399999,2024-05-03 19:59,16607.31298295479947775931660,14833.59144517050035245925192,22825.71610391675235272257973
1714780799999,2024-05-03 23:59,16607.31298295479947775931660,15028.29315324932550699551405,22825.71610391675235272257973
1714795199999,2024-05-04 03:59,16607.31298295479947775931660,14990.53054797181484322368086,22825.71610391675235272257973
1714809599999,2024-05-04 07:59,16607.31298295479947775931660,15046.70006330865005179461911,22825.71610391675235272257973
1714823999999,2024-05-04 11:59,16607.31298295479947775931660,15265.20265651871555191050827,22825.71610391675235272257973
1714838399999,2024-05-04 15:59,16607.31298295479947775931660,15202.07617997924547578436424,22825.71610391675235272257973
1714852799999,2024-05-04 19:59,16607.31298295479947775931660,15276.64304582720511253804865,22825.71610391675235272257973
1714867199999,2024-05-04 23:59,16607.31298295479947775931660,15269.67891496342015752057368,22825.71610391675235272257973
1714881599999,2024-05-05 03:59,16607.31298295479947775931660,15112.87603572395732853925939,22825.71610391675235272257973
1714895999999,2024-05-05 07:59,16607.31298295479947775931660,15232.59503760811777351022398,22825.71610391675235272257973
1714910399999,2024-05-05 11:59,16607.31298295479947775931660,15261.93329103427566911575681,22825.71610391675235272257973
1714924799999,2024-05-05 15:59,16607.31298295479947775931660,15397.92264395503459512960732,22825.71610391675235272257973
1714939199999,2024-05-05 19:59,16607.31298295479947775931660,15266.78715163288488107199966,22825.71610391675235272257973
1714953599999,2024-05-05 23:59,16607.31298295479947775931660,15298.34800001556988998098194,22825.71610391675235272257973
1714967999999,2024-05-06 03:59,16607.31298295479947775931660,15263.59665242109596036220931,22825.71610391675235272257973
1714982399999,2024-05-06 07:59,16607.31298295479947775931660,15424.71327778586141247548733,22825.71610391675235272257973
1714996799999,2024-05-06 11:59,16607.31298295479947775931660,15344.12867634592836572386128,22825.71610391675235272257973
1715011199999,2024-05-06 15:59,16607.31298295479947775931660,15207.53468200151206372530893,22825.71610391675235272257973
1715025599999,2024-05-06 19:59,16607.31298295479947775931660,15109.06894565326088607431854,22825.71610391675235272257973
1715039999999,2024-05-06 23:59,16607.31298295479947775931660,15095.96997473205109250850513,22825.71610391675235272257973
1715054399999,2024-05-07 03:59,16607.31298295479947775931660,15113.72683551376770739520348,22825.71610391675235272257973
1715068799999,2024-05-07 07:59,16607.31298295479947775931660,15216.53977640602191633541382,22825.71610391675235272257973
1715083199999,2024-05-07 11:59,16607.31298295479947775931660,15173.69866114719930012290312,22825.71610391675235272257973
1715097599999,2024-05-07 15:59,16607.31298295479947775931660,15233.45778683317829813661673,22825.71610391675235272257973
1715111999999,2024-05-07 19:59,16607.31298295479947775931660,15070.83314273984444979271870,22825.71610391675235272257973
1715126399999,2024-05-07 23:59,16607.31298295479947775931660,14892.08632060701392795949805,22825.71610391675235272257973
1715140799999,2024-05-08 03:59,16607.31298295479947775931660,15031.15623793526043359501130,22825.71610391675235272257973
1715155199999,2024-05-08 07:59,16607.31298295479947775931660,14867.21237619031049219358198,22825.71610391675235272257973
1715169599999,2024-05-08 11:59,16607.31298295479947775931660,14875.67257634741369767122830,22825.71610391675235272257973
1715183999999,2024-05-08 15:59,16607.31298295479947775931660,14882.76576111190022700954871,22825.71610391675235272257973
1715198399999,2024-05-08 19:59,16607.31298295479947775931660,14860.38924866247725726740112,22825.71610391675235272257973
1715212799999,2024-05-08 23:59,16607.31298295479947775931660,14624.64601027350143954819543,22825.71610391675235272257973
1715227199999,2024-05-09 03:59,16607.31298295479947775931660,14741.12193543077232241939560,22825.71610391675235272257973
1715241599999,2024-05-09 07:59,16607.31298295479947775931660,14639.01640110532674308974552,22825.71610391675235272257973
1715255999999,2024-05-09 11:59,16607.31298295479947775931660,14591.41702072989608108458119,22825.71610391675235272257973
1715270399999,2024-05-09 15:59,16607.31298295479947775931660,14855.51626896746781207844043,22825.71610391675235272257973
1715284799999,2024-05-09 19:59,16607.31298295479947775931660,14926.22346722963036497720992,22825.71610391675235272257973
1715299199999,2024-05-09 23:59,16607.31298295479947775931660,15074.17898460988526551834154,22825.71610391675235272257973
1715313599999,2024-05-10 03:59,16607.31298295479947775931660,15036.45461752517506821194404,22825.71610391675235272257973
1715327999999,2024-05-10 07:59,16607.31298295479947775931660,15075.13732931694695630832351,22825.71610391675235272257973
1715342399999,2024-05-10 11:59,16607.31298295479947775931660,15128.09961623264304009084330,22825.71610391675235272257973
1715356799999,2024-05-10 15:59,16607.31298295479947775931660,14561.31161356067882701624484,22825.71610391675235272257973
1715371199999,2024-05-10 19:59,16607.31298295479947775931660,14510.87304736981352995248056,22825.71610391675235272257973
1715385599999,2024-05-10 23:59,16607.31298295479947775931660,14530.71388965915556720542399,22825.71610391675235272257973
1715399999999,2024-05-11 03:59,16607.31298295479947775931660,14514.44114873550705700844834,22825.71610391675235272257973
1715414399999,2024-05-11 07:59,16607.31298295479947775931660,14582.94009136344267152830675,22825.71610391675235272257973
1715428799999,2024-05-11 11:59,16607.31298295479947775931660,14502.99597965291743807272850,22825.71610391675235272257973
1715443199999,2024-05-11 15:59,16607.31298295479947775931660,14620.14107318419648408905325,22825.71610391675235272257973
1715457599999,2024-05-11 19:59,16607.31298295479947775931660,14612.92839406720849704624630,22825.71610391675235272257973
1715471999999,2024-05-11 23:59,16607.31298295479947775931660,14536.92759598923136783872354,22825.71610391675235272257973
1715486399999,2024-05-12 03:59,16607.31298295479947775931660,14561.78481119658459952601150,22825.71610391675235272257973
1715500799999,2024-05-12 07:59,16607.31298295479947775931660,14535.49605364626390453897491,22825.71610391675235272257973
1715515199999,2024-05-12 11:59,16607.31298295479947775931660,14613.40637147721432786419242,22825.71610391675235272257973
1715529599999,2024-05-12 15:59,16607.31298295479947775931660,14678.65028794301023451383776,22825.71610391675235272257973
1715543999999,2024-05-12 19:59,16607.31298295479947775931660,14675.56733364847262573808529,22825.71610391675235272257973
1715558399999,2024-05-12 23:59,16607.31298295479947775931660,14694.18216388114970694299692,22825.71610391675235272257973
1715572799999,2024-05-13 03:59,16607.31298295479947775931660,14619.14210039728429767954586,22825.71610391675235272257973
1715587199999,2024-05-13 07:59,16607.31298295479947775931660,14897.41337884152891242550755,22825.71610391675235272257973
1715601599999,2024-05-13 11:59,16607.31298295479947775931660,14993.87638984185565894930370,22825.71610391675235272257973
1715615999999,2024-05-13 15:59,16607.31298295479947775931660,15056.96940796262532691819150,22825.71610391675235272257973
1715630399999,2024-05-13 19:59,16607.31298295479947775931660,15097.76239001957295807580308,22825.71610391675235272257973
1715644799999,2024-05-13 23:59,16607.31298295479947775931660,15042.17122734884480479457963,22825.71610391675235272257973
1715659199999,2024-05-14 03:59,16607.31298295479947775931660,14934.23914839542814779416634,22825.71610391675235272257973
1715673599999,2024-05-14 07:59,16607.31298295479947775931660,14825.96053581975726345074212,22825.71610391675235272257973
1715687999999,2024-05-14 11:59,16607.31298295479947775931660,14769.36323070096683629774209,22825.71610391675235272257973
1715702399999,2024-05-14 15:59,16607.31298295479947775931660,14766.74391449413488341539735,22825.71610391675235272257973
1715716799999,2024-05-14 19:59,16607.31298295479947775931660,14721.07556285512777791473534,22825.71610391675235272257973
1715731199999,2024-05-14 23:59,16607.31298295479947775931660,14716.52760779892229768197802,22825.71610391675235272257973
1715745599999,2024-05-15 03:59,16607.31298295479947775931660,14805.55090041250828752444281,22825.71610391675235272257973
1715759999999,2024-05-15 07:59,16607.31298295479947775931660,14864.11508257347270849329112,22825.71610391675235272257973
1715774399999,2024-05-15 11:59,16607.31298295479947775931660,14929.15346875296610789121963,22825.71610391675235272257973
1715788799999,2024-05-15 15:59,16607.31298295479947775931660,15468.77323544019889727376065,22825.71610391675235272257973
1715803199999,2024-05-15 19:59,16607.31298295479947775931660,15774.94644519353388601732708,22825.71610391675235272257973
1715817599999,2024-05-15 23:59,16607.31298295479947775931660,15822.80871314446775497236177,22825.71610391675235272257973
1715831999999,2024-05-16 03:59,16565.92300690302429142640441,15767.57603353124397480459791,22825.71610391675235272257973
1715846399999,2024-05-16 07:59,16586.86368279399998399775357,15807.54211466888151864716271,22849.26396340761382259505712
1715860799999,2024-05-16 11:59,16632.09093459273586059238306,15893.86005514183450606005246,22974.03397475046484480549813
1715875199999,2024-05-16 15:59,16546.32469808465076009624919,15730.17191131123768414622431,22737.42763949118824551324701
1715889599999,2024-05-16 19:59,16467.18139016517837490298357,15579.12388008824505821298130,22519.09221042805592487626536
1715903999999,2024-05-16 23:59,16473.23706848896946796493684,15590.68137386218604739091847,22535.79822335385545816741361
1715918399999,2024-05-17 03:59,16516.97920149283019229085736,15674.16490829380445805338774,22656.47118520745953114640264
1715932799999,2024-05-17 07:59,16617.45763085166416631571103,15865.93183507519381136746069,22933.66456469031320170368702
1715947199999,2024-05-17 11:59,16596.30282737727898720308933,15825.55708325200128217555196,22875.30406378699283044217779
1715961599999,2024-05-17 15:59,16718.65607986231366526004840,16059.07294691034992828312874,23212.84428772824022454434821
1715975999999,2024-05-17 19:59,16700.23484664864725292870130,16023.91531851737104246910190,23162.02498331313746725607650
1715990399999,2024-05-17 23:59,16697.23079944046387156897717,16018.18197948435110180783820,23153.73761255031838529464874
1716004799999,2024-05-18 03:59,16687.34461656901418593537066,15999.31382122437093026941512,23126.46425191152861785593586
1716019199999,2024-05-18 07:59,16680.07554860590266913953966,15985.44052689895169077852900,23106.41081828161416567332303
1716033599999,2024-05-18 11:59,16718.12013479974489192867619,16058.05007525293745033272404,23211.36575722115953797515643
1716047999999,2024-05-18 15:59,16672.14030593885052754863853,15970.29581266291694131190619,23084.51958504944054233461201
1716062399999,2024-05-18 19:59,16683.28370573277462538948265,15991.56341752112638355641879,23115.26127426091491097769065
1716076799999,2024-05-18 23:59,16683.60677542002402613596402,15992.18000838003390531156928,23116.15253797779999774136234
1716091199999,2024-05-19 03:59,16715.53933392602002782597030,16053.12451804282736375378928,23204.24601101767053092117451
1716105599999,2024-05-19 07:59,16734.85213929984757710109546,16089.98374601542700727970430,23257.52492693053368268903629
1716119999999,2024-05-19 11:59,16735.54836699795093684932665,16091.31252321524321695359451,23259.44563478552635028826674
1716134399999,2024-05-19 15:59,16680.43618453585548857747236,15986.12881436936008715637141,23107.40571731441612299091002
1716148799999,2024-05-19 19:59,16573.26345072727230373599293,15781.58555141851487607859868,22811.74452453517611972591708
1716163199999,2024-05-19 23:59,16603.31644489000725689705134,15838.94284061921457423213304,22894.65277726867256285816649
1716177599999,2024-05-20 03:59,16653.55628567346930088766903,15934.82749895343426546621438,23033.25119426536467931270728
1716191999999,2024-05-20 07:59,16672.32938936045773496227685,15970.65668560747134357945551,23085.04121613955545745598574
1716206399999,2024-05-20 11:59,16693.49921933192428155147908,16011.06011607526422262044101,23143.44317116924257693906110
1716220799999,2024-05-20 15:59,16746.81698760088643032834184,16112.81911677845557460708016,23290.53277505005695411106309
1716235199999,2024-05-20 19:59,17069.88667485028717680971978,16729.40997568597732975757457,24181.79649193514371778274429
1716249599999,2024-05-20 23:59,17251.03485379044244885714450,17075.13820600434484784027213,24681.53634881788521581776917
1716263999999,2024-05-21 03:59,17230.67144582900929017776400,17036.27386279677074403307314,24625.35909856988025089207584
1716278399999,2024-05-21 07:59,17179.86811140499596581537647,16939.31375529003793345861303,24485.20615183443507612880538
1716292799999,2024-05-21 11:59,17211.38744124125436189941819,16999.46960222632177105122192,24572.15963639922003321554913
1716307199999,2024-05-21 15:59,17048.22347489131573140612351,16688.06492972047296400523521,24122.03345975641503169158118
1716321599999,2024-05-21 19:59,16980.47901721615069115557100,16558.77204031389572775080984,23935.14444005299179946430229
1716335999999,2024-05-21 23:59,17088.46318186712771973239902,16764.86395007315983067872799,24233.04415565603620669386596
1716350399999,2024-05-22 03:59,17064.34314963535269190788622,16718.82994571549826460233721,24166.50337381634418637664145
1716364799999,2024-05-22 07:59,17034.19999649012953388734463,16661.30058464719646735434224,24083.34639632464725391499529
1716379199999,2024-05-22 11:59,17036.84591218454032372189948,16666.35041598390806994594299,24090.64577707572550326243042
1716393599999,2024-05-22 15:59,17126.97609388667256220829537,16838.36731618385649386248228,24339.29108153401189856784359
1716407999999,2024-05-22 19:59,17024.49162716747603005994105,16642.77179034832043569666091,24056.56357618119734043148155
1716422399999,2024-05-22 23:59,16965.53140924446039382708958,16530.24395859769771538169568,23893.90794784966900606139974
1716436799999,2024-05-23 03:59,17000.53312977932570260866894,16597.04608142011263049784537,23990.46842619994786349609289
1716451199999,2024-05-23 07:59,17036.58420069370650683812193,16665.85092959045197674118930,24089.92378437483797173682041
1716465599999,2024-05-23 11:59,17067.72411147866037413850529,16725.28264075057698064460982,24175.83055224886253622901951
1716479999999,2024-05-23 15:59,16828.96309052045208292494988,16269.59809714741811204749715,23517.15212036547779435767533
1716494399999,2024-05-23 19:59,16719.26715741028927597432325,16060.23921179076415547891727,23214.53008886715465222137062
1716508799999,2024-05-23 23:59,16815.64585748209015680545587,16244.18164837035805830321224,23480.41340087294718299469731
1716523199999,2024-05-24 03:59,16805.90117412482334824298268,16225.58354734703118117692872,23453.53039992411096130906544
1716537599999,2024-05-24 07:59,16713.75118077333729811288732,16049.71175933538573171365398,23199.31296998002749255480567
1716551999999,2024-05-24 11:59,16738.05153097008873565636647,16096.08990742825149597896597,23266.35120133612049153082368
1716566399999,2024-05-24 15:59,16860.32589434544623446127776,16329.45520820244830537888972,23603.67379111394245746977195
1716580799999,2024-05-24 19:59,16959.19022747612331871010625,16518.14157057635007907129993,23876.41430652290125656049511
1716595199999,2024-05-24 23:59,16888.31650178376350146165854,16382.87635343174998674663779,23680.89246500360270719207075
1716609599999,2024-05-25 03:59,16914.34489914487219881189854,16432.55254565365598365577801,23752.69792089187175164819310
1716623999999,2024-05-25 07:59,16913.85278136545741395388621,16431.61332004299452609851388,23751.34029825336074739190251
1716638399999,2024-05-25 11:59,16957.77398012620443404239137,16515.43860832276710579581462,23872.50725511283523667788786
1716652799999,2024-05-25 15:59,16935.95174973978851617831783,16473.79004670190903747407949,23812.30550009672513190848325
1716667199999,2024-05-25 19:59,16964.11641410263162311575641,16527.54338623116477126030011,23890.00435095013354853058966
1716681599999,2024-05-25 23:59,16981.05252852142288317839454,16559.86660858280908032390645,23936.72660587598935658740938
1716695999999,2024-05-26 03:59,16953.88587400640059947717944,16508.01800903242658234720112,23861.78099991543913434765309
1716710399999,2024-05-26 07:59,16987.26097623220787891891652,16571.71566857685362630079076,23953.85406908651749679781324
1716724799999,2024-05-26 11:59,16961.56065739070903814068473,16522.66562676205526776315995,23882.95369495725578851255128
1716739199999,2024-05-26 15:59,16925.63230286915940163663940,16454.09498752261877862060962,23783.83687881436079074794711
1716753599999,2024-05-26 19:59,16932.58831880974242933704271,16467.37081008553072958906310,23803.02668481163465498126567
1716767999999,2024-05-26 23:59,16883.01715714640123805425857,16372.76235143602660663889790,23666.27297643826283438641744
1716782399999,2024-05-27 03:59,16928.81792025040930667171159,16460.17486017789294662488427,23792.62515360411141371996554
1716796799999,2024-05-27 07:59,16900.00836872115751219769197,16405.19072881787219848245239,23713.14722982746338592231295
1716811199999,2024-05-27 11:59,16873.82469755687468425611983,16355.21819060176258646618557,23640.91341463340460984334065
1716825599999,2024-05-27 15:59,17116.70172650728755009635853,16818.75829293836728455624272,24310.94682263074780207200582
1716839999999,2024-05-27 19:59,16977.22578059803463247588643,16552.56311375791998542568974,23926.16962169459080949523629
1716854399999,2024-05-27 23:59,16999.31723572382505096202779,16594.72550109453432187671696,23987.11409647477181990103396
1716868799999,2024-05-28 03:59,16825.74491572885921502395321,16263.45608742884318603688952,23508.27402830193255023893029
1716883199999,2024-05-28 07:59,16781.12874147809894914359857,16178.30441183630442581978829,23385.18981809799595570551168
1716897599999,2024-05-28 11:59,16868.26614584485883187770573,16344.60948198668317146187145,23625.57884238823833021567168
1716911999999,2024-05-28 15:59,16866.28890927056889475098443,16340.83585033468713715418683,23620.12417026048037672792911
1716926399999,2024-05-28 19:59,16872.57624609103106974355419,16352.83547321288351983872417,23637.46926763443394510155512
1716940799999,2024-05-28 23:59,16869.33302713763592271492331,16346.64566575330801074632192,23628.52208536027745394686654
1716955199999,2024-05-29 03:59,16923.30695244581778463580251,16449.65696727071463947597990,23777.42185275910650346058931
1716969599999,2024-05-29 07:59,16812.79708407708090603706388,16238.74465533154173274907513,23472.55438941591783265611950
1716983999999,2024-05-29 11:59,16789.84285757720197160392380,16194.93563581745730913022353,23409.22975688017936186206684
1716998399999,2024-05-29 15:59,16741.70046534468080455267165,16103.05403829203645099644094,23276.41764502217918466779763
1717012799999,2024-05-29 19:59,16727.63190745225050460415118,16076.20365728495890479831766,23237.60621921131116222651337
1717027199999,2024-05-29 23:59,16775.92206023940511850844520,16168.36726148228320311468846,23370.82596331191769693284947
1717041599999,2024-05-30 03:59,16834.24740866073297885576932,16279.68342049854114230616028,23531.73015480445091894176252
1717055999999,2024-05-30 07:59,16767.42457613989181050215594,16152.14948796078536346177662,23347.38365485152157763720595
1717070399999,2024-05-30 11:59,16796.53215319459072659502272,16207.70241243871305027756438,23427.68375213444344516258669
1717084799999,2024-05-30 15:59,16885.90850562647436333962873,16378.28060063454392343208585,23674.24944125333130468609927
1717099199999,2024-05-30 19:59,16901.21800173620759406242457,16407.49935970820036133313215,23716.48428699998661775838599
1717113599999,2024-05-30 23:59,16863.54532134512921631865614,16335.59960780807326054358709,23612.55533768801826394031417
1717127999999,2024-05-31 03:59,16886.54087071198191131239267,16379.48749359480864624739980,23675.99396907126529234367368
1717142399999,2024-05-31 07:59,16841.35869840449013714750477,16293.25558905565670838174035,23551.34832010751451479793104
1717156799999,2024-05-31 11:59,16863.23978257114141096151871,16335.01647536786614694569282,23611.71243711856105010180297
1717171199999,2024-05-31 15:59,16721.22060203086704792979205,16063.96743558880963585889700,23219.91912529483192102496683
1717185599999,2024-05-31 19:59,16779.50087096095080584737458,16175.19755867126652550313851,23380.69895440826489836918151
1717199999999,2024-05-31 23:59,16761.84598909843413482163447,16141.50254115290548199202681,23331.99381043786630038078215
1717214399999,2024-06-01 03:59,16783.79719691813179019302422,16183.39726113991655318500420,23392.55138003862432738529600
1717228799999,2024-06-01 07:59,16773.37506898411333122804550,16163.50623122252390369617643,23363.79948889275387337739134
1717243199999,2024-06-01 11:59,16776.94260983284799295953948,16170.31501942805696369781890,23373.64138939432601364754878
1717257599999,2024-06-01 15:59,16780.78814087758795300777325,16177.65436255869649590738157,23384.25019123368299601667952
1717271999999,2024-06-01 19:59,16788.61193702461995248070212,16192.58637684727865066001835,23405.83397302863657004544179
1717286399999,2024-06-01 23:59,16790.25107741457912138436151,16195.71473899576681336347570,23410.35592731314268854794656
1717300799999,2024-06-02 03:59,16793.08357211441689071979127,16201.12066350293275991444632,23418.17003013327472831316107
1717315199999,2024-06-02 07:59,16784.50970332140663137421765,16184.75710687138314186206091,23394.51699653051430555788974
1717329599999,2024-06-02 11:59,16850.94184691813224533673727,16311.54539464952982463044862,23577.78568919790819310172707
1717343999999,2024-06-02 15:59,16837.24895145273613230273003,16285.41197975746102465924452,23540.01061654620887619959593
1717358399999,2024-06-02 19:59,16786.50697522513839180304632,16188.56897671617964263518121,23400.02694082676125667438715
1717372799999,2024-06-02 23:59,16790.09830802758521870579280,16195.42317277566325656452857,23409.93447702841408162869096
1717387199999,2024-06-03 03:59,16867.38208693323837867221793,16342.92222172936258867452164,23623.13995795366130984686468
1717401599999,2024-06-03 07:59,16932.98401656621843955366331,16468.12601439333994228141797,23804.11831013929235814917362
1717415999999,2024-06-03 11:59,16954.68478276789330364871091,16509.54275697034518265644924,23863.98497763393791479425205
1717430399999,2024-06-03 15:59,17021.71297741551316084892486,16637.46863098430574277154871,24048.89801731387948179354566
1717444799999,2024-06-03 19:59,16970.21216308530636278192442,16539.17735639070669336910866,23906.82090821291107707924758
1717459199999,2024-06-03 23:59,16920.86264225391534177870309,16444.99190774905773069282577,23770.67864820344879275249969
1717473599999,2024-06-04 03:59,16965.98220415690141812450545,16531.10431793570821085399870,23895.15157164067145270838348
1717487999999,2024-06-04 07:59,16946.37387767380697514329655,16493.68107661930168696290726,23841.05739124259558591638791
1717502399999,2024-06-04 11:59,16939.13861932912853516977174,16479.87230924423323463244386,23821.09722939700631723229886
1717516799999,2024-06-04 15:59,17125.61118706844834975223064,16835.76233929932471590467593,24335.52566505569893510892059
1717531199999,2024-06-04 19:59,17122.93146175560448309536959,16830.64798101226232615265245,24328.13301252029550226296169
1717545599999,2024-06-04 23:59,17137.23668697706632080003340,16857.95005067179538247373480,24367.59734082143980919391241
1717559999999,2024-06-05 03:59,17188.54466126139556958425037,16955.87328265968994214635634,24509.14245530070161173144522
1717574399999,2024-06-05 07:59,17220.15289787205205657139356,17016.19881157652584967933611,24596.34121011315649579578854
1717588799999,2024-06-05 11:59,17191.56623938284054633331846,16961.64008011141029096487628,24517.47818921094856661803346
1717603199999,2024-06-05 15:59,17267.73680529638239907640271,17107.01451947763370508909885,24727.61261027452586408851678
1717617599999,2024-06-05 19:59,17230.16430155251313784317114,17035.30595854150893662673225,24623.96002180500249841421913
1717631999999,2024-06-05 23:59,17208.63258344300365785965450,16994.21185071625763205381461,24564.55971323198285926175960
1717646399999,2024-06-06 03:59,17201.36977652034271084573205,16980.35050582608853833337713,24544.52355215472121883813266
1717660799999,2024-06-06 07:59,17197.79722683924759328871123,16973.53215807235536171537574,24534.66783361102682916078651
1717675199999,2024-06-06 11:59,17216.39752580980030138264297,17009.03154031348841656423405,24585.98113303200000275605454
1717689599999,2024-06-06 15:59,17232.67497877319162038850123,17040.09768207681739057664210,24630.88631541878001376755913
1717703999999,2024-06-06 19:59,17129.93005277125138531275107,16844.00505973487526836015676,24347.44027187560848645738427
1717718399999,2024-06-06 23:59,17169.94686670702308940308206,16920.37868019265694560567750,24457.83606490078956283977154
1717732799999,2024-06-07 03:59,17193.81645732077532595125270,16965.93470714031268086412216,24523.68594463436911279756064
1717747199999,2024-06-07 07:59,17208.88302506102644913599666,16994.68982812626346287176073,24565.25061533809532962119501
1717761599999,2024-06-07 11:59,17282.76205016965976170055021,17135.69077419093352501177630,24769.06328213074352330284431
1717775999999,2024-06-07 15:59,17209.07586510690399841878011,16995.05787073196795260157924,24565.78260995980193179796028
1717790399999,2024-06-07 19:59,16976.59842434488754032864934,16551.36578034585537922673471,23924.43891191877907124485058
1717804799999,2024-06-07 23:59,16989.19563773143394152865965,16575.40804406914866936942453,23959.19128785623633032445179
1717819199999,2024-06-08 03:59,16998.76250753990456828492992,16593.66678113137140661496630,23985.58374830973269805488453
1717833599999,2024-06-08 07:59,17017.57067305341619313822564,16629.56288462280930104271989,24037.47049647877922204848395
1717847999999,2024-06-08 11:59,16990.48916868852165847096688,16577.87679739182878554411624,23962.75979723430723973093570
1717862399999,2024-06-08 15:59,16998.51331812997189096496947,16593.19119360841560495110991,23984.89630071415079004724629
1717876799999,2024-06-08 19:59,17002.26994240031376011010178,16600.36085475850306722030171,23995.25983230583784543877747
1717891199999,2024-06-08 23:59,16983.54317041265954242161725,16564.62009392531706780838061,23943.59762732127787431199455
1717905599999,2024-06-09 03:59,16977.14689148835745322383865,16552.41255087376814871803671,23925.95198753116538133201413
1717919999999,2024-06-09 07:59,16981.68739802311065906392189,16561.07828131717386144739986,23938.47804271498446894857815
1717934399999,2024-06-09 11:59,16990.70955731238171479414797,16578.29741751263391666390883,23963.36779108768621364723886
1717948799999,2024-06-09 15:59,17008.35943034253792999436124,16611.98287548279484355866161,24012.05911701596256222844950
1717963199999,2024-06-09 19:59,17033.60644985541551856241372,16660.16777818548264831580994,24081.70895833316069916313337
1717977599999,2024-06-09 23:59,17025.82773319962762151922644,16645.32179983070154311040346,24060.24953891730736979906948
1717991999999,2024-06-10 03:59,17021.45251813276945792152902,16636.97153447789967872088475,24048.17947912352251261973283
1718006399999,2024-06-10 07:59,16982.73299177835581264265039,16563.07383700394820511232491,23941.36255900800403269922099
1718020799999,2024-06-10 11:59,17004.00800722939193156791632,16603.67801798394353309684778,24000.05469292225838973325922
1718035199999,2024-06-10 15:59,17078.16752695021077036197309,16745.21429874782012575296301,24204.64117007375255021747619
1718049599999,2024-06-10 19:59,17006.12549110977463180938923,16607.71931698554283266258222,24005.89627022943932662228563
1718063999999,2024-06-10 23:59,17012.28635491313529720740620,16619.47756127168627078405677,24022.89246203980609746439676
1718078399999,2024-06-11 03:59,16877.54876441687359053532765,16362.32571468854929072904437,23651.18712895129704408814522
1718092799999,2024-06-11 07:59,16765.62390090630794122525585,16148.71283038284343988074402,23342.41606870857291575286534
1718107199999,2024-06-11 11:59,16680.45246324102697001043460,15986.15988290101046615953791,23107.45062595131343356427332
1718121599999,2024-06-11 15:59,16599.61867439990074370185944,15831.88550416047848220515858,22884.45160767192193800110264
1718135999999,2024-06-11 19:59,16745.19162149991851494488127,16109.71704338751773259860985,23286.04882038138702147832727
1718150399999,2024-06-11 23:59,16733.57488704793134159175048,16087.54606122439727010817909,23254.00132618936008385591569
1718164799999,2024-06-12 03:59,16745.19036929182840098849956,16109.71465350046770344452012,23286.04536587085645912653009
1718179199999,2024-06-12 07:59,16751.02941561602977959641686,16120.85869681475364896493390,23302.15374847486870555676672
1718193599999,2024-06-12 11:59,16791.70113438293108287438258,16198.48222819970057379938373,23414.35625050753389192907759
1718207999999,2024-06-12 15:59,17036.57919186134605101259509,16665.84137004225186012483038,24089.90996633271572232963170
1718222399999,2024-06-12 19:59,16760.95817356254333974700154,16139.80811123443481174240781,23329.54456247169759295658362
1718236799999,2024-06-12 23:59,16852.50335040650434894473059,16314.52558380091617978034267,23582.09346382951944579280687
1718251199999,2024-06-13 03:59,16753.69787105606262064584251,16125.95154611836577633014980,23309.51531041549707723655103
1718265599999,2024-06-13 07:59,16784.98679460374004875564945,16185.66765383744424957024827,23395.83316504265856159261420
1718279999999,2024-06-13 11:59,16786.88764648453303454308639,16189.29550237938850547845931,23401.07711202805221162072898
1718294399999,2024-06-13 15:59,16627.85972345624080197858238,15885.78462679978599439085277,22962.36118366769465808283685
1718308799999,2024-06-13 19:59,16644.63931186376781749350666,15917.80911327017665919324279,23008.65162477723017216500944
1718323199999,2024-06-13 23:59,16665.80162858669368034441862,15958.19820441566936330968990,23067.03285274373391753730173
1718337599999,2024-06-14 03:59,16662.16897291727309288107569,15951.26514208353478729538144,23057.01131769457253497369109
1718351999999,2024-06-14 07:59,16682.32701875192756271385562,15989.73754381490410983186461,23112.62202821556527420464738
1718366399999,2024-06-14 11:59,16698.73344914860061922703009,16021.04984394438608671551491,23157.88302518699320745126121
1718380799999,2024-06-14 15:59,16618.09124814526182824485668,15867.14111792250856333686437,22935.41254701877775171305861
1718395199999,2024-06-14 19:59,16508.90120710350505967244120,15658.74774693406638502053565,22634.18613777480179970281343
1718409599999,2024-06-14 23:59,16574.51315440120603220494027,15783.97065869444397186014982,22815.19212604467734681949978
1718423999999,2024-06-15 03:59,16561.42449999560414009857686,15837.47544997049667362103845,22892.53170780290727885469978
1718438399999,2024-06-15 07:59,16561.42449999560414009857686,15791.85728595954018035626079,22857.76254719988050473146200
1718452799999,2024-06-15 11:59,16561.42449999560414009857686,15849.92198172704850812035541,22857.76254719988050473146200
1718467199999,2024-06-15 15:59,16561.42449999560414009857686,15848.98275611638705056309129,22857.76254719988050473146200
1718481599999,2024-06-15 19:59,16561.42449999560414009857686,15810.42909822531673678755727,22857.76254719988050473146200
1718495999999,2024-06-15 23:59,16561.42449999560414009857686,15828.00671747828116511752582,22857.76254719988050473146200
1718510399999,2024-06-16 03:59,16538.74116602888994659072979,15808.34989649179137272949165,22857.76254719988050473146200
1718524799999,2024-06-16 07:59,16553.75954606767177167234799,15837.10023770364209642895075,22865.00305504703833735064621
1718539199999,2024-06-16 11:59,16582.03979237012602633351980,15891.23834904795252402361800,22943.16445071545789875443354
1718553599999,2024-06-16 15:59,16609.50108129058187058292590,15943.80869448744382653542197,23019.06239891296926997233447
1718567999999,2024-06-16 19:59,16590.73996614321584669875647,15907.89347189960569887495054,22967.21012971661518138468092
1718582399999,2024-06-16 23:59,16605.01554184923996721482497,15935.22183031668907589101993,23006.66519348160779537189268
1718596799999,2024-06-17 03:59,16591.81369152558439998170908,15826.51303807201294381144420,22849.71788386392357740632194
1718611199999,2024-06-17 07:59,16591.81369152558439998170908,15814.56360282186717336279121,22814.98546528073876805957483
1718625599999,2024-06-17 11:59,16591.81369152558439998170908,15729.77041028683278625914957,22814.98546528073876805957483
1718639999999,2024-06-17 15:59,16591.81369152558439998170908,15622.41668399952318454845109,22814.98546528073876805957483
1718654399999,2024-06-17 19:59,16591.81369152558439998170908,15938.83533953633315687469260,22814.98546528073876805957483
1718668799999,2024-06-17 23:59,16591.81369152558439998170908,15893.98671915548605122680819,22814.98546528073876805957483
1718683199999,2024-06-18 03:59,16591.81369152558439998170908,15653.96319305990801853289499,22814.98546528073876805957483
1718697599999,2024-06-18 07:59,16591.81369152558439998170908,15695.19113455996095573483754,22814.98546528073876805957483
1718711999999,2024-06-18 11:59,16591.81369152558439998170908,15621.93870658951735373050497,22814.98546528073876805957483
1718726399999,2024-06-18 15:59,16591.81369152558439998170908,15464.20616128759318380828547,22814.98546528073876805957483
1718740799999,2024-06-18 19:59,16591.81369152558439998170908,15393.98888987068660749791076,22814.98546528073876805957483
1718755199999,2024-06-18 23:59,16591.81369152558439998170908,15576.36834031956144354752192,22814.98546528073876805957483
1718769599999,2024-06-19 03:59,16591.81369152558439998170908,15631.02027737962813927148125,22814.98546528073876805957483
1718783999999,2024-06-19 07:59,16591.81369152558439998170908,15612.59185833685333208556860,22814.98546528073876805957483
1718798399999,2024-06-19 11:59,16591.81369152558439998170908,15584.65646860906254993070764,22814.98546528073876805957483
1718812799999,2024-06-19 15:59,16591.81369152558439998170908,15515.82772156822291214646640,22814.98546528073876805957483
1718827199999,2024-06-19 19:59,16591.81369152558439998170908,15506.27056325515632494163374,22814.98546528073876805957483
1718841599999,2024-06-19 23:59,16591.81369152558439998170908,15528.34356004922559211438554,22814.98546528073876805957483
1718855999999,2024-06-20 03:59,16591.81369152558439998170908,15579.87430462195421259715671,22814.98546528073876805957483
1718870399999,2024-06-20 07:59,16591.81369152558439998170908,15739.72189996315418388878779,22814.98546528073876805957483
1718884799999,2024-06-20 11:59,16591.81369152558439998170908,15814.04977710611090523349913,22814.98546528073876805957483
1718899199999,2024-06-20 15:59,16591.81369152558439998170908,15494.13471681510828047398176,22814.98546528073876805957483
1718913599999,2024-06-20 19:59,16591.81369152558439998170908,15546.41827580859608449501806,22814.98546528073876805957483
1718927999999,2024-06-20 23:59,16591.81369152558439998170908,15503.39791902102128172577756,22814.98546528073876805957483
1718942399999,2024-06-21 03:59,16591.81369152558439998170908,15416.44187870571051017092973,22814.98546528073876805957483
1718956799999,2024-06-21 07:59,16591.81369152558439998170908,15343.66742814527273898454328,22814.98546528073876805957483
1718971199999,2024-06-21 11:59,16591.81369152558439998170908,15240.51273340486436100950146,22814.98546528073876805957483
1718985599999,2024-06-21 15:59,16591.81369152558439998170908,15231.43594238885363377670464,22814.98546528073876805957483
1718999999999,2024-06-21 19:59,16591.81369152558439998170908,15350.92790500326130910914484,22814.98546528073876805957483
1719014399999,2024-06-21 23:59,16591.81369152558439998170908,15329.78935404575344118547769,22814.98546528073876805957483
1719028799999,2024-06-22 03:59,16591.81369152558439998170908,15373.73698700873955574153367,22814.98546528073876805957483
1719043199999,2024-06-22 07:59,16591.81369152558439998170908,15419.75426215705091773929634,22814.98546528073876805957483
1719057599999,2024-06-22 11:59,16591.81369152558439998170908,15358.87427944460824645749908,22814.98546528073876805957483
1719071999999,2024-06-22 15:59,16591.81369152558439998170908,15368.86878708783016886075244,22814.98546528073876805957483
1719086399999,2024-06-22 19:59,16591.81369152558439998170908,15365.98419341844497987444761,22814.98546528073876805957483
1719100799999,2024-06-22 23:59,16591.81369152558439998170908,15358.09756615334877137833663,22814.98546528073876805957483
1719115199999,2024-06-23 03:59,16591.81369152558439998170908,15394.93289525544812336335435,22814.98546528073876805957483
1719129599999,2024-06-23 07:59,16591.81369152558439998170908,15394.72497508209558695754778,22814.98546528073876805957483
1719143999999,2024-06-23 11:59,16591.81369152558439998170908,15377.08282887878037146715651,22814.98546528073876805957483
1719158399999,2024-06-23 15:59,16591.81369152558439998170908,15317.94507382580895351677285,22814.98546528073876805957483
1719172799999,2024-06-23 19:59,16591.81369152558439998170908,15331.27586379087157502929013,22814.98546528073876805957483
1719187199999,2024-06-23 23:59,16591.81369152558439998170908,15106.68144849028176113867767,22814.98546528073876805957483
1719201599999,2024-06-24 03:59,16591.81369152558439998170908,15023.51098926221716966196312,22814.98546528073876805957483
1719215999999,2024-06-24 07:59,16591.81369152558439998170908,14926.48157503103351361890082,22814.98546528073876805957483
1719230399999,2024-06-24 11:59,16591.81369152558439998170908,14648.28677297238983180381051,22814.98546528073876805957483
1719244799999,2024-06-24 15:59,16591.81369152558439998170908,14541.22939267928384520023862,22814.98546528073876805957483
1719259199999,2024-06-24 19:59,16591.81369152558439998170908,14173.83922613945207444822291,22814.98546528073876805957483
1719273599999,2024-06-24 23:59,16591.81369152558439998170908,14409.62070272122835863286429,22814.98546528073876805957483
1719287999999,2024-06-25 03:59,16591.81369152558439998170908,14650.82961279362085175528386,22814.98546528073876805957483
1719302399999,2024-06-25 07:59,16591.81369152558439998170908,14503.27081666367079079304752,22814.98546528073876805957483
1719316799999,2024-06-25 11:59,16591.81369152558439998170908,14623.35786115353572549383063,22814.98546528073876805957483
1719331199999,2024-06-25 15:59,16591.81369152558439998170908,14772.09487159915015942230416,22814.98546528073876805957483
1719345599999,2024-06-25 19:59,16591.81369152558439998170908,14811.63794272893254299098664,22814.98546528073876805957483
1719359999999,2024-06-25 23:59,16591.81369152558439998170908,14771.14130666618852694050165,22814.98546528073876805957483
1719374399999,2024-06-26 03:59,16591.81369152558439998170908,14802.22417763886770503153781,22814.98546528073876805957483
1719388799999,2024-06-26 07:59,16591.81369152558439998170908,14750.59066792298783092290824,22814.98546528073876805957483
1719403199999,2024-06-26 11:59,16591.81369152558439998170908,14684.92613133638679315347031,22814.98546528073876805957483
1719417599999,2024-06-26 15:59,16591.81369152558439998170908,14690.32727606945268139626146,22814.98546528073876805957483
1719431999999,2024-06-26 19:59,16591.81369152558439998170908,14578.51641043383870730821542,22814.98546528073876805957483
1719446399999,2024-06-26 23:59,16591.81369152558439998170908,14546.24815548434506878867288,22814.98546528073876805957483
1719460799999,2024-06-27 03:59,16591.81369152558439998170908,14587.43068913044745206291055,22814.98546528073876805957483
1719475199999,2024-06-27 07:59,16591.81369152558439998170908,14529.28473720323813305976509,22814.98546528073876805957483
1719489599999,2024-06-27 11:59,16591.81369152558439998170908,14625.36058650146015662102488,22814.98546528073876805957483
1719503999999,2024-06-27 15:59,16591.81369152558439998170908,14716.17151462846795372260816,22814.98546528073876805957483
1719518399999,2024-06-27 19:59,16591.81369152558439998170908,14686.05893779810061219200262,22814.98546528073876805957483
1719532799999,2024-06-27 23:59,16591.81369152558439998170908,14747.35237097019832713132327,22814.98546528073876805957483
1719547199999,2024-06-28 03:59,16591.81369152558439998170908,14776.43729636905313240334466,22814.98546528073876805957483
1719561599999,2024-06-28 07:59,16591.81369152558439998170908,14662.16245718485910044878636,22814.98546528073876805957483
1719575999999,2024-06-28 11:59,16591.81369152558439998170908,14743.41622699880031034553698,22814.98546528073876805957483
1719590399999,2024-06-28 15:59,16591.81369152558439998170908,14593.33371014401946266454513,22814.98546528073876805957483
1719604799999,2024-06-28 19:59,16591.81369152558439998170908,14369.09538801388399273330253,22814.98546528073876805957483
1719619199999,2024-06-28 23:59,16591.81369152558439998170908,14441.77424309232059775609976,22814.98546528073876805957483
1719633599999,2024-06-29 03:59,16591.81369152558439998170908,14521.63470875609481081853744,22814.98546528073876805957483
1719647999999,2024-06-29 07:59,16591.81369152558439998170908,14591.01312981844115404341671,22814.98546528073876805957483
1719662399999,2024-06-29 11:59,16591.81369152558439998170908,14602.96973472973701195433890,22814.98546528073876805957483
1719676799999,2024-06-29 15:59,16591.81369152558439998170908,14603.84682327709771150527003,22814.98546528073876805957483
1719691199999,2024-06-29 19:59,16591.81369152558439998170908,14592.22958232690599347508959,22814.98546528073876805957483
1719705599999,2024-06-29 23:59,16591.81369152558439998170908,14575.33069099614984490660453,22814.98546528073876805957483
1719719999999,2024-06-30 03:59,16591.81369152558439998170908,14554.21364902209223936974496,22814.98546528073876805957483
1719734399999,2024-06-30 07:59,16591.81369152558439998170908,14704.70244667537804324599101,22814.98546528073876805957483
1719748799999,2024-06-30 11:59,16591.81369152558439998170908,14712.34769534842130717903920,22814.98546528073876805957483
1719763199999,2024-06-30 15:59,16591.81369152558439998170908,14750.08401186838165025588535,22814.98546528073876805957483
1719777599999,2024-06-30 19:59,16591.81369152558439998170908,14823.91479250493230754993273,22814.98546528073876805957483
1719791999999,2024-06-30 23:59,16591.81369152558439998170908,15002.00439569900481200847746,22814.98546528073876805957483
1719806399999,2024-07-01 03:59,16591.81369152558439998170908,15161.09439684534554145366394,22814.98546528073876805957483
1719820799999,2024-07-01 07:59,16591.81369152558439998170908,15122.89205235062951332932032,22814.98546528073876805957483
1719835199999,2024-07-01 11:59,16591.81369152558439998170908,14975.73475724508435025415872,22814.98546528073876805957483
1719849599999,2024-07-01 15:59,16591.81369152558439998170908,15088.25302944750695395276503,22814.98546528073876805957483
1719863999999,2024-07-01 19:59,16591.81369152558439998170908,15110.68928907318065254715589,22814.98546528073876805957483
1719878399999,2024-07-01 23:59,16591.81369152558439998170908,15032.59017016527792604884966,22814.98546528073876805957483
1719892799999,2024-07-02 03:59,16591.81369152558439998170908,15089.63199427537377586253959,22814.98546528073876805957483
1719907199999,2024-07-02 07:59,16591.81369152558439998170908,14968.06321981449076562612350,22814.98546528073876805957483
1719921599999,2024-07-02 11:59,16591.81369152558439998170908,15016.34371799917973654686105,22814.98546528073876805957483
1719935999999,2024-07-02 15:59,16591.81369152558439998170908,14805.09443198595271909330426,22814.98546528073876805957483
1719950399999,2024-07-02 19:59,16591.81369152558439998170908,14802.94831341502653872072619,22814.98546528073876805957483
1719964799999,2024-07-02 23:59,16591.81369152558439998170908,14849.87852541644903758076595,22814.98546528073876805957483
1719979199999,2024-07-03 03:59,16591.81369152558439998170908,14575.64376619970366409235924,22814.98546528073876805957483
1719993599999,2024-07-03 07:59,16591.81369152558439998170908,14547.44787878345970414171764,22814.98546528073876805957483
1720007999999,2024-07-03 11:59,16591.81369152558439998170908,14431.77734556204864619875667,22814.98546528073876805957483
1720022399999,2024-07-03 15:59,16591.81369152558439998170908,14384.03696185066626410229824,22814.98546528073876805957483
1720036799999,2024-07-03 19:59,16591.81369152558439998170908,14260.92193046841439116982646,22814.98546528073876805957483
1720051199999,2024-07-03 23:59,16591.81369152558439998170908,14389.37357963338136518466666,22814.98546528073876805957483
1720065599999,2024-07-04 03:59,16591.81369152558439998170908,14124.91345845125523192325810,22814.98546528073876805957483
1720079999999,2024-07-04 07:59,16591.81369152558439998170908,13914.12303075163381205492958,22814.98546528073876805957483
1720094399999,2024-07-04 11:59,16591.81369152558439998170908,13804.65425442504840897481952,22814.98546528073876805957483
1720108799999,2024-07-04 15:59,16591.81369152558439998170908,13895.00632423845060849117453,22814.98546528073876805957483
1720123199999,2024-07-04 19:59,16591.81369152558439998170908,13929.32988205096931952788538,22814.98546528073876805957483
1720137599999,2024-07-04 23:59,16591.81369152558439998170908,13634.51102567232284186462903,22814.98546528073876805957483
1720151999999,2024-07-05 03:59,16591.81369152558439998170908,13199.06882538291090840753453,22814.98546528073876805957483
1720166399999,2024-07-05 07:59,16591.81369152558439998170908,13004.78534753784085583697525,22814.98546528073876805957483
1720180799999,2024-07-05 11:59,16591.81369152558439998170908,13260.84979551321457078116023,22814.98546528073876805957483
1720195199999,2024-07-05 15:59,16591.81369152558439998170908,13541.78101824414163402899207,22814.98546528073876805957483
1720209599999,2024-07-05 19:59,16591.81369152558439998170908,13494.80061861466852293306797,22814.98546528073876805957483
1720223999999,2024-07-05 23:59,16591.81369152558439998170908,13533.84420335099481329699676,22814.98546528073876805957483
1720238399999,2024-07-06 03:59,16591.81369152558439998170908,13481.55586458340695096778099,22814.98546528073876805957483
1720252799999,2024-07-06 07:59,16591.81369152558439998170908,13528.39765076397837112650072,22814.98546528073876805957483
1720267199999,2024-07-06 11:59,16591.81369152558439998170908,13558.37161414544402171990189,22814.98546528073876805957483
1720281599999,2024-07-06 15:59,16591.81369152558439998170908,13698.55282895195408400713987,22814.98546528073876805957483
1720295999999,2024-07-06 19:59,16591.81369152558439998170908,13827.60911954057843400668192,22814.98546528073876805957483
1720310399999,2024-07-06 23:59,16591.81369152558439998170908,13916.54637622036337430191641,22814.98546528073876805957483
1720324799999,2024-07-07 03:59,16591.81369152558439998170908,13852.81286837018589303698081,22814.98546528073876805957483
1720339199999,2024-07-07 07:59,16591.81369152558439998170908,13710.98263149915571442782871,22814.98546528073876805957483
1720353599999,2024-07-07 11:59,16591.81369152558439998170908,13732.49400483646813038949383,22814.98546528073876805957483
1720367999999,2024-07-07 15:59,16591.81369152558439998170908,13580.83655241571807016336951,22814.98546528073876805957483
1720382399999,2024-07-07 19:59,16591.81369152558439998170908,13658.67039386106756055771564,22814.98546528073876805957483
1720396799999,2024-07-07 23:59,16591.81369152558439998170908,13349.58869156784709128694708,22814.98546528073876805957483
1720411199999,2024-07-08 03:59,16591.81369152558439998170908,13182.82237321681271890554592,22814.98546528073876805957483
1720425599999,2024-07-08 07:59,16591.81369152558439998170908,13348.20255707883018191490333,22814.98546528073876805957483
1720439999999,2024-07-08 11:59,16591.81369152558439998170908,13659.36585099262604439782725,22814.98546528073876805957483
1720454399999,2024-07-08 15:59,16591.81369152558439998170908,13326.57646916311636655693114,22814.98546528073876805957483
1720468799999,2024-07-08 19:59,16591.81369152558439998170908,13497.64219431715318714575765,22814.98546528073876805957483
1720483199999,2024-07-08 23:59,16591.81369152558439998170908,13554.35660390139504284915448,22814.98546528073876805957483
1720497599999,2024-07-09 03:59,16591.81369152558439998170908,13662.79533890941788051659066,22814.98546528073876805957483
1720511999999,2024-07-09 07:59,16591.81369152558439998170908,13650.48264082766767864629861,22814.98546528073876805957483
1720526399999,2024-07-09 11:59,16591.81369152558439998170908,13724.84875616342486645644565,22814.98546528073876805957483
1720540799999,2024-07-09 15:59,16591.81369152558439998170908,13736.55920270856772149612558,22814.98546528073876805957483
1720555199999,2024-07-09 19:59,16591.81369152558439998170908,13828.56985413469015395075362,22814.98546528073876805957483
1720569599999,2024-07-09 23:59,16591.81369152558439998170908,13873.49734078818822168359914,22814.98546528073876805957483
1720583999999,2024-07-10 03:59,16591.81369152558439998170908,13904.56826232561725400418665,22814.98546528073876805957483
1720598399999,2024-07-10 07:59,16591.81369152558439998170908,14095.27646914384369205650895,22814.98546528073876805957483
1720612799999,2024-07-10 11:59,16591.81369152558439998170908,13979.13034839947683244969159,22814.98546528073876805957483
1720627199999,2024-07-10 15:59,16591.81369152558439998170908,13789.77720753861692476624655,22814.98546528073876805957483
1720641599999,2024-07-10 19:59,16591.81369152558439998170908,13716.24994255741997004159495,22814.98546528073876805957483
1720655999999,2024-07-10 23:59,16591.81369152558439998170908,13796.02915206149319186498179,22814.98546528073876805957483
1720670399999,2024-07-11 03:59,16591.81369152558439998170908,13758.30478497678299455858429,22814.98546528073876805957483
1720684799999,2024-07-11 07:59,16591.81369152558439998170908,13907.31424254610075205328711,22814.98546528073876805957483
1720699199999,2024-07-11 11:59,16591.81369152558439998170908,14047.47872814326061026189698,22814.98546528073876805957483
1720713599999,2024-07-11 15:59,16591.81369152558439998170908,13718.63504983334906582314609,22814.98546528073876805957483
1720727999999,2024-07-11 19:59,16591.81369152558439998170908,13712.89932091327909600779265,22814.98546528073876805957483
1720742399999,2024-07-11 23:59,16591.81369152558439998170908,13703.78907147856796061773961,22814.98546528073876805957483
1720756799999,2024-07-12 03:59,16591.81369152558439998170908,13602.00856179192634624429289,22814.98546528073876805957483
1720771199999,2024-07-12 07:59,16591.81369152558439998170908,13648.11665264813881609746532,22814.98546528073876805957483
1720785599999,2024-07-12 11:59,16591.81369152558439998170908,13671.20296155142044460426290,22814.98546528073876805957483
1720799999999,2024-07-12 15:59,16591.81369152558439998170908,13912.69148840866634875518095,22814.98546528073876805957483
1720814399999,2024-07-12 19:59,16591.81369152558439998170908,13760.21908450385634698445850,22814.98546528073876805957483
1720828799999,2024-07-12 23:59,16591.81369152558439998170908,13835.04405815321913237983381,22814.98546528073876805957483
1720843199999,2024-07-13 03:59,16591.81369152558439998170908,13817.09600640750018516595702,22814.98546528073876805957483
1720857599999,2024-07-13 07:59,16591.81369152558439998170908,13902.25246177413900369123770,22814.98546528073876805957483
1720871999999,2024-07-13 11:59,16591.81369152558439998170908,13989.16787400959927962656011,22814.98546528073876805957483
1720886399999,2024-07-13 15:59,16591.81369152558439998170908,14060.05909357461407739023885,22814.98546528073876805957483
1720900799999,2024-07-13 19:59,16591.81369152558439998170908,14010.76767316776277428954525,22814.98546528073876805957483
1720915199999,2024-07-13 23:59,16591.81369152558439998170908,14149.29508613565266194668966,22814.98546528073876805957483
1720929599999,2024-07-14 03:59,16591.81369152558439998170908,14211.94119537806687810079784,22814.98546528073876805957483
1720943999999,2024-07-14 07:59,16591.81369152558439998170908,14354.34500514110405369148528,22814.98546528073876805957483
1720958399999,2024-07-14 11:59,16591.81369152558439998170908,14363.20909620966218621029607,22814.98546528073876805957483
1720972799999,2024-07-14 15:59,16591.81369152558439998170908,14359.60036676411816353480287,22814.98546528073876805957483
1720987199999,2024-07-14 19:59,16591.81369152558439998170908,14319.44787443657834567323908,22814.98546528073876805957483
1721001599999,2024-07-14 23:59,16591.81369152558439998170908,14530.21679315274950315476002,22814.98546528073876805957483
1721015999999,2024-07-15 03:59,16591.81369152558439998170908,14972.33633785994289313856181,22814.98546528073876805957483
1721030399999,2024-07-15 07:59,16591.81369152558439998170908,15018.28191639675338051363257,22814.98546528073876805957483
1721044799999,2024-07-15 11:59,16591.81369152558439998170908,14926.00359762102768280095470,22814.98546528073876805957483
1721059199999,2024-07-15 15:59,16591.81369152558439998170908,15062.70513688269529673354493,22814.98546528073876805957483
1721073599999,2024-07-15 19:59,16591.81369152558439998170908,15138.22556766361656596903184,22814.98546528073876805957483
1721087999999,2024-07-15 23:59,16591.81369152558439998170908,15468.54141639634606932705678,22814.98546528073876805957483
1721102399999,2024-07-16 03:59,16591.81369152558439998170908,15475.23310013642770077830245,22814.98546528073876805957483
1721116799999,2024-07-16 07:59,16591.81369152558439998170908,15031.40000641436340731216382,22814.98546528073876805957483
1721131199999,2024-07-16 11:59,16591.81369152558439998170908,15234.80329324234471188913506,22814.98546528073876805957483
1721145599999,2024-07-16 15:59,16591.81369152558439998170908,15505.36957583729533384980530,22814.98546528073876805957483
1721159999999,2024-07-16 19:59,16591.81369152558439998170908,15574.00474202708261015277836,22814.98546528073876805957483
1721174399999,2024-07-16 23:59,16591.81369152558439998170908,15544.98195369152856288708997,22814.98546528073876805957483
1721188799999,2024-07-17 03:59,16591.81369152558439998170908,15702.15765531079593990640224,22814.98546528073876805957483
1721203199999,2024-07-17 07:59,16591.81369152558439998170908,15596.12792644920248956141451,22814.98546528073876805957483
1721217599999,2024-07-17 11:59,16591.81369152558439998170908,15468.44343102729487400937782,22814.98546528073876805957483
1721231999999,2024-07-17 15:59,16591.81369152558439998170908,15468.51034786469569032389028,22814.98546528073876805957483
1721246399999,2024-07-17 19:59,16591.81369152558439998170908,15435.47493917214269334154422,22814.98546528073876805957483
1721260799999,2024-07-17 23:59,16591.81369152558439998170908,15316.50875170874143190884476,22814.98546528073876805957483
1721275199999,2024-07-18 03:59,16591.81369152558439998170908,15502.22448447945696706771983,22814.98546528073876805957483
1721289599999,2024-07-18 07:59,16591.81369152558439998170908,15455.12459049748239826730920,22814.98546528073876805957483
1721303999999,2024-07-18 11:59,16591.81369152558439998170908,15476.63357394774478507488459,22814.98546528073876805957483
1721318399999,2024-07-18 15:59,16591.81369152558439998170908,15185.09603248878833597682834,22814.98546528073876805957483
1721332799999,2024-07-18 19:59,16591.81369152558439998170908,15189.13016182923754808029359,22814.98546528073876805957483
1721347199999,2024-07-18 23:59,16591.81369152558439998170908,15292.59315199909968693291066,22814.98546528073876805957483
1721361599999,2024-07-19 03:59,16591.81369152558439998170908,15373.15146468148241298954967,22814.98546528073876805957483
1721375999999,2024-07-19 07:59,16591.81369152558439998170908,15222.35198171169281908163864,22814.98546528073876805957483
1721390399999,2024-07-19 11:59,16591.81369152558439998170908,15323.20282533587309251418016,22814.98546528073876805957483
1721404799999,2024-07-19 15:59,16591.81369152558439998170908,15734.44741924373984081275235,22814.98546528073876805957483
1721419199999,2024-07-19 19:59,16591.81369152558439998170908,16050.02961431303960920758815,22814.98546528073876805957483
1721433599999,2024-07-19 23:59,16591.81369152558439998170908,15931.19009086328989294164441,22814.98546528073876805957483
1721447999999,2024-07-20 03:59,16572.16850622576433923413980,15917.33113586017082837529667,22814.98546528073876805957483
1721462399999,2024-07-20 07:59,16567.23174045489761946472933,15907.83611461040499917679700,22767.19191032889917432061848
1721476799999,2024-07-20 11:59,16557.46631327311016649020205,15889.05399228422587718560423,22740.31120182423538776829170
1721491199999,2024-07-20 15:59,16599.87677200088565414430444,15970.62322718877093542219929,22857.05194008262445747403866
1721505599999,2024-07-20 19:59,16649.45566811404500949277607,16065.97972048493418360245016,22993.52480804751631183691415
1721519999999,2024-07-20 23:59,16639.01303545903269815571954,16045.89510971648917263235422,22964.77999645912154632148544
1721534399999,2024-07-21 03:59,16642.91100531133798381306679,16053.39218539243062901183910,22975.50970540162444725222079
1721548799999,2024-07-21 07:59,16584.59180956760311704802500,15941.22522658636231096442319,22814.97793635239551761143887
1721563199999,2024-07-21 11:59,16606.70971309678197732879681,15983.76521607688125376162785,22875.86056917883850025953872
1721577599999,2024-07-21 15:59,16642.00019501432179816217883,16051.64039818475925906406657,22973.00257226332204802294791
1721591999999,2024-07-21 19:59,16674.06121450083151462085715,16113.30426384961149288729548,23061.25502688061878051094073
1721606399999,2024-07-21 23:59,16766.42458557560247205851613,16290.94934805237857468515032,23315.49816526574011681423049
1721620799999,2024-07-22 03:59,16730.97008324986874057586097,16222.75870085389672104286715,23217.90467299400429524691403
1721635199999,2024-07-22 07:59,16650.94676273398965175889552,16068.84758494496916851012688,22997.62925520435516459970740
1721649599999,2024-07-22 11:59,16685.74021311154792517023773,16135.76681223283551217667337,23093.40310923655909477551885
1721663999999,2024-07-22 15:59,16629.55825298973371231996714,16027.71045915281733916359409,22938.75438111213252076140725
1721678399999,2024-07-22 19:59,16774.71631424134463692669536,16306.89706433722311992592260,23338.32231183039483721932994
1721692799999,2024-07-22 23:59,16687.72833927147411485839699,16139.59063151288215872024233,23098.87570544567756512590984
1721707199999,2024-07-23 03:59,16680.51889678404176950170946,16125.72450684861300669162540,23079.03070344236171201780449
1721721599999,2024-07-23 07:59,16568.93655863703432712232590,15911.11503964304499858790738,22771.88466157821826264607876
1721735999999,2024-07-23 11:59,16581.36358971542296654187640,15935.01630003038656863930310,22806.09180825783940137999149
1721750399999,2024-07-23 15:59,16569.93186429584737583496063,15913.02933917011835101378159,22774.62438005540819686524326
1721764799999,2024-07-23 19:59,16439.70960082068195126052888,15662.56917632706300241001488,22416.16932835814838891463294
1721779199999,2024-07-23 23:59,16489.41275481883669346451047,15758.16465832822916599923881,22552.98423358611014767440787
1721793599999,2024-07-24 03:59,16503.91364999779833950252209,15786.05464020206939422639490,22592.89998218636799079257220
1721807999999,2024-07-24 07:59,16507.05613190933167307836883,15792.09866455159312491932358,22601.55010456940587299015897
1721822399999,2024-07-24 11:59,16543.08967597914390730770038,15861.40299911538856436742121,22700.73749048704744904702681
1721836799999,2024-07-24 15:59,16519.23340463887958491834432,15815.51955764187883499868345,22635.06975635025650388630383
1721851199999,2024-07-24 19:59,16454.12227290129687263112844,15690.28947622035116069680009,22455.84223050162659991099867
1721865599999,2024-07-24 23:59,16419.82709664257010051038115,15624.32859363954650782023557,22361.43994589433298636675397
1721879999999,2024-07-25 03:59,16260.47754234563604313586109,15317.84708845675775819909389,21922.80793936085688873894655
1721894399999,2024-07-25 07:59,16265.49880347829962596701833,15327.50462202592556987569524,21936.62966516151172541765281
1721908799999,2024-07-25 11:59,16260.77700384847492545764008,15318.42305123581478433471897,21923.63224916485535833547419
1721923199999,2024-07-25 15:59,16347.12132297406934361439689,15484.49152256824064372191879,22161.30710252687052565295520
1721937599999,2024-07-25 19:59,16334.83594588457544521012774,15460.86270930460239723675237,22127.48987832714907793150783
1721951999999,2024-07-25 23:59,16472.50622698636435790382613,15725.64785512553249545436429,22506.44664357281895543227043
1721966399999,2024-07-26 03:59,16626.84197562373455565851955,16022.48616606145360832344300,22931.27744654142441064518555
1721980799999,2024-07-26 07:59,16608.02311894118321639153702,15986.29132668876206963447309,22879.47590304948738973476577
1721995199999,2024-07-26 11:59,16661.63294084359292133275156,16089.40061357521989368181003,23027.04445982836694273305901
1722009599999,2024-07-26 15:59,16691.20756005134494681267570,16146.28231525296379017148800,23108.45274881163488823909409
1722023999999,2024-07-26 19:59,16744.63720802051134081340080,16249.04506851716738687581401,23255.52535155906307986188315
1722038399999,2024-07-26 23:59,16734.44681887203966479302948,16229.44560481987829418593337,23227.47487561470022027216029
1722052799999,2024-07-27 03:59,16720.77969410139706455548964,16203.15923715660762835298652,23189.85419704964143565719118
1722067199999,2024-07-27 07:59,16750.43756609209599922860545,16260.20106126670347816667644,23271.49165099916621710914888
1722081599999,2024-07-27 11:59,16771.95903177329700260292948,16301.59390497320842700081041,23330.73250496287365865213143
1722095999999,2024-07-27 15:59,16850.75344180657171541890149,16453.14142258965714613880711,23547.62517422076143481400263
1722110399999,2024-07-27 19:59,16776.44722657933037582394902,16310.22617699791373157291733,23343.08689090495860546813910
1722124799999,2024-07-27 23:59,16733.01909577344266982322011,16226.69962459939479613683291,23223.54486746202701875178576
1722139199999,2024-07-28 03:59,16738.54235876148761555063756,16237.32267253677438606568542,23238.74842380548426919396575
1722153599999,2024-07-28 07:59,16691.31317925359102563985916,16146.48545565221626826911510,23108.74348048524430697645861
1722167999999,2024-07-28 11:59,16725.50149373122176506486789,16212.24080794671841389396279,23202.85161304629780273936980
1722182399999,2024-07-28 15:59,16701.76823769710287566246669,16166.59396529116157078010836,23137.52249579994606293157727
1722196799999,2024-07-28 19:59,16759.79666998994853718561519,16278.20169052752306677052731,23297.25389765359141628361450
1722211199999,2024-07-28 23:59,16776.92934717311247682332764,16311.15345317332504335973280,23344.41399548566983452810892
1722225599999,2024-07-29 03:59,16913.33841074219821293360000,16573.51286363847555017626817,23719.89908251118018240034222
1722239999999,2024-07-29 07:59,16935.74707772226627845626509,16616.61208669870131503046978,23781.58208253320674133718675
1722254399999,2024-07-29 11:59,16942.20848774202639494278270,16629.03949935885291629706889,23799.36802021284176997595749
1722268799999,2024-07-29 15:59,16758.80260690998544234153555,16276.28978088749974349874283,23294.51759954903218110841900
1722283199999,2024-07-29 19:59,16659.27825392293034042083793,16084.87177761541464668177055,23020.56285369319225441181467
1722297599999,2024-07-29 23:59,16594.86793665672160999869819,15960.98959249010341528649524,22843.26441800827661123502234
1722311999999,2024-07-30 03:59,16573.16132672687748020966434,15919.24065561314412249299142,22783.51392852259501214065963
1722326399999,2024-07-30 07:59,16615.65752339529978479406859,16000.97479272414119236177789,22900.49067249250231588026720
1722340799999,2024-07-30 11:59,16568.68928544589350727986109,15910.63945212008919692405100,22771.20400742470915289624888
1722355199999,2024-07-30 15:59,16524.20496261754501300729758,15825.08149572904548051169557,22648.75466724568337880625032
1722369599999,2024-07-30 19:59,16488.79270797270971305551580,15756.97210469026461810846325,22551.27746764339132473387968
1722383999999,2024-07-30 23:59,16520.72449925882422718446377,15818.38742210191381990636016,22639.17420350709535664909708
1722398399999,2024-07-31 03:59,16504.57097420942393596816975,15787.31889045153481673986238,22594.70935930800778505217023
1722412799999,2024-07-31 07:59,16525.19778311865815398282211,15826.99101548201877462939032,22651.48754497761191493747682
1722427199999,2024-07-31 11:59,16509.04550064810781663508319,15795.92487371868980061698227,22607.02612115115504238451897
1722441599999,2024-07-31 15:59,16544.58077059908854957381983,15864.27086357542354927509792,22704.84193764388630180982005
1722455999999,2024-07-31 19:59,16405.01928448766984893925994,15595.84830966434907853291603,22320.67936525429247938824802
1722470399999,2024-07-31 23:59,16326.88219866602073258893559,15445.56504229736578190838681,22105.59607311804449748597485
1722484799999,2024-08-01 03:59,16326.88219866602073258893559,15257.27774755613062684210998,22105.59607311804449748597485
1722499199999,2024-08-01 07:59,16364.69093938693274347438077,15350.95785580337961778699734,22207.97750029316286775468293
1722513599999,2024-08-01 11:59,16408.75681698712661063931804,15433.44159470180563594892552,22327.30248579675576766431462
1722527999999,2024-08-01 15:59,16183.41096111724670178639504,15011.63293571956079707855480,21717.09357928334377459233502
1722542399999,2024-08-01 19:59,16249.11712895244869529296310,15134.62357353023531545163644,21895.01781343947065228261817
1722556799999,2024-08-01 23:59,16495.41614006843131781605069,15595.65293298504076401099205,22561.96529143170729683046152
1722571199999,2024-08-02 03:59,16400.46147863312379013239659,15417.91414897444180732601090,22304.83972815422035715364016
1722585599999,2024-08-02 07:59,16343.71738681277346838910772,15311.69897504318448815672359,22151.18369535463626967236907
1722599999999,2024-08-02 11:59,16406.94145479009264469466518,15430.04354910233336117421668,22322.38670788328251969025585
1722614399999,2024-08-02 15:59,16248.35222915032764222639589,15133.19181274394081765330407,21892.94655870064765454073947
1722628799999,2024-08-02 19:59,16148.60419562172818199225391,14946.48066113922967476544003,21622.84113239320326234814494
1722643199999,2024-08-02 23:59,16003.88005372841080144395967,14675.58197530040206133563229,21230.94592744296660293308307
1722657599999,2024-08-03 03:59,16054.57506294698712851914614,14770.47430768004706041644106,21368.22178734969214993899680
1722671999999,2024-08-03 07:59,16024.74652033027312909991330,14714.64040955051596127413950,21287.44975671805798133153391
1722686399999,2024-08-03 11:59,16057.55689734225570039031400,14776.05578847861844433360677,21376.29622873987046946942059
1722700799999,2024-08-03 15:59,15924.92582132047216882444743,14527.79324067110684109543389,21017.14756121042540435346090
1722715199999,2024-08-03 19:59,15844.22889219670107030160623,14376.74247771703732337136823,20798.63018626459914258525844
1722729599999,2024-08-03 23:59,15901.85006912348353289455883,14484.59940401657900001607666,20954.66125783136693414388376
1722743999999,2024-08-04 03:59,15890.06476777459754495072328,14493.43098180003889393545687,20967.43744747867345854837219
1722758399999,2024-08-04 07:59,15890.06476777459754495072328,14407.28432155667611890612836,20935.50432451448559393811824
1722772799999,2024-08-04 11:59,15890.06476777459754495072328,14531.84989623227458485737562,20935.50432451448559393811824
1722787199999,2024-08-04 15:59,15890.06476777459754495072328,14099.93777863474490652343944,20935.50432451448559393811824
1722801599999,2024-08-04 19:59,15890.06476777459754495072328,14140.89806846265333103739816,20935.50432451448559393811824
1722815999999,2024-08-04 23:59,15890.06476777459754495072328,13879.20560447969933845086759,20935.50432451448559393811824
1722830399999,2024-08-05 03:59,15890.06476777459754495072328,12860.23815674974535785202952,20935.50432451448559393811824
1722844799999,2024-08-05 07:59,15890.06476777459754495072328,12569.90570450494709430619033,20935.50432451448559393811824
1722859199999,2024-08-05 11:59,15890.06476777459754495072328,12251.53221726057109138001155,20935.50432451448559393811824
1722873599999,2024-08-05 15:59,15890.06476777459754495072328,12962.90017766301516498512198,20935.50432451448559393811824
1722887999999,2024-08-05 19:59,15890.06476777459754495072328,12759.82877280691222725497999,20935.50432451448559393811824
1722902399999,2024-08-05 23:59,15890.06476777459754495072328,12890.76806924949836590513688,20935.50432451448559393811824
1722916799999,2024-08-06 03:59,15890.06476777459754495072328,13283.76731494352075157672964,20935.50432451448559393811824
1722931199999,2024-08-06 07:59,15890.06476777459754495072328,13363.53070834798722392182631,20935.50432451448559393811824
1722945599999,2024-08-06 11:59,15890.06476777459754495072328,13175.02031068849932880072458,20935.50432451448559393811824
1722959999999,2024-08-06 15:59,15890.06476777459754495072328,13460.41318822058157494231708,20935.50432451448559393811824
1722974399999,2024-08-06 19:59,15890.06476777459754495072328,13546.19713573141641052940138,20935.50432451448559393811824
1722988799999,2024-08-06 23:59,15890.06476777459754495072328,13368.78527043368803084170613,20935.50432451448559393811824
1723003199999,2024-08-07 03:59,15890.06476777459754495072328,13569.22939424694056511190820,20935.50432451448559393811824
1723017599999,2024-08-07 07:59,15890.06476777459754495072328,13583.28689890037537599520158,20935.50432451448559393811824
1723031999999,2024-08-07 11:59,15890.06476777459754495072328,13593.42137899936326291106425,20935.50432451448559393811824
1723046399999,2024-08-07 15:59,15890.06476777459754495072328,13386.08332700010272174189178,20935.50432451448559393811824
1723060799999,2024-08-07 19:59,15890.06476777459754495072328,13067.44973654621655171568263,20935.50432451448559393811824
1723075199999,2024-08-07 23:59,15890.06476777459754495072328,13156.92046808175971913347280,20935.50432451448559393811824
1723089599999,2024-08-08 03:59,15890.06476777459754495072328,13614.02918925009540122172825,20935.50432451448559393811824
1723103999999,2024-08-08 07:59,15890.06476777459754495072328,13648.33179142173441097344142,20935.50432451448559393811824
1723118399999,2024-08-08 11:59,15890.06476777459754495072328,13678.64216726758892936413782,20935.50432451448559393811824
1723132799999,2024-08-08 15:59,15890.06476777459754495072328,14181.55291598948559602104597,20935.50432451448559393811824
1723147199999,2024-08-08 19:59,15890.06476777459754495072328,14178.32668168436866098213702,20935.50432451448559393811824
1723161599999,2024-08-08 23:59,15890.06476777459754495072328,14720.36268015973963747480790,20935.50432451448559393811824
1723175999999,2024-08-09 03:59,15890.06476777459754495072328,14642.18854122806005768586017,20935.50432451448559393811824
1723190399999,2024-08-09 07:59,15890.06476777459754495072328,14524.11122918235282425738913,20935.50432451448559393811824
1723204799999,2024-08-09 11:59,15890.06476777459754495072328,14474.39810841423070320295848,20935.50432451448559393811824
1723219199999,2024-08-09 15:59,15890.06476777459754495072328,14272.75607807644510577481832,20935.50432451448559393811824
1723233599999,2024-08-09 19:59,15890.06476777459754495072328,14480.64535797842902859634875,20935.50432451448559393811824
1723247999999,2024-08-09 23:59,15890.06476777459754495072328,14518.00715569678394864383210,20935.50432451448559393811824
1723262399999,2024-08-10 03:59,15890.06476777459754495072328,14422.52064259082673297671540,20935.50432451448559393811824
1723276799999,2024-08-10 07:59,15890.06476777459754495072328,14518.96404915562410467238424,20935.50432451448559393811824
1723291199999,2024-08-10 11:59,15890.06476777459754495072328,14537.78693095944243572779387,20935.50432451448559393811824
1723305599999,2024-08-10 15:59,15890.06476777459754495072328,14441.14546415254099183668905,20935.50432451448559393811824
1723319999999,2024-08-10 19:59,15890.06476777459754495072328,14560.59249401713662815889807,20935.50432451448559393811824
1723334399999,2024-08-10 23:59,15890.06476777459754495072328,14538.41451943743485726272957,20935.50432451448559393811824
1723348799999,2024-08-11 03:59,15890.06476777459754495072328,14576.95274726852842300117602,20935.50432451448559393811824
1723363199999,2024-08-11 07:59,15890.06476777459754495072328,14617.99417020766020239037357,20935.50432451448559393811824
1723377599999,2024-08-11 11:59,15890.06476777459754495072328,14477.71740717045678059875904,20935.50432451448559393811824
1723391999999,2024-08-11 15:59,15890.06476777459754495072328,14348.41509056020068443136217,20935.50432451448559393811824
1723406399999,2024-08-11 19:59,15890.06476777459754495072328,14227.62697809244253517138183,20935.50432451448559393811824
1723420799999,2024-08-11 23:59,15890.06476777459754495072328,14010.82975983172967854789347,20935.50432451448559393811824
1723435199999,2024-08-12 03:59,15890.06476777459754495072328,13962.36704348363808557067309,20935.50432451448559393811824
1723449599999,2024-08-12 07:59,15890.06476777459754495072328,14001.76671405448550748444953,20935.50432451448559393811824
1723463999999,2024-08-12 11:59,15890.06476777459754495072328,14282.65193137771724305762559,20935.50432451448559393811824
1723478399999,2024-08-12 15:59,15890.06476777459754495072328,14367.52432452127791504643828,20935.50432451448559393811824
1723492799999,2024-08-12 19:59,15890.06476777459754495072328,14089.90829432675194944612114,20935.50432451448559393811824
1723507199999,2024-08-12 23:59,15890.06476777459754495072328,14162.13108092340073338666729,20935.50432451448559393811824
1723521599999,2024-08-13 03:59,15890.06476777459754495072328,14088.95855967184326590656067,20935.50432451448559393811824
1723535999999,2024-08-13 07:59,15890.06476777459754495072328,14136.21859695944748073318184,20935.50432451448559393811824
1723550399999,2024-08-13 11:59,15890.06476777459754495072328,14038.84693215153584296492751,20935.50432451448559393811824
1723564799999,2024-08-13 15:59,15890.06476777459754495072328,14192.10737925245320229108614,20935.50432451448559393811824
1723579199999,2024-08-13 19:59,15890.06476777459754495072328,14513.75005362553497519012384,20935.50432451448559393811824
1723593599999,2024-08-13 23:59,15890.06476777459754495072328,14458.15000975776531068821657,20935.50432451448559393811824
1723607999999,2024-08-14 03:59,15890.06476777459754495072328,14545.41105714646063650391378,20935.50432451448559393811824
1723622399999,2024-08-14 07:59,15890.06476777459754495072328,14536.14995112711239324503386,20935.50432451448559393811824
1723636799999,2024-08-14 11:59,15890.06476777459754495072328,14627.50822063258714026029221,20935.50432451448559393811824
1723651199999,2024-08-14 15:59,15890.06476777459754495072328,14183.38079725998823821025031,20935.50432451448559393811824
1723665599999,2024-08-14 19:59,15890.06476777459754495072328,14053.43418829589961803360387,20935.50432451448559393811824
1723679999999,2024-08-14 23:59,15890.06476777459754495072328,14003.86185733842978926267590,20935.50432451448559393811824
1723694399999,2024-08-15 03:59,15890.06476777459754495072328,13946.49358889958641997982815,20935.50432451448559393811824
1723708799999,2024-08-15 07:59,15890.06476777459754495072328,13855.19258982556345287650309,20935.50432451448559393811824
1723723199999,2024-08-15 11:59,15890.06476777459754495072328,14018.64955999287479402311879,20935.50432451448559393811824
1723737599999,2024-08-15 15:59,15890.06476777459754495072328,14242.35741031543576001989142,20935.50432451448559393811824
1723751999999,2024-08-15 19:59,15890.06476777459754495072328,13613.48512015130349205836194,20935.50432451448559393811824
1723766399999,2024-08-15 23:59,15890.06476777459754495072328,13731.27130750379751093450540,20935.50432451448559393811824
1723780799999,2024-08-16 03:59,15890.06476777459754495072328,13814.53774229873118789285528,20935.50432451448559393811824
1723795199999,2024-08-16 07:59,15890.06476777459754495072328,13949.83675033558407233893425,20935.50432451448559393811824
1723809599999,2024-08-16 11:59,15890.06476777459754495072328,13936.23740913376350075110723,20935.50432451448559393811824
1723823999999,2024-08-16 15:59,15890.06476777459754495072328,13857.74351029314481645386528,20935.50432451448559393811824
1723838399999,2024-08-16 19:59,15890.06476777459754495072328,14242.48865505417942231807189,20935.50432451448559393811824
1723852799999,2024-08-16 23:59,15890.06476777459754495072328,14049.48968732965827659919817,20935.50432451448559393811824
1723867199999,2024-08-17 03:59,15890.06476777459754495072328,14117.20481371745654997132789,20935.50432451448559393811824
1723881599999,2024-08-17 07:59,15890.06476777459754495072328,14138.59293359671918958208303,20935.50432451448559393811824
1723895999999,2024-08-17 11:59,15890.06476777459754495072328,14112.13399426599687026890073,20935.50432451448559393811824
1723910399999,2024-08-17 15:59,15890.06476777459754495072328,14172.02693422467287066947456,20935.50432451448559393811824
1723924799999,2024-08-17 19:59,15890.06476777459754495072328,14192.32930217432884944982766,20935.50432451448559393811824
1723939199999,2024-08-17 23:59,15890.06476777459754495072328,14196.81548597138494255126910,20935.50432451448559393811824
1723953599999,2024-08-18 03:59,15890.06476777459754495072328,14159.93094184846152176989654,20935.50432451448559393811824
1723967999999,2024-08-18 07:59,15890.06476777459754495072328,14216.23970730544696268197833,20935.50432451448559393811824
1723982399999,2024-08-18 11:59,15890.06476777459754495072328,14323.76971489211806232940087,20935.50432451448559393811824
1723996799999,2024-08-18 15:59,15890.06476777459754495072328,14285.58465472164380604787641,20935.50432451448559393811824
1724011199999,2024-08-18 19:59,15890.06476777459754495072328,14248.45193872909600564812624,20935.50432451448559393811824
1724025599999,2024-08-18 23:59,15890.06476777459754495072328,13942.76385205128925321517231,20935.50432451448559393811824
1724039999999,2024-08-19 03:59,15890.06476777459754495072328,14016.61884594431376464581737,20935.50432451448559393811824
1724054399999,2024-08-19 07:59,15890.06476777459754495072328,13960.62268159233595575303815,20935.50432451448559393811824
1724068799999,2024-08-19 11:59,15890.06476777459754495072328,13935.50959740073046437028828,20935.50432451448559393811824
1724083199999,2024-08-19 15:59,15890.06476777459754495072328,13969.46380444770447965774057,20935.50432451448559393811824
1724097599999,2024-08-19 19:59,15890.06476777459754495072328,14071.66527564138288999903612,20935.50432451448559393811824
1724111999999,2024-08-19 23:59,15890.06476777459754495072328,14184.05133856156949467913597,20935.50432451448559393811824
1724126399999,2024-08-20 03:59,15890.06476777459754495072328,14465.79322608860077143498090,20935.50432451448559393811824
1724140799999,2024-08-20 07:59,15890.06476777459754495072328,14538.61019341156177196183499,20935.50432451448559393811824
1724155199999,2024-08-20 11:59,15890.06476777459754495072328,14441.84464066984813826154136,20935.50432451448559393811824
1724169599999,2024-08-20 15:59,15890.06476777459754495072328,14037.78027036574644210516989,20935.50432451448559393811824
1724183999999,2024-08-20 19:59,15890.06476777459754495072328,14201.58802192569993521237702,20935.50432451448559393811824
1724198399999,2024-08-20 23:59,15890.06476777459754495072328,14082.70653757169062552050929,20935.50432451448559393811824
1724212799999,2024-08-21 03:59,15890.06476777459754495072328,14155.77406303225316316207154,20935.50432451448559393811824
1724227199999,2024-08-21 07:59,15890.06476777459754495072328,14249.31576773682701931978677,20935.50432451448559393811824
1724241599999,2024-08-21 11:59,15890.06476777459754495072328,14165.59116949027910306597053,20935.50432451448559393811824
1724255999999,2024-08-21 15:59,15890.06476777459754495072328,14201.54268283413394278209649,20935.50432451448559393811824
1724270399999,2024-08-21 19:59,15890.06476777459754495072328,14692.68435789268983753671252,20935.50432451448559393811824
1724284799999,2024-08-21 23:59,15890.06476777459754495072328,14593.90002244230096194077024,20935.50432451448559393811824
1724299199999,2024-08-22 03:59,15890.06476777459754495072328,14449.02253474513788722384767,20935.50432451448559393811824
1724313599999,2024-08-22 07:59,15890.06476777459754495072328,14552.92302873855243495249764,20935.50432451448559393811824
1724327999999,2024-08-22 11:59,15890.06476777459754495072328,14636.86716363899884086872484,20935.50432451448559393811824
1724342399999,2024-08-22 15:59,15890.06476777459754495072328,14415.25684286835931414650914,20935.50432451448559393811824
1724356799999,2024-08-22 19:59,15890.06476777459754495072328,14391.53733917541380062080278,20935.50432451448559393811824
1724371199999,2024-08-22 23:59,15890.06476777459754495072328,14407.72578113245025572728084,20935.50432451448559393811824
1724385599999,2024-08-23 03:59,15890.06476777459754495072328,14459.61995083169432842783781,20935.50432451448559393811824
1724399999999,2024-08-23 07:59,15890.06476777459754495072328,14573.19676147248252377688409,20935.50432451448559393811824
1724414399999,2024-08-23 11:59,15890.06476777459754495072328,14495.02500880878010148426691,20935.50432451448559393811824
1724428799999,2024-08-23 15:59,15890.06476777459754495072328,14683.86709771709288859531564,20935.50432451448559393811824
1724443199999,2024-08-23 19:59,15890.06476777459754495072328,15183.97875410178381205648400,20935.50432451448559393811824
1724457599999,2024-08-23 23:59,15890.06476777459754495072328,15281.43393828889596219630772,20935.50432451448559393811824
1724471999999,2024-08-24 03:59,15890.06476777459754495072328,15232.46056059369266500434880,20935.50432451448559393811824
1724486399999,2024-08-24 07:59,15890.06476777459754495072328,15347.71491762242258027377451,20935.50432451448559393811824
1724500799999,2024-08-24 11:59,15890.06476777459754495072328,15249.88031682694238821739271,20935.50432451448559393811824
1724515199999,2024-08-24 15:59,15890.06476777459754495072328,15266.82043319678345466799527,20935.50432451448559393811824
1724529599999,2024-08-24 19:59,15890.06476777459754495072328,15322.80227994089831858279117,20935.50432451448559393811824
1724543999999,2024-08-24 23:59,15890.06476777459754495072328,15310.01426985131129574735250,20935.50432451448559393811824
1724558399999,2024-08-25 03:59,15890.06476777459754495072328,15296.65116917922931629625032,20935.50432451448559393811824
1724572799999,2024-08-25 07:59,15890.06476777459754495072328,15241.11078201088858920260690,20935.50432451448559393811824
1724587199999,2024-08-25 11:59,15890.06476777459754495072328,15242.45902341798257462936989,20935.50432451448559393811824
1724601599999,2024-08-25 15:59,15890.06476777459754495072328,15304.08439392807491736592591,20935.50432451448559393811824
1724615999999,2024-08-25 19:59,15890.06476777459754495072328,15317.26852450187008459223653,20935.50432451448559393811824
1724630399999,2024-08-25 23:59,15890.06476777459754495072328,15325.04537183942636513351189,20935.50432451448559393811824
1724644799999,2024-08-26 03:59,15890.06476777459754495072328,15299.98717181129549616636476,20935.50432451448559393811824
1724659199999,2024-08-26 07:59,15890.06476777459754495072328,15183.54206706196399022799262,20935.50432451448559393811824
1724673599999,2024-08-26 11:59,15890.06476777459754495072328,15238.90109786404074760051394,20935.50432451448559393811824
1724687999999,2024-08-26 15:59,15890.06476777459754495072328,15160.99660721377996489691881,20935.50432451448559393811824
1724702399999,2024-08-26 19:59,15890.06476777459754495072328,15115.76728397473677944759905,20935.50432451448559393811824
1724716799999,2024-08-26 23:59,15890.06476777459754495072328,14994.30863020539737371873305,20935.50432451448559393811824
1724731199999,2024-08-27 03:59,15890.06476777459754495072328,15026.76187469473932381426690,20935.50432451448559393811824
1724745599999,2024-08-27 07:59,15890.06476777459754495072328,15010.60922675736023115274715,20935.50432451448559393811824
1724759999999,2024-08-27 11:59,15890.06476777459754495072328,14894.80125555792977673463292,20935.50432451448559393811824
1724774399999,2024-08-27 15:59,15890.06476777459754495072328,14725.88450425888208398370976,20935.50432451448559393811824
1724788799999,2024-08-27 19:59,15890.06476777459754495072328,14819.63620054544579981851374,20935.50432451448559393811824
1724803199999,2024-08-27 23:59,15890.06476777459754495072328,14178.44360881524937830233416,20935.50432451448559393811824
1724817599999,2024-08-28 03:59,15890.06476777459754495072328,14229.51212979439695727251946,20935.50432451448559393811824
1724831999999,2024-08-28 07:59,15890.06476777459754495072328,13984.19662293867486200258072,20935.50432451448559393811824
1724846399999,2024-08-28 11:59,15890.06476777459754495072328,14302.52954362743918749114008,20935.50432451448559393811824
1724860799999,2024-08-28 15:59,15890.06476777459754495072328,14079.41348776321328058434483,20935.50432451448559393811824
1724875199999,2024-08-28 19:59,15890.06476777459754495072328,14055.27638717426520520079152,20935.50432451448559393811824
1724889599999,2024-08-28 23:59,15890.06476777459754495072328,14087.74156300349294277797815,20935.50432451448559393811824
1724903999999,2024-08-29 03:59,15890.06476777459754495072328,14113.08372892090555380846120,20935.50432451448559393811824
1724918399999,2024-08-29 07:59,15890.06476777459754495072328,14218.74290241348517633272944,20935.50432451448559393811824
1724932799999,2024-08-29 11:59,15890.06476777459754495072328,14334.04259853378108403243567,20935.50432451448559393811824
1724947199999,2024-08-29 15:59,15890.06476777459754495072328,14504.16680142927046992661913,20935.50432451448559393811824
1724961599999,2024-08-29 19:59,15890.06476777459754495072328,14140.97920157387668591263699,20935.50432451448559393811824
1724975999999,2024-08-29 23:59,15890.06476777459754495072328,14165.08289441114455634756254,20935.50432451448559393811824
1724990399999,2024-08-30 03:59,15890.06476777459754495072328,14087.05193155809442633844805,20935.50432451448559393811824
1725004799999,2024-08-30 07:59,15890.06476777459754495072328,14144.10521262395300610566268,20935.50432451448559393811824
1725019199999,2024-08-30 11:59,15890.06476777459754495072328,14173.90969965865013527428164,20935.50432451448559393811824
1725033599999,2024-08-30 15:59,15890.06476777459754495072328,13863.45384956248270517288090,20935.50432451448559393811824
1725047999999,2024-08-30 19:59,15890.06476777459754495072328,14007.83022098444270566038714,20935.50432451448559393811824
1725062399999,2024-08-30 23:59,15890.06476777459754495072328,14109.00082441198907758688338,20935.50432451448559393811824
1725076799999,2024-08-31 03:59,15890.06476777459754495072328,14134.77729110124435294952725,20935.50432451448559393811824
1725091199999,2024-08-31 07:59,15890.06476777459754495072328,14102.08303354620949572460745,20935.50432451448559393811824
1725105599999,2024-08-31 11:59,15890.06476777459754495072328,14108.28494401884182868771719,20935.50432451448559393811824
1725119999999,2024-08-31 15:59,15890.06476777459754495072328,14080.97410702027428318452712,20935.50432451448559393811824
1725134399999,2024-08-31 19:59,15890.06476777459754495072328,14045.05122889214533342436780,20935.50432451448559393811824
1725148799999,2024-08-31 23:59,15890.06476777459754495072328,14073.20680475462663262857398,20935.50432451448559393811824
1725163199999,2024-09-01 03:59,15890.06476777459754495072328,13965.87724367803676267291797,20935.50432451448559393811824
1725177599999,2024-09-01 07:59,15890.06476777459754495072328,13955.00302050613005189458357,20935.50432451448559393811824
1725191999999,2024-09-01 11:59,15890.06476777459754495072328,13898.18120743405574927143268,20935.50432451448559393811824
1725206399999,2024-09-01 15:59,15890.06476777459754495072328,13892.56870515178131790196977,20935.50432451448559393811824
1725220799999,2024-09-01 19:59,15890.06476777459754495072328,13963.44086407335895891942238,20935.50432451448559393811824
1725235199999,2024-09-01 23:59,15890.06476777459754495072328,13674.19177749019019870765468,20935.50432451448559393811824
1725249599999,2024-09-02 03:59,15890.06476777459754495072328,13779.22336250477739969698723,20935.50432451448559393811824
1725263999999,2024-09-02 07:59,15890.06476777459754495072328,13732.92499121196765589157930,20935.50432451448559393811824
1725278399999,2024-09-02 11:59,15890.06476777459754495072328,13941.48958495148715017465650,20935.50432451448559393811824
1725292799999,2024-09-02 15:59,15890.06476777459754495072328,13969.16552095055979261642133,20935.50432451448559393811824
1725307199999,2024-09-02 19:59,15890.06476777459754495072328,13945.78009477441632857699252,20935.50432451448559393811824
1725321599999,2024-09-02 23:59,15890.06476777459754495072328,14110.94324654539527959995430,20935.50432451448559393811824
1725335999999,2024-09-03 03:59,15890.06476777459754495072328,14105.89867604168433235716323,20935.50432451448559393811824
1725350399999,2024-09-03 07:59,15890.06476777459754495072328,14106.13968910737723948654918,20935.50432451448559393811824
1725364799999,2024-09-03 11:59,15890.06476777459754495072328,14096.59461719874725416433334,20935.50432451448559393811824
1725379199999,2024-09-03 15:59,15890.06476777459754495072328,13775.16432067563249843871494,20935.50432451448559393811824
1725393599999,2024-09-03 19:59,15890.06476777459754495072328,13851.76352274238813064949705,20935.50432451448559393811824
1725407999999,2024-09-03 23:59,15890.06476777459754495072328,13718.54534038161658300366114,20935.50432451448559393811824
1725422399999,2024-09-04 03:59,15890.06476777459754495072328,13519.59024778611032644372473,20935.50432451448559393811824
1725436799999,2024-09-04 07:59,15890.06476777459754495072328,13541.54868571191360767748227,20935.50432451448559393811824
1725451199999,2024-09-04 11:59,15890.06476777459754495072328,13500.26624970708892115889876,20935.50432451448559393811824
1725465599999,2024-09-04 15:59,15890.06476777459754495072328,13872.76268094137409835837190,20935.50432451448559393811824
1725479999999,2024-09-04 19:59,15890.06476777459754495072328,13854.62943058295428374249236,20935.50432451448559393811824
1725494399999,2024-09-04 23:59,15890.06476777459754495072328,13833.84265023393533320703682,20935.50432451448559393811824
1725508799999,2024-09-05 03:59,15890.06476777459754495072328,13634.47473327838082978191457,20935.50432451448559393811824
1725523199999,2024-09-05 07:59,15890.06476777459754495072328,13639.17090865742678256044477,20935.50432451448559393811824
1725537599999,2024-09-05 11:59,15890.06476777459754495072328,13530.09698568953478278715382,20935.50432451448559393811824
1725551999999,2024-09-05 15:59,15890.06476777459754495072328,13357.80843773876354772115791,20935.50432451448559393811824
1725566399999,2024-09-05 19:59,15890.06476777459754495072328,13377.85308874688651689781117,20935.50432451448559393811824
1725580799999,2024-09-05 23:59,15890.06476777459754495072328,13406.48591820479931536812814,20935.50432451448559393811824
1725595199999,2024-09-06 03:59,15890.06476777459754495072328,13503.84565167282516565472970,20935.50432451448559393811824
1725609599999,2024-09-06 07:59,15890.06476777459754495072328,13316.83144403501502073288531,20935.50432451448559393811824
1725623999999,2024-09-06 11:59,15890.06476777459754495072328,13363.31594423004304925207645,20935.50432451448559393811824
1725638399999,2024-09-06 15:59,15890.06476777459754495072328,12897.02009134965100629118826,20935.50432451448559393811824
1725652799999,2024-09-06 19:59,15890.06476777459754495072328,12775.14622695228619620080586,20935.50432451448559393811824
1725667199999,2024-09-06 23:59,15890.06476777459754495072328,12877.44314886505090639532357,20935.50432451448559393811824
1725681599999,2024-09-07 03:59,15890.06476777459754495072328,12843.06657238612001425736322,20935.50432451448559393811824
1725695999999,2024-09-07 07:59,15890.06476777459754495072328,12954.52676333116951036120814,20935.50432451448559393811824
1725710399999,2024-09-07 11:59,15890.06476777459754495072328,12964.07183523979949568342398,20935.50432451448559393811824
1725724799999,2024-09-07 15:59,15890.06476777459754495072328,13072.40840140274982909057375,20935.50432451448559393811824
1725739199999,2024-09-07 19:59,15890.06476777459754495072328,12982.68711172960512455807542,20935.50432451448559393811824
1725753599999,2024-09-07 23:59,15890.06476777459754495072328,12924.66500586502060128065588,20935.50432451448559393811824
1725767999999,2024-09-08 03:59,15890.06476777459754495072328,12982.44371239593505993235891,20935.50432451448559393811824
1725782399999,2024-09-08 07:59,15890.06476777459754495072328,12990.38043968796089272778138,20935.50432451448559393811824
1725796799999,2024-09-08 11:59,15890.06476777459754495072328,13018.97508885823917125680948,20935.50432451448559393811824
1725811199999,2024-09-08 15:59,15890.06476777459754495072328,12811.58931149943548016102594,20935.50432451448559393811824
1725825599999,2024-09-08 19:59,15890.06476777459754495072328,12966.69911628264989914336389,20935.50432451448559393811824
1725839999999,2024-09-08 23:59,15890.06476777459754495072328,13093.87288185728150858390662,20935.50432451448559393811824
1725854399999,2024-09-09 03:59,15890.06476777459754495072328,13152.34837863752595616413141,20935.50432451448559393811824
1725868799999,2024-09-09 07:59,15890.06476777459754495072328,13118.70438642758241539965113,20935.50432451448559393811824
1725883199999,2024-09-09 11:59,15890.06476777459754495072328,13188.11137681118535367014361,20935.50432451448559393811824
1725897599999,2024-09-09 15:59,15890.06476777459754495072328,13217.01624081849410672214372,20935.50432451448559393811824
1725911999999,2024-09-09 19:59,15890.06476777459754495072328,13623.52653579918223661733301,20935.50432451448559393811824
1725926399999,2024-09-09 23:59,15890.06476777459754495072328,13612.18221783577549906187948,20935.50432451448559393811824
1725940799999,2024-09-10 03:59,15890.06476777459754495072328,13488.75012044932684386764535,20935.50432451448559393811824
1725955199999,2024-09-10 07:59,15890.06476777459754495072328,13654.31655150844541177047075,20935.50432451448559393811824
1725969599999,2024-09-10 11:59,15890.06476777459754495072328,13656.56680221090493081018314,20935.50432451448559393811824
1725983999999,2024-09-10 15:59,15890.06476777459754495072328,13505.75466605455116271917287,20935.50432451448559393811824
1725998399999,2024-09-10 19:59,15890.06476777459754495072328,13829.33499002508482263862038,20935.50432451448559393811824
1726012799999,2024-09-10 23:59,15890.06476777459754495072328,13753.92414941095362360045414,20935.50432451448559393811824
1726027199999,2024-09-11 03:59,15890.06476777459754495072328,13559.09968668390699318870664,20935.50432451448559393811824
1726041599999,2024-09-11 07:59,15890.06476777459754495072328,13533.43537458957812015359880,20935.50432451448559393811824
1726055999999,2024-09-11 11:59,15890.06476777459754495072328,13553.95489292515543110003231,20935.50432451448559393811824
1726070399999,2024-09-11 15:59,15890.06476777459754495072328,13530.86536397817949660559219,20935.50432451448559393811824
1726084799999,2024-09-11 19:59,15890.06476777459754495072328,13741.87588239428542462748720,20935.50432451448559393811824
1726099199999,2024-09-11 23:59,15890.06476777459754495072328,13682.81574995963739044627669,20935.50432451448559393811824
1726113599999,2024-09-12 03:59,15890.06476777459754495072328,13896.31991841187290213360059,20935.50432451448559393811824
1726127999999,2024-09-12 07:59,15890.06476777459754495072328,13873.75536841987161683188235,20935.50432451448559393811824
1726142399999,2024-09-12 11:59,15890.06476777459754495072328,13854.62465804699996874983125,20935.50432451448559393811824
1726156799999,2024-09-12 15:59,15890.06476777459754495072328,13724.34397156610929908690726,20935.50432451448559393811824
1726171199999,2024-09-12 19:59,15890.06476777459754495072328,13933.37388756117450515444248,20935.50432451448559393811824
1726185599999,2024-09-12 23:59,15890.06476777459754495072328,13872.36178792121163897483884,20935.50432451448559393811824
1726199999999,2024-09-13 03:59,15890.06476777459754495072328,13804.03100439530673154942619,20935.50432451448559393811824
1726214399999,2024-09-13 07:59,15890.06476777459754495072328,13866.87098530577223991823417,20935.50432451448559393811824
1726228799999,2024-09-13 11:59,15890.06476777459754495072328,13810.02769582190351982810830,20935.50432451448559393811824
1726243199999,2024-09-13 15:59,15890.06476777459754495072328,14238.66824002275027069285500,20935.50432451448559393811824
1726257599999,2024-09-13 19:59,15890.06476777459754495072328,14256.94943899575385008122889,20935.50432451448559393811824
1726271999999,2024-09-13 23:59,15890.06476777459754495072328,14436.87643074140623090132802,20935.50432451448559393811824
1726286399999,2024-09-14 03:59,15890.06476777459754495072328,14396.63679384259937027919659,20935.50432451448559393811824
1726300799999,2024-09-14 07:59,15890.06476777459754495072328,14351.00419131541656795001322,20935.50432451448559393811824
1726315199999,2024-09-14 11:59,15890.06476777459754495072328,14247.97707140164166387834600,20935.50432451448559393811824
1726329599999,2024-09-14 15:59,15890.06476777459754495072328,14288.45056256220995914087171,20935.50432451448559393811824
1726343999999,2024-09-14 19:59,15890.06476777459754495072328,14272.70119391297048335921558,20935.50432451448559393811824
1726358399999,2024-09-14 23:59,15890.06476777459754495072328,14316.37705669888413869734471,20935.50432451448559393811824
1726372799999,2024-09-15 03:59,15890.06476777459754495072328,14355.24936204677975392206871,20935.50432451448559393811824
1726387199999,2024-09-15 07:59,15890.06476777459754495072328,14364.81113783124984171859843,20935.50432451448559393811824
1726401599999,2024-09-15 11:59,15890.06476777459754495072328,14318.16198514579794595259907,20935.50432451448559393811824
1726415999999,2024-09-15 15:59,15890.06476777459754495072328,14398.07809970080249806285118,20935.50432451448559393811824
1726430399999,2024-09-15 19:59,15890.06476777459754495072328,14288.98031405313892332625469,20935.50432451448559393811824
1726444799999,2024-09-15 23:59,15890.06476777459754495072328,14110.91222506169223214765710,20935.50432451448559393811824
1726459199999,2024-09-16 03:59,15890.06476777459754495072328,13978.01857514581410400277652,20935.50432451448559393811824
1726473599999,2024-09-16 07:59,15890.06476777459754495072328,14058.19956544628313820572012,20935.50432451448559393811824
1726487999999,2024-09-16 11:59,15890.06476777459754495072328,13999.23249746274424638140122,20935.50432451448559393811824
1726502399999,2024-09-16 15:59,15890.06476777459754495072328,13812.55475360971330844216494,20935.50432451448559393811824
1726516799999,2024-09-16 19:59,15890.06476777459754495072328,13827.42120310740451058151611,20935.50432451448559393811824
1726531199999,2024-09-16 23:59,15890.06476777459754495072328,13891.85043849065691150647303,20935.50432451448559393811824
1726545599999,2024-09-17 03:59,15890.06476777459754495072328,13855.10429791040862551227260,20935.50432451448559393811824
1726559999999,2024-09-17 07:59,15890.06476777459754495072328,14006.72537891101878485934066,20935.50432451448559393811824
1726574399999,2024-09-17 11:59,15890.06476777459754495072328,14098.73987211021184336550135,20935.50432451448559393811824
1726588799999,2024-09-17 15:59,15890.06476777459754495072328,14589.00101428519662197414296,20935.50432451448559393811824
1726603199999,2024-09-17 19:59,15890.06476777459754495072328,14310.40184168408176788563759,20935.50432451448559393811824
1726617599999,2024-09-17 23:59,15890.06476777459754495072328,14392.96671369373114092280460,20935.50432451448559393811824
1726631999999,2024-09-18 03:59,15890.06476777459754495072328,14439.73756604601806900166222,20935.50432451448559393811824
1726646399999,2024-09-18 07:59,15890.06476777459754495072328,14420.17494116928091408378085,20935.50432451448559393811824
1726660799999,2024-09-18 11:59,15890.06476777459754495072328,14281.29175863073747014920983,20935.50432451448559393811824
1726675199999,2024-09-18 15:59,15890.06476777459754495072328,14181.82733680685870809905968,20935.50432451448559393811824
1726689599999,2024-09-18 19:59,15890.06476777459754495072328,14331.87825347849923486062323,20935.50432451448559393811824
1726703999999,2024-09-18 23:59,15890.06476777459754495072328,14738.02106319070511032090720,20935.50432451448559393811824
1726718399999,2024-09-19 03:59,15890.06476777459754495072328,14823.44945677294347895473897,20935.50432451448559393811824
1726732799999,2024-09-19 07:59,15890.06476777459754495072328,14817.72241362776548776140946,20935.50432451448559393811824
1726747199999,2024-09-19 11:59,15890.06476777459754495072328,14949.31316122811562290980758,20935.50432451448559393811824
1726761599999,2024-09-19 15:59,15890.06476777459754495072328,15070.67875054634588628178198,20935.50432451448559393811824
1726775999999,2024-09-19 19:59,15890.06476777459754495072328,15094.05224538260356283955802,20935.50432451448559393811824
1726790399999,2024-09-19 23:59,15890.06476777459754495072328,15021.50969887701567439071764,20935.50432451448559393811824
1726804799999,2024-09-20 03:59,15890.06476777459754495072328,15211.01994281893256047432147,20935.50432451448559393811824
1726819199999,2024-09-20 07:59,15890.06476777459754495072328,15159.15202206743722023340060,20935.50432451448559393811824
1726833599999,2024-09-20 11:59,15890.06476777459754495072328,15138.91646962114165135030302,20935.50432451448559393811824
1726847999999,2024-09-20 15:59,15890.06476777459754495072328,15070.66681920646009880012921,20935.50432451448559393811824
1726862399999,2024-09-20 19:59,15890.06476777459754495072328,14988.37398174620668034464535,20935.50432451448559393811824
1726876799999,2024-09-20 23:59,15890.06476777459754495072328,15081.89659630696327653171615,20935.50432451448559393811824
1726891199999,2024-09-21 03:59,15890.06476777459754495072328,15007.56912135446158082762140,20935.50432451448559393811824
1726905599999,2024-09-21 07:59,15890.06476777459754495072328,15055.64048975429934440663093,20935.50432451448559393811824
1726919999999,2024-09-21 11:59,15890.06476777459754495072328,15055.34220625715465736531168,20935.50432451448559393811824
1726934399999,2024-09-21 15:59,15890.06476777459754495072328,15074.00520810650343616657420,20935.50432451448559393811824
1726948799999,2024-09-21 19:59,15890.06476777459754495072328,15082.50270837316128059967685,20935.50432451448559393811824
1726963199999,2024-09-21 23:59,15890.06476777459754495072328,15117.19188595709980475693977,20935.50432451448559393811824
1726977599999,2024-09-22 03:59,15890.06476777459754495072328,15059.21511918408127390980076,20935.50432451448559393811824
1726991999999,2024-09-22 07:59,15890.06476777459754495072328,15018.64856357240383629038344,20935.50432451448559393811824
1727006399999,2024-09-22 11:59,15890.06476777459754495072328,14982.37729031960989206596325,20935.50432451448559393811824
1727020799999,2024-09-22 15:59,15890.06476777459754495072328,14950.90718823685683045861763,20935.50432451448559393811824
1727035199999,2024-09-22 19:59,15890.06476777459754495072328,15072.10096626073175409479214,20935.50432451448559393811824
1727049599999,2024-09-22 23:59,15890.06476777459754495072328,15172.02832407217907043306977,20935.50432451448559393811824
1727063999999,2024-09-23 03:59,15890.06476777459754495072328,15357.02136273333681596293495,20935.50432451448559393811824
1727078399999,2024-09-23 07:59,15890.06476777459754495072328,15164.88383774856952641939121,20935.50432451448559393811824
1727092799999,2024-09-23 11:59,15890.06476777459754495072328,15137.73288070447153317034825,20935.50432451448559393811824
1727107199999,2024-09-23 15:59,15890.06476777459754495072328,15181.39203961454508603416350,20935.50432451448559393811824
1727121599999,2024-09-23 19:59,15890.06476777459754495072328,15105.16509535222602325094781,20935.50432451448559393811824
1727135999999,2024-09-23 23:59,15890.06476777459754495072328,15115.05140358158953054843286,20935.50432451448559393811824
1727150399999,2024-09-24 03:59,15890.06476777459754495072328,15063.51040154296476730479789,20935.50432451448559393811824
1727164799999,2024-09-24 07:59,15890.06476777459754495072328,15167.53259520321434734630610,20935.50432451448559393811824
1727179199999,2024-09-24 11:59,15890.06476777459754495072328,15148.06542104556349228164690,20935.50432451448559393811824
1727193599999,2024-09-24 15:59,15890.06476777459754495072328,15072.09857999275459659846159,20935.50432451448559393811824
1727207999999,2024-09-24 19:59,15890.06476777459754495072328,15342.30763438618369358873923,20935.50432451448559393811824
1727222399999,2024-09-24 23:59,15890.06476777459754495072328,15335.23473610188887446497730,20935.50432451448559393811824
1727236799999,2024-09-25 03:59,15902.50744551368364255257955,15382.31580329120627706680693,20935.50432451448559393811824
1727251199999,2024-09-25 07:59,15826.38675976114281251952524,15235.16181594383495085053588,20704.14236489674001166917478
1727265599999,2024-09-25 11:59,15825.73006809752447983628161,15233.89232137998716280268118,20702.41722735418259630498495
1727279999999,2024-09-25 15:59,15783.47097203742369147003039,15152.19843718200027592616636,20591.40203229881959819776889
1727294399999,2024-09-25 19:59,15744.69160116480425617532764,15077.23144241162037120548315,20489.52812057516591195455872
1727308799999,2024-09-25 23:59,15741.05140620989737068118204,15070.19433814698291452667953,20479.96528107704219408050643
1727323199999,2024-09-26 03:59,15728.91699112010426253874404,15156.65598576333047907164116,20597.45947013622044763443544
1727337599999,2024-09-26 07:59,15728.91699112010426253874404,15237.24741415587060264344004,20566.13501387422615813316994
1727351999999,2024-09-26 11:59,15728.91699112010426253874404,15366.56404837398964378882024,20566.13501387422615813316994
1727366399999,2024-09-26 15:59,15728.91699112010426253874404,15565.82696953854921737539810,20566.13501387422615813316994
1727380799999,2024-09-26 19:59,15728.91699112010426253874404,15442.22544712572237994169464,20566.13501387422615813316994
1727395199999,2024-09-26 23:59,15728.91699112010426253874404,15552.69295059227435757202911,20566.13501387422615813316994
1727409599999,2024-09-27 03:59,15740.26173654882608760482843,15598.51406828965260211132625,20566.13501387422615813316994
1727423999999,2024-09-27 07:59,15751.58863218908528387843038,15620.94737354291022511486402,20564.83317587404404401356258
1727438399999,2024-09-27 11:59,15748.85721293406266948078592,15615.53770403869418093349820,20557.71167530238873834730802
1727452799999,2024-09-27 15:59,15817.37282270738247112897744,15751.23521882773236726677968,20736.34919250916007139416829
1727467199999,2024-09-27 19:59,15775.44125988722498270073629,15668.18832068669717997084077,20627.02300684760385269236350
1727481599999,2024-09-27 23:59,15788.93088052208744004349211,15694.90497695895250888772290,20662.19385836955039095411301
1727495999999,2024-09-28 03:59,15824.33089337247095729853933,15765.01591639581690857572880,20754.49064191423699694450800
1727510399999,2024-09-28 07:59,15795.44435758104299956429757,15707.80514164346593405069761,20679.17613983861460905370374
1727524799999,2024-09-28 11:59,15792.31171970585164648362901,15701.60084490285644359125731,20671.00856088567954300506595
1727539199999,2024-09-28 15:59,15770.75917112453513728862937,15658.91528332746314923030808,20614.81561768948628859043794
1727553599999,2024-09-28 19:59,15783.39454550804733719515672,15683.94007560391381324882746,20647.75923325849784153353968
1727567999999,2024-09-28 23:59,15799.53967917249507999552542,15715.91606649782426407825052,20689.85367863131702809190369
1727582399999,2024-09-29 03:59,15794.46962525756999777881262,15705.87465084994551951927946,20676.63476623364365965626221
1727596799999,2024-09-29 07:59,15753.63569055445071037229803,15625.00164283610081138047520,20570.17037458213507371226859
1727611199999,2024-09-29 11:59,15779.52935231434969847100875,15676.28492793319256502041035,20637.68169738118411388583582
1727625599999,2024-09-29 15:59,15786.68863471988316770382896,15690.46413225346240821656198,20656.34775666516109944776111
1727639999999,2024-09-29 19:59,15811.68708496391016528756402,15739.97442024352614208289554,20721.52503670958292651589070
1727654399999,2024-09-29 23:59,15768.69644956979375402935838,15654.82999255056951551239970,20609.43758108663058356148874
1727668799999,2024-09-30 03:59,15642.38728558135717037330973,15404.67036170121770269143642,20280.11765632776836083962501
1727683199999,2024-09-30 07:59,15643.39093456213963080261623,15406.65812292618989713478787,20282.73442296922794161597704
1727697599999,2024-09-30 11:59,15553.92159198595335937522978,15229.46102174640569211684247,20049.46522669688209562609375
1727711999999,2024-09-30 15:59,15522.83257079612163493657951,15167.88814913181081429955864,19968.40828834204228437493953
1727726399999,2024-09-30 19:59,15513.98768824159097225766111,15150.37055591149763373696203,19945.34744330608216135068952
1727740799999,2024-09-30 23:59,15494.66051741238155119342870,15112.09243128991423509854595,19894.95662254299316347138227
1727755199999,2024-10-01 03:59,15482.58679423607113548032684,15206.56239423760235732884667,20019.32057760751098262504442
1727769599999,2024-10-01 07:59,15482.58679423607113548032684,15283.50521889306866901122856,19988.20787662958812822800188
1727783999999,2024-10-01 11:59,15482.58679423607113548032684,15209.07274814957204346858944,19988.20787662958812822800188
1727798399999,2024-10-01 15:59,15482.58679423607113548032684,14945.35434265401133649741856,19988.20787662958812822800188
1727812799999,2024-10-01 19:59,15482.58679423607113548032684,14737.06655599984211178868562,19988.20787662958812822800188
1727827199999,2024-10-01 23:59,15482.58679423607113548032684,14510.32098654235965296311780,19988.20787662958812822800188
1727841599999,2024-10-02 03:59,15482.58679423607113548032684,14735.74933607645117381421983,19988.20787662958812822800188
1727855999999,2024-10-02 07:59,15482.58679423607113548032684,14730.24421585314882977963185,19988.20787662958812822800188
1727870399999,2024-10-02 11:59,15482.58679423607113548032684,14595.80426428807264401255230,19988.20787662958812822800188
1727884799999,2024-10-02 15:59,15482.58679423607113548032684,14765.22929066625488348188345,19988.20787662958812822800188
1727899199999,2024-10-02 19:59,15482.58679423607113548032684,14363.38176331293250141659661,19988.20787662958812822800188
1727913599999,2024-10-02 23:59,15482.58679423607113548032684,14472.97589269984483538994832,19988.20787662958812822800188
1727927999999,2024-10-03 03:59,15482.58679423607113548032684,14667.38753106684321893650999,19988.20787662958812822800188
1727942399999,2024-10-03 07:59,15482.58679423607113548032684,14539.00870016374707384903750,19988.20787662958812822800188
1727956799999,2024-10-03 11:59,15482.58679423607113548032684,14500.52774276410528802252434,19988.20787662958812822800188
1727971199999,2024-10-03 15:59,15482.58679423607113548032684,14471.11937621361630324477734,19988.20787662958812822800188
1727985599999,2024-10-03 19:59,15482.58679423607113548032684,14565.25764791247953348513106,19988.20787662958812822800188
1727999999999,2024-10-03 23:59,15482.58679423607113548032684,14497.65706238758481993686793,19988.20787662958812822800188
1728014399999,2024-10-04 03:59,15482.58679423607113548032684,14545.21061063637940681214724,19988.20787662958812822800188
1728028799999,2024-10-04 07:59,15482.58679423607113548032684,14662.53147573332771390383268,19988.20787662958812822800188
1728043199999,2024-10-04 11:59,15482.58679423607113548032684,14664.01096187916536162877614,19988.20787662958812822800188
1728057599999,2024-10-04 15:59,15482.58679423607113548032684,14764.99782267247060633781972,19988.20787662958812822800188
1728071999999,2024-10-04 19:59,15482.58679423607113548032684,14883.10854246985804471491852,19988.20787662958812822800188
1728086399999,2024-10-04 23:59,15482.58679423607113548032684,14815.81578551401664819329685,19988.20787662958812822800188
1728100799999,2024-10-05 03:59,15482.58679423607113548032684,14762.36099655771157289255759,19988.20787662958812822800188
1728115199999,2024-10-05 07:59,15482.58679423607113548032684,14813.47485662842514429302341,19988.20787662958812822800188
1728129599999,2024-10-05 11:59,15482.58679423607113548032684,14838.24670449929711370050407,19988.20787662958812822800188
1728143999999,2024-10-05 15:59,15482.58679423607113548032684,14835.30204981548476322860049,19988.20787662958812822800188
1728158399999,2024-10-05 19:59,15482.58679423607113548032684,14759.13714852057179534997919,19988.20787662958812822800188
1728172799999,2024-10-05 23:59,15482.58679423607113548032684,14809.13423517797565846774576,19988.20787662958812822800188
1728187199999,2024-10-06 03:59,15482.58679423607113548032684,14766.33890527563311927559104,19988.20787662958812822800188
1728201599999,2024-10-06 07:59,15482.58679423607113548032684,14783.12630049493610596103815,19988.20787662958812822800188
1728215999999,2024-10-06 11:59,15482.58679423607113548032684,14819.61472413365138235153875,19988.20787662958812822800188
1728230399999,2024-10-06 15:59,15482.58679423607113548032684,14967.10756153377907304674846,19988.20787662958812822800188
1728244799999,2024-10-06 19:59,15482.58679423607113548032684,14945.95806845223218306904871,19988.20787662958812822800188
1728259199999,2024-10-06 23:59,15482.58679423607113548032684,14990.94637862558246138898252,19988.20787662958812822800188
1728273599999,2024-10-07 03:59,15482.58679423607113548032684,15160.51458108239415063814691,19988.20787662958812822800188
1728287999999,2024-10-07 07:59,15482.58679423607113548032684,15160.86774874301346009506889,19988.20787662958812822800188
1728302399999,2024-10-07 11:59,15482.58679423607113548032684,15066.24029210883294310695162,19988.20787662958812822800188
1728316799999,2024-10-07 15:59,15482.58679423607113548032684,15189.40990001779427370482481,19988.20787662958812822800188
1728331199999,2024-10-07 19:59,15482.58679423607113548032684,15125.07611535362817263309005,19988.20787662958812822800188
1728345599999,2024-10-07 23:59,15482.58679423607113548032684,14848.74628359879009755494150,19988.20787662958812822800188
1728359999999,2024-10-08 03:59,15482.58679423607113548032684,14945.58103811184129864882119,19988.20787662958812822800188
1728374399999,2024-10-08 07:59,15482.58679423607113548032684,14871.65206991152490483192896,19988.20787662958812822800188
1728388799999,2024-10-08 11:59,15482.58679423607113548032684,14944.19938895306710827343044,19988.20787662958812822800188
1728403199999,2024-10-08 15:59,15482.58679423607113548032684,14864.02078492057523156681739,19988.20787662958812822800188
1728417599999,2024-10-08 19:59,15482.58679423607113548032684,14853.88391855361018715462417,19988.20787662958812822800188
1728431999999,2024-10-08 23:59,15482.58679423607113548032684,14833.59109567586283835959330,19988.20787662958812822800188
1728446399999,2024-10-09 03:59,15482.58679423607113548032684,14889.32954308630763764867269,19988.20787662958812822800188
1728460799999,2024-10-09 07:59,15482.58679423607113548032684,14861.34100598222736318760530,19988.20787662958812822800188
1728475199999,2024-10-09 11:59,15482.58679423607113548032684,14843.01924045361210636161199,19988.20787662958812822800188
1728489599999,2024-10-09 15:59,15482.58679423607113548032684,14870.69994898863906379603793,19988.20787662958812822800188
1728503999999,2024-10-09 19:59,15482.58679423607113548032684,14564.29836818566221996024837,19988.20787662958812822800188
1728518399999,2024-10-09 23:59,15482.58679423607113548032684,14469.81170136213399525563377,19988.20787662958812822800188
1728532799999,2024-10-10 03:59,15482.58679423607113548032684,14524.52166727442391362624441,19988.20787662958812822800188
1728547199999,2024-10-10 07:59,15482.58679423607113548032684,14532.80440342313758338959721,19988.20787662958812822800188
1728561599999,2024-10-10 11:59,15482.58679423607113548032684,14619.18730419623895055565055,19988.20787662958812822800188
1728575999999,2024-10-10 15:59,15482.58679423607113548032684,14506.40273452386704398834819,19988.20787662958812822800188
1728590399999,2024-10-10 19:59,15482.58679423607113548032684,14252.96198520592367371287322,19988.20787662958812822800188
1728604799999,2024-10-10 23:59,15482.58679423607113548032684,14395.92568598540643637269151,19988.20787662958812822800188
1728619199999,2024-10-11 03:59,15482.58679423607113548032684,14464.55713927643318833575395,19988.20787662958812822800188
1728633599999,2024-10-11 07:59,15482.58679423607113548032684,14479.03939962980203356588594,19988.20787662958812822800188
1728647999999,2024-10-11 11:59,15482.58679423607113548032684,14598.39575131126568502753390,19988.20787662958812822800188
1728662399999,2024-10-11 15:59,15482.58679423607113548032684,14857.11015285872712219353312,19988.20787662958812822800188
1728676799999,2024-10-11 19:59,15482.58679423607113548032684,15054.44496949774343874502339,19988.20787662958812822800188
1728691199999,2024-10-11 23:59,15482.58679423607113548032684,14924.15235167696698160044663,19988.20787662958812822800188
1728705599999,2024-10-12 03:59,15482.58679423607113548032684,14930.83390201300797132599772,19988.20787662958812822800188
1728719999999,2024-10-12 07:59,15482.58679423607113548032684,14978.45665203314012559486309,19988.20787662958812822800188
1728734399999,2024-10-12 11:59,15482.58679423607113548032684,15018.86571395832516845646385,19988.20787662958812822800188
1728748799999,2024-10-12 15:59,15482.58679423607113548032684,15071.50201299846522251582310,19988.20787662958812822800188
1728763199999,2024-10-12 19:59,15482.58679423607113548032684,15033.92306489418897030225934,19988.20787662958812822800188
1728777599999,2024-10-12 23:59,15482.58679423607113548032684,15083.13029685115370213461254,19988.20787662958812822800188
1728791999999,2024-10-13 03:59,15482.58679423607113548032684,14965.27013519136780087222191,19988.20787662958812822800188
1728806399999,2024-10-13 07:59,15482.58679423607113548032684,14996.57081224774268024009820,19988.20787662958812822800188
1728820799999,2024-10-13 11:59,15482.58679423607113548032684,14929.24226127224392127351822,19988.20787662958812822800188
1728835199999,2024-10-13 15:59,15482.58679423607113548032684,14850.01339189466072810646565,19988.20787662958812822800188
1728849599999,2024-10-13 19:59,15482.58679423607113548032684,14970.52231100909145029577118,19988.20787662958812822800188
1728863999999,2024-10-13 23:59,15482.58679423607113548032684,15002.90396745911867550138841,19988.20787662958812822800188
1728878399999,2024-10-14 03:59,15482.58679423607113548032684,15344.13312938870917828161301,19988.20787662958812822800188
1728892799999,2024-10-14 07:59,15482.58679423607113548032684,15420.70369623973892053642848,19988.20787662958812822800188
1728907199999,2024-10-14 11:59,15482.58679423607113548032684,15492.09844784831405325027240,19988.20787662958812822800188
1728921599999,2024-10-14 15:59,15482.58679423607113548032684,15718.77958807041325967491527,19988.20787662958812822800188
1728935999999,2024-10-14 19:59,15482.58679423607113548032684,15735.34028783188628420895975,19988.20787662958812822800188
1728950399999,2024-10-14 23:59,15482.58679423607113548032684,15769.84333651360652365243946,19988.20787662958812822800188
1728964799999,2024-10-15 03:59,15390.97749170669233505012872,15606.62499314401093213887916,19988.20787662958812822800188
1728979199999,2024-10-15 07:59,15418.90123645840558307861718,15663.59475483066899953452439,20031.10031969489428504784522
1728993599999,2024-10-15 11:59,15390.94123317911827495593072,15606.55101883671904975263198,19958.14901168550333341764287
1729007999999,2024-10-15 15:59,15463.72847283916129824741372,15755.05086132320720389933546,20148.06044647874358905031897
1729022399999,2024-10-15 19:59,15574.63044275907194378503702,15981.31201838132669096980083,20437.41820104199107918512450
1729036799999,2024-10-15 23:59,15586.78991542552125795543854,16006.11966027185602282223980,20469.14385668163250705157853
1729051199999,2024-10-16 03:59,15589.34438717460987878538823,16011.33126953396799480816964,20475.80880780869838608777857
1729065599999,2024-10-16 07:59,15574.90530579068175417653801,15981.87279135595870260748101,20438.13535466601144620596104
1729079999999,2024-10-16 11:59,15682.76740754398007117156093,16201.93203794144585671483664,20719.56169531934857937415307
1729094399999,2024-10-16 15:59,15665.83935368658098267711871,16167.39558150804541232272918,20675.39418723234103940578165
1729108799999,2024-10-16 19:59,15663.26733748866620373707322,16162.14817822627607789184102,20668.68346034203981779378354
1729123199999,2024-10-16 23:59,15650.63650396375410834209764,16136.37887034095227501818880,20635.72796253014218605755450
1729137599999,2024-10-17 03:59,15648.45982267938875881621103,16131.93802563546217434702789,20630.04871617141068382020639
1729151999999,2024-10-17 07:59,15613.57911915314294819773140,16060.77474202067131877724769,20539.04039542445159745685586
1729166399999,2024-10-17 11:59,15563.19731027402557537260195,15957.98624890461216433863587,20407.58766200029283395671087
1729180799999,2024-10-17 15:59,15647.20364014343583813335116,16129.37517382799502328801293,20626.77117152376015539306406
1729195199999,2024-10-17 19:59,15559.40420043781019196988820,15950.24758185469040373864938,20397.69094198881176906916658
1729209599999,2024-10-17 23:59,15627.45093002502529391348381,16089.07588022975922525761766,20575.23376555586246072120223
1729223999999,2024-10-18 03:59,15643.07952503936693838682982,16120.96119294053769122647967,20616.01081544590562724212939
1729238399999,2024-10-18 07:59,15691.53729269721563847145229,16219.82427523417276420133023,20742.44347350192182159641858
1729252799999,2024-10-18 11:59,15660.22629969213213132046645,16155.94388148566658743240072,20660.74899471458043798878349
1729267199999,2024-10-18 15:59,15781.09000765553535177048969,16402.52888290523647075019417,20976.09822764285544266173725
1729281599999,2024-10-18 19:59,15766.19594023204886017315484,16372.14214648411291247692004,20937.23765637359861864755625
1729295999999,2024-10-18 23:59,15745.14143201073738418417852,16329.18693662730082103061821,20882.30368877363850485147709
1729310399999,2024-10-19 03:59,15747.71578746849565087223679,16334.43911244502447045416748,20889.02051909903777214024828
1729324799999,2024-10-19 07:59,15735.61362666821178652814824,16309.74839768537585592192565,20857.44439761929846335473464
1729339199999,2024-10-19 11:59,15705.64302955344675898848215,16248.60266703869216994781098,20779.24718714313725253807264
1729353599999,2024-10-19 15:59,15721.62368317423330953775072,16281.20624641059504231216974,20820.94280401543629341334789
1729367999999,2024-10-19 19:59,15716.36619667599459587904017,16270.47997185327209630632969,20807.22533363257863486585742
1729382399999,2024-10-19 23:59,15739.29328240201801415224243,16317.25559674151333937784841,20867.04510102852431291878469
1729396799999,2024-10-20 03:59,15717.07031388888440803088527,16271.91650517552090909732317,20809.06246759709038357455359
1729411199999,2024-10-20 07:59,15739.29328240201801415224243,16317.25559674151333937784841,20867.04510102852431291878469
1729425599999,2024-10-20 11:59,15744.20689770326402885307513,16327.28030851355198146250560,20879.86536645196925698063284
1729439999999,2024-10-20 15:59,15768.29893483134434563663906,16376.43265630704209087925606,20942.72464452674168206655244
1729454399999,2024-10-20 19:59,15754.53239065241894858146150,16348.34628221589835906863595,20906.80592897474287425699454
1729468799999,2024-10-20 23:59,15815.78590965414563029596014,16473.31513617963644189974683,21066.62437701706892056001470
1729483199999,2024-10-21 03:59,15805.02531437410198943719773,16451.36147078978747565865040,21038.54857556605880740386069
1729497599999,2024-10-21 07:59,15755.20024933773470063910860,16349.70884123085528947338226,20908.54845969523491497570801
1729511999999,2024-10-21 11:59,15722.91963312752552193682775,16283.85023132928554824642353,20824.32410705975359834563252
1729526399999,2024-10-21 15:59,15618.00499877702176743790063,16069.80438004623528489206388,20550.58809462995401791151747
1729540799999,2024-10-21 19:59,15667.36104221476976275942848,16170.50011614632731504877988,20679.36447176361975214666822
1729555199999,2024-10-21 23:59,15622.27180873154341981320121,16078.50948562690583150592472,20561.72076024878933234560984
1729569599999,2024-10-22 03:59,15623.73618539356675006919800,16081.49709313430701691177828,20565.54151062016592600555602
1729583999999,2024-10-22 07:59,15625.13740203981591112884989,16084.35584217094169751578193,20569.19746824389528639262911
1729598399999,2024-10-22 11:59,15613.10775829468016697315735,16059.81307602587684775603445,20537.81055325219539358708086
1729612799999,2024-10-22 15:59,15611.13342298677650765037572,16055.78505568043499395005936,20532.65925402944484239060390
1729627199999,2024-10-22 19:59,15634.60906514609780283257359,16103.67984024996310280060789,20593.91027695588223164681772
1729641599999,2024-10-22 23:59,15627.94451385200120874417922,16090.08288531611968870911143,20576.52159036155009852032146
1729655999999,2024-10-23 03:59,15587.72094084322938166452277,16008.01912958167338990136075,20471.57302385065468640726316
1729670399999,2024-10-23 07:59,15560.84752376124213249377003,15953.19223653850275421055297,20401.45676144430595163815506
1729684799999,2024-10-23 11:59,15509.57796577152115929779269,15848.59256602778106005705069,20267.68777440043885380262736
1729699199999,2024-10-23 15:59,15487.28949798276989623207785,15803.11984345506780998201443,20209.53424478625964550875010
1729713599999,2024-10-23 19:59,15516.36181931763562853483856,15862.43292029529453877426366,20285.38773618477131644455054
1729727999999,2024-10-23 23:59,15539.36259172872891087044321,15909.35888006609670411460728,20345.39976178630543331582974
1729742399999,2024-10-24 03:59,15603.05011059760459439223365,16039.29355769029953680960095,20511.56883404814800630123647
1729756799999,2024-10-24 07:59,15592.51408426253577734269759,16017.79805575206480986397088,20484.07896236655027811529785
1729771199999,2024-10-24 11:59,15611.56852531766522878075177,16056.67274736793758258502544,20533.79449295768133827039622
1729785599999,2024-10-24 15:59,15660.13506855823610914796825,16155.75775258344830271861751,20660.51096074575665659463349
1729799999999,2024-10-24 19:59,15731.31523670580304955467521,16300.97886286932205690713985,20846.22933562663953228420572
1729814399999,2024-10-24 23:59,15718.27269344843711050945134,16274.36958865603881532513264,20812.19963323748586143591514
1729828799999,2024-10-25 03:59,15696.01697529749467591591534,16228.96368158668597514735189,20754.13155171467929261686096
1729843199999,2024-10-25 07:59,15640.33908213272104158986457,16115.37016707005767732399174,20608.86064122854511690246973
1729857599999,2024-10-25 11:59,15707.45478630222801982437595,16252.29899613530913176383907,20783.97429762657362919882075
1729871999999,2024-10-25 15:59,15658.82391341596122638680817,16153.08274618105474933206652,20657.08998537330205476332386
1729886399999,2024-10-25 19:59,15560.57383035955406597627542,15952.63384983184790006920334,20400.74265953783460745570506
1729900799999,2024-10-25 23:59,15542.83405333646472892140048,15916.44132342230015322369143,20354.45725947180521764707594
1729915199999,2024-10-26 03:59,15568.05946185871485961715362,15967.90596488565587658474868,20420.27365185158077312955133
1729929599999,2024-10-26 07:59,15579.05281349318553140318709,15990.33449760295918459562535,20448.95674509484643112462649
1729943999999,2024-10-26 11:59,15594.25917210577763736022732,16021.35836757398379438915738,20488.63212494969235298801326
1729958399999,2024-10-26 15:59,15564.84180994399746222558238,15961.34134168049560417939474,20411.87837687421894472818397
1729972799999,2024-10-26 19:59,15598.93652216283138951176981,16030.90105321463662221504267,20500.83594342823468369578064
1729987199999,2024-10-26 23:59,15588.96776633980835135533154,16010.56289124532328098973127,20474.82615475791303212731318
1730001599999,2024-10-27 03:59,15611.98725282964953567503839,16057.52703130375996627136375,20534.88700784023151441277699
1730015999999,2024-10-27 07:59,15601.97989921920894967638935,16037.11012249120042766714407,20508.77651249079210917755376
1730030399999,2024-10-27 11:59,15593.09422070372073884986565,16018.98164466873492804392564,20485.59261427086560595502094
1730044799999,2024-10-27 15:59,15670.75179935790525350394503,16177.41790701210689691105581,20688.21140093823696062924327
1730059199999,2024-10-27 19:59,15677.53682253394146661499729,16191.26064754759753312459933,20705.91441444011844610955299
1730073599999,2024-10-27 23:59,15697.61936829028378330466583,16232.23286871539174512021082,20758.31240475684058120641868
1730087999999,2024-10-28 03:59,15663.21938266187470490281134,16162.05034123921262054228831,20668.55833992252988141993546
1730102399999,2024-10-28 07:59,15743.68173386840102942420727,16326.20887419180826561008687,20878.49514527245800254507707
1730116799999,2024-10-28 11:59,15783.24563560130931156426133,16406.92677478713773648740512,20981.72254308570453380812767
1730131199999,2024-10-28 15:59,15752.88438209268183010646191,16344.98403063608344673888542,20902.50605894816969497036182
1730145599999,2024-10-28 19:59,15885.72860934450755200390942,16616.01157494567756497054308,21249.11403473108563323662922
1730159999999,2024-10-28 23:59,15924.58722423460427811811199,16695.29055595078106556053729,21350.50124686227139295259712
1730174399999,2024-10-29 03:59,16038.73491718735417402345982,16928.17360664551260494828990,21648.32751762405725961004693
1730188799999,2024-10-29 07:59,16048.07207285263552021644898,16947.22318390716089815510216,21672.68937881790657844978361
1730203199999,2024-10-29 11:59,16098.83868997600662758967982,17050.79675918770486888646623,21805.14612731569385577909976
1730217599999,2024-10-29 15:59,16209.95353254167465819646559,17277.49221701766702028909242,22095.05929447286350250025529
1730231999999,2024-10-29 19:59,16225.64411794186872799215013,17309.50400193123483356347380,22135.99808539300487945566899
1730246399999,2024-10-29 23:59,16249.06712675471154884406057,17357.29140444179085507914740,22197.11178102973624098448858
1730260799999,2024-10-30 03:59,16190.30258022645583101515393,17237.40052873344392443945534,22043.78738793173079476802230
1730275199999,2024-10-30 07:59,16189.59963264348776273731521,17235.96638167917226914479241,22041.95330568476806889771268
1730289599999,2024-10-30 11:59,16161.06066255293723698146707,17177.74144303652935867927579,21967.49139748861081226617378
1730303999999,2024-10-30 15:59,16170.10774999762610242087221,17196.19922583984259279611067,21991.09643273030246718604892
1730318399999,2024-10-30 19:59,16142.11499708052996582600691,17139.08867434253223311696275,21918.05967662953887608102349
1730332799999,2024-10-30 23:59,16203.25506197984749176188599,17263.82606031248603880400990,22077.58210806960970706054942
1730347199999,2024-10-31 03:59,16204.30772890941697836763448,17265.97370149192778550150846,22080.32865386373026160843405
1730361599999,2024-10-31 07:59,16211.72903076288185893816139,17281.11457180699209971887333,22099.69180171228017117102070
1730375999999,2024-10-31 11:59,16189.36687628906073181004415,17235.49151435171792737501218,22041.34601389251252405879152
1730390399999,2024-10-31 15:59,16001.52431085699456638425684,16852.25687722022401668804622,21551.24017551944467918071175
1730404799999,2024-10-31 19:59,15939.77603839837022596505641,16726.27863190214831290911101,21390.13085095388197224018581
1730419199999,2024-10-31 23:59,15963.16161905371724284876246,16773.98967383743529454220689,21451.14689162904460294063616
1730433599999,2024-11-01 03:59,15855.31940100908857171184813,16553.97099380755981787247068,21169.77243017404085802501530
1730447999999,2024-11-01 07:59,15844.05703449261680890434560,16530.99361945551028570556660,21140.38744189449994720103628
1730462399999,2024-11-01 11:59,15929.24235132314489666353312,16704.78790249986790095614205,21362.64708270738228973102027
1730476799999,2024-11-01 15:59,15857.39900300994917969520460,16558.21377827094584634819562,21175.19838397620346467628071
1730491199999,2024-11-01 19:59,15843.39034543722280072070489,16529.63344670853051279715084,21138.64796289155692932070935
1730505599999,2024-11-01 23:59,15870.05907728290487194033986,16584.04274285569858663011168,21208.23017472682666737217321
1730519999999,2024-11-02 03:59,15882.22088920919767385875416,16608.85515728218223347521175,21239.96193380156614091540032
1730534399999,2024-11-02 07:59,15907.24161249514262660338954,16659.90220184953539497842206,21305.24427561026269968023147
1730548799999,2024-11-02 11:59,15883.15776277651451693787032,16610.76655793188538803598548,21242.40635955833343446301764
1730563199999,2024-11-02 15:59,15858.03060316769087165865370,16559.50236297861089436669476,21176.84631145267579740501149
1730577599999,2024-11-02 19:59,15871.69538954342455167527558,16587.38113175574192399655667,21212.49952757790961827494055
1730591999999,2024-11-02 23:59,15855.87497522191691186488206,16555.10447109670962862948381,21171.22199600982670625862108
1730606399999,2024-11-03 03:59,15739.51434245722760633944961,16317.70660138919610618432311,20867.62187564528962937384046
1730620799999,2024-11-03 07:59,15741.56470371004461747264641,16321.88972915315319725178420,20872.97153650872666506544242
1730635199999,2024-11-03 11:59,15737.05461073180023930401729,16312.68827983323389140116813,20861.20411363969460024695004
1730649599999,2024-11-03 15:59,15705.71320734875139142886538,16248.74584311732161972764422,20779.43029019607862284126495
1730663999999,2024-11-03 19:59,15774.49914304650862174449771,16389.08226285395397892752260,20958.90179925411174835359292
1730678399999,2024-11-03 23:59,15785.84338365750245573244734,16412.22667596440453583756546,20988.50040776208425786462963
1730692799999,2024-11-04 03:59,15817.64211233995315834409665,16477.10214345938538857633597,21071.46745276736816507945126
1730707199999,2024-11-04 07:59,15767.36440052387099030553567,16374.52602819329325131114345,20940.28632220507243419570819
1730721599999,2024-11-04 11:59,15787.79900488665821307112677,16416.21651602221186970225168,20993.60287950405044364692197
1730735999999,2024-11-04 15:59,15770.64053393467558139742627,16381.20996479731139853302509,20948.83418305988540451640248
1730750399999,2024-11-04 19:59,15678.23860048698779101882962,16192.69240833389203092293170,20707.74544496953214914147607
1730764799999,2024-11-04 23:59,15677.53799216386321048900367,16191.26303381557469062092988,20705.91746615766746894793952
1730779199999,2024-11-05 03:59,15723.50327845847571506601498,16285.04097904988713891536995,20825.84691411671599470051522
1730793599999,2024-11-05 07:59,15799.64501673408016900781652,16440.38463809486299253810219,21024.51067484055375082578368
1730807999999,2024-11-05 11:59,15789.82480391111860285018943,16420.34953215864865334677114,20998.88845429895799973240661
1730822399999,2024-11-05 15:59,15886.89940889617316988430303,16618.40022919081221879742759,21252.16880399765749446155424
1730836799999,2024-11-05 19:59,15811.57524193586768387296615,16464.72457146186945510975258,21055.63819384058670236847617
1730851199999,2024-11-05 23:59,15855.55566625328083426113835,16554.45301993894563213124258,21170.38887711894347137909607
1730865599999,2024-11-06 03:59,16437.62433606896322128775047,17741.98405130732799602408182,22689.08221882525704011674336
1730879999999,2024-11-06 07:59,16323.27663639959512292731042,17508.69294878850252476380449,22390.73410436258826809519547
1730894399999,2024-11-06 11:59,16428.67432790777909739087547,17723.72432874611883410268292,22665.73047614013428078295092
1730908799999,2024-11-06 15:59,16431.71419607439142593347585,17729.92623921875116706579266,22673.66189005004463774956442
1730923199999,2024-11-06 19:59,16610.14708878602812497787799,18093.96335047401301977345201,23139.21666074122374780794213
1730937599999,2024-11-06 23:59,16580.72387847463923047320112,18033.93439324063904208203660,23062.44765407800522535618015
1730951999999,2024-11-07 03:59,16519.43760983510372028652363,17908.89872377354054935367021,22902.54375794430653957833691
1730966399999,2024-11-07 07:59,16485.46804801789638751901964,17839.59434291295538342539155,22813.91272516803624431809985
1730980799999,2024-11-07 11:59,16484.11361656851698141962324,17836.83104459540700267461007,22810.37883624626779746648830
1730995199999,2024-11-07 15:59,16637.76672975808796576470577,18150.31268248661013812315322,23211.27991894384905346766178
1731009599999,2024-11-07 19:59,16692.82121017457211524535215,18262.63431617141349040232812,23354.92426397635405632202800
1731023999999,2024-11-07 23:59,16614.16359793729658831581170,18102.15779470757186217257431,23149.69625880456817482731527
1731038399999,2024-11-08 03:59,16618.01168037983393379682564,18110.00861635242002510009684,23159.73640954085331311902687
1731052799999,2024-11-08 07:59,16648.15304346317356694142427,18171.50274212376870553847239,23238.37917077917185834012348
1731067199999,2024-11-08 11:59,16623.11945424808943158271863,18120.42944860866681157562598,23173.06326007743604835304040
1731081599999,2024-11-08 15:59,16680.81261976802776082177457,18238.13450284993747557653061,23323.59227990053657460743743
1731095999999,2024-11-08 19:59,16737.52329615370123589546526,18353.83509199039584265976991,23471.55785698245791661714214
1731110399999,2024-11-08 23:59,16690.41060290585799091818809,18257.71621787049189046505640,23348.63467410781798640737219
1731124799999,2024-11-09 03:59,16670.72456169298684751668481,18217.55294154695406972550271,23297.27121604021459352354305
1731139199999,2024-11-09 07:59,16692.66798865482366775051542,18262.32171506640585838302555,23354.52448897743206449339146
1731153599999,2024-11-09 11:59,16687.75905187326462854570827,18252.30654836627584628369058,23341.71643042418321178508946
1731167999999,2024-11-09 15:59,16668.20166995178531128490758,18212.40576152022535014049781,23290.68866128697233112377955
1731182399999,2024-11-09 19:59,16654.75326511157424795946734,18184.96845231886845733178838,23255.60001290830773535536011
1731196799999,2024-11-09 23:59,16710.02295743365927025728897,18297.72915931146878893578520,23399.80587396983294047284941
1731211199999,2024-11-10 03:59,16771.83789879782301149485348,18423.84342190424247000556198,23561.08914643568994920140804
1731225599999,2024-11-10 07:59,16962.06767890016842376767710,18811.94843197711483070318857,24057.42354032631340722641285
1731239999999,2024-11-10 11:59,17080.39212030346569374983368,19053.35284561827578948734937,24366.14749445565982976219157
1731254399999,2024-11-10 15:59,17062.85001073715107140203818,19017.56359849686765952170108,24320.37783465541529964088746
1731268799999,2024-11-10 19:59,17069.27829678705540294114233,19030.67852729932525935442565,24337.15007430484481941330294
1731283199999,2024-11-10 23:59,17141.91465418719346648580138,19178.87054121676009647448766,24526.66783753426112889411558
1731297599999,2024-11-11 03:59,17287.20842232606098330723445,19475.29752187521860564856167,24905.75829490897615894669855
1731311999999,2024-11-11 07:59,17228.36083207336145042387432,19355.23722114049349276940028,24752.21722986499009120478805
1731326399999,2024-11-11 11:59,17348.23620275289109733850036,19599.80582611936529168787563,25064.98776146434079744111679
1731340799999,2024-11-11 15:59,17573.45312270436101276438485,20059.29127019294984012136282,25652.60818239888442012264713
1731355199999,2024-11-11 19:59,17812.36991792921692442708284,20546.72707108298014307462855,26275.97337098513254882570267
1731369599999,2024-11-11 23:59,18110.13196414692888122512818,21154.21840017178124391439455,27052.87352118026869959389565
1731383999999,2024-11-12 03:59,18039.89217845644401551955654,21010.91584933954211677563760,26869.60872720880018596710035
1731398399999,2024-11-12 07:59,18149.35667320253143990332994,21234.24428305373504085585215,27155.21592090429860772485009
1731412799999,2024-11-12 11:59,17935.57171610618614901587413,20798.08222218888786155719936,26597.42298729390420743334685
1731427199999,2024-11-12 15:59,17874.33574155328562541147129,20673.14916224480714117104679,26437.65031501481350370612477
1731441599999,2024-11-12 19:59,18116.71581097642514800708183,21167.65070261520079075908279,27070.05163926371825687172075
1731455999999,2024-11-12 23:59,18028.72806085339873812859054,20988.13892149757381430050005,26840.48008320337719356759057
1731470399999,2024-11-13 03:59,17933.28508960917687533338711,20793.41706829354495623096637,26591.45687948556455838766412
1731484799999,2024-11-13 07:59,17959.01694788754210347390592,20845.91496379100987550315349,26658.59466556406700289151067
1731499199999,2024-11-13 11:59,17995.67198000507337096007497,20920.69821592714865300638404,26754.23244183289373508724007
1731513599999,2024-11-13 15:59,18565.35426894948813225904644,22082.95866941743313075865685,28240.60809469505544531144486
1731527999999,2024-11-13 19:59,18290.90060781228809666028559,21523.02088857742661679417016,27524.52257181684641791019070
1731542399999,2024-11-13 23:59,18312.15161386045254348233497,21566.37699145440116762400506,27579.96922796504236855520833
1731556799999,2024-11-14 03:59,18260.90076994947947227045982,21461.81550123131399341179164,27446.24906840195963613386524
1731571199999,2024-11-14 07:59,18358.26076463543954456213190,21660.44844764990398796710326,27700.27403718262070342932826
1731585599999,2024-11-14 11:59,18442.75950870190397827957012,21832.84199139167015287164354,27920.74231979422663982641416
1731599999999,2024-11-14 15:59,18028.25786962485770077802288,20987.17964177075650077561736,26839.25329274867001253620210
1731614399999,2024-11-14 19:59,18205.57376576122900014632522,21348.93786710783294448759768,27301.89367318053231193543556
1731628799999,2024-11-14 23:59,17955.46010329551898262048239,20838.65832287247392916193889,26649.31439249748855135804715
1731643199999,2024-11-15 03:59,18059.86360937022066417861830,21051.66137504950636661984646,26921.71680435836515141724489
1731657599999,2024-11-15 07:59,17988.95947388418527803741872,20907.00342400624178156533486,26736.71863481905166558689573
1731671999999,2024-11-15 11:59,18238.00292497149965084741724,21415.09953304250168774853677,27386.50559394473952904060143
1731686399999,2024-11-15 15:59,18086.43760119224148160373591,21105.87738349052468325003243,26991.05182707216403955939914
1731700799999,2024-11-15 19:59,18312.46624430940164559005313,21567.01889754025653413692407,27580.79013998572951208118718
1731715199999,2024-11-15 23:59,18388.98109453004239533989220,21723.12377606994562908910302,27780.42739860770555365176142
1731729599999,2024-11-16 03:59,18414.70827428872064798438546,21775.61212649550191837596792,27847.55297781601190680206181
1731743999999,2024-11-16 07:59,18398.97675184126554259847737,21743.51682220273359273001716,27806.50737678165473050311926
1731758399999,2024-11-16 11:59,18405.07754151308158941579310,21755.96359597158709359018661,27822.42513551735785552730397
1731772799999,2024-11-16 15:59,18329.22821071791310397558836,21601.21650392090061405009287,27624.52430418077580899867013
1731787199999,2024-11-16 19:59,18396.95446170657038444143387,21739.39096487022828157448936,27801.23095713939424293279423
1731801599999,2024-11-16 23:59,18336.91501856361384394556516,21616.89905706677967993449349,27644.58019191295390287500101
1731815999999,2024-11-17 03:59,18297.25754643696605188500013,21535.99025503327760935073093,27541.10865669578554454102733
1731830399999,2024-11-17 07:59,18332.69031528627497103449453,21608.27985713328680318853259,27633.55738812588341062282402
1731844799999,2024-11-17 11:59,18348.29200881241650640569364,21640.11028568059064674179186,27674.26424851229905186086080
1731859199999,2024-11-17 15:59,18298.67864679188485880276060,21538.88957062552396739235399,27544.81649351784829318067159
1731873599999,2024-11-17 19:59,18273.41347085229543639079029,21487.34379605094488915605790,27478.89634274140596119305389
1731887999999,2024-11-17 23:59,18251.42325869358886119670419,21442.47957181240680064531290,27421.52100110222757668774395
1731902399999,2024-11-18 03:59,18346.46621650457431908172319,21636.38532136824779496979713,27669.50051741827440113947423
1731916799999,2024-11-18 07:59,18469.43174943735128112122426,21887.25844634276969919359604,27990.33368678214344639303764
1731931199999,2024-11-18 11:59,18300.44712723356159630041807,21542.49760780698610184415158,27549.43069045197082482111777
1731945599999,2024-11-18 15:59,18538.39429925329183641182105,22027.95519254395284033938807,28170.26600519007902050173291
1731959999999,2024-11-18 19:59,18339.41100881661527107519548,21621.99135293003377710389564,27651.09255716256863999187413
1731974399999,2024-11-18 23:59,18322.54728460491209565110457,21587.58614123537699500996865,27607.09289354075735613476233
1731988799999,2024-11-19 03:59,18435.29025202164759887478134,21817.60328408954238130472595,27901.25405152616679388997943
1732003199999,2024-11-19 07:59,18457.74831614905172367142233,21863.42201551894346834769254,27959.85008018495431374990477
1732017599999,2024-11-19 11:59,18461.49230152855386436586782,21871.06045931382461410179576,27969.61862805937641942521444
1732031999999,2024-11-19 15:59,18548.04140684783530921650283,22047.63713081954787007379713,28195.43657153441939151390229
1732046399999,2024-11-19 19:59,18645.80843274656224966239766,22247.10049849418867335214153,28450.52353802214040656788070
1732060799999,2024-11-19 23:59,18538.54401188327505228463862,22028.26063484502899986969898,28170.65662503635394381520984
1732075199999,2024-11-20 03:59,18506.87043360245094419167274,21963.64049802360399923829774,28088.01611380881548030774782
1732089599999,2024-11-20 07:59,18601.65607283065274979528655,22157.02126862447034437006010,28335.32425226407728031443964
1732103999999,2024-11-20 11:59,18672.33330011186982437924701,22301.21628368016637513644423,28519.73038859888033549780033
1732118399999,2024-11-20 15:59,18822.66817321345343816820899,22607.92807932017369349520581,28911.97374860988379899636415
1732132799999,2024-11-20 19:59,18736.11906789417199331757397,22431.35140781445043752320444,28686.15580513484082690767630
1732147199999,2024-11-20 23:59,18769.63598293166444684460611,22499.73230296787565237155871,28773.60582321963928371232296
1732161599999,2024-11-21 03:59,18946.43256338278146615407253,22860.43102532309416771277307,29234.89124105973544286793333
1732175999999,2024-11-21 07:59,19076.71647073590984785153842,23126.23502903069052647684811,29574.81900712784038790606800
1732190399999,2024-11-21 11:59,19201.04579215744016698248699,23379.89054246657807142207294,29899.21047915387006271833527
1732204799999,2024-11-21 15:59,19048.64418298413512782423879,23068.96221131093345704722252,29501.57473423374324379075796
1732219199999,2024-11-21 19:59,19184.06744421340609190577012,23345.25147651015985468775166,29854.91174721225454069934271
1732233599999,2024-11-21 23:59,19241.06234067006332836301290,23461.53192876906749337931557,30003.61889165858843243697626
1732247999999,2024-11-22 03:59,19301.81057954559665650675226,23585.46991496667353779562714,30162.11899771973661255701180
1732262399999,2024-11-22 07:59,19341.25050050680008800212927,23665.93487115642431406190666,30265.02291347278672295108932
1732276799999,2024-11-22 11:59,19305.77328572046490164039215,23593.55459087328313536354395,30172.45821677582598901060417
1732291199999,2024-11-22 15:59,19281.63446339551482989657274,23544.30679236070672609357133,30109.47686999909265038922303
1732305599999,2024-11-22 19:59,19330.26065776209464783811496,23643.51349724305247854002166,30236.34897538216813347117377
1732319999999,2024-11-22 23:59,19308.30202561127515724220132,23598.71370223989764243020161,30179.05603011681336560230036
1732334399999,2024-11-23 03:59,19281.94675458462044425627812,23544.94392591060777761382923,30110.29167858468174823842881
1732348799999,2024-11-23 07:59,19269.56973075272676952068858,23519.69243817632715144390723,30077.99840348092207243207862
1732363199999,2024-11-23 11:59,19254.26395359678643427310543,23488.46573542724415446227811,30038.06362763440920930583608
1732377599999,2024-11-23 15:59,19250.75623346147655612795016,23481.30931776374882296694679,30028.91152670488971698460718
1732391999999,2024-11-23 19:59,19145.95739247322544515565538,23267.49970701043715174931198,29755.47763431244339755075944
1732406399999,2024-11-23 23:59,19165.65396035539228342321614,23307.68445974576938995584067,29806.86855783798799598006743
1732420799999,2024-11-24 03:59,19227.37533132581651474026966,23433.60782090037047131917313,29967.90769289992317763770298
1732435199999,2024-11-24 07:59,19254.38793436849128491778248,23488.71867983282284907331683,30038.38710969460563017480916
1732449599999,2024-11-24 11:59,19119.76119111592789903460084,23214.05446312604070643389494,29687.12831636697888620745712
1732463999999,2024-11-24 15:59,18958.52536714369137950610998,22885.10264993892552227437046,29266.44294879908256894635467
1732478399999,2024-11-24 19:59,19007.47554899859425054742147,22984.97035105094390120438424,29394.16037994323737826137657
1732492799999,2024-11-24 23:59,19192.27941589396983130461478,23362.00546397778263642457101,29876.33785612394388901122937
1732507199999,2024-11-25 03:59,19192.13438178367359092782277,23361.70956674861510687958232,29875.95944314786505705129860
1732521599999,2024-11-25 07:59,19209.50806464125709541869851,23397.15519128131255737363084,29921.28965562105029844494117
1732535999999,2024-11-25 11:59,19225.97060578980212205859862,23430.74191305980431822617782,29964.24258012354674873547026
1732550399999,2024-11-25 15:59,18970.11055151856445153937538,22908.73863425267052342850744,29296.67021112215378316501831
1732564799999,2024-11-25 19:59,18814.42345189508087029718548,22591.10727634919050186113094,28890.46219160682181120965441
1732579199999,2024-11-25 23:59,18620.32687527145021055924572,22195.11326434383545829469296,28384.03881949912884947875339
1732593599999,2024-11-26 03:59,18790.38989626308774721394092,22542.07424195455826726090817,28827.75549940950052804306174
1732607999999,2024-11-26 07:59,18711.05506830112251723470226,22380.21607133194244865576363,28620.76054977683042312254322
1732622399999,2024-11-26 11:59,18543.93132730282733595805815,22039.25178514781642796823052,28184.71283606715313742360607
1732636799999,2024-11-26 15:59,18597.28399618317414875941112,22148.10139892585562308644940,28323.91693206582991042555881
1732651199999,2024-11-26 19:59,18465.21991208915159082422388,21878.66549535702555490727123,27979.34445188811220536311257
1732665599999,2024-11-26 23:59,18498.11809289804153500187718,21945.78405475053445419676246,28065.18011138947758066128038
1732679999999,2024-11-27 03:59,18570.96732294393698361569870,22094.41036943981195564898530,28255.25328721281604672844302
1732694399999,2024-11-27 07:59,18689.00169612664177284427126,22335.22298862263785534316872,28563.22041539000480534436020
1732708799999,2024-11-27 11:59,18662.19728721003741223989537,22280.53688539011951193586362,28493.28420431904841804005787
1732723199999,2024-11-27 15:59,18918.11465334744053258543158,22802.65709132813402405373115,29161.00610748034350269145021
1732737599999,2024-11-27 19:59,19043.49664169854033832212864,23058.46024594346331569645454,29488.14412530049373205160211
1732751999999,2024-11-27 23:59,18954.03398824419490332158306,22875.93938090664073636504326,29254.72435341083486954204691
1732766399999,2024-11-28 03:59,18908.22192346933084623940848,22782.47403677733592008990576,29135.19468045070833561810775
1732780799999,2024-11-28 07:59,18888.13119030353632243169523,22741.48511173370160561998039,29082.77532811114304065253629
1732795199999,2024-11-28 11:59,18905.95050216130424291900450,22777.83990436569606221596997,29129.26824497050598347145003
1732809599999,2024-11-28 15:59,18853.91717583268451999685631,22671.68200086589052295861595,28993.50648636712697216951270
1732823999999,2024-11-28 19:59,18867.05679837355520058461032,22698.48933532127783673605914,29027.78948131284953860388598
1732838399999,2024-11-28 23:59,18928.40388776902139221961994,22823.64909072318851927361433,29187.85206675909741197782921
1732852799999,2024-11-29 03:59,19039.09532430301814043609353,23049.48071954541965700457999,29476.66051216352079120305782
1732867199999,2024-11-29 07:59,18926.18977832716023872552893,22819.13188544242937871987569,29182.07516543879717891211187
1732881599999,2024-11-29 11:59,19114.83470988554270171969788,23204.00350240625333188960166,29674.27448205049469092335704
1732895999999,2024-11-29 15:59,19206.24830604935691856289733,23390.50466242897461510037695,29912.78451881192364786165843
1732910399999,2024-11-29 19:59,19125.57425182699495284634532,23225.91421497251346319674812,29702.29535258562239298855336
1732924799999,2024-11-29 23:59,19140.81102081755239952755161,23257.00012791094416789487456,29742.05007709674290864999013
1732939199999,2024-11-30 03:59,19044.90370649439821875181246,23061.33092631998378378211095,29491.81534151196820663060790
1732953599999,2024-11-30 07:59,19061.67152105251839650737963,23095.54046404051365117693252,29535.56476429475961774002354
1732967999999,2024-11-30 11:59,19001.38996451576087409218877,22972.55459876579344779651198,29378.28229353567155013621686
1732982399999,2024-11-30 15:59,19045.53413702221816684125517,23062.61712475967167430427954,29493.46021727089151652095214
1732996799999,2024-11-30 19:59,19089.30987610332613927830960,23151.92797634074528946792260,29607.67684997816928881392781
1733011199999,2024-11-30 23:59,19017.76478342017511018160983,23005.96235044599839642426742,29421.00633922199128754775557
1733025599999,2024-12-01 03:59,19009.43233985767175176010728,22988.96257737672839256540101,29399.26590340275258688205544
1733039999999,2024-12-01 07:59,19025.36503865166680347511398,23021.46831976156780758020705,29440.83639985554169138348261
1733054399999,2024-12-01 11:59,19099.74414463520323928928998,23173.21587296496731423279447,29634.90122223300203006023758
1733068799999,2024-12-01 15:59,19090.28534745806053019963654,23153.91812383369464140760460,29610.22198241405433602830090
1733083199999,2024-12-01 19:59,19107.91284000866245534989832,23189.88156851743526860538333,29656.21441759537753335182232
1733097599999,2024-12-01 23:59,19108.66725130818725408401807,23191.42071136270185373859063,29658.18277541449726411113964
1733111999999,2024-12-02 03:59,19026.62589970730669965399940,23024.04071664094358862454422,29444.12615137338831116417109
1733126399999,2024-12-02 07:59,18970.04388261302505072101131,22908.60261697797254613766586,29296.49626322185948137698561
1733140799999,2024-12-02 11:59,18868.13285790155956467048656,22700.68470186026273336016878,29030.59706145795054991950138
1733155199999,2024-12-02 15:59,19092.62226804170479046439821,23158.68588725205531907605141,29616.31931407700196712460478
1733169599999,2024-12-02 19:59,18948.52386168285951287749287,22864.69767246625177115180355,29240.34771203738827790306413
1733183999999,2024-12-02 23:59,18951.40349055019293068121821,22870.57266422601352711762740,29247.86104064308250601072187
1733198399999,2024-12-03 03:59,18979.32723530190617870970666,22927.54242591267159451327264,29320.71774540845374965094152
1733212799999,2024-12-03 07:59,18917.41170576447246430759286,22801.22294427386236875906822,29159.17202523338077682114059
1733227199999,2024-12-03 11:59,18851.67967379238848902263756,22667.11707022558823247826623,28987.66855069584628233606459
1733241599999,2024-12-03 15:59,18932.91398074726577038824905,22832.85054004310782512423040,29199.61948962812947679632159
1733255999999,2024-12-03 19:59,18903.21239851450183387005202,22772.25365103117036330614315,29122.12417418824351880856345
1733270399999,2024-12-03 23:59,18952.46434488921462440501141,22872.73700928129537628943984,29250.62894846004622042731227
1733284799999,2024-12-04 03:59,18943.18099220033349641631606,22853.79720034659632791383306,29226.40746627345195215335636
1733299199999,2024-12-04 07:59,19038.91403166514783996510352,23049.11084800896024507334413,29476.18749594342225125314435
1733313599999,2024-12-04 11:59,18992.31597558287189955063673,22954.04193179900559126407436,29354.60706879035236993345134
1733327999999,2024-12-04 15:59,18939.96334028561609902474482,22847.23257714143605550847912,29218.01219129609012375198900
1733342399999,2024-12-04 19:59,19111.52816609677276990364121,23197.25752283482908976312562,29665.64727653940712680461276
1733356799999,2024-12-04 23:59,19272.66574115558280401559554,23526.00888951186304423088356,30086.07629983318552564124597
1733371199999,2024-12-05 03:59,19784.57532974538065264307674,24570.40202253843014823177408,31421.71541607891315660076912
1733385599999,2024-12-05 07:59,19699.43796774164406371815110,24396.70557648113599033075134,31199.58089568554075044463322
1733399999999,2024-12-05 11:59,19738.13049518285315972344668,24475.64570743348312644180689,31300.53476392476526710971265
1733414399999,2024-12-05 15:59,19589.01437645972666264914018,24171.42040302567391925948254,30911.47129359984360120992192
1733428799999,2024-12-05 19:59,19324.20899254699184372906749,23631.16694672923959252573547,30220.55938878352396765922368
1733443199999,2024-12-05 23:59,19080.64876653281275226101225,23134.25766196989402914017052,29585.07888152765517056161037
1733457599999,2024-12-06 03:59,19173.00976293323950704938536,23322.69169905411288437869452,29826.06080950379262659300792
1733471999999,2024-12-06 07:59,19220.17508952756122635694995,23418.91795523298892390828295,29949.12131966813858453017210
1733486399999,2024-12-06 11:59,19212.11400010690244670492924,23402.47179633441945919810506,29928.08888232027318237014890
1733500799999,2024-12-06 15:59,19357.19138671024734683518067,23698.45731741710383155102658,30306.61477194841898732122226
1733515199999,2024-12-06 19:59,19606.32256004169251019565824,24206.73239655165054995902004,30956.63060989028356365391834
1733529599999,2024-12-06 23:59,19407.58489188858215840037399,23801.26967321293456095294394,30438.09802254806797920523263
1733543999999,2024-12-07 03:59,19355.97965011132069336456351,23695.98514379276866535257268,30303.45319256763132675276839
1733558399999,2024-12-07 07:59,19368.32743319517077124999338,23721.17697482762035411423083,30335.67017473266543159945512
1733572799999,2024-12-07 11:59,19393.45108391422918490719084,23772.43401097696337529452989,30401.22106768567600014230165
1733587199999,2024-12-07 15:59,19409.35922047986761526806340,23804.88964173428248288639430,30442.72747806993562503761151
1733601599999,2024-12-07 19:59,19446.95580468440270132937415,23881.59383959203304493572079,30540.82188696572574213450439
1733615999999,2024-12-07 23:59,19418.24606862527756996859348,23823.02050582472514000594329,30465.91442800741115109853087
1733630399999,2024-12-08 03:59,19430.27337311056982637627325,23847.55849943383567477302966,30497.29523956401299822730606
1733644799999,2024-12-08 07:59,19399.89691441295967455639080,23785.58473379907833757221277,30418.03908309834086249051521
1733659199999,2024-12-08 11:59,19402.94380035910246634302950,23791.80096187957361551330583,30425.98880731354535648744795
1733673599999,2024-12-08 15:59,19427.60544725907204976770401,23842.11542217793942564303608,30490.33427183469190386761178
1733687999999,2024-12-08 19:59,19449.70794389026603686640328,23887.20872814228463380151426,30548.00257835857648085802943
1733702399999,2024-12-08 23:59,19567.67798742727491302462453,24127.89010258636687119751720,30855.80186207056898336268699
1733716799999,2024-12-09 03:59,19331.55894697523034798520478,23646.16225469769729946693655,30239.73638186158348408023148
1733731199999,2024-12-09 07:59,19388.36436338456507685341282,23762.05613154430542375295072,30387.94914806497567599924580
1733745599999,2024-12-09 11:59,19214.31875250938964920696914,23406.96991147136133978119927,29933.84136990018123272877393
1733759999999,2024-12-09 15:59,19181.98199406293676455238171,23340.99676070688803873037395,29849.47053482234681985614460
1733774399999,2024-12-09 19:59,19095.23288202703711724665448,23164.01203737707085088584785,29623.13074764642094240335867
1733788799999,2024-12-09 23:59,19119.34480286378707988832699,23213.20495172617263774021773,29686.04190491952675574184942
1733803199999,2024-12-10 03:59,19079.05339131955410811630008,23131.00279244905120414529492,29580.91633879078801900237188
1733817599999,2024-12-10 07:59,19109.98425460007085621521008,23194.10764910498119460679439,29661.61900937469698013438197
1733831999999,2024-12-10 11:59,19171.51614552317257994322888,23319.64443484728276156457711,29822.16376619369046197339829
1733846399999,2024-12-10 15:59,18930.13610968312406962307941,22827.18315359735877133916475,29192.37166044920023562829270
1733860799999,2024-12-10 19:59,18953.26086286592220260336111,22874.36205777373963129054709,29252.70716811093077336854498
1733875199999,2024-12-10 23:59,19039.40410660235852317377976,23050.11069429138923603584623,29477.46616559646282053710397
1733889599999,2024-12-11 03:59,19133.60960938937536727022551,23242.30787597558546298765383,29723.26065214740929270407271
1733903999999,2024-12-11 07:59,19126.14386159888421948745589,23227.07632747738916390972790,29703.78153903199651528279760
1733918399999,2024-12-11 11:59,19238.19557773186909317335782,23455.68318595705446987312781,29996.13913194593345555157045
1733932799999,2024-12-11 15:59,19480.19551743044185671689252,23949.40918923487193315373377,30627.54864799140578624154143
1733947199999,2024-12-11 19:59,19569.21254188460287572100457,24131.02088617239750638320400,30859.80571549488694732582547
1733961599999,2024-12-11 23:59,19569.48038713668222286846724,24131.56734153916657304290086,30860.50455881361317731634278
1733975999999,2024-12-12 03:59,19557.88584572243519984315074,24107.91226708160431191811945,30830.25288275014978039058684
1733990399999,2024-12-12 07:59,19496.37734739776835359525969,23982.42320669884589488694781,30669.76916028213675531930129
1734004799999,2024-12-12 11:59,19479.81889659564032928683583,23948.64081094622721933529540,30626.56599494062043228107604
1734019199999,2024-12-12 15:59,19648.09589269677497033377775,24291.95795735583053140475472,31065.62270215363423662914013
1734033599999,2024-12-12 19:59,19377.23065615948514018661289,23739.34124666974321618240758,30358.89984871582727739778602
1734047999999,2024-12-12 23:59,19438.39879217692451909864526,23864.13590307114880178138802,30518.49552137707465649858887
1734062399999,2024-12-13 03:59,19406.21057673053310644286900,23798.46580833977450276454304,30434.51225442796614410104992
1734076799999,2024-12-13 07:59,19453.10220992316675923293899,23894.13367781199568815278185,30556.85866268584075785576409
1734091199999,2024-12-13 11:59,19479.22823348515967291361029,23947.43574561776268368836565,30625.02487757836389889587411
1734105599999,2024-12-13 15:59,19423.06143501309709925288966,23832.84477108668255239883394,30478.47834915673817673590979
1734119999999,2024-12-13 19:59,19608.93668291679006859993367,24212.06570548059755425780814,30963.45119861234960744783184
1734134399999,2024-12-13 23:59,19604.48156254486765250960476,24202.97641075560465073472811,30951.82720646812161603350677
1734148799999,2024-12-14 03:59,19682.11574860061728968355639,24361.36494773943346967524719,31154.38495878451251393999834
1734163199999,2024-12-14 07:59,19651.23751866657901591493382,24298.36747314247556654862265,31073.81961549030958053538248
1734177599999,2024-12-14 11:59,19623.16523091480429588763419,24241.09465542271849711899706,31000.57534259621243642007244
1734191999999,2024-12-14 15:59,19627.97591878293684967590482,24250.90937561276727952656550,31013.12705687534337070390521
1734206399999,2024-12-14 19:59,19591.53258968124122338489186,24176.55803798049400885916522,30918.04164148288977225613927
1734220799999,2024-12-14 23:59,19603.98446982812650605689019,24201.96224686531271479424267,30950.53022650978690971922792
1734235199999,2024-12-15 03:59,19640.68979603229276012533388,24276.84810852446926463968704,31046.29922663322162396557848
1734249599999,2024-12-15 07:59,19640.48745005583106992222889,24276.43528416442101777450121,31045.77127949724067292470732
1734263999999,2024-12-15 11:59,19750.35663675484187471221227,24500.58936659871043558508743,31332.43436746470099676419937
1734278399999,2024-12-15 15:59,19754.16612140996167235101545,24508.36144140031240113370168,31342.37381152186838138915520
1734292799999,2024-12-15 19:59,19818.37178633416989205763542,24639.35323573839600470313075,31509.89479465792807177979848
1734307199999,2024-12-15 23:59,19960.01864837704000972715315,24928.33983284407744031853751,31879.46999671478989174315447
1734321599999,2024-12-16 03:59,19973.85420072134829534870756,24956.56699674587346441266030,31915.56876360218104701751815
1734335999999,2024-12-16 07:59,20021.86867863885606718490927,25054.52568347616584627823091,32040.84482070711758562330926
1734350399999,2024-12-16 11:59,19877.44277590192250487621551,24759.86931365675819938142794,31664.01873775377750165353784
1734364799999,2024-12-16 15:59,20178.50785701863916186829836,25374.09946351305206985867832,32449.53693830735414802531548
1734379199999,2024-12-16 19:59,20207.87843398354958204268781,25434.02103868745396021521881,32526.16861768086664274968323
1734393599999,2024-12-16 23:59,20146.53602310777036590370374,25308.87082835745190766298583,32366.11823910481486072928615
1734407999999,2024-12-17 03:59,20241.02223707600573976168242,25501.64071435616593373412637,32612.64513786752681410902412
1734422399999,2024-12-17 07:59,20233.91790493133344904688646,25487.14652266291130102234162,32594.10900547476209374918940
1734436799999,2024-12-17 11:59,20234.21733019129988079252158,25487.75740726506362008296343,32594.89024516731194037614325
1734451199999,2024-12-17 15:59,20195.63825685249994056584556,25409.04874430650076111597162,32494.23239353034263903455805
1734465599999,2024-12-17 19:59,20195.33649233269002107219766,25408.43308716839412706268870,32493.44505040269474673083112
1734479999999,2024-12-17 23:59,20155.31760456022337194365898,25326.78692832995039011278496,32389.03053446287833133541705
1734494399999,2024-12-18 03:59,19995.10637639943448604476332,24999.92548589082517273882575,31971.01847146792602050092231
1734508799999,2024-12-18 07:59,19935.07745992577364041495210,24877.45505449917098856580487,31814.39517169942688598860794
1734523199999,2024-12-18 11:59,20026.02554338073379540360944,25063.00647986698358823701968,32051.69062487634475324906701
1734537599999,2024-12-18 15:59,19955.87231030445797637451046,24919.88051286505411582672372,31868.65165800350392966287557
1734551999999,2024-12-18 19:59,19767.47767954932870241770838,24535.51955724834186687173629,31377.10540894729730506634963
1734566399999,2024-12-18 23:59,19461.75864097399317075421079,23911.79444711093831849521170,30579.44442426615878475453538
1734580799999,2024-12-19 03:59,19577.45141505336672422199613,24147.82975780349491053562609,30881.30201391020382092060252
1734595199999,2024-12-19 07:59,19631.65440488682133342599262,24258.41418840092760548615770,31022.72470856702019742956873
1734609599999,2024-12-19 11:59,19724.45518213782378484076732,24447.74546224455767934496999,31264.85408234159024069430475
1734623999999,2024-12-19 15:59,19517.41548080017541534814659,24025.34500880397778138462189,30724.66040383641054937796892
1734638399999,2024-12-19 19:59,19110.36789321440284688930509,23194.89034500148885340321609,29662.61997273077647112516659
1734652799999,2024-12-19 23:59,19141.02857198299676009273964,23257.44397375469546221235759,29742.61769656086115658988628
1734667199999,2024-12-20 03:59,19099.40846084766274744945685,23172.53101405552311278592549,29634.02537929643247544330104
1734681599999,2024-12-20 07:59,19184.38324429227693788749467,23345.89576886399237869700122,29855.73571095049070706370810
1734695999999,2024-12-20 11:59,18586.87195061981018235455210,22126.85884139319959075185805,28296.75054244442860310859326
1734710399999,2024-12-20 15:59,19086.02789454291282881638707,23145.23210839684135476438818,29599.11373053561120430130083
1734724799999,2024-12-20 19:59,19100.57575150956313370783129,23174.91250949672629412381834,29637.07099341035726815306644
1734739199999,2024-12-20 23:59,19181.21471683427278320419169,23339.43136891387272113753055,29847.46860811018783787457536
1734753599999,2024-12-21 03:59,19144.02282458266107754909092,23263.55281977621865281857573,29750.43009348635962285942479
1734767999999,2024-12-21 07:59,19325.61254845308449253673216,23634.03046830182858812240022,30224.22144984235137372306985
1734782399999,2024-12-21 11:59,19234.62469758078504583185765,23448.39790982279263357594657,29986.82223826876672995746847
1734796799999,2024-12-21 15:59,19148.76099539564551114896554,23273.21959135168367045364982,29762.79260127745114116329217
1734811199999,2024-12-21 19:59,19118.47459820200963762757490,23211.42956835116746047028559,29683.77142706305376398226479
1734825599999,2024-12-21 23:59,19121.16006850233357234623995,23216.90843962672107204523748,29690.77817055561020091775714
1734839999999,2024-12-22 03:59,19102.78224424911894738655226,23145.88833209055966625529052,29599.95295286159248485759892
1734854399999,2024-12-22 07:59,19102.78224424911894738655226,22958.77390119770890648756287,29555.17947799949498137148484
1734868799999,2024-12-22 11:59,19102.78224424911894738655226,23171.39992303435045952524291,29555.17947799949498137148484
1734883199999,2024-12-22 15:59,19102.78224424911894738655226,22760.11231956339302197628460,29555.17947799949498137148484
1734897599999,2024-12-22 19:59,19102.78224424911894738655226,22630.97465544356079305569595,29555.17947799949498137148484
1734911999999,2024-12-22 23:59,19102.78224424911894738655226,22714.42721914071275472782904,29555.17947799949498137148484
1734926399999,2024-12-23 03:59,19102.78224424911894738655226,22914.60646720850080690533962,29555.17947799949498137148484
1734940799999,2024-12-23 07:59,19102.78224424911894738655226,22766.38581807534007982931096,29555.17947799949498137148484
1734955199999,2024-12-23 11:59,19102.78224424911894738655226,22892.47860425631934343211275,29555.17947799949498137148484
1734969599999,2024-12-23 15:59,19102.78224424911894738655226,22252.46960144279304009588794,29555.17947799949498137148484
1734983999999,2024-12-23 19:59,19102.78224424911894738655226,22203.41270436838923053235963,29555.17947799949498137148484
1734998399999,2024-12-23 23:59,19102.78224424911894738655226,22641.69377119695226657254434,29555.17947799949498137148484
1735012799999,2024-12-24 03:59,19102.78224424911894738655226,22514.57250351781812205127379,29555.17947799949498137148484
1735027199999,2024-12-24 07:59,19102.78224424911894738655226,22486.99679077378609445539223,29555.17947799949498137148484
1735041599999,2024-12-24 11:59,19102.78224424911894738655226,22526.46804938394824125908528,29555.17947799949498137148484
1735055999999,2024-12-24 15:59,19102.78224424911894738655226,23457.44663799217385966140719,29555.17947799949498137148484
1735070399999,2024-12-24 19:59,19102.78224424911894738655226,23285.89544684634429096155246,29555.17947799949498137148484
1735084799999,2024-12-24 23:59,19102.78224424911894738655226,23544.20656910566611124768806,29555.17947799949498137148484
1735099199999,2024-12-25 03:59,19027.17264644873634249491114,23392.89331667410926892726146,29555.17947799949498137148484
1735113599999,2024-12-25 07:59,19032.47424729041173958454311,23405.98199652881813630034993,29527.37826275241454202650232
1735127999999,2024-12-25 11:59,19015.39313697608400624489385,23363.81186883649086114680036,29474.18199798025837738731547
1735142399999,2024-12-25 15:59,19074.58258651877795183792812,23509.93976095368446394093320,29658.51765132184546736071322
1735156799999,2024-12-25 19:59,19122.76964364929486095488568,23628.90476468689428600437031,29808.58819138245396848803446
1735171199999,2024-12-25 23:59,19162.50313633837275039163883,23726.99946869188464516078250,29932.33151710980772674899490
1735185599999,2024-12-26 03:59,19120.51271785798910850196122,23623.33282896023153207252682,29801.55937301198177267361044
1735199999999,2024-12-26 07:59,18997.25847243797757047539977,23319.04070904906191499294696,29417.70461456835287937008915
1735214399999,2024-12-26 11:59,18801.60862026473225997601525,22836.01711764879582275487551,28808.38583216396704109853398
1735228799999,2024-12-26 15:59,18835.15513993875742073989069,22918.83732033200104789941179,28912.86086393440751224680570
1735243199999,2024-12-26 19:59,18840.89362748607316048850418,22933.00459331238510361391065,28930.73242481898713817838403
1735257599999,2024-12-26 23:59,18810.86733210838014123792676,22858.87517860198748010525189,28837.22054358613113690425890
1735271999999,2024-12-27 03:59,18871.39740523674478432655256,23008.31282440349853030986307,29025.73134514178458045136376
1735286399999,2024-12-27 07:59,18744.47988412120913418153985,22694.97674885890200213748371,28630.46792647370617017282446
1735300799999,2024-12-27 11:59,18923.06409099625557302831871,23135.86839285447533916329445,29186.63860731532665970798970
1735315199999,2024-12-27 15:59,18693.15439528004135645017299,22568.26353300386178948873788,28470.62326510734896677165534
1735329599999,2024-12-27 19:59,18710.19007710949055858413169,22610.32150610126266231475143,28523.67805045191960969637626
1735343999999,2024-12-27 23:59,18666.60096258678583979632258,22502.70797913539105029575950,28387.92703458331806166936126
1735358399999,2024-12-28 03:59,18652.81981262525489967488124,22573.31287604352705172419006,28476.99284954928436991654666
1735372799999,2024-12-28 07:59,18652.81981262525489967488124,22522.50445827388963985403515,28433.52342335043048197668214
1735387199999,2024-12-28 11:59,18652.81981262525489967488124,22611.47407353422973304240899,28433.52342335043048197668214
1735401599999,2024-12-28 15:59,18652.81981262525489967488124,22538.08678816472809089255251,28433.52342335043048197668214
1735415999999,2024-12-28 19:59,18652.81981262525489967488124,22676.60248543478928039221822,28433.52342335043048197668214
1735430399999,2024-12-28 23:59,18652.81981262525489967488124,22741.56624484492496049521922,28433.52342335043048197668214
1735444799999,2024-12-29 03:59,18652.81981262525489967488124,22711.11746545639530731735069,28433.52342335043048197668214
1735459199999,2024-12-29 07:59,18652.81981262525489967488124,22734.89423958079260075499035,28433.52342335043048197668214
1735473599999,2024-12-29 11:59,18652.81981262525489967488124,22677.75028033180203612721467,28433.52342335043048197668214
1735487999999,2024-12-29 15:59,18652.81981262525489967488124,22553.31833666292438997047843,28433.52342335043048197668214
1735502399999,2024-12-29 19:59,18652.81981262525489967488124,22338.97658815070659707113009,28433.52342335043048197668214
1735516799999,2024-12-29 23:59,18652.81981262525489967488124,22368.87891217246718358930177,28433.52342335043048197668214
1735531199999,2024-12-30 03:59,18652.81981262525489967488124,22365.18258307585022177327368,28433.52342335043048197668214
1735545599999,2024-12-30 07:59,18652.81981262525489967488124,22367.31590664742902349278892,28433.52342335043048197668214
1735559999999,2024-12-30 11:59,18652.81981262525489967488124,22413.01055214201792072656670,28433.52342335043048197668214
1735574399999,2024-12-30 15:59,18652.81981262525489967488124,21985.16940771351893113255557,28433.52342335043048197668214
1735588799999,2024-12-30 19:59,18652.81981262525489967488124,22530.86832753382666449262678,28433.52342335043048197668214
1735603199999,2024-12-30 23:59,18652.81981262525489967488124,22143.10216751371066827393885,28433.52342335043048197668214
1735617599999,2024-12-31 03:59,18652.81981262525489967488124,22075.69964223092002692111170,28433.52342335043048197668214
1735631999999,2024-12-31 07:59,18652.81981262525489967488124,22159.49582851678266806484456,28433.52342335043048197668214
1735646399999,2024-12-31 11:59,18652.81981262525489967488124,22486.87509110695106214253397,28433.52342335043048197668214
1735660799999,2024-12-31 15:59,18652.81981262525489967488124,22768.29244618908891939742357,28433.52342335043048197668214
1735675199999,2024-12-31 19:59,18652.81981262525489967488124,22471.17344781725473628748892,28433.52342335043048197668214
1735689599999,2024-12-31 23:59,18652.81981262525489967488124,22330.17364558297259310771654,28433.52342335043048197668214
1735703999999,2025-01-01 03:59,18652.81981262525489967488124,22392.70341165640762695355250,28433.52342335043048197668214
1735718399999,2025-01-01 07:59,18652.81981262525489967488124,22355.96920241604512844100484,28433.52342335043048197668214
1735732799999,2025-01-01 11:59,18652.81981262525489967488124,22298.82762943503172130955972,28433.52342335043048197668214
1735747199999,2025-01-01 15:59,18652.81981262525489967488124,22534.66249361750708365820758,28433.52342335043048197668214
1735761599999,2025-01-01 19:59,18652.81981262525489967488124,22580.98711385806555992325160,28433.52342335043048197668214
1735775999999,2025-01-01 23:59,18652.81981262525489967488124,22572.56836043465391286905723,28433.52342335043048197668214
1735790399999,2025-01-02 03:59,18652.81981262525489967488124,22672.44322035060376428806267,28433.52342335043048197668214
1735804799999,2025-01-02 07:59,18652.81981262525489967488124,22866.12943325254626895013593,28433.52342335043048197668214
1735819199999,2025-01-02 11:59,18652.81981262525489967488124,23083.51605970361702716727112,28433.52342335043048197668214
1735833599999,2025-01-02 15:59,18652.81981262525489967488124,23017.18258247459294417053214,28433.52342335043048197668214
1735847999999,2025-01-02 19:59,18652.81981262525489967488124,23223.05307966790162509641392,28433.52342335043048197668214
1735862399999,2025-01-02 23:59,18652.81981262525489967488124,23143.60228736844278477061983,28433.52342335043048197668214
1735876799999,2025-01-03 03:59,18646.27998464750632569794690,23162.09825045939053882874357,28433.52342335043048197668214
1735891199999,2025-01-03 07:59,18573.48020559564155546883497,22981.14754975153759208283679,28169.09313793958315046238380
1735905599999,2025-01-03 11:59,18617.02566752673060001653455,23089.38389265944731064410331,28301.76339713168926033592244
1735919999999,2025-01-03 15:59,18690.35058806799758611423839,23271.63988195080540788282310,28525.16293825597799338877444
1735934399999,2025-01-03 19:59,18793.13815425508651515749433,23527.12804919314991000991337,28838.32652506893343145306934
1735948799999,2025-01-03 23:59,18753.02483277118745549135977,23427.42261430357824083037726,28716.11299184824976839812721
1735963199999,2025-01-04 03:59,18738.70819261217861305304175,23433.58395822059889635586759,28723.66523421418340691158629
1735977599999,2025-01-04 07:59,18738.70819261217861305304175,23450.73645244040697997988945,28678.95848637529401460144092
1735991999999,2025-01-04 11:59,18738.70819261217861305304175,23359.46408858210990283253104,28678.95848637529401460144092
1736006399999,2025-01-04 15:59,18738.70819261217861305304175,23304.23391625079965026185964,28678.95848637529401460144092
1736020799999,2025-01-04 19:59,18738.70819261217861305304175,23425.53269006566950373657853,28678.95848637529401460144092
1736035199999,2025-01-04 23:59,18738.70819261217861305304175,23438.47580757377176383350321,28678.95848637529401460144092
1736049599999,2025-01-05 03:59,18721.56185393549569581021011,23430.71089157610127077388062,28678.95848637529401460144092
1736063999999,2025-01-05 07:59,18729.25798277424313737938410,23449.99432309951099862108717,28659.52529822395305142328050
1736078399999,2025-01-05 11:59,18669.53084207467537960569553,23300.34191318005577374672613,28476.62959070803019937262708
1736092799999,2025-01-05 15:59,18706.42102281578194428605122,23392.77400327525139411073377,28589.59424342718814933885567
1736107199999,2025-01-05 19:59,18711.24479370654494286888332,23404.86045057955411302498957,28604.36553466308682021994378
1736121599999,2025-01-05 23:59,18738.29029138786530491335837,23472.62568859487269382006093,28687.18392133970092795560816
1736135999999,2025-01-06 03:59,18723.98419028535768146900777,23633.45060518337931651407561,28883.73395966835380509318250
1736150399999,2025-01-06 07:59,18723.98419028535768146900777,23700.53575682520801085493908,28838.68819226040647382277485
1736164799999,2025-01-06 11:59,18723.98419028535768146900777,23686.52597753131634989825678,28838.68819226040647382277485
1736179199999,2025-01-06 15:59,18723.98419028535768146900777,24375.67062426249266017691818,28838.68819226040647382277485
1736193599999,2025-01-06 19:59,18723.98419028535768146900777,24296.74958345396278403650707,28838.68819226040647382277485
1736207999999,2025-01-06 23:59,18723.98419028535768146900777,24396.58626308227811551422364,28838.68819226040647382277485
1736222399999,2025-01-07 03:59,18661.72405791558424614689486,24270.70585475126586908484115,28838.68819226040647382277485
1736236799999,2025-01-07 07:59,18657.76828584709769077976361,24260.38047321410538246253416,28783.19833451999540375342394
1736251199999,2025-01-07 11:59,18581.52802431452632844051929,24061.37765525905597597598668,28547.09845987568408130710174
1736265599999,2025-01-07 15:59,18318.36450510155202107227333,23374.46655535449908226272379,27732.13701236550412712042019
1736279999999,2025-01-07 19:59,18181.20791349283907246585631,23016.45954327751422278237429,27307.39221959451379096145590
1736294399999,2025-01-07 23:59,18227.15868110974217679174441,23136.40053061338146084500798,27449.69197376739010249235694
1736308799999,2025-01-08 03:59,18213.24213739620632133913997,23033.93179740626141091469039,27328.12155926890251334231771
1736323199999,2025-01-08 07:59,18213.24213739620632133913997,22826.77748804124199696297057,27286.75870702035527232457296
1736337599999,2025-01-08 11:59,18213.24213739620632133913997,22702.17373307800901107043445,27286.75870702035527232457296
1736351999999,2025-01-08 15:59,18213.24213739620632133913997,22787.80495943830576689236330,27286.75870702035527232457296
1736366399999,2025-01-08 19:59,18213.24213739620632133913997,22489.55009750934461552908496,27286.75870702035527232457296
1736380799999,2025-01-08 23:59,18213.24213739620632133913997,22684.44137573975165583808798,27286.75870702035527232457296
1736395199999,2025-01-09 03:59,18213.24213739620632133913997,22438.00909547071985228544998,27286.75870702035527232457296
1736409599999,2025-01-09 07:59,18213.24213739620632133913997,22245.60192220453376565655364,27286.75870702035527232457296
1736423999999,2025-01-09 11:59,18213.24213739620632133913997,22303.74095519999900625417032,27286.75870702035527232457296
1736438399999,2025-01-09 15:59,18213.24213739620632133913997,22489.58111899304766298138217,27286.75870702035527232457296
1736452799999,2025-01-09 19:59,18213.24213739620632133913997,21932.52356360147024708787411,27286.75870702035527232457296
1736467199999,2025-01-09 23:59,18213.24213739620632133913997,22085.93673185292568617918819,27286.75870702035527232457296
1736481599999,2025-01-10 03:59,18213.24213739620632133913997,22358.83988279256559652666126,27286.75870702035527232457296
1736495999999,2025-01-10 07:59,18213.24213739620632133913997,22548.90612717316017925528416,27286.75870702035527232457296
1736510399999,2025-01-10 11:59,18213.24213739620632133913997,22687.62465722127975594304696,27286.75870702035527232457296
1736524799999,2025-01-10 15:59,18213.24213739620632133913997,22367.14170908509652626065848,27286.75870702035527232457296
1736539199999,2025-01-10 19:59,18213.24213739620632133913997,22748.02348599111314556569824,27286.75870702035527232457296
1736553599999,2025-01-10 23:59,18213.24213739620632133913997,22604.62071190383340358105802,27286.75870702035527232457296
1736567999999,2025-01-11 03:59,18213.24213739620632133913997,22480.73522360172482408401864,27286.75870702035527232457296
1736582399999,2025-01-11 07:59,18213.24213739620632133913997,22490.13950569970251712273179,27286.75870702035527232457296
1736596799999,2025-01-11 11:59,18213.24213739620632133913997,22580.64826380530919544431294,27286.75870702035527232457296
1736611199999,2025-01-11 15:59,18213.24213739620632133913997,22529.25043784531388198051119,27286.75870702035527232457296
1736625599999,2025-01-11 19:59,18213.24213739620632133913997,22490.83152341307819105859244,27286.75870702035527232457296
1736639999999,2025-01-11 23:59,18213.24213739620632133913997,22574.52510017592305986011148,27286.75870702035527232457296
1736654399999,2025-01-12 03:59,18213.24213739620632133913997,22579.87272671273300913688290,27286.75870702035527232457296
1736668799999,2025-01-12 07:59,18213.24213739620632133913997,22508.63069625469595618819443,27286.75870702035527232457296
1736683199999,2025-01-12 11:59,18213.24213739620632133913997,22492.22510391173816891563595,27286.75870702035527232457296
1736697599999,2025-01-12 15:59,18213.24213739620632133913997,22687.13547228596246919528340,27286.75870702035527232457296
1736711999999,2025-01-12 19:59,18213.24213739620632133913997,22586.52086929709379391380623,27286.75870702035527232457296
1736726399999,2025-01-12 23:59,18213.24213739620632133913997,22561.41733017739693251637857,27286.75870702035527232457296
1736740799999,2025-01-13 03:59,18213.24213739620632133913997,22495.59690056346171123070870,27286.75870702035527232457296
1736755199999,2025-01-13 07:59,18213.24213739620632133913997,22333.57169118244486788242538,27286.75870702035527232457296
1736769599999,2025-01-13 11:59,18213.24213739620632133913997,21679.96811970305230795103465,27286.75870702035527232457296
1736783999999,2025-01-13 15:59,18213.24213739620632133913997,21983.62787860027518850301771,27286.75870702035527232457296
1736798399999,2025-01-13 19:59,18213.24213739620632133913997,22028.59232609385389185964598,27286.75870702035527232457296
1736812799999,2025-01-13 23:59,18213.24213739620632133913997,22559.27923406986381580420223,27286.75870702035527232457296
1736827199999,2025-01-14 03:59,18213.24213739620632133913997,22636.90453136679717143712254,27286.75870702035527232457296
1736841599999,2025-01-14 07:59,18213.24213739620632133913997,22637.52496104085812048306657,27286.75870702035527232457296
1736855999999,2025-01-14 11:59,18213.24213739620632133913997,23039.38203346608913253367563,27286.75870702035527232457296
1736870399999,2025-01-14 15:59,18213.24213739620632133913997,23021.15333238858301806457393,27286.75870702035527232457296
1736884799999,2025-01-14 19:59,18213.24213739620632133913997,23036.93849505747985629118838,27286.75870702035527232457296
1736899199999,2025-01-14 23:59,18213.24213739620632133913997,23042.44122901280504282944581,27286.75870702035527232457296
1736913599999,2025-01-15 03:59,18213.24213739620632133913997,23222.90513105331786032391958,27286.75870702035527232457296
1736927999999,2025-01-15 07:59,18213.24213739620632133913997,23219.14198645334048861063598,27286.75870702035527232457296
1736942399999,2025-01-15 11:59,18213.24213739620632133913997,23090.48157592893975895615813,27286.75870702035527232457296
1736956799999,2025-01-15 15:59,18213.24213739620632133913997,23622.67660526651322058162448,27286.75870702035527232457296
1736971199999,2025-01-15 19:59,18213.24213739620632133913997,23826.10117778323546776868845,27286.75870702035527232457296
1736985599999,2025-01-15 23:59,18213.24213739620632133913997,23981.79323195287631585568156,27286.75870702035527232457296
1736999999999,2025-01-16 03:59,18213.24213739620632133913997,23738.55616450525839988965532,27286.75870702035527232457296
1737014399999,2025-01-16 07:59,18213.24213739620632133913997,23815.38444829782115174817062,27286.75870702035527232457296
1737028799999,2025-01-16 11:59,18213.24213739620632133913997,23662.35785545866522706240628,27286.75870702035527232457296
1737043199999,2025-01-16 15:59,18213.24213739620632133913997,23695.15949507267217162220101,27286.75870702035527232457296
1737057599999,2025-01-16 19:59,18213.24213739620632133913997,23962.66729411595898276629158,27286.75870702035527232457296
1737071999999,2025-01-16 23:59,18213.24213739620632133913997,23860.08163377795821551577684,27286.75870702035527232457296
1737086399999,2025-01-17 03:59,18213.24213739620632133913997,24114.08315607053359742893199,27286.75870702035527232457296
1737100799999,2025-01-17 07:59,18213.24213739620632133913997,24206.85409621848558227187829,27286.75870702035527232457296
1737115199999,2025-01-17 11:59,18213.24213739620632133913997,24397.06351667770961478033443,27286.75870702035527232457296
1737129599999,2025-01-17 15:59,18213.24213739620632133913997,24817.61938497194676807716432,27286.75870702035527232457296
1737143999999,2025-01-17 19:59,18213.24213739620632133913997,25255.48285490450724225950209,27286.75870702035527232457296
1737158399999,2025-01-17 23:59,18213.24213739620632133913997,24836.10818925896304964629641,27286.75870702035527232457296
1737172799999,2025-01-18 03:59,18154.36860779063774328687502,24712.58064115342809459884012,27286.75870702035527232457296
1737187199999,2025-01-18 07:59,18089.89130394228911929075994,24536.45736056336476292964400,27051.67898802218467637500778
1737201599999,2025-01-18 11:59,18156.94308737172196829150264,24719.61297288211123628498264,27253.60388867277208810380297
1737215999999,2025-01-18 15:59,18242.52640638091038737136507,24953.38848780029967930036243,27511.33608167947007081265043
1737230399999,2025-01-18 19:59,18226.19457883819929593549352,24908.77720796734028540065615,27462.15315938665495157104966
1737244799999,2025-01-18 23:59,18241.41432205558964816848385,24950.35076866537818647156723,27507.98706536073491987418786
1737259199999,2025-01-19 03:59,18278.78489807174878534118848,25052.43054019222156450000453,27620.52769386258274928938968
1737273599999,2025-01-19 07:59,18294.78126577084388003400710,25096.12549312195247980877809,27668.70038656671420948906616
1737287999999,2025-01-19 11:59,18224.55397054051481186400025,24904.29579670623850729187581,27457.21250530449893156913865
1737302399999,2025-01-19 15:59,18274.62135220020232576465124,25041.05758701308893698858436,27607.98927141553504357633970
1737316799999,2025-01-19 19:59,18385.01297495680500398310047,25342.59833994659596079903550,27940.43109947285424886999481
1737331199999,2025-01-19 23:59,17959.71017119237088320674247,24180.86047914330897474315401,26659.64150665119117869408430
1737345599999,2025-01-20 03:59,18008.66284774670940792995713,24314.57739151130643912207570,26807.06136402483054867655775
1737359999999,2025-01-20 07:59,18465.44034605708297312156071,25562.29010126360086047148582,28182.63627416598203453343292
1737374399999,2025-01-20 11:59,18563.15525581704052441698603,25829.20371958057545502926845,28476.90247315718515556312071
1737388799999,2025-01-20 15:59,18276.51180819391330741039748,25046.22147091565775904790313,27613.68233607676274713551724
1737403199999,2025-01-20 19:59,18165.88344164142538149047079,24744.03403936034105373187186,27280.52755953367981371592078
1737417599999,2025-01-20 23:59,18040.81807150665109573801062,24402.41114321451956405710586,26903.89607939011211642434279
1737431999999,2025-01-21 03:59,18099.87298147655052237962158,24563.72285847036631600255355,27081.73857989796459359643225
1737446399999,2025-01-21 07:59,18017.14718629149732555633769,24337.75282610546004348441576,26832.61175403862142527855971
1737460799999,2025-01-21 11:59,18171.70332049082582498583191,24759.93135662416429428602234,27298.05399057485308594847196
1737475199999,2025-01-21 15:59,18187.84295749813191828766272,24804.01765750214903899300675,27346.65813549915152553063694
1737489599999,2025-01-21 19:59,18457.63828391298279887102480,25540.97834195960726074330840,28159.14054381042537072242802
1737503999999,2025-01-21 23:59,18380.10512755723555163291452,25329.19228645092514641398335,27925.65123012591467465767530
1737518399999,2025-01-22 03:59,18332.59824798514826287259728,25199.42464758512333846212846,27782.58535704725305393141203
1737532799999,2025-01-22 07:59,18287.58722459329769988025464,25076.47457633006049752666623,27647.03569734064667769154905
1737547199999,2025-01-22 11:59,18288.95177739467318663194393,25080.20192691038050679499152,27651.14501665711510327354319
1737561599999,2025-01-22 15:59,18208.54799331464946726447960,24860.57459482875885952346616,27409.01087373194163738649038
1737575999999,2025-01-22 19:59,18247.85882014505633559947740,24967.95426753286903690206380,27527.39452284958740099990537
1737590399999,2025-01-22 23:59,18167.19645243557861874257643,24747.62060013000877071669446,27284.48166128313694793470259
1737604799999,2025-01-23 03:59,18058.39826393615192505362865,24450.43239998683702021317375,26956.83842377206512309018789
1737619199999,2025-01-23 07:59,18080.15248535731221384400433,24509.85524515401299383662846,27022.35076027571219981414309
1737633599999,2025-01-23 11:59,18013.25445435620336335049422,24327.11961599924623983546732,26820.88888151993813181289654
1737647999999,2025-01-23 15:59,18303.20270559495379827106523,25119.12911642175074443531826,27694.06135853262690002070732
1737662399999,2025-01-23 19:59,18172.73328704192806498598664,24762.74476656923298245974546,27301.15571110885838285063015
1737676799999,2025-01-23 23:59,18184.98980164071044598867601,24796.22410628875265597741752,27338.06592238289936295010374
1737691199999,2025-01-24 03:59,18183.36579161653821175603171,24791.78803411921687029891771,27333.17525361893341982787128
1737705599999,2025-01-24 07:59,18284.27019067087598208501504,25067.41391682079348395955285,27637.04652612129289284210491
1737719999999,2025-01-24 11:59,18316.88143015573316546565612,25156.49330040808282197913217,27735.25452233369130960000580
1737734399999,2025-01-24 15:59,18355.30905411661979237558485,25261.46045618728677056753976,27850.97842636238087714210448
1737748799999,2025-01-24 19:59,18346.65698565002387637767783,25237.82685814151892690973334,27824.92292155424817101914037
1737763199999,2025-01-24 23:59,18268.86874003819363161620437,25025.34401238350682365188653,27590.66541245334260922459105
1737777599999,2025-01-25 03:59,18297.86330308406585011080596,25104.54424654536412686297246,27677.98187091274532693674562
1737791999999,2025-01-25 07:59,18226.54139539527104256828523,24909.72455635427181144388607,27463.19758945620550532012243
1737806399999,2025-01-25 11:59,18251.43967925698855083326384,24977.73557997123761436100448,27538.17819754754135520002956
1737820799999,2025-01-25 15:59,18271.25277627055835846982799,25031.85613769316963113796829,27597.84488262916996736368324
1737835199999,2025-01-25 19:59,18285.00051470541497499436987,25069.40883684969715089189596,27639.24588012165627554796093
1737849599999,2025-01-25 23:59,18258.06675835508998649159610,24995.83780884595438152458682,27558.13549353648468200221108
1737863999999,2025-01-26 03:59,18285.63474347225146883670434,25071.14126740111349322787813,27641.15584543776131842409905
1737878399999,2025-01-26 07:59,18280.03763092525227317852680,25055.85244847146541423801891,27624.30026998282328852407572
1737892799999,2025-01-26 11:59,18264.34265292940592555954481,25012.98075799385383516328647,27577.03520542477480324487810
1737907199999,2025-01-26 15:59,18277.29978938907379975996454,25048.37388463105382073806280,27616.05532328768113373920400
1737921599999,2025-01-26 19:59,18287.31291628367420254348739,25075.72528818523304367887229,27646.20962418740014399580887
1737935999999,2025-01-26 23:59,18072.26655825230804040770519,24488.31440412421227446071786,26998.60247252298462124265712
1737950399999,2025-01-27 03:59,17965.30728373937007886492000,24196.14929807295705373301323,26676.49708210612920859410763
1737964799999,2025-01-27 07:59,17760.22076340869657003004026,23635.94425521950890017950450,26058.88375216198034401017174
1737979199999,2025-01-27 11:59,17735.15824399854206335960865,23567.48461322283748795224194,25983.40855250118478605765584
1737993599999,2025-01-27 15:59,17940.53130294563756941251278,24128.47235197279330030217237,26601.88478688566760940656874
1738007999999,2025-01-27 19:59,17817.17904935599601702757035,23791.52892733017766093162268,26230.41231774055995217023435
1738022399999,2025-01-27 23:59,18025.33974465980674601558366,24360.13124719524304407235080,26857.28345477475516094305461
1738036799999,2025-01-28 03:59,18073.69226258767602656568018,24492.20879346293330847218192,27002.89594827489017217083537
1738051199999,2025-01-28 07:59,18087.09318446546089645743035,24528.81414423252930218287967,27043.25251569782592660604029
1738065599999,2025-01-28 11:59,18084.67245731270066996003532,24522.20179566782587985091464,27035.96255166073629325923763
1738079999999,2025-01-28 15:59,18086.06845947441515640638583,24526.01505189532355898713987,27040.16658000114381187641217
1738094399999,2025-01-28 19:59,18055.16509497463420644415229,24441.60082220337712629379354,26947.10180994988225300122482
1738108799999,2025-01-28 23:59,17960.05524056275712985649744,24181.80305499428618579372282,26660.68067510830067171898038
1738123199999,2025-01-29 03:59,18021.44089757111353386911162,24349.48133321318913794908847,26845.54216661252815494277302
1738137599999,2025-01-29 07:59,18084.13170303353842521016613,24520.72469578996538962230174,27034.33408261022799912655237
1738151999999,2025-01-29 11:59,18074.53790094345801835545946,24494.51870086482176492015816,27005.44256869636356267235287
1738166399999,2025-01-29 15:59,18016.42472459704308257064816,24335.77938248835079401904764,26830.43607729424281583149880
1738180799999,2025-01-29 19:59,18156.48008290006447278676812,24718.34825085421776322978904,27252.20956137589099619698038
1738195199999,2025-01-29 23:59,18169.51846354060809619839598,24753.96330041329339596330689,27291.47434421730665036552232
1738209599999,2025-01-30 03:59,18297.30420334470585553905107,25103.01703503998332921141793,27676.29815493160589520020513
1738223999999,2025-01-30 07:59,18291.71932110450515976213067,25087.76162386201545517018646,27659.47941076375529036941862
1738238399999,2025-01-30 11:59,18306.44461048989901679572526,25127.98455688498221331800401,27703.82428041701507373055383
1738252799999,2025-01-30 15:59,18329.45243835790554341495762,25190.83169659937919417580365,27773.11182384712322005128342
1738267199999,2025-01-30 19:59,18342.31784751658466850594881,25225.97426509897764263587182,27811.85570705687386252633315
1738281599999,2025-01-30 23:59,18255.97799667257475677118054,24990.13224211257080779823230,27551.84523586319658624897933
1738295999999,2025-01-31 03:59,18222.91423583617307778402534,24899.81677171311388667942603,27452.27448202856344192931599
1738310399999,2025-01-31 07:59,18209.29491562270071001268341,24862.61485394922851888608979,27411.26021305049509697202494
1738324799999,2025-01-31 11:59,18257.11890957820624569416787,24993.24870809073849800593577,27555.28106878720923913635727
1738339199999,2025-01-31 15:59,18320.71737852374837822280573,25166.97140309578138836659461,27746.80639244804012952992658
1738353599999,2025-01-31 19:59,18045.38783828257630137058854,24414.89371100303042736223362,26917.65782672970644050847297
1738367999999,2025-01-31 23:59,18055.62984663297720193192355,24442.87031676722491434164825,26948.50139885920440563222411
1738382399999,2025-02-01 03:59,18055.62984663297720193192355,24363.25331357974015765163215,26948.50139885920440563222411
1738396799999,2025-02-01 07:59,18034.80602066559963940837715,24343.54998924133224218524826,26886.33482559199622719788909
1738411199999,2025-02-01 11:59,18022.66958026841680730170629,24310.74764710213028569901207,26850.10320742843035049848392
1738425599999,2025-02-01 15:59,18026.64336537231717098102589,24321.48798399663365727367453,26861.96637816356653383382082
1738439999999,2025-02-01 19:59,17991.00535340124622972299307,24225.16565029923418757712871,26755.57415774412980888609771
1738454399999,2025-02-01 23:59,17899.86304842835845185625622,23978.82644594981624082419503,26483.48175797496262256019722
1738468799999,2025-02-02 03:59,17773.91574544251549219842467,23638.41637604082173611785128,26107.48398258332048884910542
1738483199999,2025-02-02 07:59,17812.38776786368396434133161,23742.39846641875100608337222,26222.33673847601871100692350
1738497599999,2025-02-02 11:59,17743.74565472244143556834648,23556.87272685021117810667175,26017.41546404277678635681594
1738511999999,2025-02-02 15:59,17786.25757446640834753874270,23671.77384207009008248361195,26144.32875930529069800572743
1738526399999,2025-02-02 19:59,17691.61044039567055947036994,23415.96179400005425521141076,25861.77319031631395867598941
1738540799999,2025-02-02 23:59,17641.13860949637527926034285,23279.54664990764530528895104,25711.09671143838750587399624
1738555199999,2025-02-03 03:59,17628.02461717033791584611743,22407.10870276618188025173435,24747.45093157018801726478039
1738569599999,2025-02-03 07:59,17628.02461717033791584611743,22715.46930242121468255737725,24709.77583224941529253284523
1738583999999,2025-02-03 11:59,17628.02461717033791584611743,22661.83432811574442947645415,24709.77583224941529253284523
1738598399999,2025-02-03 15:59,17628.02461717033791584611743,23551.48826336716379129239997,24709.77583224941529253284523
1738612799999,2025-02-03 19:59,17628.02461717033791584611743,24275.29357582282578871530487,24709.77583224941529253284523
1738627199999,2025-02-03 23:59,17628.02461717033791584611743,24143.90313681260574976244655,24709.77583224941529253284523
1738641599999,2025-02-04 03:59,17554.11790103253984270787111,23977.40885490007588898592436,24709.77583224941529253284523
1738655999999,2025-02-04 07:59,17364.63698620584419518844512,23457.62229332065894805847105,24137.83727396218488708116793
1738670399999,2025-02-04 11:59,17409.77167223548061945914261,23581.43636335915744273284077,24265.24960085919810139350541
1738684799999,2025-02-04 15:59,17442.73072781080914210093562,23671.85008226100048796062819,24358.29090307238226222207097
1738699199999,2025-02-04 19:59,17400.39785245565715257271947,23555.72197646865724543795791,24238.78790819834019610423012
1738713599999,2025-02-04 23:59,17305.15365970715713657784244,23294.44684221869767570331195,23969.91965433376859176409432
1738727999999,2025-02-05 03:59,17292.09574655361121949875071,23360.41128489796006452045471,24037.80114091777422724488419
1738742399999,2025-02-05 07:59,17292.09574655361121949875071,23318.58162765377290952126464,23999.40198938268520970384492
1738756799999,2025-02-05 11:59,17292.09574655361121949875071,23398.05487915997276879722198,23999.40198938268520970384492
1738771199999,2025-02-05 15:59,17292.09574655361121949875071,23378.57551038236416941957329,23999.40198938268520970384492
1738785599999,2025-02-05 19:59,17292.09574655361121949875071,23200.78338517929859701770741,23999.40198938268520970384492
1738799999999,2025-02-05 23:59,17292.09574655361121949875071,23020.29188071681148069523537,23999.40198938268520970384492
1738814399999,2025-02-06 03:59,17292.09574655361121949875071,23197.36925413009200175007403,23999.40198938268520970384492
1738828799999,2025-02-06 07:59,17292.09574655361121949875071,23397.48546023411067789075695,23999.40198938268520970384492
1738843199999,2025-02-06 11:59,17292.09574655361121949875071,23560.06290233861845728556994,23999.40198938268520970384492
1738857599999,2025-02-06 15:59,17292.09574655361121949875071,23191.98955565897651527811577,23999.40198938268520970384492
1738871999999,2025-02-06 19:59,17292.09574655361121949875071,22870.32980770200985757545294,23999.40198938268520970384492
1738886399999,2025-02-06 23:59,17292.09574655361121949875071,23006.45428606657288661678826,23999.40198938268520970384492
1738900799999,2025-02-07 03:59,17292.09574655361121949875071,23218.42345935119366426233937,23999.40198938268520970384492
1738915199999,2025-02-07 07:59,17292.09574655361121949875071,23054.74768199638285596426121,23999.40198938268520970384492
1738929599999,2025-02-07 11:59,17292.09574655361121949875071,23291.31861188540510097448946,23999.40198938268520970384492
1738943999999,2025-02-07 15:59,17292.09574655361121949875071,23418.53966545521234040302230,23999.40198938268520970384492
1738958399999,2025-02-07 19:59,17292.09574655361121949875071,23088.46252392054372800353549,23999.40198938268520970384492
1738972799999,2025-02-07 23:59,17292.09574655361121949875071,22995.12547019847982276640672,23999.40198938268520970384492
1738987199999,2025-02-08 03:59,17296.34617811116662555184959,23040.97203250125896633588980,23999.40198938268520970384492
1739001599999,2025-02-08 07:59,17252.57821549412863985863314,22924.39363308135114146459236,23842.16113083350646856581202
1739015999999,2025-02-08 11:59,17244.53502161187801004617473,22902.97013943552720242302962,23819.87779536715913538206203
1739030399999,2025-02-08 15:59,17219.82402581660933798223167,22837.15102962018777404644907,23751.41700515437983972655968
1739044799999,2025-02-08 19:59,17285.68035917745260087616520,23012.56303136326912546271429,23933.86924867193126384284002
1739059199999,2025-02-08 23:59,17273.58247247177647006950372,22980.33963817379306056757016,23900.35255470147444875051144
1739073599999,2025-02-09 03:59,17350.08405165030931763848924,23184.10584341764739892040546,24112.29701078408365892326515
1739087999999,2025-02-09 07:59,17328.42234944318481784219195,23126.40869644023210401721096,24052.28416214212042852837264
1739102399999,2025-02-09 11:59,17283.35649154999629123951407,23006.37328086373058079745851,23927.43106967487050187538200
1739116799999,2025-02-09 15:59,17277.46542450056316758016675,22990.68209657198275355905413,23911.11011244829537550214163
1739131199999,2025-02-09 19:59,17239.59210686617994728553803,22889.80441146768655661078811,23806.18365482144790727114094
1739145599999,2025-02-09 23:59,17275.19343690482066316250168,22984.63053141846931882089027,23904.81566492999886457167844
1739159999999,2025-02-10 03:59,17306.69982237129240847880756,23068.54953905713219747535696,23992.10280073195083484872758
1739174399999,2025-02-10 07:59,17361.69712840445299277807415,23215.03791837357847104858707,24144.47055886677799018712481
1739188799999,2025-02-10 11:59,17382.38921070851258124021832,23270.15242888390378041785652,24201.79711573321625292507949
1739203199999,2025-02-10 15:59,17342.81100789401707219753069,23164.73368740850655724481085,24092.14734433870219027145564
1739217599999,2025-02-10 19:59,17356.88212477142862219528238,23202.21288875886869971176186,24131.13079076008896721913925
1739231999999,2025-02-10 23:59,17361.78568225168862582427448,23215.27378646420753799310605,24144.71589363225490143992633
1739246399999,2025-02-11 03:59,17377.57152362557197935299623,23257.32025175129615856756104,24188.44991323969459628276660
1739260799999,2025-02-11 07:59,17436.75680049466421943317144,23414.96352400032113349672940,24352.42027109131870602133259
1739275199999,2025-02-11 11:59,17426.25109407261866258849573,23386.98099143023637326061348,24323.31464664155787102987979
1739289599999,2025-02-11 15:59,17323.92309841697033074736702,23114.42469143150274309872113,24039.81917355273796790623491
1739303999999,2025-02-11 19:59,17148.00417225859470620933238,22645.85486060211663152808212,23552.44307596577218003020137
1739318399999,2025-02-11 23:59,17213.96158223294934823680769,22821.53608551935035228506093,23735.17534805401947254614404
1739332799999,2025-02-12 03:59,17171.12209328692739387647957,22707.43072729209880507447770,23616.49031852891128436005217
1739347199999,2025-02-12 07:59,17240.02503678599859773362854,22890.95754435520643945065870,23807.38306923044614006261503
1739361599999,2025-02-12 11:59,17242.26750643266255780256018,22896.93048681184351854064956,23813.59573849358368057547771
1739375999999,2025-02-12 15:59,17217.35882982689817964558405,22830.58484317802910233842562,23744.58728178413370424452955
1739390399999,2025-02-12 19:59,17341.59182714874264955135845,23161.48633177691647395815049,24088.76965458774229090207716
1739404799999,2025-02-12 23:59,17401.06870557539869137962767,23319.90630097084120468442177,24253.54788247517925991754512
1739419199999,2025-02-13 03:59,17367.83238939626316514057996,23231.37952679403069501278623,24161.46804529512278092415118
1739433599999,2025-02-13 07:59,17240.08317820085027599628533,22891.11240724299320057584793,23807.54414761181986967304027
1739447999999,2025-02-13 11:59,17227.10243647273404603205085,22856.53748066512431674898422,23771.58154037342657572702383
1739462399999,2025-02-13 15:59,17233.62232528587070536290153,22873.90356665093511431058907,23789.64462224778219311763256
1739476799999,2025-02-13 19:59,17200.50497538635476695359770,22785.69366576759597740280227,23697.89437621730580701941642
1739491199999,2025-02-13 23:59,17288.19832968218297486660897,23019.26978565741885726898644,23940.84518164988586158664075
1739505599999,2025-02-14 03:59,17334.87604649172110499709491,23143.59847698456258891321576,24070.16386247460441528557417
1739519999999,2025-02-14 07:59,17318.24849632744653231206496,23099.31007358351485728025204,24024.09792353066195792873159
1739534399999,2025-02-14 11:59,17313.19198220196134433054501,23085.84176735799853973110233,24010.08906060903590427128734
1739548799999,2025-02-14 15:59,17316.48636421578797573615937,23094.61653683059302010143992,24019.21600951056584512045896
1739563199999,2025-02-14 19:59,17407.37123494532061505162300,23336.69343800692611065493457,24271.00877901609154968764103
1739577599999,2025-02-14 23:59,17368.01665295717771471146146,23231.87032302301643027107826,24161.97853985763029322796040
1739591999999,2025-02-15 03:59,17354.86529562444123854369489,23268.25357162904149400592085,24199.82204696467990677878848
1739606399999,2025-02-15 07:59,17354.86529562444123854369489,23195.12731601613289069156529,24161.44473392785857029101328
1739620799999,2025-02-15 11:59,17354.86529562444123854369489,23259.29534919706885045651295,24161.44473392785857029101328
1739635199999,2025-02-15 15:59,17354.86529562444123854369489,23263.49570721503900220587628,24161.44473392785857029101328
1739649599999,2025-02-15 19:59,17354.86529562444123854369489,23239.35615676803186804561008,24161.44473392785857029101328
1739663999999,2025-02-15 23:59,17354.86529562444123854369489,23248.35249929545971433352611,24161.44473392785857029101328
1739678399999,2025-02-16 03:59,17354.86529562444123854369489,23242.99424337803777940197866,24161.44473392785857029101328
1739692799999,2025-02-16 07:59,17354.86529562444123854369489,23171.95029797936962567862909,24161.44473392785857029101328
1739707199999,2025-02-16 11:59,17354.86529562444123854369489,23192.68286489506801508473218,24161.44473392785857029101328
1739721599999,2025-02-16 15:59,17354.86529562444123854369489,23091.42874384815169109369848,24161.44473392785857029101328
1739735999999,2025-02-16 19:59,17354.86529562444123854369489,23126.56117682205291497124343,24161.44473392785857029101328
1739750399999,2025-02-16 23:59,17354.86529562444123854369489,22902.52222831392857024555923,24161.44473392785857029101328
1739764799999,2025-02-17 03:59,17354.86529562444123854369489,22925.68256880893018406039813,24161.44473392785857029101328
1739779199999,2025-02-17 07:59,17354.86529562444123854369489,22890.63352354383721617333969,24161.44473392785857029101328
1739793599999,2025-02-17 11:59,17354.86529562444123854369489,22889.43274053699832991033395,24161.44473392785857029101328
1739807999999,2025-02-17 15:59,17354.86529562444123854369489,22793.24620967965801996972330,24161.44473392785857029101328
1739822399999,2025-02-17 19:59,17354.86529562444123854369489,22762.72630825583632745166072,24161.44473392785857029101328
1739836799999,2025-02-17 23:59,17354.86529562444123854369489,22821.96493659322138309327726,24161.44473392785857029101328
1739851199999,2025-02-18 03:59,17354.86529562444123854369489,22922.03018716312857167708900,24161.44473392785857029101328
1739865599999,2025-02-18 07:59,17354.86529562444123854369489,22744.99331635126920353191522,24161.44473392785857029101328
1739879999999,2025-02-18 11:59,17354.86529562444123854369489,22788.69085827276129271800310,24161.44473392785857029101328
1739894399999,2025-02-18 15:59,17354.86529562444123854369489,22766.32865727635298624067794,24161.44473392785857029101328
1739908799999,2025-02-18 19:59,17354.86529562444123854369489,22422.69029178349599961692789,24161.44473392785857029101328
1739923199999,2025-02-18 23:59,17354.86529562444123854369489,22796.17192700584483015022141,24161.44473392785857029101328
1739937599999,2025-02-19 03:59,17354.86529562444123854369489,22805.34933998668488944605100,24161.44473392785857029101328
1739951999999,2025-02-19 07:59,17354.86529562444123854369489,22799.97678903346725348756301,24161.44473392785857029101328
1739966399999,2025-02-19 11:59,17354.86529562444123854369489,22975.06476996517938162650922,24161.44473392785857029101328
1739980799999,2025-02-19 15:59,17354.86529562444123854369489,22860.97608927968948561402330,24161.44473392785857029101328
1739995199999,2025-02-19 19:59,17354.86529562444123854369489,22923.58834606485998361360836,24161.44473392785857029101328
1740009599999,2025-02-19 23:59,17354.86529562444123854369489,23027.90160477205632736991858,24161.44473392785857029101328
1740023999999,2025-02-20 03:59,17354.86529562444123854369489,23125.79400990101695985876754,24161.44473392785857029101328
1740038399999,2025-02-20 07:59,17354.86529562444123854369489,23081.16252564087240357923075,24161.44473392785857029101328
1740052799999,2025-02-20 11:59,17354.86529562444123854369489,23162.16772848317822290898311,24161.44473392785857029101328
1740067199999,2025-02-20 15:59,17354.86529562444123854369489,23089.70380952880376717620611,24161.44473392785857029101328
1740081599999,2025-02-20 19:59,17354.86529562444123854369489,23451.61361327453261640112883,24161.44473392785857029101328
1740095999999,2025-02-20 23:59,17354.86529562444123854369489,23423.54769299563960017452640,24161.44473392785857029101328
1740110399999,2025-02-21 03:59,17354.86529562444123854369489,23384.71046324468586014822366,24161.44473392785857029101328
1740124799999,2025-02-21 07:59,17354.86529562444123854369489,23393.70918827807965660729644,24161.44473392785857029101328
1740139199999,2025-02-21 11:59,17354.86529562444123854369489,23500.81236147140365078816960,24161.44473392785857029101328
1740153599999,2025-02-21 15:59,17354.86529562444123854369489,23375.66885310390496060832924,24161.44473392785857029101328
1740167999999,2025-02-21 19:59,17354.86529562444123854369489,22704.05709884431336271650919,24161.44473392785857029101328
1740182399999,2025-02-21 23:59,17354.86529562444123854369489,22917.73691141248636325261213,24161.44473392785857029101328
1740196799999,2025-02-22 03:59,17354.86529562444123854369489,22945.63367376779691732708478,24161.44473392785857029101328
1740211199999,2025-02-22 07:59,17354.86529562444123854369489,22943.01768221718362939696513,24161.44473392785857029101328
1740225599999,2025-02-22 11:59,17354.86529562444123854369489,23012.56541386923507563387105,24161.44473392785857029101328
1740239999999,2025-02-22 15:59,17354.86529562444123854369489,23015.42442102837528102197996,24161.44473392785857029101328
1740254399999,2025-02-22 19:59,17354.86529562444123854369489,23026.85806715897015240325883,24161.44473392785857029101328
1740268799999,2025-02-22 23:59,17354.86529562444123854369489,23005.65852907394552945043128,24161.44473392785857029101328
1740283199999,2025-02-23 03:59,17354.86529562444123854369489,22973.01581483446223443169784,24161.44473392785857029101328
1740297599999,2025-02-23 07:59,17354.86529562444123854369489,22995.61388392149960785354199,24161.44473392785857029101328
1740311999999,2025-02-23 11:59,17354.86529562444123854369489,22902.01475454318118378916990,24161.44473392785857029101328
1740326399999,2025-02-23 15:59,17354.86529562444123854369489,22740.04961647192259838164357,24161.44473392785857029101328
1740340799999,2025-02-23 19:59,17354.86529562444123854369489,22816.24453976897502214590269,24161.44473392785857029101328
1740355199999,2025-02-23 23:59,17354.86529562444123854369489,22935.84872176563956438628205,24161.44473392785857029101328
1740369599999,2025-02-24 03:59,17354.86529562444123854369489,22739.34201220003539754808662,24161.44473392785857029101328
1740383999999,2025-02-24 07:59,17354.86529562444123854369489,22843.88875649189485807775906,24161.44473392785857029101328
1740398399999,2025-02-24 11:59,17354.86529562444123854369489,22831.84042382208484253803678,24161.44473392785857029101328
1740412799999,2025-02-24 15:59,17354.86529562444123854369489,22475.06015542104671181361279,24161.44473392785857029101328
1740427199999,2025-02-24 19:59,17354.86529562444123854369489,22384.42009845243840032593342,24161.44473392785857029101328
1740441599999,2025-02-24 23:59,17354.86529562444123854369489,21814.85107471449263307803377,24161.44473392785857029101328
1740455999999,2025-02-25 03:59,17354.86529562444123854369489,21958.05159579792767045493864,24161.44473392785857029101328
1740470399999,2025-02-25 07:59,17354.86529562444123854369489,21282.86846509537676599913921,24161.44473392785857029101328
1740484799999,2025-02-25 11:59,17354.86529562444123854369489,21263.66070199788648613336087,24161.44473392785857029101328
1740499199999,2025-02-25 15:59,17354.86529562444123854369489,20785.22253145753476563143263,24161.44473392785857029101328
1740513599999,2025-02-25 19:59,17354.86529562444123854369489,20955.80757611360107028410731,24161.44473392785857029101328
1740527999999,2025-02-25 23:59,17354.86529562444123854369489,21130.48100100723786864177773,24161.44473392785857029101328
1740542399999,2025-02-26 03:59,17354.86529562444123854369489,21182.80083201950362724417072,24161.44473392785857029101328
1740556799999,2025-02-26 07:59,17354.86529562444123854369489,21139.92048964433244676485063,24161.44473392785857029101328
1740571199999,2025-02-26 11:59,17354.86529562444123854369489,21115.32826306379478008480052,24161.44473392785857029101328
1740585599999,2025-02-26 15:59,17354.86529562444123854369489,20865.33905957454117111971447,24161.44473392785857029101328
1740599999999,2025-02-26 19:59,17354.86529562444123854369489,19981.30069088486636272024589,24161.44473392785857029101328
1740614399999,2025-02-26 23:59,17354.86529562444123854369489,20074.95700040636759089238016,24161.44473392785857029101328
1740628799999,2025-02-27 03:59,17354.86529562444123854369489,20307.54438032032114972851000,24161.44473392785857029101328
1740643199999,2025-02-27 07:59,17354.86529562444123854369489,20556.68064667376459741947689,24161.44473392785857029101328
1740657599999,2025-02-27 11:59,17354.86529562444123854369489,20658.31596867523294879559177,24161.44473392785857029101328
1740671999999,2025-02-27 15:59,17354.86529562444123854369489,20372.94893409758524832381476,24161.44473392785857029101328
1740686399999,2025-02-27 19:59,17354.86529562444123854369489,20042.52871170381981127775489,24161.44473392785857029101328
1740700799999,2025-02-27 23:59,17354.86529562444123854369489,20184.19251643921698825855122,24161.44473392785857029101328
1740715199999,2025-02-28 03:59,17354.86529562444123854369489,19170.16462224730084154639768,24161.44473392785857029101328
1740729599999,2025-02-28 07:59,17354.86529562444123854369489,18872.86361528620873375042274,24161.44473392785857029101328
1740743999999,2025-02-28 11:59,17354.86529562444123854369489,19184.68361360380118457567741,24161.44473392785857029101328
1740758399999,2025-02-28 15:59,17354.86529562444123854369489,20016.57607421672459686719629,24161.44473392785857029101328
1740772799999,2025-02-28 19:59,17354.86529562444123854369489,20122.58329466571151231596104,24161.44473392785857029101328
1740787199999,2025-02-28 23:59,17354.86529562444123854369489,20098.74632247638004989260303,24161.44473392785857029101328
1740801599999,2025-03-01 03:59,17354.86529562444123854369489,20332.44633267643233865893858,24161.44473392785857029101328
1740815999999,2025-03-01 07:59,17354.86529562444123854369489,20191.71408777372167860043440,24161.44473392785857029101328
1740830399999,2025-03-01 11:59,17354.86529562444123854369489,20166.13550372328064106148672,24161.44473392785857029101328
1740844799999,2025-03-01 15:59,17354.86529562444123854369489,20205.97338597993345297362757,24161.44473392785857029101328
1740859199999,2025-03-01 19:59,17354.86529562444123854369489,20369.27272739212413422893806,24161.44473392785857029101328
1740873599999,2025-03-01 23:59,17354.86529562444123854369489,20507.24841289223044625907390,24161.44473392785857029101328
1740887999999,2025-03-02 03:59,17354.86529562444123854369489,20461.63295366814846929179629,24161.44473392785857029101328
1740902399999,2025-03-02 07:59,17354.86529562444123854369489,20547.24830555456786980987426,24161.44473392785857029101328
1740916799999,2025-03-02 11:59,17354.86529562444123854369489,20517.10245756740035416342260,24161.44473392785857029101328
1740931199999,2025-03-02 15:59,17354.86529562444123854369489,20832.09357132567248279832140,24161.44473392785857029101328
1740945599999,2025-03-02 19:59,17354.86529562444123854369489,22283.99508948167273589745131,24161.44473392785857029101328
1740959999999,2025-03-02 23:59,17354.86529562444123854369489,22462.20653573474553842290650,24161.44473392785857029101328
1740974399999,2025-03-03 03:59,17354.86529562444123854369489,22090.53084003458693762643510,24161.44473392785857029101328
1740988799999,2025-03-03 07:59,17354.86529562444123854369489,22008.00083337407300875635799,24161.44473392785857029101328
1741003199999,2025-03-03 11:59,17354.86529562444123854369489,22097.68074043840340126786413,24161.44473392785857029101328
1741017599999,2025-03-03 15:59,17354.86529562444123854369489,21453.30341187558820986893818,24161.44473392785857029101328
1741031999999,2025-03-03 19:59,17354.86529562444123854369489,20398.00336683551724820827581,24161.44473392785857029101328
1741046399999,2025-03-03 23:59,17354.86529562444123854369489,20544.43456600878071767374374,24161.44473392785857029101328
1741060799999,2025-03-04 03:59,17354.86529562444123854369489,20011.49418899135288178983271,24161.44473392785857029101328
1741075199999,2025-03-04 07:59,17354.86529562444123854369489,19821.53222331421383511924991,24161.44473392785857029101328
1741089599999,2025-03-04 11:59,17354.86529562444123854369489,20000.58707667923299823419723,24161.44473392785857029101328
1741103999999,2025-03-04 15:59,17354.86529562444123854369489,19773.56284819577308904909597,24161.44473392785857029101328
1741118399999,2025-03-04 19:59,17354.86529562444123854369489,21017.50018559591480221718400,24161.44473392785857029101328
1741132799999,2025-03-04 23:59,17354.86529562444123854369489,20797.30660171683403373850628,24161.44473392785857029101328
1741147199999,2025-03-05 03:59,17354.86529562444123854369489,20692.81465506219142714543925,24161.44473392785857029101328
1741161599999,2025-03-05 07:59,17354.86529562444123854369489,20877.71856057361826045022604,24161.44473392785857029101328
1741175999999,2025-03-05 11:59,17354.86529562444123854369489,21400.62382246246397542187481,24161.44473392785857029101328
1741190399999,2025-03-05 15:59,17354.86529562444123854369489,21050.39306296182286520737697,24161.44473392785857029101328
1741204799999,2025-03-05 19:59,17354.86529562444123854369489,21385.31383912526817556855161,24161.44473392785857029101328
1741219199999,2025-03-05 23:59,17354.86529562444123854369489,21589.25873231656877675814372,24161.44473392785857029101328
1741233599999,2025-03-06 03:59,17354.86529562444123854369489,21827.27107831499087531821021,24161.44473392785857029101328
1741247999999,2025-03-06 07:59,17354.86529562444123854369489,21765.67615157728110040256057,24161.44473392785857029101328
1741262399999,2025-03-06 11:59,17354.86529562444123854369489,21766.51479367729556064973918,24161.44473392785857029101328
1741276799999,2025-03-06 15:59,17354.86529562444123854369489,21640.40637039358705115141206,24161.44473392785857029101328
1741291199999,2025-03-06 19:59,17354.86529562444123854369489,21093.73799400035432906226476,24161.44473392785857029101328
1741305599999,2025-03-06 23:59,17354.86529562444123854369489,21428.64924013993583873881237,24161.44473392785857029101328
1741319999999,2025-03-07 03:59,17354.86529562444123854369489,20728.04000576876470769809774,24161.44473392785857029101328
1741334399999,2025-03-07 07:59,17354.86529562444123854369489,21055.37964794855657343847026,24161.44473392785857029101328
1741348799999,2025-03-07 11:59,17354.86529562444123854369489,21198.75409196750597330981842,24161.44473392785857029101328
1741363199999,2025-03-07 15:59,17354.86529562444123854369489,21077.49168581854011194433590,24161.44473392785857029101328
1741377599999,2025-03-07 19:59,17354.86529562444123854369489,20925.51401275654464402593668,24161.44473392785857029101328
1741391999999,2025-03-07 23:59,17354.86529562444123854369489,20682.89151771400896427754458,24161.44473392785857029101328
1741406399999,2025-03-08 03:59,17354.86529562444123854369489,20472.60439364134900746866422,24161.44473392785857029101328
1741420799999,2025-03-08 07:59,17354.86529562444123854369489,20538.84282450669566596883407,24161.44473392785857029101328
1741435199999,2025-03-08 11:59,17354.86529562444123854369489,20481.36248557218183664090450,24161.44473392785857029101328
1741449599999,2025-03-08 15:59,17354.86529562444123854369489,20587.17434053196083805481514,24161.44473392785857029101328
1741463999999,2025-03-08 19:59,17354.86529562444123854369489,20547.51038121082238863711758,24161.44473392785857029101328
1741478399999,2025-03-08 23:59,17354.86529562444123854369489,20544.87294710651554916658711,24161.44473392785857029101328
1741492799999,2025-03-09 03:59,17354.86529562444123854369489,20519.44207842596342223935838,24161.44473392785857029101328
1741507199999,2025-03-09 07:59,17354.86529562444123854369489,20492.97243714425702068778342,24161.44473392785857029101328
1741521599999,2025-03-09 11:59,17354.86529562444123854369489,20259.34390212318323705615059,24161.44473392785857029101328
1741535999999,2025-03-09 15:59,17354.86529562444123854369489,19796.28004258110797102877799,24161.44473392785857029101328
1741550399999,2025-03-09 19:59,17354.86529562444123854369489,19691.55699284776819783350549,24161.44473392785857029101328
1741564799999,2025-03-09 23:59,17354.86529562444123854369489,19237.33461294533401696885969,24161.44473392785857029101328
1741579199999,2025-03-10 03:59,17354.86529562444123854369489,19550.18623634618289190499033,24161.44473392785857029101328
1741593599999,2025-03-10 07:59,17354.86529562444123854369489,19614.81885819047913504550568,24161.44473392785857029101328
1741607999999,2025-03-10 11:59,17354.86529562444123854369489,19915.78415932720260608057354,24161.44473392785857029101328
1741622399999,2025-03-10 15:59,17354.86529562444123854369489,19072.81781098454279825244616,24161.44473392785857029101328
1741636799999,2025-03-10 19:59,17354.86529562444123854369489,18838.61509202567502337203479,24161.44473392785857029101328
1741651199999,2025-03-10 23:59,17354.86529562444123854369489,18727.83332962092396492512817,24161.44473392785857029101328
1741665599999,2025-03-11 03:59,17354.86529562444123854369489,18948.55582982444567140060605,24161.44473392785857029101328
1741679999999,2025-03-11 07:59,17354.86529562444123854369489,19163.61511334690382103647153,24161.44473392785857029101328
1741694399999,2025-03-11 11:59,17354.86529562444123854369489,19472.24255367012304251167126,24161.44473392785857029101328
1741708799999,2025-03-11 15:59,17354.86529562444123854369489,19355.95243747209518835034147,24161.44473392785857029101328
1741723199999,2025-03-11 19:59,17354.86529562444123854369489,19801.90275666075037495872551,24161.44473392785857029101328
1741737599999,2025-03-11 23:59,17354.86529562444123854369489,19761.15713963107054783586007,24161.44473392785857029101328
1741751999999,2025-03-12 03:59,17354.86529562444123854369489,19569.30108171100111509565513,24161.44473392785857029101328
1741766399999,2025-03-12 07:59,17354.86529562444123854369489,19645.55795016316824330998994,24161.44473392785857029101328
1741780799999,2025-03-12 11:59,17354.86529562444123854369489,19778.18252726375047092204861,24161.44473392785857029101328
1741795199999,2025-03-12 15:59,17354.86529562444123854369489,19476.68116228468821137671033,24161.44473392785857029101328
1741809599999,2025-03-12 19:59,17354.86529562444123854369489,19757.09258445315955584243191,24161.44473392785857029101328
1741823999999,2025-03-12 23:59,17354.86529562444123854369489,19939.16130786510568547067736,24161.44473392785857029101328
1741838399999,2025-03-13 03:59,17354.86529562444123854369489,19914.62626142775082289838943,24161.44473392785857029101328
1741852799999,2025-03-13 07:59,17354.86529562444123854369489,19813.33402028537929616884762,24161.44473392785857029101328
1741867199999,2025-03-13 11:59,17354.86529562444123854369489,19771.37094270709893158487914,24161.44473392785857029101328
1741881599999,2025-03-13 15:59,17354.86529562444123854369489,19311.27568559859757881882629,24161.44473392785857029101328
1741895999999,2025-03-13 19:59,17354.86529562444123854369489,19112.73669844403791598391677,24161.44473392785857029101328
1741910399999,2025-03-13 23:59,17354.86529562444123854369489,19328.20577299263949505874453,24161.44473392785857029101328
1741924799999,2025-03-14 03:59,17354.86529562444123854369489,19512.37110165462177530493652,24161.44473392785857029101328
1741939199999,2025-03-14 07:59,17354.86529562444123854369489,19579.57682994214420329474989,24161.44473392785857029101328
1741953599999,2025-03-14 11:59,17354.86529562444123854369489,19837.43545063693122759060570,24161.44473392785857029101328
1741967999999,2025-03-14 15:59,17354.86529562444123854369489,20188.00452598473726210936309,24161.44473392785857029101328
1741982399999,2025-03-14 19:59,17354.86529562444123854369489,20147.36373921755924251739499,24161.44473392785857029101328
1741996799999,2025-03-14 23:59,17354.86529562444123854369489,20011.37029868112347288968132,24161.44473392785857029101328
1742011199999,2025-03-15 03:59,17354.86529562444123854369489,20132.58981972270223117434221,24161.44473392785857029101328
1742025599999,2025-03-15 07:59,17354.86529562444123854369489,19974.22941317792625472698986,24161.44473392785857029101328
1742039999999,2025-03-15 11:59,17354.86529562444123854369489,20040.08902559468683601323529,24161.44473392785857029101328
1742054399999,2025-03-15 15:59,17354.86529562444123854369489,20097.81238013772758279915412,24161.44473392785857029101328
1742068799999,2025-03-15 19:59,17354.86529562444123854369489,20086.84332267049299479344294,24161.44473392785857029101328
1742083199999,2025-03-15 23:59,17354.86529562444123854369489,20096.00644061553735306233199,24161.44473392785857029101328
1742097599999,2025-03-16 03:59,17354.86529562444123854369489,20094.55311197630774865670996,24161.44473392785857029101328
1742111999999,2025-03-16 07:59,17354.86529562444123854369489,20080.64404214709064944356013,24161.44473392785857029101328
1742126399999,2025-03-16 11:59,17354.86529562444123854369489,19636.55922512977444685091716,24161.44473392785857029101328
1742140799999,2025-03-16 15:59,17354.86529562444123854369489,19853.56025101448198597953994,24161.44473392785857029101328
1742155199999,2025-03-16 19:59,17354.86529562444123854369489,19800.58284835561398013788190,24161.44473392785857029101328
1742169599999,2025-03-16 23:59,17354.86529562444123854369489,19675.75383077562071255073351,24161.44473392785857029101328
1742183999999,2025-03-17 03:59,17354.86529562444123854369489,19938.09632769832595896360680,24161.44473392785857029101328
1742198399999,2025-03-17 07:59,17354.86529562444123854369489,19912.41767839731501423607530,24161.44473392785857029101328
1742212799999,2025-03-17 11:59,17354.86529562444123854369489,19899.75704169425580470906636,24161.44473392785857029101328
1742227199999,2025-03-17 15:59,17354.86529562444123854369489,19903.64767393665243420805123,24161.44473392785857029101328
1742241599999,2025-03-17 19:59,17354.86529562444123854369489,20130.34073409084526960236320,24161.44473392785857029101328
1742255999999,2025-03-17 23:59,17354.86529562444123854369489,20017.76256218776778210326148,24161.44473392785857029101328
1742270399999,2025-03-18 03:59,17354.86529562444123854369489,19812.28810016632717103103111,24161.44473392785857029101328
1742284799999,2025-03-18 07:59,17354.86529562444123854369489,19816.15014233713239847613489,24161.44473392785857029101328
1742299199999,2025-03-18 11:59,17354.86529562444123854369489,19677.31913719524997500072314,24161.44473392785857029101328
1742313599999,2025-03-18 15:59,17354.86529562444123854369489,19446.00401546711380756230176,24161.44473392785857029101328
1742327999999,2025-03-18 19:59,17354.86529562444123854369489,19614.44718725979090834505152,24161.44473392785857029101328
1742342399999,2025-03-18 23:59,17354.86529562444123854369489,19709.22803959722061730317530,24161.44473392785857029101328
1742356799999,2025-03-19 03:59,17354.86529562444123854369489,19785.97808678433943094695890,24161.44473392785857029101328
1742371199999,2025-03-19 07:59,17354.86529562444123854369489,19822.38992546195589673568258,24161.44473392785857029101328
1742385599999,2025-03-19 11:59,17354.86529562444123854369489,19987.11638794775073051389076,24161.44473392785857029101328
1742399999999,2025-03-19 15:59,17354.86529562444123854369489,20190.02250853789705707913663,24161.44473392785857029101328
1742414399999,2025-03-19 19:59,17354.86529562444123854369489,20356.87654885128539370032919,24161.44473392785857029101328
1742428799999,2025-03-19 23:59,17354.86529562444123854369489,20693.41981157754277061925563,24161.44473392785857029101328
1742443199999,2025-03-20 03:59,17354.86529562444123854369489,20465.90955187702902651817586,24161.44473392785857029101328
1742457599999,2025-03-20 07:59,17354.86529562444123854369489,20448.12890985314289917529522,24161.44473392785857029101328
1742471999999,2025-03-20 11:59,17354.86529562444123854369489,20373.26580739105662108766350,24161.44473392785857029101328
1742486399999,2025-03-20 15:59,17354.86529562444123854369489,20180.18514140448880037288523,24161.44473392785857029101328
1742500799999,2025-03-20 19:59,17354.86529562444123854369489,20057.01673048276280208199677,24161.44473392785857029101328
1742515199999,2025-03-20 23:59,17354.86529562444123854369489,20068.59570947728063390383785,24161.44473392785857029101328
1742529599999,2025-03-21 03:59,17354.86529562444123854369489,20123.05264834100369603384225,24161.44473392785857029101328
1742543999999,2025-03-21 07:59,17354.86529562444123854369489,20000.59660670309679891882426,24161.44473392785857029101328
1742558399999,2025-03-21 11:59,17354.86529562444123854369489,20026.45632645751995665426932,24161.44473392785857029101328
1742572799999,2025-03-21 15:59,17354.86529562444123854369489,19911.84825947145292332961028,24161.44473392785857029101328
1742587199999,2025-03-21 19:59,17354.86529562444123854369489,20004.97565266851321350494440,24161.44473392785857029101328
1742601599999,2025-03-21 23:59,17354.86529562444123854369489,20036.52717917559133013388294,24161.44473392785857029101328
1742615999999,2025-03-22 03:59,17354.86529562444123854369489,20076.54136687372445471162385,24161.44473392785857029101328
1742630399999,2025-03-22 07:59,17354.86529562444123854369489,20080.82511260050286245147369,24161.44473392785857029101328
1742644799999,2025-03-22 11:59,17354.86529562444123854369489,20072.37436393927760535845512,24161.44473392785857029101328
1742659199999,2025-03-22 15:59,17354.86529562444123854369489,20041.36366628647017758210051,24161.44473392785857029101328
1742673599999,2025-03-22 19:59,17354.86529562444123854369489,20056.25432857365874731183440,24161.44473392785857029101328
1742687999999,2025-03-22 23:59,17354.86529562444123854369489,19977.39338110070808202316372,24161.44473392785857029101328
1742702399999,2025-03-23 03:59,17354.86529562444123854369489,20068.83396007387565101951359,24161.44473392785857029101328
1742716799999,2025-03-23 07:59,17354.86529562444123854369489,20082.04019064313744974141998,24161.44473392785857029101328
1742731199999,2025-03-23 11:59,17354.86529562444123854369489,20177.38093188256544892138175,24161.44473392785857029101328
1742745599999,2025-03-23 15:59,17354.86529562444123854369489,20298.75055079999906798891836,24161.44473392785857029101328
1742759999999,2025-03-23 19:59,17354.86529562444123854369489,20256.28952947483511763318758,24161.44473392785857029101328
1742774399999,2025-03-23 23:59,17354.86529562444123854369489,20511.52977611304290382776698,24161.44473392785857029101328
1742788799999,2025-03-24 03:59,17354.86529562444123854369489,20618.64009682426474852211042,24161.44473392785857029101328
1742803199999,2025-03-24 07:59,17354.86529562444123854369489,20700.22901362822835978526835,24161.44473392785857029101328
1742817599999,2025-03-24 11:59,17354.86529562444123854369489,20894.40324985316730906099826,24161.44473392785857029101328
1742831999999,2025-03-24 15:59,17354.86529562444123854369489,21051.76538639821016379366925,24161.44473392785857029101328
1742846399999,2025-03-24 19:59,17354.86529562444123854369489,21021.26692752808202281601749,24161.44473392785857029101328
1742860799999,2025-03-24 23:59,17354.86529562444123854369489,20848.81161568874483380528823,24161.44473392785857029101328
1742875199999,2025-03-25 03:59,17354.86529562444123854369489,20615.97407264836650699769886,24161.44473392785857029101328
1742889599999,2025-03-25 07:59,17354.86529562444123854369489,20595.94672749858936825399597,24161.44473392785857029101328
1742903999999,2025-03-25 11:59,17354.86529562444123854369489,20818.37986698566329762002568,24161.44473392785857029101328
1742918399999,2025-03-25 15:59,17354.86529562444123854369489,20914.61881297425451132608499,24161.44473392785857029101328
1742932799999,2025-03-25 19:59,17354.86529562444123854369489,20996.06716192622706249099423,24161.44473392785857029101328
1742947199999,2025-03-25 23:59,17354.86529562444123854369489,20823.72621037325548169578933,24161.44473392785857029101328
1742961599999,2025-03-26 03:59,17354.86529562444123854369489,20766.69854757227218488764367,24161.44473392785857029101328
1742975999999,2025-03-26 07:59,17354.86529562444123854369489,21001.83759137575837703266071,24161.44473392785857029101328
1742990399999,2025-03-26 11:59,17354.86529562444123854369489,20957.64448821334865224596728,24161.44473392785857029101328
1743004799999,2025-03-26 15:59,17354.86529562444123854369489,20671.16244084363627167282779,24161.44473392785857029101328
1743019199999,2025-03-26 19:59,17354.86529562444123854369489,20627.00745777668174962464249,24161.44473392785857029101328
1743033599999,2025-03-26 23:59,17354.86529562444123854369489,20708.48439680024570284343281,24161.44473392785857029101328
1743047999999,2025-03-27 03:59,17354.86529562444123854369489,20889.79548331501967804382941,24161.44473392785857029101328
1743062399999,2025-03-27 07:59,17354.86529562444123854369489,20825.42255462101200355940062,24161.44473392785857029101328
1743076799999,2025-03-27 11:59,17354.86529562444123854369489,20716.66830479328454076689456,24161.44473392785857029101328
1743091199999,2025-03-27 15:59,17354.86529562444123854369489,20723.94686051926231365078848,24161.44473392785857029101328
1743105599999,2025-03-27 19:59,17354.86529562444123854369489,20744.51741702927609141823207,24161.44473392785857029101328
1743119999999,2025-03-27 23:59,17354.86529562444123854369489,20785.40121940498102846818944,24161.44473392785857029101328
1743134399999,2025-03-28 03:59,17354.86529562444123854369489,20679.41544150968766455983550,24161.44473392785857029101328
1743148799999,2025-03-28 07:59,17354.86529562444123854369489,20304.36849986770957157655236,24161.44473392785857029101328
1743163199999,2025-03-28 11:59,17354.86529562444123854369489,20314.43935258578094505616598,24161.44473392785857029101328
1743177599999,2025-03-28 15:59,17354.86529562444123854369489,20027.56180922572083607100476,24161.44473392785857029101328
1743191999999,2025-03-28 19:59,17354.86529562444123854369489,19965.51420635448052863557121,24161.44473392785857029101328
1743206399999,2025-03-28 23:59,17354.86529562444123854369489,20116.48169688691312398350528,24161.44473392785857029101328
1743220799999,2025-03-29 03:59,17354.86529562444123854369489,20054.99398291767110676990972,24161.44473392785857029101328
1743235199999,2025-03-29 07:59,17354.86529562444123854369489,19951.47886370906807035111324,24161.44473392785857029101328
1743249599999,2025-03-29 11:59,17354.86529562444123854369489,19608.81256065031875355932022,24161.44473392785857029101328
1743263999999,2025-03-29 15:59,17354.86529562444123854369489,19637.56226014143946890791203,24161.44473392785857029101328
1743278399999,2025-03-29 19:59,17354.86529562444123854369489,19719.56096797154650961003224,24161.44473392785857029101328
1743292799999,2025-03-29 23:59,17354.86529562444123854369489,19693.38675742961792928189519,24161.44473392785857029101328
1743307199999,2025-03-30 03:59,17354.86529562444123854369489,19798.28134759250611480045423,24161.44473392785857029101328
1743321599999,2025-03-30 07:59,17354.86529562444123854369489,19795.36992530211500564689666,24161.44473392785857029101328
1743335999999,2025-03-30 11:59,17354.86529562444123854369489,19803.74919878436175760521251,24161.44473392785857029101328
1743350399999,2025-03-30 15:59,17354.86529562444123854369489,19712.69220327171216616510059,24161.44473392785857029101328
1743364799999,2025-03-30 19:59,17354.86529562444123854369489,19669.62602543119687233555342,24161.44473392785857029101328
1743379199999,2025-03-30 23:59,17354.86529562444123854369489,19631.78706567997625402393204,24161.44473392785857029101328
1743393599999,2025-03-31 03:59,17354.86529562444123854369489,19426.89393511422748471395048,24161.44473392785857029101328
1743407999999,2025-03-31 07:59,17354.86529562444123854369489,19523.03043334628284106026923,24161.44473392785857029101328
1743422399999,2025-03-31 11:59,17354.86529562444123854369489,19587.83459562012749652407111,24161.44473392785857029101328
1743436799999,2025-03-31 15:59,17354.86529562444123854369489,19876.89689695096391245997889,24161.44473392785857029101328
1743451199999,2025-03-31 19:59,17354.86529562444123854369489,19649.00781880186409114497469,24161.44473392785857029101328
1743465599999,2025-03-31 23:59,17354.86529562444123854369489,19669.91192614711089287436431,24161.44473392785857029101328
1743479999999,2025-04-01 03:59,17354.86529562444123854369489,19768.26891993943180873878098,24161.44473392785857029101328
1743494399999,2025-04-01 07:59,17354.86529562444123854369489,19883.26295289198276979083472,24161.44473392785857029101328
1743508799999,2025-04-01 11:59,17354.86529562444123854369489,19998.76684212124706747043456,24161.44473392785857029101328
1743523199999,2025-04-01 15:59,17354.86529562444123854369489,20320.54095036457933338862174,24161.44473392785857029101328
1743537599999,2025-04-01 19:59,17354.86529562444123854369489,20246.95487110024234704101199,24161.44473392785857029101328
1743551999999,2025-04-01 23:59,17354.86529562444123854369489,20291.34810476379188620487304,24161.44473392785857029101328
1743566399999,2025-04-02 03:59,17354.86529562444123854369489,20146.41073683117917405469202,24161.44473392785857029101328
1743580799999,2025-04-02 07:59,17354.86529562444123854369489,20116.94628555027340735907297,24161.44473392785857029101328
1743595199999,2025-04-02 11:59,17354.86529562444123854369489,20150.43955441960091348076882,24161.44473392785857029101328
1743609599999,2025-04-02 15:59,17354.86529562444123854369489,20672.38943141610060981855787,24161.44473392785857029101328
1743623999999,2025-04-02 19:59,17354.86529562444123854369489,20706.30440384140129623499977,24161.44473392785857029101328
1743638399999,2025-04-02 23:59,17354.86529562444123854369489,19661.87811602992691573377828,24161.44473392785857029101328
1743652799999,2025-04-03 03:59,17354.86529562444123854369489,19892.42845334299307823088053,24161.44473392785857029101328
1743667199999,2025-04-03 07:59,17354.86529562444123854369489,19885.94327210367671234218682,24161.44473392785857029101328
1743681599999,2025-04-03 11:59,17354.86529562444123854369489,19799.99675188799023803331957,24161.44473392785857029101328
1743695999999,2025-04-03 15:59,17354.86529562444123854369489,19548.23734646603565189876276,24161.44473392785857029101328
1743710399999,2025-04-03 19:59,17354.86529562444123854369489,19540.94449570426217798792829,24161.44473392785857029101328
1743724799999,2025-04-03 23:59,17354.86529562444123854369489,19827.89113173733484193663547,24161.44473392785857029101328
1743739199999,2025-04-04 03:59,17354.86529562444123854369489,19733.88459383883893860445786,24161.44473392785857029101328
1743753599999,2025-04-04 07:59,17354.86529562444123854369489,20013.66941693826538805595223,24161.44473392785857029101328
1743767999999,2025-04-04 11:59,17354.86529562444123854369489,19700.98933396696492544310813,24161.44473392785857029101328
1743782399999,2025-04-04 15:59,17354.86529562444123854369489,19743.76722858560024856268765,24161.44473392785857029101328
1743796799999,2025-04-04 19:59,17354.86529562444123854369489,20017.75303216390398141863445,24161.44473392785857029101328
1743811199999,2025-04-04 23:59,17354.86529562444123854369489,19989.13437050091052548366430,24161.44473392785857029101328
1743825599999,2025-04-05 03:59,17354.86529562444123854369489,19925.79306689015927511011147,24161.44473392785857029101328
1743839999999,2025-04-05 07:59,17354.86529562444123854369489,19902.28488052412893630638598,24161.44473392785857029101328
1743854399999,2025-04-05 11:59,17354.86529562444123854369489,19884.97597468150094285254331,24161.44473392785857029101328
1743868799999,2025-04-05 15:59,17354.86529562444123854369489,19686.17252936472081101923372,24161.44473392785857029101328
1743883199999,2025-04-05 19:59,17354.86529562444123854369489,19743.76722858560024856268765,24161.44473392785857029101328
1743897599999,2025-04-05 23:59,17354.86529562444123854369489,19905.29875057105590281968412,24161.44473392785857029101328
1743911999999,2025-04-06 03:59,17354.86529562444123854369489,19859.11387242111183494594149,24161.44473392785857029101328
1743926399999,2025-04-06 07:59,17354.86529562444123854369489,19783.06904699991427196455808,24161.44473392785857029101328
1743940799999,2025-04-06 11:59,17354.86529562444123854369489,19742.81184369325422992882792,24161.44473392785857029101328
1743955199999,2025-04-06 15:59,17354.86529562444123854369489,19669.51881266272911463349934,24161.44473392785857029101328
1743969599999,2025-04-06 19:59,17354.86529562444123854369489,18970.48917974698294706971488,24161.44473392785857029101328
1743983999999,2025-04-06 23:59,17354.86529562444123854369489,18688.31708566967442611914957,24161.44473392785857029101328
1743998399999,2025-04-07 03:59,17354.86529562444123854369489,18516.24535729085521466465825,24161.44473392785857029101328
1744012799999,2025-04-07 07:59,17354.86529562444123854369489,17901.13949702570382609765399,24161.44473392785857029101328
1744027199999,2025-04-07 11:59,17354.86529562444123854369489,18272.71750998125846987669833,24161.44473392785857029101328
1744041599999,2025-04-07 15:59,17354.86529562444123854369489,18700.20579043976578019136910,24161.44473392785857029101328
1744055999999,2025-04-07 19:59,17354.86529562444123854369489,18616.94673695367109894732422,24161.44473392785857029101328
1744070399999,2025-04-07 23:59,17354.86529562444123854369489,18863.01195311700477601723080,24161.44473392785857029101328
1744084799999,2025-04-08 03:59,17354.86529562444123854369489,19039.49846505072965462519361,24161.44473392785857029101328
1744099199999,2025-04-08 07:59,17354.86529562444123854369489,18942.29222163996267142949078,24161.44473392785857029101328
1744113599999,2025-04-08 11:59,17354.86529562444123854369489,19058.08201158514098964790151,24161.44473392785857029101328
1744127999999,2025-04-08 15:59,17354.86529562444123854369489,18704.51574373216963981394328,24161.44473392785857029101328
1744142399999,2025-04-08 19:59,17354.86529562444123854369489,18312.84605796575720266996360,24161.44473392785857029101328
1744156799999,2025-04-08 23:59,17354.86529562444123854369489,18186.18489329794825346326876,24161.44473392785857029101328
1744171199999,2025-04-09 03:59,17354.86529562444123854369489,17888.58845559707832444385589,24161.44473392785857029101328
1744185599999,2025-04-09 07:59,17354.86529562444123854369489,18512.99323664733323103568437,24161.44473392785857029101328
1744199999999,2025-04-09 11:59,17354.86529562444123854369489,18164.16815566660272180367342,24161.44473392785857029101328
1744214399999,2025-04-09 15:59,17354.86529562444123854369489,18409.08738646031436654717967,24161.44473392785857029101328
1744228799999,2025-04-09 19:59,17354.86529562444123854369489,19617.98997363115881285514981,24161.44473392785857029101328
1744243199999,2025-04-09 23:59,17354.86529562444123854369489,19685.44824755107195898757946,24161.44473392785857029101328
1744257599999,2025-04-10 03:59,17354.86529562444123854369489,19485.31298139932568147764247,24161.44473392785857029101328
1744271999999,2025-04-10 07:59,17354.86529562444123854369489,19442.57320687614556109657108,24161.44473392785857029101328
1744286399999,2025-04-10 11:59,17354.86529562444123854369489,19510.76052762163945960296850,24161.44473392785857029101328
1744300799999,2025-04-10 15:59,17354.86529562444123854369489,18766.22503075624502294511727,24161.44473392785857029101328
1744315199999,2025-04-10 19:59,17354.86529562444123854369489,18978.82556812184259594720910,24161.44473392785857029101328
1744329599999,2025-04-10 23:59,17354.86529562444123854369489,18968.80951304098807640420089,24161.44473392785857029101328
1744343999999,2025-04-11 03:59,17354.86529562444123854369489,19263.21339274748477607355881,24161.44473392785857029101328
1744358399999,2025-04-11 07:59,17354.86529562444123854369489,19364.17684806655517918346810,24161.44473392785857029101328
1744372799999,2025-04-11 11:59,17354.86529562444123854369489,19569.76567037436139847122282,24161.44473392785857029101328
1744387199999,2025-04-11 15:59,17354.86529562444123854369489,19663.17658178136975901421108,24161.44473392785857029101328
1744401599999,2025-04-11 19:59,17354.86529562444123854369489,19981.60803415447393479946760,24161.44473392785857029101328
1744415999999,2025-04-11 23:59,17354.86529562444123854369489,19878.10244496973469906529815,24161.44473392785857029101328
1744430399999,2025-04-12 03:59,17354.86529562444123854369489,19770.72051857839453485908437,24161.44473392785857029101328
1744444799999,2025-04-12 07:59,17354.86529562444123854369489,19949.83493459256245225295062,24161.44473392785857029101328
1744459199999,2025-04-12 11:59,17354.86529562444123854369489,19902.99010229005018696878618,24161.44473392785857029101328
1744473599999,2025-04-12 15:59,17354.86529562444123854369489,20255.62481031033501988045225,24161.44473392785857029101328
1744487999999,2025-04-12 19:59,17354.86529562444123854369489,20240.13852153165890736152901,24161.44473392785857029101328
1744502399999,2025-04-12 23:59,17354.86529562444123854369489,20319.59509549609711543938904,24161.44473392785857029101328
1744516799999,2025-04-13 03:59,17354.86529562444123854369489,20356.62162071292872538655614,24161.44473392785857029101328
1744531199999,2025-04-13 07:59,17354.86529562444123854369489,20113.79423015732133091868290,24161.44473392785857029101328
1744545599999,2025-04-13 11:59,17354.86529562444123854369489,20141.32646909984150880617168,24161.44473392785857029101328
1744559999999,2025-04-13 15:59,17354.86529562444123854369489,19979.55431401182488726234270,24161.44473392785857029101328
1744574399999,2025-04-13 19:59,17354.86529562444123854369489,20010.92000505355889054105417,24161.44473392785857029101328
1744588799999,2025-04-13 23:59,17354.86529562444123854369489,19958.19276552111565267085565,24161.44473392785857029101328
1744603199999,2025-04-14 03:59,17354.86529562444123854369489,20150.22989389459729841897416,24161.44473392785857029101328
1744617599999,2025-04-14 07:59,17354.86529562444123854369489,20153.73932518244190053287785,24161.44473392785857029101328
1744631999999,2025-04-14 11:59,17354.86529562444123854369489,20236.36224957562788607806850,24161.44473392785857029101328
1744646399999,2025-04-14 15:59,17354.86529562444123854369489,20039.47433905547169185479187,24161.44473392785857029101328
1744660799999,2025-04-14 19:59,17354.86529562444123854369489,20235.29488690288220939984117,24161.44473392785857029101328
1744675199999,2025-04-14 23:59,17354.86529562444123854369489,20156.31719663759998572448938,24161.44473392785857029101328
1744689599999,2025-04-15 03:59,17354.86529562444123854369489,20344.14920198117957938093104,24161.44473392785857029101328
1744703999999,2025-04-15 07:59,17354.86529562444123854369489,20424.39438542034729411167778,24161.44473392785857029101328
1744718399999,2025-04-15 11:59,17354.86529562444123854369489,20394.00790433061881117839361,24161.44473392785857029101328
1744732799999,2025-04-15 15:59,17354.86529562444123854369489,20234.12031146166877501955976,24161.44473392785857029101328
1744747199999,2025-04-15 19:59,17354.86529562444123854369489,20015.02029782095913510183369,24161.44473392785857029101328
1744761599999,2025-04-15 23:59,17354.86529562444123854369489,19930.55331381012771708131280,24161.44473392785857029101328
1744775999999,2025-04-16 03:59,17354.86529562444123854369489,19942.86372213619225144827840,24161.44473392785857029101328
1744790399999,2025-04-16 07:59,17354.86529562444123854369489,19863.64778127431501065725086,24161.44473392785857029101328
1744804799999,2025-04-16 11:59,17354.86529562444123854369489,20026.83514490610603386819375,24161.44473392785857029101328
1744819199999,2025-04-16 15:59,17354.86529562444123854369489,20217.07109876932935022180365,24161.44473392785857029101328
1744833599999,2025-04-16 19:59,17354.86529562444123854369489,20094.95099047262142723988845,24161.44473392785857029101328
1744847999999,2025-04-16 23:59,17354.86529562444123854369489,20022.61096182847638040726284,24161.44473392785857029101328
1744862399999,2025-04-17 03:59,17354.86529562444123854369489,20013.99820276156651167558476,24161.44473392785857029101328
1744876799999,2025-04-17 07:59,17354.86529562444123854369489,20174.99604341064932759346757,24161.44473392785857029101328
1744891199999,2025-04-17 11:59,17354.86529562444123854369489,20149.26974399031937944280092,24161.44473392785857029101328
1744905599999,2025-04-17 15:59,17354.86529562444123854369489,20142.05313341945631100898269,24161.44473392785857029101328
1744919999999,2025-04-17 19:59,17354.86529562444123854369489,20217.66196024888499266867949,24161.44473392785857029101328
1744934399999,2025-04-17 23:59,17354.86529562444123854369489,20241.21303172230243455322661,24161.44473392785857029101328
1744948799999,2025-04-18 03:59,17354.86529562444123854369489,20212.64440268459393221254836,24161.44473392785857029101328
1744963199999,2025-04-18 07:59,17354.86529562444123854369489,20171.35080928274556572362871,24161.44473392785857029101328
1744977599999,2025-04-18 11:59,17354.86529562444123854369489,20174.78876539161166270282967,24161.44473392785857029101328
1744991999999,2025-04-18 15:59,17354.86529562444123854369489,20104.61919968244722179401007,24161.44473392785857029101328
1745006399999,2025-04-18 19:59,17354.86529562444123854369489,20149.46749198549324364881179,24161.44473392785857029101328
1745020799999,2025-04-18 23:59,17354.86529562444123854369489,20128.46808440160843507315187,24161.44473392785857029101328
1745035199999,2025-04-19 03:59,17354.86529562444123854369489,20225.91734342090233572684396,24161.44473392785857029101328
1745049599999,2025-04-19 07:59,17354.86529562444123854369489,20305.41680249272764688552562,24161.44473392785857029101328
1745063999999,2025-04-19 11:59,17354.86529562444123854369489,20305.41918499869359705668238,24161.44473392785857029101328
1745078399999,2025-04-19 15:59,17354.86529562444123854369489,20299.17463686193819845482118,24161.44473392785857029101328
1745092799999,2025-04-19 19:59,17354.86529562444123854369489,20274.00584383764059035483577,24161.44473392785857029101328
1745107199999,2025-04-19 23:59,17354.86529562444123854369489,20271.97118374271914418696493,24161.44473392785857029101328
1745121599999,2025-04-20 03:59,17354.86529562444123854369489,20293.84258851014171540599807,24161.44473392785857029101328
1745135999999,2025-04-20 07:59,17354.86529562444123854369489,20202.16375894037912929397246,24161.44473392785857029101328
1745150399999,2025-04-20 11:59,17354.86529562444123854369489,20046.30498365985083256121540,24161.44473392785857029101328
1745164799999,2025-04-20 15:59,17354.86529562444123854369489,20097.48835932635835952183511,24161.44473392785857029101328
1745179199999,2025-04-20 19:59,17354.86529562444123854369489,20170.61937995119886317850418,24161.44473392785857029101328
1745193599999,2025-04-20 23:59,17354.86529562444123854369489,20296.32754223262774392249606,24161.44473392785857029101328
1745207999999,2025-04-21 03:59,17354.86529562444123854369489,20779.09949112504282575856605,24161.44473392785857029101328
1745222399999,2025-04-21 07:59,17354.86529562444123854369489,20833.71129287655264901375969,24161.44473392785857029101328
1745236799999,2025-04-21 11:59,17354.86529562444123854369489,20723.43462173658302685208564,24161.44473392785857029101328
1745251199999,2025-04-21 15:59,17354.86529562444123854369489,20979.04892181144498991827596,24161.44473392785857029101328
1745265599999,2025-04-21 19:59,17354.86529562444123854369489,20829.02252113556271217726108,24161.44473392785857029101328
1745279999999,2025-04-21 23:59,17354.86529562444123854369489,20853.11680396921679308554889,24161.44473392785857029101328
1745294399999,2025-04-22 03:59,17354.86529562444123854369489,21005.91167657753316971071590,24161.44473392785857029101328
1745308799999,2025-04-22 07:59,17354.86529562444123854369489,21081.98032705839023440366688,24161.44473392785857029101328
1745323199999,2025-04-22 11:59,17354.86529562444123854369489,21114.68498645298823387247602,24161.44473392785857029101328
1745337599999,2025-04-22 15:59,17354.86529562444123854369489,21667.54787835769140096919262,24161.44473392785857029101328
1745351999999,2025-04-22 19:59,17354.86529562444123854369489,21781.95104983068671957437052,24161.44473392785857029101328
1745366399999,2025-04-22 23:59,17354.86529562444123854369489,22265.17090984470043358791091,24161.44473392785857029101328
1745380799999,2025-04-23 03:59,17316.44559481322014099304627,22199.87118632993814252350348,24161.44473392785857029101328
1745395199999,2025-04-23 07:59,17405.90542250406940161929114,22429.76156949043610761018392,24375.06611568814634867808285
1745409599999,2025-04-23 11:59,17343.99066617422926654056609,22270.65543857831772759076650,24202.14907349946946076498504
1745423999999,2025-04-23 15:59,17318.89044009019695230468578,22206.15385456214874386387281,24132.04854965026011399762161
1745438399999,2025-04-23 19:59,17346.94543367431462780343871,22278.24848509180092306735241,24210.40122026958840540161885
1745452799999,2025-04-23 23:59,17364.85761067514587336311838,22324.27850035395822981590580,24260.42678525192226494970962
1745467199999,2025-04-24 03:59,17270.55630325870961665443836,22081.94667103926847094863811,23997.05979296164670303382160
1745481599999,2025-04-24 07:59,17226.94404621320745355260960,21969.87359040097241973476896,23875.25841735248600152542668
1745495999999,2025-04-24 11:59,17265.54886702778365613332915,22069.07875631717159653099127,23983.07490287522925088996869
1745510399999,2025-04-24 15:59,17319.56075603075600978603404,22207.87640637553071761020842,24133.92062436466111712667283
1745524799999,2025-04-24 19:59,17352.34504645137680037795085,22292.12419983749471988430763,24225.48139058310353987408679
1745539199999,2025-04-24 23:59,17391.68786379248828616081869,22393.22584050259023292130885,24335.35897081215826709578616
1745553599999,2025-04-25 03:59,17329.69615556352449718036210,22233.92196159529798869588056,24162.22701548199412709456767
1745567999999,2025-04-25 07:59,17372.38406268822807064331919,22343.61968378554171926646256,24281.44684407835012580951298
1745582399999,2025-04-25 11:59,17452.43350753443772762408018,22549.32763139164544711205516,24505.01088683920352991105051
1745596799999,2025-04-25 15:59,17491.88758063331835157812615,22650.71517277265498068786726,24615.19918486317958545292436
1745611199999,2025-04-25 19:59,17513.19120398347882572255263,22705.46039485825801352783931,24674.69646396069860329433377
1745625599999,2025-04-25 23:59,17452.71257406017531587011866,22550.04476568739644863023914,24505.79027064146452844748816
1745639999999,2025-04-26 03:59,17462.10534140983480597183268,22574.18193362843763261934859,24532.02262047769767187821837
1745654399999,2025-04-26 07:59,17446.37377726127866856724445,22533.75557239819512843148865,24488.08712427582184740554734
1745668799999,2025-04-26 11:59,17406.85480497036604734667789,22432.20125559956908287470352,24377.71757420480835034357172
1745683199999,2025-04-26 15:59,17428.10280044164195240551529,22486.80352732721510544527012,24437.05949440486670402489388
1745697599999,2025-04-26 19:59,17422.00783917852266626113982,22471.14093310705868026074683,24420.03733787309326755133546
1745711999999,2025-04-26 23:59,17451.72239781602998614663327,22547.50024931576166583482222,24503.02488226666470639793532
1745726399999,2025-04-27 03:59,17407.98126951777857132985650,22435.09600034819854083016379,24380.86359187838679958533830
1745740799999,2025-04-27 07:59,17399.61576366485412367535393,22413.59864901743014648274157,24357.50020301526058764421909
1745755199999,2025-04-27 11:59,17386.08242786355320796962701,22378.82120943245549810755347,24319.70397257803867523099544
1745769599999,2025-04-27 15:59,17384.32736828474505331929194,22374.31112563891182410781167,24314.80239936315472098024307
1745783999999,2025-04-27 19:59,17433.68969374428217423484395,22501.16050827803083683589035,24452.66270633983274116965553
1745798399999,2025-04-27 23:59,17370.25536918957856030144421,22338.14945008772012629054752,24275.50177693552204395017466
1745812799999,2025-04-28 03:59,17379.58509160983553877282395,22362.12460762307669864099746,24301.55805335463310133280599
1745827199999,2025-04-28 07:59,17457.70146766480642002936485,22562.86503029017431962475083,24519.72337442872842587131199
1745841599999,2025-04-28 11:59,17515.87895766491825537459773,22712.36727965354755971127908,24682.20288802300635996254884
1745855999999,2025-04-28 15:59,17378.06274199102783146386981,22358.21253282698651760160177,24297.30639819412625881841857
1745870399999,2025-04-28 19:59,17466.48232834673565018959912,22585.42974429368839065040038,24544.24677639289426354108258
1745884799999,2025-04-28 23:59,17487.24821553434528983999794,22638.79311291904032421945312,24602.24225281496019450164868
1745899199999,2025-04-29 03:59,17454.57425374017889460116612,22554.82883766702439231300805,24510.98961507648142233840774
1745913599999,2025-04-29 07:59,17478.57304782229674094238290,22616.50000459564457270567392,24578.01403275596961873604385
1745927999999,2025-04-29 11:59,17498.24028440193614115239764,22667.04010365134555345396912,24632.94117095318743253488699
1745942399999,2025-04-29 15:59,17471.66499239614800333031389,22598.74795264334984741667437,24558.72104700631280778921029
1745956799999,2025-04-29 19:59,17514.09886554061204463574757,22707.79286819892323109030483,24677.23140330426510683975721
1745971199999,2025-04-29 23:59,17417.30913767540606416504994,22459.06639287162321283830021,24406.91468966758250149596672
1745985599999,2025-04-30 03:59,17489.25638196207823382976327,22643.95362084128839494498970,24607.85070901329017068079798
1745999999999,2025-04-30 07:59,17451.07247876439527066333433,22545.83011263363059585393526,24501.20977248133261346091608
1746014399999,2025-04-30 11:59,17502.59038453070944364546270,22678.21882164358375652147495,24645.09023673461136985370903
1746028799999,2025-04-30 15:59,17393.92781304890693467387180,22398.98197491632584643603478,24341.61475574990767727529896
1746043199999,2025-04-30 19:59,17407.59187436558658773073303,22434.09534784249946894432567,24379.77607959616215046472763
1746057599999,2025-04-30 23:59,17409.44520986375748109894212,22438.85797726843386108668376,24384.95212019655994473163412
1746071999999,2025-05-01 03:59,17466.05584794195395386674961,22584.33379154935131191829196,24543.05569151236250498041375
1746086399999,2025-05-01 07:59,17488.60739004175826116455749,22642.28586666512327513525950,24606.03818854291575547978020
1746100799999,2025-05-01 11:59,17595.61410499543009702178048,22917.26755773719417953473091,24904.88915301320701155959347
1746115199999,2025-05-01 15:59,17658.12964241722357822486746,23077.91755251524827046372714,25079.48407129445907240163346
1746129599999,2025-05-01 19:59,17627.43788737397732806919273,22999.04707501843380449042944,24993.76738893549529980950112
1746143999999,2025-05-01 23:59,17624.34590443931002972853374,22991.10141762198998368264343,24985.13202355164005024465212
1746158399999,2025-05-02 03:59,17681.12435328547495257120158,23137.00846548274441549362473,25143.70426087478228070969491
1746172799999,2025-05-02 07:59,17611.37441021474326178725640,22957.76777665238113902845034,24948.90491797877084584830957
1746187199999,2025-05-02 11:59,17665.05253194440820092642689,23095.70772456299819849123482,25098.81848608343872712449028
1746201599999,2025-05-02 15:59,17702.25089455451954845983619,23191.29862892885096564265611,25202.70698081538485097482661
1746215999999,2025-05-02 19:59,17664.61307170122010515027325,23094.57841673513781736293180,25097.59115079349948025980110
1746230399999,2025-05-02 23:59,17661.17434165483899284277574,23085.74170210742863254251852,25087.98738161547275743040831
1746244799999,2025-05-03 03:59,17610.21549607131473917081750,22954.78964419494342508250356,24945.66827428167367584649210
1746259199999,2025-05-03 07:59,17608.84148746286588275676754,22951.25877035340527142818906,24941.83090951439527109233732
1746273599999,2025-05-03 11:59,17573.54930683586576922287694,22860.56629825354605617506102,24843.26604633543457246099036
1746287999999,2025-05-03 15:59,17617.74194808439693645101830,22974.13082762652691453306031,24966.68833310810153670629546
1746302399999,2025-05-03 19:59,17611.77678520534164483968399,22958.80178424160351331048306,24950.02868067040298327294060
1746316799999,2025-05-03 23:59,17565.61306278166724634550334,22840.17204718501259107321749,24821.10151029771315228854434
1746331199999,2025-05-04 03:59,17553.17188766913337035350844,22808.20119962792724432068964,24786.35549288063561288503347
1746345599999,2025-05-04 07:59,17567.79831129051606859106054,22845.78761374675714448969473,24827.20452565295957604397136
1746359999999,2025-05-04 11:59,17525.44787996437888091401045,22736.95712372811927622017244,24708.92720770119827323355530
1746374399999,2025-05-04 15:59,17529.56434300183699324760143,22747.53545021693803615617539,24720.42376611328742108001094
1746388799999,2025-05-04 19:59,17540.36264142464659557853255,22775.28449720235967961892909,24750.58151742536001228894537
1746403199999,2025-05-04 23:59,17419.23757081007112579880427,22464.02200528079956884435565,24412.30046477955219237899099
1746417599999,2025-05-05 03:59,17396.41623349767665843588941,22405.37662092893610582077170,24348.56447709631472070320143
1746431999999,2025-05-05 07:59,17464.13761325175106323201993,22579.40438670580040779496086,24537.69839886492726919340548
1746446399999,2025-05-05 11:59,17397.03833860986908937639381,22406.97528243208867066695593,24350.30190743291648156017704
1746460799999,2025-05-05 15:59,17372.20327208185322111515472,22343.15509512218143589089486,24280.94192766160296728922945
1746475199999,2025-05-05 19:59,17425.68576910410742563667032,22480.59233427398300923960352,24430.30915031020084626910338
1746489599999,2025-05-05 23:59,17461.52032155023208775505432,22572.67857236392307461943465,24530.38876273940302046130091
1746503999999,2025-05-06 03:59,17435.59124007081969414389690,22506.04702801419463787839982,24457.97339131802977770863763
1746518399999,2025-05-06 07:59,17430.67558984005327261400965,22493.41498138272683040527197,24444.24484341242242142892866
1746532799999,2025-05-06 11:59,17376.11854762401214192253191,22353.21641781638900868588146,24291.87660472787604642336958
1746547199999,2025-05-06 15:59,17445.32055608773082721342477,22531.04904562087573399741221,24485.14566248389993930789563
1746561599999,2025-05-06 19:59,17482.82765342565153317185339,22627.43332447338990814403373,24589.89639909675274924671613
1746575999999,2025-05-06 23:59,17656.24942011092514313195699,23073.08583041630132335782309,25074.23294056028862379068480
1746590399999,2025-05-07 03:59,17625.92110054305807766879750,22995.14929525813932447797429,24989.53126966473452371112242
1746604799999,2025-05-07 07:59,17671.15769165198965806982702,23111.39652634878007555848244,25115.86912507974661869406470
1746619199999,2025-05-07 11:59,17676.03532949885162405789507,23123.93089023564392601418324,25129.49151107208918779771405
1746633599999,2025-05-07 15:59,17664.58340349914833497129242,23094.50217654422741188591556,25097.50829271485379270775457
1746647999999,2025-05-07 19:59,17595.61410499543009702178048,22917.26755773719417953473091,24904.88915301320701155959347
1746662399999,2025-05-07 23:59,17674.46569618299203302619022,23119.89730763529028624579292,25125.10780084874078074725248
1746676799999,2025-05-08 03:59,17871.22984797954557411755960,23625.53416628292916067326390,25674.63552500172901459982784
1746691199999,2025-05-08 07:59,17880.45944021781032823487902,23649.25201317396311453878404,25700.41215540541087649430215
1746705599999,2025-05-08 11:59,17894.99685923297771593548860,23686.60970672006179827674042,25741.01261394179777699710045
1746719999999,2025-05-08 15:59,18020.06131080389541979301600,24007.99546649094418629637615,26090.29566584277829717723277
1746734399999,2025-05-08 19:59,18070.30348388112347507896843,24137.10584729174991145221762,26230.61323271429248883202505
1746748799999,2025-05-08 23:59,18252.17048971238941504958558,24604.46060007850143573291034,26738.53584412731486061323797
1746763199999,2025-05-09 03:59,18177.02093386459555169112827,24411.34419650244436245078071,26528.65633091778829127938469
1746777599999,2025-05-09 07:59,18286.21197019580146697581531,24691.93907163029387009557261,26833.60772142836829337862352
1746791999999,2025-05-09 11:59,18224.05152406755448510240522,24532.20157663719869471961448,26660.00451077590680542514040
1746806399999,2025-05-09 15:59,18218.27364171407724274588743,24517.35379945739722807070222,26643.86789995965915466407924
1746820799999,2025-05-09 19:59,18245.45527759970718360089201,24587.20410936712434604451633,26719.78143588885501875470684
1746835199999,2025-05-09 23:59,18225.31983970612266025383595,24535.46084479861852886205863,26663.54669363800994827512944
1746849599999,2025-05-10 03:59,18248.89215338345881027220322,24596.03605898290163052261609,26729.38002643696638611209672
1746863999999,2025-05-10 07:59,18298.35182763104392708753610,24723.13560474844541122215430,26867.51221148420056858166185
1746878399999,2025-05-10 11:59,18268.24138392214142387626713,24645.75895849228170256414349,26783.41902960370073646244115
1746892799999,2025-05-10 15:59,18240.78253577340338041141036,24575.19627929873548341445892,26706.73128850215922930737881
1746907199999,2025-05-10 19:59,18245.65739222632111794519896,24587.72349566770148335668944,26720.34590654962876520302381
1746921599999,2025-05-10 23:59,18395.68392731537445614272715,24973.25584606582627960086201,27139.34367437112464948630291
1746935999999,2025-05-11 03:59,18321.28163930726330416734964,24782.05974229832504427107887,26931.55114901748633536962152
1746950399999,2025-05-11 07:59,18263.65486530810870276944853,24633.97270147872620585166453,26770.60968850806897646324834
1746964799999,2025-05-11 11:59,18381.07975484554558553941068,24935.72661209017918353961909,27098.55678515778495199139991
1746979199999,2025-05-11 15:59,18334.53683571414137444513122,24816.12243009351464129923973,26968.57058496740492698240899
1746993599999,2025-05-11 19:59,18359.56938121219746296021151,24880.45009117416926253169014,27038.48208882470379902166627
1747007999999,2025-05-11 23:59,18331.57001550696435654704764,24808.49841100247409359761598,26960.28477710283617177775627
1747022399999,2025-05-12 03:59,18329.91323184751894061458658,24804.24087284132113774049047,26955.65767127346605754315802
1747036799999,2025-05-12 07:59,18364.01868439164824698924374,24891.88373730476413391296901,27050.90821130659925409264389
1747051199999,2025-05-12 11:59,18298.64758252044688605925131,24723.89562415158351582115992,26868.33820295569976636612567
1747065599999,2025-05-12 15:59,18184.08752874556531119712612,24429.50365697491656700758579,26548.39208952520799508246687
1747079999999,2025-05-12 19:59,18122.22376463803603111352438,24270.52856389092544640179003,26375.61745965920338264944903
1747094399999,2025-05-12 23:59,18208.56935824266416576487464,24492.41610951179678657292228,26616.76554029764629193686050
1747108799999,2025-05-13 03:59,18109.18829835275200872381962,24237.03053000966603993778067,26339.21169135425441446900616
1747123199999,2025-05-13 07:59,18196.90419204057002851684723,24462.43941944821173307860039,26584.18677950014501756656660
1747137599999,2025-05-13 11:59,18295.52314998976358908533203,24715.86657904633143902288740,26859.61221154832579604122578
1747151999999,2025-05-13 15:59,18291.19808240648834268078205,24704.75218871517389057661403,26847.53305727075915759444299
1747166399999,2025-05-13 19:59,18394.07906300955463802348255,24969.13172823876653332851491,27134.86157017938448846778608
1747180799999,2025-05-13 23:59,18330.24607198951161231002783,24805.09619248309724918576638,26956.58723534327236476768000
1747195199999,2025-05-14 03:59,18282.38013647196939979682173,24682.09217447302181270469418,26822.90608270828621048461425
1747209599999,2025-05-14 07:59,18294.35032887661392419749586,24712.85270899940447250958926,26856.33672812686345999938650
1747223999999,2025-05-14 11:59,18315.52415384271040380888117,24767.26438024977448138761527,26915.47150313030759480059235
1747238399999,2025-05-14 15:59,18275.59353524805197135495552,24664.65223080226655983722985,26803.95229721808518295397116
1747252799999,2025-05-14 19:59,18257.74440317662323742561013,24618.78422594579386472733596,26754.10280565287340945397926
1747267199999,2025-05-14 23:59,18274.99831694398708213915250,24663.12266197212654995459159,26802.28995701525607644103771
1747281599999,2025-05-15 03:59,18205.07500031739848437178806,24483.43644452613059148310356,26607.00641222215890494738047
1747295999999,2025-05-15 07:59,18114.80578698877874355022226,24251.46613365735812697657389,26354.90035068282381690181579
1747310399999,2025-05-15 11:59,18169.65672983159334757722892,24392.41995161490215295265651,26508.08940220895403421983577
1747324799999,2025-05-15 15:59,18251.22018011477802650410568,24602.01853146340251029723398,26735.88179629569518121174765
1747339199999,2025-05-15 19:59,18242.49680157436285106564678,24579.60153282977734988330339,26711.51893185890536317406721
1747353599999,2025-05-15 23:59,18298.72268015694105432479655,24724.08860713482547968485727,26868.54793746727166298224344
1747367999999,2025-05-16 03:59,18322.80769745132998274867639,24785.98134711827902599510158,26935.81316143782388882801477
1747382399999,2025-05-16 07:59,18293.75881909780800625406544,24711.33267019312826331157803,26854.68474518386506443045886
1747396799999,2025-05-16 11:59,18288.33880943182149168150399,24697.40454031618356272917414,26839.54760994128101976595893
1747411199999,2025-05-16 15:59,18337.62696438617918714960391,24824.06332247802656176471222,26977.20077172134482107525508
1747425599999,2025-05-16 19:59,18323.65231407906069003153706,24788.15181005325963191890760,26938.17202736426830632533934
1747439999999,2025-05-16 23:59,18270.92635620963662507403277,24652.65869576967339823411299,26790.91768572113545992265186
1747454399999,2025-05-17 03:59,18275.05950761076010813330047,24663.27990736587926125093758,26802.46085180246280701713367
1747468799999,2025-05-17 07:59,18269.74333665202478918717194,24649.61861815712097983809052,26787.61371983513866878479659
1747483199999,2025-05-17 11:59,18227.37621696222223078444514,24540.74524303109600848774659,26669.28979421413916672635435
1747497599999,2025-05-17 15:59,18222.31037145846747272346741,24527.72723043314427328722404,26655.14177728538801721440984
1747511999999,2025-05-17 19:59,18242.62103717053838869012903,24579.92078862921467281830889,26711.86590006323417979826204
1747526399999,2025-05-17 23:59,18239.65885261993508488251120,24572.30868206800387597246892,26703.59303877345381327361660
1747540799999,2025-05-18 03:59,18255.33200749566242474723091,24612.58494542239151937745315,26747.36540813299594037819602
1747555199999,2025-05-18 07:59,18313.15626046485724639897321,24761.17946001273774425325682,26908.85839272839865705287890
1747569599999,2025-05-18 11:59,18302.13730478913885336187213,24732.86337660741996005519485,26878.08438445639876467559842
1747583999999,2025-05-18 15:59,18461.36839957095888958820466,25142.04924623549805554365511,27322.78887117771921198131257
1747598399999,2025-05-18 19:59,18309.87236134803818471303194,24752.74062388134223801602203,26899.68703914830411613572893
1747612799999,2025-05-18 23:59,18548.17199604506997637757156,25365.11374980354878026622553,27565.21607340525492285344231
1747627199999,2025-05-19 03:59,18284.08976661635515636059240,24686.48551547423392831775487,26827.68077949024395567129537
1747641599999,2025-05-19 07:59,18248.89678904003252436266897,24596.04797151273138137839988,26729.39297301175477479210399
1747655999999,2025-05-19 11:59,18224.52436103807332232991229,24533.41665467983328200956076,26661.32506140432245078588193
1747670399999,2025-05-19 15:59,18393.54039971568906071136175,24967.74749227254948388643885,27133.35717818897372385094132
1747684799999,2025-05-19 19:59,18461.34058563151660504541012,25141.97777105651955040895238,27322.71119172898887990126896
1747699199999,2025-05-19 23:59,18466.53622951933535763942901,25155.32933448970430957142098,27337.22171275181491245341702
1747713599999,2025-05-20 03:59,18483.98298660016570851634681,25200.16333175695463039928215,27385.94744162539454852877790
1747727999999,2025-05-20 07:59,18415.35579955158757044320764,25023.80785765135701120494099,27194.28375914313085196515332
1747742399999,2025-05-20 11:59,18432.23422513648057382902381,25067.18137876147987711370987,27241.42223794765403587162291
1747756799999,2025-05-20 15:59,18444.27951517761926649524318,25098.13489627110450078230230,27275.06261787780318200251293
1747771199999,2025-05-20 19:59,18601.22337700596877048577189,25501.44312368118352402704199,27713.37926459853265459264013
1747785599999,2025-05-20 23:59,18584.86136356338751677784090,25459.39665839409490345258700,27667.68303422543596963898041
1747799999999,2025-05-21 03:59,18584.26799952195211319822418,25457.87185457588679391226225,27666.02587265252221859804986
1747814399999,2025-05-21 07:59,18554.93078332954512027664324,25382.48221829532552799898713,27584.09217944672561830404178
1747828799999,2025-05-21 11:59,18556.71829250436927356023860,25387.07568979767745798921545,27589.08437868512829331484504
1747843199999,2025-05-21 15:59,18781.72471841061853940517745,25965.28844518009044619383102,28217.48781507889572124371135
1747857599999,2025-05-21 19:59,18747.46165354298295395468460,25877.24055470243592092470372,28121.79709150295730957397830
1747871999999,2025-05-21 23:59,18843.90185290253089200426426,26125.06882528057272465061079,28391.13763340059540844522063
1747886399999,2025-05-22 03:59,19042.01590789334997623926168,26634.17461261463504828232058,28944.43540013196242591591298
1747900799999,2025-05-22 07:59,18973.83559813847787648702135,26458.96750638462541158553650,28754.01976745929939810498922
1747915199999,2025-05-22 11:59,18967.95016855249046723169803,26443.84335851277372508244038,28737.58279610796112996775939
1747929599999,2025-05-22 15:59,18996.58832773358137531104302,26517.43658529500856194352040,28817.56414583566871731667118
1747943999999,2025-05-22 19:59,18987.05185503013674840489058,26492.93012892924510142511355,28790.93045218099552480571561
1747958399999,2025-05-22 23:59,19034.16959557668150671692373,26614.01146462479874978268251,28922.52202764513574613560800
1747972799999,2025-05-23 03:59,18978.89402659171469200325387,26471.96645893484954541680499,28768.14706986838912572892210
1747987199999,2025-05-23 07:59,18943.23748335802065095875488,26380.33766199037191289907129,28668.56460591106107684900373
1748001599999,2025-05-23 11:59,18791.27417095246956576463400,25989.82825662937720910843247,28244.15775914297640205868727
1748015999999,2025-05-23 15:59,18778.63273547595124106451846,25957.34278778364662538604502,28208.85244969504047167886234
1748030399999,2025-05-23 19:59,18757.87148394491531550458539,25903.99133168812444267277606,28150.86991984776292939830351
1748044799999,2025-05-23 23:59,18628.27985016410843089820107,25570.97179528550736889469384,27788.94324300844202432307144
1748059199999,2025-05-24 03:59,18725.44321194915576706043861,25820.65842051708530612287170,28060.30345057306875727544788
1748073599999,2025-05-24 07:59,18653.26140343985366441815804,25635.16841853803473071352259,27858.71233454306862088224876
1748087999999,2025-05-24 11:59,18803.53177406468436377418498,26021.32736800520442197192235,28278.39109219843374973391026
1748102399999,2025-05-24 15:59,18777.67779022176613842857280,25954.88880663871794909458487,28206.18545528863240359736475
1748116799999,2025-05-24 19:59,18780.48699810543687725082070,25962.10779971554696769955986,28214.03107961039594368177029
1748131199999,2025-05-24 23:59,18669.40832241741458432847798,25676.66214244102291157960985,27903.80784384598407108357117
1748145599999,2025-05-25 03:59,18700.35967422878882355023502,25756.19972160830342547679964,27990.24953439309760975611062
1748159999999,2025-05-25 07:59,18661.98200058632461140233749,25657.57826965376204061398290,27883.06743103498540571192484
1748174399999,2025-05-25 11:59,18622.87467459915780141513003,25557.08178550401787105079807,27773.84753680518082343459478
1748188799999,2025-05-25 15:59,18595.79965881472328464083783,25487.50546378037502276001107,27698.23177209611789898413439
1748203199999,2025-05-25 19:59,18665.24550281421933109022944,25665.96469065390664308576903,27892.18181968601103643704283
1748217599999,2025-05-25 23:59,18784.58399138528539040445551,25972.63609357908077404127091,28225.47326240837385907219540
1748231999999,2025-05-26 03:59,18842.00494223256708618567707,26120.19421807423867446388511,28385.83989499718676058624580
1748246399999,2025-05-26 07:59,18885.68117133878650373593325,26232.43169162418528748757051,28507.81993333842722587874104
1748260799999,2025-05-26 11:59,18855.83681431721518931739865,26155.73882458024927795154909,28424.46988485078090399193763
1748275199999,2025-05-26 15:59,18877.81909778976740630601174,26212.22804103292783607826757,28485.86254249732002458641135
1748289599999,2025-05-26 19:59,18796.28902423391346883048842,26002.71523139920168489533337,28258.16336374905527609055182
1748303999999,2025-05-26 23:59,18824.50626579811113749554280,26075.22680047289514405124552,28336.96916448597717129480350
1748318399999,2025-05-27 03:59,18774.19733926622159930688349,25945.94487924254100657211751,28196.46516693751018264790653
1748332799999,2025-05-27 07:59,18834.92444038187618440828195,26101.99902001227721733972867,28366.06529666540189074314180
1748347199999,2025-05-27 11:59,18838.47813471128540615933020,26111.13116537976422338357987,28375.99014089818065283671489
1748361599999,2025-05-27 15:59,18889.89869168955158324167771,26243.26971126329261607966003,28519.59872708090324694935517
1748375999999,2025-05-27 19:59,18865.58560009173592156688269,26180.79087481221532766485338,28451.69653163076229804722617
1748390399999,2025-05-27 23:59,18778.46307044535330535347180,25956.90678919187774406435841,28208.37860505778544599059627
1748404799999,2025-05-28 03:59,18771.55316075657508210521649,25939.14997222765111843304534,28189.08044067821327957175980
1748419199999,2025-05-28 07:59,18767.17710095098898070554320,25927.90454406836631057315031,28176.85887407797436564489705
1748433599999,2025-05-28 11:59,18772.17804726271174150000035,25940.75578124870153379269984,28190.82563895968807363673978
1748447999999,2025-05-28 15:59,18608.71830655434971195080556,25520.70330190992470765826899,27734.31128671639947242839405
1748462399999,2025-05-28 19:59,18593.76367844754805610827797,25482.27348067914844689977177,27692.54563644905759072494146
1748476799999,2025-05-28 23:59,18671.25053233980856387956925,25681.39618179536590166808685,27908.95281266688973251846021
1748491199999,2025-05-29 03:59,18695.64335723069210791037526,25744.07991375951490480237463,27977.07768920339096671671426
1748505599999,2025-05-29 07:59,18680.42356956787400609320645,25704.96869582247689509304479,27934.57149485815325251684583
1748519999999,2025-05-29 11:59,18763.78380033903026648461009,25919.18457223298868413941814,28167.38198133287385187957550
1748534399999,2025-05-29 15:59,18600.61332460086799618047845,25499.87543475558831140589560,27711.67549535638070430368342
1748548799999,2025-05-29 19:59,18481.18490429227188351121673,25192.97292875171701384818825,27378.13288908312314127638981
1748563199999,2025-05-29 23:59,18468.02056675423860940656395,25159.14372654119053359338961,27341.36720599905696779174484
1748577599999,2025-05-30 03:59,18508.31183943033199809872539,25262.68267080945307172375367,27453.89365542981601894293162
1748591999999,2025-05-30 07:59,18415.94081941119028865998600,25025.31121891587156920485493,27195.91761688142550338207078
1748606399999,2025-05-30 11:59,18494.97783686170078828302596,25228.41747000715771014726842,27416.65412770849481977002057
1748620799999,2025-05-30 15:59,18463.68622785781593482108246,25148.00551115037348343554866,27329.26215857191355198494751
1748635199999,2025-05-30 19:59,18380.01262670227660191419374,24932.98434772337053653819130,27095.57648364149787785372639
1748649599999,2025-05-30 23:59,18319.28367132399253117660897,24776.92544194170242542826662,26925.97117528369081428648821
1748663999999,2025-05-31 03:59,18291.33344357844079412238211,24705.10003458620261556550061,26847.91109725458010705065527
1748678399999,2025-05-31 07:59,18297.17529799263529092732733,24720.11220467765464402422913,26864.22637080290752159581676
1748692799999,2025-05-31 11:59,18274.10456235657500549735482,24660.82592622095058495947743,26799.79385739605473893563608
1748707199999,2025-05-31 15:59,18372.18578414321773157181197,24912.87123235881919163284514,27073.71748676878243052945195
1748721599999,2025-05-31 19:59,18385.34548602467729158599899,24946.68852203951592103185999,27110.47022327806021533408965
1748735999999,2025-05-31 23:59,18375.50491424999702034529298,24921.40060371692080437403671,27082.98723431726872541465717
1748750399999,2025-06-01 03:59,18355.95635047864470085120159,24871.16546542486144553380646,27028.39152843463366182400014
1748764799999,2025-06-01 07:59,18346.21405462332716832836960,24846.13009273465704701859947,27001.18300685935601192072178
1748779199999,2025-06-01 11:59,18328.29538770329272304203787,24800.08339993073808907194877,26951.13931667231840822062083
1748793599999,2025-06-01 15:59,18386.92902631025802488910110,24950.75784222935881336760167,27114.89277322577378842457303
1748807999999,2025-06-01 19:59,18424.64843671925483619086133,25047.68771494807557670912064,27220.23646296393479990772650
1748822399999,2025-06-01 23:59,18472.95105108604091602594162,25171.81389326811354380502558,27355.13718294398716784747707
1748836799999,2025-06-02 03:59,18397.51408453067677905860746,24977.95891284261191746430116,27144.45498209758050035317305
1748851199999,2025-06-02 07:59,18449.28509714591574138016609,25110.99804598126947485763562,27289.04232933430527867436294
1748865599999,2025-06-02 11:59,18325.04671957643388844363634,24791.73509902604868933867076,26942.06635706061562127152611
1748879999999,2025-06-02 15:59,18361.31146095259921815724246,24884.92681988418963413523733,27043.34741163018026496839829
1748894399999,2025-06-02 19:59,18360.09135614239766954665559,24881.79144203299920889294457,27039.93987314587636439048486
1748908799999,2025-06-02 23:59,18492.88993714089996193724964,25223.05206657183792470225071,27410.82299042380455829474622
1748923199999,2025-06-03 03:59,18458.03258110051423008904692,25133.47698977000933972164190,27313.47251595999471784808118
1748937599999,2025-06-03 07:59,18429.17376466651453130353196,25059.31672656787836212525362,27232.87490927235982933082334
1748951999999,2025-06-03 11:59,18439.97391735195361927064937,25087.07053856523190593032083,27263.03783921434777601176068
1748966399999,2025-06-03 15:59,18562.67232980764765135445510,25402.37614311100945715791161,27605.71295934333471391618245
1748980799999,2025-06-03 19:59,18528.19695186893596056063065,25313.78265876715234269388686,27509.42928264208810070211645
1748995199999,2025-06-03 23:59,18448.28564958862298347574918,25108.42970454997519035065112,27286.25104780992867926479555
1749009599999,2025-06-04 03:59,18461.48614524793122748603485,25142.35182449317372728056330,27323.11771417734428445349723
1749023999999,2025-06-04 07:59,18443.08073438765680270079878,25095.05431605713092947661495,27271.71463363752586935263295
1749038399999,2025-06-04 11:59,18421.16427723845132579679942,25038.73425752803483350202624,27210.50581735298186801426246
1749052799999,2025-06-04 15:59,18440.99654319211494762739506,25089.69844264567494471622427,27265.89385361266631882136441
1749067199999,2025-06-04 19:59,18405.32516585738502149340566,24998.03152560574210945998244,27166.26996061601542616542278
1749081599999,2025-06-04 23:59,18385.23793879216712468719346,24946.41215134746570117767613,27110.16986274296959795792099
1749095999999,2025-06-05 03:59,18417.71442161629329967218410,25029.86895282873424662773188,27200.87097639546301235285223
1749110399999,2025-06-05 07:59,18368.65990375325079436355825,24903.81056217031069072369666,27063.87032198473400051592248
1749124799999,2025-06-05 11:59,18397.37779622740958479891424,24977.60868446561724230425782,27144.07435279880187316095932
1749139199999,2025-06-05 15:59,18369.90596824026514188075336,24907.01265018854772075837864,27067.35036128785287770187662
1749153599999,2025-06-05 19:59,18127.30166284888244580971308,24283.57754906643453382735043,26389.79913768240434272941244
1749167999999,2025-06-05 23:59,18089.65178728849134586493918,24186.82636429516403332258827,26284.64964656606916144636803
1749182399999,2025-06-06 03:59,18180.93899080069870095278491,24421.41266671454978575923758,26539.59877592893440362152918
1749196799999,2025-06-06 07:59,18241.86449801770824912611772,24577.97666376099933315439483,26709.75301905776914722107560
1749211199999,2025-06-06 11:59,18313.95359339553606995908317,24763.22841514345489144806820,26911.08520359200151001412932
1749225599999,2025-06-06 15:59,18421.89856523972763772657511,25040.62120225306736905817812,27212.55655479946263492741401
1749239999999,2025-06-06 19:59,18341.00821229104624473532605,24832.75232173584683597340654,26986.64400337199552427255772
1749254399999,2025-06-06 23:59,18347.37204163544094812671535,24849.10584268612881079338949,27004.41706124149550418653780
1749268799999,2025-06-07 03:59,18401.43677712335364241072985,24988.03929558454709162854181,27155.41037368351500137532481
1749283199999,2025-06-07 07:59,18401.01585950646040299643925,24986.95763787600571392337394,27154.23482469272930923066471
1749297599999,2025-06-07 11:59,18427.25089431973792657833653,25054.37540919449770714613872,27227.50467005013620486380780
1749311999999,2025-06-07 15:59,18465.08712327439233295983380,25151.60547766492419205340913,27333.17461347296461108314446
1749326399999,2025-06-07 19:59,18480.64438673577682056290962,25191.58392777356806406379867,27376.62331846279702118754214
1749340799999,2025-06-07 23:59,18464.53455301080561337631574,25150.18550410921789004398170,27331.63138175818868042627789
1749355199999,2025-06-08 03:59,18457.06558313923747081789030,25130.99203604752331120514391,27310.77186045913683919856468
1749369599999,2025-06-08 07:59,18452.88051238448838994540614,25120.23740411722423860354090,27299.08369274017953888800145
1749383999999,2025-06-08 11:59,18477.01003198198497363775723,25182.24450438704339312930958,27366.47320382870029606184256
1749398399999,2025-06-08 15:59,18504.62092966634083926989078,25253.19791455900544034870237,27443.58559258330095192114335
1749412799999,2025-06-08 19:59,18532.94200993778970356137809,25325.97632430088531867417135,27522.68139659548275355755788
1749427199999,2025-06-08 23:59,18481.39443596940376040026888,25193.51137510002175252961543,27378.71807426355830961271840
1749441599999,2025-06-09 03:59,18474.45300381592428133684643,25175.67355293295282107897261,27359.33187317542510016983250
1749455999999,2025-06-09 07:59,18465.32817741622546566405310,25152.22492921607123655416606,27333.84783536196082244352250
1749470399999,2025-06-09 11:59,18669.15799696243402344332717,25676.01886583021636536728535,27903.10872880741108236317859
1749484799999,2025-06-09 15:59,18657.72646785165507635477384,25646.64256727005075500446633,27871.18247537924459746525110
1749499199999,2025-06-09 19:59,18743.83935149628276366474317,25867.93210389346860221525247,28111.68063796331039501629762
1749513599999,2025-06-09 23:59,18901.29406267905556042459814,26272.55309209078616976736550,28551.42399722572030014322596
1749527999999,2025-06-10 03:59,18836.85843630442970295059519,26106.96892745724927437272465,28371.46660766711764804217479
1749542399999,2025-06-10 07:59,18803.21469515504231998632729,26020.51255096484946343631131,28277.50554648290796402141300
1749556799999,2025-06-10 11:59,18834.37928716880740736950909,26100.59810650429851669955531,28364.54277947028738197428687
1749571199999,2025-06-10 15:59,18785.62515985174157512306421,25975.31164777884281625030950,28228.38106310584595660182821
1749585599999,2025-06-10 19:59,18832.99044445932266586596871,26097.02911256730516030673269,28360.66398566368613344410882
1749599999999,2025-06-10 23:59,18902.34821098391814459651097,26275.26200137407151437259869,28554.36804833259988597687913
1749614399999,2025-06-11 03:59,18851.22248176374018366778552,26143.88109238771527610436740,28411.58286430641881191270121
1749628799999,2025-06-11 07:59,18825.61418771922880511685839,26078.07389510220559858357064,28340.06339586040206581654100
1749643199999,2025-06-11 11:59,18807.56757667775985093367181,26031.69841647498551701728741,28289.66238020920493454823941
1749657599999,2025-06-11 15:59,18852.40457419003727673655320,26146.91878749430174432923311,28414.88424087745792531455502
1749671999999,2025-06-11 19:59,18760.30983930268892708957284,25910.25732237857339281504808,28157.67981818645537508212746
1749686399999,2025-06-11 23:59,18751.29348726681502113367818,25887.08745185970797831558215,28132.49873022303939246798757
1749700799999,2025-06-12 03:59,18678.50718914030060109466308,25700.04405599085789131202720,27929.21938084063337220184046
1749715199999,2025-06-12 07:59,18657.50581059874628564860388,25646.07553085015461426915807,27870.56621841931729629690505
1749729599999,2025-06-12 11:59,18589.58602474331691778053901,25471.53790879657697566742282,27680.87818324976171230238985
1749743999999,2025-06-12 15:59,18600.71160052023073489835247,25500.12798038797902954851189,27711.94996274189454431983754
1749758399999,2025-06-12 19:59,18579.18824704847621286584918,25444.81810438844580614438833,27651.83901599940590304608354
1749772799999,2025-06-12 23:59,18475.62118927250023213421685,25178.67551045005003673648696,27362.59441002209904753166451
1749787199999,2025-06-13 03:59,18346.33180030029950622619979,24846.43267099233271875550766,27001.51184985898108439290644
1749801599999,2025-06-13 07:59,18403.60811866248132238488978,24993.61912455680239247766770,27161.47454931439625909073002
1749815999999,2025-06-13 11:59,18417.00331189788555819473719,25028.04157075285046535049893,27198.88497182292418883973703
1749830399999,2025-06-13 15:59,18453.84658321445040639846961,25122.71997533374431694888214,27301.78175892607973980151649
1749844799999,2025-06-13 19:59,18423.54144192945191138763889,25044.84300282473107234795228,27217.14482090446758312199045
1749859199999,2025-06-13 23:59,18512.22989636643514736038203,25272.75114102155849503221054,27464.83610044096213128507611
1749873599999,2025-06-14 03:59,18434.55761621122607597046052,25073.15193871215100603254397,27247.91106123159444229126657
1749887999999,2025-06-14 07:59,18420.44389620689615613842100,25036.88305039249155051322573,27208.49391963086626714113273
1749902399999,2025-06-14 11:59,18420.94640137948676354490891,25038.17436862603654328018825,27209.89732833792760005392078
1749916799999,2025-06-14 15:59,18398.62942350231238922466826,24980.82506751964997336588034,27147.56992799166681676292218
1749931199999,2025-06-14 19:59,18380.49195359199863886835287,24934.21610330776677502623489,27096.91515947461726736647810
1749945599999,2025-06-14 23:59,18451.78557030177712177739466,25117.42366457143708646741039,27296.02571177516213267028430
1749959999999,2025-06-15 03:59,18457.24730087692706316414792,25131.45900721684954475186836,27311.27936619084167545484966
1749974399999,2025-06-15 07:59,18453.02421773827352674984456,25120.60669254194651513283830,27299.48503655861958796822681
1749988799999,2025-06-15 11:59,18410.60888722010434180627390,25011.60942710569213488234299,27181.02646655982084363770897
1750003199999,2025-06-15 15:59,18465.63320361877585281669981,25153.00877367886884286473925,27334.69971998303679758800085
1750017599999,2025-06-15 19:59,18440.61827361569987784538940,25088.72638021156727488426724,27264.83741310993380253277119
1750031999999,2025-06-15 23:59,18468.41552469431904991424633,25160.15867408268530650616827,27342.47025417102768332836423
1750046399999,2025-06-16 03:59,18498.80967058553285546201955,25238.26436716442976753814685,27427.35576642857690266402984
1750060799999,2025-06-16 07:59,18604.49893194095514680887480,25509.86051725888547872386596,27722.52731434400809588577702
1750075199999,2025-06-16 11:59,18588.01361003351309829455471,25467.49717867832548538556223,27676.48670508154027204392392
1750089599999,2025-06-16 15:59,18638.16863276715532867975093,25596.38360391833189445266851,27816.56087634703275651457953
1750103999999,2025-06-16 19:59,18751.93135361135807998176615,25888.72661596428169607143126,28134.28017891392167483698790
1750118399999,2025-06-16 23:59,18579.71949329182384763322478,25446.18328030693525421721034,27653.32269347015524577491667
1750132799999,2025-06-17 03:59,18653.50802036957525403093624,25635.80216512497747624122006,27859.40109232181089865863552
1750147199999,2025-06-17 07:59,18576.38089342743495967978759,25437.60387632354868788172686,27643.99857030755771843368091
1750161599999,2025-06-17 11:59,18472.81568991408846458434155,25171.46604739708481881613900,27354.75914296016621839126479
1750175999999,2025-06-17 15:59,18343.03213995112981663267495,24837.95333225951605960860799,26992.29647792460602196373175
1750190399999,2025-06-17 19:59,18384.24219976013333805514915,24943.85333994003521735531866,27107.38893847842370949235942
1750204799999,2025-06-17 23:59,18371.73056266767900788807477,24911.70142192953765759487724,27072.44613312456266215273804
1750219199999,2025-06-18 03:59,18355.57408125521726462535211,25062.67367747390215328512482,27236.52325404772775935687199
1750233599999,2025-06-18 07:59,18355.57408125521726462535211,25012.25985123439653160813777,27194.60022576430202385553333
1750247999999,2025-06-18 11:59,18355.57408125521726462535211,24980.65590959606751121375056,27194.60022576430202385553333
1750262399999,2025-06-18 15:59,18355.57408125521726462535211,24971.22595098283673377530468,27194.60022576430202385553333
1750276799999,2025-06-18 19:59,18355.57408125521726462535211,24734.73840880262274475556295,27194.60022576430202385553333
1750291199999,2025-06-18 23:59,18355.57408125521726462535211,24991.66070465279135178681309,27194.60022576430202385553333
1750305599999,2025-06-19 03:59,18355.57408125521726462535211,25042.46526187071280153350837,27194.60022576430202385553333
1750319999999,2025-06-19 07:59,18355.57408125521726462535211,24933.54423662536882676002929,27194.60022576430202385553333
1750334399999,2025-06-19 11:59,18355.57408125521726462535211,24965.32210119921220964885979,27194.60022576430202385553333
1750348799999,2025-06-19 15:59,18355.57408125521726462535211,24803.47847093221708297032809,27194.60022576430202385553333
1750363199999,2025-06-19 19:59,18355.57408125521726462535211,24840.05232001551816039771128,27194.60022576430202385553333
1750377599999,2025-06-19 23:59,18355.57408125521726462535211,24937.29430101577439616076548,27194.60022576430202385553333
1750391999999,2025-06-20 03:59,18355.57408125521726462535211,24922.53229405074713567349649,27194.60022576430202385553333
1750406399999,2025-06-20 07:59,18355.57408125521726462535211,25212.03297647931838310224763,27194.60022576430202385553333
1750420799999,2025-06-20 11:59,18355.57408125521726462535211,25251.60163556181882567367490,27194.60022576430202385553333
1750435199999,2025-06-20 15:59,18355.57408125521726462535211,24832.32108815600985499403345,27194.60022576430202385553333
1750449599999,2025-06-20 19:59,18355.57408125521726462535211,24615.32959229516611655003770,27194.60022576430202385553333
1750463999999,2025-06-20 23:59,18355.57408125521726462535211,24613.13053928859410857235060,27194.60022576430202385553333
1750478399999,2025-06-21 03:59,18355.57408125521726462535211,24660.27556734281609542226647,27194.60022576430202385553333
1750492799999,2025-06-21 07:59,18355.57408125521726462535211,24651.37214254806030580946398,27194.60022576430202385553333
1750507199999,2025-06-21 11:59,18355.57408125521726462535211,24750.51774581511072832676735,27194.60022576430202385553333
1750521599999,2025-06-21 15:59,18355.57408125521726462535211,24675.76900363939005845465999,27194.60022576430202385553333
1750535999999,2025-06-21 19:59,18355.57408125521726462535211,24362.27886863966653764851836,27194.60022576430202385553333
1750550399999,2025-06-21 23:59,18355.57408125521726462535211,24332.47610151159584664863976,27194.60022576430202385553333
1750564799999,2025-06-22 03:59,18355.57408125521726462535211,24393.32292137599726782106757,27194.60022576430202385553333
1750579199999,2025-06-22 07:59,18355.57408125521726462535211,24405.04723323443806008347085,27194.60022576430202385553333
1750593599999,2025-06-22 11:59,18355.57408125521726462535211,24480.06519858431109929629180,27194.60022576430202385553333
1750607999999,2025-06-22 15:59,18355.57408125521726462535211,23566.78633417452984028993938,27194.60022576430202385553333
1750622399999,2025-06-22 19:59,18355.57408125521726462535211,23561.21841773210429029659729,27194.60022576430202385553333
1750636799999,2025-06-22 23:59,18355.57408125521726462535211,24057.02505676423275853128714,27194.60022576430202385553333
1750651199999,2025-06-23 03:59,18355.57408125521726462535211,24102.35699777836666513091062,27194.60022576430202385553333
1750665599999,2025-06-23 07:59,18355.57408125521726462535211,24287.45388627303546229939475,27194.60022576430202385553333
1750679999999,2025-06-23 11:59,18355.57408125521726462535211,24134.48985574113662352209797,27194.60022576430202385553333
1750694399999,2025-06-23 15:59,18355.57408125521726462535211,24165.86507680673442748543646,27194.60022576430202385553333
1750708799999,2025-06-23 19:59,18355.57408125521726462535211,24580.56168273405526885947663,27194.60022576430202385553333
1750723199999,2025-06-23 23:59,18355.57408125521726462535211,25098.19445892025325506122123,27194.60022576430202385553333
1750737599999,2025-06-24 03:59,18355.57408125521726462535211,24999.48008923303981352329095,27194.60022576430202385553333
1750751999999,2025-06-24 07:59,18355.57408125521726462535211,25002.84895266889335553894595,27194.60022576430202385553333
1750766399999,2025-06-24 11:59,18355.57408125521726462535211,25059.13803862043209928849681,27194.60022576430202385553333
1750780799999,2025-06-24 15:59,18355.57408125521726462535211,25076.94250570397772834294503,27194.60022576430202385553333
1750795199999,2025-06-24 19:59,18355.57408125521726462535211,25171.87583842322824825510128,27194.60022576430202385553333
1750809599999,2025-06-24 23:59,18355.57408125521726462535211,25276.66083331168272590044947,27194.60022576430202385553333
1750823999999,2025-06-25 03:59,18355.57408125521726462535211,25312.16255471030622630729182,27194.60022576430202385553333
1750838399999,2025-06-25 07:59,18355.57408125521726462535211,25399.83877425727252487596496,27194.60022576430202385553333
1750852799999,2025-06-25 11:59,18355.57408125521726462535211,25542.31501352705871022121557,27194.60022576430202385553333
1750867199999,2025-06-25 15:59,18355.57408125521726462535211,25501.80764709397390021402587,27194.60022576430202385553333
1750881599999,2025-06-25 19:59,18355.57408125521726462535211,25676.60734480380605764300443,27194.60022576430202385553333
1750895999999,2025-06-25 23:59,18355.57408125521726462535211,25576.28001857764435023194938,27194.60022576430202385553333
1750910399999,2025-06-26 03:59,18355.57408125521726462535211,25698.55260725617308416789705,27194.60022576430202385553333
1750924799999,2025-06-26 07:59,18355.57408125521726462535211,25689.07023351169140296400251,27194.60022576430202385553333
1750939199999,2025-06-26 11:59,18355.57408125521726462535211,25572.66575702729794058714837,27194.60022576430202385553333
1750953599999,2025-06-26 15:59,18355.57408125521726462535211,25569.85201748151078845101785,27194.60022576430202385553333
1750967999999,2025-06-26 19:59,18355.57408125521726462535211,25622.11943336252564328796219,27194.60022576430202385553333
1750982399999,2025-06-26 23:59,18355.57408125521726462535211,25482.52364380557321487123130,27194.60022576430202385553333
1750996799999,2025-06-27 03:59,18355.57408125521726462535211,25608.96323541854879816034770,27194.60022576430202385553333
1751011199999,2025-06-27 07:59,18355.57408125521726462535211,25464.09496015894864097371264,27194.60022576430202385553333
1751025599999,2025-06-27 11:59,18355.57408125521726462535211,25491.22932060515514027802292,27194.60022576430202385553333
1751039999999,2025-06-27 15:59,18355.57408125521726462535211,25568.57737678972744688215263,27194.60022576430202385553333
1751054399999,2025-06-27 19:59,18355.57408125521726462535211,25447.72952667883691529794590,27194.60022576430202385553333
1751068799999,2025-06-27 23:59,18355.57408125521726462535211,25506.47497628127028551011366,27194.60022576430202385553333
1751083199999,2025-06-28 03:59,18355.57408125521726462535211,25566.64278194537590790286561,27194.60022576430202385553333
1751097599999,2025-06-28 07:59,18355.57408125521726462535211,25610.68816973789672207784007,27194.60022576430202385553333
1751111999999,2025-06-28 11:59,18355.57408125521726462535211,25584.09702065192686179727048,27194.60022576430202385553333
1751126399999,2025-06-28 15:59,18355.57408125521726462535211,25602.17785842752271070590256,27194.60022576430202385553333
1751140799999,2025-06-28 19:59,18355.57408125521726462535211,25548.91932006467258466774714,27194.60022576430202385553333
1751155199999,2025-06-28 23:59,18355.57408125521726462535211,25565.84702495274855073650863,27194.60022576430202385553333
1751169599999,2025-06-29 03:59,18334.46825710433128166326059,25545.35509113961112861723804,27194.60022576430202385553333
1751183999999,2025-06-29 07:59,18350.81533182794619292090466,25590.95625532789740455757510,27202.30367647968631989041773
1751198399999,2025-06-29 11:59,18442.62286073419162948401512,25847.05896912577915271090070,27474.53082562070904858374012
1751212799999,2025-06-29 15:59,18380.58340614439729621107846,25673.99611826512467005519830,27290.57179678669427562592664
1751227199999,2025-06-29 19:59,18351.21077046937951078466063,25592.05935559013233380315379,27203.47622883241899572405349
1751241599999,2025-06-29 23:59,18432.35853763970866169434080,25818.42601242698999574899000,27444.09511465928075880267207
1751255999999,2025-06-30 03:59,18444.89727348178758082566121,25853.40358251310445850134571,27481.27490103178273269815052
1751270399999,2025-06-30 07:59,18368.91326878684901264658271,25641.44155674638153136926488,27255.96757357343448601296991
1751284799999,2025-06-30 11:59,18372.33983429317832424353506,25651.00017068177361805017566,27266.12800562346363384136441
1751299199999,2025-06-30 15:59,18366.04185472097684275900699,25633.43157168885705594024643,27247.45327333609699972207702
1751313599999,2025-06-30 19:59,18380.17771855329400034653400,25672.86442793129833875573852,27289.36885430818883065621393
1751327999999,2025-06-30 23:59,18328.97823639777973257422526,25530.04034279048342842160133,27137.55244849983954728912401
1751342399999,2025-07-01 03:59,18332.89675148826798820902521,25540.97128016226281368880438,27149.17160658696161364921223
1751356799999,2025-07-01 07:59,18331.75313952092627628770936,25537.78110467385553450990619,27145.78057505281679088195893
1751371199999,2025-07-01 11:59,18282.79817734313719068808028,25401.21824521155767397572750,27000.61960678870394831572163
1751385599999,2025-07-01 15:59,18227.23008039079480007967701,25246.20764205490763817477609,26835.84940986971182069583065
1751399999999,2025-07-01 19:59,18179.68776510918434892206169,25113.58544746029136073387418,26694.87721394127899071886666
1751414399999,2025-07-01 23:59,18203.82489566112170561235840,25180.91744856400914779499569,26766.44849264663137027476317
1751428799999,2025-07-02 03:59,18247.68698393207088965350621,25303.27342495134613772142987,26896.50810091215901630542809
1751443199999,2025-07-02 07:59,18323.29861012233359047060285,25514.19667811691479022916447,27120.71125380076331771314609
1751457599999,2025-07-02 11:59,18357.46092160978776159884241,25609.49453424895568632830460,27222.00914053284604054164843
1751471999999,2025-07-02 15:59,18464.88272533824468236321980,25909.15422211633846356946939,27540.53564628868254804820814
1751486399999,2025-07-02 19:59,18545.02951175747264852922396,26132.72858196110252491958590,27778.18642983173719216997768
1751500799999,2025-07-02 23:59,18474.43645458894250876489203,25935.80493385145707812895792,27568.86430852986551106127415
1751515199999,2025-07-03 03:59,18455.52799652697226214352411,25883.05863427128623888950535,27512.79705898958751909396963
1751529599999,2025-07-03 07:59,18511.19602073859693825961517,26038.34799062595244471579738,27677.86355963486414579061090
1751543999999,2025-07-03 11:59,18538.45737278159925552360373,26114.39519855311595786833754,27758.69876167994898366063181
1751558399999,2025-07-03 15:59,18498.20035255706483325980784,26002.09577984805464039457644,27639.32888015499288124503497
1751572799999,2025-07-03 19:59,18555.89937696162348319881832,26163.05073538975035323163762,27810.41769072423992507425902
1751587199999,2025-07-03 23:59,18537.22664474206273059558570,26110.96200745618176123145009,27755.04941407673562323672441
1751601599999,2025-07-04 03:59,18507.40134712328758346767616,26027.76251661923583426632415,27666.61161556749637315811919
1751615999999,2025-07-04 07:59,18461.65943066703660111523919,25900.16264460084251762386688,27530.97795173314665475200654
1751630399999,2025-07-04 11:59,18477.71611848333546901720934,25944.95375676070573537090642,27578.58914877715163460589899
1751644799999,2025-07-04 15:59,18365.42947997819565721189461,25631.72331491127078322085135,27245.63746332117404384147910
1751659199999,2025-07-04 19:59,18356.54193245604640086147433,25606.93095782959330216363362,27219.28415925522107467341501
1751673599999,2025-07-04 23:59,18400.52786220217448574548308,25729.63239758199306690779762,27349.71098154050301443167645
1751687999999,2025-07-05 03:59,18415.08820336665656553233345,25770.24935928951158478819816,27392.88522022168370041833381
1751702399999,2025-07-05 07:59,18406.43979800347346253364464,25746.12410387830015165487250,27367.24101909042867775873195
1751716799999,2025-07-05 11:59,18411.45751294606685875301031,25760.12132642825740720082236,27382.11951816668023396307334
1751731199999,2025-07-05 15:59,18406.82754993265429689680923,25747.20576158684152936004037,27368.39077884883177674030999
1751745599999,2025-07-05 19:59,18413.98302496057727111397444,25767.16639656957206331135406,27389.60815165918676191136909
1751759999999,2025-07-05 23:59,18418.79490683063194248417124,25780.58943518173532760852537,27403.87631570950187129949834
1751774399999,2025-07-06 03:59,18406.18613649914150701412947,25745.41649960641295082131555,27366.48886347755264164082738
1751788799999,2025-07-06 07:59,18405.31668393547170661390577,25742.99110853307567658373649,27363.91076780782939326363256
1751803199999,2025-07-06 11:59,18408.36574646229016184848201,25751.49665483151778761336049,27372.95183022522821124652597
1751817599999,2025-07-06 15:59,18479.25260685469300430208403,25949.23988499345009328191303,27583.14513513258594092276881
1751831999999,2025-07-06 19:59,18447.86263625296788238713144,25861.67564322688345275760748,27490.06777742203726940308215
1751846399999,2025-07-06 23:59,18504.69135401471756709251918,26020.20282518927594118593285,27658.57595981108000076043830
1751860799999,2025-07-07 03:59,18520.54562507503436947891661,26064.42928343520896836882088,27705.58695187107279017681094
1751875199999,2025-07-07 07:59,18492.49852022400040548781036,25986.19017001937129775206389,27622.42184018340898520755700
1751889599999,2025-07-07 11:59,18456.70662573901973223420064,25886.34649250429747508583059,27516.29192345345596974281919
1751903999999,2025-07-07 15:59,18426.86339245832212360491123,25803.09696904206659452641274,27427.80094222411437367607930
1751918399999,2025-07-07 19:59,18406.71481148628453888813583,25746.89127079933610676734839,27368.05648746533131624346352
1751932799999,2025-07-07 23:59,18424.33104781069839257675477,25796.03283885302433704662698,27420.29204864775933297039892
1751947199999,2025-07-08 03:59,18393.46291956300298386861621,25709.92430823165325109910023,27328.76205484114082329596377
1751961599999,2025-07-08 07:59,18443.26342008856525453329585,25848.84584860024178107846876,27476.43020848150711958854966
1751975999999,2025-07-08 11:59,18466.47387477450876698563311,25913.59283073090363243450847,27545.25371331490495642415504
1751990399999,2025-07-08 15:59,18424.79310462498656744563593,25797.32177458060337964243275,27421.66213681801500818853487
1752004799999,2025-07-08 19:59,18467.79855151935342358754565,25917.28809748409234789863923,27549.18163707103536726210117
1752019199999,2025-07-08 23:59,18480.70368731213405624705463,25953.28776262959943407724389,27587.44787043991383777233068
1752033599999,2025-07-09 03:59,18434.02228380280175715567260,25823.06713404866092916235345,27449.02844507639361522583071
1752047999999,2025-07-09 07:59,18462.88845054829479637645914,25903.59107068584481391844081,27534.62223431539788698656778
1752062399999,2025-07-09 11:59,18492.25852398589508730267985,25985.52068584293929965701505,27621.71020473822997460442169
1752076799999,2025-07-09 15:59,18493.37309726250519488842831,25988.62985612850427301658349,27625.01513091601861815279029
1752091199999,2025-07-09 19:59,18722.15356811231078782273355,26626.82696421564472043488069,28303.39364845769553004121912
1752105599999,2025-07-09 23:59,18678.08223045226621959882071,26503.88727386664993857504094,28172.71357512430718081564975
1752119999999,2025-07-10 03:59,18664.46137634086545655091540,26465.89106872167660896707357,28132.32509797229699896937971
1752134399999,2025-07-10 07:59,18677.74145287573945107260336,26502.93665398623582028349473,28171.70310344236260704109107
1752148799999,2025-07-10 11:59,18659.80493687413878485934406,26452.90164619531627582043210,28118.51785082953555481175090
1752163199999,2025-07-10 15:59,18692.97822471844007891149418,26545.44056041878687372004714,28216.88309042454605600882731
1752177599999,2025-07-10 19:59,18854.69042300704879951930956,26996.54662251775823071165424,28696.39115741970280550435124
1752191999999,2025-07-10 23:59,19085.99128139652981581418468,27641.77450571041763321354259,29382.24311339099986077303734
1752206399999,2025-07-11 03:59,19160.44135995752834320858561,27849.45755076229405294808709,29603.00205202535699342536738
1752220799999,2025-07-11 07:59,19215.54483785816506444791060,28003.17207067346719563976246,29766.39456324265025354310317
1752235199999,2025-07-11 11:59,19240.74273470094514421981619,28073.46314418689509527757669,29841.11121996548423868296428
1752249599999,2025-07-11 15:59,19162.22553127924368017918219,27854.43460572516396049455335,29608.29246642029988719743021
1752263999999,2025-07-11 19:59,19265.24626520358421443830148,28141.81724035000550576494714,29913.76894566721311485361185
1752278399999,2025-07-11 23:59,19215.61145603101992145303579,28003.35790613881130898998954,29766.59209906017325292760336
1752292799999,2025-07-12 03:59,19236.68671286905135040777065,28062.14862335459773245413569,29829.08432769091085308051028
1752307199999,2025-07-12 07:59,19233.06285508157496229563983,28052.03965054107115623601395,29818.33888571975589938263445
1752321599999,2025-07-12 11:59,19239.72552644619982764155840,28070.62557958144844142987860,29838.09499998253690192732673
1752335999999,2025-07-12 15:59,19179.08676164463582114304892,27901.47003850495223947125838,29658.28928833746724423336344
1752350399999,2025-07-12 19:59,19217.60146042527398327280124,28008.90914503947520778523434,29772.49284848105259351587833
1752364799999,2025-07-12 23:59,19206.41644001877132507896076,27977.70784690939176631633913,29739.32709122103720967723070
1752379199999,2025-07-13 03:59,19234.90852010131016727096736,28057.18824593348947610576674,29823.81164086933540797115900
1752393599999,2025-07-13 07:59,19255.86762217641517888343264,28115.65494233790667629259388,29885.95944807464829124852712
1752407999999,2025-07-13 11:59,19262.10325397145762752983073,28133.04961839530887590807982,29904.44930709689724645667971
1752422399999,2025-07-13 15:59,19313.36764614154842264046658,28276.05477398953599925013058,30056.45818370180740101892367
1752436799999,2025-07-13 19:59,19338.03686799718547053836581,28344.87107631004074294191197,30129.60721643686271155614864
1752451199999,2025-07-13 23:59,19348.76068566853911869672417,28374.78582121851109198615816,30161.40541803710348427133340
1752465599999,2025-07-14 03:59,19490.84529126000080296117913,28771.13951371398156562432294,30582.71386166692627408481997
1752479999999,2025-07-14 07:59,19660.44832671535341934273398,29244.25754843236655393321186,31085.61979299663419426492435
1752494399999,2025-07-14 11:59,19552.08276553811935767241632,28941.96519147260883756383012,30764.29486315922186214461191
1752508799999,2025-07-14 15:59,19416.36873624568816573140793,28563.38261097716069058391896,30361.87641520765615449762448
1752523199999,2025-07-14 19:59,19421.59399241909861646674055,28577.95878247684383772096087,30377.37031433080628570752416
1752537599999,2025-07-14 23:59,19413.20437303508245798796115,28554.55542637331530644813271,30352.49346387531368373386536
1752551999999,2025-07-15 03:59,19183.22562915302860379480144,27913.01566241594676889690485,29670.56183412870384701910614
1752566399999,2025-07-15 07:59,19151.68021614797548220122339,27825.01780456357719722206945,29577.02355951060151026891904
1752580799999,2025-07-15 11:59,19180.27991020204909340150915,27904.79839933938462857724850,29661.82720547951378449165534
1752595199999,2025-07-15 15:59,19118.56842200169405615380422,27732.65043076965501164574095,29478.84066067022762388830434
1752609599999,2025-07-15 19:59,19120.67287300059620564904115,27738.52092546975623337599124,29485.08076649556955316277195
1752623999999,2025-07-15 23:59,19235.29200163479517746713675,28058.25799111220110295515082,29824.94873807533318647937164
1752638399999,2025-07-16 03:59,19211.76895398391733599075049,27992.63901179800148895573790,29755.19833440586589099341921
1752652799999,2025-07-16 07:59,19272.11647779902613430018700,28160.98211834010868254990384,29934.14045997689269240386243
1752667199999,2025-07-16 11:59,19321.63684036694233960998120,28299.12219675186555638985595,30080.97795017946996564367828
1752681599999,2025-07-16 15:59,19349.53960584345744675664953,28376.95866665945764808112093,30163.71506759583393861318180
1752695999999,2025-07-16 19:59,19361.01842947383280763976010,28408.97954684182794842794069,30197.75200846133537101936874
1752710399999,2025-07-16 23:59,19309.79674126070025419907630,28266.09351654589833364372780,30045.86975738047842119077876
1752724799999,2025-07-17 03:59,19266.95356940277471640298437,28146.57986977593989790730523,29918.83143411886024010509754
1752739199999,2025-07-17 07:59,19282.57894725379534343843883,28190.16781642299827922018227,29965.16371336992785214908490
1752753599999,2025-07-17 11:59,19255.52599052074924552381626,28114.70193995152660782989092,29884.94644388222265337929536
1752767999999,2025-07-17 15:59,19331.28195608553080318535082,28326.02783662534083926311752,30109.57759104212678678676378
1752782399999,2025-07-17 19:59,19337.91558875942406419570200,28344.53276046287581863765242,30129.24759994855161011257137
1752796799999,2025-07-17 23:59,19356.52597320182578396080463,28396.44756546093004814339665,30184.43100333093823303897118
1752811199999,2025-07-18 03:59,19445.82250943892661033073465,28645.54571171891829309585542,30449.21257165763252339344017
1752825599999,2025-07-18 07:59,19370.35778486060026085827306,28435.03224957949307002708310,30225.44501057177124626949182
1752839999999,2025-07-18 11:59,19355.99473597726525758660115,28394.96564675010904168389353,30182.85578181171636615231580
1752854399999,2025-07-18 15:59,19244.01727412050311547173925,28082.59767206034805149258465,29850.82086514988397765955064
1752868799999,2025-07-18 19:59,19202.55258599318961878169944,27966.92938991943319200316855,29727.87001380470324537621956
1752883199999,2025-07-18 23:59,19249.53377128036877439614485,28097.98627809442020699408084,29867.17835034707696515297040
1752897599999,2025-07-19 03:59,19283.50049864495419867600403,28192.73854036025851389832353,29967.89629217899601030133756
1752911999999,2025-07-19 07:59,19269.87964453355343562809872,28154.74233521528518429035615,29927.50781502698582845506752
1752926399999,2025-07-19 11:59,19283.88654241585670337237054,28193.81543305686799126117788,29969.04098691643698109356944
1752940799999,2025-07-19 15:59,19260.91608396801850910516379,28129.73793510263813800018701,29900.92911752821815486109937
1752955199999,2025-07-19 19:59,19256.62604445199355094178102,28117.77060763567042827979448,29888.20831738183320731822161
1752969599999,2025-07-19 23:59,19242.28776386369432783868130,28077.77309747929895490015087,29845.69253142572918594656489
1752983999999,2025-07-20 03:59,19252.36675178497852678076373,28105.88905038347692472104521,29875.57868761276656718357472
1752998399999,2025-07-20 07:59,19258.47170947172875591710855,28122.91920302808874814954727,29893.68107253141271590674617
1753012799999,2025-07-20 11:59,19245.57255223292227709139285,28086.93621542434331316903992,29855.43256673590169405922821
1753027199999,2025-07-20 15:59,19313.27113519882279646637495,28275.78555081538362990941700,30056.17201001744715832086570
1753041599999,2025-07-20 19:59,19269.19211082652574474187074,28152.82441791269529650916643,29925.46914408972923224323861
1753055999999,2025-07-20 23:59,19193.18846231138638539461430,27940.80759450875551544048018,29700.10356889031651138057718
1753070399999,2025-07-21 03:59,19290.45782731259093154459173,28212.14643395888860814126949,29988.52612255774412550824223
1753084799999,2025-07-21 07:59,19372.33583214690601501045193,28440.55013339663366642613329,30231.31030484591568953234368
1753099199999,2025-07-21 11:59,19261.94610340985129818440719,28132.61123729757404441523646,29903.98332516838145303683311
1753113599999,2025-07-21 15:59,19282.69937241241758494770360,28190.50374976419725335328506,29965.52079734775788949798909
1753127999999,2025-07-21 19:59,19150.70229553363174795932149,27822.28983523256425124758220,29574.12383500978312186824314
1753142399999,2025-07-21 23:59,19203.03087031112192548516238,27968.26359326036528785095271,29729.28821967409913839314401
1753156799999,2025-07-22 03:59,19188.48077809630982369910050,27927.67522162443817202443326,29686.14437111869122154256360
1753171199999,2025-07-22 07:59,19254.55917293521465411610188,28112.00494319807101408044151,29882.07964201765809820936950
1753185599999,2025-07-22 11:59,19354.59831658473075497916917,28391.07024949578051184259515,30178.71512717517657136183100
1753199999999,2025-07-22 15:59,19333.84846389872112754946892,28333.18726705302110358917357,30117.18778503772439127936733
1753214399999,2025-07-22 19:59,19365.45451652265495231437888,28421.35428282897313741613874,30210.90586789998227875134307
1753228799999,2025-07-22 23:59,19422.87596520698503139870104,28581.53492393173504462725376,30381.17161256288349181181632
1753243199999,2025-07-23 03:59,19308.40800858041823509223569,28262.21956184526335534284023,30041.75189533826820325235168
1753257599999,2025-07-23 07:59,19285.87569273097160035873695,28199.36428945156593988526592,29974.93920382683525758717133
1753271999999,2025-07-23 11:59,19301.94177541780128142809655,28244.18160917705460951502979,30022.57825848613194248246765
1753286399999,2025-07-23 15:59,19304.41262636740514445152206,28251.07419893654845467152901,30029.90481130785036837168631
1753300799999,2025-07-23 19:59,19289.57300132441616414318529,28209.67815777816423082286880,29985.90244169936172342693199
1753315199999,2025-07-23 23:59,19320.52055893205390235743466,28296.00826145436868268797400,30077.66795898071919390596352
1753329599999,2025-07-24 03:59,19297.71066736237869676924761,28232.37867462173746160445352,30010.03220156294041747203237
1753343999999,2025-07-24 07:59,19291.50065794151119312482075,28215.05547374331376712367030,29991.61831785512338510407216
1753358399999,2025-07-24 11:59,19307.19777844022166616579465,28258.84355089151196281371497,30038.16332798660038110059819
1753372799999,2025-07-24 15:59,19349.27398723117718356954779,28376.21770730404714485136937,30162.92745683622300516985411
1753387199999,2025-07-24 19:59,19336.52856423742037475565947,28340.66357077417274067907836,30125.13480292730352036349044
1753401599999,2025-07-24 23:59,19285.07627465671331629723461,28197.13426386743657968254097,29972.56877401655926497316902
1753415999999,2025-07-25 03:59,19035.57157349507304093520035,27501.12564851651522914552492,29232.73888965186209584246890
1753430399999,2025-07-25 07:59,19027.06067487329547611375713,27477.38397656582177356843721,29207.50242270805839242523282
1753444799999,2025-07-25 11:59,19131.56323610408699632021250,27768.90025904158686579580513,29517.37280763961782433920719
1753459199999,2025-07-25 15:59,19061.82767439127834928851770,27574.36864692175539084656160,29310.59332686073449428227537
1753473599999,2025-07-25 19:59,19143.94909178025541027310458,27803.45136055979624791110127,29554.09927463600932528820444
1753487999999,2025-07-25 23:59,19223.01205177188320285572576,28024.00232033376954206329261,29788.53630237859363326983624
1753502399999,2025-07-26 03:59,19212.36253898563689520308396,27994.29485344433685790968431,29756.95842919020543679120938
1753516799999,2025-07-26 07:59,19196.54926372400000481984049,27950.18275548476943894232063,29710.06899763330372391914456
1753531199999,2025-07-26 11:59,19236.83105224357020725220857,28062.55126686284331137962770,29829.51232196221068508026070
1753545599999,2025-07-26 15:59,19267.06459969086614474485970,28146.88959555151342015768369,29919.16066048139857241259786
1753559999999,2025-07-26 19:59,19275.77706098948661024847658,28171.19353891017111612776616,29944.99479989873340217268067
1753574399999,2025-07-26 23:59,19249.11954289787383019760998,28096.83076270093437398305349,29865.95008276376087923652689
1753588799999,2025-07-27 03:59,19271.56815899168231125800270,28159.45254950996867266726558,29932.51458824804954362374546
1753603199999,2025-07-27 07:59,19264.14791943061823868713480,28138.75333767779358565735709,29910.51213718856468910403176
1753617599999,2025-07-27 11:59,19262.16303951119916586776360,28133.21639381292538788905284,29904.62658283057173308379527
1753631999999,2025-07-27 15:59,19305.97986158777261373876223,28255.44609738406701874417888,30034.55196804060298209678698
1753646399999,2025-07-27 19:59,19337.94462745015566853126939,28344.61376566571812445698217,30129.33370530490778933145607
1753660799999,2025-07-27 23:59,19376.85220263480965402458056,28453.14882494457817150306654,30244.70222026978262216358747
1753675199999,2025-07-28 03:59,19365.95756913562303918641400,28422.75757884291778822746886,30212.39751657332903051378683
1753689599999,2025-07-28 07:59,19332.82015261516666813702360,28330.31872987001709751643763,30114.13864241852322129297975
1753703999999,2025-07-28 11:59,19326.62722477708246116057756,28313.04317911091240645878957,30095.77540892032747081848113
1753718399999,2025-07-28 15:59,19270.89087423432459837256322,28157.56322227897018693995694,29930.50630743656571654799351
1753732799999,2025-07-28 19:59,19261.82311601381156217494529,28132.26815643847721976866339,29903.61864365910822340390967
1753747199999,2025-07-28 23:59,19261.27565128560690396616003,28130.74097011430316005718188,29901.99530444074613871846579
1753761599999,2025-07-29 03:59,19321.27727304935394474898496,28298.11916174020053433286107,30079.91176326694198178631186
1753775999999,2025-07-29 07:59,19331.31441109281906685451438,28326.11837185204694576707430,30109.67382644040722238434080
1753790399999,2025-07-29 11:59,19306.54697013617806311572543,28257.02808134545793239226581,30036.23355500002954095971170
1753804799999,2025-07-29 15:59,19204.70913581958082311427787,27972.94521748345737417398105,29734.26460276939008442574501
1753819199999,2025-07-29 19:59,19215.40903927503785593746309,28002.79325222488111842583803,29765.99189407616106249008355
1753833599999,2025-07-29 23:59,19251.74754440908402256645903,28104.16173355816305063239608,29873.74261751399509854559216
1753847999999,2025-07-30 03:59,19269.77800911599282045361284,28154.45881700533711392270202,29927.20644627973920118897107
1753862399999,2025-07-30 07:59,19266.45905758119827786493965,28145.20039882165474880754268,29917.36511055032412928938458
1753876799999,2025-07-30 11:59,19220.08085216626949463021716,28015.82555985862855465330113,29779.84472640758166035182779
1753891199999,2025-07-30 15:59,19255.95388416947082705673578,28115.89557544046764357942638,29886.21523163323576481050814
1753905599999,2025-07-30 19:59,19163.43319918202275460542611,27857.80346916101750251020834,29611.87343624052451706516446
1753919999999,2025-07-30 23:59,19242.31338623786927284065253,28077.84457265827746003485359,29845.76850674016110878675727
1753934399999,2025-07-31 03:59,19295.76507508336120628623229,28226.95132603130297170936011,30004.26314268707640980675753
1753948799999,2025-07-31 07:59,19312.83213852129207209926789,28274.56094274888524193484368,30054.87029963018021365890289
1753963199999,2025-07-31 11:59,19287.66071813182610216273257,28204.34372692040179760288893,29980.23215073225921545390724
1753977599999,2025-07-31 15:59,19282.10322517328053123517301,28188.84076059996403388586838,29963.75310503197515141617968
1753991999999,2025-07-31 19:59,19152.24988693379842607838372,27826.60693604286596138362665,29578.71274400147126141586299
1754006399999,2025-07-31 23:59,19064.98776720618823286496927,27583.18391899577102412656406,29319.96361564067164457266909
