pair,strategy,entry_time,entry_price,exit_time,exit_price,exit_reason,qty,fees_quote,pnl,pnl_pct,duration_hours,entry_client_order_id,exit_client_order_id
XRP/USDT,ema_trend,2021-08-01 04:00,0.7744,2021-08-01 23:59,0.7266,stop,2109.2,3.167612880000,-103.987372880000,-0.063665,20.00,tb-ema_trend-XRPUSDT-1627776000-B,tb-ema_trend-XRPUSDT-1627848000-X
BTC/USDT,ema_trend,2021-08-01 04:00,42451.63,2021-08-01 23:59,40384.39,stop,0.04880,4.0445203555,-104.9258323555,-0.050649,20.00,tb-ema_trend-BTCUSDT-1627776000-B,tb-ema_trend-BTCUSDT-1627848000-X
SOL/USDT,ema_trend,2021-08-01 04:00,36.11,2021-08-02 23:59,33.13,stop,33.729,2.3366237000,-102.8490437000,-0.084444,44.00,tb-ema_trend-SOLUSDT-1627776000-B,tb-ema_trend-SOLUSDT-1627934400-X
LINK/USDT,ema_trend,2021-08-02 00:00,22.077,2021-08-09 03:59,22.486,trailing,51.09,2.27804829000,18.61776171000,0.016506,172.00,tb-ema_trend-LINKUSDT-1627848000-B,tb-ema_trend-LINKUSDT-1628467200-T
XRP/USDT,ema_trend,2021-08-03 00:00,0.7384,2021-08-12 15:59,0.9471,trailing,2060.6,3.474691940000,426.572528060000,0.280354,232.00,tb-ema_trend-XRPUSDT-1627934400-B,tb-ema_trend-XRPUSDT-1628769600-T
ETH/USDT,ema_trend,2021-08-02 00:00,2556.78,2021-08-12 19:59,2983.18,trailing,0.6633,3.6764452100,279.1546747900,0.164604,260.00,tb-ema_trend-ETHUSDT-1627848000-B,tb-ema_trend-ETHUSDT-1628784000-T
BTC/USDT,ema_trend,2021-08-09 04:00,43517.84,2021-08-17 23:59,45210.83,trailing,0.03721,3.3033345200,59.6928233800,0.036863,212.00,tb-ema_trend-BTCUSDT-1628467200-B,tb-ema_trend-BTCUSDT-1629230400-T
ADA/USDT,ema_trend,2021-08-12 16:00,1.7167,2021-08-17 23:59,1.9657,trailing,731.3,2.694312480000,179.399387520000,0.142900,128.00,tb-ema_trend-ADAUSDT-1628769600-B,tb-ema_trend-ADAUSDT-1629230400-T
LTC/USDT,ema_trend,2021-08-12 20:00,165.55,2021-08-17 23:59,169.65,trailing,8.527,2.8597403500,32.1009596500,0.022740,124.00,tb-ema_trend-LTCUSDT-1628784000-B,tb-ema_trend-LTCUSDT-1629230400-T
SOL/USDT,ema_trend,2021-08-18 00:00,64.17,2021-08-24 19:59,69.77,trailing,11.076,1.4842894800,60.5413105200,0.085180,164.00,tb-ema_trend-SOLUSDT-1629230400-B,tb-ema_trend-SOLUSDT-1629820800-T
XRP/USDT,ema_trend,2021-08-18 00:00,1.0986,2021-08-24 19:59,1.1492,trailing,815.1,1.833170520000,39.410889480000,0.044011,164.00,tb-ema_trend-XRPUSDT-1629230400-B,tb-ema_trend-XRPUSDT-1629820800-T
ADA/USDT,ema_trend,2021-08-24 20:00,2.7947,2021-08-26 07:59,2.5484,stop,452.5,2.419150100000,-113.869900100000,-0.090044,36.00,tb-ema_trend-ADAUSDT-1629820800-B,tb-ema_trend-ADAUSDT-1629950400-X
ETH/USDT,ema_trend,2021-08-26 08:00,3106.72,2021-08-26 12:00,3086.00,signal,0.5652,3.5019893760,-15.2129333760,-0.008664,4.00,tb-ema_trend-ETHUSDT-1629950400-B,tb-ema_trend-ETHUSDT-1629964800-S
BTC/USDT,ema_trend,2021-08-24 20:00,48267.33,2021-08-26 15:59,46532.34,stop,0.04055,3.8465399880,-74.2003844880,-0.037911,44.00,tb-ema_trend-BTCUSDT-1629820800-B,tb-ema_trend-BTCUSDT-1629979200-X
BNB/USDT,ema_trend,2021-08-18 00:00,402.07,2021-08-30 15:59,472.18,trailing,4.167,3.6450101000,288.5033599000,0.172197,304.00,tb-ema_trend-BNBUSDT-1629230400-B,tb-ema_trend-BNBUSDT-1630324800-T
SOL/USDT,ema_trend,2021-08-26 16:00,74.75,2021-08-31 19:59,107.82,trailing,13.286,2.4266715200,436.9413484800,0.439965,124.00,tb-ema_trend-SOLUSDT-1629979200-B,tb-ema_trend-SOLUSDT-1630425600-T
ADA/USDT,ema_trend,2021-08-26 16:00,2.5573,2021-09-04 19:59,2.8278,trailing,466.4,2.512889290000,123.648310710000,0.103669,220.00,tb-ema_trend-ADAUSDT-1629979200-B,tb-ema_trend-ADAUSDT-1630771200-T
ETH/USDT,ema_trend,2021-08-31 16:00,3388.54,2021-09-07 11:59,3765.21,trailing,0.6396,4.5779104820,236.3402215180,0.109048,164.00,tb-ema_trend-ETHUSDT-1630411200-B,tb-ema_trend-ETHUSDT-1631001600-T
LTC/USDT,ema_trend,2021-09-04 20:00,210.71,2021-09-07 11:59,210.23,trailing,8.304,3.4973821500,-7.4833021500,-0.004277,64.00,tb-ema_trend-LTCUSDT-1630771200-B,tb-ema_trend-LTCUSDT-1631001600-T
SOL/USDT,ema_trend,2021-09-01 04:00,111.30,2021-09-07 15:59,161.98,trailing,8.149,2.2279604200,410.7633595800,0.452889,156.00,tb-ema_trend-SOLUSDT-1630454400-B,tb-ema_trend-SOLUSDT-1631016000-T
LINK/USDT,ema_trend,2021-09-07 12:00,32.707,2021-09-07 15:59,30.051,stop,46.30,2.90733075000,-125.88013075000,-0.083126,4.00,tb-ema_trend-LINKUSDT-1631001600-B,tb-ema_trend-LINKUSDT-1631016000-X
XRP/USDT,ema_trend,2021-09-07 12:00,1.2846,2021-09-07 15:59,1.2006,stop,1466.5,3.646472700000,-126.832472700000,-0.067326,4.00,tb-ema_trend-XRPUSDT-1631001600-B,tb-ema_trend-XRPUSDT-1631016000-X
ETH/USDT,ema_trend,2021-09-08 04:00,3431.84,2021-09-08 12:00,3404.55,signal,0.4281,2.9283744840,-14.6112234840,-0.009945,8.00,tb-ema_trend-ETHUSDT-1631059200-B,tb-ema_trend-ETHUSDT-1631088000-S
LINK/USDT,ema_trend,2021-09-08 04:00,28.065,2021-09-09 00:00,27.156,signal,30.09,1.66272249000,-29.01453249000,-0.034358,20.00,tb-ema_trend-LINKUSDT-1631059200-B,tb-ema_trend-LINKUSDT-1631131200-S
SOL/USDT,ema_trend,2021-09-08 04:00,173.12,2021-09-12 19:59,176.59,trailing,4.157,1.4546100700,12.9701799300,0.018023,112.00,tb-ema_trend-SOLUSDT-1631059200-B,tb-ema_trend-SOLUSDT-1631462400-T
LINK/USDT,ema_trend,2021-09-15 08:00,30.326,2021-09-17 11:59,28.084,trailing,43.80,2.55987430000,-100.75947430000,-0.075857,52.00,tb-ema_trend-LINKUSDT-1631678400-B,tb-ema_trend-LINKUSDT-1631865600-T
ETH/USDT,ema_trend,2021-09-16 08:00,3635.91,2021-09-17 11:59,3444.81,stop,0.5384,3.8144411900,-106.7026811900,-0.054508,28.00,tb-ema_trend-ETHUSDT-1631764800-B,tb-ema_trend-ETHUSDT-1631865600-X
LINK/USDT,ema_trend,2021-09-17 20:00,28.315,2021-09-19 04:00,27.926,signal,49.75,2.79940550000,-22.15215550000,-0.015726,32.00,tb-ema_trend-LINKUSDT-1631894400-B,tb-ema_trend-LINKUSDT-1632009600-S
ETH/USDT,ema_trend,2021-09-17 20:00,3425.66,2021-09-19 12:00,3324.52,signal,0.6202,4.1888595940,-66.9158875940,-0.031496,40.00,tb-ema_trend-ETHUSDT-1631894400-B,tb-ema_trend-ETHUSDT-1632038400-S
BTC/USDT,ema_trend,2021-09-16 04:00,47638.88,2021-09-20 03:59,46410.07,trailing,0.05479,5.1558003080,-72.4823002080,-0.027770,96.00,tb-ema_trend-BTCUSDT-1631750400-B,tb-ema_trend-BTCUSDT-1632096000-T
BNB/USDT,ema_trend,2021-10-01 08:00,399.10,2021-10-09 23:59,418.64,trailing,5.399,4.4173728600,101.0790871400,0.046910,208.00,tb-ema_trend-BNBUSDT-1633060800-B,tb-ema_trend-BNBUSDT-1633809600-T
ETH/USDT,ema_trend,2021-10-10 00:00,3576.62,2021-10-10 23:59,3433.39,stop,0.5211,3.6550621840,-78.2922151840,-0.042007,24.00,tb-ema_trend-ETHUSDT-1633809600-B,tb-ema_trend-ETHUSDT-1633896000-X
XRP/USDT,ema_trend,2021-10-01 16:00,1.0258,2021-10-11 23:59,1.1141,trailing,1690.3,3.618816830000,145.634673170000,0.083992,248.00,tb-ema_trend-XRPUSDT-1633089600-B,tb-ema_trend-XRPUSDT-1633982400-T
BNB/USDT,ema_trend,2021-10-11 04:00,416.01,2021-10-12 00:00,412.99,signal,4.434,3.6778660500,-17.0685460500,-0.009253,20.00,tb-ema_trend-BNBUSDT-1633910400-B,tb-ema_trend-BNBUSDT-1633982400-S
BTC/USDT,ema_trend,2021-10-01 12:00,47511.82,2021-10-12 23:59,54199.42,trailing,0.04865,4.9506274140,320.4011125860,0.138615,276.00,tb-ema_trend-BTCUSDT-1633075200-B,tb-ema_trend-BTCUSDT-1634068800-T
BNB/USDT,ema_trend,2021-10-13 00:00,444.33,2021-10-16 15:59,445.52,trailing,4.596,4.0919722500,1.3772677500,0.000674,88.00,tb-ema_trend-BNBUSDT-1634068800-B,tb-ema_trend-BNBUSDT-1634385600-T
ETH/USDT,ema_trend,2021-10-12 00:00,3543.90,2021-10-17 23:59,3728.26,trailing,0.5228,3.8040115900,92.5793964100,0.049969,144.00,tb-ema_trend-ETHUSDT-1633982400-B,tb-ema_trend-ETHUSDT-1634500800-T
XRP/USDT,ema_trend,2021-10-12 08:00,1.1019,2021-10-17 23:59,1.0929,trailing,1676.0,3.680358030000,-18.764358030000,-0.010161,136.00,tb-ema_trend-XRPUSDT-1634011200-B,tb-ema_trend-XRPUSDT-1634500800-T
BTC/USDT,ema_trend,2021-10-16 16:00,60971.52,2021-10-21 15:59,63038.79,trailing,0.03350,4.1567842508,65.0967607492,0.031870,120.00,tb-ema_trend-BTCUSDT-1634385600-B,tb-ema_trend-BTCUSDT-1634817600-T
BNB/USDT,ema_trend,2021-10-18 00:00,471.24,2021-10-21 15:59,475.99,trailing,4.926,4.6684111800,18.7300888200,0.008069,88.00,tb-ema_trend-BNBUSDT-1634500800-B,tb-ema_trend-BNBUSDT-1634817600-T
SOL/USDT,ema_trend,2021-10-18 00:00,160.20,2021-10-26 23:59,196.60,trailing,11.832,4.2235800000,426.4612200000,0.224988,216.00,tb-ema_trend-SOLUSDT-1634500800-B,tb-ema_trend-SOLUSDT-1635278400-T
XRP/USDT,ema_trend,2021-10-27 04:00,1.1120,2021-10-27 08:00,1.0802,signal,1844.7,4.046064140000,-62.707524140000,-0.030570,4.00,tb-ema_trend-XRPUSDT-1635292800-B,tb-ema_trend-XRPUSDT-1635307200-S
ETH/USDT,ema_trend,2021-10-21 16:00,4092.05,2021-10-27 11:59,3994.67,trailing,0.5598,4.5294010900,-59.0427250900,-0.025775,140.00,tb-ema_trend-ETHUSDT-1634817600-B,tb-ema_trend-ETHUSDT-1635321600-T
LINK/USDT,ema_trend,2021-10-21 16:00,28.735,2021-10-27 11:59,30.597,trailing,68.21,4.04904717000,122.95797283000,0.062733,140.00,tb-ema_trend-LINKUSDT-1634817600-B,tb-ema_trend-LINKUSDT-1635321600-T
LINK/USDT,ema_trend,2021-10-27 20:00,29.145,2021-10-31 15:59,28.851,trailing,47.11,2.73364881000,-16.58398881000,-0.012078,92.00,tb-ema_trend-LINKUSDT-1635350400-B,tb-ema_trend-LINKUSDT-1635681600-T
SOL/USDT,ema_trend,2021-10-27 12:00,190.08,2021-11-09 15:59,237.65,trailing,7.242,3.0991413000,341.4027987000,0.248012,316.00,tb-ema_trend-SOLUSDT-1635321600-B,tb-ema_trend-SOLUSDT-1636459200-T
BNB/USDT,ema_trend,2021-10-29 04:00,497.05,2021-11-10 07:59,624.39,trailing,4.883,5.4784767700,616.3227432300,0.253934,292.00,tb-ema_trend-BNBUSDT-1635465600-B,tb-ema_trend-BNBUSDT-1636516800-T
LINK/USDT,ema_trend,2021-11-01 00:00,30.015,2021-11-10 23:59,34.846,trailing,70.54,4.57769614000,336.20104386000,0.158791,240.00,tb-ema_trend-LINKUSDT-1635710400-B,tb-ema_trend-LINKUSDT-1636574400-T
LTC/USDT,ema_trend,2021-11-09 16:00,264.74,2021-11-10 23:59,255.09,trailing,7.777,4.0448358300,-79.0928858300,-0.038415,32.00,tb-ema_trend-LTCUSDT-1636459200-B,tb-ema_trend-LTCUSDT-1636574400-T
ADA/USDT,ema_trend,2021-11-10 08:00,2.2272,2021-11-10 23:59,2.0967,stop,1034.4,4.475092080000,-139.464292080000,-0.060536,16.00,tb-ema_trend-ADAUSDT-1636516800-B,tb-ema_trend-ADAUSDT-1636574400-X
ETH/USDT,ema_trend,2021-11-11 00:00,4631.00,2021-11-14 19:59,4530.78,trailing,0.5699,5.2240770200,-62.3394550200,-0.023621,92.00,tb-ema_trend-ETHUSDT-1636574400-B,tb-ema_trend-ETHUSDT-1636905600-T
BTC/USDT,ema_trend,2021-11-11 00:00,64914.87,2021-11-16 03:59,62617.68,trailing,0.04551,5.8072520972,-110.3523689972,-0.037353,124.00,tb-ema_trend-BTCUSDT-1636574400-B,tb-ema_trend-BTCUSDT-1637020800-T
BNB/USDT,ema_trend,2021-11-11 00:00,614.51,2021-11-16 03:59,617.61,trailing,3.221,3.9711165600,6.0139834400,0.003038,124.00,tb-ema_trend-BNBUSDT-1636574400-B,tb-ema_trend-BNBUSDT-1637020800-T
LTC/USDT,ema_trend,2021-11-14 20:00,271.24,2021-11-16 03:59,248.71,trailing,5.991,3.1166478900,-138.0938778900,-0.084981,32.00,tb-ema_trend-LTCUSDT-1636905600-B,tb-ema_trend-LTCUSDT-1637020800-T
BNB/USDT,ema_trend,2021-11-16 12:00,586.30,2021-11-16 20:00,584.90,signal,4.194,4.9149443000,-10.7865443000,-0.004387,8.00,tb-ema_trend-BNBUSDT-1637049600-B,tb-ema_trend-BNBUSDT-1637078400-S
LTC/USDT,ema_trend,2021-11-16 12:00,236.82,2021-11-17 12:00,233.88,signal,5.523,2.6010970200,-18.8387170200,-0.014403,24.00,tb-ema_trend-LTCUSDT-1637049600-B,tb-ema_trend-LTCUSDT-1637136000-S
BNB/USDT,ema_trend,2021-11-25 20:00,636.92,2021-11-26 03:59,604.04,stop,4.045,5.0228678000,-138.0224678000,-0.053573,8.00,tb-ema_trend-BNBUSDT-1637856000-B,tb-ema_trend-BNBUSDT-1637884800-X
BNB/USDT,ema_trend,2021-11-26 16:00,586.60,2021-12-03 19:59,603.18,trailing,2.697,3.2105964600,41.5056635400,0.026235,172.00,tb-ema_trend-BNBUSDT-1637928000-B,tb-ema_trend-BNBUSDT-1638547200-T
ETH/USDT,ema_trend,2021-11-30 16:00,4616.16,2021-12-03 19:59,4418.68,trailing,0.5533,5.0017466640,-114.2674306640,-0.044738,76.00,tb-ema_trend-ETHUSDT-1638273600-B,tb-ema_trend-ETHUSDT-1638547200-T
SOL/USDT,ema_trend,2021-12-01 08:00,218.55,2021-12-03 19:59,211.18,trailing,9.250,3.9771880000,-72.1496880000,-0.035690,60.00,tb-ema_trend-SOLUSDT-1638331200-B,tb-ema_trend-SOLUSDT-1638547200-T
ETH/USDT,ema_trend,2021-12-08 20:00,4383.57,2021-12-09 19:59,4124.24,stop,0.5011,4.2658937290,-134.2161567290,-0.061102,24.00,tb-ema_trend-ETHUSDT-1638979200-B,tb-ema_trend-ETHUSDT-1639065600-X
XRP/USDT,ema_trend,2021-12-21 20:00,0.9206,2021-12-24 19:59,0.9207,trailing,2315.0,4.264818940000,-4.033318940000,-0.001893,72.00,tb-ema_trend-XRPUSDT-1640102400-B,tb-ema_trend-XRPUSDT-1640361600-T
ADA/USDT,ema_trend,2021-12-23 20:00,1.4648,2021-12-24 23:59,1.3819,stop,1578.7,4.496428970000,-135.370658970000,-0.058539,28.00,tb-ema_trend-ADAUSDT-1640275200-B,tb-ema_trend-ADAUSDT-1640376000-X
LINK/USDT,ema_trend,2021-12-24 00:00,22.192,2021-12-28 03:59,22.147,trailing,91.08,4.04061532000,-8.13921532000,-0.004027,100.00,tb-ema_trend-LINKUSDT-1640289600-B,tb-ema_trend-LINKUSDT-1640649600-T
XRP/USDT,ema_trend,2021-12-25 08:00,0.9254,2021-12-28 03:59,0.8771,trailing,2030.7,3.662280090000,-101.745090090000,-0.054142,68.00,tb-ema_trend-XRPUSDT-1640404800-B,tb-ema_trend-XRPUSDT-1640649600-T
SOL/USDT,ema_trend,2021-12-26 12:00,196.59,2021-12-28 03:59,186.96,trailing,11.087,4.2547779300,-111.0225879300,-0.050937,40.00,tb-ema_trend-SOLUSDT-1640505600-B,tb-ema_trend-SOLUSDT-1640649600-T
ADA/USDT,ema_trend,2021-12-28 04:00,1.4858,2021-12-28 19:59,1.4068,stop,1585.6,4.588883840000,-129.851283840000,-0.055118,16.00,tb-ema_trend-ADAUSDT-1640649600-B,tb-ema_trend-ADAUSDT-1640707200-X
LINK/USDT,ema_trend,2021-12-28 12:00,22.482,2021-12-28 19:59,20.992,stop,84.06,3.65644782000,-128.90584782000,-0.068210,8.00,tb-ema_trend-LINKUSDT-1640678400-B,tb-ema_trend-LINKUSDT-1640707200-X
SOL/USDT,ema_trend,2021-12-28 12:00,192.24,2021-12-28 19:59,181.58,stop,10.602,3.9653542800,-116.9826742800,-0.057397,8.00,tb-ema_trend-SOLUSDT-1640678400-B,tb-ema_trend-SOLUSDT-1640707200-X
LINK/USDT,ema_trend,2022-01-03 08:00,21.671,2022-01-05 23:59,24.075,trailing,99.42,4.55023442000,234.45544558000,0.108820,64.00,tb-ema_trend-LINKUSDT-1641182400-B,tb-ema_trend-LINKUSDT-1641412800-T
LINK/USDT,ema_trend,2022-01-06 08:00,24.783,2022-01-13 19:59,25.081,trailing,44.64,2.22716811000,11.07555189000,0.010011,180.00,tb-ema_trend-LINKUSDT-1641441600-B,tb-ema_trend-LINKUSDT-1642089600-T
LINK/USDT,ema_trend,2022-01-14 12:00,24.243,2022-01-16 04:00,24.917,signal,61.68,3.03388581000,38.53843419000,0.025773,40.00,tb-ema_trend-LINKUSDT-1642147200-B,tb-ema_trend-LINKUSDT-1642291200-S
LTC/USDT,ema_trend,2022-01-15 08:00,150.28,2022-01-18 11:59,142.94,stop,17.000,4.9874450400,-129.7674450400,-0.050794,76.00,tb-ema_trend-LTCUSDT-1642219200-B,tb-ema_trend-LTCUSDT-1642492800-X
ADA/USDT,ema_trend,2022-01-16 04:00,1.3367,2022-01-18 19:59,1.4246,trailing,1538.1,4.249294250000,130.949695750000,0.063692,64.00,tb-ema_trend-ADAUSDT-1642291200-B,tb-ema_trend-ADAUSDT-1642521600-T
ADA/USDT,ema_trend,2022-01-19 04:00,1.4518,2022-01-20 03:59,1.3198,stop,937.4,2.599549640000,-126.336349640000,-0.092832,24.00,tb-ema_trend-ADAUSDT-1642550400-B,tb-ema_trend-ADAUSDT-1642636800-X
ADA/USDT,ema_trend,2022-01-20 16:00,1.4068,2022-01-20 23:59,1.2851,stop,1006.9,2.712021590000,-125.251751590000,-0.088423,8.00,tb-ema_trend-ADAUSDT-1642680000-B,tb-ema_trend-ADAUSDT-1642708800-X
ETH/USDT,ema_trend,2022-02-05 00:00,2996.49,2022-02-11 03:59,3037.49,trailing,0.5907,3.5660698770,20.6526301230,0.011668,148.00,tb-ema_trend-ETHUSDT-1644004800-B,tb-ema_trend-ETHUSDT-1644537600-T
LTC/USDT,ema_trend,2022-02-06 12:00,125.27,2022-02-11 03:59,130.48,trailing,11.823,3.0252354900,58.5725945100,0.039548,112.00,tb-ema_trend-LTCUSDT-1644134400-B,tb-ema_trend-LTCUSDT-1644537600-T
BTC/USDT,ema_trend,2022-02-04 20:00,40748.29,2022-02-11 19:59,42339.75,trailing,0.05634,4.6836250760,84.9792313240,0.037016,168.00,tb-ema_trend-BTCUSDT-1643990400-B,tb-ema_trend-BTCUSDT-1644595200-T
XRP/USDT,ema_trend,2022-02-11 04:00,0.8223,2022-02-11 23:59,0.7523,stop,1467.1,2.311329110000,-105.008329110000,-0.087043,20.00,tb-ema_trend-XRPUSDT-1644537600-B,tb-ema_trend-XRPUSDT-1644609600-X
LTC/USDT,ema_trend,2022-02-11 12:00,132.47,2022-02-12 03:59,124.13,stop,12.324,3.1640605100,-105.9462205100,-0.064896,16.00,tb-ema_trend-LTCUSDT-1644566400-B,tb-ema_trend-LTCUSDT-1644624000-X
LTC/USDT,ema_trend,2022-02-13 16:00,128.07,2022-02-14 04:00,123.43,signal,13.048,3.2833649800,-63.8260849800,-0.038195,12.00,tb-ema_trend-LTCUSDT-1644753600-B,tb-ema_trend-LTCUSDT-1644796800-S
BTC/USDT,ema_trend,2022-02-12 04:00,42309.60,2022-02-17 15:59,42403.15,trailing,0.05039,4.2712140500,0.4427704500,0.000208,132.00,tb-ema_trend-BTCUSDT-1644624000-B,tb-ema_trend-BTCUSDT-1645099200-T
XRP/USDT,ema_trend,2022-02-12 08:00,0.7641,2022-02-17 19:59,0.7796,trailing,1473.8,2.276251210000,20.567648790000,0.018264,132.00,tb-ema_trend-XRPUSDT-1644638400-B,tb-ema_trend-XRPUSDT-1645113600-T
BNB/USDT,ema_trend,2022-02-15 12:00,428.62,2022-02-17 19:59,409.20,stop,3.861,3.2365375000,-78.2171575000,-0.047264,56.00,tb-ema_trend-BNBUSDT-1644912000-B,tb-ema_trend-BNBUSDT-1645113600-X
BTC/USDT,ema_trend,2022-03-01 00:00,43181.58,2022-03-04 03:59,41266.00,trailing,0.03871,3.2706930850,-77.4227948850,-0.046318,76.00,tb-ema_trend-BTCUSDT-1646078400-B,tb-ema_trend-BTCUSDT-1646352000-T
ETH/USDT,ema_trend,2022-03-01 04:00,2913.29,2022-03-04 03:59,2763.04,trailing,0.4686,2.6613848790,-73.0685348790,-0.053523,72.00,tb-ema_trend-ETHUSDT-1646092800-B,tb-ema_trend-ETHUSDT-1646352000-T
BNB/USDT,ema_trend,2022-03-01 12:00,406.31,2022-03-04 19:59,385.96,trailing,3.988,3.1611980000,-84.3169980000,-0.052036,80.00,tb-ema_trend-BNBUSDT-1646121600-B,tb-ema_trend-BNBUSDT-1646409600-T
BTC/USDT,ema_trend,2022-03-04 12:00,41682.90,2022-03-04 23:59,39595.88,stop,0.04658,3.7880497170,-101.0014413170,-0.052020,12.00,tb-ema_trend-BTCUSDT-1646380800-B,tb-ema_trend-BTCUSDT-1646424000-X
BNB/USDT,ema_trend,2022-03-09 12:00,395.50,2022-03-10 07:59,375.57,stop,4.804,3.7061977800,-99.4499177800,-0.052343,20.00,tb-ema_trend-BNBUSDT-1646812800-B,tb-ema_trend-BNBUSDT-1646884800-X
BTC/USDT,ema_trend,2022-03-09 20:00,42225.76,2022-03-10 07:59,40174.38,stop,0.04490,3.7018775720,-95.8088395720,-0.050534,12.00,tb-ema_trend-BTCUSDT-1646841600-B,tb-ema_trend-BTCUSDT-1646884800-X
XRP/USDT,ema_trend,2022-03-12 16:00,0.7908,2022-03-15 11:59,0.7428,stop,1953.7,2.997775920000,-96.775375920000,-0.062638,68.00,tb-ema_trend-XRPUSDT-1647086400-B,tb-ema_trend-XRPUSDT-1647331200-X
LINK/USDT,ema_trend,2022-03-17 04:00,14.648,2022-03-21 03:59,14.385,trailing,93.02,2.70211446000,-27.16637446000,-0.019938,96.00,tb-ema_trend-LINKUSDT-1647475200-B,tb-ema_trend-LINKUSDT-1647820800-T
LTC/USDT,ema_trend,2022-03-21 04:00,114.26,2022-03-31 15:59,124.45,trailing,11.874,2.8358136600,118.1602463400,0.087092,252.00,tb-ema_trend-LTCUSDT-1647820800-B,tb-ema_trend-LTCUSDT-1648728000-T
ETH/USDT,ema_trend,2022-03-16 20:00,2754.54,2022-03-31 19:59,3293.49,trailing,0.6976,4.2210339020,371.7504860980,0.193462,360.00,tb-ema_trend-ETHUSDT-1647446400-B,tb-ema_trend-ETHUSDT-1648742400-T
BTC/USDT,ema_trend,2022-03-16 20:00,40900.62,2022-03-31 19:59,46130.74,trailing,0.04444,3.8697186738,228.5568141262,0.125745,360.00,tb-ema_trend-BTCUSDT-1647446400-B,tb-ema_trend-BTCUSDT-1648742400-T
XRP/USDT,ema_trend,2022-03-31 20:00,0.8127,2022-04-01 12:00,0.8137,signal,1970.7,3.206771880000,-1.236071880000,-0.000772,16.00,tb-ema_trend-XRPUSDT-1648742400-B,tb-ema_trend-XRPUSDT-1648800000-S
SOL/USDT,ema_trend,2022-03-31 16:00,125.35,2022-04-06 03:59,125.30,trailing,10.715,2.6870936000,-3.2228436000,-0.002400,132.00,tb-ema_trend-SOLUSDT-1648728000-B,tb-ema_trend-SOLUSDT-1649203200-T
BNB/USDT,ema_trend,2022-03-31 20:00,427.42,2022-04-06 03:59,433.74,trailing,4.995,4.3040587200,27.2643412800,0.012770,128.00,tb-ema_trend-BNBUSDT-1648742400-B,tb-ema_trend-BNBUSDT-1649203200-T
ETH/USDT,ema_trend,2022-04-01 16:00,3434.11,2022-04-06 03:59,3356.03,trailing,0.4661,3.1666013060,-39.5596893060,-0.024715,108.00,tb-ema_trend-ETHUSDT-1648814400-B,tb-ema_trend-ETHUSDT-1649203200-T
ETH/USDT,ema_trend,2022-04-06 12:00,3306.35,2022-04-06 19:59,3171.33,stop,0.7394,4.7922416700,-104.6260296700,-0.042797,8.00,tb-ema_trend-ETHUSDT-1649232000-B,tb-ema_trend-ETHUSDT-1649260800-X
ADA/USDT,ema_trend,2022-04-06 16:00,1.0966,2022-04-07 00:00,1.0514,signal,1419.8,3.051375300000,-67.226335300000,-0.043178,8.00,tb-ema_trend-ADAUSDT-1649246400-B,tb-ema_trend-ADAUSDT-1649275200-S
SOL/USDT,ema_trend,2022-04-06 12:00,121.69,2022-04-07 03:59,111.57,stop,9.807,2.2887977200,-101.5356377200,-0.085080,16.00,tb-ema_trend-SOLUSDT-1649232000-B,tb-ema_trend-SOLUSDT-1649289600-X
BNB/USDT,ema_trend,2022-04-07 04:00,424.92,2022-04-07 16:00,431.58,signal,5.065,4.3407220200,29.3921779800,0.013657,12.00,tb-ema_trend-BNBUSDT-1649289600-B,tb-ema_trend-BNBUSDT-1649332800-S
ETH/USDT,ema_trend,2022-04-21 12:00,3152.73,2022-04-21 19:59,3043.93,stop,0.4676,2.8991345830,-53.7740145830,-0.036476,8.00,tb-ema_trend-ETHUSDT-1650528000-B,tb-ema_trend-ETHUSDT-1650556800-X
SOL/USDT,ema_trend,2022-04-21 04:00,107.12,2022-04-21 23:59,101.20,stop,16.419,3.4222271200,-100.6227071200,-0.057211,20.00,tb-ema_trend-SOLUSDT-1650499200-B,tb-ema_trend-SOLUSDT-1650571200-X
BTC/USDT,ema_trend,2022-04-21 12:00,42461.24,2022-04-21 23:59,41186.00,stop,0.04629,3.8741538016,-62.9050134016,-0.032004,12.00,tb-ema_trend-BTCUSDT-1650528000-B,tb-ema_trend-BTCUSDT-1650571200-X
ADA/USDT,ema_trend,2022-05-31 08:00,0.6543,2022-05-31 19:59,0.6053,stop,1933.4,2.436619240000,-97.173219240000,-0.076815,12.00,tb-ema_trend-ADAUSDT-1653969600-B,tb-ema_trend-ADAUSDT-1654012800-X
ADA/USDT,ema_trend,2022-06-08 04:00,0.6311,2022-06-10 15:59,0.5961,trailing,1690.0,2.075040870000,-61.225040870000,-0.057404,60.00,tb-ema_trend-ADAUSDT-1654646400-B,tb-ema_trend-ADAUSDT-1654862400-T
LINK/USDT,ema_trend,2022-06-07 20:00,8.405,2022-06-10 19:59,8.290,trailing,148.26,2.47646145000,-19.52636145000,-0.015670,72.00,tb-ema_trend-LINKUSDT-1654617600-B,tb-ema_trend-LINKUSDT-1654876800-T
LINK/USDT,ema_trend,2022-06-11 04:00,8.295,2022-06-11 11:59,7.477,stop,113.41,1.78969792000,-94.55907792000,-0.100516,8.00,tb-ema_trend-LINKUSDT-1654905600-B,tb-ema_trend-LINKUSDT-1654934400-X
LTC/USDT,ema_trend,2022-06-26 04:00,59.96,2022-06-27 15:59,56.04,stop,23.479,2.7250030400,-94.7626830400,-0.067313,36.00,tb-ema_trend-LTCUSDT-1656201600-B,tb-ema_trend-LTCUSDT-1656331200-X
SOL/USDT,ema_trend,2022-06-25 00:00,41.94,2022-06-27 19:59,38.04,stop,23.560,1.8853353600,-93.7693353600,-0.094898,68.00,tb-ema_trend-SOLUSDT-1656100800-B,tb-ema_trend-SOLUSDT-1656345600-X
XRP/USDT,ema_trend,2022-07-08 04:00,0.3551,2022-07-08 11:59,0.3400,stop,5342.2,3.715280760000,-84.382500760000,-0.044482,8.00,tb-ema_trend-XRPUSDT-1657238400-B,tb-ema_trend-XRPUSDT-1657267200-X
SOL/USDT,ema_trend,2022-07-07 16:00,38.31,2022-07-11 03:59,35.91,trailing,35.347,2.6248335000,-87.4576335000,-0.064585,84.00,tb-ema_trend-SOLUSDT-1657195200-B,tb-ema_trend-SOLUSDT-1657497600-T
ETH/USDT,ema_trend,2022-07-15 20:00,1266.97,2022-07-16 07:59,1191.00,stop,1.1691,2.8751330910,-91.6916600910,-0.061903,12.00,tb-ema_trend-ETHUSDT-1657900800-B,tb-ema_trend-ETHUSDT-1657944000-X
SOL/USDT,ema_trend,2022-07-15 12:00,37.74,2022-07-21 03:59,41.17,trailing,37.272,2.9425676400,124.9003923600,0.088793,136.00,tb-ema_trend-SOLUSDT-1657872000-B,tb-ema_trend-SOLUSDT-1658361600-T
XRP/USDT,ema_trend,2022-07-16 16:00,0.3438,2022-07-23 15:59,0.3502,trailing,4267.3,2.962984540000,24.347735460000,0.016596,168.00,tb-ema_trend-XRPUSDT-1657972800-B,tb-ema_trend-XRPUSDT-1658577600-T
ETH/USDT,ema_trend,2022-07-16 16:00,1274.98,2022-07-25 19:59,1484.70,trailing,1.1040,3.0482166960,228.4826633040,0.162323,220.00,tb-ema_trend-ETHUSDT-1657972800-B,tb-ema_trend-ETHUSDT-1658764800-T
LTC/USDT,ema_trend,2022-07-21 04:00,55.73,2022-07-25 23:59,54.76,trailing,23.304,2.5761964800,-25.1810764800,-0.019389,116.00,tb-ema_trend-LTCUSDT-1658361600-B,tb-ema_trend-LTCUSDT-1658779200-T
BTC/USDT,ema_trend,2022-07-23 16:00,22228.01,2022-07-25 23:59,21419.99,trailing,0.06887,3.0075937194,-58.6559311194,-0.038316,56.00,tb-ema_trend-BTCUSDT-1658577600-B,tb-ema_trend-BTCUSDT-1658779200-T
ETH/USDT,ema_trend,2022-07-26 04:00,1433.76,2022-07-27 04:00,1424.03,signal,0.7773,2.2225071760,-9.7856361760,-0.008781,24.00,tb-ema_trend-ETHUSDT-1658793600-B,tb-ema_trend-ETHUSDT-1658880000-S
LINK/USDT,ema_trend,2022-08-01 04:00,7.762,2022-08-02 03:59,7.181,stop,173.19,2.58937533000,-103.21276533000,-0.076778,24.00,tb-ema_trend-LINKUSDT-1659312000-B,tb-ema_trend-LINKUSDT-1659398400-X
BTC/USDT,ema_trend,2022-08-01 04:00,23388.28,2022-08-04 19:59,22412.49,stop,0.07195,3.2972364684,-73.5053269684,-0.043681,88.00,tb-ema_trend-BTCUSDT-1659312000-B,tb-ema_trend-BTCUSDT-1659628800-X
LTC/USDT,ema_trend,2022-08-06 00:00,62.51,2022-08-09 11:59,60.26,trailing,25.308,3.1086884200,-60.0516884200,-0.037959,84.00,tb-ema_trend-LTCUSDT-1659729600-B,tb-ema_trend-LTCUSDT-1660032000-T
BNB/USDT,ema_trend,2022-08-01 04:00,287.65,2022-08-09 15:59,312.37,trailing,6.652,3.9933465900,160.4440934100,0.083851,204.00,tb-ema_trend-BNBUSDT-1659312000-B,tb-ema_trend-BNBUSDT-1660046400-T
XRP/USDT,ema_trend,2022-08-02 04:00,0.3710,2022-08-09 15:59,0.3665,trailing,4237.7,3.126899050000,-22.196549050000,-0.014118,180.00,tb-ema_trend-XRPUSDT-1659398400-B,tb-ema_trend-XRPUSDT-1660046400-T
LINK/USDT,ema_trend,2022-08-09 12:00,8.430,2022-08-15 03:59,8.616,trailing,185.88,3.17011218000,31.40356782000,0.020041,136.00,tb-ema_trend-LINKUSDT-1660032000-B,tb-ema_trend-LINKUSDT-1660521600-T
ETH/USDT,ema_trend,2022-08-09 16:00,1685.49,2022-08-15 07:59,1898.39,trailing,1.2280,4.4031957770,257.0380042230,0.124186,136.00,tb-ema_trend-ETHUSDT-1660046400-B,tb-ema_trend-ETHUSDT-1660536000-T
ADA/USDT,ema_trend,2022-08-09 16:00,0.5106,2022-08-15 07:59,0.5531,trailing,3063.0,3.259695960000,126.917804040000,0.081151,136.00,tb-ema_trend-ADAUSDT-1660046400-B,tb-ema_trend-ADAUSDT-1660536000-T
SOL/USDT,ema_trend,2022-08-15 04:00,46.50,2022-08-15 07:59,43.65,stop,33.821,3.0505441500,-99.4403941500,-0.063230,4.00,tb-ema_trend-SOLUSDT-1660521600-B,tb-ema_trend-SOLUSDT-1660536000-X
XRP/USDT,ema_trend,2022-08-15 08:00,0.3700,2022-08-16 16:00,0.3730,signal,3943.4,2.931426200000,8.898773800000,0.006099,32.00,tb-ema_trend-XRPUSDT-1660536000-B,tb-ema_trend-XRPUSDT-1660651200-S
LTC/USDT,ema_trend,2022-08-15 08:00,61.40,2022-08-17 00:00,61.28,signal,29.631,3.6369730800,-7.1926930800,-0.003953,40.00,tb-ema_trend-LTCUSDT-1660536000-B,tb-ema_trend-LTCUSDT-1660680000-S
LINK/USDT,ema_trend,2022-08-16 20:00,8.499,2022-08-17 12:00,8.416,signal,171.92,2.90955662000,-17.17891662000,-0.011757,16.00,tb-ema_trend-LINKUSDT-1660665600-B,tb-ema_trend-LINKUSDT-1660723200-S
BTC/USDT,ema_trend,2022-08-15 08:00,24039.07,2022-08-17 20:00,23265.25,signal,0.10614,5.0235248275,-87.1567796275,-0.034159,60.00,tb-ema_trend-BTCUSDT-1660536000-B,tb-ema_trend-BTCUSDT-1660752000-S
ADA/USDT,ema_trend,2022-08-17 08:00,0.5568,2022-08-18 23:59,0.5242,stop,2781.8,3.008684840000,-93.695364840000,-0.060491,40.00,tb-ema_trend-ADAUSDT-1660708800-B,tb-ema_trend-ADAUSDT-1660852800-X
LTC/USDT,ema_trend,2022-09-02 16:00,61.62,2022-09-06 19:59,57.92,stop,27.303,3.2655259800,-104.2866259800,-0.061986,100.00,tb-ema_trend-LTCUSDT-1662120000-B,tb-ema_trend-LTCUSDT-1662480000-X
ADA/USDT,ema_trend,2022-09-04 04:00,0.4943,2022-09-06 19:59,0.4731,trailing,4212.2,4.077007770000,-93.375647770000,-0.044847,64.00,tb-ema_trend-ADAUSDT-1662249600-B,tb-ema_trend-ADAUSDT-1662480000-T
LINK/USDT,ema_trend,2022-09-05 08:00,7.227,2022-09-06 19:59,6.887,stop,216.03,3.05063736000,-76.50083736000,-0.049000,36.00,tb-ema_trend-LINKUSDT-1662350400-B,tb-ema_trend-LINKUSDT-1662480000-X
ETH/USDT,ema_trend,2022-09-08 00:00,1630.82,2022-09-13 15:59,1667.00,trailing,1.0662,3.5179295860,35.0571864140,0.020162,136.00,tb-ema_trend-ETHUSDT-1662580800-B,tb-ema_trend-ETHUSDT-1663070400-T
LINK/USDT,ema_trend,2022-09-08 12:00,7.257,2022-09-13 15:59,7.432,trailing,251.11,3.69044161000,40.25380839000,0.022089,124.00,tb-ema_trend-LINKUSDT-1662624000-B,tb-ema_trend-LINKUSDT-1663070400-T
ADA/USDT,ema_trend,2022-09-09 04:00,0.4890,2022-09-13 15:59,0.4839,trailing,3157.3,3.073301970000,-19.175531970000,-0.012420,108.00,tb-ema_trend-ADAUSDT-1662681600-B,tb-ema_trend-ADAUSDT-1663070400-T
LINK/USDT,ema_trend,2022-09-14 16:00,7.432,2022-09-15 12:00,7.318,signal,196.42,2.89868140000,-25.29056140000,-0.017325,20.00,tb-ema_trend-LINKUSDT-1663156800-B,tb-ema_trend-LINKUSDT-1663228800-S
LTC/USDT,ema_trend,2022-09-13 16:00,61.89,2022-09-15 15:59,57.83,stop,24.309,2.9118207300,-101.6063607300,-0.067536,48.00,tb-ema_trend-LTCUSDT-1663070400-B,tb-ema_trend-LTCUSDT-1663243200-X
LINK/USDT,ema_trend,2022-09-16 12:00,7.750,2022-09-18 23:59,7.436,trailing,187.71,2.85203656000,-61.79297656000,-0.042477,60.00,tb-ema_trend-LINKUSDT-1663315200-B,tb-ema_trend-LINKUSDT-1663531200-T
XRP/USDT,ema_trend,2022-09-17 16:00,0.3711,2022-09-18 23:59,0.3607,trailing,5202.0,3.808790430000,-57.909590430000,-0.029998,32.00,tb-ema_trend-XRPUSDT-1663416000-B,tb-ema_trend-XRPUSDT-1663531200-T
XRP/USDT,ema_trend,2022-09-19 08:00,0.3501,2022-09-23 19:59,0.4583,trailing,3193.1,2.582422360000,342.910997640000,0.306744,108.00,tb-ema_trend-XRPUSDT-1663560000-B,tb-ema_trend-XRPUSDT-1663948800-T
SOL/USDT,ema_trend,2022-09-24 12:00,34.50,2022-09-25 23:59,32.43,stop,48.093,3.2205549900,-102.7730649900,-0.061941,36.00,tb-ema_trend-SOLUSDT-1664006400-B,tb-ema_trend-SOLUSDT-1664136000-X
XRP/USDT,ema_trend,2022-09-24 04:00,0.5020,2022-09-27 19:59,0.4408,stop,1622.9,1.530923520000,-100.852403520000,-0.123791,88.00,tb-ema_trend-XRPUSDT-1663977600-B,tb-ema_trend-XRPUSDT-1664294400-X
SOL/USDT,ema_trend,2022-09-27 04:00,34.75,2022-09-27 19:59,32.85,stop,52.340,3.5400257500,-102.9860257500,-0.056623,16.00,tb-ema_trend-SOLUSDT-1664236800-B,tb-ema_trend-SOLUSDT-1664294400-X
LINK/USDT,ema_trend,2022-09-24 20:00,7.799,2022-10-01 07:59,7.543,trailing,217.47,3.33814052000,-59.01046052000,-0.034793,156.00,tb-ema_trend-LINKUSDT-1664035200-B,tb-ema_trend-LINKUSDT-1664596800-T
XRP/USDT,ema_trend,2022-09-28 04:00,0.4263,2022-10-02 23:59,0.4434,trailing,2169.6,1.887838980000,35.212321020000,0.038071,116.00,tb-ema_trend-XRPUSDT-1664323200-B,tb-ema_trend-XRPUSDT-1664740800-T
BNB/USDT,ema_trend,2022-10-04 20:00,296.75,2022-10-06 23:59,289.05,stop,6.844,4.0112924500,-56.7100924500,-0.027923,52.00,tb-ema_trend-BNBUSDT-1664899200-B,tb-ema_trend-BNBUSDT-1665086400-X
BTC/USDT,ema_trend,2022-10-05 00:00,20347.99,2022-10-07 15:59,19718.81,stop,0.07486,3.0010284906,-50.1014432906,-0.032891,64.00,tb-ema_trend-BTCUSDT-1664913600-B,tb-ema_trend-BTCUSDT-1665144000-X
BNB/USDT,ema_trend,2022-10-07 08:00,284.95,2022-10-08 16:00,280.65,signal,5.743,3.2499505000,-27.9448505000,-0.017076,32.00,tb-ema_trend-BNBUSDT-1665115200-B,tb-ema_trend-BNBUSDT-1665230400-S
XRP/USDT,ema_trend,2022-10-03 08:00,0.4419,2022-10-10 23:59,0.5025,trailing,3243.4,3.064525230000,193.485514770000,0.134997,184.00,tb-ema_trend-XRPUSDT-1664769600-B,tb-ema_trend-XRPUSDT-1665432000-T
XRP/USDT,ema_trend,2022-10-11 08:00,0.4897,2022-10-13 04:00,0.4728,signal,3508.5,3.378694170000,-62.672344170000,-0.036477,44.00,tb-ema_trend-XRPUSDT-1665460800-B,tb-ema_trend-XRPUSDT-1665619200-S
BTC/USDT,ema_trend,2022-10-18 08:00,19675.79,2022-10-18 15:59,19271.91,stop,0.12138,4.7300296829,-53.7529840829,-0.022507,8.00,tb-ema_trend-BTCUSDT-1666065600-B,tb-ema_trend-BTCUSDT-1666094400-X
LTC/USDT,ema_trend,2022-10-24 12:00,53.35,2022-10-28 03:59,54.28,trailing,33.395,3.5961177500,27.4612322500,0.015414,88.00,tb-ema_trend-LTCUSDT-1666598400-B,tb-ema_trend-LTCUSDT-1666915200-T
ETH/USDT,ema_trend,2022-10-24 12:00,1354.08,2022-11-02 11:59,1536.74,trailing,1.7539,5.0726465460,315.2947274540,0.132760,216.00,tb-ema_trend-ETHUSDT-1666598400-B,tb-ema_trend-ETHUSDT-1667376000-T
BTC/USDT,ema_trend,2022-10-28 04:00,20302.92,2022-11-02 19:59,20287.36,trailing,0.07161,2.9082941848,-4.0225457848,-0.002767,136.00,tb-ema_trend-BTCUSDT-1666915200-B,tb-ema_trend-BTCUSDT-1667404800-T
LINK/USDT,ema_trend,2022-11-02 12:00,7.810,2022-11-02 23:59,7.389,stop,225.75,3.43297055000,-98.47372055000,-0.055852,12.00,tb-ema_trend-LINKUSDT-1667376000-B,tb-ema_trend-LINKUSDT-1667419200-X
BNB/USDT,ema_trend,2022-10-25 16:00,280.95,2022-11-06 23:59,339.59,trailing,4.754,2.9514519100,275.8231080900,0.206511,296.00,tb-ema_trend-BNBUSDT-1666699200-B,tb-ema_trend-BNBUSDT-1667764800-T
ETH/USDT,ema_trend,2022-11-02 20:00,1536.70,2022-11-06 23:59,1567.17,trailing,1.0964,3.4047734400,30.0025345600,0.017807,100.00,tb-ema_trend-ETHUSDT-1667404800-B,tb-ema_trend-ETHUSDT-1667764800-T
BTC/USDT,ema_trend,2022-11-07 00:00,20916.04,2022-11-07 23:59,20471.13,stop,0.09997,4.1397761532,-48.6174288532,-0.023251,24.00,tb-ema_trend-BTCUSDT-1667764800-B,tb-ema_trend-BTCUSDT-1667851200-X
SOL/USDT,ema_trend,2022-11-07 00:00,32.63,2022-11-07 23:59,30.10,stop,40.744,2.5572089500,-105.6395289500,-0.079459,24.00,tb-ema_trend-SOLUSDT-1667764800-B,tb-ema_trend-SOLUSDT-1667851200-X
LTC/USDT,ema_trend,2022-11-03 00:00,60.99,2022-11-08 03:59,64.61,trailing,27.546,3.4614853200,96.2550346800,0.057294,124.00,tb-ema_trend-LTCUSDT-1667419200-B,tb-ema_trend-LTCUSDT-1667865600-T
BNB/USDT,ema_trend,2022-11-08 00:00,337.17,2022-11-08 07:59,319.49,stop,5.746,3.7751913800,-105.3644713800,-0.054385,8.00,tb-ema_trend-BNBUSDT-1667851200-B,tb-ema_trend-BNBUSDT-1667880000-X
LINK/USDT,ema_trend,2022-11-08 00:00,8.961,2022-11-08 07:59,8.302,stop,153.94,2.65889998000,-104.10535998000,-0.075468,8.00,tb-ema_trend-LINKUSDT-1667851200-B,tb-ema_trend-LINKUSDT-1667880000-X
ETH/USDT,ema_trend,2022-11-08 04:00,1507.82,2022-11-08 07:59,1435.04,stop,1.1058,3.2560239700,-83.7361479700,-0.050221,4.00,tb-ema_trend-ETHUSDT-1667865600-B,tb-ema_trend-ETHUSDT-1667880000-X
BNB/USDT,ema_trend,2022-11-09 04:00,321.87,2022-11-09 11:59,287.20,stop,2.807,1.7106251000,-99.0293151000,-0.109608,8.00,tb-ema_trend-BNBUSDT-1667952000-B,tb-ema_trend-BNBUSDT-1667980800-X
LTC/USDT,ema_trend,2022-11-09 04:00,59.44,2022-11-09 16:00,54.44,signal,13.944,1.5887748800,-71.3087748800,-0.086035,12.00,tb-ema_trend-LTCUSDT-1667952000-B,tb-ema_trend-LTCUSDT-1667995200-S
LTC/USDT,ema_trend,2022-11-18 08:00,61.89,2022-11-21 03:59,59.24,trailing,25.558,3.0974496800,-70.8261496800,-0.044776,68.00,tb-ema_trend-LTCUSDT-1668744000-B,tb-ema_trend-LTCUSDT-1668988800-T
LTC/USDT,ema_trend,2022-11-22 16:00,70.38,2022-11-28 03:59,73.99,trailing,20.161,2.9121215500,69.8690884500,0.049241,132.00,tb-ema_trend-LTCUSDT-1669118400-B,tb-ema_trend-LTCUSDT-1669593600-T
BNB/USDT,ema_trend,2022-11-24 00:00,299.05,2022-11-28 03:59,298.12,trailing,6.718,4.0138814100,-10.2616214100,-0.005108,100.00,tb-ema_trend-BNBUSDT-1669233600-B,tb-ema_trend-BNBUSDT-1669593600-T
LINK/USDT,ema_trend,2022-11-24 16:00,6.868,2022-11-28 03:59,6.692,trailing,219.35,2.97589696000,-41.58149696000,-0.027601,84.00,tb-ema_trend-LINKUSDT-1669291200-B,tb-ema_trend-LINKUSDT-1669593600-T
BNB/USDT,ema_trend,2022-11-28 12:00,295.35,2022-12-02 16:00,290.05,signal,7.082,4.1481656000,-41.6827656000,-0.019928,100.00,tb-ema_trend-BNBUSDT-1669622400-B,tb-ema_trend-BNBUSDT-1669982400-S
LINK/USDT,ema_trend,2022-11-28 20:00,7.055,2022-12-03 23:59,7.214,trailing,213.57,3.04898243000,30.90864757000,0.020514,124.00,tb-ema_trend-LINKUSDT-1669651200-B,tb-ema_trend-LINKUSDT-1670097600-T
ETH/USDT,ema_trend,2022-12-02 20:00,1287.96,2022-12-03 23:59,1246.10,stop,1.2751,3.2328542540,-56.6085402540,-0.034470,28.00,tb-ema_trend-ETHUSDT-1669996800-B,tb-ema_trend-ETHUSDT-1670097600-X
ETH/USDT,ema_trend,2022-12-04 20:00,1279.13,2022-12-06 11:59,1243.66,trailing,1.1800,2.9784271560,-44.8330271560,-0.029703,40.00,tb-ema_trend-ETHUSDT-1670169600-B,tb-ema_trend-ETHUSDT-1670313600-T
LTC/USDT,ema_trend,2022-11-28 12:00,72.46,2022-12-06 19:59,77.92,trailing,18.667,2.8085202000,99.1132998000,0.073276,200.00,tb-ema_trend-LTCUSDT-1669622400-B,tb-ema_trend-LTCUSDT-1670342400-T
LINK/USDT,ema_trend,2022-12-04 08:00,7.350,2022-12-06 19:59,7.113,trailing,273.79,3.96188277000,-68.85011277000,-0.034214,60.00,tb-ema_trend-LINKUSDT-1670126400-B,tb-ema_trend-LINKUSDT-1670342400-T
ETH/USDT,ema_trend,2022-12-09 12:00,1288.49,2022-12-09 15:59,1251.65,stop,1.4392,3.6577022230,-56.6778302230,-0.030564,4.00,tb-ema_trend-ETHUSDT-1670572800-B,tb-ema_trend-ETHUSDT-1670587200-X
LTC/USDT,ema_trend,2022-12-08 12:00,75.84,2022-12-10 08:00,76.33,signal,25.977,3.9549677700,8.7737622300,0.004453,44.00,tb-ema_trend-LTCUSDT-1670486400-B,tb-ema_trend-LTCUSDT-1670644800-S
BTC/USDT,ema_trend,2022-12-13 20:00,17750.71,2022-12-15 03:59,17573.12,trailing,0.13154,4.6489816928,-28.0091702928,-0.011996,32.00,tb-ema_trend-BTCUSDT-1670947200-B,tb-ema_trend-BTCUSDT-1671062400-T
ETH/USDT,ema_trend,2022-12-14 04:00,1320.44,2022-12-15 03:59,1286.20,trailing,1.3262,3.4587745840,-48.8678625840,-0.027906,24.00,tb-ema_trend-ETHUSDT-1670976000-B,tb-ema_trend-ETHUSDT-1671062400-T
BTC/USDT,ema_trend,2022-12-15 12:00,17729.20,2022-12-15 19:59,17333.53,stop,0.13061,4.5820252500,-56.2604839500,-0.024296,8.00,tb-ema_trend-BTCUSDT-1671091200-B,tb-ema_trend-BTCUSDT-1671120000-X
ETH/USDT,ema_trend,2022-12-15 12:00,1291.93,2022-12-16 11:59,1254.43,stop,1.3443,3.4248804510,-53.8361304510,-0.030998,24.00,tb-ema_trend-ETHUSDT-1671091200-B,tb-ema_trend-ETHUSDT-1671177600-X
BTC/USDT,ema_trend,2022-12-16 04:00,17434.48,2022-12-16 11:59,17042.28,stop,0.10711,3.6947235556,-45.7032655556,-0.024474,8.00,tb-ema_trend-BTCUSDT-1671148800-B,tb-ema_trend-BTCUSDT-1671177600-X
LTC/USDT,ema_trend,2022-12-26 12:00,70.56,2022-12-27 19:59,68.26,stop,32.265,4.4813557800,-78.6908557800,-0.034565,32.00,tb-ema_trend-LTCUSDT-1672041600-B,tb-ema_trend-LTCUSDT-1672156800-X
LTC/USDT,ema_trend,2022-12-31 16:00,70.11,2023-01-06 07:59,73.18,trailing,32.191,4.6149620200,94.2114079800,0.041744,136.00,tb-ema_trend-LTCUSDT-1672488000-B,tb-ema_trend-LTCUSDT-1672977600-T
SOL/USDT,ema_trend,2023-01-03 16:00,13.10,2023-01-08 03:59,13.01,trailing,87.184,2.2775270400,-10.1240870400,-0.008864,108.00,tb-ema_trend-SOLUSDT-1672747200-B,tb-ema_trend-SOLUSDT-1673136000-T
BNB/USDT,ema_trend,2023-01-06 16:00,259.13,2023-01-15 11:59,294.10,trailing,6.338,3.5081856500,218.1316743500,0.132816,212.00,tb-ema_trend-BNBUSDT-1673006400-B,tb-ema_trend-BNBUSDT-1673769600-T
SOL/USDT,ema_trend,2023-01-15 12:00,22.91,2023-01-18 15:59,21.16,trailing,36.299,1.6005446000,-65.1237946000,-0.078310,76.00,tb-ema_trend-SOLUSDT-1673769600-B,tb-ema_trend-SOLUSDT-1674043200-T
ETH/USDT,ema_trend,2023-01-04 12:00,1252.22,2023-01-18 19:59,1504.45,trailing,1.1238,3.0994484100,280.3566255900,0.199224,344.00,tb-ema_trend-ETHUSDT-1672819200-B,tb-ema_trend-ETHUSDT-1674057600-T
SOL/USDT,ema_trend,2023-01-19 00:00,20.80,2023-01-24 23:59,23.14,trailing,40.240,1.7689984000,92.3926016000,0.110386,144.00,tb-ema_trend-SOLUSDT-1674072000-B,tb-ema_trend-SOLUSDT-1674590400-T
BNB/USDT,ema_trend,2023-01-19 00:00,286.85,2023-01-24 23:59,304.00,trailing,6.268,3.7054557500,103.7907442500,0.057726,144.00,tb-ema_trend-BNBUSDT-1674072000-B,tb-ema_trend-BNBUSDT-1674590400-T
LTC/USDT,ema_trend,2023-01-25 00:00,87.24,2023-01-30 11:59,91.14,trailing,18.426,3.2884874400,68.5729125600,0.042659,132.00,tb-ema_trend-LTCUSDT-1674590400-B,tb-ema_trend-LTCUSDT-1675065600-T
BTC/USDT,ema_trend,2023-01-08 04:00,16952.50,2023-01-30 15:59,23001.23,trailing,0.08940,3.5733891850,537.1830728150,0.354447,540.00,tb-ema_trend-BTCUSDT-1673136000-B,tb-ema_trend-BTCUSDT-1675080000-T
ADA/USDT,ema_trend,2023-01-25 00:00,0.3590,2023-01-30 19:59,0.3731,trailing,5003.6,3.664966460000,66.885793540000,0.037235,140.00,tb-ema_trend-ADAUSDT-1674590400-B,tb-ema_trend-ADAUSDT-1675094400-T
BTC/USDT,ema_trend,2023-02-02 12:00,23832.41,2023-02-05 15:59,23173.09,stop,0.08394,3.9477865823,-59.2911073823,-0.029638,76.00,tb-ema_trend-BTCUSDT-1675324800-B,tb-ema_trend-BTCUSDT-1675598400-X
LTC/USDT,ema_trend,2023-02-01 04:00,96.92,2023-02-05 19:59,95.66,trailing,20.500,3.9499253200,-29.7799253200,-0.014988,112.00,tb-ema_trend-LTCUSDT-1675209600-B,tb-ema_trend-LTCUSDT-1675612800-T
ETH/USDT,ema_trend,2023-02-02 12:00,1672.82,2023-02-05 19:59,1614.65,stop,0.8970,2.9503661280,-55.1288561280,-0.036740,80.00,tb-ema_trend-ETHUSDT-1675324800-B,tb-ema_trend-ETHUSDT-1675612800-X
BNB/USDT,ema_trend,2023-02-05 16:00,326.77,2023-02-09 03:59,319.56,trailing,4.927,3.1861017600,-38.7097717600,-0.024043,84.00,tb-ema_trend-BNBUSDT-1675598400-B,tb-ema_trend-BNBUSDT-1675900800-T
ETH/USDT,ema_trend,2023-02-06 04:00,1627.42,2023-02-09 19:59,1607.81,trailing,1.2651,4.0950051180,-28.9036161180,-0.014039,88.00,tb-ema_trend-ETHUSDT-1675641600-B,tb-ema_trend-ETHUSDT-1675958400-T
BNB/USDT,ema_trend,2023-02-09 20:00,311.66,2023-02-10 00:00,306.04,signal,6.211,3.8387163200,-38.7445363200,-0.020016,4.00,tb-ema_trend-BNBUSDT-1675958400-B,tb-ema_trend-BNBUSDT-1675972800-S
LTC/USDT,ema_trend,2023-02-09 20:00,91.79,2023-02-10 04:00,92.04,signal,22.154,4.0746809900,1.4638190100,0.000720,8.00,tb-ema_trend-LTCUSDT-1675958400-B,tb-ema_trend-LTCUSDT-1675987200-S
ADA/USDT,ema_trend,2023-02-15 20:00,0.3983,2023-02-16 23:59,0.3915,trailing,5860.2,4.630735930000,-44.480095930000,-0.019056,28.00,tb-ema_trend-ADAUSDT-1676476800-B,tb-ema_trend-ADAUSDT-1676577600-T
BTC/USDT,ema_trend,2023-02-16 00:00,24335.04,2023-02-16 23:59,23905.30,trailing,0.05705,2.7535715044,-27.2702385044,-0.019643,24.00,tb-ema_trend-BTCUSDT-1676491200-B,tb-ema_trend-BTCUSDT-1676577600-T
LTC/USDT,ema_trend,2023-02-15 20:00,99.42,2023-02-19 19:59,98.22,trailing,18.627,3.6833292600,-26.0357292600,-0.014059,96.00,tb-ema_trend-LTCUSDT-1676476800-B,tb-ema_trend-LTCUSDT-1676822400-T
ETH/USDT,ema_trend,2023-02-17 00:00,1638.65,2023-02-21 23:59,1637.41,trailing,1.1925,3.9086679350,-5.3873679350,-0.002757,120.00,tb-ema_trend-ETHUSDT-1676577600-B,tb-ema_trend-ETHUSDT-1677009600-T
SOL/USDT,ema_trend,2023-02-17 00:00,22.26,2023-02-22 03:59,24.05,trailing,65.870,3.0519088600,114.8553911400,0.078332,124.00,tb-ema_trend-SOLUSDT-1676577600-B,tb-ema_trend-SOLUSDT-1677024000-T
BTC/USDT,ema_trend,2023-02-19 20:00,24535.31,2023-02-22 03:59,23851.92,trailing,0.06339,3.0689839826,-46.3890760826,-0.029827,56.00,tb-ema_trend-BTCUSDT-1676822400-B,tb-ema_trend-BTCUSDT-1677024000-T
ETH/USDT,ema_trend,2023-02-22 08:00,1644.68,2023-02-24 16:00,1602.13,signal,1.2237,3.9752594800,-56.0436944800,-0.027846,56.00,tb-ema_trend-ETHUSDT-1677038400-B,tb-ema_trend-ETHUSDT-1677240000-S
LINK/USDT,ema_trend,2023-02-22 00:00,7.645,2023-02-24 23:59,7.397,trailing,216.36,3.25616902000,-56.91344902000,-0.034408,72.00,tb-ema_trend-LINKUSDT-1677009600-B,tb-ema_trend-LINKUSDT-1677268800-T
SOL/USDT,ema_trend,2023-02-22 12:00,23.58,2023-02-25 04:00,22.93,signal,54.914,2.5553470400,-38.2494470400,-0.029539,64.00,tb-ema_trend-SOLUSDT-1677052800-B,tb-ema_trend-SOLUSDT-1677283200-S
LINK/USDT,ema_trend,2023-02-25 08:00,7.411,2023-02-25 20:00,7.317,signal,193.62,2.85311756000,-21.05339756000,-0.014672,12.00,tb-ema_trend-LINKUSDT-1677297600-B,tb-ema_trend-LINKUSDT-1677340800-S
XRP/USDT,ema_trend,2023-03-08 16:00,0.3972,2023-03-09 19:59,0.3820,stop,6001.7,4.678947560000,-95.904787560000,-0.040231,28.00,tb-ema_trend-XRPUSDT-1678276800-B,tb-ema_trend-XRPUSDT-1678377600-X
ETH/USDT,ema_trend,2023-03-13 20:00,1678.53,2023-03-15 15:59,1636.24,trailing,1.1022,3.6555537320,-50.2675917320,-0.027171,44.00,tb-ema_trend-ETHUSDT-1678723200-B,tb-ema_trend-ETHUSDT-1678881600-T
BNB/USDT,ema_trend,2023-03-13 20:00,306.96,2023-03-22 11:59,326.97,trailing,4.689,2.9740325700,90.8528574300,0.063121,208.00,tb-ema_trend-BNBUSDT-1678723200-B,tb-ema_trend-BNBUSDT-1679472000-T
BTC/USDT,ema_trend,2023-03-13 20:00,24289.39,2023-03-22 19:59,26927.13,trailing,0.07530,3.8585471082,194.7632748918,0.106487,216.00,tb-ema_trend-BTCUSDT-1678723200-B,tb-ema_trend-BTCUSDT-1679500800-T
XRP/USDT,ema_trend,2023-03-22 12:00,0.4432,2023-03-22 19:59,0.4096,stop,2967.2,2.531757760000,-102.229677760000,-0.077737,8.00,tb-ema_trend-XRPUSDT-1679472000-B,tb-ema_trend-XRPUSDT-1679500800-X
ETH/USDT,ema_trend,2023-03-16 00:00,1650.78,2023-03-25 19:59,1738.04,trailing,0.9265,3.1413925100,77.7049974900,0.050806,236.00,tb-ema_trend-ETHUSDT-1678910400-B,tb-ema_trend-ETHUSDT-1679760000-T
BTC/USDT,ema_trend,2023-03-23 04:00,27370.47,2023-03-27 15:59,27325.71,trailing,0.06326,3.4619962751,-6.2935138751,-0.003635,108.00,tb-ema_trend-BTCUSDT-1679529600-B,tb-ema_trend-BTCUSDT-1679918400-T
LTC/USDT,ema_trend,2023-03-25 20:00,90.28,2023-03-28 03:59,86.85,trailing,16.575,2.9374645100,-59.7897145100,-0.039956,56.00,tb-ema_trend-LTCUSDT-1679760000-B,tb-ema_trend-LTCUSDT-1679961600-T
XRP/USDT,ema_trend,2023-03-23 04:00,0.4191,2023-04-01 07:59,0.5155,trailing,2656.5,2.483896470000,253.602703530000,0.227786,220.00,tb-ema_trend-XRPUSDT-1679529600-B,tb-ema_trend-XRPUSDT-1680321600-T
BTC/USDT,ema_trend,2023-03-28 08:00,26976.38,2023-04-03 03:59,27702.52,trailing,0.07847,4.2928113890,52.6873944110,0.024890,140.00,tb-ema_trend-BTCUSDT-1679976000-B,tb-ema_trend-BTCUSDT-1680480000-T
ADA/USDT,ema_trend,2023-04-01 08:00,0.3913,2023-04-03 03:59,0.3722,stop,3916.3,2.991660250000,-77.792990250000,-0.050764,44.00,tb-ema_trend-ADAUSDT-1680321600-B,tb-ema_trend-ADAUSDT-1680480000-X
LTC/USDT,ema_trend,2023-03-28 12:00,87.56,2023-04-07 07:59,89.93,trailing,18.134,3.2202673000,39.7573127000,0.025039,236.00,tb-ema_trend-LTCUSDT-1679990400-B,tb-ema_trend-LTCUSDT-1680840000-T
LTC/USDT,ema_trend,2023-04-07 16:00,90.60,2023-04-07 20:00,90.25,signal,18.201,3.2933722500,-9.6637222500,-0.005860,4.00,tb-ema_trend-LTCUSDT-1680868800-B,tb-ema_trend-LTCUSDT-1680883200-S
ETH/USDT,ema_trend,2023-04-03 04:00,1779.22,2023-04-08 19:59,1849.28,trailing,0.9309,3.3795498680,61.8393041320,0.037336,136.00,tb-ema_trend-ETHUSDT-1680480000-B,tb-ema_trend-ETHUSDT-1680969600-T
XRP/USDT,ema_trend,2023-04-03 04:00,0.5125,2023-04-09 15:59,0.4994,trailing,3114.1,3.152797790000,-43.947507790000,-0.027536,156.00,tb-ema_trend-XRPUSDT-1680480000-B,tb-ema_trend-XRPUSDT-1681041600-T
BNB/USDT,ema_trend,2023-04-11 04:00,327.57,2023-04-11 23:59,322.59,trailing,4.231,2.7524648100,-23.8228448100,-0.017189,20.00,tb-ema_trend-BNBUSDT-1681171200-B,tb-ema_trend-BNBUSDT-1681243200-T
LTC/USDT,ema_trend,2023-04-11 00:00,93.83,2023-04-12 03:59,92.25,trailing,19.698,3.6672804400,-34.7901204400,-0.018823,28.00,tb-ema_trend-LTCUSDT-1681156800-B,tb-ema_trend-LTCUSDT-1681257600-T
BNB/USDT,ema_trend,2023-04-12 08:00,319.26,2023-04-14 19:59,323.80,trailing,4.661,2.9988989600,18.1620410400,0.012205,60.00,tb-ema_trend-BNBUSDT-1681272000-B,tb-ema_trend-BNBUSDT-1681488000-T
BTC/USDT,ema_trend,2023-04-10 20:00,29187.64,2023-04-17 03:59,30014.53,trailing,0.08442,5.0004740764,64.8055797236,0.026301,152.00,tb-ema_trend-BTCUSDT-1681142400-B,tb-ema_trend-BTCUSDT-1681689600-T
SOL/USDT,ema_trend,2023-04-12 00:00,23.01,2023-04-19 11:59,23.94,trailing,60.028,2.8197182100,53.0063217900,0.038376,180.00,tb-ema_trend-SOLUSDT-1681243200-B,tb-ema_trend-SOLUSDT-1681891200-T
ETH/USDT,ema_trend,2023-04-14 20:00,2091.85,2023-04-19 11:59,2031.79,trailing,0.7135,2.9438906250,-45.7967006250,-0.030684,112.00,tb-ema_trend-ETHUSDT-1681488000-B,tb-ema_trend-ETHUSDT-1681891200-T
LINK/USDT,ema_trend,2023-04-17 04:00,8.218,2023-04-19 11:59,8.139,trailing,213.17,3.48862965000,-20.32905965000,-0.011604,56.00,tb-ema_trend-LINKUSDT-1681689600-B,tb-ema_trend-LINKUSDT-1681891200-T
XRP/USDT,ema_trend,2023-04-19 12:00,0.4980,2023-04-19 20:00,0.4946,signal,2935.4,2.915172040000,-12.895532040000,-0.008822,8.00,tb-ema_trend-XRPUSDT-1681891200-B,tb-ema_trend-XRPUSDT-1681920000-S
LTC/USDT,ema_trend,2023-04-19 12:00,95.52,2023-04-19 23:59,90.92,stop,21.675,4.0431884400,-103.7481884400,-0.050110,12.00,tb-ema_trend-LTCUSDT-1681891200-B,tb-ema_trend-LTCUSDT-1681934400-X
BTC/USDT,ema_trend,2023-04-19 12:00,29325.30,2023-04-19 23:59,28552.32,stop,0.06647,3.8491781720,-55.2291587720,-0.028334,12.00,tb-ema_trend-BTCUSDT-1681891200-B,tb-ema_trend-BTCUSDT-1681934400-X
SOL/USDT,ema_trend,2023-04-20 04:00,22.89,2023-04-20 16:00,22.11,signal,63.463,2.8572999600,-52.3584399600,-0.036043,12.00,tb-ema_trend-SOLUSDT-1681948800-B,tb-ema_trend-SOLUSDT-1681992000-S
BNB/USDT,ema_trend,2023-04-20 04:00,324.27,2023-04-20 20:00,316.74,signal,5.029,3.2255849100,-41.0939549100,-0.025199,16.00,tb-ema_trend-BNBUSDT-1681948800-B,tb-ema_trend-BNBUSDT-1682006400-S
LINK/USDT,ema_trend,2023-04-20 04:00,7.826,2023-04-21 07:59,7.381,stop,219.70,3.34269962000,-101.10919962000,-0.058806,28.00,tb-ema_trend-LINKUSDT-1681948800-B,tb-ema_trend-LINKUSDT-1682049600-X
BTC/USDT,ema_trend,2023-04-27 16:00,29164.32,2023-05-01 03:59,28574.47,trailing,0.07079,4.0896620884,-45.8451435884,-0.022206,84.00,tb-ema_trend-BTCUSDT-1682596800-B,tb-ema_trend-BTCUSDT-1682899200-T
SOL/USDT,ema_trend,2023-04-29 12:00,23.30,2023-05-01 03:59,22.19,stop,79.782,3.6311471800,-92.1891671800,-0.049593,40.00,tb-ema_trend-SOLUSDT-1682755200-B,tb-ema_trend-SOLUSDT-1682899200-X
BNB/USDT,ema_trend,2023-05-01 12:00,335.17,2023-05-01 19:59,326.27,stop,6.983,4.6211817100,-66.7698817100,-0.028528,8.00,tb-ema_trend-BNBUSDT-1682928000-B,tb-ema_trend-BNBUSDT-1682956800-X
ETH/USDT,ema_trend,2023-05-06 00:00,1994.30,2023-05-06 11:59,1938.83,stop,1.1653,4.5856695500,-69.2248605500,-0.029787,12.00,tb-ema_trend-ETHUSDT-1683316800-B,tb-ema_trend-ETHUSDT-1683360000-X
BTC/USDT,ema_trend,2023-05-06 08:00,29378.03,2023-05-06 15:59,28592.43,stop,0.05933,3.4411500717,-50.0507980717,-0.028715,8.00,tb-ema_trend-BTCUSDT-1683345600-B,tb-ema_trend-BTCUSDT-1683374400-X
ETH/USDT,ema_trend,2023-05-06 20:00,1898.89,2023-05-08 12:00,1861.85,signal,1.2081,4.5458185560,-49.2938425560,-0.021488,40.00,tb-ema_trend-ETHUSDT-1683388800-B,tb-ema_trend-ETHUSDT-1683532800-S
LTC/USDT,ema_trend,2023-05-15 12:00,86.66,2023-05-18 19:59,89.13,trailing,26.332,4.6312421000,60.4087979000,0.026473,80.00,tb-ema_trend-LTCUSDT-1684137600-B,tb-ema_trend-LTCUSDT-1684425600-T
LTC/USDT,ema_trend,2023-05-19 04:00,92.54,2023-05-24 03:59,88.96,trailing,20.193,3.6669728400,-75.9579128400,-0.040648,120.00,tb-ema_trend-LTCUSDT-1684454400-B,tb-ema_trend-LTCUSDT-1684886400-T
ETH/USDT,ema_trend,2023-05-23 20:00,1852.45,2023-05-24 03:59,1818.45,stop,0.7567,2.7792519950,-28.5070519950,-0.020337,8.00,tb-ema_trend-ETHUSDT-1684857600-B,tb-ema_trend-ETHUSDT-1684886400-X
XRP/USDT,ema_trend,2023-05-18 12:00,0.4655,2023-05-24 15:59,0.4503,trailing,3676.1,3.368294730000,-59.245014730000,-0.034621,148.00,tb-ema_trend-XRPUSDT-1684396800-B,tb-ema_trend-XRPUSDT-1684929600-T
BTC/USDT,ema_trend,2023-05-29 00:00,28079.05,2023-05-31 07:59,27489.97,stop,0.04518,2.5120122715,-29.1266466715,-0.022959,56.00,tb-ema_trend-BTCUSDT-1685304000-B,tb-ema_trend-BTCUSDT-1685505600-X
SOL/USDT,ema_trend,2023-05-28 20:00,20.79,2023-06-02 03:59,20.32,trailing,81.419,3.3488398700,-41.6157698700,-0.024585,104.00,tb-ema_trend-SOLUSDT-1685289600-B,tb-ema_trend-SOLUSDT-1685664000-T
LTC/USDT,ema_trend,2023-05-31 08:00,89.20,2023-06-05 03:59,92.42,trailing,14.141,2.5696264200,42.9643935800,0.034061,116.00,tb-ema_trend-LTCUSDT-1685505600-B,tb-ema_trend-LTCUSDT-1685923200-T
XRP/USDT,ema_trend,2023-05-26 04:00,0.4650,2023-06-05 15:59,0.5136,trailing,4852.3,4.750739280000,231.071040720000,0.102411,252.00,tb-ema_trend-XRPUSDT-1685059200-B,tb-ema_trend-XRPUSDT-1685966400-T
ADA/USDT,ema_trend,2023-06-02 12:00,0.3755,2023-06-05 15:59,0.3689,trailing,3618.8,2.695224070000,-26.579304070000,-0.019560,76.00,tb-ema_trend-ADAUSDT-1685692800-B,tb-ema_trend-ADAUSDT-1685966400-T
SOL/USDT,ema_trend,2023-06-05 04:00,21.55,2023-06-05 15:59,20.82,stop,62.420,2.6460930500,-48.2126930500,-0.035842,12.00,tb-ema_trend-SOLUSDT-1685923200-B,tb-ema_trend-SOLUSDT-1685966400-X
XRP/USDT,ema_trend,2023-06-06 00:00,0.5092,2023-06-10 07:59,0.5083,trailing,3666.0,3.732039040000,-7.031439040000,-0.003767,104.00,tb-ema_trend-XRPUSDT-1685995200-B,tb-ema_trend-XRPUSDT-1686369600-T
XRP/USDT,ema_trend,2023-06-10 16:00,0.4902,2023-06-11 00:00,0.5064,signal,3541.0,3.530725320000,53.833474680000,0.031014,8.00,tb-ema_trend-XRPUSDT-1686398400-B,tb-ema_trend-XRPUSDT-1686427200-S
BTC/USDT,ema_trend,2023-06-20 12:00,26921.45,2023-06-26 03:59,30018.64,trailing,0.08541,4.8656760150,259.6653218850,0.112929,136.00,tb-ema_trend-BTCUSDT-1687248000-B,tb-ema_trend-BTCUSDT-1687737600-T
ETH/USDT,ema_trend,2023-06-21 00:00,1792.89,2023-06-26 19:59,1841.44,trailing,0.9620,3.4980183500,43.2070816500,0.025051,140.00,tb-ema_trend-ETHUSDT-1687291200-B,tb-ema_trend-ETHUSDT-1687795200-T
LTC/USDT,ema_trend,2023-06-21 08:00,84.48,2023-06-26 19:59,85.72,trailing,15.313,2.6076242800,16.3804957200,0.012662,132.00,tb-ema_trend-LTCUSDT-1687320000-B,tb-ema_trend-LTCUSDT-1687795200-T
LINK/USDT,ema_trend,2023-06-26 04:00,6.134,2023-06-28 19:59,5.846,stop,262.53,3.14676558000,-78.75540558000,-0.048905,64.00,tb-ema_trend-LINKUSDT-1687737600-B,tb-ema_trend-LINKUSDT-1687968000-X
ETH/USDT,ema_trend,2023-06-27 04:00,1873.10,2023-06-28 19:59,1816.05,stop,0.7915,2.9214607100,-48.0765357100,-0.032428,40.00,tb-ema_trend-ETHUSDT-1687824000-B,tb-ema_trend-ETHUSDT-1687968000-X
LINK/USDT,ema_trend,2023-06-29 12:00,6.139,2023-06-30 03:59,5.837,stop,301.91,3.61757725000,-94.79439725000,-0.051146,16.00,tb-ema_trend-LINKUSDT-1688025600-B,tb-ema_trend-LINKUSDT-1688083200-X
BTC/USDT,ema_trend,2023-06-26 20:00,30259.10,2023-06-30 15:59,29734.98,trailing,0.06532,3.9209314390,-38.1564498390,-0.019305,92.00,tb-ema_trend-BTCUSDT-1687795200-B,tb-ema_trend-BTCUSDT-1688126400-T
LTC/USDT,ema_trend,2023-06-29 12:00,85.63,2023-06-30 15:59,91.85,trailing,16.233,2.8824885500,98.0867714500,0.070564,28.00,tb-ema_trend-LTCUSDT-1688025600-B,tb-ema_trend-LTCUSDT-1688126400-T
SOL/USDT,ema_trend,2023-06-30 04:00,18.97,2023-06-30 15:59,17.73,stop,77.334,2.8396374600,-98.7337974600,-0.067302,12.00,tb-ema_trend-SOLUSDT-1688083200-B,tb-ema_trend-SOLUSDT-1688126400-X
LINK/USDT,ema_trend,2023-06-30 16:00,6.086,2023-07-05 11:59,6.282,trailing,251.63,3.11374220000,46.20573780000,0.030172,116.00,tb-ema_trend-LINKUSDT-1688126400-B,tb-ema_trend-LINKUSDT-1688544000-T
LTC/USDT,ema_trend,2023-07-01 00:00,108.76,2023-07-05 11:59,103.48,trailing,9.992,2.1218984400,-54.8796584400,-0.050500,108.00,tb-ema_trend-LTCUSDT-1688155200-B,tb-ema_trend-LTCUSDT-1688544000-T
SOL/USDT,ema_trend,2023-07-01 00:00,18.86,2023-07-05 11:59,18.44,trailing,57.948,2.1625731400,-26.5007331400,-0.024248,108.00,tb-ema_trend-SOLUSDT-1688155200-B,tb-ema_trend-SOLUSDT-1688544000-T
LINK/USDT,ema_trend,2023-07-06 04:00,6.323,2023-07-07 03:59,6.063,stop,312.56,3.87339152000,-85.13899152000,-0.043080,24.00,tb-ema_trend-LINKUSDT-1688601600-B,tb-ema_trend-LINKUSDT-1688688000-X
LINK/USDT,ema_trend,2023-07-07 12:00,6.142,2023-07-07 16:00,6.208,signal,318.32,3.93321744000,17.07590256000,0.008734,4.00,tb-ema_trend-LINKUSDT-1688716800-B,tb-ema_trend-LINKUSDT-1688731200-S
LTC/USDT,ema_trend,2023-07-05 20:00,100.58,2023-07-08 00:00,98.17,signal,13.120,2.6090081200,-34.2282081200,-0.025938,52.00,tb-ema_trend-LTCUSDT-1688572800-B,tb-ema_trend-LTCUSDT-1688760000-S
BNB/USDT,ema_trend,2023-07-12 04:00,249.73,2023-07-12 15:59,243.57,stop,5.945,2.9341668800,-39.5553668800,-0.026643,12.00,tb-ema_trend-BNBUSDT-1689120000-B,tb-ema_trend-BNBUSDT-1689163200-X
BTC/USDT,ema_trend,2023-07-11 20:00,30597.30,2023-07-14 19:59,30514.13,trailing,0.06469,3.9554402180,-9.3357075180,-0.004717,72.00,tb-ema_trend-BTCUSDT-1689091200-B,tb-ema_trend-BTCUSDT-1689350400-T
LINK/USDT,ema_trend,2023-07-13 08:00,6.309,2023-07-14 19:59,6.758,trailing,233.83,3.05697077000,101.93269923000,0.069096,36.00,tb-ema_trend-LINKUSDT-1689220800-B,tb-ema_trend-LINKUSDT-1689350400-T
ADA/USDT,ema_trend,2023-07-14 20:00,0.3215,2023-07-17 11:59,0.3085,trailing,3645.8,2.298043550000,-49.693443550000,-0.042396,64.00,tb-ema_trend-ADAUSDT-1689350400-B,tb-ema_trend-ADAUSDT-1689580800-T
SOL/USDT,ema_trend,2023-07-07 20:00,21.45,2023-07-18 11:59,25.53,trailing,55.984,2.6313509700,225.7833690300,0.188019,256.00,tb-ema_trend-SOLUSDT-1688745600-B,tb-ema_trend-SOLUSDT-1689667200-T
ETH/USDT,ema_trend,2023-07-18 12:00,1895.10,2023-07-18 20:00,1891.10,signal,0.9076,3.4382502200,-7.0686502200,-0.004110,8.00,tb-ema_trend-ETHUSDT-1689667200-B,tb-ema_trend-ETHUSDT-1689696000-S
XRP/USDT,ema_trend,2023-07-14 20:00,0.7000,2023-07-22 15:59,0.7644,trailing,927.8,1.359370320000,58.390949680000,0.089907,188.00,tb-ema_trend-XRPUSDT-1689350400-B,tb-ema_trend-XRPUSDT-1690027200-T
SOL/USDT,ema_trend,2023-07-19 00:00,25.56,2023-07-22 23:59,25.18,trailing,44.521,2.2601457400,-19.1781257400,-0.016853,96.00,tb-ema_trend-SOLUSDT-1689710400-B,tb-ema_trend-SOLUSDT-1690056000-T
LINK/USDT,ema_trend,2023-07-17 12:00,6.645,2023-07-24 03:59,7.771,trailing,273.57,3.94564572000,304.09417428000,0.167280,160.00,tb-ema_trend-LINKUSDT-1689580800-B,tb-ema_trend-LINKUSDT-1690156800-T
XRP/USDT,ema_trend,2023-07-23 00:00,0.7334,2023-07-24 11:59,0.6856,stop,2050.1,2.910632040000,-100.905412040000,-0.067112,36.00,tb-ema_trend-XRPUSDT-1690056000-B,tb-ema_trend-XRPUSDT-1690185600-X
XRP/USDT,ema_trend,2023-07-24 20:00,0.7041,2023-07-25 04:00,0.6965,signal,2299.2,3.221949360000,-20.695869360000,-0.012784,8.00,tb-ema_trend-XRPUSDT-1690214400-B,tb-ema_trend-XRPUSDT-1690243200-S
LINK/USDT,ema_trend,2023-07-24 12:00,7.605,2023-07-30 19:59,7.692,trailing,241.27,3.69260844000,17.29788156000,0.009427,152.00,tb-ema_trend-LINKUSDT-1690185600-B,tb-ema_trend-LINKUSDT-1690732800-T
SOL/USDT,ema_trend,2023-07-29 04:00,25.15,2023-07-30 19:59,23.99,stop,76.834,3.7775593100,-92.9049993100,-0.048078,40.00,tb-ema_trend-SOLUSDT-1690588800-B,tb-ema_trend-SOLUSDT-1690732800-X
LTC/USDT,ema_trend,2023-07-30 08:00,94.50,2023-07-30 19:59,92.11,stop,15.328,2.8618700800,-39.4957900800,-0.027267,12.00,tb-ema_trend-LTCUSDT-1690689600-B,tb-ema_trend-LTCUSDT-1690732800-X
LTC/USDT,ema_trend,2023-07-31 04:00,94.15,2023-07-31 23:59,91.10,stop,18.815,3.4872676000,-60.8730176000,-0.034364,20.00,tb-ema_trend-LTCUSDT-1690761600-B,tb-ema_trend-LTCUSDT-1690833600-X
LTC/USDT,ema_trend,2023-08-01 16:00,93.17,2023-08-02 15:59,89.42,stop,26.809,4.8975709000,-105.4313209000,-0.042210,24.00,tb-ema_trend-LTCUSDT-1690891200-B,tb-ema_trend-LTCUSDT-1690977600-X
BNB/USDT,ema_trend,2023-08-06 04:00,244.93,2023-08-07 15:59,240.98,stop,10.092,4.9064979500,-44.7698979500,-0.018112,36.00,tb-ema_trend-BNBUSDT-1691280000-B,tb-ema_trend-BNBUSDT-1691409600-X
BTC/USDT,ema_trend,2023-08-09 04:00,29730.86,2023-08-11 19:59,29285.78,trailing,0.08273,4.8851224052,-41.7065908052,-0.016956,64.00,tb-ema_trend-BTCUSDT-1691539200-B,tb-ema_trend-BTCUSDT-1691769600-T
LINK/USDT,ema_trend,2023-08-09 16:00,7.718,2023-08-11 19:59,7.422,stop,179.27,2.71553704000,-55.77945704000,-0.040315,52.00,tb-ema_trend-LINKUSDT-1691582400-B,tb-ema_trend-LINKUSDT-1691769600-X
LINK/USDT,ema_trend,2023-08-12 04:00,7.475,2023-08-15 11:59,7.262,trailing,264.16,3.89494417000,-60.16102417000,-0.030468,80.00,tb-ema_trend-LINKUSDT-1691798400-B,tb-ema_trend-LINKUSDT-1692086400-T
SOL/USDT,ema_trend,2023-08-09 04:00,24.32,2023-08-15 19:59,24.06,trailing,75.855,3.6717132200,-23.3940132200,-0.012681,160.00,tb-ema_trend-SOLUSDT-1691539200-B,tb-ema_trend-SOLUSDT-1692115200-T
SOL/USDT,ema_trend,2023-08-16 04:00,23.71,2023-08-16 16:00,23.06,signal,101.875,4.7671121700,-70.9858621700,-0.029388,12.00,tb-ema_trend-SOLUSDT-1692144000-B,tb-ema_trend-SOLUSDT-1692187200-S
LINK/USDT,ema_trend,2023-09-16 00:00,6.371,2023-09-17 03:59,6.176,stop,282.20,3.54261099000,-58.57161099000,-0.032578,28.00,tb-ema_trend-LINKUSDT-1694808000-B,tb-ema_trend-LINKUSDT-1694908800-X
BNB/USDT,ema_trend,2023-09-18 12:00,219.81,2023-09-18 19:59,215.80,stop,6.082,2.6509186900,-27.0397386900,-0.020226,8.00,tb-ema_trend-BNBUSDT-1695024000-B,tb-ema_trend-BNBUSDT-1695052800-X
LTC/USDT,ema_trend,2023-09-19 08:00,66.99,2023-09-20 15:59,64.69,trailing,19.859,2.6163729200,-48.2920729200,-0.036300,32.00,tb-ema_trend-LTCUSDT-1695096000-B,tb-ema_trend-LTCUSDT-1695211200-T
BTC/USDT,ema_trend,2023-09-14 16:00,26707.32,2023-09-21 15:59,26556.58,trailing,0.08974,4.7823060456,-18.3097136456,-0.007640,168.00,tb-ema_trend-BTCUSDT-1694692800-B,tb-ema_trend-BTCUSDT-1695297600-T
SOL/USDT,ema_trend,2023-09-20 16:00,20.22,2023-09-21 15:59,19.45,stop,65.267,2.5904764100,-52.8460664100,-0.040044,24.00,tb-ema_trend-SOLUSDT-1695211200-B,tb-ema_trend-SOLUSDT-1695297600-X
LINK/USDT,ema_trend,2023-09-18 04:00,6.626,2023-10-02 15:59,7.717,trailing,269.13,3.86192061000,289.75890939000,0.162489,348.00,tb-ema_trend-LINKUSDT-1694995200-B,tb-ema_trend-LINKUSDT-1696248000-T
ETH/USDT,ema_trend,2023-09-28 16:00,1653.40,2023-10-02 19:59,1674.37,trailing,1.1489,3.8252590300,20.2671739700,0.010669,100.00,tb-ema_trend-ETHUSDT-1695902400-B,tb-ema_trend-ETHUSDT-1696262400-T
BTC/USDT,ema_trend,2023-09-28 20:00,27113.55,2023-10-02 23:59,27471.84,trailing,0.05254,2.8695432000,15.9550134000,0.011200,100.00,tb-ema_trend-BTCUSDT-1695916800-B,tb-ema_trend-BTCUSDT-1696276800-T
ADA/USDT,ema_trend,2023-10-02 20:00,0.2620,2023-10-04 03:59,0.2540,stop,6378.8,3.293137600000,-54.323537600000,-0.032505,32.00,tb-ema_trend-ADAUSDT-1696262400-B,tb-ema_trend-ADAUSDT-1696377600-X
SOL/USDT,ema_trend,2023-10-02 16:00,24.07,2023-10-04 15:59,22.67,stop,65.922,3.0827829000,-95.3735829000,-0.060107,48.00,tb-ema_trend-SOLUSDT-1696248000-B,tb-ema_trend-SOLUSDT-1696420800-X
LINK/USDT,ema_trend,2023-10-03 00:00,7.476,2023-10-06 00:00,7.465,signal,215.74,3.22501606000,-5.59815606000,-0.003471,72.00,tb-ema_trend-LINKUSDT-1696276800-B,tb-ema_trend-LINKUSDT-1696536000-S
ADA/USDT,ema_trend,2023-10-04 16:00,0.2556,2023-10-08 11:59,0.2553,trailing,6194.9,3.166584690000,-5.025054690000,-0.003174,92.00,tb-ema_trend-ADAUSDT-1696420800-B,tb-ema_trend-ADAUSDT-1696752000-T
BTC/USDT,ema_trend,2023-10-04 04:00,27444.15,2023-10-09 11:59,27404.12,trailing,0.05879,3.2261764375,-5.5795401375,-0.003458,128.00,tb-ema_trend-BTCUSDT-1696377600-B,tb-ema_trend-BTCUSDT-1696838400-T
SOL/USDT,ema_trend,2023-10-06 04:00,23.21,2023-10-09 11:59,22.24,trailing,68.484,3.1141992900,-69.5436792900,-0.043752,80.00,tb-ema_trend-SOLUSDT-1696550400-B,tb-ema_trend-SOLUSDT-1696838400-T
ADA/USDT,ema_trend,2023-10-08 20:00,0.2568,2023-10-09 11:59,0.2506,stop,6178.4,3.136512320000,-41.442592320000,-0.026120,16.00,tb-ema_trend-ADAUSDT-1696780800-B,tb-ema_trend-ADAUSDT-1696838400-X
SOL/USDT,ema_trend,2023-10-09 20:00,22.22,2023-10-10 20:00,22.02,signal,90.693,4.0142803400,-22.1528803400,-0.010993,24.00,tb-ema_trend-SOLUSDT-1696867200-B,tb-ema_trend-SOLUSDT-1696953600-S
BNB/USDT,ema_trend,2023-10-16 12:00,212.91,2023-10-17 15:59,208.92,stop,11.047,4.6625109300,-48.7400409300,-0.020723,28.00,tb-ema_trend-BNBUSDT-1697443200-B,tb-ema_trend-BNBUSDT-1697544000-X
LINK/USDT,ema_trend,2023-10-16 16:00,7.443,2023-10-19 04:00,7.286,signal,177.78,2.61986136000,-30.53132136000,-0.023074,60.00,tb-ema_trend-LINKUSDT-1697457600-B,tb-ema_trend-LINKUSDT-1697673600-S
BNB/USDT,ema_trend,2023-10-20 04:00,212.91,2023-10-26 15:59,220.42,trailing,7.044,3.0540798000,49.8463602000,0.033237,156.00,tb-ema_trend-BNBUSDT-1697760000-B,tb-ema_trend-BNBUSDT-1698321600-T
ADA/USDT,ema_trend,2023-10-26 16:00,0.2859,2023-10-31 15:59,0.2874,trailing,5286.3,3.032151060000,4.897298940000,0.003240,120.00,tb-ema_trend-ADAUSDT-1698321600-B,tb-ema_trend-ADAUSDT-1698753600-T
SOL/USDT,ema_trend,2023-10-17 16:00,23.91,2023-11-02 19:59,38.98,trailing,65.610,4.1277909600,984.6149090400,0.627649,388.00,tb-ema_trend-SOLUSDT-1697544000-B,tb-ema_trend-SOLUSDT-1698940800-T
BTC/USDT,ema_trend,2023-10-16 16:00,28078.20,2023-11-03 11:59,34172.96,trailing,0.06282,3.9125833480,378.9602398520,0.214846,428.00,tb-ema_trend-BTCUSDT-1697457600-B,tb-ema_trend-BTCUSDT-1698998400-T
XRP/USDT,ema_trend,2023-11-02 20:00,0.6102,2023-11-07 03:59,0.6660,trailing,2965.8,3.786784560000,161.704855440000,0.089353,104.00,tb-ema_trend-XRPUSDT-1698940800-B,tb-ema_trend-XRPUSDT-1699315200-T
ADA/USDT,ema_trend,2023-11-07 04:00,0.3568,2023-11-07 15:59,0.3377,stop,5906.2,4.103996700000,-116.912416700000,-0.055479,12.00,tb-ema_trend-ADAUSDT-1699315200-B,tb-ema_trend-ADAUSDT-1699358400-X
SOL/USDT,ema_trend,2023-11-03 12:00,39.17,2023-11-09 19:59,42.55,trailing,26.388,2.1574849500,87.0339550500,0.084203,152.00,tb-ema_trend-SOLUSDT-1698998400-B,tb-ema_trend-SOLUSDT-1699545600-T
XRP/USDT,ema_trend,2023-11-07 16:00,0.6722,2023-11-09 19:59,0.6376,trailing,2584.2,3.386532880000,-92.799852880000,-0.053422,52.00,tb-ema_trend-XRPUSDT-1699358400-B,tb-ema_trend-XRPUSDT-1699545600-T
LINK/USDT,ema_trend,2023-10-31 16:00,11.127,2023-11-13 23:59,14.423,trailing,122.73,3.13719801000,401.38088199000,0.293919,320.00,tb-ema_trend-LINKUSDT-1698753600-B,tb-ema_trend-LINKUSDT-1699905600-T
ADA/USDT,ema_trend,2023-11-09 20:00,0.3619,2023-11-13 23:59,0.3577,trailing,5005.0,3.603443690000,-24.624443690000,-0.013595,100.00,tb-ema_trend-ADAUSDT-1699545600-B,tb-ema_trend-ADAUSDT-1699905600-T
BTC/USDT,ema_trend,2023-11-09 20:00,36400.41,2023-11-14 15:59,36119.11,trailing,0.05224,3.7906037530,-18.4857157530,-0.009721,116.00,tb-ema_trend-BTCUSDT-1699545600-B,tb-ema_trend-BTCUSDT-1699963200-T
XRP/USDT,ema_trend,2023-11-14 04:00,0.6602,2023-11-14 19:59,0.6162,stop,2559.1,3.268151760000,-115.868551760000,-0.068581,16.00,tb-ema_trend-XRPUSDT-1699920000-B,tb-ema_trend-XRPUSDT-1699977600-X
BNB/USDT,ema_trend,2023-11-14 20:00,240.12,2023-11-15 04:00,243.67,signal,9.410,4.5548651000,28.8506349000,0.012768,8.00,tb-ema_trend-BNBUSDT-1699977600-B,tb-ema_trend-BNBUSDT-1700006400-S
BTC/USDT,ema_trend,2023-11-15 08:00,35594.67,2023-11-16 19:59,36203.14,trailing,0.06368,4.5745761725,34.1727934275,0.015076,36.00,tb-ema_trend-BTCUSDT-1700020800-B,tb-ema_trend-BTCUSDT-1700150400-T
LINK/USDT,ema_trend,2023-11-14 16:00,14.078,2023-11-17 11:59,13.398,trailing,80.71,2.21885498000,-57.10165498000,-0.050255,68.00,tb-ema_trend-LINKUSDT-1699963200-B,tb-ema_trend-LINKUSDT-1700208000-T
SOL/USDT,ema_trend,2023-11-14 04:00,54.06,2023-11-17 15:59,55.49,trailing,15.744,1.7256201600,20.7882998400,0.024425,84.00,tb-ema_trend-SOLUSDT-1699920000-B,tb-ema_trend-SOLUSDT-1700222400-T
LINK/USDT,ema_trend,2023-11-20 08:00,15.214,2023-11-21 03:59,14.242,stop,115.23,3.39604056000,-115.39960056000,-0.065826,20.00,tb-ema_trend-LINKUSDT-1700452800-B,tb-ema_trend-LINKUSDT-1700524800-X
BTC/USDT,ema_trend,2023-11-17 04:00,36502.25,2023-11-21 15:59,36265.64,trailing,0.06233,4.5381777400,-19.2860790400,-0.008477,108.00,tb-ema_trend-BTCUSDT-1700179200-B,tb-ema_trend-BTCUSDT-1700568000-T
SOL/USDT,ema_trend,2023-11-18 00:00,58.55,2023-11-21 15:59,54.21,trailing,15.414,1.7390194400,-68.6357794400,-0.076052,88.00,tb-ema_trend-SOLUSDT-1700251200-B,tb-ema_trend-SOLUSDT-1700568000-T
BNB/USDT,ema_trend,2023-11-21 04:00,262.84,2023-11-21 15:59,250.65,stop,7.380,3.7916589200,-93.7538589200,-0.048333,12.00,tb-ema_trend-BNBUSDT-1700524800-B,tb-ema_trend-BNBUSDT-1700568000-X
LINK/USDT,ema_trend,2023-11-21 16:00,14.255,2023-11-22 00:00,13.355,signal,112.37,3.10424630000,-104.23724630000,-0.065074,8.00,tb-ema_trend-LINKUSDT-1700568000-B,tb-ema_trend-LINKUSDT-1700596800-S
ETH/USDT,ema_trend,2023-11-23 20:00,2063.23,2023-11-26 19:59,2041.43,trailing,1.2906,5.3001563970,-33.4352363970,-0.012556,72.00,tb-ema_trend-ETHUSDT-1700755200-B,tb-ema_trend-ETHUSDT-1701014400-T
LTC/USDT,ema_trend,2023-11-25 16:00,71.60,2023-11-26 19:59,69.33,stop,20.921,2.9499001300,-50.4405701300,-0.033673,28.00,tb-ema_trend-LTCUSDT-1700913600-B,tb-ema_trend-LTCUSDT-1701014400-X
BTC/USDT,ema_trend,2023-11-25 00:00,37732.43,2023-11-27 15:59,36803.84,trailing,0.05292,3.9467233514,-53.0877061514,-0.026586,64.00,tb-ema_trend-BTCUSDT-1700856000-B,tb-ema_trend-BTCUSDT-1701086400-T
LINK/USDT,ema_trend,2023-11-26 20:00,14.681,2023-11-27 19:59,13.955,stop,145.95,4.18162635000,-110.14132635000,-0.051403,24.00,tb-ema_trend-LINKUSDT-1701014400-B,tb-ema_trend-LINKUSDT-1701100800-X
ADA/USDT,ema_trend,2023-11-28 12:00,0.3779,2023-11-30 16:00,0.3746,signal,5498.5,4.139737490000,-22.284787490000,-0.010725,52.00,tb-ema_trend-ADAUSDT-1701158400-B,tb-ema_trend-ADAUSDT-1701345600-S
SOL/USDT,ema_trend,2023-11-30 20:00,60.02,2023-12-04 11:59,59.83,trailing,28.035,3.3617353300,-8.6883853300,-0.005163,88.00,tb-ema_trend-SOLUSDT-1701360000-B,tb-ema_trend-SOLUSDT-1701676800-T
LINK/USDT,ema_trend,2023-12-04 12:00,15.631,2023-12-07 15:59,14.809,stop,107.50,3.27401941000,-91.63901941000,-0.054536,76.00,tb-ema_trend-LINKUSDT-1701676800-B,tb-ema_trend-LINKUSDT-1701950400-X
ETH/USDT,ema_trend,2023-11-27 16:00,2004.09,2023-12-11 03:59,2289.41,trailing,1.0442,4.4854771970,293.4456668030,0.140225,324.00,tb-ema_trend-ETHUSDT-1701086400-B,tb-ema_trend-ETHUSDT-1702252800-T
BTC/USDT,ema_trend,2023-11-29 08:00,38115.75,2023-12-11 03:59,42886.76,trailing,0.04087,3.3124783700,191.6787003300,0.123045,284.00,tb-ema_trend-BTCUSDT-1701230400-B,tb-ema_trend-BTCUSDT-1702252800-T
ADA/USDT,ema_trend,2023-12-07 16:00,0.4440,2023-12-11 03:59,0.5573,trailing,3734.0,3.740541400000,419.321658600000,0.252924,84.00,tb-ema_trend-ADAUSDT-1701950400-B,tb-ema_trend-ADAUSDT-1702252800-T
XRP/USDT,ema_trend,2023-12-11 04:00,0.6278,2023-12-12 12:00,0.6192,signal,3085.2,3.849190580000,-30.381910580000,-0.015686,32.00,tb-ema_trend-XRPUSDT-1702252800-B,tb-ema_trend-XRPUSDT-1702368000-S
LTC/USDT,ema_trend,2023-12-11 04:00,73.84,2023-12-12 20:00,71.70,signal,29.092,4.2362648800,-66.4931448800,-0.030954,40.00,tb-ema_trend-LTCUSDT-1702252800-B,tb-ema_trend-LTCUSDT-1702396800-S
BTC/USDT,ema_trend,2023-12-12 16:00,41368.67,2023-12-13 00:00,41471.63,signal,0.04663,3.8649116256,0.9361131744,0.000485,8.00,tb-ema_trend-BTCUSDT-1702382400-B,tb-ema_trend-BTCUSDT-1702411200-S
SOL/USDT,ema_trend,2023-12-11 04:00,70.92,2023-12-13 07:59,64.73,stop,18.168,2.4658366800,-114.9257566800,-0.089195,52.00,tb-ema_trend-SOLUSDT-1702252800-B,tb-ema_trend-SOLUSDT-1702440000-X
BNB/USDT,ema_trend,2023-12-13 00:00,254.73,2023-12-15 23:59,243.52,stop,7.723,3.8500225900,-90.4248525900,-0.045964,72.00,tb-ema_trend-BNBUSDT-1702411200-B,tb-ema_trend-BNBUSDT-1702670400-X
ADA/USDT,ema_trend,2023-12-13 04:00,0.5567,2023-12-16 03:59,0.5863,trailing,1954.8,2.235449800000,55.626630200000,0.051116,72.00,tb-ema_trend-ADAUSDT-1702425600-B,tb-ema_trend-ADAUSDT-1702684800-T
ETH/USDT,ema_trend,2023-12-16 04:00,2255.41,2023-12-16 20:00,2234.04,signal,0.8303,3.7296202020,-21.4731312020,-0.011467,16.00,tb-ema_trend-ETHUSDT-1702684800-B,tb-ema_trend-ETHUSDT-1702742400-S
BTC/USDT,ema_trend,2023-12-16 00:00,41961.27,2023-12-17 12:00,41939.08,signal,0.05041,4.2319343169,-5.3505322169,-0.002529,36.00,tb-ema_trend-BTCUSDT-1702670400-B,tb-ema_trend-BTCUSDT-1702800000-S
SOL/USDT,ema_trend,2023-12-13 16:00,67.61,2023-12-17 23:59,71.40,trailing,19.699,2.7397101900,71.9194998100,0.054000,104.00,tb-ema_trend-SOLUSDT-1702468800-B,tb-ema_trend-SOLUSDT-1702843200-T
BNB/USDT,ema_trend,2023-12-17 08:00,240.43,2023-12-18 04:00,237.18,signal,7.763,3.7096098700,-28.9393598700,-0.015505,20.00,tb-ema_trend-BNBUSDT-1702785600-B,tb-ema_trend-BNBUSDT-1702857600-S
ADA/USDT,ema_trend,2023-12-18 16:00,0.5671,2023-12-24 23:59,0.5854,trailing,2550.5,2.940925710000,43.733224290000,0.030236,152.00,tb-ema_trend-ADAUSDT-1702900800-B,tb-ema_trend-ADAUSDT-1703448000-T
BTC/USDT,ema_trend,2023-12-19 12:00,42997.59,2023-12-24 23:59,42735.99,trailing,0.05527,4.7410748247,-19.1997068247,-0.008079,132.00,tb-ema_trend-BTCUSDT-1702972800-B,tb-ema_trend-BTCUSDT-1703448000-T
SOL/USDT,ema_trend,2023-12-25 00:00,112.51,2023-12-26 19:59,106.26,trailing,10.643,2.3296067200,-68.8483567200,-0.057496,44.00,tb-ema_trend-SOLUSDT-1703448000-B,tb-ema_trend-SOLUSDT-1703606400-T
LINK/USDT,ema_trend,2023-12-25 00:00,15.271,2023-12-26 19:59,14.520,trailing,130.50,3.88986344000,-101.89536344000,-0.051130,44.00,tb-ema_trend-LINKUSDT-1703448000-B,tb-ema_trend-LINKUSDT-1703606400-T
BNB/USDT,ema_trend,2023-12-19 16:00,251.63,2023-12-29 19:59,308.70,trailing,7.087,3.9730717500,400.4820182500,0.224573,244.00,tb-ema_trend-BNBUSDT-1702987200-B,tb-ema_trend-BNBUSDT-1703865600-T
ETH/USDT,ema_trend,2023-12-27 16:00,2343.14,2023-12-29 19:59,2294.88,trailing,0.8612,3.9963716540,-45.5578836540,-0.022577,52.00,tb-ema_trend-ETHUSDT-1703678400-B,tb-ema_trend-ETHUSDT-1703865600-T
SOL/USDT,ema_trend,2023-12-27 04:00,108.57,2023-12-31 23:59,100.66,trailing,8.764,1.8346688500,-71.1579088500,-0.074784,116.00,tb-ema_trend-SOLUSDT-1703635200-B,tb-ema_trend-SOLUSDT-1704052800-T
LTC/USDT,ema_trend,2023-12-29 20:00,74.82,2024-01-03 11:59,71.75,trailing,31.926,4.6817880600,-102.6946080600,-0.042992,112.00,tb-ema_trend-LTCUSDT-1703865600-B,tb-ema_trend-LTCUSDT-1704268800-T
BTC/USDT,ema_trend,2024-01-02 04:00,45425.09,2024-01-03 11:59,44248.61,stop,0.03712,3.3305047444,-47.0014423444,-0.027875,32.00,tb-ema_trend-BTCUSDT-1704153600-B,tb-ema_trend-BTCUSDT-1704268800-X
BNB/USDT,ema_trend,2023-12-30 04:00,316.06,2024-01-03 15:59,305.58,trailing,6.186,3.8476774600,-68.6769574600,-0.035126,108.00,tb-ema_trend-BNBUSDT-1703894400-B,tb-ema_trend-BNBUSDT-1704283200-T
ETH/USDT,ema_trend,2024-01-03 12:00,2309.15,2024-01-03 15:59,2231.77,stop,0.9729,4.4201702150,-79.7031722150,-0.035478,4.00,tb-ema_trend-ETHUSDT-1704268800-B,tb-ema_trend-ETHUSDT-1704283200-X
SOL/USDT,ema_trend,2024-01-04 00:00,98.57,2024-01-04 08:00,98.84,signal,10.594,2.0924458100,0.7679341900,0.000735,8.00,tb-ema_trend-SOLUSDT-1704312000-B,tb-ema_trend-SOLUSDT-1704340800-S
BTC/USDT,ema_trend,2024-01-03 20:00,42617.96,2024-01-10 15:59,44672.34,trailing,0.05924,5.1736344480,116.5278367520,0.046155,164.00,tb-ema_trend-BTCUSDT-1704297600-B,tb-ema_trend-BTCUSDT-1704888000-T
LINK/USDT,ema_trend,2024-01-11 12:00,15.344,2024-01-12 19:59,14.294,stop,107.32,3.18243800000,-115.86843800000,-0.070363,32.00,tb-ema_trend-LINKUSDT-1704960000-B,tb-ema_trend-LINKUSDT-1705075200-X
ETH/USDT,ema_trend,2024-01-10 00:00,2345.48,2024-01-12 23:59,2468.51,trailing,0.8813,4.2446803160,104.1816586840,0.050401,72.00,tb-ema_trend-ETHUSDT-1704830400-B,tb-ema_trend-ETHUSDT-1705089600-T
ADA/USDT,ema_trend,2024-01-12 20:00,0.5586,2024-01-14 20:00,0.5353,signal,2413.4,2.641414760000,-58.873634760000,-0.043671,48.00,tb-ema_trend-ADAUSDT-1705075200-B,tb-ema_trend-ADAUSDT-1705248000-S
LTC/USDT,ema_trend,2024-01-11 12:00,73.19,2024-01-14 23:59,69.97,trailing,24.576,3.5201299100,-82.6548499100,-0.045952,84.00,tb-ema_trend-LTCUSDT-1704960000-B,tb-ema_trend-LTCUSDT-1705262400-T
BNB/USDT,ema_trend,2024-01-16 12:00,318.06,2024-01-18 03:59,306.37,stop,5.606,3.5024629400,-69.0366029400,-0.038718,40.00,tb-ema_trend-BNBUSDT-1705392000-B,tb-ema_trend-BNBUSDT-1705536000-X
ETH/USDT,ema_trend,2024-01-13 08:00,2552.27,2024-01-18 19:59,2480.05,trailing,0.7592,3.8225791600,-58.6520031600,-0.030269,132.00,tb-ema_trend-ETHUSDT-1705118400-B,tb-ema_trend-ETHUSDT-1705593600-T
LINK/USDT,ema_trend,2024-01-15 00:00,14.763,2024-01-18 19:59,14.770,trailing,114.16,3.37325884000,-2.57413884000,-0.001527,92.00,tb-ema_trend-LINKUSDT-1705262400-B,tb-ema_trend-LINKUSDT-1705593600-T
ETH/USDT,ema_trend,2024-01-19 20:00,2494.62,2024-01-20 12:00,2469.34,signal,0.8989,4.4643488060,-27.1885408060,-0.012125,16.00,tb-ema_trend-ETHUSDT-1705680000-B,tb-ema_trend-ETHUSDT-1705737600-S
LINK/USDT,ema_trend,2024-01-19 04:00,14.809,2024-01-22 11:59,15.104,trailing,111.82,3.34664874000,29.64025126000,0.017899,80.00,tb-ema_trend-LINKUSDT-1705622400-B,tb-ema_trend-LINKUSDT-1705910400-T
LTC/USDT,ema_trend,2024-01-20 08:00,72.18,2024-01-22 11:59,69.04,stop,23.299,3.2920171000,-76.4508771000,-0.045460,52.00,tb-ema_trend-LTCUSDT-1705723200-B,tb-ema_trend-LTCUSDT-1705910400-X
SOL/USDT,ema_trend,2024-01-27 20:00,93.16,2024-01-31 11:59,97.97,trailing,22.209,4.2469488500,102.5783411500,0.049579,88.00,tb-ema_trend-SOLUSDT-1706371200-B,tb-ema_trend-SOLUSDT-1706688000-T
BNB/USDT,ema_trend,2024-01-29 12:00,308.16,2024-01-31 11:59,301.77,trailing,5.160,3.1490877600,-36.1214877600,-0.022716,48.00,tb-ema_trend-BNBUSDT-1706515200-B,tb-ema_trend-BNBUSDT-1706688000-T
LINK/USDT,ema_trend,2024-01-31 12:00,15.794,2024-01-31 23:59,15.117,stop,134.50,4.15974066000,-95.21624066000,-0.044823,12.00,tb-ema_trend-LINKUSDT-1706688000-B,tb-ema_trend-LINKUSDT-1706731200-X
SOL/USDT,ema_trend,2024-02-01 04:00,93.65,2024-02-05 03:59,95.10,trailing,15.278,2.8852209000,19.2678791000,0.013467,96.00,tb-ema_trend-SOLUSDT-1706745600-B,tb-ema_trend-SOLUSDT-1707091200-T
SOL/USDT,ema_trend,2024-02-05 12:00,97.93,2024-02-06 04:00,95.96,signal,16.337,3.1692457400,-35.3531357400,-0.022097,16.00,tb-ema_trend-SOLUSDT-1707120000-B,tb-ema_trend-SOLUSDT-1707177600-S
LINK/USDT,ema_trend,2024-02-01 04:00,15.196,2024-02-07 03:59,18.102,trailing,128.96,4.29608556000,370.46167444000,0.189042,144.00,tb-ema_trend-LINKUSDT-1706745600-B,tb-ema_trend-LINKUSDT-1707264000-T
LINK/USDT,ema_trend,2024-02-07 12:00,18.305,2024-02-16 15:59,19.299,trailing,104.15,3.91847015000,99.60662985000,0.052247,220.00,tb-ema_trend-LINKUSDT-1707292800-B,tb-ema_trend-LINKUSDT-1708084800-T
BTC/USDT,ema_trend,2024-02-01 16:00,42537.38,2024-02-21 15:59,50683.40,trailing,0.03878,3.6168033416,312.2858522584,0.189310,480.00,tb-ema_trend-BTCUSDT-1706788800-B,tb-ema_trend-BTCUSDT-1708516800-T
ADA/USDT,ema_trend,2024-02-21 16:00,0.5893,2024-02-24 04:00,0.5753,signal,3090.8,3.601372510000,-46.872572510000,-0.025734,60.00,tb-ema_trend-ADAUSDT-1708516800-B,tb-ema_trend-ADAUSDT-1708732800-S
ETH/USDT,ema_trend,2024-02-07 20:00,2421.18,2024-02-28 19:59,3174.75,trailing,0.7007,3.9230051000,524.1034939000,0.308928,504.00,tb-ema_trend-ETHUSDT-1707321600-B,tb-ema_trend-ETHUSDT-1709136000-T
BNB/USDT,ema_trend,2024-02-16 16:00,358.68,2024-02-29 23:59,391.41,trailing,4.946,3.7117385400,158.1708414600,0.089159,320.00,tb-ema_trend-BNBUSDT-1708084800-B,tb-ema_trend-BNBUSDT-1709236800-T
BTC/USDT,ema_trend,2024-02-27 04:00,55695.44,2024-03-05 19:59,64653.12,trailing,0.03247,3.9099455644,286.9459240356,0.158671,184.00,tb-ema_trend-BTCUSDT-1708992000-B,tb-ema_trend-BTCUSDT-1709654400-T
XRP/USDT,ema_trend,2024-02-28 20:00,0.5654,2024-03-05 19:59,0.6023,trailing,3382.1,3.951200530000,120.848289470000,0.063197,144.00,tb-ema_trend-XRPUSDT-1709136000-B,tb-ema_trend-XRPUSDT-1709654400-T
ETH/USDT,ema_trend,2024-03-01 00:00,3341.78,2024-03-05 19:59,3565.62,trailing,0.5736,3.9640897060,124.4305342940,0.064914,116.00,tb-ema_trend-ETHUSDT-1709236800-B,tb-ema_trend-ETHUSDT-1709654400-T
ADA/USDT,ema_trend,2024-03-05 20:00,0.6358,2024-03-11 03:59,0.6921,trailing,1511.8,2.008536500000,83.105803500000,0.086460,128.00,tb-ema_trend-ADAUSDT-1709654400-B,tb-ema_trend-ADAUSDT-1710115200-T
XRP/USDT,ema_trend,2024-03-11 04:00,0.6089,2024-03-12 19:59,0.6615,trailing,3643.2,4.630574210000,187.001745790000,0.084298,40.00,tb-ema_trend-XRPUSDT-1710115200-B,tb-ema_trend-XRPUSDT-1710259200-T
BNB/USDT,ema_trend,2024-03-05 20:00,376.99,2024-03-14 19:59,575.09,trailing,5.615,5.3481911400,1106.9833088600,0.522952,216.00,tb-ema_trend-BNBUSDT-1709654400-B,tb-ema_trend-BNBUSDT-1710432000-T
LINK/USDT,ema_trend,2024-03-12 20:00,20.716,2024-03-15 03:59,19.845,trailing,97.53,3.95798593000,-88.90661593000,-0.044004,56.00,tb-ema_trend-LINKUSDT-1710259200-B,tb-ema_trend-LINKUSDT-1710460800-T
ETH/USDT,ema_trend,2024-03-14 20:00,3787.79,2024-03-15 11:59,3616.56,trailing,0.6772,5.0168772710,-120.9738332710,-0.047162,16.00,tb-ema_trend-ETHUSDT-1710432000-B,tb-ema_trend-ETHUSDT-1710489600-T
LTC/USDT,ema_trend,2024-03-15 12:00,87.85,2024-03-16 16:00,88.29,signal,17.783,3.1338789200,4.6906410800,0.003003,28.00,tb-ema_trend-LTCUSDT-1710489600-B,tb-ema_trend-LTCUSDT-1710590400-S
BTC/USDT,ema_trend,2024-03-16 20:00,66944.97,2024-03-17 00:00,65267.98,signal,0.03847,5.0889099847,-69.6027152847,-0.027026,4.00,tb-ema_trend-BTCUSDT-1710604800-B,tb-ema_trend-BTCUSDT-1710619200-S
BNB/USDT,ema_trend,2024-03-15 04:00,583.30,2024-03-17 07:59,557.05,trailing,3.041,3.4701375500,-83.2963875500,-0.046959,52.00,tb-ema_trend-BNBUSDT-1710460800-B,tb-ema_trend-BNBUSDT-1710648000-T
BNB/USDT,ema_trend,2024-03-17 16:00,588.50,2024-03-19 03:59,536.18,stop,2.609,2.9360556200,-139.4389356200,-0.090816,36.00,tb-ema_trend-BNBUSDT-1710676800-B,tb-ema_trend-BNBUSDT-1710806400-X
SOL/USDT,ema_trend,2024-03-05 20:00,119.30,2024-03-19 07:59,179.89,trailing,8.504,2.5453854600,512.7119745400,0.505370,324.00,tb-ema_trend-SOLUSDT-1709654400-B,tb-ema_trend-SOLUSDT-1710820800-T
BNB/USDT,ema_trend,2024-03-19 12:00,513.86,2024-03-20 00:00,507.44,signal,2.657,2.7151356800,-19.7730756800,-0.014482,12.00,tb-ema_trend-BNBUSDT-1710835200-B,tb-ema_trend-BNBUSDT-1710878400-S
SOL/USDT,ema_trend,2024-03-19 16:00,183.08,2024-03-24 00:00,172.56,signal,6.206,2.2083834000,-67.4955034000,-0.059405,104.00,tb-ema_trend-SOLUSDT-1710849600-B,tb-ema_trend-SOLUSDT-1711224000-S
BNB/USDT,ema_trend,2024-03-22 04:00,575.89,2024-04-01 07:59,591.16,trailing,3.040,3.5501355600,42.8706644400,0.024488,244.00,tb-ema_trend-BNBUSDT-1711065600-B,tb-ema_trend-BNBUSDT-1711944000-T
LTC/USDT,ema_trend,2024-03-24 20:00,89.67,2024-04-01 15:59,101.13,trailing,28.433,5.4276168300,320.4145631700,0.125673,188.00,tb-ema_trend-LTCUSDT-1711296000-B,tb-ema_trend-LTCUSDT-1711972800-T
SOL/USDT,ema_trend,2024-03-25 04:00,184.91,2024-04-01 15:59,189.20,trailing,10.567,3.9552543800,41.3771756200,0.021176,180.00,tb-ema_trend-SOLUSDT-1711324800-B,tb-ema_trend-SOLUSDT-1711972800-T
BTC/USDT,ema_trend,2024-04-01 08:00,69629.74,2024-04-02 03:59,67927.03,stop,0.03144,4.3275700352,-57.8607724352,-0.026431,20.00,tb-ema_trend-BTCUSDT-1711944000-B,tb-ema_trend-BTCUSDT-1712016000-X
BNB/USDT,ema_trend,2024-04-01 20:00,579.59,2024-04-02 03:59,558.49,stop,4.933,5.6170465900,-109.7033465900,-0.038370,8.00,tb-ema_trend-BNBUSDT-1711987200-B,tb-ema_trend-BNBUSDT-1712016000-X
SOL/USDT,ema_trend,2024-04-02 04:00,183.69,2024-04-03 20:00,185.55,signal,12.357,4.5650866500,18.4189333500,0.008115,40.00,tb-ema_trend-SOLUSDT-1712016000-B,tb-ema_trend-SOLUSDT-1712160000-S
LTC/USDT,ema_trend,2024-04-02 00:00,99.26,2024-04-05 15:59,96.13,trailing,19.041,3.7224061900,-63.3207361900,-0.033503,88.00,tb-ema_trend-LTCUSDT-1712001600-B,tb-ema_trend-LTCUSDT-1712318400-T
BTC/USDT,ema_trend,2024-04-07 08:00,69398.69,2024-04-09 15:59,69257.41,trailing,0.03623,5.0262864463,-10.1448608463,-0.004035,56.00,tb-ema_trend-BTCUSDT-1712462400-B,tb-ema_trend-BTCUSDT-1712664000-T
ETH/USDT,ema_trend,2024-04-08 12:00,3634.89,2024-04-09 15:59,3510.01,trailing,0.5189,3.7096695450,-68.5099015450,-0.036323,28.00,tb-ema_trend-ETHUSDT-1712563200-B,tb-ema_trend-ETHUSDT-1712664000-T
XRP/USDT,ema_trend,2024-04-09 16:00,0.6224,2024-04-10 15:59,0.5965,stop,4009.7,4.889975170000,-108.741205170000,-0.043573,24.00,tb-ema_trend-XRPUSDT-1712664000-B,tb-ema_trend-XRPUSDT-1712750400-X
BNB/USDT,ema_trend,2024-04-06 16:00,584.00,2024-04-12 19:59,588.57,trailing,5.741,6.7352283700,19.5011416300,0.005816,148.00,tb-ema_trend-BNBUSDT-1712404800-B,tb-ema_trend-BNBUSDT-1712937600-T
BTC/USDT,ema_trend,2024-04-10 00:00,69180.58,2024-04-12 19:59,67801.01,trailing,0.02704,3.7060576106,-41.0096304106,-0.021923,68.00,tb-ema_trend-BTCUSDT-1712692800-B,tb-ema_trend-BTCUSDT-1712937600-T
ETH/USDT,ema_trend,2024-04-10 16:00,3481.15,2024-04-12 19:59,3394.97,trailing,0.5746,3.9531072400,-53.4721352400,-0.026732,52.00,tb-ema_trend-ETHUSDT-1712750400-B,tb-ema_trend-ETHUSDT-1712937600-T
BTC/USDT,ema_trend,2024-04-13 04:00,67194.14,2024-04-13 08:00,67412.80,signal,0.04892,6.5883312158,4.1085159842,0.001250,4.00,tb-ema_trend-BTCUSDT-1712966400-B,tb-ema_trend-BTCUSDT-1712980800-S
BNB/USDT,ema_trend,2024-04-13 12:00,594.30,2024-04-13 19:59,564.44,stop,4.446,5.1547295400,-137.9122895400,-0.052195,8.00,tb-ema_trend-BNBUSDT-1712995200-B,tb-ema_trend-BNBUSDT-1713024000-X
BTC/USDT,ema_trend,2024-04-23 00:00,66852.73,2024-04-24 15:59,64611.94,stop,0.03670,4.8274275002,-87.0644205002,-0.035486,40.00,tb-ema_trend-BTCUSDT-1713816000-B,tb-ema_trend-BTCUSDT-1713960000-X
BNB/USDT,ema_trend,2024-04-21 12:00,579.19,2024-04-27 03:59,588.76,trailing,5.525,6.4563988900,46.4178511100,0.014505,136.00,tb-ema_trend-BNBUSDT-1713686400-B,tb-ema_trend-BNBUSDT-1714176000-T
ETH/USDT,ema_trend,2024-04-28 04:00,3310.52,2024-04-29 03:59,3197.42,stop,0.7347,4.7840319300,-87.8786019300,-0.036131,24.00,tb-ema_trend-ETHUSDT-1714262400-B,tb-ema_trend-ETHUSDT-1714348800-X
BNB/USDT,ema_trend,2024-04-27 12:00,588.20,2024-04-30 11:59,580.04,trailing,5.515,6.4463728000,-51.4487728000,-0.015860,72.00,tb-ema_trend-BNBUSDT-1714204800-B,tb-ema_trend-BNBUSDT-1714464000-T
BTC/USDT,ema_trend,2024-05-05 16:00,64460.86,2024-05-07 23:59,62243.55,stop,0.04977,6.3093015252,-116.6648202252,-0.036364,56.00,tb-ema_trend-BTCUSDT-1714910400-B,tb-ema_trend-BTCUSDT-1715112000-X
BNB/USDT,ema_trend,2024-05-05 20:00,593.20,2024-05-08 03:59,575.26,stop,4.056,4.7422397600,-77.5068797600,-0.032214,56.00,tb-ema_trend-BNBUSDT-1714924800-B,tb-ema_trend-BNBUSDT-1715126400-X
SOL/USDT,ema_trend,2024-05-06 12:00,154.07,2024-05-08 07:59,146.44,stop,11.716,3.5226240000,-92.9157040000,-0.051474,44.00,tb-ema_trend-SOLUSDT-1714982400-B,tb-ema_trend-SOLUSDT-1715140800-X
SOL/USDT,ema_trend,2024-05-09 20:00,150.93,2024-05-12 07:59,144.09,trailing,14.499,4.2797589300,-103.4529189300,-0.047275,60.00,tb-ema_trend-SOLUSDT-1715270400-B,tb-ema_trend-SOLUSDT-1715486400-T
SOL/USDT,ema_trend,2024-05-16 04:00,163.20,2024-05-23 11:59,173.50,trailing,14.298,4.8165846000,142.4528154000,0.061049,176.00,tb-ema_trend-SOLUSDT-1715817600-B,tb-ema_trend-SOLUSDT-1716451200-T
BTC/USDT,ema_trend,2024-05-16 00:00,66239.62,2024-05-23 15:59,68671.80,trailing,0.04696,6.3387522662,107.8764205338,0.034680,184.00,tb-ema_trend-BTCUSDT-1715803200-B,tb-ema_trend-BTCUSDT-1716465600-T
LINK/USDT,ema_trend,2024-05-16 20:00,15.007,2024-05-23 15:59,16.049,trailing,116.61,3.62324100000,117.88437900000,0.067364,164.00,tb-ema_trend-LINKUSDT-1715875200-B,tb-ema_trend-LINKUSDT-1716465600-T
ETH/USDT,ema_trend,2024-05-23 12:00,3920.41,2024-05-23 15:59,3742.34,stop,0.4926,3.7766308510,-91.4939128510,-0.047377,4.00,tb-ema_trend-ETHUSDT-1716451200-B,tb-ema_trend-ETHUSDT-1716465600-X
XRP/USDT,ema_trend,2024-05-23 16:00,0.5294,2024-05-23 23:59,0.5090,stop,4504.9,4.680323400000,-96.580283400000,-0.040497,8.00,tb-ema_trend-XRPUSDT-1716465600-B,tb-ema_trend-XRPUSDT-1716494400-X
SOL/USDT,ema_trend,2024-05-23 20:00,171.01,2024-05-26 08:00,165.24,signal,10.462,3.5197286100,-63.8854686100,-0.035708,60.00,tb-ema_trend-SOLUSDT-1716480000-B,tb-ema_trend-SOLUSDT-1716696000-S
LTC/USDT,ema_trend,2024-05-26 12:00,84.90,2024-05-28 07:59,82.73,trailing,21.989,3.6879687700,-51.4040987700,-0.027535,44.00,tb-ema_trend-LTCUSDT-1716710400-B,tb-ema_trend-LTCUSDT-1716868800-T
ETH/USDT,ema_trend,2024-05-24 00:00,3785.50,2024-05-29 15:59,3752.05,trailing,0.5055,3.8125028300,-20.7214778300,-0.010829,136.00,tb-ema_trend-ETHUSDT-1716494400-B,tb-ema_trend-ETHUSDT-1716984000-T
BNB/USDT,ema_trend,2024-05-23 16:00,594.60,2024-05-29 19:59,593.49,trailing,5.346,6.3550967400,-12.2891567400,-0.003866,148.00,tb-ema_trend-BNBUSDT-1716465600-B,tb-ema_trend-BNBUSDT-1716998400-T
XRP/USDT,ema_trend,2024-06-05 16:00,0.5294,2024-06-06 23:59,0.5189,stop,3313.4,3.475237180000,-38.265937180000,-0.021815,32.00,tb-ema_trend-XRPUSDT-1717588800-B,tb-ema_trend-XRPUSDT-1717704000-X
BNB/USDT,ema_trend,2024-06-03 12:00,631.42,2024-06-07 19:59,673.54,trailing,4.939,6.4483545400,201.5823254600,0.064639,104.00,tb-ema_trend-BNBUSDT-1717401600-B,tb-ema_trend-BNBUSDT-1717776000-T
BTC/USDT,ema_trend,2024-06-04 04:00,69204.81,2024-06-07 19:59,69610.02,trailing,0.03379,4.6933213023,8.9987245977,0.003848,88.00,tb-ema_trend-BTCUSDT-1717459200-B,tb-ema_trend-BTCUSDT-1717776000-T
BNB/USDT,ema_trend,2024-06-08 04:00,682.35,2024-06-10 07:59,663.68,trailing,4.633,6.2395687400,-92.7376787400,-0.029335,52.00,tb-ema_trend-BNBUSDT-1717804800-B,tb-ema_trend-BNBUSDT-1717992000-T
BNB/USDT,ema_trend,2024-06-10 16:00,651.33,2024-06-10 23:59,627.00,stop,3.908,4.9983189600,-100.0799589600,-0.039318,8.00,tb-ema_trend-BNBUSDT-1718020800-B,tb-ema_trend-BNBUSDT-1718049600-X
BTC/USDT,ema_trend,2024-06-08 04:00,69466.72,2024-06-11 03:59,68457.17,trailing,0.03412,4.7087417952,-39.1545877952,-0.016519,72.00,tb-ema_trend-BTCUSDT-1717804800-B,tb-ema_trend-BTCUSDT-1718064000-T
XRP/USDT,ema_trend,2024-06-17 20:00,0.5183,2024-06-18 03:59,0.4971,stop,5953.1,6.047887540000,-132.253607540000,-0.042863,8.00,tb-ema_trend-XRPUSDT-1718640000-B,tb-ema_trend-XRPUSDT-1718668800-X
SOL/USDT,ema_trend,2024-06-27 20:00,148.54,2024-06-28 19:59,140.74,stop,15.896,4.6007715200,-128.5895715200,-0.054460,24.00,tb-ema_trend-SOLUSDT-1719504000-B,tb-ema_trend-SOLUSDT-1719590400-X
SOL/USDT,ema_trend,2024-07-02 20:00,152.88,2024-07-03 11:59,146.09,stop,14.906,4.4587400200,-105.6704800200,-0.046371,16.00,tb-ema_trend-SOLUSDT-1719936000-B,tb-ema_trend-SOLUSDT-1719993600-X
ADA/USDT,ema_trend,2024-07-02 12:00,0.4159,2024-07-03 15:59,0.4019,stop,7307.1,5.978824040000,-108.278224040000,-0.035629,28.00,tb-ema_trend-ADAUSDT-1719907200-B,tb-ema_trend-ADAUSDT-1720008000-X
XRP/USDT,ema_trend,2024-07-12 20:00,0.4700,2024-07-14 03:59,0.5163,trailing,4950.5,4.885028150000,224.323121850000,0.096411,32.00,tb-ema_trend-XRPUSDT-1720800000-B,tb-ema_trend-XRPUSDT-1720915200-T
XRP/USDT,ema_trend,2024-07-14 12:00,0.5284,2024-07-18 15:59,0.5629,trailing,3770.1,4.116318050000,125.952131950000,0.063225,100.00,tb-ema_trend-XRPUSDT-1720944000-B,tb-ema_trend-XRPUSDT-1721304000-T
ADA/USDT,ema_trend,2024-07-12 04:00,0.3983,2024-07-18 19:59,0.4228,trailing,6607.9,5.428415300000,156.465134700000,0.059449,160.00,tb-ema_trend-ADAUSDT-1720742400-B,tb-ema_trend-ADAUSDT-1721318400-T
ETH/USDT,ema_trend,2024-07-15 04:00,3331.04,2024-07-23 19:59,3393.99,trailing,0.5658,3.8070205960,31.8100894040,0.016878,208.00,tb-ema_trend-ETHUSDT-1721001600-B,tb-ema_trend-ETHUSDT-1721750400-T
SOL/USDT,ema_trend,2024-07-18 16:00,156.45,2024-07-23 19:59,171.84,trailing,12.420,4.0793956500,187.0644043500,0.096271,124.00,tb-ema_trend-SOLUSDT-1721304000-B,tb-ema_trend-SOLUSDT-1721750400-T
BTC/USDT,ema_trend,2024-07-18 20:00,63586.78,2024-07-23 19:59,65514.32,trailing,0.03387,4.3751977298,60.9105820702,0.028282,120.00,tb-ema_trend-BTCUSDT-1721318400-B,tb-ema_trend-BTCUSDT-1721750400-T
LTC/USDT,ema_trend,2024-07-23 20:00,72.32,2024-07-25 03:59,69.60,trailing,43.995,6.2470248000,-125.9134248000,-0.039574,32.00,tb-ema_trend-LTCUSDT-1721750400-B,tb-ema_trend-LTCUSDT-1721865600-T
BNB/USDT,ema_trend,2024-07-23 20:00,581.20,2024-07-25 03:59,562.30,stop,4.105,4.6969735000,-82.2814735000,-0.034488,32.00,tb-ema_trend-BNBUSDT-1721750400-B,tb-ema_trend-BNBUSDT-1721865600-X
XRP/USDT,ema_trend,2024-07-23 20:00,0.5951,2024-07-27 23:59,0.5856,trailing,3006.9,3.552091640000,-32.117641640000,-0.017949,100.00,tb-ema_trend-XRPUSDT-1721750400-B,tb-ema_trend-XRPUSDT-1722110400-T
BTC/USDT,ema_trend,2024-07-25 04:00,64125.63,2024-07-29 19:59,66803.25,trailing,0.03375,4.4214147277,85.9482602723,0.039713,112.00,tb-ema_trend-BTCUSDT-1721865600-B,tb-ema_trend-BTCUSDT-1722268800-T
BNB/USDT,ema_trend,2024-07-28 00:00,581.90,2024-07-29 19:59,572.61,trailing,3.545,4.0950655500,-37.0281155500,-0.017950,44.00,tb-ema_trend-BNBUSDT-1722110400-B,tb-ema_trend-BNBUSDT-1722268800-T
SOL/USDT,ema_trend,2024-07-25 04:00,170.62,2024-07-30 15:59,179.09,trailing,12.113,4.2382552900,98.3588547100,0.047592,132.00,tb-ema_trend-SOLUSDT-1721865600-B,tb-ema_trend-SOLUSDT-1722340800-T
BNB/USDT,ema_trend,2024-07-30 16:00,574.39,2024-07-30 20:00,573.51,signal,3.504,4.0245391600,-7.1080591600,-0.003532,4.00,tb-ema_trend-BNBUSDT-1722340800-B,tb-ema_trend-BNBUSDT-1722355200-S
LTC/USDT,ema_trend,2024-07-29 20:00,74.16,2024-07-30 23:59,71.33,stop,35.290,5.1370118600,-105.0077118600,-0.040124,28.00,tb-ema_trend-LTCUSDT-1722268800-B,tb-ema_trend-LTCUSDT-1722369600-X
BTC/USDT,ema_trend,2024-07-30 04:00,66643.31,2024-07-31 20:00,65224.20,signal,0.02944,3.8841787957,-45.6627771957,-0.023274,40.00,tb-ema_trend-BTCUSDT-1722297600-B,tb-ema_trend-BTCUSDT-1722441600-S
SOL/USDT,ema_trend,2024-08-01 08:00,168.32,2024-08-01 12:00,169.60,signal,10.659,3.6037408000,10.0397792000,0.005596,4.00,tb-ema_trend-SOLUSDT-1722484800-B,tb-ema_trend-SOLUSDT-1722499200-S
XRP/USDT,ema_trend,2024-08-01 04:00,0.6119,2024-08-01 19:59,0.5791,stop,3081.6,3.672082490000,-104.748562490000,-0.055551,16.00,tb-ema_trend-XRPUSDT-1722470400-B,tb-ema_trend-XRPUSDT-1722528000-X
XRP/USDT,ema_trend,2024-08-02 04:00,0.5878,2024-08-02 12:00,0.5738,signal,2817.6,3.274628780000,-42.721028780000,-0.025795,8.00,tb-ema_trend-XRPUSDT-1722556800-B,tb-ema_trend-XRPUSDT-1722585600-S
XRP/USDT,ema_trend,2024-08-08 20:00,0.6220,2024-08-11 15:59,0.5662,trailing,1676.4,1.992955880000,-95.536075880000,-0.091622,68.00,tb-ema_trend-XRPUSDT-1723132800-B,tb-ema_trend-XRPUSDT-1723377600-T
XRP/USDT,ema_trend,2024-08-12 04:00,0.5646,2024-08-15 20:00,0.5563,signal,2797.2,3.137018820000,-26.353778820000,-0.016687,88.00,tb-ema_trend-XRPUSDT-1723420800-B,tb-ema_trend-XRPUSDT-1723737600-S
BNB/USDT,ema_trend,2024-08-20 08:00,569.39,2024-08-21 15:59,552.40,stop,3.203,3.5953709300,-58.0143409300,-0.031810,32.00,tb-ema_trend-BNBUSDT-1724126400-B,tb-ema_trend-BNBUSDT-1724241600-X
ADA/USDT,ema_trend,2024-08-22 04:00,0.3694,2024-08-26 11:59,0.3761,trailing,4899.4,3.654349700000,29.171630300000,0.016118,104.00,tb-ema_trend-ADAUSDT-1724284800-B,tb-ema_trend-ADAUSDT-1724659200-T
XRP/USDT,ema_trend,2024-08-19 20:00,0.6028,2024-08-26 15:59,0.5919,trailing,4036.2,4.824519620000,-48.819099620000,-0.020065,164.00,tb-ema_trend-XRPUSDT-1724083200-B,tb-ema_trend-XRPUSDT-1724673600-T
LINK/USDT,ema_trend,2024-08-22 16:00,11.466,2024-08-27 11:59,11.676,trailing,118.38,2.74092588000,22.11887412000,0.016296,116.00,tb-ema_trend-LINKUSDT-1724328000-B,tb-ema_trend-LINKUSDT-1724745600-T
BTC/USDT,ema_trend,2024-08-26 12:00,63890.93,2024-08-27 11:59,62356.05,stop,0.02312,2.9207469095,-38.4071725095,-0.026001,24.00,tb-ema_trend-BTCUSDT-1724659200-B,tb-ema_trend-BTCUSDT-1724745600-X
SOL/USDT,ema_trend,2024-08-26 16:00,157.71,2024-08-27 23:59,151.09,stop,10.806,3.3386276100,-74.8743476100,-0.043935,32.00,tb-ema_trend-SOLUSDT-1724673600-B,tb-ema_trend-SOLUSDT-1724788800-X
LINK/USDT,ema_trend,2024-08-27 20:00,11.636,2024-08-27 23:59,11.101,stop,170.55,3.87988983000,-95.12413983000,-0.047933,4.00,tb-ema_trend-LINKUSDT-1724774400-B,tb-ema_trend-LINKUSDT-1724788800-X
BTC/USDT,ema_trend,2024-08-27 20:00,62133.06,2024-08-27 23:59,60614.33,stop,0.02392,2.9379815570,-39.2660031570,-0.026420,4.00,tb-ema_trend-BTCUSDT-1724774400-B,tb-ema_trend-BTCUSDT-1724788800-X
ADA/USDT,ema_trend,2024-09-12 12:00,0.3579,2024-09-15 11:59,0.3484,trailing,4939.9,3.490840870000,-50.419890870000,-0.028518,72.00,tb-ema_trend-ADAUSDT-1726128000-B,tb-ema_trend-ADAUSDT-1726387200-T
XRP/USDT,ema_trend,2024-09-13 00:00,0.5628,2024-09-15 23:59,0.5696,trailing,2354.6,2.667699760000,13.343580240000,0.010069,72.00,tb-ema_trend-XRPUSDT-1726171200-B,tb-ema_trend-XRPUSDT-1726430400-T
LTC/USDT,ema_trend,2024-09-15 12:00,64.70,2024-09-15 23:59,63.08,stop,22.003,2.8130314400,-38.4578914400,-0.027015,12.00,tb-ema_trend-LTCUSDT-1726387200-B,tb-ema_trend-LTCUSDT-1726430400-X
BNB/USDT,ema_trend,2024-09-12 00:00,530.47,2024-09-16 03:59,542.32,trailing,4.442,4.7679855300,47.8697144700,0.020315,100.00,tb-ema_trend-BNBUSDT-1726084800-B,tb-ema_trend-BNBUSDT-1726444800-T
BTC/USDT,ema_trend,2024-09-16 00:00,59161.57,2024-09-16 15:59,57784.58,stop,0.02955,3.4575335806,-44.1475880806,-0.025253,16.00,tb-ema_trend-BTCUSDT-1726430400-B,tb-ema_trend-BTCUSDT-1726488000-X
BNB/USDT,ema_trend,2024-09-16 12:00,547.68,2024-09-16 19:59,532.37,stop,2.618,2.8292139400,-42.9107939400,-0.029927,8.00,tb-ema_trend-BNBUSDT-1726473600-B,tb-ema_trend-BNBUSDT-1726502400-X
XRP/USDT,ema_trend,2024-09-16 08:00,0.5724,2024-09-18 15:59,0.5635,trailing,3341.2,3.797215240000,-33.533895240000,-0.017534,56.00,tb-ema_trend-XRPUSDT-1726459200-B,tb-ema_trend-XRPUSDT-1726660800-T
BNB/USDT,ema_trend,2024-09-17 04:00,535.27,2024-09-25 19:59,585.88,trailing,3.455,3.8757143300,170.9818356700,0.092455,208.00,tb-ema_trend-BNBUSDT-1726531200-B,tb-ema_trend-BNBUSDT-1727280000-T
XRP/USDT,ema_trend,2024-09-19 00:00,0.5855,2024-09-26 03:59,0.5783,trailing,2579.3,3.003311640000,-21.574271640000,-0.014286,172.00,tb-ema_trend-XRPUSDT-1726689600-B,tb-ema_trend-XRPUSDT-1727308800-T
BTC/USDT,ema_trend,2024-09-17 12:00,59110.54,2024-09-30 03:59,64404.38,trailing,0.02346,2.8994333346,121.2940530654,0.087467,304.00,tb-ema_trend-BTCUSDT-1726560000-B,tb-ema_trend-BTCUSDT-1727654400-T
ADA/USDT,ema_trend,2024-09-25 20:00,0.3835,2024-09-30 03:59,0.3891,trailing,4270.4,3.300960090000,20.613279910000,0.012587,104.00,tb-ema_trend-ADAUSDT-1727280000-B,tb-ema_trend-ADAUSDT-1727654400-T
BNB/USDT,ema_trend,2024-09-26 04:00,588.30,2024-09-30 03:59,590.19,trailing,2.720,3.2072577000,1.9335423000,0.001208,96.00,tb-ema_trend-BNBUSDT-1727308800-B,tb-ema_trend-BNBUSDT-1727654400-T
XRP/USDT,ema_trend,2024-09-30 04:00,0.6454,2024-09-30 15:59,0.6179,stop,3526.5,4.457350890000,-101.436100890000,-0.044568,12.00,tb-ema_trend-XRPUSDT-1727654400-B,tb-ema_trend-XRPUSDT-1727697600-X
LINK/USDT,ema_trend,2024-09-30 04:00,12.267,2024-09-30 23:59,11.749,stop,111.40,2.67685444000,-60.38205444000,-0.044186,20.00,tb-ema_trend-LINKUSDT-1727654400-B,tb-ema_trend-LINKUSDT-1727726400-X
SOL/USDT,ema_trend,2024-09-30 04:00,156.27,2024-10-01 15:59,150.37,stop,11.669,3.5800574000,-72.4271574000,-0.039718,36.00,tb-ema_trend-SOLUSDT-1727654400-B,tb-ema_trend-SOLUSDT-1727784000-X
BTC/USDT,ema_trend,2024-09-30 16:00,63593.21,2024-10-01 15:59,62268.09,stop,0.02467,3.1069060670,-35.7976164670,-0.022818,24.00,tb-ema_trend-BTCUSDT-1727697600-B,tb-ema_trend-BTCUSDT-1727784000-X
ADA/USDT,ema_trend,2024-10-01 04:00,0.3821,2024-10-01 15:59,0.3666,stop,3934.5,2.947288550000,-63.932038550000,-0.042526,12.00,tb-ema_trend-ADAUSDT-1727740800-B,tb-ema_trend-ADAUSDT-1727784000-X
XRP/USDT,ema_trend,2024-10-01 16:00,0.6123,2024-10-01 19:59,0.5803,stop,2916.4,3.479935540000,-96.804735540000,-0.054211,4.00,tb-ema_trend-XRPUSDT-1727784000-B,tb-ema_trend-XRPUSDT-1727798400-X
SOL/USDT,ema_trend,2024-10-02 04:00,147.28,2024-10-02 12:00,146.05,signal,11.932,3.5017809200,-18.1781409200,-0.010344,8.00,tb-ema_trend-SOLUSDT-1727827200-B,tb-ema_trend-SOLUSDT-1727856000-S
XRP/USDT,ema_trend,2024-10-02 04:00,0.6031,2024-10-02 19:59,0.5653,stop,2440.5,2.852987950000,-95.103887950000,-0.064615,16.00,tb-ema_trend-XRPUSDT-1727827200-B,tb-ema_trend-XRPUSDT-1727884800-X
LTC/USDT,ema_trend,2024-10-07 00:00,67.07,2024-10-07 19:59,65.32,stop,33.650,4.4572038800,-63.3447038800,-0.028067,20.00,tb-ema_trend-LTCUSDT-1728244800-B,tb-ema_trend-LTCUSDT-1728316800-X
BTC/USDT,ema_trend,2024-10-07 20:00,63413.69,2024-10-08 00:00,62192.89,signal,0.03532,4.4389609484,-47.5576169484,-0.021233,4.00,tb-ema_trend-BTCUSDT-1728316800-B,tb-ema_trend-BTCUSDT-1728331200-S
BNB/USDT,ema_trend,2024-10-11 04:00,564.29,2024-10-11 08:00,560.21,signal,3.949,4.4429076600,-20.5548276600,-0.009224,4.00,tb-ema_trend-BNBUSDT-1728604800-B,tb-ema_trend-BNBUSDT-1728619200-S
BNB/USDT,ema_trend,2024-10-11 20:00,574.59,2024-10-14 07:59,562.07,trailing,3.870,4.4011725600,-52.8535725600,-0.023769,60.00,tb-ema_trend-BNBUSDT-1728662400-B,tb-ema_trend-BNBUSDT-1728878400-T
ETH/USDT,ema_trend,2024-10-14 16:00,2636.79,2024-10-15 15:59,2558.37,stop,0.5100,2.6511136740,-42.6453136740,-0.031712,24.00,tb-ema_trend-ETHUSDT-1728907200-B,tb-ema_trend-ETHUSDT-1728993600-X
SOL/USDT,ema_trend,2024-10-14 12:00,153.23,2024-10-17 19:59,149.49,trailing,11.703,3.5445709200,-47.3137909200,-0.026384,80.00,tb-ema_trend-SOLUSDT-1728892800-B,tb-ema_trend-SOLUSDT-1729180800-T
BTC/USDT,ema_trend,2024-10-12 20:00,63031.52,2024-10-21 15:59,67304.36,trailing,0.02645,3.4492749696,109.5673430304,0.065720,212.00,tb-ema_trend-BTCUSDT-1728748800-B,tb-ema_trend-BTCUSDT-1729512000-T
LTC/USDT,ema_trend,2024-10-15 16:00,66.30,2024-10-21 15:59,71.65,trailing,20.127,2.7779119500,104.9015380500,0.078612,144.00,tb-ema_trend-LTCUSDT-1728993600-B,tb-ema_trend-LTCUSDT-1729512000-T
ETH/USDT,ema_trend,2024-10-17 20:00,2596.90,2024-10-22 03:59,2647.15,trailing,0.5533,2.9030910100,24.9002339900,0.017330,104.00,tb-ema_trend-ETHUSDT-1729180800-B,tb-ema_trend-ETHUSDT-1729555200-T
BTC/USDT,ema_trend,2024-10-22 04:00,67423.71,2024-10-23 15:59,65972.00,stop,0.02111,2.8180061494,-33.4636042494,-0.023511,36.00,tb-ema_trend-BTCUSDT-1729555200-B,tb-ema_trend-BTCUSDT-1729684800-X
ADA/USDT,ema_trend,2024-10-21 16:00,0.3582,2024-10-23 19:59,0.3461,stop,3940.7,2.776867810000,-50.459337810000,-0.035747,52.00,tb-ema_trend-ADAUSDT-1729512000-B,tb-ema_trend-ADAUSDT-1729699200-X
SOL/USDT,ema_trend,2024-10-21 16:00,165.36,2024-10-25 19:59,166.40,trailing,11.380,3.7774131200,8.0577868800,0.004282,100.00,tb-ema_trend-SOLUSDT-1729512000-B,tb-ema_trend-SOLUSDT-1729872000-T
BTC/USDT,ema_trend,2024-10-24 00:00,66701.99,2024-10-25 19:59,66063.18,trailing,0.02631,3.4950526866,-20.3021437866,-0.011569,44.00,tb-ema_trend-BTCUSDT-1729713600-B,tb-ema_trend-BTCUSDT-1729872000-T
LINK/USDT,ema_trend,2024-10-24 04:00,11.396,2024-10-25 23:59,11.165,trailing,115.66,2.61077278000,-29.32823278000,-0.022251,44.00,tb-ema_trend-LINKUSDT-1729728000-B,tb-ema_trend-LINKUSDT-1729886400-T
LTC/USDT,ema_trend,2024-10-25 20:00,70.94,2024-10-25 23:59,68.82,stop,26.690,3.7321097800,-60.3149097800,-0.031856,4.00,tb-ema_trend-LTCUSDT-1729872000-B,tb-ema_trend-LTCUSDT-1729886400-X
LTC/USDT,ema_trend,2024-10-29 04:00,72.24,2024-10-31 07:59,70.81,trailing,18.604,2.6626747600,-29.2663947600,-0.021776,52.00,tb-ema_trend-LTCUSDT-1730160000-B,tb-ema_trend-LTCUSDT-1730347200-T
SOL/USDT,ema_trend,2024-10-26 04:00,165.73,2024-10-31 15:59,171.20,trailing,9.876,3.3291779800,50.6925420200,0.030971,132.00,tb-ema_trend-SOLUSDT-1729900800-B,tb-ema_trend-SOLUSDT-1730376000-T
ETH/USDT,ema_trend,2024-10-31 08:00,2648.12,2024-10-31 15:59,2561.90,stop,0.5045,2.6300439620,-46.1280339620,-0.034528,8.00,tb-ema_trend-ETHUSDT-1730347200-B,tb-ema_trend-ETHUSDT-1730376000-X
BTC/USDT,ema_trend,2024-10-26 04:00,66947.46,2024-10-31 19:59,70336.84,trailing,0.02675,3.6743634488,86.9915515512,0.048576,136.00,tb-ema_trend-BTCUSDT-1729900800-B,tb-ema_trend-BTCUSDT-1730390400-T
LTC/USDT,ema_trend,2024-11-01 00:00,69.37,2024-11-01 04:00,69.13,signal,25.659,3.5555751200,-9.7137351200,-0.005457,4.00,tb-ema_trend-LTCUSDT-1730404800-B,tb-ema_trend-LTCUSDT-1730419200-S
LINK/USDT,ema_trend,2024-10-31 16:00,11.786,2024-11-01 15:59,11.198,stop,148.07,3.40500878000,-90.47016878000,-0.051841,24.00,tb-ema_trend-LINKUSDT-1730376000-B,tb-ema_trend-LINKUSDT-1730462400-X
BTC/USDT,ema_trend,2024-11-01 04:00,69404.68,2024-11-03 15:59,67512.71,stop,0.01923,2.6343095000,-39.0168926000,-0.029234,60.00,tb-ema_trend-BTCUSDT-1730419200-B,tb-ema_trend-BTCUSDT-1730635200-X
XRP/USDT,ema_trend,2024-11-06 12:00,0.5346,2024-11-10 23:59,0.5656,trailing,3060.0,3.368269260000,91.491730740000,0.055928,108.00,tb-ema_trend-XRPUSDT-1730880000-B,tb-ema_trend-XRPUSDT-1731268800-T
SOL/USDT,ema_trend,2024-11-06 12:00,186.82,2024-11-13 07:59,202.65,trailing,6.568,2.5593467000,101.4120933000,0.082648,164.00,tb-ema_trend-SOLUSDT-1730880000-B,tb-ema_trend-SOLUSDT-1731470400-T
ETH/USDT,ema_trend,2024-11-11 00:00,3184.80,2024-11-13 07:59,3124.56,trailing,0.4244,2.6792847800,-28.2451407800,-0.020897,56.00,tb-ema_trend-ETHUSDT-1731268800-B,tb-ema_trend-ETHUSDT-1731470400-T
XRP/USDT,ema_trend,2024-11-13 08:00,0.6614,2024-11-24 15:59,1.3167,trailing,1401.7,2.773694870000,915.760315130000,0.987785,272.00,tb-ema_trend-XRPUSDT-1731470400-B,tb-ema_trend-XRPUSDT-1732449600-T
BTC/USDT,ema_trend,2024-11-06 04:00,74385.71,2024-11-25 15:59,95664.07,trailing,0.02932,4.9880911185,618.8934240815,0.283767,468.00,tb-ema_trend-BTCUSDT-1730851200-B,tb-ema_trend-BTCUSDT-1732536000-T
ADA/USDT,ema_trend,2024-11-13 08:00,0.5344,2024-11-25 23:59,0.9310,trailing,1354.6,1.985779000000,535.248581000000,0.739398,304.00,tb-ema_trend-ADAUSDT-1731470400-B,tb-ema_trend-ADAUSDT-1732564800-T
LINK/USDT,ema_trend,2024-11-25 16:00,18.520,2024-11-26 11:59,16.862,stop,67.14,2.37684388000,-113.69496388000,-0.091436,20.00,tb-ema_trend-LINKUSDT-1732536000-B,tb-ema_trend-LINKUSDT-1732608000-X
BNB/USDT,ema_trend,2024-11-26 00:00,636.48,2024-11-26 19:59,600.49,stop,3.049,3.7740674500,-113.5075774500,-0.058490,20.00,tb-ema_trend-BNBUSDT-1732564800-B,tb-ema_trend-BNBUSDT-1732636800-X
XRP/USDT,ema_trend,2024-11-25 04:00,1.4035,2024-12-03 15:59,2.3201,trailing,631.1,2.350946410000,576.115313590000,0.650427,204.00,tb-ema_trend-XRPUSDT-1732492800-B,tb-ema_trend-XRPUSDT-1733227200-T
ADA/USDT,ema_trend,2024-11-26 12:00,0.9056,2024-12-05 03:59,1.1198,trailing,879.4,1.781951800000,186.585528200000,0.234291,208.00,tb-ema_trend-ADAUSDT-1732608000-B,tb-ema_trend-ADAUSDT-1733356800-T
LTC/USDT,ema_trend,2024-12-03 16:00,126.65,2024-12-09 03:59,130.16,trailing,8.759,2.2505386400,28.4935513600,0.025685,132.00,tb-ema_trend-LTCUSDT-1733227200-B,tb-ema_trend-LTCUSDT-1733702400-T
LINK/USDT,ema_trend,2024-11-26 20:00,17.089,2024-12-09 23:59,23.606,trailing,63.41,2.58166618000,410.66130382000,0.378974,316.00,tb-ema_trend-LINKUSDT-1732636800-B,tb-ema_trend-LINKUSDT-1733774400-T
XRP/USDT,ema_trend,2024-12-05 04:00,2.2563,2024-12-09 23:59,2.2931,trailing,327.6,1.491285960000,10.564394040000,0.014292,116.00,tb-ema_trend-XRPUSDT-1733356800-B,tb-ema_trend-XRPUSDT-1733774400-T
ADA/USDT,ema_trend,2024-12-09 08:00,1.1573,2024-12-09 23:59,1.0778,stop,1540.9,3.445917270000,-125.947467270000,-0.070627,16.00,tb-ema_trend-ADAUSDT-1733716800-B,tb-ema_trend-ADAUSDT-1733774400-X
LTC/USDT,ema_trend,2024-12-10 04:00,109.57,2024-12-10 12:00,112.27,signal,9.519,2.1127906600,23.5885093400,0.022616,8.00,tb-ema_trend-LTCUSDT-1733788800-B,tb-ema_trend-LTCUSDT-1733817600-S
BNB/USDT,ema_trend,2024-12-10 04:00,685.95,2024-12-11 00:00,676.46,signal,2.705,3.6873769000,-29.3578269000,-0.015822,20.00,tb-ema_trend-BNBUSDT-1733788800-B,tb-ema_trend-BNBUSDT-1733860800-S
ETH/USDT,ema_trend,2024-12-10 04:00,3684.24,2024-12-11 00:00,3626.42,signal,0.6264,4.5819763940,-40.8004243940,-0.017679,20.00,tb-ema_trend-ETHUSDT-1733788800-B,tb-ema_trend-ETHUSDT-1733860800-S
LINK/USDT,ema_trend,2024-12-10 16:00,21.331,2024-12-18 07:59,26.885,trailing,38.10,1.83788284000,209.76951716000,0.258111,184.00,tb-ema_trend-LINKUSDT-1733832000-B,tb-ema_trend-LINKUSDT-1734494400-T
ETH/USDT,ema_trend,2024-12-12 08:00,3907.36,2024-12-18 07:59,3832.28,trailing,0.6450,4.9948029520,-53.4214029520,-0.021197,144.00,tb-ema_trend-ETHUSDT-1733976000-B,tb-ema_trend-ETHUSDT-1734494400-T
XRP/USDT,ema_trend,2024-12-11 04:00,2.3018,2024-12-18 19:59,2.4217,trailing,379.1,1.791599570000,43.662490430000,0.050037,184.00,tb-ema_trend-XRPUSDT-1733875200-B,tb-ema_trend-XRPUSDT-1734537600-T
BTC/USDT,ema_trend,2024-12-18 08:00,104302.88,2024-12-18 23:59,101198.63,stop,0.02648,5.4448090688,-87.6453490688,-0.031733,16.00,tb-ema_trend-BTCUSDT-1734494400-B,tb-ema_trend-BTCUSDT-1734552000-X
LINK/USDT,ema_trend,2024-12-19 00:00,24.863,2024-12-19 12:00,25.397,signal,48.38,2.43282195000,23.40209805000,0.019455,12.00,tb-ema_trend-LINKUSDT-1734552000-B,tb-ema_trend-LINKUSDT-1734595200-S
BTC/USDT,ema_trend,2024-12-19 08:00,101707.40,2024-12-19 19:59,98283.20,stop,0.02305,4.6128345520,-83.5406445520,-0.035635,12.00,tb-ema_trend-BTCUSDT-1734580800-B,tb-ema_trend-BTCUSDT-1734624000-X
XRP/USDT,ema_trend,2024-12-19 04:00,2.3543,2024-12-20 00:00,2.2379,signal,549.7,2.525744920000,-66.510824920000,-0.051393,20.00,tb-ema_trend-XRPUSDT-1734566400-B,tb-ema_trend-XRPUSDT-1734638400-S
BNB/USDT,ema_trend,2024-12-25 12:00,704.43,2024-12-29 23:59,695.53,trailing,4.169,5.8399553900,-42.9440553900,-0.014623,108.00,tb-ema_trend-BNBUSDT-1735113600-B,tb-ema_trend-BNBUSDT-1735502400-T
XRP/USDT,ema_trend,2025-01-02 04:00,2.4262,2025-01-07 15:59,2.3275,trailing,865.5,4.116510930000,-89.541360930000,-0.042641,132.00,tb-ema_trend-XRPUSDT-1735776000-B,tb-ema_trend-XRPUSDT-1736251200-T
ADA/USDT,ema_trend,2025-01-02 12:00,0.9715,2025-01-07 15:59,1.0460,trailing,2142.7,4.325034550000,155.306115450000,0.074608,124.00,tb-ema_trend-ADAUSDT-1735804800-B,tb-ema_trend-ADAUSDT-1736251200-T
LTC/USDT,ema_trend,2025-01-02 12:00,106.44,2025-01-07 15:59,109.32,trailing,17.679,3.8163369600,47.0991830400,0.025029,124.00,tb-ema_trend-LTCUSDT-1735804800-B,tb-ema_trend-LTCUSDT-1736251200-T
SOL/USDT,ema_trend,2025-01-07 16:00,207.87,2025-01-08 03:59,199.71,stop,14.216,5.7972753300,-121.7998353300,-0.041217,12.00,tb-ema_trend-SOLUSDT-1736251200-B,tb-ema_trend-SOLUSDT-1736294400-X
BTC/USDT,ema_trend,2025-01-07 16:00,98001.24,2025-01-08 07:59,95398.39,stop,0.02260,4.3737716712,-63.1981816712,-0.028534,16.00,tb-ema_trend-BTCUSDT-1736251200-B,tb-ema_trend-BTCUSDT-1736308800-X
ADA/USDT,ema_trend,2025-01-08 04:00,0.9984,2025-01-08 19:59,0.9244,stop,1586.4,3.051927360000,-120.445527360000,-0.076045,16.00,tb-ema_trend-ADAUSDT-1736294400-B,tb-ema_trend-ADAUSDT-1736352000-X
XRP/USDT,ema_trend,2025-01-08 04:00,2.3210,2025-01-10 00:00,2.2710,signal,850.8,3.908962500000,-46.448962500000,-0.023522,44.00,tb-ema_trend-XRPUSDT-1736294400-B,tb-ema_trend-XRPUSDT-1736452800-S
XRP/USDT,ema_trend,2025-01-12 04:00,2.5431,2025-01-13 11:59,2.4033,stop,827.5,4.095434790000,-119.779934790000,-0.056918,32.00,tb-ema_trend-XRPUSDT-1736640000-B,tb-ema_trend-XRPUSDT-1736755200-X
ADA/USDT,ema_trend,2025-01-15 16:00,1.0650,2025-01-19 11:59,1.0208,trailing,1424.1,2.971985280000,-65.917205280000,-0.043462,92.00,tb-ema_trend-ADAUSDT-1736942400-B,tb-ema_trend-ADAUSDT-1737273600-T
XRP/USDT,ema_trend,2025-01-13 20:00,2.4646,2025-01-19 23:59,3.0037,trailing,726.1,3.972504310000,387.468005690000,0.216517,148.00,tb-ema_trend-XRPUSDT-1736784000-B,tb-ema_trend-XRPUSDT-1737316800-T
BTC/USDT,ema_trend,2025-01-15 20:00,99894.84,2025-01-19 23:59,101504.14,trailing,0.02011,4.0531303376,28.3098926624,0.014092,100.00,tb-ema_trend-BTCUSDT-1736956800-B,tb-ema_trend-BTCUSDT-1737316800-T
SOL/USDT,ema_trend,2025-01-19 12:00,286.38,2025-01-19 23:59,260.60,stop,4.600,2.5175399000,-121.1055399000,-0.091931,12.00,tb-ema_trend-SOLUSDT-1737273600-B,tb-ema_trend-SOLUSDT-1737316800-X
LTC/USDT,ema_trend,2025-01-20 04:00,116.69,2025-01-23 16:00,115.90,signal,9.990,2.3248576900,-10.2169576900,-0.008764,84.00,tb-ema_trend-LTCUSDT-1737331200-B,tb-ema_trend-LTCUSDT-1737633600-S
SOL/USDT,ema_trend,2025-01-20 08:00,262.05,2025-01-26 23:59,243.19,trailing,3.475,1.7567572000,-67.2952572000,-0.073900,160.00,tb-ema_trend-SOLUSDT-1737345600-B,tb-ema_trend-SOLUSDT-1737921600-T
LINK/USDT,ema_trend,2025-01-20 04:00,24.343,2025-01-27 03:59,24.393,trailing,47.90,2.33567155000,0.05932845000,0.000051,168.00,tb-ema_trend-LINKUSDT-1737331200-B,tb-ema_trend-LINKUSDT-1737936000-T
SOL/USDT,ema_trend,2025-01-27 08:00,227.64,2025-01-27 20:00,226.42,signal,6.433,2.9225614600,-10.7708214600,-0.007355,12.00,tb-ema_trend-SOLUSDT-1737950400-B,tb-ema_trend-SOLUSDT-1737993600-S
LTC/USDT,ema_trend,2025-02-01 04:00,129.55,2025-02-01 19:59,120.32,stop,10.902,2.7255077900,-103.3509677900,-0.073176,16.00,tb-ema_trend-LTCUSDT-1738368000-B,tb-ema_trend-LTCUSDT-1738425600-X
LTC/USDT,ema_trend,2025-02-02 08:00,115.61,2025-02-02 20:00,110.84,signal,10.551,2.3905456600,-52.7188156600,-0.043219,12.00,tb-ema_trend-LTCUSDT-1738468800-B,tb-ema_trend-LTCUSDT-1738512000-S
LTC/USDT,ema_trend,2025-02-11 00:00,120.28,2025-02-12 03:59,116.33,trailing,13.163,3.1161813500,-55.1100313500,-0.034808,28.00,tb-ema_trend-LTCUSDT-1739217600-B,tb-ema_trend-LTCUSDT-1739318400-T
BNB/USDT,ema_trend,2025-02-12 16:00,659.33,2025-02-13 19:59,662.86,trailing,3.096,4.0961375600,6.8327424400,0.003347,28.00,tb-ema_trend-BNBUSDT-1739361600-B,tb-ema_trend-BNBUSDT-1739462400-T
LTC/USDT,ema_trend,2025-02-12 12:00,116.96,2025-02-17 15:59,121.77,trailing,11.515,2.7503794700,52.6367705300,0.039083,124.00,tb-ema_trend-LTCUSDT-1739347200-B,tb-ema_trend-LTCUSDT-1739793600-T
XRP/USDT,ema_trend,2025-02-14 12:00,2.7338,2025-02-17 19:59,2.6076,trailing,630.2,3.368063940000,-82.899303940000,-0.048118,80.00,tb-ema_trend-XRPUSDT-1739520000-B,tb-ema_trend-XRPUSDT-1739808000-T
BNB/USDT,ema_trend,2025-02-14 04:00,683.54,2025-02-18 11:59,644.02,trailing,2.234,2.9678196600,-91.2554996600,-0.059760,104.00,tb-ema_trend-BNBUSDT-1739491200-B,tb-ema_trend-BNBUSDT-1739865600-T
XRP/USDT,ema_trend,2025-02-18 04:00,2.6614,2025-02-18 15:59,2.5290,stop,642.7,3.337733060000,-88.431213060000,-0.051700,12.00,tb-ema_trend-XRPUSDT-1739836800-B,tb-ema_trend-XRPUSDT-1739880000-X
XRP/USDT,ema_trend,2025-02-20 04:00,2.7059,2025-02-21 19:59,2.5593,stop,567.4,2.989098020000,-86.169938020000,-0.056125,40.00,tb-ema_trend-XRPUSDT-1740009600-B,tb-ema_trend-XRPUSDT-1740153600-X
BNB/USDT,ema_trend,2025-02-19 12:00,659.65,2025-02-21 20:00,639.24,signal,3.103,4.0330942700,-67.3653242700,-0.032911,56.00,tb-ema_trend-BNBUSDT-1739952000-B,tb-ema_trend-BNBUSDT-1740153600-S
LTC/USDT,ema_trend,2025-02-18 00:00,122.38,2025-02-24 03:59,125.26,trailing,11.312,2.8027722400,29.7757877600,0.021509,148.00,tb-ema_trend-LTCUSDT-1739822400-B,tb-ema_trend-LTCUSDT-1740355200-T
XRP/USDT,ema_trend,2025-03-03 00:00,2.9410,2025-03-03 07:59,2.6887,stop,379.6,2.138210520000,-97.911290520000,-0.087702,8.00,tb-ema_trend-XRPUSDT-1740945600-B,tb-ema_trend-XRPUSDT-1740974400-X
ADA/USDT,ema_trend,2025-03-02 20:00,1.0407,2025-03-03 11:59,0.9512,trailing,842.8,1.679709950000,-77.110309950000,-0.087915,16.00,tb-ema_trend-ADAUSDT-1740931200-B,tb-ema_trend-ADAUSDT-1740988800-T
XRP/USDT,ema_trend,2025-03-03 16:00,2.5995,2025-03-03 23:59,2.3190,stop,332.0,1.633981800000,-94.759981800000,-0.109799,8.00,tb-ema_trend-XRPUSDT-1741003200-B,tb-ema_trend-XRPUSDT-1741032000-X
ADA/USDT,ema_trend,2025-03-04 04:00,0.8012,2025-03-07 19:59,0.8153,trailing,581.3,0.940152170000,7.256177830000,0.015580,88.00,tb-ema_trend-ADAUSDT-1741046400-B,tb-ema_trend-ADAUSDT-1741363200-T
ADA/USDT,ema_trend,2025-03-08 04:00,0.8227,2025-03-09 16:00,0.7557,signal,816.9,1.290135390000,-56.022435390000,-0.083359,36.00,tb-ema_trend-ADAUSDT-1741392000-B,tb-ema_trend-ADAUSDT-1741521600-S
XRP/USDT,ema_trend,2025-03-15 04:00,2.4260,2025-03-16 15:59,2.2832,stop,644.9,3.038661280000,-95.130381280000,-0.060805,36.00,tb-ema_trend-XRPUSDT-1741996800-B,tb-ema_trend-XRPUSDT-1742126400-X
XRP/USDT,ema_trend,2025-03-19 20:00,2.4891,2025-03-22 15:59,2.3775,trailing,641.2,3.122206290000,-74.680126290000,-0.046792,68.00,tb-ema_trend-XRPUSDT-1742400000-B,tb-ema_trend-XRPUSDT-1742644800-T
BTC/USDT,ema_trend,2025-03-24 16:00,88394.19,2025-03-25 03:59,86556.69,stop,0.01998,3.4981704119,-40.2114204119,-0.022768,12.00,tb-ema_trend-BTCUSDT-1742817600-B,tb-ema_trend-BTCUSDT-1742860800-X
BNB/USDT,ema_trend,2025-03-15 20:00,611.83,2025-03-26 19:59,621.73,trailing,3.090,3.8141477200,26.7768522800,0.014163,264.00,tb-ema_trend-BNBUSDT-1742054400-B,tb-ema_trend-BNBUSDT-1743004800-T
XRP/USDT,ema_trend,2025-03-24 20:00,2.4666,2025-03-26 19:59,2.3784,stop,537.4,2.605182960000,-50.003862960000,-0.037723,48.00,tb-ema_trend-XRPUSDT-1742832000-B,tb-ema_trend-XRPUSDT-1743004800-X
LINK/USDT,ema_trend,2025-03-25 12:00,15.458,2025-03-28 07:59,14.918,trailing,92.29,2.80494684000,-52.64154684000,-0.036900,68.00,tb-ema_trend-LINKUSDT-1742889600-B,tb-ema_trend-LINKUSDT-1743134400-T
BTC/USDT,ema_trend,2025-03-27 04:00,87714.01,2025-03-28 07:59,85669.89,stop,0.02128,3.6922408131,-47.1911144131,-0.025282,28.00,tb-ema_trend-BTCUSDT-1743033600-B,tb-ema_trend-BTCUSDT-1743134400-X
XRP/USDT,ema_trend,2025-04-13 12:00,2.2023,2025-04-16 03:59,2.0728,stop,632.5,2.705542360000,-84.614292360000,-0.060744,64.00,tb-ema_trend-XRPUSDT-1744531200-B,tb-ema_trend-XRPUSDT-1744761600-X
LINK/USDT,ema_trend,2025-04-20 20:00,13.417,2025-04-22 03:59,12.901,stop,102.23,2.69196501000,-55.44264501000,-0.040421,32.00,tb-ema_trend-LINKUSDT-1745164800-B,tb-ema_trend-LINKUSDT-1745280000-X
SOL/USDT,ema_trend,2025-04-12 16:00,130.54,2025-04-27 07:59,145.96,trailing,10.473,2.8972204400,158.5964395600,0.116006,352.00,tb-ema_trend-SOLUSDT-1744459200-B,tb-ema_trend-SOLUSDT-1745726400-T
LINK/USDT,ema_trend,2025-04-22 12:00,13.457,2025-04-30 15:59,14.188,trailing,100.82,2.78864917000,70.91077083000,0.052266,196.00,tb-ema_trend-LINKUSDT-1745308800-B,tb-ema_trend-LINKUSDT-1746014400-T
ETH/USDT,ema_trend,2025-04-27 08:00,1804.66,2025-04-30 15:59,1733.11,stop,0.7758,2.7460456960,-58.2545356960,-0.041609,80.00,tb-ema_trend-ETHUSDT-1745726400-B,tb-ema_trend-ETHUSDT-1746014400-X
XRP/USDT,ema_trend,2025-04-30 20:00,2.1956,2025-05-04 00:00,2.1861,signal,595.2,2.609305200000,-8.263705200000,-0.006324,76.00,tb-ema_trend-XRPUSDT-1746028800-B,tb-ema_trend-XRPUSDT-1746302400-S
BTC/USDT,ema_trend,2025-04-12 20:00,84985.87,2025-05-04 23:59,95052.55,trailing,0.02184,3.9345886669,215.9217025331,0.116331,532.00,tb-ema_trend-BTCUSDT-1744473600-B,tb-ema_trend-BTCUSDT-1746388800-T
ADA/USDT,ema_trend,2025-04-30 16:00,0.6768,2025-05-04 23:59,0.6750,trailing,2574.3,3.481698420000,-8.115438420000,-0.004658,104.00,tb-ema_trend-ADAUSDT-1746014400-B,tb-ema_trend-ADAUSDT-1746388800-T
LTC/USDT,ema_trend,2025-05-07 04:00,92.39,2025-05-07 19:59,87.55,stop,18.316,3.2975364500,-91.9469764500,-0.054335,16.00,tb-ema_trend-LTCUSDT-1746576000-B,tb-ema_trend-LTCUSDT-1746633600-X
BTC/USDT,ema_trend,2025-05-05 08:00,94809.30,2025-05-12 19:59,101341.85,trailing,0.02379,4.6692801360,150.7400843640,0.066832,180.00,tb-ema_trend-BTCUSDT-1746417600-B,tb-ema_trend-BTCUSDT-1747065600-T
LTC/USDT,ema_trend,2025-05-08 04:00,91.75,2025-05-15 07:59,96.75,trailing,18.196,3.4316892500,87.5483107500,0.052440,172.00,tb-ema_trend-LTCUSDT-1746662400-B,tb-ema_trend-LTCUSDT-1747281600-T
SOL/USDT,ema_trend,2025-05-12 20:00,171.31,2025-05-15 11:59,168.85,trailing,8.991,3.0600916600,-25.1779516600,-0.016347,64.00,tb-ema_trend-SOLUSDT-1747065600-B,tb-ema_trend-SOLUSDT-1747296000-T
ETH/USDT,ema_trend,2025-05-08 16:00,2052.33,2025-05-17 03:59,2481.08,trailing,0.6099,2.7663633880,258.7282616120,0.206699,204.00,tb-ema_trend-ETHUSDT-1746705600-B,tb-ema_trend-ETHUSDT-1747440000-T
XRP/USDT,ema_trend,2025-05-15 08:00,2.4618,2025-05-17 03:59,2.3168,stop,647.6,3.096344620000,-96.998344620000,-0.060842,44.00,tb-ema_trend-XRPUSDT-1747281600-B,tb-ema_trend-XRPUSDT-1747440000-X
LINK/USDT,ema_trend,2025-05-17 04:00,15.528,2025-05-17 16:00,15.292,signal,92.23,2.84408140000,-24.61036140000,-0.017184,12.00,tb-ema_trend-LINKUSDT-1747440000-B,tb-ema_trend-LINKUSDT-1747483200-S
ADA/USDT,ema_trend,2025-05-15 12:00,0.7723,2025-05-17 20:00,0.7345,signal,1810.1,2.728926050000,-71.150706050000,-0.050897,56.00,tb-ema_trend-ADAUSDT-1747296000-B,tb-ema_trend-ADAUSDT-1747497600-S
XRP/USDT,ema_trend,2025-05-17 20:00,2.3358,2025-05-18 04:00,2.3574,signal,670.4,3.147956340000,11.332683660000,0.007237,8.00,tb-ema_trend-XRPUSDT-1747497600-B,tb-ema_trend-XRPUSDT-1747526400-S
SOL/USDT,ema_trend,2025-05-17 04:00,168.35,2025-05-19 07:59,164.21,trailing,9.618,3.2002455800,-43.0187655800,-0.026568,52.00,tb-ema_trend-SOLUSDT-1747440000-B,tb-ema_trend-SOLUSDT-1747627200-T
LTC/USDT,ema_trend,2025-05-18 08:00,98.70,2025-05-19 07:59,94.41,trailing,15.444,2.9839700400,-69.2387300400,-0.045423,24.00,tb-ema_trend-LTCUSDT-1747540800-B,tb-ema_trend-LTCUSDT-1747627200-T
ADA/USDT,ema_trend,2025-05-22 16:00,0.8038,2025-05-23 11:59,0.7783,trailing,1774.1,2.808250450000,-48.047800450000,-0.033694,20.00,tb-ema_trend-ADAUSDT-1747915200-B,tb-ema_trend-ADAUSDT-1747987200-T
BNB/USDT,ema_trend,2025-05-18 00:00,639.82,2025-05-23 15:59,661.76,trailing,2.353,3.0645372000,48.5602828000,0.032255,136.00,tb-ema_trend-BNBUSDT-1747512000-B,tb-ema_trend-BNBUSDT-1748001600-T
BTC/USDT,ema_trend,2025-05-19 16:00,104838.82,2025-05-23 15:59,107360.35,trailing,0.01813,3.8492677330,41.8660711670,0.022026,96.00,tb-ema_trend-BTCUSDT-1747656000-B,tb-ema_trend-BTCUSDT-1748001600-T
XRP/USDT,ema_trend,2025-05-23 16:00,2.3629,2025-05-24 00:00,2.2953,signal,647.2,3.016441070000,-46.767161070000,-0.030581,8.00,tb-ema_trend-XRPUSDT-1748001600-B,tb-ema_trend-XRPUSDT-1748030400-S
LTC/USDT,ema_trend,2025-05-23 16:00,98.39,2025-05-24 08:00,96.58,signal,16.469,3.2126335600,-33.0215235600,-0.020379,16.00,tb-ema_trend-LTCUSDT-1748001600-B,tb-ema_trend-LTCUSDT-1748059200-S
SOL/USDT,ema_trend,2025-05-23 12:00,178.00,2025-05-28 15:59,170.73,trailing,7.942,2.7710376600,-60.5093776600,-0.042803,124.00,tb-ema_trend-SOLUSDT-1747987200-B,tb-ema_trend-SOLUSDT-1748433600-T
BTC/USDT,ema_trend,2025-05-24 04:00,108420.50,2025-05-29 15:59,106549.53,trailing,0.01399,3.0095991250,-29.1844694250,-0.019241,132.00,tb-ema_trend-BTCUSDT-1748044800-B,tb-ema_trend-BTCUSDT-1748520000-T
BNB/USDT,ema_trend,2025-05-24 12:00,675.03,2025-05-30 03:59,670.08,trailing,2.273,3.0594601200,-14.3108101200,-0.009327,136.00,tb-ema_trend-BNBUSDT-1748073600-B,tb-ema_trend-BNBUSDT-1748563200-T
ETH/USDT,ema_trend,2025-05-29 12:00,2717.18,2025-05-30 03:59,2603.66,stop,0.5482,2.9185147940,-65.1501787940,-0.043738,16.00,tb-ema_trend-ETHUSDT-1748505600-B,tb-ema_trend-ETHUSDT-1748563200-X
BNB/USDT,ema_trend,2025-05-31 00:00,655.69,2025-05-31 04:00,650.36,signal,3.393,4.4340504100,-22.5187404100,-0.010122,4.00,tb-ema_trend-BNBUSDT-1748635200-B,tb-ema_trend-BNBUSDT-1748649600-S
ETH/USDT,ema_trend,2025-05-31 04:00,2515.24,2025-05-31 16:00,2535.02,signal,0.6635,3.3526081780,9.7714218220,0.005855,12.00,tb-ema_trend-ETHUSDT-1748649600-B,tb-ema_trend-ETHUSDT-1748692800-S
ETH/USDT,ema_trend,2025-06-03 20:00,2626.51,2025-06-05 19:59,2536.88,trailing,0.8459,4.3700754580,-80.1880924580,-0.036092,48.00,tb-ema_trend-ETHUSDT-1748966400-B,tb-ema_trend-ETHUSDT-1749139200-T
BTC/USDT,ema_trend,2025-06-10 00:00,110318.16,2025-06-11 23:59,108240.47,stop,0.01496,3.2718434668,-34.3540858668,-0.020816,48.00,tb-ema_trend-BTCUSDT-1749499200-B,tb-ema_trend-BTCUSDT-1749672000-X
LINK/USDT,ema_trend,2025-06-12 00:00,14.898,2025-06-12 11:59,14.138,stop,89.48,2.59948210000,-70.60428210000,-0.052964,12.00,tb-ema_trend-LINKUSDT-1749672000-B,tb-ema_trend-LINKUSDT-1749715200-X
XRP/USDT,ema_trend,2025-06-09 00:00,2.2681,2025-06-12 15:59,2.2200,trailing,970.8,4.359315580000,-51.054795580000,-0.023187,88.00,tb-ema_trend-XRPUSDT-1749412800-B,tb-ema_trend-XRPUSDT-1749729600-T
ETH/USDT,ema_trend,2025-06-10 12:00,2775.03,2025-06-12 19:59,2690.18,trailing,0.4463,2.4405107340,-40.3090657340,-0.032547,56.00,tb-ema_trend-ETHUSDT-1749542400-B,tb-ema_trend-ETHUSDT-1749744000-T
BTC/USDT,ema_trend,2025-06-12 12:00,106954.41,2025-06-13 03:59,104890.29,stop,0.01229,2.6057104471,-27.9737452471,-0.021281,16.00,tb-ema_trend-BTCUSDT-1749715200-B,tb-ema_trend-BTCUSDT-1749772800-X
BNB/USDT,ema_trend,2025-06-13 08:00,655.34,2025-06-13 16:00,653.16,signal,2.703,3.5388415200,-9.4313815200,-0.005324,8.00,tb-ema_trend-BNBUSDT-1749787200-B,tb-ema_trend-BNBUSDT-1749816000-S
BTC/USDT,ema_trend,2025-06-13 12:00,105092.00,2025-06-13 20:00,105057.45,signal,0.01263,2.6562893900,-3.0926558900,-0.002330,8.00,tb-ema_trend-BTCUSDT-1749801600-B,tb-ema_trend-BTCUSDT-1749830400-S
ETH/USDT,ema_trend,2025-06-13 04:00,2515.58,2025-06-14 08:00,2536.23,signal,0.5946,3.0053155760,9.2731744240,0.006200,28.00,tb-ema_trend-ETHUSDT-1749772800-B,tb-ema_trend-ETHUSDT-1749873600-S
XRP/USDT,ema_trend,2025-06-17 04:00,2.2504,2025-06-17 15:59,2.1662,stop,952.8,4.210386880000,-84.436146880000,-0.039379,12.00,tb-ema_trend-XRPUSDT-1750118400-B,tb-ema_trend-XRPUSDT-1750161600-X
XRP/USDT,ema_trend,2025-06-25 20:00,2.2069,2025-06-26 15:59,2.1182,stop,721.6,3.122757680000,-67.128677680000,-0.042153,20.00,tb-ema_trend-XRPUSDT-1750867200-B,tb-ema_trend-XRPUSDT-1750939200-X
SOL/USDT,ema_trend,2025-06-29 08:00,150.41,2025-07-01 11:59,148.15,trailing,8.493,2.5370237700,-21.7312037700,-0.017012,52.00,tb-ema_trend-SOLUSDT-1751169600-B,tb-ema_trend-SOLUSDT-1751356800-T
BTC/USDT,ema_trend,2025-06-25 08:00,106653.30,2025-07-01 15:59,106214.56,trailing,0.01990,4.2382034760,-12.9691294760,-0.006111,152.00,tb-ema_trend-BTCUSDT-1750824000-B,tb-ema_trend-BTCUSDT-1751371200-T
BNB/USDT,ema_trend,2025-06-26 04:00,648.92,2025-07-01 15:59,647.25,trailing,1.840,2.3862506400,-5.4590506400,-0.004572,132.00,tb-ema_trend-BNBUSDT-1750896000-B,tb-ema_trend-BNBUSDT-1751371200-T
BNB/USDT,ema_trend,2025-07-02 12:00,657.44,2025-07-04 19:59,650.59,trailing,2.028,2.6546571600,-16.5464571600,-0.012410,56.00,tb-ema_trend-BNBUSDT-1751443200-B,tb-ema_trend-BNBUSDT-1751644800-T
XRP/USDT,ema_trend,2025-07-01 12:00,2.2033,2025-07-05 19:59,2.2003,trailing,577.3,2.543520260000,-4.275420260000,-0.003361,104.00,tb-ema_trend-XRPUSDT-1751356800-B,tb-ema_trend-XRPUSDT-1751731200-T
BTC/USDT,ema_trend,2025-07-02 00:00,105733.98,2025-07-06 11:59,107843.84,trailing,0.01681,3.5923578334,31.8743887666,0.017933,108.00,tb-ema_trend-BTCUSDT-1751400000-B,tb-ema_trend-BTCUSDT-1751788800-T
XRP/USDT,ema_trend,2025-07-07 16:00,2.3400,2025-07-07 23:59,2.2740,stop,754.8,3.484519200000,-53.301319200000,-0.030178,8.00,tb-ema_trend-XRPUSDT-1751889600-B,tb-ema_trend-XRPUSDT-1751918400-X
LINK/USDT,ema_trend,2025-07-09 08:00,14.148,2025-07-12 15:59,14.801,trailing,92.87,2.68990843000,57.95420157000,0.044108,80.00,tb-ema_trend-LINKUSDT-1752033600-B,tb-ema_trend-LINKUSDT-1752321600-T
XRP/USDT,ema_trend,2025-07-08 08:00,2.2765,2025-07-23 15:59,3.3521,trailing,770.1,4.336406060000,823.983153940000,0.470006,368.00,tb-ema_trend-XRPUSDT-1751947200-B,tb-ema_trend-XRPUSDT-1753272000-T
ADA/USDT,ema_trend,2025-07-12 16:00,0.6938,2025-07-23 15:59,0.8275,trailing,1857.2,2.826676580000,245.480963420000,0.190513,264.00,tb-ema_trend-ADAUSDT-1752321600-B,tb-ema_trend-ADAUSDT-1753272000-T
ETH/USDT,ema_trend,2025-07-04 20:00,2483.82,2025-07-23 19:59,3571.46,trailing,0.5353,3.2428816780,578.9708103220,0.435451,456.00,tb-ema_trend-ETHUSDT-1751644800-B,tb-ema_trend-ETHUSDT-1753286400-T
BNB/USDT,ema_trend,2025-07-24 04:00,779.83,2025-07-24 07:59,745.82,stop,2.987,4.5594560400,-106.1473260400,-0.045569,4.00,tb-ema_trend-BNBUSDT-1753315200-B,tb-ema_trend-BNBUSDT-1753329600-X
XRP/USDT,ema_trend,2025-07-24 04:00,3.1936,2025-07-24 07:59,2.9825,stop,469.4,2.900658140000,-101.990998140000,-0.068036,4.00,tb-ema_trend-XRPUSDT-1753315200-B,tb-ema_trend-XRPUSDT-1753329600-X
SOL/USDT,ema_trend,2025-07-24 04:00,189.95,2025-07-25 03:59,178.76,stop,9.053,3.3398311300,-104.6429011300,-0.060852,24.00,tb-ema_trend-SOLUSDT-1753315200-B,tb-ema_trend-SOLUSDT-1753401600-X
XRP/USDT,ema_trend,2025-07-25 04:00,3.0705,2025-07-25 08:00,3.0729,signal,419.9,2.581148910000,-1.573388910000,-0.001220,4.00,tb-ema_trend-XRPUSDT-1753401600-B,tb-ema_trend-XRPUSDT-1753416000-S
ADA/USDT,ema_trend,2025-07-24 08:00,0.7894,2025-07-29 00:00,0.7928,signal,1559.0,2.467912840000,2.832687160000,0.002302,112.00,tb-ema_trend-ADAUSDT-1753329600-B,tb-ema_trend-ADAUSDT-1753732800-S
SOL/USDT,ema_trend,2025-07-25 12:00,181.22,2025-07-29 03:59,181.10,trailing,8.274,2.9994666600,-3.9923466600,-0.002663,88.00,tb-ema_trend-SOLUSDT-1753430400-B,tb-ema_trend-SOLUSDT-1753747200-T
LINK/USDT,ema_trend,2025-07-24 08:00,17.739,2025-07-29 15:59,17.831,trailing,71.26,2.53613732000,4.01978268000,0.003180,128.00,tb-ema_trend-LINKUSDT-1753329600-B,tb-ema_trend-LINKUSDT-1753790400-T
BNB/USDT,ema_trend,2025-07-29 04:00,829.50,2025-07-30 03:59,797.67,stop,2.551,4.1533991700,-85.3517291700,-0.040335,24.00,tb-ema_trend-BNBUSDT-1753747200-B,tb-ema_trend-BNBUSDT-1753833600-X
